league,season,team,first_half_win_pct_seed_1,second_half_win_pct_seed_1,first_half_win_pct_seed_2,second_half_win_pct_seed_2,first_half_win_pct_seed_3,second_half_win_pct_seed_3,first_half_win_pct_seed_4,second_half_win_pct_seed_4,first_half_win_pct_seed_5,second_half_win_pct_seed_5,first_half_win_pct_seed_6,second_half_win_pct_seed_6,first_half_win_pct_seed_7,second_half_win_pct_seed_7,first_half_win_pct_seed_8,second_half_win_pct_seed_8,first_half_win_pct_seed_9,second_half_win_pct_seed_9,first_half_win_pct_seed_10,second_half_win_pct_seed_10,first_half_win_pct_avg,second_half_win_pct_avg
bundesliga,2004,BAY,0.6470588235294118,0.23529411764705882,0.4117647058823529,0.23529411764705882,0.47058823529411764,0.23529411764705882,0.5882352941176471,0.4117647058823529,0.47058823529411764,0.35294117647058826,0.47058823529411764,0.4117647058823529,0.4117647058823529,0.47058823529411764,0.47058823529411764,0.47058823529411764,0.29411764705882354,0.29411764705882354,0.5294117647058824,0.35294117647058826,0.4764705882352941,0.34705882352941175
bundesliga,2004,BIE,0.47058823529411764,0.47058823529411764,0.35294117647058826,0.47058823529411764,0.47058823529411764,0.4117647058823529,0.5882352941176471,0.29411764705882354,0.23529411764705882,0.23529411764705882,0.5882352941176471,0.5294117647058824,0.47058823529411764,0.23529411764705882,0.5294117647058824,0.17647058823529413,0.6470588235294118,0.29411764705882354,0.11764705882352941,0.35294117647058826,0.4470588235294118,0.34705882352941175
bundesliga,2004,BOC,0.23529411764705882,0.17647058823529413,0.4117647058823529,0.4117647058823529,0.5294117647058824,0.23529411764705882,0.35294117647058826,0.4117647058823529,0.5882352941176471,0.47058823529411764,0.4117647058823529,0.35294117647058826,0.5294117647058824,0.47058823529411764,0.23529411764705882,0.29411764705882354,0.23529411764705882,0.35294117647058826,0.4117647058823529,0.29411764705882354,0.3941176470588235,0.34705882352941175
bundesliga,2004,DOR,0.29411764705882354,0.47058823529411764,0.35294117647058826,0.4117647058823529,0.35294117647058826,0.4117647058823529,0.29411764705882354,0.4117647058823529,0.35294117647058826,0.47058823529411764,0.35294117647058826,0.17647058823529413,0.058823529411764705,0.5294117647058824,0.47058823529411764,0.7058823529411765,0.4117647058823529,0.23529411764705882,0.23529411764705882,0.35294117647058826,0.3176470588235294,0.41764705882352937
bundesliga,2004,FRE,0.35294117647058826,0.35294117647058826,0.23529411764705882,0.23529411764705882,0.4117647058823529,0.35294117647058826,0.35294117647058826,0.5294117647058824,0.47058823529411764,0.23529411764705882,0.35294117647058826,0.35294117647058826,0.35294117647058826,0.17647058823529413,0.35294117647058826,0.23529411764705882,0.5882352941176471,0.4117647058823529,0.23529411764705882,0.11764705882352941,0.37058823529411766,0.3
bundesliga,2004,HAM,0.4117647058823529,0.5294117647058824,0.29411764705882354,0.5294117647058824,0.47058823529411764,0.5294117647058824,0.058823529411764705,0.5294117647058824,0.23529411764705882,0.29411764705882354,0.17647058823529413,0.5294117647058824,0.11764705882352941,0.29411764705882354,0.29411764705882354,0.17647058823529413,0.29411764705882354,0.4117647058823529,0.47058823529411764,0.23529411764705882,0.2823529411764706,0.40588235294117647
bundesliga,2004,HAN,0.47058823529411764,0.29411764705882354,0.35294117647058826,0.4117647058823529,0.5882352941176471,0.058823529411764705,0.5882352941176471,0.47058823529411764,0.29411764705882354,0.47058823529411764,0.4117647058823529,0.23529411764705882,0.47058823529411764,0.47058823529411764,0.5882352941176471,0.5882352941176471,0.4117647058823529,0.5294117647058824,0.47058823529411764,0.4117647058823529,0.4647058823529412,0.3941176470588235
bundesliga,2004,HANR,0.47058823529411764,0.35294117647058826,0.29411764705882354,0.4117647058823529,0.29411764705882354,0.47058823529411764,0.35294117647058826,0.23529411764705882,0.5882352941176471,0.29411764705882354,0.17647058823529413,0.35294117647058826,0.35294117647058826,0.29411764705882354,0.47058823529411764,0.47058823529411764,0.35294117647058826,0.4117647058823529,0.5294117647058824,0.23529411764705882,0.38823529411764707,0.3529411764705882
bundesliga,2004,HERT,0.23529411764705882,0.4117647058823529,0.47058823529411764,0.35294117647058826,0.11764705882352941,0.17647058823529413,0.29411764705882354,0.35294117647058826,0.35294117647058826,0.4117647058823529,0.4117647058823529,0.47058823529411764,0.23529411764705882,0.4117647058823529,0.35294117647058826,0.23529411764705882,0.17647058823529413,0.4117647058823529,0.5294117647058824,0.47058823529411764,0.3176470588235294,0.3705882352941176
bundesliga,2004,KAI,0.47058823529411764,0.23529411764705882,0.29411764705882354,0.6470588235294118,0.4117647058823529,0.47058823529411764,0.4117647058823529,0.47058823529411764,0.5294117647058824,0.29411764705882354,0.47058823529411764,0.29411764705882354,0.47058823529411764,0.6470588235294118,0.5294117647058824,0.4117647058823529,0.35294117647058826,0.47058823529411764,0.11764705882352941,0.17647058823529413,0.40588235294117647,0.411764705882353
bundesliga,2004,LEVK,0.47058823529411764,0.6470588235294118,0.5294117647058824,0.17647058823529413,0.29411764705882354,0.5882352941176471,0.4117647058823529,0.29411764705882354,0.35294117647058826,0.29411764705882354,0.47058823529411764,0.4117647058823529,0.29411764705882354,0.47058823529411764,0.47058823529411764,0.17647058823529413,0.4117647058823529,0.29411764705882354,0.47058823529411764,0.5294117647058824,0.41764705882352937,0.38823529411764707
bundesliga,2004,M'G,0.23529411764705882,0.29411764705882354,0.47058823529411764,0.35294117647058826,0.35294117647058826,0.23529411764705882,0.29411764705882354,0.23529411764705882,0.5294117647058824,0.47058823529411764,0.47058823529411764,0.4117647058823529,0.4117647058823529,0.29411764705882354,0.5294117647058824,0.47058823529411764,0.5882352941176471,0.47058823529411764,0.35294117647058826,0.47058823529411764,0.4235294117647059,0.37058823529411766
bundesliga,2004,MAI,0.17647058823529413,0.11764705882352941,0.4117647058823529,0.4117647058823529,0.5882352941176471,0.29411764705882354,0.4117647058823529,0.5294117647058824,0.17647058823529413,0.23529411764705882,0.5294117647058824,0.4117647058823529,0.4117647058823529,0.47058823529411764,0.17647058823529413,0.4117647058823529,0.47058823529411764,0.23529411764705882,0.35294117647058826,0.5294117647058824,0.3705882352941177,0.36470588235294116
bundesliga,2004,NUR,0.4117647058823529,0.5294117647058824,0.4117647058823529,0.47058823529411764,0.35294117647058826,0.35294117647058826,0.23529411764705882,0.35294117647058826,0.35294117647058826,0.5294117647058824,0.29411764705882354,0.29411764705882354,0.4117647058823529,0.29411764705882354,0.47058823529411764,0.4117647058823529,0.29411764705882354,0.35294117647058826,0.4117647058823529,0.4117647058823529,0.3647058823529411,0.4
bundesliga,2004,SCH,0.47058823529411764,0.47058823529411764,0.35294117647058826,0.29411764705882354,0.47058823529411764,0.5882352941176471,0.23529411764705882,0.47058823529411764,0.4117647058823529,0.47058823529411764,0.17647058823529413,0.5294117647058824,0.29411764705882354,0.4117647058823529,0.29411764705882354,0.29411764705882354,0.23529411764705882,0.5294117647058824,0.35294117647058826,0.4117647058823529,0.3294117647058824,0.4470588235294118
bundesliga,2004,STU,0.47058823529411764,0.47058823529411764,0.5294117647058824,0.35294117647058826,0.29411764705882354,0.5294117647058824,0.17647058823529413,0.17647058823529413,0.17647058823529413,0.47058823529411764,0.23529411764705882,0.29411764705882354,0.4117647058823529,0.35294117647058826,0.47058823529411764,0.35294117647058826,0.5294117647058824,0.4117647058823529,0.4117647058823529,0.23529411764705882,0.3705882352941176,0.36470588235294116
bundesliga,2004,WERB,0.5294117647058824,0.4117647058823529,0.23529411764705882,0.5294117647058824,0.4117647058823529,0.29411764705882354,0.29411764705882354,0.23529411764705882,0.4117647058823529,0.35294117647058826,0.17647058823529413,0.47058823529411764,0.47058823529411764,0.35294117647058826,0.11764705882352941,0.4117647058823529,0.47058823529411764,0.47058823529411764,0.35294117647058826,0.4117647058823529,0.34705882352941175,0.3941176470588235
bundesliga,2004,WOB,0.35294117647058826,0.4117647058823529,0.4117647058823529,0.29411764705882354,0.4117647058823529,0.35294117647058826,0.47058823529411764,0.35294117647058826,0.29411764705882354,0.17647058823529413,0.29411764705882354,0.23529411764705882,0.29411764705882354,0.23529411764705882,0.35294117647058826,0.5294117647058824,0.47058823529411764,0.5294117647058824,0.5294117647058824,0.5294117647058824,0.38823529411764707,0.3647058823529411
bundesliga,2005,BAY,0.29411764705882354,0.4117647058823529,0.47058823529411764,0.47058823529411764,0.4117647058823529,0.47058823529411764,0.23529411764705882,0.35294117647058826,0.35294117647058826,0.4117647058823529,0.4117647058823529,0.5294117647058824,0.29411764705882354,0.35294117647058826,0.4117647058823529,0.29411764705882354,0.35294117647058826,0.4117647058823529,0.35294117647058826,0.47058823529411764,0.35882352941176465,0.41764705882352937
bundesliga,2005,BIE,0.29411764705882354,0.5294117647058824,0.4117647058823529,0.5294117647058824,0.17647058823529413,0.35294117647058826,0.47058823529411764,0.4117647058823529,0.23529411764705882,0.35294117647058826,0.35294117647058826,0.35294117647058826,0.35294117647058826,0.4117647058823529,0.47058823529411764,0.29411764705882354,0.5294117647058824,0.4117647058823529,0.4117647058823529,0.4117647058823529,0.3705882352941176,0.40588235294117647
bundesliga,2005,DOR,0.17647058823529413,0.35294117647058826,0.29411764705882354,0.35294117647058826,0.47058823529411764,0.4117647058823529,0.35294117647058826,0.29411764705882354,0.29411764705882354,0.47058823529411764,0.35294117647058826,0.5882352941176471,0.23529411764705882,0.47058823529411764,0.5882352941176471,0.23529411764705882,0.5294117647058824,0.17647058823529413,0.5294117647058824,0.29411764705882354,0.38235294117647056,0.3647058823529411
bundesliga,2005,DUI,0.5294117647058824,0.35294117647058826,0.23529411764705882,0.29411764705882354,0.47058823529411764,0.6470588235294118,0.29411764705882354,0.35294117647058826,0.29411764705882354,0.17647058823529413,0.4117647058823529,0.11764705882352941,0.35294117647058826,0.23529411764705882,0.4117647058823529,0.23529411764705882,0.5294117647058824,0.7058823529411765,0.4117647058823529,0.23529411764705882,0.3941176470588235,0.33529411764705885
bundesliga,2005,EINF,0.35294117647058826,0.29411764705882354,0.47058823529411764,0.29411764705882354,0.4117647058823529,0.4117647058823529,0.4117647058823529,0.5882352941176471,0.29411764705882354,0.17647058823529413,0.47058823529411764,0.47058823529411764,0.35294117647058826,0.29411764705882354,0.4117647058823529,0.17647058823529413,0.35294117647058826,0.5294117647058824,0.4117647058823529,0.35294117647058826,0.3941176470588235,0.3588235294117647
bundesliga,2005,HAM,0.47058823529411764,0.4117647058823529,0.29411764705882354,0.17647058823529413,0.5294117647058824,0.4117647058823529,0.4117647058823529,0.29411764705882354,0.23529411764705882,0.17647058823529413,0.29411764705882354,0.29411764705882354,0.35294117647058826,0.29411764705882354,0.4117647058823529,0.29411764705882354,0.35294117647058826,0.23529411764705882,0.23529411764705882,0.29411764705882354,0.3588235294117647,0.28823529411764703
bundesliga,2005,HAN,0.47058823529411764,0.4117647058823529,0.11764705882352941,0.4117647058823529,0.5882352941176471,0.4117647058823529,0.6470588235294118,0.5294117647058824,0.5294117647058824,0.29411764705882354,0.29411764705882354,0.4117647058823529,0.4117647058823529,0.23529411764705882,0.4117647058823529,0.35294117647058826,0.29411764705882354,0.17647058823529413,0.4117647058823529,0.35294117647058826,0.4176470588235294,0.35882352941176465
bundesliga,2005,HERT,0.17647058823529413,0.47058823529411764,0.35294117647058826,0.35294117647058826,0.29411764705882354,0.4117647058823529,0.29411764705882354,0.4117647058823529,0.5882352941176471,0.4117647058823529,0.4117647058823529,0.5294117647058824,0.4117647058823529,0.35294117647058826,0.23529411764705882,0.7058823529411765,0.17647058823529413,0.5882352941176471,0.4117647058823529,0.4117647058823529,0.3352941176470588,0.4647058823529412
bundesliga,2005,KAI,0.35294117647058826,0.23529411764705882,0.35294117647058826,0.4117647058823529,0.11764705882352941,0.29411764705882354,0.5294117647058824,0.17647058823529413,0.35294117647058826,0.5294117647058824,0.17647058823529413,0.5882352941176471,0.5294117647058824,0.23529411764705882,0.35294117647058826,0.47058823529411764,0.47058823529411764,0.4117647058823529,0.5294117647058824,0.6470588235294118,0.3764705882352941,0.4
bundesliga,2005,KOL,0.29411764705882354,0.29411764705882354,0.5294117647058824,0.23529411764705882,0.17647058823529413,0.47058823529411764,0.23529411764705882,0.4117647058823529,0.17647058823529413,0.29411764705882354,0.4117647058823529,0.35294117647058826,0.23529411764705882,0.23529411764705882,0.17647058823529413,0.29411764705882354,0.47058823529411764,0.4117647058823529,0.5882352941176471,0.5294117647058824,0.3294117647058824,0.3529411764705882
bundesliga,2005,LEVK,0.5294117647058824,0.29411764705882354,0.5882352941176471,0.4117647058823529,0.35294117647058826,0.4117647058823529,0.29411764705882354,0.11764705882352941,0.5294117647058824,0.4117647058823529,0.5294117647058824,0.29411764705882354,0.29411764705882354,0.29411764705882354,0.17647058823529413,0.4117647058823529,0.29411764705882354,0.4117647058823529,0.4117647058823529,0.47058823529411764,0.39999999999999997,0.3529411764705882
bundesliga,2005,M'G,0.47058823529411764,0.17647058823529413,0.4117647058823529,0.4117647058823529,0.23529411764705882,0.5882352941176471,0.35294117647058826,0.47058823529411764,0.4117647058823529,0.4117647058823529,0.4117647058823529,0.4117647058823529,0.29411764705882354,0.29411764705882354,0.17647058823529413,0.23529411764705882,0.29411764705882354,0.47058823529411764,0.11764705882352941,0.29411764705882354,0.3176470588235294,0.3764705882352941
bundesliga,2005,MAI,0.35294117647058826,0.5882352941176471,0.47058823529411764,0.4117647058823529,0.4117647058823529,0.47058823529411764,0.4117647058823529,0.4117647058823529,0.29411764705882354,0.47058823529411764,0.47058823529411764,0.23529411764705882,0.4117647058823529,0.4117647058823529,0.35294117647058826,0.47058823529411764,0.35294117647058826,0.4117647058823529,0.29411764705882354,0.35294117647058826,0.38235294117647056,0.4235294117647059
bundesliga,2005,NUR,0.5294117647058824,0.7058823529411765,0.35294117647058826,0.5294117647058824,0.35294117647058826,0.29411764705882354,0.35294117647058826,0.17647058823529413,0.23529411764705882,0.5294117647058824,0.5882352941176471,0.35294117647058826,0.35294117647058826,0.47058823529411764,0.47058823529411764,0.23529411764705882,0.11764705882352941,0.29411764705882354,0.5882352941176471,0.35294117647058826,0.3941176470588236,0.3941176470588235
bundesliga,2005,SCH,0.23529411764705882,0.47058823529411764,0.29411764705882354,0.35294117647058826,0.35294117647058826,0.4117647058823529,0.23529411764705882,0.35294117647058826,0.47058823529411764,0.5294117647058824,0.23529411764705882,0.35294117647058826,0.29411764705882354,0.47058823529411764,0.35294117647058826,0.4117647058823529,0.47058823529411764,0.5294117647058824,0.47058823529411764,0.47058823529411764,0.3411764705882353,0.4352941176470588
bundesliga,2005,STU,0.17647058823529413,0.4117647058823529,0.35294117647058826,0.4117647058823529,0.35294117647058826,0.4117647058823529,0.5882352941176471,0.4117647058823529,0.4117647058823529,0.47058823529411764,0.47058823529411764,0.29411764705882354,0.29411764705882354,0.5882352941176471,0.4117647058823529,0.35294117647058826,0.4117647058823529,0.29411764705882354,0.35294117647058826,0.4117647058823529,0.38235294117647056,0.40588235294117647
bundesliga,2005,WERB,0.4117647058823529,0.23529411764705882,0.5882352941176471,0.058823529411764705,0.5294117647058824,0.35294117647058826,0.29411764705882354,0.4117647058823529,0.29411764705882354,0.35294117647058826,0.35294117647058826,0.4117647058823529,0.5294117647058824,0.29411764705882354,0.29411764705882354,0.47058823529411764,0.4117647058823529,0.35294117647058826,0.47058823529411764,0.47058823529411764,0.41764705882352937,0.3411764705882353
bundesliga,2005,WOB,0.4117647058823529,0.47058823529411764,0.4117647058823529,0.6470588235294118,0.47058823529411764,0.23529411764705882,0.35294117647058826,0.29411764705882354,0.47058823529411764,0.29411764705882354,0.35294117647058826,0.35294117647058826,0.47058823529411764,0.5882352941176471,0.29411764705882354,0.058823529411764705,0.35294117647058826,0.23529411764705882,0.29411764705882354,0.35294117647058826,0.38823529411764707,0.35294117647058826
bundesliga,2006,AAC,0.47058823529411764,0.47058823529411764,0.47058823529411764,0.29411764705882354,0.5294117647058824,0.5294117647058824,0.35294117647058826,0.29411764705882354,0.4117647058823529,0.29411764705882354,0.29411764705882354,0.29411764705882354,0.23529411764705882,0.5882352941176471,0.23529411764705882,0.23529411764705882,0.29411764705882354,0.47058823529411764,0.4117647058823529,0.23529411764705882,0.3705882352941176,0.37058823529411766
bundesliga,2006,BAY,0.17647058823529413,0.11764705882352941,0.5294117647058824,0.4117647058823529,0.23529411764705882,0.4117647058823529,0.47058823529411764,0.47058823529411764,0.5294117647058824,0.47058823529411764,0.35294117647058826,0.4117647058823529,0.47058823529411764,0.47058823529411764,0.35294117647058826,0.4117647058823529,0.6470588235294118,0.47058823529411764,0.29411764705882354,0.4117647058823529,0.40588235294117647,0.40588235294117647
bundesliga,2006,BIE,0.6470588235294118,0.29411764705882354,0.29411764705882354,0.5294117647058824,0.35294117647058826,0.7058823529411765,0.29411764705882354,0.4117647058823529,0.17647058823529413,0.23529411764705882,0.4117647058823529,0.47058823529411764,0.35294117647058826,0.4117647058823529,0.35294117647058826,0.4117647058823529,0.29411764705882354,0.29411764705882354,0.29411764705882354,0.29411764705882354,0.34705882352941175,0.40588235294117647
bundesliga,2006,BOC,0.29411764705882354,0.29411764705882354,0.47058823529411764,0.23529411764705882,0.4117647058823529,0.29411764705882354,0.6470588235294118,0.29411764705882354,0.5294117647058824,0.4117647058823529,0.47058823529411764,0.29411764705882354,0.35294117647058826,0.4117647058823529,0.47058823529411764,0.47058823529411764,0.29411764705882354,0.29411764705882354,0.29411764705882354,0.5294117647058824,0.4235294117647059,0.3529411764705882
bundesliga,2006,COT,0.35294117647058826,0.4117647058823529,0.5294117647058824,0.4117647058823529,0.35294117647058826,0.23529411764705882,0.29411764705882354,0.29411764705882354,0.47058823529411764,0.5882352941176471,0.35294117647058826,0.29411764705882354,0.23529411764705882,0.35294117647058826,0.35294117647058826,0.29411764705882354,0.29411764705882354,0.4117647058823529,0.23529411764705882,0.35294117647058826,0.34705882352941175,0.36470588235294116
bundesliga,2006,DOR,0.17647058823529413,0.47058823529411764,0.5882352941176471,0.4117647058823529,0.47058823529411764,0.35294117647058826,0.47058823529411764,0.47058823529411764,0.11764705882352941,0.35294117647058826,0.29411764705882354,0.29411764705882354,0.47058823529411764,0.4117647058823529,0.47058823529411764,0.23529411764705882,0.4117647058823529,0.17647058823529413,0.35294117647058826,0.23529411764705882,0.3823529411764706,0.3411764705882353
bundesliga,2006,EINF,0.47058823529411764,0.29411764705882354,0.35294117647058826,0.5294117647058824,0.5294117647058824,0.17647058823529413,0.5294117647058824,0.4117647058823529,0.35294117647058826,0.47058823529411764,0.35294117647058826,0.4117647058823529,0.47058823529411764,0.29411764705882354,0.47058823529411764,0.4117647058823529,0.5882352941176471,0.35294117647058826,0.5294117647058824,0.29411764705882354,0.46470588235294114,0.36470588235294116
bundesliga,2006,HAM,0.4117647058823529,0.5882352941176471,0.35294117647058826,0.35294117647058826,0.29411764705882354,0.29411764705882354,0.29411764705882354,0.5294117647058824,0.23529411764705882,0.4117647058823529,0.47058823529411764,0.29411764705882354,0.5294117647058824,0.4117647058823529,0.35294117647058826,0.17647058823529413,0.29411764705882354,0.23529411764705882,0.5294117647058824,0.35294117647058826,0.3764705882352941,0.36470588235294116
bundesliga,2006,HAN,0.4117647058823529,0.29411764705882354,0.47058823529411764,0.29411764705882354,0.47058823529411764,0.5294117647058824,0.17647058823529413,0.35294117647058826,0.23529411764705882,0.4117647058823529,0.35294117647058826,0.29411764705882354,0.29411764705882354,0.23529411764705882,0.4117647058823529,0.35294117647058826,0.23529411764705882,0.5294117647058824,0.35294117647058826,0.5294117647058824,0.3411764705882353,0.38235294117647056
bundesliga,2006,HERT,0.29411764705882354,0.5294117647058824,0.29411764705882354,0.29411764705882354,0.4117647058823529,0.47058823529411764,0.23529411764705882,0.29411764705882354,0.4117647058823529,0.29411764705882354,0.4117647058823529,0.23529411764705882,0.35294117647058826,0.5294117647058824,0.17647058823529413,0.17647058823529413,0.17647058823529413,0.35294117647058826,0.4117647058823529,0.11764705882352941,0.3176470588235294,0.32941176470588235
bundesliga,2006,LEVK,0.4117647058823529,0.17647058823529413,0.4117647058823529,0.29411764705882354,0.35294117647058826,0.23529411764705882,0.29411764705882354,0.23529411764705882,0.35294117647058826,0.4117647058823529,0.29411764705882354,0.4117647058823529,0.35294117647058826,0.5882352941176471,0.11764705882352941,0.35294117647058826,0.47058823529411764,0.35294117647058826,0.4117647058823529,0.4117647058823529,0.34705882352941175,0.34705882352941175
bundesliga,2006,M'G,0.17647058823529413,0.23529411764705882,0.5294117647058824,0.29411764705882354,0.5294117647058824,0.29411764705882354,0.47058823529411764,0.4117647058823529,0.6470588235294118,0.5294117647058824,0.35294117647058826,0.17647058823529413,0.5294117647058824,0.4117647058823529,0.4117647058823529,0.6470588235294118,0.5294117647058824,0.5294117647058824,0.47058823529411764,0.17647058823529413,0.4647058823529412,0.3705882352941176
bundesliga,2006,MAI,0.4117647058823529,0.6470588235294118,0.4117647058823529,0.23529411764705882,0.23529411764705882,0.29411764705882354,0.5882352941176471,0.47058823529411764,0.35294117647058826,0.23529411764705882,0.29411764705882354,0.29411764705882354,0.23529411764705882,0.4117647058823529,0.23529411764705882,0.23529411764705882,0.4117647058823529,0.35294117647058826,0.11764705882352941,0.47058823529411764,0.32941176470588235,0.36470588235294116
bundesliga,2006,NUR,0.17647058823529413,0.29411764705882354,0.35294117647058826,0.23529411764705882,0.35294117647058826,0.35294117647058826,0.47058823529411764,0.4117647058823529,0.23529411764705882,0.7647058823529411,0.35294117647058826,0.4117647058823529,0.29411764705882354,0.4117647058823529,0.35294117647058826,0.5882352941176471,0.4117647058823529,0.29411764705882354,0.17647058823529413,0.4117647058823529,0.3176470588235294,0.41764705882352937
bundesliga,2006,SCH,0.29411764705882354,0.35294117647058826,0.4117647058823529,0.7058823529411765,0.29411764705882354,0.35294117647058826,0.47058823529411764,0.4117647058823529,0.7058823529411765,0.17647058823529413,0.23529411764705882,0.35294117647058826,0.29411764705882354,0.5294117647058824,0.4117647058823529,0.29411764705882354,0.23529411764705882,0.4117647058823529,0.4117647058823529,0.35294117647058826,0.37647058823529406,0.3941176470588236
bundesliga,2006,STU,0.5294117647058824,0.23529411764705882,0.058823529411764705,0.29411764705882354,0.47058823529411764,0.35294117647058826,0.29411764705882354,0.47058823529411764,0.29411764705882354,0.5294117647058824,0.35294117647058826,0.29411764705882354,0.23529411764705882,0.29411764705882354,0.47058823529411764,0.35294117647058826,0.4117647058823529,0.47058823529411764,0.29411764705882354,0.35294117647058826,0.3411764705882353,0.3647058823529412
bundesliga,2006,WERB,0.29411764705882354,0.47058823529411764,0.11764705882352941,0.23529411764705882,0.5882352941176471,0.23529411764705882,0.4117647058823529,0.29411764705882354,0.35294117647058826,0.4117647058823529,0.29411764705882354,0.5882352941176471,0.35294117647058826,0.058823529411764705,0.29411764705882354,0.47058823529411764,0.35294117647058826,0.23529411764705882,0.35294117647058826,0.29411764705882354,0.3411764705882353,0.32941176470588235
bundesliga,2006,WOB,0.47058823529411764,0.4117647058823529,0.5882352941176471,0.5294117647058824,0.23529411764705882,0.35294117647058826,0.29411764705882354,0.23529411764705882,0.35294117647058826,0.23529411764705882,0.4117647058823529,0.29411764705882354,0.29411764705882354,0.47058823529411764,0.6470588235294118,0.29411764705882354,0.4117647058823529,0.35294117647058826,0.35294117647058826,0.47058823529411764,0.40588235294117647,0.36470588235294116
bundesliga,2007,BAY,0.35294117647058826,0.29411764705882354,0.23529411764705882,0.35294117647058826,0.35294117647058826,0.23529411764705882,0.23529411764705882,0.47058823529411764,0.11764705882352941,0.35294117647058826,0.6470588235294118,0.47058823529411764,0.47058823529411764,0.7058823529411765,0.35294117647058826,0.29411764705882354,0.35294117647058826,0.47058823529411764,0.23529411764705882,0.35294117647058826,0.33529411764705885,0.4
bundesliga,2007,BIE,0.6470588235294118,0.29411764705882354,0.23529411764705882,0.29411764705882354,0.35294117647058826,0.47058823529411764,0.35294117647058826,0.35294117647058826,0.29411764705882354,0.35294117647058826,0.29411764705882354,0.4117647058823529,0.4117647058823529,0.47058823529411764,0.4117647058823529,0.35294117647058826,0.4117647058823529,0.4117647058823529,0.47058823529411764,0.35294117647058826,0.38823529411764707,0.3764705882352941
bundesliga,2007,BOC,0.35294117647058826,0.23529411764705882,0.29411764705882354,0.35294117647058826,0.4117647058823529,0.35294117647058826,0.47058823529411764,0.4117647058823529,0.5294117647058824,0.29411764705882354,0.5294117647058824,0.47058823529411764,0.29411764705882354,0.29411764705882354,0.4117647058823529,0.23529411764705882,0.47058823529411764,0.5294117647058824,0.4117647058823529,0.29411764705882354,0.4176470588235294,0.34705882352941175
bundesliga,2007,COT,0.4117647058823529,0.47058823529411764,0.35294117647058826,0.5294117647058824,0.35294117647058826,0.29411764705882354,0.11764705882352941,0.17647058823529413,0.23529411764705882,0.5294117647058824,0.35294117647058826,0.4117647058823529,0.5294117647058824,0.29411764705882354,0.4117647058823529,0.4117647058823529,0.5294117647058824,0.47058823529411764,0.5294117647058824,0.4117647058823529,0.38235294117647056,0.4
bundesliga,2007,DOR,0.47058823529411764,0.47058823529411764,0.47058823529411764,0.5294117647058824,0.23529411764705882,0.29411764705882354,0.35294117647058826,0.35294117647058826,0.47058823529411764,0.4117647058823529,0.29411764705882354,0.4117647058823529,0.4117647058823529,0.29411764705882354,0.5294117647058824,0.4117647058823529,0.4117647058823529,0.47058823529411764,0.29411764705882354,0.29411764705882354,0.3941176470588235,0.3941176470588235
bundesliga,2007,DUI,0.35294117647058826,0.35294117647058826,0.5294117647058824,0.4117647058823529,0.23529411764705882,0.35294117647058826,0.29411764705882354,0.29411764705882354,0.29411764705882354,0.35294117647058826,0.29411764705882354,0.4117647058823529,0.35294117647058826,0.4117647058823529,0.4117647058823529,0.35294117647058826,0.35294117647058826,0.35294117647058826,0.35294117647058826,0.47058823529411764,0.34705882352941175,0.3764705882352941
bundesliga,2007,EINF,0.35294117647058826,0.4117647058823529,0.29411764705882354,0.23529411764705882,0.23529411764705882,0.5294117647058824,0.23529411764705882,0.4117647058823529,0.23529411764705882,0.35294117647058826,0.4117647058823529,0.47058823529411764,0.29411764705882354,0.35294117647058826,0.23529411764705882,0.7058823529411765,0.47058823529411764,0.4117647058823529,0.35294117647058826,0.35294117647058826,0.31176470588235294,0.4235294117647059
bundesliga,2007,HAM,0.35294117647058826,0.29411764705882354,0.4117647058823529,0.4117647058823529,0.29411764705882354,0.47058823529411764,0.4117647058823529,0.4117647058823529,0.35294117647058826,0.4117647058823529,0.47058823529411764,0.23529411764705882,0.29411764705882354,0.6470588235294118,0.4117647058823529,0.23529411764705882,0.29411764705882354,0.7058823529411765,0.23529411764705882,0.47058823529411764,0.3529411764705882,0.4294117647058823
bundesliga,2007,HAN,0.4117647058823529,0.17647058823529413,0.29411764705882354,0.4117647058823529,0.11764705882352941,0.35294117647058826,0.4117647058823529,0.47058823529411764,0.35294117647058826,0.17647058823529413,0.4117647058823529,0.29411764705882354,0.29411764705882354,0.35294117647058826,0.4117647058823529,0.35294117647058826,0.5294117647058824,0.29411764705882354,0.29411764705882354,0.35294117647058826,0.3529411764705882,0.32352941176470584
bundesliga,2007,HANR,0.4117647058823529,0.47058823529411764,0.29411764705882354,0.29411764705882354,0.29411764705882354,0.4117647058823529,0.29411764705882354,0.47058823529411764,0.5294117647058824,0.29411764705882354,0.35294117647058826,0.17647058823529413,0.35294117647058826,0.35294117647058826,0.47058823529411764,0.23529411764705882,0.5882352941176471,0.17647058823529413,0.35294117647058826,0.35294117647058826,0.3941176470588236,0.3235294117647059
bundesliga,2007,HERT,0.47058823529411764,0.23529411764705882,0.47058823529411764,0.29411764705882354,0.5882352941176471,0.35294117647058826,0.23529411764705882,0.5294117647058824,0.4117647058823529,0.47058823529411764,0.23529411764705882,0.47058823529411764,0.29411764705882354,0.4117647058823529,0.35294117647058826,0.11764705882352941,0.5294117647058824,0.29411764705882354,0.35294117647058826,0.29411764705882354,0.3941176470588235,0.34705882352941175
bundesliga,2007,KAR,0.35294117647058826,0.47058823529411764,0.4117647058823529,0.47058823529411764,0.29411764705882354,0.47058823529411764,0.23529411764705882,0.47058823529411764,0.35294117647058826,0.35294117647058826,0.35294117647058826,0.29411764705882354,0.23529411764705882,0.35294117647058826,0.35294117647058826,0.23529411764705882,0.29411764705882354,0.17647058823529413,0.4117647058823529,0.5294117647058824,0.3294117647058823,0.38235294117647056
bundesliga,2007,LEVK,0.5294117647058824,0.35294117647058826,0.5294117647058824,0.29411764705882354,0.35294117647058826,0.35294117647058826,0.47058823529411764,0.29411764705882354,0.35294117647058826,0.29411764705882354,0.23529411764705882,0.4117647058823529,0.35294117647058826,0.4117647058823529,0.35294117647058826,0.35294117647058826,0.5294117647058824,0.35294117647058826,0.47058823529411764,0.4117647058823529,0.4176470588235294,0.3529411764705882
bundesliga,2007,NUR,0.35294117647058826,0.4117647058823529,0.47058823529411764,0.47058823529411764,0.35294117647058826,0.4117647058823529,0.35294117647058826,0.4117647058823529,0.29411764705882354,0.11764705882352941,0.29411764705882354,0.35294117647058826,0.5882352941176471,0.35294117647058826,0.4117647058823529,0.29411764705882354,0.35294117647058826,0.5294117647058824,0.29411764705882354,0.29411764705882354,0.3764705882352941,0.3647058823529411
bundesliga,2007,SCH,0.47058823529411764,0.11764705882352941,0.4117647058823529,0.29411764705882354,0.4117647058823529,0.29411764705882354,0.29411764705882354,0.29411764705882354,0.35294117647058826,0.4117647058823529,0.23529411764705882,0.6470588235294118,0.4117647058823529,0.5882352941176471,0.4117647058823529,0.4117647058823529,0.23529411764705882,0.5294117647058824,0.35294117647058826,0.35294117647058826,0.3588235294117647,0.3941176470588235
bundesliga,2007,STU,0.17647058823529413,0.29411764705882354,0.29411764705882354,0.4117647058823529,0.29411764705882354,0.47058823529411764,0.5882352941176471,0.47058823529411764,0.4117647058823529,0.35294117647058826,0.6470588235294118,0.4117647058823529,0.47058823529411764,0.35294117647058826,0.4117647058823529,0.47058823529411764,0.35294117647058826,0.23529411764705882,0.5294117647058824,0.4117647058823529,0.4176470588235294,0.38823529411764707
bundesliga,2007,WERB,0.23529411764705882,0.29411764705882354,0.4117647058823529,0.4117647058823529,0.4117647058823529,0.5294117647058824,0.4117647058823529,0.35294117647058826,0.23529411764705882,0.35294117647058826,0.35294117647058826,0.29411764705882354,0.35294117647058826,0.23529411764705882,0.5294117647058824,0.5294117647058824,0.23529411764705882,0.29411764705882354,0.17647058823529413,0.35294117647058826,0.33529411764705885,0.36470588235294116
bundesliga,2007,WOB,0.29411764705882354,0.47058823529411764,0.5294117647058824,0.5294117647058824,0.47058823529411764,0.35294117647058826,0.29411764705882354,0.35294117647058826,0.35294117647058826,0.29411764705882354,0.29411764705882354,0.35294117647058826,0.35294117647058826,0.35294117647058826,0.47058823529411764,0.23529411764705882,0.17647058823529413,0.5882352941176471,0.35294117647058826,0.35294117647058826,0.35882352941176465,0.3882352941176471
bundesliga,2008,BAY,0.29411764705882354,0.23529411764705882,0.4117647058823529,0.4117647058823529,0.35294117647058826,0.4117647058823529,0.47058823529411764,0.4117647058823529,0.5294117647058824,0.35294117647058826,0.29411764705882354,0.4117647058823529,0.47058823529411764,0.5294117647058824,0.35294117647058826,0.35294117647058826,0.6470588235294118,0.4117647058823529,0.29411764705882354,0.5294117647058824,0.4117647058823529,0.40588235294117647
bundesliga,2008,BIE,0.17647058823529413,0.35294117647058826,0.4117647058823529,0.23529411764705882,0.29411764705882354,0.4117647058823529,0.29411764705882354,0.29411764705882354,0.35294117647058826,0.4117647058823529,0.47058823529411764,0.47058823529411764,0.47058823529411764,0.35294117647058826,0.29411764705882354,0.29411764705882354,0.29411764705882354,0.5882352941176471,0.35294117647058826,0.4117647058823529,0.3411764705882353,0.38235294117647056
bundesliga,2008,BOC,0.35294117647058826,0.29411764705882354,0.47058823529411764,0.29411764705882354,0.35294117647058826,0.4117647058823529,0.23529411764705882,0.23529411764705882,0.47058823529411764,0.4117647058823529,0.47058823529411764,0.23529411764705882,0.23529411764705882,0.29411764705882354,0.5294117647058824,0.47058823529411764,0.35294117647058826,0.4117647058823529,0.23529411764705882,0.47058823529411764,0.3705882352941176,0.3529411764705882
bundesliga,2008,COT,0.4117647058823529,0.4117647058823529,0.35294117647058826,0.29411764705882354,0.23529411764705882,0.29411764705882354,0.4117647058823529,0.47058823529411764,0.7058823529411765,0.4117647058823529,0.5294117647058824,0.47058823529411764,0.4117647058823529,0.17647058823529413,0.29411764705882354,0.23529411764705882,0.29411764705882354,0.4117647058823529,0.47058823529411764,0.5294117647058824,0.4117647058823529,0.3705882352941176
bundesliga,2008,DOR,0.47058823529411764,0.29411764705882354,0.5882352941176471,0.17647058823529413,0.5294117647058824,0.4117647058823529,0.4117647058823529,0.29411764705882354,0.29411764705882354,0.23529411764705882,0.23529411764705882,0.23529411764705882,0.47058823529411764,0.29411764705882354,0.47058823529411764,0.23529411764705882,0.4117647058823529,0.4117647058823529,0.5294117647058824,0.23529411764705882,0.44117647058823534,0.2823529411764706
bundesliga,2008,EINF,0.4117647058823529,0.29411764705882354,0.4117647058823529,0.5882352941176471,0.5882352941176471,0.11764705882352941,0.11764705882352941,0.5294117647058824,0.47058823529411764,0.17647058823529413,0.4117647058823529,0.5882352941176471,0.4117647058823529,0.47058823529411764,0.29411764705882354,0.35294117647058826,0.23529411764705882,0.29411764705882354,0.4117647058823529,0.29411764705882354,0.37647058823529406,0.3705882352941176
bundesliga,2008,HAM,0.35294117647058826,0.29411764705882354,0.35294117647058826,0.4117647058823529,0.35294117647058826,0.4117647058823529,0.5882352941176471,0.4117647058823529,0.23529411764705882,0.47058823529411764,0.47058823529411764,0.47058823529411764,0.35294117647058826,0.29411764705882354,0.4117647058823529,0.29411764705882354,0.5294117647058824,0.23529411764705882,0.4117647058823529,0.23529411764705882,0.40588235294117647,0.3529411764705882
bundesliga,2008,HAN,0.47058823529411764,0.29411764705882354,0.4117647058823529,0.4117647058823529,0.23529411764705882,0.6470588235294118,0.23529411764705882,0.5294117647058824,0.47058823529411764,0.23529411764705882,0.17647058823529413,0.23529411764705882,0.5882352941176471,0.29411764705882354,0.47058823529411764,0.4117647058823529,0.35294117647058826,0.4117647058823529,0.35294117647058826,0.23529411764705882,0.37647058823529417,0.3705882352941176
bundesliga,2008,HERT,0.35294117647058826,0.47058823529411764,0.4117647058823529,0.35294117647058826,0.29411764705882354,0.23529411764705882,0.11764705882352941,0.35294117647058826,0.4117647058823529,0.35294117647058826,0.4117647058823529,0.35294117647058826,0.29411764705882354,0.4117647058823529,0.4117647058823529,0.5294117647058824,0.5882352941176471,0.11764705882352941,0.47058823529411764,0.11764705882352941,0.3764705882352941,0.32941176470588235
bundesliga,2008,HOF,0.4117647058823529,0.5294117647058824,0.35294117647058826,0.4117647058823529,0.29411764705882354,0.35294117647058826,0.5294117647058824,0.4117647058823529,0.4117647058823529,0.29411764705882354,0.23529411764705882,0.4117647058823529,0.17647058823529413,0.5882352941176471,0.35294117647058826,0.23529411764705882,0.35294117647058826,0.5882352941176471,0.23529411764705882,0.29411764705882354,0.33529411764705885,0.411764705882353
bundesliga,2008,KAR,0.4117647058823529,0.35294117647058826,0.35294117647058826,0.35294117647058826,0.23529411764705882,0.4117647058823529,0.4117647058823529,0.6470588235294118,0.35294117647058826,0.5294117647058824,0.4117647058823529,0.5294117647058824,0.35294117647058826,0.47058823529411764,0.35294117647058826,0.47058823529411764,0.29411764705882354,0.17647058823529413,0.23529411764705882,0.23529411764705882,0.3411764705882353,0.41764705882352937
bundesliga,2008,KOL,0.47058823529411764,0.23529411764705882,0.17647058823529413,0.35294117647058826,0.29411764705882354,0.29411764705882354,0.17647058823529413,0.4117647058823529,0.35294117647058826,0.4117647058823529,0.5294117647058824,0.17647058823529413,0.47058823529411764,0.11764705882352941,0.4117647058823529,0.23529411764705882,0.5294117647058824,0.35294117647058826,0.23529411764705882,0.29411764705882354,0.36470588235294116,0.28823529411764703
bundesliga,2008,LEVK,0.47058823529411764,0.23529411764705882,0.35294117647058826,0.35294117647058826,0.47058823529411764,0.29411764705882354,0.4117647058823529,0.17647058823529413,0.35294117647058826,0.4117647058823529,0.5294117647058824,0.35294117647058826,0.4117647058823529,0.17647058823529413,0.47058823529411764,0.47058823529411764,0.35294117647058826,0.5882352941176471,0.4117647058823529,0.23529411764705882,0.4235294117647059,0.3294117647058824
bundesliga,2008,M'G,0.29411764705882354,0.35294117647058826,0.47058823529411764,0.23529411764705882,0.35294117647058826,0.29411764705882354,0.5882352941176471,0.17647058823529413,0.23529411764705882,0.5882352941176471,0.47058823529411764,0.35294117647058826,0.7058823529411765,0.35294117647058826,0.29411764705882354,0.35294117647058826,0.35294117647058826,0.4117647058823529,0.29411764705882354,0.5294117647058824,0.40588235294117647,0.36470588235294116
bundesliga,2008,SCH,0.47058823529411764,0.4117647058823529,0.29411764705882354,0.5882352941176471,0.29411764705882354,0.17647058823529413,0.4117647058823529,0.5294117647058824,0.23529411764705882,0.6470588235294118,0.35294117647058826,0.35294117647058826,0.29411764705882354,0.35294117647058826,0.23529411764705882,0.4117647058823529,0.4117647058823529,0.23529411764705882,0.4117647058823529,0.47058823529411764,0.34117647058823525,0.4176470588235294
bundesliga,2008,STU,0.4117647058823529,0.47058823529411764,0.29411764705882354,0.29411764705882354,0.29411764705882354,0.4117647058823529,0.47058823529411764,0.47058823529411764,0.35294117647058826,0.23529411764705882,0.35294117647058826,0.6470588235294118,0.17647058823529413,0.5294117647058824,0.23529411764705882,0.17647058823529413,0.47058823529411764,0.47058823529411764,0.23529411764705882,0.35294117647058826,0.32941176470588235,0.40588235294117647
bundesliga,2008,WERB,0.4117647058823529,0.7647058823529411,0.23529411764705882,0.23529411764705882,0.5882352941176471,0.47058823529411764,0.23529411764705882,0.23529411764705882,0.5294117647058824,0.29411764705882354,0.35294117647058826,0.35294117647058826,0.5294117647058824,0.35294117647058826,0.47058823529411764,0.29411764705882354,0.47058823529411764,0.17647058823529413,0.47058823529411764,0.6470588235294118,0.4294117647058823,0.38235294117647056
bundesliga,2008,WOB,0.29411764705882354,0.35294117647058826,0.35294117647058826,0.5294117647058824,0.4117647058823529,0.47058823529411764,0.29411764705882354,0.47058823529411764,0.4117647058823529,0.29411764705882354,0.35294117647058826,0.4117647058823529,0.35294117647058826,0.5294117647058824,0.5882352941176471,0.17647058823529413,0.35294117647058826,0.4117647058823529,0.47058823529411764,0.29411764705882354,0.38823529411764707,0.3941176470588235
bundesliga,2009,BAY,0.29411764705882354,0.35294117647058826,0.35294117647058826,0.5294117647058824,0.23529411764705882,0.4117647058823529,0.47058823529411764,0.4117647058823529,0.35294117647058826,0.17647058823529413,0.5294117647058824,0.4117647058823529,0.4117647058823529,0.5882352941176471,0.23529411764705882,0.23529411764705882,0.4117647058823529,0.4117647058823529,0.17647058823529413,0.47058823529411764,0.34705882352941175,0.39999999999999997
bundesliga,2009,BOC,0.4117647058823529,0.5294117647058824,0.5294117647058824,0.35294117647058826,0.29411764705882354,0.23529411764705882,0.23529411764705882,0.47058823529411764,0.35294117647058826,0.5294117647058824,0.29411764705882354,0.4117647058823529,0.47058823529411764,0.35294117647058826,0.29411764705882354,0.4117647058823529,0.23529411764705882,0.4117647058823529,0.6470588235294118,0.23529411764705882,0.3764705882352941,0.3941176470588235
bundesliga,2009,DOR,0.17647058823529413,0.47058823529411764,0.47058823529411764,0.29411764705882354,0.29411764705882354,0.5882352941176471,0.47058823529411764,0.23529411764705882,0.47058823529411764,0.47058823529411764,0.4117647058823529,0.17647058823529413,0.4117647058823529,0.35294117647058826,0.35294117647058826,0.35294117647058826,0.47058823529411764,0.5882352941176471,0.4117647058823529,0.4117647058823529,0.3941176470588235,0.3941176470588236
bundesliga,2009,EINF,0.35294117647058826,0.5294117647058824,0.29411764705882354,0.23529411764705882,0.23529411764705882,0.29411764705882354,0.29411764705882354,0.29411764705882354,0.47058823529411764,0.35294117647058826,0.7058823529411765,0.35294117647058826,0.6470588235294118,0.23529411764705882,0.23529411764705882,0.5882352941176471,0.4117647058823529,0.47058823529411764,0.5294117647058824,0.5882352941176471,0.4176470588235294,0.3941176470588236
bundesliga,2009,FRE,0.47058823529411764,0.35294117647058826,0.4117647058823529,0.4117647058823529,0.6470588235294118,0.47058823529411764,0.35294117647058826,0.23529411764705882,0.29411764705882354,0.29411764705882354,0.29411764705882354,0.35294117647058826,0.5294117647058824,0.4117647058823529,0.35294117647058826,0.4117647058823529,0.29411764705882354,0.35294117647058826,0.5294117647058824,0.35294117647058826,0.4176470588235294,0.3647058823529412
bundesliga,2009,HAM,0.5882352941176471,0.35294117647058826,0.35294117647058826,0.17647058823529413,0.4117647058823529,0.29411764705882354,0.5882352941176471,0.47058823529411764,0.35294117647058826,0.058823529411764705,0.47058823529411764,0.47058823529411764,0.4117647058823529,0.47058823529411764,0.35294117647058826,0.23529411764705882,0.29411764705882354,0.4117647058823529,0.35294117647058826,0.35294117647058826,0.41764705882352937,0.32941176470588235
bundesliga,2009,HAN,0.47058823529411764,0.35294117647058826,0.5294117647058824,0.5882352941176471,0.35294117647058826,0.29411764705882354,0.5294117647058824,0.5882352941176471,0.35294117647058826,0.35294117647058826,0.29411764705882354,0.35294117647058826,0.17647058823529413,0.35294117647058826,0.5294117647058824,0.29411764705882354,0.23529411764705882,0.29411764705882354,0.5294117647058824,0.17647058823529413,0.4,0.36470588235294116
bundesliga,2009,HERT,0.35294117647058826,0.4117647058823529,0.5882352941176471,0.47058823529411764,0.23529411764705882,0.5294117647058824,0.47058823529411764,0.35294117647058826,0.4117647058823529,0.35294117647058826,0.35294117647058826,0.4117647058823529,0.17647058823529413,0.5294117647058824,0.47058823529411764,0.5882352941176471,0.4117647058823529,0.5294117647058824,0.47058823529411764,0.47058823529411764,0.3941176470588235,0.4647058823529412
bundesliga,2009,HOF,0.11764705882352941,0.5294117647058824,0.29411764705882354,0.47058823529411764,0.4117647058823529,0.47058823529411764,0.4117647058823529,0.29411764705882354,0.35294117647058826,0.47058823529411764,0.17647058823529413,0.5882352941176471,0.47058823529411764,0.29411764705882354,0.4117647058823529,0.23529411764705882,0.17647058823529413,0.35294117647058826,0.4117647058823529,0.4117647058823529,0.32352941176470584,0.411764705882353
bundesliga,2009,KOL,0.5882352941176471,0.5294117647058824,0.5294117647058824,0.47058823529411764,0.5882352941176471,0.35294117647058826,0.4117647058823529,0.5294117647058824,0.35294117647058826,0.47058823529411764,0.29411764705882354,0.29411764705882354,0.35294117647058826,0.35294117647058826,0.47058823529411764,0.4117647058823529,0.47058823529411764,0.058823529411764705,0.29411764705882354,0.4117647058823529,0.4352941176470588,0.388235294117647
bundesliga,2009,LEVK,0.29411764705882354,0.35294117647058826,0.35294117647058826,0.35294117647058826,0.35294117647058826,0.47058823529411764,0.35294117647058826,0.35294117647058826,0.23529411764705882,0.29411764705882354,0.29411764705882354,0.35294117647058826,0.35294117647058826,0.5882352941176471,0.4117647058823529,0.5882352941176471,0.35294117647058826,0.4117647058823529,0.4117647058823529,0.17647058823529413,0.3411764705882353,0.3941176470588235
bundesliga,2009,M'G,0.29411764705882354,0.29411764705882354,0.29411764705882354,0.5882352941176471,0.17647058823529413,0.4117647058823529,0.4117647058823529,0.35294117647058826,0.47058823529411764,0.6470588235294118,0.5294117647058824,0.5882352941176471,0.5882352941176471,0.4117647058823529,0.35294117647058826,0.35294117647058826,0.4117647058823529,0.47058823529411764,0.29411764705882354,0.47058823529411764,0.38235294117647056,0.4588235294117647
bundesliga,2009,MAI,0.47058823529411764,0.0,0.23529411764705882,0.29411764705882354,0.17647058823529413,0.47058823529411764,0.5294117647058824,0.47058823529411764,0.23529411764705882,0.47058823529411764,0.35294117647058826,0.4117647058823529,0.5294117647058824,0.4117647058823529,0.29411764705882354,0.29411764705882354,0.5882352941176471,0.17647058823529413,0.4117647058823529,0.47058823529411764,0.38235294117647056,0.34705882352941175
bundesliga,2009,NUR,0.4117647058823529,0.29411764705882354,0.35294117647058826,0.29411764705882354,0.4117647058823529,0.17647058823529413,0.35294117647058826,0.23529411764705882,0.29411764705882354,0.4117647058823529,0.23529411764705882,0.5294117647058824,0.29411764705882354,0.47058823529411764,0.35294117647058826,0.35294117647058826,0.35294117647058826,0.29411764705882354,0.5294117647058824,0.35294117647058826,0.3588235294117647,0.3411764705882353
bundesliga,2009,SCH,0.4117647058823529,0.5882352941176471,0.4117647058823529,0.17647058823529413,0.4117647058823529,0.29411764705882354,0.29411764705882354,0.5294117647058824,0.4117647058823529,0.29411764705882354,0.35294117647058826,0.4117647058823529,0.47058823529411764,0.29411764705882354,0.5294117647058824,0.35294117647058826,0.5294117647058824,0.35294117647058826,0.35294117647058826,0.29411764705882354,0.41764705882352937,0.3588235294117647
bundesliga,2009,STU,0.47058823529411764,0.4117647058823529,0.4117647058823529,0.4117647058823529,0.6470588235294118,0.47058823529411764,0.35294117647058826,0.23529411764705882,0.47058823529411764,0.23529411764705882,0.5882352941176471,0.5294117647058824,0.5294117647058824,0.35294117647058826,0.23529411764705882,0.4117647058823529,0.5294117647058824,0.29411764705882354,0.29411764705882354,0.35294117647058826,0.45294117647058824,0.3705882352941176
bundesliga,2009,WERB,0.5294117647058824,0.17647058823529413,0.35294117647058826,0.35294117647058826,0.47058823529411764,0.29411764705882354,0.29411764705882354,0.4117647058823529,0.4117647058823529,0.23529411764705882,0.4117647058823529,0.29411764705882354,0.29411764705882354,0.47058823529411764,0.35294117647058826,0.29411764705882354,0.35294117647058826,0.4117647058823529,0.29411764705882354,0.7058823529411765,0.3764705882352941,0.36470588235294116
bundesliga,2009,WOB,0.4117647058823529,0.17647058823529413,0.17647058823529413,0.47058823529411764,0.47058823529411764,0.29411764705882354,0.47058823529411764,0.11764705882352941,0.35294117647058826,0.4117647058823529,0.11764705882352941,0.5294117647058824,0.29411764705882354,0.5294117647058824,0.4117647058823529,0.5294117647058824,0.29411764705882354,0.23529411764705882,0.35294117647058826,0.29411764705882354,0.3352941176470588,0.35882352941176465
bundesliga,2010,BAY,0.5882352941176471,0.47058823529411764,0.47058823529411764,0.29411764705882354,0.29411764705882354,0.35294117647058826,0.47058823529411764,0.35294117647058826,0.35294117647058826,0.29411764705882354,0.29411764705882354,0.4117647058823529,0.4117647058823529,0.23529411764705882,0.29411764705882354,0.5882352941176471,0.6470588235294118,0.47058823529411764,0.4117647058823529,0.4117647058823529,0.4235294117647059,0.38823529411764707
bundesliga,2010,DOR,0.29411764705882354,0.35294117647058826,0.29411764705882354,0.29411764705882354,0.47058823529411764,0.47058823529411764,0.11764705882352941,0.29411764705882354,0.47058823529411764,0.47058823529411764,0.47058823529411764,0.29411764705882354,0.29411764705882354,0.47058823529411764,0.4117647058823529,0.4117647058823529,0.4117647058823529,0.47058823529411764,0.17647058823529413,0.29411764705882354,0.34117647058823525,0.38235294117647056
bundesliga,2010,EINF,0.29411764705882354,0.35294117647058826,0.29411764705882354,0.47058823529411764,0.47058823529411764,0.47058823529411764,0.35294117647058826,0.29411764705882354,0.4117647058823529,0.35294117647058826,0.5294117647058824,0.47058823529411764,0.5882352941176471,0.35294117647058826,0.35294117647058826,0.5882352941176471,0.4117647058823529,0.29411764705882354,0.17647058823529413,0.35294117647058826,0.388235294117647,0.39999999999999997
bundesliga,2010,FRE,0.47058823529411764,0.47058823529411764,0.29411764705882354,0.4117647058823529,0.058823529411764705,0.35294117647058826,0.4117647058823529,0.35294117647058826,0.29411764705882354,0.23529411764705882,0.35294117647058826,0.23529411764705882,0.5882352941176471,0.4117647058823529,0.7058823529411765,0.5882352941176471,0.5882352941176471,0.35294117647058826,0.35294117647058826,0.35294117647058826,0.411764705882353,0.37647058823529417
bundesliga,2010,HAM,0.35294117647058826,0.29411764705882354,0.17647058823529413,0.29411764705882354,0.4117647058823529,0.23529411764705882,0.35294117647058826,0.23529411764705882,0.47058823529411764,0.5882352941176471,0.47058823529411764,0.23529411764705882,0.35294117647058826,0.5294117647058824,0.35294117647058826,0.29411764705882354,0.4117647058823529,0.35294117647058826,0.23529411764705882,0.35294117647058826,0.35882352941176465,0.3411764705882353
bundesliga,2010,HAN,0.29411764705882354,0.5882352941176471,0.4117647058823529,0.29411764705882354,0.29411764705882354,0.23529411764705882,0.35294117647058826,0.6470588235294118,0.35294117647058826,0.4117647058823529,0.11764705882352941,0.5294117647058824,0.23529411764705882,0.4117647058823529,0.35294117647058826,0.5294117647058824,0.23529411764705882,0.23529411764705882,0.4117647058823529,0.35294117647058826,0.3058823529411765,0.4235294117647059
bundesliga,2010,HOF,0.29411764705882354,0.5294117647058824,0.23529411764705882,0.35294117647058826,0.4117647058823529,0.35294117647058826,0.17647058823529413,0.5882352941176471,0.5882352941176471,0.23529411764705882,0.5294117647058824,0.17647058823529413,0.29411764705882354,0.29411764705882354,0.47058823529411764,0.47058823529411764,0.5882352941176471,0.29411764705882354,0.6470588235294118,0.17647058823529413,0.4235294117647059,0.34705882352941175
bundesliga,2010,KAI,0.5882352941176471,0.29411764705882354,0.35294117647058826,0.4117647058823529,0.47058823529411764,0.4117647058823529,0.35294117647058826,0.4117647058823529,0.35294117647058826,0.23529411764705882,0.4117647058823529,0.17647058823529413,0.29411764705882354,0.5294117647058824,0.4117647058823529,0.4117647058823529,0.35294117647058826,0.4117647058823529,0.23529411764705882,0.5294117647058824,0.3823529411764706,0.38235294117647056
bundesliga,2010,KOL,0.17647058823529413,0.35294117647058826,0.35294117647058826,0.29411764705882354,0.17647058823529413,0.4117647058823529,0.29411764705882354,0.29411764705882354,0.4117647058823529,0.4117647058823529,0.35294117647058826,0.47058823529411764,0.35294117647058826,0.4117647058823529,0.35294117647058826,0.29411764705882354,0.4117647058823529,0.29411764705882354,0.4117647058823529,0.35294117647058826,0.32941176470588235,0.3588235294117647
bundesliga,2010,LEVK,0.47058823529411764,0.23529411764705882,0.5294117647058824,0.23529411764705882,0.35294117647058826,0.29411764705882354,0.47058823529411764,0.5294117647058824,0.17647058823529413,0.4117647058823529,0.29411764705882354,0.5294117647058824,0.4117647058823529,0.29411764705882354,0.5882352941176471,0.23529411764705882,0.29411764705882354,0.47058823529411764,0.35294117647058826,0.35294117647058826,0.3941176470588235,0.3588235294117647
bundesliga,2010,M'G,0.35294117647058826,0.4117647058823529,0.47058823529411764,0.5882352941176471,0.47058823529411764,0.5294117647058824,0.5294117647058824,0.35294117647058826,0.17647058823529413,0.4117647058823529,0.35294117647058826,0.29411764705882354,0.35294117647058826,0.5294117647058824,0.4117647058823529,0.23529411764705882,0.29411764705882354,0.4117647058823529,0.47058823529411764,0.29411764705882354,0.388235294117647,0.40588235294117647
bundesliga,2010,MAI,0.5294117647058824,0.35294117647058826,0.4117647058823529,0.4117647058823529,0.5882352941176471,0.35294117647058826,0.29411764705882354,0.35294117647058826,0.47058823529411764,0.29411764705882354,0.47058823529411764,0.23529411764705882,0.23529411764705882,0.35294117647058826,0.23529411764705882,0.23529411764705882,0.29411764705882354,0.29411764705882354,0.23529411764705882,0.35294117647058826,0.3764705882352941,0.3235294117647059
bundesliga,2010,NUR,0.23529411764705882,0.29411764705882354,0.4117647058823529,0.47058823529411764,0.29411764705882354,0.47058823529411764,0.4117647058823529,0.29411764705882354,0.5882352941176471,0.4117647058823529,0.29411764705882354,0.35294117647058826,0.47058823529411764,0.23529411764705882,0.35294117647058826,0.23529411764705882,0.11764705882352941,0.29411764705882354,0.17647058823529413,0.29411764705882354,0.3352941176470588,0.3352941176470588
bundesliga,2010,SCH,0.4117647058823529,0.4117647058823529,0.29411764705882354,0.23529411764705882,0.5882352941176471,0.23529411764705882,0.23529411764705882,0.35294117647058826,0.5294117647058824,0.29411764705882354,0.23529411764705882,0.4117647058823529,0.35294117647058826,0.4117647058823529,0.23529411764705882,0.47058823529411764,0.4117647058823529,0.17647058823529413,0.47058823529411764,0.5294117647058824,0.3764705882352941,0.3529411764705882
bundesliga,2010,STP,0.29411764705882354,0.47058823529411764,0.5882352941176471,0.35294117647058826,0.4117647058823529,0.47058823529411764,0.4117647058823529,0.5294117647058824,0.5294117647058824,0.4117647058823529,0.35294117647058826,0.35294117647058826,0.5882352941176471,0.4117647058823529,0.35294117647058826,0.35294117647058826,0.35294117647058826,0.5882352941176471,0.47058823529411764,0.4117647058823529,0.4352941176470588,0.4352941176470588
bundesliga,2010,STU,0.5294117647058824,0.35294117647058826,0.35294117647058826,0.35294117647058826,0.35294117647058826,0.35294117647058826,0.5294117647058824,0.35294117647058826,0.23529411764705882,0.35294117647058826,0.5294117647058824,0.47058823529411764,0.29411764705882354,0.5882352941176471,0.47058823529411764,0.35294117647058826,0.4117647058823529,0.29411764705882354,0.5882352941176471,0.17647058823529413,0.4294117647058823,0.36470588235294116
bundesliga,2010,WERB,0.5882352941176471,0.35294117647058826,0.35294117647058826,0.35294117647058826,0.5294117647058824,0.4117647058823529,0.6470588235294118,0.35294117647058826,0.5882352941176471,0.29411764705882354,0.23529411764705882,0.23529411764705882,0.4117647058823529,0.35294117647058826,0.35294117647058826,0.17647058823529413,0.17647058823529413,0.35294117647058826,0.5294117647058824,0.47058823529411764,0.44117647058823534,0.33529411764705885
bundesliga,2010,WOB,0.4117647058823529,0.23529411764705882,0.35294117647058826,0.29411764705882354,0.35294117647058826,0.47058823529411764,0.47058823529411764,0.5882352941176471,0.29411764705882354,0.35294117647058826,0.47058823529411764,0.35294117647058826,0.35294117647058826,0.47058823529411764,0.4117647058823529,0.35294117647058826,0.47058823529411764,0.47058823529411764,0.29411764705882354,0.35294117647058826,0.388235294117647,0.3941176470588236
bundesliga,2011,AUG,0.5882352941176471,0.47058823529411764,0.35294117647058826,0.4117647058823529,0.29411764705882354,0.23529411764705882,0.17647058823529413,0.4117647058823529,0.35294117647058826,0.23529411764705882,0.4117647058823529,0.17647058823529413,0.47058823529411764,0.7058823529411765,0.47058823529411764,0.17647058823529413,0.35294117647058826,0.47058823529411764,0.4117647058823529,0.5882352941176471,0.388235294117647,0.38823529411764707
bundesliga,2011,BAY,0.4117647058823529,0.5294117647058824,0.47058823529411764,0.4117647058823529,0.47058823529411764,0.5294117647058824,0.35294117647058826,0.47058823529411764,0.4117647058823529,0.4117647058823529,0.17647058823529413,0.5294117647058824,0.35294117647058826,0.17647058823529413,0.5882352941176471,0.29411764705882354,0.47058823529411764,0.29411764705882354,0.35294117647058826,0.47058823529411764,0.40588235294117647,0.4117647058823529
bundesliga,2011,DOR,0.5294117647058824,0.35294117647058826,0.47058823529411764,0.35294117647058826,0.47058823529411764,0.4117647058823529,0.29411764705882354,0.35294117647058826,0.47058823529411764,0.4117647058823529,0.4117647058823529,0.17647058823529413,0.47058823529411764,0.35294117647058826,0.35294117647058826,0.5294117647058824,0.23529411764705882,0.29411764705882354,0.29411764705882354,0.47058823529411764,0.4,0.37058823529411766
bundesliga,2011,FRE,0.23529411764705882,0.47058823529411764,0.35294117647058826,0.47058823529411764,0.5294117647058824,0.29411764705882354,0.47058823529411764,0.35294117647058826,0.4117647058823529,0.35294117647058826,0.35294117647058826,0.29411764705882354,0.35294117647058826,0.058823529411764705,0.35294117647058826,0.11764705882352941,0.23529411764705882,0.29411764705882354,0.35294117647058826,0.5882352941176471,0.3647058823529412,0.3294117647058824
bundesliga,2011,HAM,0.23529411764705882,0.23529411764705882,0.35294117647058826,0.47058823529411764,0.4117647058823529,0.4117647058823529,0.35294117647058826,0.11764705882352941,0.47058823529411764,0.35294117647058826,0.35294117647058826,0.29411764705882354,0.23529411764705882,0.4117647058823529,0.29411764705882354,0.23529411764705882,0.29411764705882354,0.35294117647058826,0.17647058823529413,0.5882352941176471,0.3176470588235294,0.34705882352941175
bundesliga,2011,HAN,0.23529411764705882,0.35294117647058826,0.35294117647058826,0.11764705882352941,0.29411764705882354,0.4117647058823529,0.47058823529411764,0.4117647058823529,0.6470588235294118,0.17647058823529413,0.47058823529411764,0.5294117647058824,0.35294117647058826,0.35294117647058826,0.35294117647058826,0.47058823529411764,0.29411764705882354,0.47058823529411764,0.23529411764705882,0.17647058823529413,0.37058823529411766,0.34705882352941175
bundesliga,2011,HERT,0.35294117647058826,0.23529411764705882,0.4117647058823529,0.4117647058823529,0.47058823529411764,0.4117647058823529,0.35294117647058826,0.5882352941176471,0.23529411764705882,0.35294117647058826,0.35294117647058826,0.35294117647058826,0.47058823529411764,0.47058823529411764,0.35294117647058826,0.35294117647058826,0.5294117647058824,0.5882352941176471,0.23529411764705882,0.29411764705882354,0.3764705882352941,0.40588235294117647
bundesliga,2011,HOF,0.17647058823529413,0.35294117647058826,0.4117647058823529,0.4117647058823529,0.23529411764705882,0.47058823529411764,0.35294117647058826,0.47058823529411764,0.23529411764705882,0.29411764705882354,0.35294117647058826,0.29411764705882354,0.35294117647058826,0.47058823529411764,0.47058823529411764,0.4117647058823529,0.35294117647058826,0.5294117647058824,0.35294117647058826,0.35294117647058826,0.32941176470588235,0.40588235294117647
bundesliga,2011,KAI,0.4117647058823529,0.29411764705882354,0.35294117647058826,0.4117647058823529,0.4117647058823529,0.23529411764705882,0.23529411764705882,0.4117647058823529,0.29411764705882354,0.23529411764705882,0.47058823529411764,0.47058823529411764,0.23529411764705882,0.4117647058823529,0.4117647058823529,0.35294117647058826,0.35294117647058826,0.23529411764705882,0.4117647058823529,0.23529411764705882,0.35882352941176465,0.32941176470588235
bundesliga,2011,KOL,0.29411764705882354,0.29411764705882354,0.35294117647058826,0.35294117647058826,0.29411764705882354,0.4117647058823529,0.23529411764705882,0.4117647058823529,0.5294117647058824,0.35294117647058826,0.4117647058823529,0.47058823529411764,0.4117647058823529,0.4117647058823529,0.4117647058823529,0.4117647058823529,0.29411764705882354,0.35294117647058826,0.47058823529411764,0.35294117647058826,0.37058823529411766,0.3823529411764706
bundesliga,2011,LEVK,0.35294117647058826,0.35294117647058826,0.5294117647058824,0.23529411764705882,0.47058823529411764,0.4117647058823529,0.23529411764705882,0.4117647058823529,0.35294117647058826,0.29411764705882354,0.11764705882352941,0.29411764705882354,0.17647058823529413,0.23529411764705882,0.4117647058823529,0.4117647058823529,0.5882352941176471,0.4117647058823529,0.23529411764705882,0.4117647058823529,0.34705882352941175,0.34705882352941175
bundesliga,2011,M'G,0.6470588235294118,0.29411764705882354,0.5294117647058824,0.11764705882352941,0.23529411764705882,0.35294117647058826,0.7647058823529411,0.47058823529411764,0.29411764705882354,0.5294117647058824,0.17647058823529413,0.29411764705882354,0.35294117647058826,0.4117647058823529,0.29411764705882354,0.4117647058823529,0.4117647058823529,0.29411764705882354,0.29411764705882354,0.4117647058823529,0.4,0.35882352941176465
bundesliga,2011,MAI,0.23529411764705882,0.35294117647058826,0.29411764705882354,0.5882352941176471,0.35294117647058826,0.35294117647058826,0.23529411764705882,0.4117647058823529,0.4117647058823529,0.5294117647058824,0.47058823529411764,0.5882352941176471,0.5882352941176471,0.35294117647058826,0.4117647058823529,0.35294117647058826,0.29411764705882354,0.35294117647058826,0.35294117647058826,0.35294117647058826,0.36470588235294116,0.4235294117647059
bundesliga,2011,NUR,0.4117647058823529,0.5294117647058824,0.29411764705882354,0.35294117647058826,0.35294117647058826,0.29411764705882354,0.47058823529411764,0.4117647058823529,0.4117647058823529,0.47058823529411764,0.29411764705882354,0.5294117647058824,0.47058823529411764,0.47058823529411764,0.35294117647058826,0.6470588235294118,0.4117647058823529,0.29411764705882354,0.35294117647058826,0.35294117647058826,0.38235294117647056,0.4352941176470588
bundesliga,2011,SCH,0.23529411764705882,0.5882352941176471,0.5294117647058824,0.47058823529411764,0.5294117647058824,0.4117647058823529,0.47058823529411764,0.35294117647058826,0.5294117647058824,0.35294117647058826,0.47058823529411764,0.4117647058823529,0.17647058823529413,0.35294117647058826,0.23529411764705882,0.5294117647058824,0.35294117647058826,0.35294117647058826,0.6470588235294118,0.29411764705882354,0.4176470588235294,0.411764705882353
bundesliga,2011,STU,0.4117647058823529,0.35294117647058826,0.5882352941176471,0.23529411764705882,0.35294117647058826,0.29411764705882354,0.4117647058823529,0.47058823529411764,0.35294117647058826,0.5294117647058824,0.29411764705882354,0.35294117647058826,0.47058823529411764,0.29411764705882354,0.17647058823529413,0.23529411764705882,0.35294117647058826,0.35294117647058826,0.4117647058823529,0.47058823529411764,0.38235294117647056,0.3588235294117647
bundesliga,2011,WERB,0.4117647058823529,0.35294117647058826,0.47058823529411764,0.29411764705882354,0.35294117647058826,0.29411764705882354,0.35294117647058826,0.29411764705882354,0.35294117647058826,0.4117647058823529,0.47058823529411764,0.23529411764705882,0.4117647058823529,0.35294117647058826,0.35294117647058826,0.4117647058823529,0.4117647058823529,0.35294117647058826,0.5294117647058824,0.29411764705882354,0.411764705882353,0.32941176470588235
bundesliga,2011,WOB,0.7058823529411765,0.11764705882352941,0.5294117647058824,0.47058823529411764,0.29411764705882354,0.23529411764705882,0.35294117647058826,0.5294117647058824,0.23529411764705882,0.35294117647058826,0.17647058823529413,0.47058823529411764,0.35294117647058826,0.4117647058823529,0.5882352941176471,0.29411764705882354,0.29411764705882354,0.29411764705882354,0.35294117647058826,0.29411764705882354,0.38823529411764707,0.34705882352941175
bundesliga,2012,AUG,0.5294117647058824,0.17647058823529413,0.5294117647058824,0.4117647058823529,0.4117647058823529,0.5882352941176471,0.5882352941176471,0.29411764705882354,0.4117647058823529,0.35294117647058826,0.35294117647058826,0.5294117647058824,0.29411764705882354,0.47058823529411764,0.11764705882352941,0.4117647058823529,0.4117647058823529,0.4117647058823529,0.5882352941176471,0.5882352941176471,0.4235294117647058,0.4235294117647059
bundesliga,2012,BAY,0.29411764705882354,0.47058823529411764,0.5882352941176471,0.4117647058823529,0.4117647058823529,0.29411764705882354,0.23529411764705882,0.4117647058823529,0.35294117647058826,0.35294117647058826,0.35294117647058826,0.17647058823529413,0.29411764705882354,0.47058823529411764,0.47058823529411764,0.23529411764705882,0.47058823529411764,0.7647058823529411,0.4117647058823529,0.23529411764705882,0.38823529411764707,0.38235294117647056
bundesliga,2012,DOR,0.17647058823529413,0.29411764705882354,0.47058823529411764,0.35294117647058826,0.29411764705882354,0.4117647058823529,0.29411764705882354,0.35294117647058826,0.47058823529411764,0.6470588235294118,0.29411764705882354,0.29411764705882354,0.35294117647058826,0.47058823529411764,0.4117647058823529,0.17647058823529413,0.5294117647058824,0.29411764705882354,0.7058823529411765,0.4117647058823529,0.4,0.3705882352941176
bundesliga,2012,EINF,0.4117647058823529,0.6470588235294118,0.35294117647058826,0.5294117647058824,0.35294117647058826,0.35294117647058826,0.4117647058823529,0.5294117647058824,0.4117647058823529,0.35294117647058826,0.23529411764705882,0.23529411764705882,0.35294117647058826,0.35294117647058826,0.4117647058823529,0.35294117647058826,0.23529411764705882,0.35294117647058826,0.47058823529411764,0.35294117647058826,0.36470588235294116,0.40588235294117647
bundesliga,2012,FORD,0.17647058823529413,0.23529411764705882,0.47058823529411764,0.29411764705882354,0.23529411764705882,0.4117647058823529,0.4117647058823529,0.5294117647058824,0.29411764705882354,0.4117647058823529,0.47058823529411764,0.47058823529411764,0.5294117647058824,0.35294117647058826,0.4117647058823529,0.35294117647058826,0.35294117647058826,0.35294117647058826,0.47058823529411764,0.23529411764705882,0.3823529411764706,0.3647058823529412
bundesliga,2012,FRE,0.35294117647058826,0.4117647058823529,0.5882352941176471,0.35294117647058826,0.23529411764705882,0.4117647058823529,0.29411764705882354,0.5882352941176471,0.47058823529411764,0.29411764705882354,0.35294117647058826,0.35294117647058826,0.23529411764705882,0.4117647058823529,0.17647058823529413,0.17647058823529413,0.4117647058823529,0.11764705882352941,0.23529411764705882,0.35294117647058826,0.33529411764705885,0.34705882352941175
bundesliga,2012,GREF,0.35294117647058826,0.47058823529411764,0.4117647058823529,0.23529411764705882,0.47058823529411764,0.5294117647058824,0.47058823529411764,0.4117647058823529,0.11764705882352941,0.23529411764705882,0.5294117647058824,0.4117647058823529,0.35294117647058826,0.35294117647058826,0.47058823529411764,0.47058823529411764,0.4117647058823529,0.47058823529411764,0.23529411764705882,0.29411764705882354,0.3823529411764706,0.388235294117647
bundesliga,2012,HAM,0.35294117647058826,0.35294117647058826,0.23529411764705882,0.4117647058823529,0.35294117647058826,0.47058823529411764,0.29411764705882354,0.47058823529411764,0.35294117647058826,0.23529411764705882,0.5882352941176471,0.35294117647058826,0.11764705882352941,0.35294117647058826,0.5294117647058824,0.29411764705882354,0.47058823529411764,0.17647058823529413,0.35294117647058826,0.4117647058823529,0.3647058823529412,0.3529411764705882
bundesliga,2012,HAN,0.4117647058823529,0.35294117647058826,0.47058823529411764,0.47058823529411764,0.35294117647058826,0.47058823529411764,0.47058823529411764,0.35294117647058826,0.35294117647058826,0.35294117647058826,0.29411764705882354,0.6470588235294118,0.4117647058823529,0.29411764705882354,0.4117647058823529,0.29411764705882354,0.35294117647058826,0.35294117647058826,0.4117647058823529,0.29411764705882354,0.3941176470588236,0.38823529411764707
bundesliga,2012,HOF,0.35294117647058826,0.35294117647058826,0.23529411764705882,0.29411764705882354,0.35294117647058826,0.35294117647058826,0.4117647058823529,0.35294117647058826,0.47058823529411764,0.29411764705882354,0.23529411764705882,0.35294117647058826,0.47058823529411764,0.23529411764705882,0.35294117647058826,0.5882352941176471,0.35294117647058826,0.5294117647058824,0.5294117647058824,0.29411764705882354,0.3764705882352941,0.36470588235294116
bundesliga,2012,LEVK,0.4117647058823529,0.29411764705882354,0.11764705882352941,0.47058823529411764,0.29411764705882354,0.5294117647058824,0.6470588235294118,0.17647058823529413,0.23529411764705882,0.6470588235294118,0.47058823529411764,0.6470588235294118,0.4117647058823529,0.4117647058823529,0.23529411764705882,0.35294117647058826,0.4117647058823529,0.4117647058823529,0.5882352941176471,0.5294117647058824,0.38235294117647056,0.4470588235294118
bundesliga,2012,M'G,0.4117647058823529,0.5294117647058824,0.29411764705882354,0.23529411764705882,0.4117647058823529,0.23529411764705882,0.4117647058823529,0.23529411764705882,0.47058823529411764,0.5294117647058824,0.17647058823529413,0.29411764705882354,0.23529411764705882,0.47058823529411764,0.47058823529411764,0.47058823529411764,0.5882352941176471,0.29411764705882354,0.4117647058823529,0.23529411764705882,0.38823529411764707,0.3529411764705882
bundesliga,2012,MAI,0.29411764705882354,0.47058823529411764,0.29411764705882354,0.47058823529411764,0.35294117647058826,0.4117647058823529,0.47058823529411764,0.35294117647058826,0.35294117647058826,0.4117647058823529,0.35294117647058826,0.11764705882352941,0.4117647058823529,0.5294117647058824,0.5294117647058824,0.47058823529411764,0.29411764705882354,0.35294117647058826,0.23529411764705882,0.29411764705882354,0.35882352941176465,0.38823529411764707
bundesliga,2012,NUR,0.5294117647058824,0.4117647058823529,0.47058823529411764,0.23529411764705882,0.8235294117647058,0.17647058823529413,0.23529411764705882,0.35294117647058826,0.4117647058823529,0.4117647058823529,0.35294117647058826,0.29411764705882354,0.47058823529411764,0.17647058823529413,0.058823529411764705,0.47058823529411764,0.35294117647058826,0.35294117647058826,0.47058823529411764,0.47058823529411764,0.41764705882352937,0.33529411764705885
bundesliga,2012,SCH,0.5294117647058824,0.35294117647058826,0.35294117647058826,0.47058823529411764,0.23529411764705882,0.35294117647058826,0.17647058823529413,0.4117647058823529,0.35294117647058826,0.23529411764705882,0.35294117647058826,0.4117647058823529,0.4117647058823529,0.35294117647058826,0.29411764705882354,0.29411764705882354,0.29411764705882354,0.29411764705882354,0.23529411764705882,0.29411764705882354,0.32352941176470584,0.3470588235294117
bundesliga,2012,STU,0.35294117647058826,0.47058823529411764,0.5882352941176471,0.17647058823529413,0.23529411764705882,0.29411764705882354,0.29411764705882354,0.29411764705882354,0.47058823529411764,0.35294117647058826,0.35294117647058826,0.17647058823529413,0.23529411764705882,0.29411764705882354,0.4117647058823529,0.29411764705882354,0.23529411764705882,0.6470588235294118,0.23529411764705882,0.4117647058823529,0.3411764705882353,0.3411764705882353
bundesliga,2012,WERB,0.29411764705882354,0.29411764705882354,0.29411764705882354,0.17647058823529413,0.29411764705882354,0.29411764705882354,0.29411764705882354,0.35294117647058826,0.35294117647058826,0.23529411764705882,0.47058823529411764,0.5294117647058824,0.47058823529411764,0.47058823529411764,0.29411764705882354,0.5294117647058824,0.17647058823529413,0.29411764705882354,0.4117647058823529,0.11764705882352941,0.3352941176470588,0.32941176470588235
bundesliga,2012,WOB,0.47058823529411764,0.35294117647058826,0.23529411764705882,0.47058823529411764,0.29411764705882354,0.47058823529411764,0.4117647058823529,0.4117647058823529,0.23529411764705882,0.17647058823529413,0.35294117647058826,0.35294117647058826,0.47058823529411764,0.35294117647058826,0.5882352941176471,0.4117647058823529,0.17647058823529413,0.23529411764705882,0.47058823529411764,0.35294117647058826,0.3705882352941176,0.3588235294117647
bundesliga,2013,AUG,0.29411764705882354,0.35294117647058826,0.17647058823529413,0.47058823529411764,0.4117647058823529,0.29411764705882354,0.35294117647058826,0.35294117647058826,0.4117647058823529,0.4117647058823529,0.23529411764705882,0.35294117647058826,0.17647058823529413,0.35294117647058826,0.47058823529411764,0.23529411764705882,0.4117647058823529,0.5294117647058824,0.17647058823529413,0.5294117647058824,0.3117647058823529,0.38823529411764707
bundesliga,2013,BAY,0.35294117647058826,0.23529411764705882,0.35294117647058826,0.23529411764705882,0.17647058823529413,0.47058823529411764,0.35294117647058826,0.29411764705882354,0.4117647058823529,0.23529411764705882,0.4117647058823529,0.5294117647058824,0.5294117647058824,0.35294117647058826,0.35294117647058826,0.35294117647058826,0.17647058823529413,0.29411764705882354,0.47058823529411764,0.23529411764705882,0.3588235294117647,0.3235294117647059
bundesliga,2013,BRA,0.47058823529411764,0.4117647058823529,0.17647058823529413,0.4117647058823529,0.23529411764705882,0.47058823529411764,0.23529411764705882,0.4117647058823529,0.29411764705882354,0.29411764705882354,0.35294117647058826,0.47058823529411764,0.29411764705882354,0.35294117647058826,0.4117647058823529,0.5882352941176471,0.29411764705882354,0.23529411764705882,0.35294117647058826,0.23529411764705882,0.31176470588235294,0.38823529411764707
bundesliga,2013,DOR,0.47058823529411764,0.29411764705882354,0.5294117647058824,0.29411764705882354,0.29411764705882354,0.29411764705882354,0.5294117647058824,0.35294117647058826,0.23529411764705882,0.29411764705882354,0.4117647058823529,0.4117647058823529,0.4117647058823529,0.5882352941176471,0.17647058823529413,0.5882352941176471,0.4117647058823529,0.4117647058823529,0.23529411764705882,0.29411764705882354,0.3705882352941176,0.38235294117647056
bundesliga,2013,EINF,0.29411764705882354,0.35294117647058826,0.35294117647058826,0.4117647058823529,0.35294117647058826,0.4117647058823529,0.47058823529411764,0.23529411764705882,0.35294117647058826,0.4117647058823529,0.35294117647058826,0.29411764705882354,0.23529411764705882,0.5294117647058824,0.35294117647058826,0.4117647058823529,0.4117647058823529,0.4117647058823529,0.29411764705882354,0.23529411764705882,0.34705882352941175,0.3705882352941176
bundesliga,2013,FRE,0.17647058823529413,0.47058823529411764,0.47058823529411764,0.058823529411764705,0.4117647058823529,0.29411764705882354,0.23529411764705882,0.4117647058823529,0.4117647058823529,0.4117647058823529,0.29411764705882354,0.35294117647058826,0.47058823529411764,0.4117647058823529,0.5294117647058824,0.5882352941176471,0.35294117647058826,0.17647058823529413,0.29411764705882354,0.5294117647058824,0.36470588235294116,0.3705882352941176
bundesliga,2013,HAM,0.29411764705882354,0.7058823529411765,0.23529411764705882,0.47058823529411764,0.4117647058823529,0.5882352941176471,0.29411764705882354,0.47058823529411764,0.29411764705882354,0.35294117647058826,0.47058823529411764,0.35294117647058826,0.29411764705882354,0.4117647058823529,0.47058823529411764,0.5882352941176471,0.23529411764705882,0.23529411764705882,0.29411764705882354,0.29411764705882354,0.32941176470588235,0.4470588235294118
bundesliga,2013,HAN,0.47058823529411764,0.4117647058823529,0.4117647058823529,0.6470588235294118,0.35294117647058826,0.4117647058823529,0.4117647058823529,0.29411764705882354,0.5882352941176471,0.47058823529411764,0.47058823529411764,0.4117647058823529,0.47058823529411764,0.4117647058823529,0.17647058823529413,0.35294117647058826,0.17647058823529413,0.35294117647058826,0.4117647058823529,0.29411764705882354,0.3941176470588235,0.40588235294117647
bundesliga,2013,HERT,0.23529411764705882,0.5882352941176471,0.5882352941176471,0.4117647058823529,0.4117647058823529,0.35294117647058826,0.5882352941176471,0.29411764705882354,0.35294117647058826,0.23529411764705882,0.058823529411764705,0.23529411764705882,0.29411764705882354,0.23529411764705882,0.4117647058823529,0.35294117647058826,0.35294117647058826,0.29411764705882354,0.47058823529411764,0.4117647058823529,0.37647058823529417,0.3411764705882353
bundesliga,2013,HOF,0.5294117647058824,0.35294117647058826,0.5882352941176471,0.35294117647058826,0.4117647058823529,0.4117647058823529,0.23529411764705882,0.5294117647058824,0.23529411764705882,0.29411764705882354,0.17647058823529413,0.47058823529411764,0.47058823529411764,0.4117647058823529,0.35294117647058826,0.29411764705882354,0.5294117647058824,0.47058823529411764,0.47058823529411764,0.4117647058823529,0.4,0.39999999999999997
bundesliga,2013,LEVK,0.29411764705882354,0.35294117647058826,0.11764705882352941,0.4117647058823529,0.4117647058823529,0.29411764705882354,0.29411764705882354,0.35294117647058826,0.4117647058823529,0.35294117647058826,0.4117647058823529,0.4117647058823529,0.47058823529411764,0.23529411764705882,0.29411764705882354,0.29411764705882354,0.29411764705882354,0.058823529411764705,0.5882352941176471,0.4117647058823529,0.3588235294117647,0.31764705882352934
bundesliga,2013,M'G,0.35294117647058826,0.23529411764705882,0.4117647058823529,0.4117647058823529,0.35294117647058826,0.47058823529411764,0.35294117647058826,0.29411764705882354,0.35294117647058826,0.47058823529411764,0.4117647058823529,0.35294117647058826,0.17647058823529413,0.29411764705882354,0.29411764705882354,0.29411764705882354,0.35294117647058826,0.23529411764705882,0.4117647058823529,0.35294117647058826,0.34705882352941175,0.3411764705882353
bundesliga,2013,MAI,0.29411764705882354,0.47058823529411764,0.47058823529411764,0.23529411764705882,0.4117647058823529,0.47058823529411764,0.5882352941176471,0.23529411764705882,0.29411764705882354,0.47058823529411764,0.35294117647058826,0.23529411764705882,0.5294117647058824,0.47058823529411764,0.35294117647058826,0.23529411764705882,0.4117647058823529,0.4117647058823529,0.35294117647058826,0.4117647058823529,0.40588235294117647,0.3647058823529411
bundesliga,2013,NUR,0.058823529411764705,0.29411764705882354,0.47058823529411764,0.4117647058823529,0.23529411764705882,0.47058823529411764,0.4117647058823529,0.5294117647058824,0.35294117647058826,0.4117647058823529,0.5882352941176471,0.29411764705882354,0.4117647058823529,0.4117647058823529,0.29411764705882354,0.35294117647058826,0.47058823529411764,0.47058823529411764,0.47058823529411764,0.23529411764705882,0.3764705882352941,0.38823529411764707
bundesliga,2013,SCH,0.29411764705882354,0.4117647058823529,0.35294117647058826,0.29411764705882354,0.17647058823529413,0.29411764705882354,0.4117647058823529,0.47058823529411764,0.4117647058823529,0.35294117647058826,0.47058823529411764,0.23529411764705882,0.5882352941176471,0.23529411764705882,0.29411764705882354,0.5882352941176471,0.5294117647058824,0.4117647058823529,0.29411764705882354,0.35294117647058826,0.38235294117647056,0.3647058823529411
bundesliga,2013,STU,0.35294117647058826,0.35294117647058826,0.5294117647058824,0.5294117647058824,0.47058823529411764,0.35294117647058826,0.35294117647058826,0.5294117647058824,0.5882352941176471,0.5294117647058824,0.5294117647058824,0.4117647058823529,0.5294117647058824,0.4117647058823529,0.35294117647058826,0.4117647058823529,0.4117647058823529,0.29411764705882354,0.35294117647058826,0.11764705882352941,0.4470588235294118,0.3941176470588235
bundesliga,2013,WERB,0.4117647058823529,0.29411764705882354,0.4117647058823529,0.4117647058823529,0.35294117647058826,0.29411764705882354,0.47058823529411764,0.17647058823529413,0.4117647058823529,0.47058823529411764,0.17647058823529413,0.47058823529411764,0.35294117647058826,0.4117647058823529,0.23529411764705882,0.29411764705882354,0.4117647058823529,0.5882352941176471,0.5294117647058824,0.4117647058823529,0.37647058823529406,0.38235294117647056
bundesliga,2013,WOB,0.35294117647058826,0.47058823529411764,0.29411764705882354,0.4117647058823529,0.47058823529411764,0.47058823529411764,0.29411764705882354,0.4117647058823529,0.11764705882352941,0.29411764705882354,0.4117647058823529,0.23529411764705882,0.23529411764705882,0.47058823529411764,0.4117647058823529,0.23529411764705882,0.35294117647058826,0.17647058823529413,0.29411764705882354,0.47058823529411764,0.32352941176470584,0.36470588235294116
bundesliga,2014,AUG,0.29411764705882354,0.4117647058823529,0.5294117647058824,0.47058823529411764,0.5882352941176471,0.35294117647058826,0.4117647058823529,0.4117647058823529,0.4117647058823529,0.35294117647058826,0.35294117647058826,0.47058823529411764,0.5294117647058824,0.4117647058823529,0.47058823529411764,0.47058823529411764,0.5882352941176471,0.29411764705882354,0.29411764705882354,0.4117647058823529,0.4470588235294117,0.40588235294117647
bundesliga,2014,BAY,0.29411764705882354,0.35294117647058826,0.47058823529411764,0.29411764705882354,0.35294117647058826,0.5294117647058824,0.47058823529411764,0.35294117647058826,0.4117647058823529,0.5882352941176471,0.4117647058823529,0.5294117647058824,0.5882352941176471,0.47058823529411764,0.4117647058823529,0.5294117647058824,0.4117647058823529,0.4117647058823529,0.17647058823529413,0.29411764705882354,0.39999999999999997,0.4352941176470588
bundesliga,2014,DOR,0.47058823529411764,0.5882352941176471,0.23529411764705882,0.47058823529411764,0.47058823529411764,0.29411764705882354,0.29411764705882354,0.35294117647058826,0.4117647058823529,0.47058823529411764,0.4117647058823529,0.4117647058823529,0.47058823529411764,0.47058823529411764,0.17647058823529413,0.29411764705882354,0.29411764705882354,0.29411764705882354,0.5294117647058824,0.35294117647058826,0.3764705882352941,0.4
bundesliga,2014,EINF,0.35294117647058826,0.35294117647058826,0.5294117647058824,0.4117647058823529,0.29411764705882354,0.17647058823529413,0.29411764705882354,0.23529411764705882,0.5294117647058824,0.4117647058823529,0.4117647058823529,0.4117647058823529,0.4117647058823529,0.4117647058823529,0.4117647058823529,0.4117647058823529,0.47058823529411764,0.29411764705882354,0.29411764705882354,0.5294117647058824,0.4,0.3647058823529411
bundesliga,2014,FRE,0.47058823529411764,0.47058823529411764,0.35294117647058826,0.4117647058823529,0.4117647058823529,0.29411764705882354,0.5294117647058824,0.6470588235294118,0.35294117647058826,0.4117647058823529,0.35294117647058826,0.23529411764705882,0.4117647058823529,0.35294117647058826,0.4117647058823529,0.35294117647058826,0.29411764705882354,0.47058823529411764,0.47058823529411764,0.23529411764705882,0.40588235294117647,0.3882352941176471
bundesliga,2014,HAM,0.29411764705882354,0.35294117647058826,0.29411764705882354,0.35294117647058826,0.23529411764705882,0.11764705882352941,0.35294117647058826,0.23529411764705882,0.35294117647058826,0.17647058823529413,0.35294117647058826,0.5294117647058824,0.4117647058823529,0.29411764705882354,0.6470588235294118,0.5294117647058824,0.23529411764705882,0.4117647058823529,0.4117647058823529,0.35294117647058826,0.3588235294117647,0.3352941176470588
bundesliga,2014,HAN,0.23529411764705882,0.23529411764705882,0.47058823529411764,0.4117647058823529,0.4117647058823529,0.47058823529411764,0.35294117647058826,0.35294117647058826,0.5294117647058824,0.11764705882352941,0.23529411764705882,0.35294117647058826,0.35294117647058826,0.5294117647058824,0.35294117647058826,0.17647058823529413,0.35294117647058826,0.35294117647058826,0.4117647058823529,0.35294117647058826,0.37058823529411766,0.33529411764705885
bundesliga,2014,HERT,0.35294117647058826,0.17647058823529413,0.4117647058823529,0.35294117647058826,0.6470588235294118,0.4117647058823529,0.17647058823529413,0.6470588235294118,0.35294117647058826,0.4117647058823529,0.35294117647058826,0.23529411764705882,0.4117647058823529,0.35294117647058826,0.5294117647058824,0.47058823529411764,0.47058823529411764,0.47058823529411764,0.5882352941176471,0.17647058823529413,0.4294117647058823,0.3705882352941176
bundesliga,2014,HOF,0.5294117647058824,0.23529411764705882,0.4117647058823529,0.4117647058823529,0.29411764705882354,0.29411764705882354,0.47058823529411764,0.23529411764705882,0.058823529411764705,0.5294117647058824,0.29411764705882354,0.23529411764705882,0.058823529411764705,0.35294117647058826,0.17647058823529413,0.4117647058823529,0.23529411764705882,0.47058823529411764,0.5294117647058824,0.29411764705882354,0.30588235294117644,0.34705882352941175
bundesliga,2014,KOL,0.23529411764705882,0.4117647058823529,0.29411764705882354,0.7058823529411765,0.17647058823529413,0.4117647058823529,0.47058823529411764,0.4117647058823529,0.35294117647058826,0.35294117647058826,0.23529411764705882,0.23529411764705882,0.23529411764705882,0.5294117647058824,0.35294117647058826,0.5294117647058824,0.4117647058823529,0.29411764705882354,0.29411764705882354,0.35294117647058826,0.30588235294117644,0.4235294117647058
bundesliga,2014,LEVK,0.6470588235294118,0.47058823529411764,0.4117647058823529,0.35294117647058826,0.35294117647058826,0.29411764705882354,0.29411764705882354,0.35294117647058826,0.47058823529411764,0.23529411764705882,0.47058823529411764,0.17647058823529413,0.35294117647058826,0.35294117647058826,0.5294117647058824,0.35294117647058826,0.4117647058823529,0.29411764705882354,0.23529411764705882,0.47058823529411764,0.41764705882352937,0.33529411764705885
bundesliga,2014,M'G,0.4117647058823529,0.29411764705882354,0.4117647058823529,0.47058823529411764,0.23529411764705882,0.5294117647058824,0.4117647058823529,0.47058823529411764,0.23529411764705882,0.35294117647058826,0.23529411764705882,0.4117647058823529,0.5294117647058824,0.5294117647058824,0.47058823529411764,0.35294117647058826,0.6470588235294118,0.35294117647058826,0.23529411764705882,0.5882352941176471,0.3823529411764706,0.4352941176470588
bundesliga,2014,MAI,0.35294117647058826,0.4117647058823529,0.29411764705882354,0.35294117647058826,0.29411764705882354,0.5882352941176471,0.4117647058823529,0.47058823529411764,0.6470588235294118,0.4117647058823529,0.17647058823529413,0.5294117647058824,0.058823529411764705,0.4117647058823529,0.4117647058823529,0.47058823529411764,0.4117647058823529,0.35294117647058826,0.35294117647058826,0.29411764705882354,0.3411764705882353,0.4294117647058823
bundesliga,2014,PAD,0.4117647058823529,0.23529411764705882,0.47058823529411764,0.23529411764705882,0.47058823529411764,0.29411764705882354,0.4117647058823529,0.35294117647058826,0.35294117647058826,0.4117647058823529,0.29411764705882354,0.4117647058823529,0.35294117647058826,0.4117647058823529,0.4117647058823529,0.35294117647058826,0.4117647058823529,0.47058823529411764,0.47058823529411764,0.47058823529411764,0.40588235294117647,0.3647058823529412
bundesliga,2014,SCH,0.47058823529411764,0.17647058823529413,0.5294117647058824,0.4117647058823529,0.47058823529411764,0.47058823529411764,0.29411764705882354,0.4117647058823529,0.4117647058823529,0.35294117647058826,0.4117647058823529,0.5294117647058824,0.5294117647058824,0.47058823529411764,0.29411764705882354,0.23529411764705882,0.4117647058823529,0.4117647058823529,0.6470588235294118,0.29411764705882354,0.4470588235294118,0.37647058823529406
bundesliga,2014,STU,0.47058823529411764,0.29411764705882354,0.23529411764705882,0.17647058823529413,0.29411764705882354,0.35294117647058826,0.47058823529411764,0.5882352941176471,0.35294117647058826,0.4117647058823529,0.35294117647058826,0.47058823529411764,0.5882352941176471,0.4117647058823529,0.35294117647058826,0.4117647058823529,0.29411764705882354,0.4117647058823529,0.35294117647058826,0.47058823529411764,0.37647058823529406,0.39999999999999997
bundesliga,2014,WERB,0.058823529411764705,0.4117647058823529,0.47058823529411764,0.29411764705882354,0.17647058823529413,0.29411764705882354,0.35294117647058826,0.4117647058823529,0.47058823529411764,0.47058823529411764,0.17647058823529413,0.4117647058823529,0.35294117647058826,0.35294117647058826,0.29411764705882354,0.47058823529411764,0.17647058823529413,0.5882352941176471,0.4117647058823529,0.35294117647058826,0.2941176470588235,0.40588235294117647
bundesliga,2014,WOB,0.47058823529411764,0.23529411764705882,0.23529411764705882,0.23529411764705882,0.47058823529411764,0.47058823529411764,0.4117647058823529,0.5882352941176471,0.23529411764705882,0.4117647058823529,0.4117647058823529,0.4117647058823529,0.23529411764705882,0.11764705882352941,0.29411764705882354,0.17647058823529413,0.17647058823529413,0.5294117647058824,0.17647058823529413,0.4117647058823529,0.3117647058823529,0.35882352941176465
bundesliga,2015,AUG,0.47058823529411764,0.35294117647058826,0.29411764705882354,0.4117647058823529,0.23529411764705882,0.17647058823529413,0.4117647058823529,0.4117647058823529,0.47058823529411764,0.29411764705882354,0.23529411764705882,0.5882352941176471,0.5294117647058824,0.17647058823529413,0.35294117647058826,0.35294117647058826,0.23529411764705882,0.47058823529411764,0.23529411764705882,0.4117647058823529,0.34705882352941175,0.36470588235294116
bundesliga,2015,BAY,0.5882352941176471,0.47058823529411764,0.4117647058823529,0.29411764705882354,0.35294117647058826,0.47058823529411764,0.5294117647058824,0.29411764705882354,0.29411764705882354,0.47058823529411764,0.47058823529411764,0.17647058823529413,0.35294117647058826,0.29411764705882354,0.17647058823529413,0.4117647058823529,0.47058823529411764,0.17647058823529413,0.35294117647058826,0.47058823529411764,0.4,0.3529411764705882
bundesliga,2015,DAR,0.4117647058823529,0.23529411764705882,0.5294117647058824,0.23529411764705882,0.35294117647058826,0.35294117647058826,0.29411764705882354,0.35294117647058826,0.29411764705882354,0.5294117647058824,0.6470588235294118,0.23529411764705882,0.23529411764705882,0.47058823529411764,0.29411764705882354,0.29411764705882354,0.7058823529411765,0.4117647058823529,0.17647058823529413,0.17647058823529413,0.3941176470588236,0.32941176470588235
bundesliga,2015,DOR,0.29411764705882354,0.5294117647058824,0.35294117647058826,0.7058823529411765,0.29411764705882354,0.29411764705882354,0.23529411764705882,0.5882352941176471,0.5294117647058824,0.29411764705882354,0.17647058823529413,0.4117647058823529,0.29411764705882354,0.5882352941176471,0.5294117647058824,0.29411764705882354,0.29411764705882354,0.47058823529411764,0.35294117647058826,0.5882352941176471,0.33529411764705885,0.4764705882352941
bundesliga,2015,EINF,0.4117647058823529,0.35294117647058826,0.29411764705882354,0.47058823529411764,0.35294117647058826,0.47058823529411764,0.29411764705882354,0.4117647058823529,0.23529411764705882,0.47058823529411764,0.35294117647058826,0.29411764705882354,0.4117647058823529,0.47058823529411764,0.47058823529411764,0.4117647058823529,0.4117647058823529,0.23529411764705882,0.5294117647058824,0.29411764705882354,0.3764705882352941,0.388235294117647
bundesliga,2015,HAM,0.5882352941176471,0.4117647058823529,0.23529411764705882,0.23529411764705882,0.29411764705882354,0.47058823529411764,0.5294117647058824,0.23529411764705882,0.5294117647058824,0.29411764705882354,0.17647058823529413,0.23529411764705882,0.6470588235294118,0.4117647058823529,0.47058823529411764,0.6470588235294118,0.5294117647058824,0.47058823529411764,0.4117647058823529,0.17647058823529413,0.44117647058823534,0.3588235294117647
bundesliga,2015,HAN,0.4117647058823529,0.5882352941176471,0.23529411764705882,0.47058823529411764,0.29411764705882354,0.47058823529411764,0.47058823529411764,0.4117647058823529,0.35294117647058826,0.47058823529411764,0.35294117647058826,0.4117647058823529,0.35294117647058826,0.35294117647058826,0.23529411764705882,0.5882352941176471,0.35294117647058826,0.29411764705882354,0.35294117647058826,0.17647058823529413,0.3411764705882353,0.4235294117647059
bundesliga,2015,HERT,0.47058823529411764,0.35294117647058826,0.5294117647058824,0.4117647058823529,0.47058823529411764,0.35294117647058826,0.35294117647058826,0.4117647058823529,0.29411764705882354,0.4117647058823529,0.29411764705882354,0.6470588235294118,0.35294117647058826,0.35294117647058826,0.4117647058823529,0.23529411764705882,0.35294117647058826,0.5882352941176471,0.47058823529411764,0.29411764705882354,0.4,0.40588235294117647
bundesliga,2015,HOF,0.35294117647058826,0.5294117647058824,0.35294117647058826,0.29411764705882354,0.35294117647058826,0.29411764705882354,0.47058823529411764,0.29411764705882354,0.23529411764705882,0.5294117647058824,0.5882352941176471,0.23529411764705882,0.17647058823529413,0.5882352941176471,0.5294117647058824,0.4117647058823529,0.35294117647058826,0.5294117647058824,0.4117647058823529,0.4117647058823529,0.38235294117647056,0.4117647058823529
bundesliga,2015,ING,0.29411764705882354,0.4117647058823529,0.35294117647058826,0.47058823529411764,0.47058823529411764,0.47058823529411764,0.29411764705882354,0.47058823529411764,0.4117647058823529,0.35294117647058826,0.35294117647058826,0.29411764705882354,0.4117647058823529,0.23529411764705882,0.5882352941176471,0.7058823529411765,0.4117647058823529,0.35294117647058826,0.4117647058823529,0.29411764705882354,0.39999999999999997,0.4058823529411765
bundesliga,2015,KOL,0.47058823529411764,0.17647058823529413,0.35294117647058826,0.29411764705882354,0.47058823529411764,0.4117647058823529,0.29411764705882354,0.23529411764705882,0.35294117647058826,0.4117647058823529,0.35294117647058826,0.4117647058823529,0.23529411764705882,0.35294117647058826,0.5294117647058824,0.4117647058823529,0.23529411764705882,0.47058823529411764,0.4117647058823529,0.4117647058823529,0.3705882352941176,0.3588235294117647
bundesliga,2015,LEVK,0.7058823529411765,0.29411764705882354,0.23529411764705882,0.17647058823529413,0.47058823529411764,0.5882352941176471,0.4117647058823529,0.4117647058823529,0.5294117647058824,0.47058823529411764,0.4117647058823529,0.5882352941176471,0.5294117647058824,0.23529411764705882,0.29411764705882354,0.35294117647058826,0.23529411764705882,0.5294117647058824,0.5294117647058824,0.23529411764705882,0.4352941176470588,0.38823529411764707
bundesliga,2015,M'G,0.29411764705882354,0.35294117647058826,0.35294117647058826,0.5294117647058824,0.4117647058823529,0.4117647058823529,0.35294117647058826,0.35294117647058826,0.17647058823529413,0.35294117647058826,0.4117647058823529,0.47058823529411764,0.35294117647058826,0.17647058823529413,0.4117647058823529,0.29411764705882354,0.17647058823529413,0.4117647058823529,0.47058823529411764,0.5882352941176471,0.3411764705882353,0.3941176470588235
bundesliga,2015,MAI,0.6470588235294118,0.4117647058823529,0.47058823529411764,0.23529411764705882,0.47058823529411764,0.23529411764705882,0.35294117647058826,0.35294117647058826,0.29411764705882354,0.47058823529411764,0.29411764705882354,0.29411764705882354,0.35294117647058826,0.4117647058823529,0.35294117647058826,0.5294117647058824,0.35294117647058826,0.23529411764705882,0.17647058823529413,0.17647058823529413,0.3764705882352941,0.33529411764705885
bundesliga,2015,SCH,0.29411764705882354,0.29411764705882354,0.29411764705882354,0.47058823529411764,0.4117647058823529,0.4117647058823529,0.35294117647058826,0.5294117647058824,0.47058823529411764,0.4117647058823529,0.17647058823529413,0.23529411764705882,0.47058823529411764,0.5294117647058824,0.23529411764705882,0.17647058823529413,0.4117647058823529,0.4117647058823529,0.35294117647058826,0.5294117647058824,0.34705882352941175,0.39999999999999997
bundesliga,2015,STU,0.5294117647058824,0.4117647058823529,0.47058823529411764,0.47058823529411764,0.35294117647058826,0.47058823529411764,0.17647058823529413,0.4117647058823529,0.35294117647058826,0.17647058823529413,0.5882352941176471,0.29411764705882354,0.29411764705882354,0.29411764705882354,0.29411764705882354,0.35294117647058826,0.23529411764705882,0.4117647058823529,0.29411764705882354,0.47058823529411764,0.35882352941176465,0.3764705882352941
bundesliga,2015,WERB,0.29411764705882354,0.4117647058823529,0.35294117647058826,0.35294117647058826,0.35294117647058826,0.5882352941176471,0.23529411764705882,0.29411764705882354,0.11764705882352941,0.23529411764705882,0.29411764705882354,0.23529411764705882,0.47058823529411764,0.29411764705882354,0.35294117647058826,0.35294117647058826,0.23529411764705882,0.29411764705882354,0.47058823529411764,0.29411764705882354,0.31764705882352945,0.3352941176470588
bundesliga,2015,WOB,0.23529411764705882,0.47058823529411764,0.5294117647058824,0.47058823529411764,0.4117647058823529,0.47058823529411764,0.4117647058823529,0.29411764705882354,0.47058823529411764,0.29411764705882354,0.29411764705882354,0.5882352941176471,0.11764705882352941,0.23529411764705882,0.35294117647058826,0.35294117647058826,0.47058823529411764,0.29411764705882354,0.17647058823529413,0.35294117647058826,0.34705882352941175,0.3823529411764706
bundesliga,2016,AUG,0.23529411764705882,0.35294117647058826,0.35294117647058826,0.4117647058823529,0.23529411764705882,0.29411764705882354,0.5294117647058824,0.29411764705882354,0.4117647058823529,0.4117647058823529,0.23529411764705882,0.29411764705882354,0.5294117647058824,0.35294117647058826,0.5294117647058824,0.35294117647058826,0.4117647058823529,0.5882352941176471,0.4117647058823529,0.29411764705882354,0.388235294117647,0.36470588235294116
bundesliga,2016,BAY,0.17647058823529413,0.23529411764705882,0.47058823529411764,0.35294117647058826,0.4117647058823529,0.5882352941176471,0.35294117647058826,0.47058823529411764,0.35294117647058826,0.47058823529411764,0.47058823529411764,0.4117647058823529,0.17647058823529413,0.17647058823529413,0.5294117647058824,0.5294117647058824,0.23529411764705882,0.5882352941176471,0.35294117647058826,0.35294117647058826,0.3529411764705882,0.4176470588235294
bundesliga,2016,DAR,0.35294117647058826,0.5294117647058824,0.47058823529411764,0.6470588235294118,0.47058823529411764,0.29411764705882354,0.11764705882352941,0.6470588235294118,0.35294117647058826,0.29411764705882354,0.47058823529411764,0.47058823529411764,0.23529411764705882,0.5882352941176471,0.11764705882352941,0.35294117647058826,0.47058823529411764,0.23529411764705882,0.47058823529411764,0.4117647058823529,0.3529411764705882,0.4470588235294118
bundesliga,2016,DOR,0.17647058823529413,0.47058823529411764,0.4117647058823529,0.4117647058823529,0.17647058823529413,0.5294117647058824,0.5294117647058824,0.29411764705882354,0.47058823529411764,0.47058823529411764,0.47058823529411764,0.5294117647058824,0.35294117647058826,0.29411764705882354,0.17647058823529413,0.47058823529411764,0.29411764705882354,0.47058823529411764,0.29411764705882354,0.47058823529411764,0.3352941176470588,0.44117647058823534
bundesliga,2016,EINF,0.23529411764705882,0.35294117647058826,0.29411764705882354,0.4117647058823529,0.47058823529411764,0.17647058823529413,0.5294117647058824,0.4117647058823529,0.23529411764705882,0.4117647058823529,0.29411764705882354,0.35294117647058826,0.6470588235294118,0.29411764705882354,0.4117647058823529,0.4117647058823529,0.11764705882352941,0.4117647058823529,0.29411764705882354,0.4117647058823529,0.3529411764705882,0.3647058823529411
bundesliga,2016,FRE,0.47058823529411764,0.35294117647058826,0.5882352941176471,0.29411764705882354,0.4117647058823529,0.4117647058823529,0.35294117647058826,0.5294117647058824,0.47058823529411764,0.35294117647058826,0.5882352941176471,0.47058823529411764,0.23529411764705882,0.17647058823529413,0.29411764705882354,0.47058823529411764,0.6470588235294118,0.4117647058823529,0.5882352941176471,0.35294117647058826,0.4647058823529412,0.3823529411764706
bundesliga,2016,HAM,0.35294117647058826,0.5294117647058824,0.35294117647058826,0.4117647058823529,0.47058823529411764,0.29411764705882354,0.11764705882352941,0.47058823529411764,0.47058823529411764,0.23529411764705882,0.35294117647058826,0.5294117647058824,0.29411764705882354,0.47058823529411764,0.35294117647058826,0.23529411764705882,0.5294117647058824,0.35294117647058826,0.4117647058823529,0.23529411764705882,0.3705882352941176,0.3764705882352941
bundesliga,2016,HERT,0.29411764705882354,0.5882352941176471,0.29411764705882354,0.5294117647058824,0.47058823529411764,0.47058823529411764,0.35294117647058826,0.4117647058823529,0.5294117647058824,0.7058823529411765,0.47058823529411764,0.29411764705882354,0.23529411764705882,0.5294117647058824,0.29411764705882354,0.17647058823529413,0.11764705882352941,0.17647058823529413,0.47058823529411764,0.4117647058823529,0.3529411764705882,0.4294117647058823
bundesliga,2016,HOF,0.23529411764705882,0.4117647058823529,0.47058823529411764,0.35294117647058826,0.29411764705882354,0.35294117647058826,0.4117647058823529,0.17647058823529413,0.23529411764705882,0.47058823529411764,0.35294117647058826,0.35294117647058826,0.47058823529411764,0.11764705882352941,0.4117647058823529,0.35294117647058826,0.47058823529411764,0.35294117647058826,0.29411764705882354,0.5882352941176471,0.36470588235294116,0.3529411764705882
bundesliga,2016,ING,0.35294117647058826,0.23529411764705882,0.35294117647058826,0.4117647058823529,0.11764705882352941,0.6470588235294118,0.29411764705882354,0.058823529411764705,0.29411764705882354,0.23529411764705882,0.35294117647058826,0.47058823529411764,0.6470588235294118,0.4117647058823529,0.4117647058823529,0.7058823529411765,0.11764705882352941,0.35294117647058826,0.29411764705882354,0.47058823529411764,0.3235294117647059,0.4
bundesliga,2016,KOL,0.23529411764705882,0.35294117647058826,0.17647058823529413,0.29411764705882354,0.47058823529411764,0.5294117647058824,0.23529411764705882,0.47058823529411764,0.47058823529411764,0.29411764705882354,0.5882352941176471,0.29411764705882354,0.17647058823529413,0.29411764705882354,0.5294117647058824,0.47058823529411764,0.4117647058823529,0.23529411764705882,0.5882352941176471,0.47058823529411764,0.38823529411764707,0.37058823529411766
bundesliga,2016,LEVK,0.35294117647058826,0.29411764705882354,0.35294117647058826,0.29411764705882354,0.35294117647058826,0.29411764705882354,0.47058823529411764,0.5294117647058824,0.5882352941176471,0.29411764705882354,0.47058823529411764,0.5294117647058824,0.29411764705882354,0.4117647058823529,0.5882352941176471,0.29411764705882354,0.23529411764705882,0.29411764705882354,0.23529411764705882,0.4117647058823529,0.3941176470588236,0.3647058823529411
bundesliga,2016,M'G,0.5294117647058824,0.5294117647058824,0.47058823529411764,0.4117647058823529,0.23529411764705882,0.5882352941176471,0.35294117647058826,0.47058823529411764,0.35294117647058826,0.47058823529411764,0.29411764705882354,0.23529411764705882,0.47058823529411764,0.23529411764705882,0.4117647058823529,0.23529411764705882,0.35294117647058826,0.17647058823529413,0.47058823529411764,0.35294117647058826,0.3941176470588236,0.3705882352941176
bundesliga,2016,MAI,0.29411764705882354,0.4117647058823529,0.5294117647058824,0.47058823529411764,0.35294117647058826,0.35294117647058826,0.5882352941176471,0.23529411764705882,0.17647058823529413,0.29411764705882354,0.23529411764705882,0.35294117647058826,0.4117647058823529,0.35294117647058826,0.4117647058823529,0.29411764705882354,0.35294117647058826,0.4117647058823529,0.35294117647058826,0.4117647058823529,0.37058823529411766,0.35882352941176465
bundesliga,2016,RBL,0.5882352941176471,0.4117647058823529,0.6470588235294118,0.29411764705882354,0.4117647058823529,0.47058823529411764,0.5294117647058824,0.29411764705882354,0.11764705882352941,0.35294117647058826,0.17647058823529413,0.47058823529411764,0.5882352941176471,0.47058823529411764,0.5294117647058824,0.4117647058823529,0.35294117647058826,0.4117647058823529,0.29411764705882354,0.47058823529411764,0.423529411764706,0.40588235294117647
bundesliga,2016,SCH,0.4117647058823529,0.4117647058823529,0.35294117647058826,0.29411764705882354,0.4117647058823529,0.23529411764705882,0.29411764705882354,0.35294117647058826,0.4117647058823529,0.4117647058823529,0.35294117647058826,0.29411764705882354,0.23529411764705882,0.47058823529411764,0.4117647058823529,0.29411764705882354,0.4117647058823529,0.17647058823529413,0.35294117647058826,0.35294117647058826,0.3647058823529411,0.32941176470588235
bundesliga,2016,WERB,0.5294117647058824,0.6470588235294118,0.35294117647058826,0.35294117647058826,0.47058823529411764,0.4117647058823529,0.47058823529411764,0.4117647058823529,0.5294117647058824,0.35294117647058826,0.47058823529411764,0.23529411764705882,0.29411764705882354,0.5294117647058824,0.47058823529411764,0.35294117647058826,0.23529411764705882,0.11764705882352941,0.35294117647058826,0.29411764705882354,0.41764705882352937,0.3705882352941176
bundesliga,2016,WOB,0.17647058823529413,0.17647058823529413,0.23529411764705882,0.11764705882352941,0.35294117647058826,0.29411764705882354,0.17647058823529413,0.47058823529411764,0.23529411764705882,0.23529411764705882,0.35294117647058826,0.35294117647058826,0.5882352941176471,0.47058823529411764,0.29411764705882354,0.35294117647058826,0.4117647058823529,0.4117647058823529,0.5294117647058824,0.29411764705882354,0.33529411764705885,0.3176470588235294
bundesliga,2017,AUG,0.5882352941176471,0.4117647058823529,0.17647058823529413,0.29411764705882354,0.5294117647058824,0.5294117647058824,0.29411764705882354,0.47058823529411764,0.4117647058823529,0.35294117647058826,0.23529411764705882,0.47058823529411764,0.35294117647058826,0.11764705882352941,0.17647058823529413,0.35294117647058826,0.47058823529411764,0.5294117647058824,0.35294117647058826,0.35294117647058826,0.3588235294117647,0.38823529411764707
bundesliga,2017,BAY,0.29411764705882354,0.4117647058823529,0.35294117647058826,0.29411764705882354,0.29411764705882354,0.23529411764705882,0.35294117647058826,0.35294117647058826,0.4117647058823529,0.29411764705882354,0.35294117647058826,0.29411764705882354,0.23529411764705882,0.23529411764705882,0.4117647058823529,0.5882352941176471,0.11764705882352941,0.35294117647058826,0.4117647058823529,0.5294117647058824,0.3235294117647059,0.35882352941176465
bundesliga,2017,DOR,0.4117647058823529,0.23529411764705882,0.5294117647058824,0.4117647058823529,0.35294117647058826,0.4117647058823529,0.35294117647058826,0.35294117647058826,0.47058823529411764,0.4117647058823529,0.29411764705882354,0.29411764705882354,0.35294117647058826,0.4117647058823529,0.47058823529411764,0.29411764705882354,0.35294117647058826,0.23529411764705882,0.47058823529411764,0.47058823529411764,0.40588235294117647,0.3529411764705882
bundesliga,2017,EINF,0.35294117647058826,0.4117647058823529,0.35294117647058826,0.35294117647058826,0.47058823529411764,0.5882352941176471,0.11764705882352941,0.5294117647058824,0.47058823529411764,0.29411764705882354,0.5294117647058824,0.23529411764705882,0.29411764705882354,0.7058823529411765,0.4117647058823529,0.47058823529411764,0.47058823529411764,0.47058823529411764,0.23529411764705882,0.23529411764705882,0.37058823529411766,0.4294117647058823
bundesliga,2017,FRE,0.4117647058823529,0.35294117647058826,0.47058823529411764,0.47058823529411764,0.47058823529411764,0.29411764705882354,0.35294117647058826,0.5294117647058824,0.4117647058823529,0.35294117647058826,0.35294117647058826,0.23529411764705882,0.47058823529411764,0.47058823529411764,0.23529411764705882,0.23529411764705882,0.35294117647058826,0.4117647058823529,0.29411764705882354,0.29411764705882354,0.38235294117647056,0.3647058823529411
bundesliga,2017,HAM,0.47058823529411764,0.4117647058823529,0.35294117647058826,0.47058823529411764,0.11764705882352941,0.35294117647058826,0.35294117647058826,0.35294117647058826,0.11764705882352941,0.4117647058823529,0.4117647058823529,0.47058823529411764,0.35294117647058826,0.4117647058823529,0.4117647058823529,0.5294117647058824,0.29411764705882354,0.17647058823529413,0.4117647058823529,0.23529411764705882,0.3294117647058823,0.3823529411764706
bundesliga,2017,HAN,0.29411764705882354,0.35294117647058826,0.4117647058823529,0.6470588235294118,0.6470588235294118,0.35294117647058826,0.29411764705882354,0.23529411764705882,0.23529411764705882,0.35294117647058826,0.35294117647058826,0.29411764705882354,0.29411764705882354,0.47058823529411764,0.23529411764705882,0.35294117647058826,0.23529411764705882,0.5294117647058824,0.5294117647058824,0.23529411764705882,0.3529411764705882,0.3823529411764706
bundesliga,2017,HERT,0.4117647058823529,0.47058823529411764,0.4117647058823529,0.35294117647058826,0.17647058823529413,0.4117647058823529,0.35294117647058826,0.29411764705882354,0.47058823529411764,0.47058823529411764,0.35294117647058826,0.5294117647058824,0.47058823529411764,0.5882352941176471,0.4117647058823529,0.17647058823529413,0.47058823529411764,0.35294117647058826,0.35294117647058826,0.35294117647058826,0.38823529411764707,0.4
bundesliga,2017,HOF,0.29411764705882354,0.29411764705882354,0.47058823529411764,0.23529411764705882,0.29411764705882354,0.23529411764705882,0.4117647058823529,0.4117647058823529,0.47058823529411764,0.29411764705882354,0.35294117647058826,0.47058823529411764,0.4117647058823529,0.5882352941176471,0.23529411764705882,0.4117647058823529,0.35294117647058826,0.29411764705882354,0.4117647058823529,0.29411764705882354,0.3705882352941176,0.3529411764705882
bundesliga,2017,KOL,0.47058823529411764,0.35294117647058826,0.5294117647058824,0.23529411764705882,0.35294117647058826,0.47058823529411764,0.5294117647058824,0.17647058823529413,0.35294117647058826,0.4117647058823529,0.47058823529411764,0.4117647058823529,0.4117647058823529,0.35294117647058826,0.5294117647058824,0.29411764705882354,0.4117647058823529,0.17647058823529413,0.17647058823529413,0.47058823529411764,0.4235294117647059,0.33529411764705885
bundesliga,2017,LEVK,0.4117647058823529,0.4117647058823529,0.23529411764705882,0.4117647058823529,0.35294117647058826,0.23529411764705882,0.4117647058823529,0.5294117647058824,0.23529411764705882,0.29411764705882354,0.47058823529411764,0.23529411764705882,0.47058823529411764,0.47058823529411764,0.47058823529411764,0.4117647058823529,0.4117647058823529,0.5882352941176471,0.35294117647058826,0.47058823529411764,0.38235294117647056,0.40588235294117647
bundesliga,2017,M'G,0.47058823529411764,0.47058823529411764,0.7058823529411765,0.29411764705882354,0.5294117647058824,0.23529411764705882,0.17647058823529413,0.35294117647058826,0.29411764705882354,0.23529411764705882,0.5294117647058824,0.47058823529411764,0.35294117647058826,0.23529411764705882,0.47058823529411764,0.23529411764705882,0.5294117647058824,0.47058823529411764,0.17647058823529413,0.35294117647058826,0.4235294117647059,0.33529411764705885
bundesliga,2017,MAI,0.4117647058823529,0.4117647058823529,0.29411764705882354,0.4117647058823529,0.35294117647058826,0.23529411764705882,0.4117647058823529,0.23529411764705882,0.29411764705882354,0.35294117647058826,0.23529411764705882,0.35294117647058826,0.29411764705882354,0.29411764705882354,0.5294117647058824,0.17647058823529413,0.35294117647058826,0.23529411764705882,0.11764705882352941,0.058823529411764705,0.32941176470588235,0.27647058823529413
bundesliga,2017,RBL,0.35294117647058826,0.35294117647058826,0.35294117647058826,0.47058823529411764,0.4117647058823529,0.5294117647058824,0.29411764705882354,0.29411764705882354,0.29411764705882354,0.35294117647058826,0.4117647058823529,0.4117647058823529,0.5882352941176471,0.29411764705882354,0.29411764705882354,0.47058823529411764,0.35294117647058826,0.35294117647058826,0.5882352941176471,0.29411764705882354,0.3941176470588236,0.38235294117647056
bundesliga,2017,SCH,0.23529411764705882,0.47058823529411764,0.4117647058823529,0.5294117647058824,0.47058823529411764,0.5294117647058824,0.29411764705882354,0.29411764705882354,0.47058823529411764,0.23529411764705882,0.6470588235294118,0.35294117647058826,0.5882352941176471,0.35294117647058826,0.29411764705882354,0.29411764705882354,0.4117647058823529,0.35294117647058826,0.35294117647058826,0.4117647058823529,0.41764705882352937,0.38235294117647056
bundesliga,2017,STU,0.23529411764705882,0.35294117647058826,0.29411764705882354,0.29411764705882354,0.35294117647058826,0.17647058823529413,0.35294117647058826,0.47058823529411764,0.47058823529411764,0.4117647058823529,0.35294117647058826,0.29411764705882354,0.4117647058823529,0.47058823529411764,0.4117647058823529,0.47058823529411764,0.35294117647058826,0.47058823529411764,0.4117647058823529,0.35294117647058826,0.36470588235294116,0.37647058823529417
bundesliga,2017,WERB,0.23529411764705882,0.5294117647058824,0.4117647058823529,0.4117647058823529,0.23529411764705882,0.4117647058823529,0.47058823529411764,0.5882352941176471,0.35294117647058826,0.5294117647058824,0.5882352941176471,0.35294117647058826,0.35294117647058826,0.29411764705882354,0.4117647058823529,0.5294117647058824,0.47058823529411764,0.29411764705882354,0.4117647058823529,0.4117647058823529,0.3941176470588235,0.4352941176470588
bundesliga,2017,WOB,0.47058823529411764,0.23529411764705882,0.5882352941176471,0.47058823529411764,0.4117647058823529,0.5882352941176471,0.5882352941176471,0.4117647058823529,0.35294117647058826,0.29411764705882354,0.29411764705882354,0.5294117647058824,0.5294117647058824,0.29411764705882354,0.5882352941176471,0.29411764705882354,0.29411764705882354,0.4117647058823529,0.23529411764705882,0.35294117647058826,0.4352941176470588,0.388235294117647
bundesliga,2018,AUG,0.17647058823529413,0.17647058823529413,0.4117647058823529,0.35294117647058826,0.5294117647058824,0.47058823529411764,0.4117647058823529,0.23529411764705882,0.4117647058823529,0.35294117647058826,0.35294117647058826,0.35294117647058826,0.35294117647058826,0.35294117647058826,0.4117647058823529,0.35294117647058826,0.35294117647058826,0.47058823529411764,0.47058823529411764,0.5294117647058824,0.38823529411764707,0.3647058823529412
bundesliga,2018,BAY,0.4117647058823529,0.23529411764705882,0.5294117647058824,0.5882352941176471,0.4117647058823529,0.23529411764705882,0.4117647058823529,0.23529411764705882,0.35294117647058826,0.4117647058823529,0.47058823529411764,0.23529411764705882,0.35294117647058826,0.29411764705882354,0.35294117647058826,0.35294117647058826,0.35294117647058826,0.35294117647058826,0.4117647058823529,0.4117647058823529,0.40588235294117647,0.3352941176470588
bundesliga,2018,DOR,0.17647058823529413,0.23529411764705882,0.35294117647058826,0.23529411764705882,0.17647058823529413,0.29411764705882354,0.35294117647058826,0.4117647058823529,0.29411764705882354,0.23529411764705882,0.47058823529411764,0.35294117647058826,0.29411764705882354,0.23529411764705882,0.47058823529411764,0.47058823529411764,0.23529411764705882,0.29411764705882354,0.47058823529411764,0.35294117647058826,0.32941176470588235,0.3117647058823529
bundesliga,2018,EINF,0.4117647058823529,0.4117647058823529,0.47058823529411764,0.23529411764705882,0.4117647058823529,0.47058823529411764,0.29411764705882354,0.4117647058823529,0.35294117647058826,0.11764705882352941,0.35294117647058826,0.4117647058823529,0.29411764705882354,0.47058823529411764,0.29411764705882354,0.7058823529411765,0.5294117647058824,0.6470588235294118,0.11764705882352941,0.23529411764705882,0.3529411764705882,0.4117647058823529
bundesliga,2018,FORD,0.4117647058823529,0.23529411764705882,0.35294117647058826,0.4117647058823529,0.35294117647058826,0.29411764705882354,0.47058823529411764,0.29411764705882354,0.47058823529411764,0.35294117647058826,0.23529411764705882,0.5294117647058824,0.17647058823529413,0.35294117647058826,0.35294117647058826,0.23529411764705882,0.17647058823529413,0.4117647058823529,0.4117647058823529,0.17647058823529413,0.34117647058823525,0.32941176470588235
bundesliga,2018,FRE,0.23529411764705882,0.5882352941176471,0.29411764705882354,0.47058823529411764,0.29411764705882354,0.47058823529411764,0.5294117647058824,0.23529411764705882,0.4117647058823529,0.23529411764705882,0.29411764705882354,0.4117647058823529,0.7058823529411765,0.47058823529411764,0.47058823529411764,0.4117647058823529,0.5294117647058824,0.4117647058823529,0.4117647058823529,0.5294117647058824,0.4176470588235294,0.4235294117647059
bundesliga,2018,HAN,0.29411764705882354,0.23529411764705882,0.35294117647058826,0.35294117647058826,0.5294117647058824,0.4117647058823529,0.4117647058823529,0.4117647058823529,0.29411764705882354,0.35294117647058826,0.29411764705882354,0.5294117647058824,0.11764705882352941,0.23529411764705882,0.5882352941176471,0.29411764705882354,0.47058823529411764,0.35294117647058826,0.23529411764705882,0.5882352941176471,0.35882352941176476,0.3764705882352941
bundesliga,2018,HERT,0.35294117647058826,0.35294117647058826,0.29411764705882354,0.35294117647058826,0.5294117647058824,0.4117647058823529,0.35294117647058826,0.47058823529411764,0.4117647058823529,0.47058823529411764,0.29411764705882354,0.4117647058823529,0.4117647058823529,0.35294117647058826,0.29411764705882354,0.29411764705882354,0.23529411764705882,0.29411764705882354,0.5882352941176471,0.47058823529411764,0.3764705882352941,0.38823529411764707
bundesliga,2018,HOF,0.35294117647058826,0.4117647058823529,0.17647058823529413,0.47058823529411764,0.35294117647058826,0.23529411764705882,0.4117647058823529,0.35294117647058826,0.47058823529411764,0.4117647058823529,0.5294117647058824,0.17647058823529413,0.35294117647058826,0.6470588235294118,0.29411764705882354,0.35294117647058826,0.29411764705882354,0.35294117647058826,0.35294117647058826,0.29411764705882354,0.35882352941176465,0.37058823529411766
bundesliga,2018,LEVK,0.29411764705882354,0.5882352941176471,0.4117647058823529,0.29411764705882354,0.47058823529411764,0.4117647058823529,0.4117647058823529,0.29411764705882354,0.4117647058823529,0.35294117647058826,0.5294117647058824,0.47058823529411764,0.17647058823529413,0.5294117647058824,0.47058823529411764,0.29411764705882354,0.47058823529411764,0.29411764705882354,0.4117647058823529,0.35294117647058826,0.4058823529411765,0.38823529411764707
bundesliga,2018,M'G,0.5294117647058824,0.4117647058823529,0.4117647058823529,0.4117647058823529,0.47058823529411764,0.5882352941176471,0.4117647058823529,0.5294117647058824,0.23529411764705882,0.35294117647058826,0.35294117647058826,0.5294117647058824,0.29411764705882354,0.35294117647058826,0.4117647058823529,0.4117647058823529,0.23529411764705882,0.4117647058823529,0.5294117647058824,0.35294117647058826,0.388235294117647,0.4352941176470588
bundesliga,2018,MAI,0.47058823529411764,0.4117647058823529,0.4117647058823529,0.35294117647058826,0.47058823529411764,0.4117647058823529,0.35294117647058826,0.5882352941176471,0.4117647058823529,0.29411764705882354,0.35294117647058826,0.35294117647058826,0.47058823529411764,0.23529411764705882,0.35294117647058826,0.35294117647058826,0.47058823529411764,0.4117647058823529,0.23529411764705882,0.4117647058823529,0.4,0.38235294117647056
bundesliga,2018,NUR,0.47058823529411764,0.23529411764705882,0.4117647058823529,0.5294117647058824,0.29411764705882354,0.47058823529411764,0.29411764705882354,0.5294117647058824,0.47058823529411764,0.5294117647058824,0.29411764705882354,0.29411764705882354,0.4117647058823529,0.23529411764705882,0.47058823529411764,0.4117647058823529,0.47058823529411764,0.35294117647058826,0.47058823529411764,0.29411764705882354,0.40588235294117647,0.38823529411764707
bundesliga,2018,RBL,0.7058823529411765,0.4117647058823529,0.17647058823529413,0.29411764705882354,0.17647058823529413,0.47058823529411764,0.35294117647058826,0.29411764705882354,0.23529411764705882,0.4117647058823529,0.35294117647058826,0.35294117647058826,0.47058823529411764,0.35294117647058826,0.29411764705882354,0.35294117647058826,0.17647058823529413,0.17647058823529413,0.4117647058823529,0.4117647058823529,0.3352941176470588,0.3529411764705882
bundesliga,2018,SCH,0.4117647058823529,0.29411764705882354,0.29411764705882354,0.23529411764705882,0.5294117647058824,0.29411764705882354,0.29411764705882354,0.11764705882352941,0.4117647058823529,0.35294117647058826,0.5294117647058824,0.47058823529411764,0.29411764705882354,0.23529411764705882,0.35294117647058826,0.5294117647058824,0.29411764705882354,0.4117647058823529,0.47058823529411764,0.4117647058823529,0.38823529411764707,0.3352941176470588
bundesliga,2018,STU,0.23529411764705882,0.29411764705882354,0.47058823529411764,0.17647058823529413,0.4117647058823529,0.29411764705882354,0.5294117647058824,0.058823529411764705,0.23529411764705882,0.23529411764705882,0.4117647058823529,0.23529411764705882,0.5882352941176471,0.5294117647058824,0.17647058823529413,0.35294117647058826,0.29411764705882354,0.29411764705882354,0.4117647058823529,0.4117647058823529,0.37647058823529406,0.28823529411764703
bundesliga,2018,WERB,0.35294117647058826,0.29411764705882354,0.23529411764705882,0.47058823529411764,0.47058823529411764,0.23529411764705882,0.29411764705882354,0.47058823529411764,0.35294117647058826,0.47058823529411764,0.23529411764705882,0.4117647058823529,0.29411764705882354,0.47058823529411764,0.23529411764705882,0.23529411764705882,0.29411764705882354,0.35294117647058826,0.47058823529411764,0.17647058823529413,0.3235294117647059,0.35882352941176465
bundesliga,2018,WOB,0.29411764705882354,0.35294117647058826,0.47058823529411764,0.47058823529411764,0.23529411764705882,0.29411764705882354,0.35294117647058826,0.35294117647058826,0.29411764705882354,0.35294117647058826,0.5882352941176471,0.35294117647058826,0.35294117647058826,0.29411764705882354,0.35294117647058826,0.4117647058823529,0.23529411764705882,0.11764705882352941,0.4117647058823529,0.23529411764705882,0.3588235294117647,0.3235294117647059
bundesliga,2019,AUG,0.35294117647058826,0.6470588235294118,0.23529411764705882,0.47058823529411764,0.47058823529411764,0.17647058823529413,0.4117647058823529,0.4117647058823529,0.29411764705882354,0.4117647058823529,0.17647058823529413,0.4117647058823529,0.29411764705882354,0.4117647058823529,0.23529411764705882,0.23529411764705882,0.23529411764705882,0.4117647058823529,0.5294117647058824,0.17647058823529413,0.3235294117647059,0.3764705882352941
bundesliga,2019,BAY,0.29411764705882354,0.35294117647058826,0.47058823529411764,0.5882352941176471,0.5294117647058824,0.23529411764705882,0.4117647058823529,0.47058823529411764,0.5294117647058824,0.29411764705882354,0.4117647058823529,0.29411764705882354,0.4117647058823529,0.5294117647058824,0.23529411764705882,0.47058823529411764,0.29411764705882354,0.4117647058823529,0.7058823529411765,0.5294117647058824,0.4294117647058823,0.4176470588235294
bundesliga,2019,DOR,0.4117647058823529,0.23529411764705882,0.35294117647058826,0.29411764705882354,0.17647058823529413,0.47058823529411764,0.47058823529411764,0.17647058823529413,0.5882352941176471,0.17647058823529413,0.29411764705882354,0.23529411764705882,0.29411764705882354,0.47058823529411764,0.29411764705882354,0.4117647058823529,0.35294117647058826,0.29411764705882354,0.23529411764705882,0.29411764705882354,0.34705882352941175,0.30588235294117644
bundesliga,2019,EINF,0.5294117647058824,0.35294117647058826,0.47058823529411764,0.4117647058823529,0.29411764705882354,0.47058823529411764,0.5294117647058824,0.35294117647058826,0.6470588235294118,0.29411764705882354,0.4117647058823529,0.5294117647058824,0.29411764705882354,0.35294117647058826,0.29411764705882354,0.47058823529411764,0.35294117647058826,0.5294117647058824,0.23529411764705882,0.17647058823529413,0.40588235294117647,0.3941176470588235
bundesliga,2019,FORD,0.29411764705882354,0.47058823529411764,0.29411764705882354,0.4117647058823529,0.4117647058823529,0.23529411764705882,0.23529411764705882,0.17647058823529413,0.47058823529411764,0.35294117647058826,0.23529411764705882,0.4117647058823529,0.4117647058823529,0.4117647058823529,0.5294117647058824,0.35294117647058826,0.4117647058823529,0.4117647058823529,0.4117647058823529,0.35294117647058826,0.3705882352941176,0.35882352941176465
bundesliga,2019,FRE,0.35294117647058826,0.47058823529411764,0.4117647058823529,0.23529411764705882,0.23529411764705882,0.47058823529411764,0.17647058823529413,0.4117647058823529,0.17647058823529413,0.23529411764705882,0.35294117647058826,0.4117647058823529,0.5882352941176471,0.35294117647058826,0.23529411764705882,0.23529411764705882,0.47058823529411764,0.47058823529411764,0.29411764705882354,0.35294117647058826,0.32941176470588235,0.36470588235294116
bundesliga,2019,HERT,0.23529411764705882,0.4117647058823529,0.23529411764705882,0.35294117647058826,0.5882352941176471,0.35294117647058826,0.47058823529411764,0.6470588235294118,0.35294117647058826,0.29411764705882354,0.6470588235294118,0.23529411764705882,0.4117647058823529,0.35294117647058826,0.29411764705882354,0.35294117647058826,0.4117647058823529,0.23529411764705882,0.4117647058823529,0.17647058823529413,0.40588235294117647,0.3411764705882353
bundesliga,2019,HOF,0.4117647058823529,0.17647058823529413,0.47058823529411764,0.4117647058823529,0.4117647058823529,0.4117647058823529,0.35294117647058826,0.29411764705882354,0.4117647058823529,0.47058823529411764,0.29411764705882354,0.47058823529411764,0.35294117647058826,0.47058823529411764,0.4117647058823529,0.5882352941176471,0.23529411764705882,0.35294117647058826,0.4117647058823529,0.23529411764705882,0.37647058823529406,0.38823529411764707
bundesliga,2019,KOL,0.5294117647058824,0.35294117647058826,0.29411764705882354,0.35294117647058826,0.5294117647058824,0.5882352941176471,0.5294117647058824,0.4117647058823529,0.47058823529411764,0.35294117647058826,0.4117647058823529,0.29411764705882354,0.35294117647058826,0.7058823529411765,0.5294117647058824,0.47058823529411764,0.29411764705882354,0.47058823529411764,0.5294117647058824,0.11764705882352941,0.4470588235294118,0.4117647058823529
bundesliga,2019,LEVK,0.17647058823529413,0.47058823529411764,0.29411764705882354,0.35294117647058826,0.35294117647058826,0.47058823529411764,0.47058823529411764,0.4117647058823529,0.23529411764705882,0.47058823529411764,0.4117647058823529,0.4117647058823529,0.47058823529411764,0.29411764705882354,0.5294117647058824,0.35294117647058826,0.29411764705882354,0.35294117647058826,0.35294117647058826,0.35294117647058826,0.35882352941176465,0.3941176470588236
bundesliga,2019,M'G,0.4117647058823529,0.4117647058823529,0.17647058823529413,0.29411764705882354,0.29411764705882354,0.23529411764705882,0.29411764705882354,0.29411764705882354,0.35294117647058826,0.35294117647058826,0.35294117647058826,0.4117647058823529,0.35294117647058826,0.4117647058823529,0.23529411764705882,0.47058823529411764,0.4117647058823529,0.058823529411764705,0.29411764705882354,0.5294117647058824,0.3176470588235294,0.34705882352941175
bundesliga,2019,MAI,0.17647058823529413,0.4117647058823529,0.29411764705882354,0.5882352941176471,0.4117647058823529,0.47058823529411764,0.5294117647058824,0.29411764705882354,0.4117647058823529,0.47058823529411764,0.4117647058823529,0.29411764705882354,0.4117647058823529,0.29411764705882354,0.4117647058823529,0.17647058823529413,0.17647058823529413,0.4117647058823529,0.23529411764705882,0.29411764705882354,0.34705882352941175,0.3705882352941176
bundesliga,2019,PAD,0.23529411764705882,0.23529411764705882,0.17647058823529413,0.29411764705882354,0.5882352941176471,0.5294117647058824,0.4117647058823529,0.29411764705882354,0.29411764705882354,0.35294117647058826,0.35294117647058826,0.5294117647058824,0.35294117647058826,0.35294117647058826,0.29411764705882354,0.4117647058823529,0.29411764705882354,0.5294117647058824,0.35294117647058826,0.17647058823529413,0.33529411764705885,0.3705882352941176
bundesliga,2019,RBL,0.5294117647058824,0.29411764705882354,0.5882352941176471,0.4117647058823529,0.47058823529411764,0.7058823529411765,0.5882352941176471,0.35294117647058826,0.17647058823529413,0.5882352941176471,0.35294117647058826,0.35294117647058826,0.35294117647058826,0.5882352941176471,0.17647058823529413,0.29411764705882354,0.4117647058823529,0.29411764705882354,0.35294117647058826,0.47058823529411764,0.4,0.4352941176470588
bundesliga,2019,SCH,0.35294117647058826,0.47058823529411764,0.29411764705882354,0.35294117647058826,0.35294117647058826,0.17647058823529413,0.29411764705882354,0.5294117647058824,0.4117647058823529,0.35294117647058826,0.5882352941176471,0.17647058823529413,0.47058823529411764,0.11764705882352941,0.29411764705882354,0.29411764705882354,0.4117647058823529,0.35294117647058826,0.47058823529411764,0.47058823529411764,0.3941176470588235,0.3294117647058824
bundesliga,2019,UNI,0.4117647058823529,0.47058823529411764,0.4117647058823529,0.29411764705882354,0.35294117647058826,0.23529411764705882,0.17647058823529413,0.4117647058823529,0.35294117647058826,0.47058823529411764,0.5294117647058824,0.17647058823529413,0.47058823529411764,0.23529411764705882,0.4117647058823529,0.47058823529411764,0.35294117647058826,0.17647058823529413,0.29411764705882354,0.5294117647058824,0.3764705882352941,0.34705882352941175
bundesliga,2019,WERB,0.35294117647058826,0.35294117647058826,0.35294117647058826,0.29411764705882354,0.35294117647058826,0.35294117647058826,0.35294117647058826,0.4117647058823529,0.47058823529411764,0.4117647058823529,0.4117647058823529,0.35294117647058826,0.47058823529411764,0.35294117647058826,0.35294117647058826,0.17647058823529413,0.4117647058823529,0.35294117647058826,0.6470588235294118,0.7058823529411765,0.4176470588235294,0.3764705882352941
bundesliga,2019,WOB,0.35294117647058826,0.17647058823529413,0.4117647058823529,0.4117647058823529,0.35294117647058826,0.17647058823529413,0.35294117647058826,0.11764705882352941,0.23529411764705882,0.35294117647058826,0.35294117647058826,0.35294117647058826,0.4117647058823529,0.17647058823529413,0.23529411764705882,0.35294117647058826,0.5882352941176471,0.47058823529411764,0.6470588235294118,0.5294117647058824,0.3941176470588236,0.31176470588235294
bundesliga,2020,AUG,0.35294117647058826,0.4117647058823529,0.29411764705882354,0.23529411764705882,0.23529411764705882,0.5294117647058824,0.29411764705882354,0.4117647058823529,0.23529411764705882,0.11764705882352941,0.4117647058823529,0.4117647058823529,0.35294117647058826,0.4117647058823529,0.23529411764705882,0.4117647058823529,0.29411764705882354,0.35294117647058826,0.35294117647058826,0.47058823529411764,0.3058823529411765,0.37647058823529417
bundesliga,2020,BAY,0.35294117647058826,0.29411764705882354,0.23529411764705882,0.4117647058823529,0.7058823529411765,0.29411764705882354,0.4117647058823529,0.35294117647058826,0.058823529411764705,0.29411764705882354,0.0,0.5294117647058824,0.47058823529411764,0.29411764705882354,0.4117647058823529,0.35294117647058826,0.6470588235294118,0.5294117647058824,0.35294117647058826,0.47058823529411764,0.3647058823529412,0.3823529411764706
bundesliga,2020,BIE,0.23529411764705882,0.4117647058823529,0.47058823529411764,0.4117647058823529,0.5294117647058824,0.35294117647058826,0.17647058823529413,0.35294117647058826,0.29411764705882354,0.47058823529411764,0.47058823529411764,0.29411764705882354,0.4117647058823529,0.35294117647058826,0.47058823529411764,0.4117647058823529,0.5294117647058824,0.23529411764705882,0.5294117647058824,0.35294117647058826,0.4117647058823529,0.36470588235294116
bundesliga,2020,DOR,0.35294117647058826,0.4117647058823529,0.29411764705882354,0.5294117647058824,0.29411764705882354,0.5294117647058824,0.23529411764705882,0.4117647058823529,0.47058823529411764,0.35294117647058826,0.35294117647058826,0.29411764705882354,0.35294117647058826,0.35294117647058826,0.5294117647058824,0.35294117647058826,0.17647058823529413,0.47058823529411764,0.47058823529411764,0.4117647058823529,0.3529411764705882,0.411764705882353
bundesliga,2020,EINF,0.35294117647058826,0.23529411764705882,0.5882352941176471,0.5294117647058824,0.4117647058823529,0.4117647058823529,0.35294117647058826,0.5294117647058824,0.23529411764705882,0.4117647058823529,0.11764705882352941,0.35294117647058826,0.29411764705882354,0.29411764705882354,0.4117647058823529,0.35294117647058826,0.4117647058823529,0.47058823529411764,0.35294117647058826,0.29411764705882354,0.3529411764705882,0.388235294117647
bundesliga,2020,FRE,0.29411764705882354,0.17647058823529413,0.23529411764705882,0.35294117647058826,0.47058823529411764,0.29411764705882354,0.6470588235294118,0.5294117647058824,0.4117647058823529,0.17647058823529413,0.4117647058823529,0.23529411764705882,0.35294117647058826,0.4117647058823529,0.47058823529411764,0.35294117647058826,0.47058823529411764,0.11764705882352941,0.35294117647058826,0.47058823529411764,0.4117647058823529,0.31176470588235294
bundesliga,2020,HERT,0.47058823529411764,0.47058823529411764,0.4117647058823529,0.23529411764705882,0.4117647058823529,0.47058823529411764,0.4117647058823529,0.6470588235294118,0.35294117647058826,0.47058823529411764,0.4117647058823529,0.35294117647058826,0.23529411764705882,0.23529411764705882,0.47058823529411764,0.23529411764705882,0.23529411764705882,0.47058823529411764,0.35294117647058826,0.35294117647058826,0.3764705882352941,0.3941176470588235
bundesliga,2020,HOF,0.17647058823529413,0.5294117647058824,0.17647058823529413,0.17647058823529413,0.29411764705882354,0.35294117647058826,0.35294117647058826,0.47058823529411764,0.23529411764705882,0.47058823529411764,0.29411764705882354,0.4117647058823529,0.4117647058823529,0.23529411764705882,0.29411764705882354,0.7647058823529411,0.29411764705882354,0.11764705882352941,0.4117647058823529,0.4117647058823529,0.2941176470588235,0.3941176470588235
bundesliga,2020,KOL,0.4117647058823529,0.4117647058823529,0.17647058823529413,0.35294117647058826,0.5294117647058824,0.35294117647058826,0.35294117647058826,0.47058823529411764,0.29411764705882354,0.4117647058823529,0.17647058823529413,0.29411764705882354,0.35294117647058826,0.29411764705882354,0.29411764705882354,0.29411764705882354,0.4117647058823529,0.35294117647058826,0.35294117647058826,0.23529411764705882,0.33529411764705885,0.34705882352941175
bundesliga,2020,LEVK,0.29411764705882354,0.23529411764705882,0.29411764705882354,0.35294117647058826,0.4117647058823529,0.4117647058823529,0.4117647058823529,0.4117647058823529,0.4117647058823529,0.4117647058823529,0.4117647058823529,0.35294117647058826,0.35294117647058826,0.4117647058823529,0.35294117647058826,0.29411764705882354,0.17647058823529413,0.29411764705882354,0.35294117647058826,0.4117647058823529,0.34705882352941175,0.35882352941176465
bundesliga,2020,M'G,0.17647058823529413,0.35294117647058826,0.47058823529411764,0.35294117647058826,0.29411764705882354,0.5294117647058824,0.4117647058823529,0.4117647058823529,0.47058823529411764,0.29411764705882354,0.35294117647058826,0.5882352941176471,0.5294117647058824,0.4117647058823529,0.35294117647058826,0.6470588235294118,0.47058823529411764,0.29411764705882354,0.11764705882352941,0.8235294117647058,0.36470588235294116,0.4705882352941176
bundesliga,2020,MAI,0.35294117647058826,0.29411764705882354,0.5294117647058824,0.5882352941176471,0.47058823529411764,0.17647058823529413,0.29411764705882354,0.23529411764705882,0.29411764705882354,0.29411764705882354,0.4117647058823529,0.4117647058823529,0.5294117647058824,0.058823529411764705,0.4117647058823529,0.29411764705882354,0.29411764705882354,0.4117647058823529,0.5882352941176471,0.29411764705882354,0.41764705882352937,0.3058823529411764
bundesliga,2020,RBL,0.4117647058823529,0.35294117647058826,0.5294117647058824,0.35294117647058826,0.35294117647058826,0.23529411764705882,0.4117647058823529,0.5294117647058824,0.5294117647058824,0.5294117647058824,0.5294117647058824,0.35294117647058826,0.5294117647058824,0.5882352941176471,0.47058823529411764,0.29411764705882354,0.23529411764705882,0.35294117647058826,0.35294117647058826,0.35294117647058826,0.4352941176470588,0.3941176470588236
bundesliga,2020,SCH,0.4117647058823529,0.11764705882352941,0.47058823529411764,0.35294117647058826,0.5294117647058824,0.47058823529411764,0.29411764705882354,0.35294117647058826,0.29411764705882354,0.4117647058823529,0.4117647058823529,0.35294117647058826,0.17647058823529413,0.35294117647058826,0.35294117647058826,0.47058823529411764,0.47058823529411764,0.35294117647058826,0.35294117647058826,0.23529411764705882,0.37647058823529417,0.34705882352941175
bundesliga,2020,STU,0.35294117647058826,0.5882352941176471,0.4117647058823529,0.35294117647058826,0.47058823529411764,0.5294117647058824,0.29411764705882354,0.5294117647058824,0.4117647058823529,0.4117647058823529,0.29411764705882354,0.29411764705882354,0.47058823529411764,0.35294117647058826,0.29411764705882354,0.47058823529411764,0.47058823529411764,0.4117647058823529,0.23529411764705882,0.29411764705882354,0.37058823529411766,0.4235294117647059
bundesliga,2020,UNI,0.35294117647058826,0.29411764705882354,0.47058823529411764,0.4117647058823529,0.4117647058823529,0.35294117647058826,0.5882352941176471,0.4117647058823529,0.47058823529411764,0.29411764705882354,0.35294117647058826,0.47058823529411764,0.5294117647058824,0.29411764705882354,0.4117647058823529,0.35294117647058826,0.4117647058823529,0.4117647058823529,0.29411764705882354,0.29411764705882354,0.4294117647058823,0.35882352941176465
bundesliga,2020,WERB,0.4117647058823529,0.35294117647058826,0.35294117647058826,0.35294117647058826,0.11764705882352941,0.35294117647058826,0.4117647058823529,0.23529411764705882,0.4117647058823529,0.4117647058823529,0.29411764705882354,0.23529411764705882,0.17647058823529413,0.5294117647058824,0.4117647058823529,0.35294117647058826,0.35294117647058826,0.47058823529411764,0.4117647058823529,0.47058823529411764,0.3352941176470588,0.3764705882352941
bundesliga,2020,WOB,0.5882352941176471,0.5882352941176471,0.5882352941176471,0.47058823529411764,0.4117647058823529,0.29411764705882354,0.29411764705882354,0.4117647058823529,0.6470588235294118,0.4117647058823529,0.4117647058823529,0.29411764705882354,0.4117647058823529,0.35294117647058826,0.47058823529411764,0.11764705882352941,0.17647058823529413,0.5294117647058824,0.47058823529411764,0.6470588235294118,0.4470588235294117,0.4117647058823529
bundesliga,2021,AUG,0.29411764705882354,0.29411764705882354,0.35294117647058826,0.4117647058823529,0.17647058823529413,0.23529411764705882,0.29411764705882354,0.23529411764705882,0.47058823529411764,0.47058823529411764,0.17647058823529413,0.5882352941176471,0.35294117647058826,0.35294117647058826,0.47058823529411764,0.17647058823529413,0.35294117647058826,0.35294117647058826,0.5294117647058824,0.47058823529411764,0.34705882352941175,0.3588235294117647
bundesliga,2021,BAY,0.4117647058823529,0.23529411764705882,0.5294117647058824,0.23529411764705882,0.17647058823529413,0.29411764705882354,0.4117647058823529,0.35294117647058826,0.23529411764705882,0.35294117647058826,0.35294117647058826,0.5882352941176471,0.23529411764705882,0.47058823529411764,0.23529411764705882,0.29411764705882354,0.4117647058823529,0.35294117647058826,0.47058823529411764,0.35294117647058826,0.34705882352941175,0.3529411764705882
bundesliga,2021,BIE,0.5294117647058824,0.4117647058823529,0.35294117647058826,0.35294117647058826,0.35294117647058826,0.23529411764705882,0.23529411764705882,0.29411764705882354,0.29411764705882354,0.47058823529411764,0.35294117647058826,0.29411764705882354,0.4117647058823529,0.17647058823529413,0.47058823529411764,0.4117647058823529,0.47058823529411764,0.29411764705882354,0.4117647058823529,0.4117647058823529,0.38823529411764707,0.3352941176470588
bundesliga,2021,BOC,0.29411764705882354,0.29411764705882354,0.29411764705882354,0.35294117647058826,0.47058823529411764,0.35294117647058826,0.47058823529411764,0.5294117647058824,0.5294117647058824,0.4117647058823529,0.4117647058823529,0.47058823529411764,0.35294117647058826,0.29411764705882354,0.29411764705882354,0.47058823529411764,0.29411764705882354,0.17647058823529413,0.6470588235294118,0.47058823529411764,0.40588235294117647,0.38235294117647056
bundesliga,2021,DOR,0.35294117647058826,0.4117647058823529,0.47058823529411764,0.4117647058823529,0.4117647058823529,0.4117647058823529,0.29411764705882354,0.4117647058823529,0.5882352941176471,0.23529411764705882,0.29411764705882354,0.4117647058823529,0.4117647058823529,0.7647058823529411,0.35294117647058826,0.23529411764705882,0.47058823529411764,0.35294117647058826,0.47058823529411764,0.47058823529411764,0.4117647058823529,0.4117647058823529
bundesliga,2021,EINF,0.47058823529411764,0.4117647058823529,0.5294117647058824,0.4117647058823529,0.11764705882352941,0.35294117647058826,0.17647058823529413,0.4117647058823529,0.29411764705882354,0.4117647058823529,0.29411764705882354,0.5294117647058824,0.4117647058823529,0.4117647058823529,0.29411764705882354,0.35294117647058826,0.4117647058823529,0.6470588235294118,0.23529411764705882,0.47058823529411764,0.32352941176470584,0.4411764705882352
bundesliga,2021,FRE,0.35294117647058826,0.11764705882352941,0.5294117647058824,0.35294117647058826,0.29411764705882354,0.5294117647058824,0.35294117647058826,0.29411764705882354,0.47058823529411764,0.4117647058823529,0.47058823529411764,0.29411764705882354,0.29411764705882354,0.29411764705882354,0.4117647058823529,0.4117647058823529,0.35294117647058826,0.47058823529411764,0.5882352941176471,0.29411764705882354,0.4117647058823529,0.34705882352941175
bundesliga,2021,GREF,0.058823529411764705,0.4117647058823529,0.29411764705882354,0.5294117647058824,0.35294117647058826,0.17647058823529413,0.35294117647058826,0.4117647058823529,0.5294117647058824,0.23529411764705882,0.4117647058823529,0.4117647058823529,0.4117647058823529,0.23529411764705882,0.17647058823529413,0.17647058823529413,0.35294117647058826,0.4117647058823529,0.35294117647058826,0.4117647058823529,0.32941176470588235,0.34117647058823525
bundesliga,2021,HERT,0.47058823529411764,0.23529411764705882,0.17647058823529413,0.6470588235294118,0.35294117647058826,0.23529411764705882,0.5882352941176471,0.29411764705882354,0.47058823529411764,0.4117647058823529,0.4117647058823529,0.23529411764705882,0.47058823529411764,0.5882352941176471,0.35294117647058826,0.35294117647058826,0.35294117647058826,0.17647058823529413,0.23529411764705882,0.4117647058823529,0.38823529411764707,0.35882352941176465
bundesliga,2021,HOF,0.29411764705882354,0.17647058823529413,0.5294117647058824,0.35294117647058826,0.35294117647058826,0.35294117647058826,0.35294117647058826,0.5882352941176471,0.47058823529411764,0.47058823529411764,0.47058823529411764,0.4117647058823529,0.5294117647058824,0.35294117647058826,0.35294117647058826,0.5882352941176471,0.4117647058823529,0.47058823529411764,0.35294117647058826,0.35294117647058826,0.4117647058823529,0.4117647058823529
bundesliga,2021,KOL,0.5882352941176471,0.4117647058823529,0.17647058823529413,0.5882352941176471,0.4117647058823529,0.35294117647058826,0.17647058823529413,0.23529411764705882,0.23529411764705882,0.35294117647058826,0.29411764705882354,0.35294117647058826,0.29411764705882354,0.23529411764705882,0.47058823529411764,0.17647058823529413,0.47058823529411764,0.35294117647058826,0.4117647058823529,0.29411764705882354,0.3529411764705882,0.33529411764705885
bundesliga,2021,LEVK,0.23529411764705882,0.5294117647058824,0.35294117647058826,0.35294117647058826,0.47058823529411764,0.47058823529411764,0.29411764705882354,0.4117647058823529,0.4117647058823529,0.29411764705882354,0.4117647058823529,0.17647058823529413,0.35294117647058826,0.4117647058823529,0.35294117647058826,0.47058823529411764,0.29411764705882354,0.35294117647058826,0.4117647058823529,0.4117647058823529,0.35882352941176465,0.38823529411764707
bundesliga,2021,M'G,0.35294117647058826,0.35294117647058826,0.11764705882352941,0.35294117647058826,0.35294117647058826,0.47058823529411764,0.4117647058823529,0.23529411764705882,0.29411764705882354,0.35294117647058826,0.29411764705882354,0.35294117647058826,0.35294117647058826,0.4117647058823529,0.35294117647058826,0.47058823529411764,0.4117647058823529,0.4117647058823529,0.4117647058823529,0.29411764705882354,0.3352941176470588,0.3705882352941176
bundesliga,2021,MAI,0.5294117647058824,0.23529411764705882,0.5882352941176471,0.4117647058823529,0.47058823529411764,0.35294117647058826,0.23529411764705882,0.4117647058823529,0.4117647058823529,0.17647058823529413,0.23529411764705882,0.47058823529411764,0.23529411764705882,0.4117647058823529,0.29411764705882354,0.17647058823529413,0.5294117647058824,0.35294117647058826,0.4117647058823529,0.47058823529411764,0.3941176470588235,0.34705882352941175
bundesliga,2021,RBL,0.35294117647058826,0.29411764705882354,0.29411764705882354,0.17647058823529413,0.4117647058823529,0.5294117647058824,0.5294117647058824,0.4117647058823529,0.47058823529411764,0.47058823529411764,0.23529411764705882,0.35294117647058826,0.35294117647058826,0.35294117647058826,0.35294117647058826,0.35294117647058826,0.29411764705882354,0.23529411764705882,0.17647058823529413,0.47058823529411764,0.34705882352941175,0.36470588235294116
bundesliga,2021,STU,0.35294117647058826,0.4117647058823529,0.7058823529411765,0.23529411764705882,0.4117647058823529,0.23529411764705882,0.23529411764705882,0.35294117647058826,0.35294117647058826,0.5294117647058824,0.35294117647058826,0.29411764705882354,0.4117647058823529,0.5294117647058824,0.29411764705882354,0.29411764705882354,0.17647058823529413,0.47058823529411764,0.35294117647058826,0.23529411764705882,0.3647058823529411,0.3588235294117647
bundesliga,2021,UNI,0.35294117647058826,0.7058823529411765,0.7058823529411765,0.29411764705882354,0.23529411764705882,0.47058823529411764,0.47058823529411764,0.5294117647058824,0.4117647058823529,0.47058823529411764,0.4117647058823529,0.35294117647058826,0.23529411764705882,0.17647058823529413,0.29411764705882354,0.5294117647058824,0.5294117647058824,0.47058823529411764,0.35294117647058826,0.5294117647058824,0.4,0.45294117647058824
bundesliga,2021,WOB,0.23529411764705882,0.4117647058823529,0.23529411764705882,0.4117647058823529,0.5882352941176471,0.35294117647058826,0.23529411764705882,0.29411764705882354,0.47058823529411764,0.35294117647058826,0.4117647058823529,0.4117647058823529,0.7647058823529411,0.35294117647058826,0.47058823529411764,0.35294117647058826,0.17647058823529413,0.4117647058823529,0.35294117647058826,0.47058823529411764,0.3941176470588235,0.3823529411764706
bundesliga,2022,AUG,0.29411764705882354,0.5882352941176471,0.47058823529411764,0.29411764705882354,0.4117647058823529,0.5294117647058824,0.35294117647058826,0.17647058823529413,0.29411764705882354,0.23529411764705882,0.23529411764705882,0.23529411764705882,0.4117647058823529,0.23529411764705882,0.5294117647058824,0.5294117647058824,0.23529411764705882,0.29411764705882354,0.5294117647058824,0.47058823529411764,0.3764705882352941,0.3588235294117647
bundesliga,2022,BAY,0.23529411764705882,0.29411764705882354,0.5294117647058824,0.23529411764705882,0.4117647058823529,0.11764705882352941,0.5882352941176471,0.29411764705882354,0.23529411764705882,0.35294117647058826,0.5294117647058824,0.47058823529411764,0.4117647058823529,0.5294117647058824,0.35294117647058826,0.4117647058823529,0.35294117647058826,0.47058823529411764,0.29411764705882354,0.35294117647058826,0.3941176470588235,0.35294117647058826
bundesliga,2022,BOC,0.47058823529411764,0.4117647058823529,0.23529411764705882,0.23529411764705882,0.5294117647058824,0.35294117647058826,0.4117647058823529,0.4117647058823529,0.17647058823529413,0.47058823529411764,0.47058823529411764,0.35294117647058826,0.47058823529411764,0.5882352941176471,0.4117647058823529,0.35294117647058826,0.35294117647058826,0.35294117647058826,0.35294117647058826,0.4117647058823529,0.38823529411764707,0.3941176470588235
bundesliga,2022,DOR,0.47058823529411764,0.17647058823529413,0.23529411764705882,0.4117647058823529,0.23529411764705882,0.4117647058823529,0.4117647058823529,0.6470588235294118,0.35294117647058826,0.29411764705882354,0.47058823529411764,0.47058823529411764,0.29411764705882354,0.23529411764705882,0.6470588235294118,0.058823529411764705,0.29411764705882354,0.29411764705882354,0.4117647058823529,0.5294117647058824,0.3823529411764705,0.3529411764705882
bundesliga,2022,EINF,0.47058823529411764,0.47058823529411764,0.5294117647058824,0.47058823529411764,0.4117647058823529,0.11764705882352941,0.5294117647058824,0.5294117647058824,0.23529411764705882,0.47058823529411764,0.5294117647058824,0.47058823529411764,0.23529411764705882,0.23529411764705882,0.11764705882352941,0.29411764705882354,0.47058823529411764,0.47058823529411764,0.35294117647058826,0.35294117647058826,0.38823529411764707,0.3882352941176471
bundesliga,2022,FRE,0.23529411764705882,0.4117647058823529,0.47058823529411764,0.35294117647058826,0.47058823529411764,0.4117647058823529,0.23529411764705882,0.29411764705882354,0.29411764705882354,0.29411764705882354,0.23529411764705882,0.23529411764705882,0.5294117647058824,0.4117647058823529,0.47058823529411764,0.35294117647058826,0.47058823529411764,0.5294117647058824,0.4117647058823529,0.29411764705882354,0.38235294117647056,0.35882352941176465
bundesliga,2022,HERT,0.47058823529411764,0.23529411764705882,0.17647058823529413,0.23529411764705882,0.5294117647058824,0.47058823529411764,0.29411764705882354,0.29411764705882354,0.29411764705882354,0.29411764705882354,0.29411764705882354,0.17647058823529413,0.4117647058823529,0.23529411764705882,0.11764705882352941,0.23529411764705882,0.4117647058823529,0.47058823529411764,0.47058823529411764,0.29411764705882354,0.34705882352941175,0.29411764705882354
bundesliga,2022,HOF,0.47058823529411764,0.23529411764705882,0.29411764705882354,0.47058823529411764,0.35294117647058826,0.35294117647058826,0.35294117647058826,0.23529411764705882,0.29411764705882354,0.23529411764705882,0.35294117647058826,0.47058823529411764,0.29411764705882354,0.4117647058823529,0.47058823529411764,0.47058823529411764,0.5882352941176471,0.5882352941176471,0.47058823529411764,0.47058823529411764,0.3941176470588236,0.3941176470588235
bundesliga,2022,KOL,0.23529411764705882,0.47058823529411764,0.17647058823529413,0.47058823529411764,0.4117647058823529,0.47058823529411764,0.47058823529411764,0.35294117647058826,0.4117647058823529,0.4117647058823529,0.23529411764705882,0.6470588235294118,0.5882352941176471,0.29411764705882354,0.058823529411764705,0.5294117647058824,0.11764705882352941,0.29411764705882354,0.47058823529411764,0.35294117647058826,0.3176470588235294,0.4294117647058823
bundesliga,2022,LEVK,0.5882352941176471,0.5294117647058824,0.4117647058823529,0.47058823529411764,0.47058823529411764,0.29411764705882354,0.35294117647058826,0.23529411764705882,0.23529411764705882,0.5294117647058824,0.23529411764705882,0.47058823529411764,0.29411764705882354,0.47058823529411764,0.35294117647058826,0.47058823529411764,0.35294117647058826,0.17647058823529413,0.29411764705882354,0.29411764705882354,0.3588235294117647,0.3941176470588235
bundesliga,2022,M'G,0.5882352941176471,0.35294117647058826,0.47058823529411764,0.4117647058823529,0.35294117647058826,0.29411764705882354,0.35294117647058826,0.35294117647058826,0.5294117647058824,0.47058823529411764,0.47058823529411764,0.29411764705882354,0.4117647058823529,0.4117647058823529,0.35294117647058826,0.29411764705882354,0.29411764705882354,0.29411764705882354,0.35294117647058826,0.29411764705882354,0.41764705882352937,0.3470588235294117
bundesliga,2022,MAI,0.35294117647058826,0.5882352941176471,0.29411764705882354,0.23529411764705882,0.11764705882352941,0.23529411764705882,0.4117647058823529,0.23529411764705882,0.35294117647058826,0.29411764705882354,0.23529411764705882,0.23529411764705882,0.5294117647058824,0.5294117647058824,0.23529411764705882,0.47058823529411764,0.35294117647058826,0.4117647058823529,0.29411764705882354,0.29411764705882354,0.3176470588235294,0.3529411764705882
bundesliga,2022,RBL,0.47058823529411764,0.47058823529411764,0.35294117647058826,0.35294117647058826,0.4117647058823529,0.7058823529411765,0.4117647058823529,0.4117647058823529,0.4117647058823529,0.29411764705882354,0.17647058823529413,0.23529411764705882,0.6470588235294118,0.47058823529411764,0.35294117647058826,0.6470588235294118,0.47058823529411764,0.35294117647058826,0.4117647058823529,0.29411764705882354,0.411764705882353,0.4235294117647059
bundesliga,2022,SCH,0.29411764705882354,0.4117647058823529,0.5882352941176471,0.23529411764705882,0.4117647058823529,0.35294117647058826,0.29411764705882354,0.5294117647058824,0.4117647058823529,0.29411764705882354,0.29411764705882354,0.47058823529411764,0.17647058823529413,0.11764705882352941,0.35294117647058826,0.35294117647058826,0.4117647058823529,0.5882352941176471,0.5882352941176471,0.35294117647058826,0.38235294117647056,0.37058823529411766
bundesliga,2022,STU,0.4117647058823529,0.4117647058823529,0.5882352941176471,0.4117647058823529,0.4117647058823529,0.4117647058823529,0.35294117647058826,0.29411764705882354,0.4117647058823529,0.47058823529411764,0.5882352941176471,0.4117647058823529,0.35294117647058826,0.47058823529411764,0.47058823529411764,0.35294117647058826,0.11764705882352941,0.35294117647058826,0.23529411764705882,0.29411764705882354,0.3941176470588235,0.38823529411764707
bundesliga,2022,UNI,0.4117647058823529,0.35294117647058826,0.11764705882352941,0.47058823529411764,0.35294117647058826,0.47058823529411764,0.5882352941176471,0.47058823529411764,0.47058823529411764,0.4117647058823529,0.23529411764705882,0.4117647058823529,0.35294117647058826,0.29411764705882354,0.35294117647058826,0.35294117647058826,0.23529411764705882,0.11764705882352941,0.29411764705882354,0.35294117647058826,0.3411764705882353,0.37058823529411766
bundesliga,2022,WERB,0.35294117647058826,0.47058823529411764,0.35294117647058826,0.35294117647058826,0.23529411764705882,0.29411764705882354,0.29411764705882354,0.47058823529411764,0.5294117647058824,0.5882352941176471,0.5294117647058824,0.5882352941176471,0.47058823529411764,0.4117647058823529,0.5294117647058824,0.4117647058823529,0.47058823529411764,0.5294117647058824,0.23529411764705882,0.35294117647058826,0.4,0.4470588235294117
bundesliga,2022,WOB,0.47058823529411764,0.47058823529411764,0.35294117647058826,0.17647058823529413,0.4117647058823529,0.35294117647058826,0.4117647058823529,0.23529411764705882,0.5294117647058824,0.47058823529411764,0.29411764705882354,0.23529411764705882,0.23529411764705882,0.47058823529411764,0.35294117647058826,0.4117647058823529,0.35294117647058826,0.35294117647058826,0.47058823529411764,0.4117647058823529,0.38823529411764707,0.35882352941176465
bundesliga,2023,AUG,0.47058823529411764,0.29411764705882354,0.35294117647058826,0.6470588235294118,0.35294117647058826,0.35294117647058826,0.47058823529411764,0.29411764705882354,0.17647058823529413,0.35294117647058826,0.4117647058823529,0.47058823529411764,0.4117647058823529,0.17647058823529413,0.35294117647058826,0.4117647058823529,0.29411764705882354,0.29411764705882354,0.35294117647058826,0.23529411764705882,0.36470588235294116,0.3529411764705882
bundesliga,2023,BAY,0.4117647058823529,0.35294117647058826,0.35294117647058826,0.17647058823529413,0.4117647058823529,0.4117647058823529,0.29411764705882354,0.4117647058823529,0.23529411764705882,0.29411764705882354,0.29411764705882354,0.29411764705882354,0.4117647058823529,0.23529411764705882,0.17647058823529413,0.29411764705882354,0.23529411764705882,0.4117647058823529,0.5882352941176471,0.17647058823529413,0.3411764705882353,0.30588235294117644
bundesliga,2023,BOC,0.23529411764705882,0.35294117647058826,0.29411764705882354,0.23529411764705882,0.35294117647058826,0.4117647058823529,0.23529411764705882,0.23529411764705882,0.4117647058823529,0.35294117647058826,0.47058823529411764,0.29411764705882354,0.6470588235294118,0.4117647058823529,0.47058823529411764,0.4117647058823529,0.17647058823529413,0.29411764705882354,0.47058823529411764,0.29411764705882354,0.3764705882352941,0.32941176470588235
bundesliga,2023,DAR,0.35294117647058826,0.35294117647058826,0.29411764705882354,0.35294117647058826,0.47058823529411764,0.35294117647058826,0.23529411764705882,0.4117647058823529,0.29411764705882354,0.5294117647058824,0.4117647058823529,0.23529411764705882,0.23529411764705882,0.35294117647058826,0.5294117647058824,0.47058823529411764,0.35294117647058826,0.5294117647058824,0.5294117647058824,0.47058823529411764,0.3705882352941176,0.40588235294117647
bundesliga,2023,DOR,0.23529411764705882,0.5294117647058824,0.4117647058823529,0.23529411764705882,0.35294117647058826,0.17647058823529413,0.23529411764705882,0.5882352941176471,0.29411764705882354,0.47058823529411764,0.47058823529411764,0.29411764705882354,0.29411764705882354,0.23529411764705882,0.29411764705882354,0.35294117647058826,0.35294117647058826,0.47058823529411764,0.4117647058823529,0.35294117647058826,0.33529411764705885,0.37058823529411766
bundesliga,2023,EINF,0.4117647058823529,0.5882352941176471,0.29411764705882354,0.4117647058823529,0.29411764705882354,0.4117647058823529,0.35294117647058826,0.4117647058823529,0.4117647058823529,0.35294117647058826,0.47058823529411764,0.35294117647058826,0.4117647058823529,0.29411764705882354,0.47058823529411764,0.11764705882352941,0.5294117647058824,0.5882352941176471,0.23529411764705882,0.47058823529411764,0.38823529411764707,0.4
bundesliga,2023,FRE,0.5882352941176471,0.29411764705882354,0.4117647058823529,0.29411764705882354,0.35294117647058826,0.35294117647058826,0.4117647058823529,0.17647058823529413,0.23529411764705882,0.17647058823529413,0.47058823529411764,0.47058823529411764,0.29411764705882354,0.4117647058823529,0.29411764705882354,0.4117647058823529,0.5294117647058824,0.29411764705882354,0.11764705882352941,0.6470588235294118,0.3705882352941176,0.3529411764705882
bundesliga,2023,HEI,0.5882352941176471,0.17647058823529413,0.47058823529411764,0.29411764705882354,0.35294117647058826,0.6470588235294118,0.35294117647058826,0.7058823529411765,0.23529411764705882,0.35294117647058826,0.29411764705882354,0.5294117647058824,0.17647058823529413,0.5294117647058824,0.17647058823529413,0.47058823529411764,0.35294117647058826,0.35294117647058826,0.35294117647058826,0.29411764705882354,0.33529411764705885,0.4352941176470588
bundesliga,2023,HOF,0.47058823529411764,0.29411764705882354,0.29411764705882354,0.47058823529411764,0.29411764705882354,0.4117647058823529,0.47058823529411764,0.29411764705882354,0.5294117647058824,0.23529411764705882,0.4117647058823529,0.23529411764705882,0.47058823529411764,0.35294117647058826,0.35294117647058826,0.4117647058823529,0.23529411764705882,0.35294117647058826,0.4117647058823529,0.4117647058823529,0.3941176470588235,0.34705882352941175
bundesliga,2023,KOL,0.4117647058823529,0.35294117647058826,0.6470588235294118,0.47058823529411764,0.4117647058823529,0.29411764705882354,0.4117647058823529,0.5294117647058824,0.4117647058823529,0.4117647058823529,0.47058823529411764,0.47058823529411764,0.4117647058823529,0.35294117647058826,0.35294117647058826,0.29411764705882354,0.47058823529411764,0.5294117647058824,0.4117647058823529,0.4117647058823529,0.44117647058823534,0.4117647058823529
bundesliga,2023,LEVK,0.4117647058823529,0.5294117647058824,0.35294117647058826,0.4117647058823529,0.47058823529411764,0.5294117647058824,0.29411764705882354,0.5294117647058824,0.35294117647058826,0.47058823529411764,0.29411764705882354,0.47058823529411764,0.35294117647058826,0.23529411764705882,0.29411764705882354,0.4117647058823529,0.47058823529411764,0.4117647058823529,0.47058823529411764,0.35294117647058826,0.3764705882352941,0.4352941176470588
bundesliga,2023,M'G,0.5294117647058824,0.47058823529411764,0.35294117647058826,0.4117647058823529,0.17647058823529413,0.47058823529411764,0.23529411764705882,0.5294117647058824,0.29411764705882354,0.47058823529411764,0.29411764705882354,0.47058823529411764,0.29411764705882354,0.47058823529411764,0.4117647058823529,0.35294117647058826,0.47058823529411764,0.35294117647058826,0.35294117647058826,0.35294117647058826,0.3411764705882353,0.4352941176470588
bundesliga,2023,MAI,0.23529411764705882,0.23529411764705882,0.17647058823529413,0.47058823529411764,0.5882352941176471,0.35294117647058826,0.35294117647058826,0.23529411764705882,0.29411764705882354,0.5294117647058824,0.23529411764705882,0.4117647058823529,0.35294117647058826,0.35294117647058826,0.17647058823529413,0.29411764705882354,0.11764705882352941,0.4117647058823529,0.35294117647058826,0.5882352941176471,0.2882352941176471,0.38823529411764707
bundesliga,2023,RBL,0.5294117647058824,0.35294117647058826,0.4117647058823529,0.29411764705882354,0.35294117647058826,0.4117647058823529,0.47058823529411764,0.35294117647058826,0.35294117647058826,0.47058823529411764,0.47058823529411764,0.35294117647058826,0.47058823529411764,0.5882352941176471,0.17647058823529413,0.35294117647058826,0.29411764705882354,0.47058823529411764,0.35294117647058826,0.23529411764705882,0.38823529411764707,0.38823529411764707
bundesliga,2023,STU,0.29411764705882354,0.35294117647058826,0.4117647058823529,0.4117647058823529,0.47058823529411764,0.29411764705882354,0.5882352941176471,0.11764705882352941,0.35294117647058826,0.23529411764705882,0.5294117647058824,0.29411764705882354,0.35294117647058826,0.5294117647058824,0.47058823529411764,0.35294117647058826,0.35294117647058826,0.17647058823529413,0.35294117647058826,0.35294117647058826,0.4176470588235294,0.3117647058823529
bundesliga,2023,UNI,0.35294117647058826,0.17647058823529413,0.29411764705882354,0.35294117647058826,0.4117647058823529,0.29411764705882354,0.11764705882352941,0.29411764705882354,0.47058823529411764,0.47058823529411764,0.17647058823529413,0.29411764705882354,0.47058823529411764,0.4117647058823529,0.35294117647058826,0.11764705882352941,0.4117647058823529,0.29411764705882354,0.47058823529411764,0.35294117647058826,0.35294117647058826,0.30588235294117644
bundesliga,2023,WERB,0.35294117647058826,0.5294117647058824,0.35294117647058826,0.23529411764705882,0.5294117647058824,0.35294117647058826,0.5294117647058824,0.29411764705882354,0.4117647058823529,0.29411764705882354,0.17647058823529413,0.4117647058823529,0.17647058823529413,0.35294117647058826,0.4117647058823529,0.47058823529411764,0.47058823529411764,0.5294117647058824,0.4117647058823529,0.35294117647058826,0.3823529411764706,0.38235294117647056
bundesliga,2023,WOB,0.4117647058823529,0.4117647058823529,0.29411764705882354,0.5294117647058824,0.47058823529411764,0.5294117647058824,0.47058823529411764,0.29411764705882354,0.47058823529411764,0.35294117647058826,0.23529411764705882,0.5294117647058824,0.4117647058823529,0.47058823529411764,0.4117647058823529,0.35294117647058826,0.5294117647058824,0.4117647058823529,0.5294117647058824,0.17647058823529413,0.4235294117647059,0.40588235294117647
bundesliga,2024,AUG,0.29411764705882354,0.5882352941176471,0.47058823529411764,0.29411764705882354,0.17647058823529413,0.47058823529411764,0.5294117647058824,0.5294117647058824,0.5294117647058824,0.17647058823529413,0.35294117647058826,0.23529411764705882,0.4117647058823529,0.29411764705882354,0.29411764705882354,0.47058823529411764,0.35294117647058826,0.35294117647058826,0.5294117647058824,0.5294117647058824,0.3941176470588235,0.3941176470588235
bundesliga,2024,BAY,0.5882352941176471,0.47058823529411764,0.23529411764705882,0.29411764705882354,0.29411764705882354,0.4117647058823529,0.4117647058823529,0.35294117647058826,0.23529411764705882,0.4117647058823529,0.23529411764705882,0.47058823529411764,0.4117647058823529,0.5294117647058824,0.35294117647058826,0.35294117647058826,0.4117647058823529,0.5882352941176471,0.23529411764705882,0.47058823529411764,0.3411764705882353,0.4352941176470588
bundesliga,2024,BOC,0.35294117647058826,0.29411764705882354,0.5882352941176471,0.5294117647058824,0.35294117647058826,0.5294117647058824,0.29411764705882354,0.29411764705882354,0.35294117647058826,0.4117647058823529,0.5294117647058824,0.35294117647058826,0.4117647058823529,0.29411764705882354,0.29411764705882354,0.4117647058823529,0.4117647058823529,0.35294117647058826,0.23529411764705882,0.5294117647058824,0.3823529411764706,0.39999999999999997
bundesliga,2024,DOR,0.35294117647058826,0.11764705882352941,0.35294117647058826,0.4117647058823529,0.4117647058823529,0.29411764705882354,0.4117647058823529,0.47058823529411764,0.47058823529411764,0.29411764705882354,0.29411764705882354,0.35294117647058826,0.29411764705882354,0.29411764705882354,0.6470588235294118,0.29411764705882354,0.29411764705882354,0.17647058823529413,0.23529411764705882,0.47058823529411764,0.3764705882352941,0.3176470588235294
bundesliga,2024,EINF,0.35294117647058826,0.47058823529411764,0.4117647058823529,0.23529411764705882,0.29411764705882354,0.5882352941176471,0.4117647058823529,0.5882352941176471,0.35294117647058826,0.35294117647058826,0.23529411764705882,0.47058823529411764,0.47058823529411764,0.47058823529411764,0.4117647058823529,0.4117647058823529,0.4117647058823529,0.47058823529411764,0.5882352941176471,0.47058823529411764,0.3941176470588236,0.45294117647058824
bundesliga,2024,FRE,0.5294117647058824,0.5294117647058824,0.35294117647058826,0.5882352941176471,0.29411764705882354,0.23529411764705882,0.47058823529411764,0.4117647058823529,0.29411764705882354,0.5294117647058824,0.47058823529411764,0.47058823529411764,0.4117647058823529,0.4117647058823529,0.4117647058823529,0.35294117647058826,0.29411764705882354,0.47058823529411764,0.17647058823529413,0.35294117647058826,0.3705882352941176,0.4352941176470588
bundesliga,2024,HEI,0.4117647058823529,0.5294117647058824,0.29411764705882354,0.35294117647058826,0.17647058823529413,0.29411764705882354,0.4117647058823529,0.47058823529411764,0.35294117647058826,0.5882352941176471,0.47058823529411764,0.7058823529411765,0.23529411764705882,0.11764705882352941,0.5882352941176471,0.29411764705882354,0.47058823529411764,0.29411764705882354,0.23529411764705882,0.29411764705882354,0.36470588235294116,0.3941176470588235
bundesliga,2024,HOF,0.35294117647058826,0.29411764705882354,0.35294117647058826,0.35294117647058826,0.47058823529411764,0.23529411764705882,0.5294117647058824,0.35294117647058826,0.23529411764705882,0.5882352941176471,0.4117647058823529,0.4117647058823529,0.6470588235294118,0.29411764705882354,0.23529411764705882,0.17647058823529413,0.23529411764705882,0.35294117647058826,0.23529411764705882,0.23529411764705882,0.37058823529411766,0.3294117647058824
bundesliga,2024,HOLK,0.35294117647058826,0.29411764705882354,0.47058823529411764,0.4117647058823529,0.47058823529411764,0.29411764705882354,0.4117647058823529,0.17647058823529413,0.29411764705882354,0.35294117647058826,0.5294117647058824,0.29411764705882354,0.4117647058823529,0.4117647058823529,0.23529411764705882,0.47058823529411764,0.29411764705882354,0.35294117647058826,0.29411764705882354,0.5294117647058824,0.37647058823529406,0.35882352941176465
bundesliga,2024,LEVK,0.47058823529411764,0.35294117647058826,0.47058823529411764,0.23529411764705882,0.23529411764705882,0.4117647058823529,0.29411764705882354,0.17647058823529413,0.5882352941176471,0.17647058823529413,0.29411764705882354,0.47058823529411764,0.23529411764705882,0.47058823529411764,0.23529411764705882,0.29411764705882354,0.29411764705882354,0.35294117647058826,0.4117647058823529,0.35294117647058826,0.3529411764705882,0.32941176470588235
bundesliga,2024,M'G,0.29411764705882354,0.4117647058823529,0.35294117647058826,0.4117647058823529,0.29411764705882354,0.4117647058823529,0.35294117647058826,0.47058823529411764,0.5882352941176471,0.35294117647058826,0.5294117647058824,0.17647058823529413,0.4117647058823529,0.35294117647058826,0.4117647058823529,0.47058823529411764,0.47058823529411764,0.47058823529411764,0.4117647058823529,0.23529411764705882,0.411764705882353,0.3764705882352941
bundesliga,2024,MAI,0.35294117647058826,0.29411764705882354,0.5882352941176471,0.29411764705882354,0.4117647058823529,0.6470588235294118,0.4117647058823529,0.4117647058823529,0.35294117647058826,0.17647058823529413,0.17647058823529413,0.35294117647058826,0.17647058823529413,0.17647058823529413,0.35294117647058826,0.47058823529411764,0.4117647058823529,0.29411764705882354,0.5882352941176471,0.29411764705882354,0.38235294117647056,0.34117647058823525
bundesliga,2024,RBL,0.35294117647058826,0.4117647058823529,0.4117647058823529,0.47058823529411764,0.47058823529411764,0.4117647058823529,0.4117647058823529,0.23529411764705882,0.35294117647058826,0.5294117647058824,0.4117647058823529,0.5882352941176471,0.23529411764705882,0.35294117647058826,0.4117647058823529,0.47058823529411764,0.29411764705882354,0.23529411764705882,0.23529411764705882,0.6470588235294118,0.35882352941176465,0.4352941176470589
bundesliga,2024,STP,0.47058823529411764,0.29411764705882354,0.29411764705882354,0.4117647058823529,0.23529411764705882,0.17647058823529413,0.4117647058823529,0.29411764705882354,0.35294117647058826,0.5294117647058824,0.29411764705882354,0.17647058823529413,0.6470588235294118,0.29411764705882354,0.29411764705882354,0.35294117647058826,0.29411764705882354,0.35294117647058826,0.29411764705882354,0.35294117647058826,0.35882352941176465,0.3235294117647059
bundesliga,2024,STU,0.5294117647058824,0.23529411764705882,0.35294117647058826,0.29411764705882354,0.4117647058823529,0.23529411764705882,0.4117647058823529,0.23529411764705882,0.35294117647058826,0.47058823529411764,0.4117647058823529,0.4117647058823529,0.4117647058823529,0.5882352941176471,0.35294117647058826,0.4117647058823529,0.5294117647058824,0.5294117647058824,0.35294117647058826,0.5882352941176471,0.4117647058823529,0.4
bundesliga,2024,UNI,0.35294117647058826,0.23529411764705882,0.35294117647058826,0.4117647058823529,0.29411764705882354,0.4117647058823529,0.35294117647058826,0.4117647058823529,0.4117647058823529,0.35294117647058826,0.4117647058823529,0.4117647058823529,0.4117647058823529,0.5294117647058824,0.5294117647058824,0.29411764705882354,0.5882352941176471,0.11764705882352941,0.4117647058823529,0.23529411764705882,0.411764705882353,0.3411764705882353
bundesliga,2024,WERB,0.23529411764705882,0.4117647058823529,0.29411764705882354,0.23529411764705882,0.47058823529411764,0.47058823529411764,0.23529411764705882,0.23529411764705882,0.35294117647058826,0.17647058823529413,0.35294117647058826,0.47058823529411764,0.29411764705882354,0.17647058823529413,0.47058823529411764,0.4117647058823529,0.4117647058823529,0.35294117647058826,0.35294117647058826,0.23529411764705882,0.34705882352941175,0.3176470588235294
bundesliga,2024,WOB,0.17647058823529413,0.5294117647058824,0.5882352941176471,0.23529411764705882,0.29411764705882354,0.11764705882352941,0.35294117647058826,0.29411764705882354,0.29411764705882354,0.5294117647058824,0.29411764705882354,0.23529411764705882,0.35294117647058826,0.47058823529411764,0.35294117647058826,0.35294117647058826,0.23529411764705882,0.35294117647058826,0.5882352941176471,0.23529411764705882,0.35294117647058826,0.33529411764705885
la_liga,2000,ALA,0.3684210526315789,0.47368421052631576,0.42105263157894735,0.3157894736842105,0.3684210526315789,0.3157894736842105,0.2631578947368421,0.5263157894736842,0.3684210526315789,0.3684210526315789,0.3684210526315789,0.10526315789473684,0.3684210526315789,0.42105263157894735,0.2631578947368421,0.2631578947368421,0.3684210526315789,0.3684210526315789,0.47368421052631576,0.5789473684210527,0.36315789473684207,0.37368421052631573
la_liga,2000,ATHB,0.47368421052631576,0.3684210526315789,0.47368421052631576,0.3157894736842105,0.42105263157894735,0.3684210526315789,0.3684210526315789,0.47368421052631576,0.3684210526315789,0.631578947368421,0.42105263157894735,0.2631578947368421,0.47368421052631576,0.2631578947368421,0.21052631578947367,0.3684210526315789,0.47368421052631576,0.42105263157894735,0.2631578947368421,0.2631578947368421,0.39473684210526316,0.37368421052631573
la_liga,2000,BARC,0.3157894736842105,0.3684210526315789,0.3157894736842105,0.3684210526315789,0.5263157894736842,0.42105263157894735,0.3684210526315789,0.3684210526315789,0.47368421052631576,0.3684210526315789,0.42105263157894735,0.2631578947368421,0.3157894736842105,0.5263157894736842,0.3684210526315789,0.5263157894736842,0.3157894736842105,0.3157894736842105,0.47368421052631576,0.42105263157894735,0.3894736842105263,0.39473684210526316
la_liga,2000,CEL,0.3157894736842105,0.5789473684210527,0.2631578947368421,0.3684210526315789,0.3684210526315789,0.47368421052631576,0.42105263157894735,0.3684210526315789,0.47368421052631576,0.3157894736842105,0.7368421052631579,0.3684210526315789,0.15789473684210525,0.47368421052631576,0.42105263157894735,0.2631578947368421,0.3684210526315789,0.3684210526315789,0.3684210526315789,0.5789473684210527,0.3894736842105263,0.41578947368421043
la_liga,2000,ESP,0.47368421052631576,0.2631578947368421,0.15789473684210525,0.631578947368421,0.3684210526315789,0.42105263157894735,0.21052631578947367,0.5789473684210527,0.42105263157894735,0.3157894736842105,0.21052631578947367,0.3157894736842105,0.2631578947368421,0.631578947368421,0.3157894736842105,0.47368421052631576,0.21052631578947367,0.631578947368421,0.3684210526315789,0.47368421052631576,0.3,0.47368421052631576
la_liga,2000,LAC,0.5789473684210527,0.5263157894736842,0.3157894736842105,0.47368421052631576,0.47368421052631576,0.3157894736842105,0.42105263157894735,0.42105263157894735,0.3157894736842105,0.47368421052631576,0.21052631578947367,0.3157894736842105,0.47368421052631576,0.5263157894736842,0.3157894736842105,0.42105263157894735,0.3157894736842105,0.15789473684210525,0.2631578947368421,0.2631578947368421,0.3684210526315789,0.3894736842105263
la_liga,2000,LASP,0.42105263157894735,0.42105263157894735,0.42105263157894735,0.3684210526315789,0.5263157894736842,0.21052631578947367,0.5789473684210527,0.3157894736842105,0.3684210526315789,0.21052631578947367,0.3684210526315789,0.15789473684210525,0.3157894736842105,0.3684210526315789,0.5263157894736842,0.15789473684210525,0.2631578947368421,0.21052631578947367,0.3684210526315789,0.2631578947368421,0.41578947368421054,0.2684210526315789
la_liga,2000,MALL,0.47368421052631576,0.47368421052631576,0.42105263157894735,0.47368421052631576,0.42105263157894735,0.3157894736842105,0.631578947368421,0.47368421052631576,0.42105263157894735,0.2631578947368421,0.3157894736842105,0.21052631578947367,0.3684210526315789,0.2631578947368421,0.47368421052631576,0.2631578947368421,0.3157894736842105,0.21052631578947367,0.631578947368421,0.3157894736842105,0.4473684210526316,0.3263157894736842
la_liga,2000,MLG,0.3157894736842105,0.3157894736842105,0.3684210526315789,0.3684210526315789,0.3684210526315789,0.3684210526315789,0.42105263157894735,0.2631578947368421,0.3684210526315789,0.15789473684210525,0.47368421052631576,0.2631578947368421,0.47368421052631576,0.3684210526315789,0.2631578947368421,0.21052631578947367,0.5789473684210527,0.47368421052631576,0.42105263157894735,0.21052631578947367,0.4052631578947368,0.3
la_liga,2000,NUM,0.2631578947368421,0.2631578947368421,0.42105263157894735,0.21052631578947367,0.42105263157894735,0.42105263157894735,0.42105263157894735,0.2631578947368421,0.5789473684210527,0.15789473684210525,0.2631578947368421,0.2631578947368421,0.3684210526315789,0.3684210526315789,0.5263157894736842,0.3684210526315789,0.2631578947368421,0.3157894736842105,0.3684210526315789,0.3157894736842105,0.38947368421052625,0.2947368421052632
la_liga,2000,OSA,0.42105263157894735,0.3157894736842105,0.47368421052631576,0.3684210526315789,0.47368421052631576,0.3157894736842105,0.2631578947368421,0.3157894736842105,0.47368421052631576,0.3157894736842105,0.21052631578947367,0.3157894736842105,0.42105263157894735,0.5263157894736842,0.3157894736842105,0.3684210526315789,0.3157894736842105,0.47368421052631576,0.47368421052631576,0.3684210526315789,0.38421052631578945,0.3684210526315789
la_liga,2000,OVI,0.3684210526315789,0.2631578947368421,0.42105263157894735,0.10526315789473684,0.47368421052631576,0.42105263157894735,0.3684210526315789,0.3157894736842105,0.42105263157894735,0.3684210526315789,0.47368421052631576,0.2631578947368421,0.47368421052631576,0.47368421052631576,0.5789473684210527,0.2631578947368421,0.5263157894736842,0.21052631578947367,0.47368421052631576,0.3684210526315789,0.45789473684210524,0.3052631578947368
la_liga,2000,RAYO,0.3684210526315789,0.631578947368421,0.47368421052631576,0.5263157894736842,0.15789473684210525,0.47368421052631576,0.2631578947368421,0.2631578947368421,0.3684210526315789,0.631578947368421,0.2631578947368421,0.2631578947368421,0.3157894736842105,0.2631578947368421,0.5789473684210527,0.3157894736842105,0.3157894736842105,0.3684210526315789,0.47368421052631576,0.5789473684210527,0.35789473684210527,0.43157894736842106
la_liga,2000,RMA,0.21052631578947367,0.3684210526315789,0.42105263157894735,0.3157894736842105,0.47368421052631576,0.5263157894736842,0.2631578947368421,0.3157894736842105,0.3157894736842105,0.5263157894736842,0.3684210526315789,0.3684210526315789,0.42105263157894735,0.42105263157894735,0.3157894736842105,0.3684210526315789,0.3157894736842105,0.42105263157894735,0.47368421052631576,0.15789473684210525,0.35789473684210527,0.3789473684210526
la_liga,2000,RSO,0.21052631578947367,0.3684210526315789,0.42105263157894735,0.2631578947368421,0.3157894736842105,0.3684210526315789,0.3157894736842105,0.47368421052631576,0.21052631578947367,0.3157894736842105,0.3684210526315789,0.47368421052631576,0.5263157894736842,0.3157894736842105,0.3684210526315789,0.10526315789473684,0.3684210526315789,0.5789473684210527,0.3157894736842105,0.21052631578947367,0.3421052631578947,0.3473684210526316
la_liga,2000,SAN,0.42105263157894735,0.5263157894736842,0.3157894736842105,0.2631578947368421,0.2631578947368421,0.3684210526315789,0.3157894736842105,0.3684210526315789,0.47368421052631576,0.5263157894736842,0.2631578947368421,0.3157894736842105,0.47368421052631576,0.3157894736842105,0.42105263157894735,0.631578947368421,0.15789473684210525,0.47368421052631576,0.3684210526315789,0.42105263157894735,0.34736842105263155,0.42105263157894735
la_liga,2000,VIL,0.2631578947368421,0.2631578947368421,0.3157894736842105,0.3684210526315789,0.3684210526315789,0.5789473684210527,0.42105263157894735,0.42105263157894735,0.2631578947368421,0.5263157894736842,0.42105263157894735,0.3684210526315789,0.5263157894736842,0.631578947368421,0.3684210526315789,0.47368421052631576,0.21052631578947367,0.21052631578947367,0.2631578947368421,0.2631578947368421,0.34210526315789475,0.41052631578947374
la_liga,2000,VLC,0.2631578947368421,0.2631578947368421,0.3684210526315789,0.5789473684210527,0.21052631578947367,0.2631578947368421,0.47368421052631576,0.3157894736842105,0.15789473684210525,0.3157894736842105,0.3157894736842105,0.5263157894736842,0.2631578947368421,0.42105263157894735,0.42105263157894735,0.47368421052631576,0.3684210526315789,0.5263157894736842,0.3684210526315789,0.42105263157894735,0.3210526315789473,0.41052631578947363
la_liga,2000,VLLD,0.47368421052631576,0.21052631578947367,0.5263157894736842,0.3157894736842105,0.3684210526315789,0.47368421052631576,0.3157894736842105,0.47368421052631576,0.47368421052631576,0.3684210526315789,0.5263157894736842,0.7368421052631579,0.2631578947368421,0.2631578947368421,0.21052631578947367,0.42105263157894735,0.2631578947368421,0.42105263157894735,0.42105263157894735,0.5789473684210527,0.38421052631578945,0.42631578947368415
la_liga,2000,ZAR,0.5263157894736842,0.42105263157894735,0.42105263157894735,0.3684210526315789,0.3684210526315789,0.3684210526315789,0.42105263157894735,0.21052631578947367,0.3157894736842105,0.3157894736842105,0.5789473684210527,0.631578947368421,0.47368421052631576,0.47368421052631576,0.42105263157894735,0.42105263157894735,0.42105263157894735,0.2631578947368421,0.21052631578947367,0.3157894736842105,0.41578947368421054,0.3789473684210526
la_liga,2001,ALA,0.2631578947368421,0.21052631578947367,0.47368421052631576,0.5263157894736842,0.2631578947368421,0.3684210526315789,0.3157894736842105,0.3684210526315789,0.631578947368421,0.15789473684210525,0.47368421052631576,0.5263157894736842,0.3684210526315789,0.42105263157894735,0.3684210526315789,0.42105263157894735,0.5263157894736842,0.3684210526315789,0.3684210526315789,0.42105263157894735,0.4052631578947368,0.3789473684210526
la_liga,2001,ATHB,0.3157894736842105,0.3684210526315789,0.42105263157894735,0.3684210526315789,0.3157894736842105,0.42105263157894735,0.3684210526315789,0.42105263157894735,0.15789473684210525,0.21052631578947367,0.47368421052631576,0.5789473684210527,0.42105263157894735,0.5263157894736842,0.21052631578947367,0.3684210526315789,0.2631578947368421,0.47368421052631576,0.3157894736842105,0.5263157894736842,0.3263157894736842,0.42631578947368426
la_liga,2001,BARC,0.21052631578947367,0.3157894736842105,0.3684210526315789,0.3684210526315789,0.3684210526315789,0.3684210526315789,0.47368421052631576,0.21052631578947367,0.3157894736842105,0.5263157894736842,0.3684210526315789,0.42105263157894735,0.15789473684210525,0.631578947368421,0.5263157894736842,0.3157894736842105,0.3157894736842105,0.3684210526315789,0.631578947368421,0.42105263157894735,0.37368421052631573,0.39473684210526316
la_liga,2001,BET,0.47368421052631576,0.47368421052631576,0.42105263157894735,0.3684210526315789,0.5263157894736842,0.47368421052631576,0.5263157894736842,0.2631578947368421,0.47368421052631576,0.42105263157894735,0.3684210526315789,0.3157894736842105,0.3157894736842105,0.3684210526315789,0.631578947368421,0.3157894736842105,0.2631578947368421,0.3157894736842105,0.3157894736842105,0.3684210526315789,0.43157894736842095,0.3684210526315789
la_liga,2001,CEL,0.5263157894736842,0.47368421052631576,0.42105263157894735,0.05263157894736842,0.42105263157894735,0.21052631578947367,0.3684210526315789,0.47368421052631576,0.42105263157894735,0.42105263157894735,0.42105263157894735,0.42105263157894735,0.3157894736842105,0.21052631578947367,0.2631578947368421,0.42105263157894735,0.3157894736842105,0.3157894736842105,0.3684210526315789,0.3684210526315789,0.38421052631578945,0.3368421052631579
la_liga,2001,ESP,0.3157894736842105,0.2631578947368421,0.3157894736842105,0.47368421052631576,0.21052631578947367,0.47368421052631576,0.3157894736842105,0.47368421052631576,0.2631578947368421,0.3157894736842105,0.631578947368421,0.5789473684210527,0.5263157894736842,0.3157894736842105,0.2631578947368421,0.3684210526315789,0.42105263157894735,0.2631578947368421,0.21052631578947367,0.15789473684210525,0.3473684210526316,0.3684210526315789
la_liga,2001,LAC,0.42105263157894735,0.2631578947368421,0.42105263157894735,0.42105263157894735,0.2631578947368421,0.42105263157894735,0.3157894736842105,0.42105263157894735,0.2631578947368421,0.15789473684210525,0.631578947368421,0.42105263157894735,0.3684210526315789,0.2631578947368421,0.3684210526315789,0.5263157894736842,0.47368421052631576,0.3684210526315789,0.3684210526315789,0.3157894736842105,0.3894736842105263,0.3578947368421052
la_liga,2001,LASP,0.47368421052631576,0.5263157894736842,0.3157894736842105,0.5789473684210527,0.47368421052631576,0.3684210526315789,0.42105263157894735,0.3157894736842105,0.47368421052631576,0.3157894736842105,0.5263157894736842,0.5263157894736842,0.42105263157894735,0.47368421052631576,0.47368421052631576,0.21052631578947367,0.21052631578947367,0.3684210526315789,0.42105263157894735,0.3684210526315789,0.42105263157894723,0.4052631578947368
la_liga,2001,MALL,0.42105263157894735,0.42105263157894735,0.631578947368421,0.47368421052631576,0.3157894736842105,0.21052631578947367,0.10526315789473684,0.3157894736842105,0.2631578947368421,0.3684210526315789,0.5263157894736842,0.21052631578947367,0.42105263157894735,0.21052631578947367,0.3157894736842105,0.5263157894736842,0.3157894736842105,0.3157894736842105,0.21052631578947367,0.2631578947368421,0.3526315789473684,0.3315789473684211
la_liga,2001,MLG,0.21052631578947367,0.42105263157894735,0.42105263157894735,0.3157894736842105,0.3684210526315789,0.3684210526315789,0.3684210526315789,0.21052631578947367,0.3157894736842105,0.3157894736842105,0.21052631578947367,0.42105263157894735,0.15789473684210525,0.3684210526315789,0.3684210526315789,0.3684210526315789,0.21052631578947367,0.2631578947368421,0.42105263157894735,0.42105263157894735,0.3052631578947368,0.3473684210526316
la_liga,2001,OSA,0.3684210526315789,0.3684210526315789,0.47368421052631576,0.42105263157894735,0.2631578947368421,0.3157894736842105,0.3157894736842105,0.3684210526315789,0.3157894736842105,0.3157894736842105,0.5789473684210527,0.2631578947368421,0.42105263157894735,0.2631578947368421,0.631578947368421,0.2631578947368421,0.5263157894736842,0.2631578947368421,0.3684210526315789,0.3157894736842105,0.42631578947368415,0.3157894736842105
la_liga,2001,RAYO,0.42105263157894735,0.3684210526315789,0.3157894736842105,0.2631578947368421,0.47368421052631576,0.3157894736842105,0.5263157894736842,0.5263157894736842,0.21052631578947367,0.42105263157894735,0.2631578947368421,0.3684210526315789,0.5789473684210527,0.21052631578947367,0.3157894736842105,0.3684210526315789,0.5263157894736842,0.42105263157894735,0.2631578947368421,0.42105263157894735,0.3894736842105263,0.3684210526315789
la_liga,2001,RMA,0.5789473684210527,0.21052631578947367,0.42105263157894735,0.5263157894736842,0.42105263157894735,0.3684210526315789,0.42105263157894735,0.3684210526315789,0.5789473684210527,0.631578947368421,0.3684210526315789,0.2631578947368421,0.3684210526315789,0.631578947368421,0.3684210526315789,0.3684210526315789,0.47368421052631576,0.3157894736842105,0.42105263157894735,0.5263157894736842,0.44210526315789467,0.42105263157894735
la_liga,2001,RSO,0.3157894736842105,0.42105263157894735,0.42105263157894735,0.3157894736842105,0.47368421052631576,0.42105263157894735,0.5263157894736842,0.3684210526315789,0.2631578947368421,0.5263157894736842,0.3684210526315789,0.3157894736842105,0.47368421052631576,0.5789473684210527,0.3684210526315789,0.21052631578947367,0.5263157894736842,0.3684210526315789,0.3157894736842105,0.3157894736842105,0.4052631578947368,0.38421052631578945
la_liga,2001,SEV,0.47368421052631576,0.3684210526315789,0.42105263157894735,0.15789473684210525,0.3157894736842105,0.42105263157894735,0.42105263157894735,0.42105263157894735,0.42105263157894735,0.5263157894736842,0.5789473684210527,0.3157894736842105,0.3684210526315789,0.3684210526315789,0.3157894736842105,0.3157894736842105,0.3684210526315789,0.3684210526315789,0.3684210526315789,0.3684210526315789,0.4052631578947368,0.363157894736842
la_liga,2001,TEN,0.3684210526315789,0.42105263157894735,0.2631578947368421,0.5789473684210527,0.3157894736842105,0.42105263157894735,0.42105263157894735,0.2631578947368421,0.3684210526315789,0.3684210526315789,0.10526315789473684,0.3157894736842105,0.47368421052631576,0.2631578947368421,0.2631578947368421,0.2631578947368421,0.3157894736842105,0.3684210526315789,0.47368421052631576,0.3157894736842105,0.3368421052631579,0.3578947368421052
la_liga,2001,VIL,0.3684210526315789,0.42105263157894735,0.3684210526315789,0.3157894736842105,0.3157894736842105,0.42105263157894735,0.3684210526315789,0.3684210526315789,0.2631578947368421,0.47368421052631576,0.3157894736842105,0.47368421052631576,0.2631578947368421,0.3157894736842105,0.3684210526315789,0.3684210526315789,0.3684210526315789,0.2631578947368421,0.47368421052631576,0.3157894736842105,0.3473684210526316,0.37368421052631573
la_liga,2001,VLC,0.3157894736842105,0.2631578947368421,0.3684210526315789,0.21052631578947367,0.2631578947368421,0.3684210526315789,0.3157894736842105,0.42105263157894735,0.3157894736842105,0.2631578947368421,0.3684210526315789,0.42105263157894735,0.15789473684210525,0.5263157894736842,0.3157894736842105,0.2631578947368421,0.2631578947368421,0.42105263157894735,0.42105263157894735,0.47368421052631576,0.31052631578947365,0.36315789473684207
la_liga,2001,VLLD,0.3684210526315789,0.3684210526315789,0.3684210526315789,0.47368421052631576,0.2631578947368421,0.3684210526315789,0.42105263157894735,0.47368421052631576,0.3684210526315789,0.3684210526315789,0.3157894736842105,0.42105263157894735,0.3684210526315789,0.2631578947368421,0.3157894736842105,0.3684210526315789,0.47368421052631576,0.47368421052631576,0.42105263157894735,0.47368421052631576,0.3684210526315789,0.4052631578947368
la_liga,2001,ZAR,0.2631578947368421,0.3684210526315789,0.21052631578947367,0.47368421052631576,0.47368421052631576,0.3684210526315789,0.3684210526315789,0.47368421052631576,0.3157894736842105,0.3684210526315789,0.2631578947368421,0.3684210526315789,0.21052631578947367,0.3157894736842105,0.3157894736842105,0.42105263157894735,0.2631578947368421,0.3157894736842105,0.3157894736842105,0.631578947368421,0.29999999999999993,0.41052631578947374
la_liga,2002,ALA,0.47368421052631576,0.42105263157894735,0.21052631578947367,0.3157894736842105,0.47368421052631576,0.47368421052631576,0.3157894736842105,0.21052631578947367,0.2631578947368421,0.3157894736842105,0.2631578947368421,0.2631578947368421,0.3684210526315789,0.2631578947368421,0.3157894736842105,0.42105263157894735,0.2631578947368421,0.3157894736842105,0.10526315789473684,0.2631578947368421,0.3052631578947368,0.3263157894736842
la_liga,2002,ATHB,0.21052631578947367,0.47368421052631576,0.3157894736842105,0.47368421052631576,0.3684210526315789,0.3157894736842105,0.42105263157894735,0.2631578947368421,0.3684210526315789,0.21052631578947367,0.42105263157894735,0.10526315789473684,0.3684210526315789,0.3157894736842105,0.47368421052631576,0.42105263157894735,0.42105263157894735,0.3157894736842105,0.47368421052631576,0.42105263157894735,0.3842105263157895,0.33157894736842103
la_liga,2002,ATHM,0.47368421052631576,0.3157894736842105,0.3157894736842105,0.3684210526315789,0.3157894736842105,0.21052631578947367,0.3157894736842105,0.47368421052631576,0.2631578947368421,0.15789473684210525,0.3157894736842105,0.3157894736842105,0.2631578947368421,0.3684210526315789,0.2631578947368421,0.3684210526315789,0.2631578947368421,0.5263157894736842,0.3157894736842105,0.3157894736842105,0.31052631578947365,0.3421052631578947
la_liga,2002,BARC,0.47368421052631576,0.3157894736842105,0.47368421052631576,0.3157894736842105,0.47368421052631576,0.2631578947368421,0.3684210526315789,0.2631578947368421,0.42105263157894735,0.47368421052631576,0.5263157894736842,0.47368421052631576,0.47368421052631576,0.5263157894736842,0.2631578947368421,0.3157894736842105,0.3157894736842105,0.5263157894736842,0.47368421052631576,0.3684210526315789,0.42631578947368415,0.38421052631578945
la_liga,2002,BET,0.3684210526315789,0.3157894736842105,0.3684210526315789,0.47368421052631576,0.47368421052631576,0.2631578947368421,0.42105263157894735,0.21052631578947367,0.3157894736842105,0.47368421052631576,0.47368421052631576,0.3157894736842105,0.47368421052631576,0.3157894736842105,0.3157894736842105,0.42105263157894735,0.15789473684210525,0.3684210526315789,0.5789473684210527,0.3157894736842105,0.39473684210526316,0.34736842105263155
la_liga,2002,CEL,0.3157894736842105,0.3684210526315789,0.5789473684210527,0.3157894736842105,0.3157894736842105,0.5789473684210527,0.2631578947368421,0.3157894736842105,0.2631578947368421,0.42105263157894735,0.3157894736842105,0.47368421052631576,0.2631578947368421,0.42105263157894735,0.2631578947368421,0.47368421052631576,0.2631578947368421,0.42105263157894735,0.21052631578947367,0.3157894736842105,0.3052631578947368,0.41052631578947363
la_liga,2002,ESP,0.3157894736842105,0.42105263157894735,0.3684210526315789,0.42105263157894735,0.42105263157894735,0.3684210526315789,0.47368421052631576,0.5263157894736842,0.5263157894736842,0.47368421052631576,0.47368421052631576,0.21052631578947367,0.47368421052631576,0.3157894736842105,0.3684210526315789,0.3157894736842105,0.3684210526315789,0.42105263157894735,0.3684210526315789,0.3684210526315789,0.41578947368421043,0.38421052631578945
la_liga,2002,LAC,0.3157894736842105,0.3157894736842105,0.3157894736842105,0.3157894736842105,0.3157894736842105,0.47368421052631576,0.42105263157894735,0.3684210526315789,0.47368421052631576,0.631578947368421,0.3157894736842105,0.42105263157894735,0.3684210526315789,0.3684210526315789,0.3684210526315789,0.47368421052631576,0.47368421052631576,0.15789473684210525,0.3684210526315789,0.3684210526315789,0.37368421052631573,0.3894736842105263
la_liga,2002,MALL,0.3684210526315789,0.42105263157894735,0.3157894736842105,0.3684210526315789,0.3157894736842105,0.3684210526315789,0.3684210526315789,0.47368421052631576,0.21052631578947367,0.42105263157894735,0.3157894736842105,0.42105263157894735,0.3157894736842105,0.5263157894736842,0.42105263157894735,0.5789473684210527,0.5789473684210527,0.3684210526315789,0.21052631578947367,0.3684210526315789,0.3421052631578947,0.43157894736842095
la_liga,2002,MLG,0.5789473684210527,0.3157894736842105,0.5263157894736842,0.3684210526315789,0.47368421052631576,0.3684210526315789,0.3157894736842105,0.47368421052631576,0.2631578947368421,0.42105263157894735,0.5789473684210527,0.5263157894736842,0.42105263157894735,0.3684210526315789,0.3157894736842105,0.5263157894736842,0.42105263157894735,0.3684210526315789,0.42105263157894735,0.42105263157894735,0.43157894736842106,0.41578947368421043
la_liga,2002,OSA,0.2631578947368421,0.42105263157894735,0.3684210526315789,0.3684210526315789,0.3684210526315789,0.2631578947368421,0.42105263157894735,0.3157894736842105,0.42105263157894735,0.15789473684210525,0.3684210526315789,0.42105263157894735,0.42105263157894735,0.5263157894736842,0.47368421052631576,0.2631578947368421,0.5263157894736842,0.42105263157894735,0.3157894736842105,0.2631578947368421,0.39473684210526316,0.34210526315789475
la_liga,2002,RAYO,0.3157894736842105,0.5263157894736842,0.2631578947368421,0.21052631578947367,0.3157894736842105,0.21052631578947367,0.3157894736842105,0.47368421052631576,0.42105263157894735,0.42105263157894735,0.3684210526315789,0.3684210526315789,0.2631578947368421,0.3157894736842105,0.3157894736842105,0.5263157894736842,0.42105263157894735,0.42105263157894735,0.42105263157894735,0.5789473684210527,0.34210526315789475,0.4052631578947368
la_liga,2002,REC,0.2631578947368421,0.42105263157894735,0.42105263157894735,0.42105263157894735,0.2631578947368421,0.3684210526315789,0.2631578947368421,0.2631578947368421,0.5789473684210527,0.3157894736842105,0.3684210526315789,0.3684210526315789,0.631578947368421,0.2631578947368421,0.6842105263157895,0.5263157894736842,0.42105263157894735,0.42105263157894735,0.3157894736842105,0.42105263157894735,0.42105263157894735,0.3789473684210526
la_liga,2002,RMA,0.3157894736842105,0.3157894736842105,0.631578947368421,0.42105263157894735,0.21052631578947367,0.47368421052631576,0.42105263157894735,0.2631578947368421,0.42105263157894735,0.42105263157894735,0.2631578947368421,0.42105263157894735,0.47368421052631576,0.47368421052631576,0.3157894736842105,0.3684210526315789,0.42105263157894735,0.6842105263157895,0.21052631578947367,0.42105263157894735,0.3684210526315789,0.42631578947368426
la_liga,2002,RSO,0.42105263157894735,0.42105263157894735,0.3684210526315789,0.42105263157894735,0.3157894736842105,0.47368421052631576,0.2631578947368421,0.47368421052631576,0.47368421052631576,0.15789473684210525,0.3684210526315789,0.47368421052631576,0.5789473684210527,0.42105263157894735,0.21052631578947367,0.5789473684210527,0.3157894736842105,0.3684210526315789,0.47368421052631576,0.47368421052631576,0.37894736842105264,0.42631578947368415
la_liga,2002,SAN,0.2631578947368421,0.6842105263157895,0.3684210526315789,0.2631578947368421,0.42105263157894735,0.42105263157894735,0.3684210526315789,0.42105263157894735,0.5263157894736842,0.5263157894736842,0.2631578947368421,0.42105263157894735,0.3684210526315789,0.2631578947368421,0.5789473684210527,0.15789473684210525,0.3684210526315789,0.2631578947368421,0.3684210526315789,0.3684210526315789,0.3894736842105263,0.3789473684210526
la_liga,2002,SEV,0.42105263157894735,0.3684210526315789,0.47368421052631576,0.21052631578947367,0.3157894736842105,0.21052631578947367,0.3684210526315789,0.5263157894736842,0.3684210526315789,0.3157894736842105,0.42105263157894735,0.21052631578947367,0.15789473684210525,0.47368421052631576,0.3157894736842105,0.3157894736842105,0.3684210526315789,0.3684210526315789,0.42105263157894735,0.47368421052631576,0.36315789473684207,0.3473684210526316
la_liga,2002,VIL,0.42105263157894735,0.42105263157894735,0.05263157894736842,0.3157894736842105,0.47368421052631576,0.42105263157894735,0.6842105263157895,0.3157894736842105,0.21052631578947367,0.2631578947368421,0.5263157894736842,0.5789473684210527,0.3157894736842105,0.21052631578947367,0.3684210526315789,0.3157894736842105,0.42105263157894735,0.3157894736842105,0.42105263157894735,0.3684210526315789,0.3894736842105263,0.3526315789473684
la_liga,2002,VLC,0.5789473684210527,0.3157894736842105,0.47368421052631576,0.2631578947368421,0.42105263157894735,0.3157894736842105,0.42105263157894735,0.2631578947368421,0.3157894736842105,0.2631578947368421,0.5263157894736842,0.21052631578947367,0.3157894736842105,0.3684210526315789,0.3684210526315789,0.3684210526315789,0.3157894736842105,0.3157894736842105,0.42105263157894735,0.21052631578947367,0.41578947368421043,0.28947368421052627
la_liga,2002,VLLD,0.47368421052631576,0.3684210526315789,0.15789473684210525,0.47368421052631576,0.2631578947368421,0.47368421052631576,0.47368421052631576,0.7368421052631579,0.3684210526315789,0.47368421052631576,0.3157894736842105,0.21052631578947367,0.3157894736842105,0.3157894736842105,0.2631578947368421,0.47368421052631576,0.3684210526315789,0.5263157894736842,0.10526315789473684,0.2631578947368421,0.31052631578947365,0.43157894736842106
la_liga,2003,ALB,0.3157894736842105,0.47368421052631576,0.5789473684210527,0.47368421052631576,0.3684210526315789,0.5263157894736842,0.2631578947368421,0.21052631578947367,0.2631578947368421,0.2631578947368421,0.21052631578947367,0.2631578947368421,0.3684210526315789,0.5263157894736842,0.42105263157894735,0.5263157894736842,0.47368421052631576,0.3684210526315789,0.42105263157894735,0.3684210526315789,0.3684210526315789,0.39999999999999997
la_liga,2003,ATHB,0.3157894736842105,0.3157894736842105,0.3684210526315789,0.3684210526315789,0.3684210526315789,0.42105263157894735,0.3157894736842105,0.2631578947368421,0.15789473684210525,0.42105263157894735,0.2631578947368421,0.3157894736842105,0.15789473684210525,0.3684210526315789,0.47368421052631576,0.21052631578947367,0.47368421052631576,0.42105263157894735,0.42105263157894735,0.5789473684210527,0.33157894736842103,0.3684210526315789
la_liga,2003,ATHM,0.3684210526315789,0.3157894736842105,0.2631578947368421,0.42105263157894735,0.2631578947368421,0.3684210526315789,0.42105263157894735,0.21052631578947367,0.2631578947368421,0.631578947368421,0.3684210526315789,0.3157894736842105,0.3157894736842105,0.5263157894736842,0.5263157894736842,0.3157894736842105,0.21052631578947367,0.42105263157894735,0.47368421052631576,0.5263157894736842,0.3473684210526316,0.4052631578947368
la_liga,2003,BARC,0.47368421052631576,0.47368421052631576,0.3684210526315789,0.3157894736842105,0.42105263157894735,0.47368421052631576,0.3157894736842105,0.3684210526315789,0.5263157894736842,0.3684210526315789,0.3684210526315789,0.15789473684210525,0.5263157894736842,0.3157894736842105,0.3684210526315789,0.2631578947368421,0.3684210526315789,0.5789473684210527,0.42105263157894735,0.10526315789473684,0.41578947368421043,0.3421052631578947
la_liga,2003,BET,0.2631578947368421,0.42105263157894735,0.3684210526315789,0.3157894736842105,0.15789473684210525,0.42105263157894735,0.47368421052631576,0.3684210526315789,0.42105263157894735,0.2631578947368421,0.42105263157894735,0.42105263157894735,0.15789473684210525,0.21052631578947367,0.3157894736842105,0.47368421052631576,0.21052631578947367,0.2631578947368421,0.47368421052631576,0.2631578947368421,0.32631578947368417,0.3421052631578947
la_liga,2003,CEL,0.3684210526315789,0.2631578947368421,0.5263157894736842,0.3684210526315789,0.5263157894736842,0.3684210526315789,0.3157894736842105,0.3157894736842105,0.2631578947368421,0.42105263157894735,0.2631578947368421,0.3684210526315789,0.2631578947368421,0.3684210526315789,0.5789473684210527,0.5263157894736842,0.21052631578947367,0.3684210526315789,0.3157894736842105,0.3684210526315789,0.363157894736842,0.37368421052631573
la_liga,2003,ESP,0.3157894736842105,0.5263157894736842,0.3157894736842105,0.5789473684210527,0.3157894736842105,0.3157894736842105,0.42105263157894735,0.3684210526315789,0.3157894736842105,0.47368421052631576,0.47368421052631576,0.42105263157894735,0.2631578947368421,0.10526315789473684,0.3684210526315789,0.3684210526315789,0.3684210526315789,0.2631578947368421,0.10526315789473684,0.42105263157894735,0.32631578947368417,0.38421052631578945
la_liga,2003,LAC,0.47368421052631576,0.2631578947368421,0.3157894736842105,0.3157894736842105,0.3684210526315789,0.3157894736842105,0.5263157894736842,0.3157894736842105,0.47368421052631576,0.2631578947368421,0.47368421052631576,0.42105263157894735,0.3157894736842105,0.3157894736842105,0.3684210526315789,0.47368421052631576,0.2631578947368421,0.3157894736842105,0.42105263157894735,0.2631578947368421,0.39999999999999997,0.3263157894736842
la_liga,2003,MALL,0.5263157894736842,0.2631578947368421,0.3684210526315789,0.2631578947368421,0.2631578947368421,0.3157894736842105,0.47368421052631576,0.47368421052631576,0.3157894736842105,0.3684210526315789,0.3684210526315789,0.3684210526315789,0.5263157894736842,0.42105263157894735,0.2631578947368421,0.3684210526315789,0.42105263157894735,0.3684210526315789,0.47368421052631576,0.3684210526315789,0.39999999999999997,0.3578947368421052
la_liga,2003,MLG,0.5263157894736842,0.42105263157894735,0.21052631578947367,0.2631578947368421,0.2631578947368421,0.3157894736842105,0.21052631578947367,0.3684210526315789,0.47368421052631576,0.42105263157894735,0.47368421052631576,0.47368421052631576,0.47368421052631576,0.47368421052631576,0.42105263157894735,0.2631578947368421,0.42105263157894735,0.5263157894736842,0.3684210526315789,0.3684210526315789,0.38421052631578945,0.38947368421052625
la_liga,2003,MUR,0.2631578947368421,0.21052631578947367,0.5263157894736842,0.3684210526315789,0.5789473684210527,0.3157894736842105,0.42105263157894735,0.3157894736842105,0.47368421052631576,0.3157894736842105,0.10526315789473684,0.631578947368421,0.2631578947368421,0.7368421052631579,0.42105263157894735,0.3157894736842105,0.3157894736842105,0.3684210526315789,0.3684210526315789,0.5789473684210527,0.37368421052631573,0.41578947368421043
la_liga,2003,OSA,0.42105263157894735,0.3684210526315789,0.2631578947368421,0.47368421052631576,0.2631578947368421,0.5789473684210527,0.3684210526315789,0.3684210526315789,0.47368421052631576,0.2631578947368421,0.21052631578947367,0.21052631578947367,0.21052631578947367,0.47368421052631576,0.3157894736842105,0.10526315789473684,0.47368421052631576,0.42105263157894735,0.3684210526315789,0.3684210526315789,0.3368421052631579,0.36315789473684207
la_liga,2003,RMA,0.42105263157894735,0.21052631578947367,0.3157894736842105,0.42105263157894735,0.21052631578947367,0.2631578947368421,0.47368421052631576,0.3684210526315789,0.42105263157894735,0.21052631578947367,0.3157894736842105,0.2631578947368421,0.3157894736842105,0.42105263157894735,0.3157894736842105,0.5263157894736842,0.2631578947368421,0.47368421052631576,0.42105263157894735,0.47368421052631576,0.34736842105263155,0.3631578947368421
la_liga,2003,RSO,0.3157894736842105,0.3157894736842105,0.3684210526315789,0.3157894736842105,0.5789473684210527,0.10526315789473684,0.5789473684210527,0.42105263157894735,0.3157894736842105,0.3157894736842105,0.47368421052631576,0.3157894736842105,0.3157894736842105,0.21052631578947367,0.3157894736842105,0.42105263157894735,0.6842105263157895,0.2631578947368421,0.42105263157894735,0.47368421052631576,0.43684210526315786,0.3157894736842105
la_liga,2003,SAN,0.47368421052631576,0.2631578947368421,0.3684210526315789,0.3684210526315789,0.2631578947368421,0.10526315789473684,0.5789473684210527,0.3684210526315789,0.3684210526315789,0.3157894736842105,0.3684210526315789,0.21052631578947367,0.42105263157894735,0.42105263157894735,0.2631578947368421,0.42105263157894735,0.21052631578947367,0.3157894736842105,0.2631578947368421,0.3157894736842105,0.35789473684210527,0.31052631578947365
la_liga,2003,SEV,0.10526315789473684,0.47368421052631576,0.3684210526315789,0.42105263157894735,0.3684210526315789,0.3157894736842105,0.2631578947368421,0.42105263157894735,0.3157894736842105,0.3684210526315789,0.5263157894736842,0.42105263157894735,0.631578947368421,0.2631578947368421,0.42105263157894735,0.3684210526315789,0.5789473684210527,0.3684210526315789,0.42105263157894735,0.21052631578947367,0.4,0.363157894736842
la_liga,2003,VIL,0.3684210526315789,0.42105263157894735,0.3684210526315789,0.15789473684210525,0.47368421052631576,0.631578947368421,0.3157894736842105,0.3157894736842105,0.3157894736842105,0.5263157894736842,0.3157894736842105,0.47368421052631576,0.21052631578947367,0.42105263157894735,0.2631578947368421,0.42105263157894735,0.42105263157894735,0.47368421052631576,0.21052631578947367,0.5263157894736842,0.32631578947368417,0.43684210526315786
la_liga,2003,VLC,0.2631578947368421,0.3684210526315789,0.47368421052631576,0.2631578947368421,0.47368421052631576,0.47368421052631576,0.3684210526315789,0.42105263157894735,0.2631578947368421,0.3684210526315789,0.42105263157894735,0.21052631578947367,0.47368421052631576,0.3157894736842105,0.3684210526315789,0.42105263157894735,0.3684210526315789,0.42105263157894735,0.631578947368421,0.3684210526315789,0.41052631578947363,0.36315789473684207
la_liga,2003,VLLD,0.3684210526315789,0.5263157894736842,0.3157894736842105,0.42105263157894735,0.47368421052631576,0.2631578947368421,0.42105263157894735,0.3684210526315789,0.21052631578947367,0.42105263157894735,0.47368421052631576,0.5263157894736842,0.5789473684210527,0.3157894736842105,0.3684210526315789,0.42105263157894735,0.3157894736842105,0.3684210526315789,0.47368421052631576,0.21052631578947367,0.4,0.38421052631578945
la_liga,2003,ZAR,0.3157894736842105,0.2631578947368421,0.5789473684210527,0.3684210526315789,0.3157894736842105,0.3684210526315789,0.2631578947368421,0.6842105263157895,0.2631578947368421,0.3157894736842105,0.42105263157894735,0.47368421052631576,0.3684210526315789,0.5263157894736842,0.3684210526315789,0.42105263157894735,0.10526315789473684,0.10526315789473684,0.42105263157894735,0.2631578947368421,0.34210526315789475,0.3789473684210526
la_liga,2005,ALA,0.47368421052631576,0.42105263157894735,0.47368421052631576,0.3684210526315789,0.05263157894736842,0.3157894736842105,0.10526315789473684,0.6842105263157895,0.47368421052631576,0.21052631578947367,0.47368421052631576,0.3684210526315789,0.3157894736842105,0.3684210526315789,0.47368421052631576,0.47368421052631576,0.47368421052631576,0.3684210526315789,0.47368421052631576,0.2631578947368421,0.37894736842105264,0.38421052631578945
la_liga,2005,ATHB,0.47368421052631576,0.15789473684210525,0.3684210526315789,0.2631578947368421,0.47368421052631576,0.3684210526315789,0.21052631578947367,0.5263157894736842,0.2631578947368421,0.5263157894736842,0.42105263157894735,0.2631578947368421,0.42105263157894735,0.42105263157894735,0.42105263157894735,0.42105263157894735,0.3157894736842105,0.3684210526315789,0.3157894736842105,0.3157894736842105,0.3684210526315789,0.36315789473684207
la_liga,2005,ATHM,0.15789473684210525,0.42105263157894735,0.42105263157894735,0.42105263157894735,0.42105263157894735,0.42105263157894735,0.2631578947368421,0.2631578947368421,0.3684210526315789,0.5789473684210527,0.2631578947368421,0.10526315789473684,0.5263157894736842,0.2631578947368421,0.3157894736842105,0.47368421052631576,0.47368421052631576,0.42105263157894735,0.2631578947368421,0.2631578947368421,0.34736842105263155,0.36315789473684207
la_liga,2005,BARC,0.2631578947368421,0.21052631578947367,0.5263157894736842,0.3684210526315789,0.3684210526315789,0.47368421052631576,0.3684210526315789,0.42105263157894735,0.42105263157894735,0.2631578947368421,0.47368421052631576,0.47368421052631576,0.2631578947368421,0.3157894736842105,0.3684210526315789,0.2631578947368421,0.42105263157894735,0.42105263157894735,0.47368421052631576,0.3684210526315789,0.39473684210526316,0.35789473684210527
la_liga,2005,BET,0.5263157894736842,0.3157894736842105,0.3157894736842105,0.3684210526315789,0.47368421052631576,0.21052631578947367,0.2631578947368421,0.3684210526315789,0.3157894736842105,0.3684210526315789,0.2631578947368421,0.5263157894736842,0.3157894736842105,0.3684210526315789,0.5789473684210527,0.6842105263157895,0.3157894736842105,0.42105263157894735,0.2631578947368421,0.5789473684210527,0.3631578947368421,0.42105263157894735
la_liga,2005,CAD,0.15789473684210525,0.3157894736842105,0.2631578947368421,0.3684210526315789,0.3157894736842105,0.15789473684210525,0.47368421052631576,0.2631578947368421,0.2631578947368421,0.15789473684210525,0.21052631578947367,0.3684210526315789,0.5789473684210527,0.5263157894736842,0.3684210526315789,0.15789473684210525,0.3684210526315789,0.47368421052631576,0.42105263157894735,0.3157894736842105,0.34210526315789475,0.31052631578947365
la_liga,2005,CEL,0.42105263157894735,0.2631578947368421,0.3684210526315789,0.42105263157894735,0.21052631578947367,0.21052631578947367,0.3157894736842105,0.5789473684210527,0.5263157894736842,0.3684210526315789,0.3684210526315789,0.47368421052631576,0.42105263157894735,0.10526315789473684,0.2631578947368421,0.3157894736842105,0.2631578947368421,0.3684210526315789,0.47368421052631576,0.3157894736842105,0.36315789473684207,0.3421052631578947
la_liga,2005,ESP,0.42105263157894735,0.2631578947368421,0.47368421052631576,0.42105263157894735,0.3684210526315789,0.47368421052631576,0.42105263157894735,0.15789473684210525,0.3157894736842105,0.42105263157894735,0.5263157894736842,0.3684210526315789,0.3157894736842105,0.47368421052631576,0.42105263157894735,0.47368421052631576,0.21052631578947367,0.3684210526315789,0.42105263157894735,0.21052631578947367,0.3894736842105263,0.363157894736842
la_liga,2005,GET,0.5263157894736842,0.2631578947368421,0.47368421052631576,0.15789473684210525,0.3684210526315789,0.42105263157894735,0.3684210526315789,0.15789473684210525,0.47368421052631576,0.42105263157894735,0.47368421052631576,0.3684210526315789,0.5789473684210527,0.3684210526315789,0.42105263157894735,0.3157894736842105,0.3684210526315789,0.3684210526315789,0.5263157894736842,0.3684210526315789,0.45789473684210524,0.32105263157894737
la_liga,2005,LAC,0.3684210526315789,0.5263157894736842,0.21052631578947367,0.5263157894736842,0.5789473684210527,0.42105263157894735,0.42105263157894735,0.3684210526315789,0.3684210526315789,0.3157894736842105,0.2631578947368421,0.2631578947368421,0.2631578947368421,0.3157894736842105,0.21052631578947367,0.3684210526315789,0.47368421052631576,0.47368421052631576,0.631578947368421,0.3684210526315789,0.37894736842105264,0.39473684210526316
la_liga,2005,MALL,0.3157894736842105,0.2631578947368421,0.3684210526315789,0.3157894736842105,0.42105263157894735,0.42105263157894735,0.47368421052631576,0.42105263157894735,0.3684210526315789,0.3157894736842105,0.42105263157894735,0.631578947368421,0.3684210526315789,0.5789473684210527,0.21052631578947367,0.2631578947368421,0.5263157894736842,0.42105263157894735,0.42105263157894735,0.47368421052631576,0.3894736842105263,0.41052631578947363
la_liga,2005,MLG,0.3684210526315789,0.21052631578947367,0.47368421052631576,0.3157894736842105,0.3684210526315789,0.2631578947368421,0.47368421052631576,0.3684210526315789,0.2631578947368421,0.3157894736842105,0.5789473684210527,0.3684210526315789,0.3684210526315789,0.21052631578947367,0.42105263157894735,0.2631578947368421,0.42105263157894735,0.3684210526315789,0.3684210526315789,0.47368421052631576,0.41052631578947374,0.3157894736842105
la_liga,2005,OSA,0.2631578947368421,0.42105263157894735,0.3157894736842105,0.5263157894736842,0.42105263157894735,0.21052631578947367,0.3684210526315789,0.5263157894736842,0.7368421052631579,0.5789473684210527,0.2631578947368421,0.5263157894736842,0.3157894736842105,0.3684210526315789,0.5263157894736842,0.3157894736842105,0.3684210526315789,0.3157894736842105,0.3157894736842105,0.47368421052631576,0.3894736842105263,0.42631578947368415
la_liga,2005,RMA,0.42105263157894735,0.3684210526315789,0.42105263157894735,0.42105263157894735,0.5789473684210527,0.21052631578947367,0.3157894736842105,0.3684210526315789,0.3157894736842105,0.3157894736842105,0.21052631578947367,0.42105263157894735,0.3157894736842105,0.2631578947368421,0.42105263157894735,0.47368421052631576,0.42105263157894735,0.21052631578947367,0.3684210526315789,0.3157894736842105,0.3789473684210526,0.3368421052631579
la_liga,2005,RSO,0.42105263157894735,0.47368421052631576,0.6842105263157895,0.42105263157894735,0.2631578947368421,0.2631578947368421,0.631578947368421,0.21052631578947367,0.3157894736842105,0.6842105263157895,0.3157894736842105,0.47368421052631576,0.47368421052631576,0.2631578947368421,0.2631578947368421,0.3684210526315789,0.3684210526315789,0.42105263157894735,0.5263157894736842,0.42105263157894735,0.42631578947368415,0.4
la_liga,2005,SAN,0.47368421052631576,0.3684210526315789,0.5263157894736842,0.2631578947368421,0.21052631578947367,0.21052631578947367,0.631578947368421,0.3157894736842105,0.42105263157894735,0.42105263157894735,0.3157894736842105,0.2631578947368421,0.2631578947368421,0.3684210526315789,0.3684210526315789,0.47368421052631576,0.3684210526315789,0.2631578947368421,0.42105263157894735,0.5789473684210527,0.39999999999999997,0.3526315789473684
la_liga,2005,SEV,0.42105263157894735,0.5789473684210527,0.3684210526315789,0.15789473684210525,0.42105263157894735,0.631578947368421,0.3684210526315789,0.2631578947368421,0.5263157894736842,0.2631578947368421,0.47368421052631576,0.3157894736842105,0.42105263157894735,0.21052631578947367,0.2631578947368421,0.42105263157894735,0.2631578947368421,0.2631578947368421,0.15789473684210525,0.3684210526315789,0.3684210526315789,0.34736842105263155
la_liga,2005,VIL,0.5789473684210527,0.3157894736842105,0.2631578947368421,0.21052631578947367,0.3684210526315789,0.42105263157894735,0.2631578947368421,0.2631578947368421,0.2631578947368421,0.3684210526315789,0.3157894736842105,0.15789473684210525,0.3157894736842105,0.5789473684210527,0.2631578947368421,0.3157894736842105,0.21052631578947367,0.3684210526315789,0.2631578947368421,0.42105263157894735,0.31052631578947365,0.3421052631578947
la_liga,2005,VLC,0.3157894736842105,0.3157894736842105,0.2631578947368421,0.5789473684210527,0.3157894736842105,0.3684210526315789,0.631578947368421,0.42105263157894735,0.42105263157894735,0.3684210526315789,0.42105263157894735,0.15789473684210525,0.3684210526315789,0.3157894736842105,0.21052631578947367,0.21052631578947367,0.2631578947368421,0.5789473684210527,0.21052631578947367,0.3684210526315789,0.3421052631578947,0.36842105263157887
la_liga,2005,ZAR,0.42105263157894735,0.42105263157894735,0.2631578947368421,0.3684210526315789,0.3157894736842105,0.21052631578947367,0.2631578947368421,0.3684210526315789,0.3157894736842105,0.2631578947368421,0.3684210526315789,0.2631578947368421,0.21052631578947367,0.42105263157894735,0.42105263157894735,0.3684210526315789,0.47368421052631576,0.5789473684210527,0.47368421052631576,0.42105263157894735,0.3526315789473684,0.3684210526315789
la_liga,2007,ALM,0.3157894736842105,0.3157894736842105,0.5789473684210527,0.3157894736842105,0.42105263157894735,0.3157894736842105,0.42105263157894735,0.5263157894736842,0.2631578947368421,0.3684210526315789,0.42105263157894735,0.42105263157894735,0.05263157894736842,0.3684210526315789,0.2631578947368421,0.3684210526315789,0.3684210526315789,0.42105263157894735,0.3157894736842105,0.3684210526315789,0.34210526315789475,0.3789473684210526
la_liga,2007,ATHB,0.2631578947368421,0.2631578947368421,0.5263157894736842,0.47368421052631576,0.5789473684210527,0.5789473684210527,0.3157894736842105,0.3684210526315789,0.2631578947368421,0.2631578947368421,0.5789473684210527,0.47368421052631576,0.3157894736842105,0.3157894736842105,0.5263157894736842,0.5263157894736842,0.631578947368421,0.42105263157894735,0.47368421052631576,0.15789473684210525,0.4473684210526316,0.38421052631578945
la_liga,2007,ATHM,0.47368421052631576,0.3684210526315789,0.42105263157894735,0.42105263157894735,0.42105263157894735,0.2631578947368421,0.6842105263157895,0.3157894736842105,0.3157894736842105,0.3157894736842105,0.3684210526315789,0.2631578947368421,0.21052631578947367,0.3157894736842105,0.3157894736842105,0.2631578947368421,0.3157894736842105,0.15789473684210525,0.3684210526315789,0.3157894736842105,0.3894736842105263,0.3
la_liga,2007,BARC,0.5789473684210527,0.47368421052631576,0.47368421052631576,0.42105263157894735,0.3684210526315789,0.3684210526315789,0.42105263157894735,0.47368421052631576,0.42105263157894735,0.3157894736842105,0.5263157894736842,0.3684210526315789,0.42105263157894735,0.3684210526315789,0.3157894736842105,0.2631578947368421,0.42105263157894735,0.47368421052631576,0.3157894736842105,0.3157894736842105,0.42631578947368415,0.38421052631578945
la_liga,2007,BET,0.42105263157894735,0.3157894736842105,0.2631578947368421,0.42105263157894735,0.3157894736842105,0.3684210526315789,0.3684210526315789,0.3157894736842105,0.5789473684210527,0.47368421052631576,0.3684210526315789,0.3684210526315789,0.10526315789473684,0.3684210526315789,0.47368421052631576,0.5789473684210527,0.21052631578947367,0.3157894736842105,0.5263157894736842,0.47368421052631576,0.363157894736842,0.4
la_liga,2007,ESP,0.3684210526315789,0.3157894736842105,0.2631578947368421,0.5789473684210527,0.3684210526315789,0.21052631578947367,0.3157894736842105,0.3157894736842105,0.2631578947368421,0.3157894736842105,0.3684210526315789,0.3157894736842105,0.42105263157894735,0.2631578947368421,0.3684210526315789,0.42105263157894735,0.2631578947368421,0.42105263157894735,0.47368421052631576,0.3157894736842105,0.34736842105263155,0.34736842105263155
la_liga,2007,GET,0.42105263157894735,0.3684210526315789,0.3157894736842105,0.42105263157894735,0.42105263157894735,0.42105263157894735,0.2631578947368421,0.5789473684210527,0.15789473684210525,0.21052631578947367,0.2631578947368421,0.3684210526315789,0.2631578947368421,0.42105263157894735,0.42105263157894735,0.3684210526315789,0.47368421052631576,0.21052631578947367,0.21052631578947367,0.42105263157894735,0.32105263157894737,0.3789473684210526
la_liga,2007,LAC,0.42105263157894735,0.2631578947368421,0.3684210526315789,0.2631578947368421,0.2631578947368421,0.5263157894736842,0.3684210526315789,0.5263157894736842,0.5263157894736842,0.3684210526315789,0.42105263157894735,0.5789473684210527,0.631578947368421,0.15789473684210525,0.47368421052631576,0.10526315789473684,0.3157894736842105,0.47368421052631576,0.5789473684210527,0.2631578947368421,0.43684210526315786,0.35263157894736846
la_liga,2007,LEVA,0.3157894736842105,0.3684210526315789,0.3157894736842105,0.5263157894736842,0.3684210526315789,0.21052631578947367,0.47368421052631576,0.47368421052631576,0.3684210526315789,0.3157894736842105,0.631578947368421,0.5263157894736842,0.2631578947368421,0.21052631578947367,0.42105263157894735,0.47368421052631576,0.47368421052631576,0.3684210526315789,0.3684210526315789,0.42105263157894735,0.4,0.38947368421052625
la_liga,2007,MALL,0.3157894736842105,0.3157894736842105,0.3157894736842105,0.3684210526315789,0.7894736842105263,0.2631578947368421,0.3684210526315789,0.3157894736842105,0.3157894736842105,0.3157894736842105,0.3684210526315789,0.3157894736842105,0.2631578947368421,0.47368421052631576,0.42105263157894735,0.2631578947368421,0.15789473684210525,0.2631578947368421,0.21052631578947367,0.15789473684210525,0.3526315789473684,0.3052631578947368
la_liga,2007,MUR,0.42105263157894735,0.47368421052631576,0.5263157894736842,0.42105263157894735,0.2631578947368421,0.2631578947368421,0.3684210526315789,0.2631578947368421,0.631578947368421,0.42105263157894735,0.2631578947368421,0.3157894736842105,0.3684210526315789,0.05263157894736842,0.2631578947368421,0.3684210526315789,0.21052631578947367,0.3684210526315789,0.2631578947368421,0.3157894736842105,0.35789473684210527,0.3263157894736842
la_liga,2007,OSA,0.42105263157894735,0.3157894736842105,0.2631578947368421,0.5263157894736842,0.5263157894736842,0.42105263157894735,0.47368421052631576,0.5789473684210527,0.21052631578947367,0.5263157894736842,0.3157894736842105,0.42105263157894735,0.47368421052631576,0.3157894736842105,0.5789473684210527,0.42105263157894735,0.5789473684210527,0.5263157894736842,0.2631578947368421,0.5263157894736842,0.41052631578947374,0.45789473684210524
la_liga,2007,REC,0.3157894736842105,0.42105263157894735,0.5263157894736842,0.15789473684210525,0.47368421052631576,0.3684210526315789,0.42105263157894735,0.631578947368421,0.3684210526315789,0.47368421052631576,0.2631578947368421,0.3157894736842105,0.42105263157894735,0.2631578947368421,0.3157894736842105,0.3684210526315789,0.5263157894736842,0.3684210526315789,0.2631578947368421,0.42105263157894735,0.38947368421052625,0.3789473684210526
la_liga,2007,RMA,0.2631578947368421,0.5263157894736842,0.21052631578947367,0.42105263157894735,0.3684210526315789,0.3157894736842105,0.42105263157894735,0.21052631578947367,0.47368421052631576,0.3684210526315789,0.3157894736842105,0.3684210526315789,0.42105263157894735,0.47368421052631576,0.3684210526315789,0.42105263157894735,0.47368421052631576,0.42105263157894735,0.42105263157894735,0.3157894736842105,0.3736842105263158,0.38421052631578945
la_liga,2007,SAN,0.3157894736842105,0.15789473684210525,0.47368421052631576,0.2631578947368421,0.15789473684210525,0.21052631578947367,0.3157894736842105,0.2631578947368421,0.21052631578947367,0.42105263157894735,0.42105263157894735,0.3684210526315789,0.21052631578947367,0.21052631578947367,0.3684210526315789,0.21052631578947367,0.47368421052631576,0.3157894736842105,0.3157894736842105,0.42105263157894735,0.3263157894736842,0.28421052631578947
la_liga,2007,SEV,0.42105263157894735,0.3157894736842105,0.3684210526315789,0.3684210526315789,0.3684210526315789,0.47368421052631576,0.3157894736842105,0.3157894736842105,0.47368421052631576,0.42105263157894735,0.42105263157894735,0.42105263157894735,0.5263157894736842,0.3157894736842105,0.42105263157894735,0.47368421052631576,0.3684210526315789,0.42105263157894735,0.47368421052631576,0.5263157894736842,0.41578947368421054,0.4052631578947368
la_liga,2007,VIL,0.3684210526315789,0.47368421052631576,0.2631578947368421,0.21052631578947367,0.3157894736842105,0.47368421052631576,0.3157894736842105,0.42105263157894735,0.42105263157894735,0.47368421052631576,0.3684210526315789,0.21052631578947367,0.42105263157894735,0.3157894736842105,0.15789473684210525,0.3684210526315789,0.3157894736842105,0.3157894736842105,0.42105263157894735,0.47368421052631576,0.33684210526315794,0.37368421052631573
la_liga,2007,VLC,0.3684210526315789,0.3157894736842105,0.5789473684210527,0.3157894736842105,0.3157894736842105,0.42105263157894735,0.3684210526315789,0.21052631578947367,0.3684210526315789,0.3684210526315789,0.3684210526315789,0.3684210526315789,0.42105263157894735,0.631578947368421,0.3157894736842105,0.47368421052631576,0.3157894736842105,0.2631578947368421,0.42105263157894735,0.21052631578947367,0.38421052631578945,0.3578947368421052
la_liga,2007,VLLD,0.42105263157894735,0.47368421052631576,0.3684210526315789,0.631578947368421,0.42105263157894735,0.3684210526315789,0.2631578947368421,0.3684210526315789,0.3684210526315789,0.5263157894736842,0.5789473684210527,0.47368421052631576,0.3684210526315789,0.42105263157894735,0.3157894736842105,0.42105263157894735,0.42105263157894735,0.47368421052631576,0.47368421052631576,0.5789473684210527,0.4,0.47368421052631576
la_liga,2007,ZAR,0.47368421052631576,0.3684210526315789,0.2631578947368421,0.47368421052631576,0.3684210526315789,0.5263157894736842,0.5263157894736842,0.3157894736842105,0.3157894736842105,0.3684210526315789,0.3157894736842105,0.3157894736842105,0.2631578947368421,0.5263157894736842,0.42105263157894735,0.42105263157894735,0.3684210526315789,0.3157894736842105,0.631578947368421,0.42105263157894735,0.3947368421052631,0.4052631578947368
la_liga,2008,ALM,0.3684210526315789,0.2631578947368421,0.42105263157894735,0.47368421052631576,0.3684210526315789,0.2631578947368421,0.2631578947368421,0.3157894736842105,0.3684210526315789,0.5263157894736842,0.3684210526315789,0.5789473684210527,0.42105263157894735,0.15789473684210525,0.42105263157894735,0.3157894736842105,0.42105263157894735,0.42105263157894735,0.42105263157894735,0.21052631578947367,0.38421052631578945,0.3526315789473684
la_liga,2008,ATHB,0.3157894736842105,0.3157894736842105,0.42105263157894735,0.47368421052631576,0.3684210526315789,0.3684210526315789,0.2631578947368421,0.47368421052631576,0.47368421052631576,0.42105263157894735,0.47368421052631576,0.42105263157894735,0.3684210526315789,0.47368421052631576,0.3157894736842105,0.42105263157894735,0.21052631578947367,0.3684210526315789,0.3684210526315789,0.15789473684210525,0.3578947368421052,0.3894736842105263
la_liga,2008,ATHM,0.5263157894736842,0.21052631578947367,0.3157894736842105,0.2631578947368421,0.3157894736842105,0.42105263157894735,0.47368421052631576,0.3157894736842105,0.21052631578947367,0.2631578947368421,0.42105263157894735,0.3684210526315789,0.47368421052631576,0.47368421052631576,0.47368421052631576,0.2631578947368421,0.3684210526315789,0.3684210526315789,0.42105263157894735,0.47368421052631576,0.39999999999999997,0.3421052631578947
la_liga,2008,BARC,0.631578947368421,0.42105263157894735,0.3157894736842105,0.2631578947368421,0.3684210526315789,0.42105263157894735,0.3684210526315789,0.5263157894736842,0.3684210526315789,0.3157894736842105,0.3684210526315789,0.2631578947368421,0.21052631578947367,0.42105263157894735,0.3157894736842105,0.3157894736842105,0.3157894736842105,0.5789473684210527,0.3157894736842105,0.3684210526315789,0.35789473684210527,0.3894736842105263
la_liga,2008,BET,0.3684210526315789,0.2631578947368421,0.3684210526315789,0.3684210526315789,0.42105263157894735,0.2631578947368421,0.5789473684210527,0.3684210526315789,0.3684210526315789,0.21052631578947367,0.47368421052631576,0.3157894736842105,0.3684210526315789,0.2631578947368421,0.21052631578947367,0.21052631578947367,0.47368421052631576,0.5263157894736842,0.5789473684210527,0.3157894736842105,0.42105263157894746,0.31052631578947365
la_liga,2008,ESP,0.3684210526315789,0.6842105263157895,0.42105263157894735,0.2631578947368421,0.42105263157894735,0.3684210526315789,0.3684210526315789,0.3157894736842105,0.15789473684210525,0.42105263157894735,0.3684210526315789,0.47368421052631576,0.3684210526315789,0.3684210526315789,0.3684210526315789,0.5263157894736842,0.47368421052631576,0.5263157894736842,0.21052631578947367,0.2631578947368421,0.3526315789473684,0.42105263157894735
la_liga,2008,GET,0.2631578947368421,0.3684210526315789,0.21052631578947367,0.3684210526315789,0.3684210526315789,0.42105263157894735,0.3157894736842105,0.42105263157894735,0.3684210526315789,0.3157894736842105,0.3684210526315789,0.3684210526315789,0.42105263157894735,0.3684210526315789,0.5263157894736842,0.3684210526315789,0.47368421052631576,0.21052631578947367,0.3157894736842105,0.2631578947368421,0.3631578947368421,0.34736842105263155
la_liga,2008,LAC,0.42105263157894735,0.2631578947368421,0.3684210526315789,0.3684210526315789,0.3157894736842105,0.21052631578947367,0.3157894736842105,0.3157894736842105,0.42105263157894735,0.42105263157894735,0.3684210526315789,0.2631578947368421,0.42105263157894735,0.42105263157894735,0.3157894736842105,0.42105263157894735,0.3157894736842105,0.2631578947368421,0.42105263157894735,0.47368421052631576,0.3684210526315789,0.34210526315789475
la_liga,2008,MALL,0.3684210526315789,0.631578947368421,0.3684210526315789,0.3157894736842105,0.42105263157894735,0.3157894736842105,0.42105263157894735,0.5789473684210527,0.3684210526315789,0.3684210526315789,0.3157894736842105,0.15789473684210525,0.47368421052631576,0.21052631578947367,0.5263157894736842,0.5789473684210527,0.42105263157894735,0.42105263157894735,0.2631578947368421,0.3684210526315789,0.39473684210526316,0.39473684210526316
la_liga,2008,MLG,0.3157894736842105,0.3684210526315789,0.3684210526315789,0.47368421052631576,0.42105263157894735,0.3157894736842105,0.3684210526315789,0.3684210526315789,0.3684210526315789,0.21052631578947367,0.5263157894736842,0.2631578947368421,0.42105263157894735,0.3684210526315789,0.3157894736842105,0.3157894736842105,0.5263157894736842,0.2631578947368421,0.3684210526315789,0.3157894736842105,0.3999999999999999,0.3263157894736842
la_liga,2008,NUM,0.42105263157894735,0.3157894736842105,0.3157894736842105,0.3684210526315789,0.3157894736842105,0.5789473684210527,0.3684210526315789,0.3157894736842105,0.42105263157894735,0.21052631578947367,0.10526315789473684,0.47368421052631576,0.10526315789473684,0.5263157894736842,0.5263157894736842,0.3157894736842105,0.42105263157894735,0.2631578947368421,0.3684210526315789,0.47368421052631576,0.3368421052631579,0.38421052631578945
la_liga,2008,OSA,0.42105263157894735,0.21052631578947367,0.3157894736842105,0.42105263157894735,0.47368421052631576,0.3684210526315789,0.3684210526315789,0.47368421052631576,0.3157894736842105,0.3157894736842105,0.2631578947368421,0.3157894736842105,0.3157894736842105,0.15789473684210525,0.42105263157894735,0.15789473684210525,0.2631578947368421,0.2631578947368421,0.42105263157894735,0.42105263157894735,0.35789473684210527,0.31052631578947365
la_liga,2008,REC,0.3684210526315789,0.631578947368421,0.42105263157894735,0.3684210526315789,0.47368421052631576,0.3684210526315789,0.2631578947368421,0.47368421052631576,0.3684210526315789,0.3157894736842105,0.21052631578947367,0.2631578947368421,0.10526315789473684,0.5789473684210527,0.3684210526315789,0.42105263157894735,0.3684210526315789,0.5789473684210527,0.3684210526315789,0.21052631578947367,0.331578947368421,0.42105263157894735
la_liga,2008,RMA,0.3157894736842105,0.5263157894736842,0.3684210526315789,0.42105263157894735,0.47368421052631576,0.42105263157894735,0.21052631578947367,0.15789473684210525,0.3684210526315789,0.3684210526315789,0.3684210526315789,0.5789473684210527,0.3157894736842105,0.47368421052631576,0.5789473684210527,0.21052631578947367,0.3684210526315789,0.3157894736842105,0.6842105263157895,0.2631578947368421,0.4052631578947368,0.3736842105263158
la_liga,2008,SAN,0.47368421052631576,0.3684210526315789,0.2631578947368421,0.3684210526315789,0.42105263157894735,0.2631578947368421,0.42105263157894735,0.3157894736842105,0.3157894736842105,0.3157894736842105,0.47368421052631576,0.42105263157894735,0.42105263157894735,0.3157894736842105,0.42105263157894735,0.2631578947368421,0.2631578947368421,0.47368421052631576,0.3684210526315789,0.47368421052631576,0.38421052631578945,0.3578947368421053
la_liga,2008,SEV,0.42105263157894735,0.3157894736842105,0.2631578947368421,0.3684210526315789,0.3684210526315789,0.21052631578947367,0.3684210526315789,0.3684210526315789,0.5789473684210527,0.3157894736842105,0.2631578947368421,0.3684210526315789,0.47368421052631576,0.2631578947368421,0.3157894736842105,0.5789473684210527,0.6842105263157895,0.3157894736842105,0.2631578947368421,0.47368421052631576,0.39999999999999997,0.35789473684210527
la_liga,2008,SPG,0.42105263157894735,0.42105263157894735,0.2631578947368421,0.3684210526315789,0.47368421052631576,0.5789473684210527,0.3157894736842105,0.3157894736842105,0.15789473684210525,0.3684210526315789,0.3684210526315789,0.3157894736842105,0.47368421052631576,0.47368421052631576,0.2631578947368421,0.2631578947368421,0.21052631578947367,0.3157894736842105,0.3157894736842105,0.3684210526315789,0.32631578947368417,0.3789473684210526
la_liga,2008,VIL,0.21052631578947367,0.3684210526315789,0.47368421052631576,0.21052631578947367,0.3157894736842105,0.5263157894736842,0.3684210526315789,0.3157894736842105,0.5263157894736842,0.3157894736842105,0.2631578947368421,0.3157894736842105,0.3157894736842105,0.47368421052631576,0.3684210526315789,0.3684210526315789,0.5263157894736842,0.631578947368421,0.42105263157894735,0.3684210526315789,0.3789473684210526,0.3894736842105263
la_liga,2008,VLC,0.47368421052631576,0.3157894736842105,0.5263157894736842,0.3684210526315789,0.47368421052631576,0.42105263157894735,0.2631578947368421,0.47368421052631576,0.5263157894736842,0.47368421052631576,0.42105263157894735,0.3157894736842105,0.3157894736842105,0.3157894736842105,0.42105263157894735,0.47368421052631576,0.21052631578947367,0.3684210526315789,0.42105263157894735,0.3684210526315789,0.4052631578947368,0.3894736842105263
la_liga,2008,VLLD,0.3684210526315789,0.3684210526315789,0.42105263157894735,0.5263157894736842,0.3684210526315789,0.42105263157894735,0.47368421052631576,0.2631578947368421,0.3684210526315789,0.5789473684210527,0.5789473684210527,0.47368421052631576,0.42105263157894735,0.2631578947368421,0.3684210526315789,0.42105263157894735,0.42105263157894735,0.3684210526315789,0.3157894736842105,0.6842105263157895,0.41052631578947363,0.43684210526315786
la_liga,2009,ALM,0.3684210526315789,0.2631578947368421,0.3684210526315789,0.3157894736842105,0.47368421052631576,0.15789473684210525,0.2631578947368421,0.5263157894736842,0.42105263157894735,0.42105263157894735,0.5263157894736842,0.42105263157894735,0.47368421052631576,0.42105263157894735,0.21052631578947367,0.10526315789473684,0.47368421052631576,0.5789473684210527,0.47368421052631576,0.2631578947368421,0.4052631578947368,0.34736842105263155
la_liga,2009,ATHB,0.3684210526315789,0.21052631578947367,0.15789473684210525,0.5263157894736842,0.5263157894736842,0.2631578947368421,0.3684210526315789,0.5789473684210527,0.3157894736842105,0.631578947368421,0.631578947368421,0.3684210526315789,0.2631578947368421,0.42105263157894735,0.3684210526315789,0.21052631578947367,0.3684210526315789,0.3157894736842105,0.5789473684210527,0.2631578947368421,0.39473684210526316,0.3789473684210526
la_liga,2009,ATHM,0.3157894736842105,0.2631578947368421,0.21052631578947367,0.42105263157894735,0.3684210526315789,0.47368421052631576,0.5263157894736842,0.3684210526315789,0.3684210526315789,0.3157894736842105,0.21052631578947367,0.47368421052631576,0.2631578947368421,0.3684210526315789,0.3684210526315789,0.2631578947368421,0.47368421052631576,0.3684210526315789,0.3157894736842105,0.47368421052631576,0.3421052631578948,0.3789473684210526
la_liga,2009,BARC,0.42105263157894735,0.15789473684210525,0.3684210526315789,0.2631578947368421,0.3684210526315789,0.3157894736842105,0.3684210526315789,0.3157894736842105,0.3157894736842105,0.2631578947368421,0.47368421052631576,0.42105263157894735,0.2631578947368421,0.5263157894736842,0.3684210526315789,0.5789473684210527,0.3157894736842105,0.631578947368421,0.3157894736842105,0.42105263157894735,0.35789473684210527,0.3894736842105263
la_liga,2009,ESP,0.2631578947368421,0.5789473684210527,0.2631578947368421,0.3684210526315789,0.47368421052631576,0.42105263157894735,0.47368421052631576,0.42105263157894735,0.3157894736842105,0.21052631578947367,0.21052631578947367,0.42105263157894735,0.42105263157894735,0.3684210526315789,0.3157894736842105,0.2631578947368421,0.47368421052631576,0.3684210526315789,0.3684210526315789,0.3684210526315789,0.3578947368421052,0.3789473684210526
la_liga,2009,GET,0.5263157894736842,0.3157894736842105,0.5789473684210527,0.42105263157894735,0.15789473684210525,0.3157894736842105,0.3684210526315789,0.5263157894736842,0.3684210526315789,0.2631578947368421,0.3684210526315789,0.3684210526315789,0.3157894736842105,0.5263157894736842,0.3157894736842105,0.3684210526315789,0.3684210526315789,0.15789473684210525,0.3157894736842105,0.2631578947368421,0.36842105263157887,0.3526315789473684
la_liga,2009,LAC,0.3157894736842105,0.3684210526315789,0.3684210526315789,0.5263157894736842,0.3157894736842105,0.2631578947368421,0.3157894736842105,0.2631578947368421,0.47368421052631576,0.2631578947368421,0.42105263157894735,0.3684210526315789,0.05263157894736842,0.47368421052631576,0.5263157894736842,0.3684210526315789,0.47368421052631576,0.2631578947368421,0.2631578947368421,0.3157894736842105,0.3526315789473684,0.34736842105263155
la_liga,2009,MALL,0.3157894736842105,0.47368421052631576,0.2631578947368421,0.7368421052631579,0.3157894736842105,0.42105263157894735,0.3157894736842105,0.3684210526315789,0.3684210526315789,0.3157894736842105,0.5263157894736842,0.5789473684210527,0.2631578947368421,0.2631578947368421,0.47368421052631576,0.42105263157894735,0.42105263157894735,0.3684210526315789,0.3684210526315789,0.47368421052631576,0.36315789473684207,0.44210526315789467
la_liga,2009,MLG,0.5263157894736842,0.47368421052631576,0.42105263157894735,0.3684210526315789,0.2631578947368421,0.5789473684210527,0.3157894736842105,0.47368421052631576,0.47368421052631576,0.3157894736842105,0.2631578947368421,0.3157894736842105,0.47368421052631576,0.2631578947368421,0.3157894736842105,0.2631578947368421,0.631578947368421,0.3157894736842105,0.3157894736842105,0.47368421052631576,0.4,0.38421052631578945
la_liga,2009,OSA,0.2631578947368421,0.47368421052631576,0.3157894736842105,0.2631578947368421,0.42105263157894735,0.2631578947368421,0.42105263157894735,0.47368421052631576,0.3157894736842105,0.47368421052631576,0.2631578947368421,0.2631578947368421,0.15789473684210525,0.3157894736842105,0.47368421052631576,0.42105263157894735,0.15789473684210525,0.5789473684210527,0.3684210526315789,0.5263157894736842,0.3157894736842105,0.4052631578947368
la_liga,2009,RMA,0.3684210526315789,0.3684210526315789,0.2631578947368421,0.3157894736842105,0.5263157894736842,0.3684210526315789,0.42105263157894735,0.3157894736842105,0.3684210526315789,0.47368421052631576,0.3157894736842105,0.3157894736842105,0.47368421052631576,0.5263157894736842,0.3157894736842105,0.3157894736842105,0.3684210526315789,0.3684210526315789,0.3684210526315789,0.2631578947368421,0.3789473684210526,0.36315789473684207
la_liga,2009,SAN,0.3684210526315789,0.3157894736842105,0.5263157894736842,0.47368421052631576,0.5789473684210527,0.3684210526315789,0.42105263157894735,0.2631578947368421,0.42105263157894735,0.3157894736842105,0.42105263157894735,0.631578947368421,0.42105263157894735,0.10526315789473684,0.3684210526315789,0.2631578947368421,0.47368421052631576,0.3157894736842105,0.2631578947368421,0.42105263157894735,0.42631578947368426,0.34736842105263155
la_liga,2009,SEV,0.3684210526315789,0.47368421052631576,0.42105263157894735,0.10526315789473684,0.42105263157894735,0.3684210526315789,0.6842105263157895,0.2631578947368421,0.47368421052631576,0.2631578947368421,0.21052631578947367,0.05263157894736842,0.42105263157894735,0.42105263157894735,0.2631578947368421,0.3684210526315789,0.47368421052631576,0.42105263157894735,0.3684210526315789,0.3684210526315789,0.41052631578947363,0.31052631578947365
la_liga,2009,SPG,0.21052631578947367,0.21052631578947367,0.5789473684210527,0.3157894736842105,0.42105263157894735,0.3157894736842105,0.21052631578947367,0.3157894736842105,0.2631578947368421,0.2631578947368421,0.47368421052631576,0.631578947368421,0.3684210526315789,0.42105263157894735,0.21052631578947367,0.10526315789473684,0.42105263157894735,0.47368421052631576,0.3684210526315789,0.3157894736842105,0.3526315789473684,0.33684210526315794
la_liga,2009,TEN,0.2631578947368421,0.47368421052631576,0.7368421052631579,0.2631578947368421,0.42105263157894735,0.631578947368421,0.21052631578947367,0.2631578947368421,0.2631578947368421,0.5263157894736842,0.42105263157894735,0.3157894736842105,0.3157894736842105,0.47368421052631576,0.3157894736842105,0.3157894736842105,0.2631578947368421,0.42105263157894735,0.3157894736842105,0.21052631578947367,0.3526315789473684,0.3894736842105263
la_liga,2009,VIL,0.42105263157894735,0.21052631578947367,0.3157894736842105,0.47368421052631576,0.3684210526315789,0.3684210526315789,0.21052631578947367,0.42105263157894735,0.2631578947368421,0.42105263157894735,0.21052631578947367,0.42105263157894735,0.3684210526315789,0.21052631578947367,0.15789473684210525,0.42105263157894735,0.3684210526315789,0.3157894736842105,0.5789473684210527,0.47368421052631576,0.3263157894736842,0.3736842105263158
la_liga,2009,VLC,0.3684210526315789,0.47368421052631576,0.21052631578947367,0.21052631578947367,0.3157894736842105,0.47368421052631576,0.3157894736842105,0.3157894736842105,0.3684210526315789,0.47368421052631576,0.47368421052631576,0.2631578947368421,0.3157894736842105,0.3684210526315789,0.42105263157894735,0.5263157894736842,0.3684210526315789,0.3157894736842105,0.5263157894736842,0.42105263157894735,0.3684210526315789,0.38421052631578945
la_liga,2009,VLLD,0.5263157894736842,0.2631578947368421,0.3684210526315789,0.2631578947368421,0.21052631578947367,0.5789473684210527,0.5263157894736842,0.42105263157894735,0.21052631578947367,0.2631578947368421,0.42105263157894735,0.3157894736842105,0.3684210526315789,0.10526315789473684,0.47368421052631576,0.5789473684210527,0.42105263157894735,0.2631578947368421,0.5263157894736842,0.2631578947368421,0.4052631578947368,0.33157894736842103
la_liga,2009,XER,0.42105263157894735,0.3684210526315789,0.42105263157894735,0.2631578947368421,0.42105263157894735,0.5789473684210527,0.3684210526315789,0.15789473684210525,0.42105263157894735,0.42105263157894735,0.2631578947368421,0.3157894736842105,0.2631578947368421,0.3157894736842105,0.2631578947368421,0.42105263157894735,0.42105263157894735,0.3684210526315789,0.3684210526315789,0.3684210526315789,0.36315789473684207,0.3578947368421052
la_liga,2009,ZAR,0.3157894736842105,0.3157894736842105,0.47368421052631576,0.5263157894736842,0.21052631578947367,0.3157894736842105,0.47368421052631576,0.5263157894736842,0.47368421052631576,0.3684210526315789,0.2631578947368421,0.42105263157894735,0.3684210526315789,0.3157894736842105,0.47368421052631576,0.3157894736842105,0.3157894736842105,0.2631578947368421,0.3684210526315789,0.3684210526315789,0.37368421052631573,0.37368421052631573
la_liga,2010,ALM,0.10526315789473684,0.3157894736842105,0.5789473684210527,0.5263157894736842,0.3684210526315789,0.42105263157894735,0.5263157894736842,0.3157894736842105,0.3157894736842105,0.21052631578947367,0.2631578947368421,0.42105263157894735,0.47368421052631576,0.3684210526315789,0.3684210526315789,0.5263157894736842,0.42105263157894735,0.3684210526315789,0.3684210526315789,0.10526315789473684,0.3789473684210526,0.3578947368421052
la_liga,2010,ATHB,0.6842105263157895,0.42105263157894735,0.3157894736842105,0.3157894736842105,0.3684210526315789,0.47368421052631576,0.47368421052631576,0.3157894736842105,0.3684210526315789,0.2631578947368421,0.42105263157894735,0.21052631578947367,0.3684210526315789,0.3157894736842105,0.3157894736842105,0.21052631578947367,0.3684210526315789,0.42105263157894735,0.3684210526315789,0.3157894736842105,0.4052631578947368,0.3263157894736842
la_liga,2010,ATHM,0.21052631578947367,0.3684210526315789,0.5263157894736842,0.5263157894736842,0.3684210526315789,0.2631578947368421,0.3684210526315789,0.2631578947368421,0.3157894736842105,0.42105263157894735,0.3157894736842105,0.15789473684210525,0.3684210526315789,0.3157894736842105,0.3157894736842105,0.3684210526315789,0.3157894736842105,0.3684210526315789,0.3157894736842105,0.3157894736842105,0.34210526315789475,0.3368421052631579
la_liga,2010,BARC,0.42105263157894735,0.2631578947368421,0.47368421052631576,0.42105263157894735,0.47368421052631576,0.2631578947368421,0.3157894736842105,0.3157894736842105,0.3684210526315789,0.5263157894736842,0.3684210526315789,0.42105263157894735,0.47368421052631576,0.42105263157894735,0.42105263157894735,0.3684210526315789,0.3684210526315789,0.42105263157894735,0.3684210526315789,0.5263157894736842,0.4052631578947368,0.39473684210526316
la_liga,2010,ESP,0.5263157894736842,0.47368421052631576,0.2631578947368421,0.47368421052631576,0.2631578947368421,0.3684210526315789,0.42105263157894735,0.3684210526315789,0.42105263157894735,0.3157894736842105,0.3684210526315789,0.42105263157894735,0.3684210526315789,0.3157894736842105,0.42105263157894735,0.3684210526315789,0.3684210526315789,0.3684210526315789,0.42105263157894735,0.21052631578947367,0.38421052631578945,0.3684210526315789
la_liga,2010,GET,0.631578947368421,0.2631578947368421,0.3157894736842105,0.5789473684210527,0.631578947368421,0.3157894736842105,0.3157894736842105,0.42105263157894735,0.3684210526315789,0.21052631578947367,0.3157894736842105,0.42105263157894735,0.3157894736842105,0.3684210526315789,0.42105263157894735,0.3684210526315789,0.6842105263157895,0.3684210526315789,0.2631578947368421,0.42105263157894735,0.42631578947368426,0.37368421052631573
la_liga,2010,HERC,0.42105263157894735,0.15789473684210525,0.3157894736842105,0.42105263157894735,0.3157894736842105,0.10526315789473684,0.42105263157894735,0.42105263157894735,0.3157894736842105,0.2631578947368421,0.3684210526315789,0.42105263157894735,0.47368421052631576,0.10526315789473684,0.2631578947368421,0.42105263157894735,0.3684210526315789,0.21052631578947367,0.3684210526315789,0.3684210526315789,0.363157894736842,0.28947368421052627
la_liga,2010,LAC,0.3684210526315789,0.631578947368421,0.42105263157894735,0.21052631578947367,0.3157894736842105,0.3157894736842105,0.3684210526315789,0.42105263157894735,0.42105263157894735,0.2631578947368421,0.10526315789473684,0.47368421052631576,0.3684210526315789,0.3157894736842105,0.5789473684210527,0.2631578947368421,0.2631578947368421,0.3684210526315789,0.3157894736842105,0.47368421052631576,0.35263157894736846,0.3736842105263158
la_liga,2010,LEVA,0.47368421052631576,0.3684210526315789,0.3684210526315789,0.5263157894736842,0.47368421052631576,0.3684210526315789,0.42105263157894735,0.2631578947368421,0.3157894736842105,0.15789473684210525,0.3157894736842105,0.2631578947368421,0.47368421052631576,0.3684210526315789,0.21052631578947367,0.6842105263157895,0.42105263157894735,0.42105263157894735,0.3157894736842105,0.2631578947368421,0.3789473684210526,0.3684210526315789
la_liga,2010,MALL,0.3684210526315789,0.5789473684210527,0.47368421052631576,0.42105263157894735,0.42105263157894735,0.42105263157894735,0.21052631578947367,0.3684210526315789,0.42105263157894735,0.3684210526315789,0.2631578947368421,0.3157894736842105,0.2631578947368421,0.47368421052631576,0.42105263157894735,0.3157894736842105,0.3684210526315789,0.3684210526315789,0.42105263157894735,0.3157894736842105,0.36315789473684207,0.39473684210526316
la_liga,2010,MLG,0.2631578947368421,0.42105263157894735,0.47368421052631576,0.2631578947368421,0.42105263157894735,0.2631578947368421,0.2631578947368421,0.42105263157894735,0.631578947368421,0.2631578947368421,0.42105263157894735,0.3684210526315789,0.3684210526315789,0.3157894736842105,0.47368421052631576,0.47368421052631576,0.3684210526315789,0.5263157894736842,0.3684210526315789,0.21052631578947367,0.4052631578947368,0.3526315789473684
la_liga,2010,OSA,0.3684210526315789,0.21052631578947367,0.3684210526315789,0.2631578947368421,0.3157894736842105,0.42105263157894735,0.3684210526315789,0.2631578947368421,0.3684210526315789,0.3684210526315789,0.47368421052631576,0.5263157894736842,0.5263157894736842,0.5789473684210527,0.3157894736842105,0.5263157894736842,0.2631578947368421,0.47368421052631576,0.21052631578947367,0.3684210526315789,0.3578947368421052,0.39999999999999997
la_liga,2010,RMA,0.3684210526315789,0.3684210526315789,0.42105263157894735,0.2631578947368421,0.42105263157894735,0.3157894736842105,0.5263157894736842,0.42105263157894735,0.42105263157894735,0.21052631578947367,0.2631578947368421,0.3684210526315789,0.2631578947368421,0.42105263157894735,0.21052631578947367,0.15789473684210525,0.21052631578947367,0.42105263157894735,0.15789473684210525,0.3684210526315789,0.32631578947368417,0.33157894736842103
la_liga,2010,RSO,0.42105263157894735,0.3684210526315789,0.3684210526315789,0.42105263157894735,0.3684210526315789,0.2631578947368421,0.42105263157894735,0.3684210526315789,0.3684210526315789,0.3684210526315789,0.42105263157894735,0.21052631578947367,0.5263157894736842,0.3157894736842105,0.42105263157894735,0.42105263157894735,0.2631578947368421,0.42105263157894735,0.3684210526315789,0.21052631578947367,0.39473684210526316,0.3368421052631579
la_liga,2010,SAN,0.3157894736842105,0.3684210526315789,0.42105263157894735,0.3157894736842105,0.3157894736842105,0.3684210526315789,0.3157894736842105,0.3684210526315789,0.3157894736842105,0.3157894736842105,0.42105263157894735,0.21052631578947367,0.3684210526315789,0.47368421052631576,0.3684210526315789,0.5263157894736842,0.10526315789473684,0.15789473684210525,0.3684210526315789,0.3684210526315789,0.33157894736842103,0.34736842105263155
la_liga,2010,SEV,0.42105263157894735,0.5263157894736842,0.2631578947368421,0.3157894736842105,0.3684210526315789,0.21052631578947367,0.2631578947368421,0.42105263157894735,0.3157894736842105,0.5789473684210527,0.3157894736842105,0.47368421052631576,0.3157894736842105,0.3684210526315789,0.3157894736842105,0.3157894736842105,0.3157894736842105,0.5789473684210527,0.42105263157894735,0.42105263157894735,0.33157894736842103,0.42105263157894735
la_liga,2010,SPG,0.3157894736842105,0.3684210526315789,0.42105263157894735,0.21052631578947367,0.3684210526315789,0.47368421052631576,0.21052631578947367,0.21052631578947367,0.5789473684210527,0.631578947368421,0.3157894736842105,0.3684210526315789,0.5789473684210527,0.3157894736842105,0.2631578947368421,0.2631578947368421,0.5789473684210527,0.47368421052631576,0.42105263157894735,0.3157894736842105,0.4052631578947368,0.3631578947368421
la_liga,2010,VIL,0.2631578947368421,0.3157894736842105,0.3157894736842105,0.5789473684210527,0.3684210526315789,0.47368421052631576,0.47368421052631576,0.42105263157894735,0.5263157894736842,0.3157894736842105,0.47368421052631576,0.5263157894736842,0.47368421052631576,0.42105263157894735,0.2631578947368421,0.47368421052631576,0.3684210526315789,0.3157894736842105,0.3684210526315789,0.47368421052631576,0.3894736842105263,0.43157894736842106
la_liga,2010,VLC,0.3684210526315789,0.42105263157894735,0.3157894736842105,0.2631578947368421,0.10526315789473684,0.47368421052631576,0.3157894736842105,0.3157894736842105,0.42105263157894735,0.3684210526315789,0.2631578947368421,0.3684210526315789,0.3684210526315789,0.42105263157894735,0.47368421052631576,0.5263157894736842,0.3684210526315789,0.15789473684210525,0.42105263157894735,0.47368421052631576,0.3421052631578947,0.37894736842105264
la_liga,2010,ZAR,0.2631578947368421,0.3684210526315789,0.42105263157894735,0.3684210526315789,0.3157894736842105,0.3157894736842105,0.5263157894736842,0.3157894736842105,0.42105263157894735,0.47368421052631576,0.42105263157894735,0.47368421052631576,0.2631578947368421,0.47368421052631576,0.5789473684210527,0.21052631578947367,0.5263157894736842,0.5263157894736842,0.3157894736842105,0.47368421052631576,0.4052631578947368,0.39999999999999997
la_liga,2011,ATHB,0.2631578947368421,0.3157894736842105,0.42105263157894735,0.21052631578947367,0.42105263157894735,0.3684210526315789,0.42105263157894735,0.5263157894736842,0.42105263157894735,0.3684210526315789,0.3157894736842105,0.47368421052631576,0.3684210526315789,0.3684210526315789,0.42105263157894735,0.21052631578947367,0.42105263157894735,0.47368421052631576,0.3157894736842105,0.2631578947368421,0.3789473684210526,0.35789473684210527
la_liga,2011,ATHM,0.3684210526315789,0.3157894736842105,0.5263157894736842,0.47368421052631576,0.3157894736842105,0.2631578947368421,0.42105263157894735,0.47368421052631576,0.2631578947368421,0.3684210526315789,0.21052631578947367,0.3684210526315789,0.3157894736842105,0.631578947368421,0.3684210526315789,0.3684210526315789,0.3684210526315789,0.3684210526315789,0.3157894736842105,0.3157894736842105,0.3473684210526315,0.39473684210526316
la_liga,2011,BARC,0.3684210526315789,0.3157894736842105,0.42105263157894735,0.5263157894736842,0.3684210526315789,0.21052631578947367,0.42105263157894735,0.3157894736842105,0.3684210526315789,0.21052631578947367,0.5263157894736842,0.47368421052631576,0.42105263157894735,0.2631578947368421,0.2631578947368421,0.3157894736842105,0.42105263157894735,0.3684210526315789,0.42105263157894735,0.5263157894736842,0.4,0.35263157894736835
la_liga,2011,BET,0.3157894736842105,0.3157894736842105,0.5263157894736842,0.3684210526315789,0.42105263157894735,0.3684210526315789,0.42105263157894735,0.47368421052631576,0.42105263157894735,0.42105263157894735,0.3157894736842105,0.3157894736842105,0.2631578947368421,0.21052631578947367,0.2631578947368421,0.47368421052631576,0.47368421052631576,0.42105263157894735,0.42105263157894735,0.42105263157894735,0.38421052631578945,0.3789473684210526
la_liga,2011,ESP,0.3157894736842105,0.3157894736842105,0.3684210526315789,0.2631578947368421,0.47368421052631576,0.47368421052631576,0.3157894736842105,0.5263157894736842,0.3157894736842105,0.21052631578947367,0.42105263157894735,0.42105263157894735,0.42105263157894735,0.3684210526315789,0.3684210526315789,0.42105263157894735,0.42105263157894735,0.3684210526315789,0.47368421052631576,0.2631578947368421,0.3894736842105263,0.36315789473684207
la_liga,2011,GET,0.3684210526315789,0.3684210526315789,0.42105263157894735,0.42105263157894735,0.21052631578947367,0.47368421052631576,0.21052631578947367,0.3157894736842105,0.42105263157894735,0.47368421052631576,0.3684210526315789,0.3684210526315789,0.5789473684210527,0.42105263157894735,0.47368421052631576,0.47368421052631576,0.21052631578947367,0.3684210526315789,0.47368421052631576,0.2631578947368421,0.37368421052631573,0.39473684210526316
la_liga,2011,GRA,0.21052631578947367,0.47368421052631576,0.5789473684210527,0.15789473684210525,0.42105263157894735,0.42105263157894735,0.42105263157894735,0.42105263157894735,0.3684210526315789,0.3157894736842105,0.3684210526315789,0.2631578947368421,0.42105263157894735,0.5263157894736842,0.47368421052631576,0.3157894736842105,0.47368421052631576,0.3684210526315789,0.2631578947368421,0.2631578947368421,0.39999999999999997,0.35263157894736835
la_liga,2011,LEVA,0.3157894736842105,0.47368421052631576,0.3684210526315789,0.42105263157894735,0.3684210526315789,0.3684210526315789,0.3684210526315789,0.2631578947368421,0.2631578947368421,0.5263157894736842,0.42105263157894735,0.15789473684210525,0.47368421052631576,0.42105263157894735,0.42105263157894735,0.15789473684210525,0.3684210526315789,0.42105263157894735,0.3157894736842105,0.3157894736842105,0.3684210526315789,0.3526315789473684
la_liga,2011,MALL,0.47368421052631576,0.3157894736842105,0.2631578947368421,0.3684210526315789,0.47368421052631576,0.2631578947368421,0.42105263157894735,0.3157894736842105,0.21052631578947367,0.42105263157894735,0.3157894736842105,0.3157894736842105,0.2631578947368421,0.42105263157894735,0.21052631578947367,0.5263157894736842,0.21052631578947367,0.2631578947368421,0.3684210526315789,0.3684210526315789,0.32105263157894737,0.3578947368421052
la_liga,2011,MLG,0.21052631578947367,0.3684210526315789,0.3684210526315789,0.3157894736842105,0.47368421052631576,0.3684210526315789,0.3157894736842105,0.3684210526315789,0.5263157894736842,0.42105263157894735,0.42105263157894735,0.15789473684210525,0.47368421052631576,0.42105263157894735,0.5263157894736842,0.3684210526315789,0.3684210526315789,0.3684210526315789,0.47368421052631576,0.3684210526315789,0.41578947368421054,0.3526315789473684
la_liga,2011,OSA,0.5263157894736842,0.42105263157894735,0.2631578947368421,0.3684210526315789,0.3157894736842105,0.21052631578947367,0.3157894736842105,0.2631578947368421,0.42105263157894735,0.5263157894736842,0.3684210526315789,0.3684210526315789,0.3684210526315789,0.10526315789473684,0.3157894736842105,0.3684210526315789,0.47368421052631576,0.3684210526315789,0.5263157894736842,0.42105263157894735,0.3894736842105263,0.3421052631578947
la_liga,2011,RAYO,0.42105263157894735,0.2631578947368421,0.3157894736842105,0.3157894736842105,0.47368421052631576,0.3684210526315789,0.3684210526315789,0.42105263157894735,0.3684210526315789,0.5789473684210527,0.15789473684210525,0.3684210526315789,0.3684210526315789,0.42105263157894735,0.42105263157894735,0.42105263157894735,0.42105263157894735,0.21052631578947367,0.47368421052631576,0.2631578947368421,0.37894736842105264,0.36315789473684207
la_liga,2011,RMA,0.47368421052631576,0.3157894736842105,0.21052631578947367,0.2631578947368421,0.47368421052631576,0.47368421052631576,0.2631578947368421,0.3684210526315789,0.5789473684210527,0.3684210526315789,0.3684210526315789,0.631578947368421,0.5263157894736842,0.5263157894736842,0.42105263157894735,0.3684210526315789,0.47368421052631576,0.47368421052631576,0.5263157894736842,0.5263157894736842,0.43157894736842106,0.43157894736842106
la_liga,2011,RSO,0.3157894736842105,0.3157894736842105,0.3157894736842105,0.3157894736842105,0.42105263157894735,0.42105263157894735,0.3684210526315789,0.2631578947368421,0.42105263157894735,0.10526315789473684,0.42105263157894735,0.42105263157894735,0.3684210526315789,0.3684210526315789,0.3684210526315789,0.3684210526315789,0.5263157894736842,0.47368421052631576,0.3684210526315789,0.3684210526315789,0.3894736842105263,0.3421052631578947
la_liga,2011,SAN,0.42105263157894735,0.3157894736842105,0.47368421052631576,0.10526315789473684,0.15789473684210525,0.42105263157894735,0.21052631578947367,0.42105263157894735,0.21052631578947367,0.3684210526315789,0.42105263157894735,0.42105263157894735,0.3684210526315789,0.2631578947368421,0.3684210526315789,0.3157894736842105,0.5263157894736842,0.42105263157894735,0.42105263157894735,0.42105263157894735,0.3578947368421052,0.3473684210526316
la_liga,2011,SEV,0.3684210526315789,0.15789473684210525,0.3157894736842105,0.47368421052631576,0.2631578947368421,0.2631578947368421,0.3157894736842105,0.47368421052631576,0.47368421052631576,0.2631578947368421,0.47368421052631576,0.5263157894736842,0.5263157894736842,0.15789473684210525,0.42105263157894735,0.47368421052631576,0.21052631578947367,0.3157894736842105,0.3684210526315789,0.2631578947368421,0.37368421052631573,0.3368421052631579
la_liga,2011,SPG,0.3157894736842105,0.5263157894736842,0.631578947368421,0.47368421052631576,0.42105263157894735,0.3684210526315789,0.2631578947368421,0.3684210526315789,0.42105263157894735,0.21052631578947367,0.3684210526315789,0.5263157894736842,0.15789473684210525,0.3684210526315789,0.5263157894736842,0.47368421052631576,0.5263157894736842,0.3157894736842105,0.3157894736842105,0.3157894736842105,0.3947368421052631,0.39473684210526316
la_liga,2011,VIL,0.3157894736842105,0.47368421052631576,0.3684210526315789,0.2631578947368421,0.3684210526315789,0.3684210526315789,0.3684210526315789,0.47368421052631576,0.21052631578947367,0.3157894736842105,0.3684210526315789,0.3157894736842105,0.5263157894736842,0.15789473684210525,0.3157894736842105,0.2631578947368421,0.42105263157894735,0.3684210526315789,0.15789473684210525,0.3684210526315789,0.34210526315789475,0.3368421052631579
la_liga,2011,VLC,0.42105263157894735,0.5263157894736842,0.3157894736842105,0.3684210526315789,0.21052631578947367,0.15789473684210525,0.47368421052631576,0.3684210526315789,0.42105263157894735,0.2631578947368421,0.2631578947368421,0.47368421052631576,0.42105263157894735,0.3684210526315789,0.15789473684210525,0.2631578947368421,0.631578947368421,0.3684210526315789,0.5789473684210527,0.42105263157894735,0.3894736842105263,0.3578947368421052
la_liga,2011,ZAR,0.3684210526315789,0.42105263157894735,0.3684210526315789,0.3157894736842105,0.47368421052631576,0.47368421052631576,0.5263157894736842,0.42105263157894735,0.3157894736842105,0.5263157894736842,0.631578947368421,0.5263157894736842,0.3157894736842105,0.5263157894736842,0.3157894736842105,0.2631578947368421,0.47368421052631576,0.42105263157894735,0.3157894736842105,0.42105263157894735,0.41052631578947374,0.43157894736842106
la_liga,2012,ATHB,0.5789473684210527,0.3684210526315789,0.3157894736842105,0.42105263157894735,0.3157894736842105,0.42105263157894735,0.47368421052631576,0.3684210526315789,0.2631578947368421,0.21052631578947367,0.21052631578947367,0.47368421052631576,0.21052631578947367,0.3684210526315789,0.3157894736842105,0.42105263157894735,0.21052631578947367,0.42105263157894735,0.42105263157894735,0.3684210526315789,0.33157894736842103,0.38421052631578945
la_liga,2012,ATHM,0.5263157894736842,0.10526315789473684,0.3157894736842105,0.5789473684210527,0.42105263157894735,0.47368421052631576,0.47368421052631576,0.3157894736842105,0.2631578947368421,0.2631578947368421,0.3684210526315789,0.3157894736842105,0.15789473684210525,0.3684210526315789,0.2631578947368421,0.42105263157894735,0.47368421052631576,0.42105263157894735,0.42105263157894735,0.5263157894736842,0.3684210526315789,0.3789473684210526
la_liga,2012,BARC,0.2631578947368421,0.3157894736842105,0.21052631578947367,0.5789473684210527,0.2631578947368421,0.3684210526315789,0.3157894736842105,0.42105263157894735,0.42105263157894735,0.47368421052631576,0.3684210526315789,0.2631578947368421,0.5263157894736842,0.47368421052631576,0.42105263157894735,0.5263157894736842,0.42105263157894735,0.15789473684210525,0.42105263157894735,0.3157894736842105,0.3631578947368421,0.3894736842105263
la_liga,2012,BET,0.3684210526315789,0.3157894736842105,0.3157894736842105,0.42105263157894735,0.3157894736842105,0.42105263157894735,0.3684210526315789,0.2631578947368421,0.21052631578947367,0.631578947368421,0.21052631578947367,0.3684210526315789,0.5263157894736842,0.3684210526315789,0.3684210526315789,0.5263157894736842,0.42105263157894735,0.15789473684210525,0.42105263157894735,0.42105263157894735,0.3526315789473684,0.3894736842105263
la_liga,2012,CEL,0.2631578947368421,0.2631578947368421,0.5263157894736842,0.3684210526315789,0.3684210526315789,0.3684210526315789,0.3684210526315789,0.3684210526315789,0.47368421052631576,0.3157894736842105,0.42105263157894735,0.3684210526315789,0.3684210526315789,0.3157894736842105,0.3684210526315789,0.5789473684210527,0.21052631578947367,0.42105263157894735,0.3684210526315789,0.2631578947368421,0.37368421052631573,0.36315789473684207
la_liga,2012,ESP,0.3157894736842105,0.42105263157894735,0.2631578947368421,0.2631578947368421,0.3157894736842105,0.15789473684210525,0.47368421052631576,0.3157894736842105,0.3157894736842105,0.42105263157894735,0.15789473684210525,0.3157894736842105,0.7368421052631579,0.47368421052631576,0.3684210526315789,0.3684210526315789,0.631578947368421,0.3684210526315789,0.3157894736842105,0.47368421052631576,0.3894736842105263,0.3578947368421052
la_liga,2012,GET,0.3684210526315789,0.2631578947368421,0.5789473684210527,0.3157894736842105,0.3684210526315789,0.21052631578947367,0.21052631578947367,0.3684210526315789,0.47368421052631576,0.21052631578947367,0.42105263157894735,0.42105263157894735,0.5789473684210527,0.42105263157894735,0.3157894736842105,0.3684210526315789,0.3684210526315789,0.47368421052631576,0.3684210526315789,0.3157894736842105,0.4052631578947368,0.33684210526315794
la_liga,2012,GRA,0.3684210526315789,0.47368421052631576,0.42105263157894735,0.42105263157894735,0.3684210526315789,0.3157894736842105,0.3157894736842105,0.2631578947368421,0.3684210526315789,0.3684210526315789,0.47368421052631576,0.42105263157894735,0.42105263157894735,0.42105263157894735,0.3684210526315789,0.2631578947368421,0.5789473684210527,0.42105263157894735,0.3684210526315789,0.5263157894736842,0.4052631578947368,0.3894736842105263
la_liga,2012,LAC,0.3684210526315789,0.2631578947368421,0.3684210526315789,0.3157894736842105,0.3684210526315789,0.5263157894736842,0.42105263157894735,0.3157894736842105,0.5263157894736842,0.5789473684210527,0.2631578947368421,0.47368421052631576,0.42105263157894735,0.3684210526315789,0.42105263157894735,0.3157894736842105,0.3157894736842105,0.42105263157894735,0.47368421052631576,0.21052631578947367,0.39473684210526316,0.37894736842105264
la_liga,2012,LEVA,0.47368421052631576,0.42105263157894735,0.42105263157894735,0.5263157894736842,0.42105263157894735,0.3157894736842105,0.3684210526315789,0.2631578947368421,0.3684210526315789,0.5263157894736842,0.42105263157894735,0.42105263157894735,0.42105263157894735,0.47368421052631576,0.3684210526315789,0.47368421052631576,0.47368421052631576,0.47368421052631576,0.3684210526315789,0.42105263157894735,0.41052631578947374,0.43157894736842106
la_liga,2012,MALL,0.21052631578947367,0.3684210526315789,0.42105263157894735,0.47368421052631576,0.3684210526315789,0.42105263157894735,0.2631578947368421,0.42105263157894735,0.3684210526315789,0.3684210526315789,0.3684210526315789,0.5263157894736842,0.5263157894736842,0.3684210526315789,0.47368421052631576,0.3157894736842105,0.3157894736842105,0.3684210526315789,0.3157894736842105,0.2631578947368421,0.3631578947368421,0.38947368421052625
la_liga,2012,MLG,0.2631578947368421,0.3684210526315789,0.2631578947368421,0.3684210526315789,0.3157894736842105,0.42105263157894735,0.15789473684210525,0.3157894736842105,0.42105263157894735,0.47368421052631576,0.47368421052631576,0.3684210526315789,0.3157894736842105,0.42105263157894735,0.3684210526315789,0.42105263157894735,0.42105263157894735,0.21052631578947367,0.3684210526315789,0.3684210526315789,0.33684210526315783,0.37368421052631573
la_liga,2012,OSA,0.5263157894736842,0.5263157894736842,0.3157894736842105,0.3684210526315789,0.5263157894736842,0.47368421052631576,0.47368421052631576,0.47368421052631576,0.3157894736842105,0.3684210526315789,0.2631578947368421,0.3157894736842105,0.15789473684210525,0.3684210526315789,0.5263157894736842,0.42105263157894735,0.2631578947368421,0.21052631578947367,0.42105263157894735,0.3684210526315789,0.3789473684210526,0.3894736842105263
la_liga,2012,RAYO,0.3684210526315789,0.42105263157894735,0.2631578947368421,0.2631578947368421,0.3684210526315789,0.47368421052631576,0.3684210526315789,0.3684210526315789,0.2631578947368421,0.21052631578947367,0.3157894736842105,0.5263157894736842,0.3684210526315789,0.3157894736842105,0.3157894736842105,0.42105263157894735,0.3157894736842105,0.42105263157894735,0.42105263157894735,0.42105263157894735,0.3368421052631579,0.38421052631578945
la_liga,2012,RMA,0.5263157894736842,0.5789473684210527,0.47368421052631576,0.47368421052631576,0.42105263157894735,0.2631578947368421,0.3684210526315789,0.42105263157894735,0.3684210526315789,0.2631578947368421,0.6842105263157895,0.631578947368421,0.3157894736842105,0.42105263157894735,0.3684210526315789,0.3157894736842105,0.2631578947368421,0.3157894736842105,0.3684210526315789,0.15789473684210525,0.41578947368421054,0.38421052631578945
la_liga,2012,RSO,0.5263157894736842,0.5263157894736842,0.42105263157894735,0.3157894736842105,0.3684210526315789,0.3684210526315789,0.3157894736842105,0.5263157894736842,0.3684210526315789,0.42105263157894735,0.2631578947368421,0.3157894736842105,0.21052631578947367,0.42105263157894735,0.3157894736842105,0.3157894736842105,0.5789473684210527,0.3157894736842105,0.3684210526315789,0.47368421052631576,0.37368421052631573,0.4
la_liga,2012,SEV,0.2631578947368421,0.42105263157894735,0.3684210526315789,0.3684210526315789,0.5789473684210527,0.47368421052631576,0.631578947368421,0.3684210526315789,0.2631578947368421,0.47368421052631576,0.42105263157894735,0.2631578947368421,0.2631578947368421,0.42105263157894735,0.5263157894736842,0.3684210526315789,0.3684210526315789,0.42105263157894735,0.3157894736842105,0.47368421052631576,0.4,0.4052631578947368
la_liga,2012,VLC,0.47368421052631576,0.42105263157894735,0.3684210526315789,0.42105263157894735,0.47368421052631576,0.2631578947368421,0.42105263157894735,0.47368421052631576,0.47368421052631576,0.2631578947368421,0.631578947368421,0.42105263157894735,0.5263157894736842,0.42105263157894735,0.2631578947368421,0.3157894736842105,0.42105263157894735,0.3157894736842105,0.42105263157894735,0.05263157894736842,0.4473684210526315,0.33684210526315794
la_liga,2012,VLLD,0.3684210526315789,0.2631578947368421,0.3684210526315789,0.21052631578947367,0.3157894736842105,0.3684210526315789,0.5263157894736842,0.42105263157894735,0.3684210526315789,0.2631578947368421,0.5263157894736842,0.15789473684210525,0.631578947368421,0.42105263157894735,0.3157894736842105,0.2631578947368421,0.42105263157894735,0.42105263157894735,0.42105263157894735,0.6842105263157895,0.42631578947368426,0.34736842105263155
la_liga,2012,ZAR,0.3684210526315789,0.3157894736842105,0.42105263157894735,0.42105263157894735,0.3157894736842105,0.5263157894736842,0.3157894736842105,0.3684210526315789,0.47368421052631576,0.47368421052631576,0.3684210526315789,0.47368421052631576,0.42105263157894735,0.47368421052631576,0.21052631578947367,0.21052631578947367,0.3157894736842105,0.42105263157894735,0.2631578947368421,0.2631578947368421,0.34736842105263155,0.3947368421052631
la_liga,2013,ALM,0.5263157894736842,0.3684210526315789,0.42105263157894735,0.47368421052631576,0.3157894736842105,0.21052631578947367,0.42105263157894735,0.2631578947368421,0.5263157894736842,0.42105263157894735,0.42105263157894735,0.3157894736842105,0.5263157894736842,0.47368421052631576,0.47368421052631576,0.3684210526315789,0.47368421052631576,0.47368421052631576,0.5263157894736842,0.3684210526315789,0.46315789473684205,0.37368421052631573
la_liga,2013,ATHB,0.631578947368421,0.3684210526315789,0.3684210526315789,0.42105263157894735,0.3684210526315789,0.21052631578947367,0.5263157894736842,0.3157894736842105,0.42105263157894735,0.3684210526315789,0.5789473684210527,0.21052631578947367,0.5263157894736842,0.2631578947368421,0.3157894736842105,0.42105263157894735,0.47368421052631576,0.3157894736842105,0.3684210526315789,0.15789473684210525,0.45789473684210524,0.30526315789473685
la_liga,2013,ATHM,0.47368421052631576,0.42105263157894735,0.3684210526315789,0.42105263157894735,0.5263157894736842,0.3157894736842105,0.3157894736842105,0.2631578947368421,0.5263157894736842,0.42105263157894735,0.21052631578947367,0.3684210526315789,0.3684210526315789,0.42105263157894735,0.42105263157894735,0.42105263157894735,0.21052631578947367,0.3684210526315789,0.3684210526315789,0.3684210526315789,0.3789473684210526,0.3789473684210526
la_liga,2013,BARC,0.47368421052631576,0.3157894736842105,0.2631578947368421,0.5789473684210527,0.3157894736842105,0.47368421052631576,0.47368421052631576,0.631578947368421,0.5789473684210527,0.5263157894736842,0.2631578947368421,0.21052631578947367,0.3157894736842105,0.5263157894736842,0.42105263157894735,0.21052631578947367,0.2631578947368421,0.3157894736842105,0.2631578947368421,0.47368421052631576,0.36315789473684207,0.42631578947368426
la_liga,2013,BET,0.42105263157894735,0.3684210526315789,0.3684210526315789,0.3157894736842105,0.3684210526315789,0.3684210526315789,0.42105263157894735,0.42105263157894735,0.2631578947368421,0.3157894736842105,0.5263157894736842,0.42105263157894735,0.2631578947368421,0.42105263157894735,0.21052631578947367,0.21052631578947367,0.3157894736842105,0.2631578947368421,0.47368421052631576,0.42105263157894735,0.3631578947368421,0.3526315789473684
la_liga,2013,CEL,0.2631578947368421,0.47368421052631576,0.15789473684210525,0.3157894736842105,0.3157894736842105,0.42105263157894735,0.3684210526315789,0.3684210526315789,0.47368421052631576,0.3684210526315789,0.3157894736842105,0.3157894736842105,0.2631578947368421,0.42105263157894735,0.21052631578947367,0.47368421052631576,0.3157894736842105,0.3684210526315789,0.3684210526315789,0.631578947368421,0.3052631578947368,0.41578947368421054
la_liga,2013,ELC,0.21052631578947367,0.47368421052631576,0.2631578947368421,0.21052631578947367,0.47368421052631576,0.47368421052631576,0.47368421052631576,0.47368421052631576,0.2631578947368421,0.21052631578947367,0.2631578947368421,0.42105263157894735,0.3684210526315789,0.15789473684210525,0.42105263157894735,0.3684210526315789,0.47368421052631576,0.3157894736842105,0.5263157894736842,0.15789473684210525,0.3736842105263158,0.3263157894736842
la_liga,2013,ESP,0.5263157894736842,0.21052631578947367,0.42105263157894735,0.21052631578947367,0.21052631578947367,0.47368421052631576,0.3684210526315789,0.3157894736842105,0.42105263157894735,0.21052631578947367,0.2631578947368421,0.5789473684210527,0.6842105263157895,0.5263157894736842,0.47368421052631576,0.42105263157894735,0.3157894736842105,0.42105263157894735,0.3157894736842105,0.3684210526315789,0.4,0.3736842105263158
la_liga,2013,GET,0.21052631578947367,0.47368421052631576,0.3684210526315789,0.5263157894736842,0.2631578947368421,0.3684210526315789,0.21052631578947367,0.47368421052631576,0.42105263157894735,0.42105263157894735,0.631578947368421,0.2631578947368421,0.42105263157894735,0.47368421052631576,0.3684210526315789,0.47368421052631576,0.5789473684210527,0.42105263157894735,0.42105263157894735,0.3157894736842105,0.3894736842105263,0.42105263157894735
la_liga,2013,GRA,0.42105263157894735,0.3684210526315789,0.42105263157894735,0.42105263157894735,0.5263157894736842,0.3684210526315789,0.3157894736842105,0.3157894736842105,0.47368421052631576,0.3157894736842105,0.47368421052631576,0.3684210526315789,0.42105263157894735,0.21052631578947367,0.3684210526315789,0.3684210526315789,0.42105263157894735,0.47368421052631576,0.5263157894736842,0.2631578947368421,0.43684210526315786,0.34736842105263155
la_liga,2013,LEVA,0.3684210526315789,0.3684210526315789,0.2631578947368421,0.3157894736842105,0.5789473684210527,0.3684210526315789,0.47368421052631576,0.2631578947368421,0.3684210526315789,0.3684210526315789,0.3684210526315789,0.42105263157894735,0.3684210526315789,0.3157894736842105,0.3157894736842105,0.42105263157894735,0.3157894736842105,0.3157894736842105,0.21052631578947367,0.2631578947368421,0.3631578947368421,0.34210526315789475
la_liga,2013,MLG,0.2631578947368421,0.5789473684210527,0.42105263157894735,0.15789473684210525,0.5263157894736842,0.3684210526315789,0.21052631578947367,0.2631578947368421,0.42105263157894735,0.3684210526315789,0.3157894736842105,0.3157894736842105,0.5263157894736842,0.3684210526315789,0.42105263157894735,0.2631578947368421,0.42105263157894735,0.3684210526315789,0.3157894736842105,0.3684210526315789,0.38421052631578945,0.3421052631578947
la_liga,2013,OSA,0.5263157894736842,0.47368421052631576,0.2631578947368421,0.5263157894736842,0.21052631578947367,0.5263157894736842,0.3157894736842105,0.47368421052631576,0.42105263157894735,0.2631578947368421,0.3684210526315789,0.42105263157894735,0.42105263157894735,0.3684210526315789,0.3684210526315789,0.3684210526315789,0.2631578947368421,0.2631578947368421,0.2631578947368421,0.47368421052631576,0.34210526315789475,0.41578947368421054
la_liga,2013,RAYO,0.42105263157894735,0.42105263157894735,0.42105263157894735,0.5789473684210527,0.42105263157894735,0.21052631578947367,0.2631578947368421,0.3684210526315789,0.21052631578947367,0.3684210526315789,0.21052631578947367,0.42105263157894735,0.3157894736842105,0.3684210526315789,0.3157894736842105,0.3157894736842105,0.5789473684210527,0.3157894736842105,0.3157894736842105,0.3684210526315789,0.34736842105263155,0.37368421052631573
la_liga,2013,RMA,0.2631578947368421,0.3684210526315789,0.47368421052631576,0.3684210526315789,0.42105263157894735,0.47368421052631576,0.47368421052631576,0.42105263157894735,0.21052631578947367,0.42105263157894735,0.3684210526315789,0.3157894736842105,0.42105263157894735,0.3684210526315789,0.5263157894736842,0.3157894736842105,0.3684210526315789,0.47368421052631576,0.3684210526315789,0.631578947368421,0.38947368421052625,0.41578947368421054
la_liga,2013,RSO,0.47368421052631576,0.42105263157894735,0.3157894736842105,0.47368421052631576,0.47368421052631576,0.47368421052631576,0.3684210526315789,0.5263157894736842,0.3684210526315789,0.3157894736842105,0.21052631578947367,0.3157894736842105,0.2631578947368421,0.5263157894736842,0.42105263157894735,0.47368421052631576,0.3684210526315789,0.15789473684210525,0.2631578947368421,0.42105263157894735,0.35263157894736835,0.41052631578947363
la_liga,2013,SEV,0.3684210526315789,0.42105263157894735,0.3157894736842105,0.42105263157894735,0.47368421052631576,0.3684210526315789,0.3684210526315789,0.5263157894736842,0.3684210526315789,0.2631578947368421,0.42105263157894735,0.21052631578947367,0.42105263157894735,0.5263157894736842,0.3157894736842105,0.5263157894736842,0.47368421052631576,0.42105263157894735,0.47368421052631576,0.2631578947368421,0.4,0.3947368421052631
la_liga,2013,VIL,0.42105263157894735,0.10526315789473684,0.42105263157894735,0.3684210526315789,0.2631578947368421,0.47368421052631576,0.3157894736842105,0.5263157894736842,0.47368421052631576,0.3684210526315789,0.3684210526315789,0.47368421052631576,0.3157894736842105,0.42105263157894735,0.42105263157894735,0.5789473684210527,0.21052631578947367,0.42105263157894735,0.3684210526315789,0.47368421052631576,0.3578947368421052,0.42105263157894735
la_liga,2013,VLC,0.47368421052631576,0.2631578947368421,0.5263157894736842,0.2631578947368421,0.3684210526315789,0.3157894736842105,0.3157894736842105,0.2631578947368421,0.42105263157894735,0.42105263157894735,0.47368421052631576,0.3157894736842105,0.3684210526315789,0.47368421052631576,0.3684210526315789,0.3157894736842105,0.3684210526315789,0.3684210526315789,0.3157894736842105,0.15789473684210525,0.39999999999999997,0.3157894736842105
la_liga,2013,VLLD,0.2631578947368421,0.42105263157894735,0.42105263157894735,0.5789473684210527,0.3157894736842105,0.3157894736842105,0.5789473684210527,0.3157894736842105,0.3157894736842105,0.47368421052631576,0.47368421052631576,0.3157894736842105,0.2631578947368421,0.3157894736842105,0.5789473684210527,0.42105263157894735,0.2631578947368421,0.5263157894736842,0.5789473684210527,0.2631578947368421,0.4052631578947368,0.39473684210526316
la_liga,2014,ALM,0.3684210526315789,0.2631578947368421,0.2631578947368421,0.42105263157894735,0.21052631578947367,0.42105263157894735,0.5263157894736842,0.3684210526315789,0.5263157894736842,0.5789473684210527,0.42105263157894735,0.3684210526315789,0.42105263157894735,0.3157894736842105,0.2631578947368421,0.3157894736842105,0.21052631578947367,0.3684210526315789,0.2631578947368421,0.42105263157894735,0.34736842105263155,0.38421052631578945
la_liga,2014,ATHB,0.3157894736842105,0.42105263157894735,0.5263157894736842,0.42105263157894735,0.3684210526315789,0.3684210526315789,0.21052631578947367,0.47368421052631576,0.42105263157894735,0.2631578947368421,0.47368421052631576,0.2631578947368421,0.42105263157894735,0.47368421052631576,0.3157894736842105,0.3157894736842105,0.3684210526315789,0.5263157894736842,0.42105263157894735,0.3157894736842105,0.38421052631578945,0.38421052631578945
la_liga,2014,ATHM,0.2631578947368421,0.3157894736842105,0.47368421052631576,0.42105263157894735,0.3157894736842105,0.3157894736842105,0.42105263157894735,0.42105263157894735,0.5263157894736842,0.42105263157894735,0.2631578947368421,0.3157894736842105,0.21052631578947367,0.2631578947368421,0.42105263157894735,0.21052631578947367,0.42105263157894735,0.3684210526315789,0.42105263157894735,0.3157894736842105,0.37368421052631573,0.3368421052631579
la_liga,2014,BARC,0.47368421052631576,0.10526315789473684,0.5263157894736842,0.47368421052631576,0.2631578947368421,0.21052631578947367,0.3684210526315789,0.42105263157894735,0.3684210526315789,0.2631578947368421,0.3157894736842105,0.2631578947368421,0.3684210526315789,0.21052631578947367,0.3157894736842105,0.3684210526315789,0.3684210526315789,0.5263157894736842,0.47368421052631576,0.42105263157894735,0.38421052631578945,0.3263157894736842
la_liga,2014,CEL,0.3684210526315789,0.5263157894736842,0.21052631578947367,0.631578947368421,0.21052631578947367,0.42105263157894735,0.2631578947368421,0.42105263157894735,0.21052631578947367,0.47368421052631576,0.3157894736842105,0.3157894736842105,0.3684210526315789,0.3684210526315789,0.3684210526315789,0.3684210526315789,0.3684210526315789,0.3684210526315789,0.5263157894736842,0.3684210526315789,0.32105263157894737,0.42631578947368415
la_liga,2014,COR,0.5789473684210527,0.5263157894736842,0.47368421052631576,0.21052631578947367,0.42105263157894735,0.42105263157894735,0.3157894736842105,0.47368421052631576,0.5789473684210527,0.2631578947368421,0.2631578947368421,0.3157894736842105,0.631578947368421,0.42105263157894735,0.3157894736842105,0.3684210526315789,0.3684210526315789,0.21052631578947367,0.2631578947368421,0.5789473684210527,0.42105263157894735,0.3789473684210526
la_liga,2014,EIB,0.3684210526315789,0.2631578947368421,0.3157894736842105,0.42105263157894735,0.3684210526315789,0.3157894736842105,0.3684210526315789,0.42105263157894735,0.42105263157894735,0.3157894736842105,0.47368421052631576,0.3684210526315789,0.3684210526315789,0.5263157894736842,0.3684210526315789,0.2631578947368421,0.47368421052631576,0.42105263157894735,0.5789473684210527,0.47368421052631576,0.41052631578947363,0.3789473684210526
la_liga,2014,ELC,0.2631578947368421,0.47368421052631576,0.3157894736842105,0.15789473684210525,0.2631578947368421,0.2631578947368421,0.2631578947368421,0.3157894736842105,0.47368421052631576,0.3157894736842105,0.2631578947368421,0.3684210526315789,0.42105263157894735,0.2631578947368421,0.3157894736842105,0.3157894736842105,0.5263157894736842,0.3684210526315789,0.3157894736842105,0.631578947368421,0.3421052631578947,0.3473684210526316
la_liga,2014,ESP,0.2631578947368421,0.21052631578947367,0.3684210526315789,0.47368421052631576,0.3157894736842105,0.3157894736842105,0.2631578947368421,0.2631578947368421,0.21052631578947367,0.47368421052631576,0.47368421052631576,0.47368421052631576,0.2631578947368421,0.3157894736842105,0.42105263157894735,0.47368421052631576,0.5789473684210527,0.47368421052631576,0.47368421052631576,0.3157894736842105,0.36315789473684207,0.37894736842105264
la_liga,2014,GET,0.5263157894736842,0.3684210526315789,0.47368421052631576,0.3157894736842105,0.6842105263157895,0.42105263157894735,0.3684210526315789,0.3684210526315789,0.3684210526315789,0.47368421052631576,0.3684210526315789,0.5263157894736842,0.10526315789473684,0.3157894736842105,0.42105263157894735,0.3157894736842105,0.3157894736842105,0.3684210526315789,0.42105263157894735,0.47368421052631576,0.4052631578947368,0.39473684210526316
la_liga,2014,GRA,0.3684210526315789,0.3684210526315789,0.42105263157894735,0.47368421052631576,0.2631578947368421,0.2631578947368421,0.3684210526315789,0.21052631578947367,0.42105263157894735,0.3157894736842105,0.2631578947368421,0.3157894736842105,0.5263157894736842,0.47368421052631576,0.3157894736842105,0.5263157894736842,0.3684210526315789,0.42105263157894735,0.42105263157894735,0.3684210526315789,0.37368421052631573,0.37368421052631573
la_liga,2014,LAC,0.47368421052631576,0.7368421052631579,0.3157894736842105,0.5789473684210527,0.631578947368421,0.5263157894736842,0.3684210526315789,0.42105263157894735,0.2631578947368421,0.3157894736842105,0.5789473684210527,0.3684210526315789,0.3157894736842105,0.5263157894736842,0.3157894736842105,0.2631578947368421,0.47368421052631576,0.5263157894736842,0.3684210526315789,0.42105263157894735,0.41052631578947374,0.46842105263157896
la_liga,2014,LEVA,0.47368421052631576,0.2631578947368421,0.2631578947368421,0.21052631578947367,0.47368421052631576,0.42105263157894735,0.47368421052631576,0.42105263157894735,0.42105263157894735,0.21052631578947367,0.15789473684210525,0.47368421052631576,0.3684210526315789,0.5263157894736842,0.5263157894736842,0.631578947368421,0.3684210526315789,0.15789473684210525,0.3684210526315789,0.42105263157894735,0.3894736842105263,0.3736842105263158
la_liga,2014,MLG,0.21052631578947367,0.3684210526315789,0.3684210526315789,0.5789473684210527,0.2631578947368421,0.42105263157894735,0.3684210526315789,0.21052631578947367,0.3684210526315789,0.3157894736842105,0.6842105263157895,0.2631578947368421,0.2631578947368421,0.3157894736842105,0.5263157894736842,0.42105263157894735,0.21052631578947367,0.42105263157894735,0.2631578947368421,0.3157894736842105,0.35263157894736835,0.3631578947368421
la_liga,2014,RAYO,0.3157894736842105,0.3684210526315789,0.3684210526315789,0.42105263157894735,0.5263157894736842,0.47368421052631576,0.47368421052631576,0.3157894736842105,0.42105263157894735,0.3684210526315789,0.3684210526315789,0.42105263157894735,0.42105263157894735,0.42105263157894735,0.3684210526315789,0.631578947368421,0.3684210526315789,0.42105263157894735,0.47368421052631576,0.5263157894736842,0.41052631578947363,0.43684210526315786
la_liga,2014,RMA,0.21052631578947367,0.3157894736842105,0.3684210526315789,0.15789473684210525,0.47368421052631576,0.3684210526315789,0.6842105263157895,0.5263157894736842,0.3684210526315789,0.15789473684210525,0.2631578947368421,0.21052631578947367,0.3157894736842105,0.21052631578947367,0.2631578947368421,0.5789473684210527,0.2631578947368421,0.42105263157894735,0.42105263157894735,0.5789473684210527,0.3631578947368421,0.3526315789473684
la_liga,2014,RSO,0.3157894736842105,0.2631578947368421,0.2631578947368421,0.5263157894736842,0.3684210526315789,0.2631578947368421,0.3157894736842105,0.21052631578947367,0.3157894736842105,0.3157894736842105,0.42105263157894735,0.47368421052631576,0.47368421052631576,0.3157894736842105,0.3684210526315789,0.3684210526315789,0.15789473684210525,0.3684210526315789,0.2631578947368421,0.3684210526315789,0.3263157894736842,0.3473684210526315
la_liga,2014,SEV,0.47368421052631576,0.42105263157894735,0.5263157894736842,0.2631578947368421,0.3684210526315789,0.3157894736842105,0.3684210526315789,0.3157894736842105,0.3684210526315789,0.3684210526315789,0.3157894736842105,0.3684210526315789,0.42105263157894735,0.3157894736842105,0.15789473684210525,0.3157894736842105,0.15789473684210525,0.2631578947368421,0.2631578947368421,0.3157894736842105,0.34210526315789475,0.3263157894736842
la_liga,2014,VIL,0.42105263157894735,0.3157894736842105,0.42105263157894735,0.2631578947368421,0.21052631578947367,0.5263157894736842,0.5263157894736842,0.3684210526315789,0.5263157894736842,0.47368421052631576,0.47368421052631576,0.42105263157894735,0.3157894736842105,0.3157894736842105,0.47368421052631576,0.21052631578947367,0.3157894736842105,0.21052631578947367,0.2631578947368421,0.2631578947368421,0.39473684210526316,0.33684210526315783
la_liga,2014,VLC,0.3684210526315789,0.3684210526315789,0.2631578947368421,0.42105263157894735,0.3684210526315789,0.42105263157894735,0.5789473684210527,0.42105263157894735,0.15789473684210525,0.5263157894736842,0.3157894736842105,0.42105263157894735,0.3157894736842105,0.3157894736842105,0.6842105263157895,0.2631578947368421,0.42105263157894735,0.3684210526315789,0.2631578947368421,0.3684210526315789,0.37368421052631573,0.3894736842105263
la_liga,2015,ATHB,0.3157894736842105,0.15789473684210525,0.3157894736842105,0.47368421052631576,0.42105263157894735,0.3157894736842105,0.3684210526315789,0.47368421052631576,0.2631578947368421,0.3684210526315789,0.47368421052631576,0.10526315789473684,0.47368421052631576,0.42105263157894735,0.2631578947368421,0.2631578947368421,0.42105263157894735,0.3157894736842105,0.47368421052631576,0.3157894736842105,0.3789473684210526,0.32105263157894737
la_liga,2015,ATHM,0.42105263157894735,0.5263157894736842,0.5263157894736842,0.2631578947368421,0.42105263157894735,0.3157894736842105,0.3684210526315789,0.47368421052631576,0.3157894736842105,0.2631578947368421,0.3684210526315789,0.2631578947368421,0.3684210526315789,0.47368421052631576,0.15789473684210525,0.42105263157894735,0.5263157894736842,0.10526315789473684,0.3684210526315789,0.3684210526315789,0.38421052631578945,0.34736842105263155
la_liga,2015,BARC,0.3684210526315789,0.42105263157894735,0.3684210526315789,0.3157894736842105,0.42105263157894735,0.42105263157894735,0.42105263157894735,0.3157894736842105,0.21052631578947367,0.3684210526315789,0.42105263157894735,0.42105263157894735,0.21052631578947367,0.5789473684210527,0.47368421052631576,0.3157894736842105,0.47368421052631576,0.3684210526315789,0.5263157894736842,0.47368421052631576,0.3894736842105263,0.4
la_liga,2015,BET,0.2631578947368421,0.3684210526315789,0.3157894736842105,0.5263157894736842,0.21052631578947367,0.3157894736842105,0.5263157894736842,0.21052631578947367,0.47368421052631576,0.2631578947368421,0.3157894736842105,0.47368421052631576,0.631578947368421,0.42105263157894735,0.2631578947368421,0.47368421052631576,0.3157894736842105,0.15789473684210525,0.2631578947368421,0.3157894736842105,0.35789473684210527,0.3526315789473684
la_liga,2015,CEL,0.47368421052631576,0.5263157894736842,0.3684210526315789,0.3684210526315789,0.42105263157894735,0.2631578947368421,0.3157894736842105,0.3684210526315789,0.3157894736842105,0.3157894736842105,0.3157894736842105,0.3157894736842105,0.42105263157894735,0.5263157894736842,0.42105263157894735,0.2631578947368421,0.2631578947368421,0.3684210526315789,0.3157894736842105,0.15789473684210525,0.36315789473684207,0.34736842105263155
la_liga,2015,EIB,0.5263157894736842,0.3684210526315789,0.3157894736842105,0.47368421052631576,0.42105263157894735,0.3157894736842105,0.2631578947368421,0.3684210526315789,0.2631578947368421,0.47368421052631576,0.631578947368421,0.3157894736842105,0.3157894736842105,0.42105263157894735,0.3684210526315789,0.42105263157894735,0.3684210526315789,0.2631578947368421,0.42105263157894735,0.21052631578947367,0.38947368421052625,0.3631578947368421
la_liga,2015,ESP,0.3157894736842105,0.42105263157894735,0.21052631578947367,0.47368421052631576,0.21052631578947367,0.42105263157894735,0.42105263157894735,0.3157894736842105,0.42105263157894735,0.3157894736842105,0.21052631578947367,0.2631578947368421,0.5263157894736842,0.3157894736842105,0.47368421052631576,0.3157894736842105,0.5789473684210527,0.5263157894736842,0.3157894736842105,0.3157894736842105,0.368421052631579,0.3684210526315789
la_liga,2015,GET,0.21052631578947367,0.21052631578947367,0.3684210526315789,0.3684210526315789,0.3157894736842105,0.42105263157894735,0.47368421052631576,0.3157894736842105,0.21052631578947367,0.5263157894736842,0.42105263157894735,0.21052631578947367,0.3684210526315789,0.5263157894736842,0.47368421052631576,0.631578947368421,0.3157894736842105,0.631578947368421,0.3684210526315789,0.21052631578947367,0.3526315789473684,0.4052631578947368
la_liga,2015,GRA,0.3157894736842105,0.3684210526315789,0.42105263157894735,0.3684210526315789,0.3157894736842105,0.21052631578947367,0.3157894736842105,0.2631578947368421,0.5263157894736842,0.47368421052631576,0.2631578947368421,0.3684210526315789,0.21052631578947367,0.10526315789473684,0.42105263157894735,0.47368421052631576,0.47368421052631576,0.5789473684210527,0.2631578947368421,0.3157894736842105,0.3526315789473684,0.35263157894736846
la_liga,2015,LAC,0.3684210526315789,0.5263157894736842,0.21052631578947367,0.3157894736842105,0.3684210526315789,0.42105263157894735,0.42105263157894735,0.5789473684210527,0.3684210526315789,0.3684210526315789,0.21052631578947367,0.2631578947368421,0.3684210526315789,0.2631578947368421,0.3157894736842105,0.15789473684210525,0.5263157894736842,0.21052631578947367,0.15789473684210525,0.2631578947368421,0.3315789473684211,0.33684210526315783
la_liga,2015,LASP,0.3157894736842105,0.42105263157894735,0.3157894736842105,0.3157894736842105,0.5263157894736842,0.631578947368421,0.42105263157894735,0.5263157894736842,0.5263157894736842,0.3684210526315789,0.5263157894736842,0.47368421052631576,0.3157894736842105,0.3684210526315789,0.3684210526315789,0.47368421052631576,0.15789473684210525,0.3157894736842105,0.42105263157894735,0.42105263157894735,0.3894736842105263,0.43157894736842106
la_liga,2015,LEVA,0.3157894736842105,0.42105263157894735,0.42105263157894735,0.3684210526315789,0.21052631578947367,0.3157894736842105,0.3684210526315789,0.3684210526315789,0.47368421052631576,0.3157894736842105,0.3684210526315789,0.3684210526315789,0.2631578947368421,0.2631578947368421,0.42105263157894735,0.42105263157894735,0.2631578947368421,0.3684210526315789,0.42105263157894735,0.42105263157894735,0.3526315789473684,0.36315789473684207
la_liga,2015,MLG,0.2631578947368421,0.2631578947368421,0.3684210526315789,0.21052631578947367,0.47368421052631576,0.21052631578947367,0.3157894736842105,0.42105263157894735,0.42105263157894735,0.15789473684210525,0.3684210526315789,0.21052631578947367,0.42105263157894735,0.5789473684210527,0.3157894736842105,0.42105263157894735,0.3157894736842105,0.47368421052631576,0.15789473684210525,0.3684210526315789,0.34210526315789475,0.3315789473684211
la_liga,2015,RAYO,0.5263157894736842,0.5263157894736842,0.5789473684210527,0.3684210526315789,0.2631578947368421,0.2631578947368421,0.42105263157894735,0.3157894736842105,0.47368421052631576,0.2631578947368421,0.3684210526315789,0.3157894736842105,0.42105263157894735,0.5263157894736842,0.47368421052631576,0.47368421052631576,0.42105263157894735,0.2631578947368421,0.3684210526315789,0.47368421052631576,0.43157894736842106,0.3789473684210526
la_liga,2015,RMA,0.21052631578947367,0.15789473684210525,0.3684210526315789,0.3157894736842105,0.42105263157894735,0.10526315789473684,0.21052631578947367,0.47368421052631576,0.47368421052631576,0.5263157894736842,0.3157894736842105,0.42105263157894735,0.3157894736842105,0.42105263157894735,0.3157894736842105,0.42105263157894735,0.3157894736842105,0.3157894736842105,0.3157894736842105,0.47368421052631576,0.3263157894736842,0.3631578947368421
la_liga,2015,RSO,0.3684210526315789,0.3157894736842105,0.3684210526315789,0.3157894736842105,0.42105263157894735,0.5263157894736842,0.3684210526315789,0.2631578947368421,0.15789473684210525,0.3157894736842105,0.3157894736842105,0.42105263157894735,0.42105263157894735,0.3157894736842105,0.3684210526315789,0.3684210526315789,0.3157894736842105,0.3684210526315789,0.21052631578947367,0.21052631578947367,0.3315789473684211,0.3421052631578947
la_liga,2015,SEV,0.42105263157894735,0.3157894736842105,0.42105263157894735,0.5263157894736842,0.2631578947368421,0.3157894736842105,0.5263157894736842,0.42105263157894735,0.3157894736842105,0.5263157894736842,0.3684210526315789,0.42105263157894735,0.631578947368421,0.3684210526315789,0.3157894736842105,0.3684210526315789,0.15789473684210525,0.2631578947368421,0.5263157894736842,0.3684210526315789,0.3947368421052631,0.3894736842105263
la_liga,2015,SPG,0.47368421052631576,0.3684210526315789,0.3684210526315789,0.42105263157894735,0.47368421052631576,0.3684210526315789,0.2631578947368421,0.42105263157894735,0.3684210526315789,0.3157894736842105,0.5263157894736842,0.47368421052631576,0.3157894736842105,0.3157894736842105,0.21052631578947367,0.3684210526315789,0.3684210526315789,0.47368421052631576,0.15789473684210525,0.2631578947368421,0.3526315789473684,0.3789473684210526
la_liga,2015,VIL,0.47368421052631576,0.42105263157894735,0.47368421052631576,0.3157894736842105,0.5263157894736842,0.47368421052631576,0.42105263157894735,0.3684210526315789,0.3684210526315789,0.2631578947368421,0.3157894736842105,0.5789473684210527,0.15789473684210525,0.3684210526315789,0.3157894736842105,0.2631578947368421,0.5263157894736842,0.42105263157894735,0.42105263157894735,0.5263157894736842,0.39999999999999997,0.39999999999999997
la_liga,2015,VLC,0.42105263157894735,0.3684210526315789,0.3157894736842105,0.47368421052631576,0.47368421052631576,0.47368421052631576,0.3684210526315789,0.21052631578947367,0.21052631578947367,0.47368421052631576,0.15789473684210525,0.47368421052631576,0.2631578947368421,0.3157894736842105,0.42105263157894735,0.21052631578947367,0.3157894736842105,0.47368421052631576,0.47368421052631576,0.3684210526315789,0.3421052631578948,0.38421052631578945
la_liga,2016,ALA,0.3684210526315789,0.47368421052631576,0.2631578947368421,0.47368421052631576,0.2631578947368421,0.15789473684210525,0.3684210526315789,0.631578947368421,0.42105263157894735,0.2631578947368421,0.15789473684210525,0.42105263157894735,0.2631578947368421,0.5263157894736842,0.3684210526315789,0.5789473684210527,0.47368421052631576,0.2631578947368421,0.2631578947368421,0.2631578947368421,0.32105263157894737,0.4052631578947368
la_liga,2016,ATHB,0.47368421052631576,0.2631578947368421,0.3157894736842105,0.3157894736842105,0.21052631578947367,0.3684210526315789,0.42105263157894735,0.42105263157894735,0.42105263157894735,0.3684210526315789,0.3157894736842105,0.3684210526315789,0.47368421052631576,0.21052631578947367,0.42105263157894735,0.3157894736842105,0.42105263157894735,0.3157894736842105,0.5263157894736842,0.3157894736842105,0.39999999999999997,0.3263157894736842
la_liga,2016,ATHM,0.5263157894736842,0.47368421052631576,0.47368421052631576,0.42105263157894735,0.5789473684210527,0.631578947368421,0.3684210526315789,0.3157894736842105,0.47368421052631576,0.47368421052631576,0.3157894736842105,0.3684210526315789,0.15789473684210525,0.5263157894736842,0.47368421052631576,0.3157894736842105,0.5263157894736842,0.42105263157894735,0.42105263157894735,0.42105263157894735,0.43157894736842106,0.43684210526315786
la_liga,2016,BARC,0.2631578947368421,0.3157894736842105,0.5789473684210527,0.5789473684210527,0.47368421052631576,0.3684210526315789,0.42105263157894735,0.3684210526315789,0.42105263157894735,0.2631578947368421,0.47368421052631576,0.3157894736842105,0.3684210526315789,0.3684210526315789,0.3684210526315789,0.2631578947368421,0.2631578947368421,0.3684210526315789,0.2631578947368421,0.3157894736842105,0.3894736842105263,0.3526315789473684
la_liga,2016,BET,0.3684210526315789,0.3684210526315789,0.2631578947368421,0.3157894736842105,0.2631578947368421,0.42105263157894735,0.5789473684210527,0.21052631578947367,0.42105263157894735,0.3157894736842105,0.42105263157894735,0.47368421052631576,0.3684210526315789,0.42105263157894735,0.3157894736842105,0.3684210526315789,0.2631578947368421,0.47368421052631576,0.15789473684210525,0.3157894736842105,0.34210526315789475,0.3684210526315789
la_liga,2016,CEL,0.5263157894736842,0.42105263157894735,0.5263157894736842,0.3684210526315789,0.47368421052631576,0.42105263157894735,0.21052631578947367,0.5263157894736842,0.3157894736842105,0.47368421052631576,0.47368421052631576,0.3684210526315789,0.3684210526315789,0.3684210526315789,0.2631578947368421,0.42105263157894735,0.2631578947368421,0.5263157894736842,0.42105263157894735,0.2631578947368421,0.38421052631578945,0.41578947368421054
la_liga,2016,EIB,0.2631578947368421,0.15789473684210525,0.47368421052631576,0.42105263157894735,0.47368421052631576,0.42105263157894735,0.5263157894736842,0.3684210526315789,0.42105263157894735,0.47368421052631576,0.2631578947368421,0.42105263157894735,0.42105263157894735,0.42105263157894735,0.5263157894736842,0.3684210526315789,0.3157894736842105,0.5263157894736842,0.47368421052631576,0.2631578947368421,0.41578947368421054,0.38421052631578945
la_liga,2016,ESP,0.5263157894736842,0.3684210526315789,0.42105263157894735,0.15789473684210525,0.3684210526315789,0.3157894736842105,0.21052631578947367,0.42105263157894735,0.2631578947368421,0.15789473684210525,0.5263157894736842,0.47368421052631576,0.15789473684210525,0.42105263157894735,0.42105263157894735,0.42105263157894735,0.3157894736842105,0.3684210526315789,0.3684210526315789,0.42105263157894735,0.3578947368421052,0.35263157894736835
la_liga,2016,GRA,0.42105263157894735,0.47368421052631576,0.3684210526315789,0.3684210526315789,0.2631578947368421,0.3157894736842105,0.42105263157894735,0.2631578947368421,0.3157894736842105,0.47368421052631576,0.21052631578947367,0.5263157894736842,0.21052631578947367,0.3157894736842105,0.5263157894736842,0.3157894736842105,0.3157894736842105,0.3157894736842105,0.3684210526315789,0.42105263157894735,0.3421052631578947,0.3789473684210526
la_liga,2016,LAC,0.42105263157894735,0.3684210526315789,0.3157894736842105,0.47368421052631576,0.3684210526315789,0.3157894736842105,0.3684210526315789,0.2631578947368421,0.3684210526315789,0.42105263157894735,0.3157894736842105,0.3157894736842105,0.42105263157894735,0.5789473684210527,0.42105263157894735,0.3157894736842105,0.3684210526315789,0.3157894736842105,0.3684210526315789,0.3684210526315789,0.37368421052631573,0.37368421052631573
la_liga,2016,LASP,0.3157894736842105,0.3157894736842105,0.47368421052631576,0.2631578947368421,0.6842105263157895,0.15789473684210525,0.3157894736842105,0.47368421052631576,0.47368421052631576,0.3157894736842105,0.3684210526315789,0.3684210526315789,0.5263157894736842,0.5789473684210527,0.42105263157894735,0.3684210526315789,0.5263157894736842,0.5263157894736842,0.42105263157894735,0.2631578947368421,0.45263157894736833,0.36315789473684207
la_liga,2016,LEG,0.21052631578947367,0.3684210526315789,0.3157894736842105,0.15789473684210525,0.47368421052631576,0.3157894736842105,0.3684210526315789,0.3684210526315789,0.631578947368421,0.3684210526315789,0.3684210526315789,0.47368421052631576,0.42105263157894735,0.3157894736842105,0.3157894736842105,0.47368421052631576,0.42105263157894735,0.2631578947368421,0.47368421052631576,0.47368421052631576,0.4,0.35789473684210527
la_liga,2016,MLG,0.42105263157894735,0.3684210526315789,0.47368421052631576,0.3684210526315789,0.3684210526315789,0.3684210526315789,0.47368421052631576,0.3157894736842105,0.21052631578947367,0.3157894736842105,0.3684210526315789,0.3157894736842105,0.47368421052631576,0.3684210526315789,0.5263157894736842,0.5789473684210527,0.15789473684210525,0.3684210526315789,0.15789473684210525,0.42105263157894735,0.3631578947368421,0.3789473684210526
la_liga,2016,OSA,0.47368421052631576,0.3684210526315789,0.42105263157894735,0.15789473684210525,0.21052631578947367,0.47368421052631576,0.15789473684210525,0.42105263157894735,0.2631578947368421,0.47368421052631576,0.3157894736842105,0.2631578947368421,0.47368421052631576,0.42105263157894735,0.2631578947368421,0.42105263157894735,0.42105263157894735,0.42105263157894735,0.5263157894736842,0.5789473684210527,0.3526315789473684,0.4
la_liga,2016,RMA,0.47368421052631576,0.42105263157894735,0.42105263157894735,0.47368421052631576,0.3684210526315789,0.42105263157894735,0.42105263157894735,0.47368421052631576,0.3157894736842105,0.47368421052631576,0.47368421052631576,0.42105263157894735,0.47368421052631576,0.5789473684210527,0.42105263157894735,0.47368421052631576,0.10526315789473684,0.3157894736842105,0.2631578947368421,0.3684210526315789,0.37368421052631573,0.44210526315789467
la_liga,2016,RSO,0.3157894736842105,0.2631578947368421,0.2631578947368421,0.5789473684210527,0.42105263157894735,0.5263157894736842,0.6842105263157895,0.3157894736842105,0.5789473684210527,0.42105263157894735,0.21052631578947367,0.2631578947368421,0.3157894736842105,0.5263157894736842,0.3684210526315789,0.3684210526315789,0.5263157894736842,0.3157894736842105,0.3684210526315789,0.3684210526315789,0.4052631578947368,0.3947368421052631
la_liga,2016,SEV,0.3157894736842105,0.3684210526315789,0.3157894736842105,0.42105263157894735,0.2631578947368421,0.2631578947368421,0.3684210526315789,0.47368421052631576,0.47368421052631576,0.2631578947368421,0.2631578947368421,0.2631578947368421,0.5263157894736842,0.21052631578947367,0.3684210526315789,0.2631578947368421,0.2631578947368421,0.47368421052631576,0.47368421052631576,0.3684210526315789,0.36315789473684207,0.3368421052631579
la_liga,2016,SPG,0.2631578947368421,0.42105263157894735,0.42105263157894735,0.42105263157894735,0.3684210526315789,0.42105263157894735,0.3157894736842105,0.42105263157894735,0.3684210526315789,0.3684210526315789,0.15789473684210525,0.3157894736842105,0.47368421052631576,0.21052631578947367,0.3157894736842105,0.3157894736842105,0.3684210526315789,0.3157894736842105,0.21052631578947367,0.3684210526315789,0.32631578947368417,0.3578947368421052
la_liga,2016,VIL,0.2631578947368421,0.42105263157894735,0.5263157894736842,0.3684210526315789,0.3684210526315789,0.3157894736842105,0.42105263157894735,0.5263157894736842,0.3684210526315789,0.2631578947368421,0.5789473684210527,0.47368421052631576,0.42105263157894735,0.10526315789473684,0.21052631578947367,0.42105263157894735,0.3157894736842105,0.5263157894736842,0.42105263157894735,0.47368421052631576,0.3894736842105263,0.3894736842105263
la_liga,2016,VLC,0.42105263157894735,0.3157894736842105,0.3157894736842105,0.42105263157894735,0.2631578947368421,0.42105263157894735,0.2631578947368421,0.42105263157894735,0.42105263157894735,0.3684210526315789,0.2631578947368421,0.42105263157894735,0.3684210526315789,0.3157894736842105,0.3684210526315789,0.3157894736842105,0.3684210526315789,0.3684210526315789,0.42105263157894735,0.3684210526315789,0.34736842105263155,0.37368421052631573
la_liga,2017,ALA,0.5263157894736842,0.47368421052631576,0.21052631578947367,0.5263157894736842,0.3157894736842105,0.47368421052631576,0.21052631578947367,0.3684210526315789,0.15789473684210525,0.3684210526315789,0.21052631578947367,0.3157894736842105,0.42105263157894735,0.5263157894736842,0.42105263157894735,0.3684210526315789,0.2631578947368421,0.2631578947368421,0.5263157894736842,0.3684210526315789,0.3263157894736842,0.4052631578947368
la_liga,2017,ATHB,0.3157894736842105,0.47368421052631576,0.21052631578947367,0.3684210526315789,0.42105263157894735,0.42105263157894735,0.3684210526315789,0.2631578947368421,0.3157894736842105,0.47368421052631576,0.3684210526315789,0.3157894736842105,0.15789473684210525,0.42105263157894735,0.47368421052631576,0.42105263157894735,0.42105263157894735,0.2631578947368421,0.42105263157894735,0.3684210526315789,0.3473684210526316,0.3789473684210526
la_liga,2017,ATHM,0.3684210526315789,0.3157894736842105,0.3684210526315789,0.42105263157894735,0.47368421052631576,0.2631578947368421,0.42105263157894735,0.3684210526315789,0.47368421052631576,0.5789473684210527,0.2631578947368421,0.7368421052631579,0.42105263157894735,0.15789473684210525,0.21052631578947367,0.2631578947368421,0.3157894736842105,0.21052631578947367,0.47368421052631576,0.3157894736842105,0.3789473684210526,0.3631578947368421
la_liga,2017,BARC,0.3684210526315789,0.3684210526315789,0.42105263157894735,0.47368421052631576,0.3684210526315789,0.42105263157894735,0.3157894736842105,0.21052631578947367,0.631578947368421,0.47368421052631576,0.2631578947368421,0.5263157894736842,0.3684210526315789,0.2631578947368421,0.47368421052631576,0.42105263157894735,0.2631578947368421,0.42105263157894735,0.3157894736842105,0.47368421052631576,0.3789473684210526,0.4052631578947368
la_liga,2017,BET,0.47368421052631576,0.3684210526315789,0.2631578947368421,0.15789473684210525,0.2631578947368421,0.47368421052631576,0.3684210526315789,0.3684210526315789,0.3157894736842105,0.3684210526315789,0.42105263157894735,0.2631578947368421,0.3157894736842105,0.2631578947368421,0.47368421052631576,0.15789473684210525,0.47368421052631576,0.5263157894736842,0.21052631578947367,0.42105263157894735,0.3578947368421052,0.33684210526315783
la_liga,2017,CEL,0.3157894736842105,0.47368421052631576,0.3157894736842105,0.2631578947368421,0.2631578947368421,0.42105263157894735,0.21052631578947367,0.2631578947368421,0.47368421052631576,0.3684210526315789,0.21052631578947367,0.15789473684210525,0.21052631578947367,0.42105263157894735,0.2631578947368421,0.2631578947368421,0.3684210526315789,0.5263157894736842,0.2631578947368421,0.5263157894736842,0.2894736842105262,0.36842105263157887
la_liga,2017,EIB,0.42105263157894735,0.42105263157894735,0.3684210526315789,0.5263157894736842,0.42105263157894735,0.3157894736842105,0.42105263157894735,0.3684210526315789,0.3157894736842105,0.2631578947368421,0.5789473684210527,0.21052631578947367,0.47368421052631576,0.42105263157894735,0.3684210526315789,0.5789473684210527,0.10526315789473684,0.2631578947368421,0.2631578947368421,0.2631578947368421,0.37368421052631573,0.363157894736842
la_liga,2017,ESP,0.631578947368421,0.3157894736842105,0.2631578947368421,0.3684210526315789,0.42105263157894735,0.3684210526315789,0.2631578947368421,0.3684210526315789,0.15789473684210525,0.5789473684210527,0.3684210526315789,0.21052631578947367,0.5789473684210527,0.47368421052631576,0.42105263157894735,0.2631578947368421,0.5263157894736842,0.42105263157894735,0.3157894736842105,0.21052631578947367,0.3947368421052631,0.3578947368421052
la_liga,2017,GET,0.3157894736842105,0.42105263157894735,0.42105263157894735,0.21052631578947367,0.42105263157894735,0.47368421052631576,0.5263157894736842,0.5789473684210527,0.3157894736842105,0.2631578947368421,0.3684210526315789,0.3684210526315789,0.3684210526315789,0.47368421052631576,0.2631578947368421,0.2631578947368421,0.3157894736842105,0.2631578947368421,0.5263157894736842,0.2631578947368421,0.38421052631578945,0.3578947368421052
la_liga,2017,GIR,0.42105263157894735,0.2631578947368421,0.2631578947368421,0.3157894736842105,0.42105263157894735,0.3684210526315789,0.47368421052631576,0.5263157894736842,0.47368421052631576,0.42105263157894735,0.3684210526315789,0.3684210526315789,0.3157894736842105,0.3157894736842105,0.21052631578947367,0.21052631578947367,0.47368421052631576,0.3684210526315789,0.3684210526315789,0.3684210526315789,0.3789473684210526,0.3526315789473684
la_liga,2017,LAC,0.5263157894736842,0.3157894736842105,0.47368421052631576,0.2631578947368421,0.3157894736842105,0.21052631578947367,0.3157894736842105,0.3157894736842105,0.42105263157894735,0.3157894736842105,0.2631578947368421,0.15789473684210525,0.3157894736842105,0.3684210526315789,0.3157894736842105,0.3684210526315789,0.5263157894736842,0.42105263157894735,0.3157894736842105,0.5263157894736842,0.3789473684210526,0.3263157894736842
la_liga,2017,LASP,0.15789473684210525,0.2631578947368421,0.5789473684210527,0.42105263157894735,0.42105263157894735,0.47368421052631576,0.2631578947368421,0.3157894736842105,0.2631578947368421,0.21052631578947367,0.3157894736842105,0.5263157894736842,0.42105263157894735,0.2631578947368421,0.5789473684210527,0.47368421052631576,0.3157894736842105,0.42105263157894735,0.2631578947368421,0.5263157894736842,0.35789473684210527,0.3894736842105263
la_liga,2017,LEG,0.42105263157894735,0.3684210526315789,0.6842105263157895,0.47368421052631576,0.42105263157894735,0.42105263157894735,0.47368421052631576,0.3157894736842105,0.42105263157894735,0.3157894736842105,0.2631578947368421,0.5789473684210527,0.3684210526315789,0.47368421052631576,0.21052631578947367,0.42105263157894735,0.5789473684210527,0.3684210526315789,0.42105263157894735,0.47368421052631576,0.42631578947368415,0.42105263157894735
la_liga,2017,LEVA,0.5263157894736842,0.3157894736842105,0.15789473684210525,0.47368421052631576,0.5789473684210527,0.42105263157894735,0.42105263157894735,0.3157894736842105,0.3684210526315789,0.47368421052631576,0.47368421052631576,0.47368421052631576,0.2631578947368421,0.21052631578947367,0.3157894736842105,0.47368421052631576,0.3157894736842105,0.3157894736842105,0.2631578947368421,0.2631578947368421,0.3684210526315789,0.37368421052631573
la_liga,2017,MLG,0.2631578947368421,0.3157894736842105,0.2631578947368421,0.3684210526315789,0.5263157894736842,0.5789473684210527,0.21052631578947367,0.21052631578947367,0.5263157894736842,0.47368421052631576,0.5263157894736842,0.5789473684210527,0.3157894736842105,0.2631578947368421,0.42105263157894735,0.3684210526315789,0.47368421052631576,0.47368421052631576,0.5263157894736842,0.42105263157894735,0.4052631578947368,0.4052631578947368
la_liga,2017,RMA,0.3684210526315789,0.3684210526315789,0.3684210526315789,0.3157894736842105,0.42105263157894735,0.2631578947368421,0.42105263157894735,0.2631578947368421,0.5263157894736842,0.2631578947368421,0.5263157894736842,0.3157894736842105,0.42105263157894735,0.3684210526315789,0.5263157894736842,0.3157894736842105,0.3684210526315789,0.2631578947368421,0.5263157894736842,0.3157894736842105,0.4473684210526316,0.3052631578947368
la_liga,2017,RSO,0.3157894736842105,0.5263157894736842,0.3157894736842105,0.5789473684210527,0.3684210526315789,0.2631578947368421,0.3157894736842105,0.47368421052631576,0.42105263157894735,0.42105263157894735,0.47368421052631576,0.5263157894736842,0.42105263157894735,0.3157894736842105,0.631578947368421,0.42105263157894735,0.3684210526315789,0.47368421052631576,0.2631578947368421,0.3157894736842105,0.38947368421052625,0.43157894736842106
la_liga,2017,SEV,0.21052631578947367,0.2631578947368421,0.47368421052631576,0.42105263157894735,0.3684210526315789,0.42105263157894735,0.2631578947368421,0.42105263157894735,0.3684210526315789,0.21052631578947367,0.3157894736842105,0.2631578947368421,0.3157894736842105,0.42105263157894735,0.42105263157894735,0.631578947368421,0.2631578947368421,0.3157894736842105,0.5263157894736842,0.47368421052631576,0.35263157894736835,0.38421052631578945
la_liga,2017,VIL,0.3684210526315789,0.3684210526315789,0.3684210526315789,0.5263157894736842,0.3684210526315789,0.5263157894736842,0.21052631578947367,0.42105263157894735,0.3684210526315789,0.2631578947368421,0.3157894736842105,0.42105263157894735,0.47368421052631576,0.47368421052631576,0.2631578947368421,0.3157894736842105,0.3157894736842105,0.5263157894736842,0.2631578947368421,0.2631578947368421,0.3315789473684211,0.41052631578947374
la_liga,2017,VLC,0.5789473684210527,0.3157894736842105,0.42105263157894735,0.3157894736842105,0.42105263157894735,0.2631578947368421,0.631578947368421,0.5263157894736842,0.21052631578947367,0.2631578947368421,0.47368421052631576,0.3684210526315789,0.3157894736842105,0.3157894736842105,0.42105263157894735,0.42105263157894735,0.5263157894736842,0.42105263157894735,0.3157894736842105,0.21052631578947367,0.43157894736842095,0.3421052631578947
la_liga,2018,ALA,0.3157894736842105,0.2631578947368421,0.2631578947368421,0.21052631578947367,0.631578947368421,0.3684210526315789,0.15789473684210525,0.42105263157894735,0.3157894736842105,0.5263157894736842,0.3157894736842105,0.42105263157894735,0.21052631578947367,0.42105263157894735,0.631578947368421,0.2631578947368421,0.3157894736842105,0.3684210526315789,0.47368421052631576,0.15789473684210525,0.3631578947368421,0.3421052631578947
la_liga,2018,ATHB,0.2631578947368421,0.5263157894736842,0.3157894736842105,0.42105263157894735,0.47368421052631576,0.631578947368421,0.2631578947368421,0.3684210526315789,0.3157894736842105,0.2631578947368421,0.3157894736842105,0.47368421052631576,0.3157894736842105,0.3157894736842105,0.2631578947368421,0.47368421052631576,0.21052631578947367,0.42105263157894735,0.3684210526315789,0.47368421052631576,0.31052631578947365,0.43684210526315786
la_liga,2018,ATHM,0.3157894736842105,0.2631578947368421,0.5263157894736842,0.3684210526315789,0.15789473684210525,0.47368421052631576,0.3157894736842105,0.2631578947368421,0.5263157894736842,0.42105263157894735,0.42105263157894735,0.3157894736842105,0.5263157894736842,0.3684210526315789,0.3157894736842105,0.5789473684210527,0.3157894736842105,0.47368421052631576,0.42105263157894735,0.42105263157894735,0.38421052631578945,0.39473684210526316
la_liga,2018,BARC,0.42105263157894735,0.5263157894736842,0.2631578947368421,0.3684210526315789,0.3684210526315789,0.3684210526315789,0.631578947368421,0.42105263157894735,0.42105263157894735,0.21052631578947367,0.5789473684210527,0.42105263157894735,0.42105263157894735,0.5789473684210527,0.21052631578947367,0.47368421052631576,0.3684210526315789,0.2631578947368421,0.47368421052631576,0.3684210526315789,0.41578947368421054,0.39999999999999997
la_liga,2018,BET,0.21052631578947367,0.3157894736842105,0.2631578947368421,0.47368421052631576,0.42105263157894735,0.3157894736842105,0.42105263157894735,0.3684210526315789,0.47368421052631576,0.3684210526315789,0.42105263157894735,0.42105263157894735,0.3157894736842105,0.3684210526315789,0.3684210526315789,0.3157894736842105,0.3157894736842105,0.3157894736842105,0.5263157894736842,0.42105263157894735,0.37368421052631573,0.3684210526315789
la_liga,2018,CEL,0.47368421052631576,0.5789473684210527,0.3157894736842105,0.47368421052631576,0.3157894736842105,0.3684210526315789,0.21052631578947367,0.42105263157894735,0.42105263157894735,0.42105263157894735,0.5263157894736842,0.3157894736842105,0.3684210526315789,0.5789473684210527,0.3684210526315789,0.47368421052631576,0.42105263157894735,0.21052631578947367,0.3684210526315789,0.2631578947368421,0.3789473684210526,0.41052631578947374
la_liga,2018,EIB,0.5789473684210527,0.42105263157894735,0.3684210526315789,0.3157894736842105,0.2631578947368421,0.3684210526315789,0.15789473684210525,0.47368421052631576,0.47368421052631576,0.3157894736842105,0.3684210526315789,0.5263157894736842,0.2631578947368421,0.15789473684210525,0.47368421052631576,0.3684210526315789,0.42105263157894735,0.2631578947368421,0.2631578947368421,0.42105263157894735,0.3631578947368421,0.36315789473684207
la_liga,2018,ESP,0.3157894736842105,0.2631578947368421,0.05263157894736842,0.47368421052631576,0.3157894736842105,0.42105263157894735,0.42105263157894735,0.5263157894736842,0.3684210526315789,0.3684210526315789,0.3157894736842105,0.47368421052631576,0.42105263157894735,0.3684210526315789,0.2631578947368421,0.3157894736842105,0.3684210526315789,0.3157894736842105,0.2631578947368421,0.3684210526315789,0.31052631578947365,0.3894736842105263
la_liga,2018,GET,0.5263157894736842,0.15789473684210525,0.42105263157894735,0.5789473684210527,0.3157894736842105,0.3157894736842105,0.631578947368421,0.3157894736842105,0.42105263157894735,0.47368421052631576,0.3684210526315789,0.631578947368421,0.2631578947368421,0.42105263157894735,0.3684210526315789,0.3684210526315789,0.42105263157894735,0.3157894736842105,0.5263157894736842,0.3157894736842105,0.42631578947368426,0.3894736842105263
la_liga,2018,GIR,0.3684210526315789,0.5789473684210527,0.42105263157894735,0.47368421052631576,0.3684210526315789,0.2631578947368421,0.47368421052631576,0.42105263157894735,0.15789473684210525,0.3684210526315789,0.3157894736842105,0.47368421052631576,0.5263157894736842,0.2631578947368421,0.3157894736842105,0.3684210526315789,0.5263157894736842,0.3684210526315789,0.2631578947368421,0.15789473684210525,0.37368421052631573,0.37368421052631573
la_liga,2018,HUE,0.47368421052631576,0.2631578947368421,0.631578947368421,0.42105263157894735,0.42105263157894735,0.10526315789473684,0.3157894736842105,0.2631578947368421,0.3684210526315789,0.3157894736842105,0.3157894736842105,0.3157894736842105,0.10526315789473684,0.3684210526315789,0.47368421052631576,0.3157894736842105,0.42105263157894735,0.2631578947368421,0.21052631578947367,0.47368421052631576,0.37368421052631573,0.31052631578947365
la_liga,2018,LEG,0.47368421052631576,0.5263157894736842,0.5789473684210527,0.47368421052631576,0.47368421052631576,0.42105263157894735,0.3684210526315789,0.3157894736842105,0.2631578947368421,0.42105263157894735,0.3684210526315789,0.3157894736842105,0.2631578947368421,0.5789473684210527,0.2631578947368421,0.3684210526315789,0.42105263157894735,0.5263157894736842,0.42105263157894735,0.42105263157894735,0.3894736842105263,0.43684210526315786
la_liga,2018,LEVA,0.42105263157894735,0.47368421052631576,0.47368421052631576,0.3684210526315789,0.3684210526315789,0.2631578947368421,0.3157894736842105,0.5263157894736842,0.47368421052631576,0.3157894736842105,0.10526315789473684,0.3684210526315789,0.631578947368421,0.5263157894736842,0.47368421052631576,0.2631578947368421,0.42105263157894735,0.21052631578947367,0.3157894736842105,0.3684210526315789,0.39999999999999997,0.3684210526315789
la_liga,2018,RAYO,0.3684210526315789,0.3684210526315789,0.47368421052631576,0.42105263157894735,0.47368421052631576,0.5263157894736842,0.47368421052631576,0.3157894736842105,0.42105263157894735,0.47368421052631576,0.2631578947368421,0.3157894736842105,0.3684210526315789,0.42105263157894735,0.2631578947368421,0.21052631578947367,0.3157894736842105,0.3157894736842105,0.5263157894736842,0.3684210526315789,0.3947368421052631,0.37368421052631573
la_liga,2018,RMA,0.3157894736842105,0.3684210526315789,0.42105263157894735,0.5263157894736842,0.21052631578947367,0.47368421052631576,0.5263157894736842,0.3157894736842105,0.2631578947368421,0.21052631578947367,0.47368421052631576,0.3157894736842105,0.42105263157894735,0.3684210526315789,0.5789473684210527,0.3684210526315789,0.10526315789473684,0.3684210526315789,0.47368421052631576,0.10526315789473684,0.3789473684210526,0.3421052631578947
la_liga,2018,RSO,0.42105263157894735,0.42105263157894735,0.3157894736842105,0.5263157894736842,0.42105263157894735,0.15789473684210525,0.42105263157894735,0.42105263157894735,0.42105263157894735,0.42105263157894735,0.47368421052631576,0.47368421052631576,0.3684210526315789,0.3157894736842105,0.2631578947368421,0.47368421052631576,0.21052631578947367,0.3684210526315789,0.47368421052631576,0.3684210526315789,0.37894736842105264,0.3947368421052631
la_liga,2018,SEV,0.5263157894736842,0.5263157894736842,0.3684210526315789,0.42105263157894735,0.3684210526315789,0.5789473684210527,0.3684210526315789,0.5263157894736842,0.42105263157894735,0.3684210526315789,0.42105263157894735,0.3157894736842105,0.3157894736842105,0.3684210526315789,0.42105263157894735,0.3157894736842105,0.3684210526315789,0.47368421052631576,0.47368421052631576,0.21052631578947367,0.4052631578947368,0.41052631578947363
la_liga,2018,VIL,0.3684210526315789,0.42105263157894735,0.42105263157894735,0.3157894736842105,0.3157894736842105,0.3157894736842105,0.21052631578947367,0.15789473684210525,0.47368421052631576,0.3157894736842105,0.47368421052631576,0.3684210526315789,0.3684210526315789,0.15789473684210525,0.47368421052631576,0.47368421052631576,0.42105263157894735,0.3684210526315789,0.42105263157894735,0.5263157894736842,0.39473684210526316,0.3421052631578947
la_liga,2018,VLC,0.47368421052631576,0.2631578947368421,0.42105263157894735,0.15789473684210525,0.47368421052631576,0.3157894736842105,0.42105263157894735,0.3684210526315789,0.3157894736842105,0.3157894736842105,0.2631578947368421,0.3157894736842105,0.3684210526315789,0.42105263157894735,0.42105263157894735,0.3157894736842105,0.47368421052631576,0.42105263157894735,0.42105263157894735,0.3684210526315789,0.4052631578947368,0.32631578947368417
la_liga,2018,VLLD,0.42105263157894735,0.2631578947368421,0.5263157894736842,0.42105263157894735,0.2631578947368421,0.42105263157894735,0.47368421052631576,0.21052631578947367,0.21052631578947367,0.5263157894736842,0.47368421052631576,0.42105263157894735,0.47368421052631576,0.5263157894736842,0.3157894736842105,0.5263157894736842,0.2631578947368421,0.5789473684210527,0.3157894736842105,0.3157894736842105,0.3736842105263158,0.42105263157894735
la_liga,2019,ALA,0.2631578947368421,0.3157894736842105,0.3684210526315789,0.3684210526315789,0.2631578947368421,0.2631578947368421,0.3157894736842105,0.2631578947368421,0.15789473684210525,0.2631578947368421,0.42105263157894735,0.47368421052631576,0.3157894736842105,0.42105263157894735,0.5789473684210527,0.21052631578947367,0.2631578947368421,0.3157894736842105,0.5789473684210527,0.3157894736842105,0.3526315789473684,0.32105263157894737
la_liga,2019,ATHB,0.3157894736842105,0.42105263157894735,0.42105263157894735,0.15789473684210525,0.3157894736842105,0.47368421052631576,0.3157894736842105,0.3157894736842105,0.42105263157894735,0.5263157894736842,0.3684210526315789,0.3684210526315789,0.42105263157894735,0.2631578947368421,0.3157894736842105,0.2631578947368421,0.3684210526315789,0.2631578947368421,0.5263157894736842,0.5263157894736842,0.3789473684210526,0.35789473684210527
la_liga,2019,ATHM,0.3157894736842105,0.3157894736842105,0.47368421052631576,0.42105263157894735,0.3684210526315789,0.3157894736842105,0.3157894736842105,0.3157894736842105,0.3684210526315789,0.47368421052631576,0.47368421052631576,0.2631578947368421,0.3157894736842105,0.3684210526315789,0.5263157894736842,0.42105263157894735,0.3157894736842105,0.3157894736842105,0.15789473684210525,0.42105263157894735,0.3631578947368421,0.36315789473684207
la_liga,2019,BARC,0.3684210526315789,0.3157894736842105,0.5789473684210527,0.3157894736842105,0.3684210526315789,0.21052631578947367,0.631578947368421,0.3684210526315789,0.42105263157894735,0.42105263157894735,0.3157894736842105,0.42105263157894735,0.3684210526315789,0.42105263157894735,0.2631578947368421,0.42105263157894735,0.2631578947368421,0.2631578947368421,0.5263157894736842,0.3157894736842105,0.41052631578947374,0.34736842105263155
la_liga,2019,BET,0.42105263157894735,0.5789473684210527,0.631578947368421,0.2631578947368421,0.2631578947368421,0.631578947368421,0.42105263157894735,0.3157894736842105,0.2631578947368421,0.5263157894736842,0.3684210526315789,0.3684210526315789,0.2631578947368421,0.3157894736842105,0.5789473684210527,0.3684210526315789,0.47368421052631576,0.21052631578947367,0.47368421052631576,0.42105263157894735,0.41578947368421054,0.39999999999999997
la_liga,2019,CEL,0.3684210526315789,0.15789473684210525,0.3157894736842105,0.2631578947368421,0.3684210526315789,0.42105263157894735,0.5263157894736842,0.2631578947368421,0.42105263157894735,0.3157894736842105,0.15789473684210525,0.3684210526315789,0.3684210526315789,0.42105263157894735,0.42105263157894735,0.3684210526315789,0.47368421052631576,0.5263157894736842,0.42105263157894735,0.47368421052631576,0.38421052631578945,0.3578947368421052
la_liga,2019,EIB,0.42105263157894735,0.2631578947368421,0.5263157894736842,0.3684210526315789,0.2631578947368421,0.47368421052631576,0.21052631578947367,0.42105263157894735,0.47368421052631576,0.21052631578947367,0.3684210526315789,0.47368421052631576,0.2631578947368421,0.3157894736842105,0.21052631578947367,0.42105263157894735,0.3684210526315789,0.42105263157894735,0.2631578947368421,0.3684210526315789,0.33684210526315783,0.37368421052631573
la_liga,2019,ESP,0.3684210526315789,0.3684210526315789,0.2631578947368421,0.2631578947368421,0.3684210526315789,0.21052631578947367,0.10526315789473684,0.42105263157894735,0.3157894736842105,0.3684210526315789,0.42105263157894735,0.3157894736842105,0.47368421052631576,0.5263157894736842,0.15789473684210525,0.3157894736842105,0.5263157894736842,0.42105263157894735,0.42105263157894735,0.42105263157894735,0.3421052631578947,0.36315789473684207
la_liga,2019,GET,0.2631578947368421,0.21052631578947367,0.42105263157894735,0.21052631578947367,0.5263157894736842,0.6842105263157895,0.3157894736842105,0.3157894736842105,0.5789473684210527,0.2631578947368421,0.3684210526315789,0.2631578947368421,0.47368421052631576,0.5789473684210527,0.42105263157894735,0.47368421052631576,0.3157894736842105,0.21052631578947367,0.42105263157894735,0.47368421052631576,0.41052631578947363,0.3684210526315789
la_liga,2019,GRA,0.42105263157894735,0.5263157894736842,0.21052631578947367,0.3684210526315789,0.47368421052631576,0.42105263157894735,0.5789473684210527,0.42105263157894735,0.3684210526315789,0.3157894736842105,0.21052631578947367,0.2631578947368421,0.21052631578947367,0.5263157894736842,0.2631578947368421,0.3684210526315789,0.3684210526315789,0.3684210526315789,0.42105263157894735,0.42105263157894735,0.35263157894736835,0.39999999999999997
la_liga,2019,LEG,0.2631578947368421,0.3157894736842105,0.3157894736842105,0.3157894736842105,0.47368421052631576,0.3157894736842105,0.3684210526315789,0.42105263157894735,0.3684210526315789,0.3157894736842105,0.42105263157894735,0.21052631578947367,0.3684210526315789,0.15789473684210525,0.2631578947368421,0.47368421052631576,0.47368421052631576,0.47368421052631576,0.3157894736842105,0.2631578947368421,0.3631578947368421,0.3263157894736842
la_liga,2019,LEVA,0.3684210526315789,0.47368421052631576,0.3684210526315789,0.631578947368421,0.2631578947368421,0.631578947368421,0.47368421052631576,0.42105263157894735,0.42105263157894735,0.42105263157894735,0.21052631578947367,0.5263157894736842,0.3157894736842105,0.3157894736842105,0.47368421052631576,0.21052631578947367,0.2631578947368421,0.47368421052631576,0.2631578947368421,0.42105263157894735,0.3421052631578947,0.4526315789473685
la_liga,2019,MALL,0.5263157894736842,0.3157894736842105,0.3157894736842105,0.3684210526315789,0.5263157894736842,0.21052631578947367,0.42105263157894735,0.42105263157894735,0.21052631578947367,0.15789473684210525,0.42105263157894735,0.47368421052631576,0.42105263157894735,0.3157894736842105,0.2631578947368421,0.42105263157894735,0.3684210526315789,0.42105263157894735,0.2631578947368421,0.3684210526315789,0.37368421052631573,0.34736842105263155
la_liga,2019,OSA,0.3157894736842105,0.3684210526315789,0.15789473684210525,0.42105263157894735,0.3684210526315789,0.3684210526315789,0.47368421052631576,0.42105263157894735,0.5263157894736842,0.3684210526315789,0.47368421052631576,0.2631578947368421,0.42105263157894735,0.47368421052631576,0.47368421052631576,0.3157894736842105,0.3684210526315789,0.42105263157894735,0.3684210526315789,0.3684210526315789,0.3947368421052631,0.3789473684210526
la_liga,2019,RMA,0.3684210526315789,0.2631578947368421,0.47368421052631576,0.42105263157894735,0.3157894736842105,0.3684210526315789,0.42105263157894735,0.5263157894736842,0.3684210526315789,0.3684210526315789,0.42105263157894735,0.5789473684210527,0.42105263157894735,0.42105263157894735,0.15789473684210525,0.3157894736842105,0.3684210526315789,0.2631578947368421,0.21052631578947367,0.3684210526315789,0.3526315789473684,0.38947368421052625
la_liga,2019,RSO,0.5263157894736842,0.42105263157894735,0.5263157894736842,0.42105263157894735,0.3684210526315789,0.3157894736842105,0.3684210526315789,0.15789473684210525,0.42105263157894735,0.2631578947368421,0.15789473684210525,0.3157894736842105,0.3684210526315789,0.2631578947368421,0.42105263157894735,0.631578947368421,0.3157894736842105,0.3684210526315789,0.3157894736842105,0.5263157894736842,0.37894736842105264,0.36842105263157887
la_liga,2019,SEV,0.42105263157894735,0.5263157894736842,0.3157894736842105,0.47368421052631576,0.5263157894736842,0.3684210526315789,0.2631578947368421,0.5789473684210527,0.42105263157894735,0.42105263157894735,0.5789473684210527,0.47368421052631576,0.3684210526315789,0.3684210526315789,0.3157894736842105,0.3684210526315789,0.3157894736842105,0.3157894736842105,0.2631578947368421,0.47368421052631576,0.3789473684210526,0.43684210526315786
la_liga,2019,VIL,0.47368421052631576,0.42105263157894735,0.3684210526315789,0.3684210526315789,0.21052631578947367,0.21052631578947367,0.3157894736842105,0.42105263157894735,0.3157894736842105,0.2631578947368421,0.3157894736842105,0.3157894736842105,0.2631578947368421,0.47368421052631576,0.3157894736842105,0.47368421052631576,0.3684210526315789,0.2631578947368421,0.5789473684210527,0.21052631578947367,0.35263157894736835,0.3421052631578947
la_liga,2019,VLC,0.3684210526315789,0.42105263157894735,0.3157894736842105,0.2631578947368421,0.3157894736842105,0.42105263157894735,0.47368421052631576,0.3157894736842105,0.47368421052631576,0.3157894736842105,0.3157894736842105,0.42105263157894735,0.3684210526315789,0.3157894736842105,0.47368421052631576,0.3684210526315789,0.47368421052631576,0.5263157894736842,0.47368421052631576,0.2631578947368421,0.4052631578947368,0.36315789473684207
la_liga,2019,VLLD,0.631578947368421,0.15789473684210525,0.42105263157894735,0.47368421052631576,0.42105263157894735,0.42105263157894735,0.42105263157894735,0.47368421052631576,0.2631578947368421,0.42105263157894735,0.47368421052631576,0.6842105263157895,0.3684210526315789,0.21052631578947367,0.2631578947368421,0.47368421052631576,0.3684210526315789,0.631578947368421,0.42105263157894735,0.3684210526315789,0.4052631578947368,0.43157894736842095
la_liga,2020,ALA,0.3157894736842105,0.2631578947368421,0.3157894736842105,0.15789473684210525,0.3157894736842105,0.3157894736842105,0.3157894736842105,0.2631578947368421,0.3684210526315789,0.2631578947368421,0.3684210526315789,0.3157894736842105,0.42105263157894735,0.47368421052631576,0.47368421052631576,0.2631578947368421,0.3157894736842105,0.3684210526315789,0.5789473684210527,0.42105263157894735,0.3789473684210526,0.31052631578947365
la_liga,2020,ATHB,0.2631578947368421,0.3157894736842105,0.5263157894736842,0.15789473684210525,0.42105263157894735,0.47368421052631576,0.3684210526315789,0.3684210526315789,0.3157894736842105,0.15789473684210525,0.3157894736842105,0.3157894736842105,0.5263157894736842,0.5789473684210527,0.3157894736842105,0.2631578947368421,0.3684210526315789,0.2631578947368421,0.3684210526315789,0.3684210526315789,0.3789473684210526,0.32631578947368417
la_liga,2020,ATHM,0.2631578947368421,0.3684210526315789,0.15789473684210525,0.47368421052631576,0.21052631578947367,0.3157894736842105,0.3684210526315789,0.47368421052631576,0.2631578947368421,0.3684210526315789,0.2631578947368421,0.42105263157894735,0.47368421052631576,0.3157894736842105,0.3157894736842105,0.3157894736842105,0.42105263157894735,0.3157894736842105,0.5263157894736842,0.15789473684210525,0.3263157894736842,0.3526315789473684
la_liga,2020,BARC,0.2631578947368421,0.3157894736842105,0.3684210526315789,0.47368421052631576,0.3684210526315789,0.5263157894736842,0.21052631578947367,0.3684210526315789,0.21052631578947367,0.5263157894736842,0.42105263157894735,0.5263157894736842,0.3684210526315789,0.42105263157894735,0.5263157894736842,0.21052631578947367,0.3684210526315789,0.47368421052631576,0.21052631578947367,0.47368421052631576,0.331578947368421,0.43157894736842106
la_liga,2020,BET,0.3157894736842105,0.42105263157894735,0.21052631578947367,0.2631578947368421,0.47368421052631576,0.47368421052631576,0.42105263157894735,0.3157894736842105,0.42105263157894735,0.5263157894736842,0.3684210526315789,0.5263157894736842,0.42105263157894735,0.5263157894736842,0.3684210526315789,0.42105263157894735,0.2631578947368421,0.3684210526315789,0.5263157894736842,0.3684210526315789,0.3789473684210526,0.42105263157894735
la_liga,2020,CAD,0.3157894736842105,0.6842105263157895,0.3157894736842105,0.3684210526315789,0.3684210526315789,0.42105263157894735,0.3684210526315789,0.47368421052631576,0.5789473684210527,0.21052631578947367,0.3684210526315789,0.47368421052631576,0.47368421052631576,0.21052631578947367,0.3684210526315789,0.47368421052631576,0.5263157894736842,0.47368421052631576,0.3157894736842105,0.3157894736842105,0.4,0.41052631578947363
la_liga,2020,CEL,0.2631578947368421,0.3684210526315789,0.42105263157894735,0.21052631578947367,0.42105263157894735,0.42105263157894735,0.3684210526315789,0.5263157894736842,0.5263157894736842,0.5263157894736842,0.42105263157894735,0.21052631578947367,0.21052631578947367,0.2631578947368421,0.2631578947368421,0.3684210526315789,0.3157894736842105,0.21052631578947367,0.47368421052631576,0.47368421052631576,0.3684210526315789,0.3578947368421052
la_liga,2020,EIB,0.3684210526315789,0.21052631578947367,0.5263157894736842,0.2631578947368421,0.5263157894736842,0.3684210526315789,0.3157894736842105,0.3684210526315789,0.3684210526315789,0.2631578947368421,0.5263157894736842,0.42105263157894735,0.47368421052631576,0.2631578947368421,0.3684210526315789,0.3684210526315789,0.3157894736842105,0.3157894736842105,0.15789473684210525,0.15789473684210525,0.39473684210526316,0.3
la_liga,2020,ELC,0.21052631578947367,0.2631578947368421,0.2631578947368421,0.42105263157894735,0.5263157894736842,0.47368421052631576,0.2631578947368421,0.10526315789473684,0.21052631578947367,0.631578947368421,0.3157894736842105,0.42105263157894735,0.2631578947368421,0.42105263157894735,0.2631578947368421,0.21052631578947367,0.47368421052631576,0.42105263157894735,0.6842105263157895,0.47368421052631576,0.3473684210526316,0.38421052631578945
la_liga,2020,GET,0.42105263157894735,0.2631578947368421,0.42105263157894735,0.5263157894736842,0.2631578947368421,0.3684210526315789,0.42105263157894735,0.5263157894736842,0.42105263157894735,0.2631578947368421,0.7368421052631579,0.2631578947368421,0.42105263157894735,0.47368421052631576,0.3157894736842105,0.3684210526315789,0.3157894736842105,0.2631578947368421,0.3684210526315789,0.5789473684210527,0.41052631578947374,0.3894736842105263
la_liga,2020,GRA,0.47368421052631576,0.42105263157894735,0.42105263157894735,0.631578947368421,0.47368421052631576,0.2631578947368421,0.3684210526315789,0.3157894736842105,0.631578947368421,0.3684210526315789,0.42105263157894735,0.2631578947368421,0.3684210526315789,0.42105263157894735,0.3157894736842105,0.5263157894736842,0.5789473684210527,0.42105263157894735,0.21052631578947367,0.2631578947368421,0.42631578947368415,0.3894736842105263
la_liga,2020,HUE,0.42105263157894735,0.2631578947368421,0.47368421052631576,0.42105263157894735,0.3684210526315789,0.42105263157894735,0.42105263157894735,0.2631578947368421,0.47368421052631576,0.2631578947368421,0.2631578947368421,0.3157894736842105,0.3684210526315789,0.47368421052631576,0.3684210526315789,0.47368421052631576,0.5789473684210527,0.47368421052631576,0.5789473684210527,0.2631578947368421,0.43157894736842106,0.36315789473684207
la_liga,2020,LEVA,0.42105263157894735,0.42105263157894735,0.5263157894736842,0.5263157894736842,0.5263157894736842,0.3684210526315789,0.3684210526315789,0.3157894736842105,0.3684210526315789,0.3684210526315789,0.3157894736842105,0.3157894736842105,0.21052631578947367,0.3684210526315789,0.21052631578947367,0.47368421052631576,0.2631578947368421,0.42105263157894735,0.21052631578947367,0.5263157894736842,0.3421052631578947,0.41052631578947363
la_liga,2020,OSA,0.3684210526315789,0.3157894736842105,0.42105263157894735,0.2631578947368421,0.3684210526315789,0.5263157894736842,0.2631578947368421,0.631578947368421,0.3157894736842105,0.3157894736842105,0.3157894736842105,0.3684210526315789,0.42105263157894735,0.3684210526315789,0.2631578947368421,0.5263157894736842,0.21052631578947367,0.2631578947368421,0.2631578947368421,0.2631578947368421,0.3210526315789473,0.38421052631578945
la_liga,2020,RMA,0.47368421052631576,0.5263157894736842,0.3684210526315789,0.42105263157894735,0.3157894736842105,0.2631578947368421,0.47368421052631576,0.47368421052631576,0.2631578947368421,0.3684210526315789,0.15789473684210525,0.21052631578947367,0.5263157894736842,0.3157894736842105,0.21052631578947367,0.2631578947368421,0.21052631578947367,0.47368421052631576,0.47368421052631576,0.42105263157894735,0.3473684210526316,0.3736842105263158
la_liga,2020,RSO,0.21052631578947367,0.5263157894736842,0.21052631578947367,0.42105263157894735,0.47368421052631576,0.10526315789473684,0.5789473684210527,0.42105263157894735,0.2631578947368421,0.42105263157894735,0.3684210526315789,0.47368421052631576,0.3684210526315789,0.47368421052631576,0.10526315789473684,0.3684210526315789,0.3684210526315789,0.3684210526315789,0.47368421052631576,0.3157894736842105,0.3421052631578947,0.3894736842105263
la_liga,2020,SEV,0.42105263157894735,0.3684210526315789,0.3684210526315789,0.3157894736842105,0.42105263157894735,0.42105263157894735,0.2631578947368421,0.21052631578947367,0.42105263157894735,0.42105263157894735,0.42105263157894735,0.5263157894736842,0.21052631578947367,0.42105263157894735,0.3684210526315789,0.2631578947368421,0.47368421052631576,0.42105263157894735,0.42105263157894735,0.15789473684210525,0.3789473684210526,0.35263157894736835
la_liga,2020,VIL,0.3157894736842105,0.47368421052631576,0.3684210526315789,0.47368421052631576,0.21052631578947367,0.47368421052631576,0.47368421052631576,0.3684210526315789,0.47368421052631576,0.7368421052631579,0.42105263157894735,0.21052631578947367,0.42105263157894735,0.5263157894736842,0.42105263157894735,0.15789473684210525,0.47368421052631576,0.3157894736842105,0.5789473684210527,0.47368421052631576,0.41578947368421043,0.42105263157894735
la_liga,2020,VLC,0.42105263157894735,0.3157894736842105,0.3157894736842105,0.2631578947368421,0.3684210526315789,0.47368421052631576,0.47368421052631576,0.21052631578947367,0.3684210526315789,0.3684210526315789,0.5263157894736842,0.2631578947368421,0.47368421052631576,0.15789473684210525,0.3684210526315789,0.42105263157894735,0.2631578947368421,0.42105263157894735,0.3157894736842105,0.3157894736842105,0.3894736842105263,0.32105263157894737
la_liga,2020,VLLD,0.42105263157894735,0.3684210526315789,0.3684210526315789,0.21052631578947367,0.42105263157894735,0.3157894736842105,0.3684210526315789,0.2631578947368421,0.21052631578947367,0.2631578947368421,0.631578947368421,0.3157894736842105,0.5263157894736842,0.42105263157894735,0.47368421052631576,0.7368421052631579,0.3157894736842105,0.15789473684210525,0.3157894736842105,0.47368421052631576,0.4052631578947368,0.35263157894736846
la_liga,2021,ALA,0.42105263157894735,0.42105263157894735,0.3157894736842105,0.42105263157894735,0.3157894736842105,0.3157894736842105,0.7368421052631579,0.2631578947368421,0.2631578947368421,0.42105263157894735,0.5263157894736842,0.3684210526315789,0.3684210526315789,0.21052631578947367,0.5263157894736842,0.3684210526315789,0.21052631578947367,0.5263157894736842,0.42105263157894735,0.3157894736842105,0.41052631578947363,0.3631578947368421
la_liga,2021,ATHB,0.3684210526315789,0.3157894736842105,0.5263157894736842,0.5263157894736842,0.3684210526315789,0.3157894736842105,0.5263157894736842,0.5263157894736842,0.631578947368421,0.42105263157894735,0.3157894736842105,0.47368421052631576,0.47368421052631576,0.3684210526315789,0.2631578947368421,0.42105263157894735,0.42105263157894735,0.42105263157894735,0.3684210526315789,0.5263157894736842,0.42631578947368415,0.43157894736842106
la_liga,2021,ATHM,0.3157894736842105,0.2631578947368421,0.3684210526315789,0.47368421052631576,0.42105263157894735,0.42105263157894735,0.3157894736842105,0.5263157894736842,0.15789473684210525,0.2631578947368421,0.3157894736842105,0.3684210526315789,0.47368421052631576,0.3684210526315789,0.3684210526315789,0.3684210526315789,0.42105263157894735,0.5789473684210527,0.3157894736842105,0.42105263157894735,0.34736842105263155,0.4052631578947368
la_liga,2021,BARC,0.2631578947368421,0.5263157894736842,0.21052631578947367,0.2631578947368421,0.3157894736842105,0.3684210526315789,0.3684210526315789,0.3684210526315789,0.3684210526315789,0.42105263157894735,0.3684210526315789,0.3157894736842105,0.47368421052631576,0.15789473684210525,0.15789473684210525,0.631578947368421,0.3684210526315789,0.47368421052631576,0.47368421052631576,0.5263157894736842,0.3368421052631579,0.4052631578947368
la_liga,2021,BET,0.5263157894736842,0.2631578947368421,0.3684210526315789,0.3684210526315789,0.42105263157894735,0.42105263157894735,0.2631578947368421,0.3157894736842105,0.5263157894736842,0.5789473684210527,0.2631578947368421,0.15789473684210525,0.2631578947368421,0.631578947368421,0.3684210526315789,0.5263157894736842,0.2631578947368421,0.05263157894736842,0.3684210526315789,0.3684210526315789,0.36315789473684207,0.3684210526315789
la_liga,2021,CAD,0.42105263157894735,0.21052631578947367,0.21052631578947367,0.2631578947368421,0.3157894736842105,0.5789473684210527,0.47368421052631576,0.42105263157894735,0.5263157894736842,0.42105263157894735,0.5263157894736842,0.3157894736842105,0.3684210526315789,0.5789473684210527,0.5263157894736842,0.2631578947368421,0.21052631578947367,0.47368421052631576,0.631578947368421,0.42105263157894735,0.42105263157894735,0.39473684210526316
la_liga,2021,CEL,0.3684210526315789,0.3684210526315789,0.2631578947368421,0.15789473684210525,0.3684210526315789,0.42105263157894735,0.5263157894736842,0.47368421052631576,0.42105263157894735,0.3684210526315789,0.2631578947368421,0.15789473684210525,0.5789473684210527,0.3684210526315789,0.47368421052631576,0.21052631578947367,0.3157894736842105,0.2631578947368421,0.3684210526315789,0.42105263157894735,0.3947368421052631,0.32105263157894737
la_liga,2021,ELC,0.3684210526315789,0.2631578947368421,0.2631578947368421,0.42105263157894735,0.21052631578947367,0.21052631578947367,0.3157894736842105,0.3157894736842105,0.3157894736842105,0.3157894736842105,0.2631578947368421,0.2631578947368421,0.21052631578947367,0.3157894736842105,0.3684210526315789,0.3157894736842105,0.47368421052631576,0.15789473684210525,0.3157894736842105,0.3684210526315789,0.3105263157894737,0.2947368421052631
la_liga,2021,ESP,0.3157894736842105,0.5263157894736842,0.42105263157894735,0.3157894736842105,0.5789473684210527,0.42105263157894735,0.21052631578947367,0.42105263157894735,0.3684210526315789,0.47368421052631576,0.47368421052631576,0.3684210526315789,0.2631578947368421,0.3684210526315789,0.5263157894736842,0.47368421052631576,0.3157894736842105,0.2631578947368421,0.5789473684210527,0.5263157894736842,0.4052631578947368,0.41578947368421054
la_liga,2021,GET,0.3684210526315789,0.2631578947368421,0.3684210526315789,0.47368421052631576,0.47368421052631576,0.10526315789473684,0.2631578947368421,0.42105263157894735,0.3684210526315789,0.15789473684210525,0.2631578947368421,0.15789473684210525,0.3157894736842105,0.3157894736842105,0.47368421052631576,0.3684210526315789,0.42105263157894735,0.15789473684210525,0.5263157894736842,0.47368421052631576,0.38421052631578945,0.2894736842105263
la_liga,2021,GRA,0.21052631578947367,0.3684210526315789,0.5263157894736842,0.3684210526315789,0.5789473684210527,0.5263157894736842,0.3684210526315789,0.3684210526315789,0.15789473684210525,0.2631578947368421,0.15789473684210525,0.42105263157894735,0.42105263157894735,0.47368421052631576,0.42105263157894735,0.3684210526315789,0.47368421052631576,0.47368421052631576,0.21052631578947367,0.3684210526315789,0.3526315789473684,0.39999999999999997
la_liga,2021,LEVA,0.3684210526315789,0.47368421052631576,0.47368421052631576,0.47368421052631576,0.631578947368421,0.21052631578947367,0.5263157894736842,0.21052631578947367,0.2631578947368421,0.5789473684210527,0.21052631578947367,0.5263157894736842,0.42105263157894735,0.10526315789473684,0.2631578947368421,0.21052631578947367,0.47368421052631576,0.3684210526315789,0.3684210526315789,0.5263157894736842,0.4,0.36842105263157887
la_liga,2021,MALL,0.5789473684210527,0.2631578947368421,0.47368421052631576,0.3684210526315789,0.42105263157894735,0.47368421052631576,0.2631578947368421,0.42105263157894735,0.42105263157894735,0.3157894736842105,0.47368421052631576,0.631578947368421,0.3157894736842105,0.47368421052631576,0.21052631578947367,0.42105263157894735,0.2631578947368421,0.47368421052631576,0.3157894736842105,0.42105263157894735,0.3736842105263158,0.42631578947368426
la_liga,2021,OSA,0.3157894736842105,0.3684210526315789,0.5789473684210527,0.42105263157894735,0.47368421052631576,0.3157894736842105,0.42105263157894735,0.42105263157894735,0.21052631578947367,0.2631578947368421,0.3684210526315789,0.5263157894736842,0.15789473684210525,0.2631578947368421,0.3157894736842105,0.3157894736842105,0.42105263157894735,0.3157894736842105,0.21052631578947367,0.3684210526315789,0.3473684210526316,0.3578947368421052
la_liga,2021,RAYO,0.3684210526315789,0.5263157894736842,0.42105263157894735,0.631578947368421,0.631578947368421,0.5263157894736842,0.2631578947368421,0.2631578947368421,0.5263157894736842,0.3684210526315789,0.47368421052631576,0.3157894736842105,0.42105263157894735,0.21052631578947367,0.5263157894736842,0.47368421052631576,0.2631578947368421,0.42105263157894735,0.3684210526315789,0.42105263157894735,0.42631578947368415,0.41578947368421054
la_liga,2021,RMA,0.3684210526315789,0.5263157894736842,0.47368421052631576,0.2631578947368421,0.15789473684210525,0.3684210526315789,0.47368421052631576,0.5789473684210527,0.3157894736842105,0.42105263157894735,0.5263157894736842,0.3684210526315789,0.42105263157894735,0.5263157894736842,0.42105263157894735,0.3157894736842105,0.42105263157894735,0.42105263157894735,0.2631578947368421,0.3157894736842105,0.38421052631578945,0.41052631578947363
la_liga,2021,RSO,0.3684210526315789,0.21052631578947367,0.5263157894736842,0.3684210526315789,0.42105263157894735,0.42105263157894735,0.3157894736842105,0.5789473684210527,0.3684210526315789,0.3684210526315789,0.3157894736842105,0.3684210526315789,0.3157894736842105,0.3684210526315789,0.47368421052631576,0.3157894736842105,0.3684210526315789,0.3157894736842105,0.3157894736842105,0.2631578947368421,0.3789473684210526,0.35789473684210527
la_liga,2021,SEV,0.3157894736842105,0.2631578947368421,0.21052631578947367,0.3684210526315789,0.2631578947368421,0.5263157894736842,0.47368421052631576,0.3684210526315789,0.3157894736842105,0.47368421052631576,0.15789473684210525,0.2631578947368421,0.42105263157894735,0.42105263157894735,0.47368421052631576,0.5789473684210527,0.47368421052631576,0.3684210526315789,0.3684210526315789,0.5789473684210527,0.34736842105263155,0.42105263157894735
la_liga,2021,VIL,0.42105263157894735,0.42105263157894735,0.3157894736842105,0.3684210526315789,0.5789473684210527,0.3157894736842105,0.21052631578947367,0.3684210526315789,0.5789473684210527,0.3684210526315789,0.47368421052631576,0.3157894736842105,0.47368421052631576,0.42105263157894735,0.5263157894736842,0.42105263157894735,0.42105263157894735,0.5263157894736842,0.3157894736842105,0.47368421052631576,0.43157894736842095,0.4
la_liga,2021,VLC,0.3157894736842105,0.3157894736842105,0.3684210526315789,0.3157894736842105,0.3684210526315789,0.5263157894736842,0.3157894736842105,0.3684210526315789,0.2631578947368421,0.3684210526315789,0.47368421052631576,0.47368421052631576,0.3684210526315789,0.21052631578947367,0.2631578947368421,0.2631578947368421,0.42105263157894735,0.2631578947368421,0.5263157894736842,0.15789473684210525,0.36842105263157887,0.3263157894736842
la_liga,2022,ALM,0.47368421052631576,0.42105263157894735,0.42105263157894735,0.5263157894736842,0.21052631578947367,0.2631578947368421,0.42105263157894735,0.47368421052631576,0.47368421052631576,0.3157894736842105,0.3157894736842105,0.5789473684210527,0.5789473684210527,0.47368421052631576,0.15789473684210525,0.3684210526315789,0.3157894736842105,0.42105263157894735,0.3684210526315789,0.3157894736842105,0.37368421052631573,0.41578947368421054
la_liga,2022,ATHB,0.47368421052631576,0.42105263157894735,0.3684210526315789,0.3684210526315789,0.3157894736842105,0.3157894736842105,0.3684210526315789,0.3157894736842105,0.42105263157894735,0.5263157894736842,0.631578947368421,0.3684210526315789,0.5789473684210527,0.15789473684210525,0.42105263157894735,0.42105263157894735,0.3157894736842105,0.3684210526315789,0.5263157894736842,0.3684210526315789,0.44210526315789467,0.363157894736842
la_liga,2022,ATHM,0.42105263157894735,0.15789473684210525,0.631578947368421,0.3684210526315789,0.3157894736842105,0.5263157894736842,0.5263157894736842,0.3684210526315789,0.10526315789473684,0.5789473684210527,0.15789473684210525,0.5789473684210527,0.15789473684210525,0.5263157894736842,0.2631578947368421,0.3157894736842105,0.3684210526315789,0.3684210526315789,0.3684210526315789,0.3684210526315789,0.331578947368421,0.41578947368421054
la_liga,2022,BARC,0.2631578947368421,0.5789473684210527,0.3157894736842105,0.42105263157894735,0.3684210526315789,0.5789473684210527,0.42105263157894735,0.3684210526315789,0.3157894736842105,0.3157894736842105,0.2631578947368421,0.3157894736842105,0.47368421052631576,0.3684210526315789,0.3684210526315789,0.47368421052631576,0.2631578947368421,0.3684210526315789,0.42105263157894735,0.5789473684210527,0.3473684210526316,0.43684210526315786
la_liga,2022,BET,0.3157894736842105,0.631578947368421,0.2631578947368421,0.10526315789473684,0.5263157894736842,0.47368421052631576,0.7368421052631579,0.42105263157894735,0.47368421052631576,0.3157894736842105,0.47368421052631576,0.3684210526315789,0.42105263157894735,0.21052631578947367,0.42105263157894735,0.15789473684210525,0.3684210526315789,0.5789473684210527,0.3684210526315789,0.5263157894736842,0.43684210526315786,0.3789473684210526
la_liga,2022,CAD,0.42105263157894735,0.47368421052631576,0.5263157894736842,0.3684210526315789,0.42105263157894735,0.3157894736842105,0.3684210526315789,0.42105263157894735,0.3684210526315789,0.3684210526315789,0.3157894736842105,0.15789473684210525,0.15789473684210525,0.3157894736842105,0.3684210526315789,0.3684210526315789,0.5263157894736842,0.42105263157894735,0.3157894736842105,0.3157894736842105,0.3789473684210526,0.3526315789473684
la_liga,2022,CEL,0.3684210526315789,0.10526315789473684,0.42105263157894735,0.5789473684210527,0.42105263157894735,0.2631578947368421,0.5263157894736842,0.47368421052631576,0.42105263157894735,0.2631578947368421,0.3684210526315789,0.15789473684210525,0.5263157894736842,0.2631578947368421,0.3684210526315789,0.47368421052631576,0.3684210526315789,0.42105263157894735,0.42105263157894735,0.47368421052631576,0.42105263157894735,0.3473684210526316
la_liga,2022,ELC,0.2631578947368421,0.47368421052631576,0.2631578947368421,0.2631578947368421,0.42105263157894735,0.15789473684210525,0.21052631578947367,0.42105263157894735,0.5263157894736842,0.3157894736842105,0.47368421052631576,0.5789473684210527,0.3684210526315789,0.47368421052631576,0.2631578947368421,0.42105263157894735,0.21052631578947367,0.21052631578947367,0.47368421052631576,0.42105263157894735,0.3473684210526316,0.3736842105263158
la_liga,2022,ESP,0.5789473684210527,0.5263157894736842,0.5263157894736842,0.47368421052631576,0.42105263157894735,0.5263157894736842,0.3684210526315789,0.42105263157894735,0.3684210526315789,0.15789473684210525,0.3684210526315789,0.2631578947368421,0.2631578947368421,0.47368421052631576,0.3684210526315789,0.3157894736842105,0.42105263157894735,0.42105263157894735,0.5789473684210527,0.21052631578947367,0.42631578947368415,0.37894736842105264
la_liga,2022,GET,0.42105263157894735,0.3684210526315789,0.2631578947368421,0.42105263157894735,0.21052631578947367,0.21052631578947367,0.2631578947368421,0.3157894736842105,0.47368421052631576,0.42105263157894735,0.5263157894736842,0.3684210526315789,0.3684210526315789,0.3157894736842105,0.3684210526315789,0.42105263157894735,0.3157894736842105,0.3157894736842105,0.42105263157894735,0.5263157894736842,0.36315789473684207,0.3684210526315789
la_liga,2022,GIR,0.42105263157894735,0.3684210526315789,0.3684210526315789,0.5263157894736842,0.3684210526315789,0.3157894736842105,0.3157894736842105,0.42105263157894735,0.42105263157894735,0.42105263157894735,0.2631578947368421,0.15789473684210525,0.631578947368421,0.42105263157894735,0.21052631578947367,0.47368421052631576,0.2631578947368421,0.3157894736842105,0.5789473684210527,0.3157894736842105,0.38421052631578945,0.37368421052631573
la_liga,2022,MALL,0.3157894736842105,0.3684210526315789,0.2631578947368421,0.42105263157894735,0.47368421052631576,0.5263157894736842,0.15789473684210525,0.3684210526315789,0.47368421052631576,0.3684210526315789,0.3157894736842105,0.47368421052631576,0.5263157894736842,0.3684210526315789,0.2631578947368421,0.5263157894736842,0.3684210526315789,0.3684210526315789,0.3157894736842105,0.3157894736842105,0.3473684210526316,0.41052631578947363
la_liga,2022,OSA,0.3684210526315789,0.21052631578947367,0.42105263157894735,0.5263157894736842,0.42105263157894735,0.5263157894736842,0.42105263157894735,0.3157894736842105,0.42105263157894735,0.3157894736842105,0.47368421052631576,0.42105263157894735,0.10526315789473684,0.3157894736842105,0.2631578947368421,0.2631578947368421,0.5263157894736842,0.3684210526315789,0.3157894736842105,0.47368421052631576,0.37368421052631573,0.3736842105263158
la_liga,2022,RAYO,0.3157894736842105,0.5789473684210527,0.3684210526315789,0.3684210526315789,0.5263157894736842,0.3684210526315789,0.3157894736842105,0.47368421052631576,0.42105263157894735,0.42105263157894735,0.3684210526315789,0.42105263157894735,0.2631578947368421,0.42105263157894735,0.47368421052631576,0.2631578947368421,0.47368421052631576,0.21052631578947367,0.3157894736842105,0.2631578947368421,0.38421052631578945,0.3789473684210526
la_liga,2022,RMA,0.3157894736842105,0.3684210526315789,0.42105263157894735,0.42105263157894735,0.15789473684210525,0.15789473684210525,0.2631578947368421,0.42105263157894735,0.3157894736842105,0.3157894736842105,0.3157894736842105,0.3684210526315789,0.3684210526315789,0.47368421052631576,0.3684210526315789,0.2631578947368421,0.3157894736842105,0.2631578947368421,0.47368421052631576,0.2631578947368421,0.3315789473684211,0.3315789473684211
la_liga,2022,RSO,0.3157894736842105,0.42105263157894735,0.47368421052631576,0.3684210526315789,0.5263157894736842,0.3684210526315789,0.2631578947368421,0.42105263157894735,0.47368421052631576,0.42105263157894735,0.10526315789473684,0.5263157894736842,0.3684210526315789,0.47368421052631576,0.3684210526315789,0.2631578947368421,0.7894736842105263,0.2631578947368421,0.2631578947368421,0.2631578947368421,0.39473684210526316,0.3789473684210526
la_liga,2022,SEV,0.5263157894736842,0.42105263157894735,0.42105263157894735,0.3684210526315789,0.21052631578947367,0.3684210526315789,0.2631578947368421,0.42105263157894735,0.47368421052631576,0.3157894736842105,0.47368421052631576,0.2631578947368421,0.42105263157894735,0.42105263157894735,0.21052631578947367,0.2631578947368421,0.3157894736842105,0.47368421052631576,0.42105263157894735,0.631578947368421,0.3736842105263158,0.39473684210526316
la_liga,2022,VIL,0.47368421052631576,0.5789473684210527,0.3157894736842105,0.3157894736842105,0.2631578947368421,0.3157894736842105,0.2631578947368421,0.3684210526315789,0.2631578947368421,0.42105263157894735,0.3684210526315789,0.42105263157894735,0.3157894736842105,0.3684210526315789,0.5789473684210527,0.47368421052631576,0.3684210526315789,0.3157894736842105,0.5789473684210527,0.3684210526315789,0.3789473684210526,0.39473684210526316
la_liga,2022,VLC,0.2631578947368421,0.2631578947368421,0.47368421052631576,0.47368421052631576,0.21052631578947367,0.42105263157894735,0.47368421052631576,0.42105263157894735,0.2631578947368421,0.3684210526315789,0.3684210526315789,0.3157894736842105,0.3157894736842105,0.42105263157894735,0.21052631578947367,0.2631578947368421,0.42105263157894735,0.21052631578947367,0.21052631578947367,0.42105263157894735,0.32105263157894737,0.35789473684210527
la_liga,2022,VLLD,0.21052631578947367,0.2631578947368421,0.3157894736842105,0.21052631578947367,0.3684210526315789,0.5263157894736842,0.2631578947368421,0.21052631578947367,0.42105263157894735,0.5789473684210527,0.3684210526315789,0.21052631578947367,0.2631578947368421,0.5263157894736842,0.47368421052631576,0.5263157894736842,0.42105263157894735,0.3157894736842105,0.5789473684210527,0.3684210526315789,0.3684210526315789,0.37368421052631573
la_liga,2023,ALA,0.3684210526315789,0.5263157894736842,0.42105263157894735,0.2631578947368421,0.2631578947368421,0.2631578947368421,0.3684210526315789,0.3157894736842105,0.2631578947368421,0.5263157894736842,0.3157894736842105,0.3157894736842105,0.3157894736842105,0.3157894736842105,0.47368421052631576,0.3684210526315789,0.42105263157894735,0.3684210526315789,0.42105263157894735,0.5263157894736842,0.3631578947368421,0.3789473684210526
la_liga,2023,ALM,0.47368421052631576,0.3157894736842105,0.21052631578947367,0.5263157894736842,0.3684210526315789,0.5789473684210527,0.2631578947368421,0.42105263157894735,0.5263157894736842,0.42105263157894735,0.3684210526315789,0.3157894736842105,0.47368421052631576,0.47368421052631576,0.6842105263157895,0.3157894736842105,0.5263157894736842,0.3684210526315789,0.3157894736842105,0.42105263157894735,0.42105263157894735,0.41578947368421043
la_liga,2023,ATHB,0.5789473684210527,0.21052631578947367,0.42105263157894735,0.3684210526315789,0.5263157894736842,0.3157894736842105,0.47368421052631576,0.42105263157894735,0.42105263157894735,0.3684210526315789,0.47368421052631576,0.3157894736842105,0.6842105263157895,0.2631578947368421,0.47368421052631576,0.15789473684210525,0.2631578947368421,0.21052631578947367,0.2631578947368421,0.2631578947368421,0.4578947368421053,0.2894736842105263
la_liga,2023,ATHM,0.47368421052631576,0.15789473684210525,0.3684210526315789,0.3684210526315789,0.3684210526315789,0.3157894736842105,0.3684210526315789,0.3684210526315789,0.3157894736842105,0.3684210526315789,0.47368421052631576,0.3157894736842105,0.3684210526315789,0.2631578947368421,0.3157894736842105,0.42105263157894735,0.47368421052631576,0.21052631578947367,0.3684210526315789,0.3684210526315789,0.3894736842105263,0.31578947368421045
la_liga,2023,BARC,0.3684210526315789,0.5263157894736842,0.21052631578947367,0.3684210526315789,0.3157894736842105,0.3684210526315789,0.3684210526315789,0.3684210526315789,0.47368421052631576,0.3157894736842105,0.21052631578947367,0.42105263157894735,0.5789473684210527,0.3157894736842105,0.47368421052631576,0.2631578947368421,0.3157894736842105,0.3157894736842105,0.21052631578947367,0.42105263157894735,0.3526315789473684,0.3684210526315789
la_liga,2023,BET,0.5263157894736842,0.47368421052631576,0.21052631578947367,0.3684210526315789,0.42105263157894735,0.47368421052631576,0.3157894736842105,0.3684210526315789,0.2631578947368421,0.21052631578947367,0.2631578947368421,0.3157894736842105,0.2631578947368421,0.2631578947368421,0.5789473684210527,0.42105263157894735,0.2631578947368421,0.2631578947368421,0.2631578947368421,0.3684210526315789,0.3368421052631579,0.35263157894736835
la_liga,2023,CAD,0.5263157894736842,0.47368421052631576,0.3684210526315789,0.42105263157894735,0.15789473684210525,0.47368421052631576,0.3157894736842105,0.2631578947368421,0.47368421052631576,0.42105263157894735,0.3684210526315789,0.47368421052631576,0.5263157894736842,0.3684210526315789,0.21052631578947367,0.47368421052631576,0.47368421052631576,0.5263157894736842,0.47368421052631576,0.42105263157894735,0.3894736842105263,0.43157894736842106
la_liga,2023,CEL,0.3684210526315789,0.3684210526315789,0.47368421052631576,0.47368421052631576,0.47368421052631576,0.42105263157894735,0.3157894736842105,0.3684210526315789,0.21052631578947367,0.42105263157894735,0.5263157894736842,0.3684210526315789,0.2631578947368421,0.3157894736842105,0.2631578947368421,0.3684210526315789,0.5263157894736842,0.3684210526315789,0.2631578947368421,0.631578947368421,0.36842105263157887,0.41052631578947363
la_liga,2023,GET,0.21052631578947367,0.2631578947368421,0.3157894736842105,0.3157894736842105,0.21052631578947367,0.3684210526315789,0.42105263157894735,0.2631578947368421,0.2631578947368421,0.42105263157894735,0.47368421052631576,0.42105263157894735,0.2631578947368421,0.21052631578947367,0.3684210526315789,0.42105263157894735,0.3157894736842105,0.5789473684210527,0.42105263157894735,0.5789473684210527,0.3263157894736842,0.38421052631578945
la_liga,2023,GIR,0.2631578947368421,0.42105263157894735,0.21052631578947367,0.42105263157894735,0.5789473684210527,0.5263157894736842,0.3157894736842105,0.3157894736842105,0.42105263157894735,0.47368421052631576,0.47368421052631576,0.2631578947368421,0.3684210526315789,0.2631578947368421,0.42105263157894735,0.2631578947368421,0.3684210526315789,0.47368421052631576,0.2631578947368421,0.2631578947368421,0.36842105263157887,0.3684210526315789
la_liga,2023,GRA,0.3157894736842105,0.2631578947368421,0.3684210526315789,0.3684210526315789,0.42105263157894735,0.2631578947368421,0.3157894736842105,0.47368421052631576,0.3157894736842105,0.3684210526315789,0.5263157894736842,0.3684210526315789,0.3157894736842105,0.5789473684210527,0.3684210526315789,0.21052631578947367,0.5263157894736842,0.47368421052631576,0.42105263157894735,0.21052631578947367,0.3894736842105263,0.3578947368421052
la_liga,2023,LASP,0.2631578947368421,0.42105263157894735,0.3157894736842105,0.2631578947368421,0.42105263157894735,0.42105263157894735,0.3684210526315789,0.47368421052631576,0.2631578947368421,0.3684210526315789,0.3157894736842105,0.21052631578947367,0.42105263157894735,0.2631578947368421,0.42105263157894735,0.3157894736842105,0.2631578947368421,0.42105263157894735,0.2631578947368421,0.3157894736842105,0.3315789473684211,0.34736842105263155
la_liga,2023,MALL,0.3157894736842105,0.2631578947368421,0.3684210526315789,0.3684210526315789,0.47368421052631576,0.21052631578947367,0.2631578947368421,0.3157894736842105,0.42105263157894735,0.42105263157894735,0.3684210526315789,0.47368421052631576,0.3157894736842105,0.21052631578947367,0.3157894736842105,0.47368421052631576,0.21052631578947367,0.5263157894736842,0.3684210526315789,0.2631578947368421,0.3421052631578947,0.35263157894736835
la_liga,2023,OSA,0.47368421052631576,0.42105263157894735,0.5263157894736842,0.3684210526315789,0.3684210526315789,0.3684210526315789,0.47368421052631576,0.2631578947368421,0.3684210526315789,0.2631578947368421,0.42105263157894735,0.47368421052631576,0.3157894736842105,0.5789473684210527,0.21052631578947367,0.3157894736842105,0.42105263157894735,0.3684210526315789,0.2631578947368421,0.47368421052631576,0.38421052631578945,0.3894736842105263
la_liga,2023,RAYO,0.3684210526315789,0.3684210526315789,0.3684210526315789,0.631578947368421,0.2631578947368421,0.2631578947368421,0.5263157894736842,0.42105263157894735,0.3157894736842105,0.3684210526315789,0.3684210526315789,0.42105263157894735,0.5789473684210527,0.3157894736842105,0.3684210526315789,0.3684210526315789,0.2631578947368421,0.47368421052631576,0.3684210526315789,0.47368421052631576,0.3789473684210526,0.41052631578947374
la_liga,2023,RMA,0.5263157894736842,0.47368421052631576,0.3684210526315789,0.42105263157894735,0.15789473684210525,0.47368421052631576,0.5789473684210527,0.42105263157894735,0.5263157894736842,0.3157894736842105,0.3684210526315789,0.5263157894736842,0.21052631578947367,0.5263157894736842,0.2631578947368421,0.3684210526315789,0.47368421052631576,0.3684210526315789,0.3684210526315789,0.42105263157894735,0.38421052631578945,0.43157894736842106
la_liga,2023,RSO,0.3157894736842105,0.3684210526315789,0.3157894736842105,0.2631578947368421,0.21052631578947367,0.47368421052631576,0.2631578947368421,0.47368421052631576,0.5263157894736842,0.42105263157894735,0.2631578947368421,0.42105263157894735,0.21052631578947367,0.631578947368421,0.3157894736842105,0.3684210526315789,0.42105263157894735,0.42105263157894735,0.631578947368421,0.21052631578947367,0.3473684210526316,0.4052631578947368
la_liga,2023,SEV,0.42105263157894735,0.42105263157894735,0.47368421052631576,0.3684210526315789,0.3684210526315789,0.42105263157894735,0.21052631578947367,0.3157894736842105,0.42105263157894735,0.5789473684210527,0.2631578947368421,0.21052631578947367,0.42105263157894735,0.3684210526315789,0.3684210526315789,0.2631578947368421,0.15789473684210525,0.3157894736842105,0.42105263157894735,0.47368421052631576,0.3526315789473684,0.3736842105263158
la_liga,2023,VIL,0.3157894736842105,0.3684210526315789,0.3157894736842105,0.15789473684210525,0.631578947368421,0.2631578947368421,0.15789473684210525,0.47368421052631576,0.47368421052631576,0.42105263157894735,0.3157894736842105,0.3157894736842105,0.42105263157894735,0.2631578947368421,0.47368421052631576,0.3157894736842105,0.3684210526315789,0.42105263157894735,0.3684210526315789,0.3684210526315789,0.38421052631578945,0.3368421052631579
la_liga,2023,VLC,0.3684210526315789,0.42105263157894735,0.3684210526315789,0.3684210526315789,0.47368421052631576,0.21052631578947367,0.3684210526315789,0.5263157894736842,0.3157894736842105,0.15789473684210525,0.47368421052631576,0.3684210526315789,0.47368421052631576,0.47368421052631576,0.2631578947368421,0.47368421052631576,0.47368421052631576,0.21052631578947367,0.5263157894736842,0.3684210526315789,0.41052631578947374,0.3578947368421052
la_liga,2024,ALA,0.3157894736842105,0.3684210526315789,0.42105263157894735,0.3157894736842105,0.21052631578947367,0.3157894736842105,0.42105263157894735,0.21052631578947367,0.2631578947368421,0.21052631578947367,0.47368421052631576,0.47368421052631576,0.3157894736842105,0.5263157894736842,0.42105263157894735,0.3684210526315789,0.5263157894736842,0.42105263157894735,0.3684210526315789,0.47368421052631576,0.37368421052631573,0.36842105263157887
la_liga,2024,ATHB,0.21052631578947367,0.47368421052631576,0.2631578947368421,0.2631578947368421,0.42105263157894735,0.2631578947368421,0.5263157894736842,0.15789473684210525,0.15789473684210525,0.2631578947368421,0.3684210526315789,0.42105263157894735,0.21052631578947367,0.3157894736842105,0.3684210526315789,0.21052631578947367,0.2631578947368421,0.3157894736842105,0.5263157894736842,0.2631578947368421,0.33157894736842103,0.29473684210526313
la_liga,2024,ATHM,0.3157894736842105,0.3684210526315789,0.5789473684210527,0.15789473684210525,0.42105263157894735,0.5263157894736842,0.47368421052631576,0.47368421052631576,0.47368421052631576,0.21052631578947367,0.42105263157894735,0.47368421052631576,0.5263157894736842,0.3684210526315789,0.42105263157894735,0.21052631578947367,0.3157894736842105,0.3157894736842105,0.2631578947368421,0.3157894736842105,0.42105263157894735,0.34210526315789475
la_liga,2024,BARC,0.21052631578947367,0.47368421052631576,0.2631578947368421,0.5789473684210527,0.42105263157894735,0.47368421052631576,0.42105263157894735,0.47368421052631576,0.3157894736842105,0.3684210526315789,0.3684210526315789,0.5263157894736842,0.3684210526315789,0.3157894736842105,0.5789473684210527,0.5789473684210527,0.3157894736842105,0.3157894736842105,0.21052631578947367,0.47368421052631576,0.3473684210526316,0.45789473684210524
la_liga,2024,BET,0.3684210526315789,0.5789473684210527,0.3684210526315789,0.15789473684210525,0.3157894736842105,0.42105263157894735,0.42105263157894735,0.3157894736842105,0.5789473684210527,0.2631578947368421,0.3684210526315789,0.47368421052631576,0.47368421052631576,0.5263157894736842,0.2631578947368421,0.47368421052631576,0.5789473684210527,0.3157894736842105,0.3684210526315789,0.15789473684210525,0.41052631578947374,0.368421052631579
la_liga,2024,CEL,0.2631578947368421,0.3157894736842105,0.2631578947368421,0.3684210526315789,0.47368421052631576,0.2631578947368421,0.2631578947368421,0.47368421052631576,0.47368421052631576,0.5263157894736842,0.3157894736842105,0.42105263157894735,0.3684210526315789,0.3157894736842105,0.42105263157894735,0.5263157894736842,0.3157894736842105,0.42105263157894735,0.21052631578947367,0.47368421052631576,0.3368421052631579,0.41052631578947363
la_liga,2024,ESP,0.631578947368421,0.5263157894736842,0.3157894736842105,0.21052631578947367,0.3684210526315789,0.3157894736842105,0.42105263157894735,0.21052631578947367,0.631578947368421,0.42105263157894735,0.5263157894736842,0.21052631578947367,0.3157894736842105,0.3157894736842105,0.47368421052631576,0.3684210526315789,0.42105263157894735,0.3684210526315789,0.5263157894736842,0.5263157894736842,0.46315789473684205,0.3473684210526315
la_liga,2024,GET,0.42105263157894735,0.3684210526315789,0.3157894736842105,0.3684210526315789,0.2631578947368421,0.47368421052631576,0.3684210526315789,0.5263157894736842,0.3684210526315789,0.42105263157894735,0.15789473684210525,0.42105263157894735,0.3157894736842105,0.47368421052631576,0.42105263157894735,0.42105263157894735,0.42105263157894735,0.15789473684210525,0.21052631578947367,0.3157894736842105,0.32631578947368417,0.39473684210526316
la_liga,2024,GIR,0.42105263157894735,0.5263157894736842,0.3684210526315789,0.3157894736842105,0.15789473684210525,0.47368421052631576,0.47368421052631576,0.47368421052631576,0.3684210526315789,0.42105263157894735,0.42105263157894735,0.3684210526315789,0.42105263157894735,0.42105263157894735,0.21052631578947367,0.47368421052631576,0.3684210526315789,0.3157894736842105,0.42105263157894735,0.42105263157894735,0.36315789473684207,0.42105263157894735
la_liga,2024,LASP,0.3684210526315789,0.3157894736842105,0.3684210526315789,0.3157894736842105,0.3684210526315789,0.2631578947368421,0.3684210526315789,0.3157894736842105,0.3157894736842105,0.631578947368421,0.3157894736842105,0.3684210526315789,0.2631578947368421,0.5263157894736842,0.3157894736842105,0.47368421052631576,0.42105263157894735,0.3157894736842105,0.3684210526315789,0.3157894736842105,0.34736842105263155,0.38421052631578945
la_liga,2024,LEG,0.47368421052631576,0.3157894736842105,0.42105263157894735,0.5263157894736842,0.47368421052631576,0.3684210526315789,0.21052631578947367,0.3157894736842105,0.3684210526315789,0.5789473684210527,0.42105263157894735,0.3157894736842105,0.42105263157894735,0.3157894736842105,0.3157894736842105,0.3157894736842105,0.3684210526315789,0.5263157894736842,0.21052631578947367,0.5263157894736842,0.36842105263157887,0.41052631578947363
la_liga,2024,MALL,0.5789473684210527,0.3157894736842105,0.3684210526315789,0.5263157894736842,0.47368421052631576,0.2631578947368421,0.47368421052631576,0.3684210526315789,0.3684210526315789,0.2631578947368421,0.5789473684210527,0.21052631578947367,0.2631578947368421,0.5789473684210527,0.3157894736842105,0.42105263157894735,0.3157894736842105,0.47368421052631576,0.42105263157894735,0.42105263157894735,0.4157894736842106,0.38421052631578945
la_liga,2024,OSA,0.3157894736842105,0.42105263157894735,0.3684210526315789,0.3684210526315789,0.42105263157894735,0.3157894736842105,0.3684210526315789,0.3157894736842105,0.21052631578947367,0.47368421052631576,0.631578947368421,0.3684210526315789,0.42105263157894735,0.3157894736842105,0.5263157894736842,0.3684210526315789,0.3157894736842105,0.21052631578947367,0.21052631578947367,0.42105263157894735,0.3789473684210526,0.35789473684210527
la_liga,2024,RAYO,0.05263157894736842,0.42105263157894735,0.47368421052631576,0.3684210526315789,0.47368421052631576,0.21052631578947367,0.2631578947368421,0.3157894736842105,0.3684210526315789,0.15789473684210525,0.3157894736842105,0.21052631578947367,0.5263157894736842,0.47368421052631576,0.42105263157894735,0.2631578947368421,0.42105263157894735,0.3684210526315789,0.21052631578947367,0.42105263157894735,0.3526315789473684,0.32105263157894737
la_liga,2024,RMA,0.21052631578947367,0.3157894736842105,0.3684210526315789,0.3684210526315789,0.21052631578947367,0.15789473684210525,0.3684210526315789,0.3684210526315789,0.3157894736842105,0.3157894736842105,0.3157894736842105,0.2631578947368421,0.5789473684210527,0.5263157894736842,0.21052631578947367,0.42105263157894735,0.21052631578947367,0.21052631578947367,0.5789473684210527,0.5263157894736842,0.33684210526315794,0.3473684210526315
la_liga,2024,RSO,0.3684210526315789,0.3684210526315789,0.3684210526315789,0.47368421052631576,0.21052631578947367,0.5789473684210527,0.2631578947368421,0.42105263157894735,0.47368421052631576,0.2631578947368421,0.42105263157894735,0.47368421052631576,0.3157894736842105,0.2631578947368421,0.3684210526315789,0.42105263157894735,0.5789473684210527,0.2631578947368421,0.3157894736842105,0.3157894736842105,0.3684210526315789,0.38421052631578945
la_liga,2024,SEV,0.3157894736842105,0.3157894736842105,0.5263157894736842,0.42105263157894735,0.3157894736842105,0.2631578947368421,0.42105263157894735,0.3157894736842105,0.5263157894736842,0.47368421052631576,0.42105263157894735,0.7368421052631579,0.5789473684210527,0.15789473684210525,0.2631578947368421,0.42105263157894735,0.42105263157894735,0.47368421052631576,0.2631578947368421,0.47368421052631576,0.4052631578947368,0.4052631578947369
la_liga,2024,VIL,0.42105263157894735,0.21052631578947367,0.5263157894736842,0.21052631578947367,0.42105263157894735,0.2631578947368421,0.5263157894736842,0.3157894736842105,0.47368421052631576,0.3157894736842105,0.15789473684210525,0.6842105263157895,0.3684210526315789,0.3684210526315789,0.5789473684210527,0.3157894736842105,0.42105263157894735,0.5263157894736842,0.2631578947368421,0.3684210526315789,0.41578947368421054,0.3578947368421052
la_liga,2024,VLC,0.47368421052631576,0.3157894736842105,0.3684210526315789,0.5263157894736842,0.3684210526315789,0.5263157894736842,0.3157894736842105,0.3684210526315789,0.5263157894736842,0.21052631578947367,0.10526315789473684,0.3684210526315789,0.21052631578947367,0.21052631578947367,0.3157894736842105,0.2631578947368421,0.3684210526315789,0.3684210526315789,0.5789473684210527,0.5263157894736842,0.36315789473684207,0.36842105263157887
la_liga,2024,VLLD,0.7368421052631579,0.3684210526315789,0.5789473684210527,0.42105263157894735,0.3157894736842105,0.3684210526315789,0.2631578947368421,0.3157894736842105,0.2631578947368421,0.47368421052631576,0.3684210526315789,0.15789473684210525,0.5263157894736842,0.15789473684210525,0.5263157894736842,0.21052631578947367,0.3157894736842105,0.3684210526315789,0.42105263157894735,0.3157894736842105,0.43157894736842106,0.3157894736842105
premier_league,2001,ARS,0.2631578947368421,0.42105263157894735,0.15789473684210525,0.3684210526315789,0.42105263157894735,0.3157894736842105,0.3684210526315789,0.21052631578947367,0.3157894736842105,0.3157894736842105,0.42105263157894735,0.42105263157894735,0.3684210526315789,0.3157894736842105,0.3684210526315789,0.2631578947368421,0.47368421052631576,0.21052631578947367,0.42105263157894735,0.3157894736842105,0.35789473684210527,0.3157894736842105
premier_league,2001,AVL,0.5263157894736842,0.2631578947368421,0.42105263157894735,0.3157894736842105,0.3157894736842105,0.5789473684210527,0.3684210526315789,0.42105263157894735,0.42105263157894735,0.42105263157894735,0.42105263157894735,0.5789473684210527,0.42105263157894735,0.42105263157894735,0.3157894736842105,0.42105263157894735,0.3157894736842105,0.5263157894736842,0.3157894736842105,0.42105263157894735,0.38421052631578945,0.43684210526315786
premier_league,2001,BLBN,0.3157894736842105,0.3157894736842105,0.631578947368421,0.42105263157894735,0.47368421052631576,0.3684210526315789,0.10526315789473684,0.42105263157894735,0.2631578947368421,0.21052631578947367,0.3684210526315789,0.42105263157894735,0.2631578947368421,0.21052631578947367,0.2631578947368421,0.2631578947368421,0.47368421052631576,0.3684210526315789,0.3157894736842105,0.47368421052631576,0.3473684210526316,0.34736842105263155
premier_league,2001,BOLN,0.42105263157894735,0.42105263157894735,0.3684210526315789,0.3684210526315789,0.3684210526315789,0.631578947368421,0.15789473684210525,0.3684210526315789,0.2631578947368421,0.5263157894736842,0.3157894736842105,0.42105263157894735,0.42105263157894735,0.5263157894736842,0.3157894736842105,0.3157894736842105,0.3157894736842105,0.21052631578947367,0.5789473684210527,0.47368421052631576,0.35263157894736846,0.42631578947368415
premier_league,2001,CHA,0.5789473684210527,0.42105263157894735,0.631578947368421,0.3684210526315789,0.42105263157894735,0.3157894736842105,0.6842105263157895,0.3684210526315789,0.47368421052631576,0.3684210526315789,0.5263157894736842,0.5263157894736842,0.42105263157894735,0.47368421052631576,0.42105263157894735,0.2631578947368421,0.10526315789473684,0.47368421052631576,0.3157894736842105,0.3157894736842105,0.4578947368421053,0.3894736842105263
premier_league,2001,CHE,0.3157894736842105,0.42105263157894735,0.3684210526315789,0.42105263157894735,0.2631578947368421,0.42105263157894735,0.2631578947368421,0.5789473684210527,0.2631578947368421,0.42105263157894735,0.3684210526315789,0.2631578947368421,0.3157894736842105,0.42105263157894735,0.3684210526315789,0.2631578947368421,0.3684210526315789,0.2631578947368421,0.3684210526315789,0.6842105263157895,0.32631578947368417,0.41578947368421054
premier_league,2001,DER,0.631578947368421,0.42105263157894735,0.47368421052631576,0.21052631578947367,0.47368421052631576,0.3157894736842105,0.3684210526315789,0.3684210526315789,0.42105263157894735,0.3157894736842105,0.42105263157894735,0.47368421052631576,0.42105263157894735,0.47368421052631576,0.5789473684210527,0.3157894736842105,0.2631578947368421,0.3157894736842105,0.10526315789473684,0.42105263157894735,0.41578947368421054,0.36315789473684207
premier_league,2001,EVE,0.5263157894736842,0.42105263157894735,0.15789473684210525,0.3157894736842105,0.47368421052631576,0.2631578947368421,0.5789473684210527,0.2631578947368421,0.3684210526315789,0.631578947368421,0.2631578947368421,0.21052631578947367,0.3157894736842105,0.2631578947368421,0.21052631578947367,0.3157894736842105,0.42105263157894735,0.2631578947368421,0.3684210526315789,0.5263157894736842,0.36842105263157887,0.34736842105263155
premier_league,2001,FUL,0.3157894736842105,0.21052631578947367,0.631578947368421,0.3157894736842105,0.3157894736842105,0.5263157894736842,0.3684210526315789,0.42105263157894735,0.3157894736842105,0.3157894736842105,0.5789473684210527,0.42105263157894735,0.3684210526315789,0.3684210526315789,0.3684210526315789,0.42105263157894735,0.2631578947368421,0.3684210526315789,0.6842105263157895,0.5263157894736842,0.42105263157894735,0.3894736842105263
premier_league,2001,IPS,0.2631578947368421,0.3684210526315789,0.2631578947368421,0.3684210526315789,0.15789473684210525,0.15789473684210525,0.3684210526315789,0.2631578947368421,0.2631578947368421,0.2631578947368421,0.3157894736842105,0.631578947368421,0.3157894736842105,0.3157894736842105,0.42105263157894735,0.5263157894736842,0.42105263157894735,0.3684210526315789,0.2631578947368421,0.42105263157894735,0.3052631578947368,0.36842105263157887
premier_league,2001,LEE,0.5263157894736842,0.3157894736842105,0.3157894736842105,0.47368421052631576,0.47368421052631576,0.47368421052631576,0.3684210526315789,0.3684210526315789,0.3157894736842105,0.42105263157894735,0.42105263157894735,0.2631578947368421,0.3684210526315789,0.3157894736842105,0.2631578947368421,0.42105263157894735,0.47368421052631576,0.21052631578947367,0.3684210526315789,0.3684210526315789,0.3894736842105263,0.363157894736842
premier_league,2001,LEIC,0.21052631578947367,0.3157894736842105,0.5263157894736842,0.3684210526315789,0.6842105263157895,0.3684210526315789,0.42105263157894735,0.3157894736842105,0.2631578947368421,0.3684210526315789,0.5789473684210527,0.5263157894736842,0.5789473684210527,0.42105263157894735,0.42105263157894735,0.42105263157894735,0.47368421052631576,0.42105263157894735,0.42105263157894735,0.3684210526315789,0.4578947368421053,0.38947368421052625
premier_league,2001,LIVP,0.21052631578947367,0.3684210526315789,0.3684210526315789,0.2631578947368421,0.42105263157894735,0.47368421052631576,0.3684210526315789,0.5789473684210527,0.2631578947368421,0.5789473684210527,0.5263157894736842,0.42105263157894735,0.2631578947368421,0.47368421052631576,0.42105263157894735,0.47368421052631576,0.3684210526315789,0.42105263157894735,0.3157894736842105,0.21052631578947367,0.3526315789473684,0.42631578947368415
premier_league,2001,MANU,0.47368421052631576,0.2631578947368421,0.21052631578947367,0.21052631578947367,0.3684210526315789,0.3157894736842105,0.3157894736842105,0.3157894736842105,0.2631578947368421,0.2631578947368421,0.47368421052631576,0.3684210526315789,0.3684210526315789,0.3157894736842105,0.2631578947368421,0.3157894736842105,0.42105263157894735,0.21052631578947367,0.3157894736842105,0.3684210526315789,0.34736842105263155,0.2947368421052631
premier_league,2001,MID,0.3157894736842105,0.3157894736842105,0.47368421052631576,0.42105263157894735,0.3684210526315789,0.47368421052631576,0.3684210526315789,0.3157894736842105,0.42105263157894735,0.47368421052631576,0.47368421052631576,0.42105263157894735,0.3157894736842105,0.3157894736842105,0.3684210526315789,0.2631578947368421,0.3684210526315789,0.42105263157894735,0.3684210526315789,0.3157894736842105,0.3842105263157894,0.3736842105263158
premier_league,2001,NEW,0.3684210526315789,0.47368421052631576,0.42105263157894735,0.47368421052631576,0.3684210526315789,0.2631578947368421,0.2631578947368421,0.3157894736842105,0.3684210526315789,0.42105263157894735,0.47368421052631576,0.2631578947368421,0.21052631578947367,0.42105263157894735,0.2631578947368421,0.47368421052631576,0.2631578947368421,0.3684210526315789,0.3684210526315789,0.2631578947368421,0.33684210526315783,0.37368421052631573
premier_league,2001,SOU,0.3157894736842105,0.15789473684210525,0.3684210526315789,0.5789473684210527,0.47368421052631576,0.2631578947368421,0.3684210526315789,0.5263157894736842,0.47368421052631576,0.42105263157894735,0.3684210526315789,0.21052631578947367,0.3684210526315789,0.631578947368421,0.47368421052631576,0.21052631578947367,0.42105263157894735,0.5263157894736842,0.3684210526315789,0.47368421052631576,0.39999999999999997,0.4
premier_league,2001,SUN,0.42105263157894735,0.42105263157894735,0.47368421052631576,0.42105263157894735,0.3157894736842105,0.2631578947368421,0.47368421052631576,0.3684210526315789,0.47368421052631576,0.3157894736842105,0.42105263157894735,0.42105263157894735,0.47368421052631576,0.47368421052631576,0.5789473684210527,0.3157894736842105,0.3684210526315789,0.47368421052631576,0.42105263157894735,0.42105263157894735,0.44210526315789467,0.3894736842105263
premier_league,2001,TOT,0.3157894736842105,0.3684210526315789,0.15789473684210525,0.5263157894736842,0.3157894736842105,0.47368421052631576,0.5789473684210527,0.42105263157894735,0.2631578947368421,0.2631578947368421,0.2631578947368421,0.15789473684210525,0.3157894736842105,0.2631578947368421,0.3157894736842105,0.47368421052631576,0.42105263157894735,0.21052631578947367,0.2631578947368421,0.42105263157894735,0.32105263157894737,0.35789473684210527
premier_league,2001,WHU,0.3684210526315789,0.42105263157894735,0.3684210526315789,0.42105263157894735,0.05263157894736842,0.2631578947368421,0.5263157894736842,0.3684210526315789,0.3684210526315789,0.21052631578947367,0.3684210526315789,0.5263157894736842,0.3684210526315789,0.3157894736842105,0.2631578947368421,0.21052631578947367,0.42105263157894735,0.5263157894736842,0.5263157894736842,0.21052631578947367,0.36315789473684207,0.3473684210526315
premier_league,2002,ARS,0.2631578947368421,0.3684210526315789,0.3684210526315789,0.42105263157894735,0.3157894736842105,0.3684210526315789,0.3157894736842105,0.2631578947368421,0.47368421052631576,0.47368421052631576,0.42105263157894735,0.42105263157894735,0.5263157894736842,0.47368421052631576,0.3684210526315789,0.5263157894736842,0.3157894736842105,0.2631578947368421,0.42105263157894735,0.3157894736842105,0.3789473684210526,0.3894736842105263
premier_league,2002,AVL,0.5263157894736842,0.47368421052631576,0.42105263157894735,0.5789473684210527,0.2631578947368421,0.5263157894736842,0.21052631578947367,0.47368421052631576,0.3157894736842105,0.5263157894736842,0.3157894736842105,0.7894736842105263,0.2631578947368421,0.21052631578947367,0.47368421052631576,0.3684210526315789,0.5789473684210527,0.42105263157894735,0.2631578947368421,0.3684210526315789,0.36315789473684207,0.47368421052631576
premier_league,2002,BIR,0.21052631578947367,0.5263157894736842,0.2631578947368421,0.3684210526315789,0.5789473684210527,0.3684210526315789,0.5789473684210527,0.3157894736842105,0.42105263157894735,0.42105263157894735,0.3684210526315789,0.15789473684210525,0.47368421052631576,0.3684210526315789,0.5789473684210527,0.3684210526315789,0.2631578947368421,0.3157894736842105,0.21052631578947367,0.3684210526315789,0.39473684210526316,0.3578947368421052
premier_league,2002,BLBN,0.3157894736842105,0.47368421052631576,0.42105263157894735,0.3684210526315789,0.631578947368421,0.2631578947368421,0.42105263157894735,0.47368421052631576,0.47368421052631576,0.15789473684210525,0.5789473684210527,0.15789473684210525,0.5789473684210527,0.5263157894736842,0.3684210526315789,0.5263157894736842,0.3684210526315789,0.42105263157894735,0.3157894736842105,0.42105263157894735,0.4473684210526316,0.3789473684210526
premier_league,2002,BOLN,0.3684210526315789,0.5263157894736842,0.3684210526315789,0.47368421052631576,0.5263157894736842,0.21052631578947367,0.47368421052631576,0.2631578947368421,0.15789473684210525,0.3157894736842105,0.3684210526315789,0.3157894736842105,0.3684210526315789,0.5789473684210527,0.3157894736842105,0.21052631578947367,0.42105263157894735,0.3157894736842105,0.3684210526315789,0.42105263157894735,0.37368421052631573,0.36315789473684207
premier_league,2002,CHA,0.2631578947368421,0.3684210526315789,0.5263157894736842,0.2631578947368421,0.3684210526315789,0.21052631578947367,0.2631578947368421,0.21052631578947367,0.5789473684210527,0.5789473684210527,0.3157894736842105,0.42105263157894735,0.47368421052631576,0.47368421052631576,0.42105263157894735,0.3157894736842105,0.3684210526315789,0.5263157894736842,0.5263157894736842,0.42105263157894735,0.41052631578947363,0.3789473684210526
premier_league,2002,CHE,0.3157894736842105,0.42105263157894735,0.3684210526315789,0.2631578947368421,0.5263157894736842,0.5263157894736842,0.3157894736842105,0.42105263157894735,0.3684210526315789,0.3684210526315789,0.3684210526315789,0.47368421052631576,0.3157894736842105,0.47368421052631576,0.47368421052631576,0.3157894736842105,0.2631578947368421,0.05263157894736842,0.42105263157894735,0.3157894736842105,0.37368421052631573,0.36315789473684207
premier_league,2002,EVE,0.42105263157894735,0.47368421052631576,0.3157894736842105,0.5789473684210527,0.2631578947368421,0.3684210526315789,0.3157894736842105,0.47368421052631576,0.42105263157894735,0.2631578947368421,0.42105263157894735,0.2631578947368421,0.21052631578947367,0.3157894736842105,0.47368421052631576,0.3684210526315789,0.42105263157894735,0.42105263157894735,0.2631578947368421,0.2631578947368421,0.3526315789473684,0.3789473684210526
premier_league,2002,FUL,0.47368421052631576,0.2631578947368421,0.3157894736842105,0.3684210526315789,0.15789473684210525,0.42105263157894735,0.42105263157894735,0.47368421052631576,0.2631578947368421,0.3684210526315789,0.15789473684210525,0.3684210526315789,0.3157894736842105,0.21052631578947367,0.2631578947368421,0.3157894736842105,0.47368421052631576,0.3684210526315789,0.5263157894736842,0.2631578947368421,0.3368421052631579,0.3421052631578947
premier_league,2002,LEE,0.5789473684210527,0.42105263157894735,0.3157894736842105,0.3157894736842105,0.3684210526315789,0.5263157894736842,0.42105263157894735,0.3157894736842105,0.3684210526315789,0.631578947368421,0.3684210526315789,0.15789473684210525,0.3157894736842105,0.3684210526315789,0.47368421052631576,0.42105263157894735,0.5263157894736842,0.47368421052631576,0.2631578947368421,0.42105263157894735,0.39999999999999997,0.4052631578947368
premier_league,2002,LIVP,0.3684210526315789,0.47368421052631576,0.3684210526315789,0.47368421052631576,0.3684210526315789,0.47368421052631576,0.3157894736842105,0.42105263157894735,0.42105263157894735,0.21052631578947367,0.42105263157894735,0.3157894736842105,0.2631578947368421,0.2631578947368421,0.3157894736842105,0.5789473684210527,0.2631578947368421,0.47368421052631576,0.47368421052631576,0.42105263157894735,0.35789473684210527,0.41052631578947363
premier_league,2002,MANC,0.47368421052631576,0.15789473684210525,0.42105263157894735,0.2631578947368421,0.21052631578947367,0.10526315789473684,0.47368421052631576,0.2631578947368421,0.21052631578947367,0.3684210526315789,0.47368421052631576,0.47368421052631576,0.3157894736842105,0.3157894736842105,0.3157894736842105,0.42105263157894735,0.42105263157894735,0.47368421052631576,0.47368421052631576,0.3684210526315789,0.3789473684210526,0.32105263157894737
premier_league,2002,MANU,0.21052631578947367,0.42105263157894735,0.42105263157894735,0.42105263157894735,0.15789473684210525,0.3684210526315789,0.42105263157894735,0.3157894736842105,0.3157894736842105,0.15789473684210525,0.3684210526315789,0.3157894736842105,0.2631578947368421,0.5789473684210527,0.3684210526315789,0.5789473684210527,0.5263157894736842,0.5263157894736842,0.2631578947368421,0.42105263157894735,0.33157894736842103,0.41052631578947363
premier_league,2002,MID,0.47368421052631576,0.2631578947368421,0.47368421052631576,0.2631578947368421,0.3157894736842105,0.2631578947368421,0.2631578947368421,0.47368421052631576,0.42105263157894735,0.47368421052631576,0.47368421052631576,0.42105263157894735,0.3684210526315789,0.42105263157894735,0.3157894736842105,0.42105263157894735,0.3684210526315789,0.42105263157894735,0.5263157894736842,0.3157894736842105,0.3999999999999999,0.3736842105263158
premier_league,2002,NEW,0.42105263157894735,0.3157894736842105,0.42105263157894735,0.3157894736842105,0.6842105263157895,0.42105263157894735,0.47368421052631576,0.47368421052631576,0.3684210526315789,0.10526315789473684,0.47368421052631576,0.42105263157894735,0.3684210526315789,0.47368421052631576,0.3157894736842105,0.42105263157894735,0.2631578947368421,0.21052631578947367,0.3157894736842105,0.2631578947368421,0.41052631578947363,0.34210526315789475
premier_league,2002,SOU,0.47368421052631576,0.631578947368421,0.3684210526315789,0.3157894736842105,0.47368421052631576,0.2631578947368421,0.5263157894736842,0.2631578947368421,0.47368421052631576,0.47368421052631576,0.47368421052631576,0.3684210526315789,0.3684210526315789,0.3684210526315789,0.3684210526315789,0.3684210526315789,0.3684210526315789,0.3157894736842105,0.21052631578947367,0.42105263157894735,0.41052631578947363,0.3789473684210526
premier_league,2002,SUN,0.3684210526315789,0.3684210526315789,0.3157894736842105,0.2631578947368421,0.3684210526315789,0.631578947368421,0.47368421052631576,0.47368421052631576,0.3157894736842105,0.47368421052631576,0.15789473684210525,0.3157894736842105,0.631578947368421,0.21052631578947367,0.3684210526315789,0.3157894736842105,0.3157894736842105,0.5263157894736842,0.15789473684210525,0.5263157894736842,0.3473684210526316,0.41052631578947363
premier_league,2002,TOT,0.47368421052631576,0.631578947368421,0.3684210526315789,0.3684210526315789,0.3684210526315789,0.42105263157894735,0.42105263157894735,0.5789473684210527,0.2631578947368421,0.42105263157894735,0.42105263157894735,0.3684210526315789,0.47368421052631576,0.47368421052631576,0.3157894736842105,0.42105263157894735,0.21052631578947367,0.47368421052631576,0.3157894736842105,0.3684210526315789,0.3631578947368421,0.4526315789473684
premier_league,2002,WBA,0.3684210526315789,0.42105263157894735,0.5263157894736842,0.3157894736842105,0.10526315789473684,0.21052631578947367,0.2631578947368421,0.3684210526315789,0.47368421052631576,0.2631578947368421,0.42105263157894735,0.3684210526315789,0.42105263157894735,0.42105263157894735,0.10526315789473684,0.3684210526315789,0.3684210526315789,0.47368421052631576,0.2631578947368421,0.2631578947368421,0.33157894736842103,0.3473684210526316
premier_league,2002,WHU,0.3157894736842105,0.3684210526315789,0.15789473684210525,0.2631578947368421,0.3684210526315789,0.3684210526315789,0.2631578947368421,0.42105263157894735,0.42105263157894735,0.47368421052631576,0.5789473684210527,0.2631578947368421,0.3684210526315789,0.15789473684210525,0.47368421052631576,0.3684210526315789,0.5263157894736842,0.42105263157894735,0.42105263157894735,0.42105263157894735,0.3894736842105263,0.3526315789473684
premier_league,2005,ARS,0.42105263157894735,0.5263157894736842,0.3157894736842105,0.42105263157894735,0.3684210526315789,0.2631578947368421,0.3684210526315789,0.47368421052631576,0.47368421052631576,0.3157894736842105,0.42105263157894735,0.3157894736842105,0.3157894736842105,0.42105263157894735,0.42105263157894735,0.42105263157894735,0.47368421052631576,0.2631578947368421,0.47368421052631576,0.47368421052631576,0.4052631578947368,0.3894736842105263
premier_league,2005,AVL,0.3157894736842105,0.5789473684210527,0.5263157894736842,0.21052631578947367,0.42105263157894735,0.3157894736842105,0.47368421052631576,0.2631578947368421,0.42105263157894735,0.3684210526315789,0.15789473684210525,0.5789473684210527,0.3157894736842105,0.42105263157894735,0.21052631578947367,0.2631578947368421,0.42105263157894735,0.5263157894736842,0.47368421052631576,0.2631578947368421,0.3736842105263158,0.3789473684210526
premier_league,2005,BIR,0.3157894736842105,0.3684210526315789,0.3157894736842105,0.47368421052631576,0.3684210526315789,0.3684210526315789,0.15789473684210525,0.3684210526315789,0.47368421052631576,0.47368421052631576,0.3684210526315789,0.42105263157894735,0.15789473684210525,0.47368421052631576,0.3157894736842105,0.3157894736842105,0.21052631578947367,0.3684210526315789,0.631578947368421,0.42105263157894735,0.3315789473684211,0.4052631578947368
premier_league,2005,BLBN,0.3157894736842105,0.3157894736842105,0.5263157894736842,0.5263157894736842,0.2631578947368421,0.2631578947368421,0.2631578947368421,0.3157894736842105,0.21052631578947367,0.5789473684210527,0.3684210526315789,0.2631578947368421,0.3157894736842105,0.2631578947368421,0.2631578947368421,0.5789473684210527,0.3684210526315789,0.47368421052631576,0.3684210526315789,0.42105263157894735,0.32631578947368417,0.4
premier_league,2005,BOLN,0.21052631578947367,0.3684210526315789,0.3684210526315789,0.3157894736842105,0.2631578947368421,0.42105263157894735,0.6842105263157895,0.3684210526315789,0.21052631578947367,0.3157894736842105,0.3684210526315789,0.15789473684210525,0.3684210526315789,0.47368421052631576,0.42105263157894735,0.6842105263157895,0.3684210526315789,0.3684210526315789,0.3684210526315789,0.3684210526315789,0.36315789473684207,0.38421052631578945
premier_league,2005,CHA,0.3157894736842105,0.3157894736842105,0.42105263157894735,0.47368421052631576,0.42105263157894735,0.5789473684210527,0.21052631578947367,0.47368421052631576,0.3684210526315789,0.21052631578947367,0.3157894736842105,0.42105263157894735,0.42105263157894735,0.7894736842105263,0.3157894736842105,0.3684210526315789,0.5789473684210527,0.2631578947368421,0.42105263157894735,0.42105263157894735,0.3789473684210526,0.43157894736842106
premier_league,2005,CHE,0.3684210526315789,0.47368421052631576,0.3684210526315789,0.5263157894736842,0.5263157894736842,0.10526315789473684,0.3684210526315789,0.47368421052631576,0.3684210526315789,0.3684210526315789,0.2631578947368421,0.47368421052631576,0.21052631578947367,0.3684210526315789,0.42105263157894735,0.5263157894736842,0.3684210526315789,0.47368421052631576,0.42105263157894735,0.21052631578947367,0.36842105263157887,0.4
premier_league,2005,EVE,0.3157894736842105,0.2631578947368421,0.5789473684210527,0.2631578947368421,0.2631578947368421,0.42105263157894735,0.42105263157894735,0.42105263157894735,0.47368421052631576,0.42105263157894735,0.2631578947368421,0.3684210526315789,0.3684210526315789,0.2631578947368421,0.42105263157894735,0.3684210526315789,0.5789473684210527,0.3157894736842105,0.2631578947368421,0.3684210526315789,0.39473684210526316,0.34736842105263155
premier_league,2005,FUL,0.5789473684210527,0.47368421052631576,0.47368421052631576,0.3157894736842105,0.3684210526315789,0.47368421052631576,0.3684210526315789,0.42105263157894735,0.10526315789473684,0.3684210526315789,0.3157894736842105,0.2631578947368421,0.3157894736842105,0.15789473684210525,0.42105263157894735,0.3157894736842105,0.42105263157894735,0.2631578947368421,0.3684210526315789,0.47368421052631576,0.37368421052631573,0.3526315789473684
premier_league,2005,LIVP,0.2631578947368421,0.5263157894736842,0.5263157894736842,0.21052631578947367,0.42105263157894735,0.3157894736842105,0.5789473684210527,0.5263157894736842,0.3157894736842105,0.42105263157894735,0.3157894736842105,0.3684210526315789,0.3157894736842105,0.42105263157894735,0.2631578947368421,0.2631578947368421,0.2631578947368421,0.5789473684210527,0.7368421052631579,0.3684210526315789,0.4,0.39999999999999997
premier_league,2005,MANC,0.3157894736842105,0.2631578947368421,0.3157894736842105,0.3684210526315789,0.3157894736842105,0.2631578947368421,0.42105263157894735,0.5263157894736842,0.2631578947368421,0.5263157894736842,0.2631578947368421,0.2631578947368421,0.21052631578947367,0.3684210526315789,0.47368421052631576,0.47368421052631576,0.3157894736842105,0.3157894736842105,0.3684210526315789,0.42105263157894735,0.32631578947368417,0.3789473684210526
premier_league,2005,MANU,0.5789473684210527,0.47368421052631576,0.2631578947368421,0.21052631578947367,0.2631578947368421,0.3684210526315789,0.3684210526315789,0.2631578947368421,0.21052631578947367,0.2631578947368421,0.47368421052631576,0.3157894736842105,0.631578947368421,0.5263157894736842,0.2631578947368421,0.3157894736842105,0.3684210526315789,0.42105263157894735,0.21052631578947367,0.3157894736842105,0.363157894736842,0.34736842105263155
premier_league,2005,MID,0.2631578947368421,0.2631578947368421,0.3684210526315789,0.2631578947368421,0.3684210526315789,0.42105263157894735,0.3157894736842105,0.42105263157894735,0.5263157894736842,0.3157894736842105,0.47368421052631576,0.3684210526315789,0.5789473684210527,0.3684210526315789,0.42105263157894735,0.21052631578947367,0.2631578947368421,0.3684210526315789,0.6842105263157895,0.42105263157894735,0.42631578947368426,0.3421052631578947
premier_league,2005,NEW,0.3157894736842105,0.3157894736842105,0.3157894736842105,0.21052631578947367,0.5263157894736842,0.2631578947368421,0.21052631578947367,0.3684210526315789,0.2631578947368421,0.3157894736842105,0.42105263157894735,0.3684210526315789,0.5263157894736842,0.42105263157894735,0.2631578947368421,0.5789473684210527,0.15789473684210525,0.21052631578947367,0.3157894736842105,0.21052631578947367,0.3315789473684211,0.32631578947368417
premier_league,2005,POR,0.47368421052631576,0.15789473684210525,0.47368421052631576,0.3684210526315789,0.3684210526315789,0.42105263157894735,0.3157894736842105,0.2631578947368421,0.3157894736842105,0.631578947368421,0.2631578947368421,0.47368421052631576,0.42105263157894735,0.15789473684210525,0.3684210526315789,0.0,0.3684210526315789,0.15789473684210525,0.3157894736842105,0.3157894736842105,0.3684210526315789,0.29473684210526313
premier_league,2005,SUN,0.3157894736842105,0.3684210526315789,0.42105263157894735,0.3684210526315789,0.42105263157894735,0.42105263157894735,0.5789473684210527,0.2631578947368421,0.15789473684210525,0.2631578947368421,0.6842105263157895,0.5263157894736842,0.42105263157894735,0.3684210526315789,0.5263157894736842,0.21052631578947367,0.47368421052631576,0.3684210526315789,0.3157894736842105,0.47368421052631576,0.43157894736842106,0.3631578947368421
premier_league,2005,TOT,0.42105263157894735,0.2631578947368421,0.15789473684210525,0.47368421052631576,0.2631578947368421,0.3684210526315789,0.42105263157894735,0.3684210526315789,0.47368421052631576,0.42105263157894735,0.631578947368421,0.5263157894736842,0.47368421052631576,0.2631578947368421,0.5789473684210527,0.3684210526315789,0.3157894736842105,0.3684210526315789,0.2631578947368421,0.2631578947368421,0.4,0.36842105263157887
premier_league,2005,WBA,0.42105263157894735,0.3157894736842105,0.631578947368421,0.42105263157894735,0.3684210526315789,0.5263157894736842,0.2631578947368421,0.3157894736842105,0.42105263157894735,0.42105263157894735,0.3157894736842105,0.21052631578947367,0.5263157894736842,0.15789473684210525,0.42105263157894735,0.42105263157894735,0.5263157894736842,0.42105263157894735,0.2631578947368421,0.42105263157894735,0.41578947368421054,0.3631578947368421
premier_league,2005,WHU,0.42105263157894735,0.3157894736842105,0.3157894736842105,0.3684210526315789,0.42105263157894735,0.42105263157894735,0.5789473684210527,0.3157894736842105,0.42105263157894735,0.2631578947368421,0.2631578947368421,0.2631578947368421,0.5263157894736842,0.47368421052631576,0.47368421052631576,0.3684210526315789,0.47368421052631576,0.2631578947368421,0.3684210526315789,0.2631578947368421,0.42631578947368426,0.33157894736842103
premier_league,2005,WIG,0.5263157894736842,0.2631578947368421,0.47368421052631576,0.21052631578947367,0.3684210526315789,0.3684210526315789,0.47368421052631576,0.21052631578947367,0.3684210526315789,0.3157894736842105,0.47368421052631576,0.42105263157894735,0.21052631578947367,0.3684210526315789,0.2631578947368421,0.5263157894736842,0.21052631578947367,0.42105263157894735,0.3157894736842105,0.5263157894736842,0.3684210526315789,0.36315789473684207
premier_league,2006,ARS,0.42105263157894735,0.47368421052631576,0.47368421052631576,0.3157894736842105,0.5263157894736842,0.2631578947368421,0.47368421052631576,0.47368421052631576,0.2631578947368421,0.21052631578947367,0.3684210526315789,0.42105263157894735,0.21052631578947367,0.3157894736842105,0.3684210526315789,0.42105263157894735,0.3684210526315789,0.3157894736842105,0.5789473684210527,0.3157894736842105,0.4052631578947368,0.3526315789473684
premier_league,2006,AVL,0.42105263157894735,0.3684210526315789,0.5789473684210527,0.2631578947368421,0.47368421052631576,0.3684210526315789,0.42105263157894735,0.3157894736842105,0.3157894736842105,0.3157894736842105,0.3684210526315789,0.21052631578947367,0.2631578947368421,0.2631578947368421,0.3684210526315789,0.5263157894736842,0.3157894736842105,0.42105263157894735,0.2631578947368421,0.21052631578947367,0.3789473684210526,0.3263157894736842
premier_league,2006,BLBN,0.42105263157894735,0.15789473684210525,0.3684210526315789,0.15789473684210525,0.3684210526315789,0.21052631578947367,0.3684210526315789,0.2631578947368421,0.3157894736842105,0.3684210526315789,0.3157894736842105,0.3684210526315789,0.42105263157894735,0.5789473684210527,0.3684210526315789,0.21052631578947367,0.5263157894736842,0.3684210526315789,0.5263157894736842,0.3157894736842105,0.39999999999999997,0.3
premier_league,2006,BOLN,0.47368421052631576,0.3684210526315789,0.42105263157894735,0.42105263157894735,0.47368421052631576,0.3157894736842105,0.3157894736842105,0.42105263157894735,0.2631578947368421,0.42105263157894735,0.2631578947368421,0.5263157894736842,0.21052631578947367,0.5789473684210527,0.3157894736842105,0.3157894736842105,0.3684210526315789,0.47368421052631576,0.42105263157894735,0.3684210526315789,0.35263157894736835,0.42105263157894735
premier_league,2006,CHA,0.3684210526315789,0.47368421052631576,0.3157894736842105,0.3684210526315789,0.21052631578947367,0.3684210526315789,0.5263157894736842,0.2631578947368421,0.47368421052631576,0.5789473684210527,0.42105263157894735,0.3684210526315789,0.42105263157894735,0.3157894736842105,0.3684210526315789,0.3684210526315789,0.21052631578947367,0.5789473684210527,0.47368421052631576,0.631578947368421,0.37894736842105264,0.43157894736842106
premier_league,2006,CHE,0.47368421052631576,0.3684210526315789,0.3684210526315789,0.3684210526315789,0.2631578947368421,0.42105263157894735,0.5789473684210527,0.3684210526315789,0.3157894736842105,0.47368421052631576,0.47368421052631576,0.47368421052631576,0.47368421052631576,0.47368421052631576,0.47368421052631576,0.42105263157894735,0.3157894736842105,0.3157894736842105,0.42105263157894735,0.3684210526315789,0.41578947368421054,0.4052631578947368
premier_league,2006,EVE,0.3157894736842105,0.21052631578947367,0.42105263157894735,0.47368421052631576,0.2631578947368421,0.3684210526315789,0.5263157894736842,0.42105263157894735,0.3684210526315789,0.5263157894736842,0.2631578947368421,0.21052631578947367,0.3157894736842105,0.2631578947368421,0.21052631578947367,0.3157894736842105,0.21052631578947367,0.42105263157894735,0.3157894736842105,0.42105263157894735,0.32105263157894737,0.3631578947368421
premier_league,2006,FUL,0.42105263157894735,0.5789473684210527,0.2631578947368421,0.3157894736842105,0.42105263157894735,0.3684210526315789,0.42105263157894735,0.42105263157894735,0.5263157894736842,0.5263157894736842,0.15789473684210525,0.3684210526315789,0.47368421052631576,0.15789473684210525,0.2631578947368421,0.3157894736842105,0.5789473684210527,0.3157894736842105,0.47368421052631576,0.42105263157894735,0.4,0.3789473684210526
premier_league,2006,LIVP,0.2631578947368421,0.3684210526315789,0.42105263157894735,0.3684210526315789,0.3684210526315789,0.3157894736842105,0.47368421052631576,0.631578947368421,0.3157894736842105,0.631578947368421,0.21052631578947367,0.2631578947368421,0.42105263157894735,0.15789473684210525,0.3157894736842105,0.42105263157894735,0.3684210526315789,0.3684210526315789,0.42105263157894735,0.3684210526315789,0.3578947368421052,0.3894736842105263
premier_league,2006,MANC,0.3684210526315789,0.3684210526315789,0.3684210526315789,0.5263157894736842,0.47368421052631576,0.21052631578947367,0.3157894736842105,0.21052631578947367,0.2631578947368421,0.3157894736842105,0.42105263157894735,0.42105263157894735,0.47368421052631576,0.3157894736842105,0.5789473684210527,0.21052631578947367,0.5789473684210527,0.5789473684210527,0.47368421052631576,0.15789473684210525,0.43157894736842095,0.33157894736842103
premier_league,2006,MANU,0.3684210526315789,0.2631578947368421,0.47368421052631576,0.47368421052631576,0.42105263157894735,0.3157894736842105,0.3684210526315789,0.3157894736842105,0.47368421052631576,0.47368421052631576,0.3684210526315789,0.3684210526315789,0.42105263157894735,0.3684210526315789,0.47368421052631576,0.631578947368421,0.21052631578947367,0.3684210526315789,0.42105263157894735,0.3157894736842105,0.39999999999999997,0.3894736842105263
premier_league,2006,MID,0.42105263157894735,0.5263157894736842,0.2631578947368421,0.3684210526315789,0.21052631578947367,0.5263157894736842,0.47368421052631576,0.5789473684210527,0.42105263157894735,0.3684210526315789,0.3684210526315789,0.3157894736842105,0.47368421052631576,0.3684210526315789,0.3157894736842105,0.3684210526315789,0.3157894736842105,0.3684210526315789,0.3684210526315789,0.42105263157894735,0.36315789473684207,0.42105263157894723
premier_league,2006,NEW,0.42105263157894735,0.15789473684210525,0.2631578947368421,0.42105263157894735,0.42105263157894735,0.42105263157894735,0.21052631578947367,0.3157894736842105,0.42105263157894735,0.42105263157894735,0.42105263157894735,0.47368421052631576,0.42105263157894735,0.42105263157894735,0.2631578947368421,0.47368421052631576,0.3157894736842105,0.2631578947368421,0.3684210526315789,0.3157894736842105,0.3526315789473684,0.3684210526315789
premier_league,2006,POR,0.47368421052631576,0.3157894736842105,0.3684210526315789,0.3684210526315789,0.47368421052631576,0.10526315789473684,0.2631578947368421,0.42105263157894735,0.3684210526315789,0.3157894736842105,0.2631578947368421,0.42105263157894735,0.3157894736842105,0.15789473684210525,0.3684210526315789,0.42105263157894735,0.3157894736842105,0.42105263157894735,0.2631578947368421,0.3684210526315789,0.34736842105263155,0.33157894736842103
premier_league,2006,REA,0.5263157894736842,0.42105263157894735,0.21052631578947367,0.3684210526315789,0.21052631578947367,0.3157894736842105,0.3684210526315789,0.42105263157894735,0.42105263157894735,0.21052631578947367,0.47368421052631576,0.3157894736842105,0.3157894736842105,0.10526315789473684,0.42105263157894735,0.3684210526315789,0.3684210526315789,0.47368421052631576,0.21052631578947367,0.3157894736842105,0.3526315789473684,0.3315789473684211
premier_league,2006,SHU,0.42105263157894735,0.42105263157894735,0.3157894736842105,0.3684210526315789,0.3157894736842105,0.47368421052631576,0.3157894736842105,0.42105263157894735,0.42105263157894735,0.2631578947368421,0.47368421052631576,0.3684210526315789,0.3157894736842105,0.47368421052631576,0.21052631578947367,0.21052631578947367,0.47368421052631576,0.5263157894736842,0.42105263157894735,0.2631578947368421,0.3684210526315789,0.3789473684210526
premier_league,2006,TOT,0.2631578947368421,0.2631578947368421,0.42105263157894735,0.3157894736842105,0.3157894736842105,0.2631578947368421,0.2631578947368421,0.3684210526315789,0.47368421052631576,0.3157894736842105,0.47368421052631576,0.3684210526315789,0.42105263157894735,0.3684210526315789,0.2631578947368421,0.42105263157894735,0.42105263157894735,0.42105263157894735,0.15789473684210525,0.47368421052631576,0.34736842105263155,0.35789473684210527
premier_league,2006,WAT,0.3157894736842105,0.2631578947368421,0.3684210526315789,0.47368421052631576,0.47368421052631576,0.5263157894736842,0.3684210526315789,0.42105263157894735,0.42105263157894735,0.21052631578947367,0.3157894736842105,0.42105263157894735,0.42105263157894735,0.3684210526315789,0.631578947368421,0.3684210526315789,0.5789473684210527,0.2631578947368421,0.3157894736842105,0.3684210526315789,0.42105263157894735,0.36842105263157887
premier_league,2006,WHU,0.2631578947368421,0.15789473684210525,0.47368421052631576,0.3684210526315789,0.21052631578947367,0.3684210526315789,0.42105263157894735,0.42105263157894735,0.42105263157894735,0.3684210526315789,0.3157894736842105,0.3157894736842105,0.42105263157894735,0.6842105263157895,0.2631578947368421,0.3157894736842105,0.3684210526315789,0.3684210526315789,0.3684210526315789,0.5789473684210527,0.35263157894736835,0.39473684210526316
premier_league,2006,WIG,0.42105263157894735,0.2631578947368421,0.5789473684210527,0.47368421052631576,0.3684210526315789,0.21052631578947367,0.10526315789473684,0.3157894736842105,0.42105263157894735,0.3684210526315789,0.631578947368421,0.2631578947368421,0.3157894736842105,0.3684210526315789,0.3684210526315789,0.3684210526315789,0.15789473684210525,0.10526315789473684,0.631578947368421,0.47368421052631576,0.4,0.32105263157894737
premier_league,2007,ARS,0.3157894736842105,0.47368421052631576,0.3157894736842105,0.3684210526315789,0.2631578947368421,0.42105263157894735,0.5263157894736842,0.3684210526315789,0.5263157894736842,0.42105263157894735,0.2631578947368421,0.3684210526315789,0.3157894736842105,0.3157894736842105,0.2631578947368421,0.42105263157894735,0.5789473684210527,0.47368421052631576,0.47368421052631576,0.47368421052631576,0.3842105263157895,0.41052631578947374
premier_league,2007,AVL,0.47368421052631576,0.3684210526315789,0.3157894736842105,0.42105263157894735,0.42105263157894735,0.2631578947368421,0.47368421052631576,0.5263157894736842,0.3157894736842105,0.2631578947368421,0.42105263157894735,0.3684210526315789,0.47368421052631576,0.3684210526315789,0.3684210526315789,0.2631578947368421,0.10526315789473684,0.5789473684210527,0.42105263157894735,0.3684210526315789,0.3789473684210526,0.3789473684210526
premier_league,2007,BIR,0.3157894736842105,0.47368421052631576,0.3684210526315789,0.3157894736842105,0.21052631578947367,0.42105263157894735,0.3157894736842105,0.2631578947368421,0.3684210526315789,0.42105263157894735,0.7368421052631579,0.3684210526315789,0.47368421052631576,0.3157894736842105,0.10526315789473684,0.5789473684210527,0.42105263157894735,0.3157894736842105,0.3157894736842105,0.3157894736842105,0.36315789473684207,0.37894736842105264
premier_league,2007,BLBN,0.3684210526315789,0.2631578947368421,0.3157894736842105,0.47368421052631576,0.42105263157894735,0.2631578947368421,0.2631578947368421,0.47368421052631576,0.15789473684210525,0.5263157894736842,0.5263157894736842,0.47368421052631576,0.3684210526315789,0.15789473684210525,0.3157894736842105,0.47368421052631576,0.47368421052631576,0.5263157894736842,0.3157894736842105,0.21052631578947367,0.3526315789473684,0.38421052631578945
premier_league,2007,BOLN,0.3684210526315789,0.5263157894736842,0.5789473684210527,0.42105263157894735,0.42105263157894735,0.21052631578947367,0.47368421052631576,0.3157894736842105,0.47368421052631576,0.3684210526315789,0.42105263157894735,0.42105263157894735,0.3157894736842105,0.3157894736842105,0.3157894736842105,0.3684210526315789,0.3684210526315789,0.42105263157894735,0.3684210526315789,0.5789473684210527,0.41052631578947363,0.39473684210526316
premier_league,2007,CHE,0.2631578947368421,0.3684210526315789,0.3157894736842105,0.47368421052631576,0.3684210526315789,0.3684210526315789,0.5263157894736842,0.47368421052631576,0.42105263157894735,0.47368421052631576,0.2631578947368421,0.42105263157894735,0.2631578947368421,0.3157894736842105,0.3157894736842105,0.42105263157894735,0.3157894736842105,0.3157894736842105,0.5263157894736842,0.42105263157894735,0.3578947368421052,0.4052631578947368
premier_league,2007,DER,0.5789473684210527,0.3684210526315789,0.3684210526315789,0.42105263157894735,0.3157894736842105,0.47368421052631576,0.5263157894736842,0.42105263157894735,0.2631578947368421,0.6842105263157895,0.42105263157894735,0.2631578947368421,0.5263157894736842,0.42105263157894735,0.5263157894736842,0.2631578947368421,0.2631578947368421,0.42105263157894735,0.5263157894736842,0.3157894736842105,0.43157894736842106,0.4052631578947368
premier_league,2007,EVE,0.5263157894736842,0.42105263157894735,0.42105263157894735,0.5263157894736842,0.47368421052631576,0.3684210526315789,0.3157894736842105,0.47368421052631576,0.2631578947368421,0.3157894736842105,0.3157894736842105,0.42105263157894735,0.2631578947368421,0.3684210526315789,0.42105263157894735,0.2631578947368421,0.47368421052631576,0.2631578947368421,0.21052631578947367,0.3157894736842105,0.3684210526315789,0.37368421052631573
premier_league,2007,FUL,0.42105263157894735,0.42105263157894735,0.42105263157894735,0.42105263157894735,0.3684210526315789,0.3684210526315789,0.21052631578947367,0.3684210526315789,0.5263157894736842,0.21052631578947367,0.3684210526315789,0.47368421052631576,0.15789473684210525,0.2631578947368421,0.42105263157894735,0.3157894736842105,0.5789473684210527,0.3684210526315789,0.42105263157894735,0.5263157894736842,0.3894736842105263,0.37368421052631573
premier_league,2007,LIVP,0.2631578947368421,0.3684210526315789,0.3684210526315789,0.5263157894736842,0.21052631578947367,0.3157894736842105,0.3157894736842105,0.2631578947368421,0.3684210526315789,0.3157894736842105,0.3157894736842105,0.3684210526315789,0.42105263157894735,0.42105263157894735,0.3157894736842105,0.3684210526315789,0.47368421052631576,0.3684210526315789,0.47368421052631576,0.3684210526315789,0.35263157894736846,0.36842105263157887
premier_league,2007,MANC,0.47368421052631576,0.3684210526315789,0.3684210526315789,0.42105263157894735,0.47368421052631576,0.47368421052631576,0.2631578947368421,0.3684210526315789,0.10526315789473684,0.2631578947368421,0.3157894736842105,0.42105263157894735,0.47368421052631576,0.5789473684210527,0.3684210526315789,0.3684210526315789,0.3684210526315789,0.42105263157894735,0.5789473684210527,0.3684210526315789,0.3789473684210526,0.4052631578947368
premier_league,2007,MANU,0.42105263157894735,0.42105263157894735,0.3157894736842105,0.42105263157894735,0.5263157894736842,0.3684210526315789,0.3157894736842105,0.5263157894736842,0.5789473684210527,0.42105263157894735,0.2631578947368421,0.42105263157894735,0.47368421052631576,0.42105263157894735,0.3157894736842105,0.3157894736842105,0.2631578947368421,0.3684210526315789,0.3157894736842105,0.3684210526315789,0.3789473684210526,0.4052631578947368
premier_league,2007,MID,0.42105263157894735,0.2631578947368421,0.42105263157894735,0.3684210526315789,0.42105263157894735,0.5263157894736842,0.3157894736842105,0.47368421052631576,0.3684210526315789,0.47368421052631576,0.21052631578947367,0.42105263157894735,0.3684210526315789,0.2631578947368421,0.3684210526315789,0.47368421052631576,0.21052631578947367,0.47368421052631576,0.21052631578947367,0.42105263157894735,0.3315789473684211,0.41578947368421043
premier_league,2007,NEW,0.2631578947368421,0.3157894736842105,0.3684210526315789,0.47368421052631576,0.5789473684210527,0.3684210526315789,0.3684210526315789,0.21052631578947367,0.42105263157894735,0.7368421052631579,0.42105263157894735,0.15789473684210525,0.15789473684210525,0.3157894736842105,0.5789473684210527,0.47368421052631576,0.2631578947368421,0.42105263157894735,0.42105263157894735,0.42105263157894735,0.38421052631578945,0.3894736842105263
premier_league,2007,POR,0.3684210526315789,0.3157894736842105,0.2631578947368421,0.5263157894736842,0.47368421052631576,0.2631578947368421,0.42105263157894735,0.42105263157894735,0.42105263157894735,0.3157894736842105,0.42105263157894735,0.47368421052631576,0.3157894736842105,0.47368421052631576,0.3684210526315789,0.3157894736842105,0.3157894736842105,0.3157894736842105,0.21052631578947367,0.3684210526315789,0.3578947368421052,0.3789473684210526
premier_league,2007,REA,0.21052631578947367,0.2631578947368421,0.47368421052631576,0.2631578947368421,0.47368421052631576,0.3157894736842105,0.42105263157894735,0.3684210526315789,0.42105263157894735,0.47368421052631576,0.42105263157894735,0.47368421052631576,0.3157894736842105,0.10526315789473684,0.42105263157894735,0.47368421052631576,0.47368421052631576,0.5263157894736842,0.42105263157894735,0.42105263157894735,0.4052631578947368,0.36842105263157887
premier_league,2007,SUN,0.3157894736842105,0.47368421052631576,0.3684210526315789,0.47368421052631576,0.47368421052631576,0.5263157894736842,0.42105263157894735,0.42105263157894735,0.42105263157894735,0.3157894736842105,0.2631578947368421,0.5789473684210527,0.3157894736842105,0.2631578947368421,0.47368421052631576,0.42105263157894735,0.5263157894736842,0.3684210526315789,0.2631578947368421,0.3684210526315789,0.38421052631578945,0.42105263157894735
premier_league,2007,TOT,0.3684210526315789,0.2631578947368421,0.631578947368421,0.3157894736842105,0.3157894736842105,0.42105263157894735,0.3684210526315789,0.3157894736842105,0.5263157894736842,0.21052631578947367,0.42105263157894735,0.3684210526315789,0.2631578947368421,0.42105263157894735,0.42105263157894735,0.2631578947368421,0.3157894736842105,0.21052631578947367,0.3684210526315789,0.3684210526315789,0.39999999999999997,0.3157894736842105
premier_league,2007,WHU,0.3684210526315789,0.2631578947368421,0.3157894736842105,0.21052631578947367,0.3157894736842105,0.42105263157894735,0.5789473684210527,0.631578947368421,0.15789473684210525,0.2631578947368421,0.6842105263157895,0.2631578947368421,0.5789473684210527,0.47368421052631576,0.5263157894736842,0.2631578947368421,0.47368421052631576,0.42105263157894735,0.5789473684210527,0.2631578947368421,0.4578947368421053,0.34736842105263155
premier_league,2007,WIG,0.47368421052631576,0.42105263157894735,0.15789473684210525,0.3157894736842105,0.47368421052631576,0.3157894736842105,0.47368421052631576,0.3157894736842105,0.2631578947368421,0.3684210526315789,0.631578947368421,0.2631578947368421,0.21052631578947367,0.47368421052631576,0.42105263157894735,0.42105263157894735,0.3684210526315789,0.21052631578947367,0.42105263157894735,0.42105263157894735,0.3894736842105263,0.35263157894736835
premier_league,2008,ARS,0.47368421052631576,0.42105263157894735,0.42105263157894735,0.3684210526315789,0.21052631578947367,0.5263157894736842,0.2631578947368421,0.3684210526315789,0.5789473684210527,0.3157894736842105,0.42105263157894735,0.3157894736842105,0.42105263157894735,0.42105263157894735,0.5789473684210527,0.15789473684210525,0.47368421052631576,0.5789473684210527,0.3157894736842105,0.42105263157894735,0.41578947368421054,0.3894736842105263
premier_league,2008,AVL,0.5263157894736842,0.42105263157894735,0.3157894736842105,0.47368421052631576,0.47368421052631576,0.3684210526315789,0.47368421052631576,0.3157894736842105,0.5263157894736842,0.15789473684210525,0.15789473684210525,0.42105263157894735,0.3157894736842105,0.3684210526315789,0.3684210526315789,0.3157894736842105,0.47368421052631576,0.3157894736842105,0.47368421052631576,0.3157894736842105,0.41052631578947363,0.3473684210526316
premier_league,2008,BLBN,0.47368421052631576,0.3157894736842105,0.2631578947368421,0.47368421052631576,0.42105263157894735,0.3157894736842105,0.5789473684210527,0.2631578947368421,0.5789473684210527,0.5789473684210527,0.5263157894736842,0.3157894736842105,0.42105263157894735,0.3684210526315789,0.15789473684210525,0.5789473684210527,0.2631578947368421,0.42105263157894735,0.15789473684210525,0.3684210526315789,0.38421052631578945,0.39999999999999997
premier_league,2008,BOLN,0.47368421052631576,0.2631578947368421,0.21052631578947367,0.42105263157894735,0.3684210526315789,0.3157894736842105,0.42105263157894735,0.47368421052631576,0.3157894736842105,0.3157894736842105,0.3157894736842105,0.3684210526315789,0.3684210526315789,0.47368421052631576,0.3684210526315789,0.5263157894736842,0.5263157894736842,0.47368421052631576,0.3684210526315789,0.2631578947368421,0.37368421052631573,0.3894736842105263
premier_league,2008,CHE,0.3684210526315789,0.3684210526315789,0.3157894736842105,0.3684210526315789,0.42105263157894735,0.3157894736842105,0.42105263157894735,0.42105263157894735,0.3684210526315789,0.2631578947368421,0.42105263157894735,0.3157894736842105,0.47368421052631576,0.42105263157894735,0.3157894736842105,0.2631578947368421,0.3157894736842105,0.3684210526315789,0.5263157894736842,0.631578947368421,0.39473684210526316,0.37368421052631573
premier_league,2008,EVE,0.2631578947368421,0.3157894736842105,0.21052631578947367,0.3157894736842105,0.42105263157894735,0.3157894736842105,0.47368421052631576,0.3684210526315789,0.3157894736842105,0.6842105263157895,0.42105263157894735,0.42105263157894735,0.15789473684210525,0.5263157894736842,0.2631578947368421,0.2631578947368421,0.21052631578947367,0.3684210526315789,0.3684210526315789,0.5789473684210527,0.31052631578947365,0.41578947368421043
premier_league,2008,FUL,0.3157894736842105,0.42105263157894735,0.3684210526315789,0.42105263157894735,0.2631578947368421,0.3684210526315789,0.2631578947368421,0.5789473684210527,0.47368421052631576,0.3157894736842105,0.2631578947368421,0.3157894736842105,0.21052631578947367,0.2631578947368421,0.42105263157894735,0.42105263157894735,0.42105263157894735,0.42105263157894735,0.47368421052631576,0.3684210526315789,0.34736842105263155,0.3894736842105263
premier_league,2008,HUL,0.5789473684210527,0.21052631578947367,0.3684210526315789,0.42105263157894735,0.47368421052631576,0.21052631578947367,0.15789473684210525,0.3157894736842105,0.3684210526315789,0.42105263157894735,0.3157894736842105,0.3684210526315789,0.3157894736842105,0.2631578947368421,0.5263157894736842,0.3684210526315789,0.3684210526315789,0.3684210526315789,0.3684210526315789,0.21052631578947367,0.38421052631578945,0.3157894736842105
premier_league,2008,LIVP,0.5789473684210527,0.21052631578947367,0.21052631578947367,0.3684210526315789,0.5263157894736842,0.21052631578947367,0.3157894736842105,0.3684210526315789,0.21052631578947367,0.47368421052631576,0.42105263157894735,0.3684210526315789,0.47368421052631576,0.3684210526315789,0.42105263157894735,0.3684210526315789,0.47368421052631576,0.42105263157894735,0.42105263157894735,0.42105263157894735,0.4052631578947368,0.35789473684210527
premier_league,2008,MANC,0.47368421052631576,0.3684210526315789,0.42105263157894735,0.3157894736842105,0.42105263157894735,0.42105263157894735,0.3684210526315789,0.47368421052631576,0.47368421052631576,0.21052631578947367,0.10526315789473684,0.15789473684210525,0.3157894736842105,0.3157894736842105,0.47368421052631576,0.42105263157894735,0.3684210526315789,0.42105263157894735,0.42105263157894735,0.42105263157894735,0.38421052631578945,0.3526315789473684
premier_league,2008,MANU,0.3157894736842105,0.5789473684210527,0.3684210526315789,0.5789473684210527,0.3684210526315789,0.3684210526315789,0.2631578947368421,0.5263157894736842,0.3684210526315789,0.5263157894736842,0.47368421052631576,0.5263157894736842,0.42105263157894735,0.15789473684210525,0.42105263157894735,0.3157894736842105,0.2631578947368421,0.3684210526315789,0.42105263157894735,0.2631578947368421,0.3684210526315789,0.42105263157894735
premier_league,2008,MID,0.3684210526315789,0.5789473684210527,0.3684210526315789,0.3157894736842105,0.5263157894736842,0.2631578947368421,0.3157894736842105,0.3157894736842105,0.21052631578947367,0.5789473684210527,0.3684210526315789,0.3157894736842105,0.3684210526315789,0.5263157894736842,0.3684210526315789,0.3157894736842105,0.3684210526315789,0.5263157894736842,0.47368421052631576,0.5263157894736842,0.3736842105263158,0.42631578947368426
premier_league,2008,NEW,0.2631578947368421,0.47368421052631576,0.3684210526315789,0.3684210526315789,0.42105263157894735,0.42105263157894735,0.47368421052631576,0.3157894736842105,0.5263157894736842,0.21052631578947367,0.47368421052631576,0.42105263157894735,0.5789473684210527,0.5263157894736842,0.3157894736842105,0.2631578947368421,0.15789473684210525,0.21052631578947367,0.2631578947368421,0.3684210526315789,0.38421052631578945,0.3578947368421052
premier_league,2008,POR,0.3157894736842105,0.42105263157894735,0.2631578947368421,0.3157894736842105,0.5263157894736842,0.6842105263157895,0.3157894736842105,0.5263157894736842,0.5263157894736842,0.2631578947368421,0.3684210526315789,0.3684210526315789,0.3684210526315789,0.3684210526315789,0.42105263157894735,0.3684210526315789,0.3157894736842105,0.2631578947368421,0.2631578947368421,0.3157894736842105,0.3684210526315789,0.3894736842105263
premier_league,2008,STO,0.42105263157894735,0.15789473684210525,0.3684210526315789,0.2631578947368421,0.3157894736842105,0.47368421052631576,0.21052631578947367,0.2631578947368421,0.3684210526315789,0.2631578947368421,0.42105263157894735,0.47368421052631576,0.3157894736842105,0.3157894736842105,0.47368421052631576,0.42105263157894735,0.42105263157894735,0.3157894736842105,0.5263157894736842,0.3157894736842105,0.38421052631578945,0.3263157894736842
premier_league,2008,SUN,0.3684210526315789,0.47368421052631576,0.631578947368421,0.42105263157894735,0.3684210526315789,0.42105263157894735,0.2631578947368421,0.10526315789473684,0.21052631578947367,0.3684210526315789,0.3684210526315789,0.3684210526315789,0.42105263157894735,0.42105263157894735,0.3684210526315789,0.3157894736842105,0.47368421052631576,0.47368421052631576,0.42105263157894735,0.47368421052631576,0.3894736842105263,0.38421052631578945
premier_league,2008,TOT,0.5263157894736842,0.5263157894736842,0.5263157894736842,0.42105263157894735,0.42105263157894735,0.42105263157894735,0.42105263157894735,0.47368421052631576,0.47368421052631576,0.15789473684210525,0.631578947368421,0.42105263157894735,0.3157894736842105,0.2631578947368421,0.3684210526315789,0.42105263157894735,0.631578947368421,0.42105263157894735,0.3157894736842105,0.3157894736842105,0.4631578947368421,0.38421052631578945
premier_league,2008,WBA,0.21052631578947367,0.3157894736842105,0.5789473684210527,0.3684210526315789,0.3157894736842105,0.3157894736842105,0.3684210526315789,0.3684210526315789,0.21052631578947367,0.3157894736842105,0.21052631578947367,0.42105263157894735,0.42105263157894735,0.47368421052631576,0.47368421052631576,0.3684210526315789,0.5263157894736842,0.3684210526315789,0.42105263157894735,0.21052631578947367,0.37368421052631573,0.3526315789473684
premier_league,2008,WHU,0.2631578947368421,0.42105263157894735,0.5263157894736842,0.47368421052631576,0.2631578947368421,0.42105263157894735,0.47368421052631576,0.42105263157894735,0.10526315789473684,0.42105263157894735,0.3157894736842105,0.3684210526315789,0.5263157894736842,0.2631578947368421,0.42105263157894735,0.5789473684210527,0.42105263157894735,0.2631578947368421,0.2631578947368421,0.3157894736842105,0.3578947368421052,0.39473684210526316
premier_league,2008,WIG,0.5263157894736842,0.42105263157894735,0.2631578947368421,0.15789473684210525,0.42105263157894735,0.42105263157894735,0.3684210526315789,0.3684210526315789,0.3684210526315789,0.3684210526315789,0.3157894736842105,0.5789473684210527,0.15789473684210525,0.47368421052631576,0.3157894736842105,0.42105263157894735,0.47368421052631576,0.42105263157894735,0.47368421052631576,0.47368421052631576,0.3684210526315789,0.41052631578947363
premier_league,2009,ARS,0.47368421052631576,0.3157894736842105,0.47368421052631576,0.3157894736842105,0.5263157894736842,0.2631578947368421,0.6842105263157895,0.5789473684210527,0.3684210526315789,0.3684210526315789,0.631578947368421,0.42105263157894735,0.42105263157894735,0.3684210526315789,0.42105263157894735,0.10526315789473684,0.5263157894736842,0.47368421052631576,0.42105263157894735,0.42105263157894735,0.4947368421052632,0.36315789473684207
premier_league,2009,AVL,0.42105263157894735,0.21052631578947367,0.47368421052631576,0.42105263157894735,0.3684210526315789,0.42105263157894735,0.3684210526315789,0.47368421052631576,0.10526315789473684,0.42105263157894735,0.3684210526315789,0.3157894736842105,0.47368421052631576,0.3684210526315789,0.2631578947368421,0.3684210526315789,0.3157894736842105,0.21052631578947367,0.42105263157894735,0.3157894736842105,0.35789473684210527,0.3526315789473684
premier_league,2009,BIR,0.47368421052631576,0.3157894736842105,0.3157894736842105,0.3157894736842105,0.47368421052631576,0.5263157894736842,0.3157894736842105,0.3157894736842105,0.3157894736842105,0.42105263157894735,0.10526315789473684,0.21052631578947367,0.3157894736842105,0.3157894736842105,0.15789473684210525,0.3157894736842105,0.47368421052631576,0.42105263157894735,0.42105263157894735,0.47368421052631576,0.33684210526315794,0.36315789473684207
premier_league,2009,BLBN,0.21052631578947367,0.2631578947368421,0.47368421052631576,0.3157894736842105,0.2631578947368421,0.3157894736842105,0.15789473684210525,0.3684210526315789,0.3684210526315789,0.42105263157894735,0.47368421052631576,0.2631578947368421,0.42105263157894735,0.3684210526315789,0.5263157894736842,0.5263157894736842,0.3157894736842105,0.42105263157894735,0.3157894736842105,0.3157894736842105,0.3526315789473684,0.35789473684210527
premier_league,2009,BOLN,0.42105263157894735,0.42105263157894735,0.42105263157894735,0.47368421052631576,0.47368421052631576,0.42105263157894735,0.5263157894736842,0.3684210526315789,0.2631578947368421,0.3684210526315789,0.5263157894736842,0.5263157894736842,0.3157894736842105,0.42105263157894735,0.3684210526315789,0.42105263157894735,0.3157894736842105,0.631578947368421,0.42105263157894735,0.3684210526315789,0.4052631578947368,0.44210526315789467
premier_league,2009,BUR,0.3157894736842105,0.47368421052631576,0.3157894736842105,0.15789473684210525,0.2631578947368421,0.631578947368421,0.2631578947368421,0.3157894736842105,0.3684210526315789,0.3157894736842105,0.42105263157894735,0.3157894736842105,0.21052631578947367,0.2631578947368421,0.15789473684210525,0.2631578947368421,0.2631578947368421,0.3684210526315789,0.2631578947368421,0.42105263157894735,0.28421052631578947,0.3526315789473684
premier_league,2009,CHE,0.3157894736842105,0.42105263157894735,0.42105263157894735,0.21052631578947367,0.2631578947368421,0.3157894736842105,0.47368421052631576,0.42105263157894735,0.21052631578947367,0.3684210526315789,0.5263157894736842,0.42105263157894735,0.3684210526315789,0.5263157894736842,0.3157894736842105,0.5263157894736842,0.3684210526315789,0.42105263157894735,0.2631578947368421,0.42105263157894735,0.35263157894736835,0.4052631578947368
premier_league,2009,EVE,0.3684210526315789,0.21052631578947367,0.5789473684210527,0.42105263157894735,0.3157894736842105,0.5263157894736842,0.3684210526315789,0.2631578947368421,0.2631578947368421,0.42105263157894735,0.42105263157894735,0.3157894736842105,0.21052631578947367,0.2631578947368421,0.05263157894736842,0.2631578947368421,0.3684210526315789,0.3157894736842105,0.47368421052631576,0.42105263157894735,0.3421052631578947,0.34210526315789475
premier_league,2009,FUL,0.47368421052631576,0.5789473684210527,0.21052631578947367,0.5263157894736842,0.47368421052631576,0.2631578947368421,0.42105263157894735,0.3684210526315789,0.2631578947368421,0.21052631578947367,0.5263157894736842,0.21052631578947367,0.3157894736842105,0.42105263157894735,0.3157894736842105,0.3684210526315789,0.42105263157894735,0.2631578947368421,0.5789473684210527,0.42105263157894735,0.4,0.36315789473684207
premier_league,2009,HUL,0.3684210526315789,0.3684210526315789,0.42105263157894735,0.3684210526315789,0.3157894736842105,0.42105263157894735,0.42105263157894735,0.2631578947368421,0.3684210526315789,0.42105263157894735,0.47368421052631576,0.3157894736842105,0.3157894736842105,0.3157894736842105,0.42105263157894735,0.3157894736842105,0.3157894736842105,0.21052631578947367,0.42105263157894735,0.10526315789473684,0.38421052631578945,0.31052631578947365
premier_league,2009,LIVP,0.42105263157894735,0.47368421052631576,0.47368421052631576,0.2631578947368421,0.2631578947368421,0.3157894736842105,0.21052631578947367,0.42105263157894735,0.42105263157894735,0.42105263157894735,0.3157894736842105,0.42105263157894735,0.3684210526315789,0.42105263157894735,0.42105263157894735,0.3684210526315789,0.3684210526315789,0.3684210526315789,0.2631578947368421,0.2631578947368421,0.35263157894736835,0.37368421052631573
premier_league,2009,MANC,0.42105263157894735,0.3684210526315789,0.3684210526315789,0.47368421052631576,0.47368421052631576,0.5263157894736842,0.5789473684210527,0.3684210526315789,0.5263157894736842,0.42105263157894735,0.3157894736842105,0.7368421052631579,0.3684210526315789,0.21052631578947367,0.42105263157894735,0.42105263157894735,0.47368421052631576,0.2631578947368421,0.3157894736842105,0.5263157894736842,0.42631578947368426,0.43157894736842106
premier_league,2009,MANU,0.3157894736842105,0.3157894736842105,0.2631578947368421,0.2631578947368421,0.3157894736842105,0.2631578947368421,0.3684210526315789,0.3157894736842105,0.5263157894736842,0.3157894736842105,0.3684210526315789,0.3684210526315789,0.3684210526315789,0.15789473684210525,0.5263157894736842,0.2631578947368421,0.42105263157894735,0.2631578947368421,0.47368421052631576,0.42105263157894735,0.39473684210526316,0.29473684210526313
premier_league,2009,POR,0.3684210526315789,0.47368421052631576,0.3684210526315789,0.42105263157894735,0.3157894736842105,0.47368421052631576,0.47368421052631576,0.47368421052631576,0.5263157894736842,0.42105263157894735,0.3157894736842105,0.3684210526315789,0.42105263157894735,0.5263157894736842,0.5263157894736842,0.3684210526315789,0.42105263157894735,0.42105263157894735,0.5263157894736842,0.3684210526315789,0.42631578947368415,0.43157894736842106
premier_league,2009,STO,0.21052631578947367,0.3157894736842105,0.42105263157894735,0.3157894736842105,0.3684210526315789,0.3157894736842105,0.3157894736842105,0.5263157894736842,0.21052631578947367,0.3157894736842105,0.3684210526315789,0.42105263157894735,0.2631578947368421,0.42105263157894735,0.3157894736842105,0.5263157894736842,0.47368421052631576,0.47368421052631576,0.47368421052631576,0.42105263157894735,0.3421052631578948,0.4052631578947368
premier_league,2009,SUN,0.42105263157894735,0.47368421052631576,0.42105263157894735,0.21052631578947367,0.5263157894736842,0.631578947368421,0.2631578947368421,0.47368421052631576,0.5789473684210527,0.3157894736842105,0.42105263157894735,0.5789473684210527,0.3157894736842105,0.3157894736842105,0.5263157894736842,0.2631578947368421,0.47368421052631576,0.42105263157894735,0.3684210526315789,0.3684210526315789,0.43157894736842106,0.4052631578947368
premier_league,2009,TOT,0.42105263157894735,0.15789473684210525,0.3684210526315789,0.47368421052631576,0.47368421052631576,0.2631578947368421,0.5789473684210527,0.15789473684210525,0.42105263157894735,0.3684210526315789,0.15789473684210525,0.3157894736842105,0.47368421052631576,0.3684210526315789,0.3684210526315789,0.3684210526315789,0.42105263157894735,0.3157894736842105,0.42105263157894735,0.47368421052631576,0.41052631578947363,0.3263157894736842
premier_league,2009,WHU,0.5263157894736842,0.5263157894736842,0.2631578947368421,0.3684210526315789,0.5263157894736842,0.42105263157894735,0.21052631578947367,0.15789473684210525,0.3157894736842105,0.47368421052631576,0.42105263157894735,0.2631578947368421,0.3157894736842105,0.5263157894736842,0.5789473684210527,0.3684210526315789,0.5789473684210527,0.5263157894736842,0.21052631578947367,0.47368421052631576,0.39473684210526316,0.41052631578947363
premier_league,2009,WIG,0.21052631578947367,0.3157894736842105,0.42105263157894735,0.6842105263157895,0.47368421052631576,0.42105263157894735,0.3157894736842105,0.42105263157894735,0.5789473684210527,0.3157894736842105,0.2631578947368421,0.42105263157894735,0.47368421052631576,0.3157894736842105,0.05263157894736842,0.21052631578947367,0.3684210526315789,0.42105263157894735,0.47368421052631576,0.3684210526315789,0.36315789473684207,0.3894736842105263
premier_league,2009,WOLV,0.3684210526315789,0.42105263157894735,0.2631578947368421,0.631578947368421,0.21052631578947367,0.42105263157894735,0.2631578947368421,0.3157894736842105,0.5263157894736842,0.3157894736842105,0.2631578947368421,0.42105263157894735,0.3684210526315789,0.3157894736842105,0.3684210526315789,0.42105263157894735,0.2631578947368421,0.631578947368421,0.42105263157894735,0.2631578947368421,0.33157894736842103,0.41578947368421054
premier_league,2010,ARS,0.3157894736842105,0.3684210526315789,0.5789473684210527,0.3157894736842105,0.47368421052631576,0.47368421052631576,0.47368421052631576,0.2631578947368421,0.5789473684210527,0.2631578947368421,0.3157894736842105,0.47368421052631576,0.21052631578947367,0.5789473684210527,0.3157894736842105,0.3684210526315789,0.3157894736842105,0.3684210526315789,0.3157894736842105,0.2631578947368421,0.3894736842105263,0.37368421052631573
premier_league,2010,AVL,0.2631578947368421,0.3157894736842105,0.5263157894736842,0.42105263157894735,0.42105263157894735,0.3157894736842105,0.21052631578947367,0.3684210526315789,0.42105263157894735,0.21052631578947367,0.47368421052631576,0.42105263157894735,0.3684210526315789,0.2631578947368421,0.42105263157894735,0.3684210526315789,0.42105263157894735,0.10526315789473684,0.2631578947368421,0.15789473684210525,0.3789473684210526,0.29473684210526313
premier_league,2010,BIR,0.42105263157894735,0.3157894736842105,0.3684210526315789,0.42105263157894735,0.2631578947368421,0.3684210526315789,0.2631578947368421,0.3684210526315789,0.42105263157894735,0.3684210526315789,0.2631578947368421,0.3684210526315789,0.3684210526315789,0.5263157894736842,0.42105263157894735,0.21052631578947367,0.2631578947368421,0.47368421052631576,0.3684210526315789,0.47368421052631576,0.34210526315789475,0.3894736842105263
premier_league,2010,BLBN,0.47368421052631576,0.42105263157894735,0.3684210526315789,0.3684210526315789,0.42105263157894735,0.3684210526315789,0.5789473684210527,0.3157894736842105,0.2631578947368421,0.3684210526315789,0.47368421052631576,0.47368421052631576,0.5263157894736842,0.42105263157894735,0.3157894736842105,0.3684210526315789,0.47368421052631576,0.5263157894736842,0.2631578947368421,0.42105263157894735,0.41578947368421054,0.4052631578947368
premier_league,2010,BLPL,0.5263157894736842,0.47368421052631576,0.42105263157894735,0.15789473684210525,0.3684210526315789,0.15789473684210525,0.2631578947368421,0.2631578947368421,0.3157894736842105,0.3684210526315789,0.21052631578947367,0.5263157894736842,0.42105263157894735,0.5263157894736842,0.42105263157894735,0.42105263157894735,0.3684210526315789,0.5789473684210527,0.2631578947368421,0.631578947368421,0.3578947368421052,0.41052631578947363
premier_league,2010,BOLN,0.42105263157894735,0.42105263157894735,0.3684210526315789,0.2631578947368421,0.3684210526315789,0.21052631578947367,0.47368421052631576,0.42105263157894735,0.3157894736842105,0.47368421052631576,0.47368421052631576,0.3157894736842105,0.3684210526315789,0.3157894736842105,0.42105263157894735,0.21052631578947367,0.3684210526315789,0.5263157894736842,0.47368421052631576,0.21052631578947367,0.4052631578947368,0.3368421052631579
premier_league,2010,CHE,0.3684210526315789,0.42105263157894735,0.42105263157894735,0.47368421052631576,0.3157894736842105,0.3684210526315789,0.2631578947368421,0.3157894736842105,0.42105263157894735,0.2631578947368421,0.3157894736842105,0.3684210526315789,0.47368421052631576,0.42105263157894735,0.15789473684210525,0.3684210526315789,0.21052631578947367,0.5263157894736842,0.2631578947368421,0.21052631578947367,0.3210526315789473,0.37368421052631573
premier_league,2010,EVE,0.3157894736842105,0.42105263157894735,0.42105263157894735,0.3684210526315789,0.3684210526315789,0.21052631578947367,0.3684210526315789,0.2631578947368421,0.3684210526315789,0.3157894736842105,0.21052631578947367,0.47368421052631576,0.42105263157894735,0.5789473684210527,0.3684210526315789,0.3157894736842105,0.3157894736842105,0.5789473684210527,0.2631578947368421,0.3157894736842105,0.34210526315789475,0.38421052631578945
premier_league,2010,FUL,0.47368421052631576,0.3684210526315789,0.3157894736842105,0.3684210526315789,0.3157894736842105,0.3684210526315789,0.631578947368421,0.42105263157894735,0.3157894736842105,0.2631578947368421,0.5263157894736842,0.2631578947368421,0.3157894736842105,0.2631578947368421,0.3684210526315789,0.3684210526315789,0.47368421052631576,0.2631578947368421,0.3684210526315789,0.3684210526315789,0.41052631578947374,0.33157894736842103
premier_league,2010,LIVP,0.42105263157894735,0.5789473684210527,0.42105263157894735,0.42105263157894735,0.42105263157894735,0.21052631578947367,0.5789473684210527,0.42105263157894735,0.3157894736842105,0.42105263157894735,0.2631578947368421,0.21052631578947367,0.2631578947368421,0.21052631578947367,0.3684210526315789,0.42105263157894735,0.47368421052631576,0.3684210526315789,0.5789473684210527,0.47368421052631576,0.41052631578947363,0.37368421052631573
premier_league,2010,MANC,0.21052631578947367,0.5263157894736842,0.3684210526315789,0.2631578947368421,0.42105263157894735,0.3684210526315789,0.3684210526315789,0.3157894736842105,0.3684210526315789,0.42105263157894735,0.10526315789473684,0.47368421052631576,0.3157894736842105,0.47368421052631576,0.2631578947368421,0.3684210526315789,0.2631578947368421,0.47368421052631576,0.3684210526315789,0.21052631578947367,0.3052631578947368,0.3894736842105263
premier_league,2010,MANU,0.47368421052631576,0.21052631578947367,0.2631578947368421,0.21052631578947367,0.21052631578947367,0.21052631578947367,0.42105263157894735,0.5263157894736842,0.21052631578947367,0.3684210526315789,0.2631578947368421,0.47368421052631576,0.42105263157894735,0.15789473684210525,0.47368421052631576,0.3157894736842105,0.3684210526315789,0.2631578947368421,0.3684210526315789,0.10526315789473684,0.3473684210526315,0.28421052631578947
premier_league,2010,NEW,0.3157894736842105,0.47368421052631576,0.5263157894736842,0.3684210526315789,0.15789473684210525,0.2631578947368421,0.3157894736842105,0.2631578947368421,0.47368421052631576,0.47368421052631576,0.5263157894736842,0.21052631578947367,0.42105263157894735,0.47368421052631576,0.3684210526315789,0.42105263157894735,0.3157894736842105,0.3157894736842105,0.3684210526315789,0.47368421052631576,0.3789473684210526,0.37368421052631573
premier_league,2010,STO,0.42105263157894735,0.2631578947368421,0.3157894736842105,0.47368421052631576,0.3157894736842105,0.2631578947368421,0.47368421052631576,0.3684210526315789,0.2631578947368421,0.2631578947368421,0.2631578947368421,0.15789473684210525,0.3157894736842105,0.3157894736842105,0.42105263157894735,0.3157894736842105,0.21052631578947367,0.3157894736842105,0.21052631578947367,0.42105263157894735,0.32105263157894737,0.3157894736842105
premier_league,2010,SUN,0.5263157894736842,0.3684210526315789,0.21052631578947367,0.47368421052631576,0.3684210526315789,0.5789473684210527,0.42105263157894735,0.42105263157894735,0.5789473684210527,0.47368421052631576,0.3684210526315789,0.3157894736842105,0.5263157894736842,0.3684210526315789,0.3157894736842105,0.47368421052631576,0.3157894736842105,0.42105263157894735,0.15789473684210525,0.5789473684210527,0.37894736842105264,0.4473684210526316
premier_league,2010,TOT,0.42105263157894735,0.3684210526315789,0.5789473684210527,0.47368421052631576,0.42105263157894735,0.3684210526315789,0.10526315789473684,0.2631578947368421,0.42105263157894735,0.3157894736842105,0.15789473684210525,0.3157894736842105,0.5789473684210527,0.42105263157894735,0.3684210526315789,0.47368421052631576,0.5263157894736842,0.3157894736842105,0.47368421052631576,0.42105263157894735,0.4052631578947368,0.3736842105263158
premier_league,2010,WBA,0.2631578947368421,0.3684210526315789,0.2631578947368421,0.42105263157894735,0.47368421052631576,0.5263157894736842,0.3157894736842105,0.21052631578947367,0.5263157894736842,0.3157894736842105,0.5263157894736842,0.42105263157894735,0.47368421052631576,0.42105263157894735,0.5263157894736842,0.47368421052631576,0.2631578947368421,0.47368421052631576,0.3684210526315789,0.2631578947368421,0.39999999999999997,0.3894736842105263
premier_league,2010,WHU,0.3684210526315789,0.3157894736842105,0.3157894736842105,0.5263157894736842,0.42105263157894735,0.3157894736842105,0.47368421052631576,0.42105263157894735,0.5263157894736842,0.3157894736842105,0.2631578947368421,0.3684210526315789,0.3157894736842105,0.3684210526315789,0.2631578947368421,0.47368421052631576,0.5789473684210527,0.3684210526315789,0.47368421052631576,0.42105263157894735,0.4,0.3894736842105263
premier_league,2010,WIG,0.3684210526315789,0.42105263157894735,0.47368421052631576,0.47368421052631576,0.3157894736842105,0.5263157894736842,0.3684210526315789,0.42105263157894735,0.2631578947368421,0.3157894736842105,0.5263157894736842,0.5263157894736842,0.3684210526315789,0.2631578947368421,0.42105263157894735,0.42105263157894735,0.3157894736842105,0.3157894736842105,0.2631578947368421,0.3684210526315789,0.3684210526315789,0.4052631578947368
premier_league,2010,WOLV,0.21052631578947367,0.3684210526315789,0.3157894736842105,0.3157894736842105,0.3157894736842105,0.42105263157894735,0.3157894736842105,0.47368421052631576,0.631578947368421,0.3684210526315789,0.3684210526315789,0.2631578947368421,0.3157894736842105,0.3157894736842105,0.42105263157894735,0.5789473684210527,0.47368421052631576,0.42105263157894735,0.3684210526315789,0.3684210526315789,0.3736842105263158,0.38947368421052625
premier_league,2011,ARS,0.3684210526315789,0.42105263157894735,0.631578947368421,0.3157894736842105,0.47368421052631576,0.21052631578947367,0.3157894736842105,0.21052631578947367,0.2631578947368421,0.2631578947368421,0.3684210526315789,0.3684210526315789,0.3684210526315789,0.3157894736842105,0.2631578947368421,0.15789473684210525,0.3684210526315789,0.47368421052631576,0.5789473684210527,0.5263157894736842,0.39999999999999997,0.3263157894736842
premier_league,2011,AVL,0.47368421052631576,0.3684210526315789,0.42105263157894735,0.3684210526315789,0.3157894736842105,0.42105263157894735,0.5263157894736842,0.3157894736842105,0.3684210526315789,0.3684210526315789,0.5789473684210527,0.3157894736842105,0.3157894736842105,0.3684210526315789,0.3157894736842105,0.42105263157894735,0.47368421052631576,0.42105263157894735,0.05263157894736842,0.3157894736842105,0.3842105263157895,0.3684210526315789
premier_league,2011,BLBN,0.47368421052631576,0.21052631578947367,0.5263157894736842,0.3684210526315789,0.5263157894736842,0.3684210526315789,0.631578947368421,0.3684210526315789,0.3684210526315789,0.3157894736842105,0.47368421052631576,0.3684210526315789,0.47368421052631576,0.47368421052631576,0.3684210526315789,0.42105263157894735,0.42105263157894735,0.3157894736842105,0.42105263157894735,0.3157894736842105,0.46842105263157896,0.3526315789473684
premier_league,2011,BOLN,0.47368421052631576,0.47368421052631576,0.21052631578947367,0.42105263157894735,0.3684210526315789,0.47368421052631576,0.3157894736842105,0.42105263157894735,0.47368421052631576,0.2631578947368421,0.47368421052631576,0.47368421052631576,0.47368421052631576,0.5263157894736842,0.47368421052631576,0.21052631578947367,0.5789473684210527,0.42105263157894735,0.5263157894736842,0.3684210526315789,0.43684210526315786,0.4052631578947368
premier_league,2011,CHE,0.5789473684210527,0.42105263157894735,0.42105263157894735,0.2631578947368421,0.3684210526315789,0.3157894736842105,0.5263157894736842,0.2631578947368421,0.42105263157894735,0.3684210526315789,0.42105263157894735,0.42105263157894735,0.2631578947368421,0.3684210526315789,0.42105263157894735,0.47368421052631576,0.42105263157894735,0.21052631578947367,0.5263157894736842,0.3157894736842105,0.43684210526315786,0.3421052631578947
premier_league,2011,EVE,0.2631578947368421,0.15789473684210525,0.42105263157894735,0.42105263157894735,0.21052631578947367,0.3684210526315789,0.631578947368421,0.47368421052631576,0.3684210526315789,0.47368421052631576,0.5789473684210527,0.6842105263157895,0.5263157894736842,0.3157894736842105,0.2631578947368421,0.21052631578947367,0.42105263157894735,0.21052631578947367,0.2631578947368421,0.3684210526315789,0.39473684210526316,0.3684210526315789
premier_league,2011,FUL,0.47368421052631576,0.3684210526315789,0.3684210526315789,0.5263157894736842,0.2631578947368421,0.3684210526315789,0.5789473684210527,0.3157894736842105,0.3684210526315789,0.05263157894736842,0.3684210526315789,0.3157894736842105,0.21052631578947367,0.6842105263157895,0.3684210526315789,0.42105263157894735,0.2631578947368421,0.5263157894736842,0.3157894736842105,0.47368421052631576,0.35789473684210527,0.4052631578947368
premier_league,2011,LIVP,0.21052631578947367,0.15789473684210525,0.3157894736842105,0.3684210526315789,0.42105263157894735,0.3684210526315789,0.21052631578947367,0.3684210526315789,0.47368421052631576,0.5263157894736842,0.2631578947368421,0.3157894736842105,0.47368421052631576,0.3157894736842105,0.47368421052631576,0.3157894736842105,0.3684210526315789,0.3684210526315789,0.42105263157894735,0.2631578947368421,0.36315789473684207,0.33684210526315783
premier_league,2011,MANC,0.3684210526315789,0.3684210526315789,0.3157894736842105,0.3684210526315789,0.47368421052631576,0.47368421052631576,0.47368421052631576,0.47368421052631576,0.2631578947368421,0.42105263157894735,0.47368421052631576,0.21052631578947367,0.42105263157894735,0.42105263157894735,0.42105263157894735,0.42105263157894735,0.631578947368421,0.3684210526315789,0.5263157894736842,0.2631578947368421,0.43684210526315786,0.3789473684210526
premier_league,2011,MANU,0.3684210526315789,0.42105263157894735,0.2631578947368421,0.5789473684210527,0.5263157894736842,0.21052631578947367,0.21052631578947367,0.5263157894736842,0.3157894736842105,0.3684210526315789,0.2631578947368421,0.3684210526315789,0.2631578947368421,0.10526315789473684,0.42105263157894735,0.47368421052631576,0.47368421052631576,0.2631578947368421,0.15789473684210525,0.21052631578947367,0.3263157894736842,0.3526315789473684
premier_league,2011,NEW,0.10526315789473684,0.2631578947368421,0.47368421052631576,0.21052631578947367,0.5789473684210527,0.21052631578947367,0.10526315789473684,0.3684210526315789,0.42105263157894735,0.42105263157894735,0.3684210526315789,0.5789473684210527,0.631578947368421,0.3157894736842105,0.47368421052631576,0.3157894736842105,0.3684210526315789,0.42105263157894735,0.3684210526315789,0.3684210526315789,0.3894736842105263,0.34736842105263155
premier_league,2011,NOR,0.3684210526315789,0.3684210526315789,0.2631578947368421,0.3157894736842105,0.3684210526315789,0.3157894736842105,0.42105263157894735,0.47368421052631576,0.3684210526315789,0.47368421052631576,0.3684210526315789,0.2631578947368421,0.3684210526315789,0.3684210526315789,0.2631578947368421,0.5789473684210527,0.42105263157894735,0.47368421052631576,0.5263157894736842,0.47368421052631576,0.37368421052631573,0.41052631578947374
premier_league,2011,QPR,0.2631578947368421,0.15789473684210525,0.5263157894736842,0.2631578947368421,0.3157894736842105,0.47368421052631576,0.2631578947368421,0.3684210526315789,0.47368421052631576,0.5263157894736842,0.47368421052631576,0.3684210526315789,0.3157894736842105,0.2631578947368421,0.5789473684210527,0.5789473684210527,0.42105263157894735,0.42105263157894735,0.42105263157894735,0.47368421052631576,0.4052631578947368,0.3894736842105263
premier_league,2011,STO,0.21052631578947367,0.5263157894736842,0.47368421052631576,0.3157894736842105,0.3157894736842105,0.15789473684210525,0.3157894736842105,0.15789473684210525,0.42105263157894735,0.3157894736842105,0.2631578947368421,0.3684210526315789,0.42105263157894735,0.3684210526315789,0.3684210526315789,0.5263157894736842,0.5263157894736842,0.21052631578947367,0.47368421052631576,0.3157894736842105,0.3789473684210526,0.32631578947368417
premier_league,2011,SUN,0.2631578947368421,0.3684210526315789,0.21052631578947367,0.15789473684210525,0.3684210526315789,0.47368421052631576,0.3684210526315789,0.3157894736842105,0.3684210526315789,0.5789473684210527,0.3684210526315789,0.2631578947368421,0.3684210526315789,0.3157894736842105,0.3157894736842105,0.2631578947368421,0.3684210526315789,0.47368421052631576,0.631578947368421,0.3684210526315789,0.3631578947368421,0.35789473684210527
premier_league,2011,SWA,0.42105263157894735,0.47368421052631576,0.5263157894736842,0.3684210526315789,0.3157894736842105,0.47368421052631576,0.21052631578947367,0.3684210526315789,0.3684210526315789,0.3157894736842105,0.15789473684210525,0.631578947368421,0.631578947368421,0.21052631578947367,0.3157894736842105,0.3157894736842105,0.3157894736842105,0.15789473684210525,0.3684210526315789,0.5789473684210527,0.36315789473684207,0.3894736842105263
premier_league,2011,TOT,0.3684210526315789,0.5263157894736842,0.5789473684210527,0.3684210526315789,0.5263157894736842,0.47368421052631576,0.47368421052631576,0.42105263157894735,0.42105263157894735,0.7368421052631579,0.3157894736842105,0.47368421052631576,0.47368421052631576,0.3157894736842105,0.3684210526315789,0.42105263157894735,0.47368421052631576,0.5263157894736842,0.15789473684210525,0.3684210526315789,0.41578947368421054,0.46315789473684205
premier_league,2011,WBA,0.3684210526315789,0.47368421052631576,0.42105263157894735,0.42105263157894735,0.3157894736842105,0.3684210526315789,0.42105263157894735,0.42105263157894735,0.3684210526315789,0.21052631578947367,0.42105263157894735,0.2631578947368421,0.2631578947368421,0.5263157894736842,0.2631578947368421,0.47368421052631576,0.2631578947368421,0.42105263157894735,0.47368421052631576,0.3157894736842105,0.35789473684210527,0.3894736842105263
premier_league,2011,WIG,0.3157894736842105,0.47368421052631576,0.42105263157894735,0.21052631578947367,0.15789473684210525,0.631578947368421,0.10526315789473684,0.6842105263157895,0.42105263157894735,0.21052631578947367,0.3684210526315789,0.2631578947368421,0.5789473684210527,0.42105263157894735,0.3157894736842105,0.15789473684210525,0.3684210526315789,0.3157894736842105,0.3684210526315789,0.2631578947368421,0.3421052631578947,0.36315789473684207
premier_league,2011,WOLV,0.3684210526315789,0.5263157894736842,0.3684210526315789,0.3684210526315789,0.3157894736842105,0.42105263157894735,0.3684210526315789,0.5263157894736842,0.2631578947368421,0.3684210526315789,0.2631578947368421,0.5789473684210527,0.3684210526315789,0.3684210526315789,0.3684210526315789,0.21052631578947367,0.2631578947368421,0.42105263157894735,0.3157894736842105,0.21052631578947367,0.3263157894736842,0.4
premier_league,2012,ARS,0.3157894736842105,0.2631578947368421,0.42105263157894735,0.3684210526315789,0.10526315789473684,0.47368421052631576,0.3684210526315789,0.3684210526315789,0.3157894736842105,0.6842105263157895,0.3157894736842105,0.47368421052631576,0.5263157894736842,0.42105263157894735,0.2631578947368421,0.3684210526315789,0.42105263157894735,0.42105263157894735,0.15789473684210525,0.3684210526315789,0.32105263157894737,0.42105263157894735
premier_league,2012,AVL,0.42105263157894735,0.631578947368421,0.42105263157894735,0.42105263157894735,0.5263157894736842,0.3157894736842105,0.42105263157894735,0.3157894736842105,0.3684210526315789,0.2631578947368421,0.3157894736842105,0.3684210526315789,0.5789473684210527,0.47368421052631576,0.3684210526315789,0.3157894736842105,0.47368421052631576,0.3157894736842105,0.47368421052631576,0.47368421052631576,0.43684210526315786,0.3894736842105263
premier_league,2012,CHE,0.3684210526315789,0.42105263157894735,0.3684210526315789,0.2631578947368421,0.2631578947368421,0.5789473684210527,0.47368421052631576,0.3684210526315789,0.3157894736842105,0.3684210526315789,0.42105263157894735,0.5263157894736842,0.21052631578947367,0.5263157894736842,0.47368421052631576,0.47368421052631576,0.42105263157894735,0.3684210526315789,0.42105263157894735,0.5263157894736842,0.37368421052631573,0.44210526315789467
premier_league,2012,EVE,0.15789473684210525,0.42105263157894735,0.3684210526315789,0.3684210526315789,0.3684210526315789,0.3684210526315789,0.3157894736842105,0.42105263157894735,0.5789473684210527,0.2631578947368421,0.5263157894736842,0.3684210526315789,0.2631578947368421,0.5789473684210527,0.3157894736842105,0.5789473684210527,0.2631578947368421,0.2631578947368421,0.47368421052631576,0.3157894736842105,0.36315789473684207,0.39473684210526316
premier_league,2012,FUL,0.2631578947368421,0.3157894736842105,0.21052631578947367,0.3684210526315789,0.5789473684210527,0.2631578947368421,0.2631578947368421,0.5263157894736842,0.3157894736842105,0.5263157894736842,0.5263157894736842,0.3684210526315789,0.47368421052631576,0.3684210526315789,0.42105263157894735,0.2631578947368421,0.3684210526315789,0.3684210526315789,0.42105263157894735,0.21052631578947367,0.38421052631578945,0.3578947368421052
premier_league,2012,LIVP,0.5263157894736842,0.2631578947368421,0.3684210526315789,0.42105263157894735,0.3157894736842105,0.42105263157894735,0.3684210526315789,0.15789473684210525,0.42105263157894735,0.47368421052631576,0.2631578947368421,0.47368421052631576,0.2631578947368421,0.3684210526315789,0.15789473684210525,0.42105263157894735,0.3157894736842105,0.3684210526315789,0.5263157894736842,0.2631578947368421,0.3526315789473684,0.36315789473684207
premier_league,2012,MANC,0.42105263157894735,0.47368421052631576,0.47368421052631576,0.47368421052631576,0.3684210526315789,0.3684210526315789,0.3157894736842105,0.42105263157894735,0.3157894736842105,0.3684210526315789,0.3157894736842105,0.42105263157894735,0.47368421052631576,0.2631578947368421,0.42105263157894735,0.21052631578947367,0.42105263157894735,0.3684210526315789,0.2631578947368421,0.5263157894736842,0.3789473684210526,0.3894736842105263
premier_league,2012,MANU,0.3157894736842105,0.42105263157894735,0.21052631578947367,0.47368421052631576,0.2631578947368421,0.21052631578947367,0.5789473684210527,0.3684210526315789,0.42105263157894735,0.3684210526315789,0.42105263157894735,0.21052631578947367,0.21052631578947367,0.42105263157894735,0.5263157894736842,0.5263157894736842,0.42105263157894735,0.2631578947368421,0.2631578947368421,0.3684210526315789,0.36315789473684207,0.36315789473684207
premier_league,2012,NEW,0.42105263157894735,0.42105263157894735,0.3684210526315789,0.3684210526315789,0.15789473684210525,0.3157894736842105,0.3684210526315789,0.5263157894736842,0.3684210526315789,0.2631578947368421,0.3157894736842105,0.5263157894736842,0.3684210526315789,0.42105263157894735,0.5263157894736842,0.2631578947368421,0.5263157894736842,0.2631578947368421,0.3684210526315789,0.3157894736842105,0.3789473684210526,0.3684210526315789
premier_league,2012,NOR,0.5263157894736842,0.42105263157894735,0.5263157894736842,0.21052631578947367,0.47368421052631576,0.2631578947368421,0.3157894736842105,0.3684210526315789,0.5263157894736842,0.42105263157894735,0.3157894736842105,0.42105263157894735,0.47368421052631576,0.5263157894736842,0.21052631578947367,0.3157894736842105,0.21052631578947367,0.5263157894736842,0.47368421052631576,0.21052631578947367,0.4052631578947368,0.3684210526315789
premier_league,2012,QPR,0.47368421052631576,0.5789473684210527,0.42105263157894735,0.5263157894736842,0.3684210526315789,0.5789473684210527,0.3684210526315789,0.3157894736842105,0.2631578947368421,0.5789473684210527,0.5263157894736842,0.5789473684210527,0.5789473684210527,0.3157894736842105,0.2631578947368421,0.3157894736842105,0.631578947368421,0.5789473684210527,0.3684210526315789,0.3684210526315789,0.42631578947368415,0.47368421052631576
premier_league,2012,REA,0.42105263157894735,0.3684210526315789,0.3684210526315789,0.3684210526315789,0.47368421052631576,0.42105263157894735,0.42105263157894735,0.21052631578947367,0.3157894736842105,0.3157894736842105,0.3157894736842105,0.21052631578947367,0.47368421052631576,0.42105263157894735,0.3684210526315789,0.2631578947368421,0.5263157894736842,0.47368421052631576,0.47368421052631576,0.5789473684210527,0.41578947368421054,0.36315789473684207
premier_league,2012,SOU,0.47368421052631576,0.42105263157894735,0.3157894736842105,0.3684210526315789,0.3157894736842105,0.2631578947368421,0.3684210526315789,0.3684210526315789,0.3684210526315789,0.42105263157894735,0.42105263157894735,0.21052631578947367,0.5789473684210527,0.5263157894736842,0.47368421052631576,0.3684210526315789,0.3157894736842105,0.3157894736842105,0.3684210526315789,0.2631578947368421,0.4,0.3526315789473684
premier_league,2012,STO,0.3157894736842105,0.15789473684210525,0.5263157894736842,0.3684210526315789,0.3684210526315789,0.47368421052631576,0.47368421052631576,0.5263157894736842,0.3157894736842105,0.3684210526315789,0.3157894736842105,0.42105263157894735,0.3157894736842105,0.42105263157894735,0.47368421052631576,0.42105263157894735,0.2631578947368421,0.2631578947368421,0.3684210526315789,0.47368421052631576,0.37368421052631573,0.3894736842105263
premier_league,2012,SUN,0.5263157894736842,0.42105263157894735,0.3684210526315789,0.42105263157894735,0.2631578947368421,0.2631578947368421,0.2631578947368421,0.2631578947368421,0.3684210526315789,0.3684210526315789,0.3684210526315789,0.3684210526315789,0.42105263157894735,0.5263157894736842,0.47368421052631576,0.2631578947368421,0.3684210526315789,0.2631578947368421,0.21052631578947367,0.3157894736842105,0.363157894736842,0.34736842105263155
premier_league,2012,SWA,0.2631578947368421,0.3684210526315789,0.3684210526315789,0.47368421052631576,0.47368421052631576,0.21052631578947367,0.5263157894736842,0.42105263157894735,0.42105263157894735,0.3157894736842105,0.3157894736842105,0.47368421052631576,0.47368421052631576,0.5263157894736842,0.21052631578947367,0.42105263157894735,0.2631578947368421,0.42105263157894735,0.47368421052631576,0.3684210526315789,0.3789473684210526,0.39999999999999997
premier_league,2012,TOT,0.5263157894736842,0.3684210526315789,0.47368421052631576,0.21052631578947367,0.3684210526315789,0.3684210526315789,0.3157894736842105,0.47368421052631576,0.21052631578947367,0.21052631578947367,0.5263157894736842,0.42105263157894735,0.3684210526315789,0.21052631578947367,0.15789473684210525,0.5263157894736842,0.2631578947368421,0.15789473684210525,0.42105263157894735,0.3684210526315789,0.36315789473684207,0.33157894736842103
premier_league,2012,WBA,0.3684210526315789,0.3157894736842105,0.42105263157894735,0.47368421052631576,0.5789473684210527,0.5263157894736842,0.42105263157894735,0.42105263157894735,0.2631578947368421,0.42105263157894735,0.21052631578947367,0.3684210526315789,0.3684210526315789,0.5263157894736842,0.3157894736842105,0.47368421052631576,0.3157894736842105,0.42105263157894735,0.3684210526315789,0.3684210526315789,0.36315789473684207,0.43157894736842106
premier_league,2012,WHU,0.3157894736842105,0.21052631578947367,0.3157894736842105,0.3684210526315789,0.21052631578947367,0.47368421052631576,0.3684210526315789,0.47368421052631576,0.5263157894736842,0.3157894736842105,0.5263157894736842,0.47368421052631576,0.3684210526315789,0.2631578947368421,0.47368421052631576,0.42105263157894735,0.42105263157894735,0.47368421052631576,0.42105263157894735,0.47368421052631576,0.39473684210526316,0.39473684210526316
premier_league,2012,WIG,0.5789473684210527,0.3684210526315789,0.21052631578947367,0.5263157894736842,0.631578947368421,0.631578947368421,0.42105263157894735,0.3157894736842105,0.42105263157894735,0.3684210526315789,0.3684210526315789,0.5789473684210527,0.3684210526315789,0.2631578947368421,0.3684210526315789,0.5789473684210527,0.5789473684210527,0.47368421052631576,0.5263157894736842,0.3684210526315789,0.4473684210526316,0.4473684210526316
premier_league,2013,ARS,0.47368421052631576,0.47368421052631576,0.5263157894736842,0.42105263157894735,0.47368421052631576,0.47368421052631576,0.3157894736842105,0.42105263157894735,0.47368421052631576,0.15789473684210525,0.2631578947368421,0.3684210526315789,0.5263157894736842,0.47368421052631576,0.2631578947368421,0.21052631578947367,0.3157894736842105,0.47368421052631576,0.3157894736842105,0.3157894736842105,0.39473684210526316,0.3789473684210526
premier_league,2013,AVL,0.3684210526315789,0.47368421052631576,0.3157894736842105,0.2631578947368421,0.47368421052631576,0.3157894736842105,0.47368421052631576,0.47368421052631576,0.47368421052631576,0.3684210526315789,0.42105263157894735,0.5789473684210527,0.2631578947368421,0.42105263157894735,0.5263157894736842,0.3157894736842105,0.3157894736842105,0.5263157894736842,0.631578947368421,0.42105263157894735,0.42631578947368415,0.41578947368421043
premier_league,2013,CARD,0.3157894736842105,0.47368421052631576,0.21052631578947367,0.47368421052631576,0.47368421052631576,0.2631578947368421,0.47368421052631576,0.3157894736842105,0.2631578947368421,0.42105263157894735,0.3157894736842105,0.42105263157894735,0.5789473684210527,0.2631578947368421,0.5789473684210527,0.5263157894736842,0.47368421052631576,0.3157894736842105,0.42105263157894735,0.47368421052631576,0.41052631578947363,0.39473684210526316
premier_league,2013,CHE,0.3684210526315789,0.15789473684210525,0.42105263157894735,0.42105263157894735,0.3157894736842105,0.5789473684210527,0.3157894736842105,0.21052631578947367,0.47368421052631576,0.21052631578947367,0.42105263157894735,0.3157894736842105,0.15789473684210525,0.5789473684210527,0.3684210526315789,0.3157894736842105,0.42105263157894735,0.15789473684210525,0.47368421052631576,0.3157894736842105,0.3736842105263158,0.3263157894736842
premier_league,2013,CRY,0.47368421052631576,0.42105263157894735,0.15789473684210525,0.42105263157894735,0.2631578947368421,0.2631578947368421,0.2631578947368421,0.5789473684210527,0.47368421052631576,0.42105263157894735,0.42105263157894735,0.2631578947368421,0.2631578947368421,0.2631578947368421,0.5263157894736842,0.2631578947368421,0.2631578947368421,0.42105263157894735,0.3157894736842105,0.3684210526315789,0.34210526315789475,0.36842105263157887
premier_league,2013,EVE,0.3157894736842105,0.3684210526315789,0.42105263157894735,0.5789473684210527,0.2631578947368421,0.5789473684210527,0.3684210526315789,0.5263157894736842,0.3684210526315789,0.21052631578947367,0.47368421052631576,0.21052631578947367,0.3157894736842105,0.47368421052631576,0.3157894736842105,0.3157894736842105,0.5263157894736842,0.21052631578947367,0.3684210526315789,0.42105263157894735,0.37368421052631573,0.38947368421052625
premier_league,2013,FUL,0.2631578947368421,0.42105263157894735,0.5263157894736842,0.47368421052631576,0.21052631578947367,0.3684210526315789,0.2631578947368421,0.42105263157894735,0.2631578947368421,0.21052631578947367,0.2631578947368421,0.3684210526315789,0.2631578947368421,0.42105263157894735,0.21052631578947367,0.3157894736842105,0.5263157894736842,0.47368421052631576,0.42105263157894735,0.3684210526315789,0.32105263157894737,0.38421052631578945
premier_league,2013,HUL,0.3157894736842105,0.47368421052631576,0.2631578947368421,0.3684210526315789,0.42105263157894735,0.47368421052631576,0.3157894736842105,0.42105263157894735,0.47368421052631576,0.3684210526315789,0.6842105263157895,0.3157894736842105,0.42105263157894735,0.3157894736842105,0.3684210526315789,0.3157894736842105,0.3157894736842105,0.21052631578947367,0.3157894736842105,0.3157894736842105,0.38947368421052636,0.3578947368421052
premier_league,2013,LIVP,0.3157894736842105,0.3684210526315789,0.3684210526315789,0.42105263157894735,0.2631578947368421,0.21052631578947367,0.3684210526315789,0.3157894736842105,0.21052631578947367,0.10526315789473684,0.47368421052631576,0.3684210526315789,0.42105263157894735,0.3684210526315789,0.21052631578947367,0.3157894736842105,0.2631578947368421,0.5263157894736842,0.3684210526315789,0.21052631578947367,0.32631578947368417,0.32105263157894737
premier_league,2013,MANC,0.3157894736842105,0.3684210526315789,0.42105263157894735,0.3684210526315789,0.42105263157894735,0.3684210526315789,0.42105263157894735,0.47368421052631576,0.42105263157894735,0.2631578947368421,0.3157894736842105,0.3157894736842105,0.5263157894736842,0.5263157894736842,0.42105263157894735,0.42105263157894735,0.3684210526315789,0.42105263157894735,0.42105263157894735,0.5263157894736842,0.4052631578947368,0.4052631578947368
premier_league,2013,MANU,0.42105263157894735,0.21052631578947367,0.3157894736842105,0.3157894736842105,0.42105263157894735,0.3684210526315789,0.3684210526315789,0.3684210526315789,0.3157894736842105,0.5263157894736842,0.3157894736842105,0.5789473684210527,0.5789473684210527,0.21052631578947367,0.47368421052631576,0.3157894736842105,0.47368421052631576,0.5263157894736842,0.3157894736842105,0.5263157894736842,0.4,0.3947368421052631
premier_league,2013,NEW,0.3684210526315789,0.3157894736842105,0.2631578947368421,0.3157894736842105,0.3684210526315789,0.3157894736842105,0.5263157894736842,0.42105263157894735,0.42105263157894735,0.47368421052631576,0.3684210526315789,0.3684210526315789,0.2631578947368421,0.631578947368421,0.3684210526315789,0.3684210526315789,0.3684210526315789,0.21052631578947367,0.42105263157894735,0.42105263157894735,0.37368421052631573,0.38421052631578945
premier_league,2013,NOR,0.3157894736842105,0.3684210526315789,0.10526315789473684,0.5263157894736842,0.42105263157894735,0.3684210526315789,0.3684210526315789,0.42105263157894735,0.3157894736842105,0.5789473684210527,0.42105263157894735,0.3157894736842105,0.42105263157894735,0.3684210526315789,0.42105263157894735,0.42105263157894735,0.42105263157894735,0.3684210526315789,0.3684210526315789,0.21052631578947367,0.35789473684210527,0.3947368421052631
premier_league,2013,SOU,0.5263157894736842,0.2631578947368421,0.2631578947368421,0.3684210526315789,0.2631578947368421,0.2631578947368421,0.42105263157894735,0.3684210526315789,0.42105263157894735,0.5263157894736842,0.2631578947368421,0.42105263157894735,0.42105263157894735,0.2631578947368421,0.42105263157894735,0.5789473684210527,0.42105263157894735,0.47368421052631576,0.42105263157894735,0.21052631578947367,0.38421052631578945,0.37368421052631573
premier_league,2013,STO,0.3157894736842105,0.2631578947368421,0.47368421052631576,0.3684210526315789,0.42105263157894735,0.3684210526315789,0.42105263157894735,0.42105263157894735,0.47368421052631576,0.3157894736842105,0.3684210526315789,0.3157894736842105,0.2631578947368421,0.3157894736842105,0.47368421052631576,0.5263157894736842,0.2631578947368421,0.3684210526315789,0.2631578947368421,0.47368421052631576,0.37368421052631573,0.37368421052631573
premier_league,2013,SUN,0.47368421052631576,0.5789473684210527,0.5789473684210527,0.10526315789473684,0.42105263157894735,0.3684210526315789,0.5263157894736842,0.3684210526315789,0.3684210526315789,0.5263157894736842,0.47368421052631576,0.3684210526315789,0.3157894736842105,0.42105263157894735,0.2631578947368421,0.5263157894736842,0.3684210526315789,0.47368421052631576,0.5263157894736842,0.3684210526315789,0.43157894736842106,0.41052631578947374
premier_league,2013,SWA,0.5263157894736842,0.47368421052631576,0.5789473684210527,0.7368421052631579,0.5263157894736842,0.47368421052631576,0.3684210526315789,0.3684210526315789,0.42105263157894735,0.42105263157894735,0.2631578947368421,0.2631578947368421,0.5789473684210527,0.42105263157894735,0.47368421052631576,0.3684210526315789,0.3684210526315789,0.3684210526315789,0.42105263157894735,0.3157894736842105,0.45263157894736833,0.42105263157894735
premier_league,2013,TOT,0.5263157894736842,0.42105263157894735,0.42105263157894735,0.3684210526315789,0.3157894736842105,0.3684210526315789,0.2631578947368421,0.2631578947368421,0.47368421052631576,0.42105263157894735,0.3157894736842105,0.47368421052631576,0.47368421052631576,0.5789473684210527,0.21052631578947367,0.5789473684210527,0.3157894736842105,0.15789473684210525,0.3157894736842105,0.3684210526315789,0.3631578947368421,0.39999999999999997
premier_league,2013,WBA,0.3684210526315789,0.3684210526315789,0.47368421052631576,0.3157894736842105,0.5263157894736842,0.42105263157894735,0.3684210526315789,0.3157894736842105,0.42105263157894735,0.21052631578947367,0.2631578947368421,0.3157894736842105,0.3157894736842105,0.21052631578947367,0.47368421052631576,0.3157894736842105,0.42105263157894735,0.42105263157894735,0.15789473684210525,0.2631578947368421,0.3789473684210526,0.3157894736842105
premier_league,2013,WHU,0.5789473684210527,0.42105263157894735,0.2631578947368421,0.47368421052631576,0.5789473684210527,0.3684210526315789,0.42105263157894735,0.5263157894736842,0.47368421052631576,0.47368421052631576,0.3157894736842105,0.2631578947368421,0.47368421052631576,0.42105263157894735,0.21052631578947367,0.47368421052631576,0.5263157894736842,0.3157894736842105,0.2631578947368421,0.3157894736842105,0.41052631578947374,0.4052631578947368
premier_league,2014,ARS,0.3684210526315789,0.21052631578947367,0.2631578947368421,0.5263157894736842,0.5263157894736842,0.42105263157894735,0.3684210526315789,0.3157894736842105,0.42105263157894735,0.47368421052631576,0.42105263157894735,0.5789473684210527,0.42105263157894735,0.3684210526315789,0.3157894736842105,0.3684210526315789,0.3684210526315789,0.3684210526315789,0.47368421052631576,0.5263157894736842,0.39473684210526316,0.41578947368421043
premier_league,2014,AVL,0.5789473684210527,0.42105263157894735,0.42105263157894735,0.2631578947368421,0.3157894736842105,0.42105263157894735,0.631578947368421,0.42105263157894735,0.47368421052631576,0.2631578947368421,0.42105263157894735,0.42105263157894735,0.15789473684210525,0.2631578947368421,0.3157894736842105,0.3684210526315789,0.42105263157894735,0.42105263157894735,0.5263157894736842,0.5789473684210527,0.42631578947368415,0.38421052631578945
premier_league,2014,BUR,0.3157894736842105,0.2631578947368421,0.42105263157894735,0.3157894736842105,0.3684210526315789,0.3684210526315789,0.42105263157894735,0.3157894736842105,0.3684210526315789,0.2631578947368421,0.2631578947368421,0.3157894736842105,0.47368421052631576,0.3684210526315789,0.47368421052631576,0.47368421052631576,0.42105263157894735,0.21052631578947367,0.47368421052631576,0.631578947368421,0.4,0.3526315789473684
premier_league,2014,CHE,0.2631578947368421,0.42105263157894735,0.42105263157894735,0.47368421052631576,0.42105263157894735,0.42105263157894735,0.3684210526315789,0.3684210526315789,0.3157894736842105,0.47368421052631576,0.42105263157894735,0.2631578947368421,0.47368421052631576,0.2631578947368421,0.47368421052631576,0.47368421052631576,0.3157894736842105,0.3157894736842105,0.5263157894736842,0.3157894736842105,0.4,0.37894736842105264
premier_league,2014,CRY,0.3157894736842105,0.3684210526315789,0.3684210526315789,0.2631578947368421,0.5263157894736842,0.47368421052631576,0.5789473684210527,0.2631578947368421,0.3684210526315789,0.5263157894736842,0.3684210526315789,0.2631578947368421,0.3684210526315789,0.3684210526315789,0.3684210526315789,0.5263157894736842,0.3684210526315789,0.2631578947368421,0.3157894736842105,0.42105263157894735,0.3947368421052631,0.37368421052631573
premier_league,2014,EVE,0.15789473684210525,0.3684210526315789,0.2631578947368421,0.3157894736842105,0.2631578947368421,0.3684210526315789,0.47368421052631576,0.47368421052631576,0.5263157894736842,0.2631578947368421,0.42105263157894735,0.5263157894736842,0.5263157894736842,0.47368421052631576,0.42105263157894735,0.3157894736842105,0.42105263157894735,0.3684210526315789,0.3157894736842105,0.5789473684210527,0.3789473684210526,0.4052631578947368
premier_league,2014,HUL,0.42105263157894735,0.2631578947368421,0.3157894736842105,0.47368421052631576,0.42105263157894735,0.15789473684210525,0.2631578947368421,0.42105263157894735,0.3157894736842105,0.3157894736842105,0.47368421052631576,0.3684210526315789,0.42105263157894735,0.3684210526315789,0.3684210526315789,0.3157894736842105,0.47368421052631576,0.3157894736842105,0.42105263157894735,0.42105263157894735,0.3894736842105263,0.34210526315789475
premier_league,2014,LEIC,0.5789473684210527,0.3684210526315789,0.3684210526315789,0.3684210526315789,0.3157894736842105,0.47368421052631576,0.42105263157894735,0.2631578947368421,0.10526315789473684,0.5263157894736842,0.3157894736842105,0.42105263157894735,0.3157894736842105,0.10526315789473684,0.3157894736842105,0.42105263157894735,0.3157894736842105,0.3684210526315789,0.47368421052631576,0.3157894736842105,0.3526315789473684,0.36315789473684207
premier_league,2014,LIVP,0.3157894736842105,0.6842105263157895,0.3157894736842105,0.3684210526315789,0.2631578947368421,0.42105263157894735,0.47368421052631576,0.5789473684210527,0.47368421052631576,0.15789473684210525,0.2631578947368421,0.3684210526315789,0.42105263157894735,0.47368421052631576,0.47368421052631576,0.3157894736842105,0.15789473684210525,0.3684210526315789,0.47368421052631576,0.3684210526315789,0.36315789473684207,0.41052631578947363
premier_league,2014,MANC,0.42105263157894735,0.10526315789473684,0.47368421052631576,0.42105263157894735,0.42105263157894735,0.3157894736842105,0.15789473684210525,0.3684210526315789,0.5789473684210527,0.47368421052631576,0.47368421052631576,0.3157894736842105,0.3684210526315789,0.3157894736842105,0.47368421052631576,0.3684210526315789,0.3684210526315789,0.2631578947368421,0.47368421052631576,0.47368421052631576,0.42105263157894735,0.34210526315789475
premier_league,2014,MANU,0.3684210526315789,0.47368421052631576,0.3684210526315789,0.5263157894736842,0.3157894736842105,0.3684210526315789,0.21052631578947367,0.47368421052631576,0.42105263157894735,0.3684210526315789,0.42105263157894735,0.15789473684210525,0.47368421052631576,0.3684210526315789,0.3157894736842105,0.3157894736842105,0.2631578947368421,0.5263157894736842,0.3684210526315789,0.42105263157894735,0.35263157894736835,0.39999999999999997
premier_league,2014,NEW,0.47368421052631576,0.5263157894736842,0.42105263157894735,0.2631578947368421,0.3157894736842105,0.3684210526315789,0.3157894736842105,0.3684210526315789,0.2631578947368421,0.2631578947368421,0.3684210526315789,0.42105263157894735,0.3684210526315789,0.47368421052631576,0.2631578947368421,0.42105263157894735,0.3684210526315789,0.47368421052631576,0.21052631578947367,0.3684210526315789,0.3368421052631579,0.3947368421052631
premier_league,2014,QPR,0.10526315789473684,0.42105263157894735,0.3684210526315789,0.42105263157894735,0.3684210526315789,0.42105263157894735,0.6842105263157895,0.3684210526315789,0.2631578947368421,0.3684210526315789,0.3684210526315789,0.3684210526315789,0.3157894736842105,0.3157894736842105,0.21052631578947367,0.21052631578947367,0.42105263157894735,0.47368421052631576,0.3157894736842105,0.3684210526315789,0.34210526315789475,0.37368421052631573
premier_league,2014,SOU,0.3684210526315789,0.3157894736842105,0.3157894736842105,0.6842105263157895,0.47368421052631576,0.3157894736842105,0.3684210526315789,0.47368421052631576,0.47368421052631576,0.47368421052631576,0.3684210526315789,0.2631578947368421,0.2631578947368421,0.42105263157894735,0.42105263157894735,0.3684210526315789,0.5263157894736842,0.3157894736842105,0.3157894736842105,0.3684210526315789,0.3894736842105263,0.4
premier_league,2014,STO,0.2631578947368421,0.21052631578947367,0.2631578947368421,0.3157894736842105,0.3684210526315789,0.3157894736842105,0.3157894736842105,0.3684210526315789,0.631578947368421,0.2631578947368421,0.3684210526315789,0.3157894736842105,0.3684210526315789,0.3157894736842105,0.42105263157894735,0.3684210526315789,0.42105263157894735,0.42105263157894735,0.10526315789473684,0.47368421052631576,0.3526315789473684,0.3368421052631579
premier_league,2014,SUN,0.47368421052631576,0.21052631578947367,0.47368421052631576,0.42105263157894735,0.2631578947368421,0.5263157894736842,0.47368421052631576,0.3684210526315789,0.3684210526315789,0.3684210526315789,0.47368421052631576,0.3157894736842105,0.2631578947368421,0.2631578947368421,0.5263157894736842,0.21052631578947367,0.47368421052631576,0.47368421052631576,0.42105263157894735,0.3684210526315789,0.42105263157894746,0.3526315789473684
premier_league,2014,SWA,0.47368421052631576,0.631578947368421,0.5263157894736842,0.2631578947368421,0.47368421052631576,0.3684210526315789,0.42105263157894735,0.42105263157894735,0.3157894736842105,0.3684210526315789,0.2631578947368421,0.631578947368421,0.21052631578947367,0.42105263157894735,0.21052631578947367,0.2631578947368421,0.3684210526315789,0.21052631578947367,0.3684210526315789,0.2631578947368421,0.363157894736842,0.38421052631578945
premier_league,2014,TOT,0.47368421052631576,0.3157894736842105,0.3684210526315789,0.3157894736842105,0.15789473684210525,0.3157894736842105,0.3684210526315789,0.3157894736842105,0.3684210526315789,0.3684210526315789,0.21052631578947367,0.3157894736842105,0.42105263157894735,0.47368421052631576,0.5263157894736842,0.631578947368421,0.3157894736842105,0.42105263157894735,0.15789473684210525,0.47368421052631576,0.3368421052631579,0.39473684210526316
premier_league,2014,WBA,0.3157894736842105,0.3157894736842105,0.21052631578947367,0.47368421052631576,0.3684210526315789,0.21052631578947367,0.3684210526315789,0.42105263157894735,0.3157894736842105,0.5263157894736842,0.3157894736842105,0.15789473684210525,0.2631578947368421,0.3684210526315789,0.47368421052631576,0.42105263157894735,0.21052631578947367,0.42105263157894735,0.3684210526315789,0.15789473684210525,0.32105263157894737,0.34736842105263155
premier_league,2014,WHU,0.42105263157894735,0.42105263157894735,0.47368421052631576,0.3157894736842105,0.3684210526315789,0.3157894736842105,0.3157894736842105,0.21052631578947367,0.42105263157894735,0.2631578947368421,0.47368421052631576,0.47368421052631576,0.42105263157894735,0.47368421052631576,0.42105263157894735,0.3684210526315789,0.3157894736842105,0.3157894736842105,0.42105263157894735,0.47368421052631576,0.4052631578947368,0.3631578947368421
premier_league,2015,ARS,0.3157894736842105,0.2631578947368421,0.3684210526315789,0.21052631578947367,0.3684210526315789,0.3684210526315789,0.5263157894736842,0.21052631578947367,0.21052631578947367,0.47368421052631576,0.3684210526315789,0.42105263157894735,0.3684210526315789,0.3684210526315789,0.3157894736842105,0.2631578947368421,0.3157894736842105,0.5263157894736842,0.15789473684210525,0.2631578947368421,0.3315789473684211,0.33684210526315783
premier_league,2015,AVL,0.15789473684210525,0.3157894736842105,0.3684210526315789,0.47368421052631576,0.3684210526315789,0.47368421052631576,0.47368421052631576,0.5789473684210527,0.3684210526315789,0.21052631578947367,0.5263157894736842,0.2631578947368421,0.3684210526315789,0.3684210526315789,0.3684210526315789,0.3684210526315789,0.5263157894736842,0.42105263157894735,0.42105263157894735,0.3157894736842105,0.3947368421052631,0.3789473684210526
premier_league,2015,BOU,0.3684210526315789,0.3684210526315789,0.47368421052631576,0.42105263157894735,0.2631578947368421,0.47368421052631576,0.2631578947368421,0.3684210526315789,0.3157894736842105,0.3684210526315789,0.2631578947368421,0.21052631578947367,0.3684210526315789,0.3684210526315789,0.3157894736842105,0.42105263157894735,0.42105263157894735,0.3684210526315789,0.2631578947368421,0.5263157894736842,0.33157894736842103,0.3894736842105263
premier_league,2015,CHE,0.631578947368421,0.47368421052631576,0.2631578947368421,0.21052631578947367,0.5263157894736842,0.3684210526315789,0.21052631578947367,0.15789473684210525,0.3684210526315789,0.42105263157894735,0.3157894736842105,0.3684210526315789,0.42105263157894735,0.47368421052631576,0.21052631578947367,0.3684210526315789,0.5263157894736842,0.21052631578947367,0.3684210526315789,0.42105263157894735,0.3842105263157894,0.34736842105263155
premier_league,2015,CRY,0.2631578947368421,0.2631578947368421,0.3157894736842105,0.47368421052631576,0.3684210526315789,0.3157894736842105,0.3157894736842105,0.21052631578947367,0.5263157894736842,0.42105263157894735,0.47368421052631576,0.3684210526315789,0.42105263157894735,0.5789473684210527,0.42105263157894735,0.3157894736842105,0.2631578947368421,0.21052631578947367,0.2631578947368421,0.3157894736842105,0.36315789473684207,0.3473684210526316
premier_league,2015,EVE,0.3157894736842105,0.42105263157894735,0.631578947368421,0.3157894736842105,0.5263157894736842,0.21052631578947367,0.5263157894736842,0.42105263157894735,0.21052631578947367,0.3157894736842105,0.21052631578947367,0.47368421052631576,0.5263157894736842,0.2631578947368421,0.3157894736842105,0.3157894736842105,0.5263157894736842,0.47368421052631576,0.5263157894736842,0.42105263157894735,0.43157894736842106,0.36315789473684207
premier_league,2015,LEIC,0.3684210526315789,0.5263157894736842,0.3684210526315789,0.47368421052631576,0.10526315789473684,0.21052631578947367,0.3157894736842105,0.5789473684210527,0.47368421052631576,0.47368421052631576,0.21052631578947367,0.3684210526315789,0.3684210526315789,0.42105263157894735,0.3157894736842105,0.3684210526315789,0.5789473684210527,0.47368421052631576,0.3684210526315789,0.3157894736842105,0.34736842105263155,0.42105263157894735
premier_league,2015,LIVP,0.3684210526315789,0.3684210526315789,0.42105263157894735,0.2631578947368421,0.3684210526315789,0.631578947368421,0.42105263157894735,0.47368421052631576,0.3684210526315789,0.47368421052631576,0.5789473684210527,0.2631578947368421,0.3157894736842105,0.47368421052631576,0.3157894736842105,0.47368421052631576,0.42105263157894735,0.42105263157894735,0.21052631578947367,0.3157894736842105,0.37894736842105264,0.41578947368421043
premier_league,2015,MANC,0.10526315789473684,0.3684210526315789,0.42105263157894735,0.42105263157894735,0.2631578947368421,0.42105263157894735,0.2631578947368421,0.2631578947368421,0.3157894736842105,0.3157894736842105,0.42105263157894735,0.3157894736842105,0.2631578947368421,0.3157894736842105,0.3684210526315789,0.3157894736842105,0.2631578947368421,0.3157894736842105,0.3684210526315789,0.3684210526315789,0.3052631578947368,0.3421052631578947
premier_league,2015,MANU,0.3684210526315789,0.47368421052631576,0.42105263157894735,0.3157894736842105,0.21052631578947367,0.47368421052631576,0.2631578947368421,0.2631578947368421,0.3157894736842105,0.3157894736842105,0.21052631578947367,0.631578947368421,0.47368421052631576,0.3157894736842105,0.47368421052631576,0.3157894736842105,0.42105263157894735,0.3684210526315789,0.5789473684210527,0.2631578947368421,0.37368421052631573,0.37368421052631573
premier_league,2015,NEW,0.2631578947368421,0.5789473684210527,0.3684210526315789,0.3157894736842105,0.47368421052631576,0.47368421052631576,0.5263157894736842,0.47368421052631576,0.3684210526315789,0.42105263157894735,0.2631578947368421,0.42105263157894735,0.3684210526315789,0.47368421052631576,0.42105263157894735,0.47368421052631576,0.3684210526315789,0.2631578947368421,0.47368421052631576,0.6842105263157895,0.3894736842105263,0.45789473684210524
premier_league,2015,NOR,0.3157894736842105,0.05263157894736842,0.2631578947368421,0.42105263157894735,0.2631578947368421,0.3157894736842105,0.3157894736842105,0.47368421052631576,0.42105263157894735,0.5263157894736842,0.3157894736842105,0.47368421052631576,0.3157894736842105,0.47368421052631576,0.15789473684210525,0.47368421052631576,0.2631578947368421,0.3684210526315789,0.3157894736842105,0.2631578947368421,0.29473684210526313,0.38421052631578945
premier_league,2015,SOU,0.3157894736842105,0.47368421052631576,0.47368421052631576,0.3684210526315789,0.3684210526315789,0.42105263157894735,0.42105263157894735,0.42105263157894735,0.3157894736842105,0.2631578947368421,0.3684210526315789,0.2631578947368421,0.21052631578947367,0.42105263157894735,0.47368421052631576,0.2631578947368421,0.42105263157894735,0.21052631578947367,0.3157894736842105,0.5789473684210527,0.3684210526315789,0.36842105263157887
premier_league,2015,STO,0.42105263157894735,0.42105263157894735,0.3157894736842105,0.42105263157894735,0.3684210526315789,0.3157894736842105,0.5263157894736842,0.3157894736842105,0.3684210526315789,0.3684210526315789,0.42105263157894735,0.2631578947368421,0.3684210526315789,0.5789473684210527,0.5263157894736842,0.47368421052631576,0.3684210526315789,0.2631578947368421,0.3157894736842105,0.3684210526315789,0.39999999999999997,0.3789473684210526
premier_league,2015,SUN,0.47368421052631576,0.21052631578947367,0.3684210526315789,0.5789473684210527,0.5263157894736842,0.42105263157894735,0.3684210526315789,0.3684210526315789,0.3157894736842105,0.3157894736842105,0.47368421052631576,0.3157894736842105,0.2631578947368421,0.3157894736842105,0.21052631578947367,0.47368421052631576,0.3157894736842105,0.47368421052631576,0.2631578947368421,0.42105263157894735,0.35789473684210527,0.3894736842105263
premier_league,2015,SWA,0.631578947368421,0.5263157894736842,0.3157894736842105,0.3684210526315789,0.5263157894736842,0.10526315789473684,0.3684210526315789,0.2631578947368421,0.47368421052631576,0.3157894736842105,0.47368421052631576,0.42105263157894735,0.3684210526315789,0.42105263157894735,0.47368421052631576,0.3684210526315789,0.2631578947368421,0.5263157894736842,0.47368421052631576,0.2631578947368421,0.43684210526315786,0.3578947368421052
premier_league,2015,TOT,0.5263157894736842,0.47368421052631576,0.47368421052631576,0.3157894736842105,0.5263157894736842,0.47368421052631576,0.5263157894736842,0.42105263157894735,0.21052631578947367,0.3157894736842105,0.15789473684210525,0.42105263157894735,0.47368421052631576,0.3684210526315789,0.3684210526315789,0.2631578947368421,0.3157894736842105,0.5263157894736842,0.3684210526315789,0.3157894736842105,0.3947368421052631,0.3894736842105263
premier_league,2015,WAT,0.3684210526315789,0.3157894736842105,0.2631578947368421,0.10526315789473684,0.5263157894736842,0.3157894736842105,0.42105263157894735,0.42105263157894735,0.2631578947368421,0.3684210526315789,0.5789473684210527,0.42105263157894735,0.3684210526315789,0.42105263157894735,0.42105263157894735,0.47368421052631576,0.2631578947368421,0.15789473684210525,0.3157894736842105,0.21052631578947367,0.3789473684210526,0.32105263157894737
premier_league,2015,WBA,0.5789473684210527,0.42105263157894735,0.5263157894736842,0.47368421052631576,0.47368421052631576,0.10526315789473684,0.3684210526315789,0.5263157894736842,0.5263157894736842,0.3684210526315789,0.2631578947368421,0.42105263157894735,0.5789473684210527,0.15789473684210525,0.42105263157894735,0.42105263157894735,0.21052631578947367,0.2631578947368421,0.42105263157894735,0.3157894736842105,0.43684210526315786,0.34736842105263155
premier_league,2015,WHU,0.3157894736842105,0.3157894736842105,0.10526315789473684,0.5789473684210527,0.21052631578947367,0.42105263157894735,0.42105263157894735,0.2631578947368421,0.42105263157894735,0.3157894736842105,0.47368421052631576,0.15789473684210525,0.42105263157894735,0.3684210526315789,0.3157894736842105,0.2631578947368421,0.42105263157894735,0.42105263157894735,0.3684210526315789,0.3684210526315789,0.34736842105263155,0.34736842105263155
premier_league,2016,ARS,0.15789473684210525,0.3684210526315789,0.47368421052631576,0.3157894736842105,0.21052631578947367,0.3684210526315789,0.42105263157894735,0.42105263157894735,0.2631578947368421,0.5263157894736842,0.42105263157894735,0.42105263157894735,0.5263157894736842,0.2631578947368421,0.42105263157894735,0.21052631578947367,0.2631578947368421,0.5263157894736842,0.2631578947368421,0.21052631578947367,0.3421052631578947,0.363157894736842
premier_league,2016,BOU,0.42105263157894735,0.2631578947368421,0.42105263157894735,0.3684210526315789,0.42105263157894735,0.5263157894736842,0.2631578947368421,0.5789473684210527,0.3684210526315789,0.3157894736842105,0.2631578947368421,0.5263157894736842,0.15789473684210525,0.47368421052631576,0.42105263157894735,0.42105263157894735,0.3157894736842105,0.3684210526315789,0.42105263157894735,0.5789473684210527,0.34736842105263155,0.44210526315789467
premier_league,2016,BUR,0.2631578947368421,0.3157894736842105,0.47368421052631576,0.3157894736842105,0.6842105263157895,0.15789473684210525,0.2631578947368421,0.21052631578947367,0.3684210526315789,0.42105263157894735,0.42105263157894735,0.21052631578947367,0.3684210526315789,0.42105263157894735,0.631578947368421,0.3684210526315789,0.42105263157894735,0.3157894736842105,0.2631578947368421,0.2631578947368421,0.41578947368421054,0.3
premier_league,2016,CHE,0.42105263157894735,0.2631578947368421,0.5263157894736842,0.42105263157894735,0.3157894736842105,0.3684210526315789,0.42105263157894735,0.3684210526315789,0.2631578947368421,0.3684210526315789,0.42105263157894735,0.42105263157894735,0.42105263157894735,0.42105263157894735,0.42105263157894735,0.21052631578947367,0.3684210526315789,0.6842105263157895,0.47368421052631576,0.21052631578947367,0.4052631578947368,0.37368421052631573
premier_league,2016,CRY,0.2631578947368421,0.5263157894736842,0.47368421052631576,0.3684210526315789,0.3684210526315789,0.3684210526315789,0.21052631578947367,0.3157894736842105,0.3157894736842105,0.3157894736842105,0.47368421052631576,0.5263157894736842,0.3684210526315789,0.5263157894736842,0.5263157894736842,0.2631578947368421,0.47368421052631576,0.2631578947368421,0.3157894736842105,0.2631578947368421,0.37894736842105264,0.37368421052631573
premier_league,2016,EVE,0.5263157894736842,0.47368421052631576,0.3157894736842105,0.3157894736842105,0.5263157894736842,0.3157894736842105,0.2631578947368421,0.6842105263157895,0.5263157894736842,0.47368421052631576,0.3684210526315789,0.3157894736842105,0.47368421052631576,0.3684210526315789,0.2631578947368421,0.15789473684210525,0.42105263157894735,0.5263157894736842,0.2631578947368421,0.5263157894736842,0.3947368421052631,0.41578947368421054
premier_league,2016,HUL,0.42105263157894735,0.3684210526315789,0.2631578947368421,0.5263157894736842,0.42105263157894735,0.3684210526315789,0.42105263157894735,0.47368421052631576,0.3684210526315789,0.47368421052631576,0.3684210526315789,0.10526315789473684,0.42105263157894735,0.3684210526315789,0.15789473684210525,0.2631578947368421,0.3684210526315789,0.3684210526315789,0.3157894736842105,0.3684210526315789,0.3526315789473684,0.36842105263157887
premier_league,2016,LEIC,0.3684210526315789,0.3684210526315789,0.2631578947368421,0.42105263157894735,0.3684210526315789,0.5789473684210527,0.21052631578947367,0.21052631578947367,0.47368421052631576,0.3157894736842105,0.5263157894736842,0.3157894736842105,0.42105263157894735,0.3684210526315789,0.5263157894736842,0.42105263157894735,0.2631578947368421,0.3684210526315789,0.3684210526315789,0.3684210526315789,0.3789473684210526,0.37368421052631573
premier_league,2016,LIVP,0.3684210526315789,0.21052631578947367,0.42105263157894735,0.3684210526315789,0.5263157894736842,0.47368421052631576,0.631578947368421,0.5263157894736842,0.5263157894736842,0.3157894736842105,0.2631578947368421,0.47368421052631576,0.3157894736842105,0.3157894736842105,0.3157894736842105,0.5263157894736842,0.3684210526315789,0.3684210526315789,0.2631578947368421,0.42105263157894735,0.39999999999999997,0.39999999999999997
premier_league,2016,MANC,0.42105263157894735,0.3684210526315789,0.3157894736842105,0.2631578947368421,0.42105263157894735,0.10526315789473684,0.3157894736842105,0.21052631578947367,0.42105263157894735,0.3684210526315789,0.2631578947368421,0.21052631578947367,0.2631578947368421,0.3684210526315789,0.3684210526315789,0.47368421052631576,0.2631578947368421,0.2631578947368421,0.2631578947368421,0.3157894736842105,0.33157894736842103,0.29473684210526313
premier_league,2016,MANU,0.5263157894736842,0.3157894736842105,0.3684210526315789,0.2631578947368421,0.47368421052631576,0.3684210526315789,0.2631578947368421,0.5263157894736842,0.10526315789473684,0.47368421052631576,0.2631578947368421,0.5789473684210527,0.3684210526315789,0.3684210526315789,0.3684210526315789,0.2631578947368421,0.3684210526315789,0.47368421052631576,0.42105263157894735,0.47368421052631576,0.35263157894736835,0.41052631578947374
premier_league,2016,MID,0.2631578947368421,0.21052631578947367,0.42105263157894735,0.2631578947368421,0.5263157894736842,0.3684210526315789,0.42105263157894735,0.5789473684210527,0.5263157894736842,0.2631578947368421,0.3157894736842105,0.5263157894736842,0.5789473684210527,0.42105263157894735,0.2631578947368421,0.631578947368421,0.5789473684210527,0.5263157894736842,0.47368421052631576,0.2631578947368421,0.43684210526315786,0.4052631578947368
premier_league,2016,SOU,0.42105263157894735,0.47368421052631576,0.42105263157894735,0.42105263157894735,0.3684210526315789,0.5263157894736842,0.5263157894736842,0.42105263157894735,0.5263157894736842,0.2631578947368421,0.42105263157894735,0.42105263157894735,0.631578947368421,0.3684210526315789,0.47368421052631576,0.47368421052631576,0.3684210526315789,0.42105263157894735,0.3684210526315789,0.47368421052631576,0.45263157894736833,0.42631578947368415
premier_league,2016,STO,0.2631578947368421,0.3684210526315789,0.2631578947368421,0.3157894736842105,0.3157894736842105,0.2631578947368421,0.47368421052631576,0.3684210526315789,0.5789473684210527,0.3684210526315789,0.3157894736842105,0.3157894736842105,0.21052631578947367,0.42105263157894735,0.3684210526315789,0.3684210526315789,0.3157894736842105,0.42105263157894735,0.42105263157894735,0.3157894736842105,0.35263157894736846,0.3526315789473684
premier_league,2016,SUN,0.3157894736842105,0.47368421052631576,0.5789473684210527,0.42105263157894735,0.3684210526315789,0.47368421052631576,0.47368421052631576,0.2631578947368421,0.5789473684210527,0.42105263157894735,0.3684210526315789,0.47368421052631576,0.3157894736842105,0.631578947368421,0.3684210526315789,0.42105263157894735,0.3157894736842105,0.3157894736842105,0.15789473684210525,0.21052631578947367,0.38421052631578945,0.41052631578947363
premier_league,2016,SWA,0.5789473684210527,0.2631578947368421,0.3157894736842105,0.631578947368421,0.3157894736842105,0.15789473684210525,0.2631578947368421,0.42105263157894735,0.47368421052631576,0.3684210526315789,0.21052631578947367,0.3684210526315789,0.3157894736842105,0.3157894736842105,0.3157894736842105,0.3684210526315789,0.42105263157894735,0.2631578947368421,0.47368421052631576,0.5789473684210527,0.368421052631579,0.37368421052631573
premier_league,2016,TOT,0.42105263157894735,0.47368421052631576,0.3157894736842105,0.47368421052631576,0.42105263157894735,0.42105263157894735,0.2631578947368421,0.42105263157894735,0.2631578947368421,0.3157894736842105,0.15789473684210525,0.3684210526315789,0.3157894736842105,0.42105263157894735,0.42105263157894735,0.3684210526315789,0.47368421052631576,0.3157894736842105,0.2631578947368421,0.42105263157894735,0.3315789473684211,0.39999999999999997
premier_league,2016,WAT,0.42105263157894735,0.3684210526315789,0.5789473684210527,0.47368421052631576,0.2631578947368421,0.2631578947368421,0.3684210526315789,0.21052631578947367,0.5263157894736842,0.15789473684210525,0.42105263157894735,0.3684210526315789,0.2631578947368421,0.21052631578947367,0.5789473684210527,0.3684210526315789,0.3157894736842105,0.21052631578947367,0.5263157894736842,0.3157894736842105,0.42631578947368415,0.2947368421052631
premier_league,2016,WBA,0.3157894736842105,0.21052631578947367,0.3157894736842105,0.42105263157894735,0.3157894736842105,0.42105263157894735,0.5789473684210527,0.3684210526315789,0.3157894736842105,0.3684210526315789,0.3684210526315789,0.5789473684210527,0.2631578947368421,0.3684210526315789,0.3684210526315789,0.631578947368421,0.10526315789473684,0.42105263157894735,0.5263157894736842,0.42105263157894735,0.34736842105263155,0.42105263157894735
premier_league,2016,WHU,0.3684210526315789,0.5263157894736842,0.3684210526315789,0.21052631578947367,0.2631578947368421,0.5789473684210527,0.47368421052631576,0.5789473684210527,0.3157894736842105,0.47368421052631576,0.3684210526315789,0.21052631578947367,0.6842105263157895,0.42105263157894735,0.3157894736842105,0.5263157894736842,0.3684210526315789,0.5263157894736842,0.5789473684210527,0.42105263157894735,0.41052631578947363,0.4473684210526315
premier_league,2017,ARS,0.3684210526315789,0.3684210526315789,0.47368421052631576,0.47368421052631576,0.5263157894736842,0.5263157894736842,0.3684210526315789,0.2631578947368421,0.2631578947368421,0.3684210526315789,0.42105263157894735,0.3684210526315789,0.42105263157894735,0.3157894736842105,0.15789473684210525,0.3157894736842105,0.47368421052631576,0.3684210526315789,0.5263157894736842,0.3157894736842105,0.4,0.3684210526315789
premier_league,2017,BHA,0.2631578947368421,0.3157894736842105,0.5263157894736842,0.3684210526315789,0.2631578947368421,0.42105263157894735,0.42105263157894735,0.2631578947368421,0.47368421052631576,0.2631578947368421,0.5789473684210527,0.47368421052631576,0.47368421052631576,0.42105263157894735,0.3157894736842105,0.47368421052631576,0.2631578947368421,0.631578947368421,0.3684210526315789,0.47368421052631576,0.39473684210526316,0.41052631578947363
premier_league,2017,BOU,0.3684210526315789,0.42105263157894735,0.3684210526315789,0.15789473684210525,0.47368421052631576,0.2631578947368421,0.3157894736842105,0.3684210526315789,0.3157894736842105,0.47368421052631576,0.47368421052631576,0.2631578947368421,0.5263157894736842,0.3157894736842105,0.5263157894736842,0.21052631578947367,0.21052631578947367,0.3157894736842105,0.42105263157894735,0.42105263157894735,0.39999999999999997,0.32105263157894737
premier_league,2017,BUR,0.5263157894736842,0.3684210526315789,0.2631578947368421,0.2631578947368421,0.47368421052631576,0.5789473684210527,0.21052631578947367,0.5789473684210527,0.21052631578947367,0.47368421052631576,0.3684210526315789,0.42105263157894735,0.42105263157894735,0.42105263157894735,0.3684210526315789,0.3684210526315789,0.42105263157894735,0.3684210526315789,0.3684210526315789,0.47368421052631576,0.36315789473684207,0.43157894736842106
premier_league,2017,CHE,0.2631578947368421,0.3157894736842105,0.2631578947368421,0.3157894736842105,0.5263157894736842,0.21052631578947367,0.2631578947368421,0.21052631578947367,0.47368421052631576,0.631578947368421,0.3157894736842105,0.3157894736842105,0.42105263157894735,0.42105263157894735,0.3157894736842105,0.47368421052631576,0.47368421052631576,0.15789473684210525,0.3157894736842105,0.3157894736842105,0.3631578947368421,0.3368421052631579
premier_league,2017,CRY,0.42105263157894735,0.15789473684210525,0.2631578947368421,0.3157894736842105,0.3684210526315789,0.5789473684210527,0.3684210526315789,0.2631578947368421,0.42105263157894735,0.42105263157894735,0.15789473684210525,0.3157894736842105,0.3684210526315789,0.47368421052631576,0.5263157894736842,0.42105263157894735,0.42105263157894735,0.3684210526315789,0.21052631578947367,0.3157894736842105,0.3526315789473684,0.363157894736842
premier_league,2017,EVE,0.5263157894736842,0.3157894736842105,0.3157894736842105,0.47368421052631576,0.3684210526315789,0.3684210526315789,0.3157894736842105,0.631578947368421,0.2631578947368421,0.3684210526315789,0.3684210526315789,0.5789473684210527,0.3157894736842105,0.47368421052631576,0.3157894736842105,0.2631578947368421,0.2631578947368421,0.3157894736842105,0.47368421052631576,0.47368421052631576,0.3526315789473684,0.42631578947368426
premier_league,2017,HUD,0.47368421052631576,0.3684210526315789,0.21052631578947367,0.42105263157894735,0.3684210526315789,0.42105263157894735,0.42105263157894735,0.15789473684210525,0.5263157894736842,0.47368421052631576,0.2631578947368421,0.42105263157894735,0.3157894736842105,0.5789473684210527,0.631578947368421,0.631578947368421,0.15789473684210525,0.42105263157894735,0.3157894736842105,0.42105263157894735,0.3684210526315789,0.43157894736842106
premier_league,2017,LEIC,0.3157894736842105,0.2631578947368421,0.42105263157894735,0.42105263157894735,0.2631578947368421,0.42105263157894735,0.3157894736842105,0.3684210526315789,0.3684210526315789,0.21052631578947367,0.3684210526315789,0.3684210526315789,0.5263157894736842,0.21052631578947367,0.42105263157894735,0.3684210526315789,0.2631578947368421,0.42105263157894735,0.3157894736842105,0.21052631578947367,0.35789473684210527,0.3263157894736842
premier_league,2017,LIVP,0.5263157894736842,0.42105263157894735,0.3684210526315789,0.5263157894736842,0.5263157894736842,0.2631578947368421,0.42105263157894735,0.3684210526315789,0.42105263157894735,0.42105263157894735,0.2631578947368421,0.3684210526315789,0.47368421052631576,0.42105263157894735,0.2631578947368421,0.3684210526315789,0.3157894736842105,0.42105263157894735,0.42105263157894735,0.42105263157894735,0.4,0.4
premier_league,2017,MANC,0.5789473684210527,0.42105263157894735,0.21052631578947367,0.42105263157894735,0.47368421052631576,0.42105263157894735,0.42105263157894735,0.2631578947368421,0.3157894736842105,0.42105263157894735,0.42105263157894735,0.21052631578947367,0.3157894736842105,0.15789473684210525,0.47368421052631576,0.21052631578947367,0.47368421052631576,0.3157894736842105,0.2631578947368421,0.2631578947368421,0.39473684210526316,0.31052631578947365
premier_league,2017,MANU,0.3157894736842105,0.3157894736842105,0.42105263157894735,0.2631578947368421,0.6842105263157895,0.3684210526315789,0.42105263157894735,0.2631578947368421,0.3684210526315789,0.2631578947368421,0.2631578947368421,0.42105263157894735,0.3157894736842105,0.2631578947368421,0.3684210526315789,0.42105263157894735,0.47368421052631576,0.2631578947368421,0.47368421052631576,0.21052631578947367,0.41052631578947374,0.3052631578947368
premier_league,2017,NEW,0.5263157894736842,0.3157894736842105,0.631578947368421,0.5789473684210527,0.2631578947368421,0.42105263157894735,0.21052631578947367,0.47368421052631576,0.21052631578947367,0.3157894736842105,0.21052631578947367,0.3157894736842105,0.21052631578947367,0.47368421052631576,0.42105263157894735,0.47368421052631576,0.5789473684210527,0.5263157894736842,0.3157894736842105,0.47368421052631576,0.35789473684210527,0.43684210526315786
premier_league,2017,SOU,0.5789473684210527,0.5263157894736842,0.21052631578947367,0.5263157894736842,0.3157894736842105,0.5263157894736842,0.2631578947368421,0.47368421052631576,0.6842105263157895,0.2631578947368421,0.2631578947368421,0.47368421052631576,0.5789473684210527,0.21052631578947367,0.47368421052631576,0.3684210526315789,0.3157894736842105,0.3157894736842105,0.15789473684210525,0.3157894736842105,0.38421052631578945,0.4
premier_league,2017,STO,0.47368421052631576,0.5263157894736842,0.3684210526315789,0.631578947368421,0.2631578947368421,0.5263157894736842,0.5263157894736842,0.5263157894736842,0.47368421052631576,0.3684210526315789,0.47368421052631576,0.42105263157894735,0.2631578947368421,0.47368421052631576,0.47368421052631576,0.631578947368421,0.2631578947368421,0.3157894736842105,0.3157894736842105,0.3157894736842105,0.3894736842105263,0.47368421052631576
premier_league,2017,SWA,0.3684210526315789,0.5263157894736842,0.3684210526315789,0.42105263157894735,0.2631578947368421,0.5263157894736842,0.42105263157894735,0.5263157894736842,0.10526315789473684,0.21052631578947367,0.42105263157894735,0.3157894736842105,0.10526315789473684,0.47368421052631576,0.2631578947368421,0.3684210526315789,0.47368421052631576,0.3684210526315789,0.3684210526315789,0.42105263157894735,0.3157894736842105,0.41578947368421043
premier_league,2017,TOT,0.15789473684210525,0.2631578947368421,0.42105263157894735,0.3157894736842105,0.42105263157894735,0.3684210526315789,0.42105263157894735,0.21052631578947367,0.42105263157894735,0.5263157894736842,0.631578947368421,0.42105263157894735,0.3684210526315789,0.3684210526315789,0.3157894736842105,0.21052631578947367,0.5263157894736842,0.47368421052631576,0.3684210526315789,0.5263157894736842,0.4052631578947368,0.3684210526315789
premier_league,2017,WAT,0.47368421052631576,0.21052631578947367,0.2631578947368421,0.3684210526315789,0.42105263157894735,0.3157894736842105,0.47368421052631576,0.5263157894736842,0.47368421052631576,0.3157894736842105,0.21052631578947367,0.47368421052631576,0.2631578947368421,0.15789473684210525,0.2631578947368421,0.42105263157894735,0.3157894736842105,0.42105263157894735,0.47368421052631576,0.47368421052631576,0.36315789473684207,0.368421052631579
premier_league,2017,WBA,0.3684210526315789,0.3157894736842105,0.42105263157894735,0.47368421052631576,0.47368421052631576,0.15789473684210525,0.21052631578947367,0.5263157894736842,0.2631578947368421,0.3157894736842105,0.5789473684210527,0.631578947368421,0.47368421052631576,0.2631578947368421,0.42105263157894735,0.42105263157894735,0.631578947368421,0.3157894736842105,0.47368421052631576,0.21052631578947367,0.43157894736842106,0.363157894736842
premier_league,2017,WHU,0.42105263157894735,0.2631578947368421,0.3684210526315789,0.3157894736842105,0.3157894736842105,0.3157894736842105,0.3684210526315789,0.3157894736842105,0.42105263157894735,0.3684210526315789,0.3684210526315789,0.2631578947368421,0.3684210526315789,0.47368421052631576,0.3684210526315789,0.47368421052631576,0.3157894736842105,0.3157894736842105,0.47368421052631576,0.42105263157894735,0.37894736842105264,0.35263157894736846
premier_league,2018,ARS,0.3684210526315789,0.47368421052631576,0.631578947368421,0.3157894736842105,0.5263157894736842,0.3684210526315789,0.42105263157894735,0.21052631578947367,0.42105263157894735,0.3157894736842105,0.3684210526315789,0.15789473684210525,0.3157894736842105,0.2631578947368421,0.3684210526315789,0.3157894736842105,0.21052631578947367,0.42105263157894735,0.7368421052631579,0.3157894736842105,0.4368421052631578,0.3157894736842105
premier_league,2018,BHA,0.47368421052631576,0.42105263157894735,0.42105263157894735,0.21052631578947367,0.5789473684210527,0.42105263157894735,0.47368421052631576,0.47368421052631576,0.3684210526315789,0.3684210526315789,0.2631578947368421,0.42105263157894735,0.5263157894736842,0.2631578947368421,0.2631578947368421,0.3157894736842105,0.3684210526315789,0.21052631578947367,0.42105263157894735,0.15789473684210525,0.41578947368421043,0.32631578947368417
premier_league,2018,BOU,0.3684210526315789,0.5263157894736842,0.3157894736842105,0.2631578947368421,0.2631578947368421,0.47368421052631576,0.2631578947368421,0.3684210526315789,0.5263157894736842,0.3157894736842105,0.42105263157894735,0.42105263157894735,0.47368421052631576,0.3684210526315789,0.3157894736842105,0.42105263157894735,0.3157894736842105,0.5789473684210527,0.42105263157894735,0.42105263157894735,0.3684210526315789,0.41578947368421054
premier_league,2018,BUR,0.5263157894736842,0.15789473684210525,0.42105263157894735,0.42105263157894735,0.3684210526315789,0.47368421052631576,0.5789473684210527,0.3684210526315789,0.5263157894736842,0.3684210526315789,0.2631578947368421,0.631578947368421,0.3157894736842105,0.2631578947368421,0.2631578947368421,0.47368421052631576,0.42105263157894735,0.15789473684210525,0.21052631578947367,0.2631578947368421,0.38947368421052636,0.35789473684210527
premier_league,2018,CARD,0.21052631578947367,0.42105263157894735,0.42105263157894735,0.47368421052631576,0.3684210526315789,0.47368421052631576,0.3684210526315789,0.47368421052631576,0.47368421052631576,0.42105263157894735,0.3157894736842105,0.3157894736842105,0.42105263157894735,0.3684210526315789,0.42105263157894735,0.5789473684210527,0.5789473684210527,0.3157894736842105,0.42105263157894735,0.3157894736842105,0.4,0.41578947368421054
premier_league,2018,CHE,0.47368421052631576,0.5263157894736842,0.3684210526315789,0.2631578947368421,0.2631578947368421,0.47368421052631576,0.21052631578947367,0.5789473684210527,0.5263157894736842,0.3157894736842105,0.3157894736842105,0.47368421052631576,0.21052631578947367,0.3684210526315789,0.47368421052631576,0.42105263157894735,0.42105263157894735,0.5263157894736842,0.2631578947368421,0.42105263157894735,0.3526315789473684,0.43684210526315786
premier_league,2018,CRY,0.3157894736842105,0.3684210526315789,0.47368421052631576,0.6842105263157895,0.42105263157894735,0.42105263157894735,0.5789473684210527,0.5263157894736842,0.3157894736842105,0.3684210526315789,0.7368421052631579,0.21052631578947367,0.47368421052631576,0.3684210526315789,0.47368421052631576,0.3684210526315789,0.3157894736842105,0.3157894736842105,0.42105263157894735,0.21052631578947367,0.4526315789473685,0.38421052631578945
premier_league,2018,EVE,0.2631578947368421,0.3684210526315789,0.42105263157894735,0.42105263157894735,0.21052631578947367,0.2631578947368421,0.3684210526315789,0.3684210526315789,0.42105263157894735,0.2631578947368421,0.3684210526315789,0.47368421052631576,0.3157894736842105,0.42105263157894735,0.42105263157894735,0.47368421052631576,0.3684210526315789,0.3157894736842105,0.3157894736842105,0.3157894736842105,0.34736842105263155,0.3684210526315789
premier_league,2018,FUL,0.3684210526315789,0.42105263157894735,0.3684210526315789,0.42105263157894735,0.47368421052631576,0.3684210526315789,0.3684210526315789,0.42105263157894735,0.47368421052631576,0.3684210526315789,0.5263157894736842,0.3157894736842105,0.21052631578947367,0.47368421052631576,0.42105263157894735,0.47368421052631576,0.3157894736842105,0.3684210526315789,0.3684210526315789,0.2631578947368421,0.3894736842105263,0.38947368421052625
premier_league,2018,HUD,0.3684210526315789,0.3157894736842105,0.3684210526315789,0.5263157894736842,0.3684210526315789,0.42105263157894735,0.47368421052631576,0.2631578947368421,0.3684210526315789,0.3157894736842105,0.3684210526315789,0.3684210526315789,0.3684210526315789,0.5263157894736842,0.47368421052631576,0.2631578947368421,0.3157894736842105,0.47368421052631576,0.2631578947368421,0.3684210526315789,0.3736842105263158,0.38421052631578945
premier_league,2018,LEIC,0.7894736842105263,0.3157894736842105,0.47368421052631576,0.3157894736842105,0.3684210526315789,0.47368421052631576,0.3157894736842105,0.2631578947368421,0.2631578947368421,0.6842105263157895,0.2631578947368421,0.3684210526315789,0.42105263157894735,0.47368421052631576,0.2631578947368421,0.2631578947368421,0.47368421052631576,0.42105263157894735,0.47368421052631576,0.42105263157894735,0.41052631578947363,0.39999999999999997
premier_league,2018,LIVP,0.42105263157894735,0.2631578947368421,0.21052631578947367,0.42105263157894735,0.2631578947368421,0.15789473684210525,0.3157894736842105,0.47368421052631576,0.42105263157894735,0.3157894736842105,0.2631578947368421,0.3157894736842105,0.2631578947368421,0.3157894736842105,0.2631578947368421,0.3684210526315789,0.5789473684210527,0.3684210526315789,0.42105263157894735,0.42105263157894735,0.3421052631578947,0.3421052631578947
premier_league,2018,MANC,0.631578947368421,0.47368421052631576,0.21052631578947367,0.5789473684210527,0.631578947368421,0.42105263157894735,0.47368421052631576,0.3684210526315789,0.3684210526315789,0.47368421052631576,0.3157894736842105,0.3684210526315789,0.47368421052631576,0.3684210526315789,0.3684210526315789,0.42105263157894735,0.3684210526315789,0.42105263157894735,0.47368421052631576,0.3684210526315789,0.43157894736842095,0.42631578947368426
premier_league,2018,MANU,0.47368421052631576,0.21052631578947367,0.3684210526315789,0.5263157894736842,0.47368421052631576,0.3157894736842105,0.21052631578947367,0.2631578947368421,0.21052631578947367,0.3157894736842105,0.42105263157894735,0.5263157894736842,0.42105263157894735,0.5789473684210527,0.5263157894736842,0.21052631578947367,0.47368421052631576,0.3157894736842105,0.42105263157894735,0.5263157894736842,0.4,0.37894736842105264
premier_league,2018,NEW,0.10526315789473684,0.3684210526315789,0.3684210526315789,0.3157894736842105,0.3684210526315789,0.3157894736842105,0.2631578947368421,0.3684210526315789,0.21052631578947367,0.2631578947368421,0.5263157894736842,0.42105263157894735,0.42105263157894735,0.47368421052631576,0.42105263157894735,0.5263157894736842,0.3157894736842105,0.21052631578947367,0.5263157894736842,0.631578947368421,0.3526315789473684,0.3894736842105263
premier_league,2018,SOU,0.2631578947368421,0.2631578947368421,0.42105263157894735,0.47368421052631576,0.3157894736842105,0.3684210526315789,0.21052631578947367,0.2631578947368421,0.42105263157894735,0.42105263157894735,0.2631578947368421,0.3157894736842105,0.5789473684210527,0.42105263157894735,0.5263157894736842,0.3157894736842105,0.3157894736842105,0.21052631578947367,0.3157894736842105,0.47368421052631576,0.36315789473684207,0.3526315789473684
premier_league,2018,TOT,0.42105263157894735,0.47368421052631576,0.3684210526315789,0.2631578947368421,0.3684210526315789,0.42105263157894735,0.42105263157894735,0.42105263157894735,0.3684210526315789,0.47368421052631576,0.3684210526315789,0.42105263157894735,0.15789473684210525,0.3684210526315789,0.42105263157894735,0.42105263157894735,0.15789473684210525,0.3684210526315789,0.3157894736842105,0.3157894736842105,0.33684210526315794,0.39473684210526316
premier_league,2018,WAT,0.2631578947368421,0.5263157894736842,0.42105263157894735,0.5263157894736842,0.21052631578947367,0.3684210526315789,0.42105263157894735,0.2631578947368421,0.21052631578947367,0.3157894736842105,0.3684210526315789,0.631578947368421,0.3157894736842105,0.42105263157894735,0.21052631578947367,0.3157894736842105,0.42105263157894735,0.5263157894736842,0.42105263157894735,0.10526315789473684,0.32631578947368417,0.39999999999999997
premier_league,2018,WHU,0.47368421052631576,0.3157894736842105,0.3684210526315789,0.42105263157894735,0.47368421052631576,0.2631578947368421,0.6842105263157895,0.3157894736842105,0.21052631578947367,0.5789473684210527,0.3684210526315789,0.5263157894736842,0.5263157894736842,0.47368421052631576,0.42105263157894735,0.3684210526315789,0.3684210526315789,0.3157894736842105,0.3157894736842105,0.21052631578947367,0.42105263157894735,0.37894736842105264
premier_league,2018,WOLV,0.5789473684210527,0.3157894736842105,0.2631578947368421,0.42105263157894735,0.3157894736842105,0.3157894736842105,0.3684210526315789,0.42105263157894735,0.42105263157894735,0.21052631578947367,0.47368421052631576,0.3684210526315789,0.2631578947368421,0.3684210526315789,0.3684210526315789,0.47368421052631576,0.21052631578947367,0.3157894736842105,0.47368421052631576,0.3684210526315789,0.37368421052631573,0.3578947368421052
premier_league,2019,ARS,0.3157894736842105,0.3684210526315789,0.2631578947368421,0.3157894736842105,0.47368421052631576,0.3157894736842105,0.42105263157894735,0.47368421052631576,0.3157894736842105,0.42105263157894735,0.2631578947368421,0.5789473684210527,0.21052631578947367,0.47368421052631576,0.15789473684210525,0.3684210526315789,0.47368421052631576,0.21052631578947367,0.2631578947368421,0.21052631578947367,0.3157894736842105,0.37368421052631573
premier_league,2019,AVL,0.21052631578947367,0.5263157894736842,0.3684210526315789,0.3157894736842105,0.42105263157894735,0.3684210526315789,0.47368421052631576,0.3157894736842105,0.3157894736842105,0.2631578947368421,0.2631578947368421,0.3684210526315789,0.3684210526315789,0.42105263157894735,0.42105263157894735,0.3684210526315789,0.2631578947368421,0.2631578947368421,0.2631578947368421,0.631578947368421,0.3368421052631579,0.38421052631578945
premier_league,2019,BHA,0.42105263157894735,0.3684210526315789,0.5263157894736842,0.42105263157894735,0.3684210526315789,0.2631578947368421,0.5263157894736842,0.15789473684210525,0.47368421052631576,0.2631578947368421,0.2631578947368421,0.47368421052631576,0.5789473684210527,0.47368421052631576,0.2631578947368421,0.5789473684210527,0.42105263157894735,0.3684210526315789,0.21052631578947367,0.5263157894736842,0.4052631578947368,0.3894736842105263
premier_league,2019,BOU,0.42105263157894735,0.3684210526315789,0.2631578947368421,0.21052631578947367,0.3157894736842105,0.3684210526315789,0.47368421052631576,0.3157894736842105,0.47368421052631576,0.3157894736842105,0.2631578947368421,0.47368421052631576,0.47368421052631576,0.42105263157894735,0.3684210526315789,0.42105263157894735,0.2631578947368421,0.2631578947368421,0.42105263157894735,0.42105263157894735,0.37368421052631573,0.3578947368421052
premier_league,2019,BUR,0.6842105263157895,0.3157894736842105,0.42105263157894735,0.3157894736842105,0.47368421052631576,0.47368421052631576,0.2631578947368421,0.15789473684210525,0.47368421052631576,0.5789473684210527,0.3684210526315789,0.47368421052631576,0.3684210526315789,0.2631578947368421,0.42105263157894735,0.47368421052631576,0.47368421052631576,0.3684210526315789,0.6842105263157895,0.5263157894736842,0.4631578947368421,0.3947368421052631
premier_league,2019,CHE,0.3157894736842105,0.2631578947368421,0.42105263157894735,0.42105263157894735,0.47368421052631576,0.15789473684210525,0.3157894736842105,0.5263157894736842,0.3684210526315789,0.2631578947368421,0.10526315789473684,0.5263157894736842,0.3157894736842105,0.2631578947368421,0.2631578947368421,0.3157894736842105,0.3157894736842105,0.47368421052631576,0.21052631578947367,0.3684210526315789,0.31052631578947365,0.3578947368421052
premier_league,2019,CRY,0.47368421052631576,0.3157894736842105,0.15789473684210525,0.2631578947368421,0.3684210526315789,0.3684210526315789,0.3684210526315789,0.3157894736842105,0.21052631578947367,0.42105263157894735,0.5263157894736842,0.15789473684210525,0.631578947368421,0.42105263157894735,0.5789473684210527,0.15789473684210525,0.42105263157894735,0.2631578947368421,0.47368421052631576,0.3684210526315789,0.42105263157894735,0.3052631578947368
premier_league,2019,EVE,0.3157894736842105,0.5263157894736842,0.6842105263157895,0.47368421052631576,0.2631578947368421,0.3684210526315789,0.3684210526315789,0.42105263157894735,0.47368421052631576,0.2631578947368421,0.3684210526315789,0.3157894736842105,0.2631578947368421,0.3684210526315789,0.3157894736842105,0.42105263157894735,0.3157894736842105,0.2631578947368421,0.15789473684210525,0.3157894736842105,0.3526315789473684,0.3736842105263158
premier_league,2019,LEIC,0.5263157894736842,0.5789473684210527,0.3157894736842105,0.42105263157894735,0.5263157894736842,0.47368421052631576,0.3684210526315789,0.5263157894736842,0.15789473684210525,0.3684210526315789,0.3684210526315789,0.3684210526315789,0.21052631578947367,0.2631578947368421,0.2631578947368421,0.3157894736842105,0.2631578947368421,0.3684210526315789,0.3684210526315789,0.3684210526315789,0.33684210526315783,0.4052631578947368
premier_league,2019,LIVP,0.5263157894736842,0.42105263157894735,0.47368421052631576,0.3684210526315789,0.42105263157894735,0.42105263157894735,0.47368421052631576,0.3157894736842105,0.3157894736842105,0.47368421052631576,0.47368421052631576,0.3157894736842105,0.5263157894736842,0.5263157894736842,0.3684210526315789,0.3157894736842105,0.3684210526315789,0.15789473684210525,0.21052631578947367,0.42105263157894735,0.41578947368421043,0.3736842105263158
premier_league,2019,MANC,0.3157894736842105,0.3157894736842105,0.47368421052631576,0.47368421052631576,0.3684210526315789,0.47368421052631576,0.3157894736842105,0.47368421052631576,0.3684210526315789,0.3157894736842105,0.3684210526315789,0.3157894736842105,0.3157894736842105,0.3157894736842105,0.3157894736842105,0.3684210526315789,0.3157894736842105,0.47368421052631576,0.3684210526315789,0.3157894736842105,0.3526315789473684,0.38421052631578945
premier_league,2019,MANU,0.3157894736842105,0.3684210526315789,0.47368421052631576,0.2631578947368421,0.42105263157894735,0.2631578947368421,0.3157894736842105,0.21052631578947367,0.3684210526315789,0.2631578947368421,0.2631578947368421,0.47368421052631576,0.47368421052631576,0.21052631578947367,0.3684210526315789,0.47368421052631576,0.3684210526315789,0.21052631578947367,0.47368421052631576,0.2631578947368421,0.38421052631578945,0.29999999999999993
premier_league,2019,NEW,0.3684210526315789,0.2631578947368421,0.42105263157894735,0.3684210526315789,0.3684210526315789,0.42105263157894735,0.3157894736842105,0.47368421052631576,0.2631578947368421,0.21052631578947367,0.42105263157894735,0.42105263157894735,0.47368421052631576,0.3157894736842105,0.15789473684210525,0.5263157894736842,0.3157894736842105,0.5263157894736842,0.3684210526315789,0.47368421052631576,0.34736842105263155,0.4
premier_league,2019,NOR,0.2631578947368421,0.631578947368421,0.3684210526315789,0.3684210526315789,0.5263157894736842,0.5789473684210527,0.42105263157894735,0.5263157894736842,0.5789473684210527,0.3684210526315789,0.47368421052631576,0.42105263157894735,0.2631578947368421,0.3684210526315789,0.3157894736842105,0.3157894736842105,0.3684210526315789,0.3684210526315789,0.5263157894736842,0.3157894736842105,0.41052631578947363,0.42631578947368415
premier_league,2019,SHU,0.3157894736842105,0.2631578947368421,0.3684210526315789,0.5263157894736842,0.2631578947368421,0.5789473684210527,0.3684210526315789,0.3684210526315789,0.3157894736842105,0.2631578947368421,0.3684210526315789,0.3684210526315789,0.42105263157894735,0.3684210526315789,0.3684210526315789,0.2631578947368421,0.47368421052631576,0.3157894736842105,0.42105263157894735,0.2631578947368421,0.3684210526315789,0.35789473684210527
premier_league,2019,SOU,0.5263157894736842,0.3157894736842105,0.5263157894736842,0.3157894736842105,0.3684210526315789,0.42105263157894735,0.42105263157894735,0.2631578947368421,0.2631578947368421,0.3684210526315789,0.3157894736842105,0.2631578947368421,0.21052631578947367,0.3684210526315789,0.3684210526315789,0.3157894736842105,0.3684210526315789,0.5263157894736842,0.47368421052631576,0.47368421052631576,0.38421052631578945,0.36315789473684207
premier_league,2019,TOT,0.3157894736842105,0.3157894736842105,0.42105263157894735,0.2631578947368421,0.42105263157894735,0.2631578947368421,0.5263157894736842,0.3157894736842105,0.21052631578947367,0.5263157894736842,0.5263157894736842,0.3157894736842105,0.3684210526315789,0.21052631578947367,0.5263157894736842,0.21052631578947367,0.47368421052631576,0.3157894736842105,0.42105263157894735,0.3157894736842105,0.42105263157894735,0.30526315789473685
premier_league,2019,WAT,0.2631578947368421,0.3157894736842105,0.2631578947368421,0.2631578947368421,0.21052631578947367,0.47368421052631576,0.42105263157894735,0.3684210526315789,0.3157894736842105,0.42105263157894735,0.3684210526315789,0.42105263157894735,0.42105263157894735,0.3684210526315789,0.5263157894736842,0.5263157894736842,0.2631578947368421,0.47368421052631576,0.47368421052631576,0.631578947368421,0.3526315789473684,0.42631578947368426
premier_league,2019,WHU,0.3684210526315789,0.2631578947368421,0.3157894736842105,0.47368421052631576,0.3157894736842105,0.2631578947368421,0.42105263157894735,0.42105263157894735,0.3157894736842105,0.3157894736842105,0.47368421052631576,0.3157894736842105,0.21052631578947367,0.631578947368421,0.3684210526315789,0.3157894736842105,0.5789473684210527,0.5263157894736842,0.3157894736842105,0.3684210526315789,0.368421052631579,0.3894736842105263
premier_league,2019,WOLV,0.5789473684210527,0.21052631578947367,0.42105263157894735,0.2631578947368421,0.42105263157894735,0.42105263157894735,0.3157894736842105,0.3684210526315789,0.5789473684210527,0.5263157894736842,0.47368421052631576,0.42105263157894735,0.3684210526315789,0.3684210526315789,0.5789473684210527,0.6842105263157895,0.42105263157894735,0.3157894736842105,0.3684210526315789,0.15789473684210525,0.4526315789473684,0.3736842105263158
premier_league,2020,ARS,0.3157894736842105,0.47368421052631576,0.5263157894736842,0.5263157894736842,0.5263157894736842,0.3157894736842105,0.3157894736842105,0.47368421052631576,0.42105263157894735,0.3157894736842105,0.3157894736842105,0.2631578947368421,0.3684210526315789,0.47368421052631576,0.3157894736842105,0.3157894736842105,0.42105263157894735,0.3684210526315789,0.42105263157894735,0.3684210526315789,0.39473684210526316,0.3894736842105263
premier_league,2020,AVL,0.42105263157894735,0.3157894736842105,0.42105263157894735,0.3684210526315789,0.42105263157894735,0.47368421052631576,0.2631578947368421,0.3157894736842105,0.3157894736842105,0.42105263157894735,0.47368421052631576,0.21052631578947367,0.3684210526315789,0.47368421052631576,0.2631578947368421,0.21052631578947367,0.3684210526315789,0.47368421052631576,0.3684210526315789,0.42105263157894735,0.36842105263157887,0.3684210526315789
premier_league,2020,BHA,0.42105263157894735,0.3684210526315789,0.42105263157894735,0.42105263157894735,0.2631578947368421,0.3684210526315789,0.3157894736842105,0.3684210526315789,0.3157894736842105,0.2631578947368421,0.47368421052631576,0.42105263157894735,0.3684210526315789,0.3684210526315789,0.3684210526315789,0.5263157894736842,0.3684210526315789,0.3684210526315789,0.2631578947368421,0.5263157894736842,0.3578947368421052,0.3999999999999999
premier_league,2020,BUR,0.15789473684210525,0.15789473684210525,0.3684210526315789,0.42105263157894735,0.5263157894736842,0.5263157894736842,0.47368421052631576,0.42105263157894735,0.2631578947368421,0.3684210526315789,0.42105263157894735,0.3684210526315789,0.21052631578947367,0.5789473684210527,0.47368421052631576,0.2631578947368421,0.3157894736842105,0.47368421052631576,0.2631578947368421,0.42105263157894735,0.34736842105263155,0.4
premier_league,2020,CHE,0.47368421052631576,0.5789473684210527,0.21052631578947367,0.2631578947368421,0.3157894736842105,0.5789473684210527,0.3684210526315789,0.631578947368421,0.5263157894736842,0.3684210526315789,0.21052631578947367,0.21052631578947367,0.47368421052631576,0.5789473684210527,0.15789473684210525,0.2631578947368421,0.5263157894736842,0.42105263157894735,0.42105263157894735,0.47368421052631576,0.36842105263157887,0.43684210526315786
premier_league,2020,CRY,0.42105263157894735,0.47368421052631576,0.47368421052631576,0.42105263157894735,0.47368421052631576,0.42105263157894735,0.2631578947368421,0.2631578947368421,0.5263157894736842,0.3157894736842105,0.3684210526315789,0.47368421052631576,0.21052631578947367,0.47368421052631576,0.42105263157894735,0.5263157894736842,0.47368421052631576,0.47368421052631576,0.3684210526315789,0.3684210526315789,0.39999999999999997,0.42105263157894735
premier_league,2020,EVE,0.21052631578947367,0.3684210526315789,0.3684210526315789,0.42105263157894735,0.3684210526315789,0.3684210526315789,0.2631578947368421,0.5789473684210527,0.47368421052631576,0.47368421052631576,0.631578947368421,0.3684210526315789,0.15789473684210525,0.42105263157894735,0.47368421052631576,0.42105263157894735,0.2631578947368421,0.42105263157894735,0.3684210526315789,0.21052631578947367,0.3578947368421052,0.4052631578947368
premier_league,2020,FUL,0.5263157894736842,0.42105263157894735,0.3684210526315789,0.3684210526315789,0.2631578947368421,0.15789473684210525,0.2631578947368421,0.5789473684210527,0.3157894736842105,0.42105263157894735,0.3157894736842105,0.21052631578947367,0.47368421052631576,0.2631578947368421,0.2631578947368421,0.42105263157894735,0.21052631578947367,0.2631578947368421,0.5263157894736842,0.3684210526315789,0.3526315789473684,0.34736842105263155
premier_league,2020,LEE,0.3684210526315789,0.3684210526315789,0.2631578947368421,0.42105263157894735,0.5263157894736842,0.3684210526315789,0.3157894736842105,0.3157894736842105,0.47368421052631576,0.15789473684210525,0.3157894736842105,0.21052631578947367,0.47368421052631576,0.47368421052631576,0.2631578947368421,0.631578947368421,0.3157894736842105,0.3684210526315789,0.5263157894736842,0.3157894736842105,0.38421052631578945,0.36315789473684207
premier_league,2020,LEIC,0.21052631578947367,0.2631578947368421,0.42105263157894735,0.5263157894736842,0.47368421052631576,0.631578947368421,0.631578947368421,0.15789473684210525,0.47368421052631576,0.3157894736842105,0.3157894736842105,0.3684210526315789,0.5789473684210527,0.2631578947368421,0.5263157894736842,0.3157894736842105,0.2631578947368421,0.42105263157894735,0.5789473684210527,0.21052631578947367,0.4473684210526315,0.3473684210526316
premier_league,2020,LIVP,0.47368421052631576,0.47368421052631576,0.3157894736842105,0.3157894736842105,0.5789473684210527,0.42105263157894735,0.3684210526315789,0.3684210526315789,0.3684210526315789,0.3684210526315789,0.42105263157894735,0.15789473684210525,0.47368421052631576,0.42105263157894735,0.2631578947368421,0.42105263157894735,0.47368421052631576,0.3157894736842105,0.3684210526315789,0.5789473684210527,0.41052631578947374,0.38421052631578945
premier_league,2020,MANC,0.15789473684210525,0.3157894736842105,0.2631578947368421,0.47368421052631576,0.2631578947368421,0.3684210526315789,0.42105263157894735,0.15789473684210525,0.3684210526315789,0.2631578947368421,0.42105263157894735,0.42105263157894735,0.5263157894736842,0.3684210526315789,0.47368421052631576,0.3157894736842105,0.47368421052631576,0.15789473684210525,0.3684210526315789,0.3684210526315789,0.37368421052631573,0.32105263157894737
premier_league,2020,MANU,0.3157894736842105,0.47368421052631576,0.47368421052631576,0.3157894736842105,0.3157894736842105,0.10526315789473684,0.2631578947368421,0.47368421052631576,0.3684210526315789,0.47368421052631576,0.42105263157894735,0.5789473684210527,0.3157894736842105,0.3157894736842105,0.3157894736842105,0.42105263157894735,0.47368421052631576,0.3684210526315789,0.3157894736842105,0.3157894736842105,0.3578947368421053,0.38421052631578945
premier_league,2020,NEW,0.15789473684210525,0.10526315789473684,0.47368421052631576,0.3157894736842105,0.3684210526315789,0.3157894736842105,0.47368421052631576,0.42105263157894735,0.21052631578947367,0.42105263157894735,0.3684210526315789,0.42105263157894735,0.15789473684210525,0.2631578947368421,0.42105263157894735,0.2631578947368421,0.3157894736842105,0.42105263157894735,0.2631578947368421,0.47368421052631576,0.32105263157894737,0.34210526315789475
premier_league,2020,SHU,0.2631578947368421,0.3157894736842105,0.3684210526315789,0.2631578947368421,0.47368421052631576,0.3157894736842105,0.21052631578947367,0.42105263157894735,0.15789473684210525,0.3684210526315789,0.42105263157894735,0.3684210526315789,0.3684210526315789,0.2631578947368421,0.21052631578947367,0.42105263157894735,0.3157894736842105,0.47368421052631576,0.5263157894736842,0.2631578947368421,0.3315789473684211,0.3473684210526316
premier_league,2020,SOU,0.3684210526315789,0.3157894736842105,0.3157894736842105,0.3684210526315789,0.2631578947368421,0.47368421052631576,0.5789473684210527,0.3684210526315789,0.5789473684210527,0.47368421052631576,0.21052631578947367,0.5263157894736842,0.5789473684210527,0.5263157894736842,0.3157894736842105,0.3157894736842105,0.47368421052631576,0.3157894736842105,0.42105263157894735,0.5789473684210527,0.41052631578947363,0.42631578947368426
premier_league,2020,TOT,0.2631578947368421,0.2631578947368421,0.15789473684210525,0.2631578947368421,0.3684210526315789,0.47368421052631576,0.5263157894736842,0.2631578947368421,0.3157894736842105,0.42105263157894735,0.47368421052631576,0.5263157894736842,0.42105263157894735,0.2631578947368421,0.2631578947368421,0.3157894736842105,0.2631578947368421,0.3684210526315789,0.3157894736842105,0.21052631578947367,0.3368421052631579,0.3368421052631579
premier_league,2020,WBA,0.47368421052631576,0.5263157894736842,0.2631578947368421,0.42105263157894735,0.21052631578947367,0.5789473684210527,0.5263157894736842,0.10526315789473684,0.2631578947368421,0.47368421052631576,0.5263157894736842,0.3684210526315789,0.42105263157894735,0.3684210526315789,0.21052631578947367,0.3684210526315789,0.42105263157894735,0.3684210526315789,0.47368421052631576,0.3684210526315789,0.3789473684210526,0.3947368421052631
premier_league,2020,WHU,0.3684210526315789,0.3684210526315789,0.3157894736842105,0.3684210526315789,0.47368421052631576,0.21052631578947367,0.3684210526315789,0.21052631578947367,0.42105263157894735,0.5263157894736842,0.47368421052631576,0.42105263157894735,0.47368421052631576,0.3157894736842105,0.5789473684210527,0.5263157894736842,0.3157894736842105,0.21052631578947367,0.2631578947368421,0.42105263157894735,0.4052631578947368,0.35789473684210527
premier_league,2020,WOLV,0.5263157894736842,0.42105263157894735,0.42105263157894735,0.15789473684210525,0.42105263157894735,0.3684210526315789,0.3684210526315789,0.3157894736842105,0.21052631578947367,0.47368421052631576,0.3684210526315789,0.3157894736842105,0.5263157894736842,0.42105263157894735,0.21052631578947367,0.2631578947368421,0.15789473684210525,0.3684210526315789,0.5263157894736842,0.2631578947368421,0.3736842105263158,0.33684210526315783
premier_league,2021,ARS,0.2631578947368421,0.3157894736842105,0.47368421052631576,0.5789473684210527,0.21052631578947367,0.3684210526315789,0.42105263157894735,0.47368421052631576,0.3157894736842105,0.3684210526315789,0.3684210526315789,0.2631578947368421,0.5789473684210527,0.3684210526315789,0.3684210526315789,0.42105263157894735,0.3684210526315789,0.3684210526315789,0.21052631578947367,0.3684210526315789,0.3578947368421052,0.3894736842105263
premier_league,2021,AVL,0.3684210526315789,0.3157894736842105,0.21052631578947367,0.3157894736842105,0.21052631578947367,0.5263157894736842,0.42105263157894735,0.21052631578947367,0.15789473684210525,0.47368421052631576,0.3157894736842105,0.3157894736842105,0.3157894736842105,0.2631578947368421,0.5263157894736842,0.3157894736842105,0.47368421052631576,0.21052631578947367,0.5263157894736842,0.15789473684210525,0.3526315789473684,0.31052631578947365
premier_league,2021,BHA,0.42105263157894735,0.3157894736842105,0.47368421052631576,0.5263157894736842,0.3684210526315789,0.5263157894736842,0.47368421052631576,0.2631578947368421,0.47368421052631576,0.2631578947368421,0.47368421052631576,0.47368421052631576,0.47368421052631576,0.42105263157894735,0.3684210526315789,0.5263157894736842,0.3157894736842105,0.42105263157894735,0.5789473684210527,0.47368421052631576,0.44210526315789467,0.42105263157894735
premier_league,2021,BRNT,0.3157894736842105,0.42105263157894735,0.3684210526315789,0.2631578947368421,0.42105263157894735,0.42105263157894735,0.6842105263157895,0.47368421052631576,0.3684210526315789,0.15789473684210525,0.3684210526315789,0.2631578947368421,0.3684210526315789,0.42105263157894735,0.42105263157894735,0.42105263157894735,0.3157894736842105,0.42105263157894735,0.3684210526315789,0.42105263157894735,0.39999999999999997,0.3684210526315789
premier_league,2021,BUR,0.3157894736842105,0.3157894736842105,0.3157894736842105,0.21052631578947367,0.3684210526315789,0.3157894736842105,0.2631578947368421,0.42105263157894735,0.2631578947368421,0.3684210526315789,0.5263157894736842,0.15789473684210525,0.21052631578947367,0.3684210526315789,0.3157894736842105,0.42105263157894735,0.42105263157894735,0.21052631578947367,0.21052631578947367,0.3684210526315789,0.32105263157894737,0.3157894736842105
premier_league,2021,CHE,0.3684210526315789,0.3157894736842105,0.42105263157894735,0.42105263157894735,0.47368421052631576,0.47368421052631576,0.42105263157894735,0.42105263157894735,0.3157894736842105,0.2631578947368421,0.10526315789473684,0.3157894736842105,0.2631578947368421,0.3684210526315789,0.5263157894736842,0.5263157894736842,0.3684210526315789,0.42105263157894735,0.3157894736842105,0.5263157894736842,0.3578947368421052,0.4052631578947368
premier_league,2021,CRY,0.3684210526315789,0.2631578947368421,0.3684210526315789,0.5263157894736842,0.47368421052631576,0.5263157894736842,0.3157894736842105,0.3684210526315789,0.47368421052631576,0.5263157894736842,0.7368421052631579,0.3157894736842105,0.47368421052631576,0.47368421052631576,0.2631578947368421,0.631578947368421,0.3684210526315789,0.42105263157894735,0.47368421052631576,0.47368421052631576,0.43157894736842095,0.4526315789473684
premier_league,2021,EVE,0.42105263157894735,0.5263157894736842,0.42105263157894735,0.5789473684210527,0.5263157894736842,0.3684210526315789,0.5263157894736842,0.2631578947368421,0.47368421052631576,0.47368421052631576,0.47368421052631576,0.42105263157894735,0.47368421052631576,0.3684210526315789,0.21052631578947367,0.3684210526315789,0.3684210526315789,0.5263157894736842,0.42105263157894735,0.5789473684210527,0.43157894736842106,0.4473684210526315
premier_league,2021,LEE,0.3684210526315789,0.2631578947368421,0.5263157894736842,0.42105263157894735,0.47368421052631576,0.5789473684210527,0.2631578947368421,0.42105263157894735,0.2631578947368421,0.631578947368421,0.3157894736842105,0.2631578947368421,0.42105263157894735,0.47368421052631576,0.47368421052631576,0.21052631578947367,0.42105263157894735,0.42105263157894735,0.2631578947368421,0.3157894736842105,0.3789473684210526,0.39999999999999997
premier_league,2021,LEIC,0.2631578947368421,0.15789473684210525,0.3684210526315789,0.3684210526315789,0.42105263157894735,0.2631578947368421,0.3684210526315789,0.47368421052631576,0.3157894736842105,0.3157894736842105,0.21052631578947367,0.631578947368421,0.3157894736842105,0.42105263157894735,0.5263157894736842,0.15789473684210525,0.2631578947368421,0.42105263157894735,0.15789473684210525,0.2631578947368421,0.32105263157894737,0.34736842105263155
premier_league,2021,LIVP,0.3684210526315789,0.3684210526315789,0.47368421052631576,0.3157894736842105,0.3157894736842105,0.3157894736842105,0.47368421052631576,0.3684210526315789,0.3157894736842105,0.3684210526315789,0.42105263157894735,0.3684210526315789,0.3157894736842105,0.3684210526315789,0.3157894736842105,0.3157894736842105,0.3684210526315789,0.21052631578947367,0.47368421052631576,0.2631578947368421,0.38421052631578945,0.3263157894736842
premier_league,2021,MANC,0.3684210526315789,0.3684210526315789,0.3157894736842105,0.3684210526315789,0.2631578947368421,0.47368421052631576,0.2631578947368421,0.42105263157894735,0.2631578947368421,0.3684210526315789,0.10526315789473684,0.5263157894736842,0.3157894736842105,0.3157894736842105,0.3157894736842105,0.21052631578947367,0.5789473684210527,0.47368421052631576,0.47368421052631576,0.42105263157894735,0.3263157894736842,0.39473684210526316
premier_league,2021,MANU,0.5789473684210527,0.47368421052631576,0.2631578947368421,0.47368421052631576,0.3684210526315789,0.3684210526315789,0.21052631578947367,0.3157894736842105,0.3157894736842105,0.3684210526315789,0.3157894736842105,0.5263157894736842,0.3684210526315789,0.42105263157894735,0.42105263157894735,0.3157894736842105,0.3684210526315789,0.3157894736842105,0.3684210526315789,0.2631578947368421,0.3578947368421052,0.38421052631578945
premier_league,2021,NEW,0.3157894736842105,0.3684210526315789,0.47368421052631576,0.42105263157894735,0.42105263157894735,0.47368421052631576,0.3157894736842105,0.42105263157894735,0.47368421052631576,0.42105263157894735,0.3157894736842105,0.3684210526315789,0.42105263157894735,0.5263157894736842,0.3684210526315789,0.21052631578947367,0.42105263157894735,0.3684210526315789,0.42105263157894735,0.47368421052631576,0.39473684210526316,0.4052631578947368
premier_league,2021,NOR,0.47368421052631576,0.3157894736842105,0.2631578947368421,0.3684210526315789,0.5789473684210527,0.21052631578947367,0.5263157894736842,0.6842105263157895,0.5263157894736842,0.3684210526315789,0.3684210526315789,0.15789473684210525,0.47368421052631576,0.3157894736842105,0.42105263157894735,0.5263157894736842,0.47368421052631576,0.2631578947368421,0.2631578947368421,0.7368421052631579,0.43684210526315786,0.39473684210526316
premier_league,2021,SOU,0.47368421052631576,0.42105263157894735,0.42105263157894735,0.42105263157894735,0.3684210526315789,0.42105263157894735,0.15789473684210525,0.42105263157894735,0.5263157894736842,0.42105263157894735,0.15789473684210525,0.3157894736842105,0.15789473684210525,0.15789473684210525,0.3157894736842105,0.21052631578947367,0.42105263157894735,0.3157894736842105,0.3157894736842105,0.3684210526315789,0.33157894736842103,0.34736842105263155
premier_league,2021,TOT,0.42105263157894735,0.2631578947368421,0.5263157894736842,0.2631578947368421,0.42105263157894735,0.21052631578947367,0.47368421052631576,0.3684210526315789,0.47368421052631576,0.47368421052631576,0.3684210526315789,0.3684210526315789,0.42105263157894735,0.3684210526315789,0.3157894736842105,0.3157894736842105,0.2631578947368421,0.21052631578947367,0.5263157894736842,0.42105263157894735,0.42105263157894735,0.3263157894736842
premier_league,2021,WAT,0.3157894736842105,0.3157894736842105,0.3684210526315789,0.21052631578947367,0.3684210526315789,0.21052631578947367,0.5263157894736842,0.3157894736842105,0.2631578947368421,0.10526315789473684,0.42105263157894735,0.3684210526315789,0.3157894736842105,0.10526315789473684,0.8421052631578947,0.2631578947368421,0.42105263157894735,0.3157894736842105,0.42105263157894735,0.5789473684210527,0.42631578947368415,0.2789473684210526
premier_league,2021,WHU,0.2631578947368421,0.42105263157894735,0.47368421052631576,0.2631578947368421,0.5789473684210527,0.6842105263157895,0.2631578947368421,0.47368421052631576,0.5263157894736842,0.47368421052631576,0.42105263157894735,0.3684210526315789,0.47368421052631576,0.2631578947368421,0.3157894736842105,0.7894736842105263,0.15789473684210525,0.3684210526315789,0.3684210526315789,0.5263157894736842,0.38421052631578945,0.46315789473684205
premier_league,2021,WOLV,0.3157894736842105,0.5789473684210527,0.2631578947368421,0.47368421052631576,0.47368421052631576,0.2631578947368421,0.2631578947368421,0.47368421052631576,0.2631578947368421,0.3157894736842105,0.47368421052631576,0.2631578947368421,0.3684210526315789,0.5263157894736842,0.3684210526315789,0.3684210526315789,0.3684210526315789,0.5789473684210527,0.3684210526315789,0.5263157894736842,0.3526315789473684,0.43684210526315786
premier_league,2022,ARS,0.5789473684210527,0.42105263157894735,0.5263157894736842,0.42105263157894735,0.2631578947368421,0.42105263157894735,0.47368421052631576,0.2631578947368421,0.15789473684210525,0.3157894736842105,0.2631578947368421,0.42105263157894735,0.15789473684210525,0.47368421052631576,0.47368421052631576,0.3157894736842105,0.5263157894736842,0.3684210526315789,0.3684210526315789,0.42105263157894735,0.3789473684210526,0.38421052631578945
premier_league,2022,AVL,0.3157894736842105,0.3157894736842105,0.5789473684210527,0.3157894736842105,0.42105263157894735,0.15789473684210525,0.21052631578947367,0.3684210526315789,0.42105263157894735,0.47368421052631576,0.3157894736842105,0.21052631578947367,0.3684210526315789,0.42105263157894735,0.2631578947368421,0.47368421052631576,0.47368421052631576,0.2631578947368421,0.5263157894736842,0.3684210526315789,0.3894736842105263,0.33684210526315783
premier_league,2022,BHA,0.5263157894736842,0.15789473684210525,0.42105263157894735,0.3157894736842105,0.3684210526315789,0.3684210526315789,0.2631578947368421,0.47368421052631576,0.5263157894736842,0.5263157894736842,0.3157894736842105,0.3684210526315789,0.15789473684210525,0.3684210526315789,0.42105263157894735,0.3684210526315789,0.42105263157894735,0.21052631578947367,0.42105263157894735,0.5263157894736842,0.38421052631578945,0.36842105263157887
premier_league,2022,BOU,0.3157894736842105,0.21052631578947367,0.21052631578947367,0.3684210526315789,0.42105263157894735,0.2631578947368421,0.47368421052631576,0.3684210526315789,0.6842105263157895,0.3157894736842105,0.5263157894736842,0.3684210526315789,0.42105263157894735,0.5789473684210527,0.3684210526315789,0.3684210526315789,0.47368421052631576,0.3684210526315789,0.631578947368421,0.3157894736842105,0.4526315789473684,0.3526315789473684
premier_league,2022,BRNT,0.47368421052631576,0.3684210526315789,0.631578947368421,0.5789473684210527,0.42105263157894735,0.15789473684210525,0.2631578947368421,0.3684210526315789,0.3157894736842105,0.3684210526315789,0.3157894736842105,0.47368421052631576,0.3684210526315789,0.47368421052631576,0.2631578947368421,0.3684210526315789,0.3157894736842105,0.3157894736842105,0.42105263157894735,0.5263157894736842,0.3789473684210526,0.4
premier_league,2022,CHE,0.3684210526315789,0.5263157894736842,0.47368421052631576,0.3157894736842105,0.3684210526315789,0.15789473684210525,0.3684210526315789,0.3157894736842105,0.5263157894736842,0.631578947368421,0.2631578947368421,0.3157894736842105,0.47368421052631576,0.5789473684210527,0.3684210526315789,0.2631578947368421,0.5789473684210527,0.21052631578947367,0.42105263157894735,0.21052631578947367,0.42105263157894735,0.3526315789473683
premier_league,2022,CRY,0.3684210526315789,0.21052631578947367,0.3684210526315789,0.42105263157894735,0.15789473684210525,0.47368421052631576,0.21052631578947367,0.5263157894736842,0.3684210526315789,0.3684210526315789,0.47368421052631576,0.47368421052631576,0.47368421052631576,0.3157894736842105,0.21052631578947367,0.21052631578947367,0.21052631578947367,0.3684210526315789,0.3684210526315789,0.42105263157894735,0.32105263157894737,0.3789473684210526
premier_league,2022,EVE,0.3684210526315789,0.631578947368421,0.42105263157894735,0.3157894736842105,0.21052631578947367,0.5789473684210527,0.3684210526315789,0.3157894736842105,0.47368421052631576,0.2631578947368421,0.47368421052631576,0.21052631578947367,0.42105263157894735,0.3157894736842105,0.5263157894736842,0.3684210526315789,0.3684210526315789,0.15789473684210525,0.42105263157894735,0.42105263157894735,0.4052631578947368,0.35789473684210527
premier_league,2022,FUL,0.5263157894736842,0.42105263157894735,0.5263157894736842,0.42105263157894735,0.42105263157894735,0.47368421052631576,0.3684210526315789,0.42105263157894735,0.3157894736842105,0.3684210526315789,0.42105263157894735,0.5789473684210527,0.5263157894736842,0.3684210526315789,0.5263157894736842,0.42105263157894735,0.3684210526315789,0.47368421052631576,0.2631578947368421,0.10526315789473684,0.42631578947368415,0.4052631578947369
premier_league,2022,LEE,0.42105263157894735,0.3684210526315789,0.42105263157894735,0.3684210526315789,0.3684210526315789,0.2631578947368421,0.3684210526315789,0.3684210526315789,0.5789473684210527,0.42105263157894735,0.3684210526315789,0.3157894736842105,0.42105263157894735,0.3684210526315789,0.15789473684210525,0.5263157894736842,0.42105263157894735,0.47368421052631576,0.47368421052631576,0.47368421052631576,0.4,0.39473684210526316
premier_league,2022,LEIC,0.3157894736842105,0.2631578947368421,0.21052631578947367,0.15789473684210525,0.47368421052631576,0.5789473684210527,0.47368421052631576,0.47368421052631576,0.3157894736842105,0.3684210526315789,0.42105263157894735,0.3157894736842105,0.3157894736842105,0.2631578947368421,0.3157894736842105,0.21052631578947367,0.42105263157894735,0.3684210526315789,0.42105263157894735,0.5263157894736842,0.3684210526315789,0.35263157894736835
premier_league,2022,LIVP,0.47368421052631576,0.47368421052631576,0.3157894736842105,0.47368421052631576,0.3157894736842105,0.3684210526315789,0.42105263157894735,0.47368421052631576,0.3684210526315789,0.15789473684210525,0.3684210526315789,0.47368421052631576,0.2631578947368421,0.3157894736842105,0.47368421052631576,0.2631578947368421,0.47368421052631576,0.3684210526315789,0.5789473684210527,0.42105263157894735,0.4052631578947368,0.3789473684210526
premier_league,2022,MANC,0.3684210526315789,0.42105263157894735,0.42105263157894735,0.21052631578947367,0.5263157894736842,0.3684210526315789,0.2631578947368421,0.3157894736842105,0.3684210526315789,0.47368421052631576,0.3684210526315789,0.42105263157894735,0.2631578947368421,0.47368421052631576,0.42105263157894735,0.3157894736842105,0.3157894736842105,0.2631578947368421,0.21052631578947367,0.42105263157894735,0.3526315789473684,0.3684210526315789
premier_league,2022,MANU,0.15789473684210525,0.47368421052631576,0.2631578947368421,0.47368421052631576,0.3157894736842105,0.15789473684210525,0.3684210526315789,0.3157894736842105,0.47368421052631576,0.21052631578947367,0.21052631578947367,0.47368421052631576,0.5263157894736842,0.2631578947368421,0.15789473684210525,0.3684210526315789,0.3684210526315789,0.47368421052631576,0.3684210526315789,0.3684210526315789,0.3210526315789473,0.3578947368421052
premier_league,2022,NEW,0.21052631578947367,0.42105263157894735,0.3684210526315789,0.47368421052631576,0.3684210526315789,0.5263157894736842,0.15789473684210525,0.42105263157894735,0.2631578947368421,0.42105263157894735,0.5263157894736842,0.5263157894736842,0.42105263157894735,0.5263157894736842,0.47368421052631576,0.3157894736842105,0.5263157894736842,0.2631578947368421,0.3157894736842105,0.3684210526315789,0.36315789473684207,0.42631578947368415
premier_league,2022,NOTF,0.42105263157894735,0.42105263157894735,0.3157894736842105,0.3684210526315789,0.3157894736842105,0.3157894736842105,0.3684210526315789,0.3684210526315789,0.3157894736842105,0.3684210526315789,0.42105263157894735,0.15789473684210525,0.47368421052631576,0.3157894736842105,0.2631578947368421,0.3684210526315789,0.3684210526315789,0.631578947368421,0.3684210526315789,0.3684210526315789,0.363157894736842,0.3684210526315789
premier_league,2022,SOU,0.2631578947368421,0.3684210526315789,0.2631578947368421,0.47368421052631576,0.15789473684210525,0.631578947368421,0.5789473684210527,0.42105263157894735,0.42105263157894735,0.3157894736842105,0.3157894736842105,0.3684210526315789,0.42105263157894735,0.3684210526315789,0.3157894736842105,0.47368421052631576,0.3684210526315789,0.3684210526315789,0.3684210526315789,0.42105263157894735,0.3473684210526315,0.42105263157894723
premier_league,2022,TOT,0.3157894736842105,0.5789473684210527,0.3157894736842105,0.3684210526315789,0.42105263157894735,0.631578947368421,0.42105263157894735,0.47368421052631576,0.47368421052631576,0.3157894736842105,0.3157894736842105,0.5263157894736842,0.3684210526315789,0.3684210526315789,0.3684210526315789,0.5263157894736842,0.3157894736842105,0.3157894736842105,0.47368421052631576,0.3684210526315789,0.37894736842105264,0.4473684210526315
premier_league,2022,WHU,0.3157894736842105,0.3684210526315789,0.3684210526315789,0.5263157894736842,0.5263157894736842,0.3684210526315789,0.42105263157894735,0.5263157894736842,0.3684210526315789,0.3157894736842105,0.3157894736842105,0.21052631578947367,0.3684210526315789,0.3157894736842105,0.2631578947368421,0.42105263157894735,0.21052631578947367,0.5263157894736842,0.2631578947368421,0.3684210526315789,0.34210526315789463,0.3947368421052631
premier_league,2022,WOLV,0.42105263157894735,0.47368421052631576,0.47368421052631576,0.3684210526315789,0.3157894736842105,0.3157894736842105,0.42105263157894735,0.3157894736842105,0.3684210526315789,0.2631578947368421,0.42105263157894735,0.2631578947368421,0.42105263157894735,0.3684210526315789,0.47368421052631576,0.47368421052631576,0.5263157894736842,0.10526315789473684,0.47368421052631576,0.3684210526315789,0.43157894736842095,0.33157894736842103
premier_league,2023,ARS,0.42105263157894735,0.42105263157894735,0.21052631578947367,0.42105263157894735,0.3157894736842105,0.2631578947368421,0.42105263157894735,0.5789473684210527,0.47368421052631576,0.42105263157894735,0.21052631578947367,0.3157894736842105,0.3684210526315789,0.3684210526315789,0.2631578947368421,0.21052631578947367,0.47368421052631576,0.47368421052631576,0.3684210526315789,0.5263157894736842,0.3526315789473684,0.4
premier_league,2023,AVL,0.42105263157894735,0.3157894736842105,0.631578947368421,0.3157894736842105,0.47368421052631576,0.5263157894736842,0.42105263157894735,0.47368421052631576,0.3684210526315789,0.21052631578947367,0.3157894736842105,0.42105263157894735,0.631578947368421,0.15789473684210525,0.3684210526315789,0.3157894736842105,0.3684210526315789,0.3157894736842105,0.21052631578947367,0.3157894736842105,0.42105263157894735,0.3368421052631579
premier_league,2023,BHA,0.3684210526315789,0.3684210526315789,0.42105263157894735,0.3684210526315789,0.21052631578947367,0.21052631578947367,0.47368421052631576,0.21052631578947367,0.3157894736842105,0.3684210526315789,0.2631578947368421,0.42105263157894735,0.42105263157894735,0.42105263157894735,0.3157894736842105,0.3684210526315789,0.3684210526315789,0.3157894736842105,0.5263157894736842,0.3684210526315789,0.3684210526315789,0.34210526315789475
premier_league,2023,BOU,0.3684210526315789,0.47368421052631576,0.3157894736842105,0.47368421052631576,0.42105263157894735,0.42105263157894735,0.2631578947368421,0.47368421052631576,0.42105263157894735,0.21052631578947367,0.47368421052631576,0.3157894736842105,0.3684210526315789,0.3684210526315789,0.47368421052631576,0.3684210526315789,0.42105263157894735,0.47368421052631576,0.3684210526315789,0.21052631578947367,0.38947368421052625,0.37894736842105264
premier_league,2023,BRNT,0.47368421052631576,0.2631578947368421,0.42105263157894735,0.2631578947368421,0.47368421052631576,0.42105263157894735,0.5263157894736842,0.5263157894736842,0.3157894736842105,0.47368421052631576,0.631578947368421,0.10526315789473684,0.15789473684210525,0.5263157894736842,0.2631578947368421,0.42105263157894735,0.3157894736842105,0.2631578947368421,0.3684210526315789,0.3157894736842105,0.3947368421052631,0.35789473684210527
premier_league,2023,BUR,0.21052631578947367,0.3157894736842105,0.47368421052631576,0.3684210526315789,0.42105263157894735,0.3684210526315789,0.21052631578947367,0.3157894736842105,0.3684210526315789,0.47368421052631576,0.42105263157894735,0.5789473684210527,0.21052631578947367,0.42105263157894735,0.2631578947368421,0.2631578947368421,0.42105263157894735,0.42105263157894735,0.5263157894736842,0.3684210526315789,0.35263157894736835,0.38947368421052625
premier_league,2023,CHE,0.5789473684210527,0.7368421052631579,0.3684210526315789,0.3684210526315789,0.3157894736842105,0.2631578947368421,0.42105263157894735,0.3684210526315789,0.2631578947368421,0.3157894736842105,0.3157894736842105,0.2631578947368421,0.3684210526315789,0.3684210526315789,0.3684210526315789,0.2631578947368421,0.3684210526315789,0.42105263157894735,0.3684210526315789,0.42105263157894735,0.37368421052631573,0.3789473684210526
premier_league,2023,CRY,0.3684210526315789,0.42105263157894735,0.15789473684210525,0.47368421052631576,0.42105263157894735,0.631578947368421,0.3684210526315789,0.21052631578947367,0.47368421052631576,0.3157894736842105,0.47368421052631576,0.3684210526315789,0.2631578947368421,0.42105263157894735,0.3157894736842105,0.3157894736842105,0.47368421052631576,0.3684210526315789,0.42105263157894735,0.42105263157894735,0.3736842105263158,0.39473684210526316
premier_league,2023,EVE,0.3157894736842105,0.3157894736842105,0.3684210526315789,0.47368421052631576,0.3157894736842105,0.3157894736842105,0.42105263157894735,0.47368421052631576,0.21052631578947367,0.42105263157894735,0.3157894736842105,0.10526315789473684,0.2631578947368421,0.42105263157894735,0.3157894736842105,0.3684210526315789,0.42105263157894735,0.5263157894736842,0.3684210526315789,0.3684210526315789,0.33157894736842103,0.3789473684210526
premier_league,2023,FUL,0.5263157894736842,0.3684210526315789,0.3684210526315789,0.21052631578947367,0.3157894736842105,0.2631578947368421,0.3157894736842105,0.21052631578947367,0.47368421052631576,0.47368421052631576,0.42105263157894735,0.3684210526315789,0.42105263157894735,0.3157894736842105,0.3684210526315789,0.3157894736842105,0.42105263157894735,0.3157894736842105,0.3157894736842105,0.3684210526315789,0.39473684210526316,0.32105263157894737
premier_league,2023,LIVP,0.3157894736842105,0.5263157894736842,0.3157894736842105,0.3684210526315789,0.42105263157894735,0.42105263157894735,0.10526315789473684,0.42105263157894735,0.3157894736842105,0.10526315789473684,0.3157894736842105,0.3684210526315789,0.3684210526315789,0.3157894736842105,0.47368421052631576,0.3157894736842105,0.3684210526315789,0.2631578947368421,0.3157894736842105,0.47368421052631576,0.3315789473684211,0.35789473684210527
premier_league,2023,LUT,0.3684210526315789,0.47368421052631576,0.15789473684210525,0.42105263157894735,0.3684210526315789,0.5789473684210527,0.3157894736842105,0.21052631578947367,0.5263157894736842,0.3157894736842105,0.5263157894736842,0.3157894736842105,0.3157894736842105,0.3684210526315789,0.42105263157894735,0.42105263157894735,0.15789473684210525,0.2631578947368421,0.3684210526315789,0.42105263157894735,0.35263157894736835,0.3789473684210526
premier_league,2023,MANC,0.5263157894736842,0.3684210526315789,0.47368421052631576,0.47368421052631576,0.42105263157894735,0.21052631578947367,0.2631578947368421,0.47368421052631576,0.3684210526315789,0.631578947368421,0.3684210526315789,0.6842105263157895,0.42105263157894735,0.15789473684210525,0.3157894736842105,0.2631578947368421,0.3157894736842105,0.42105263157894735,0.3157894736842105,0.42105263157894735,0.37894736842105264,0.41052631578947363
premier_league,2023,MANU,0.5263157894736842,0.42105263157894735,0.2631578947368421,0.21052631578947367,0.3684210526315789,0.5263157894736842,0.5789473684210527,0.47368421052631576,0.42105263157894735,0.42105263157894735,0.3684210526315789,0.47368421052631576,0.42105263157894735,0.42105263157894735,0.42105263157894735,0.2631578947368421,0.42105263157894735,0.3157894736842105,0.3157894736842105,0.2631578947368421,0.41052631578947363,0.3789473684210526
premier_league,2023,NEW,0.631578947368421,0.42105263157894735,0.2631578947368421,0.42105263157894735,0.21052631578947367,0.3157894736842105,0.3157894736842105,0.2631578947368421,0.3157894736842105,0.2631578947368421,0.21052631578947367,0.3684210526315789,0.5789473684210527,0.21052631578947367,0.42105263157894735,0.42105263157894735,0.5789473684210527,0.42105263157894735,0.631578947368421,0.5263157894736842,0.41578947368421054,0.36315789473684207
premier_league,2023,NOTF,0.21052631578947367,0.10526315789473684,0.5263157894736842,0.5263157894736842,0.21052631578947367,0.5263157894736842,0.5263157894736842,0.2631578947368421,0.47368421052631576,0.3157894736842105,0.5263157894736842,0.5789473684210527,0.47368421052631576,0.6842105263157895,0.3684210526315789,0.42105263157894735,0.42105263157894735,0.3684210526315789,0.15789473684210525,0.5263157894736842,0.3894736842105263,0.43157894736842106
premier_league,2023,SHU,0.47368421052631576,0.3157894736842105,0.3157894736842105,0.21052631578947367,0.3684210526315789,0.3684210526315789,0.15789473684210525,0.42105263157894735,0.42105263157894735,0.42105263157894735,0.5263157894736842,0.3157894736842105,0.47368421052631576,0.21052631578947367,0.47368421052631576,0.15789473684210525,0.21052631578947367,0.21052631578947367,0.2631578947368421,0.3684210526315789,0.36842105263157887,0.3
premier_league,2023,TOT,0.21052631578947367,0.47368421052631576,0.3157894736842105,0.42105263157894735,0.5789473684210527,0.3157894736842105,0.3684210526315789,0.2631578947368421,0.2631578947368421,0.47368421052631576,0.3157894736842105,0.3157894736842105,0.3684210526315789,0.3684210526315789,0.3157894736842105,0.42105263157894735,0.47368421052631576,0.42105263157894735,0.3684210526315789,0.47368421052631576,0.35789473684210527,0.39473684210526316
premier_league,2023,WHU,0.3684210526315789,0.47368421052631576,0.47368421052631576,0.42105263157894735,0.47368421052631576,0.42105263157894735,0.3684210526315789,0.47368421052631576,0.42105263157894735,0.47368421052631576,0.3684210526315789,0.5263157894736842,0.3684210526315789,0.42105263157894735,0.47368421052631576,0.42105263157894735,0.3684210526315789,0.5789473684210527,0.3157894736842105,0.2631578947368421,0.4,0.4473684210526316
premier_league,2023,WOLV,0.42105263157894735,0.42105263157894735,0.3684210526315789,0.3684210526315789,0.3157894736842105,0.5263157894736842,0.3157894736842105,0.42105263157894735,0.5263157894736842,0.3157894736842105,0.21052631578947367,0.3157894736842105,0.42105263157894735,0.3157894736842105,0.5263157894736842,0.5789473684210527,0.3684210526315789,0.47368421052631576,0.3157894736842105,0.5789473684210527,0.3789473684210526,0.43157894736842106
premier_league,2024,ARS,0.3157894736842105,0.5789473684210527,0.2631578947368421,0.47368421052631576,0.3157894736842105,0.3157894736842105,0.3684210526315789,0.42105263157894735,0.2631578947368421,0.42105263157894735,0.2631578947368421,0.3157894736842105,0.42105263157894735,0.21052631578947367,0.42105263157894735,0.3684210526315789,0.3684210526315789,0.5263157894736842,0.2631578947368421,0.3157894736842105,0.32631578947368417,0.39473684210526316
premier_league,2024,AVL,0.3684210526315789,0.47368421052631576,0.42105263157894735,0.5263157894736842,0.15789473684210525,0.42105263157894735,0.5263157894736842,0.47368421052631576,0.42105263157894735,0.42105263157894735,0.47368421052631576,0.42105263157894735,0.42105263157894735,0.42105263157894735,0.2631578947368421,0.42105263157894735,0.42105263157894735,0.3157894736842105,0.42105263157894735,0.3684210526315789,0.3894736842105263,0.42631578947368415
premier_league,2024,BHA,0.47368421052631576,0.3157894736842105,0.47368421052631576,0.2631578947368421,0.42105263157894735,0.3684210526315789,0.21052631578947367,0.3157894736842105,0.3684210526315789,0.5263157894736842,0.2631578947368421,0.5789473684210527,0.2631578947368421,0.47368421052631576,0.2631578947368421,0.3684210526315789,0.47368421052631576,0.5789473684210527,0.47368421052631576,0.47368421052631576,0.368421052631579,0.42631578947368415
premier_league,2024,BOU,0.42105263157894735,0.3684210526315789,0.3157894736842105,0.5263157894736842,0.3684210526315789,0.3157894736842105,0.3157894736842105,0.3684210526315789,0.47368421052631576,0.47368421052631576,0.3157894736842105,0.47368421052631576,0.5789473684210527,0.42105263157894735,0.47368421052631576,0.5789473684210527,0.2631578947368421,0.3157894736842105,0.15789473684210525,0.3157894736842105,0.3684210526315789,0.41578947368421054
premier_league,2024,BRNT,0.47368421052631576,0.3684210526315789,0.3684210526315789,0.2631578947368421,0.42105263157894735,0.3684210526315789,0.47368421052631576,0.42105263157894735,0.5263157894736842,0.47368421052631576,0.47368421052631576,0.42105263157894735,0.3684210526315789,0.21052631578947367,0.21052631578947367,0.15789473684210525,0.3157894736842105,0.21052631578947367,0.42105263157894735,0.3684210526315789,0.4052631578947368,0.32631578947368417
premier_league,2024,CHE,0.47368421052631576,0.3684210526315789,0.3157894736842105,0.3684210526315789,0.15789473684210525,0.21052631578947367,0.42105263157894735,0.3684210526315789,0.2631578947368421,0.42105263157894735,0.42105263157894735,0.2631578947368421,0.42105263157894735,0.21052631578947367,0.2631578947368421,0.3684210526315789,0.5789473684210527,0.3684210526315789,0.42105263157894735,0.6842105263157895,0.37368421052631573,0.36315789473684207
premier_league,2024,CRY,0.42105263157894735,0.42105263157894735,0.3684210526315789,0.3157894736842105,0.2631578947368421,0.5263157894736842,0.5263157894736842,0.3684210526315789,0.3157894736842105,0.21052631578947367,0.3684210526315789,0.47368421052631576,0.42105263157894735,0.3157894736842105,0.5263157894736842,0.3157894736842105,0.5789473684210527,0.5263157894736842,0.42105263157894735,0.3157894736842105,0.42105263157894735,0.3789473684210526
premier_league,2024,EVE,0.42105263157894735,0.3684210526315789,0.3684210526315789,0.3684210526315789,0.2631578947368421,0.5789473684210527,0.3684210526315789,0.2631578947368421,0.3157894736842105,0.3157894736842105,0.21052631578947367,0.3684210526315789,0.3684210526315789,0.5263157894736842,0.3157894736842105,0.2631578947368421,0.2631578947368421,0.3157894736842105,0.42105263157894735,0.2631578947368421,0.33157894736842103,0.36315789473684207
premier_league,2024,FUL,0.3684210526315789,0.3684210526315789,0.42105263157894735,0.47368421052631576,0.3684210526315789,0.5263157894736842,0.47368421052631576,0.3157894736842105,0.3157894736842105,0.15789473684210525,0.42105263157894735,0.3157894736842105,0.3684210526315789,0.10526315789473684,0.47368421052631576,0.3684210526315789,0.42105263157894735,0.2631578947368421,0.3157894736842105,0.5789473684210527,0.39473684210526316,0.34736842105263155
premier_league,2024,IPS,0.3157894736842105,0.42105263157894735,0.631578947368421,0.3157894736842105,0.3684210526315789,0.2631578947368421,0.3684210526315789,0.2631578947368421,0.42105263157894735,0.3157894736842105,0.47368421052631576,0.5789473684210527,0.3684210526315789,0.3157894736842105,0.2631578947368421,0.21052631578947367,0.42105263157894735,0.47368421052631576,0.3684210526315789,0.3684210526315789,0.39999999999999997,0.3526315789473684
premier_league,2024,LEIC,0.3157894736842105,0.47368421052631576,0.3157894736842105,0.3157894736842105,0.3684210526315789,0.2631578947368421,0.3684210526315789,0.3684210526315789,0.47368421052631576,0.47368421052631576,0.42105263157894735,0.42105263157894735,0.42105263157894735,0.47368421052631576,0.47368421052631576,0.42105263157894735,0.3157894736842105,0.42105263157894735,0.3157894736842105,0.42105263157894735,0.3789473684210526,0.4052631578947368
premier_league,2024,LIVP,0.2631578947368421,0.2631578947368421,0.42105263157894735,0.3157894736842105,0.5263157894736842,0.3157894736842105,0.3157894736842105,0.3684210526315789,0.47368421052631576,0.3684210526315789,0.47368421052631576,0.3684210526315789,0.42105263157894735,0.42105263157894735,0.47368421052631576,0.3684210526315789,0.2631578947368421,0.2631578947368421,0.42105263157894735,0.3157894736842105,0.4052631578947368,0.3368421052631579
premier_league,2024,MANC,0.15789473684210525,0.3684210526315789,0.42105263157894735,0.42105263157894735,0.2631578947368421,0.3684210526315789,0.3157894736842105,0.47368421052631576,0.2631578947368421,0.3157894736842105,0.42105263157894735,0.5263157894736842,0.47368421052631576,0.6842105263157895,0.47368421052631576,0.5789473684210527,0.3157894736842105,0.2631578947368421,0.2631578947368421,0.21052631578947367,0.3368421052631579,0.42105263157894735
premier_league,2024,MANU,0.3157894736842105,0.42105263157894735,0.631578947368421,0.3157894736842105,0.21052631578947367,0.42105263157894735,0.3684210526315789,0.3157894736842105,0.5263157894736842,0.3157894736842105,0.5263157894736842,0.21052631578947367,0.3157894736842105,0.3684210526315789,0.2631578947368421,0.47368421052631576,0.47368421052631576,0.3157894736842105,0.47368421052631576,0.42105263157894735,0.41052631578947374,0.35789473684210527
premier_league,2024,NEW,0.3157894736842105,0.47368421052631576,0.5263157894736842,0.3684210526315789,0.5789473684210527,0.42105263157894735,0.631578947368421,0.42105263157894735,0.3684210526315789,0.10526315789473684,0.15789473684210525,0.15789473684210525,0.3684210526315789,0.2631578947368421,0.3157894736842105,0.42105263157894735,0.42105263157894735,0.42105263157894735,0.42105263157894735,0.631578947368421,0.41052631578947363,0.3684210526315789
premier_league,2024,NOTF,0.3684210526315789,0.15789473684210525,0.3684210526315789,0.3684210526315789,0.3684210526315789,0.3684210526315789,0.3684210526315789,0.3157894736842105,0.42105263157894735,0.3684210526315789,0.3157894736842105,0.5263157894736842,0.47368421052631576,0.47368421052631576,0.42105263157894735,0.47368421052631576,0.10526315789473684,0.47368421052631576,0.3684210526315789,0.21052631578947367,0.35789473684210515,0.37368421052631573
premier_league,2024,SOU,0.2631578947368421,0.3157894736842105,0.3684210526315789,0.21052631578947367,0.6842105263157895,0.2631578947368421,0.3157894736842105,0.3684210526315789,0.5789473684210527,0.3684210526315789,0.3684210526315789,0.21052631578947367,0.3684210526315789,0.3684210526315789,0.42105263157894735,0.47368421052631576,0.5263157894736842,0.3157894736842105,0.3157894736842105,0.3684210526315789,0.42105263157894735,0.3263157894736842
premier_league,2024,TOT,0.47368421052631576,0.2631578947368421,0.2631578947368421,0.3684210526315789,0.21052631578947367,0.3157894736842105,0.5263157894736842,0.21052631578947367,0.2631578947368421,0.47368421052631576,0.3684210526315789,0.5789473684210527,0.47368421052631576,0.3157894736842105,0.47368421052631576,0.3684210526315789,0.21052631578947367,0.42105263157894735,0.3157894736842105,0.47368421052631576,0.3578947368421052,0.3789473684210526
premier_league,2024,WHU,0.42105263157894735,0.42105263157894735,0.3684210526315789,0.3684210526315789,0.5263157894736842,0.3684210526315789,0.21052631578947367,0.2631578947368421,0.47368421052631576,0.47368421052631576,0.42105263157894735,0.3157894736842105,0.2631578947368421,0.3684210526315789,0.5789473684210527,0.42105263157894735,0.5263157894736842,0.42105263157894735,0.3157894736842105,0.47368421052631576,0.41052631578947363,0.3894736842105263
premier_league,2024,WOLV,0.42105263157894735,0.47368421052631576,0.3684210526315789,0.3684210526315789,0.3684210526315789,0.3684210526315789,0.2631578947368421,0.47368421052631576,0.3684210526315789,0.3684210526315789,0.2631578947368421,0.47368421052631576,0.3684210526315789,0.42105263157894735,0.42105263157894735,0.3157894736842105,0.5263157894736842,0.2631578947368421,0.15789473684210525,0.5263157894736842,0.3526315789473684,0.4052631578947368
serie_a,2000,ATA,0.17647058823529413,0.4117647058823529,0.4117647058823529,0.23529411764705882,0.35294117647058826,0.47058823529411764,0.29411764705882354,0.29411764705882354,0.35294117647058826,0.35294117647058826,0.17647058823529413,0.29411764705882354,0.5294117647058824,0.35294117647058826,0.4117647058823529,0.4117647058823529,0.29411764705882354,0.35294117647058826,0.5294117647058824,0.35294117647058826,0.3529411764705882,0.3529411764705882
serie_a,2000,BARI,0.29411764705882354,0.23529411764705882,0.5294117647058824,0.35294117647058826,0.29411764705882354,0.35294117647058826,0.5294117647058824,0.17647058823529413,0.4117647058823529,0.23529411764705882,0.29411764705882354,0.47058823529411764,0.5294117647058824,0.47058823529411764,0.5882352941176471,0.4117647058823529,0.4117647058823529,0.5294117647058824,0.35294117647058826,0.4117647058823529,0.4235294117647059,0.36470588235294116
serie_a,2000,BOLG,0.4117647058823529,0.4117647058823529,0.29411764705882354,0.4117647058823529,0.35294117647058826,0.29411764705882354,0.35294117647058826,0.5294117647058824,0.23529411764705882,0.35294117647058826,0.17647058823529413,0.47058823529411764,0.4117647058823529,0.35294117647058826,0.17647058823529413,0.47058823529411764,0.29411764705882354,0.17647058823529413,0.47058823529411764,0.17647058823529413,0.3176470588235294,0.3647058823529411
serie_a,2000,BRES,0.29411764705882354,0.35294117647058826,0.47058823529411764,0.35294117647058826,0.35294117647058826,0.17647058823529413,0.35294117647058826,0.23529411764705882,0.23529411764705882,0.4117647058823529,0.4117647058823529,0.5294117647058824,0.5294117647058824,0.47058823529411764,0.4117647058823529,0.35294117647058826,0.17647058823529413,0.35294117647058826,0.23529411764705882,0.17647058823529413,0.34705882352941175,0.3411764705882353
serie_a,2000,FIO,0.4117647058823529,0.29411764705882354,0.4117647058823529,0.47058823529411764,0.35294117647058826,0.47058823529411764,0.11764705882352941,0.4117647058823529,0.5882352941176471,0.29411764705882354,0.4117647058823529,0.7647058823529411,0.23529411764705882,0.4117647058823529,0.47058823529411764,0.29411764705882354,0.4117647058823529,0.35294117647058826,0.35294117647058826,0.5882352941176471,0.3764705882352941,0.4352941176470588
serie_a,2000,INT,0.23529411764705882,0.7058823529411765,0.35294117647058826,0.23529411764705882,0.29411764705882354,0.47058823529411764,0.47058823529411764,0.6470588235294118,0.5882352941176471,0.5882352941176471,0.4117647058823529,0.35294117647058826,0.5294117647058824,0.23529411764705882,0.4117647058823529,0.23529411764705882,0.4117647058823529,0.35294117647058826,0.5294117647058824,0.35294117647058826,0.4235294117647059,0.41764705882352937
serie_a,2000,JUV,0.23529411764705882,0.4117647058823529,0.23529411764705882,0.5294117647058824,0.4117647058823529,0.4117647058823529,0.5294117647058824,0.4117647058823529,0.4117647058823529,0.35294117647058826,0.29411764705882354,0.5294117647058824,0.47058823529411764,0.29411764705882354,0.29411764705882354,0.35294117647058826,0.35294117647058826,0.23529411764705882,0.5294117647058824,0.47058823529411764,0.37647058823529406,0.4
serie_a,2000,LAZ,0.4117647058823529,0.17647058823529413,0.23529411764705882,0.4117647058823529,0.7058823529411765,0.47058823529411764,0.29411764705882354,0.4117647058823529,0.47058823529411764,0.17647058823529413,0.29411764705882354,0.29411764705882354,0.17647058823529413,0.23529411764705882,0.47058823529411764,0.35294117647058826,0.35294117647058826,0.4117647058823529,0.47058823529411764,0.29411764705882354,0.38823529411764707,0.32352941176470584
serie_a,2000,LEC,0.4117647058823529,0.35294117647058826,0.23529411764705882,0.29411764705882354,0.4117647058823529,0.29411764705882354,0.4117647058823529,0.4117647058823529,0.5882352941176471,0.29411764705882354,0.35294117647058826,0.4117647058823529,0.29411764705882354,0.47058823529411764,0.17647058823529413,0.35294117647058826,0.35294117647058826,0.29411764705882354,0.35294117647058826,0.5294117647058824,0.35882352941176465,0.3705882352941176
serie_a,2000,MIL,0.5882352941176471,0.23529411764705882,0.23529411764705882,0.29411764705882354,0.47058823529411764,0.29411764705882354,0.29411764705882354,0.29411764705882354,0.35294117647058826,0.058823529411764705,0.47058823529411764,0.47058823529411764,0.35294117647058826,0.35294117647058826,0.35294117647058826,0.5882352941176471,0.5294117647058824,0.11764705882352941,0.29411764705882354,0.29411764705882354,0.39411764705882346,0.3
serie_a,2000,NAP,0.35294117647058826,0.5882352941176471,0.29411764705882354,0.4117647058823529,0.5294117647058824,0.4117647058823529,0.35294117647058826,0.11764705882352941,0.35294117647058826,0.5294117647058824,0.35294117647058826,0.058823529411764705,0.4117647058823529,0.47058823529411764,0.29411764705882354,0.35294117647058826,0.47058823529411764,0.4117647058823529,0.5294117647058824,0.29411764705882354,0.3941176470588235,0.3647058823529411
serie_a,2000,PAR,0.29411764705882354,0.29411764705882354,0.4117647058823529,0.23529411764705882,0.17647058823529413,0.35294117647058826,0.29411764705882354,0.4117647058823529,0.4117647058823529,0.4117647058823529,0.5294117647058824,0.4117647058823529,0.23529411764705882,0.23529411764705882,0.35294117647058826,0.23529411764705882,0.29411764705882354,0.5294117647058824,0.29411764705882354,0.29411764705882354,0.3294117647058823,0.34117647058823525
serie_a,2000,PER,0.11764705882352941,0.23529411764705882,0.6470588235294118,0.4117647058823529,0.23529411764705882,0.47058823529411764,0.35294117647058826,0.5294117647058824,0.29411764705882354,0.35294117647058826,0.47058823529411764,0.4117647058823529,0.47058823529411764,0.5882352941176471,0.29411764705882354,0.35294117647058826,0.47058823529411764,0.4117647058823529,0.11764705882352941,0.4117647058823529,0.34705882352941175,0.41764705882352937
serie_a,2000,REG,0.47058823529411764,0.5882352941176471,0.4117647058823529,0.29411764705882354,0.5294117647058824,0.23529411764705882,0.5294117647058824,0.17647058823529413,0.4117647058823529,0.4117647058823529,0.17647058823529413,0.47058823529411764,0.47058823529411764,0.29411764705882354,0.23529411764705882,0.11764705882352941,0.11764705882352941,0.23529411764705882,0.29411764705882354,0.5882352941176471,0.36470588235294116,0.3411764705882353
serie_a,2000,ROM,0.5294117647058824,0.29411764705882354,0.47058823529411764,0.4117647058823529,0.29411764705882354,0.29411764705882354,0.29411764705882354,0.6470588235294118,0.23529411764705882,0.23529411764705882,0.5294117647058824,0.47058823529411764,0.29411764705882354,0.4117647058823529,0.35294117647058826,0.29411764705882354,0.47058823529411764,0.4117647058823529,0.29411764705882354,0.29411764705882354,0.3764705882352941,0.37647058823529406
serie_a,2000,UDI,0.29411764705882354,0.17647058823529413,0.23529411764705882,0.5294117647058824,0.11764705882352941,0.29411764705882354,0.4117647058823529,0.4117647058823529,0.17647058823529413,0.35294117647058826,0.17647058823529413,0.29411764705882354,0.35294117647058826,0.35294117647058826,0.17647058823529413,0.29411764705882354,0.29411764705882354,0.35294117647058826,0.35294117647058826,0.29411764705882354,0.25882352941176473,0.33529411764705885
serie_a,2000,VER,0.4117647058823529,0.47058823529411764,0.29411764705882354,0.47058823529411764,0.35294117647058826,0.47058823529411764,0.29411764705882354,0.47058823529411764,0.23529411764705882,0.4117647058823529,0.23529411764705882,0.4117647058823529,0.4117647058823529,0.23529411764705882,0.35294117647058826,0.23529411764705882,0.5294117647058824,0.5882352941176471,0.29411764705882354,0.23529411764705882,0.3411764705882353,0.4
serie_a,2000,VIC,0.29411764705882354,0.5294117647058824,0.4117647058823529,0.4117647058823529,0.35294117647058826,0.29411764705882354,0.4117647058823529,0.4117647058823529,0.47058823529411764,0.4117647058823529,0.35294117647058826,0.35294117647058826,0.5294117647058824,0.47058823529411764,0.35294117647058826,0.5294117647058824,0.35294117647058826,0.5294117647058824,0.47058823529411764,0.47058823529411764,0.4,0.4411764705882352
serie_a,2001,ATA,0.29411764705882354,0.35294117647058826,0.35294117647058826,0.47058823529411764,0.23529411764705882,0.47058823529411764,0.4117647058823529,0.4117647058823529,0.29411764705882354,0.23529411764705882,0.4117647058823529,0.4117647058823529,0.47058823529411764,0.23529411764705882,0.17647058823529413,0.35294117647058826,0.47058823529411764,0.4117647058823529,0.47058823529411764,0.47058823529411764,0.3588235294117647,0.3823529411764706
serie_a,2001,BOLG,0.4117647058823529,0.29411764705882354,0.5294117647058824,0.4117647058823529,0.29411764705882354,0.35294117647058826,0.4117647058823529,0.47058823529411764,0.23529411764705882,0.5294117647058824,0.47058823529411764,0.23529411764705882,0.23529411764705882,0.5294117647058824,0.4117647058823529,0.23529411764705882,0.4117647058823529,0.23529411764705882,0.29411764705882354,0.29411764705882354,0.3705882352941176,0.35882352941176465
serie_a,2001,BRES,0.5882352941176471,0.35294117647058826,0.4117647058823529,0.23529411764705882,0.35294117647058826,0.4117647058823529,0.23529411764705882,0.5294117647058824,0.29411764705882354,0.4117647058823529,0.47058823529411764,0.4117647058823529,0.4117647058823529,0.4117647058823529,0.35294117647058826,0.23529411764705882,0.5294117647058824,0.4117647058823529,0.29411764705882354,0.4117647058823529,0.3941176470588235,0.38235294117647056
serie_a,2001,CHI,0.4117647058823529,0.35294117647058826,0.29411764705882354,0.29411764705882354,0.29411764705882354,0.29411764705882354,0.4117647058823529,0.23529411764705882,0.35294117647058826,0.29411764705882354,0.23529411764705882,0.29411764705882354,0.47058823529411764,0.11764705882352941,0.47058823529411764,0.5294117647058824,0.47058823529411764,0.4117647058823529,0.35294117647058826,0.23529411764705882,0.3764705882352941,0.3058823529411765
serie_a,2001,FIO,0.35294117647058826,0.35294117647058826,0.4117647058823529,0.5294117647058824,0.35294117647058826,0.29411764705882354,0.5294117647058824,0.4117647058823529,0.23529411764705882,0.4117647058823529,0.4117647058823529,0.5294117647058824,0.4117647058823529,0.17647058823529413,0.4117647058823529,0.29411764705882354,0.4117647058823529,0.47058823529411764,0.6470588235294118,0.35294117647058826,0.41764705882352937,0.3823529411764706
serie_a,2001,INT,0.29411764705882354,0.23529411764705882,0.5294117647058824,0.35294117647058826,0.35294117647058826,0.4117647058823529,0.5882352941176471,0.35294117647058826,0.35294117647058826,0.23529411764705882,0.35294117647058826,0.29411764705882354,0.35294117647058826,0.29411764705882354,0.47058823529411764,0.23529411764705882,0.47058823529411764,0.23529411764705882,0.47058823529411764,0.47058823529411764,0.4235294117647059,0.311764705882353
serie_a,2001,JUV,0.23529411764705882,0.35294117647058826,0.4117647058823529,0.4117647058823529,0.5882352941176471,0.35294117647058826,0.35294117647058826,0.17647058823529413,0.47058823529411764,0.35294117647058826,0.17647058823529413,0.35294117647058826,0.058823529411764705,0.23529411764705882,0.5882352941176471,0.29411764705882354,0.11764705882352941,0.23529411764705882,0.29411764705882354,0.23529411764705882,0.32941176470588235,0.3
serie_a,2001,LAZ,0.29411764705882354,0.4117647058823529,0.4117647058823529,0.23529411764705882,0.5882352941176471,0.47058823529411764,0.17647058823529413,0.4117647058823529,0.29411764705882354,0.5294117647058824,0.23529411764705882,0.5294117647058824,0.29411764705882354,0.29411764705882354,0.17647058823529413,0.35294117647058826,0.47058823529411764,0.5882352941176471,0.35294117647058826,0.23529411764705882,0.3294117647058824,0.40588235294117647
serie_a,2001,LEC,0.5294117647058824,0.23529411764705882,0.5294117647058824,0.17647058823529413,0.17647058823529413,0.4117647058823529,0.23529411764705882,0.29411764705882354,0.4117647058823529,0.35294117647058826,0.5294117647058824,0.47058823529411764,0.47058823529411764,0.17647058823529413,0.29411764705882354,0.35294117647058826,0.35294117647058826,0.4117647058823529,0.5882352941176471,0.35294117647058826,0.411764705882353,0.3235294117647059
serie_a,2001,MIL,0.4117647058823529,0.4117647058823529,0.29411764705882354,0.29411764705882354,0.4117647058823529,0.35294117647058826,0.47058823529411764,0.35294117647058826,0.35294117647058826,0.35294117647058826,0.35294117647058826,0.4117647058823529,0.29411764705882354,0.5294117647058824,0.35294117647058826,0.23529411764705882,0.47058823529411764,0.35294117647058826,0.29411764705882354,0.35294117647058826,0.37058823529411766,0.36470588235294116
serie_a,2001,PAR,0.17647058823529413,0.4117647058823529,0.35294117647058826,0.4117647058823529,0.4117647058823529,0.5294117647058824,0.4117647058823529,0.29411764705882354,0.35294117647058826,0.4117647058823529,0.29411764705882354,0.35294117647058826,0.5294117647058824,0.5294117647058824,0.17647058823529413,0.23529411764705882,0.11764705882352941,0.17647058823529413,0.47058823529411764,0.29411764705882354,0.3294117647058824,0.3647058823529411
serie_a,2001,PER,0.29411764705882354,0.35294117647058826,0.35294117647058826,0.47058823529411764,0.23529411764705882,0.35294117647058826,0.29411764705882354,0.5882352941176471,0.4117647058823529,0.17647058823529413,0.5294117647058824,0.47058823529411764,0.35294117647058826,0.29411764705882354,0.23529411764705882,0.23529411764705882,0.35294117647058826,0.058823529411764705,0.35294117647058826,0.4117647058823529,0.3411764705882353,0.3411764705882353
serie_a,2001,PIA,0.35294117647058826,0.23529411764705882,0.4117647058823529,0.23529411764705882,0.29411764705882354,0.29411764705882354,0.5294117647058824,0.17647058823529413,0.35294117647058826,0.4117647058823529,0.29411764705882354,0.29411764705882354,0.4117647058823529,0.35294117647058826,0.5294117647058824,0.23529411764705882,0.23529411764705882,0.35294117647058826,0.23529411764705882,0.29411764705882354,0.3647058823529412,0.28823529411764703
serie_a,2001,ROM,0.29411764705882354,0.4117647058823529,0.47058823529411764,0.35294117647058826,0.4117647058823529,0.4117647058823529,0.29411764705882354,0.4117647058823529,0.29411764705882354,0.47058823529411764,0.29411764705882354,0.5294117647058824,0.058823529411764705,0.35294117647058826,0.4117647058823529,0.47058823529411764,0.23529411764705882,0.4117647058823529,0.47058823529411764,0.47058823529411764,0.3235294117647059,0.4294117647058823
serie_a,2001,TOR,0.23529411764705882,0.47058823529411764,0.17647058823529413,0.35294117647058826,0.4117647058823529,0.17647058823529413,0.5882352941176471,0.17647058823529413,0.5294117647058824,0.4117647058823529,0.47058823529411764,0.4117647058823529,0.5294117647058824,0.5294117647058824,0.5294117647058824,0.4117647058823529,0.35294117647058826,0.17647058823529413,0.35294117647058826,0.4117647058823529,0.41764705882352937,0.3529411764705882
serie_a,2001,UDI,0.4117647058823529,0.29411764705882354,0.17647058823529413,0.35294117647058826,0.47058823529411764,0.23529411764705882,0.29411764705882354,0.5294117647058824,0.29411764705882354,0.29411764705882354,0.4117647058823529,0.47058823529411764,0.4117647058823529,0.6470588235294118,0.4117647058823529,0.35294117647058826,0.23529411764705882,0.47058823529411764,0.29411764705882354,0.35294117647058826,0.3411764705882353,0.4
serie_a,2001,VEN,0.35294117647058826,0.23529411764705882,0.4117647058823529,0.23529411764705882,0.47058823529411764,0.47058823529411764,0.35294117647058826,0.5882352941176471,0.4117647058823529,0.5882352941176471,0.4117647058823529,0.29411764705882354,0.29411764705882354,0.47058823529411764,0.17647058823529413,0.6470588235294118,0.4117647058823529,0.4117647058823529,0.29411764705882354,0.47058823529411764,0.35882352941176465,0.4411764705882352
serie_a,2001,VER,0.47058823529411764,0.4117647058823529,0.23529411764705882,0.5294117647058824,0.23529411764705882,0.4117647058823529,0.29411764705882354,0.29411764705882354,0.29411764705882354,0.5294117647058824,0.5882352941176471,0.47058823529411764,0.29411764705882354,0.29411764705882354,0.35294117647058826,0.29411764705882354,0.29411764705882354,0.47058823529411764,0.4117647058823529,0.29411764705882354,0.34705882352941175,0.4
serie_a,2002,ATA,0.35294117647058826,0.4117647058823529,0.23529411764705882,0.29411764705882354,0.29411764705882354,0.23529411764705882,0.4117647058823529,0.47058823529411764,0.29411764705882354,0.4117647058823529,0.4117647058823529,0.23529411764705882,0.29411764705882354,0.23529411764705882,0.35294117647058826,0.5294117647058824,0.4117647058823529,0.4117647058823529,0.35294117647058826,0.4117647058823529,0.3411764705882353,0.3647058823529411
serie_a,2002,BOLG,0.23529411764705882,0.5294117647058824,0.4117647058823529,0.11764705882352941,0.35294117647058826,0.4117647058823529,0.35294117647058826,0.35294117647058826,0.47058823529411764,0.35294117647058826,0.4117647058823529,0.35294117647058826,0.35294117647058826,0.35294117647058826,0.29411764705882354,0.23529411764705882,0.23529411764705882,0.4117647058823529,0.47058823529411764,0.47058823529411764,0.3588235294117647,0.3588235294117647
serie_a,2002,BRES,0.23529411764705882,0.4117647058823529,0.47058823529411764,0.47058823529411764,0.35294117647058826,0.29411764705882354,0.29411764705882354,0.35294117647058826,0.23529411764705882,0.29411764705882354,0.35294117647058826,0.29411764705882354,0.29411764705882354,0.23529411764705882,0.17647058823529413,0.29411764705882354,0.35294117647058826,0.29411764705882354,0.29411764705882354,0.35294117647058826,0.3058823529411765,0.32941176470588235
serie_a,2002,CHI,0.35294117647058826,0.47058823529411764,0.35294117647058826,0.17647058823529413,0.47058823529411764,0.47058823529411764,0.5294117647058824,0.47058823529411764,0.17647058823529413,0.35294117647058826,0.35294117647058826,0.47058823529411764,0.23529411764705882,0.4117647058823529,0.4117647058823529,0.35294117647058826,0.35294117647058826,0.47058823529411764,0.29411764705882354,0.11764705882352941,0.3529411764705882,0.37647058823529417
serie_a,2002,COM,0.35294117647058826,0.5294117647058824,0.29411764705882354,0.35294117647058826,0.058823529411764705,0.47058823529411764,0.35294117647058826,0.4117647058823529,0.47058823529411764,0.17647058823529413,0.17647058823529413,0.35294117647058826,0.4117647058823529,0.23529411764705882,0.4117647058823529,0.47058823529411764,0.4117647058823529,0.5294117647058824,0.35294117647058826,0.35294117647058826,0.32941176470588235,0.38823529411764707
serie_a,2002,EMP,0.5882352941176471,0.4117647058823529,0.4117647058823529,0.47058823529411764,0.47058823529411764,0.17647058823529413,0.4117647058823529,0.29411764705882354,0.4117647058823529,0.23529411764705882,0.5294117647058824,0.5294117647058824,0.29411764705882354,0.4117647058823529,0.29411764705882354,0.29411764705882354,0.35294117647058826,0.4117647058823529,0.5294117647058824,0.35294117647058826,0.4294117647058823,0.35882352941176465
serie_a,2002,INT,0.29411764705882354,0.5882352941176471,0.29411764705882354,0.4117647058823529,0.23529411764705882,0.4117647058823529,0.23529411764705882,0.47058823529411764,0.47058823529411764,0.35294117647058826,0.4117647058823529,0.47058823529411764,0.17647058823529413,0.35294117647058826,0.35294117647058826,0.4117647058823529,0.4117647058823529,0.35294117647058826,0.4117647058823529,0.47058823529411764,0.32941176470588235,0.4294117647058823
serie_a,2002,JUV,0.5294117647058824,0.23529411764705882,0.4117647058823529,0.35294117647058826,0.29411764705882354,0.4117647058823529,0.35294117647058826,0.35294117647058826,0.35294117647058826,0.5294117647058824,0.4117647058823529,0.23529411764705882,0.5294117647058824,0.35294117647058826,0.47058823529411764,0.17647058823529413,0.47058823529411764,0.17647058823529413,0.29411764705882354,0.29411764705882354,0.411764705882353,0.3117647058823529
serie_a,2002,LAZ,0.5294117647058824,0.47058823529411764,0.47058823529411764,0.23529411764705882,0.47058823529411764,0.29411764705882354,0.4117647058823529,0.35294117647058826,0.5882352941176471,0.4117647058823529,0.35294117647058826,0.23529411764705882,0.4117647058823529,0.4117647058823529,0.5882352941176471,0.5294117647058824,0.5882352941176471,0.47058823529411764,0.5294117647058824,0.47058823529411764,0.49411764705882344,0.3882352941176471
serie_a,2002,MIL,0.23529411764705882,0.5882352941176471,0.4117647058823529,0.47058823529411764,0.23529411764705882,0.23529411764705882,0.35294117647058826,0.47058823529411764,0.35294117647058826,0.47058823529411764,0.35294117647058826,0.4117647058823529,0.47058823529411764,0.35294117647058826,0.35294117647058826,0.35294117647058826,0.23529411764705882,0.4117647058823529,0.29411764705882354,0.35294117647058826,0.32941176470588235,0.4117647058823529
serie_a,2002,MOD,0.4117647058823529,0.23529411764705882,0.5294117647058824,0.11764705882352941,0.29411764705882354,0.5294117647058824,0.29411764705882354,0.4117647058823529,0.4117647058823529,0.47058823529411764,0.17647058823529413,0.29411764705882354,0.5294117647058824,0.29411764705882354,0.4117647058823529,0.11764705882352941,0.4117647058823529,0.4117647058823529,0.11764705882352941,0.29411764705882354,0.35882352941176465,0.31764705882352934
serie_a,2002,PAR,0.35294117647058826,0.29411764705882354,0.29411764705882354,0.35294117647058826,0.5294117647058824,0.23529411764705882,0.35294117647058826,0.4117647058823529,0.35294117647058826,0.35294117647058826,0.6470588235294118,0.23529411764705882,0.47058823529411764,0.4117647058823529,0.5294117647058824,0.4117647058823529,0.47058823529411764,0.17647058823529413,0.35294117647058826,0.23529411764705882,0.4352941176470588,0.3117647058823529
serie_a,2002,PER,0.23529411764705882,0.4117647058823529,0.23529411764705882,0.5294117647058824,0.47058823529411764,0.29411764705882354,0.4117647058823529,0.4117647058823529,0.5294117647058824,0.29411764705882354,0.29411764705882354,0.35294117647058826,0.35294117647058826,0.35294117647058826,0.29411764705882354,0.35294117647058826,0.35294117647058826,0.35294117647058826,0.23529411764705882,0.4117647058823529,0.3411764705882353,0.3764705882352941
serie_a,2002,PIA,0.5882352941176471,0.35294117647058826,0.6470588235294118,0.5294117647058824,0.35294117647058826,0.4117647058823529,0.17647058823529413,0.35294117647058826,0.35294117647058826,0.058823529411764705,0.35294117647058826,0.4117647058823529,0.29411764705882354,0.47058823529411764,0.29411764705882354,0.29411764705882354,0.29411764705882354,0.29411764705882354,0.23529411764705882,0.5882352941176471,0.35882352941176465,0.3764705882352941
serie_a,2002,REG,0.47058823529411764,0.47058823529411764,0.5294117647058824,0.4117647058823529,0.4117647058823529,0.4117647058823529,0.11764705882352941,0.4117647058823529,0.35294117647058826,0.5294117647058824,0.5882352941176471,0.11764705882352941,0.5294117647058824,0.4117647058823529,0.29411764705882354,0.47058823529411764,0.47058823529411764,0.35294117647058826,0.29411764705882354,0.5294117647058824,0.40588235294117647,0.411764705882353
serie_a,2002,ROM,0.23529411764705882,0.4117647058823529,0.23529411764705882,0.11764705882352941,0.29411764705882354,0.35294117647058826,0.35294117647058826,0.47058823529411764,0.29411764705882354,0.23529411764705882,0.23529411764705882,0.35294117647058826,0.4117647058823529,0.5882352941176471,0.47058823529411764,0.4117647058823529,0.23529411764705882,0.47058823529411764,0.17647058823529413,0.23529411764705882,0.2941176470588235,0.3647058823529412
serie_a,2002,TOR,0.29411764705882354,0.23529411764705882,0.17647058823529413,0.35294117647058826,0.17647058823529413,0.47058823529411764,0.35294117647058826,0.4117647058823529,0.17647058823529413,0.4117647058823529,0.23529411764705882,0.4117647058823529,0.47058823529411764,0.29411764705882354,0.35294117647058826,0.47058823529411764,0.35294117647058826,0.35294117647058826,0.47058823529411764,0.35294117647058826,0.3058823529411765,0.3764705882352941
serie_a,2002,UDI,0.35294117647058826,0.23529411764705882,0.4117647058823529,0.35294117647058826,0.35294117647058826,0.29411764705882354,0.29411764705882354,0.29411764705882354,0.23529411764705882,0.5882352941176471,0.47058823529411764,0.47058823529411764,0.47058823529411764,0.23529411764705882,0.35294117647058826,0.6470588235294118,0.29411764705882354,0.4117647058823529,0.4117647058823529,0.29411764705882354,0.3647058823529411,0.38235294117647056
serie_a,2005,ASC,0.42105263157894735,0.5263157894736842,0.5263157894736842,0.21052631578947367,0.5263157894736842,0.3684210526315789,0.21052631578947367,0.47368421052631576,0.631578947368421,0.5789473684210527,0.3157894736842105,0.3157894736842105,0.3157894736842105,0.42105263157894735,0.47368421052631576,0.3157894736842105,0.5263157894736842,0.21052631578947367,0.42105263157894735,0.3157894736842105,0.43684210526315786,0.37368421052631573
serie_a,2005,CAG,0.2631578947368421,0.42105263157894735,0.5263157894736842,0.3157894736842105,0.21052631578947367,0.3684210526315789,0.21052631578947367,0.2631578947368421,0.21052631578947367,0.42105263157894735,0.42105263157894735,0.3684210526315789,0.21052631578947367,0.47368421052631576,0.47368421052631576,0.3684210526315789,0.3684210526315789,0.5263157894736842,0.5263157894736842,0.2631578947368421,0.3421052631578947,0.3789473684210526
serie_a,2005,CHI,0.47368421052631576,0.47368421052631576,0.42105263157894735,0.2631578947368421,0.3157894736842105,0.3157894736842105,0.5263157894736842,0.15789473684210525,0.21052631578947367,0.2631578947368421,0.3157894736842105,0.47368421052631576,0.2631578947368421,0.2631578947368421,0.3157894736842105,0.5789473684210527,0.2631578947368421,0.47368421052631576,0.3684210526315789,0.47368421052631576,0.34736842105263155,0.37368421052631584
serie_a,2005,EMP,0.47368421052631576,0.2631578947368421,0.21052631578947367,0.3684210526315789,0.2631578947368421,0.21052631578947367,0.21052631578947367,0.3157894736842105,0.21052631578947367,0.42105263157894735,0.2631578947368421,0.3684210526315789,0.2631578947368421,0.3684210526315789,0.47368421052631576,0.3684210526315789,0.2631578947368421,0.15789473684210525,0.21052631578947367,0.3157894736842105,0.28421052631578947,0.3157894736842105
serie_a,2005,FIO,0.5789473684210527,0.15789473684210525,0.2631578947368421,0.2631578947368421,0.2631578947368421,0.3684210526315789,0.47368421052631576,0.631578947368421,0.3157894736842105,0.3157894736842105,0.6842105263157895,0.47368421052631576,0.15789473684210525,0.2631578947368421,0.42105263157894735,0.2631578947368421,0.3684210526315789,0.21052631578947367,0.21052631578947367,0.5789473684210527,0.37368421052631573,0.35263157894736846
serie_a,2005,INT,0.3157894736842105,0.21052631578947367,0.3684210526315789,0.47368421052631576,0.42105263157894735,0.3157894736842105,0.42105263157894735,0.10526315789473684,0.2631578947368421,0.5789473684210527,0.3157894736842105,0.42105263157894735,0.2631578947368421,0.5263157894736842,0.2631578947368421,0.42105263157894735,0.3157894736842105,0.3157894736842105,0.3684210526315789,0.3684210526315789,0.33157894736842103,0.37368421052631573
serie_a,2005,JUV,0.5263157894736842,0.47368421052631576,0.21052631578947367,0.5263157894736842,0.47368421052631576,0.47368421052631576,0.5789473684210527,0.47368421052631576,0.47368421052631576,0.2631578947368421,0.3684210526315789,0.21052631578947367,0.3157894736842105,0.42105263157894735,0.15789473684210525,0.2631578947368421,0.15789473684210525,0.3157894736842105,0.5263157894736842,0.3684210526315789,0.3789473684210526,0.3789473684210526
serie_a,2005,LAZ,0.3157894736842105,0.42105263157894735,0.42105263157894735,0.47368421052631576,0.42105263157894735,0.15789473684210525,0.3684210526315789,0.3157894736842105,0.42105263157894735,0.21052631578947367,0.2631578947368421,0.42105263157894735,0.3684210526315789,0.3684210526315789,0.2631578947368421,0.3684210526315789,0.3684210526315789,0.47368421052631576,0.42105263157894735,0.3684210526315789,0.36315789473684207,0.3578947368421052
serie_a,2005,LEC,0.2631578947368421,0.2631578947368421,0.42105263157894735,0.21052631578947367,0.3157894736842105,0.3684210526315789,0.3684210526315789,0.3157894736842105,0.47368421052631576,0.15789473684210525,0.3157894736842105,0.3684210526315789,0.47368421052631576,0.47368421052631576,0.3684210526315789,0.2631578947368421,0.47368421052631576,0.3684210526315789,0.3157894736842105,0.3684210526315789,0.37894736842105264,0.31578947368421045
serie_a,2005,LIVO,0.15789473684210525,0.21052631578947367,0.3157894736842105,0.3157894736842105,0.3684210526315789,0.3684210526315789,0.3157894736842105,0.2631578947368421,0.42105263157894735,0.42105263157894735,0.21052631578947367,0.3684210526315789,0.42105263157894735,0.47368421052631576,0.47368421052631576,0.2631578947368421,0.3157894736842105,0.42105263157894735,0.42105263157894735,0.42105263157894735,0.34210526315789475,0.3526315789473684
serie_a,2005,MES,0.47368421052631576,0.3157894736842105,0.2631578947368421,0.42105263157894735,0.3684210526315789,0.3157894736842105,0.5789473684210527,0.631578947368421,0.42105263157894735,0.47368421052631576,0.3157894736842105,0.3157894736842105,0.3157894736842105,0.42105263157894735,0.2631578947368421,0.3157894736842105,0.47368421052631576,0.3157894736842105,0.5789473684210527,0.3157894736842105,0.4052631578947368,0.38421052631578945
serie_a,2005,MIL,0.3157894736842105,0.47368421052631576,0.3157894736842105,0.21052631578947367,0.3157894736842105,0.3157894736842105,0.47368421052631576,0.42105263157894735,0.21052631578947367,0.3684210526315789,0.47368421052631576,0.3684210526315789,0.5789473684210527,0.15789473684210525,0.2631578947368421,0.47368421052631576,0.42105263157894735,0.3157894736842105,0.2631578947368421,0.47368421052631576,0.36315789473684207,0.35789473684210527
serie_a,2005,PAL,0.3684210526315789,0.3684210526315789,0.47368421052631576,0.3684210526315789,0.3684210526315789,0.3684210526315789,0.21052631578947367,0.3684210526315789,0.3157894736842105,0.3684210526315789,0.15789473684210525,0.47368421052631576,0.42105263157894735,0.2631578947368421,0.3684210526315789,0.47368421052631576,0.3684210526315789,0.3684210526315789,0.5263157894736842,0.2631578947368421,0.3578947368421052,0.36842105263157887
serie_a,2005,PAR,0.3157894736842105,0.47368421052631576,0.5263157894736842,0.5263157894736842,0.2631578947368421,0.3684210526315789,0.42105263157894735,0.21052631578947367,0.3157894736842105,0.42105263157894735,0.47368421052631576,0.2631578947368421,0.47368421052631576,0.3684210526315789,0.15789473684210525,0.3684210526315789,0.3684210526315789,0.3157894736842105,0.47368421052631576,0.3157894736842105,0.3789473684210526,0.3631578947368421
serie_a,2005,REG,0.3684210526315789,0.3157894736842105,0.2631578947368421,0.2631578947368421,0.3684210526315789,0.3684210526315789,0.3157894736842105,0.3157894736842105,0.21052631578947367,0.5263157894736842,0.5263157894736842,0.3157894736842105,0.5263157894736842,0.47368421052631576,0.42105263157894735,0.21052631578947367,0.21052631578947367,0.5789473684210527,0.3684210526315789,0.3684210526315789,0.3578947368421052,0.37368421052631573
serie_a,2005,ROM,0.15789473684210525,0.3157894736842105,0.42105263157894735,0.42105263157894735,0.42105263157894735,0.2631578947368421,0.42105263157894735,0.3684210526315789,0.3684210526315789,0.15789473684210525,0.3157894736842105,0.2631578947368421,0.3684210526315789,0.3157894736842105,0.42105263157894735,0.42105263157894735,0.42105263157894735,0.3684210526315789,0.42105263157894735,0.42105263157894735,0.37368421052631573,0.33157894736842103
serie_a,2005,SAM,0.3157894736842105,0.3684210526315789,0.3684210526315789,0.47368421052631576,0.3684210526315789,0.42105263157894735,0.3157894736842105,0.2631578947368421,0.15789473684210525,0.3157894736842105,0.3684210526315789,0.3157894736842105,0.3684210526315789,0.2631578947368421,0.5789473684210527,0.3684210526315789,0.2631578947368421,0.2631578947368421,0.15789473684210525,0.2631578947368421,0.3263157894736842,0.33157894736842103
serie_a,2005,SIE,0.21052631578947367,0.3684210526315789,0.47368421052631576,0.3157894736842105,0.3157894736842105,0.5789473684210527,0.3157894736842105,0.2631578947368421,0.3684210526315789,0.2631578947368421,0.3157894736842105,0.3157894736842105,0.15789473684210525,0.3157894736842105,0.5789473684210527,0.42105263157894735,0.631578947368421,0.42105263157894735,0.5263157894736842,0.3157894736842105,0.3894736842105263,0.35789473684210527
serie_a,2005,TRE,0.3684210526315789,0.2631578947368421,0.21052631578947367,0.2631578947368421,0.47368421052631576,0.2631578947368421,0.3684210526315789,0.3157894736842105,0.3684210526315789,0.2631578947368421,0.3157894736842105,0.15789473684210525,0.3157894736842105,0.21052631578947367,0.3684210526315789,0.47368421052631576,0.21052631578947367,0.2631578947368421,0.2631578947368421,0.2631578947368421,0.3263157894736842,0.27368421052631575
serie_a,2005,UDI,0.42105263157894735,0.42105263157894735,0.5263157894736842,0.21052631578947367,0.3684210526315789,0.42105263157894735,0.3684210526315789,0.5789473684210527,0.3684210526315789,0.3157894736842105,0.47368421052631576,0.5263157894736842,0.42105263157894735,0.42105263157894735,0.2631578947368421,0.42105263157894735,0.2631578947368421,0.3684210526315789,0.47368421052631576,0.2631578947368421,0.39473684210526316,0.39473684210526316
serie_a,2006,ASC,0.42105263157894735,0.3157894736842105,0.47368421052631576,0.3684210526315789,0.3684210526315789,0.3157894736842105,0.3157894736842105,0.3684210526315789,0.3157894736842105,0.2631578947368421,0.47368421052631576,0.15789473684210525,0.631578947368421,0.47368421052631576,0.3684210526315789,0.21052631578947367,0.47368421052631576,0.47368421052631576,0.15789473684210525,0.42105263157894735,0.4,0.3368421052631579
serie_a,2006,ATA,0.2631578947368421,0.5263157894736842,0.3157894736842105,0.42105263157894735,0.5263157894736842,0.3684210526315789,0.21052631578947367,0.2631578947368421,0.42105263157894735,0.3157894736842105,0.10526315789473684,0.47368421052631576,0.47368421052631576,0.3684210526315789,0.47368421052631576,0.15789473684210525,0.42105263157894735,0.3684210526315789,0.42105263157894735,0.2631578947368421,0.3631578947368421,0.3526315789473684
serie_a,2006,CAG,0.42105263157894735,0.15789473684210525,0.21052631578947367,0.5789473684210527,0.47368421052631576,0.2631578947368421,0.3684210526315789,0.5789473684210527,0.5263157894736842,0.3157894736842105,0.3157894736842105,0.3157894736842105,0.3157894736842105,0.3684210526315789,0.21052631578947367,0.47368421052631576,0.3157894736842105,0.2631578947368421,0.42105263157894735,0.21052631578947367,0.35789473684210527,0.3526315789473684
serie_a,2006,CAT,0.3684210526315789,0.21052631578947367,0.15789473684210525,0.3684210526315789,0.3684210526315789,0.3157894736842105,0.3157894736842105,0.3157894736842105,0.3684210526315789,0.2631578947368421,0.2631578947368421,0.3684210526315789,0.42105263157894735,0.3684210526315789,0.47368421052631576,0.42105263157894735,0.21052631578947367,0.21052631578947367,0.47368421052631576,0.47368421052631576,0.3421052631578947,0.3315789473684211
serie_a,2006,CHI,0.42105263157894735,0.21052631578947367,0.21052631578947367,0.2631578947368421,0.42105263157894735,0.3157894736842105,0.3157894736842105,0.3157894736842105,0.3157894736842105,0.2631578947368421,0.42105263157894735,0.3684210526315789,0.42105263157894735,0.3684210526315789,0.3684210526315789,0.3684210526315789,0.3684210526315789,0.3684210526315789,0.21052631578947367,0.42105263157894735,0.3473684210526315,0.32631578947368417
serie_a,2006,EMP,0.5789473684210527,0.3157894736842105,0.42105263157894735,0.3157894736842105,0.2631578947368421,0.3157894736842105,0.3684210526315789,0.47368421052631576,0.47368421052631576,0.21052631578947367,0.2631578947368421,0.3157894736842105,0.3157894736842105,0.15789473684210525,0.42105263157894735,0.42105263157894735,0.3684210526315789,0.3157894736842105,0.5789473684210527,0.05263157894736842,0.4052631578947368,0.2894736842105263
serie_a,2006,FIO,0.3684210526315789,0.3157894736842105,0.3157894736842105,0.631578947368421,0.3157894736842105,0.3684210526315789,0.47368421052631576,0.3157894736842105,0.3157894736842105,0.21052631578947367,0.47368421052631576,0.42105263157894735,0.3684210526315789,0.42105263157894735,0.42105263157894735,0.47368421052631576,0.42105263157894735,0.5263157894736842,0.5789473684210527,0.21052631578947367,0.4052631578947368,0.3894736842105263
serie_a,2006,INT,0.42105263157894735,0.3684210526315789,0.42105263157894735,0.15789473684210525,0.3684210526315789,0.2631578947368421,0.3157894736842105,0.3684210526315789,0.3684210526315789,0.5263157894736842,0.2631578947368421,0.15789473684210525,0.42105263157894735,0.3684210526315789,0.42105263157894735,0.47368421052631576,0.3684210526315789,0.21052631578947367,0.2631578947368421,0.3157894736842105,0.36315789473684207,0.32105263157894737
serie_a,2006,LAZ,0.3157894736842105,0.47368421052631576,0.2631578947368421,0.3157894736842105,0.3157894736842105,0.15789473684210525,0.42105263157894735,0.47368421052631576,0.3157894736842105,0.3157894736842105,0.47368421052631576,0.47368421052631576,0.3684210526315789,0.15789473684210525,0.42105263157894735,0.3684210526315789,0.42105263157894735,0.3157894736842105,0.5789473684210527,0.47368421052631576,0.3894736842105263,0.35263157894736846
serie_a,2006,LIVO,0.42105263157894735,0.3157894736842105,0.3157894736842105,0.42105263157894735,0.2631578947368421,0.2631578947368421,0.2631578947368421,0.3157894736842105,0.47368421052631576,0.42105263157894735,0.3684210526315789,0.3157894736842105,0.42105263157894735,0.3684210526315789,0.2631578947368421,0.42105263157894735,0.3157894736842105,0.3684210526315789,0.3157894736842105,0.3684210526315789,0.34210526315789475,0.3578947368421052
serie_a,2006,MES,0.3157894736842105,0.42105263157894735,0.3684210526315789,0.3157894736842105,0.10526315789473684,0.42105263157894735,0.5263157894736842,0.3157894736842105,0.3684210526315789,0.3684210526315789,0.3684210526315789,0.42105263157894735,0.42105263157894735,0.42105263157894735,0.42105263157894735,0.10526315789473684,0.2631578947368421,0.47368421052631576,0.5789473684210527,0.47368421052631576,0.37368421052631573,0.37368421052631584
serie_a,2006,MIL,0.15789473684210525,0.47368421052631576,0.42105263157894735,0.2631578947368421,0.3684210526315789,0.42105263157894735,0.2631578947368421,0.2631578947368421,0.3157894736842105,0.3157894736842105,0.3157894736842105,0.3157894736842105,0.3684210526315789,0.2631578947368421,0.2631578947368421,0.3157894736842105,0.3684210526315789,0.3157894736842105,0.21052631578947367,0.5263157894736842,0.3052631578947368,0.3473684210526316
serie_a,2006,PAL,0.42105263157894735,0.47368421052631576,0.42105263157894735,0.42105263157894735,0.47368421052631576,0.3157894736842105,0.47368421052631576,0.3684210526315789,0.3157894736842105,0.3684210526315789,0.3157894736842105,0.42105263157894735,0.47368421052631576,0.42105263157894735,0.3157894736842105,0.3684210526315789,0.47368421052631576,0.5263157894736842,0.3157894736842105,0.15789473684210525,0.4,0.38421052631578945
serie_a,2006,PAR,0.47368421052631576,0.3157894736842105,0.631578947368421,0.21052631578947367,0.5789473684210527,0.3684210526315789,0.3157894736842105,0.3157894736842105,0.42105263157894735,0.42105263157894735,0.2631578947368421,0.3684210526315789,0.3684210526315789,0.42105263157894735,0.15789473684210525,0.3157894736842105,0.47368421052631576,0.3684210526315789,0.3684210526315789,0.47368421052631576,0.4052631578947368,0.3578947368421052
serie_a,2006,REG,0.47368421052631576,0.3157894736842105,0.3684210526315789,0.42105263157894735,0.3157894736842105,0.3157894736842105,0.47368421052631576,0.3684210526315789,0.3684210526315789,0.5263157894736842,0.3684210526315789,0.21052631578947367,0.21052631578947367,0.3684210526315789,0.3157894736842105,0.3157894736842105,0.21052631578947367,0.47368421052631576,0.47368421052631576,0.3684210526315789,0.3578947368421052,0.3684210526315789
serie_a,2006,ROM,0.15789473684210525,0.3157894736842105,0.47368421052631576,0.3684210526315789,0.42105263157894735,0.3684210526315789,0.47368421052631576,0.3684210526315789,0.5263157894736842,0.5263157894736842,0.2631578947368421,0.3157894736842105,0.05263157894736842,0.15789473684210525,0.21052631578947367,0.2631578947368421,0.3684210526315789,0.3157894736842105,0.15789473684210525,0.5263157894736842,0.31052631578947365,0.3526315789473684
serie_a,2006,SAM,0.47368421052631576,0.2631578947368421,0.3157894736842105,0.42105263157894735,0.15789473684210525,0.3157894736842105,0.3157894736842105,0.3157894736842105,0.3684210526315789,0.42105263157894735,0.42105263157894735,0.3157894736842105,0.5263157894736842,0.47368421052631576,0.3684210526315789,0.42105263157894735,0.3157894736842105,0.21052631578947367,0.2631578947368421,0.42105263157894735,0.3526315789473684,0.35789473684210515
serie_a,2006,SIE,0.42105263157894735,0.2631578947368421,0.47368421052631576,0.3684210526315789,0.47368421052631576,0.42105263157894735,0.3157894736842105,0.47368421052631576,0.42105263157894735,0.3157894736842105,0.47368421052631576,0.5263157894736842,0.42105263157894735,0.42105263157894735,0.42105263157894735,0.5263157894736842,0.47368421052631576,0.5263157894736842,0.3684210526315789,0.15789473684210525,0.42631578947368415,0.39999999999999997
serie_a,2006,TOR,0.2631578947368421,0.2631578947368421,0.5263157894736842,0.3684210526315789,0.3157894736842105,0.47368421052631576,0.3684210526315789,0.3157894736842105,0.3157894736842105,0.5263157894736842,0.5263157894736842,0.3157894736842105,0.21052631578947367,0.3157894736842105,0.3684210526315789,0.42105263157894735,0.21052631578947367,0.3684210526315789,0.42105263157894735,0.42105263157894735,0.35263157894736835,0.3789473684210526
serie_a,2006,UDI,0.5789473684210527,0.3157894736842105,0.42105263157894735,0.21052631578947367,0.21052631578947367,0.2631578947368421,0.42105263157894735,0.42105263157894735,0.2631578947368421,0.5263157894736842,0.42105263157894735,0.42105263157894735,0.2631578947368421,0.3157894736842105,0.3157894736842105,0.3157894736842105,0.21052631578947367,0.5263157894736842,0.47368421052631576,0.5789473684210527,0.3578947368421052,0.3894736842105263
serie_a,2007,ATA,0.3684210526315789,0.2631578947368421,0.3684210526315789,0.42105263157894735,0.47368421052631576,0.42105263157894735,0.21052631578947367,0.6842105263157895,0.47368421052631576,0.42105263157894735,0.2631578947368421,0.5263157894736842,0.21052631578947367,0.3157894736842105,0.42105263157894735,0.42105263157894735,0.5263157894736842,0.3684210526315789,0.5263157894736842,0.42105263157894735,0.38421052631578945,0.42631578947368415
serie_a,2007,CAG,0.21052631578947367,0.47368421052631576,0.3684210526315789,0.5789473684210527,0.3684210526315789,0.21052631578947367,0.42105263157894735,0.42105263157894735,0.3157894736842105,0.47368421052631576,0.47368421052631576,0.42105263157894735,0.21052631578947367,0.3684210526315789,0.3157894736842105,0.42105263157894735,0.47368421052631576,0.21052631578947367,0.5263157894736842,0.21052631578947367,0.3684210526315789,0.3789473684210526
serie_a,2007,CAT,0.47368421052631576,0.5263157894736842,0.3684210526315789,0.47368421052631576,0.5263157894736842,0.3684210526315789,0.21052631578947367,0.47368421052631576,0.42105263157894735,0.47368421052631576,0.3684210526315789,0.42105263157894735,0.3157894736842105,0.42105263157894735,0.3684210526315789,0.2631578947368421,0.42105263157894735,0.21052631578947367,0.3157894736842105,0.3684210526315789,0.3789473684210526,0.3999999999999999
serie_a,2007,EMP,0.5263157894736842,0.3157894736842105,0.47368421052631576,0.3684210526315789,0.2631578947368421,0.21052631578947367,0.5789473684210527,0.3157894736842105,0.3684210526315789,0.3157894736842105,0.42105263157894735,0.631578947368421,0.3157894736842105,0.2631578947368421,0.15789473684210525,0.3684210526315789,0.2631578947368421,0.3684210526315789,0.42105263157894735,0.5263157894736842,0.3789473684210526,0.36842105263157887
serie_a,2007,FIO,0.21052631578947367,0.42105263157894735,0.21052631578947367,0.2631578947368421,0.3157894736842105,0.15789473684210525,0.3684210526315789,0.3684210526315789,0.42105263157894735,0.21052631578947367,0.47368421052631576,0.42105263157894735,0.2631578947368421,0.3684210526315789,0.15789473684210525,0.3684210526315789,0.21052631578947367,0.5789473684210527,0.5263157894736842,0.21052631578947367,0.31578947368421045,0.3368421052631579
serie_a,2007,GEN,0.3684210526315789,0.3157894736842105,0.2631578947368421,0.2631578947368421,0.5263157894736842,0.3157894736842105,0.3684210526315789,0.42105263157894735,0.3157894736842105,0.2631578947368421,0.5263157894736842,0.47368421052631576,0.15789473684210525,0.21052631578947367,0.5263157894736842,0.3684210526315789,0.2631578947368421,0.3157894736842105,0.2631578947368421,0.5263157894736842,0.3578947368421052,0.3473684210526316
serie_a,2007,INT,0.47368421052631576,0.3157894736842105,0.42105263157894735,0.5263157894736842,0.3684210526315789,0.42105263157894735,0.15789473684210525,0.3684210526315789,0.42105263157894735,0.5263157894736842,0.3684210526315789,0.10526315789473684,0.2631578947368421,0.3157894736842105,0.47368421052631576,0.42105263157894735,0.5263157894736842,0.3157894736842105,0.3157894736842105,0.2631578947368421,0.3789473684210526,0.35789473684210527
serie_a,2007,JUV,0.3157894736842105,0.47368421052631576,0.2631578947368421,0.42105263157894735,0.3684210526315789,0.47368421052631576,0.42105263157894735,0.3157894736842105,0.42105263157894735,0.3157894736842105,0.5263157894736842,0.3684210526315789,0.3684210526315789,0.2631578947368421,0.42105263157894735,0.3684210526315789,0.42105263157894735,0.2631578947368421,0.42105263157894735,0.2631578947368421,0.39473684210526316,0.3526315789473684
serie_a,2007,LAZ,0.21052631578947367,0.2631578947368421,0.3684210526315789,0.2631578947368421,0.2631578947368421,0.47368421052631576,0.631578947368421,0.42105263157894735,0.5263157894736842,0.3157894736842105,0.3157894736842105,0.47368421052631576,0.5263157894736842,0.15789473684210525,0.3684210526315789,0.42105263157894735,0.21052631578947367,0.47368421052631576,0.42105263157894735,0.3157894736842105,0.38421052631578945,0.3578947368421053
serie_a,2007,LIVO,0.42105263157894735,0.47368421052631576,0.3684210526315789,0.3157894736842105,0.3157894736842105,0.3684210526315789,0.5263157894736842,0.2631578947368421,0.15789473684210525,0.3684210526315789,0.3684210526315789,0.21052631578947367,0.42105263157894735,0.2631578947368421,0.3684210526315789,0.5263157894736842,0.5263157894736842,0.2631578947368421,0.21052631578947367,0.3684210526315789,0.3684210526315789,0.34210526315789475
serie_a,2007,MIL,0.5789473684210527,0.47368421052631576,0.47368421052631576,0.2631578947368421,0.631578947368421,0.3684210526315789,0.47368421052631576,0.3684210526315789,0.21052631578947367,0.42105263157894735,0.42105263157894735,0.3157894736842105,0.42105263157894735,0.42105263157894735,0.15789473684210525,0.3157894736842105,0.42105263157894735,0.47368421052631576,0.21052631578947367,0.3157894736842105,0.4,0.3736842105263158
serie_a,2007,NAP,0.3684210526315789,0.21052631578947367,0.42105263157894735,0.42105263157894735,0.3157894736842105,0.42105263157894735,0.3684210526315789,0.5263157894736842,0.47368421052631576,0.3684210526315789,0.47368421052631576,0.3684210526315789,0.42105263157894735,0.2631578947368421,0.2631578947368421,0.2631578947368421,0.2631578947368421,0.5263157894736842,0.2631578947368421,0.47368421052631576,0.363157894736842,0.38421052631578945
serie_a,2007,PAL,0.42105263157894735,0.21052631578947367,0.42105263157894735,0.42105263157894735,0.47368421052631576,0.3684210526315789,0.42105263157894735,0.3157894736842105,0.3157894736842105,0.47368421052631576,0.3157894736842105,0.5263157894736842,0.2631578947368421,0.42105263157894735,0.42105263157894735,0.3157894736842105,0.47368421052631576,0.42105263157894735,0.3684210526315789,0.47368421052631576,0.3894736842105263,0.39473684210526316
serie_a,2007,PAR,0.3684210526315789,0.5263157894736842,0.47368421052631576,0.21052631578947367,0.3157894736842105,0.3684210526315789,0.42105263157894735,0.3157894736842105,0.3157894736842105,0.47368421052631576,0.3157894736842105,0.3684210526315789,0.47368421052631576,0.5263157894736842,0.47368421052631576,0.42105263157894735,0.5789473684210527,0.2631578947368421,0.15789473684210525,0.3157894736842105,0.3894736842105263,0.3789473684210526
serie_a,2007,REG,0.2631578947368421,0.2631578947368421,0.3157894736842105,0.47368421052631576,0.3157894736842105,0.2631578947368421,0.2631578947368421,0.42105263157894735,0.3157894736842105,0.47368421052631576,0.2631578947368421,0.3157894736842105,0.42105263157894735,0.47368421052631576,0.3157894736842105,0.21052631578947367,0.2631578947368421,0.3684210526315789,0.47368421052631576,0.42105263157894735,0.32105263157894737,0.36842105263157887
serie_a,2007,ROM,0.42105263157894735,0.3684210526315789,0.3157894736842105,0.42105263157894735,0.42105263157894735,0.47368421052631576,0.2631578947368421,0.5263157894736842,0.3157894736842105,0.2631578947368421,0.42105263157894735,0.42105263157894735,0.3684210526315789,0.3684210526315789,0.3684210526315789,0.42105263157894735,0.21052631578947367,0.47368421052631576,0.5263157894736842,0.42105263157894735,0.363157894736842,0.41578947368421054
serie_a,2007,SAM,0.42105263157894735,0.3684210526315789,0.2631578947368421,0.3157894736842105,0.42105263157894735,0.47368421052631576,0.47368421052631576,0.42105263157894735,0.2631578947368421,0.2631578947368421,0.42105263157894735,0.15789473684210525,0.3684210526315789,0.15789473684210525,0.47368421052631576,0.3684210526315789,0.3157894736842105,0.2631578947368421,0.42105263157894735,0.631578947368421,0.38421052631578945,0.3421052631578947
serie_a,2007,SIE,0.3157894736842105,0.3157894736842105,0.3684210526315789,0.5789473684210527,0.5263157894736842,0.3157894736842105,0.3157894736842105,0.10526315789473684,0.47368421052631576,0.21052631578947367,0.42105263157894735,0.47368421052631576,0.5789473684210527,0.3157894736842105,0.47368421052631576,0.3684210526315789,0.42105263157894735,0.3157894736842105,0.2631578947368421,0.2631578947368421,0.41578947368421054,0.3263157894736842
serie_a,2007,TOR,0.3684210526315789,0.3157894736842105,0.42105263157894735,0.3157894736842105,0.3157894736842105,0.15789473684210525,0.3684210526315789,0.3684210526315789,0.47368421052631576,0.5789473684210527,0.21052631578947367,0.21052631578947367,0.2631578947368421,0.47368421052631576,0.42105263157894735,0.15789473684210525,0.21052631578947367,0.3157894736842105,0.42105263157894735,0.21052631578947367,0.34736842105263155,0.3105263157894737
serie_a,2007,UDI,0.3157894736842105,0.42105263157894735,0.3684210526315789,0.5789473684210527,0.2631578947368421,0.5789473684210527,0.42105263157894735,0.3684210526315789,0.3157894736842105,0.2631578947368421,0.42105263157894735,0.3684210526315789,0.2631578947368421,0.3157894736842105,0.3157894736842105,0.47368421052631576,0.47368421052631576,0.47368421052631576,0.42105263157894735,0.47368421052631576,0.35789473684210527,0.43157894736842106
serie_a,2008,ATA,0.5263157894736842,0.5789473684210527,0.2631578947368421,0.42105263157894735,0.42105263157894735,0.3684210526315789,0.47368421052631576,0.47368421052631576,0.5789473684210527,0.21052631578947367,0.3684210526315789,0.21052631578947367,0.5789473684210527,0.3684210526315789,0.21052631578947367,0.3157894736842105,0.47368421052631576,0.42105263157894735,0.2631578947368421,0.21052631578947367,0.41578947368421054,0.3578947368421052
serie_a,2008,BOLG,0.3684210526315789,0.3157894736842105,0.3684210526315789,0.47368421052631576,0.47368421052631576,0.3157894736842105,0.47368421052631576,0.47368421052631576,0.3684210526315789,0.3157894736842105,0.631578947368421,0.47368421052631576,0.47368421052631576,0.3157894736842105,0.3157894736842105,0.21052631578947367,0.3157894736842105,0.42105263157894735,0.47368421052631576,0.15789473684210525,0.42631578947368426,0.3473684210526316
serie_a,2008,CAG,0.3157894736842105,0.3684210526315789,0.42105263157894735,0.42105263157894735,0.3684210526315789,0.21052631578947367,0.3157894736842105,0.42105263157894735,0.5263157894736842,0.3157894736842105,0.15789473684210525,0.3157894736842105,0.2631578947368421,0.21052631578947367,0.3684210526315789,0.3157894736842105,0.42105263157894735,0.3684210526315789,0.47368421052631576,0.15789473684210525,0.36315789473684207,0.31052631578947365
serie_a,2008,CAT,0.3684210526315789,0.15789473684210525,0.47368421052631576,0.2631578947368421,0.3684210526315789,0.2631578947368421,0.5263157894736842,0.42105263157894735,0.3157894736842105,0.42105263157894735,0.3157894736842105,0.47368421052631576,0.5263157894736842,0.2631578947368421,0.47368421052631576,0.42105263157894735,0.42105263157894735,0.2631578947368421,0.3684210526315789,0.3684210526315789,0.41578947368421054,0.33157894736842103
serie_a,2008,CHI,0.3684210526315789,0.5263157894736842,0.2631578947368421,0.3684210526315789,0.3684210526315789,0.3157894736842105,0.2631578947368421,0.21052631578947367,0.3157894736842105,0.2631578947368421,0.3684210526315789,0.47368421052631576,0.21052631578947367,0.47368421052631576,0.3157894736842105,0.3684210526315789,0.42105263157894735,0.3684210526315789,0.15789473684210525,0.21052631578947367,0.3052631578947368,0.3578947368421052
serie_a,2008,FIO,0.2631578947368421,0.42105263157894735,0.42105263157894735,0.3684210526315789,0.3157894736842105,0.3684210526315789,0.21052631578947367,0.10526315789473684,0.3684210526315789,0.2631578947368421,0.21052631578947367,0.42105263157894735,0.3684210526315789,0.3684210526315789,0.2631578947368421,0.2631578947368421,0.3157894736842105,0.3684210526315789,0.42105263157894735,0.42105263157894735,0.3157894736842105,0.33684210526315783
serie_a,2008,GEN,0.47368421052631576,0.21052631578947367,0.15789473684210525,0.3684210526315789,0.5263157894736842,0.3157894736842105,0.47368421052631576,0.47368421052631576,0.5263157894736842,0.3684210526315789,0.42105263157894735,0.3684210526315789,0.3684210526315789,0.47368421052631576,0.47368421052631576,0.3157894736842105,0.15789473684210525,0.2631578947368421,0.47368421052631576,0.3157894736842105,0.4052631578947368,0.34736842105263155
serie_a,2008,INT,0.42105263157894735,0.5263157894736842,0.3157894736842105,0.3157894736842105,0.3684210526315789,0.5263157894736842,0.21052631578947367,0.2631578947368421,0.3157894736842105,0.3157894736842105,0.2631578947368421,0.3684210526315789,0.21052631578947367,0.2631578947368421,0.42105263157894735,0.3684210526315789,0.3157894736842105,0.3684210526315789,0.3157894736842105,0.21052631578947367,0.3157894736842105,0.3526315789473684
serie_a,2008,JUV,0.5263157894736842,0.3157894736842105,0.3684210526315789,0.3157894736842105,0.47368421052631576,0.5789473684210527,0.3684210526315789,0.15789473684210525,0.21052631578947367,0.10526315789473684,0.42105263157894735,0.5263157894736842,0.3157894736842105,0.5263157894736842,0.42105263157894735,0.3684210526315789,0.47368421052631576,0.42105263157894735,0.3157894736842105,0.47368421052631576,0.3894736842105263,0.3789473684210526
serie_a,2008,LAZ,0.5263157894736842,0.47368421052631576,0.3684210526315789,0.3157894736842105,0.2631578947368421,0.21052631578947367,0.42105263157894735,0.3157894736842105,0.47368421052631576,0.3684210526315789,0.42105263157894735,0.2631578947368421,0.2631578947368421,0.47368421052631576,0.5789473684210527,0.42105263157894735,0.3684210526315789,0.2631578947368421,0.2631578947368421,0.47368421052631576,0.3947368421052631,0.35789473684210527
serie_a,2008,LEC,0.3157894736842105,0.3157894736842105,0.5789473684210527,0.42105263157894735,0.42105263157894735,0.42105263157894735,0.42105263157894735,0.3157894736842105,0.5263157894736842,0.6842105263157895,0.47368421052631576,0.3157894736842105,0.42105263157894735,0.631578947368421,0.3684210526315789,0.3684210526315789,0.47368421052631576,0.5263157894736842,0.3684210526315789,0.42105263157894735,0.43684210526315786,0.44210526315789467
serie_a,2008,MIL,0.2631578947368421,0.3157894736842105,0.3157894736842105,0.42105263157894735,0.3684210526315789,0.42105263157894735,0.2631578947368421,0.3684210526315789,0.3157894736842105,0.3157894736842105,0.2631578947368421,0.2631578947368421,0.3684210526315789,0.3157894736842105,0.42105263157894735,0.47368421052631576,0.47368421052631576,0.2631578947368421,0.47368421052631576,0.5789473684210527,0.35263157894736846,0.37368421052631573
serie_a,2008,NAP,0.2631578947368421,0.2631578947368421,0.47368421052631576,0.3157894736842105,0.5789473684210527,0.2631578947368421,0.3684210526315789,0.47368421052631576,0.2631578947368421,0.42105263157894735,0.3157894736842105,0.5263157894736842,0.21052631578947367,0.2631578947368421,0.3157894736842105,0.3684210526315789,0.5789473684210527,0.3684210526315789,0.3684210526315789,0.2631578947368421,0.37368421052631573,0.3526315789473684
serie_a,2008,PAL,0.47368421052631576,0.21052631578947367,0.3684210526315789,0.2631578947368421,0.21052631578947367,0.3157894736842105,0.21052631578947367,0.47368421052631576,0.3684210526315789,0.2631578947368421,0.42105263157894735,0.15789473684210525,0.15789473684210525,0.47368421052631576,0.47368421052631576,0.3684210526315789,0.5789473684210527,0.3684210526315789,0.3684210526315789,0.2631578947368421,0.36315789473684207,0.3157894736842105
serie_a,2008,REG,0.3684210526315789,0.3684210526315789,0.2631578947368421,0.42105263157894735,0.3684210526315789,0.3157894736842105,0.21052631578947367,0.3684210526315789,0.47368421052631576,0.42105263157894735,0.2631578947368421,0.3684210526315789,0.21052631578947367,0.3684210526315789,0.3684210526315789,0.42105263157894735,0.3684210526315789,0.3684210526315789,0.3684210526315789,0.47368421052631576,0.32631578947368417,0.3894736842105263
serie_a,2008,ROM,0.47368421052631576,0.47368421052631576,0.3157894736842105,0.3684210526315789,0.3684210526315789,0.3684210526315789,0.47368421052631576,0.5263157894736842,0.3157894736842105,0.3684210526315789,0.3157894736842105,0.3684210526315789,0.3684210526315789,0.47368421052631576,0.47368421052631576,0.42105263157894735,0.42105263157894735,0.6842105263157895,0.5263157894736842,0.42105263157894735,0.4052631578947368,0.4473684210526315
serie_a,2008,SAM,0.3684210526315789,0.5263157894736842,0.21052631578947367,0.5789473684210527,0.42105263157894735,0.42105263157894735,0.42105263157894735,0.2631578947368421,0.21052631578947367,0.6842105263157895,0.42105263157894735,0.15789473684210525,0.3684210526315789,0.3684210526315789,0.3157894736842105,0.3157894736842105,0.3157894736842105,0.42105263157894735,0.47368421052631576,0.3684210526315789,0.3526315789473684,0.41052631578947363
serie_a,2008,SIE,0.2631578947368421,0.2631578947368421,0.3684210526315789,0.3157894736842105,0.42105263157894735,0.631578947368421,0.21052631578947367,0.47368421052631576,0.3684210526315789,0.3157894736842105,0.3157894736842105,0.3684210526315789,0.2631578947368421,0.3157894736842105,0.3157894736842105,0.42105263157894735,0.15789473684210525,0.3157894736842105,0.42105263157894735,0.2631578947368421,0.31052631578947365,0.3684210526315789
serie_a,2008,TOR,0.3157894736842105,0.3684210526315789,0.42105263157894735,0.3684210526315789,0.42105263157894735,0.42105263157894735,0.3684210526315789,0.3684210526315789,0.2631578947368421,0.3157894736842105,0.3157894736842105,0.3157894736842105,0.5789473684210527,0.2631578947368421,0.2631578947368421,0.3157894736842105,0.3684210526315789,0.42105263157894735,0.47368421052631576,0.5789473684210527,0.3789473684210526,0.37368421052631573
serie_a,2008,UDI,0.5263157894736842,0.5263157894736842,0.3684210526315789,0.3157894736842105,0.3157894736842105,0.2631578947368421,0.3684210526315789,0.42105263157894735,0.2631578947368421,0.3157894736842105,0.5263157894736842,0.3684210526315789,0.5263157894736842,0.3157894736842105,0.5263157894736842,0.3157894736842105,0.3157894736842105,0.42105263157894735,0.15789473684210525,0.5263157894736842,0.3894736842105263,0.3789473684210526
serie_a,2009,ATA,0.3684210526315789,0.2631578947368421,0.3684210526315789,0.2631578947368421,0.42105263157894735,0.3157894736842105,0.15789473684210525,0.5263157894736842,0.47368421052631576,0.2631578947368421,0.6842105263157895,0.3684210526315789,0.21052631578947367,0.15789473684210525,0.21052631578947367,0.2631578947368421,0.3157894736842105,0.42105263157894735,0.47368421052631576,0.42105263157894735,0.368421052631579,0.32631578947368417
serie_a,2009,BARI,0.3157894736842105,0.42105263157894735,0.47368421052631576,0.42105263157894735,0.42105263157894735,0.2631578947368421,0.2631578947368421,0.3684210526315789,0.5263157894736842,0.3157894736842105,0.3684210526315789,0.3157894736842105,0.05263157894736842,0.3157894736842105,0.3684210526315789,0.21052631578947367,0.5789473684210527,0.3157894736842105,0.3157894736842105,0.3684210526315789,0.3684210526315789,0.3315789473684211
serie_a,2009,BOLG,0.5263157894736842,0.2631578947368421,0.42105263157894735,0.2631578947368421,0.5263157894736842,0.5263157894736842,0.3684210526315789,0.3684210526315789,0.47368421052631576,0.5263157894736842,0.3157894736842105,0.47368421052631576,0.15789473684210525,0.3684210526315789,0.42105263157894735,0.3157894736842105,0.42105263157894735,0.15789473684210525,0.5263157894736842,0.5263157894736842,0.41578947368421054,0.3789473684210526
serie_a,2009,CAG,0.21052631578947367,0.2631578947368421,0.47368421052631576,0.3157894736842105,0.47368421052631576,0.3157894736842105,0.42105263157894735,0.3157894736842105,0.3684210526315789,0.3684210526315789,0.21052631578947367,0.2631578947368421,0.15789473684210525,0.10526315789473684,0.3157894736842105,0.42105263157894735,0.3684210526315789,0.3684210526315789,0.2631578947368421,0.42105263157894735,0.32631578947368417,0.3157894736842105
serie_a,2009,CAT,0.2631578947368421,0.3157894736842105,0.47368421052631576,0.3157894736842105,0.3157894736842105,0.42105263157894735,0.5789473684210527,0.3684210526315789,0.3157894736842105,0.42105263157894735,0.3157894736842105,0.42105263157894735,0.42105263157894735,0.47368421052631576,0.42105263157894735,0.3684210526315789,0.47368421052631576,0.3157894736842105,0.47368421052631576,0.3157894736842105,0.4052631578947368,0.3736842105263158
serie_a,2009,CHI,0.15789473684210525,0.5263157894736842,0.2631578947368421,0.2631578947368421,0.47368421052631576,0.5789473684210527,0.3157894736842105,0.2631578947368421,0.3684210526315789,0.5263157894736842,0.42105263157894735,0.21052631578947367,0.5263157894736842,0.42105263157894735,0.2631578947368421,0.42105263157894735,0.47368421052631576,0.42105263157894735,0.42105263157894735,0.3684210526315789,0.368421052631579,0.39999999999999997
serie_a,2009,FIO,0.3684210526315789,0.42105263157894735,0.3157894736842105,0.47368421052631576,0.47368421052631576,0.47368421052631576,0.3157894736842105,0.5789473684210527,0.5789473684210527,0.42105263157894735,0.42105263157894735,0.3684210526315789,0.2631578947368421,0.6842105263157895,0.2631578947368421,0.2631578947368421,0.2631578947368421,0.3684210526315789,0.3684210526315789,0.42105263157894735,0.36315789473684207,0.4473684210526315
serie_a,2009,GEN,0.631578947368421,0.3684210526315789,0.47368421052631576,0.21052631578947367,0.3157894736842105,0.47368421052631576,0.47368421052631576,0.2631578947368421,0.42105263157894735,0.3157894736842105,0.3684210526315789,0.47368421052631576,0.3684210526315789,0.42105263157894735,0.42105263157894735,0.21052631578947367,0.2631578947368421,0.42105263157894735,0.3684210526315789,0.21052631578947367,0.41052631578947374,0.3368421052631579
serie_a,2009,INT,0.5789473684210527,0.5263157894736842,0.2631578947368421,0.5789473684210527,0.5263157894736842,0.21052631578947367,0.42105263157894735,0.5263157894736842,0.3684210526315789,0.42105263157894735,0.42105263157894735,0.47368421052631576,0.5263157894736842,0.3684210526315789,0.2631578947368421,0.5263157894736842,0.3684210526315789,0.5263157894736842,0.3684210526315789,0.3157894736842105,0.41052631578947363,0.4473684210526316
serie_a,2009,JUV,0.3684210526315789,0.3157894736842105,0.42105263157894735,0.3684210526315789,0.3684210526315789,0.3684210526315789,0.3684210526315789,0.47368421052631576,0.3684210526315789,0.3157894736842105,0.21052631578947367,0.2631578947368421,0.5789473684210527,0.47368421052631576,0.47368421052631576,0.21052631578947367,0.3157894736842105,0.47368421052631576,0.3684210526315789,0.3157894736842105,0.38421052631578945,0.35789473684210527
serie_a,2009,LAZ,0.21052631578947367,0.21052631578947367,0.42105263157894735,0.3684210526315789,0.05263157894736842,0.47368421052631576,0.42105263157894735,0.3157894736842105,0.3157894736842105,0.21052631578947367,0.42105263157894735,0.3157894736842105,0.3684210526315789,0.47368421052631576,0.2631578947368421,0.3684210526315789,0.47368421052631576,0.47368421052631576,0.2631578947368421,0.3157894736842105,0.32105263157894737,0.3526315789473684
serie_a,2009,LIVO,0.631578947368421,0.2631578947368421,0.3157894736842105,0.47368421052631576,0.3684210526315789,0.47368421052631576,0.5789473684210527,0.3684210526315789,0.3684210526315789,0.15789473684210525,0.2631578947368421,0.3157894736842105,0.3157894736842105,0.3157894736842105,0.42105263157894735,0.3157894736842105,0.42105263157894735,0.3684210526315789,0.2631578947368421,0.3157894736842105,0.39473684210526316,0.3368421052631579
serie_a,2009,MIL,0.3157894736842105,0.3684210526315789,0.42105263157894735,0.2631578947368421,0.47368421052631576,0.3157894736842105,0.3157894736842105,0.21052631578947367,0.10526315789473684,0.3684210526315789,0.6842105263157895,0.42105263157894735,0.3684210526315789,0.42105263157894735,0.3157894736842105,0.5789473684210527,0.3684210526315789,0.3684210526315789,0.3684210526315789,0.3157894736842105,0.37368421052631573,0.3631578947368421
serie_a,2009,NAP,0.3684210526315789,0.10526315789473684,0.3684210526315789,0.3684210526315789,0.2631578947368421,0.2631578947368421,0.47368421052631576,0.2631578947368421,0.15789473684210525,0.3684210526315789,0.21052631578947367,0.42105263157894735,0.2631578947368421,0.3157894736842105,0.2631578947368421,0.47368421052631576,0.3684210526315789,0.47368421052631576,0.3157894736842105,0.42105263157894735,0.3052631578947368,0.3473684210526316
serie_a,2009,PAL,0.2631578947368421,0.42105263157894735,0.42105263157894735,0.42105263157894735,0.42105263157894735,0.3157894736842105,0.2631578947368421,0.42105263157894735,0.2631578947368421,0.3684210526315789,0.21052631578947367,0.3684210526315789,0.2631578947368421,0.42105263157894735,0.2631578947368421,0.42105263157894735,0.2631578947368421,0.47368421052631576,0.42105263157894735,0.3684210526315789,0.3052631578947368,0.4
serie_a,2009,PAR,0.3684210526315789,0.42105263157894735,0.42105263157894735,0.3684210526315789,0.3157894736842105,0.2631578947368421,0.2631578947368421,0.3157894736842105,0.3157894736842105,0.21052631578947367,0.2631578947368421,0.3684210526315789,0.42105263157894735,0.3157894736842105,0.47368421052631576,0.21052631578947367,0.42105263157894735,0.2631578947368421,0.3684210526315789,0.5263157894736842,0.36315789473684207,0.3263157894736842
serie_a,2009,ROM,0.2631578947368421,0.3157894736842105,0.42105263157894735,0.5263157894736842,0.42105263157894735,0.47368421052631576,0.3157894736842105,0.3157894736842105,0.42105263157894735,0.3157894736842105,0.3157894736842105,0.21052631578947367,0.15789473684210525,0.2631578947368421,0.15789473684210525,0.15789473684210525,0.42105263157894735,0.2631578947368421,0.47368421052631576,0.3157894736842105,0.33684210526315794,0.3157894736842105
serie_a,2009,SAM,0.42105263157894735,0.5263157894736842,0.5263157894736842,0.3684210526315789,0.3684210526315789,0.3684210526315789,0.3684210526315789,0.42105263157894735,0.2631578947368421,0.42105263157894735,0.42105263157894735,0.47368421052631576,0.47368421052631576,0.2631578947368421,0.3684210526315789,0.21052631578947367,0.42105263157894735,0.15789473684210525,0.47368421052631576,0.5263157894736842,0.41052631578947363,0.37368421052631573
serie_a,2009,SIE,0.2631578947368421,0.3157894736842105,0.21052631578947367,0.42105263157894735,0.3157894736842105,0.5263157894736842,0.3157894736842105,0.42105263157894735,0.3157894736842105,0.3157894736842105,0.3684210526315789,0.3157894736842105,0.3157894736842105,0.42105263157894735,0.3684210526315789,0.3684210526315789,0.2631578947368421,0.42105263157894735,0.42105263157894735,0.10526315789473684,0.3157894736842105,0.36315789473684207
serie_a,2009,UDI,0.2631578947368421,0.21052631578947367,0.15789473684210525,0.3157894736842105,0.3684210526315789,0.42105263157894735,0.3157894736842105,0.2631578947368421,0.3684210526315789,0.47368421052631576,0.42105263157894735,0.47368421052631576,0.47368421052631576,0.21052631578947367,0.3157894736842105,0.3684210526315789,0.42105263157894735,0.42105263157894735,0.2631578947368421,0.2631578947368421,0.3368421052631579,0.3421052631578947
serie_a,2010,BARI,0.3157894736842105,0.631578947368421,0.3684210526315789,0.631578947368421,0.42105263157894735,0.3684210526315789,0.10526315789473684,0.21052631578947367,0.47368421052631576,0.3684210526315789,0.10526315789473684,0.3684210526315789,0.42105263157894735,0.3157894736842105,0.2631578947368421,0.3684210526315789,0.47368421052631576,0.42105263157894735,0.3157894736842105,0.3684210526315789,0.3263157894736842,0.4052631578947368
serie_a,2010,BOLG,0.3157894736842105,0.10526315789473684,0.2631578947368421,0.3684210526315789,0.21052631578947367,0.21052631578947367,0.47368421052631576,0.3157894736842105,0.5263157894736842,0.2631578947368421,0.2631578947368421,0.42105263157894735,0.3157894736842105,0.3684210526315789,0.42105263157894735,0.21052631578947367,0.3684210526315789,0.3157894736842105,0.2631578947368421,0.42105263157894735,0.3421052631578947,0.3
serie_a,2010,BRES,0.3684210526315789,0.15789473684210525,0.5263157894736842,0.2631578947368421,0.2631578947368421,0.2631578947368421,0.47368421052631576,0.42105263157894735,0.2631578947368421,0.15789473684210525,0.3684210526315789,0.47368421052631576,0.42105263157894735,0.21052631578947367,0.42105263157894735,0.47368421052631576,0.15789473684210525,0.42105263157894735,0.3157894736842105,0.2631578947368421,0.3578947368421052,0.31052631578947365
serie_a,2010,CAG,0.3684210526315789,0.47368421052631576,0.3684210526315789,0.2631578947368421,0.5263157894736842,0.3157894736842105,0.3684210526315789,0.15789473684210525,0.42105263157894735,0.21052631578947367,0.2631578947368421,0.3684210526315789,0.3157894736842105,0.42105263157894735,0.5789473684210527,0.47368421052631576,0.3157894736842105,0.42105263157894735,0.2631578947368421,0.2631578947368421,0.3789473684210526,0.3368421052631579
serie_a,2010,CAT,0.3684210526315789,0.3684210526315789,0.3157894736842105,0.2631578947368421,0.42105263157894735,0.15789473684210525,0.2631578947368421,0.42105263157894735,0.3684210526315789,0.2631578947368421,0.42105263157894735,0.15789473684210525,0.21052631578947367,0.42105263157894735,0.42105263157894735,0.3157894736842105,0.5263157894736842,0.21052631578947367,0.42105263157894735,0.631578947368421,0.37368421052631573,0.32105263157894737
serie_a,2010,CES,0.3684210526315789,0.5263157894736842,0.47368421052631576,0.2631578947368421,0.47368421052631576,0.3157894736842105,0.3684210526315789,0.3684210526315789,0.42105263157894735,0.5789473684210527,0.21052631578947367,0.3157894736842105,0.47368421052631576,0.3157894736842105,0.3684210526315789,0.47368421052631576,0.631578947368421,0.42105263157894735,0.42105263157894735,0.3157894736842105,0.42105263157894746,0.3894736842105263
serie_a,2010,CHI,0.3157894736842105,0.2631578947368421,0.3157894736842105,0.42105263157894735,0.47368421052631576,0.3684210526315789,0.21052631578947367,0.3684210526315789,0.42105263157894735,0.47368421052631576,0.3157894736842105,0.2631578947368421,0.5789473684210527,0.2631578947368421,0.3684210526315789,0.3157894736842105,0.21052631578947367,0.3157894736842105,0.5263157894736842,0.3157894736842105,0.37368421052631573,0.33684210526315794
serie_a,2010,FIO,0.21052631578947367,0.3157894736842105,0.2631578947368421,0.47368421052631576,0.42105263157894735,0.3684210526315789,0.47368421052631576,0.2631578947368421,0.47368421052631576,0.3684210526315789,0.2631578947368421,0.3157894736842105,0.21052631578947367,0.3684210526315789,0.3157894736842105,0.3157894736842105,0.5263157894736842,0.47368421052631576,0.42105263157894735,0.3157894736842105,0.3578947368421052,0.35789473684210527
serie_a,2010,GEN,0.3684210526315789,0.3157894736842105,0.3157894736842105,0.42105263157894735,0.21052631578947367,0.3684210526315789,0.3157894736842105,0.3157894736842105,0.47368421052631576,0.2631578947368421,0.3157894736842105,0.3684210526315789,0.3157894736842105,0.3157894736842105,0.2631578947368421,0.47368421052631576,0.42105263157894735,0.3157894736842105,0.5263157894736842,0.42105263157894735,0.35263157894736835,0.35789473684210527
serie_a,2010,INT,0.2631578947368421,0.47368421052631576,0.47368421052631576,0.3157894736842105,0.15789473684210525,0.47368421052631576,0.3157894736842105,0.3157894736842105,0.47368421052631576,0.3684210526315789,0.21052631578947367,0.42105263157894735,0.21052631578947367,0.47368421052631576,0.3684210526315789,0.5789473684210527,0.3684210526315789,0.3684210526315789,0.3684210526315789,0.21052631578947367,0.32105263157894737,0.4
serie_a,2010,JUV,0.47368421052631576,0.3684210526315789,0.42105263157894735,0.15789473684210525,0.47368421052631576,0.3684210526315789,0.5263157894736842,0.42105263157894735,0.47368421052631576,0.3157894736842105,0.2631578947368421,0.3684210526315789,0.3157894736842105,0.47368421052631576,0.47368421052631576,0.3157894736842105,0.21052631578947367,0.3684210526315789,0.2631578947368421,0.42105263157894735,0.38947368421052625,0.35789473684210527
serie_a,2010,LAZ,0.42105263157894735,0.42105263157894735,0.5263157894736842,0.3157894736842105,0.21052631578947367,0.3684210526315789,0.2631578947368421,0.3157894736842105,0.2631578947368421,0.3684210526315789,0.47368421052631576,0.3157894736842105,0.5789473684210527,0.42105263157894735,0.2631578947368421,0.47368421052631576,0.15789473684210525,0.3157894736842105,0.2631578947368421,0.3157894736842105,0.34210526315789475,0.3631578947368421
serie_a,2010,LEC,0.42105263157894735,0.5263157894736842,0.2631578947368421,0.2631578947368421,0.5789473684210527,0.3157894736842105,0.3684210526315789,0.3684210526315789,0.42105263157894735,0.2631578947368421,0.3684210526315789,0.3684210526315789,0.42105263157894735,0.3684210526315789,0.21052631578947367,0.2631578947368421,0.42105263157894735,0.42105263157894735,0.3684210526315789,0.3157894736842105,0.38421052631578945,0.34736842105263155
serie_a,2010,MIL,0.5263157894736842,0.2631578947368421,0.2631578947368421,0.5263157894736842,0.21052631578947367,0.42105263157894735,0.42105263157894735,0.42105263157894735,0.5263157894736842,0.21052631578947367,0.3684210526315789,0.42105263157894735,0.42105263157894735,0.3684210526315789,0.3684210526315789,0.3157894736842105,0.42105263157894735,0.3157894736842105,0.3157894736842105,0.3157894736842105,0.38421052631578945,0.35789473684210527
serie_a,2010,NAP,0.3157894736842105,0.42105263157894735,0.47368421052631576,0.3684210526315789,0.47368421052631576,0.3684210526315789,0.5789473684210527,0.3684210526315789,0.2631578947368421,0.3684210526315789,0.42105263157894735,0.47368421052631576,0.42105263157894735,0.47368421052631576,0.47368421052631576,0.3157894736842105,0.2631578947368421,0.2631578947368421,0.3157894736842105,0.3157894736842105,0.39999999999999997,0.3736842105263158
serie_a,2010,PAL,0.47368421052631576,0.42105263157894735,0.5263157894736842,0.21052631578947367,0.42105263157894735,0.42105263157894735,0.42105263157894735,0.42105263157894735,0.3157894736842105,0.42105263157894735,0.3157894736842105,0.3157894736842105,0.5263157894736842,0.2631578947368421,0.2631578947368421,0.21052631578947367,0.47368421052631576,0.47368421052631576,0.3157894736842105,0.10526315789473684,0.4052631578947368,0.3263157894736842
serie_a,2010,PAR,0.3157894736842105,0.5789473684210527,0.3684210526315789,0.42105263157894735,0.21052631578947367,0.42105263157894735,0.47368421052631576,0.3157894736842105,0.5789473684210527,0.3157894736842105,0.5263157894736842,0.42105263157894735,0.3157894736842105,0.42105263157894735,0.3157894736842105,0.3684210526315789,0.3157894736842105,0.5263157894736842,0.47368421052631576,0.3684210526315789,0.3894736842105263,0.41578947368421054
serie_a,2010,ROM,0.3157894736842105,0.3157894736842105,0.3684210526315789,0.42105263157894735,0.3684210526315789,0.2631578947368421,0.21052631578947367,0.2631578947368421,0.0,0.47368421052631576,0.21052631578947367,0.42105263157894735,0.3684210526315789,0.2631578947368421,0.42105263157894735,0.5263157894736842,0.5263157894736842,0.47368421052631576,0.15789473684210525,0.3157894736842105,0.29473684210526313,0.3736842105263158
serie_a,2010,SAM,0.42105263157894735,0.2631578947368421,0.3684210526315789,0.42105263157894735,0.21052631578947367,0.3684210526315789,0.42105263157894735,0.2631578947368421,0.3684210526315789,0.3157894736842105,0.47368421052631576,0.2631578947368421,0.5263157894736842,0.3684210526315789,0.2631578947368421,0.42105263157894735,0.10526315789473684,0.5789473684210527,0.10526315789473684,0.5789473684210527,0.32631578947368417,0.38421052631578945
serie_a,2010,UDI,0.3684210526315789,0.3684210526315789,0.3157894736842105,0.5789473684210527,0.47368421052631576,0.15789473684210525,0.42105263157894735,0.47368421052631576,0.42105263157894735,0.21052631578947367,0.3684210526315789,0.3157894736842105,0.42105263157894735,0.3684210526315789,0.3157894736842105,0.42105263157894735,0.3157894736842105,0.2631578947368421,0.3157894736842105,0.3684210526315789,0.37368421052631573,0.3526315789473684
serie_a,2011,ATA,0.3157894736842105,0.47368421052631576,0.42105263157894735,0.42105263157894735,0.2631578947368421,0.47368421052631576,0.3684210526315789,0.42105263157894735,0.2631578947368421,0.42105263157894735,0.3684210526315789,0.42105263157894735,0.5789473684210527,0.21052631578947367,0.3157894736842105,0.3157894736842105,0.42105263157894735,0.3684210526315789,0.3684210526315789,0.2631578947368421,0.36842105263157887,0.3789473684210526
serie_a,2011,BOLG,0.47368421052631576,0.21052631578947367,0.42105263157894735,0.3684210526315789,0.2631578947368421,0.2631578947368421,0.2631578947368421,0.3684210526315789,0.3684210526315789,0.47368421052631576,0.3684210526315789,0.3684210526315789,0.5263157894736842,0.15789473684210525,0.3157894736842105,0.21052631578947367,0.42105263157894735,0.15789473684210525,0.5789473684210527,0.2631578947368421,0.4,0.28421052631578947
serie_a,2011,CAG,0.5789473684210527,0.3157894736842105,0.2631578947368421,0.3684210526315789,0.42105263157894735,0.3684210526315789,0.42105263157894735,0.3157894736842105,0.42105263157894735,0.3157894736842105,0.3684210526315789,0.2631578947368421,0.3157894736842105,0.15789473684210525,0.5263157894736842,0.3157894736842105,0.5789473684210527,0.3684210526315789,0.5263157894736842,0.3157894736842105,0.4421052631578948,0.31052631578947365
serie_a,2011,CAT,0.21052631578947367,0.42105263157894735,0.47368421052631576,0.3684210526315789,0.47368421052631576,0.42105263157894735,0.3684210526315789,0.47368421052631576,0.47368421052631576,0.3157894736842105,0.631578947368421,0.42105263157894735,0.2631578947368421,0.42105263157894735,0.15789473684210525,0.3157894736842105,0.47368421052631576,0.42105263157894735,0.15789473684210525,0.42105263157894735,0.3684210526315789,0.4
serie_a,2011,CES,0.3157894736842105,0.47368421052631576,0.47368421052631576,0.21052631578947367,0.3684210526315789,0.2631578947368421,0.42105263157894735,0.3684210526315789,0.21052631578947367,0.3157894736842105,0.3157894736842105,0.5789473684210527,0.42105263157894735,0.3157894736842105,0.21052631578947367,0.2631578947368421,0.3157894736842105,0.3684210526315789,0.47368421052631576,0.47368421052631576,0.35263157894736846,0.3631578947368421
serie_a,2011,CHI,0.2631578947368421,0.3157894736842105,0.47368421052631576,0.42105263157894735,0.3157894736842105,0.42105263157894735,0.47368421052631576,0.3684210526315789,0.2631578947368421,0.42105263157894735,0.3684210526315789,0.3684210526315789,0.47368421052631576,0.5263157894736842,0.2631578947368421,0.3684210526315789,0.42105263157894735,0.3684210526315789,0.3157894736842105,0.21052631578947367,0.36315789473684207,0.3789473684210526
serie_a,2011,FIO,0.15789473684210525,0.42105263157894735,0.2631578947368421,0.2631578947368421,0.5263157894736842,0.42105263157894735,0.5789473684210527,0.3684210526315789,0.3157894736842105,0.42105263157894735,0.42105263157894735,0.42105263157894735,0.3684210526315789,0.3157894736842105,0.2631578947368421,0.10526315789473684,0.5789473684210527,0.47368421052631576,0.3684210526315789,0.21052631578947367,0.38421052631578945,0.3421052631578947
serie_a,2011,GEN,0.5263157894736842,0.42105263157894735,0.42105263157894735,0.3157894736842105,0.2631578947368421,0.47368421052631576,0.42105263157894735,0.631578947368421,0.42105263157894735,0.42105263157894735,0.3684210526315789,0.5263157894736842,0.3157894736842105,0.47368421052631576,0.3684210526315789,0.2631578947368421,0.2631578947368421,0.5263157894736842,0.42105263157894735,0.21052631578947367,0.3789473684210526,0.42631578947368415
serie_a,2011,INT,0.3684210526315789,0.21052631578947367,0.10526315789473684,0.3157894736842105,0.2631578947368421,0.3684210526315789,0.42105263157894735,0.3684210526315789,0.2631578947368421,0.15789473684210525,0.21052631578947367,0.2631578947368421,0.7368421052631579,0.21052631578947367,0.42105263157894735,0.6842105263157895,0.47368421052631576,0.2631578947368421,0.5263157894736842,0.3157894736842105,0.3789473684210526,0.3157894736842105
serie_a,2011,JUV,0.3684210526315789,0.3684210526315789,0.2631578947368421,0.42105263157894735,0.42105263157894735,0.2631578947368421,0.2631578947368421,0.42105263157894735,0.2631578947368421,0.2631578947368421,0.42105263157894735,0.2631578947368421,0.2631578947368421,0.3157894736842105,0.42105263157894735,0.15789473684210525,0.3157894736842105,0.3684210526315789,0.3684210526315789,0.10526315789473684,0.3368421052631579,0.29473684210526313
serie_a,2011,LAZ,0.3157894736842105,0.3684210526315789,0.42105263157894735,0.3684210526315789,0.42105263157894735,0.2631578947368421,0.2631578947368421,0.42105263157894735,0.3157894736842105,0.3684210526315789,0.3684210526315789,0.3157894736842105,0.5263157894736842,0.47368421052631576,0.2631578947368421,0.3684210526315789,0.5789473684210527,0.10526315789473684,0.42105263157894735,0.3684210526315789,0.3894736842105263,0.3421052631578947
serie_a,2011,LEC,0.15789473684210525,0.2631578947368421,0.47368421052631576,0.21052631578947367,0.42105263157894735,0.42105263157894735,0.42105263157894735,0.42105263157894735,0.3684210526315789,0.3684210526315789,0.2631578947368421,0.3684210526315789,0.3684210526315789,0.3157894736842105,0.42105263157894735,0.3157894736842105,0.15789473684210525,0.3684210526315789,0.3684210526315789,0.42105263157894735,0.3421052631578947,0.34736842105263155
serie_a,2011,MIL,0.5263157894736842,0.47368421052631576,0.3157894736842105,0.2631578947368421,0.3157894736842105,0.2631578947368421,0.21052631578947367,0.42105263157894735,0.21052631578947367,0.2631578947368421,0.3157894736842105,0.5789473684210527,0.3157894736842105,0.3684210526315789,0.2631578947368421,0.3157894736842105,0.42105263157894735,0.3684210526315789,0.47368421052631576,0.3684210526315789,0.3368421052631579,0.36842105263157887
serie_a,2011,NAP,0.47368421052631576,0.3157894736842105,0.3684210526315789,0.21052631578947367,0.3157894736842105,0.3157894736842105,0.3157894736842105,0.3157894736842105,0.5263157894736842,0.47368421052631576,0.3157894736842105,0.3157894736842105,0.3684210526315789,0.5263157894736842,0.2631578947368421,0.5263157894736842,0.42105263157894735,0.2631578947368421,0.3684210526315789,0.3684210526315789,0.37368421052631573,0.36315789473684207
serie_a,2011,NOV,0.42105263157894735,0.42105263157894735,0.5263157894736842,0.2631578947368421,0.3157894736842105,0.3684210526315789,0.3684210526315789,0.42105263157894735,0.47368421052631576,0.47368421052631576,0.3684210526315789,0.5263157894736842,0.3684210526315789,0.47368421052631576,0.5263157894736842,0.631578947368421,0.3684210526315789,0.5263157894736842,0.3684210526315789,0.42105263157894735,0.41052631578947363,0.45263157894736833
serie_a,2011,PAL,0.15789473684210525,0.10526315789473684,0.42105263157894735,0.3684210526315789,0.3684210526315789,0.3157894736842105,0.3157894736842105,0.3684210526315789,0.3684210526315789,0.3684210526315789,0.3157894736842105,0.2631578947368421,0.2631578947368421,0.5263157894736842,0.6842105263157895,0.42105263157894735,0.47368421052631576,0.3684210526315789,0.2631578947368421,0.47368421052631576,0.36315789473684207,0.3578947368421052
serie_a,2011,PAR,0.3157894736842105,0.2631578947368421,0.15789473684210525,0.3157894736842105,0.47368421052631576,0.3157894736842105,0.42105263157894735,0.3157894736842105,0.21052631578947367,0.3157894736842105,0.3684210526315789,0.3684210526315789,0.2631578947368421,0.5263157894736842,0.3157894736842105,0.5789473684210527,0.3157894736842105,0.3157894736842105,0.3684210526315789,0.2631578947368421,0.32105263157894737,0.35789473684210527
serie_a,2011,ROM,0.3157894736842105,0.5789473684210527,0.5263157894736842,0.3684210526315789,0.2631578947368421,0.3157894736842105,0.15789473684210525,0.15789473684210525,0.47368421052631576,0.2631578947368421,0.3157894736842105,0.3684210526315789,0.5263157894736842,0.3157894736842105,0.47368421052631576,0.21052631578947367,0.2631578947368421,0.3684210526315789,0.42105263157894735,0.47368421052631576,0.37368421052631573,0.34210526315789475
serie_a,2011,SIE,0.3157894736842105,0.2631578947368421,0.5789473684210527,0.42105263157894735,0.42105263157894735,0.21052631578947367,0.42105263157894735,0.3157894736842105,0.47368421052631576,0.5263157894736842,0.47368421052631576,0.42105263157894735,0.3157894736842105,0.21052631578947367,0.42105263157894735,0.3157894736842105,0.3157894736842105,0.47368421052631576,0.2631578947368421,0.3157894736842105,0.4,0.3473684210526316
serie_a,2011,UDI,0.3684210526315789,0.5263157894736842,0.5263157894736842,0.3684210526315789,0.47368421052631576,0.5263157894736842,0.3157894736842105,0.3684210526315789,0.631578947368421,0.47368421052631576,0.47368421052631576,0.3157894736842105,0.3684210526315789,0.42105263157894735,0.2631578947368421,0.10526315789473684,0.47368421052631576,0.3684210526315789,0.42105263157894735,0.3157894736842105,0.43157894736842106,0.3789473684210526
serie_a,2012,ATA,0.3684210526315789,0.42105263157894735,0.3157894736842105,0.21052631578947367,0.42105263157894735,0.3157894736842105,0.2631578947368421,0.47368421052631576,0.5789473684210527,0.47368421052631576,0.47368421052631576,0.47368421052631576,0.3157894736842105,0.5263157894736842,0.2631578947368421,0.3684210526315789,0.3684210526315789,0.3684210526315789,0.3157894736842105,0.42105263157894735,0.3684210526315789,0.4052631578947368
serie_a,2012,BOLG,0.3684210526315789,0.42105263157894735,0.42105263157894735,0.2631578947368421,0.47368421052631576,0.3157894736842105,0.47368421052631576,0.3684210526315789,0.2631578947368421,0.42105263157894735,0.5789473684210527,0.42105263157894735,0.3684210526315789,0.2631578947368421,0.3157894736842105,0.21052631578947367,0.3157894736842105,0.42105263157894735,0.3157894736842105,0.42105263157894735,0.3894736842105263,0.3526315789473684
serie_a,2012,CAG,0.47368421052631576,0.47368421052631576,0.42105263157894735,0.631578947368421,0.21052631578947367,0.5263157894736842,0.5263157894736842,0.42105263157894735,0.3157894736842105,0.2631578947368421,0.3684210526315789,0.47368421052631576,0.5263157894736842,0.3684210526315789,0.42105263157894735,0.42105263157894735,0.47368421052631576,0.3684210526315789,0.47368421052631576,0.3157894736842105,0.42105263157894735,0.42631578947368415
serie_a,2012,CAT,0.47368421052631576,0.2631578947368421,0.15789473684210525,0.3157894736842105,0.15789473684210525,0.5263157894736842,0.5789473684210527,0.42105263157894735,0.3157894736842105,0.5263157894736842,0.2631578947368421,0.42105263157894735,0.42105263157894735,0.3684210526315789,0.42105263157894735,0.5789473684210527,0.3157894736842105,0.21052631578947367,0.47368421052631576,0.2631578947368421,0.3578947368421053,0.3894736842105263
serie_a,2012,CHI,0.3157894736842105,0.47368421052631576,0.21052631578947367,0.47368421052631576,0.3684210526315789,0.3684210526315789,0.3157894736842105,0.2631578947368421,0.3157894736842105,0.3157894736842105,0.3157894736842105,0.3157894736842105,0.3157894736842105,0.47368421052631576,0.3684210526315789,0.2631578947368421,0.631578947368421,0.3157894736842105,0.15789473684210525,0.21052631578947367,0.3315789473684211,0.3473684210526316
serie_a,2012,FIO,0.3684210526315789,0.3157894736842105,0.47368421052631576,0.2631578947368421,0.42105263157894735,0.6842105263157895,0.47368421052631576,0.3157894736842105,0.15789473684210525,0.3157894736842105,0.2631578947368421,0.3684210526315789,0.3157894736842105,0.2631578947368421,0.10526315789473684,0.42105263157894735,0.47368421052631576,0.3157894736842105,0.47368421052631576,0.5263157894736842,0.3526315789473684,0.3789473684210526
serie_a,2012,GEN,0.2631578947368421,0.3684210526315789,0.3684210526315789,0.2631578947368421,0.3684210526315789,0.3157894736842105,0.3157894736842105,0.3684210526315789,0.3684210526315789,0.42105263157894735,0.3157894736842105,0.42105263157894735,0.3684210526315789,0.3157894736842105,0.42105263157894735,0.3684210526315789,0.2631578947368421,0.21052631578947367,0.42105263157894735,0.3157894736842105,0.34736842105263155,0.3368421052631579
serie_a,2012,INT,0.3157894736842105,0.15789473684210525,0.3684210526315789,0.5789473684210527,0.3684210526315789,0.2631578947368421,0.2631578947368421,0.3684210526315789,0.21052631578947367,0.42105263157894735,0.47368421052631576,0.3684210526315789,0.3684210526315789,0.21052631578947367,0.47368421052631576,0.3684210526315789,0.10526315789473684,0.2631578947368421,0.3684210526315789,0.42105263157894735,0.33157894736842103,0.34210526315789475
serie_a,2012,JUV,0.42105263157894735,0.47368421052631576,0.42105263157894735,0.3157894736842105,0.42105263157894735,0.3684210526315789,0.2631578947368421,0.42105263157894735,0.3157894736842105,0.5263157894736842,0.42105263157894735,0.3157894736842105,0.3157894736842105,0.5263157894736842,0.3684210526315789,0.3157894736842105,0.47368421052631576,0.2631578947368421,0.42105263157894735,0.42105263157894735,0.38421052631578945,0.39473684210526316
serie_a,2012,LAZ,0.3684210526315789,0.21052631578947367,0.42105263157894735,0.42105263157894735,0.47368421052631576,0.3157894736842105,0.42105263157894735,0.3684210526315789,0.2631578947368421,0.21052631578947367,0.47368421052631576,0.2631578947368421,0.3157894736842105,0.5263157894736842,0.42105263157894735,0.42105263157894735,0.5789473684210527,0.3157894736842105,0.3684210526315789,0.3157894736842105,0.41052631578947374,0.3368421052631579
serie_a,2012,MIL,0.2631578947368421,0.2631578947368421,0.42105263157894735,0.3157894736842105,0.3157894736842105,0.42105263157894735,0.2631578947368421,0.47368421052631576,0.3684210526315789,0.47368421052631576,0.15789473684210525,0.3684210526315789,0.21052631578947367,0.47368421052631576,0.3157894736842105,0.3684210526315789,0.3157894736842105,0.5789473684210527,0.3157894736842105,0.3684210526315789,0.2947368421052632,0.41052631578947374
serie_a,2012,NAP,0.5263157894736842,0.21052631578947367,0.2631578947368421,0.47368421052631576,0.2631578947368421,0.3684210526315789,0.3684210526315789,0.631578947368421,0.5263157894736842,0.21052631578947367,0.21052631578947367,0.47368421052631576,0.2631578947368421,0.5789473684210527,0.47368421052631576,0.2631578947368421,0.3157894736842105,0.2631578947368421,0.47368421052631576,0.3684210526315789,0.3684210526315789,0.38421052631578945
serie_a,2012,PAL,0.5789473684210527,0.47368421052631576,0.21052631578947367,0.3157894736842105,0.47368421052631576,0.47368421052631576,0.5263157894736842,0.3157894736842105,0.42105263157894735,0.2631578947368421,0.3684210526315789,0.42105263157894735,0.21052631578947367,0.42105263157894735,0.5263157894736842,0.3157894736842105,0.3157894736842105,0.42105263157894735,0.42105263157894735,0.2631578947368421,0.4052631578947368,0.3684210526315789
serie_a,2012,PAR,0.21052631578947367,0.5789473684210527,0.5789473684210527,0.42105263157894735,0.3157894736842105,0.3684210526315789,0.42105263157894735,0.15789473684210525,0.47368421052631576,0.21052631578947367,0.2631578947368421,0.42105263157894735,0.47368421052631576,0.3157894736842105,0.42105263157894735,0.42105263157894735,0.3684210526315789,0.3157894736842105,0.47368421052631576,0.47368421052631576,0.39999999999999997,0.3684210526315789
serie_a,2012,PES,0.21052631578947367,0.3157894736842105,0.2631578947368421,0.47368421052631576,0.3684210526315789,0.42105263157894735,0.3157894736842105,0.42105263157894735,0.3684210526315789,0.10526315789473684,0.15789473684210525,0.5263157894736842,0.631578947368421,0.2631578947368421,0.42105263157894735,0.3684210526315789,0.3684210526315789,0.5263157894736842,0.3157894736842105,0.3684210526315789,0.3421052631578947,0.3789473684210526
serie_a,2012,ROM,0.3157894736842105,0.47368421052631576,0.42105263157894735,0.3157894736842105,0.3684210526315789,0.47368421052631576,0.3157894736842105,0.21052631578947367,0.42105263157894735,0.5263157894736842,0.47368421052631576,0.3684210526315789,0.5789473684210527,0.3684210526315789,0.10526315789473684,0.3157894736842105,0.42105263157894735,0.3157894736842105,0.3684210526315789,0.3684210526315789,0.3789473684210526,0.37368421052631573
serie_a,2012,SAM,0.42105263157894735,0.2631578947368421,0.42105263157894735,0.3157894736842105,0.21052631578947367,0.21052631578947367,0.2631578947368421,0.3157894736842105,0.3157894736842105,0.2631578947368421,0.5263157894736842,0.21052631578947367,0.42105263157894735,0.5263157894736842,0.42105263157894735,0.3684210526315789,0.42105263157894735,0.21052631578947367,0.3684210526315789,0.3157894736842105,0.3789473684210526,0.3
serie_a,2012,SIE,0.631578947368421,0.3684210526315789,0.47368421052631576,0.3157894736842105,0.5263157894736842,0.10526315789473684,0.5263157894736842,0.15789473684210525,0.3684210526315789,0.47368421052631576,0.42105263157894735,0.3157894736842105,0.42105263157894735,0.47368421052631576,0.47368421052631576,0.3684210526315789,0.21052631578947367,0.42105263157894735,0.21052631578947367,0.3684210526315789,0.42631578947368415,0.33684210526315783
serie_a,2012,TOR,0.3684210526315789,0.3157894736842105,0.3157894736842105,0.3684210526315789,0.42105263157894735,0.3157894736842105,0.42105263157894735,0.42105263157894735,0.47368421052631576,0.3684210526315789,0.5263157894736842,0.42105263157894735,0.3684210526315789,0.2631578947368421,0.3157894736842105,0.47368421052631576,0.3157894736842105,0.5263157894736842,0.5263157894736842,0.3684210526315789,0.4052631578947368,0.38421052631578945
serie_a,2012,UDI,0.42105263157894735,0.42105263157894735,0.3157894736842105,0.631578947368421,0.42105263157894735,0.2631578947368421,0.3684210526315789,0.47368421052631576,0.3684210526315789,0.42105263157894735,0.42105263157894735,0.5263157894736842,0.631578947368421,0.5263157894736842,0.10526315789473684,0.42105263157894735,0.631578947368421,0.42105263157894735,0.3157894736842105,0.47368421052631576,0.4,0.45789473684210524
serie_a,2013,ATA,0.5789473684210527,0.3684210526315789,0.5789473684210527,0.21052631578947367,0.5789473684210527,0.3684210526315789,0.2631578947368421,0.42105263157894735,0.2631578947368421,0.3684210526315789,0.3157894736842105,0.15789473684210525,0.47368421052631576,0.42105263157894735,0.3684210526315789,0.3684210526315789,0.5789473684210527,0.15789473684210525,0.2631578947368421,0.42105263157894735,0.42631578947368426,0.3263157894736842
serie_a,2013,BOLG,0.2631578947368421,0.5263157894736842,0.42105263157894735,0.2631578947368421,0.42105263157894735,0.3684210526315789,0.21052631578947367,0.42105263157894735,0.5789473684210527,0.2631578947368421,0.5789473684210527,0.5263157894736842,0.3684210526315789,0.5263157894736842,0.3684210526315789,0.3684210526315789,0.3684210526315789,0.3684210526315789,0.3157894736842105,0.47368421052631576,0.3894736842105263,0.41052631578947363
serie_a,2013,CAG,0.2631578947368421,0.15789473684210525,0.42105263157894735,0.3684210526315789,0.3684210526315789,0.3684210526315789,0.3684210526315789,0.3157894736842105,0.3684210526315789,0.3157894736842105,0.42105263157894735,0.3157894736842105,0.42105263157894735,0.2631578947368421,0.47368421052631576,0.42105263157894735,0.3157894736842105,0.2631578947368421,0.47368421052631576,0.10526315789473684,0.3894736842105263,0.28947368421052627
serie_a,2013,CAT,0.42105263157894735,0.47368421052631576,0.47368421052631576,0.5263157894736842,0.3157894736842105,0.2631578947368421,0.47368421052631576,0.3157894736842105,0.42105263157894735,0.3684210526315789,0.5789473684210527,0.3157894736842105,0.2631578947368421,0.3684210526315789,0.15789473684210525,0.3684210526315789,0.3157894736842105,0.21052631578947367,0.3157894736842105,0.3157894736842105,0.3736842105263158,0.3526315789473684
serie_a,2013,CHI,0.47368421052631576,0.3684210526315789,0.5263157894736842,0.5789473684210527,0.21052631578947367,0.10526315789473684,0.3684210526315789,0.42105263157894735,0.42105263157894735,0.10526315789473684,0.3684210526315789,0.2631578947368421,0.3157894736842105,0.3684210526315789,0.47368421052631576,0.21052631578947367,0.3157894736842105,0.42105263157894735,0.3157894736842105,0.3684210526315789,0.37894736842105264,0.32105263157894737
serie_a,2013,FIO,0.3157894736842105,0.47368421052631576,0.2631578947368421,0.3684210526315789,0.6842105263157895,0.3684210526315789,0.42105263157894735,0.47368421052631576,0.47368421052631576,0.5263157894736842,0.2631578947368421,0.5789473684210527,0.5263157894736842,0.47368421052631576,0.3684210526315789,0.5789473684210527,0.42105263157894735,0.2631578947368421,0.10526315789473684,0.21052631578947367,0.38421052631578945,0.43157894736842106
serie_a,2013,GEN,0.2631578947368421,0.2631578947368421,0.5789473684210527,0.2631578947368421,0.15789473684210525,0.5263157894736842,0.21052631578947367,0.2631578947368421,0.3684210526315789,0.3684210526315789,0.10526315789473684,0.3157894736842105,0.42105263157894735,0.42105263157894735,0.21052631578947367,0.42105263157894735,0.42105263157894735,0.3684210526315789,0.3684210526315789,0.3684210526315789,0.31052631578947365,0.3578947368421052
serie_a,2013,INT,0.2631578947368421,0.3157894736842105,0.2631578947368421,0.42105263157894735,0.21052631578947367,0.5263157894736842,0.5263157894736842,0.3157894736842105,0.42105263157894735,0.3684210526315789,0.3684210526315789,0.3157894736842105,0.42105263157894735,0.42105263157894735,0.2631578947368421,0.3157894736842105,0.3684210526315789,0.3684210526315789,0.5263157894736842,0.3684210526315789,0.363157894736842,0.37368421052631573
serie_a,2013,JUV,0.3157894736842105,0.3684210526315789,0.21052631578947367,0.42105263157894735,0.42105263157894735,0.3157894736842105,0.42105263157894735,0.2631578947368421,0.42105263157894735,0.2631578947368421,0.3684210526315789,0.47368421052631576,0.47368421052631576,0.3157894736842105,0.5263157894736842,0.3157894736842105,0.3157894736842105,0.42105263157894735,0.5263157894736842,0.42105263157894735,0.4,0.3578947368421052
serie_a,2013,LAZ,0.47368421052631576,0.47368421052631576,0.47368421052631576,0.3684210526315789,0.2631578947368421,0.21052631578947367,0.47368421052631576,0.2631578947368421,0.5263157894736842,0.3157894736842105,0.21052631578947367,0.3157894736842105,0.21052631578947367,0.2631578947368421,0.3684210526315789,0.42105263157894735,0.3157894736842105,0.5263157894736842,0.47368421052631576,0.2631578947368421,0.37894736842105264,0.3421052631578947
serie_a,2013,LIVO,0.3684210526315789,0.47368421052631576,0.2631578947368421,0.3157894736842105,0.6842105263157895,0.42105263157894735,0.5789473684210527,0.2631578947368421,0.42105263157894735,0.21052631578947367,0.21052631578947367,0.3684210526315789,0.3684210526315789,0.47368421052631576,0.47368421052631576,0.631578947368421,0.3684210526315789,0.3684210526315789,0.42105263157894735,0.5789473684210527,0.41578947368421043,0.41052631578947363
serie_a,2013,MIL,0.3684210526315789,0.5263157894736842,0.42105263157894735,0.5263157894736842,0.3684210526315789,0.21052631578947367,0.42105263157894735,0.42105263157894735,0.5263157894736842,0.47368421052631576,0.3157894736842105,0.21052631578947367,0.2631578947368421,0.3157894736842105,0.3684210526315789,0.42105263157894735,0.2631578947368421,0.5263157894736842,0.47368421052631576,0.47368421052631576,0.3789473684210526,0.41052631578947363
serie_a,2013,NAP,0.5263157894736842,0.3157894736842105,0.3157894736842105,0.47368421052631576,0.42105263157894735,0.5789473684210527,0.21052631578947367,0.42105263157894735,0.3684210526315789,0.5263157894736842,0.10526315789473684,0.3157894736842105,0.3157894736842105,0.47368421052631576,0.3157894736842105,0.3684210526315789,0.3684210526315789,0.3684210526315789,0.5263157894736842,0.3684210526315789,0.3473684210526315,0.42105263157894735
serie_a,2013,PAR,0.42105263157894735,0.3684210526315789,0.42105263157894735,0.42105263157894735,0.15789473684210525,0.5789473684210527,0.47368421052631576,0.42105263157894735,0.3157894736842105,0.3157894736842105,0.42105263157894735,0.47368421052631576,0.42105263157894735,0.47368421052631576,0.5789473684210527,0.5263157894736842,0.42105263157894735,0.3157894736842105,0.3684210526315789,0.3684210526315789,0.39999999999999997,0.42631578947368426
serie_a,2013,ROM,0.3157894736842105,0.15789473684210525,0.21052631578947367,0.21052631578947367,0.42105263157894735,0.21052631578947367,0.15789473684210525,0.47368421052631576,0.3684210526315789,0.3157894736842105,0.3157894736842105,0.42105263157894735,0.21052631578947367,0.42105263157894735,0.3684210526315789,0.21052631578947367,0.3157894736842105,0.3157894736842105,0.42105263157894735,0.3684210526315789,0.31052631578947365,0.31052631578947365
serie_a,2013,SAM,0.42105263157894735,0.3684210526315789,0.47368421052631576,0.3157894736842105,0.3157894736842105,0.42105263157894735,0.42105263157894735,0.5263157894736842,0.2631578947368421,0.47368421052631576,0.5789473684210527,0.2631578947368421,0.3684210526315789,0.3684210526315789,0.42105263157894735,0.3684210526315789,0.3684210526315789,0.631578947368421,0.21052631578947367,0.3684210526315789,0.3842105263157894,0.41052631578947363
serie_a,2013,SAS,0.47368421052631576,0.631578947368421,0.21052631578947367,0.5263157894736842,0.15789473684210525,0.5263157894736842,0.3157894736842105,0.47368421052631576,0.2631578947368421,0.3157894736842105,0.47368421052631576,0.2631578947368421,0.3157894736842105,0.3157894736842105,0.3684210526315789,0.2631578947368421,0.2631578947368421,0.3157894736842105,0.3157894736842105,0.2631578947368421,0.3157894736842105,0.3894736842105263
serie_a,2013,TOR,0.21052631578947367,0.3157894736842105,0.21052631578947367,0.42105263157894735,0.47368421052631576,0.42105263157894735,0.3684210526315789,0.42105263157894735,0.2631578947368421,0.3157894736842105,0.47368421052631576,0.42105263157894735,0.5789473684210527,0.3684210526315789,0.3684210526315789,0.21052631578947367,0.47368421052631576,0.21052631578947367,0.2631578947368421,0.47368421052631576,0.3684210526315789,0.3578947368421053
serie_a,2013,UDI,0.5263157894736842,0.3684210526315789,0.3157894736842105,0.21052631578947367,0.3684210526315789,0.3157894736842105,0.3684210526315789,0.3157894736842105,0.47368421052631576,0.3684210526315789,0.3157894736842105,0.3157894736842105,0.47368421052631576,0.3157894736842105,0.5263157894736842,0.5789473684210527,0.2631578947368421,0.42105263157894735,0.2631578947368421,0.2631578947368421,0.3894736842105263,0.3473684210526316
serie_a,2013,VER,0.42105263157894735,0.3157894736842105,0.2631578947368421,0.47368421052631576,0.47368421052631576,0.15789473684210525,0.3684210526315789,0.42105263157894735,0.2631578947368421,0.5263157894736842,0.3684210526315789,0.2631578947368421,0.42105263157894735,0.3684210526315789,0.21052631578947367,0.3157894736842105,0.42105263157894735,0.3157894736842105,0.47368421052631576,0.21052631578947367,0.3684210526315789,0.3368421052631579
serie_a,2014,ATA,0.3684210526315789,0.42105263157894735,0.3684210526315789,0.47368421052631576,0.42105263157894735,0.47368421052631576,0.42105263157894735,0.42105263157894735,0.15789473684210525,0.5263157894736842,0.2631578947368421,0.3157894736842105,0.3157894736842105,0.5789473684210527,0.2631578947368421,0.3157894736842105,0.5263157894736842,0.2631578947368421,0.47368421052631576,0.42105263157894735,0.35789473684210527,0.42105263157894735
serie_a,2014,CAG,0.5263157894736842,0.3157894736842105,0.42105263157894735,0.42105263157894735,0.2631578947368421,0.47368421052631576,0.2631578947368421,0.47368421052631576,0.2631578947368421,0.3157894736842105,0.3684210526315789,0.3157894736842105,0.3157894736842105,0.21052631578947367,0.3157894736842105,0.42105263157894735,0.42105263157894735,0.2631578947368421,0.3157894736842105,0.631578947368421,0.34736842105263155,0.38421052631578945
serie_a,2014,CES,0.5263157894736842,0.3684210526315789,0.21052631578947367,0.42105263157894735,0.5263157894736842,0.2631578947368421,0.5263157894736842,0.3684210526315789,0.2631578947368421,0.42105263157894735,0.47368421052631576,0.42105263157894735,0.42105263157894735,0.3684210526315789,0.42105263157894735,0.15789473684210525,0.42105263157894735,0.2631578947368421,0.42105263157894735,0.3157894736842105,0.42105263157894735,0.3368421052631579
serie_a,2014,CHI,0.15789473684210525,0.3684210526315789,0.42105263157894735,0.5789473684210527,0.3157894736842105,0.3684210526315789,0.3157894736842105,0.42105263157894735,0.42105263157894735,0.2631578947368421,0.42105263157894735,0.3157894736842105,0.3684210526315789,0.3157894736842105,0.2631578947368421,0.3157894736842105,0.2631578947368421,0.47368421052631576,0.21052631578947367,0.2631578947368421,0.3157894736842105,0.368421052631579
serie_a,2014,EMP,0.3684210526315789,0.3157894736842105,0.3684210526315789,0.2631578947368421,0.47368421052631576,0.21052631578947367,0.47368421052631576,0.21052631578947367,0.42105263157894735,0.42105263157894735,0.47368421052631576,0.6842105263157895,0.3684210526315789,0.3684210526315789,0.47368421052631576,0.3157894736842105,0.3157894736842105,0.3157894736842105,0.3157894736842105,0.3157894736842105,0.4052631578947368,0.34210526315789475
serie_a,2014,FIO,0.42105263157894735,0.2631578947368421,0.21052631578947367,0.2631578947368421,0.2631578947368421,0.5263157894736842,0.42105263157894735,0.21052631578947367,0.15789473684210525,0.47368421052631576,0.3684210526315789,0.3157894736842105,0.2631578947368421,0.3157894736842105,0.42105263157894735,0.42105263157894735,0.2631578947368421,0.47368421052631576,0.21052631578947367,0.5789473684210527,0.3,0.38421052631578945
serie_a,2014,GEN,0.42105263157894735,0.47368421052631576,0.3157894736842105,0.5789473684210527,0.2631578947368421,0.2631578947368421,0.42105263157894735,0.2631578947368421,0.42105263157894735,0.42105263157894735,0.3684210526315789,0.21052631578947367,0.3684210526315789,0.47368421052631576,0.2631578947368421,0.5263157894736842,0.21052631578947367,0.21052631578947367,0.3157894736842105,0.5789473684210527,0.3368421052631579,0.39999999999999997
serie_a,2014,INT,0.3157894736842105,0.47368421052631576,0.5263157894736842,0.47368421052631576,0.21052631578947367,0.21052631578947367,0.21052631578947367,0.3157894736842105,0.5263157894736842,0.3684210526315789,0.3157894736842105,0.47368421052631576,0.3684210526315789,0.2631578947368421,0.5263157894736842,0.6842105263157895,0.3157894736842105,0.2631578947368421,0.42105263157894735,0.3157894736842105,0.3736842105263158,0.38421052631578945
serie_a,2014,JUV,0.10526315789473684,0.3684210526315789,0.42105263157894735,0.21052631578947367,0.2631578947368421,0.3684210526315789,0.3157894736842105,0.42105263157894735,0.2631578947368421,0.3157894736842105,0.2631578947368421,0.42105263157894735,0.42105263157894735,0.3684210526315789,0.42105263157894735,0.2631578947368421,0.42105263157894735,0.3157894736842105,0.42105263157894735,0.5263157894736842,0.33157894736842103,0.3578947368421052
serie_a,2014,LAZ,0.42105263157894735,0.47368421052631576,0.42105263157894735,0.47368421052631576,0.5789473684210527,0.3684210526315789,0.6842105263157895,0.3684210526315789,0.47368421052631576,0.3684210526315789,0.3157894736842105,0.3684210526315789,0.42105263157894735,0.15789473684210525,0.3684210526315789,0.2631578947368421,0.15789473684210525,0.3157894736842105,0.3684210526315789,0.2631578947368421,0.42105263157894735,0.34210526315789475
serie_a,2014,MIL,0.42105263157894735,0.3157894736842105,0.3684210526315789,0.42105263157894735,0.21052631578947367,0.47368421052631576,0.2631578947368421,0.3684210526315789,0.3684210526315789,0.5263157894736842,0.5789473684210527,0.21052631578947367,0.3157894736842105,0.42105263157894735,0.3684210526315789,0.3684210526315789,0.5263157894736842,0.42105263157894735,0.47368421052631576,0.2631578947368421,0.3894736842105263,0.3789473684210526
serie_a,2014,NAP,0.2631578947368421,0.21052631578947367,0.2631578947368421,0.2631578947368421,0.42105263157894735,0.47368421052631576,0.3684210526315789,0.42105263157894735,0.6842105263157895,0.5263157894736842,0.21052631578947367,0.3157894736842105,0.42105263157894735,0.2631578947368421,0.3684210526315789,0.3157894736842105,0.3684210526315789,0.47368421052631576,0.2631578947368421,0.42105263157894735,0.36315789473684207,0.3684210526315789
serie_a,2014,PAL,0.5263157894736842,0.5789473684210527,0.2631578947368421,0.3157894736842105,0.3157894736842105,0.3157894736842105,0.3157894736842105,0.21052631578947367,0.2631578947368421,0.3684210526315789,0.3684210526315789,0.47368421052631576,0.47368421052631576,0.2631578947368421,0.47368421052631576,0.3684210526315789,0.5789473684210527,0.3684210526315789,0.47368421052631576,0.42105263157894735,0.4052631578947368,0.36842105263157887
serie_a,2014,PAR,0.2631578947368421,0.2631578947368421,0.3157894736842105,0.2631578947368421,0.42105263157894735,0.42105263157894735,0.47368421052631576,0.42105263157894735,0.631578947368421,0.21052631578947367,0.2631578947368421,0.3684210526315789,0.2631578947368421,0.3157894736842105,0.47368421052631576,0.2631578947368421,0.47368421052631576,0.47368421052631576,0.3157894736842105,0.5263157894736842,0.3894736842105263,0.3526315789473684
serie_a,2014,ROM,0.3157894736842105,0.21052631578947367,0.42105263157894735,0.3157894736842105,0.3684210526315789,0.5263157894736842,0.47368421052631576,0.3157894736842105,0.5263157894736842,0.2631578947368421,0.42105263157894735,0.3157894736842105,0.2631578947368421,0.3684210526315789,0.2631578947368421,0.3684210526315789,0.15789473684210525,0.47368421052631576,0.3684210526315789,0.42105263157894735,0.3578947368421052,0.35789473684210527
serie_a,2014,SAM,0.21052631578947367,0.21052631578947367,0.42105263157894735,0.3157894736842105,0.47368421052631576,0.3157894736842105,0.10526315789473684,0.3684210526315789,0.3157894736842105,0.3157894736842105,0.2631578947368421,0.3157894736842105,0.2631578947368421,0.42105263157894735,0.47368421052631576,0.21052631578947367,0.3157894736842105,0.21052631578947367,0.3684210526315789,0.3684210526315789,0.32105263157894737,0.3052631578947368
serie_a,2014,SAS,0.5263157894736842,0.15789473684210525,0.5263157894736842,0.3684210526315789,0.5263157894736842,0.3157894736842105,0.2631578947368421,0.42105263157894735,0.2631578947368421,0.15789473684210525,0.3684210526315789,0.21052631578947367,0.3157894736842105,0.2631578947368421,0.2631578947368421,0.47368421052631576,0.15789473684210525,0.3684210526315789,0.42105263157894735,0.42105263157894735,0.36315789473684207,0.3157894736842105
serie_a,2014,TOR,0.21052631578947367,0.3684210526315789,0.2631578947368421,0.42105263157894735,0.15789473684210525,0.21052631578947367,0.5789473684210527,0.2631578947368421,0.21052631578947367,0.3157894736842105,0.3157894736842105,0.2631578947368421,0.3157894736842105,0.47368421052631576,0.3684210526315789,0.2631578947368421,0.2631578947368421,0.3157894736842105,0.42105263157894735,0.2631578947368421,0.31052631578947365,0.3157894736842105
serie_a,2014,UDI,0.3157894736842105,0.5263157894736842,0.42105263157894735,0.47368421052631576,0.42105263157894735,0.3684210526315789,0.42105263157894735,0.42105263157894735,0.42105263157894735,0.21052631578947367,0.5263157894736842,0.2631578947368421,0.47368421052631576,0.3157894736842105,0.3157894736842105,0.42105263157894735,0.3684210526315789,0.3684210526315789,0.2631578947368421,0.42105263157894735,0.39473684210526316,0.3789473684210526
serie_a,2014,VER,0.2631578947368421,0.2631578947368421,0.2631578947368421,0.42105263157894735,0.2631578947368421,0.3157894736842105,0.42105263157894735,0.42105263157894735,0.42105263157894735,0.3157894736842105,0.3157894736842105,0.5263157894736842,0.3684210526315789,0.47368421052631576,0.2631578947368421,0.5263157894736842,0.42105263157894735,0.42105263157894735,0.5263157894736842,0.2631578947368421,0.35263157894736835,0.39473684210526316
serie_a,2015,ATA,0.631578947368421,0.47368421052631576,0.3684210526315789,0.5789473684210527,0.5263157894736842,0.3157894736842105,0.5263157894736842,0.47368421052631576,0.10526315789473684,0.3157894736842105,0.3684210526315789,0.5789473684210527,0.3684210526315789,0.42105263157894735,0.21052631578947367,0.2631578947368421,0.3157894736842105,0.47368421052631576,0.47368421052631576,0.47368421052631576,0.3894736842105263,0.43684210526315786
serie_a,2015,BOLG,0.47368421052631576,0.3157894736842105,0.42105263157894735,0.42105263157894735,0.42105263157894735,0.3157894736842105,0.5789473684210527,0.21052631578947367,0.2631578947368421,0.47368421052631576,0.47368421052631576,0.3157894736842105,0.3684210526315789,0.47368421052631576,0.42105263157894735,0.21052631578947367,0.42105263157894735,0.42105263157894735,0.42105263157894735,0.21052631578947367,0.42631578947368415,0.3368421052631579
serie_a,2015,CARP,0.42105263157894735,0.5789473684210527,0.3684210526315789,0.42105263157894735,0.2631578947368421,0.3157894736842105,0.42105263157894735,0.3157894736842105,0.3157894736842105,0.5263157894736842,0.5263157894736842,0.3157894736842105,0.42105263157894735,0.15789473684210525,0.42105263157894735,0.3684210526315789,0.2631578947368421,0.3684210526315789,0.3684210526315789,0.3684210526315789,0.3789473684210526,0.37368421052631573
serie_a,2015,CHI,0.3157894736842105,0.2631578947368421,0.5263157894736842,0.3157894736842105,0.42105263157894735,0.47368421052631576,0.21052631578947367,0.3157894736842105,0.631578947368421,0.42105263157894735,0.3684210526315789,0.15789473684210525,0.3684210526315789,0.3684210526315789,0.2631578947368421,0.47368421052631576,0.3157894736842105,0.10526315789473684,0.21052631578947367,0.10526315789473684,0.3631578947368421,0.3
serie_a,2015,EMP,0.42105263157894735,0.3684210526315789,0.2631578947368421,0.47368421052631576,0.42105263157894735,0.3157894736842105,0.3157894736842105,0.3157894736842105,0.21052631578947367,0.3684210526315789,0.2631578947368421,0.3157894736842105,0.47368421052631576,0.42105263157894735,0.2631578947368421,0.3684210526315789,0.3684210526315789,0.47368421052631576,0.3157894736842105,0.2631578947368421,0.3315789473684211,0.3684210526315789
serie_a,2015,FIO,0.47368421052631576,0.21052631578947367,0.3157894736842105,0.3157894736842105,0.42105263157894735,0.3157894736842105,0.21052631578947367,0.5263157894736842,0.47368421052631576,0.42105263157894735,0.42105263157894735,0.3157894736842105,0.42105263157894735,0.5263157894736842,0.21052631578947367,0.47368421052631576,0.47368421052631576,0.47368421052631576,0.21052631578947367,0.21052631578947367,0.3631578947368421,0.37894736842105264
serie_a,2015,FRO,0.2631578947368421,0.2631578947368421,0.3684210526315789,0.5789473684210527,0.3684210526315789,0.3684210526315789,0.5789473684210527,0.2631578947368421,0.3684210526315789,0.3684210526315789,0.21052631578947367,0.3684210526315789,0.47368421052631576,0.15789473684210525,0.5263157894736842,0.3684210526315789,0.47368421052631576,0.21052631578947367,0.5263157894736842,0.42105263157894735,0.41578947368421054,0.33684210526315783
serie_a,2015,GEN,0.21052631578947367,0.2631578947368421,0.42105263157894735,0.47368421052631576,0.2631578947368421,0.3684210526315789,0.2631578947368421,0.42105263157894735,0.3684210526315789,0.47368421052631576,0.5263157894736842,0.3157894736842105,0.2631578947368421,0.3157894736842105,0.3157894736842105,0.2631578947368421,0.3157894736842105,0.3684210526315789,0.15789473684210525,0.47368421052631576,0.3105263157894737,0.37368421052631573
serie_a,2015,INT,0.631578947368421,0.3684210526315789,0.3684210526315789,0.2631578947368421,0.21052631578947367,0.47368421052631576,0.47368421052631576,0.3157894736842105,0.15789473684210525,0.3157894736842105,0.3157894736842105,0.3684210526315789,0.3684210526315789,0.3157894736842105,0.3684210526315789,0.3684210526315789,0.3684210526315789,0.3157894736842105,0.3684210526315789,0.21052631578947367,0.363157894736842,0.3315789473684211
serie_a,2015,JUV,0.3684210526315789,0.47368421052631576,0.42105263157894735,0.3157894736842105,0.42105263157894735,0.15789473684210525,0.3157894736842105,0.3157894736842105,0.42105263157894735,0.2631578947368421,0.3157894736842105,0.3684210526315789,0.42105263157894735,0.42105263157894735,0.5263157894736842,0.42105263157894735,0.5263157894736842,0.3684210526315789,0.3157894736842105,0.5263157894736842,0.4052631578947368,0.363157894736842
serie_a,2015,LAZ,0.42105263157894735,0.3684210526315789,0.5789473684210527,0.2631578947368421,0.2631578947368421,0.10526315789473684,0.47368421052631576,0.42105263157894735,0.21052631578947367,0.3157894736842105,0.42105263157894735,0.3684210526315789,0.15789473684210525,0.3684210526315789,0.47368421052631576,0.5263157894736842,0.2631578947368421,0.21052631578947367,0.42105263157894735,0.21052631578947367,0.3684210526315789,0.31578947368421045
serie_a,2015,MIL,0.10526315789473684,0.2631578947368421,0.21052631578947367,0.3684210526315789,0.15789473684210525,0.3157894736842105,0.2631578947368421,0.47368421052631576,0.47368421052631576,0.3684210526315789,0.5789473684210527,0.42105263157894735,0.5263157894736842,0.42105263157894735,0.2631578947368421,0.3157894736842105,0.47368421052631576,0.21052631578947367,0.15789473684210525,0.3684210526315789,0.32105263157894737,0.3526315789473684
serie_a,2015,NAP,0.15789473684210525,0.47368421052631576,0.42105263157894735,0.3157894736842105,0.3684210526315789,0.47368421052631576,0.2631578947368421,0.47368421052631576,0.21052631578947367,0.3684210526315789,0.3157894736842105,0.3157894736842105,0.15789473684210525,0.3157894736842105,0.2631578947368421,0.3157894736842105,0.2631578947368421,0.3157894736842105,0.2631578947368421,0.5263157894736842,0.26842105263157895,0.3894736842105263
serie_a,2015,PAL,0.3684210526315789,0.3157894736842105,0.42105263157894735,0.3684210526315789,0.42105263157894735,0.42105263157894735,0.42105263157894735,0.3684210526315789,0.42105263157894735,0.21052631578947367,0.3157894736842105,0.2631578947368421,0.5263157894736842,0.631578947368421,0.2631578947368421,0.3684210526315789,0.2631578947368421,0.3157894736842105,0.10526315789473684,0.5789473684210527,0.3526315789473684,0.38421052631578945
serie_a,2015,ROM,0.3684210526315789,0.3684210526315789,0.42105263157894735,0.3157894736842105,0.3157894736842105,0.3684210526315789,0.3157894736842105,0.3684210526315789,0.42105263157894735,0.15789473684210525,0.15789473684210525,0.3157894736842105,0.42105263157894735,0.5789473684210527,0.47368421052631576,0.42105263157894735,0.3684210526315789,0.42105263157894735,0.47368421052631576,0.3157894736842105,0.37368421052631573,0.36315789473684207
serie_a,2015,SAM,0.2631578947368421,0.3684210526315789,0.21052631578947367,0.42105263157894735,0.47368421052631576,0.3157894736842105,0.3157894736842105,0.3684210526315789,0.47368421052631576,0.3684210526315789,0.3157894736842105,0.15789473684210525,0.42105263157894735,0.5263157894736842,0.47368421052631576,0.42105263157894735,0.2631578947368421,0.2631578947368421,0.3684210526315789,0.2631578947368421,0.3578947368421052,0.34736842105263155
serie_a,2015,SAS,0.3157894736842105,0.42105263157894735,0.2631578947368421,0.5263157894736842,0.47368421052631576,0.42105263157894735,0.3684210526315789,0.2631578947368421,0.3684210526315789,0.3684210526315789,0.21052631578947367,0.42105263157894735,0.3157894736842105,0.3684210526315789,0.3684210526315789,0.3157894736842105,0.47368421052631576,0.5263157894736842,0.3684210526315789,0.3157894736842105,0.3526315789473684,0.3947368421052631
serie_a,2015,TOR,0.3157894736842105,0.3684210526315789,0.42105263157894735,0.2631578947368421,0.3684210526315789,0.42105263157894735,0.21052631578947367,0.47368421052631576,0.21052631578947367,0.42105263157894735,0.42105263157894735,0.5789473684210527,0.10526315789473684,0.2631578947368421,0.21052631578947367,0.3684210526315789,0.3157894736842105,0.2631578947368421,0.3157894736842105,0.3157894736842105,0.2894736842105263,0.3736842105263158
serie_a,2015,UDI,0.47368421052631576,0.5263157894736842,0.15789473684210525,0.21052631578947367,0.3684210526315789,0.3684210526315789,0.3157894736842105,0.21052631578947367,0.47368421052631576,0.2631578947368421,0.21052631578947367,0.2631578947368421,0.42105263157894735,0.42105263157894735,0.42105263157894735,0.3157894736842105,0.21052631578947367,0.42105263157894735,0.3157894736842105,0.3684210526315789,0.3368421052631579,0.3368421052631579
serie_a,2015,VER,0.3157894736842105,0.3684210526315789,0.15789473684210525,0.3157894736842105,0.3684210526315789,0.47368421052631576,0.5263157894736842,0.42105263157894735,0.42105263157894735,0.21052631578947367,0.3684210526315789,0.3157894736842105,0.2631578947368421,0.3684210526315789,0.3684210526315789,0.3684210526315789,0.5263157894736842,0.47368421052631576,0.47368421052631576,0.3157894736842105,0.3789473684210526,0.3631578947368421
serie_a,2016,ATA,0.5263157894736842,0.15789473684210525,0.42105263157894735,0.2631578947368421,0.2631578947368421,0.631578947368421,0.2631578947368421,0.42105263157894735,0.47368421052631576,0.3157894736842105,0.3684210526315789,0.42105263157894735,0.42105263157894735,0.47368421052631576,0.3684210526315789,0.3157894736842105,0.15789473684210525,0.5263157894736842,0.3157894736842105,0.5263157894736842,0.35789473684210527,0.4052631578947368
serie_a,2016,BOLG,0.2631578947368421,0.21052631578947367,0.3684210526315789,0.3684210526315789,0.21052631578947367,0.2631578947368421,0.21052631578947367,0.5263157894736842,0.2631578947368421,0.3157894736842105,0.2631578947368421,0.42105263157894735,0.3684210526315789,0.21052631578947367,0.47368421052631576,0.5263157894736842,0.42105263157894735,0.42105263157894735,0.2631578947368421,0.47368421052631576,0.31052631578947365,0.3736842105263158
serie_a,2016,CAG,0.3157894736842105,0.3157894736842105,0.2631578947368421,0.5263157894736842,0.3157894736842105,0.21052631578947367,0.3684210526315789,0.5789473684210527,0.42105263157894735,0.3157894736842105,0.21052631578947367,0.3157894736842105,0.2631578947368421,0.42105263157894735,0.2631578947368421,0.3157894736842105,0.3684210526315789,0.21052631578947367,0.3157894736842105,0.2631578947368421,0.31052631578947365,0.34736842105263155
serie_a,2016,CHI,0.3157894736842105,0.5789473684210527,0.3684210526315789,0.3157894736842105,0.47368421052631576,0.3684210526315789,0.47368421052631576,0.5789473684210527,0.42105263157894735,0.3684210526315789,0.42105263157894735,0.21052631578947367,0.3157894736842105,0.5263157894736842,0.47368421052631576,0.631578947368421,0.15789473684210525,0.3684210526315789,0.3157894736842105,0.3684210526315789,0.37368421052631573,0.43157894736842106
serie_a,2016,CRO,0.3157894736842105,0.3157894736842105,0.631578947368421,0.3157894736842105,0.2631578947368421,0.2631578947368421,0.3684210526315789,0.3157894736842105,0.47368421052631576,0.42105263157894735,0.21052631578947367,0.47368421052631576,0.42105263157894735,0.5263157894736842,0.47368421052631576,0.5789473684210527,0.47368421052631576,0.47368421052631576,0.3684210526315789,0.15789473684210525,0.4,0.38421052631578945
serie_a,2016,EMP,0.21052631578947367,0.3157894736842105,0.3684210526315789,0.6842105263157895,0.47368421052631576,0.3684210526315789,0.2631578947368421,0.5263157894736842,0.3684210526315789,0.3684210526315789,0.3157894736842105,0.3157894736842105,0.3157894736842105,0.42105263157894735,0.42105263157894735,0.2631578947368421,0.42105263157894735,0.21052631578947367,0.15789473684210525,0.2631578947368421,0.3315789473684211,0.37368421052631573
serie_a,2016,FIO,0.3684210526315789,0.42105263157894735,0.42105263157894735,0.3157894736842105,0.42105263157894735,0.47368421052631576,0.3684210526315789,0.3157894736842105,0.42105263157894735,0.3157894736842105,0.2631578947368421,0.5789473684210527,0.42105263157894735,0.3157894736842105,0.3684210526315789,0.47368421052631576,0.3157894736842105,0.5789473684210527,0.2631578947368421,0.47368421052631576,0.36315789473684207,0.42631578947368415
serie_a,2016,GEN,0.3684210526315789,0.47368421052631576,0.47368421052631576,0.42105263157894735,0.3157894736842105,0.3684210526315789,0.3157894736842105,0.3157894736842105,0.3684210526315789,0.15789473684210525,0.3157894736842105,0.3684210526315789,0.42105263157894735,0.3157894736842105,0.3684210526315789,0.3684210526315789,0.42105263157894735,0.2631578947368421,0.3684210526315789,0.42105263157894735,0.37368421052631573,0.3473684210526315
serie_a,2016,INT,0.3157894736842105,0.21052631578947367,0.3684210526315789,0.2631578947368421,0.3157894736842105,0.3684210526315789,0.3157894736842105,0.21052631578947367,0.3157894736842105,0.2631578947368421,0.3157894736842105,0.2631578947368421,0.3684210526315789,0.5263157894736842,0.42105263157894735,0.2631578947368421,0.3684210526315789,0.3684210526315789,0.2631578947368421,0.47368421052631576,0.33684210526315783,0.32105263157894737
serie_a,2016,JUV,0.3157894736842105,0.47368421052631576,0.3684210526315789,0.3684210526315789,0.3684210526315789,0.42105263157894735,0.3684210526315789,0.42105263157894735,0.47368421052631576,0.3684210526315789,0.42105263157894735,0.2631578947368421,0.5263157894736842,0.21052631578947367,0.47368421052631576,0.21052631578947367,0.3684210526315789,0.42105263157894735,0.42105263157894735,0.21052631578947367,0.41052631578947363,0.3368421052631579
serie_a,2016,LAZ,0.47368421052631576,0.21052631578947367,0.42105263157894735,0.3684210526315789,0.2631578947368421,0.3157894736842105,0.631578947368421,0.2631578947368421,0.3684210526315789,0.3157894736842105,0.5263157894736842,0.47368421052631576,0.2631578947368421,0.5263157894736842,0.47368421052631576,0.2631578947368421,0.3157894736842105,0.2631578947368421,0.7368421052631579,0.2631578947368421,0.4473684210526315,0.3263157894736842
serie_a,2016,MIL,0.2631578947368421,0.2631578947368421,0.3684210526315789,0.21052631578947367,0.42105263157894735,0.21052631578947367,0.42105263157894735,0.47368421052631576,0.42105263157894735,0.3157894736842105,0.2631578947368421,0.3157894736842105,0.47368421052631576,0.42105263157894735,0.2631578947368421,0.2631578947368421,0.2631578947368421,0.47368421052631576,0.2631578947368421,0.3684210526315789,0.3421052631578947,0.33157894736842103
serie_a,2016,NAP,0.47368421052631576,0.42105263157894735,0.2631578947368421,0.21052631578947367,0.2631578947368421,0.3684210526315789,0.3157894736842105,0.631578947368421,0.3157894736842105,0.42105263157894735,0.3684210526315789,0.21052631578947367,0.47368421052631576,0.3684210526315789,0.47368421052631576,0.5263157894736842,0.47368421052631576,0.5263157894736842,0.3684210526315789,0.15789473684210525,0.3789473684210526,0.38421052631578945
serie_a,2016,PAL,0.42105263157894735,0.3157894736842105,0.3684210526315789,0.47368421052631576,0.3684210526315789,0.10526315789473684,0.47368421052631576,0.3684210526315789,0.3684210526315789,0.3684210526315789,0.3684210526315789,0.3157894736842105,0.3684210526315789,0.2631578947368421,0.3684210526315789,0.42105263157894735,0.3684210526315789,0.15789473684210525,0.47368421052631576,0.47368421052631576,0.39473684210526316,0.3263157894736842
serie_a,2016,PES,0.3684210526315789,0.5789473684210527,0.47368421052631576,0.2631578947368421,0.3684210526315789,0.5263157894736842,0.3157894736842105,0.42105263157894735,0.42105263157894735,0.3684210526315789,0.42105263157894735,0.15789473684210525,0.2631578947368421,0.10526315789473684,0.3684210526315789,0.15789473684210525,0.2631578947368421,0.42105263157894735,0.42105263157894735,0.47368421052631576,0.3684210526315789,0.34736842105263155
serie_a,2016,ROM,0.42105263157894735,0.42105263157894735,0.3157894736842105,0.42105263157894735,0.2631578947368421,0.5789473684210527,0.5263157894736842,0.42105263157894735,0.42105263157894735,0.631578947368421,0.3157894736842105,0.42105263157894735,0.5263157894736842,0.42105263157894735,0.3157894736842105,0.3157894736842105,0.3684210526315789,0.3157894736842105,0.3157894736842105,0.2631578947368421,0.3789473684210526,0.42105263157894735
serie_a,2016,SAM,0.21052631578947367,0.15789473684210525,0.5263157894736842,0.5789473684210527,0.42105263157894735,0.5263157894736842,0.42105263157894735,0.3684210526315789,0.42105263157894735,0.3684210526315789,0.21052631578947367,0.47368421052631576,0.3157894736842105,0.47368421052631576,0.42105263157894735,0.47368421052631576,0.3157894736842105,0.3684210526315789,0.3684210526315789,0.3157894736842105,0.36315789473684207,0.41052631578947363
serie_a,2016,SAS,0.47368421052631576,0.47368421052631576,0.42105263157894735,0.3157894736842105,0.42105263157894735,0.15789473684210525,0.47368421052631576,0.3157894736842105,0.47368421052631576,0.2631578947368421,0.3684210526315789,0.5789473684210527,0.3684210526315789,0.47368421052631576,0.21052631578947367,0.5263157894736842,0.47368421052631576,0.42105263157894735,0.47368421052631576,0.47368421052631576,0.41578947368421054,0.4
serie_a,2016,TOR,0.3157894736842105,0.42105263157894735,0.2631578947368421,0.3684210526315789,0.6842105263157895,0.5263157894736842,0.21052631578947367,0.3684210526315789,0.2631578947368421,0.42105263157894735,0.3157894736842105,0.5263157894736842,0.3157894736842105,0.42105263157894735,0.42105263157894735,0.3157894736842105,0.42105263157894735,0.2631578947368421,0.42105263157894735,0.2631578947368421,0.3631578947368421,0.3894736842105263
serie_a,2016,UDI,0.5789473684210527,0.3157894736842105,0.42105263157894735,0.2631578947368421,0.3684210526315789,0.3157894736842105,0.3157894736842105,0.21052631578947367,0.3157894736842105,0.47368421052631576,0.42105263157894735,0.42105263157894735,0.2631578947368421,0.3684210526315789,0.21052631578947367,0.3157894736842105,0.15789473684210525,0.5789473684210527,0.47368421052631576,0.5789473684210527,0.3526315789473684,0.38421052631578945
serie_a,2017,ATA,0.2631578947368421,0.2631578947368421,0.47368421052631576,0.3684210526315789,0.5263157894736842,0.21052631578947367,0.3684210526315789,0.42105263157894735,0.42105263157894735,0.3684210526315789,0.42105263157894735,0.3157894736842105,0.2631578947368421,0.5263157894736842,0.47368421052631576,0.15789473684210525,0.3157894736842105,0.5263157894736842,0.3157894736842105,0.47368421052631576,0.38421052631578945,0.36315789473684207
serie_a,2017,BEN,0.21052631578947367,0.2631578947368421,0.21052631578947367,0.47368421052631576,0.3157894736842105,0.42105263157894735,0.21052631578947367,0.47368421052631576,0.3684210526315789,0.2631578947368421,0.15789473684210525,0.3684210526315789,0.3684210526315789,0.42105263157894735,0.5789473684210527,0.42105263157894735,0.42105263157894735,0.3684210526315789,0.2631578947368421,0.21052631578947367,0.31052631578947365,0.36842105263157887
serie_a,2017,BOLG,0.3684210526315789,0.3684210526315789,0.42105263157894735,0.3157894736842105,0.2631578947368421,0.3157894736842105,0.42105263157894735,0.3157894736842105,0.2631578947368421,0.5263157894736842,0.42105263157894735,0.2631578947368421,0.2631578947368421,0.42105263157894735,0.21052631578947367,0.47368421052631576,0.3684210526315789,0.2631578947368421,0.42105263157894735,0.42105263157894735,0.3421052631578947,0.3684210526315789
serie_a,2017,CAG,0.42105263157894735,0.2631578947368421,0.47368421052631576,0.47368421052631576,0.631578947368421,0.47368421052631576,0.3684210526315789,0.05263157894736842,0.47368421052631576,0.42105263157894735,0.47368421052631576,0.3684210526315789,0.5789473684210527,0.47368421052631576,0.3157894736842105,0.3684210526315789,0.42105263157894735,0.21052631578947367,0.5789473684210527,0.47368421052631576,0.47368421052631576,0.3578947368421052
serie_a,2017,CHI,0.3684210526315789,0.21052631578947367,0.2631578947368421,0.47368421052631576,0.3684210526315789,0.5263157894736842,0.47368421052631576,0.47368421052631576,0.2631578947368421,0.42105263157894735,0.5263157894736842,0.3684210526315789,0.21052631578947367,0.3684210526315789,0.3157894736842105,0.21052631578947367,0.2631578947368421,0.5263157894736842,0.3157894736842105,0.3157894736842105,0.33684210526315794,0.3894736842105263
serie_a,2017,CRO,0.5263157894736842,0.21052631578947367,0.15789473684210525,0.47368421052631576,0.3684210526315789,0.3684210526315789,0.2631578947368421,0.631578947368421,0.21052631578947367,0.42105263157894735,0.42105263157894735,0.5263157894736842,0.42105263157894735,0.2631578947368421,0.5263157894736842,0.42105263157894735,0.42105263157894735,0.5263157894736842,0.3157894736842105,0.2631578947368421,0.36315789473684207,0.41052631578947363
serie_a,2017,FIO,0.47368421052631576,0.42105263157894735,0.15789473684210525,0.47368421052631576,0.3684210526315789,0.3157894736842105,0.3684210526315789,0.3684210526315789,0.47368421052631576,0.21052631578947367,0.3157894736842105,0.3157894736842105,0.42105263157894735,0.2631578947368421,0.5789473684210527,0.3157894736842105,0.2631578947368421,0.5789473684210527,0.3157894736842105,0.2631578947368421,0.3736842105263158,0.3526315789473684
serie_a,2017,GEN,0.3684210526315789,0.3684210526315789,0.3157894736842105,0.631578947368421,0.5789473684210527,0.5789473684210527,0.42105263157894735,0.21052631578947367,0.3157894736842105,0.2631578947368421,0.2631578947368421,0.5263157894736842,0.5263157894736842,0.3157894736842105,0.47368421052631576,0.5263157894736842,0.21052631578947367,0.3157894736842105,0.2631578947368421,0.3157894736842105,0.3736842105263158,0.4052631578947368
serie_a,2017,INT,0.47368421052631576,0.3684210526315789,0.3684210526315789,0.3684210526315789,0.21052631578947367,0.3684210526315789,0.2631578947368421,0.3157894736842105,0.3157894736842105,0.2631578947368421,0.15789473684210525,0.3684210526315789,0.3157894736842105,0.3684210526315789,0.5263157894736842,0.3684210526315789,0.21052631578947367,0.21052631578947367,0.3684210526315789,0.3684210526315789,0.32105263157894737,0.3368421052631579
serie_a,2017,JUV,0.3684210526315789,0.42105263157894735,0.3684210526315789,0.2631578947368421,0.3684210526315789,0.2631578947368421,0.5263157894736842,0.21052631578947367,0.42105263157894735,0.3157894736842105,0.2631578947368421,0.42105263157894735,0.3684210526315789,0.2631578947368421,0.3684210526315789,0.42105263157894735,0.5263157894736842,0.42105263157894735,0.2631578947368421,0.47368421052631576,0.38421052631578945,0.34736842105263155
serie_a,2017,LAZ,0.21052631578947367,0.3684210526315789,0.21052631578947367,0.21052631578947367,0.3157894736842105,0.42105263157894735,0.2631578947368421,0.3157894736842105,0.2631578947368421,0.631578947368421,0.3157894736842105,0.47368421052631576,0.3684210526315789,0.3684210526315789,0.3157894736842105,0.2631578947368421,0.42105263157894735,0.15789473684210525,0.47368421052631576,0.42105263157894735,0.3157894736842105,0.36315789473684207
serie_a,2017,MIL,0.42105263157894735,0.42105263157894735,0.5263157894736842,0.3157894736842105,0.3157894736842105,0.631578947368421,0.21052631578947367,0.3684210526315789,0.3684210526315789,0.42105263157894735,0.2631578947368421,0.42105263157894735,0.2631578947368421,0.2631578947368421,0.2631578947368421,0.3684210526315789,0.2631578947368421,0.2631578947368421,0.21052631578947367,0.5263157894736842,0.3105263157894737,0.39999999999999997
serie_a,2017,NAP,0.47368421052631576,0.3157894736842105,0.2631578947368421,0.3157894736842105,0.3684210526315789,0.47368421052631576,0.15789473684210525,0.3157894736842105,0.3684210526315789,0.3684210526315789,0.42105263157894735,0.47368421052631576,0.3684210526315789,0.42105263157894735,0.15789473684210525,0.42105263157894735,0.3684210526315789,0.2631578947368421,0.5789473684210527,0.21052631578947367,0.3526315789473684,0.3578947368421052
serie_a,2017,ROM,0.3157894736842105,0.5789473684210527,0.3157894736842105,0.3684210526315789,0.3684210526315789,0.15789473684210525,0.3684210526315789,0.3684210526315789,0.5263157894736842,0.3684210526315789,0.42105263157894735,0.3684210526315789,0.3157894736842105,0.3684210526315789,0.3684210526315789,0.3684210526315789,0.2631578947368421,0.3684210526315789,0.42105263157894735,0.21052631578947367,0.36842105263157887,0.3526315789473684
serie_a,2017,SAM,0.42105263157894735,0.3684210526315789,0.42105263157894735,0.3157894736842105,0.2631578947368421,0.3684210526315789,0.2631578947368421,0.3684210526315789,0.5263157894736842,0.3157894736842105,0.05263157894736842,0.42105263157894735,0.47368421052631576,0.42105263157894735,0.3157894736842105,0.3684210526315789,0.47368421052631576,0.3157894736842105,0.3684210526315789,0.3684210526315789,0.3578947368421052,0.36315789473684207
serie_a,2017,SAS,0.5263157894736842,0.3157894736842105,0.42105263157894735,0.5263157894736842,0.47368421052631576,0.47368421052631576,0.5263157894736842,0.47368421052631576,0.2631578947368421,0.21052631578947367,0.2631578947368421,0.5263157894736842,0.42105263157894735,0.3157894736842105,0.2631578947368421,0.5263157894736842,0.5789473684210527,0.3684210526315789,0.42105263157894735,0.5263157894736842,0.41578947368421043,0.42631578947368415
serie_a,2017,SPA,0.42105263157894735,0.42105263157894735,0.5263157894736842,0.5789473684210527,0.5263157894736842,0.3684210526315789,0.3684210526315789,0.47368421052631576,0.42105263157894735,0.5789473684210527,0.5263157894736842,0.47368421052631576,0.2631578947368421,0.42105263157894735,0.42105263157894735,0.42105263157894735,0.47368421052631576,0.3157894736842105,0.3157894736842105,0.3684210526315789,0.42631578947368415,0.44210526315789467
serie_a,2017,TOR,0.42105263157894735,0.3684210526315789,0.3157894736842105,0.2631578947368421,0.47368421052631576,0.2631578947368421,0.3684210526315789,0.47368421052631576,0.42105263157894735,0.3684210526315789,0.5789473684210527,0.21052631578947367,0.42105263157894735,0.3157894736842105,0.3157894736842105,0.3157894736842105,0.3157894736842105,0.42105263157894735,0.3684210526315789,0.3684210526315789,0.4,0.33684210526315783
serie_a,2017,UDI,0.3684210526315789,0.3157894736842105,0.3684210526315789,0.2631578947368421,0.3157894736842105,0.3684210526315789,0.3157894736842105,0.2631578947368421,0.42105263157894735,0.15789473684210525,0.3684210526315789,0.2631578947368421,0.2631578947368421,0.21052631578947367,0.3157894736842105,0.42105263157894735,0.3157894736842105,0.47368421052631576,0.3157894736842105,0.42105263157894735,0.3368421052631579,0.3157894736842105
serie_a,2017,VER,0.5789473684210527,0.2631578947368421,0.42105263157894735,0.3684210526315789,0.3684210526315789,0.47368421052631576,0.47368421052631576,0.2631578947368421,0.3684210526315789,0.3157894736842105,0.3157894736842105,0.2631578947368421,0.3684210526315789,0.3157894736842105,0.47368421052631576,0.21052631578947367,0.631578947368421,0.2631578947368421,0.21052631578947367,0.3684210526315789,0.42105263157894735,0.31052631578947365
serie_a,2018,ATA,0.21052631578947367,0.5263157894736842,0.3684210526315789,0.2631578947368421,0.42105263157894735,0.3157894736842105,0.3157894736842105,0.42105263157894735,0.3157894736842105,0.21052631578947367,0.21052631578947367,0.3684210526315789,0.3157894736842105,0.5789473684210527,0.3157894736842105,0.47368421052631576,0.3157894736842105,0.47368421052631576,0.42105263157894735,0.3157894736842105,0.32105263157894737,0.39473684210526316
serie_a,2018,BOLG,0.3157894736842105,0.42105263157894735,0.3684210526315789,0.3684210526315789,0.2631578947368421,0.47368421052631576,0.21052631578947367,0.3684210526315789,0.3157894736842105,0.5789473684210527,0.47368421052631576,0.3684210526315789,0.3157894736842105,0.2631578947368421,0.5263157894736842,0.42105263157894735,0.3684210526315789,0.3157894736842105,0.42105263157894735,0.21052631578947367,0.3578947368421052,0.37894736842105264
serie_a,2018,CAG,0.5263157894736842,0.47368421052631576,0.47368421052631576,0.3684210526315789,0.5263157894736842,0.5789473684210527,0.3157894736842105,0.10526315789473684,0.3157894736842105,0.3684210526315789,0.3684210526315789,0.3684210526315789,0.42105263157894735,0.3684210526315789,0.2631578947368421,0.3684210526315789,0.42105263157894735,0.42105263157894735,0.2631578947368421,0.3157894736842105,0.3894736842105263,0.3736842105263158
serie_a,2018,CHI,0.2631578947368421,0.3157894736842105,0.3684210526315789,0.5263157894736842,0.42105263157894735,0.2631578947368421,0.42105263157894735,0.3684210526315789,0.5263157894736842,0.3157894736842105,0.2631578947368421,0.47368421052631576,0.2631578947368421,0.15789473684210525,0.3157894736842105,0.42105263157894735,0.2631578947368421,0.47368421052631576,0.47368421052631576,0.3157894736842105,0.35789473684210527,0.3631578947368421
serie_a,2018,EMP,0.631578947368421,0.2631578947368421,0.3684210526315789,0.3684210526315789,0.42105263157894735,0.3157894736842105,0.631578947368421,0.3157894736842105,0.2631578947368421,0.15789473684210525,0.3157894736842105,0.3157894736842105,0.21052631578947367,0.3684210526315789,0.21052631578947367,0.15789473684210525,0.3157894736842105,0.5789473684210527,0.42105263157894735,0.47368421052631576,0.3789473684210526,0.3315789473684211
serie_a,2018,FIO,0.2631578947368421,0.3157894736842105,0.3684210526315789,0.3684210526315789,0.3157894736842105,0.3684210526315789,0.42105263157894735,0.42105263157894735,0.3157894736842105,0.42105263157894735,0.3157894736842105,0.3684210526315789,0.47368421052631576,0.2631578947368421,0.3157894736842105,0.15789473684210525,0.3157894736842105,0.2631578947368421,0.5263157894736842,0.3684210526315789,0.36315789473684207,0.33157894736842103
serie_a,2018,FRO,0.3157894736842105,0.2631578947368421,0.2631578947368421,0.3684210526315789,0.47368421052631576,0.3157894736842105,0.42105263157894735,0.42105263157894735,0.42105263157894735,0.3684210526315789,0.42105263157894735,0.631578947368421,0.42105263157894735,0.3157894736842105,0.5789473684210527,0.21052631578947367,0.631578947368421,0.3157894736842105,0.2631578947368421,0.3157894736842105,0.42105263157894746,0.3526315789473684
serie_a,2018,GEN,0.2631578947368421,0.3684210526315789,0.42105263157894735,0.42105263157894735,0.42105263157894735,0.42105263157894735,0.3157894736842105,0.21052631578947367,0.47368421052631576,0.42105263157894735,0.5263157894736842,0.2631578947368421,0.3684210526315789,0.47368421052631576,0.3157894736842105,0.47368421052631576,0.3157894736842105,0.3684210526315789,0.5789473684210527,0.42105263157894735,0.4,0.38421052631578945
serie_a,2018,INT,0.42105263157894735,0.47368421052631576,0.2631578947368421,0.42105263157894735,0.2631578947368421,0.15789473684210525,0.5263157894736842,0.2631578947368421,0.3684210526315789,0.3684210526315789,0.42105263157894735,0.21052631578947367,0.42105263157894735,0.5263157894736842,0.631578947368421,0.3157894736842105,0.2631578947368421,0.42105263157894735,0.5789473684210527,0.21052631578947367,0.41578947368421054,0.3368421052631579
serie_a,2018,JUV,0.47368421052631576,0.3684210526315789,0.10526315789473684,0.42105263157894735,0.5263157894736842,0.47368421052631576,0.42105263157894735,0.3157894736842105,0.3157894736842105,0.3157894736842105,0.3684210526315789,0.3684210526315789,0.42105263157894735,0.5789473684210527,0.47368421052631576,0.3684210526315789,0.42105263157894735,0.3684210526315789,0.47368421052631576,0.42105263157894735,0.39999999999999997,0.39999999999999997
serie_a,2018,LAZ,0.21052631578947367,0.5789473684210527,0.21052631578947367,0.42105263157894735,0.3157894736842105,0.5789473684210527,0.42105263157894735,0.47368421052631576,0.3157894736842105,0.3157894736842105,0.21052631578947367,0.3157894736842105,0.15789473684210525,0.3157894736842105,0.2631578947368421,0.3684210526315789,0.3157894736842105,0.5263157894736842,0.2631578947368421,0.3684210526315789,0.26842105263157895,0.42631578947368415
serie_a,2018,MIL,0.631578947368421,0.42105263157894735,0.42105263157894735,0.5263157894736842,0.2631578947368421,0.47368421052631576,0.3684210526315789,0.5263157894736842,0.3157894736842105,0.3684210526315789,0.2631578947368421,0.47368421052631576,0.5789473684210527,0.3157894736842105,0.2631578947368421,0.3157894736842105,0.2631578947368421,0.21052631578947367,0.3157894736842105,0.2631578947368421,0.3684210526315789,0.38947368421052625
serie_a,2018,NAP,0.5263157894736842,0.3684210526315789,0.47368421052631576,0.42105263157894735,0.2631578947368421,0.15789473684210525,0.3157894736842105,0.47368421052631576,0.42105263157894735,0.2631578947368421,0.3157894736842105,0.3684210526315789,0.3157894736842105,0.47368421052631576,0.42105263157894735,0.5789473684210527,0.15789473684210525,0.2631578947368421,0.47368421052631576,0.3684210526315789,0.3684210526315789,0.37368421052631573
serie_a,2018,PAR,0.631578947368421,0.5263157894736842,0.5789473684210527,0.47368421052631576,0.42105263157894735,0.3684210526315789,0.2631578947368421,0.42105263157894735,0.42105263157894735,0.47368421052631576,0.3157894736842105,0.42105263157894735,0.3684210526315789,0.5789473684210527,0.42105263157894735,0.631578947368421,0.3684210526315789,0.21052631578947367,0.3684210526315789,0.42105263157894735,0.41578947368421043,0.45263157894736833
serie_a,2018,ROM,0.47368421052631576,0.21052631578947367,0.3157894736842105,0.3157894736842105,0.3157894736842105,0.3157894736842105,0.3684210526315789,0.42105263157894735,0.42105263157894735,0.42105263157894735,0.5263157894736842,0.5789473684210527,0.21052631578947367,0.47368421052631576,0.3157894736842105,0.47368421052631576,0.3684210526315789,0.42105263157894735,0.42105263157894735,0.2631578947368421,0.37368421052631573,0.3894736842105263
serie_a,2018,SAM,0.3684210526315789,0.15789473684210525,0.5263157894736842,0.42105263157894735,0.15789473684210525,0.3157894736842105,0.2631578947368421,0.3157894736842105,0.3157894736842105,0.42105263157894735,0.5263157894736842,0.47368421052631576,0.2631578947368421,0.5263157894736842,0.42105263157894735,0.42105263157894735,0.3157894736842105,0.15789473684210525,0.21052631578947367,0.2631578947368421,0.3368421052631579,0.34736842105263155
serie_a,2018,SAS,0.47368421052631576,0.15789473684210525,0.3157894736842105,0.3684210526315789,0.2631578947368421,0.47368421052631576,0.3684210526315789,0.42105263157894735,0.5263157894736842,0.42105263157894735,0.5263157894736842,0.3684210526315789,0.3684210526315789,0.3157894736842105,0.5263157894736842,0.3684210526315789,0.3684210526315789,0.3684210526315789,0.3157894736842105,0.3684210526315789,0.4052631578947368,0.363157894736842
serie_a,2018,SPA,0.2631578947368421,0.47368421052631576,0.42105263157894735,0.2631578947368421,0.5263157894736842,0.3684210526315789,0.47368421052631576,0.2631578947368421,0.3157894736842105,0.21052631578947367,0.21052631578947367,0.42105263157894735,0.2631578947368421,0.2631578947368421,0.21052631578947367,0.3684210526315789,0.3157894736842105,0.2631578947368421,0.3157894736842105,0.2631578947368421,0.3315789473684211,0.3157894736842105
serie_a,2018,TOR,0.3157894736842105,0.21052631578947367,0.3684210526315789,0.47368421052631576,0.3157894736842105,0.42105263157894735,0.3157894736842105,0.47368421052631576,0.3157894736842105,0.5263157894736842,0.3157894736842105,0.42105263157894735,0.5789473684210527,0.3684210526315789,0.2631578947368421,0.42105263157894735,0.2631578947368421,0.42105263157894735,0.42105263157894735,0.47368421052631576,0.34736842105263155,0.42105263157894735
serie_a,2018,UDI,0.3157894736842105,0.47368421052631576,0.3684210526315789,0.3157894736842105,0.3157894736842105,0.21052631578947367,0.3157894736842105,0.2631578947368421,0.3157894736842105,0.3157894736842105,0.5263157894736842,0.2631578947368421,0.3157894736842105,0.21052631578947367,0.3157894736842105,0.2631578947368421,0.3684210526315789,0.2631578947368421,0.42105263157894735,0.3157894736842105,0.3578947368421052,0.2894736842105263
serie_a,2019,ATA,0.3157894736842105,0.3684210526315789,0.5789473684210527,0.3157894736842105,0.2631578947368421,0.2631578947368421,0.2631578947368421,0.47368421052631576,0.5263157894736842,0.3684210526315789,0.3684210526315789,0.47368421052631576,0.42105263157894735,0.3157894736842105,0.2631578947368421,0.21052631578947367,0.3684210526315789,0.21052631578947367,0.47368421052631576,0.15789473684210525,0.38421052631578945,0.3157894736842105
serie_a,2019,BOLG,0.21052631578947367,0.21052631578947367,0.2631578947368421,0.2631578947368421,0.3157894736842105,0.3157894736842105,0.3157894736842105,0.47368421052631576,0.21052631578947367,0.21052631578947367,0.2631578947368421,0.3684210526315789,0.3684210526315789,0.3157894736842105,0.3157894736842105,0.47368421052631576,0.21052631578947367,0.3684210526315789,0.15789473684210525,0.631578947368421,0.26315789473684204,0.3631578947368421
serie_a,2019,BRES,0.3684210526315789,0.3684210526315789,0.3157894736842105,0.42105263157894735,0.3157894736842105,0.42105263157894735,0.3684210526315789,0.2631578947368421,0.2631578947368421,0.3157894736842105,0.3157894736842105,0.5263157894736842,0.3157894736842105,0.3157894736842105,0.3157894736842105,0.3157894736842105,0.3684210526315789,0.3157894736842105,0.3684210526315789,0.5789473684210527,0.331578947368421,0.38421052631578945
serie_a,2019,CAG,0.5789473684210527,0.47368421052631576,0.5789473684210527,0.3157894736842105,0.3684210526315789,0.2631578947368421,0.42105263157894735,0.3684210526315789,0.47368421052631576,0.3684210526315789,0.3157894736842105,0.3157894736842105,0.47368421052631576,0.42105263157894735,0.3684210526315789,0.05263157894736842,0.21052631578947367,0.2631578947368421,0.42105263157894735,0.42105263157894735,0.42105263157894746,0.32631578947368417
serie_a,2019,FIO,0.42105263157894735,0.3684210526315789,0.3684210526315789,0.5263157894736842,0.42105263157894735,0.5263157894736842,0.3684210526315789,0.2631578947368421,0.15789473684210525,0.3157894736842105,0.3684210526315789,0.47368421052631576,0.21052631578947367,0.15789473684210525,0.2631578947368421,0.631578947368421,0.2631578947368421,0.3684210526315789,0.3684210526315789,0.2631578947368421,0.32105263157894737,0.3894736842105263
serie_a,2019,GEN,0.2631578947368421,0.21052631578947367,0.42105263157894735,0.42105263157894735,0.2631578947368421,0.47368421052631576,0.42105263157894735,0.3157894736842105,0.3157894736842105,0.3157894736842105,0.2631578947368421,0.21052631578947367,0.3684210526315789,0.3157894736842105,0.3684210526315789,0.42105263157894735,0.10526315789473684,0.5263157894736842,0.5263157894736842,0.2631578947368421,0.33157894736842103,0.34736842105263155
serie_a,2019,INT,0.3684210526315789,0.3684210526315789,0.3684210526315789,0.3684210526315789,0.2631578947368421,0.42105263157894735,0.3684210526315789,0.47368421052631576,0.3684210526315789,0.3157894736842105,0.2631578947368421,0.47368421052631576,0.47368421052631576,0.3157894736842105,0.3684210526315789,0.3157894736842105,0.2631578947368421,0.2631578947368421,0.47368421052631576,0.3157894736842105,0.35789473684210527,0.36315789473684207
serie_a,2019,JUV,0.42105263157894735,0.42105263157894735,0.47368421052631576,0.47368421052631576,0.3157894736842105,0.3684210526315789,0.2631578947368421,0.47368421052631576,0.42105263157894735,0.3157894736842105,0.47368421052631576,0.21052631578947367,0.2631578947368421,0.5789473684210527,0.2631578947368421,0.47368421052631576,0.3684210526315789,0.3157894736842105,0.3684210526315789,0.42105263157894735,0.363157894736842,0.4052631578947368
serie_a,2019,LAZ,0.42105263157894735,0.42105263157894735,0.3684210526315789,0.47368421052631576,0.42105263157894735,0.47368421052631576,0.2631578947368421,0.3157894736842105,0.42105263157894735,0.2631578947368421,0.5263157894736842,0.42105263157894735,0.42105263157894735,0.5263157894736842,0.3684210526315789,0.3684210526315789,0.3157894736842105,0.42105263157894735,0.42105263157894735,0.5263157894736842,0.39473684210526316,0.42105263157894735
serie_a,2019,LEC,0.3684210526315789,0.5263157894736842,0.21052631578947367,0.05263157894736842,0.3684210526315789,0.5789473684210527,0.3684210526315789,0.47368421052631576,0.2631578947368421,0.631578947368421,0.2631578947368421,0.3157894736842105,0.5789473684210527,0.21052631578947367,0.3157894736842105,0.47368421052631576,0.42105263157894735,0.2631578947368421,0.15789473684210525,0.3157894736842105,0.3315789473684211,0.38421052631578945
serie_a,2019,MIL,0.21052631578947367,0.3157894736842105,0.47368421052631576,0.3157894736842105,0.47368421052631576,0.21052631578947367,0.47368421052631576,0.3684210526315789,0.42105263157894735,0.3684210526315789,0.42105263157894735,0.42105263157894735,0.21052631578947367,0.2631578947368421,0.2631578947368421,0.3684210526315789,0.42105263157894735,0.2631578947368421,0.3684210526315789,0.2631578947368421,0.37368421052631573,0.3157894736842105
serie_a,2019,NAP,0.2631578947368421,0.10526315789473684,0.3684210526315789,0.47368421052631576,0.3684210526315789,0.47368421052631576,0.5789473684210527,0.3157894736842105,0.21052631578947367,0.42105263157894735,0.15789473684210525,0.42105263157894735,0.42105263157894735,0.3684210526315789,0.2631578947368421,0.2631578947368421,0.47368421052631576,0.5263157894736842,0.2631578947368421,0.3684210526315789,0.33684210526315794,0.37368421052631573
serie_a,2019,PAR,0.47368421052631576,0.42105263157894735,0.3157894736842105,0.42105263157894735,0.3684210526315789,0.42105263157894735,0.5789473684210527,0.42105263157894735,0.3157894736842105,0.3157894736842105,0.47368421052631576,0.3684210526315789,0.3684210526315789,0.5263157894736842,0.2631578947368421,0.5789473684210527,0.42105263157894735,0.3157894736842105,0.3684210526315789,0.42105263157894735,0.39473684210526316,0.42105263157894735
serie_a,2019,ROM,0.42105263157894735,0.21052631578947367,0.2631578947368421,0.3684210526315789,0.21052631578947367,0.3157894736842105,0.2631578947368421,0.47368421052631576,0.47368421052631576,0.3157894736842105,0.5789473684210527,0.2631578947368421,0.47368421052631576,0.47368421052631576,0.47368421052631576,0.42105263157894735,0.42105263157894735,0.5263157894736842,0.21052631578947367,0.3684210526315789,0.37894736842105264,0.37368421052631573
serie_a,2019,SAM,0.3684210526315789,0.2631578947368421,0.3157894736842105,0.15789473684210525,0.21052631578947367,0.3684210526315789,0.5263157894736842,0.3157894736842105,0.42105263157894735,0.42105263157894735,0.47368421052631576,0.3684210526315789,0.21052631578947367,0.3684210526315789,0.5263157894736842,0.42105263157894735,0.5263157894736842,0.2631578947368421,0.3157894736842105,0.3684210526315789,0.3894736842105263,0.33157894736842103
serie_a,2019,SAS,0.5263157894736842,0.5263157894736842,0.42105263157894735,0.2631578947368421,0.42105263157894735,0.15789473684210525,0.3157894736842105,0.2631578947368421,0.2631578947368421,0.3157894736842105,0.15789473684210525,0.47368421052631576,0.21052631578947367,0.3157894736842105,0.2631578947368421,0.42105263157894735,0.3684210526315789,0.5263157894736842,0.21052631578947367,0.2631578947368421,0.31578947368421045,0.35263157894736835
serie_a,2019,SPA,0.3157894736842105,0.47368421052631576,0.42105263157894735,0.3157894736842105,0.631578947368421,0.42105263157894735,0.3157894736842105,0.3684210526315789,0.3157894736842105,0.5789473684210527,0.47368421052631576,0.21052631578947367,0.2631578947368421,0.42105263157894735,0.3157894736842105,0.2631578947368421,0.42105263157894735,0.3684210526315789,0.42105263157894735,0.3157894736842105,0.3894736842105263,0.37368421052631573
serie_a,2019,TOR,0.3684210526315789,0.42105263157894735,0.5263157894736842,0.3684210526315789,0.3157894736842105,0.3157894736842105,0.15789473684210525,0.47368421052631576,0.42105263157894735,0.2631578947368421,0.2631578947368421,0.3684210526315789,0.42105263157894735,0.42105263157894735,0.5263157894736842,0.3157894736842105,0.21052631578947367,0.42105263157894735,0.42105263157894735,0.42105263157894735,0.36315789473684207,0.3789473684210526
serie_a,2019,UDI,0.5789473684210527,0.2631578947368421,0.3684210526315789,0.15789473684210525,0.5263157894736842,0.3157894736842105,0.47368421052631576,0.2631578947368421,0.3157894736842105,0.21052631578947367,0.15789473684210525,0.3157894736842105,0.2631578947368421,0.21052631578947367,0.3157894736842105,0.5263157894736842,0.42105263157894735,0.21052631578947367,0.631578947368421,0.42105263157894735,0.4052631578947368,0.2894736842105263
serie_a,2019,VER,0.2631578947368421,0.3157894736842105,0.42105263157894735,0.3157894736842105,0.47368421052631576,0.2631578947368421,0.42105263157894735,0.10526315789473684,0.2631578947368421,0.3157894736842105,0.3684210526315789,0.5789473684210527,0.47368421052631576,0.42105263157894735,0.42105263157894735,0.42105263157894735,0.47368421052631576,0.21052631578947367,0.3684210526315789,0.5263157894736842,0.3947368421052631,0.3473684210526316
serie_a,2020,ATA,0.5263157894736842,0.2631578947368421,0.42105263157894735,0.5789473684210527,0.5263157894736842,0.3684210526315789,0.21052631578947367,0.47368421052631576,0.3684210526315789,0.47368421052631576,0.3684210526315789,0.3157894736842105,0.2631578947368421,0.5789473684210527,0.2631578947368421,0.3684210526315789,0.3157894736842105,0.3684210526315789,0.3157894736842105,0.42105263157894735,0.35789473684210527,0.42105263157894735
serie_a,2020,BEN,0.2631578947368421,0.42105263157894735,0.42105263157894735,0.3684210526315789,0.3684210526315789,0.3684210526315789,0.2631578947368421,0.15789473684210525,0.3684210526315789,0.2631578947368421,0.42105263157894735,0.3684210526315789,0.47368421052631576,0.5263157894736842,0.21052631578947367,0.3157894736842105,0.2631578947368421,0.47368421052631576,0.47368421052631576,0.3684210526315789,0.3526315789473684,0.3631578947368421
serie_a,2020,BOLG,0.42105263157894735,0.5263157894736842,0.2631578947368421,0.42105263157894735,0.2631578947368421,0.2631578947368421,0.42105263157894735,0.5789473684210527,0.3157894736842105,0.42105263157894735,0.5263157894736842,0.3684210526315789,0.47368421052631576,0.3157894736842105,0.42105263157894735,0.5263157894736842,0.2631578947368421,0.15789473684210525,0.3684210526315789,0.47368421052631576,0.37368421052631573,0.4052631578947368
serie_a,2020,CAG,0.21052631578947367,0.47368421052631576,0.2631578947368421,0.2631578947368421,0.5263157894736842,0.3684210526315789,0.42105263157894735,0.2631578947368421,0.2631578947368421,0.3157894736842105,0.3684210526315789,0.2631578947368421,0.5263157894736842,0.21052631578947367,0.3157894736842105,0.2631578947368421,0.42105263157894735,0.10526315789473684,0.3157894736842105,0.3157894736842105,0.36315789473684207,0.2842105263157894
serie_a,2020,CRO,0.15789473684210525,0.47368421052631576,0.3684210526315789,0.3157894736842105,0.21052631578947367,0.3684210526315789,0.3684210526315789,0.5789473684210527,0.42105263157894735,0.42105263157894735,0.3684210526315789,0.3684210526315789,0.3684210526315789,0.3684210526315789,0.2631578947368421,0.47368421052631576,0.42105263157894735,0.47368421052631576,0.3684210526315789,0.42105263157894735,0.33157894736842103,0.42631578947368426
serie_a,2020,FIO,0.3157894736842105,0.47368421052631576,0.21052631578947367,0.3157894736842105,0.47368421052631576,0.5789473684210527,0.42105263157894735,0.21052631578947367,0.3157894736842105,0.42105263157894735,0.47368421052631576,0.47368421052631576,0.47368421052631576,0.3157894736842105,0.2631578947368421,0.5789473684210527,0.3157894736842105,0.42105263157894735,0.3157894736842105,0.3157894736842105,0.35789473684210527,0.41052631578947363
serie_a,2020,GEN,0.42105263157894735,0.3684210526315789,0.47368421052631576,0.5263157894736842,0.42105263157894735,0.3684210526315789,0.47368421052631576,0.3684210526315789,0.5263157894736842,0.3157894736842105,0.42105263157894735,0.21052631578947367,0.15789473684210525,0.2631578947368421,0.2631578947368421,0.3684210526315789,0.3157894736842105,0.47368421052631576,0.3684210526315789,0.3684210526315789,0.38421052631578945,0.36315789473684207
serie_a,2020,INT,0.3157894736842105,0.15789473684210525,0.42105263157894735,0.47368421052631576,0.3684210526315789,0.2631578947368421,0.47368421052631576,0.3157894736842105,0.5263157894736842,0.3157894736842105,0.42105263157894735,0.5263157894736842,0.5263157894736842,0.5263157894736842,0.2631578947368421,0.42105263157894735,0.5263157894736842,0.42105263157894735,0.47368421052631576,0.2631578947368421,0.43157894736842106,0.3684210526315789
serie_a,2020,JUV,0.47368421052631576,0.15789473684210525,0.3684210526315789,0.42105263157894735,0.3157894736842105,0.21052631578947367,0.21052631578947367,0.2631578947368421,0.5263157894736842,0.3157894736842105,0.2631578947368421,0.3157894736842105,0.47368421052631576,0.5263157894736842,0.42105263157894735,0.42105263157894735,0.3157894736842105,0.2631578947368421,0.2631578947368421,0.47368421052631576,0.36315789473684207,0.33684210526315794
serie_a,2020,LAZ,0.2631578947368421,0.3157894736842105,0.3684210526315789,0.21052631578947367,0.42105263157894735,0.42105263157894735,0.47368421052631576,0.3684210526315789,0.47368421052631576,0.47368421052631576,0.3684210526315789,0.3684210526315789,0.42105263157894735,0.3157894736842105,0.42105263157894735,0.21052631578947367,0.42105263157894735,0.42105263157894735,0.3157894736842105,0.3157894736842105,0.39473684210526316,0.34210526315789475
serie_a,2020,MIL,0.2631578947368421,0.42105263157894735,0.5263157894736842,0.5263157894736842,0.2631578947368421,0.10526315789473684,0.21052631578947367,0.5263157894736842,0.2631578947368421,0.2631578947368421,0.47368421052631576,0.42105263157894735,0.3157894736842105,0.3157894736842105,0.47368421052631576,0.47368421052631576,0.5263157894736842,0.2631578947368421,0.631578947368421,0.7368421052631579,0.3947368421052631,0.4052631578947368
serie_a,2020,NAP,0.3157894736842105,0.3684210526315789,0.47368421052631576,0.21052631578947367,0.47368421052631576,0.3684210526315789,0.3157894736842105,0.3157894736842105,0.47368421052631576,0.42105263157894735,0.47368421052631576,0.2631578947368421,0.05263157894736842,0.2631578947368421,0.2631578947368421,0.21052631578947367,0.47368421052631576,0.5263157894736842,0.3684210526315789,0.3157894736842105,0.3684210526315789,0.32631578947368417
serie_a,2020,PAR,0.3684210526315789,0.3157894736842105,0.2631578947368421,0.3684210526315789,0.5263157894736842,0.3684210526315789,0.5263157894736842,0.2631578947368421,0.2631578947368421,0.21052631578947367,0.5263157894736842,0.3684210526315789,0.47368421052631576,0.47368421052631576,0.15789473684210525,0.2631578947368421,0.42105263157894735,0.3157894736842105,0.47368421052631576,0.2631578947368421,0.4,0.32105263157894737
serie_a,2020,ROM,0.3157894736842105,0.3157894736842105,0.3157894736842105,0.3684210526315789,0.3684210526315789,0.5263157894736842,0.2631578947368421,0.47368421052631576,0.21052631578947367,0.21052631578947367,0.21052631578947367,0.42105263157894735,0.21052631578947367,0.5263157894736842,0.3157894736842105,0.3684210526315789,0.3157894736842105,0.42105263157894735,0.05263157894736842,0.3157894736842105,0.2578947368421053,0.39473684210526316
serie_a,2020,SAM,0.3157894736842105,0.3684210526315789,0.3684210526315789,0.2631578947368421,0.2631578947368421,0.47368421052631576,0.42105263157894735,0.2631578947368421,0.42105263157894735,0.42105263157894735,0.3157894736842105,0.15789473684210525,0.42105263157894735,0.47368421052631576,0.42105263157894735,0.5263157894736842,0.15789473684210525,0.15789473684210525,0.47368421052631576,0.2631578947368421,0.35789473684210527,0.3368421052631579
serie_a,2020,SAS,0.3684210526315789,0.3157894736842105,0.2631578947368421,0.3157894736842105,0.47368421052631576,0.47368421052631576,0.42105263157894735,0.2631578947368421,0.2631578947368421,0.42105263157894735,0.47368421052631576,0.42105263157894735,0.3157894736842105,0.3157894736842105,0.3684210526315789,0.42105263157894735,0.3157894736842105,0.3684210526315789,0.2631578947368421,0.3157894736842105,0.3526315789473684,0.36315789473684207
serie_a,2020,SPE,0.3157894736842105,0.3157894736842105,0.15789473684210525,0.3157894736842105,0.2631578947368421,0.5263157894736842,0.5263157894736842,0.2631578947368421,0.3157894736842105,0.3684210526315789,0.3157894736842105,0.3684210526315789,0.3157894736842105,0.2631578947368421,0.2631578947368421,0.3157894736842105,0.47368421052631576,0.47368421052631576,0.42105263157894735,0.42105263157894735,0.33684210526315794,0.3631578947368421
serie_a,2020,TOR,0.2631578947368421,0.3684210526315789,0.2631578947368421,0.47368421052631576,0.3157894736842105,0.3157894736842105,0.42105263157894735,0.47368421052631576,0.3157894736842105,0.5263157894736842,0.3684210526315789,0.5789473684210527,0.5263157894736842,0.3684210526315789,0.42105263157894735,0.21052631578947367,0.2631578947368421,0.3157894736842105,0.42105263157894735,0.21052631578947367,0.3578947368421052,0.38421052631578945
serie_a,2020,UDI,0.3684210526315789,0.3684210526315789,0.47368421052631576,0.21052631578947367,0.3157894736842105,0.42105263157894735,0.21052631578947367,0.42105263157894735,0.21052631578947367,0.3157894736842105,0.2631578947368421,0.2631578947368421,0.3684210526315789,0.3157894736842105,0.3157894736842105,0.3157894736842105,0.2631578947368421,0.42105263157894735,0.5263157894736842,0.3684210526315789,0.33157894736842103,0.34210526315789475
serie_a,2020,VER,0.5789473684210527,0.3684210526315789,0.3684210526315789,0.3684210526315789,0.5263157894736842,0.3157894736842105,0.3157894736842105,0.21052631578947367,0.2631578947368421,0.5263157894736842,0.2631578947368421,0.15789473684210525,0.47368421052631576,0.2631578947368421,0.3157894736842105,0.15789473684210525,0.3684210526315789,0.2631578947368421,0.42105263157894735,0.3684210526315789,0.3894736842105263,0.29999999999999993
serie_a,2021,ATA,0.3157894736842105,0.47368421052631576,0.2631578947368421,0.3157894736842105,0.3684210526315789,0.3157894736842105,0.42105263157894735,0.5263157894736842,0.3684210526315789,0.42105263157894735,0.3157894736842105,0.3684210526315789,0.3684210526315789,0.42105263157894735,0.42105263157894735,0.21052631578947367,0.42105263157894735,0.2631578947368421,0.3684210526315789,0.3157894736842105,0.36315789473684207,0.36315789473684207
serie_a,2021,BOLG,0.5263157894736842,0.5263157894736842,0.47368421052631576,0.42105263157894735,0.5263157894736842,0.3684210526315789,0.21052631578947367,0.3157894736842105,0.47368421052631576,0.21052631578947367,0.2631578947368421,0.42105263157894735,0.3157894736842105,0.3157894736842105,0.2631578947368421,0.15789473684210525,0.2631578947368421,0.3157894736842105,0.3684210526315789,0.5263157894736842,0.3684210526315789,0.3578947368421052
serie_a,2021,CAG,0.3684210526315789,0.10526315789473684,0.3684210526315789,0.15789473684210525,0.3684210526315789,0.42105263157894735,0.47368421052631576,0.3157894736842105,0.3684210526315789,0.3684210526315789,0.3684210526315789,0.3157894736842105,0.47368421052631576,0.2631578947368421,0.47368421052631576,0.42105263157894735,0.3157894736842105,0.21052631578947367,0.631578947368421,0.3684210526315789,0.42105263157894735,0.2947368421052631
serie_a,2021,EMP,0.15789473684210525,0.3157894736842105,0.2631578947368421,0.47368421052631576,0.5789473684210527,0.47368421052631576,0.21052631578947367,0.42105263157894735,0.3157894736842105,0.3157894736842105,0.3157894736842105,0.3684210526315789,0.47368421052631576,0.42105263157894735,0.3157894736842105,0.3684210526315789,0.47368421052631576,0.3157894736842105,0.3684210526315789,0.5789473684210527,0.3473684210526316,0.4052631578947368
serie_a,2021,FIO,0.3157894736842105,0.3684210526315789,0.631578947368421,0.3684210526315789,0.3157894736842105,0.3684210526315789,0.3157894736842105,0.47368421052631576,0.21052631578947367,0.5263157894736842,0.5789473684210527,0.3157894736842105,0.3684210526315789,0.3684210526315789,0.3684210526315789,0.42105263157894735,0.15789473684210525,0.47368421052631576,0.3157894736842105,0.2631578947368421,0.35789473684210527,0.39473684210526316
serie_a,2021,GEN,0.21052631578947367,0.2631578947368421,0.47368421052631576,0.2631578947368421,0.3684210526315789,0.3157894736842105,0.2631578947368421,0.21052631578947367,0.21052631578947367,0.2631578947368421,0.42105263157894735,0.47368421052631576,0.3684210526315789,0.42105263157894735,0.3157894736842105,0.5263157894736842,0.47368421052631576,0.42105263157894735,0.3157894736842105,0.21052631578947367,0.34210526315789475,0.3368421052631579
serie_a,2021,INT,0.3157894736842105,0.3157894736842105,0.3684210526315789,0.3157894736842105,0.47368421052631576,0.3684210526315789,0.3157894736842105,0.47368421052631576,0.2631578947368421,0.2631578947368421,0.3157894736842105,0.2631578947368421,0.3684210526315789,0.21052631578947367,0.42105263157894735,0.5789473684210527,0.2631578947368421,0.3157894736842105,0.3157894736842105,0.47368421052631576,0.34210526315789475,0.3578947368421053
serie_a,2021,JUV,0.3684210526315789,0.5263157894736842,0.42105263157894735,0.5789473684210527,0.3684210526315789,0.2631578947368421,0.47368421052631576,0.3684210526315789,0.3684210526315789,0.3684210526315789,0.15789473684210525,0.3157894736842105,0.3684210526315789,0.3684210526315789,0.631578947368421,0.3157894736842105,0.5263157894736842,0.42105263157894735,0.15789473684210525,0.3684210526315789,0.38421052631578945,0.38947368421052625
serie_a,2021,LAZ,0.3684210526315789,0.3684210526315789,0.47368421052631576,0.5263157894736842,0.2631578947368421,0.5789473684210527,0.5263157894736842,0.47368421052631576,0.5263157894736842,0.2631578947368421,0.47368421052631576,0.47368421052631576,0.5789473684210527,0.2631578947368421,0.42105263157894735,0.3157894736842105,0.42105263157894735,0.47368421052631576,0.47368421052631576,0.47368421052631576,0.4526315789473684,0.42105263157894735
serie_a,2021,MIL,0.2631578947368421,0.5789473684210527,0.47368421052631576,0.2631578947368421,0.2631578947368421,0.15789473684210525,0.3157894736842105,0.42105263157894735,0.21052631578947367,0.42105263157894735,0.3157894736842105,0.3157894736842105,0.3157894736842105,0.47368421052631576,0.3684210526315789,0.5263157894736842,0.3157894736842105,0.21052631578947367,0.3157894736842105,0.5263157894736842,0.3157894736842105,0.3894736842105263
serie_a,2021,NAP,0.42105263157894735,0.2631578947368421,0.21052631578947367,0.3684210526315789,0.5789473684210527,0.3684210526315789,0.21052631578947367,0.3684210526315789,0.3684210526315789,0.5263157894736842,0.3684210526315789,0.5263157894736842,0.3157894736842105,0.2631578947368421,0.47368421052631576,0.3157894736842105,0.2631578947368421,0.42105263157894735,0.42105263157894735,0.42105263157894735,0.36315789473684207,0.38421052631578945
serie_a,2021,ROM,0.2631578947368421,0.3684210526315789,0.21052631578947367,0.42105263157894735,0.15789473684210525,0.47368421052631576,0.631578947368421,0.42105263157894735,0.3157894736842105,0.42105263157894735,0.47368421052631576,0.3157894736842105,0.3157894736842105,0.47368421052631576,0.3157894736842105,0.42105263157894735,0.3684210526315789,0.42105263157894735,0.3684210526315789,0.5789473684210527,0.3421052631578947,0.43157894736842106
serie_a,2021,SAL,0.10526315789473684,0.2631578947368421,0.3157894736842105,0.3684210526315789,0.5789473684210527,0.21052631578947367,0.3157894736842105,0.3684210526315789,0.2631578947368421,0.47368421052631576,0.15789473684210525,0.10526315789473684,0.21052631578947367,0.42105263157894735,0.3157894736842105,0.5789473684210527,0.21052631578947367,0.47368421052631576,0.3157894736842105,0.42105263157894735,0.27894736842105267,0.368421052631579
serie_a,2021,SAM,0.47368421052631576,0.42105263157894735,0.3157894736842105,0.3684210526315789,0.47368421052631576,0.21052631578947367,0.3157894736842105,0.3684210526315789,0.42105263157894735,0.42105263157894735,0.42105263157894735,0.2631578947368421,0.42105263157894735,0.47368421052631576,0.3684210526315789,0.21052631578947367,0.47368421052631576,0.21052631578947367,0.631578947368421,0.15789473684210525,0.43157894736842106,0.31052631578947365
serie_a,2021,SAS,0.42105263157894735,0.5789473684210527,0.3157894736842105,0.2631578947368421,0.47368421052631576,0.42105263157894735,0.5789473684210527,0.3684210526315789,0.631578947368421,0.2631578947368421,0.21052631578947367,0.3157894736842105,0.42105263157894735,0.3684210526315789,0.3684210526315789,0.15789473684210525,0.5263157894736842,0.47368421052631576,0.21052631578947367,0.3157894736842105,0.41578947368421043,0.3526315789473684
serie_a,2021,SPE,0.3684210526315789,0.2631578947368421,0.3684210526315789,0.5263157894736842,0.47368421052631576,0.5263157894736842,0.3684210526315789,0.2631578947368421,0.3157894736842105,0.3157894736842105,0.2631578947368421,0.42105263157894735,0.3157894736842105,0.3157894736842105,0.3684210526315789,0.47368421052631576,0.47368421052631576,0.47368421052631576,0.3157894736842105,0.3684210526315789,0.3631578947368421,0.39473684210526316
serie_a,2021,TOR,0.3684210526315789,0.21052631578947367,0.5789473684210527,0.2631578947368421,0.42105263157894735,0.3684210526315789,0.2631578947368421,0.6842105263157895,0.42105263157894735,0.42105263157894735,0.3684210526315789,0.3684210526315789,0.3157894736842105,0.42105263157894735,0.3157894736842105,0.42105263157894735,0.21052631578947367,0.2631578947368421,0.3684210526315789,0.42105263157894735,0.363157894736842,0.38421052631578945
serie_a,2021,UDI,0.5789473684210527,0.2631578947368421,0.3157894736842105,0.47368421052631576,0.2631578947368421,0.5263157894736842,0.5263157894736842,0.3157894736842105,0.21052631578947367,0.47368421052631576,0.42105263157894735,0.2631578947368421,0.21052631578947367,0.3157894736842105,0.3684210526315789,0.3157894736842105,0.2631578947368421,0.2631578947368421,0.42105263157894735,0.3684210526315789,0.3578947368421052,0.3578947368421052
serie_a,2021,VEN,0.42105263157894735,0.3157894736842105,0.5263157894736842,0.631578947368421,0.3157894736842105,0.3157894736842105,0.47368421052631576,0.3157894736842105,0.3684210526315789,0.3157894736842105,0.42105263157894735,0.5789473684210527,0.42105263157894735,0.21052631578947367,0.3157894736842105,0.15789473684210525,0.42105263157894735,0.3684210526315789,0.3157894736842105,0.3157894736842105,0.4,0.3526315789473684
serie_a,2021,VER,0.5263157894736842,0.15789473684210525,0.3157894736842105,0.21052631578947367,0.3684210526315789,0.3684210526315789,0.3157894736842105,0.47368421052631576,0.631578947368421,0.3684210526315789,0.2631578947368421,0.10526315789473684,0.3684210526315789,0.3684210526315789,0.47368421052631576,0.3157894736842105,0.3684210526315789,0.3157894736842105,0.42105263157894735,0.5789473684210527,0.4052631578947368,0.3263157894736842
serie_a,2022,ATA,0.47368421052631576,0.2631578947368421,0.5263157894736842,0.3157894736842105,0.47368421052631576,0.2631578947368421,0.3684210526315789,0.47368421052631576,0.42105263157894735,0.15789473684210525,0.21052631578947367,0.3157894736842105,0.42105263157894735,0.3157894736842105,0.3684210526315789,0.21052631578947367,0.42105263157894735,0.3684210526315789,0.42105263157894735,0.5263157894736842,0.41052631578947363,0.32105263157894737
serie_a,2022,BOLG,0.21052631578947367,0.2631578947368421,0.21052631578947367,0.3684210526315789,0.47368421052631576,0.5789473684210527,0.42105263157894735,0.2631578947368421,0.5263157894736842,0.3157894736842105,0.21052631578947367,0.3684210526315789,0.21052631578947367,0.3684210526315789,0.3157894736842105,0.21052631578947367,0.42105263157894735,0.15789473684210525,0.3684210526315789,0.3684210526315789,0.33684210526315783,0.32631578947368417
serie_a,2022,CRE,0.5789473684210527,0.47368421052631576,0.47368421052631576,0.42105263157894735,0.10526315789473684,0.631578947368421,0.21052631578947367,0.47368421052631576,0.42105263157894735,0.21052631578947367,0.3157894736842105,0.3684210526315789,0.3157894736842105,0.3157894736842105,0.3157894736842105,0.3684210526315789,0.42105263157894735,0.2631578947368421,0.3684210526315789,0.631578947368421,0.35263157894736835,0.41578947368421043
serie_a,2022,EMP,0.47368421052631576,0.3157894736842105,0.3157894736842105,0.2631578947368421,0.3157894736842105,0.47368421052631576,0.15789473684210525,0.42105263157894735,0.21052631578947367,0.3684210526315789,0.2631578947368421,0.3157894736842105,0.3157894736842105,0.42105263157894735,0.21052631578947367,0.3157894736842105,0.631578947368421,0.3684210526315789,0.47368421052631576,0.3684210526315789,0.3368421052631579,0.363157894736842
serie_a,2022,FIO,0.21052631578947367,0.42105263157894735,0.21052631578947367,0.3157894736842105,0.2631578947368421,0.3684210526315789,0.47368421052631576,0.47368421052631576,0.47368421052631576,0.21052631578947367,0.3157894736842105,0.21052631578947367,0.5263157894736842,0.42105263157894735,0.3157894736842105,0.42105263157894735,0.42105263157894735,0.3157894736842105,0.3684210526315789,0.21052631578947367,0.35789473684210527,0.3368421052631579
serie_a,2022,INT,0.3684210526315789,0.42105263157894735,0.47368421052631576,0.3157894736842105,0.3157894736842105,0.3157894736842105,0.21052631578947367,0.3684210526315789,0.47368421052631576,0.3684210526315789,0.5263157894736842,0.42105263157894735,0.47368421052631576,0.3684210526315789,0.15789473684210525,0.3684210526315789,0.3684210526315789,0.3157894736842105,0.3157894736842105,0.2631578947368421,0.3684210526315789,0.3526315789473684
serie_a,2022,JUV,0.21052631578947367,0.3684210526315789,0.47368421052631576,0.47368421052631576,0.2631578947368421,0.47368421052631576,0.42105263157894735,0.3684210526315789,0.5263157894736842,0.3684210526315789,0.3157894736842105,0.47368421052631576,0.42105263157894735,0.47368421052631576,0.2631578947368421,0.21052631578947367,0.5263157894736842,0.5789473684210527,0.3157894736842105,0.3157894736842105,0.37368421052631573,0.41052631578947363
serie_a,2022,LAZ,0.3157894736842105,0.47368421052631576,0.2631578947368421,0.2631578947368421,0.42105263157894735,0.10526315789473684,0.47368421052631576,0.47368421052631576,0.5263157894736842,0.5263157894736842,0.5789473684210527,0.3157894736842105,0.42105263157894735,0.05263157894736842,0.21052631578947367,0.47368421052631576,0.3684210526315789,0.2631578947368421,0.3684210526315789,0.42105263157894735,0.3947368421052631,0.3368421052631579
serie_a,2022,LEC,0.15789473684210525,0.42105263157894735,0.42105263157894735,0.5263157894736842,0.42105263157894735,0.3157894736842105,0.21052631578947367,0.2631578947368421,0.2631578947368421,0.2631578947368421,0.2631578947368421,0.47368421052631576,0.21052631578947367,0.3157894736842105,0.2631578947368421,0.3157894736842105,0.42105263157894735,0.42105263157894735,0.42105263157894735,0.42105263157894735,0.3052631578947368,0.37368421052631573
serie_a,2022,MIL,0.5263157894736842,0.2631578947368421,0.7894736842105263,0.3157894736842105,0.2631578947368421,0.3684210526315789,0.3684210526315789,0.21052631578947367,0.21052631578947367,0.42105263157894735,0.5789473684210527,0.3684210526315789,0.47368421052631576,0.42105263157894735,0.5789473684210527,0.47368421052631576,0.3157894736842105,0.47368421052631576,0.3157894736842105,0.3157894736842105,0.4421052631578948,0.3631578947368421
serie_a,2022,MON,0.42105263157894735,0.3684210526315789,0.47368421052631576,0.5263157894736842,0.3684210526315789,0.42105263157894735,0.21052631578947367,0.3684210526315789,0.21052631578947367,0.47368421052631576,0.2631578947368421,0.42105263157894735,0.3684210526315789,0.42105263157894735,0.15789473684210525,0.3157894736842105,0.3684210526315789,0.42105263157894735,0.3684210526315789,0.3157894736842105,0.32105263157894737,0.4052631578947368
serie_a,2022,NAP,0.42105263157894735,0.5263157894736842,0.47368421052631576,0.2631578947368421,0.3684210526315789,0.5263157894736842,0.3157894736842105,0.3157894736842105,0.47368421052631576,0.2631578947368421,0.2631578947368421,0.47368421052631576,0.42105263157894735,0.47368421052631576,0.3157894736842105,0.2631578947368421,0.2631578947368421,0.3684210526315789,0.3684210526315789,0.47368421052631576,0.36842105263157887,0.39473684210526316
serie_a,2022,ROM,0.3684210526315789,0.42105263157894735,0.47368421052631576,0.3157894736842105,0.15789473684210525,0.47368421052631576,0.3684210526315789,0.2631578947368421,0.3684210526315789,0.3157894736842105,0.21052631578947367,0.2631578947368421,0.2631578947368421,0.5263157894736842,0.42105263157894735,0.42105263157894735,0.42105263157894735,0.2631578947368421,0.5789473684210527,0.3157894736842105,0.36315789473684207,0.35789473684210527
serie_a,2022,SAL,0.3684210526315789,0.42105263157894735,0.3157894736842105,0.47368421052631576,0.47368421052631576,0.15789473684210525,0.47368421052631576,0.42105263157894735,0.3684210526315789,0.5789473684210527,0.42105263157894735,0.3157894736842105,0.21052631578947367,0.3684210526315789,0.47368421052631576,0.5789473684210527,0.47368421052631576,0.15789473684210525,0.3684210526315789,0.3684210526315789,0.3947368421052631,0.38421052631578945
serie_a,2022,SAM,0.42105263157894735,0.3684210526315789,0.42105263157894735,0.15789473684210525,0.21052631578947367,0.2631578947368421,0.2631578947368421,0.631578947368421,0.3684210526315789,0.5263157894736842,0.3684210526315789,0.5263157894736842,0.42105263157894735,0.47368421052631576,0.42105263157894735,0.3157894736842105,0.47368421052631576,0.3157894736842105,0.3684210526315789,0.42105263157894735,0.37368421052631573,0.4
serie_a,2022,SAS,0.5263157894736842,0.5263157894736842,0.2631578947368421,0.42105263157894735,0.2631578947368421,0.3157894736842105,0.3157894736842105,0.5789473684210527,0.5263157894736842,0.42105263157894735,0.3684210526315789,0.3157894736842105,0.42105263157894735,0.3157894736842105,0.3684210526315789,0.5789473684210527,0.42105263157894735,0.3684210526315789,0.47368421052631576,0.3157894736842105,0.39473684210526316,0.41578947368421054
serie_a,2022,SPE,0.21052631578947367,0.15789473684210525,0.3157894736842105,0.3157894736842105,0.42105263157894735,0.47368421052631576,0.5789473684210527,0.3157894736842105,0.5263157894736842,0.47368421052631576,0.3684210526315789,0.3157894736842105,0.3684210526315789,0.47368421052631576,0.3157894736842105,0.3157894736842105,0.3684210526315789,0.2631578947368421,0.21052631578947367,0.3684210526315789,0.36842105263157887,0.34736842105263155
serie_a,2022,TOR,0.3157894736842105,0.3157894736842105,0.15789473684210525,0.2631578947368421,0.3684210526315789,0.2631578947368421,0.3157894736842105,0.3157894736842105,0.42105263157894735,0.21052631578947367,0.47368421052631576,0.3157894736842105,0.42105263157894735,0.3684210526315789,0.3157894736842105,0.42105263157894735,0.2631578947368421,0.3157894736842105,0.42105263157894735,0.42105263157894735,0.3473684210526315,0.32105263157894737
serie_a,2022,UDI,0.3157894736842105,0.2631578947368421,0.21052631578947367,0.5789473684210527,0.5263157894736842,0.21052631578947367,0.47368421052631576,0.21052631578947367,0.3157894736842105,0.3684210526315789,0.47368421052631576,0.3684210526315789,0.47368421052631576,0.3157894736842105,0.47368421052631576,0.2631578947368421,0.10526315789473684,0.42105263157894735,0.47368421052631576,0.3157894736842105,0.38421052631578945,0.3315789473684211
serie_a,2022,VER,0.3684210526315789,0.631578947368421,0.3684210526315789,0.47368421052631576,0.47368421052631576,0.3684210526315789,0.2631578947368421,0.42105263157894735,0.15789473684210525,0.3684210526315789,0.42105263157894735,0.3157894736842105,0.2631578947368421,0.3684210526315789,0.42105263157894735,0.21052631578947367,0.21052631578947367,0.3684210526315789,0.5789473684210527,0.3157894736842105,0.35263157894736835,0.38421052631578945
serie_a,2023,ATA,0.47368421052631576,0.3157894736842105,0.3157894736842105,0.42105263157894735,0.3684210526315789,0.47368421052631576,0.3684210526315789,0.2631578947368421,0.2631578947368421,0.3684210526315789,0.42105263157894735,0.47368421052631576,0.21052631578947367,0.5789473684210527,0.3684210526315789,0.42105263157894735,0.3157894736842105,0.47368421052631576,0.42105263157894735,0.631578947368421,0.3526315789473684,0.4421052631578948
serie_a,2023,BOLG,0.5263157894736842,0.42105263157894735,0.47368421052631576,0.15789473684210525,0.3157894736842105,0.2631578947368421,0.3684210526315789,0.42105263157894735,0.15789473684210525,0.3684210526315789,0.47368421052631576,0.3684210526315789,0.47368421052631576,0.21052631578947367,0.3684210526315789,0.15789473684210525,0.3684210526315789,0.5263157894736842,0.42105263157894735,0.3684210526315789,0.39473684210526316,0.32631578947368417
serie_a,2023,CAG,0.21052631578947367,0.3684210526315789,0.2631578947368421,0.10526315789473684,0.3684210526315789,0.42105263157894735,0.15789473684210525,0.47368421052631576,0.47368421052631576,0.3157894736842105,0.3684210526315789,0.5789473684210527,0.15789473684210525,0.5789473684210527,0.3684210526315789,0.5789473684210527,0.42105263157894735,0.3684210526315789,0.3684210526315789,0.3684210526315789,0.3157894736842105,0.41578947368421054
serie_a,2023,EMP,0.3684210526315789,0.3157894736842105,0.3157894736842105,0.3684210526315789,0.3157894736842105,0.3157894736842105,0.5789473684210527,0.3684210526315789,0.47368421052631576,0.2631578947368421,0.631578947368421,0.2631578947368421,0.42105263157894735,0.3157894736842105,0.2631578947368421,0.3684210526315789,0.05263157894736842,0.42105263157894735,0.42105263157894735,0.42105263157894735,0.38421052631578945,0.3421052631578947
serie_a,2023,FIO,0.3157894736842105,0.3157894736842105,0.3684210526315789,0.42105263157894735,0.15789473684210525,0.3684210526315789,0.47368421052631576,0.2631578947368421,0.21052631578947367,0.47368421052631576,0.2631578947368421,0.5789473684210527,0.3684210526315789,0.47368421052631576,0.2631578947368421,0.47368421052631576,0.631578947368421,0.42105263157894735,0.15789473684210525,0.47368421052631576,0.32105263157894737,0.42631578947368415
serie_a,2023,FRO,0.21052631578947367,0.3684210526315789,0.2631578947368421,0.3684210526315789,0.47368421052631576,0.21052631578947367,0.21052631578947367,0.42105263157894735,0.47368421052631576,0.3684210526315789,0.42105263157894735,0.3157894736842105,0.21052631578947367,0.3157894736842105,0.47368421052631576,0.21052631578947367,0.3684210526315789,0.2631578947368421,0.3684210526315789,0.3684210526315789,0.3473684210526315,0.3210526315789473
serie_a,2023,GEN,0.3684210526315789,0.42105263157894735,0.21052631578947367,0.2631578947368421,0.3684210526315789,0.3157894736842105,0.42105263157894735,0.42105263157894735,0.3157894736842105,0.5789473684210527,0.42105263157894735,0.2631578947368421,0.3684210526315789,0.3157894736842105,0.47368421052631576,0.3684210526315789,0.2631578947368421,0.3157894736842105,0.3684210526315789,0.42105263157894735,0.35789473684210527,0.3684210526315789
serie_a,2023,INT,0.5263157894736842,0.47368421052631576,0.3157894736842105,0.47368421052631576,0.2631578947368421,0.631578947368421,0.42105263157894735,0.47368421052631576,0.5263157894736842,0.2631578947368421,0.2631578947368421,0.3157894736842105,0.42105263157894735,0.2631578947368421,0.42105263157894735,0.2631578947368421,0.5263157894736842,0.42105263157894735,0.2631578947368421,0.47368421052631576,0.39473684210526316,0.4052631578947368
serie_a,2023,JUV,0.47368421052631576,0.47368421052631576,0.2631578947368421,0.3684210526315789,0.47368421052631576,0.2631578947368421,0.2631578947368421,0.47368421052631576,0.5789473684210527,0.2631578947368421,0.2631578947368421,0.3157894736842105,0.3157894736842105,0.10526315789473684,0.47368421052631576,0.3684210526315789,0.3157894736842105,0.47368421052631576,0.2631578947368421,0.21052631578947367,0.3684210526315789,0.3315789473684211
serie_a,2023,LAZ,0.47368421052631576,0.5789473684210527,0.5263157894736842,0.3684210526315789,0.3684210526315789,0.47368421052631576,0.3684210526315789,0.21052631578947367,0.47368421052631576,0.15789473684210525,0.2631578947368421,0.3157894736842105,0.42105263157894735,0.21052631578947367,0.47368421052631576,0.21052631578947367,0.3157894736842105,0.3157894736842105,0.42105263157894735,0.42105263157894735,0.41052631578947363,0.3263157894736842
serie_a,2023,LEC,0.3684210526315789,0.47368421052631576,0.21052631578947367,0.10526315789473684,0.05263157894736842,0.42105263157894735,0.2631578947368421,0.2631578947368421,0.21052631578947367,0.3684210526315789,0.3157894736842105,0.10526315789473684,0.3684210526315789,0.2631578947368421,0.15789473684210525,0.3684210526315789,0.21052631578947367,0.3684210526315789,0.47368421052631576,0.3684210526315789,0.26315789473684215,0.31052631578947365
serie_a,2023,MIL,0.42105263157894735,0.42105263157894735,0.42105263157894735,0.3157894736842105,0.21052631578947367,0.3157894736842105,0.47368421052631576,0.5789473684210527,0.5263157894736842,0.3157894736842105,0.42105263157894735,0.42105263157894735,0.3684210526315789,0.3157894736842105,0.3157894736842105,0.3157894736842105,0.3684210526315789,0.2631578947368421,0.42105263157894735,0.5263157894736842,0.3947368421052631,0.3789473684210526
serie_a,2023,MON,0.3157894736842105,0.2631578947368421,0.6842105263157895,0.3684210526315789,0.42105263157894735,0.47368421052631576,0.3157894736842105,0.3157894736842105,0.47368421052631576,0.5789473684210527,0.3684210526315789,0.3157894736842105,0.5263157894736842,0.42105263157894735,0.2631578947368421,0.3157894736842105,0.3684210526315789,0.2631578947368421,0.3157894736842105,0.3157894736842105,0.4052631578947368,0.36315789473684207
serie_a,2023,NAP,0.3157894736842105,0.2631578947368421,0.15789473684210525,0.47368421052631576,0.5789473684210527,0.42105263157894735,0.42105263157894735,0.3157894736842105,0.10526315789473684,0.3684210526315789,0.42105263157894735,0.5263157894736842,0.3684210526315789,0.3157894736842105,0.3684210526315789,0.42105263157894735,0.47368421052631576,0.5263157894736842,0.5263157894736842,0.2631578947368421,0.37368421052631573,0.38947368421052625
serie_a,2023,ROM,0.5789473684210527,0.3684210526315789,0.3684210526315789,0.3684210526315789,0.42105263157894735,0.42105263157894735,0.3684210526315789,0.3157894736842105,0.42105263157894735,0.3684210526315789,0.3157894736842105,0.3684210526315789,0.2631578947368421,0.47368421052631576,0.47368421052631576,0.15789473684210525,0.3684210526315789,0.42105263157894735,0.2631578947368421,0.5263157894736842,0.38421052631578945,0.3789473684210526
serie_a,2023,SAL,0.2631578947368421,0.42105263157894735,0.42105263157894735,0.3157894736842105,0.42105263157894735,0.3157894736842105,0.3157894736842105,0.5263157894736842,0.15789473684210525,0.3684210526315789,0.3684210526315789,0.47368421052631576,0.3684210526315789,0.2631578947368421,0.42105263157894735,0.3157894736842105,0.7368421052631579,0.21052631578947367,0.3157894736842105,0.15789473684210525,0.37894736842105264,0.3368421052631579
serie_a,2023,SAS,0.3684210526315789,0.47368421052631576,0.05263157894736842,0.5789473684210527,0.5789473684210527,0.3684210526315789,0.15789473684210525,0.3157894736842105,0.42105263157894735,0.15789473684210525,0.3157894736842105,0.3157894736842105,0.3157894736842105,0.3157894736842105,0.3157894736842105,0.42105263157894735,0.3684210526315789,0.3684210526315789,0.3684210526315789,0.3684210526315789,0.32631578947368417,0.36842105263157887
serie_a,2023,TOR,0.3684210526315789,0.2631578947368421,0.5263157894736842,0.5263157894736842,0.3684210526315789,0.42105263157894735,0.2631578947368421,0.21052631578947367,0.21052631578947367,0.5263157894736842,0.42105263157894735,0.21052631578947367,0.5789473684210527,0.3684210526315789,0.5789473684210527,0.3157894736842105,0.3157894736842105,0.3684210526315789,0.3157894736842105,0.3684210526315789,0.39473684210526316,0.3578947368421052
serie_a,2023,UDI,0.47368421052631576,0.3684210526315789,0.3684210526315789,0.47368421052631576,0.2631578947368421,0.15789473684210525,0.3157894736842105,0.3684210526315789,0.3684210526315789,0.2631578947368421,0.3157894736842105,0.3684210526315789,0.42105263157894735,0.3157894736842105,0.3157894736842105,0.21052631578947367,0.3157894736842105,0.3684210526315789,0.47368421052631576,0.15789473684210525,0.3631578947368421,0.3052631578947368
serie_a,2023,VER,0.47368421052631576,0.3157894736842105,0.2631578947368421,0.42105263157894735,0.47368421052631576,0.42105263157894735,0.3157894736842105,0.2631578947368421,0.42105263157894735,0.3157894736842105,0.3684210526315789,0.3157894736842105,0.3157894736842105,0.47368421052631576,0.3157894736842105,0.3157894736842105,0.3684210526315789,0.42105263157894735,0.3157894736842105,0.47368421052631576,0.36315789473684207,0.3736842105263158
serie_a,2024,ATA,0.3157894736842105,0.47368421052631576,0.15789473684210525,0.5263157894736842,0.47368421052631576,0.2631578947368421,0.3684210526315789,0.3684210526315789,0.3157894736842105,0.21052631578947367,0.5263157894736842,0.3684210526315789,0.21052631578947367,0.42105263157894735,0.3684210526315789,0.3684210526315789,0.5263157894736842,0.2631578947368421,0.2631578947368421,0.3157894736842105,0.35263157894736835,0.35789473684210527
serie_a,2024,BOLG,0.42105263157894735,0.47368421052631576,0.3157894736842105,0.3684210526315789,0.10526315789473684,0.42105263157894735,0.47368421052631576,0.42105263157894735,0.3684210526315789,0.42105263157894735,0.42105263157894735,0.42105263157894735,0.5789473684210527,0.3157894736842105,0.21052631578947367,0.3157894736842105,0.21052631578947367,0.3684210526315789,0.3157894736842105,0.42105263157894735,0.3421052631578948,0.39473684210526316
serie_a,2024,CAG,0.2631578947368421,0.42105263157894735,0.5263157894736842,0.15789473684210525,0.3684210526315789,0.3157894736842105,0.42105263157894735,0.3684210526315789,0.2631578947368421,0.3684210526315789,0.42105263157894735,0.42105263157894735,0.47368421052631576,0.3157894736842105,0.3157894736842105,0.42105263157894735,0.2631578947368421,0.5263157894736842,0.2631578947368421,0.42105263157894735,0.3578947368421052,0.37368421052631573
serie_a,2024,COM,0.3157894736842105,0.2631578947368421,0.5263157894736842,0.5263157894736842,0.42105263157894735,0.15789473684210525,0.42105263157894735,0.3157894736842105,0.3684210526315789,0.47368421052631576,0.3157894736842105,0.42105263157894735,0.15789473684210525,0.2631578947368421,0.47368421052631576,0.42105263157894735,0.5789473684210527,0.3684210526315789,0.3157894736842105,0.3684210526315789,0.3894736842105263,0.3578947368421052
serie_a,2024,EMP,0.42105263157894735,0.3684210526315789,0.5263157894736842,0.42105263157894735,0.47368421052631576,0.47368421052631576,0.47368421052631576,0.2631578947368421,0.2631578947368421,0.2631578947368421,0.5263157894736842,0.631578947368421,0.3157894736842105,0.42105263157894735,0.3157894736842105,0.42105263157894735,0.42105263157894735,0.5789473684210527,0.2631578947368421,0.5789473684210527,0.4,0.44210526315789467
serie_a,2024,FIO,0.21052631578947367,0.5263157894736842,0.42105263157894735,0.3157894736842105,0.3684210526315789,0.21052631578947367,0.47368421052631576,0.21052631578947367,0.3684210526315789,0.2631578947368421,0.3157894736842105,0.3684210526315789,0.47368421052631576,0.21052631578947367,0.3157894736842105,0.47368421052631576,0.47368421052631576,0.42105263157894735,0.3684210526315789,0.3684210526315789,0.3789473684210526,0.33684210526315783
serie_a,2024,GEN,0.3684210526315789,0.21052631578947367,0.42105263157894735,0.42105263157894735,0.3157894736842105,0.3684210526315789,0.2631578947368421,0.3157894736842105,0.5263157894736842,0.42105263157894735,0.3157894736842105,0.2631578947368421,0.47368421052631576,0.3684210526315789,0.631578947368421,0.10526315789473684,0.47368421052631576,0.47368421052631576,0.5263157894736842,0.42105263157894735,0.43157894736842106,0.3368421052631579
serie_a,2024,INT,0.3157894736842105,0.2631578947368421,0.47368421052631576,0.2631578947368421,0.15789473684210525,0.42105263157894735,0.15789473684210525,0.42105263157894735,0.5263157894736842,0.47368421052631576,0.3157894736842105,0.47368421052631576,0.2631578947368421,0.5263157894736842,0.3684210526315789,0.21052631578947367,0.10526315789473684,0.42105263157894735,0.47368421052631576,0.3684210526315789,0.3157894736842105,0.38421052631578945
serie_a,2024,JUV,0.15789473684210525,0.2631578947368421,0.3684210526315789,0.42105263157894735,0.631578947368421,0.2631578947368421,0.42105263157894735,0.42105263157894735,0.5263157894736842,0.47368421052631576,0.21052631578947367,0.42105263157894735,0.42105263157894735,0.42105263157894735,0.5263157894736842,0.47368421052631576,0.2631578947368421,0.5263157894736842,0.3684210526315789,0.3157894736842105,0.3894736842105263,0.39999999999999997
serie_a,2024,LAZ,0.3157894736842105,0.3157894736842105,0.15789473684210525,0.3157894736842105,0.3157894736842105,0.21052631578947367,0.21052631578947367,0.15789473684210525,0.3684210526315789,0.2631578947368421,0.3157894736842105,0.21052631578947367,0.3157894736842105,0.3157894736842105,0.21052631578947367,0.3157894736842105,0.42105263157894735,0.21052631578947367,0.3684210526315789,0.3684210526315789,0.29999999999999993,0.26842105263157895
serie_a,2024,LEC,0.42105263157894735,0.5789473684210527,0.42105263157894735,0.42105263157894735,0.3157894736842105,0.47368421052631576,0.2631578947368421,0.47368421052631576,0.2631578947368421,0.3684210526315789,0.21052631578947367,0.42105263157894735,0.5263157894736842,0.42105263157894735,0.5263157894736842,0.2631578947368421,0.3684210526315789,0.2631578947368421,0.3684210526315789,0.42105263157894735,0.36842105263157887,0.41052631578947363
serie_a,2024,MIL,0.42105263157894735,0.21052631578947367,0.47368421052631576,0.3684210526315789,0.3157894736842105,0.3684210526315789,0.3684210526315789,0.42105263157894735,0.5263157894736842,0.42105263157894735,0.42105263157894735,0.3684210526315789,0.3684210526315789,0.10526315789473684,0.05263157894736842,0.42105263157894735,0.2631578947368421,0.21052631578947367,0.21052631578947367,0.2631578947368421,0.3421052631578947,0.3157894736842105
serie_a,2024,MON,0.21052631578947367,0.47368421052631576,0.3157894736842105,0.3157894736842105,0.47368421052631576,0.42105263157894735,0.3684210526315789,0.42105263157894735,0.42105263157894735,0.3157894736842105,0.3157894736842105,0.47368421052631576,0.10526315789473684,0.3157894736842105,0.42105263157894735,0.47368421052631576,0.42105263157894735,0.3684210526315789,0.21052631578947367,0.3157894736842105,0.32631578947368417,0.3894736842105263
serie_a,2024,NAP,0.3157894736842105,0.42105263157894735,0.2631578947368421,0.42105263157894735,0.3157894736842105,0.3684210526315789,0.42105263157894735,0.3684210526315789,0.3684210526315789,0.2631578947368421,0.2631578947368421,0.3684210526315789,0.5789473684210527,0.42105263157894735,0.47368421052631576,0.42105263157894735,0.42105263157894735,0.3157894736842105,0.47368421052631576,0.5789473684210527,0.3894736842105263,0.39473684210526316
serie_a,2024,PAR,0.47368421052631576,0.3157894736842105,0.47368421052631576,0.3157894736842105,0.3684210526315789,0.42105263157894735,0.47368421052631576,0.21052631578947367,0.42105263157894735,0.42105263157894735,0.47368421052631576,0.47368421052631576,0.5263157894736842,0.42105263157894735,0.3684210526315789,0.3684210526315789,0.15789473684210525,0.3157894736842105,0.2631578947368421,0.5263157894736842,0.39999999999999997,0.3789473684210526
serie_a,2024,ROM,0.42105263157894735,0.42105263157894735,0.47368421052631576,0.3684210526315789,0.3157894736842105,0.3157894736842105,0.2631578947368421,0.2631578947368421,0.5263157894736842,0.3157894736842105,0.3157894736842105,0.3157894736842105,0.3684210526315789,0.15789473684210525,0.47368421052631576,0.47368421052631576,0.47368421052631576,0.3157894736842105,0.5263157894736842,0.2631578947368421,0.41578947368421054,0.32105263157894737
serie_a,2024,TOR,0.5263157894736842,0.5263157894736842,0.3684210526315789,0.2631578947368421,0.5789473684210527,0.3684210526315789,0.47368421052631576,0.15789473684210525,0.2631578947368421,0.42105263157894735,0.3157894736842105,0.3684210526315789,0.47368421052631576,0.5789473684210527,0.42105263157894735,0.3684210526315789,0.5263157894736842,0.3684210526315789,0.42105263157894735,0.3684210526315789,0.43684210526315786,0.3789473684210526
serie_a,2024,UDI,0.42105263157894735,0.47368421052631576,0.15789473684210525,0.15789473684210525,0.3157894736842105,0.2631578947368421,0.2631578947368421,0.3684210526315789,0.3157894736842105,0.3157894736842105,0.47368421052631576,0.42105263157894735,0.21052631578947367,0.47368421052631576,0.3157894736842105,0.42105263157894735,0.3157894736842105,0.3684210526315789,0.2631578947368421,0.3684210526315789,0.30526315789473685,0.363157894736842
serie_a,2024,VEN,0.3684210526315789,0.3684210526315789,0.3157894736842105,0.3684210526315789,0.21052631578947367,0.47368421052631576,0.47368421052631576,0.47368421052631576,0.3157894736842105,0.3157894736842105,0.47368421052631576,0.2631578947368421,0.5263157894736842,0.42105263157894735,0.42105263157894735,0.21052631578947367,0.21052631578947367,0.21052631578947367,0.2631578947368421,0.3157894736842105,0.35789473684210527,0.3421052631578947
serie_a,2024,VER,0.5263157894736842,0.2631578947368421,0.47368421052631576,0.3684210526315789,0.3684210526315789,0.3684210526315789,0.42105263157894735,0.5789473684210527,0.42105263157894735,0.3157894736842105,0.3684210526315789,0.15789473684210525,0.3157894736842105,0.47368421052631576,0.3157894736842105,0.3157894736842105,0.3684210526315789,0.3157894736842105,0.15789473684210525,0.42105263157894735,0.37368421052631573,0.35789473684210527
