season,date,home_team,away_team,hometeamgoals,awayteamgoals,hometeamresult,home_team_points,away_team_points,OddHome,OddDraw,OddAway
2024,2025-05-25,BOU,LEIC,1,2,-1,0.0,3.0,1.33,5.61,8.35
2024,2025-05-25,FUL,MANC,1,5,-1,0.0,3.0,5.15,4.28,1.61
2024,2025-05-25,IPS,WHU,3,2,1,3.0,0.0,2.99,3.85,2.21
2024,2025-05-25,LIVP,CRY,2,2,0,1.0,1.0,1.4,5.65,6.27
2024,2025-05-25,MANU,AVL,3,2,1,3.0,0.0,4.37,4.16,1.73
2024,2025-05-25,NEW,EVE,1,0,1,3.0,0.0,1.32,5.6,8.77
2024,2025-05-25,NOTF,CHE,3,1,1,3.0,0.0,3.09,3.72,2.2
2024,2025-05-25,SOU,ARS,2,5,-1,0.0,3.0,9.45,5.83,1.29
2024,2025-05-25,TOT,BHA,1,1,0,1.0,1.0,4.23,4.43,1.71
2024,2025-05-25,WOLV,BRNT,0,1,-1,0.0,3.0,2.71,3.76,2.43
2024,2025-05-20,CRY,WOLV,2,1,1,3.0,0.0,2.27,3.32,3.26
2024,2025-05-20,MANC,BOU,1,1,0,1.0,1.0,1.55,4.51,5.49
2024,2025-05-19,BHA,LIVP,1,0,1,3.0,0.0,2.63,3.82,2.46
2024,2025-05-18,EVE,SOU,0,2,-1,0.0,3.0,1.4,4.79,7.93
2024,2025-05-18,WHU,NOTF,1,0,1,3.0,0.0,2.8,3.4,2.53
2024,2025-05-18,BRNT,FUL,1,2,-1,0.0,3.0,1.93,3.9,3.64
2024,2025-05-18,LEIC,IPS,2,1,1,3.0,0.0,2.33,3.59,2.94
2024,2025-05-18,ARS,NEW,2,2,0,1.0,1.0,2.01,3.59,3.7
2024,2025-05-16,AVL,TOT,3,2,1,3.0,0.0,1.32,5.95,8.45
2024,2025-05-16,CHE,MANU,2,0,1,3.0,0.0,1.46,4.9,6.51
2024,2025-05-11,NEW,CHE,1,3,-1,0.0,3.0,2.13,3.76,3.18
2024,2025-05-11,MANU,WHU,0,1,-1,0.0,3.0,1.92,3.72,3.83
2024,2025-05-11,NOTF,LEIC,2,3,-1,0.0,3.0,1.33,5.34,8.83
2024,2025-05-11,TOT,CRY,0,3,-1,0.0,3.0,2.65,3.68,2.5
2024,2025-05-11,LIVP,ARS,0,3,-1,0.0,3.0,2.06,3.54,3.57
2024,2025-05-10,FUL,EVE,3,2,1,3.0,0.0,1.87,3.55,4.32
2024,2025-05-10,IPS,BRNT,4,4,0,1.0,1.0,4.94,4.2,1.65
2024,2025-05-10,SOU,MANC,4,1,1,3.0,0.0,13.37,7.58,1.19
2024,2025-05-10,WOLV,BHA,1,0,1,3.0,0.0,2.73,3.47,2.54
2024,2025-05-10,BOU,AVL,0,2,-1,0.0,3.0,2.45,3.68,2.71
2024,2025-05-05,CRY,NOTF,0,3,-1,0.0,3.0,2.29,3.38,3.15
2024,2025-05-04,BRNT,MANU,0,0,0,1.0,1.0,1.67,4.14,4.74
2024,2025-05-04,BHA,NEW,0,0,0,1.0,1.0,2.86,3.77,2.31
2024,2025-05-04,WHU,TOT,0,2,-1,0.0,3.0,2.1,3.73,3.31
2024,2025-05-04,CHE,LIVP,1,2,-1,0.0,3.0,2.18,3.71,3.14
2024,2025-05-03,AVL,FUL,1,2,-1,0.0,3.0,1.79,3.88,4.32
2024,2025-05-03,EVE,IPS,2,0,1,3.0,0.0,1.47,4.4,7.07
2024,2025-05-03,LEIC,SOU,0,2,-1,0.0,3.0,2.33,3.62,2.93
2024,2025-05-03,ARS,BOU,2,0,1,3.0,0.0,2.08,3.6,3.47
2024,2025-05-02,MANC,WOLV,2,1,1,3.0,0.0,1.4,5.14,7.49
2024,2025-05-01,NOTF,BRNT,0,0,0,1.0,1.0,2.17,3.55,3.27
2024,2025-04-27,BOU,MANU,2,1,1,3.0,0.0,1.67,4.13,4.77
2024,2025-04-27,LIVP,TOT,1,0,1,3.0,0.0,1.25,6.57,9.98
2024,2025-04-26,CHE,EVE,0,1,-1,0.0,3.0,1.58,4.08,5.91
2024,2025-04-26,BHA,WHU,1,2,-1,0.0,3.0,1.67,4.14,4.76
2024,2025-04-26,NEW,IPS,2,0,1,3.0,0.0,1.18,7.72,14.89
2024,2025-04-26,SOU,FUL,0,0,0,1.0,1.0,5.17,4.11,1.64
2024,2025-04-26,WOLV,LEIC,3,1,1,3.0,0.0,1.51,4.38,6.24
2024,2025-04-23,ARS,CRY,3,1,1,3.0,0.0,1.41,4.66,8.13
2024,2025-04-22,MANC,AVL,2,2,0,1.0,1.0,1.85,4.06,3.93
2024,2025-04-21,TOT,NOTF,2,1,1,3.0,0.0,2.47,3.71,2.66
2024,2025-04-20,FUL,CHE,0,1,-1,0.0,3.0,2.82,3.52,2.43
2024,2025-04-20,IPS,ARS,4,1,1,3.0,0.0,7.83,4.81,1.4
2024,2025-04-20,MANU,WOLV,2,3,-1,0.0,3.0,2.0,3.58,3.72
2024,2025-04-20,LEIC,LIVP,2,1,1,3.0,0.0,11.76,6.63,1.23
2024,2025-04-19,BRNT,BHA,0,2,-1,0.0,3.0,2.5,3.61,2.7
2024,2025-04-19,CRY,BOU,3,5,-1,0.0,3.0,2.54,3.54,2.69
2024,2025-04-19,EVE,MANC,0,3,-1,0.0,3.0,3.8,3.65,1.96
2024,2025-04-19,WHU,SOU,1,2,-1,0.0,3.0,1.49,4.49,6.44
2024,2025-04-19,AVL,NEW,0,1,-1,0.0,3.0,2.36,3.63,2.85
2024,2025-04-16,NEW,CRY,2,1,1,3.0,0.0,1.71,3.96,4.75
2024,2025-04-14,BOU,FUL,4,1,1,3.0,0.0,2.15,3.58,3.3
2024,2025-04-13,CHE,IPS,3,1,1,3.0,0.0,1.25,6.57,9.7
2024,2025-04-13,LIVP,WHU,0,1,-1,0.0,3.0,1.3,5.89,9.45
2024,2025-04-13,WOLV,TOT,2,2,0,1.0,1.0,2.23,3.55,3.14
2024,2025-04-13,NEW,MANU,0,1,-1,0.0,3.0,1.65,4.21,4.73
2024,2025-04-12,MANC,CRY,1,2,-1,0.0,3.0,1.5,4.7,5.95
2024,2025-04-12,BHA,LEIC,2,2,0,1.0,1.0,1.27,5.89,10.98
2024,2025-04-12,NOTF,EVE,1,0,1,3.0,0.0,2.11,3.33,3.67
2024,2025-04-12,SOU,AVL,0,3,-1,0.0,3.0,5.65,4.42,1.55
2024,2025-04-12,ARS,BRNT,1,0,1,3.0,0.0,1.61,4.16,5.35
2024,2025-04-07,LEIC,NEW,2,2,0,1.0,1.0,6.4,4.44,1.5
2024,2025-04-06,BRNT,CHE,1,0,1,3.0,0.0,3.2,3.73,2.15
2024,2025-04-06,FUL,LIVP,2,2,0,1.0,1.0,4.24,3.7,1.86
2024,2025-04-06,TOT,SOU,1,1,0,1.0,1.0,1.39,5.32,7.12
2024,2025-04-06,MANU,MANC,1,2,-1,0.0,3.0,3.33,3.61,2.13
2024,2025-04-05,EVE,ARS,1,1,0,1.0,1.0,5.15,3.44,1.78
2024,2025-04-05,CRY,BHA,1,5,-1,0.0,3.0,2.43,3.46,2.87
2024,2025-04-05,IPS,WOLV,1,1,0,1.0,1.0,2.74,3.28,2.65
2024,2025-04-05,WHU,BOU,1,2,-1,0.0,3.0,3.04,3.47,2.34
2024,2025-04-05,AVL,NOTF,3,5,-1,0.0,3.0,1.99,3.63,3.72
2024,2025-04-03,CHE,TOT,1,1,0,1.0,1.0,1.64,4.5,4.57
2024,2025-04-02,BOU,IPS,1,2,-1,0.0,3.0,1.38,5.23,7.72
2024,2025-04-02,BHA,AVL,2,1,1,3.0,0.0,2.09,3.81,3.27
2024,2025-04-02,MANC,LEIC,1,0,1,3.0,0.0,1.2,7.61,12.4
2024,2025-04-02,NEW,BRNT,2,1,1,3.0,0.0,1.73,4.31,4.21
2024,2025-04-02,SOU,CRY,1,0,1,3.0,0.0,5.5,4.01,1.62
2024,2025-04-02,LIVP,EVE,0,0,0,1.0,1.0,1.36,5.02,8.78
2024,2025-04-01,ARS,FUL,2,2,0,1.0,1.0,1.48,4.2,7.73
2024,2025-04-01,WOLV,WHU,1,1,0,1.0,1.0,2.57,3.2,2.92
2024,2025-04-01,NOTF,MANU,3,3,0,1.0,1.0,2.32,3.42,3.13
2024,2025-03-16,ARS,CHE,2,2,0,1.0,1.0,1.81,3.74,4.44
2024,2025-03-16,FUL,TOT,2,2,0,1.0,1.0,2.01,3.84,3.48
2024,2025-03-16,LEIC,MANU,0,1,-1,0.0,3.0,4.21,3.76,1.84
2024,2025-03-15,EVE,WHU,0,2,-1,0.0,3.0,2.11,3.27,3.81
2024,2025-03-15,IPS,NOTF,2,5,-1,0.0,3.0,3.8,3.59,1.99
2024,2025-03-15,MANC,BHA,0,1,-1,0.0,3.0,1.66,4.45,4.63
2024,2025-03-15,SOU,WOLV,2,3,-1,0.0,3.0,3.63,3.51,2.06
2024,2025-03-15,BOU,BRNT,3,0,1,3.0,0.0,1.76,4.16,4.25
2024,2025-03-10,WHU,NEW,5,5,0,1.0,1.0,3.21,3.57,2.19
2024,2025-03-09,CHE,LEIC,4,2,1,3.0,0.0,1.2,7.67,12.34
2024,2025-03-09,TOT,BOU,3,0,1,3.0,0.0,2.71,3.88,2.4
2024,2025-03-09,MANU,ARS,1,0,1,3.0,0.0,5.41,3.58,1.72
2024,2025-03-08,NOTF,MANC,1,4,-1,0.0,3.0,3.88,3.89,1.89
2024,2025-03-08,BHA,FUL,2,1,1,3.0,0.0,1.99,3.62,3.77
2024,2025-03-08,CRY,IPS,2,1,1,3.0,0.0,1.48,4.55,6.74
2024,2025-03-08,LIVP,SOU,1,2,-1,0.0,3.0,1.12,9.97,19.5
2024,2025-03-08,BRNT,AVL,1,2,-1,0.0,3.0,2.26,3.8,2.95
2024,2025-03-08,WOLV,EVE,3,1,1,3.0,0.0,2.63,3.14,2.87
2024,2025-02-27,WHU,LEIC,1,1,0,1.0,1.0,1.63,4.15,5.17
2024,2025-02-26,BRNT,EVE,3,1,1,3.0,0.0,2.02,3.68,3.59
2024,2025-02-26,MANU,IPS,3,2,1,3.0,0.0,1.52,4.55,5.83
2024,2025-02-26,NOTF,ARS,0,1,-1,0.0,3.0,3.94,3.48,1.98
2024,2025-02-26,TOT,MANC,0,0,0,1.0,1.0,3.22,4.09,2.04
2024,2025-02-26,LIVP,NEW,0,2,-1,0.0,3.0,1.52,4.77,5.64
2024,2025-02-25,BHA,BOU,2,1,1,3.0,0.0,2.06,3.81,3.43
2024,2025-02-25,CRY,AVL,1,1,0,1.0,1.0,2.55,3.38,2.83
2024,2025-02-25,WOLV,FUL,3,3,0,1.0,1.0,2.71,3.34,2.69
2024,2025-02-25,CHE,SOU,2,1,1,3.0,0.0,1.17,8.55,14.69
2024,2025-02-23,NEW,NOTF,4,2,1,3.0,0.0,1.81,3.96,4.11
2024,2025-02-23,MANC,LIVP,0,1,-1,0.0,3.0,2.9,3.86,2.26
2024,2025-02-22,EVE,MANU,1,2,-1,0.0,3.0,2.55,3.2,2.96
2024,2025-02-22,ARS,WHU,1,1,0,1.0,1.0,1.25,6.2,11.63
2024,2025-02-22,BOU,WOLV,0,1,-1,0.0,3.0,1.56,4.45,5.5
2024,2025-02-22,FUL,CRY,2,1,1,3.0,0.0,2.05,3.48,3.74
2024,2025-02-22,IPS,TOT,1,2,-1,0.0,3.0,3.87,3.89,1.89
2024,2025-02-22,SOU,BHA,7,0,1,3.0,0.0,5.52,4.38,1.57
2024,2025-02-22,AVL,CHE,1,1,0,1.0,1.0,2.62,3.7,2.56
2024,2025-02-21,LEIC,BRNT,0,3,-1,0.0,3.0,3.7,3.86,1.96
2024,2025-02-19,AVL,LIVP,4,1,1,3.0,0.0,3.93,4.0,1.85
2024,2025-02-16,LIVP,WOLV,1,0,1,3.0,0.0,1.19,7.85,12.84
2024,2025-02-16,TOT,MANU,2,0,1,3.0,0.0,2.45,3.73,2.69
2024,2025-02-15,LEIC,ARS,1,0,1,3.0,0.0,9.45,5.29,1.34
2024,2025-02-15,AVL,IPS,2,3,-1,0.0,3.0,1.41,4.96,7.45
2024,2025-02-15,FUL,NOTF,0,2,-1,0.0,3.0,2.22,3.35,3.39
2024,2025-02-15,MANC,NEW,3,0,1,3.0,0.0,1.97,4.07,3.44
2024,2025-02-15,SOU,BOU,4,2,1,3.0,0.0,5.83,4.64,1.52
2024,2025-02-15,WHU,BRNT,1,2,-1,0.0,3.0,2.41,3.64,2.82
2024,2025-02-15,CRY,EVE,1,0,1,3.0,0.0,1.81,3.45,4.94
2024,2025-02-14,BHA,CHE,1,2,-1,0.0,3.0,2.85,3.6,2.43
2024,2025-02-12,EVE,LIVP,4,1,1,3.0,0.0,7.36,4.71,1.44
2024,2025-02-03,CHE,WHU,1,0,1,3.0,0.0,1.36,5.54,7.58
2024,2025-02-02,BRNT,TOT,4,1,1,3.0,0.0,2.11,3.97,3.1
2024,2025-02-02,MANU,CRY,3,0,1,3.0,0.0,2.04,3.48,3.71
2024,2025-02-02,ARS,MANC,0,0,0,1.0,1.0,1.97,3.58,3.83
2024,2025-02-01,NOTF,BHA,1,1,0,1.0,1.0,2.44,3.46,2.89
2024,2025-02-01,BOU,LIVP,3,1,1,3.0,0.0,4.56,4.32,1.68
2024,2025-02-01,EVE,LEIC,0,2,-1,0.0,3.0,1.79,3.67,4.67
2024,2025-02-01,IPS,SOU,1,2,-1,0.0,3.0,1.98,3.67,3.74
2024,2025-02-01,NEW,FUL,2,5,-1,0.0,3.0,1.71,4.07,4.66
2024,2025-02-01,WOLV,AVL,2,1,1,3.0,0.0,3.36,3.58,2.14
2024,2025-01-26,CRY,BRNT,1,1,0,1.0,1.0,2.06,3.68,3.47
2024,2025-01-26,TOT,LEIC,1,0,1,3.0,0.0,1.46,5.21,5.89
2024,2025-01-26,AVL,WHU,1,5,-1,0.0,3.0,1.55,4.39,5.81
2024,2025-01-26,FUL,MANU,4,0,1,3.0,0.0,2.31,3.44,3.1
2024,2025-01-25,BOU,NOTF,4,2,1,3.0,0.0,2.09,3.64,3.42
2024,2025-01-25,BHA,EVE,0,3,-1,0.0,3.0,1.67,3.86,5.39
2024,2025-01-25,LIVP,IPS,4,2,1,3.0,0.0,1.1,11.04,20.87
2024,2025-01-25,SOU,NEW,2,1,1,3.0,0.0,6.82,5.09,1.42
2024,2025-01-25,WOLV,ARS,2,2,0,1.0,1.0,6.85,4.65,1.46
2024,2025-01-25,MANC,CHE,2,1,1,3.0,0.0,2.03,4.03,3.29
2024,2025-01-20,CHE,WOLV,2,2,0,1.0,1.0,1.37,5.51,7.3
2024,2025-01-19,EVE,TOT,3,0,1,3.0,0.0,2.91,3.51,2.41
2024,2025-01-19,MANU,BHA,1,0,1,3.0,0.0,2.09,3.71,3.36
2024,2025-01-19,NOTF,SOU,2,1,1,3.0,0.0,1.39,4.86,8.03
2024,2025-01-19,IPS,MANC,4,2,1,3.0,0.0,7.72,5.36,1.36
2024,2025-01-18,NEW,BOU,1,2,-1,0.0,3.0,1.64,4.3,4.93
2024,2025-01-18,BRNT,LIVP,0,0,0,1.0,1.0,6.43,5.15,1.43
2024,2025-01-18,LEIC,FUL,0,2,-1,0.0,3.0,4.17,3.81,1.84
2024,2025-01-18,WHU,CRY,3,0,1,3.0,0.0,2.62,3.41,2.69
2024,2025-01-18,ARS,AVL,2,0,1,3.0,0.0,1.51,4.35,6.45
2024,2025-01-16,IPS,BHA,1,2,-1,0.0,3.0,3.8,3.73,1.94
2024,2025-01-16,MANU,SOU,3,3,0,1.0,1.0,1.3,5.79,9.4
2024,2025-01-15,EVE,AVL,2,1,1,3.0,0.0,3.2,3.24,2.35
2024,2025-01-15,LEIC,CRY,0,1,-1,0.0,3.0,3.88,3.73,1.92
2024,2025-01-15,NEW,WOLV,4,2,1,3.0,0.0,1.35,5.54,8.08
2024,2025-01-15,ARS,TOT,1,1,0,1.0,1.0,1.4,5.29,6.86
2024,2025-01-14,BRNT,MANC,0,2,-1,0.0,3.0,4.76,4.47,1.64
2024,2025-01-14,CHE,BOU,1,3,-1,0.0,3.0,1.5,4.81,5.92
2024,2025-01-14,WHU,FUL,1,2,-1,0.0,3.0,2.97,3.43,2.41
2024,2025-01-14,NOTF,LIVP,0,0,0,1.0,1.0,5.14,4.16,1.64
2024,2025-01-06,WOLV,NOTF,1,0,1,3.0,0.0,3.22,3.22,2.33
2024,2025-01-05,FUL,IPS,4,2,1,3.0,0.0,1.56,4.34,5.68
2024,2025-01-05,LIVP,MANU,1,1,0,1.0,1.0,1.29,6.05,9.49
2024,2025-01-04,TOT,NEW,1,2,-1,0.0,3.0,2.88,3.94,2.24
2024,2025-01-04,AVL,LEIC,0,1,-1,0.0,3.0,1.32,5.51,9.16
2024,2025-01-04,BOU,EVE,0,3,-1,0.0,3.0,1.75,3.82,4.71
2024,2025-01-04,CRY,CHE,1,2,-1,0.0,3.0,3.65,3.88,1.95
2024,2025-01-04,MANC,WHU,4,1,1,3.0,0.0,1.31,6.09,8.3
2024,2025-01-04,SOU,BRNT,0,1,-1,0.0,3.0,2.78,3.54,2.48
2024,2025-01-04,BHA,ARS,2,1,1,3.0,0.0,4.36,3.83,1.8
2024,2025-01-01,BRNT,ARS,0,0,0,1.0,1.0,6.67,4.8,1.44
2024,2024-12-30,AVL,BHA,2,2,0,1.0,1.0,1.94,3.86,3.61
2024,2024-12-30,IPS,CHE,0,2,-1,0.0,3.0,6.87,5.02,1.41
2024,2024-12-30,MANU,NEW,1,0,1,3.0,0.0,2.7,3.61,2.49
2024,2024-12-29,LEIC,MANC,1,2,-1,0.0,3.0,7.92,5.62,1.34
2024,2024-12-29,CRY,SOU,2,1,1,3.0,0.0,1.61,4.11,5.42
2024,2024-12-29,EVE,NOTF,1,1,0,1.0,1.0,2.64,3.16,2.83
2024,2024-12-29,FUL,BOU,1,1,0,1.0,1.0,2.35,3.58,2.91
2024,2024-12-29,TOT,WOLV,1,1,0,1.0,1.0,1.61,4.77,4.56
2024,2024-12-29,WHU,LIVP,0,1,-1,0.0,3.0,7.04,5.21,1.4
2024,2024-12-27,BHA,BRNT,0,2,-1,0.0,3.0,1.64,4.44,4.89
2024,2024-12-27,ARS,IPS,1,2,-1,0.0,3.0,1.16,8.37,17.31
2024,2024-12-26,MANC,EVE,0,1,-1,0.0,3.0,1.34,5.46,8.59
2024,2024-12-26,BOU,CRY,0,0,0,1.0,1.0,1.9,3.77,3.87
2024,2024-12-26,CHE,FUL,2,0,1,3.0,0.0,1.47,4.88,6.15
2024,2024-12-26,NEW,AVL,0,1,-1,0.0,3.0,1.93,3.91,3.66
2024,2024-12-26,NOTF,TOT,1,3,-1,0.0,3.0,2.35,3.74,2.82
2024,2024-12-26,SOU,WHU,5,1,1,3.0,0.0,3.24,3.56,2.18
2024,2024-12-26,WOLV,MANU,0,1,-1,0.0,3.0,3.8,3.7,1.94
2024,2024-12-26,LIVP,LEIC,1,1,0,1.0,1.0,1.08,12.4,25.35
2024,2024-12-22,EVE,CHE,0,0,0,1.0,1.0,5.18,4.13,1.63
2024,2024-12-22,FUL,SOU,0,1,-1,0.0,3.0,1.42,4.96,7.21
2024,2024-12-22,LEIC,WOLV,2,3,-1,0.0,3.0,2.55,3.56,2.69
2024,2024-12-22,MANU,BOU,0,2,-1,0.0,3.0,1.85,3.88,4.07
2024,2024-12-22,TOT,LIVP,0,0,0,1.0,1.0,4.29,4.33,1.72
2024,2024-12-21,AVL,MANC,2,0,1,3.0,0.0,3.29,3.71,2.12
2024,2024-12-21,BRNT,NOTF,4,3,1,3.0,0.0,2.35,3.52,2.99
2024,2024-12-21,IPS,NEW,0,0,0,1.0,1.0,4.61,3.95,1.74
2024,2024-12-21,WHU,BHA,0,3,-1,0.0,3.0,2.8,3.75,2.38
2024,2024-12-21,CRY,ARS,0,2,-1,0.0,3.0,6.08,4.11,1.57
2024,2024-12-16,BOU,WHU,1,2,-1,0.0,3.0,1.71,4.19,4.43
2024,2024-12-15,BHA,CRY,0,2,-1,0.0,3.0,1.89,3.82,3.9
2024,2024-12-15,MANC,MANU,2,0,1,3.0,0.0,1.58,4.59,5.04
2024,2024-12-15,CHE,BRNT,0,1,-1,0.0,3.0,1.33,5.89,8.08
2024,2024-12-15,SOU,TOT,1,2,-1,0.0,3.0,4.29,4.47,1.69
2024,2024-12-14,ARS,EVE,1,3,-1,0.0,3.0,1.23,6.33,13.36
2024,2024-12-14,LIVP,FUL,0,2,-1,0.0,3.0,1.32,5.75,8.89
2024,2024-12-14,NEW,LEIC,3,2,1,3.0,0.0,1.31,5.83,9.08
2024,2024-12-14,WOLV,IPS,4,1,1,3.0,0.0,1.9,3.83,3.85
2024,2024-12-14,NOTF,AVL,2,0,1,3.0,0.0,2.64,3.39,2.68
2024,2024-12-09,WHU,WOLV,1,1,0,1.0,1.0,1.91,3.85,3.81
2024,2024-12-08,FUL,ARS,3,4,-1,0.0,3.0,5.4,4.24,1.61
2024,2024-12-08,IPS,BOU,2,2,0,1.0,1.0,3.57,3.73,2.02
2024,2024-12-08,LEIC,BHA,2,2,0,1.0,1.0,4.48,4.02,1.75
2024,2024-12-08,TOT,CHE,0,1,-1,0.0,3.0,3.21,4.04,2.07
2024,2024-12-07,AVL,SOU,1,2,-1,0.0,3.0,1.37,5.41,7.78
2024,2024-12-07,BRNT,NEW,2,2,0,1.0,1.0,2.86,3.74,2.36
2024,2024-12-07,CRY,MANC,4,1,1,3.0,0.0,5.39,4.33,1.6
2024,2024-12-07,MANU,NOTF,2,1,1,3.0,0.0,1.67,4.05,5.12
2024,2024-12-05,FUL,BHA,2,1,1,3.0,0.0,2.33,3.65,2.92
2024,2024-12-05,BOU,TOT,4,2,1,3.0,0.0,2.65,3.92,2.42
2024,2024-12-04,EVE,WOLV,2,1,1,3.0,0.0,2.14,3.46,3.51
2024,2024-12-04,MANC,NOTF,1,3,-1,0.0,3.0,1.37,5.21,8.25
2024,2024-12-04,NEW,LIVP,4,6,-1,0.0,3.0,4.27,4.04,1.78
2024,2024-12-04,SOU,CHE,2,2,0,1.0,1.0,8.39,5.64,1.34
2024,2024-12-04,ARS,MANU,0,2,-1,0.0,3.0,1.46,4.73,6.92
2024,2024-12-04,AVL,BRNT,1,3,-1,0.0,3.0,1.8,4.01,4.24
2024,2024-12-03,IPS,CRY,0,3,-1,0.0,3.0,3.09,3.37,2.38
2024,2024-12-03,LEIC,WHU,1,0,1,3.0,0.0,2.9,3.44,2.47
2024,2024-12-01,CHE,AVL,2,2,0,1.0,1.0,1.71,4.21,4.51
2024,2024-12-01,MANU,EVE,2,2,0,1.0,1.0,1.54,4.33,6.08
2024,2024-12-01,TOT,FUL,1,0,1,3.0,0.0,1.72,4.35,4.24
2024,2024-12-01,LIVP,MANC,3,5,-1,0.0,3.0,2.09,3.7,3.37
2024,2024-11-30,BRNT,LEIC,2,0,1,3.0,0.0,1.66,4.24,4.87
2024,2024-11-30,CRY,NEW,2,1,1,3.0,0.0,3.04,3.56,2.3
2024,2024-11-30,NOTF,IPS,4,0,1,3.0,0.0,1.75,3.82,4.79
2024,2024-11-30,WOLV,BOU,0,0,0,1.0,1.0,2.81,3.61,2.44
2024,2024-11-30,WHU,ARS,2,2,0,1.0,1.0,7.09,4.68,1.46
2024,2024-11-29,BHA,SOU,2,1,1,3.0,0.0,1.39,5.29,7.57
2024,2024-11-25,NEW,WHU,3,1,1,3.0,0.0,1.5,4.57,6.21
2024,2024-11-24,SOU,LIVP,0,2,-1,0.0,3.0,10.4,5.96,1.28
2024,2024-11-24,IPS,MANU,1,2,-1,0.0,3.0,5.06,4.22,1.63
2024,2024-11-23,LEIC,CHE,1,2,-1,0.0,3.0,6.75,4.81,1.46
2024,2024-11-23,ARS,NOTF,0,1,-1,0.0,3.0,1.37,4.97,8.9
2024,2024-11-23,AVL,CRY,1,2,-1,0.0,3.0,1.63,4.11,5.45
2024,2024-11-23,BOU,BHA,1,1,0,1.0,1.0,2.41,3.62,2.86
2024,2024-11-23,EVE,BRNT,1,1,0,1.0,1.0,2.46,3.41,2.94
2024,2024-11-23,FUL,WOLV,0,2,-1,0.0,3.0,1.65,4.09,5.23
2024,2024-11-23,MANC,TOT,1,1,0,1.0,1.0,1.49,5.01,5.92
2024,2024-11-10,MANU,LEIC,2,1,1,3.0,0.0,1.39,5.35,7.46
2024,2024-11-10,NOTF,NEW,2,2,0,1.0,1.0,2.69,3.31,2.72
2024,2024-11-10,TOT,IPS,2,1,1,3.0,0.0,1.26,6.76,9.98
2024,2024-11-10,CHE,ARS,1,0,1,3.0,0.0,2.75,3.49,2.53
2024,2024-11-09,BRNT,BOU,1,3,-1,0.0,3.0,2.53,3.59,2.72
2024,2024-11-09,CRY,FUL,0,0,0,1.0,1.0,2.7,3.48,2.61
2024,2024-11-09,WHU,EVE,2,1,1,3.0,0.0,2.18,3.47,3.38
2024,2024-11-09,WOLV,SOU,4,0,1,3.0,0.0,1.96,3.84,3.67
2024,2024-11-09,BHA,MANC,3,2,1,3.0,0.0,4.34,4.17,1.75
2024,2024-11-09,LIVP,AVL,2,1,1,3.0,0.0,1.42,5.26,6.7
2024,2024-11-04,FUL,BRNT,1,0,1,3.0,0.0,2.03,3.73,3.52
2024,2024-11-03,TOT,AVL,2,0,1,3.0,0.0,1.93,4.07,3.55
2024,2024-11-03,MANU,CHE,0,1,-1,0.0,3.0,2.58,3.78,2.56
2024,2024-11-02,NEW,ARS,3,1,1,3.0,0.0,3.77,3.69,1.98
2024,2024-11-02,BOU,MANC,1,2,-1,0.0,3.0,5.32,4.44,1.59
2024,2024-11-02,IPS,LEIC,3,2,1,3.0,0.0,2.27,3.61,3.09
2024,2024-11-02,LIVP,BHA,1,0,1,3.0,0.0,1.39,5.4,7.12
2024,2024-11-02,NOTF,WHU,0,1,-1,0.0,3.0,2.15,3.52,3.43
2024,2024-11-02,SOU,EVE,1,1,0,1.0,1.0,2.65,3.48,2.66
2024,2024-11-02,WOLV,CRY,1,1,0,1.0,1.0,2.53,3.4,2.85
2024,2024-10-27,CHE,NEW,2,0,1,3.0,0.0,1.76,4.26,4.15
2024,2024-10-27,CRY,TOT,5,2,1,3.0,0.0,3.97,3.97,1.85
2024,2024-10-27,WHU,MANU,1,1,0,1.0,1.0,2.89,3.71,2.33
2024,2024-10-27,ARS,LIVP,4,3,1,3.0,0.0,2.49,3.37,2.89
2024,2024-10-26,AVL,BOU,1,0,1,3.0,0.0,1.86,3.97,3.97
2024,2024-10-26,BRNT,IPS,5,2,1,3.0,0.0,1.67,4.27,4.86
2024,2024-10-26,BHA,WOLV,2,1,1,3.0,0.0,1.64,4.32,4.94
2024,2024-10-26,MANC,SOU,3,1,1,3.0,0.0,1.11,10.94,21.04
2024,2024-10-26,EVE,FUL,1,2,-1,0.0,3.0,2.76,3.37,2.6
2024,2024-10-25,LEIC,NOTF,1,1,0,1.0,1.0,3.09,3.32,2.41
2024,2024-10-21,NOTF,CRY,2,2,0,1.0,1.0,2.36,3.31,3.11
2024,2024-10-20,WOLV,MANC,4,1,1,3.0,0.0,8.88,5.85,1.31
2024,2024-10-20,LIVP,CHE,1,1,0,1.0,1.0,1.63,4.39,4.89
2024,2024-10-19,TOT,WHU,1,0,1,3.0,0.0,1.5,4.91,5.73
2024,2024-10-19,FUL,AVL,2,1,1,3.0,0.0,2.44,3.5,2.89
2024,2024-10-19,IPS,EVE,1,0,1,3.0,0.0,2.4,3.42,3.01
2024,2024-10-19,MANU,BRNT,1,0,1,3.0,0.0,1.71,4.28,4.48
2024,2024-10-19,NEW,BHA,2,1,1,3.0,0.0,2.01,3.88,3.51
2024,2024-10-19,SOU,LEIC,3,1,1,3.0,0.0,2.33,3.54,3.03
2024,2024-10-19,BOU,ARS,2,2,0,1.0,1.0,4.94,4.09,1.68
2024,2024-10-06,AVL,MANU,3,3,0,1.0,1.0,2.21,3.82,3.06
2024,2024-10-06,CHE,NOTF,0,1,-1,0.0,3.0,1.48,4.73,6.32
2024,2024-10-06,BHA,TOT,2,1,1,3.0,0.0,2.9,4.01,2.23
2024,2024-10-05,CRY,LIVP,2,2,0,1.0,1.0,6.36,4.65,1.49
2024,2024-10-05,ARS,SOU,0,0,0,1.0,1.0,1.14,9.2,18.63
2024,2024-10-05,BRNT,WOLV,2,2,0,1.0,1.0,2.09,3.64,3.47
2024,2024-10-05,LEIC,BOU,3,2,1,3.0,0.0,3.24,3.66,2.17
2024,2024-10-05,MANC,FUL,0,0,0,1.0,1.0,1.24,6.85,11.11
2024,2024-10-05,WHU,IPS,1,1,0,1.0,1.0,1.8,3.96,4.25
2024,2024-10-05,EVE,NEW,2,2,0,1.0,1.0,3.15,3.62,2.23
2024,2024-09-30,BOU,SOU,3,1,1,3.0,0.0,1.65,4.29,4.91
2024,2024-09-29,IPS,AVL,1,1,0,1.0,1.0,4.15,3.77,1.87
2024,2024-09-29,MANU,TOT,0,0,0,1.0,1.0,2.36,3.89,2.77
2024,2024-09-28,NEW,MANC,1,1,0,1.0,1.0,5.09,4.47,1.61
2024,2024-09-28,ARS,LEIC,0,2,-1,0.0,3.0,1.18,7.82,15.12
2024,2024-09-28,BRNT,WHU,2,0,1,3.0,0.0,2.23,3.62,3.16
2024,2024-09-28,CHE,BHA,2,0,1,3.0,0.0,1.74,4.23,4.35
2024,2024-09-28,EVE,CRY,1,2,-1,0.0,3.0,2.73,3.39,2.63
2024,2024-09-28,NOTF,FUL,1,2,-1,0.0,3.0,2.4,3.34,3.07
2024,2024-09-28,WOLV,LIVP,1,0,1,3.0,0.0,8.05,5.55,1.35
2024,2024-09-22,BHA,NOTF,1,1,0,1.0,1.0,1.86,3.83,4.21
2024,2024-09-22,MANC,ARS,0,1,-1,0.0,3.0,1.83,3.62,4.52
2024,2024-09-21,WHU,CHE,0,1,-1,0.0,3.0,3.49,3.89,2.01
2024,2024-09-21,AVL,WOLV,2,2,0,1.0,1.0,1.59,4.39,5.35
2024,2024-09-21,FUL,NEW,3,2,1,3.0,0.0,2.86,3.51,2.45
2024,2024-09-21,LEIC,EVE,3,1,1,3.0,0.0,2.52,3.44,2.82
2024,2024-09-21,LIVP,BOU,2,2,0,1.0,1.0,1.29,6.31,9.35
2024,2024-09-21,SOU,IPS,3,2,1,3.0,0.0,2.25,3.52,3.17
2024,2024-09-21,TOT,BRNT,3,1,1,3.0,0.0,1.55,4.72,5.41
2024,2024-09-21,CRY,MANU,4,1,1,3.0,0.0,2.85,3.72,2.36
2024,2024-09-15,TOT,ARS,0,0,0,1.0,1.0,2.99,3.59,2.33
2024,2024-09-15,WOLV,NEW,2,0,1,3.0,0.0,3.36,3.69,2.11
2024,2024-09-14,SOU,MANU,0,1,-1,0.0,3.0,4.56,4.04,1.74
2024,2024-09-14,BHA,IPS,2,0,1,3.0,0.0,1.38,5.16,7.89
2024,2024-09-14,CRY,LEIC,2,2,0,1.0,1.0,1.63,4.14,5.38
2024,2024-09-14,FUL,WHU,2,2,0,1.0,1.0,2.42,3.48,2.92
2024,2024-09-14,LIVP,NOTF,1,6,-1,0.0,3.0,1.22,7.03,12.4
2024,2024-09-14,MANC,BRNT,3,1,1,3.0,0.0,1.17,8.2,14.79
2024,2024-09-14,AVL,EVE,0,1,-1,0.0,3.0,1.51,4.48,6.34
2024,2024-09-14,BOU,CHE,3,2,1,3.0,0.0,3.33,3.96,2.05
2024,2024-09-01,CHE,CRY,3,4,-1,0.0,3.0,1.63,4.4,5.01
2024,2024-09-01,NEW,TOT,2,0,1,3.0,0.0,2.51,3.97,2.56
2024,2024-09-01,MANU,LIVP,0,0,0,1.0,1.0,3.82,4.2,1.85
2024,2024-08-31,ARS,BHA,0,0,0,1.0,1.0,1.35,5.66,8.11
2024,2024-08-31,BRNT,SOU,1,2,-1,0.0,3.0,1.77,3.97,4.46
2024,2024-08-31,EVE,BOU,0,2,-1,0.0,3.0,2.78,3.4,2.59
2024,2024-08-31,IPS,FUL,4,0,1,3.0,0.0,3.1,3.5,2.31
2024,2024-08-31,LEIC,AVL,0,1,-1,0.0,3.0,4.62,4.02,1.74
2024,2024-08-31,NOTF,WOLV,3,2,1,3.0,0.0,2.03,3.66,3.65
2024,2024-08-31,WHU,MANC,0,2,-1,0.0,3.0,7.57,5.49,1.38
2024,2024-08-25,BOU,NEW,3,1,1,3.0,0.0,2.99,3.8,2.25
2024,2024-08-25,WOLV,CHE,2,1,1,3.0,0.0,4.37,4.0,1.77
2024,2024-08-25,LIVP,BRNT,0,3,-1,0.0,3.0,1.25,6.78,10.37
2024,2024-08-24,BHA,MANU,0,2,-1,0.0,3.0,2.5,3.72,2.69
2024,2024-08-24,CRY,WHU,2,0,1,3.0,0.0,2.17,3.63,3.25
2024,2024-08-24,FUL,LEIC,2,0,1,3.0,0.0,1.83,3.73,4.38
2024,2024-08-24,MANC,IPS,0,1,-1,0.0,3.0,1.09,12.17,26.97
2024,2024-08-24,SOU,NOTF,3,3,0,1.0,1.0,2.57,3.32,2.84
2024,2024-08-24,TOT,EVE,1,1,0,1.0,1.0,1.44,4.95,6.75
2024,2024-08-24,AVL,ARS,5,2,1,3.0,0.0,4.41,3.92,1.78
2024,2024-08-19,LEIC,TOT,0,1,-1,0.0,3.0,5.01,4.37,1.63
2024,2024-08-18,BRNT,CRY,1,1,0,1.0,1.0,2.46,3.44,2.9
2024,2024-08-18,CHE,MANC,1,2,-1,0.0,3.0,4.05,4.0,1.83
2024,2024-08-17,IPS,LIVP,2,1,1,3.0,0.0,8.28,5.76,1.34
2024,2024-08-17,ARS,WOLV,2,1,1,3.0,0.0,1.18,7.86,15.87
2024,2024-08-17,EVE,BHA,2,0,1,3.0,0.0,2.67,3.41,2.68
2024,2024-08-17,NEW,SOU,1,1,0,1.0,1.0,1.35,5.62,8.1
2024,2024-08-17,NOTF,BOU,1,2,-1,0.0,3.0,2.45,3.49,2.89
2024,2024-08-17,WHU,AVL,2,1,1,3.0,0.0,2.44,3.69,2.79
2024,2024-08-16,MANU,FUL,1,2,-1,0.0,3.0,1.62,4.36,5.15
2023,2024-05-19,ARS,EVE,2,2,0,1.0,1.0,1.17,8.04,15.37
2023,2024-05-19,BRNT,NEW,3,2,1,3.0,0.0,2.94,3.96,2.22
2023,2024-05-19,BHA,MANU,1,3,-1,0.0,3.0,2.17,4.11,2.95
2023,2024-05-19,BUR,NOTF,1,2,-1,0.0,3.0,2.9,3.74,2.32
2023,2024-05-19,CHE,BOU,5,1,1,3.0,0.0,1.45,5.32,5.99
2023,2024-05-19,CRY,AVL,1,0,1,3.0,0.0,1.87,4.28,3.67
2023,2024-05-19,LIVP,WOLV,5,1,1,3.0,0.0,1.16,8.71,14.55
2023,2024-05-19,LUT,FUL,3,0,1,3.0,0.0,2.92,3.95,2.23
2023,2024-05-19,MANC,WHU,1,0,1,3.0,0.0,1.1,11.72,21.81
2023,2024-05-19,SHU,TOT,3,0,1,3.0,0.0,7.32,6.04,1.35
2023,2024-05-15,BHA,CHE,4,2,1,3.0,0.0,3.37,3.99,2.02
2023,2024-05-15,MANU,NEW,4,1,1,3.0,0.0,2.73,4.04,2.34
2023,2024-05-14,TOT,MANC,2,0,1,3.0,0.0,6.94,5.91,1.38
2023,2024-05-13,AVL,LIVP,2,2,0,1.0,1.0,4.15,4.55,1.71
2023,2024-05-12,MANU,ARS,0,5,-1,0.0,3.0,7.08,5.5,1.39
2023,2024-05-11,FUL,MANC,0,1,-1,0.0,3.0,12.3,7.05,1.22
2023,2024-05-11,BOU,BRNT,2,1,1,3.0,0.0,1.98,3.99,3.5
2023,2024-05-11,EVE,SHU,1,5,-1,0.0,3.0,1.4,5.13,7.46
2023,2024-05-11,NEW,BHA,1,1,0,1.0,1.0,1.59,4.81,4.84
2023,2024-05-11,TOT,BUR,0,0,0,1.0,1.0,1.35,6.01,7.33
2023,2024-05-11,WHU,LUT,2,2,0,1.0,1.0,1.82,4.33,3.83
2023,2024-05-11,WOLV,CRY,2,1,1,3.0,0.0,2.86,3.51,2.47
2023,2024-05-11,NOTF,CHE,0,4,-1,0.0,3.0,3.39,3.94,2.03
2023,2024-05-06,CRY,MANU,1,1,0,1.0,1.0,2.38,3.76,2.79
2023,2024-05-05,BHA,AVL,0,0,0,1.0,1.0,2.72,3.77,2.43
2023,2024-05-05,CHE,WHU,0,0,0,1.0,1.0,1.65,4.55,4.58
2023,2024-05-05,LIVP,TOT,2,1,1,3.0,0.0,1.48,5.26,5.61
2023,2024-05-04,ARS,BOU,3,0,1,3.0,0.0,1.2,7.59,12.74
2023,2024-05-04,BRNT,FUL,1,1,0,1.0,1.0,2.12,3.8,3.25
2023,2024-05-04,BUR,NEW,1,0,1,3.0,0.0,3.38,3.98,2.02
2023,2024-05-04,SHU,NOTF,0,0,0,1.0,1.0,4.68,4.25,1.69
2023,2024-05-04,MANC,WOLV,1,0,1,3.0,0.0,1.09,11.51,25.33
2023,2024-05-03,LUT,EVE,1,1,0,1.0,1.0,2.66,3.58,2.62
2023,2024-05-02,CHE,TOT,1,0,1,3.0,0.0,2.2,4.05,2.91
2023,2024-04-28,BOU,BHA,2,1,1,3.0,0.0,2.26,3.8,2.94
2023,2024-04-28,TOT,ARS,5,0,1,3.0,0.0,4.12,4.07,1.8
2023,2024-04-28,NOTF,MANC,0,3,-1,0.0,3.0,9.5,5.72,1.31
2023,2024-04-27,WHU,LIVP,1,0,1,3.0,0.0,5.63,4.89,1.51
2023,2024-04-27,FUL,CRY,3,1,1,3.0,0.0,2.11,3.6,3.42
2023,2024-04-27,MANU,BUR,2,0,1,3.0,0.0,1.52,4.9,5.44
2023,2024-04-27,NEW,SHU,1,1,0,1.0,1.0,1.23,7.04,11.1
2023,2024-04-27,WOLV,LUT,3,1,1,3.0,0.0,1.98,3.83,3.58
2023,2024-04-27,EVE,BRNT,2,4,-1,0.0,3.0,2.36,3.5,2.97
2023,2024-04-27,AVL,CHE,5,0,1,3.0,0.0,2.17,3.9,3.06
2023,2024-04-25,BHA,MANC,2,2,0,1.0,1.0,6.65,4.95,1.44
2023,2024-04-24,WOLV,BOU,3,3,0,1.0,1.0,2.72,3.6,2.52
2023,2024-04-24,CRY,NEW,3,2,1,3.0,0.0,2.76,3.68,2.43
2023,2024-04-24,EVE,LIVP,0,1,-1,0.0,3.0,7.11,4.98,1.42
2023,2024-04-24,MANU,SHU,2,2,0,1.0,1.0,1.31,6.11,8.44
2023,2024-04-23,ARS,CHE,2,1,1,3.0,0.0,1.45,4.93,6.78
2023,2024-04-21,EVE,NOTF,2,4,-1,0.0,3.0,2.07,3.52,3.63
2023,2024-04-21,AVL,BOU,1,2,-1,0.0,3.0,1.87,4.11,3.76
2023,2024-04-21,CRY,WHU,2,1,1,3.0,0.0,2.15,3.59,3.34
2023,2024-04-21,FUL,LIVP,1,1,0,1.0,1.0,5.19,4.67,1.57
2023,2024-04-20,LUT,BRNT,3,0,1,3.0,0.0,3.18,3.75,2.17
2023,2024-04-20,SHU,BUR,4,2,1,3.0,0.0,2.76,3.63,2.47
2023,2024-04-20,WOLV,ARS,1,0,1,3.0,0.0,8.05,5.05,1.39
2023,2024-04-15,CHE,EVE,0,0,0,1.0,1.0,1.71,4.2,4.53
2023,2024-04-14,LIVP,CRY,0,0,0,1.0,1.0,1.21,7.37,13.35
2023,2024-04-14,WHU,FUL,5,2,1,3.0,0.0,2.38,3.65,2.88
2023,2024-04-14,ARS,AVL,3,1,1,3.0,0.0,1.28,6.1,9.89
2023,2024-04-13,NEW,TOT,2,3,-1,0.0,3.0,2.75,4.02,2.34
2023,2024-04-13,BRNT,SHU,1,2,-1,0.0,3.0,1.43,5.09,6.86
2023,2024-04-13,BUR,BHA,4,4,0,1.0,1.0,3.5,3.8,2.02
2023,2024-04-13,MANC,LUT,1,3,-1,0.0,3.0,1.1,11.66,23.86
2023,2024-04-13,NOTF,WOLV,2,1,1,3.0,0.0,2.16,3.55,3.37
2023,2024-04-13,BOU,MANU,1,1,0,1.0,1.0,2.42,3.91,2.68
2023,2024-04-07,MANU,LIVP,1,0,1,3.0,0.0,4.69,4.65,1.63
2023,2024-04-07,SHU,CHE,0,3,-1,0.0,3.0,6.88,5.28,1.41
2023,2024-04-07,TOT,NOTF,3,3,0,1.0,1.0,1.4,5.3,7.23
2023,2024-04-06,CRY,MANC,2,4,-1,0.0,3.0,10.3,5.59,1.31
2023,2024-04-06,AVL,BRNT,2,1,1,3.0,0.0,1.7,4.2,4.68
2023,2024-04-06,EVE,BUR,2,1,1,3.0,0.0,1.67,4.07,5.04
2023,2024-04-06,FUL,NEW,2,1,1,3.0,0.0,2.37,3.82,2.81
2023,2024-04-06,LUT,BOU,5,0,1,3.0,0.0,3.68,4.04,1.91
2023,2024-04-06,WOLV,WHU,0,1,-1,0.0,3.0,2.51,3.58,2.75
2023,2024-04-06,BHA,ARS,1,5,-1,0.0,3.0,5.15,4.25,1.64
2023,2024-04-04,LIVP,SHU,2,1,1,3.0,0.0,1.08,12.59,25.43
2023,2024-04-04,CHE,MANU,2,1,1,3.0,0.0,2.02,4.05,3.31
2023,2024-04-03,ARS,LUT,1,1,0,1.0,1.0,1.1,11.25,22.73
2023,2024-04-03,BRNT,BHA,1,2,-1,0.0,3.0,2.39,3.79,2.78
2023,2024-04-03,MANC,AVL,3,1,1,3.0,0.0,1.3,6.08,9.06
2023,2024-04-02,NEW,EVE,2,2,0,1.0,1.0,2.01,3.82,3.55
2023,2024-04-02,NOTF,FUL,1,1,0,1.0,1.0,2.71,3.49,2.62
2023,2024-04-02,BOU,CRY,1,1,0,1.0,1.0,1.99,3.76,3.69
2023,2024-04-02,BUR,WOLV,1,1,0,1.0,1.0,2.53,3.49,2.8
2023,2024-04-02,WHU,TOT,2,2,0,1.0,1.0,3.3,4.16,2.01
2023,2024-03-31,LIVP,BHA,1,4,-1,0.0,3.0,1.37,5.63,7.37
2023,2024-03-31,MANC,ARS,1,1,0,1.0,1.0,1.92,3.8,3.86
2023,2024-03-30,NEW,WHU,2,1,1,3.0,0.0,1.84,4.16,3.87
2023,2024-03-30,BOU,EVE,4,1,1,3.0,0.0,2.2,3.61,3.23
2023,2024-03-30,CHE,BUR,1,2,-1,0.0,3.0,1.3,5.96,9.44
2023,2024-03-30,NOTF,CRY,2,2,0,1.0,1.0,2.26,3.36,3.31
2023,2024-03-30,SHU,FUL,3,0,1,3.0,0.0,4.64,4.03,1.73
2023,2024-03-30,TOT,LUT,3,2,1,3.0,0.0,1.22,7.47,11.31
2023,2024-03-30,AVL,WOLV,2,1,1,3.0,0.0,1.64,4.38,4.86
2023,2024-03-30,BRNT,MANU,4,2,1,3.0,0.0,3.06,3.83,2.2
2023,2024-03-17,WHU,AVL,1,1,0,1.0,1.0,2.65,3.73,2.51
2023,2024-03-16,BUR,BRNT,2,3,-1,0.0,3.0,3.27,3.66,2.16
2023,2024-03-16,LUT,NOTF,2,3,-1,0.0,3.0,2.81,3.63,2.42
2023,2024-03-16,FUL,TOT,1,1,0,1.0,1.0,3.4,3.93,2.01
2023,2024-03-13,BOU,LUT,2,0,1,3.0,0.0,1.5,4.77,6.0
2023,2024-03-11,CHE,NEW,0,2,-1,0.0,3.0,1.94,4.08,3.54
2023,2024-03-10,AVL,TOT,1,0,1,3.0,0.0,2.42,4.08,2.62
2023,2024-03-10,BHA,NOTF,0,0,0,1.0,1.0,1.78,4.04,4.25
2023,2024-03-10,WHU,BUR,1,1,0,1.0,1.0,1.67,4.08,4.97
2023,2024-03-10,LIVP,MANC,4,2,1,3.0,0.0,2.95,3.83,2.25
2023,2024-03-09,MANU,EVE,2,0,1,3.0,0.0,1.85,3.89,4.09
2023,2024-03-09,BOU,SHU,1,3,-1,0.0,3.0,1.34,5.51,8.58
2023,2024-03-09,CRY,LUT,2,2,0,1.0,1.0,1.78,3.89,4.49
2023,2024-03-09,WOLV,FUL,1,1,0,1.0,1.0,2.54,3.45,2.79
2023,2024-03-09,ARS,BRNT,2,0,1,3.0,0.0,1.23,6.84,12.02
2023,2024-03-04,SHU,ARS,3,1,1,3.0,0.0,16.28,7.82,1.17
2023,2024-03-03,BUR,BOU,2,0,1,3.0,0.0,3.72,3.78,1.96
2023,2024-03-03,MANC,MANU,2,2,0,1.0,1.0,1.27,6.33,10.06
2023,2024-03-02,BRNT,CHE,1,4,-1,0.0,3.0,3.07,3.86,2.19
2023,2024-03-02,EVE,WHU,1,3,-1,0.0,3.0,2.09,3.57,3.52
2023,2024-03-02,FUL,BHA,3,4,-1,0.0,3.0,2.59,3.64,2.62
2023,2024-03-02,NEW,WOLV,3,1,1,3.0,0.0,1.9,3.95,3.8
2023,2024-03-02,NOTF,LIVP,1,3,-1,0.0,3.0,5.63,4.67,1.54
2023,2024-03-02,TOT,CRY,3,2,1,3.0,0.0,1.49,4.66,6.26
2023,2024-03-02,LUT,AVL,2,1,1,3.0,0.0,4.29,4.3,1.74
2023,2024-02-26,WHU,BRNT,1,0,1,3.0,0.0,2.5,3.6,2.73
2023,2024-02-25,WOLV,SHU,2,2,0,1.0,1.0,1.46,4.69,6.86
2023,2024-02-24,AVL,NOTF,2,1,1,3.0,0.0,1.55,4.54,5.63
2023,2024-02-24,BHA,EVE,1,1,0,1.0,1.0,1.84,3.93,4.1
2023,2024-02-24,CRY,BUR,0,0,0,1.0,1.0,2.01,3.46,3.92
2023,2024-02-24,MANU,FUL,2,2,0,1.0,1.0,1.58,4.47,5.33
2023,2024-02-24,BOU,MANC,4,0,1,3.0,0.0,6.96,5.16,1.42
2023,2024-02-24,ARS,NEW,3,2,1,3.0,0.0,1.38,5.34,7.53
2023,2024-02-21,LIVP,LUT,1,2,-1,0.0,3.0,1.2,7.72,13.14
2023,2024-02-20,MANC,BRNT,5,1,1,3.0,0.0,1.18,8.12,15.16
2023,2024-02-19,EVE,CRY,2,1,1,3.0,0.0,1.73,3.68,5.12
2023,2024-02-18,SHU,BHA,1,0,1,3.0,0.0,4.92,4.3,1.65
2023,2024-02-18,LUT,MANU,0,2,-1,0.0,3.0,4.07,4.09,1.81
2023,2024-02-17,BRNT,LIVP,0,2,-1,0.0,3.0,5.24,4.52,1.59
2023,2024-02-17,BUR,ARS,3,3,0,1.0,1.0,9.94,5.73,1.31
2023,2024-02-17,FUL,AVL,1,0,1,3.0,0.0,2.94,3.77,2.29
2023,2024-02-17,NEW,BOU,1,0,1,3.0,0.0,1.85,4.16,3.83
2023,2024-02-17,NOTF,WHU,1,1,0,1.0,1.0,2.43,3.51,2.9
2023,2024-02-17,TOT,WOLV,2,0,1,3.0,0.0,1.55,4.75,5.37
2023,2024-02-17,MANC,CHE,1,3,-1,0.0,3.0,1.35,5.64,8.22
2023,2024-02-12,CRY,CHE,4,2,1,3.0,0.0,4.2,3.8,1.84
2023,2024-02-11,WHU,ARS,2,2,0,1.0,1.0,5.81,4.38,1.55
2023,2024-02-11,AVL,MANU,0,3,-1,0.0,3.0,2.17,3.83,3.11
2023,2024-02-10,MANC,EVE,1,2,-1,0.0,3.0,1.2,7.36,13.47
2023,2024-02-10,FUL,BOU,1,2,-1,0.0,3.0,2.4,3.58,2.88
2023,2024-02-10,LIVP,BUR,3,2,1,3.0,0.0,1.16,8.4,15.8
2023,2024-02-10,LUT,SHU,1,2,-1,0.0,3.0,1.77,3.88,4.59
2023,2024-02-10,TOT,BHA,2,2,0,1.0,1.0,1.82,4.31,3.84
2023,2024-02-10,WOLV,BRNT,2,1,1,3.0,0.0,2.12,3.66,3.38
2023,2024-02-10,NOTF,NEW,2,0,1,3.0,0.0,3.3,3.71,2.13
2023,2024-02-05,BRNT,MANC,2,0,1,3.0,0.0,7.17,4.99,1.42
2023,2024-02-04,BOU,NOTF,3,1,1,3.0,0.0,1.7,4.15,4.65
2023,2024-02-04,CHE,WOLV,3,0,1,3.0,0.0,1.63,4.22,5.24
2023,2024-02-04,MANU,WHU,1,0,1,3.0,0.0,1.66,4.23,4.93
2023,2024-02-04,ARS,LIVP,3,0,1,3.0,0.0,2.25,3.67,3.07
2023,2024-02-03,EVE,TOT,2,0,1,3.0,0.0,2.94,3.69,2.34
2023,2024-02-03,BHA,CRY,3,1,1,3.0,0.0,1.7,4.07,4.82
2023,2024-02-03,BUR,FUL,2,0,1,3.0,0.0,2.94,3.45,2.43
2023,2024-02-03,NEW,LUT,1,0,1,3.0,0.0,1.43,4.97,7.02
2023,2024-02-03,SHU,AVL,2,0,1,3.0,0.0,5.1,4.29,1.63
2023,2024-02-01,WHU,BOU,6,1,1,3.0,0.0,2.43,3.73,2.75
2023,2024-02-01,WOLV,MANU,2,1,1,3.0,0.0,2.7,3.58,2.54
2023,2024-01-31,MANC,BUR,1,3,-1,0.0,3.0,1.1,11.19,24.13
2023,2024-01-31,TOT,BRNT,3,2,1,3.0,0.0,1.67,4.34,4.75
2023,2024-01-31,LIVP,CHE,3,0,1,3.0,0.0,1.58,4.61,5.15
2023,2024-01-30,NOTF,ARS,4,1,1,3.0,0.0,8.12,5.09,1.39
2023,2024-01-30,FUL,EVE,3,2,1,3.0,0.0,2.45,3.33,3.01
2023,2024-01-30,LUT,BHA,1,1,0,1.0,1.0,4.34,4.09,1.78
2023,2024-01-30,CRY,SHU,5,0,1,3.0,0.0,1.64,3.87,5.92
2023,2024-01-30,AVL,NEW,1,2,-1,0.0,3.0,1.86,4.07,3.92
2023,2024-01-22,BHA,WOLV,1,1,0,1.0,1.0,1.65,4.29,4.95
2023,2024-01-21,SHU,WHU,3,3,0,1.0,1.0,3.43,3.43,2.18
2023,2024-01-21,BOU,LIVP,2,4,-1,0.0,3.0,4.38,4.37,1.71
2023,2024-01-20,ARS,CRY,0,0,0,1.0,1.0,1.29,5.74,11.19
2023,2024-01-20,BRNT,NOTF,0,1,-1,0.0,3.0,1.9,3.72,4.06
2023,2024-01-14,EVE,AVL,2,0,1,3.0,0.0,2.79,3.62,2.45
2023,2024-01-14,MANU,TOT,1,2,-1,0.0,3.0,2.2,3.93,3.0
2023,2024-01-13,CHE,FUL,2,2,0,1.0,1.0,1.64,4.24,5.19
2023,2024-01-13,NEW,MANC,2,5,-1,0.0,3.0,5.5,4.47,1.57
2023,2024-01-12,BUR,LUT,2,3,-1,0.0,3.0,2.03,3.58,3.74
2023,2024-01-02,WHU,BHA,4,3,1,3.0,0.0,2.47,3.7,2.73
2023,2024-01-01,LIVP,NEW,0,1,-1,0.0,3.0,1.46,4.88,6.56
2023,2023-12-31,FUL,ARS,1,0,1,3.0,0.0,5.74,4.29,1.57
2023,2023-12-31,TOT,BOU,2,0,1,3.0,0.0,1.78,4.33,4.04
2023,2023-12-30,LUT,CHE,2,3,-1,0.0,3.0,6.04,4.53,1.53
2023,2023-12-30,AVL,BUR,1,4,-1,0.0,3.0,1.37,5.27,8.15
2023,2023-12-30,CRY,BRNT,3,2,1,3.0,0.0,2.23,3.33,3.43
2023,2023-12-30,MANC,SHU,0,4,-1,0.0,3.0,1.08,12.85,29.4
2023,2023-12-30,WOLV,EVE,0,3,-1,0.0,3.0,2.64,3.38,2.74
2023,2023-12-30,NOTF,MANU,0,0,0,1.0,1.0,3.27,3.68,2.16
2023,2023-12-28,BHA,TOT,1,2,-1,0.0,3.0,2.52,3.9,2.57
2023,2023-12-28,ARS,WHU,4,2,1,3.0,0.0,1.35,5.39,8.64
2023,2023-12-27,BRNT,WOLV,3,1,1,3.0,0.0,1.96,3.59,3.97
2023,2023-12-27,CHE,CRY,5,1,1,3.0,0.0,1.7,3.91,5.02
2023,2023-12-27,EVE,MANC,4,2,1,3.0,0.0,5.84,4.17,1.59
2023,2023-12-26,NEW,NOTF,1,1,0,1.0,1.0,1.51,4.41,6.57
2023,2023-12-26,BOU,FUL,2,4,-1,0.0,3.0,2.22,3.62,3.2
2023,2023-12-26,SHU,LUT,2,3,-1,0.0,3.0,2.41,3.32,3.07
2023,2023-12-26,BUR,LIVP,5,1,1,3.0,0.0,7.67,5.3,1.39
2023,2023-12-26,MANU,AVL,2,2,0,1.0,1.0,2.63,3.63,2.61
2023,2023-12-24,WOLV,CHE,1,2,-1,0.0,3.0,3.73,3.73,1.98
2023,2023-12-23,WHU,MANU,1,2,-1,0.0,3.0,2.61,3.65,2.6
2023,2023-12-23,FUL,BUR,2,3,-1,0.0,3.0,1.7,3.94,5.01
2023,2023-12-23,LUT,NEW,2,2,0,1.0,1.0,5.0,4.23,1.65
2023,2023-12-23,NOTF,BOU,1,2,-1,0.0,3.0,2.76,3.49,2.54
2023,2023-12-23,TOT,EVE,1,2,-1,0.0,3.0,1.8,4.16,4.08
2023,2023-12-23,LIVP,ARS,3,1,1,3.0,0.0,2.43,3.63,2.83
2023,2023-12-22,AVL,SHU,1,1,0,1.0,1.0,1.24,6.67,11.7
2023,2023-12-21,CRY,BHA,2,1,1,3.0,0.0,3.35,3.5,2.18
2023,2023-12-17,ARS,BHA,1,1,0,1.0,1.0,1.48,4.73,6.5
2023,2023-12-17,BRNT,AVL,1,1,0,1.0,1.0,3.26,3.71,2.16
2023,2023-12-17,WHU,WOLV,2,2,0,1.0,1.0,2.16,3.55,3.4
2023,2023-12-17,LIVP,MANU,2,1,1,3.0,0.0,1.32,6.09,8.5
2023,2023-12-16,CHE,SHU,4,1,1,3.0,0.0,1.24,6.49,12.28
2023,2023-12-16,MANC,CRY,3,1,1,3.0,0.0,1.18,7.77,16.06
2023,2023-12-16,NEW,FUL,1,2,-1,0.0,3.0,1.87,3.91,4.03
2023,2023-12-16,BUR,EVE,0,4,-1,0.0,3.0,3.55,3.45,2.14
2023,2023-12-15,NOTF,TOT,2,0,1,3.0,0.0,4.52,4.13,1.74
2023,2023-12-10,EVE,CHE,1,2,-1,0.0,3.0,3.02,3.59,2.31
2023,2023-12-10,FUL,WHU,0,1,-1,0.0,3.0,2.39,3.49,2.95
2023,2023-12-10,LUT,MANC,4,1,1,3.0,0.0,18.02,8.94,1.15
2023,2023-12-10,TOT,NEW,0,0,0,1.0,1.0,2.2,3.84,3.05
2023,2023-12-09,CRY,LIVP,2,1,1,3.0,0.0,6.12,4.54,1.52
2023,2023-12-09,BHA,BUR,2,4,-1,0.0,3.0,1.5,4.69,6.18
2023,2023-12-09,MANU,BOU,0,0,0,1.0,1.0,1.55,4.65,5.54
2023,2023-12-09,SHU,BRNT,1,1,0,1.0,1.0,4.48,3.82,1.8
2023,2023-12-09,WOLV,NOTF,0,1,-1,0.0,3.0,1.87,3.64,4.34
2023,2023-12-09,AVL,ARS,3,0,1,3.0,0.0,3.41,3.66,2.11
2023,2023-12-07,EVE,NEW,4,3,1,3.0,0.0,3.13,3.44,2.33
2023,2023-12-07,TOT,WHU,2,3,-1,0.0,3.0,1.79,4.22,4.08
2023,2023-12-06,BHA,BRNT,2,1,1,3.0,0.0,1.93,3.91,3.77
2023,2023-12-06,CRY,BOU,2,0,1,3.0,0.0,2.27,3.45,3.25
2023,2023-12-06,FUL,NOTF,2,3,-1,0.0,3.0,2.05,3.49,3.78
2023,2023-12-06,SHU,LIVP,2,1,1,3.0,0.0,13.54,7.67,1.2
2023,2023-12-06,AVL,MANC,2,4,-1,0.0,3.0,4.45,4.26,1.73
2023,2023-12-06,MANU,CHE,0,1,-1,0.0,3.0,2.82,3.65,2.43
2023,2023-12-05,WOLV,BUR,0,4,-1,0.0,3.0,1.89,3.62,4.31
2023,2023-12-05,LUT,ARS,2,0,1,3.0,0.0,14.98,6.73,1.21
2023,2023-12-03,BOU,AVL,2,1,1,3.0,0.0,3.45,4.0,2.01
2023,2023-12-03,CHE,BHA,0,3,-1,0.0,3.0,1.75,4.24,4.37
2023,2023-12-03,LIVP,FUL,2,0,1,3.0,0.0,1.26,6.62,10.56
2023,2023-12-03,WHU,CRY,5,0,1,3.0,0.0,2.02,3.53,3.84
2023,2023-12-03,MANC,TOT,0,1,-1,0.0,3.0,1.3,6.18,9.27
2023,2023-12-02,ARS,WOLV,0,1,-1,0.0,3.0,1.27,5.95,11.58
2023,2023-12-02,BRNT,LUT,1,0,1,3.0,0.0,1.48,4.63,6.88
2023,2023-12-02,BUR,SHU,5,1,1,3.0,0.0,1.83,3.68,4.55
2023,2023-12-02,NOTF,EVE,1,1,0,1.0,1.0,2.8,3.35,2.62
2023,2023-12-02,NEW,MANU,3,0,1,3.0,0.0,1.94,3.84,3.84
2023,2023-11-27,FUL,WOLV,0,3,-1,0.0,3.0,2.43,3.34,3.02
2023,2023-11-26,TOT,AVL,1,3,-1,0.0,3.0,2.35,3.89,2.8
2023,2023-11-26,EVE,MANU,2,3,-1,0.0,3.0,2.74,3.52,2.56
2023,2023-11-25,MANC,LIVP,0,4,-1,0.0,3.0,1.75,4.31,4.29
2023,2023-11-25,BUR,WHU,1,0,1,3.0,0.0,3.47,3.62,2.1
2023,2023-11-25,LUT,CRY,3,0,1,3.0,0.0,3.63,3.38,2.13
2023,2023-11-25,NEW,CHE,1,2,-1,0.0,3.0,2.62,3.5,2.68
2023,2023-11-25,NOTF,BHA,0,0,0,1.0,1.0,3.22,3.64,2.2
2023,2023-11-25,SHU,BOU,2,1,1,3.0,0.0,3.29,3.53,2.21
2023,2023-11-25,BRNT,ARS,2,2,0,1.0,1.0,4.64,3.84,1.77
2023,2023-11-12,AVL,FUL,1,1,0,1.0,1.0,1.59,4.28,5.66
2023,2023-11-12,BHA,SHU,1,1,0,1.0,1.0,1.24,6.73,11.71
2023,2023-11-12,LIVP,BRNT,0,2,-1,0.0,3.0,1.42,5.16,7.05
2023,2023-11-12,WHU,NOTF,0,2,-1,0.0,3.0,1.89,3.77,4.09
2023,2023-11-12,CHE,MANC,0,0,0,1.0,1.0,4.93,3.83,1.74
2023,2023-11-11,WOLV,TOT,1,1,0,1.0,1.0,3.13,3.73,2.21
2023,2023-11-11,ARS,BUR,2,2,0,1.0,1.0,1.19,7.34,15.07
2023,2023-11-11,CRY,EVE,5,1,1,3.0,0.0,2.44,3.21,3.11
2023,2023-11-11,MANU,LUT,0,3,-1,0.0,3.0,1.33,5.6,9.17
2023,2023-11-11,BOU,NEW,3,0,1,3.0,0.0,4.67,4.03,1.73
2023,2023-11-06,TOT,CHE,0,1,-1,0.0,3.0,2.13,3.73,3.29
2023,2023-11-05,NOTF,AVL,1,2,-1,0.0,3.0,4.09,3.77,1.89
2023,2023-11-05,LUT,LIVP,1,4,-1,0.0,3.0,11.46,6.8,1.24
2023,2023-11-04,FUL,MANU,2,2,0,1.0,1.0,3.24,3.61,2.2
2023,2023-11-04,BRNT,WHU,0,2,-1,0.0,3.0,2.08,3.67,3.46
2023,2023-11-04,BUR,CRY,3,0,1,3.0,0.0,2.85,3.23,2.63
2023,2023-11-04,EVE,BHA,2,1,1,3.0,0.0,3.09,3.81,2.2
2023,2023-11-04,MANC,BOU,2,3,-1,0.0,3.0,1.1,11.39,26.19
2023,2023-11-04,SHU,WOLV,2,2,0,1.0,1.0,3.83,3.64,1.98
2023,2023-11-04,NEW,ARS,1,3,-1,0.0,3.0,2.82,3.39,2.56
2023,2023-10-29,WHU,EVE,2,0,1,3.0,0.0,2.15,3.64,3.32
2023,2023-10-29,AVL,LUT,3,0,1,3.0,0.0,1.28,6.19,10.79
2023,2023-10-29,BHA,FUL,0,3,-1,0.0,3.0,1.56,4.6,5.42
2023,2023-10-29,LIVP,NOTF,0,0,0,1.0,1.0,1.27,6.38,10.39
2023,2023-10-29,MANU,MANC,0,3,-1,0.0,3.0,4.99,4.04,1.69
2023,2023-10-28,CHE,BRNT,0,1,-1,0.0,3.0,1.65,4.1,5.31
2023,2023-10-28,ARS,SHU,1,1,0,1.0,1.0,1.13,9.61,21.6
2023,2023-10-28,BOU,BUR,1,3,-1,0.0,3.0,2.13,3.66,3.38
2023,2023-10-28,WOLV,NEW,3,3,0,1.0,1.0,4.26,3.94,1.82
2023,2023-10-27,CRY,TOT,2,1,1,3.0,0.0,4.64,3.83,1.79
2023,2023-10-23,TOT,FUL,1,1,0,1.0,1.0,1.51,4.7,5.99
2023,2023-10-22,AVL,WHU,1,2,-1,0.0,3.0,1.9,3.86,3.88
2023,2023-10-21,LIVP,EVE,0,2,-1,0.0,3.0,1.36,5.66,8.01
2023,2023-10-21,BOU,WOLV,1,1,0,1.0,1.0,2.41,3.48,2.95
2023,2023-10-21,BRNT,BUR,5,0,1,3.0,0.0,1.83,3.74,4.4
2023,2023-10-21,MANC,BHA,0,0,0,1.0,1.0,1.41,5.36,6.83
2023,2023-10-21,NEW,CRY,1,1,0,1.0,1.0,1.46,4.53,7.44
2023,2023-10-21,NOTF,LUT,5,3,1,3.0,0.0,1.69,3.82,5.33
2023,2023-10-21,CHE,ARS,2,2,0,1.0,1.0,3.24,3.47,2.26
2023,2023-10-21,SHU,MANU,1,4,-1,0.0,3.0,7.27,5.07,1.42
2023,2023-10-08,BHA,LIVP,2,0,1,3.0,0.0,3.05,4.01,2.17
2023,2023-10-08,WHU,NEW,4,1,1,3.0,0.0,3.32,3.72,2.13
2023,2023-10-08,WOLV,AVL,0,2,-1,0.0,3.0,3.4,3.59,2.14
2023,2023-10-08,ARS,MANC,1,0,1,3.0,0.0,2.92,3.49,2.44
2023,2023-10-07,LUT,TOT,1,1,0,1.0,1.0,6.46,4.79,1.48
2023,2023-10-07,BUR,CHE,1,0,1,3.0,0.0,4.63,3.92,1.76
2023,2023-10-07,EVE,BOU,1,1,0,1.0,1.0,1.97,3.7,3.81
2023,2023-10-07,FUL,SHU,2,1,1,3.0,0.0,1.64,3.96,5.69
2023,2023-10-07,MANU,BRNT,0,1,-1,0.0,3.0,1.69,4.2,4.78
2023,2023-10-07,CRY,NOTF,1,1,0,1.0,1.0,2.24,3.25,3.49
2023,2023-10-03,LUT,BUR,3,0,1,3.0,0.0,2.92,3.18,2.63
2023,2023-10-02,FUL,CHE,0,0,0,1.0,1.0,3.73,3.49,2.06
2023,2023-10-01,NOTF,BRNT,2,1,1,3.0,0.0,2.81,3.27,2.65
2023,2023-09-30,AVL,BHA,2,2,0,1.0,1.0,2.56,3.92,2.55
2023,2023-09-30,BOU,ARS,0,1,-1,0.0,3.0,5.77,4.68,1.53
2023,2023-09-30,EVE,LUT,5,1,1,3.0,0.0,1.61,3.94,6.06
2023,2023-09-30,MANU,CRY,2,1,1,3.0,0.0,1.57,4.3,5.89
2023,2023-09-30,NEW,BUR,1,2,-1,0.0,3.0,1.33,5.62,9.22
2023,2023-09-30,WHU,SHU,0,0,0,1.0,1.0,1.45,4.79,7.1
2023,2023-09-30,WOLV,MANC,2,3,-1,0.0,3.0,9.2,5.65,1.33
2023,2023-09-30,TOT,LIVP,0,2,-1,0.0,3.0,2.96,4.03,2.21
2023,2023-09-24,ARS,TOT,0,2,-1,0.0,3.0,1.7,4.36,4.5
2023,2023-09-24,BHA,BOU,1,1,0,1.0,1.0,1.38,5.31,7.58
2023,2023-09-24,CHE,AVL,5,2,1,3.0,0.0,1.91,3.85,3.87
2023,2023-09-24,LIVP,WHU,1,6,-1,0.0,3.0,1.39,5.38,7.19
2023,2023-09-24,SHU,NEW,1,2,-1,0.0,3.0,7.01,4.78,1.45
2023,2023-09-23,CRY,FUL,2,3,-1,0.0,3.0,1.95,3.51,4.09
2023,2023-09-23,LUT,WOLV,1,2,-1,0.0,3.0,3.3,3.43,2.23
2023,2023-09-23,MANC,NOTF,2,1,1,3.0,0.0,1.15,8.55,18.11
2023,2023-09-23,BRNT,EVE,4,1,1,3.0,0.0,1.8,3.78,4.49
2023,2023-09-23,BUR,MANU,1,2,-1,0.0,3.0,4.31,4.16,1.75
2023,2023-09-18,NOTF,BUR,1,3,-1,0.0,3.0,2.24,3.51,3.22
2023,2023-09-17,BOU,CHE,1,1,0,1.0,1.0,4.34,3.96,1.79
2023,2023-09-17,EVE,ARS,2,3,-1,0.0,3.0,6.07,4.55,1.52
2023,2023-09-16,WOLV,LIVP,2,0,1,3.0,0.0,6.64,4.95,1.45
2023,2023-09-16,AVL,CRY,1,2,-1,0.0,3.0,1.9,3.7,4.07
2023,2023-09-16,FUL,LUT,4,2,1,3.0,0.0,1.68,3.96,5.18
2023,2023-09-16,MANU,BHA,2,1,1,3.0,0.0,2.21,3.98,2.96
2023,2023-09-16,TOT,SHU,2,1,1,3.0,0.0,1.28,6.1,10.52
2023,2023-09-16,WHU,MANC,0,0,0,1.0,1.0,6.57,4.67,1.48
2023,2023-09-16,NEW,BRNT,2,1,1,3.0,0.0,1.53,4.37,6.12
2023,2023-09-03,CRY,WOLV,1,3,-1,0.0,3.0,1.95,3.45,4.15
2023,2023-09-03,LIVP,AVL,1,2,-1,0.0,3.0,1.66,4.49,4.57
2023,2023-09-03,ARS,MANU,3,3,0,1.0,1.0,1.77,4.04,4.38
2023,2023-09-02,SHU,EVE,3,2,1,3.0,0.0,3.01,3.23,2.5
2023,2023-09-02,BRNT,BOU,1,2,-1,0.0,3.0,1.72,4.06,4.67
2023,2023-09-02,BUR,TOT,3,1,1,3.0,0.0,3.83,3.99,1.88
2023,2023-09-02,CHE,NOTF,2,0,1,3.0,0.0,1.38,5.03,8.27
2023,2023-09-02,MANC,FUL,2,0,1,3.0,0.0,1.15,8.46,17.91
2023,2023-09-02,BHA,NEW,2,1,1,3.0,0.0,2.55,3.87,2.55
2023,2023-09-01,LUT,WHU,1,1,0,1.0,1.0,4.7,3.94,1.74
2023,2023-08-27,BUR,AVL,2,3,-1,0.0,3.0,3.36,3.55,2.16
2023,2023-08-27,SHU,MANC,0,0,0,1.0,1.0,16.67,7.51,1.18
2023,2023-08-27,NEW,LIVP,2,1,1,3.0,0.0,2.2,3.9,3.03
2023,2023-08-26,BOU,TOT,1,2,-1,0.0,3.0,3.67,3.94,1.95
2023,2023-08-26,ARS,FUL,3,1,1,3.0,0.0,1.23,6.49,13.35
2023,2023-08-26,BRNT,CRY,2,0,1,3.0,0.0,2.14,3.41,3.57
2023,2023-08-26,EVE,WOLV,4,2,1,3.0,0.0,2.32,3.31,3.24
2023,2023-08-26,MANU,NOTF,2,5,-1,0.0,3.0,1.31,5.79,9.23
2023,2023-08-26,BHA,WHU,1,2,-1,0.0,3.0,1.53,4.67,5.73
2023,2023-08-25,CHE,LUT,3,3,0,1.0,1.0,1.29,5.86,10.78
2023,2023-08-21,CRY,ARS,2,0,1,3.0,0.0,5.79,4.06,1.6
2023,2023-08-20,AVL,EVE,0,0,0,1.0,1.0,1.7,3.91,5.0
2023,2023-08-20,WHU,CHE,3,1,1,3.0,0.0,3.66,3.57,2.04
2023,2023-08-19,FUL,BRNT,2,0,1,3.0,0.0,2.72,3.4,2.63
2023,2023-08-19,LIVP,BOU,2,1,1,3.0,0.0,1.23,6.86,11.82
2023,2023-08-19,WOLV,BHA,2,1,1,3.0,0.0,4.0,3.81,1.89
2023,2023-08-19,TOT,MANU,0,0,0,1.0,1.0,2.84,3.75,2.37
2023,2023-08-19,MANC,NEW,4,2,1,3.0,0.0,1.7,4.07,4.83
2023,2023-08-18,NOTF,SHU,2,3,-1,0.0,3.0,1.95,3.43,4.25
2023,2023-08-14,MANU,WOLV,2,2,0,1.0,1.0,1.31,5.65,9.85
2023,2023-08-13,BRNT,TOT,2,0,1,3.0,0.0,2.73,3.63,2.5
2023,2023-08-13,CHE,LIVP,1,3,-1,0.0,3.0,2.87,3.64,2.39
2023,2023-08-12,ARS,NOTF,1,0,1,3.0,0.0,1.18,7.64,15.67
2023,2023-08-12,BOU,WHU,3,0,1,3.0,0.0,2.69,3.44,2.64
2023,2023-08-12,BHA,LUT,2,2,0,1.0,1.0,1.33,5.52,9.61
2023,2023-08-12,EVE,FUL,1,0,1,3.0,0.0,2.24,3.43,3.3
2023,2023-08-12,SHU,CRY,1,2,-1,0.0,3.0,3.12,3.24,2.41
2023,2023-08-12,NEW,AVL,3,2,1,3.0,0.0,1.76,3.88,4.61
2023,2023-08-11,BUR,MANC,0,0,0,1.0,1.0,9.02,5.35,1.35
2022,2023-05-28,ARS,WOLV,2,2,0,1.0,1.0,1.37,5.33,7.87
2022,2023-05-28,AVL,BHA,0,0,0,1.0,1.0,2.04,3.88,3.37
2022,2023-05-28,BRNT,MANC,0,1,-1,0.0,3.0,3.88,4.01,1.87
2022,2023-05-28,CHE,NEW,2,3,-1,0.0,3.0,2.87,3.64,2.38
2022,2023-05-28,CRY,NOTF,0,1,-1,0.0,3.0,1.69,4.15,4.77
2022,2023-05-28,EVE,BOU,1,1,0,1.0,1.0,1.49,4.61,6.58
2022,2023-05-28,LEE,TOT,0,0,0,1.0,1.0,2.77,3.84,2.37
2022,2023-05-28,LEIC,WHU,1,2,-1,0.0,3.0,1.94,3.92,3.65
2022,2023-05-28,MANU,FUL,2,1,1,3.0,0.0,1.53,4.59,5.76
2022,2023-05-28,SOU,LIVP,1,1,0,1.0,1.0,6.74,5.2,1.42
2022,2023-05-25,MANU,CHE,1,0,1,3.0,0.0,1.63,4.35,5.12
2022,2023-05-24,BHA,MANC,0,0,0,1.0,1.0,3.97,4.22,1.81
2022,2023-05-22,NEW,LEIC,5,4,1,3.0,0.0,1.38,5.39,7.66
2022,2023-05-21,WHU,LEE,2,1,1,3.0,0.0,2.45,3.56,2.84
2022,2023-05-21,BHA,SOU,2,1,1,3.0,0.0,1.23,6.91,12.43
2022,2023-05-21,MANC,CHE,2,0,1,3.0,0.0,1.26,6.41,11.48
2022,2023-05-20,TOT,BRNT,5,2,1,3.0,0.0,1.85,3.88,4.13
2022,2023-05-20,BOU,MANU,1,1,0,1.0,1.0,6.06,4.77,1.51
2022,2023-05-20,FUL,CRY,3,3,0,1.0,1.0,2.45,3.4,2.97
2022,2023-05-20,LIVP,AVL,1,1,0,1.0,1.0,1.49,4.86,6.16
2022,2023-05-20,WOLV,EVE,1,1,0,1.0,1.0,2.77,3.35,2.63
2022,2023-05-20,NOTF,ARS,1,0,1,3.0,0.0,5.37,4.45,1.59
2022,2023-05-18,NEW,BHA,1,1,0,1.0,1.0,2.02,3.86,3.49
2022,2023-05-15,LEIC,LIVP,3,1,1,3.0,0.0,5.11,4.59,1.59
2022,2023-05-14,BRNT,WHU,1,1,0,1.0,1.0,2.05,3.56,3.66
2022,2023-05-14,EVE,MANC,3,1,1,3.0,0.0,8.86,5.21,1.36
2022,2023-05-14,ARS,BHA,2,0,1,3.0,0.0,1.77,4.19,4.21
2022,2023-05-13,LEE,NEW,0,3,-1,0.0,3.0,4.62,4.2,1.71
2022,2023-05-13,AVL,TOT,1,1,0,1.0,1.0,2.3,3.6,3.03
2022,2023-05-13,CHE,NOTF,0,1,-1,0.0,3.0,1.51,4.4,6.68
2022,2023-05-13,CRY,BOU,2,2,0,1.0,1.0,1.88,3.7,4.18
2022,2023-05-13,MANU,WOLV,3,0,1,3.0,0.0,1.38,5.1,8.37
2022,2023-05-13,SOU,FUL,1,4,-1,0.0,3.0,2.82,3.44,2.51
2022,2023-05-08,FUL,LEIC,1,2,-1,0.0,3.0,2.67,3.53,2.6
2022,2023-05-08,BHA,EVE,2,0,1,3.0,0.0,1.35,5.3,8.47
2022,2023-05-08,NOTF,SOU,4,0,1,3.0,0.0,2.13,3.52,3.46
2022,2023-05-07,NEW,ARS,2,0,1,3.0,0.0,2.49,3.73,2.71
2022,2023-05-07,WHU,MANU,2,1,1,3.0,0.0,3.43,3.74,2.08
2022,2023-05-06,BOU,CHE,1,4,-1,0.0,3.0,3.42,3.47,2.17
2022,2023-05-06,MANC,LEE,0,1,-1,0.0,3.0,1.17,8.41,15.94
2022,2023-05-06,TOT,CRY,0,2,-1,0.0,3.0,1.82,3.92,4.21
2022,2023-05-06,WOLV,AVL,1,1,0,1.0,1.0,2.98,3.26,2.51
2022,2023-05-06,LIVP,BRNT,2,2,0,1.0,1.0,1.48,4.91,6.16
2022,2023-05-04,BHA,MANU,5,3,1,3.0,0.0,2.03,3.82,3.5
2022,2023-05-03,LIVP,FUL,1,2,-1,0.0,3.0,1.26,6.39,10.73
2022,2023-05-03,MANC,WHU,0,0,0,1.0,1.0,1.2,7.21,13.79
2022,2023-05-02,ARS,CHE,1,1,0,1.0,1.0,1.59,4.22,5.75
2022,2023-05-01,LEIC,EVE,1,1,0,1.0,1.0,2.04,3.45,3.79
2022,2023-04-30,BOU,LEE,2,4,-1,0.0,3.0,2.61,3.5,2.68
2022,2023-04-30,FUL,MANC,0,1,-1,0.0,3.0,11.95,6.23,1.25
2022,2023-04-30,MANU,AVL,0,0,0,1.0,1.0,1.78,3.94,4.35
2022,2023-04-30,NEW,SOU,6,0,1,3.0,0.0,1.32,5.46,9.9
2022,2023-04-30,LIVP,TOT,0,1,-1,0.0,3.0,1.54,4.69,5.68
2022,2023-04-29,CRY,WHU,1,1,0,1.0,1.0,2.7,3.18,2.81
2022,2023-04-29,BRNT,NOTF,6,2,1,3.0,0.0,1.66,3.88,5.5
2022,2023-04-29,BHA,WOLV,1,2,-1,0.0,3.0,1.51,4.37,6.69
2022,2023-04-27,EVE,NEW,3,0,1,3.0,0.0,4.84,3.7,1.77
2022,2023-04-27,SOU,BOU,2,1,1,3.0,0.0,2.3,3.43,3.15
2022,2023-04-27,TOT,MANU,2,0,1,3.0,0.0,2.79,3.65,2.44
2022,2023-04-26,NOTF,BHA,2,2,0,1.0,1.0,6.08,4.36,1.54
2022,2023-04-26,CHE,BRNT,2,0,1,3.0,0.0,1.71,3.89,5.02
2022,2023-04-26,WHU,LIVP,0,2,-1,0.0,3.0,3.96,3.86,1.88
2022,2023-04-26,MANC,ARS,2,4,-1,0.0,3.0,1.56,4.49,5.7
2022,2023-04-25,WOLV,CRY,1,0,1,3.0,0.0,2.52,3.14,3.09
2022,2023-04-25,AVL,FUL,2,2,0,1.0,1.0,1.8,3.87,4.43
2022,2023-04-25,LEE,LEIC,1,2,-1,0.0,3.0,2.37,3.54,2.98
2022,2023-04-23,BOU,WHU,1,0,1,3.0,0.0,2.83,3.25,2.61
2022,2023-04-23,NEW,TOT,0,0,0,1.0,1.0,1.85,3.81,4.22
2022,2023-04-22,FUL,LEE,2,0,1,3.0,0.0,2.38,3.44,3.01
2022,2023-04-22,BRNT,AVL,3,0,1,3.0,0.0,2.53,3.38,2.84
2022,2023-04-22,CRY,EVE,2,1,1,3.0,0.0,2.11,3.25,3.83
2022,2023-04-22,LEIC,WOLV,0,1,-1,0.0,3.0,2.45,3.27,3.05
2022,2023-04-22,LIVP,NOTF,4,3,1,3.0,0.0,1.18,7.64,16.06
2022,2023-04-21,ARS,SOU,1,1,0,1.0,1.0,1.2,7.18,14.72
2022,2023-04-17,LEE,LIVP,0,1,-1,0.0,3.0,4.35,4.22,1.73
2022,2023-04-16,WHU,ARS,1,3,-1,0.0,3.0,5.92,4.22,1.57
2022,2023-04-16,NOTF,MANU,2,0,1,3.0,0.0,5.0,3.96,1.69
2022,2023-04-15,AVL,NEW,6,2,1,3.0,0.0,3.61,3.42,2.13
2022,2023-04-15,CHE,BHA,0,2,-1,0.0,3.0,2.67,3.42,2.68
2022,2023-04-15,EVE,FUL,2,1,1,3.0,0.0,2.07,3.39,3.78
2022,2023-04-15,SOU,CRY,0,0,0,1.0,1.0,2.82,3.2,2.68
2022,2023-04-15,TOT,BOU,0,2,-1,0.0,3.0,1.47,4.6,6.83
2022,2023-04-15,WOLV,BRNT,1,1,0,1.0,1.0,2.52,3.23,3.0
2022,2023-04-15,MANC,LEIC,5,5,0,1.0,1.0,1.16,8.49,17.32
2022,2023-04-09,LEE,CRY,3,2,1,3.0,0.0,2.11,3.41,3.59
2022,2023-04-09,LIVP,ARS,4,2,1,3.0,0.0,2.79,3.69,2.41
2022,2023-04-08,MANU,EVE,1,0,1,3.0,0.0,1.5,4.37,6.75
2022,2023-04-08,AVL,NOTF,0,1,-1,0.0,3.0,1.62,4.09,5.55
2022,2023-04-08,BRNT,NEW,1,1,0,1.0,1.0,3.57,3.46,2.1
2022,2023-04-08,FUL,WHU,0,1,-1,0.0,3.0,2.79,3.24,2.66
2022,2023-04-08,LEIC,BOU,1,0,1,3.0,0.0,1.88,3.72,4.11
2022,2023-04-08,TOT,BHA,2,0,1,3.0,0.0,2.56,3.56,2.69
2022,2023-04-08,WOLV,CHE,1,0,1,3.0,0.0,4.14,3.47,1.95
2022,2023-04-08,SOU,MANC,2,2,0,1.0,1.0,12.48,6.19,1.25
2022,2023-04-05,MANU,BRNT,0,2,-1,0.0,3.0,1.65,4.17,5.07
2022,2023-04-05,WHU,NEW,3,4,-1,0.0,3.0,3.53,3.41,2.15
2022,2023-04-04,BOU,BHA,3,1,1,3.0,0.0,5.94,4.29,1.57
2022,2023-04-04,LEE,NOTF,0,0,0,1.0,1.0,1.73,3.83,5.05
2022,2023-04-04,LEIC,AVL,0,1,-1,0.0,3.0,2.58,3.41,2.79
2022,2023-04-04,CHE,LIVP,4,0,1,3.0,0.0,2.25,3.46,3.28
2022,2023-04-03,EVE,TOT,1,6,-1,0.0,3.0,3.41,3.36,2.21
2022,2023-04-02,WHU,SOU,0,0,0,1.0,1.0,1.76,3.74,4.87
2022,2023-04-02,NEW,MANU,1,0,1,3.0,0.0,2.41,3.45,2.96
2022,2023-04-01,MANC,LIVP,1,1,0,1.0,1.0,1.64,4.2,5.19
2022,2023-04-01,ARS,LEE,2,0,1,3.0,0.0,1.29,5.84,10.48
2022,2023-04-01,BOU,FUL,2,0,1,3.0,0.0,2.56,3.34,2.84
2022,2023-04-01,BHA,BRNT,1,0,1,3.0,0.0,1.67,4.08,5.05
2022,2023-04-01,CRY,LEIC,3,1,1,3.0,0.0,2.54,3.24,2.94
2022,2023-04-01,NOTF,WOLV,0,1,-1,0.0,3.0,2.96,3.13,2.61
2022,2023-04-01,CHE,AVL,1,2,-1,0.0,3.0,1.68,3.83,5.4
2022,2023-03-19,ARS,CRY,6,0,1,3.0,0.0,1.26,5.93,12.83
2022,2023-03-18,AVL,BOU,1,0,1,3.0,0.0,1.72,3.85,4.99
2022,2023-03-18,BRNT,LEIC,2,0,1,3.0,0.0,1.95,3.7,3.85
2022,2023-03-18,SOU,TOT,2,2,0,1.0,1.0,4.56,3.68,1.82
2022,2023-03-18,WOLV,LEE,1,2,-1,0.0,3.0,2.28,3.23,3.41
2022,2023-03-18,CHE,EVE,0,3,-1,0.0,3.0,1.49,4.18,7.62
2022,2023-03-17,NOTF,NEW,3,1,1,3.0,0.0,5.58,3.83,1.67
2022,2023-03-15,BHA,CRY,0,1,-1,0.0,3.0,1.46,4.44,7.58
2022,2023-03-15,SOU,BRNT,2,0,1,3.0,0.0,2.97,3.31,2.46
2022,2023-03-12,FUL,ARS,4,2,1,3.0,0.0,5.74,4.17,1.59
2022,2023-03-12,MANU,SOU,4,0,1,3.0,0.0,1.34,5.26,9.22
2022,2023-03-12,WHU,AVL,1,0,1,3.0,0.0,2.23,3.37,3.36
2022,2023-03-12,NEW,WOLV,1,0,1,3.0,0.0,1.67,3.81,5.47
2022,2023-03-11,BOU,LIVP,0,2,-1,0.0,3.0,7.07,4.95,1.43
2022,2023-03-11,EVE,BRNT,0,0,0,1.0,1.0,2.71,3.2,2.76
2022,2023-03-11,LEE,BHA,1,2,-1,0.0,3.0,3.84,3.67,1.97
2022,2023-03-11,LEIC,CHE,2,1,1,3.0,0.0,3.83,3.56,2.0
2022,2023-03-11,TOT,NOTF,0,1,-1,0.0,3.0,1.44,4.62,7.52
2022,2023-03-11,CRY,MANC,2,0,1,3.0,0.0,9.05,5.12,1.36
2022,2023-03-06,BRNT,FUL,0,3,-1,0.0,3.0,2.0,3.65,3.71
2022,2023-03-05,NOTF,EVE,0,0,0,1.0,1.0,2.68,3.08,2.92
2022,2023-03-05,LIVP,MANU,1,3,-1,0.0,3.0,2.4,3.68,2.85
2022,2023-03-04,MANC,NEW,1,4,-1,0.0,3.0,1.48,4.59,6.76
2022,2023-03-04,ARS,BOU,3,2,1,3.0,0.0,1.22,6.82,13.83
2022,2023-03-04,AVL,CRY,0,1,-1,0.0,3.0,2.07,3.32,3.88
2022,2023-03-04,BHA,WHU,3,4,-1,0.0,3.0,1.79,3.8,4.61
2022,2023-03-04,CHE,LEE,3,3,0,1.0,1.0,1.64,4.02,5.52
2022,2023-03-04,WOLV,TOT,2,1,1,3.0,0.0,3.31,3.36,2.27
2022,2023-03-04,SOU,LEIC,1,1,0,1.0,1.0,2.77,3.31,2.64
2022,2023-03-01,ARS,EVE,0,0,0,1.0,1.0,1.36,5.04,9.33
2022,2023-03-01,LIVP,WOLV,0,0,0,1.0,1.0,1.49,4.59,6.6
2022,2023-02-26,TOT,CHE,1,2,-1,0.0,3.0,2.54,3.33,2.91
2022,2023-02-25,EVE,AVL,2,1,1,3.0,0.0,2.54,3.21,2.98
2022,2023-02-25,LEE,SOU,2,1,1,3.0,0.0,1.99,3.57,3.89
2022,2023-02-25,LEIC,ARS,1,1,0,1.0,1.0,4.73,4.09,1.71
2022,2023-02-25,WHU,NOTF,0,1,-1,0.0,3.0,1.78,3.61,4.97
2022,2023-02-25,BOU,MANC,2,0,1,3.0,0.0,10.21,5.81,1.3
2022,2023-02-25,CRY,LIVP,3,0,1,3.0,0.0,4.7,3.93,1.74
2022,2023-02-24,FUL,WOLV,1,3,-1,0.0,3.0,2.54,3.22,3.0
2022,2023-02-19,MANU,LEIC,2,1,1,3.0,0.0,1.62,4.32,5.22
2022,2023-02-19,TOT,WHU,2,0,1,3.0,0.0,1.83,3.76,4.39
2022,2023-02-18,AVL,ARS,2,1,1,3.0,0.0,4.43,3.71,1.84
2022,2023-02-18,BRNT,CRY,0,0,0,1.0,1.0,1.86,3.54,4.59
2022,2023-02-18,BHA,FUL,5,0,1,3.0,0.0,1.67,4.06,5.15
2022,2023-02-18,CHE,SOU,4,0,1,3.0,0.0,1.38,4.76,9.42
2022,2023-02-18,EVE,LEE,1,1,0,1.0,1.0,2.48,3.31,2.99
2022,2023-02-18,NOTF,MANC,2,1,1,3.0,0.0,10.01,5.62,1.31
2022,2023-02-18,WOLV,BOU,1,1,0,1.0,1.0,1.68,3.81,5.53
2022,2023-02-18,NEW,LIVP,2,1,1,3.0,0.0,2.57,3.51,2.75
2022,2023-02-15,ARS,MANC,2,1,1,3.0,0.0,2.93,3.51,2.42
2022,2023-02-13,LIVP,EVE,1,0,1,3.0,0.0,1.53,4.38,6.23
2022,2023-02-12,LEE,MANU,1,2,-1,0.0,3.0,3.86,3.85,1.92
2022,2023-02-12,MANC,AVL,6,0,1,3.0,0.0,1.25,6.59,11.89
2022,2023-02-11,WHU,CHE,0,4,-1,0.0,3.0,3.4,3.29,2.27
2022,2023-02-11,ARS,BRNT,1,1,0,1.0,1.0,1.45,4.72,7.52
2022,2023-02-11,CRY,BHA,2,1,1,3.0,0.0,3.81,3.51,2.04
2022,2023-02-11,FUL,NOTF,1,3,-1,0.0,3.0,1.93,3.56,4.22
2022,2023-02-11,LEIC,TOT,2,2,0,1.0,1.0,3.39,3.64,2.13
2022,2023-02-11,SOU,WOLV,1,0,1,3.0,0.0,3.03,3.18,2.54
2022,2023-02-11,BOU,NEW,3,3,0,1.0,1.0,6.39,4.06,1.57
2022,2023-02-08,MANU,LEE,3,0,1,3.0,0.0,1.47,4.83,6.54
2022,2023-02-05,NOTF,LEE,3,0,1,3.0,0.0,2.64,3.43,2.71
2022,2023-02-05,TOT,MANC,2,2,0,1.0,1.0,4.43,4.16,1.75
2022,2023-02-04,EVE,ARS,1,1,0,1.0,1.0,8.22,4.75,1.41
2022,2023-02-04,AVL,LEIC,2,3,-1,0.0,3.0,1.99,3.64,3.83
2022,2023-02-04,BRNT,SOU,0,0,0,1.0,1.0,1.89,3.64,4.21
2022,2023-02-04,BHA,BOU,2,0,1,3.0,0.0,1.35,5.22,9.18
2022,2023-02-04,MANU,CRY,0,0,0,1.0,1.0,1.4,4.83,8.33
2022,2023-02-04,WOLV,LIVP,0,1,-1,0.0,3.0,4.02,3.85,1.88
2022,2023-02-04,NEW,WHU,4,2,1,3.0,0.0,1.62,3.92,6.03
2022,2023-02-03,CHE,FUL,2,0,1,3.0,0.0,1.64,4.05,5.55
2022,2023-01-23,FUL,TOT,2,1,1,3.0,0.0,3.25,3.75,2.13
2022,2023-01-22,LEE,BRNT,2,1,1,3.0,0.0,2.38,3.67,2.89
2022,2023-01-22,MANC,WOLV,2,0,1,3.0,0.0,1.2,7.38,14.81
2022,2023-01-22,ARS,MANU,3,2,1,3.0,0.0,1.86,3.86,4.08
2022,2023-01-21,LIVP,CHE,1,4,-1,0.0,3.0,1.89,3.82,4.08
2022,2023-01-21,BOU,NOTF,0,0,0,1.0,1.0,2.76,3.18,2.76
2022,2023-01-21,LEIC,BHA,2,1,1,3.0,0.0,3.51,3.65,2.08
2022,2023-01-21,SOU,AVL,0,0,0,1.0,1.0,2.88,3.38,2.53
2022,2023-01-21,WHU,EVE,0,0,0,1.0,1.0,1.8,3.68,4.76
2022,2023-01-21,CRY,NEW,1,0,1,3.0,0.0,4.4,3.58,1.88
2022,2023-01-19,MANC,TOT,1,1,0,1.0,1.0,1.37,5.41,8.06
2022,2023-01-18,CRY,MANU,2,3,-1,0.0,3.0,4.56,3.78,1.8
2022,2023-01-15,CHE,CRY,0,0,0,1.0,1.0,1.66,3.93,5.47
2022,2023-01-15,NEW,FUL,0,1,-1,0.0,3.0,1.52,4.42,6.32
2022,2023-01-15,TOT,ARS,1,0,1,3.0,0.0,3.24,3.63,2.18
2022,2023-01-14,MANU,MANC,2,4,-1,0.0,3.0,4.21,3.9,1.84
2022,2023-01-14,BHA,LIVP,1,0,1,3.0,0.0,3.31,3.76,2.12
2022,2023-01-14,EVE,SOU,2,2,0,1.0,1.0,2.25,3.39,3.32
2022,2023-01-14,NOTF,LEIC,0,1,-1,0.0,3.0,2.72,3.4,2.65
2022,2023-01-14,WOLV,WHU,1,1,0,1.0,1.0,2.7,3.27,2.75
2022,2023-01-14,BRNT,BOU,2,0,1,3.0,0.0,1.66,4.09,5.2
2022,2023-01-13,AVL,LEE,1,1,0,1.0,1.0,1.94,3.63,4.02
2022,2023-01-12,FUL,CHE,2,3,-1,0.0,3.0,3.36,3.54,2.18
2022,2023-01-05,CHE,MANC,1,2,-1,0.0,3.0,5.17,4.03,1.66
2022,2023-01-04,SOU,NOTF,2,2,0,1.0,1.0,2.03,3.46,3.82
2022,2023-01-04,LEE,WHU,0,0,0,1.0,1.0,2.62,3.52,2.65
2022,2023-01-04,AVL,WOLV,2,0,1,3.0,0.0,1.99,3.57,3.86
2022,2023-01-04,CRY,TOT,0,0,0,1.0,1.0,3.34,3.48,2.19
2022,2023-01-03,ARS,NEW,4,2,1,3.0,0.0,1.82,3.83,4.39
2022,2023-01-03,EVE,BHA,3,4,-1,0.0,3.0,3.56,3.46,2.13
2022,2023-01-03,LEIC,FUL,2,1,1,3.0,0.0,2.23,3.63,3.16
2022,2023-01-03,MANU,BOU,1,2,-1,0.0,3.0,1.29,5.94,10.56
2022,2023-01-02,BRNT,LIVP,3,2,1,3.0,0.0,5.65,4.52,1.56
2022,2023-01-01,TOT,AVL,1,2,-1,0.0,3.0,1.68,4.06,4.94
2022,2023-01-01,NOTF,CHE,1,1,0,1.0,1.0,5.21,3.88,1.69
2022,2022-12-31,WOLV,MANU,1,0,1,3.0,0.0,4.09,3.64,1.92
2022,2022-12-31,BOU,CRY,0,2,-1,0.0,3.0,2.91,3.27,2.55
2022,2022-12-31,FUL,SOU,0,3,-1,0.0,3.0,2.02,3.57,3.77
2022,2022-12-31,MANC,EVE,0,0,0,1.0,1.0,1.14,8.61,21.51
2022,2022-12-31,NEW,LEE,1,0,1,3.0,0.0,1.47,4.73,6.73
2022,2022-12-31,BHA,ARS,0,0,0,1.0,1.0,3.46,3.56,2.12
2022,2022-12-30,WHU,BRNT,1,0,1,3.0,0.0,2.06,3.59,3.64
2022,2022-12-30,LIVP,LEIC,2,0,1,3.0,0.0,1.3,6.03,9.64
2022,2022-12-28,LEE,MANC,0,0,0,1.0,1.0,9.46,5.99,1.3
2022,2022-12-27,CHE,BOU,0,2,-1,0.0,3.0,1.32,5.46,9.72
2022,2022-12-27,MANU,NOTF,1,1,0,1.0,1.0,1.31,5.51,10.4
2022,2022-12-26,BRNT,TOT,3,0,1,3.0,0.0,3.85,3.74,1.95
2022,2022-12-26,CRY,FUL,3,2,1,3.0,0.0,2.07,3.55,3.58
2022,2022-12-26,EVE,WOLV,2,3,-1,0.0,3.0,2.35,3.25,3.24
2022,2022-12-26,LEIC,NEW,0,1,-1,0.0,3.0,3.24,3.54,2.21
2022,2022-12-26,SOU,BHA,1,2,-1,0.0,3.0,3.4,3.51,2.15
2022,2022-12-26,AVL,LIVP,1,0,1,3.0,0.0,4.51,4.04,1.75
2022,2022-12-26,ARS,WHU,5,1,1,3.0,0.0,1.51,4.39,6.52
2022,2022-11-13,BHA,AVL,1,0,1,3.0,0.0,1.86,3.71,4.21
2022,2022-11-13,FUL,MANU,2,0,1,3.0,0.0,3.91,3.88,1.89
2022,2022-11-12,MANC,BRNT,0,4,-1,0.0,3.0,1.14,8.92,19.14
2022,2022-11-12,BOU,EVE,0,0,0,1.0,1.0,2.86,3.25,2.6
2022,2022-11-12,LIVP,SOU,2,0,1,3.0,0.0,1.25,6.52,11.38
2022,2022-11-12,NOTF,CRY,0,1,-1,0.0,3.0,3.12,3.24,2.43
2022,2022-11-12,TOT,LEE,2,1,1,3.0,0.0,1.64,4.26,5.04
2022,2022-11-12,WHU,LEIC,3,2,1,3.0,0.0,2.09,3.51,3.6
2022,2022-11-12,NEW,CHE,2,1,1,3.0,0.0,2.33,3.44,3.11
2022,2022-11-12,WOLV,ARS,3,0,1,3.0,0.0,6.15,4.26,1.55
2022,2022-11-06,CHE,ARS,1,0,1,3.0,0.0,2.64,3.42,2.7
2022,2022-11-06,AVL,MANU,1,3,-1,0.0,3.0,3.39,3.54,2.15
2022,2022-11-06,SOU,NEW,0,0,0,1.0,1.0,4.02,3.66,1.92
2022,2022-11-06,WHU,CRY,0,1,-1,0.0,3.0,1.94,3.49,4.18
2022,2022-11-06,TOT,LIVP,3,1,1,3.0,0.0,3.28,3.67,2.16
2022,2022-11-05,LEE,BOU,3,1,1,3.0,0.0,1.74,3.93,4.73
2022,2022-11-05,MANC,FUL,4,2,1,3.0,0.0,1.13,9.74,19.8
2022,2022-11-05,NOTF,BRNT,0,3,-1,0.0,3.0,2.78,3.39,2.59
2022,2022-11-05,WOLV,BHA,0,1,-1,0.0,3.0,3.39,3.33,2.24
2022,2022-11-05,EVE,LEIC,0,1,-1,0.0,3.0,2.43,3.33,3.03
2022,2022-10-30,ARS,NOTF,6,2,1,3.0,0.0,1.2,6.96,14.82
2022,2022-10-30,MANU,WHU,2,3,-1,0.0,3.0,1.7,4.02,4.85
2022,2022-10-29,LEIC,MANC,1,0,1,3.0,0.0,9.66,6.09,1.29
2022,2022-10-29,BOU,TOT,3,0,1,3.0,0.0,5.1,3.91,1.69
2022,2022-10-29,BRNT,WOLV,3,0,1,3.0,0.0,2.2,3.46,3.33
2022,2022-10-29,BHA,CHE,1,1,0,1.0,1.0,3.03,3.34,2.41
2022,2022-10-29,CRY,SOU,1,0,1,3.0,0.0,1.95,3.57,4.03
2022,2022-10-29,NEW,AVL,0,0,0,1.0,1.0,1.83,3.73,4.41
2022,2022-10-29,FUL,EVE,2,1,1,3.0,0.0,2.36,3.43,3.07
2022,2022-10-29,LIVP,LEE,0,0,0,1.0,1.0,1.3,6.07,9.16
2022,2022-10-24,WHU,BOU,1,1,0,1.0,1.0,1.55,4.16,6.2
2022,2022-10-23,AVL,BRNT,1,0,1,3.0,0.0,2.14,3.5,3.49
2022,2022-10-23,LEE,FUL,5,0,1,3.0,0.0,2.06,3.62,3.59
2022,2022-10-23,SOU,ARS,1,2,-1,0.0,3.0,5.78,4.27,1.58
2022,2022-10-23,WOLV,LEIC,1,0,1,3.0,0.0,2.3,3.38,3.24
2022,2022-10-23,TOT,NEW,1,1,0,1.0,1.0,2.09,3.58,3.53
2022,2022-10-22,NOTF,LIVP,3,1,1,3.0,0.0,11.31,6.19,1.26
2022,2022-10-22,EVE,CRY,3,1,1,3.0,0.0,2.58,3.18,2.96
2022,2022-10-22,MANC,BHA,2,0,1,3.0,0.0,1.21,6.94,14.36
2022,2022-10-22,CHE,MANU,4,0,1,3.0,0.0,2.14,3.51,3.5
2022,2022-10-20,FUL,AVL,1,1,0,1.0,1.0,2.88,3.42,2.51
2022,2022-10-20,LEIC,LEE,4,1,1,3.0,0.0,2.32,3.58,3.03
2022,2022-10-19,BOU,SOU,1,4,-1,0.0,3.0,2.72,3.33,2.69
2022,2022-10-19,BRNT,CHE,3,2,1,3.0,0.0,4.79,3.92,1.74
2022,2022-10-19,LIVP,WHU,1,1,0,1.0,1.0,1.44,5.01,6.96
2022,2022-10-19,NEW,EVE,4,0,1,3.0,0.0,1.64,4.05,5.46
2022,2022-10-19,MANU,TOT,2,1,1,3.0,0.0,2.45,3.57,2.86
2022,2022-10-18,BHA,NOTF,5,1,1,3.0,0.0,1.4,4.91,8.19
2022,2022-10-18,CRY,WOLV,1,2,-1,0.0,3.0,2.29,3.19,3.46
2022,2022-10-16,AVL,CHE,6,3,1,3.0,0.0,4.54,3.69,1.82
2022,2022-10-16,LEE,ARS,1,1,0,1.0,1.0,5.83,4.41,1.56
2022,2022-10-16,MANU,NEW,2,1,1,3.0,0.0,2.0,3.78,3.65
2022,2022-10-16,SOU,WHU,0,0,0,1.0,1.0,2.96,3.42,2.44
2022,2022-10-16,LIVP,MANC,0,0,0,1.0,1.0,3.74,4.06,1.91
2022,2022-10-15,LEIC,CRY,1,4,-1,0.0,3.0,2.31,3.49,3.12
2022,2022-10-15,FUL,BOU,2,0,1,3.0,0.0,1.89,3.72,4.13
2022,2022-10-15,WOLV,NOTF,2,1,1,3.0,0.0,1.72,3.81,5.13
2022,2022-10-15,TOT,EVE,2,3,-1,0.0,3.0,1.49,4.56,6.81
2022,2022-10-14,BRNT,BHA,0,4,-1,0.0,3.0,3.21,3.44,2.3
2022,2022-10-10,NOTF,AVL,0,2,-1,0.0,3.0,3.35,3.49,2.19
2022,2022-10-09,CRY,LEE,4,2,1,3.0,0.0,2.07,3.62,3.57
2022,2022-10-09,WHU,FUL,0,0,0,1.0,1.0,1.78,3.9,4.56
2022,2022-10-09,ARS,LIVP,0,0,0,1.0,1.0,2.58,3.72,2.62
2022,2022-10-09,EVE,MANU,0,0,0,1.0,1.0,3.56,3.58,2.09
2022,2022-10-08,BOU,LEIC,2,0,1,3.0,0.0,3.53,3.63,2.09
2022,2022-10-08,CHE,WOLV,1,2,-1,0.0,3.0,1.4,4.82,8.5
2022,2022-10-08,MANC,SOU,0,1,-1,0.0,3.0,1.12,10.3,21.15
2022,2022-10-08,NEW,BRNT,2,1,1,3.0,0.0,1.8,3.92,4.38
2022,2022-10-08,BHA,TOT,1,2,-1,0.0,3.0,2.76,3.47,2.58
2022,2022-10-03,LEIC,NOTF,1,1,0,1.0,1.0,1.76,4.05,4.41
2022,2022-10-02,MANC,MANU,3,2,1,3.0,0.0,1.35,5.7,8.0
2022,2022-10-02,LEE,AVL,1,1,0,1.0,1.0,2.36,3.46,3.03
2022,2022-10-01,ARS,TOT,3,1,1,3.0,0.0,2.08,3.7,3.48
2022,2022-10-01,BOU,BRNT,2,0,1,3.0,0.0,3.36,3.44,2.21
2022,2022-10-01,CRY,CHE,0,1,-1,0.0,3.0,4.29,3.57,1.9
2022,2022-10-01,FUL,NEW,3,0,1,3.0,0.0,3.04,3.46,2.37
2022,2022-10-01,LIVP,BHA,4,2,1,3.0,0.0,1.37,5.33,8.25
2022,2022-10-01,SOU,EVE,3,2,1,3.0,0.0,2.19,3.41,3.44
2022,2022-10-01,WHU,WOLV,1,1,0,1.0,1.0,1.96,3.48,4.12
2022,2022-09-18,BRNT,ARS,0,1,-1,0.0,3.0,4.3,3.91,1.81
2022,2022-09-18,EVE,WHU,0,2,-1,0.0,3.0,2.95,3.31,2.5
2022,2022-09-17,WOLV,MANC,3,0,1,3.0,0.0,9.25,5.47,1.34
2022,2022-09-17,NEW,BOU,1,2,-1,0.0,3.0,1.47,4.47,7.39
2022,2022-09-17,TOT,LEIC,2,4,-1,0.0,3.0,1.49,4.59,6.7
2022,2022-09-16,AVL,SOU,0,0,0,1.0,1.0,2.1,3.55,3.53
2022,2022-09-16,NOTF,FUL,3,0,1,3.0,0.0,2.81,3.4,2.57
2022,2022-09-04,BHA,LEIC,3,0,1,3.0,0.0,1.87,3.6,4.43
2022,2022-09-04,MANU,ARS,1,1,0,1.0,1.0,2.61,3.55,2.67
2022,2022-09-03,EVE,LIVP,2,0,1,3.0,0.0,7.77,5.06,1.4
2022,2022-09-03,BRNT,LEE,3,2,1,3.0,0.0,2.17,3.59,3.33
2022,2022-09-03,CHE,WHU,3,3,0,1.0,1.0,1.55,4.38,6.03
2022,2022-09-03,NEW,CRY,3,2,1,3.0,0.0,2.05,3.48,3.8
2022,2022-09-03,NOTF,BOU,2,2,0,1.0,1.0,2.02,3.47,3.89
2022,2022-09-03,TOT,FUL,5,1,1,3.0,0.0,1.49,4.62,6.54
2022,2022-09-03,WOLV,SOU,1,0,1,3.0,0.0,2.24,3.4,3.33
2022,2022-09-03,AVL,MANC,3,4,-1,0.0,3.0,8.75,5.63,1.34
2022,2022-09-01,LEIC,MANU,0,4,-1,0.0,3.0,3.41,3.81,2.07
2022,2022-08-31,ARS,AVL,1,1,0,1.0,1.0,1.47,4.63,7.0
2022,2022-08-31,BOU,WOLV,4,4,0,1.0,1.0,3.53,3.38,2.16
2022,2022-08-31,MANC,NOTF,2,4,-1,0.0,3.0,1.08,12.84,30.99
2022,2022-08-31,WHU,TOT,3,3,0,1.0,1.0,3.63,3.74,2.01
2022,2022-08-31,LIVP,NEW,3,1,1,3.0,0.0,1.31,5.81,9.58
2022,2022-08-30,CRY,BRNT,0,0,0,1.0,1.0,2.1,3.42,3.72
2022,2022-08-30,FUL,BHA,0,0,0,1.0,1.0,3.21,3.35,2.33
2022,2022-08-30,SOU,CHE,0,0,0,1.0,1.0,5.22,4.16,1.65
2022,2022-08-30,LEE,EVE,2,0,1,3.0,0.0,2.14,3.57,3.46
2022,2022-08-28,AVL,WHU,1,0,1,3.0,0.0,2.3,3.43,3.18
2022,2022-08-28,WOLV,NEW,0,2,-1,0.0,3.0,2.75,3.26,2.7
2022,2022-08-28,NOTF,TOT,4,2,1,3.0,0.0,6.98,4.59,1.47
2022,2022-08-27,SOU,MANU,2,4,-1,0.0,3.0,4.27,4.06,1.8
2022,2022-08-27,BRNT,EVE,2,0,1,3.0,0.0,2.06,3.47,3.77
2022,2022-08-27,BHA,LEE,1,1,0,1.0,1.0,1.91,3.73,4.04
2022,2022-08-27,CHE,LEIC,2,2,0,1.0,1.0,1.42,4.93,7.52
2022,2022-08-27,LIVP,BOU,0,4,-1,0.0,3.0,1.11,10.17,25.51
2022,2022-08-27,MANC,CRY,1,3,-1,0.0,3.0,1.19,7.56,15.25
2022,2022-08-27,ARS,FUL,1,0,1,3.0,0.0,1.32,5.77,9.44
2022,2022-08-22,MANU,LIVP,1,0,1,3.0,0.0,5.22,4.38,1.6
2022,2022-08-21,LEE,CHE,1,3,-1,0.0,3.0,5.93,4.43,1.55
2022,2022-08-21,WHU,BHA,1,0,1,3.0,0.0,2.32,3.41,3.14
2022,2022-08-21,NEW,MANC,1,1,0,1.0,1.0,8.67,5.11,1.37
2022,2022-08-20,TOT,WOLV,0,0,0,1.0,1.0,1.41,4.88,7.96
2022,2022-08-20,CRY,AVL,3,0,1,3.0,0.0,2.52,3.2,3.0
2022,2022-08-20,EVE,NOTF,4,0,1,3.0,0.0,1.97,3.48,4.05
2022,2022-08-20,FUL,BRNT,2,2,0,1.0,1.0,2.46,3.42,2.92
2022,2022-08-20,LEIC,SOU,0,2,-1,0.0,3.0,1.85,3.97,4.01
2022,2022-08-20,BOU,ARS,1,1,0,1.0,1.0,7.65,4.7,1.43
2022,2022-08-15,LIVP,CRY,3,4,-1,0.0,3.0,1.2,6.85,16.33
2022,2022-08-14,NOTF,WHU,0,2,-1,0.0,3.0,4.21,3.64,1.9
2022,2022-08-14,CHE,TOT,0,0,0,1.0,1.0,2.29,3.44,3.21
2022,2022-08-13,AVL,EVE,0,1,-1,0.0,3.0,1.82,3.56,4.87
2022,2022-08-13,ARS,LEIC,2,1,1,3.0,0.0,1.55,4.37,6.04
2022,2022-08-13,BHA,NEW,4,2,1,3.0,0.0,2.44,3.25,3.1
2022,2022-08-13,MANC,BOU,0,0,0,1.0,1.0,1.07,12.72,37.57
2022,2022-08-13,SOU,LEE,2,1,1,3.0,0.0,2.32,3.51,3.1
2022,2022-08-13,WOLV,FUL,0,0,0,1.0,1.0,2.4,3.28,3.15
2022,2022-08-13,BRNT,MANU,1,1,0,1.0,1.0,3.77,3.56,2.02
2022,2022-08-07,LEIC,BRNT,2,2,0,1.0,1.0,2.03,3.66,3.64
2022,2022-08-07,MANU,BHA,5,2,1,3.0,0.0,1.62,4.01,5.68
2022,2022-08-07,WHU,MANC,1,1,0,1.0,1.0,8.32,5.25,1.37
2022,2022-08-06,FUL,LIVP,1,4,-1,0.0,3.0,10.99,6.05,1.28
2022,2022-08-06,BOU,AVL,1,0,1,3.0,0.0,3.8,3.5,2.04
2022,2022-08-06,LEE,WOLV,2,1,1,3.0,0.0,2.34,3.34,3.18
2022,2022-08-06,NEW,NOTF,7,0,1,3.0,0.0,1.67,3.8,5.57
2022,2022-08-06,TOT,SOU,1,3,-1,0.0,3.0,1.36,5.27,8.64
2022,2022-08-06,EVE,CHE,1,0,1,3.0,0.0,5.74,3.96,1.63
2022,2022-08-05,CRY,ARS,2,2,0,1.0,1.0,4.39,3.59,1.88
2021,2022-05-22,ARS,EVE,0,0,0,1.0,1.0,1.37,5.15,8.69
2021,2022-05-22,BRNT,LEE,1,0,1,3.0,0.0,2.41,3.76,2.79
2021,2022-05-22,BHA,WHU,1,1,0,1.0,1.0,2.4,3.57,2.91
2021,2022-05-22,BUR,NEW,2,1,1,3.0,0.0,2.24,3.48,3.25
2021,2022-05-22,CHE,WAT,1,0,1,3.0,0.0,1.17,7.89,17.63
2021,2022-05-22,CRY,MANU,1,0,1,3.0,0.0,3.1,3.66,2.25
2021,2022-05-22,LEIC,SOU,4,0,1,3.0,0.0,1.88,4.03,3.86
2021,2022-05-22,LIVP,WOLV,3,1,1,3.0,0.0,1.16,8.12,18.95
2021,2022-05-22,MANC,AVL,3,3,0,1.0,1.0,1.16,8.18,18.24
2021,2022-05-22,NOR,TOT,3,1,1,3.0,0.0,11.19,6.45,1.26
2021,2022-05-19,EVE,CRY,1,2,-1,0.0,3.0,1.95,3.47,4.16
2021,2022-05-19,AVL,BUR,0,1,-1,0.0,3.0,2.05,3.56,3.7
2021,2022-05-19,CHE,LEIC,3,1,1,3.0,0.0,1.38,4.91,8.66
2021,2022-05-17,SOU,LIVP,1,3,-1,0.0,3.0,8.02,5.49,1.37
2021,2022-05-16,NEW,ARS,0,3,-1,0.0,3.0,4.14,3.68,1.88
2021,2022-05-15,TOT,BUR,2,0,1,3.0,0.0,1.34,5.36,9.11
2021,2022-05-15,AVL,CRY,0,4,-1,0.0,3.0,2.06,3.55,3.63
2021,2022-05-15,LEE,BHA,0,4,-1,0.0,3.0,2.67,3.52,2.61
2021,2022-05-15,WAT,LEIC,1,1,0,1.0,1.0,3.65,3.68,2.02
2021,2022-05-15,WHU,MANC,2,1,1,3.0,0.0,8.01,5.2,1.38
2021,2022-05-15,WOLV,NOR,1,2,-1,0.0,3.0,1.46,4.58,7.25
2021,2022-05-15,EVE,BRNT,1,0,1,3.0,0.0,2.1,3.55,3.53
2021,2022-05-12,TOT,ARS,3,1,1,3.0,0.0,2.12,3.6,3.42
2021,2022-05-11,LEE,CHE,2,1,1,3.0,0.0,4.98,4.17,1.67
2021,2022-05-11,LEIC,NOR,2,0,1,3.0,0.0,1.44,4.9,7.02
2021,2022-05-11,WAT,EVE,4,1,1,3.0,0.0,4.26,3.68,1.87
2021,2022-05-11,WOLV,MANC,3,2,1,3.0,0.0,12.83,5.88,1.26
2021,2022-05-10,AVL,LIVP,2,1,1,3.0,0.0,7.35,4.85,1.44
2021,2022-05-08,ARS,LEE,0,1,-1,0.0,3.0,1.46,4.81,6.77
2021,2022-05-08,LEIC,EVE,2,1,1,3.0,0.0,2.61,3.34,2.8
2021,2022-05-08,NOR,WHU,0,1,-1,0.0,3.0,4.51,3.81,1.8
2021,2022-05-08,MANC,NEW,0,0,0,1.0,1.0,1.18,7.63,17.16
2021,2022-05-07,BRNT,SOU,1,0,1,3.0,0.0,2.21,3.44,3.35
2021,2022-05-07,BUR,AVL,0,0,0,1.0,1.0,3.0,3.33,2.46
2021,2022-05-07,CHE,WOLV,2,3,-1,0.0,3.0,1.36,4.95,9.62
2021,2022-05-07,CRY,WAT,0,2,-1,0.0,3.0,1.69,3.89,5.2
2021,2022-05-07,BHA,MANU,0,1,-1,0.0,3.0,2.8,3.44,2.56
2021,2022-05-07,LIVP,TOT,0,3,-1,0.0,3.0,1.46,4.89,6.68
2021,2022-05-02,MANU,BRNT,2,2,0,1.0,1.0,1.76,3.95,4.51
2021,2022-05-01,EVE,CHE,0,3,-1,0.0,3.0,4.83,3.71,1.77
2021,2022-05-01,TOT,LEIC,0,1,-1,0.0,3.0,1.46,4.8,6.88
2021,2022-05-01,WHU,ARS,2,1,1,3.0,0.0,4.54,3.84,1.79
2021,2022-04-30,NEW,LIVP,3,2,1,3.0,0.0,7.81,4.87,1.41
2021,2022-04-30,AVL,NOR,2,0,1,3.0,0.0,1.4,4.94,8.3
2021,2022-04-30,SOU,CRY,1,1,0,1.0,1.0,2.41,3.37,3.05
2021,2022-04-30,WAT,BUR,2,2,0,1.0,1.0,2.68,3.31,2.75
2021,2022-04-30,WOLV,BHA,1,2,-1,0.0,3.0,2.75,3.09,2.83
2021,2022-04-30,LEE,MANC,0,1,-1,0.0,3.0,9.69,5.85,1.31
2021,2022-04-28,MANU,CHE,3,0,1,3.0,0.0,3.17,3.57,2.25
2021,2022-04-25,CRY,LEE,0,2,-1,0.0,3.0,2.08,3.59,3.53
2021,2022-04-24,BHA,SOU,0,1,-1,0.0,3.0,2.17,3.32,3.59
2021,2022-04-24,BUR,WOLV,2,1,1,3.0,0.0,2.71,3.11,2.86
2021,2022-04-24,CHE,WHU,3,3,0,1.0,1.0,1.53,4.37,6.4
2021,2022-04-24,LIVP,EVE,1,4,-1,0.0,3.0,1.19,7.35,15.64
2021,2022-04-23,ARS,MANU,1,0,1,3.0,0.0,2.11,3.58,3.5
2021,2022-04-23,LEIC,AVL,2,1,1,3.0,0.0,2.85,3.39,2.54
2021,2022-04-23,MANC,WAT,1,1,0,1.0,1.0,1.11,9.78,25.83
2021,2022-04-23,NOR,NEW,0,0,0,1.0,1.0,3.55,3.33,2.18
2021,2022-04-23,BRNT,TOT,1,3,-1,0.0,3.0,4.28,3.67,1.87
2021,2022-04-21,BUR,SOU,3,1,1,3.0,0.0,2.76,3.41,2.61
2021,2022-04-20,CHE,ARS,1,0,1,3.0,0.0,1.87,3.64,4.34
2021,2022-04-20,EVE,LEIC,1,1,0,1.0,1.0,2.32,3.45,3.15
2021,2022-04-20,NEW,CRY,2,1,1,3.0,0.0,2.34,3.26,3.25
2021,2022-04-20,MANC,BHA,3,3,0,1.0,1.0,1.2,6.85,17.12
2021,2022-04-19,LIVP,MANU,0,3,-1,0.0,3.0,1.41,5.21,7.44
2021,2022-04-17,NEW,LEIC,0,3,-1,0.0,3.0,2.25,3.38,3.32
2021,2022-04-17,WHU,BUR,2,1,1,3.0,0.0,1.72,3.84,5.02
2021,2022-04-16,TOT,BHA,1,1,0,1.0,1.0,1.54,4.25,6.35
2021,2022-04-16,MANU,NOR,3,3,0,1.0,1.0,1.24,6.45,12.84
2021,2022-04-16,SOU,ARS,1,3,-1,0.0,3.0,3.9,3.68,1.95
2021,2022-04-16,WAT,BRNT,1,1,0,1.0,1.0,2.86,3.28,2.59
2021,2022-04-10,BRNT,WHU,0,2,-1,0.0,3.0,2.69,3.31,2.73
2021,2022-04-10,LEIC,CRY,2,1,1,3.0,0.0,2.41,3.44,2.98
2021,2022-04-10,NOR,BUR,2,3,-1,0.0,3.0,2.97,3.19,2.56
2021,2022-04-10,MANC,LIVP,0,1,-1,0.0,3.0,2.06,3.71,3.5
2021,2022-04-09,EVE,MANU,1,0,1,3.0,0.0,4.48,3.84,1.8
2021,2022-04-09,ARS,BHA,1,2,-1,0.0,3.0,1.65,3.9,5.64
2021,2022-04-09,SOU,CHE,1,2,-1,0.0,3.0,3.98,3.69,1.93
2021,2022-04-09,WAT,LEE,4,0,1,3.0,0.0,2.69,3.54,2.58
2021,2022-04-09,AVL,TOT,1,0,1,3.0,0.0,3.15,3.55,2.27
2021,2022-04-08,NEW,WOLV,2,1,1,3.0,0.0,2.31,3.11,3.51
2021,2022-04-06,BUR,EVE,2,2,0,1.0,1.0,2.57,3.16,2.98
2021,2022-04-04,CRY,ARS,2,1,1,3.0,0.0,4.05,3.41,1.99
2021,2022-04-03,WHU,EVE,3,3,0,1.0,1.0,1.79,3.75,4.6
2021,2022-04-03,TOT,NEW,2,0,1,3.0,0.0,1.52,4.36,6.58
2021,2022-04-02,LIVP,WAT,2,3,-1,0.0,3.0,1.13,9.36,21.82
2021,2022-04-02,BHA,NOR,1,2,-1,0.0,3.0,1.5,4.12,7.51
2021,2022-04-02,BUR,MANC,1,1,0,1.0,1.0,13.75,6.54,1.23
2021,2022-04-02,CHE,BRNT,3,3,0,1.0,1.0,1.35,4.99,10.04
2021,2022-04-02,LEE,SOU,0,0,0,1.0,1.0,2.42,3.61,2.86
2021,2022-04-02,WOLV,AVL,1,1,0,1.0,1.0,3.01,3.1,2.59
2021,2022-04-02,MANU,LEIC,2,0,1,3.0,0.0,1.52,4.6,6.1
2021,2022-03-20,LEIC,BRNT,2,1,1,3.0,0.0,2.19,3.45,3.41
2021,2022-03-20,TOT,WHU,2,1,1,3.0,0.0,1.75,3.94,4.7
2021,2022-03-19,AVL,ARS,2,1,1,3.0,0.0,2.99,3.47,2.41
2021,2022-03-18,WOLV,LEE,1,1,0,1.0,1.0,2.14,3.49,3.56
2021,2022-03-17,EVE,NEW,1,0,1,3.0,0.0,2.37,3.38,3.11
2021,2022-03-16,BHA,TOT,3,2,1,3.0,0.0,3.28,3.34,2.3
2021,2022-03-16,ARS,LIVP,0,2,-1,0.0,3.0,3.78,3.98,1.92
2021,2022-03-14,CRY,MANC,1,1,0,1.0,1.0,9.82,5.5,1.32
2021,2022-03-13,CHE,NEW,0,0,0,1.0,1.0,1.33,5.3,10.16
2021,2022-03-13,EVE,WOLV,1,1,0,1.0,1.0,2.31,3.24,3.35
2021,2022-03-13,LEE,NOR,1,0,1,3.0,0.0,1.6,4.31,5.51
2021,2022-03-13,SOU,WAT,1,0,1,3.0,0.0,1.61,4.17,5.59
2021,2022-03-13,WHU,AVL,2,0,1,3.0,0.0,2.33,3.31,3.24
2021,2022-03-13,ARS,LEIC,1,1,0,1.0,1.0,1.53,4.55,6.0
2021,2022-03-12,BHA,LIVP,1,2,-1,0.0,3.0,6.2,4.47,1.53
2021,2022-03-12,BRNT,BUR,2,2,0,1.0,1.0,2.2,3.23,3.65
2021,2022-03-12,MANU,TOT,1,1,0,1.0,1.0,2.18,3.56,3.33
2021,2022-03-10,NOR,CHE,2,4,-1,0.0,3.0,11.9,5.59,1.29
2021,2022-03-10,SOU,NEW,1,2,-1,0.0,3.0,2.0,3.7,3.71
2021,2022-03-10,WOLV,WAT,1,3,-1,0.0,3.0,1.82,3.5,4.84
2021,2022-03-10,LEE,AVL,1,1,0,1.0,1.0,2.72,3.59,2.54
2021,2022-03-07,TOT,EVE,1,2,-1,0.0,3.0,1.61,4.13,5.61
2021,2022-03-06,WAT,ARS,2,2,0,1.0,1.0,6.14,4.02,1.59
2021,2022-03-06,MANC,MANU,2,1,1,3.0,0.0,1.41,4.91,7.86
2021,2022-03-05,LEIC,LEE,0,3,-1,0.0,3.0,1.8,4.12,4.14
2021,2022-03-05,AVL,SOU,1,0,1,3.0,0.0,2.36,3.48,3.04
2021,2022-03-05,BUR,CHE,0,1,-1,0.0,3.0,7.44,4.15,1.5
2021,2022-03-05,NEW,BHA,1,2,-1,0.0,3.0,2.77,3.19,2.74
2021,2022-03-05,NOR,BRNT,2,0,1,3.0,0.0,2.95,3.15,2.6
2021,2022-03-05,WOLV,CRY,1,3,-1,0.0,3.0,2.37,3.1,3.4
2021,2022-03-05,LIVP,WHU,2,3,-1,0.0,3.0,1.3,5.86,9.95
2021,2022-03-01,BUR,LEIC,0,3,-1,0.0,3.0,2.94,3.34,2.52
2021,2022-02-27,WHU,WOLV,3,1,1,3.0,0.0,2.11,3.24,3.89
2021,2022-02-26,LEE,TOT,2,0,1,3.0,0.0,4.03,3.96,1.86
2021,2022-02-26,BRNT,NEW,2,2,0,1.0,1.0,2.52,3.17,3.04
2021,2022-02-26,CRY,BUR,1,0,1,3.0,0.0,1.97,3.42,4.19
2021,2022-02-26,MANU,WAT,1,2,-1,0.0,3.0,1.34,5.44,9.04
2021,2022-02-26,BHA,AVL,2,1,1,3.0,0.0,2.27,3.28,3.41
2021,2022-02-26,EVE,MANC,5,0,1,3.0,0.0,10.95,6.04,1.28
2021,2022-02-25,SOU,NOR,0,0,0,1.0,1.0,1.54,4.37,6.22
2021,2022-02-24,ARS,WOLV,3,2,1,3.0,0.0,1.65,3.8,5.83
2021,2022-02-23,BUR,TOT,2,3,-1,0.0,3.0,4.72,3.73,1.79
2021,2022-02-23,WAT,CRY,1,1,0,1.0,1.0,3.2,3.24,2.4
2021,2022-02-23,LIVP,LEE,2,1,1,3.0,0.0,1.16,8.73,16.66
2021,2022-02-20,LEE,MANU,1,0,1,3.0,0.0,3.91,3.86,1.9
2021,2022-02-20,WOLV,LEIC,1,1,0,1.0,1.0,2.29,3.28,3.33
2021,2022-02-19,WHU,NEW,0,5,-1,0.0,3.0,1.7,3.91,5.11
2021,2022-02-19,ARS,BRNT,0,3,-1,0.0,3.0,1.46,4.46,7.68
2021,2022-02-19,AVL,WAT,0,3,-1,0.0,3.0,1.67,3.93,5.41
2021,2022-02-19,BHA,BUR,1,0,1,3.0,0.0,1.67,3.74,5.75
2021,2022-02-19,CRY,CHE,0,1,-1,0.0,3.0,5.59,3.9,1.65
2021,2022-02-19,LIVP,NOR,2,0,1,3.0,0.0,1.12,9.63,24.83
2021,2022-02-19,SOU,EVE,0,2,-1,0.0,3.0,2.08,3.56,3.58
2021,2022-02-19,MANC,TOT,2,1,1,3.0,0.0,1.29,5.87,10.84
2021,2022-02-15,MANU,BHA,0,1,-1,0.0,3.0,1.78,3.78,4.74
2021,2022-02-13,BUR,LIVP,0,1,-1,0.0,3.0,10.72,5.75,1.29
2021,2022-02-13,NEW,AVL,1,5,-1,0.0,3.0,2.72,3.44,2.6
2021,2022-02-13,TOT,WOLV,2,1,1,3.0,0.0,1.68,3.76,5.57
2021,2022-02-13,LEIC,WHU,3,5,-1,0.0,3.0,2.88,3.58,2.4
2021,2022-02-12,MANU,SOU,2,1,1,3.0,0.0,1.61,4.22,5.43
2021,2022-02-12,BRNT,CRY,3,0,1,3.0,0.0,2.66,3.09,2.92
2021,2022-02-12,EVE,LEE,2,2,0,1.0,1.0,2.32,3.64,2.99
2021,2022-02-12,WAT,BHA,2,3,-1,0.0,3.0,3.7,3.27,2.14
2021,2022-02-12,NOR,MANC,2,2,0,1.0,1.0,18.09,7.86,1.17
2021,2022-02-10,LIVP,LEIC,3,2,1,3.0,0.0,1.26,6.56,10.5
2021,2022-02-10,WOLV,ARS,1,0,1,3.0,0.0,3.57,3.25,2.2
2021,2022-02-09,MANC,BRNT,1,0,1,3.0,0.0,1.11,9.98,23.47
2021,2022-02-09,NOR,CRY,2,3,-1,0.0,3.0,3.5,3.36,2.18
2021,2022-02-09,TOT,SOU,1,3,-1,0.0,3.0,1.61,4.13,5.57
2021,2022-02-09,AVL,LEE,2,5,-1,0.0,3.0,1.8,3.96,4.26
2021,2022-02-08,NEW,EVE,0,1,-1,0.0,3.0,2.52,3.38,2.88
2021,2022-02-08,WHU,WAT,2,2,0,1.0,1.0,1.55,4.3,6.28
2021,2022-02-08,BUR,MANU,3,3,0,1.0,1.0,5.82,4.07,1.61
2021,2022-02-05,BUR,WAT,0,1,-1,0.0,3.0,2.21,3.27,3.51
2021,2022-01-23,ARS,BUR,2,0,1,3.0,0.0,1.36,4.97,9.11
2021,2022-01-23,CRY,LIVP,4,2,1,3.0,0.0,5.73,4.21,1.58
2021,2022-01-23,LEIC,BHA,3,3,0,1.0,1.0,2.55,3.37,2.8
2021,2022-01-23,CHE,TOT,0,1,-1,0.0,3.0,1.69,3.99,4.96
2021,2022-01-22,EVE,AVL,2,2,0,1.0,1.0,2.75,3.29,2.66
2021,2022-01-22,BRNT,WOLV,2,0,1,3.0,0.0,3.09,3.05,2.54
2021,2022-01-22,LEE,NEW,2,0,1,3.0,0.0,2.01,3.72,3.63
2021,2022-01-22,MANU,WHU,1,5,-1,0.0,3.0,1.91,3.8,3.88
2021,2022-01-22,SOU,MANC,0,0,0,1.0,1.0,10.18,6.08,1.28
2021,2022-01-21,WAT,NOR,1,3,-1,0.0,3.0,2.07,3.52,3.63
2021,2022-01-19,LEIC,TOT,0,0,0,1.0,1.0,3.04,3.42,2.36
2021,2022-01-19,BRNT,MANU,1,1,0,1.0,1.0,4.51,3.64,1.83
2021,2022-01-18,BHA,CHE,0,2,-1,0.0,3.0,4.81,3.72,1.77
2021,2022-01-16,LIVP,BRNT,3,1,1,3.0,0.0,1.3,5.68,10.64
2021,2022-01-16,WHU,LEE,0,1,-1,0.0,3.0,1.65,4.21,4.98
2021,2022-01-15,MANC,CHE,0,1,-1,0.0,3.0,1.72,3.87,5.0
2021,2022-01-15,NEW,WAT,2,0,1,3.0,0.0,2.06,3.62,3.55
2021,2022-01-15,NOR,EVE,0,0,0,1.0,1.0,3.74,3.48,2.05
2021,2022-01-15,WOLV,SOU,0,0,0,1.0,1.0,2.32,3.16,3.4
2021,2022-01-15,AVL,MANU,1,2,-1,0.0,3.0,2.92,3.49,2.42
2021,2022-01-14,BHA,CRY,0,1,-1,0.0,3.0,2.1,3.28,3.91
2021,2022-01-12,WHU,NOR,4,1,1,3.0,0.0,1.31,5.52,10.28
2021,2022-01-11,SOU,BRNT,3,1,1,3.0,0.0,2.11,3.37,3.73
2021,2022-01-03,MANU,WOLV,0,0,0,1.0,1.0,1.56,4.17,6.08
2021,2022-01-02,BRNT,AVL,2,3,-1,0.0,3.0,3.0,3.31,2.45
2021,2022-01-02,EVE,BHA,1,1,0,1.0,1.0,2.78,3.16,2.72
2021,2022-01-02,LEE,BUR,1,0,1,3.0,0.0,2.03,3.57,3.65
2021,2022-01-02,CHE,LIVP,0,5,-1,0.0,3.0,3.06,3.54,2.31
2021,2022-01-01,ARS,MANC,0,1,-1,0.0,3.0,5.91,4.62,1.53
2021,2022-01-01,WAT,TOT,2,1,1,3.0,0.0,5.32,4.17,1.62
2021,2022-01-01,CRY,WHU,5,0,1,3.0,0.0,3.09,3.46,2.33
2021,2021-12-30,MANU,BUR,3,0,1,3.0,0.0,1.38,4.99,8.54
2021,2021-12-29,CHE,BHA,0,1,-1,0.0,3.0,1.43,4.5,8.18
2021,2021-12-29,BRNT,MANC,3,1,1,3.0,0.0,17.6,7.93,1.17
2021,2021-12-28,CRY,NOR,1,1,0,1.0,1.0,1.68,3.74,5.68
2021,2021-12-28,SOU,TOT,0,3,-1,0.0,3.0,3.74,3.51,2.05
2021,2021-12-28,WAT,WHU,3,2,1,3.0,0.0,3.28,3.58,2.2
2021,2021-12-28,LEIC,LIVP,1,1,0,1.0,1.0,7.72,5.72,1.36
2021,2021-12-27,NEW,MANU,1,0,1,3.0,0.0,6.66,4.58,1.48
2021,2021-12-26,MANC,LEIC,1,2,-1,0.0,3.0,1.18,7.85,14.75
2021,2021-12-26,NOR,ARS,3,1,1,3.0,0.0,7.73,4.77,1.42
2021,2021-12-26,TOT,CRY,3,2,1,3.0,0.0,1.72,3.87,4.97
2021,2021-12-26,WHU,SOU,4,5,-1,0.0,3.0,1.85,3.8,4.18
2021,2021-12-26,AVL,CHE,0,1,-1,0.0,3.0,5.35,3.77,1.7
2021,2021-12-26,BHA,BRNT,2,2,0,1.0,1.0,1.95,3.45,4.15
2021,2021-12-19,NEW,MANC,0,1,-1,0.0,3.0,16.25,7.72,1.18
2021,2021-12-19,WOLV,CHE,3,0,1,3.0,0.0,6.42,3.93,1.58
2021,2021-12-19,TOT,LIVP,1,1,0,1.0,1.0,5.18,4.5,1.59
2021,2021-12-18,LEE,ARS,1,1,0,1.0,1.0,3.89,3.78,1.91
2021,2021-12-16,CHE,EVE,0,2,-1,0.0,3.0,1.24,6.17,13.27
2021,2021-12-16,LIVP,NEW,0,2,-1,0.0,3.0,1.12,9.52,21.43
2021,2021-12-15,BHA,WOLV,0,2,-1,0.0,3.0,2.32,3.05,3.51
2021,2021-12-15,CRY,SOU,1,2,-1,0.0,3.0,2.14,3.38,3.59
2021,2021-12-15,ARS,WHU,0,1,-1,0.0,3.0,2.2,3.58,3.26
2021,2021-12-14,NOR,AVL,1,0,1,3.0,0.0,3.37,3.26,2.29
2021,2021-12-14,MANC,LEE,2,0,1,3.0,0.0,1.15,8.7,18.17
2021,2021-12-12,BUR,WHU,4,1,1,3.0,0.0,3.61,3.64,2.05
2021,2021-12-12,LEIC,NEW,0,4,-1,0.0,3.0,1.75,4.01,4.56
2021,2021-12-12,CRY,EVE,0,2,-1,0.0,3.0,2.29,3.21,3.42
2021,2021-12-11,MANC,WOLV,1,1,0,1.0,1.0,1.16,8.11,20.35
2021,2021-12-11,ARS,SOU,3,0,1,3.0,0.0,1.67,3.99,5.32
2021,2021-12-11,CHE,LEE,2,0,1,3.0,0.0,1.28,5.95,11.46
2021,2021-12-11,LIVP,AVL,2,0,1,3.0,0.0,1.23,6.85,11.92
2021,2021-12-11,NOR,MANU,0,0,0,1.0,1.0,7.25,4.73,1.45
2021,2021-12-10,BRNT,WAT,2,5,-1,0.0,3.0,2.29,3.32,3.34
2021,2021-12-06,EVE,ARS,5,2,1,3.0,0.0,3.38,3.52,2.16
2021,2021-12-05,LEE,BRNT,3,3,0,1.0,1.0,1.94,3.62,3.99
2021,2021-12-05,MANU,CRY,1,0,1,3.0,0.0,1.57,4.19,6.09
2021,2021-12-05,TOT,NOR,2,0,1,3.0,0.0,1.41,4.75,8.11
2021,2021-12-05,AVL,LEIC,3,1,1,3.0,0.0,2.36,3.45,3.03
2021,2021-12-04,WHU,CHE,1,3,-1,0.0,3.0,4.7,3.6,1.82
2021,2021-12-04,NEW,BUR,0,4,-1,0.0,3.0,2.33,3.35,3.19
2021,2021-12-04,SOU,BHA,4,1,1,3.0,0.0,2.45,3.21,3.1
2021,2021-12-04,WOLV,LIVP,2,0,1,3.0,0.0,7.73,4.75,1.43
2021,2021-12-04,WAT,MANC,1,3,-1,0.0,3.0,14.65,7.19,1.2
2021,2021-12-02,TOT,BRNT,0,0,0,1.0,1.0,1.64,4.07,5.25
2021,2021-12-02,MANU,ARS,1,2,-1,0.0,3.0,2.02,3.66,3.66
2021,2021-12-01,SOU,LEIC,2,0,1,3.0,0.0,2.43,3.47,2.91
2021,2021-12-01,WAT,CHE,0,2,-1,0.0,3.0,10.3,5.43,1.31
2021,2021-12-01,WHU,BHA,0,0,0,1.0,1.0,2.01,3.53,3.79
2021,2021-12-01,WOLV,BUR,0,2,-1,0.0,3.0,1.95,3.41,4.23
2021,2021-12-01,AVL,MANC,0,0,0,1.0,1.0,8.6,5.2,1.36
2021,2021-12-01,EVE,LIVP,1,0,1,3.0,0.0,7.52,5.05,1.41
2021,2021-11-30,NEW,NOR,4,3,1,3.0,0.0,1.99,3.63,3.82
2021,2021-11-30,LEE,CRY,2,1,1,3.0,0.0,2.42,3.33,3.06
2021,2021-11-28,BRNT,EVE,0,1,-1,0.0,3.0,2.25,3.27,3.4
2021,2021-11-28,LEIC,WAT,0,2,-1,0.0,3.0,1.63,4.15,5.26
2021,2021-11-28,MANC,WHU,0,2,-1,0.0,3.0,1.3,5.82,10.01
2021,2021-11-28,CHE,MANU,1,1,0,1.0,1.0,1.61,4.12,5.67
2021,2021-11-27,ARS,NEW,0,0,0,1.0,1.0,1.47,4.77,6.61
2021,2021-11-27,CRY,AVL,1,1,0,1.0,1.0,2.24,3.37,3.36
2021,2021-11-27,LIVP,SOU,7,1,1,3.0,0.0,1.29,5.99,9.78
2021,2021-11-27,NOR,WOLV,0,1,-1,0.0,3.0,3.54,3.35,2.17
2021,2021-11-27,BHA,LEE,1,3,-1,0.0,3.0,2.11,3.41,3.67
2021,2021-11-21,MANC,EVE,0,3,-1,0.0,3.0,1.18,7.56,15.95
2021,2021-11-21,TOT,LEE,2,0,1,3.0,0.0,1.73,4.07,4.56
2021,2021-11-20,LEIC,CHE,1,1,0,1.0,1.0,4.74,3.72,1.78
2021,2021-11-20,AVL,BHA,1,1,0,1.0,1.0,2.43,3.31,3.04
2021,2021-11-20,BUR,CRY,2,2,0,1.0,1.0,2.77,3.23,2.7
2021,2021-11-20,NEW,BRNT,1,1,0,1.0,1.0,2.64,3.37,2.72
2021,2021-11-20,NOR,SOU,3,1,1,3.0,0.0,3.63,3.46,2.1
2021,2021-11-20,WAT,MANU,1,0,1,3.0,0.0,6.22,4.65,1.5
2021,2021-11-20,WOLV,WHU,0,0,0,1.0,1.0,3.02,3.27,2.47
2021,2021-11-20,LIVP,ARS,1,2,-1,0.0,3.0,1.48,4.77,6.38
2021,2021-11-07,ARS,WAT,0,2,-1,0.0,3.0,1.39,4.9,8.25
2021,2021-11-07,EVE,TOT,0,0,0,1.0,1.0,3.06,3.28,2.42
2021,2021-11-07,LEE,LEIC,1,1,0,1.0,1.0,2.76,3.56,2.5
2021,2021-11-07,WHU,LIVP,0,0,0,1.0,1.0,4.59,4.11,1.72
2021,2021-11-06,MANU,MANC,2,1,1,3.0,0.0,4.69,4.09,1.72
2021,2021-11-06,BRNT,NOR,1,0,1,3.0,0.0,1.63,3.92,5.8
2021,2021-11-06,CHE,BUR,1,0,1,3.0,0.0,1.26,5.94,12.51
2021,2021-11-06,CRY,WOLV,1,1,0,1.0,1.0,2.5,3.15,3.08
2021,2021-11-06,BHA,NEW,1,3,-1,0.0,3.0,1.62,3.99,5.76
2021,2021-11-05,SOU,AVL,3,0,1,3.0,0.0,2.02,3.66,3.68
2021,2021-11-01,WOLV,EVE,0,3,-1,0.0,3.0,2.24,3.28,3.39
2021,2021-10-31,NOR,LEE,1,1,0,1.0,1.0,3.44,3.6,2.11
2021,2021-10-31,AVL,WHU,2,1,1,3.0,0.0,2.83,3.5,2.48
2021,2021-10-30,LEIC,ARS,0,0,0,1.0,1.0,2.47,3.47,2.87
2021,2021-10-30,BUR,BRNT,0,0,0,1.0,1.0,2.66,3.24,2.78
2021,2021-10-30,LIVP,BHA,0,1,-1,0.0,3.0,1.24,6.49,12.11
2021,2021-10-30,MANC,CRY,1,0,1,3.0,0.0,1.16,8.13,18.61
2021,2021-10-30,NEW,CHE,0,4,-1,0.0,3.0,8.63,4.91,1.38
2021,2021-10-30,WAT,SOU,0,0,0,1.0,1.0,3.12,3.37,2.35
2021,2021-10-30,TOT,MANU,2,0,1,3.0,0.0,2.93,3.57,2.37
2021,2021-10-24,BRNT,LEIC,0,0,0,1.0,1.0,2.63,3.39,2.72
2021,2021-10-24,WHU,TOT,5,1,1,3.0,0.0,2.35,3.49,3.01
2021,2021-10-24,MANU,LIVP,1,3,-1,0.0,3.0,3.06,3.66,2.27
2021,2021-10-23,CHE,NOR,2,0,1,3.0,0.0,1.19,7.07,17.21
2021,2021-10-23,CRY,NEW,1,1,0,1.0,1.0,1.97,3.61,3.88
2021,2021-10-23,EVE,WAT,1,2,-1,0.0,3.0,1.67,3.86,5.49
2021,2021-10-23,LEE,WOLV,0,0,0,1.0,1.0,2.57,3.37,2.79
2021,2021-10-23,SOU,BUR,1,0,1,3.0,0.0,2.0,3.54,3.87
2021,2021-10-23,BHA,MANC,5,1,1,3.0,0.0,7.71,4.77,1.42
2021,2021-10-22,ARS,AVL,0,1,-1,0.0,3.0,1.91,3.73,4.05
2021,2021-10-18,ARS,CRY,2,1,1,3.0,0.0,1.65,3.87,5.65
2021,2021-10-17,EVE,WHU,1,2,-1,0.0,3.0,2.52,3.35,2.89
2021,2021-10-17,NEW,TOT,0,1,-1,0.0,3.0,3.51,3.58,2.09
2021,2021-10-16,WAT,LIVP,2,2,0,1.0,1.0,8.67,5.33,1.36
2021,2021-10-16,AVL,WOLV,3,4,-1,0.0,3.0,2.25,3.28,3.42
2021,2021-10-16,LEIC,MANU,0,2,-1,0.0,3.0,3.49,3.59,2.1
2021,2021-10-16,MANC,BUR,2,1,1,3.0,0.0,1.12,9.47,22.12
2021,2021-10-16,NOR,BHA,3,3,0,1.0,1.0,3.67,3.34,2.13
2021,2021-10-16,SOU,LEE,2,0,1,3.0,0.0,2.4,3.52,2.93
2021,2021-10-16,BRNT,CHE,0,3,-1,0.0,3.0,6.37,3.84,1.6
2021,2021-10-03,CRY,LEIC,5,0,1,3.0,0.0,3.11,3.41,2.36
2021,2021-10-03,TOT,AVL,1,1,0,1.0,1.0,2.12,3.53,3.5
2021,2021-10-03,WHU,BRNT,0,1,-1,0.0,3.0,1.82,3.62,4.67
2021,2021-10-03,LIVP,MANC,5,0,1,3.0,0.0,2.9,3.53,2.43
2021,2021-10-02,MANU,EVE,2,1,1,3.0,0.0,1.5,4.38,7.08
2021,2021-10-02,BUR,NOR,1,1,0,1.0,1.0,1.88,3.61,4.33
2021,2021-10-02,CHE,SOU,1,2,-1,0.0,3.0,1.38,4.9,8.92
2021,2021-10-02,LEE,WAT,1,3,-1,0.0,3.0,1.76,3.9,4.63
2021,2021-10-02,WOLV,NEW,0,4,-1,0.0,3.0,1.69,4.0,5.02
2021,2021-10-02,BHA,ARS,1,1,0,1.0,1.0,3.05,3.22,2.5
2021,2021-09-27,CRY,BHA,0,0,0,1.0,1.0,3.04,3.15,2.54
2021,2021-09-26,SOU,WOLV,1,4,-1,0.0,3.0,2.65,3.24,2.83
2021,2021-09-26,ARS,TOT,2,0,1,3.0,0.0,2.28,3.31,3.35
2021,2021-09-25,CHE,MANC,1,1,0,1.0,1.0,2.66,3.26,2.79
2021,2021-09-25,MANU,AVL,3,2,1,3.0,0.0,1.4,5.08,7.84
2021,2021-09-25,EVE,NOR,0,0,0,1.0,1.0,1.63,3.86,5.96
2021,2021-09-25,LEE,WHU,0,1,-1,0.0,3.0,3.04,3.67,2.29
2021,2021-09-25,LEIC,BUR,0,0,0,1.0,1.0,1.59,4.05,6.12
2021,2021-09-25,WAT,NEW,3,1,1,3.0,0.0,2.27,3.37,3.32
2021,2021-09-25,BRNT,LIVP,7,2,1,3.0,0.0,6.96,4.48,1.49
2021,2021-09-19,BHA,LEIC,1,0,1,3.0,0.0,2.75,3.23,2.73
2021,2021-09-19,WHU,MANU,1,2,-1,0.0,3.0,4.51,3.9,1.78
2021,2021-09-19,TOT,CHE,1,3,-1,0.0,3.0,4.89,3.83,1.74
2021,2021-09-18,WOLV,BRNT,2,1,1,3.0,0.0,1.9,3.27,4.83
2021,2021-09-18,BUR,ARS,0,1,-1,0.0,3.0,3.82,3.5,2.03
2021,2021-09-18,LIVP,CRY,1,0,1,3.0,0.0,1.22,6.84,14.04
2021,2021-09-18,MANC,SOU,3,1,1,3.0,0.0,1.15,8.46,18.55
2021,2021-09-18,NOR,WAT,0,2,-1,0.0,3.0,2.18,3.39,3.47
2021,2021-09-18,AVL,EVE,2,0,1,3.0,0.0,2.4,3.36,3.06
2021,2021-09-17,NEW,LEE,1,2,-1,0.0,3.0,3.01,3.62,2.33
2021,2021-09-13,EVE,BUR,1,0,1,3.0,0.0,1.75,3.71,5.01
2021,2021-09-12,LEE,LIVP,2,2,0,1.0,1.0,4.34,4.05,1.78
2021,2021-09-11,CRY,TOT,0,0,0,1.0,1.0,4.25,3.44,1.95
2021,2021-09-11,ARS,NOR,2,0,1,3.0,0.0,1.52,4.48,6.4
2021,2021-09-11,BRNT,BHA,4,0,1,3.0,0.0,2.86,3.14,2.69
2021,2021-09-11,LEIC,MANC,2,6,-1,0.0,3.0,5.7,4.22,1.6
2021,2021-09-11,MANU,NEW,1,1,0,1.0,1.0,1.2,7.27,14.77
2021,2021-09-11,SOU,WHU,0,1,-1,0.0,3.0,2.89,3.46,2.47
2021,2021-09-11,WAT,WOLV,5,4,1,3.0,0.0,3.36,3.19,2.33
2021,2021-09-11,CHE,AVL,1,2,-1,0.0,3.0,1.3,5.46,11.28
2021,2021-08-29,BUR,LEE,3,1,1,3.0,0.0,3.07,3.51,2.33
2021,2021-08-29,TOT,WAT,3,0,1,3.0,0.0,1.44,4.48,8.42
2021,2021-08-29,WOLV,MANU,5,3,1,3.0,0.0,4.91,3.48,1.82
2021,2021-08-28,MANC,ARS,1,1,0,1.0,1.0,1.26,6.16,11.99
2021,2021-08-28,AVL,BRNT,4,0,1,3.0,0.0,2.0,3.57,3.84
2021,2021-08-28,BHA,EVE,1,1,0,1.0,1.0,2.35,3.25,3.27
2021,2021-08-28,NEW,SOU,1,0,1,3.0,0.0,2.52,3.47,2.82
2021,2021-08-28,NOR,LEIC,1,5,-1,0.0,3.0,4.34,3.55,1.9
2021,2021-08-28,WHU,CRY,3,3,0,1.0,1.0,1.58,4.02,6.29
2021,2021-08-28,LIVP,CHE,1,2,-1,0.0,3.0,2.5,3.33,2.95
2021,2021-08-23,WHU,LEIC,1,2,-1,0.0,3.0,2.58,3.44,2.75
2021,2021-08-22,SOU,MANU,3,0,1,3.0,0.0,5.36,4.26,1.61
2021,2021-08-22,WOLV,TOT,4,3,1,3.0,0.0,3.2,3.15,2.43
2021,2021-08-22,ARS,CHE,1,4,-1,0.0,3.0,4.76,3.74,1.78
2021,2021-08-21,LIVP,BUR,3,0,1,3.0,0.0,1.21,6.97,14.41
2021,2021-08-21,AVL,NEW,0,2,-1,0.0,3.0,1.82,3.92,4.25
2021,2021-08-21,CRY,BRNT,2,0,1,3.0,0.0,2.61,3.18,2.9
2021,2021-08-21,LEE,EVE,1,1,0,1.0,1.0,2.37,3.47,3.03
2021,2021-08-21,MANC,NOR,1,0,1,3.0,0.0,1.11,10.58,25.64
2021,2021-08-21,BHA,WAT,0,2,-1,0.0,3.0,1.74,3.52,5.53
2021,2021-08-15,NEW,WHU,0,1,-1,0.0,3.0,3.2,3.51,2.26
2021,2021-08-15,TOT,MANC,2,4,-1,0.0,3.0,5.49,4.1,1.64
2021,2021-08-14,MANU,LEE,5,4,1,3.0,0.0,1.55,4.48,5.87
2021,2021-08-14,BUR,BHA,1,0,1,3.0,0.0,3.19,3.09,2.49
2021,2021-08-14,CHE,CRY,1,1,0,1.0,1.0,1.26,5.92,12.8
2021,2021-08-14,EVE,SOU,0,0,0,1.0,1.0,1.97,3.53,4.04
2021,2021-08-14,LEIC,WOLV,1,1,0,1.0,1.0,1.71,3.75,5.32
2021,2021-08-14,WAT,AVL,2,3,-1,0.0,3.0,3.14,3.26,2.41
2021,2021-08-14,NOR,LIVP,1,0,1,3.0,0.0,8.78,5.71,1.33
2021,2021-08-13,BRNT,ARS,1,1,0,1.0,1.0,4.02,3.43,2.02
2020,2021-05-23,ARS,BHA,3,1,1,3.0,0.0,1.62,4.29,5.23
2020,2021-05-23,AVL,CHE,1,2,-1,0.0,3.0,6.62,4.56,1.49
2020,2021-05-23,FUL,NEW,1,1,0,1.0,1.0,2.09,3.81,3.32
2020,2021-05-23,LEE,WBA,0,1,-1,0.0,3.0,1.44,5.18,6.51
2020,2021-05-23,LEIC,TOT,0,2,-1,0.0,3.0,2.04,4.02,3.33
2020,2021-05-23,LIVP,CRY,0,0,0,1.0,1.0,1.16,8.28,17.35
2020,2021-05-23,MANC,EVE,1,1,0,1.0,1.0,1.44,4.94,6.83
2020,2021-05-23,SHU,BUR,1,4,-1,0.0,3.0,2.84,3.63,2.41
2020,2021-05-23,WHU,SOU,2,3,-1,0.0,3.0,1.72,4.0,4.76
2020,2021-05-23,WOLV,MANU,1,1,0,1.0,1.0,2.53,3.63,2.69
2020,2021-05-19,EVE,WOLV,1,1,0,1.0,1.0,1.89,3.61,4.25
2020,2021-05-19,NEW,SHU,0,0,0,1.0,1.0,1.75,3.83,4.75
2020,2021-05-19,TOT,AVL,3,3,0,1.0,1.0,1.53,4.65,5.85
2020,2021-05-19,CRY,ARS,0,0,0,1.0,1.0,6.14,4.41,1.53
2020,2021-05-19,BUR,LIVP,0,2,-1,0.0,3.0,10.82,6.67,1.25
2020,2021-05-19,WBA,WHU,0,2,-1,0.0,3.0,5.26,4.25,1.62
2020,2021-05-18,MANU,FUL,0,2,-1,0.0,3.0,1.32,5.71,9.38
2020,2021-05-18,SOU,LEE,3,0,1,3.0,0.0,2.6,3.81,2.54
2020,2021-05-18,BHA,MANC,3,3,0,1.0,1.0,6.93,4.49,1.49
2020,2021-05-18,CHE,LEIC,1,0,1,3.0,0.0,1.72,3.71,5.37
2020,2021-05-16,CRY,AVL,1,1,0,1.0,1.0,3.05,3.5,2.33
2020,2021-05-16,TOT,WOLV,3,1,1,3.0,0.0,1.54,4.28,6.27
2020,2021-05-16,WBA,LIVP,2,1,1,3.0,0.0,12.37,6.75,1.23
2020,2021-05-16,EVE,SHU,0,1,-1,0.0,3.0,1.4,4.73,8.34
2020,2021-05-15,BUR,LEE,3,1,1,3.0,0.0,3.14,3.64,2.23
2020,2021-05-15,SOU,FUL,1,4,-1,0.0,3.0,2.02,3.58,3.73
2020,2021-05-15,BHA,WHU,1,3,-1,0.0,3.0,2.98,3.49,2.39
2020,2021-05-14,NEW,MANC,0,2,-1,0.0,3.0,10.52,5.8,1.3
2020,2021-05-13,AVL,EVE,1,0,1,3.0,0.0,2.72,3.44,2.61
2020,2021-05-13,MANU,LIVP,0,1,-1,0.0,3.0,3.15,3.76,2.18
2020,2021-05-12,CHE,ARS,2,1,1,3.0,0.0,1.73,3.8,5.04
2020,2021-05-11,MANU,LEIC,0,1,-1,0.0,3.0,2.54,3.37,2.88
2020,2021-05-11,SOU,CRY,4,0,1,3.0,0.0,2.1,3.56,3.56
2020,2021-05-10,FUL,BUR,2,3,-1,0.0,3.0,2.21,3.41,3.35
2020,2021-05-09,WOLV,BHA,1,4,-1,0.0,3.0,3.35,3.3,2.27
2020,2021-05-09,AVL,MANU,1,2,-1,0.0,3.0,4.38,3.81,1.82
2020,2021-05-09,WHU,EVE,2,0,1,3.0,0.0,2.27,3.44,3.22
2020,2021-05-09,ARS,WBA,1,1,0,1.0,1.0,1.47,4.53,7.01
2020,2021-05-08,LEE,TOT,0,1,-1,0.0,3.0,3.46,3.8,2.04
2020,2021-05-08,SHU,CRY,2,0,1,3.0,0.0,2.97,3.25,2.52
2020,2021-05-08,MANC,CHE,1,0,1,3.0,0.0,1.94,3.45,4.26
2020,2021-05-08,LIVP,SOU,0,1,-1,0.0,3.0,1.29,5.97,10.14
2020,2021-05-07,LEIC,NEW,0,1,-1,0.0,3.0,1.42,4.8,7.83
2020,2021-05-03,WBA,WOLV,0,3,-1,0.0,3.0,2.91,3.19,2.58
2020,2021-05-03,BUR,WHU,3,0,1,3.0,0.0,3.17,3.49,2.26
2020,2021-05-02,NEW,ARS,0,0,0,1.0,1.0,3.64,3.57,2.05
2020,2021-05-02,TOT,SHU,0,2,-1,0.0,3.0,1.29,5.73,11.16
2020,2021-05-01,CRY,MANC,1,1,0,1.0,1.0,10.1,5.14,1.34
2020,2021-05-01,BHA,LEE,3,2,1,3.0,0.0,2.16,3.45,3.43
2020,2021-05-01,CHE,FUL,1,1,0,1.0,1.0,1.48,4.27,7.59
2020,2021-05-01,EVE,AVL,1,2,-1,0.0,3.0,2.02,3.62,3.69
2020,2021-04-30,SOU,LEIC,0,1,-1,0.0,3.0,3.82,3.81,1.94
2020,2021-04-26,LEIC,CRY,0,0,0,1.0,1.0,1.47,4.26,7.71
2020,2021-04-25,WOLV,BUR,1,2,-1,0.0,3.0,2.07,3.31,3.88
2020,2021-04-25,LEE,MANU,1,5,-1,0.0,3.0,4.05,4.05,1.82
2020,2021-04-25,AVL,WBA,1,4,-1,0.0,3.0,1.88,3.67,4.19
2020,2021-04-24,LIVP,NEW,0,1,-1,0.0,3.0,1.24,6.38,12.06
2020,2021-04-24,WHU,CHE,0,0,0,1.0,1.0,4.74,3.75,1.77
2020,2021-04-24,SHU,BHA,0,2,-1,0.0,3.0,5.33,3.56,1.74
2020,2021-04-23,ARS,EVE,0,0,0,1.0,1.0,2.06,3.46,3.77
2020,2021-04-22,LEIC,WBA,0,2,-1,0.0,3.0,1.59,4.08,5.94
2020,2021-04-21,TOT,SOU,1,0,1,3.0,0.0,1.8,3.79,4.42
2020,2021-04-21,AVL,MANC,0,2,-1,0.0,3.0,8.68,4.88,1.38
2020,2021-04-20,CHE,BHA,2,1,1,3.0,0.0,1.61,3.85,6.26
2020,2021-04-19,LEE,LIVP,1,0,1,3.0,0.0,4.7,4.26,1.68
2020,2021-04-18,ARS,FUL,1,2,-1,0.0,3.0,1.75,3.72,4.91
2020,2021-04-18,MANU,BUR,2,1,1,3.0,0.0,1.36,5.05,9.25
2020,2021-04-17,NEW,WHU,2,1,1,3.0,0.0,3.65,3.45,2.08
2020,2021-04-17,WOLV,SHU,2,2,0,1.0,1.0,1.69,3.55,5.81
2020,2021-04-16,EVE,TOT,2,0,1,3.0,0.0,3.42,3.47,2.17
2020,2021-04-12,WBA,SOU,1,0,1,3.0,0.0,3.55,3.28,2.19
2020,2021-04-12,BHA,EVE,1,1,0,1.0,1.0,2.3,3.26,3.31
2020,2021-04-11,BUR,NEW,2,1,1,3.0,0.0,2.34,3.12,3.39
2020,2021-04-11,WHU,LEIC,1,2,-1,0.0,3.0,3.01,3.38,2.41
2020,2021-04-11,TOT,MANU,0,0,0,1.0,1.0,2.87,3.44,2.49
2020,2021-04-11,SHU,ARS,0,2,-1,0.0,3.0,6.15,3.97,1.59
2020,2021-04-10,MANC,LEE,0,1,-1,0.0,3.0,1.3,5.92,9.56
2020,2021-04-10,LIVP,AVL,0,1,-1,0.0,3.0,1.52,4.51,6.22
2020,2021-04-10,CRY,CHE,3,3,0,1.0,1.0,6.95,3.98,1.54
2020,2021-04-09,FUL,WOLV,0,1,-1,0.0,3.0,2.57,3.01,3.14
2020,2021-04-05,EVE,CRY,0,2,-1,0.0,3.0,1.8,3.46,4.91
2020,2021-04-05,WOLV,WHU,1,0,1,3.0,0.0,2.95,3.13,2.58
2020,2021-04-04,SOU,BUR,1,1,0,1.0,1.0,2.1,3.29,3.78
2020,2021-04-04,NEW,TOT,4,0,1,3.0,0.0,5.56,4.03,1.62
2020,2021-04-04,AVL,FUL,4,0,1,3.0,0.0,2.28,3.29,3.32
2020,2021-04-04,MANU,BHA,0,2,-1,0.0,3.0,1.64,3.97,5.39
2020,2021-04-03,CHE,WBA,1,3,-1,0.0,3.0,1.22,6.33,14.99
2020,2021-04-03,LEE,SHU,1,1,0,1.0,1.0,1.52,4.4,6.36
2020,2021-04-03,LEIC,MANC,0,4,-1,0.0,3.0,6.16,4.07,1.57
2020,2021-04-03,ARS,LIVP,2,1,1,3.0,0.0,3.13,3.56,2.26
2020,2021-03-21,WHU,ARS,2,0,1,3.0,0.0,2.83,3.43,2.5
2020,2021-03-21,AVL,TOT,3,1,1,3.0,0.0,2.97,3.38,2.42
2020,2021-03-20,BHA,NEW,2,2,0,1.0,1.0,1.66,3.54,6.24
2020,2021-03-19,FUL,LEE,1,2,-1,0.0,3.0,2.43,3.35,3.0
2020,2021-03-15,WOLV,LIVP,2,0,1,3.0,0.0,4.81,3.74,1.76
2020,2021-03-14,SOU,BHA,2,1,1,3.0,0.0,2.98,3.07,2.6
2020,2021-03-14,LEIC,SHU,3,2,1,3.0,0.0,1.54,4.12,6.6
2020,2021-03-14,ARS,TOT,0,0,0,1.0,1.0,2.56,3.34,2.82
2020,2021-03-14,MANU,WHU,0,2,-1,0.0,3.0,1.86,3.57,4.42
2020,2021-03-13,LEE,CHE,3,2,1,3.0,0.0,4.57,3.9,1.76
2020,2021-03-13,CRY,WBA,2,1,1,3.0,0.0,2.24,3.17,3.55
2020,2021-03-13,EVE,BUR,1,4,-1,0.0,3.0,1.88,3.49,4.42
2020,2021-03-13,FUL,MANC,0,1,-1,0.0,3.0,9.63,4.98,1.35
2020,2021-03-12,NEW,AVL,0,0,0,1.0,1.0,3.8,3.33,2.09
2020,2021-03-10,MANC,SOU,1,0,1,3.0,0.0,1.21,6.91,14.17
2020,2021-03-08,CHE,EVE,1,0,1,3.0,0.0,1.55,4.14,6.29
2020,2021-03-08,WHU,LEE,1,0,1,3.0,0.0,2.09,3.59,3.46
2020,2021-03-07,WBA,NEW,3,1,1,3.0,0.0,2.45,3.2,3.09
2020,2021-03-07,LIVP,FUL,2,1,1,3.0,0.0,1.38,4.98,8.39
2020,2021-03-07,MANC,MANU,0,2,-1,0.0,3.0,1.5,4.35,6.74
2020,2021-03-07,TOT,CRY,0,1,-1,0.0,3.0,1.47,4.48,7.11
2020,2021-03-06,BUR,ARS,1,2,-1,0.0,3.0,5.48,3.94,1.64
2020,2021-03-06,SHU,SOU,3,0,1,3.0,0.0,3.67,3.4,2.09
2020,2021-03-06,AVL,WOLV,2,1,1,3.0,0.0,2.42,3.2,3.14
2020,2021-03-06,BHA,LEIC,2,3,-1,0.0,3.0,2.56,3.24,2.9
2020,2021-03-04,FUL,TOT,1,0,1,3.0,0.0,3.95,3.57,1.96
2020,2021-03-04,WBA,EVE,2,1,1,3.0,0.0,4.43,3.67,1.84
2020,2021-03-04,LIVP,CHE,3,1,1,3.0,0.0,2.26,3.59,3.1
2020,2021-03-03,BUR,LEIC,4,0,1,3.0,0.0,3.97,3.3,2.05
2020,2021-03-03,SHU,AVL,2,1,1,3.0,0.0,3.73,3.44,2.07
2020,2021-03-03,CRY,MANU,2,3,-1,0.0,3.0,7.56,4.6,1.44
2020,2021-03-02,MANC,WOLV,2,2,0,1.0,1.0,1.22,6.41,15.26
2020,2021-03-01,EVE,SOU,0,0,0,1.0,1.0,2.19,3.45,3.34
2020,2021-02-28,CRY,FUL,1,1,0,1.0,1.0,3.49,3.17,2.26
2020,2021-02-28,LEIC,ARS,0,2,-1,0.0,3.0,2.51,3.34,2.89
2020,2021-02-28,TOT,BUR,2,0,1,3.0,0.0,1.55,4.04,6.66
2020,2021-02-28,CHE,MANU,0,1,-1,0.0,3.0,2.27,3.29,3.35
2020,2021-02-28,SHU,LIVP,1,3,-1,0.0,3.0,7.56,4.94,1.41
2020,2021-02-27,MANC,WHU,1,0,1,3.0,0.0,1.23,6.55,12.55
2020,2021-02-27,WBA,BHA,3,0,1,3.0,0.0,4.14,3.44,1.96
2020,2021-02-27,LEE,AVL,2,1,1,3.0,0.0,2.23,3.63,3.12
2020,2021-02-27,NEW,WOLV,3,2,1,3.0,0.0,3.51,3.12,2.28
2020,2021-02-23,LEE,SOU,0,1,-1,0.0,3.0,2.34,3.47,3.06
2020,2021-02-22,BHA,CRY,0,0,0,1.0,1.0,1.74,3.53,5.36
2020,2021-02-21,WHU,TOT,1,1,0,1.0,1.0,2.64,3.33,2.73
2020,2021-02-21,AVL,LEIC,2,0,1,3.0,0.0,2.87,3.5,2.44
2020,2021-02-21,ARS,MANC,1,3,-1,0.0,3.0,6.27,4.36,1.53
2020,2021-02-21,MANU,NEW,1,1,0,1.0,1.0,1.3,5.75,10.27
2020,2021-02-20,SOU,CHE,2,2,0,1.0,1.0,4.93,3.76,1.74
2020,2021-02-20,BUR,WBA,1,4,-1,0.0,3.0,2.04,3.31,3.96
2020,2021-02-20,LIVP,EVE,0,0,0,1.0,1.0,1.47,4.59,6.79
2020,2021-02-20,FUL,SHU,1,0,1,3.0,0.0,2.2,3.19,3.61
2020,2021-02-19,WOLV,LEE,0,0,0,1.0,1.0,2.38,3.36,3.08
2020,2021-02-17,BUR,FUL,2,1,1,3.0,0.0,2.77,3.15,2.72
2020,2021-02-17,EVE,MANC,3,0,1,3.0,0.0,8.56,5.33,1.35
2020,2021-02-15,WHU,SHU,1,0,1,3.0,0.0,1.73,3.74,5.04
2020,2021-02-15,CHE,NEW,0,2,-1,0.0,3.0,1.24,6.36,11.97
2020,2021-02-14,SOU,WOLV,0,2,-1,0.0,3.0,2.42,3.21,3.12
2020,2021-02-14,WBA,MANU,2,2,0,1.0,1.0,9.19,5.52,1.33
2020,2021-02-14,ARS,LEE,1,3,-1,0.0,3.0,1.89,3.77,3.98
2020,2021-02-14,EVE,FUL,0,3,-1,0.0,3.0,1.93,3.53,4.09
2020,2021-02-13,LEIC,LIVP,0,1,-1,0.0,3.0,3.45,3.49,2.14
2020,2021-02-13,CRY,BUR,3,0,1,3.0,0.0,2.42,3.11,3.22
2020,2021-02-13,MANC,TOT,3,1,1,3.0,0.0,1.33,5.56,8.65
2020,2021-02-13,BHA,AVL,3,0,1,3.0,0.0,2.77,3.4,2.56
2020,2021-02-08,LEE,CRY,1,0,1,3.0,0.0,1.86,3.82,4.06
2020,2021-02-07,TOT,WBA,0,2,-1,0.0,3.0,1.46,4.51,7.23
2020,2021-02-07,WOLV,LEIC,2,2,0,1.0,1.0,3.52,3.37,2.16
2020,2021-02-07,LIVP,MANC,2,2,0,1.0,1.0,3.37,3.63,2.12
2020,2021-02-07,SHU,CHE,1,1,0,1.0,1.0,7.18,4.38,1.48
2020,2021-02-06,AVL,ARS,2,2,0,1.0,1.0,2.74,3.47,2.56
2020,2021-02-06,BUR,BHA,0,1,-1,0.0,3.0,3.58,3.17,2.22
2020,2021-02-06,NEW,SOU,0,2,-1,0.0,3.0,2.99,3.27,2.47
2020,2021-02-06,FUL,WHU,0,2,-1,0.0,3.0,3.57,3.46,2.1
2020,2021-02-06,MANU,EVE,2,5,-1,0.0,3.0,1.56,4.26,5.99
2020,2021-02-04,TOT,CHE,1,3,-1,0.0,3.0,3.48,3.43,2.16
2020,2021-02-03,BUR,MANC,2,0,1,3.0,0.0,14.33,6.54,1.22
2020,2021-02-03,FUL,LEIC,1,1,0,1.0,1.0,4.0,3.49,1.97
2020,2021-02-03,LEE,EVE,0,1,-1,0.0,3.0,2.47,3.63,2.75
2020,2021-02-03,AVL,WHU,0,3,-1,0.0,3.0,2.21,3.43,3.33
2020,2021-02-03,LIVP,BHA,1,0,1,3.0,0.0,1.36,5.23,8.38
2020,2021-02-02,SHU,WBA,1,3,-1,0.0,3.0,2.05,3.3,3.99
2020,2021-02-02,WOLV,ARS,3,3,0,1.0,1.0,3.63,3.29,2.17
2020,2021-02-02,MANU,SOU,3,1,1,3.0,0.0,1.44,4.73,7.22
2020,2021-02-02,NEW,CRY,1,1,0,1.0,1.0,2.91,3.15,2.63
2020,2021-01-31,CHE,BUR,3,0,1,3.0,0.0,1.34,5.15,9.64
2020,2021-01-31,LEIC,LEE,1,0,1,3.0,0.0,1.82,4.02,4.11
2020,2021-01-31,WHU,LIVP,3,1,1,3.0,0.0,4.39,3.99,1.77
2020,2021-01-31,BHA,TOT,3,3,0,1.0,1.0,3.12,3.36,2.35
2020,2021-01-30,EVE,NEW,0,2,-1,0.0,3.0,1.59,3.95,6.27
2020,2021-01-30,CRY,WOLV,1,1,0,1.0,1.0,2.96,3.1,2.61
2020,2021-01-30,MANC,SHU,0,1,-1,0.0,3.0,1.13,8.75,21.73
2020,2021-01-30,WBA,FUL,1,2,-1,0.0,3.0,3.33,3.19,2.32
2020,2021-01-30,ARS,MANU,2,1,1,3.0,0.0,2.86,3.4,2.51
2020,2021-01-30,SOU,AVL,0,0,0,1.0,1.0,2.86,3.59,2.41
2020,2021-01-28,TOT,LIVP,0,4,-1,0.0,3.0,3.22,3.54,2.22
2020,2021-01-27,BUR,AVL,1,2,-1,0.0,3.0,3.84,3.53,2.0
2020,2021-01-27,CHE,WOLV,3,1,1,3.0,0.0,1.62,4.08,5.53
2020,2021-01-27,BHA,FUL,1,3,-1,0.0,3.0,2.06,3.38,3.82
2020,2021-01-27,EVE,LEIC,1,0,1,3.0,0.0,2.83,3.25,2.61
2020,2021-01-27,MANU,SHU,2,3,-1,0.0,3.0,1.28,5.94,10.6
2020,2021-01-26,CRY,WHU,2,2,0,1.0,1.0,3.16,3.27,2.39
2020,2021-01-26,NEW,LEE,2,1,1,3.0,0.0,3.83,3.83,1.93
2020,2021-01-26,SOU,ARS,0,3,-1,0.0,3.0,3.49,3.6,2.09
2020,2021-01-26,WBA,MANC,0,3,-1,0.0,3.0,15.44,7.06,1.2
2020,2021-01-23,AVL,NEW,1,2,-1,0.0,3.0,1.5,4.53,6.37
2020,2021-01-21,LIVP,BUR,2,2,0,1.0,1.0,1.2,7.05,14.89
2020,2021-01-20,MANC,AVL,0,1,-1,0.0,3.0,1.25,6.21,11.36
2020,2021-01-20,FUL,MANU,0,0,0,1.0,1.0,6.05,4.31,1.55
2020,2021-01-19,WHU,WBA,1,5,-1,0.0,3.0,1.58,4.08,6.09
2020,2021-01-19,LEIC,CHE,5,1,1,3.0,0.0,2.9,3.41,2.49
2020,2021-01-18,ARS,NEW,2,0,1,3.0,0.0,1.44,4.61,7.54
2020,2021-01-17,SHU,TOT,0,2,-1,0.0,3.0,5.96,3.73,1.65
2020,2021-01-17,LIVP,MANU,2,2,0,1.0,1.0,1.97,3.84,3.65
2020,2021-01-17,MANC,CRY,0,1,-1,0.0,3.0,1.17,7.67,17.03
2020,2021-01-16,WOLV,WBA,0,2,-1,0.0,3.0,1.61,3.67,6.71
2020,2021-01-16,LEE,BHA,1,1,0,1.0,1.0,2.17,3.57,3.31
2020,2021-01-16,WHU,BUR,1,0,1,3.0,0.0,1.84,3.49,4.69
2020,2021-01-16,FUL,CHE,1,2,-1,0.0,3.0,6.3,4.21,1.55
2020,2021-01-16,LEIC,SOU,0,1,-1,0.0,3.0,1.8,3.72,4.58
2020,2021-01-14,ARS,CRY,5,0,1,3.0,0.0,1.55,4.1,6.37
2020,2021-01-13,MANC,BHA,0,2,-1,0.0,3.0,1.18,7.48,15.78
2020,2021-01-13,TOT,FUL,1,4,-1,0.0,3.0,1.4,4.91,7.98
2020,2021-01-12,SHU,NEW,0,3,-1,0.0,3.0,2.49,3.11,3.13
2020,2021-01-12,BUR,MANU,1,0,1,3.0,0.0,7.03,4.56,1.47
2020,2021-01-12,WOLV,EVE,1,1,0,1.0,1.0,2.5,3.12,3.1
2020,2021-01-04,SOU,LIVP,0,0,0,1.0,1.0,4.89,4.24,1.65
2020,2021-01-03,NEW,LEIC,0,1,-1,0.0,3.0,5.19,3.97,1.67
2020,2021-01-03,CHE,MANC,0,0,0,1.0,1.0,3.01,3.66,2.24
2020,2021-01-02,TOT,LEE,1,2,-1,0.0,3.0,1.8,4.05,4.15
2020,2021-01-02,CRY,SHU,5,0,1,3.0,0.0,2.01,3.4,3.93
2020,2021-01-02,BHA,WOLV,4,2,1,3.0,0.0,2.66,3.15,2.85
2020,2021-01-02,WBA,ARS,3,1,1,3.0,0.0,5.78,4.01,1.61
2020,2021-01-01,EVE,WHU,1,2,-1,0.0,3.0,2.15,3.44,3.5
2020,2021-01-01,MANU,AVL,1,3,-1,0.0,3.0,1.74,4.14,4.42
2020,2020-12-30,NEW,LIVP,3,1,1,3.0,0.0,9.81,5.93,1.29
2020,2020-12-29,BHA,ARS,1,1,0,1.0,1.0,3.22,3.38,2.29
2020,2020-12-29,BUR,SHU,2,2,0,1.0,1.0,2.41,3.15,3.22
2020,2020-12-29,SOU,WHU,2,0,1,3.0,0.0,2.19,3.48,3.33
2020,2020-12-29,WBA,LEE,4,1,1,3.0,0.0,3.59,3.67,2.03
2020,2020-12-29,MANU,WOLV,0,0,0,1.0,1.0,1.55,4.21,6.1
2020,2020-12-28,CRY,LEIC,0,1,-1,0.0,3.0,3.81,3.52,2.01
2020,2020-12-28,CHE,AVL,0,0,0,1.0,1.0,1.69,4.18,4.72
2020,2020-12-27,LEE,BUR,0,0,0,1.0,1.0,1.75,3.98,4.5
2020,2020-12-27,WHU,BHA,7,1,1,3.0,0.0,2.37,3.32,3.11
2020,2020-12-27,LIVP,WBA,0,1,-1,0.0,3.0,1.13,9.05,20.61
2020,2020-12-27,WOLV,TOT,1,1,0,1.0,1.0,3.62,3.28,2.16
2020,2020-12-26,LEIC,MANU,1,2,-1,0.0,3.0,3.01,3.55,2.32
2020,2020-12-26,AVL,CRY,0,0,0,1.0,1.0,1.94,3.75,3.8
2020,2020-12-26,FUL,SOU,6,1,1,3.0,0.0,3.19,3.32,2.32
2020,2020-12-26,ARS,CHE,0,0,0,1.0,1.0,4.06,3.59,1.93
2020,2020-12-26,MANC,NEW,2,0,1,3.0,0.0,1.12,9.31,23.28
2020,2020-12-26,SHU,EVE,1,1,0,1.0,1.0,4.2,3.59,1.9
2020,2020-12-21,BUR,WOLV,0,1,-1,0.0,3.0,3.61,3.13,2.23
2020,2020-12-21,CHE,WHU,0,1,-1,0.0,3.0,1.49,4.63,6.29
2020,2020-12-20,BHA,SHU,0,4,-1,0.0,3.0,1.69,3.72,5.43
2020,2020-12-20,TOT,LEIC,1,0,1,3.0,0.0,2.08,3.48,3.62
2020,2020-12-20,MANU,LEE,0,2,-1,0.0,3.0,1.71,4.23,4.49
2020,2020-12-20,WBA,AVL,2,1,1,3.0,0.0,3.69,3.7,1.99
2020,2020-12-19,CRY,LIVP,0,1,-1,0.0,3.0,6.2,4.45,1.52
2020,2020-12-19,SOU,MANC,0,0,0,1.0,1.0,6.48,4.63,1.48
2020,2020-12-19,EVE,ARS,1,2,-1,0.0,3.0,2.42,3.44,2.93
2020,2020-12-19,NEW,FUL,1,0,1,3.0,0.0,2.58,3.25,2.87
2020,2020-12-17,AVL,BUR,0,1,-1,0.0,3.0,1.74,3.84,4.73
2020,2020-12-17,SHU,MANU,1,2,-1,0.0,3.0,7.14,4.54,1.46
2020,2020-12-16,ARS,SOU,1,1,0,1.0,1.0,2.25,3.47,3.19
2020,2020-12-16,LEE,NEW,1,4,-1,0.0,3.0,1.76,3.89,4.49
2020,2020-12-16,LEIC,EVE,3,1,1,3.0,0.0,2.2,3.55,3.22
2020,2020-12-16,FUL,BHA,2,0,1,3.0,0.0,2.9,3.28,2.51
2020,2020-12-16,LIVP,TOT,0,1,-1,0.0,3.0,1.79,3.84,4.44
2020,2020-12-16,WHU,CRY,2,3,-1,0.0,3.0,2.1,3.4,3.64
2020,2020-12-15,WOLV,CHE,2,2,0,1.0,1.0,5.44,3.79,1.68
2020,2020-12-15,MANC,WBA,0,3,-1,0.0,3.0,1.12,9.96,22.77
2020,2020-12-13,SOU,SHU,0,3,-1,0.0,3.0,1.72,3.83,4.95
2020,2020-12-13,CRY,TOT,0,0,0,1.0,1.0,4.71,3.75,1.76
2020,2020-12-13,FUL,LIVP,1,0,1,3.0,0.0,8.44,5.66,1.34
2020,2020-12-13,ARS,BUR,0,2,-1,0.0,3.0,1.54,4.22,6.42
2020,2020-12-13,LEIC,BHA,2,0,1,3.0,0.0,2.03,3.49,3.76
2020,2020-12-12,WOLV,AVL,1,1,0,1.0,1.0,2.34,3.27,3.21
2020,2020-12-12,NEW,WBA,0,1,-1,0.0,3.0,2.51,3.25,2.95
2020,2020-12-12,MANU,MANC,2,3,-1,0.0,3.0,4.39,4.16,1.74
2020,2020-12-12,EVE,CHE,1,2,-1,0.0,3.0,4.36,4.12,1.75
2020,2020-12-11,LEE,WHU,1,2,-1,0.0,3.0,2.18,3.67,3.2
2020,2020-12-07,BHA,SOU,2,1,1,3.0,0.0,2.52,3.36,2.86
2020,2020-12-06,WBA,CRY,0,3,-1,0.0,3.0,2.9,3.21,2.58
2020,2020-12-06,SHU,LEIC,1,1,0,1.0,1.0,3.86,3.49,2.01
2020,2020-12-06,TOT,ARS,1,0,1,3.0,0.0,2.01,3.54,3.79
2020,2020-12-06,LIVP,WOLV,1,1,0,1.0,1.0,1.52,4.25,6.59
2020,2020-12-05,BUR,EVE,1,0,1,3.0,0.0,4.02,3.5,1.97
2020,2020-12-05,MANC,FUL,2,1,1,3.0,0.0,1.12,9.74,21.84
2020,2020-12-05,WHU,MANU,2,0,1,3.0,0.0,3.62,3.57,2.05
2020,2020-12-05,CHE,LEE,1,0,1,3.0,0.0,1.54,4.5,5.82
2020,2020-11-30,LEIC,FUL,2,1,1,3.0,0.0,1.54,4.35,6.15
2020,2020-11-30,WHU,AVL,1,4,-1,0.0,3.0,2.32,3.57,3.01
2020,2020-11-29,SOU,MANU,1,1,0,1.0,1.0,3.8,3.57,2.0
2020,2020-11-29,CHE,TOT,2,1,1,3.0,0.0,2.1,3.52,3.53
2020,2020-11-29,ARS,WOLV,2,4,-1,0.0,3.0,2.13,3.28,3.72
2020,2020-11-28,BHA,LIVP,2,0,1,3.0,0.0,5.32,4.19,1.62
2020,2020-11-28,MANC,BUR,0,3,-1,0.0,3.0,1.17,7.84,16.81
2020,2020-11-28,EVE,LEE,0,1,-1,0.0,3.0,2.02,3.72,3.57
2020,2020-11-28,WBA,SHU,3,2,1,3.0,0.0,2.6,3.17,2.9
2020,2020-11-27,CRY,NEW,0,2,-1,0.0,3.0,2.15,3.21,3.74
2020,2020-11-23,BUR,CRY,1,3,-1,0.0,3.0,2.79,3.06,2.8
2020,2020-11-23,WOLV,SOU,1,1,0,1.0,1.0,2.32,3.25,3.27
2020,2020-11-22,FUL,EVE,0,0,0,1.0,1.0,3.93,3.79,1.9
2020,2020-11-22,SHU,WHU,1,2,-1,0.0,3.0,3.06,3.26,2.43
2020,2020-11-22,LEE,ARS,1,3,-1,0.0,3.0,3.13,3.7,2.21
2020,2020-11-22,LIVP,LEIC,0,1,-1,0.0,3.0,1.9,3.92,3.82
2020,2020-11-21,NEW,CHE,1,2,-1,0.0,3.0,6.39,4.54,1.5
2020,2020-11-21,AVL,BHA,1,1,0,1.0,1.0,2.19,3.61,3.21
2020,2020-11-21,TOT,MANC,0,2,-1,0.0,3.0,4.1,4.03,1.81
2020,2020-11-21,MANU,WBA,3,2,1,3.0,0.0,1.34,5.34,9.21
2020,2020-11-08,WBA,TOT,2,2,0,1.0,1.0,6.38,4.38,1.52
2020,2020-11-08,LEIC,WOLV,2,2,0,1.0,1.0,2.38,3.14,3.28
2020,2020-11-08,MANC,LIVP,0,1,-1,0.0,3.0,1.99,4.03,3.42
2020,2020-11-08,ARS,AVL,3,3,0,1.0,1.0,1.7,3.97,4.92
2020,2020-11-07,EVE,MANU,2,1,1,3.0,0.0,2.91,3.52,2.42
2020,2020-11-07,CRY,LEE,2,0,1,3.0,0.0,2.92,3.37,2.47
2020,2020-11-07,CHE,SHU,0,1,-1,0.0,3.0,1.39,4.93,8.23
2020,2020-11-07,WHU,FUL,1,1,0,1.0,1.0,1.83,3.82,4.23
2020,2020-11-06,BHA,BUR,1,2,-1,0.0,3.0,1.9,3.48,4.42
2020,2020-11-06,SOU,NEW,0,0,0,1.0,1.0,2.04,3.58,3.7
2020,2020-11-02,FUL,WBA,2,3,-1,0.0,3.0,2.44,3.32,3.01
2020,2020-11-02,LEE,LEIC,3,0,1,3.0,0.0,2.56,3.56,2.68
2020,2020-11-01,AVL,SOU,1,2,-1,0.0,3.0,2.46,3.6,2.78
2020,2020-11-01,NEW,EVE,0,2,-1,0.0,3.0,3.71,3.47,2.06
2020,2020-11-01,MANU,ARS,1,2,-1,0.0,3.0,2.04,3.66,3.58
2020,2020-11-01,TOT,BHA,0,1,-1,0.0,3.0,1.63,4.17,5.29
2020,2020-10-31,SHU,MANC,1,1,0,1.0,1.0,9.43,5.76,1.31
2020,2020-10-31,BUR,CHE,0,1,-1,0.0,3.0,6.05,4.37,1.54
2020,2020-10-31,LIVP,WHU,1,0,1,3.0,0.0,1.39,5.26,7.43
2020,2020-10-30,WOLV,CRY,1,0,1,3.0,0.0,2.05,3.13,4.27
2020,2020-10-26,BHA,WBA,4,0,1,3.0,0.0,1.75,3.93,4.61
2020,2020-10-26,BUR,TOT,1,1,0,1.0,1.0,5.49,4.02,1.63
2020,2020-10-25,SOU,EVE,0,3,-1,0.0,3.0,2.78,3.47,2.54
2020,2020-10-25,WOLV,NEW,2,2,0,1.0,1.0,1.78,3.49,5.16
2020,2020-10-25,ARS,LEIC,0,0,0,1.0,1.0,1.93,3.74,3.92
2020,2020-10-24,WHU,MANC,0,1,-1,0.0,3.0,7.2,5.16,1.41
2020,2020-10-24,FUL,CRY,3,1,1,3.0,0.0,2.74,3.14,2.77
2020,2020-10-24,MANU,CHE,1,0,1,3.0,0.0,2.38,3.59,2.9
2020,2020-10-24,LIVP,SHU,1,0,1,3.0,0.0,1.25,6.36,11.55
2020,2020-10-23,AVL,LEE,1,4,-1,0.0,3.0,2.11,3.75,3.33
2020,2020-10-19,WBA,BUR,1,0,1,3.0,0.0,2.49,3.3,2.97
2020,2020-10-19,LEE,WOLV,1,1,0,1.0,1.0,2.5,3.26,2.97
2020,2020-10-18,SHU,FUL,0,3,-1,0.0,3.0,2.11,3.32,3.74
2020,2020-10-18,CRY,BHA,1,1,0,1.0,1.0,2.68,3.25,2.76
2020,2020-10-18,TOT,WHU,2,0,1,3.0,0.0,1.62,4.19,5.34
2020,2020-10-18,LEIC,AVL,0,1,-1,0.0,3.0,1.89,3.82,3.97
2020,2020-10-17,EVE,LIVP,0,0,0,1.0,1.0,3.91,4.08,1.85
2020,2020-10-17,CHE,SOU,3,2,1,3.0,0.0,1.53,4.56,5.92
2020,2020-10-17,MANC,ARS,0,3,-1,0.0,3.0,1.49,4.85,6.09
2020,2020-10-17,NEW,MANU,0,2,-1,0.0,3.0,4.78,4.08,1.7
2020,2020-10-04,LEIC,WHU,1,1,0,1.0,1.0,1.68,4.12,4.86
2020,2020-10-04,SOU,WBA,2,0,1,3.0,0.0,1.76,3.86,4.58
2020,2020-10-04,ARS,SHU,3,0,1,3.0,0.0,1.56,4.09,6.25
2020,2020-10-04,WOLV,FUL,4,0,1,3.0,0.0,1.51,4.07,7.19
2020,2020-10-04,MANU,TOT,0,0,0,1.0,1.0,1.92,3.71,3.97
2020,2020-10-04,AVL,LIVP,1,1,0,1.0,1.0,9.35,5.41,1.33
2020,2020-10-03,CHE,CRY,1,3,-1,0.0,3.0,1.43,4.77,7.39
2020,2020-10-03,EVE,BHA,1,1,0,1.0,1.0,1.76,3.73,4.79
2020,2020-10-03,LEE,MANC,1,2,-1,0.0,3.0,7.45,5.34,1.38
2020,2020-10-03,NEW,BUR,3,1,1,3.0,0.0,2.47,3.15,3.08
2020,2020-09-28,FUL,AVL,1,1,0,1.0,1.0,2.92,3.26,2.52
2020,2020-09-28,LIVP,ARS,0,1,-1,0.0,3.0,1.49,4.68,6.3
2020,2020-09-27,SHU,LEE,0,3,-1,0.0,3.0,2.72,3.37,2.63
2020,2020-09-27,TOT,NEW,0,0,0,1.0,1.0,1.47,4.5,6.95
2020,2020-09-27,MANC,LEIC,0,1,-1,0.0,3.0,1.29,5.93,9.68
2020,2020-09-27,WHU,WOLV,2,3,-1,0.0,3.0,3.74,3.38,2.07
2020,2020-09-26,BHA,MANU,1,0,1,3.0,0.0,4.83,3.75,1.75
2020,2020-09-26,CRY,EVE,2,2,0,1.0,1.0,3.69,3.32,2.12
2020,2020-09-26,WBA,CHE,2,1,1,3.0,0.0,8.24,5.02,1.38
2020,2020-09-26,BUR,SOU,1,0,1,3.0,0.0,3.3,3.25,2.31
2020,2020-09-21,AVL,SHU,0,3,-1,0.0,3.0,2.71,3.19,2.75
2020,2020-09-21,WOLV,MANC,0,1,-1,0.0,3.0,6.11,4.35,1.54
2020,2020-09-20,SOU,TOT,0,0,0,1.0,1.0,3.1,3.35,2.37
2020,2020-09-20,NEW,BHA,3,0,1,3.0,0.0,2.68,3.15,2.82
2020,2020-09-20,CHE,LIVP,1,3,-1,0.0,3.0,3.15,3.72,2.18
2020,2020-09-20,LEIC,BUR,0,0,0,1.0,1.0,1.63,3.98,5.64
2020,2020-09-19,EVE,WBA,1,0,1,3.0,0.0,1.54,4.25,6.3
2020,2020-09-19,LEE,FUL,0,1,-1,0.0,3.0,1.64,3.97,5.5
2020,2020-09-19,MANU,CRY,0,2,-1,0.0,3.0,1.32,5.57,9.56
2020,2020-09-19,ARS,WHU,3,0,1,3.0,0.0,1.53,4.51,5.91
2020,2020-09-14,SHU,WOLV,0,0,0,1.0,1.0,3.36,3.0,2.41
2020,2020-09-14,BHA,CHE,0,1,-1,0.0,3.0,5.12,4.13,1.65
2020,2020-09-13,WBA,LEIC,1,0,1,3.0,0.0,3.87,3.57,1.97
2020,2020-09-13,TOT,EVE,1,0,1,3.0,0.0,1.9,3.55,4.2
2020,2020-09-12,FUL,ARS,2,1,1,3.0,0.0,5.94,4.34,1.55
2020,2020-09-12,CRY,SOU,2,1,1,3.0,0.0,3.18,3.22,2.39
2020,2020-09-12,LIVP,LEE,1,2,-1,0.0,3.0,1.3,5.96,9.68
2020,2020-09-12,WHU,NEW,0,2,-1,0.0,3.0,2.15,3.48,3.42
2019,2020-07-26,ARS,WAT,1,1,0,1.0,1.0,1.93,3.89,3.72
2019,2020-07-26,BUR,BHA,1,1,0,1.0,1.0,2.32,3.44,3.09
2019,2020-07-26,CHE,WOLV,2,0,1,3.0,0.0,1.84,3.76,4.23
2019,2020-07-26,CRY,TOT,1,0,1,3.0,0.0,6.12,4.23,1.55
2019,2020-07-26,EVE,BOU,1,0,1,3.0,0.0,2.24,3.78,2.98
2019,2020-07-26,LEIC,MANU,2,1,1,3.0,0.0,3.17,3.49,2.24
2019,2020-07-26,MANC,NOR,3,1,1,3.0,0.0,1.07,12.8,30.42
2019,2020-07-26,NEW,LIVP,2,3,-1,0.0,3.0,7.6,4.99,1.4
2019,2020-07-26,SOU,SHU,0,2,-1,0.0,3.0,2.18,3.47,3.34
2019,2020-07-26,WHU,AVL,1,0,1,3.0,0.0,3.05,3.57,2.28
2019,2020-07-22,MANU,WHU,4,0,1,3.0,0.0,1.24,6.38,11.56
2019,2020-07-22,LIVP,CHE,3,2,1,3.0,0.0,2.04,3.7,3.51
2019,2020-07-21,WAT,MANC,3,1,1,3.0,0.0,8.62,5.6,1.33
2019,2020-07-21,AVL,ARS,2,1,1,3.0,0.0,3.24,3.78,2.11
2019,2020-07-20,BHA,NEW,1,2,-1,0.0,3.0,1.93,3.42,4.23
2019,2020-07-20,SHU,EVE,1,1,0,1.0,1.0,2.17,3.29,3.52
2019,2020-07-20,WOLV,CRY,5,1,1,3.0,0.0,1.5,4.03,7.72
2019,2020-07-19,BOU,SOU,3,0,1,3.0,0.0,2.39,3.65,2.84
2019,2020-07-19,TOT,LEIC,0,1,-1,0.0,3.0,2.32,3.42,3.11
2019,2020-07-18,NOR,BUR,1,2,-1,0.0,3.0,3.32,3.33,2.25
2019,2020-07-17,WHU,WAT,0,0,0,1.0,1.0,2.42,3.04,3.31
2019,2020-07-16,EVE,AVL,3,1,1,3.0,0.0,2.02,3.57,3.74
2019,2020-07-16,LEIC,SHU,1,0,1,3.0,0.0,2.02,3.34,4.01
2019,2020-07-16,CRY,MANU,3,3,0,1.0,1.0,9.84,5.0,1.35
2019,2020-07-16,SOU,BHA,1,0,1,3.0,0.0,2.18,3.31,3.53
2019,2020-07-15,BUR,WOLV,5,3,1,3.0,0.0,4.65,3.3,1.9
2019,2020-07-15,MANC,BOU,1,1,0,1.0,1.0,1.15,8.68,16.72
2019,2020-07-15,NEW,TOT,1,0,1,3.0,0.0,4.56,3.77,1.79
2019,2020-07-15,ARS,LIVP,2,2,0,1.0,1.0,3.89,3.89,1.89
2019,2020-07-14,CHE,NOR,1,2,-1,0.0,3.0,1.13,9.5,20.76
2019,2020-07-13,MANU,SOU,1,2,-1,0.0,3.0,1.29,5.73,10.41
2019,2020-07-12,WOLV,EVE,0,3,-1,0.0,3.0,2.06,3.25,4.01
2019,2020-07-12,AVL,CRY,0,0,0,1.0,1.0,2.29,3.35,3.24
2019,2020-07-12,TOT,ARS,2,0,1,3.0,0.0,2.6,3.48,2.68
2019,2020-07-12,BOU,LEIC,0,2,-1,0.0,3.0,5.14,3.82,1.7
2019,2020-07-11,NOR,WHU,1,2,-1,0.0,3.0,3.76,3.65,1.99
2019,2020-07-11,WAT,NEW,0,1,-1,0.0,3.0,1.82,3.58,4.65
2019,2020-07-11,LIVP,BUR,1,1,0,1.0,1.0,1.25,6.27,11.44
2019,2020-07-11,SHU,CHE,1,1,0,1.0,1.0,6.07,3.93,1.6
2019,2020-07-11,BHA,MANC,1,0,1,3.0,0.0,9.95,5.62,1.31
2019,2020-07-09,BOU,TOT,2,1,1,3.0,0.0,5.03,4.0,1.68
2019,2020-07-09,EVE,SOU,1,0,1,3.0,0.0,2.07,3.51,3.62
2019,2020-07-09,AVL,MANU,3,0,1,3.0,0.0,9.26,5.15,1.35
2019,2020-07-08,MANC,NEW,3,0,1,3.0,0.0,1.13,9.15,22.2
2019,2020-07-08,SHU,WOLV,4,1,1,3.0,0.0,3.96,3.08,2.14
2019,2020-07-08,WHU,BUR,1,0,1,3.0,0.0,2.02,3.42,3.89
2019,2020-07-08,BHA,LIVP,4,0,1,3.0,0.0,5.99,4.26,1.56
2019,2020-07-07,CRY,CHE,2,0,1,3.0,0.0,8.43,4.5,1.43
2019,2020-07-07,WAT,NOR,2,2,0,1.0,1.0,1.75,3.71,5.02
2019,2020-07-07,ARS,LEIC,1,1,0,1.0,1.0,2.38,3.43,3.03
2019,2020-07-06,TOT,EVE,2,1,1,3.0,0.0,2.13,3.51,3.45
2019,2020-07-05,BUR,SHU,0,1,-1,0.0,3.0,2.91,2.97,2.75
2019,2020-07-05,NEW,WHU,2,0,1,3.0,0.0,2.66,3.28,2.74
2019,2020-07-05,LIVP,AVL,2,0,1,3.0,0.0,1.35,5.45,8.4
2019,2020-07-05,SOU,MANC,3,1,1,3.0,0.0,9.03,5.56,1.33
2019,2020-07-04,NOR,BHA,1,2,-1,0.0,3.0,3.39,3.32,2.23
2019,2020-07-04,LEIC,CRY,2,0,1,3.0,0.0,1.68,3.63,5.84
2019,2020-07-04,MANU,BOU,1,1,0,1.0,1.0,1.17,7.46,17.41
2019,2020-07-04,WOLV,ARS,1,0,1,3.0,0.0,2.27,3.3,3.32
2019,2020-07-04,CHE,WAT,1,0,1,3.0,0.0,1.43,4.61,7.96
2019,2020-07-02,SHU,TOT,0,0,0,1.0,1.0,4.1,3.41,1.98
2019,2020-07-02,MANC,LIVP,0,1,-1,0.0,3.0,2.07,3.85,3.32
2019,2020-07-01,ARS,NOR,0,0,0,1.0,1.0,1.44,4.69,7.23
2019,2020-07-01,BOU,NEW,3,1,1,3.0,0.0,2.4,3.16,3.21
2019,2020-07-01,EVE,LEIC,3,4,-1,0.0,3.0,2.54,3.28,2.9
2019,2020-07-01,WHU,CHE,2,2,0,1.0,1.0,5.48,4.27,1.59
2019,2020-06-30,BHA,MANU,0,2,-1,0.0,3.0,6.31,3.85,1.61
2019,2020-06-29,CRY,BUR,1,2,-1,0.0,3.0,2.29,3.16,3.41
2019,2020-06-28,WAT,SOU,0,3,-1,0.0,3.0,2.49,3.32,2.92
2019,2020-06-27,AVL,WOLV,1,2,-1,0.0,3.0,4.79,3.68,1.78
2019,2020-06-25,BUR,WAT,5,2,1,3.0,0.0,3.02,3.22,2.48
2019,2020-06-25,SOU,ARS,1,1,0,1.0,1.0,2.64,3.47,2.65
2019,2020-06-25,CHE,MANC,2,1,1,3.0,0.0,4.14,4.07,1.8
2019,2020-06-24,MANU,SHU,1,1,0,1.0,1.0,1.43,4.39,8.62
2019,2020-06-24,NEW,AVL,3,0,1,3.0,0.0,2.33,3.33,3.17
2019,2020-06-24,NOR,EVE,0,2,-1,0.0,3.0,3.94,3.66,1.94
2019,2020-06-24,WOLV,BOU,2,3,-1,0.0,3.0,1.58,4.03,6.11
2019,2020-06-24,LIVP,CRY,2,1,1,3.0,0.0,1.24,6.13,13.09
2019,2020-06-23,LEIC,BHA,2,2,0,1.0,1.0,1.64,3.97,5.64
2019,2020-06-23,TOT,WHU,1,0,1,3.0,0.0,1.67,4.01,5.21
2019,2020-06-22,MANC,BUR,2,0,1,3.0,0.0,1.13,8.97,19.85
2019,2020-06-21,NEW,SHU,4,0,1,3.0,0.0,3.31,3.1,2.38
2019,2020-06-21,AVL,CHE,1,3,-1,0.0,3.0,6.0,4.5,1.53
2019,2020-06-21,EVE,LIVP,0,0,0,1.0,1.0,5.66,4.23,1.59
2019,2020-06-20,WAT,LEIC,0,5,-1,0.0,3.0,3.59,3.52,2.09
2019,2020-06-20,BHA,ARS,4,1,1,3.0,0.0,3.04,3.37,2.39
2019,2020-06-20,WHU,WOLV,2,2,0,1.0,1.0,3.57,3.36,2.15
2019,2020-06-20,BOU,CRY,0,0,0,1.0,1.0,2.51,3.24,2.98
2019,2020-06-19,NOR,SOU,3,0,1,3.0,0.0,2.84,3.4,2.53
2019,2020-06-19,TOT,MANU,1,0,1,3.0,0.0,3.03,3.4,2.43
2019,2020-06-17,AVL,SHU,2,0,1,3.0,0.0,3.3,3.33,2.27
2019,2020-06-17,MANC,ARS,0,0,0,1.0,1.0,1.35,5.5,8.11
2019,2020-03-09,LEIC,AVL,5,0,1,3.0,0.0,1.38,5.12,8.05
2019,2020-03-08,CHE,EVE,1,1,0,1.0,1.0,1.87,3.74,4.2
2019,2020-03-08,MANU,MANC,1,2,-1,0.0,3.0,5.04,4.28,1.64
2019,2020-03-07,LIVP,BOU,1,1,0,1.0,1.0,1.25,6.24,11.93
2019,2020-03-07,ARS,WHU,1,2,-1,0.0,3.0,1.56,4.37,5.78
2019,2020-03-07,CRY,WAT,3,0,1,3.0,0.0,2.57,3.19,2.95
2019,2020-03-07,SHU,NOR,2,2,0,1.0,1.0,1.66,3.78,5.71
2019,2020-03-07,SOU,NEW,3,4,-1,0.0,3.0,1.67,3.95,5.27
2019,2020-03-07,WOLV,BHA,2,1,1,3.0,0.0,1.65,3.95,5.48
2019,2020-03-07,BUR,TOT,1,2,-1,0.0,3.0,2.72,3.3,2.69
2019,2020-03-01,EVE,MANU,3,0,1,3.0,0.0,2.54,3.33,2.85
2019,2020-03-01,TOT,WOLV,2,0,1,3.0,0.0,2.44,3.17,3.13
2019,2020-02-29,BHA,CRY,1,1,0,1.0,1.0,2.08,3.24,3.93
2019,2020-02-29,BOU,CHE,1,2,-1,0.0,3.0,4.68,3.84,1.76
2019,2020-02-29,NEW,BUR,0,1,-1,0.0,3.0,2.64,3.11,2.9
2019,2020-02-29,WHU,SOU,2,2,0,1.0,1.0,2.71,3.54,2.55
2019,2020-02-29,WAT,LIVP,0,1,-1,0.0,3.0,7.52,4.84,1.42
2019,2020-02-28,NOR,LEIC,2,2,0,1.0,1.0,4.66,4.02,1.74
2019,2020-02-24,LIVP,WHU,1,1,0,1.0,1.0,1.17,7.81,16.2
2019,2020-02-23,MANU,WAT,4,1,1,3.0,0.0,1.6,3.97,5.98
2019,2020-02-23,WOLV,NOR,0,3,-1,0.0,3.0,1.52,4.27,6.55
2019,2020-02-23,ARS,EVE,2,0,1,3.0,0.0,2.04,3.6,3.63
2019,2020-02-22,CHE,TOT,3,0,1,3.0,0.0,1.73,3.94,4.72
2019,2020-02-22,BUR,BOU,3,1,1,3.0,0.0,2.15,3.28,3.65
2019,2020-02-22,CRY,NEW,1,3,-1,0.0,3.0,1.96,3.3,4.35
2019,2020-02-22,SHU,BHA,2,0,1,3.0,0.0,1.96,3.34,4.31
2019,2020-02-22,SOU,AVL,2,2,0,1.0,1.0,1.64,4.23,5.1
2019,2020-02-22,LEIC,MANC,1,0,1,3.0,0.0,4.49,4.15,1.73
2019,2020-02-19,MANC,WHU,1,4,-1,0.0,3.0,1.13,9.37,18.28
2019,2020-02-17,CHE,MANU,1,1,0,1.0,1.0,1.86,3.6,4.35
2019,2020-02-16,AVL,TOT,2,0,1,3.0,0.0,4.01,3.78,1.89
2019,2020-02-16,ARS,NEW,0,0,0,1.0,1.0,1.43,4.6,7.72
2019,2020-02-15,SOU,BUR,0,3,-1,0.0,3.0,1.79,3.69,4.7
2019,2020-02-15,NOR,LIVP,0,0,0,1.0,1.0,10.02,6.0,1.29
2019,2020-02-14,WOLV,LEIC,1,3,-1,0.0,3.0,2.55,3.29,2.91
2019,2020-02-09,SHU,BOU,0,0,0,1.0,1.0,1.72,3.54,5.58
2019,2020-02-08,EVE,CRY,2,1,1,3.0,0.0,1.63,3.77,6.02
2019,2020-02-08,BHA,WAT,2,0,1,3.0,0.0,2.15,3.37,3.53
2019,2020-02-02,BUR,ARS,3,1,1,3.0,0.0,3.75,3.53,2.02
2019,2020-02-02,TOT,MANC,3,4,-1,0.0,3.0,5.64,4.45,1.56
2019,2020-02-01,LEIC,CHE,2,0,1,3.0,0.0,2.52,3.59,2.72
2019,2020-02-01,BOU,AVL,2,1,1,3.0,0.0,2.13,3.57,3.39
2019,2020-02-01,CRY,SHU,0,0,0,1.0,1.0,3.11,3.06,2.52
2019,2020-02-01,LIVP,SOU,0,3,-1,0.0,3.0,1.28,5.86,10.73
2019,2020-02-01,NEW,NOR,2,2,0,1.0,1.0,2.24,3.39,3.31
2019,2020-02-01,WAT,EVE,2,1,1,3.0,0.0,2.75,3.31,2.64
2019,2020-02-01,WHU,BHA,3,0,1,3.0,0.0,2.56,3.37,2.8
2019,2020-02-01,MANU,WOLV,1,1,0,1.0,1.0,2.23,3.24,3.48
2019,2020-01-29,WHU,LIVP,2,2,0,1.0,1.0,8.76,5.55,1.33
2019,2020-01-23,WOLV,LIVP,4,2,1,3.0,0.0,5.63,3.92,1.64
2019,2020-01-22,LEIC,WHU,1,0,1,3.0,0.0,1.53,4.49,5.97
2019,2020-01-22,TOT,NOR,1,1,0,1.0,1.0,1.42,4.89,7.5
2019,2020-01-22,MANU,BUR,1,0,1,3.0,0.0,1.41,4.65,8.43
2019,2020-01-21,AVL,WAT,1,2,-1,0.0,3.0,2.86,3.46,2.49
2019,2020-01-21,BOU,BHA,1,1,0,1.0,1.0,2.94,3.35,2.47
2019,2020-01-21,CRY,SOU,1,1,0,1.0,1.0,2.73,3.26,2.72
2019,2020-01-21,EVE,NEW,2,0,1,3.0,0.0,1.6,3.99,6.06
2019,2020-01-21,SHU,MANC,2,2,0,1.0,1.0,7.41,4.82,1.43
2019,2020-01-21,CHE,ARS,1,3,-1,0.0,3.0,1.74,3.95,4.71
2019,2020-01-19,BUR,LEIC,2,1,1,3.0,0.0,4.19,3.71,1.87
2019,2020-01-19,LIVP,MANU,0,1,-1,0.0,3.0,1.37,5.12,8.31
2019,2020-01-18,WAT,TOT,1,0,1,3.0,0.0,3.18,3.52,2.25
2019,2020-01-18,ARS,SHU,2,3,-1,0.0,3.0,1.85,3.61,4.46
2019,2020-01-18,BHA,AVL,0,2,-1,0.0,3.0,1.65,4.29,4.94
2019,2020-01-18,MANC,CRY,2,2,0,1.0,1.0,1.1,10.64,24.53
2019,2020-01-18,NOR,BOU,3,1,1,3.0,0.0,2.22,3.56,3.19
2019,2020-01-18,SOU,WOLV,2,0,1,3.0,0.0,2.39,3.37,3.05
2019,2020-01-18,WHU,EVE,1,1,0,1.0,1.0,2.96,3.46,2.4
2019,2020-01-18,NEW,CHE,0,0,0,1.0,1.0,6.02,4.53,1.52
2019,2020-01-12,BOU,WAT,0,0,0,1.0,1.0,2.61,3.37,2.75
2019,2020-01-12,AVL,MANC,1,0,1,3.0,0.0,14.5,8.39,1.17
2019,2020-01-11,CRY,ARS,0,2,-1,0.0,3.0,4.19,3.87,1.83
2019,2020-01-11,CHE,BUR,2,3,-1,0.0,3.0,1.29,5.61,11.06
2019,2020-01-11,EVE,BHA,3,2,1,3.0,0.0,1.9,3.63,4.16
2019,2020-01-11,LEIC,SOU,2,0,1,3.0,0.0,1.64,4.02,5.46
2019,2020-01-11,MANU,NOR,0,3,-1,0.0,3.0,1.36,5.16,8.82
2019,2020-01-11,WOLV,NEW,4,1,1,3.0,0.0,1.46,4.35,7.91
2019,2020-01-11,TOT,LIVP,1,0,1,3.0,0.0,4.59,4.22,1.7
2019,2020-01-10,SHU,WHU,0,1,-1,0.0,3.0,2.02,3.43,3.94
2019,2020-01-02,LIVP,SHU,0,1,-1,0.0,3.0,1.23,6.32,13.64
2019,2020-01-01,BHA,CHE,2,2,0,1.0,1.0,3.7,3.64,2.01
2019,2020-01-01,BUR,AVL,3,0,1,3.0,0.0,1.81,3.81,4.37
2019,2020-01-01,NEW,LEIC,1,1,0,1.0,1.0,5.26,3.9,1.67
2019,2020-01-01,SOU,TOT,2,9,-1,0.0,3.0,3.34,3.54,2.16
2019,2020-01-01,WAT,WOLV,1,0,1,3.0,0.0,3.16,3.37,2.32
2019,2020-01-01,MANC,EVE,1,1,0,1.0,1.0,1.27,6.19,10.49
2019,2020-01-01,NOR,CRY,1,0,1,3.0,0.0,2.53,3.46,2.77
2019,2020-01-01,WHU,BOU,1,1,0,1.0,1.0,1.95,3.84,3.68
2019,2020-01-01,ARS,MANU,2,0,1,3.0,0.0,2.58,3.64,2.61
2019,2019-12-29,ARS,CHE,3,1,1,3.0,0.0,2.86,3.73,2.35
2019,2019-12-29,LIVP,WOLV,0,0,0,1.0,1.0,1.28,5.84,10.92
2019,2019-12-29,MANC,SHU,0,0,0,1.0,1.0,1.18,7.62,14.91
2019,2019-12-28,BHA,BOU,2,3,-1,0.0,3.0,1.79,3.85,4.43
2019,2019-12-28,NEW,EVE,0,0,0,1.0,1.0,3.55,3.4,2.14
2019,2019-12-28,SOU,CRY,3,1,1,3.0,0.0,1.98,3.57,3.91
2019,2019-12-28,WAT,AVL,1,1,0,1.0,1.0,1.99,3.77,3.65
2019,2019-12-28,NOR,TOT,0,0,0,1.0,1.0,4.93,4.07,1.69
2019,2019-12-28,WHU,LEIC,4,1,1,3.0,0.0,4.03,3.87,1.86
2019,2019-12-28,BUR,MANU,1,3,-1,0.0,3.0,4.31,3.7,1.85
2019,2019-12-27,WOLV,MANC,1,0,1,3.0,0.0,7.73,4.95,1.4
2019,2019-12-26,TOT,BHA,4,2,1,3.0,0.0,1.55,4.41,5.73
2019,2019-12-26,AVL,NOR,2,0,1,3.0,0.0,2.11,3.77,3.28
2019,2019-12-26,BOU,ARS,1,3,-1,0.0,3.0,3.5,3.85,2.01
2019,2019-12-26,CHE,SOU,0,2,-1,0.0,3.0,1.35,5.31,8.58
2019,2019-12-26,CRY,WHU,2,1,1,3.0,0.0,2.32,3.42,3.12
2019,2019-12-26,EVE,BUR,3,3,0,1.0,1.0,1.71,3.76,5.15
2019,2019-12-26,SHU,WAT,3,1,1,3.0,0.0,1.86,3.54,4.46
2019,2019-12-26,MANU,NEW,2,0,1,3.0,0.0,1.35,5.19,9.18
2019,2019-12-26,LEIC,LIVP,0,3,-1,0.0,3.0,3.38,3.72,2.08
2019,2019-12-22,WAT,MANU,5,0,1,3.0,0.0,4.39,3.89,1.8
2019,2019-12-22,TOT,CHE,2,3,-1,0.0,3.0,2.37,3.65,2.88
2019,2019-12-21,EVE,ARS,2,0,1,3.0,0.0,2.33,3.75,2.9
2019,2019-12-21,AVL,SOU,0,1,-1,0.0,3.0,2.43,3.54,2.87
2019,2019-12-21,BOU,BUR,4,0,1,3.0,0.0,2.43,3.38,2.97
2019,2019-12-21,BHA,SHU,1,2,-1,0.0,3.0,2.21,3.27,3.52
2019,2019-12-21,NEW,CRY,2,3,-1,0.0,3.0,2.43,3.11,3.22
2019,2019-12-21,NOR,WOLV,3,1,1,3.0,0.0,3.71,3.75,1.97
2019,2019-12-21,MANC,LEIC,4,1,1,3.0,0.0,1.37,5.41,7.72
2019,2019-12-16,CRY,BHA,2,0,1,3.0,0.0,2.55,3.22,2.91
2019,2019-12-15,MANU,EVE,1,0,1,3.0,0.0,1.78,3.71,4.76
2019,2019-12-15,WOLV,TOT,3,0,1,3.0,0.0,3.22,3.45,2.26
2019,2019-12-15,ARS,MANC,1,6,-1,0.0,3.0,6.03,5.33,1.45
2019,2019-12-14,LIVP,WAT,2,2,0,1.0,1.0,1.17,7.72,16.32
2019,2019-12-14,BUR,NEW,2,0,1,3.0,0.0,1.96,3.5,4.07
2019,2019-12-14,CHE,BOU,1,2,-1,0.0,3.0,1.25,6.48,11.64
2019,2019-12-14,LEIC,NOR,3,1,1,3.0,0.0,1.22,6.73,13.29
2019,2019-12-14,SHU,AVL,1,0,1,3.0,0.0,1.86,3.75,4.17
2019,2019-12-14,SOU,WHU,1,0,1,3.0,0.0,1.92,3.86,3.83
2019,2019-12-09,WHU,ARS,0,1,-1,0.0,3.0,3.43,4.02,1.98
2019,2019-12-08,AVL,LEIC,2,1,1,3.0,0.0,4.27,3.88,1.82
2019,2019-12-08,NEW,SOU,1,0,1,3.0,0.0,2.59,3.23,2.87
2019,2019-12-08,NOR,SHU,1,1,0,1.0,1.0,2.98,3.45,2.4
2019,2019-12-08,BHA,WOLV,1,3,-1,0.0,3.0,2.69,3.16,2.81
2019,2019-12-07,EVE,CHE,1,2,-1,0.0,3.0,3.52,3.8,2.02
2019,2019-12-07,BOU,LIVP,1,1,0,1.0,1.0,7.01,5.03,1.42
2019,2019-12-07,TOT,BUR,2,0,1,3.0,0.0,1.41,4.82,7.98
2019,2019-12-07,WAT,CRY,1,0,1,3.0,0.0,2.37,3.34,3.12
2019,2019-12-07,MANC,MANU,1,3,-1,0.0,3.0,1.31,5.67,9.9
2019,2019-12-05,SHU,NEW,2,2,0,1.0,1.0,1.86,3.45,4.62
2019,2019-12-05,ARS,BHA,1,1,0,1.0,1.0,1.61,4.23,5.41
2019,2019-12-04,CHE,AVL,2,0,1,3.0,0.0,1.3,5.85,9.89
2019,2019-12-04,LEIC,WAT,0,0,0,1.0,1.0,1.36,5.13,8.81
2019,2019-12-04,MANU,TOT,1,3,-1,0.0,3.0,2.69,3.47,2.61
2019,2019-12-04,SOU,NOR,0,0,0,1.0,1.0,1.78,3.99,4.35
2019,2019-12-04,WOLV,WHU,0,0,0,1.0,1.0,1.77,3.73,4.74
2019,2019-12-04,LIVP,EVE,1,0,1,3.0,0.0,1.39,4.99,8.28
2019,2019-12-03,CRY,BOU,0,0,0,1.0,1.0,2.24,3.38,3.34
2019,2019-12-03,BUR,MANC,2,1,1,3.0,0.0,11.59,6.41,1.25
2019,2019-12-01,NOR,ARS,2,0,1,3.0,0.0,4.14,4.22,1.77
2019,2019-12-01,WOLV,SHU,1,4,-1,0.0,3.0,1.92,3.43,4.35
2019,2019-12-01,LEIC,EVE,0,1,-1,0.0,3.0,1.64,4.08,5.33
2019,2019-12-01,MANU,AVL,1,0,1,3.0,0.0,1.49,4.38,7.08
2019,2019-11-30,NEW,MANC,2,1,1,3.0,0.0,15.11,7.59,1.18
2019,2019-11-30,BUR,CRY,1,1,0,1.0,1.0,2.31,3.26,3.3
2019,2019-11-30,CHE,WHU,1,1,0,1.0,1.0,1.3,5.94,9.63
2019,2019-11-30,LIVP,BHA,3,2,1,3.0,0.0,1.21,6.85,14.67
2019,2019-11-30,TOT,BOU,1,0,1,3.0,0.0,1.38,5.19,7.86
2019,2019-11-30,SOU,WAT,2,0,1,3.0,0.0,2.12,3.5,3.51
2019,2019-11-25,AVL,NEW,3,2,1,3.0,0.0,2.11,3.46,3.55
2019,2019-11-24,SHU,MANU,1,2,-1,0.0,3.0,3.55,3.28,2.18
2019,2019-11-23,WHU,TOT,0,0,0,1.0,1.0,4.32,4.14,1.75
2019,2019-11-23,ARS,SOU,4,2,1,3.0,0.0,1.47,4.75,6.55
2019,2019-11-23,BOU,WOLV,1,2,-1,0.0,3.0,2.82,3.3,2.59
2019,2019-11-23,BHA,LEIC,0,2,-1,0.0,3.0,3.69,3.53,2.04
2019,2019-11-23,CRY,LIVP,4,2,1,3.0,0.0,7.33,4.62,1.45
2019,2019-11-23,EVE,NOR,1,1,0,1.0,1.0,1.4,5.0,7.73
2019,2019-11-23,WAT,BUR,3,0,1,3.0,0.0,2.33,3.31,3.2
2019,2019-11-23,MANC,CHE,4,0,1,3.0,0.0,1.45,4.96,6.64
2019,2019-11-10,MANU,BHA,0,0,0,1.0,1.0,1.67,3.67,5.82
2019,2019-11-10,WOLV,AVL,1,0,1,3.0,0.0,1.9,3.6,4.24
2019,2019-11-10,LIVP,MANC,1,3,-1,0.0,3.0,2.56,3.58,2.68
2019,2019-11-09,CHE,CRY,0,1,-1,0.0,3.0,1.34,5.35,9.29
2019,2019-11-09,BUR,WHU,1,1,0,1.0,1.0,2.27,3.55,3.13
2019,2019-11-09,NEW,BOU,1,3,-1,0.0,3.0,2.64,3.21,2.84
2019,2019-11-09,SOU,EVE,1,1,0,1.0,1.0,2.96,3.37,2.44
2019,2019-11-09,TOT,SHU,0,1,-1,0.0,3.0,1.58,4.14,6.02
2019,2019-11-09,LEIC,ARS,0,1,-1,0.0,3.0,1.99,3.78,3.62
2019,2019-11-08,NOR,WAT,1,2,-1,0.0,3.0,2.68,3.57,2.6
2019,2019-11-03,CRY,LEIC,1,1,0,1.0,1.0,3.5,3.38,2.17
2019,2019-11-03,EVE,TOT,0,2,-1,0.0,3.0,2.73,3.49,2.57
2019,2019-11-02,BOU,MANU,4,1,1,3.0,0.0,3.33,3.55,2.19
2019,2019-11-02,ARS,WOLV,0,1,-1,0.0,3.0,1.78,3.8,4.65
2019,2019-11-02,AVL,LIVP,0,1,-1,0.0,3.0,8.4,5.37,1.36
2019,2019-11-02,BHA,NOR,0,1,-1,0.0,3.0,1.71,4.17,4.65
2019,2019-11-02,MANC,SOU,3,0,1,3.0,0.0,1.08,11.99,29.72
2019,2019-11-02,SHU,BUR,1,0,1,3.0,0.0,2.26,3.22,3.46
2019,2019-11-02,WHU,NEW,1,1,0,1.0,1.0,1.79,3.82,4.55
2019,2019-11-02,WAT,CHE,2,2,0,1.0,1.0,4.99,4.24,1.65
2019,2019-10-27,NEW,WOLV,1,0,1,3.0,0.0,3.02,3.09,2.59
2019,2019-10-27,ARS,CRY,1,1,0,1.0,1.0,1.49,4.63,6.49
2019,2019-10-27,LIVP,TOT,2,2,0,1.0,1.0,1.54,4.45,6.11
2019,2019-10-27,NOR,MANU,3,0,1,3.0,0.0,4.36,3.91,1.8
2019,2019-10-26,MANC,AVL,5,4,1,3.0,0.0,1.09,11.64,28.3
2019,2019-10-26,BHA,EVE,0,0,0,1.0,1.0,2.87,3.3,2.58
2019,2019-10-26,WAT,BOU,2,1,1,3.0,0.0,2.19,3.53,3.31
2019,2019-10-26,WHU,SHU,0,1,-1,0.0,3.0,2.11,3.46,3.6
2019,2019-10-26,BUR,CHE,2,3,-1,0.0,3.0,4.53,4.02,1.75
2019,2019-10-25,SOU,LEIC,3,3,0,1.0,1.0,3.2,3.34,2.36
2019,2019-10-21,SHU,ARS,1,2,-1,0.0,3.0,3.88,3.79,1.93
2019,2019-10-20,MANU,LIVP,0,1,-1,0.0,3.0,5.03,3.96,1.7
2019,2019-10-19,EVE,WHU,3,2,1,3.0,0.0,1.97,3.71,3.81
2019,2019-10-19,AVL,BHA,2,0,1,3.0,0.0,2.38,3.43,3.05
2019,2019-10-19,BOU,NOR,0,2,-1,0.0,3.0,1.73,4.33,4.35
2019,2019-10-19,CHE,NEW,1,1,0,1.0,1.0,1.31,5.62,10.38
2019,2019-10-19,LEIC,BUR,3,0,1,3.0,0.0,1.57,4.09,6.37
2019,2019-10-19,TOT,WAT,1,0,1,3.0,0.0,1.42,4.9,7.48
2019,2019-10-19,WOLV,SOU,0,0,0,1.0,1.0,1.85,3.58,4.52
2019,2019-10-19,CRY,MANC,0,1,-1,0.0,3.0,11.88,6.72,1.24
2019,2019-10-06,ARS,BOU,1,1,0,1.0,1.0,1.45,4.97,6.68
2019,2019-10-06,MANC,WOLV,3,1,1,3.0,0.0,1.13,9.26,21.61
2019,2019-10-06,SOU,CHE,2,1,1,3.0,0.0,4.02,3.84,1.87
2019,2019-10-06,NEW,MANU,1,0,1,3.0,0.0,4.42,3.44,1.9
2019,2019-10-05,BHA,TOT,3,1,1,3.0,0.0,3.9,3.63,1.96
2019,2019-10-05,BUR,EVE,2,1,1,3.0,0.0,2.93,3.3,2.52
2019,2019-10-05,LIVP,LEIC,3,1,1,3.0,0.0,1.46,4.66,7.0
2019,2019-10-05,NOR,AVL,1,1,0,1.0,1.0,2.41,3.6,2.85
2019,2019-10-05,WAT,SHU,2,1,1,3.0,0.0,2.14,3.38,3.58
2019,2019-10-05,WHU,CRY,4,2,1,3.0,0.0,2.0,3.58,3.8
2019,2019-09-30,MANU,ARS,0,0,0,1.0,1.0,2.36,3.53,2.99
2019,2019-09-29,LEIC,NEW,3,0,1,3.0,0.0,1.53,4.09,7.06
2019,2019-09-28,SHU,LIVP,1,0,1,3.0,0.0,8.9,5.17,1.36
2019,2019-09-28,AVL,BUR,0,1,-1,0.0,3.0,2.38,3.38,3.08
2019,2019-09-28,BOU,WHU,2,1,1,3.0,0.0,2.48,3.56,2.79
2019,2019-09-28,CHE,BHA,0,1,-1,0.0,3.0,1.44,4.64,7.64
2019,2019-09-28,CRY,NOR,1,1,0,1.0,1.0,1.94,3.75,3.88
2019,2019-09-28,TOT,SOU,1,4,-1,0.0,3.0,1.44,4.67,7.61
2019,2019-09-28,WOLV,WAT,3,2,1,3.0,0.0,1.89,3.49,4.46
2019,2019-09-28,EVE,MANC,1,1,0,1.0,1.0,9.84,5.86,1.3
2019,2019-09-22,CRY,WOLV,1,2,-1,0.0,3.0,2.64,3.11,2.93
2019,2019-09-22,WHU,MANU,3,9,-1,0.0,3.0,3.24,3.59,2.21
2019,2019-09-22,ARS,AVL,2,2,0,1.0,1.0,1.42,4.9,7.49
2019,2019-09-22,CHE,LIVP,1,0,1,3.0,0.0,3.58,3.69,2.04
2019,2019-09-21,LEIC,TOT,2,3,-1,0.0,3.0,2.87,3.5,2.45
2019,2019-09-21,BUR,NOR,3,3,0,1.0,1.0,1.99,3.76,3.67
2019,2019-09-21,EVE,SHU,1,2,-1,0.0,3.0,1.67,3.8,5.58
2019,2019-09-21,MANC,WAT,2,1,1,3.0,0.0,1.11,10.24,23.21
2019,2019-09-21,NEW,BHA,0,1,-1,0.0,3.0,2.5,3.16,3.07
2019,2019-09-20,SOU,BOU,1,2,-1,0.0,3.0,2.1,3.62,3.5
2019,2019-09-16,AVL,WHU,4,2,1,3.0,0.0,2.64,3.56,2.63
2019,2019-09-15,BOU,EVE,1,1,0,1.0,1.0,3.01,3.48,2.37
2019,2019-09-15,WAT,ARS,2,2,0,1.0,1.0,3.64,3.74,2.01
2019,2019-09-14,LIVP,NEW,0,1,-1,0.0,3.0,1.15,8.27,19.45
2019,2019-09-14,BHA,BUR,3,0,1,3.0,0.0,2.15,3.34,3.62
2019,2019-09-14,MANU,LEIC,2,3,-1,0.0,3.0,1.94,3.55,4.12
2019,2019-09-14,SHU,SOU,2,3,-1,0.0,3.0,2.46,3.26,3.06
2019,2019-09-14,TOT,CRY,2,1,1,3.0,0.0,1.39,5.0,8.24
2019,2019-09-14,WOLV,CHE,1,0,1,3.0,0.0,2.97,3.36,2.46
2019,2019-09-14,NOR,MANC,0,1,-1,0.0,3.0,17.04,9.03,1.15
2019,2019-09-01,EVE,WOLV,1,0,1,3.0,0.0,2.17,3.29,3.65
2019,2019-09-01,ARS,TOT,2,0,1,3.0,0.0,2.38,3.63,2.9
2019,2019-08-31,SOU,MANU,1,2,-1,0.0,3.0,3.75,3.38,2.1
2019,2019-08-31,CHE,SHU,0,1,-1,0.0,3.0,1.36,4.98,9.53
2019,2019-08-31,CRY,AVL,0,2,-1,0.0,3.0,2.21,3.38,3.43
2019,2019-08-31,LEIC,BOU,2,1,1,3.0,0.0,1.72,4.02,4.81
2019,2019-08-31,MANC,BHA,1,2,-1,0.0,3.0,1.09,11.73,30.92
2019,2019-08-31,NEW,WAT,1,1,0,1.0,1.0,2.63,3.24,2.86
2019,2019-08-31,WHU,NOR,0,0,0,1.0,1.0,1.89,3.91,3.92
2019,2019-08-31,BUR,LIVP,0,0,0,1.0,1.0,9.45,5.43,1.33
2019,2019-08-25,BOU,MANC,0,0,0,1.0,1.0,14.52,7.28,1.19
2019,2019-08-25,TOT,NEW,3,1,1,3.0,0.0,1.24,6.26,12.35
2019,2019-08-25,WOLV,BUR,2,0,1,3.0,0.0,1.85,3.43,4.78
2019,2019-08-24,NOR,CHE,0,4,-1,0.0,3.0,4.18,3.92,1.83
2019,2019-08-24,BHA,SOU,0,2,-1,0.0,3.0,2.43,3.25,3.08
2019,2019-08-24,MANU,CRY,2,1,1,3.0,0.0,1.36,5.06,9.16
2019,2019-08-24,SHU,LEIC,2,2,0,1.0,1.0,3.45,3.23,2.26
2019,2019-08-24,WAT,WHU,3,1,1,3.0,0.0,2.13,3.53,3.47
2019,2019-08-24,LIVP,ARS,0,1,-1,0.0,3.0,1.5,4.76,6.09
2019,2019-08-23,AVL,EVE,0,1,-1,0.0,3.0,3.16,3.5,2.27
2019,2019-08-19,WOLV,MANU,2,0,1,3.0,0.0,3.32,3.28,2.3
2019,2019-08-18,SHU,CRY,3,4,-1,0.0,3.0,2.57,3.19,2.95
2019,2019-08-18,CHE,LEIC,0,0,0,1.0,1.0,1.73,3.77,5.07
2019,2019-08-17,ARS,BUR,1,0,1,3.0,0.0,1.33,5.49,9.48
2019,2019-08-17,AVL,BOU,0,3,-1,0.0,3.0,2.33,3.49,3.08
2019,2019-08-17,BHA,WHU,0,0,0,1.0,1.0,2.52,3.33,2.9
2019,2019-08-17,EVE,WAT,1,0,1,3.0,0.0,1.73,3.9,4.86
2019,2019-08-17,NOR,NEW,3,2,1,3.0,0.0,2.23,3.38,3.38
2019,2019-08-17,SOU,LIVP,1,0,1,3.0,0.0,6.77,4.67,1.47
2019,2019-08-17,MANC,TOT,3,2,1,3.0,0.0,1.36,5.32,8.46
2019,2019-08-11,LEIC,WOLV,1,1,0,1.0,1.0,2.22,3.28,3.48
2019,2019-08-11,NEW,ARS,1,0,1,3.0,0.0,4.49,3.82,1.79
2019,2019-08-11,MANU,CHE,1,2,-1,0.0,3.0,2.19,3.32,3.49
2019,2019-08-10,WHU,MANC,1,2,-1,0.0,3.0,11.84,6.28,1.25
2019,2019-08-10,BOU,SHU,2,2,0,1.0,1.0,2.01,3.53,3.83
2019,2019-08-10,BUR,SOU,2,0,1,3.0,0.0,2.68,3.22,2.78
2019,2019-08-10,CRY,EVE,2,2,0,1.0,1.0,3.13,3.27,2.4
2019,2019-08-10,WAT,BHA,0,3,-1,0.0,3.0,1.94,3.41,4.26
2019,2019-08-10,TOT,AVL,4,2,1,3.0,0.0,1.3,5.53,10.51
2019,2019-08-09,LIVP,NOR,0,1,-1,0.0,3.0,1.14,8.75,19.83
2018,2019-05-12,BHA,MANC,1,0,1,3.0,0.0,19.0,8.5,1.16
2018,2019-05-12,BUR,ARS,0,2,-1,0.0,3.0,3.25,3.8,2.2
2018,2019-05-12,CRY,BOU,2,1,1,3.0,0.0,1.9,4.2,3.8
2018,2019-05-12,FUL,NEW,1,1,0,1.0,1.0,2.5,3.6,2.9
2018,2019-05-12,LEIC,CHE,1,1,0,1.0,1.0,2.4,3.75,2.9
2018,2019-05-12,LIVP,WOLV,0,1,-1,0.0,3.0,1.3,6.0,11.0
2018,2019-05-12,MANU,CARD,0,2,-1,0.0,3.0,1.28,6.5,11.0
2018,2019-05-12,SOU,HUD,1,2,-1,0.0,3.0,1.44,4.75,8.5
2018,2019-05-12,TOT,EVE,1,0,1,3.0,0.0,2.2,3.5,3.5
2018,2019-05-12,WAT,WHU,1,0,1,3.0,0.0,2.25,3.75,3.2
2018,2019-05-06,MANC,LEIC,1,2,-1,0.0,3.0,1.12,8.5,17.0
2018,2019-05-05,ARS,BHA,0,1,-1,0.0,3.0,1.4,5.0,9.0
2018,2019-05-05,CHE,WAT,0,1,-1,0.0,3.0,1.4,5.25,8.0
2018,2019-05-05,HUD,MANU,2,0,1,3.0,0.0,11.0,6.0,1.3
2018,2019-05-04,BOU,TOT,0,2,-1,0.0,3.0,4.0,4.0,1.9
2018,2019-05-04,CARD,CRY,1,1,0,1.0,1.0,2.6,3.75,2.7
2018,2019-05-04,NEW,LIVP,2,0,1,3.0,0.0,9.5,5.25,1.36
2018,2019-05-04,WHU,SOU,3,2,1,3.0,0.0,2.3,3.75,3.1
2018,2019-05-04,WOLV,FUL,1,1,0,1.0,1.0,1.53,4.2,7.5
2018,2019-05-03,EVE,BUR,1,2,-1,0.0,3.0,1.66,4.0,5.75
2018,2019-04-28,BUR,MANC,0,2,-1,0.0,3.0,23.0,9.0,1.14
2018,2019-04-28,LEIC,ARS,1,2,-1,0.0,3.0,2.75,3.6,2.6
2018,2019-04-28,MANU,CHE,5,0,1,3.0,0.0,2.7,3.5,2.7
2018,2019-04-27,BHA,NEW,1,1,0,1.0,1.0,2.3,3.2,3.6
2018,2019-04-27,CRY,EVE,2,0,1,3.0,0.0,2.62,3.5,2.8
2018,2019-04-27,FUL,CARD,2,2,0,1.0,1.0,2.4,3.6,3.0
2018,2019-04-27,SOU,BOU,4,2,1,3.0,0.0,1.9,3.9,4.1
2018,2019-04-27,TOT,WHU,2,0,1,3.0,0.0,1.4,5.5,7.5
2018,2019-04-27,WAT,WOLV,0,2,-1,0.0,3.0,2.62,3.3,2.9
2018,2019-04-26,LIVP,HUD,2,2,0,1.0,1.0,1.07,15.0,41.0
2018,2019-04-24,MANU,MANC,1,0,1,3.0,0.0,7.5,5.0,1.44
2018,2019-04-24,WOLV,ARS,0,1,-1,0.0,3.0,2.9,3.5,2.55
2018,2019-04-23,TOT,BHA,1,0,1,3.0,0.0,1.28,6.0,13.0
2018,2019-04-23,WAT,SOU,0,1,-1,0.0,3.0,2.25,3.5,3.4
2018,2019-04-22,CHE,BUR,1,4,-1,0.0,3.0,1.25,6.25,15.0
2018,2019-04-21,ARS,CRY,3,0,1,3.0,0.0,1.53,4.6,6.5
2018,2019-04-21,CARD,LIVP,2,1,1,3.0,0.0,17.0,7.5,1.2
2018,2019-04-21,EVE,MANU,4,1,1,3.0,0.0,3.25,3.5,2.3
2018,2019-04-20,BOU,FUL,0,0,0,1.0,1.0,1.65,4.4,5.25
2018,2019-04-20,HUD,WAT,4,3,1,3.0,0.0,4.4,3.9,1.85
2018,2019-04-20,MANC,TOT,1,1,0,1.0,1.0,1.3,6.0,11.0
2018,2019-04-20,NEW,SOU,2,2,0,1.0,1.0,2.55,3.2,3.1
2018,2019-04-20,WHU,LEIC,1,0,1,3.0,0.0,3.3,3.5,2.3
2018,2019-04-20,WOLV,BHA,1,1,0,1.0,1.0,1.75,3.5,6.0
2018,2019-04-16,BHA,CARD,1,2,-1,0.0,3.0,2.0,3.3,4.5
2018,2019-04-15,WAT,ARS,4,0,1,3.0,0.0,3.2,3.75,2.25
2018,2019-04-14,CRY,MANC,3,2,1,3.0,0.0,11.0,6.0,1.3
2018,2019-04-14,LIVP,CHE,2,0,1,3.0,0.0,1.66,4.2,5.25
2018,2019-04-13,BHA,BOU,1,5,-1,0.0,3.0,2.3,3.4,3.4
2018,2019-04-13,BUR,CARD,2,1,1,3.0,0.0,1.9,3.6,4.5
2018,2019-04-13,FUL,EVE,0,1,-1,0.0,3.0,5.0,4.0,1.75
2018,2019-04-13,MANU,WHU,1,2,-1,0.0,3.0,1.4,5.25,8.5
2018,2019-04-13,SOU,WOLV,3,1,1,3.0,0.0,2.6,3.25,3.0
2018,2019-04-13,TOT,HUD,1,0,1,3.0,0.0,1.22,7.0,15.0
2018,2019-04-12,LEIC,NEW,0,0,0,1.0,1.0,1.66,4.0,5.75
2018,2019-04-08,CHE,WHU,1,2,-1,0.0,3.0,1.33,5.75,9.5
2018,2019-04-07,EVE,ARS,1,2,-1,0.0,3.0,3.0,3.75,2.35
2018,2019-04-06,BOU,BUR,4,0,1,3.0,0.0,2.1,3.6,3.75
2018,2019-04-06,HUD,LEIC,2,0,1,3.0,0.0,5.0,4.0,1.72
2018,2019-04-06,NEW,CRY,0,0,0,1.0,1.0,2.6,3.25,3.0
2018,2019-04-05,SOU,LIVP,0,2,-1,0.0,3.0,9.0,5.0,1.4
2018,2019-04-03,CHE,BHA,2,2,0,1.0,1.0,1.25,6.5,15.0
2018,2019-04-03,MANC,CARD,2,2,0,1.0,1.0,1.06,17.0,34.0
2018,2019-04-03,TOT,CRY,2,3,-1,0.0,3.0,1.45,5.0,7.5
2018,2019-04-02,WAT,FUL,2,1,1,3.0,0.0,1.72,4.0,5.0
2018,2019-04-02,WOLV,MANU,1,1,0,1.0,1.0,4.0,3.6,2.0
2018,2019-04-01,ARS,NEW,0,2,-1,0.0,3.0,1.36,5.25,9.5
2018,2019-03-31,CARD,CHE,3,5,-1,0.0,3.0,9.0,4.5,1.44
2018,2019-03-31,LIVP,TOT,1,0,1,3.0,0.0,1.61,4.2,6.0
2018,2019-03-30,BHA,SOU,0,2,-1,0.0,3.0,2.55,3.2,3.1
2018,2019-03-30,BUR,WOLV,2,2,0,1.0,1.0,3.2,3.25,2.45
2018,2019-03-30,CRY,HUD,3,0,1,3.0,0.0,1.45,4.4,9.0
2018,2019-03-30,FUL,MANC,1,2,-1,0.0,3.0,21.0,11.0,1.12
2018,2019-03-30,LEIC,BOU,1,1,0,1.0,1.0,1.85,3.8,4.5
2018,2019-03-30,MANU,WAT,1,1,0,1.0,1.0,1.44,4.75,8.0
2018,2019-03-30,WHU,EVE,5,0,1,3.0,0.0,2.55,3.5,2.9
2018,2019-03-17,EVE,CHE,1,4,-1,0.0,3.0,4.0,3.8,1.95
2018,2019-03-17,FUL,LIVP,1,2,-1,0.0,3.0,12.0,7.0,1.25
2018,2019-03-16,BOU,NEW,4,0,1,3.0,0.0,2.05,3.6,3.8
2018,2019-03-16,BUR,LEIC,0,0,0,1.0,1.0,3.1,3.4,2.45
2018,2019-03-16,WHU,HUD,0,1,-1,0.0,3.0,1.55,4.2,7.0
2018,2019-03-10,ARS,MANU,0,1,-1,0.0,3.0,2.4,3.6,3.0
2018,2019-03-10,CHE,WOLV,2,0,1,3.0,0.0,1.55,4.2,7.0
2018,2019-03-10,LIVP,BUR,1,0,1,3.0,0.0,1.16,8.5,21.0
2018,2019-03-09,CARD,WHU,2,1,1,3.0,0.0,3.6,3.5,2.15
2018,2019-03-09,CRY,BHA,0,3,-1,0.0,3.0,1.83,3.6,5.0
2018,2019-03-09,HUD,BOU,2,2,0,1.0,1.0,3.4,3.3,2.35
2018,2019-03-09,LEIC,FUL,2,1,1,3.0,0.0,1.57,4.5,6.0
2018,2019-03-09,MANC,WAT,1,1,0,1.0,1.0,1.16,9.0,19.0
2018,2019-03-09,NEW,EVE,3,4,-1,0.0,3.0,2.8,3.25,2.8
2018,2019-03-09,SOU,TOT,2,1,1,3.0,0.0,4.5,3.8,1.85
2018,2019-03-03,EVE,LIVP,2,2,0,1.0,1.0,6.0,4.2,1.61
2018,2019-03-03,FUL,CHE,1,1,0,1.0,1.0,6.5,4.5,1.53
2018,2019-03-03,WAT,LEIC,0,1,-1,0.0,3.0,2.55,3.3,3.0
2018,2019-03-02,BOU,MANC,2,1,1,3.0,0.0,13.0,7.5,1.22
2018,2019-03-02,BHA,HUD,2,1,1,3.0,0.0,1.85,3.4,5.25
2018,2019-03-02,BUR,CRY,0,2,-1,0.0,3.0,2.8,3.3,2.75
2018,2019-03-02,MANU,SOU,2,2,0,1.0,1.0,1.45,4.5,8.5
2018,2019-03-02,TOT,ARS,2,2,0,1.0,1.0,2.05,3.7,3.75
2018,2019-03-02,WHU,NEW,0,1,-1,0.0,3.0,2.15,3.5,3.6
2018,2019-03-02,WOLV,CARD,1,2,-1,0.0,3.0,1.5,4.33,8.0
2018,2019-02-27,ARS,BOU,2,0,1,3.0,0.0,1.44,5.0,7.5
2018,2019-02-27,CHE,TOT,1,2,-1,0.0,3.0,2.3,3.5,3.25
2018,2019-02-27,CRY,MANU,1,2,-1,0.0,3.0,3.25,3.5,2.3
2018,2019-02-27,LIVP,WAT,3,0,1,3.0,0.0,1.28,6.0,12.0
2018,2019-02-27,MANC,WHU,2,3,-1,0.0,3.0,1.16,9.0,19.0
2018,2019-02-27,SOU,FUL,0,0,0,1.0,1.0,1.9,3.7,4.33
2018,2019-02-26,CARD,EVE,2,1,1,3.0,0.0,3.75,3.4,2.15
2018,2019-02-26,HUD,WOLV,3,1,1,3.0,0.0,5.0,3.5,1.85
2018,2019-02-26,LEIC,BHA,2,1,1,3.0,0.0,1.9,3.5,4.6
2018,2019-02-26,NEW,BUR,0,1,-1,0.0,3.0,2.15,3.3,3.9
2018,2019-02-24,ARS,SOU,0,5,-1,0.0,3.0,1.5,4.75,7.0
2018,2019-02-24,MANU,LIVP,0,0,0,1.0,1.0,3.1,3.5,2.37
2018,2019-02-23,BOU,WOLV,3,0,1,3.0,0.0,2.87,3.4,2.62
2018,2019-02-23,BUR,TOT,1,3,-1,0.0,3.0,5.75,3.8,1.7
2018,2019-02-23,LEIC,CRY,3,0,1,3.0,0.0,2.25,3.4,3.5
2018,2019-02-23,NEW,HUD,1,1,0,1.0,1.0,1.83,3.5,5.25
2018,2019-02-22,CARD,WAT,1,0,1,3.0,0.0,3.1,3.4,2.45
2018,2019-02-22,WHU,FUL,0,2,-1,0.0,3.0,1.95,3.8,4.0
2018,2019-02-11,WOLV,NEW,1,2,-1,0.0,3.0,1.7,3.75,5.75
2018,2019-02-10,MANC,CHE,0,1,-1,0.0,3.0,1.5,4.75,7.0
2018,2019-02-10,TOT,LEIC,1,1,0,1.0,1.0,1.7,3.9,5.5
2018,2019-02-09,BHA,BUR,2,0,1,3.0,0.0,2.05,3.3,4.2
2018,2019-02-09,CRY,WHU,3,2,1,3.0,0.0,2.1,3.5,3.75
2018,2019-02-09,FUL,MANU,1,1,0,1.0,1.0,5.5,4.4,1.61
2018,2019-02-09,HUD,ARS,3,1,1,3.0,0.0,5.75,4.4,1.6
2018,2019-02-09,LIVP,BOU,1,2,-1,0.0,3.0,1.22,7.5,14.0
2018,2019-02-09,SOU,CARD,0,2,-1,0.0,3.0,1.75,3.9,5.0
2018,2019-02-09,WAT,EVE,0,2,-1,0.0,3.0,2.35,3.5,3.2
2018,2019-02-06,EVE,MANC,1,0,1,3.0,0.0,10.0,6.25,1.3
2018,2019-02-04,WHU,LIVP,3,1,1,3.0,0.0,8.0,5.25,1.4
2018,2019-02-03,LEIC,MANU,1,2,-1,0.0,3.0,3.6,3.5,2.15
2018,2019-02-03,MANC,ARS,1,0,1,3.0,0.0,1.33,6.0,9.0
2018,2019-02-02,BHA,WAT,2,4,-1,0.0,3.0,2.55,3.3,3.0
2018,2019-02-02,BUR,SOU,0,2,-1,0.0,3.0,2.55,3.5,2.87
2018,2019-02-02,CARD,BOU,2,0,1,3.0,0.0,3.25,3.5,2.3
2018,2019-02-02,CHE,HUD,2,1,1,3.0,0.0,1.2,7.5,19.0
2018,2019-02-02,CRY,FUL,3,2,1,3.0,0.0,2.05,3.5,4.0
2018,2019-02-02,EVE,WOLV,0,0,0,1.0,1.0,2.37,3.4,3.25
2018,2019-02-02,TOT,NEW,1,1,0,1.0,1.0,1.44,4.5,9.0
2018,2019-01-30,BOU,CHE,4,2,1,3.0,0.0,5.25,4.2,1.66
2018,2019-01-30,LIVP,LEIC,3,1,1,3.0,0.0,1.22,7.0,15.0
2018,2019-01-30,SOU,CRY,0,2,-1,0.0,3.0,2.4,3.4,3.2
2018,2019-01-30,TOT,WAT,0,0,0,1.0,1.0,1.66,4.0,5.75
2018,2019-01-29,ARS,CARD,1,3,-1,0.0,3.0,1.22,7.0,15.0
2018,2019-01-29,FUL,BHA,2,0,1,3.0,0.0,2.37,3.3,3.3
2018,2019-01-29,HUD,EVE,4,2,1,3.0,0.0,4.0,3.3,2.1
2018,2019-01-29,MANU,BUR,2,0,1,3.0,0.0,1.28,6.0,12.0
2018,2019-01-29,NEW,MANC,1,0,1,3.0,0.0,19.0,8.0,1.18
2018,2019-01-29,WOLV,WHU,2,1,1,3.0,0.0,2.1,3.5,3.75
2018,2019-01-20,FUL,TOT,1,0,1,3.0,0.0,5.25,3.8,1.75
2018,2019-01-20,HUD,MANC,1,2,-1,0.0,3.0,21.0,8.5,1.16
2018,2019-01-19,ARS,CHE,0,2,-1,0.0,3.0,3.1,3.6,2.37
2018,2019-01-19,BOU,WHU,6,2,1,3.0,0.0,2.37,3.7,3.0
2018,2019-01-19,LIVP,CRY,1,2,-1,0.0,3.0,1.2,7.5,17.0
2018,2019-01-19,MANU,BHA,3,2,1,3.0,0.0,1.3,5.75,12.0
2018,2019-01-19,NEW,CARD,0,0,0,1.0,1.0,1.95,3.4,4.5
2018,2019-01-19,SOU,EVE,0,0,0,1.0,1.0,2.75,3.4,2.7
2018,2019-01-19,WAT,BUR,2,0,1,3.0,0.0,1.65,4.0,5.75
2018,2019-01-19,WOLV,LEIC,2,2,0,1.0,1.0,2.37,3.2,3.4
2018,2019-01-14,MANC,WOLV,1,0,1,3.0,0.0,1.18,8.0,17.0
2018,2019-01-13,EVE,BOU,1,0,1,3.0,0.0,1.75,4.0,4.8
2018,2019-01-13,TOT,MANU,3,0,1,3.0,0.0,2.05,3.7,3.75
2018,2019-01-12,BHA,LIVP,0,0,0,1.0,1.0,11.0,6.0,1.3
2018,2019-01-12,BUR,FUL,2,1,1,3.0,0.0,2.4,3.3,3.25
2018,2019-01-12,CARD,HUD,6,0,1,3.0,0.0,2.25,3.25,3.6
2018,2019-01-12,CHE,NEW,0,2,-1,0.0,3.0,1.22,7.0,15.0
2018,2019-01-12,CRY,WAT,1,1,0,1.0,1.0,2.25,3.4,3.5
2018,2019-01-12,LEIC,SOU,3,1,1,3.0,0.0,1.95,3.5,4.33
2018,2019-01-12,WHU,ARS,1,3,-1,0.0,3.0,3.5,4.0,2.05
2018,2019-01-03,MANC,LIVP,1,0,1,3.0,0.0,2.04,3.8,3.6
2018,2019-01-02,BOU,WAT,0,0,0,1.0,1.0,2.6,3.6,2.75
2018,2019-01-02,CHE,SOU,1,2,-1,0.0,3.0,1.28,6.5,11.0
2018,2019-01-02,HUD,BUR,5,2,1,3.0,0.0,2.14,3.1,4.2
2018,2019-01-02,NEW,MANU,4,1,1,3.0,0.0,6.0,4.2,1.61
2018,2019-01-02,WHU,BHA,1,0,1,3.0,0.0,1.95,3.75,4.0
2018,2019-01-02,WOLV,CRY,1,1,0,1.0,1.0,2.0,3.4,4.33
2018,2019-01-01,ARS,FUL,0,3,-1,0.0,3.0,1.33,5.75,9.5
2018,2019-01-01,CARD,TOT,0,2,-1,0.0,3.0,7.5,4.5,1.5
2018,2019-01-01,EVE,LEIC,0,1,-1,0.0,3.0,2.0,3.5,4.2
2018,2018-12-30,BUR,WHU,2,0,1,3.0,0.0,3.3,3.2,2.25
2018,2018-12-30,CRY,CHE,0,1,-1,0.0,3.0,4.75,4.0,1.66
2018,2018-12-30,MANU,BOU,2,0,1,3.0,0.0,1.33,4.75,10.0
2018,2018-12-30,SOU,MANC,1,0,1,3.0,0.0,10.0,5.25,1.3
2018,2018-12-29,BHA,EVE,1,3,-1,0.0,3.0,3.25,3.4,2.14
2018,2018-12-29,FUL,HUD,0,1,-1,0.0,3.0,2.0,3.4,3.75
2018,2018-12-29,LEIC,CARD,2,2,0,1.0,1.0,1.55,4.0,6.0
2018,2018-12-29,LIVP,ARS,0,1,-1,0.0,3.0,1.5,4.5,5.75
2018,2018-12-29,TOT,WOLV,2,0,1,3.0,0.0,1.33,5.0,8.5
2018,2018-12-29,WAT,NEW,0,2,-1,0.0,3.0,1.85,3.6,4.0
2018,2018-12-27,SOU,WHU,1,0,1,3.0,0.0,2.3,3.5,3.3
2018,2018-12-26,BHA,ARS,2,1,1,3.0,0.0,5.25,3.9,1.72
2018,2018-12-26,BUR,EVE,0,0,0,1.0,1.0,4.33,3.5,1.95
2018,2018-12-26,CRY,CARD,1,1,0,1.0,1.0,1.66,4.0,5.75
2018,2018-12-26,FUL,WOLV,1,0,1,3.0,0.0,3.25,3.4,2.37
2018,2018-12-26,LEIC,MANC,2,2,0,1.0,1.0,9.5,5.25,1.36
2018,2018-12-26,LIVP,NEW,1,0,1,3.0,0.0,1.16,8.5,19.0
2018,2018-12-26,MANU,HUD,0,3,-1,0.0,3.0,1.25,6.5,15.0
2018,2018-12-26,TOT,BOU,0,0,0,1.0,1.0,1.36,5.5,9.0
2018,2018-12-26,WAT,CHE,2,2,0,1.0,1.0,5.25,3.8,1.75
2018,2018-12-23,EVE,TOT,3,1,1,3.0,0.0,3.25,3.5,2.3
2018,2018-12-22,ARS,BUR,6,0,1,3.0,0.0,1.25,6.5,15.0
2018,2018-12-22,BOU,BHA,3,0,1,3.0,0.0,1.9,3.7,4.33
2018,2018-12-22,CARD,MANU,4,3,1,3.0,0.0,6.5,4.2,1.57
2018,2018-12-22,CHE,LEIC,2,1,1,3.0,0.0,1.33,5.5,11.0
2018,2018-12-22,HUD,SOU,0,1,-1,0.0,3.0,3.1,3.1,2.6
2018,2018-12-22,MANC,CRY,0,2,-1,0.0,3.0,1.14,10.0,21.0
2018,2018-12-22,NEW,FUL,0,0,0,1.0,1.0,2.0,3.6,4.0
2018,2018-12-22,WHU,WAT,1,2,-1,0.0,3.0,2.37,3.5,3.1
2018,2018-12-21,WOLV,LIVP,1,1,0,1.0,1.0,7.0,4.0,1.57
2018,2018-12-16,BHA,CHE,0,1,-1,0.0,3.0,7.5,4.5,1.5
2018,2018-12-16,LIVP,MANU,1,0,1,3.0,0.0,1.57,4.5,6.0
2018,2018-12-16,SOU,ARS,2,1,1,3.0,0.0,4.1,3.9,1.9
2018,2018-12-15,CRY,LEIC,5,0,1,3.0,0.0,2.62,3.2,3.0
2018,2018-12-15,FUL,WHU,1,3,-1,0.0,3.0,2.9,3.6,2.5
2018,2018-12-15,HUD,NEW,3,1,1,3.0,0.0,2.6,3.1,3.1
2018,2018-12-15,MANC,EVE,0,1,-1,0.0,3.0,1.22,7.5,13.0
2018,2018-12-15,TOT,BUR,2,0,1,3.0,0.0,1.18,8.0,19.0
2018,2018-12-15,WAT,CARD,0,1,-1,0.0,3.0,1.64,3.9,6.0
2018,2018-12-15,WOLV,BOU,0,3,-1,0.0,3.0,1.95,3.6,4.33
2018,2018-12-10,EVE,WAT,0,5,-1,0.0,3.0,1.8,3.75,5.0
2018,2018-12-09,NEW,WOLV,2,5,-1,0.0,3.0,2.9,3.2,2.7
2018,2018-12-08,ARS,HUD,2,0,1,3.0,0.0,1.28,6.0,12.0
2018,2018-12-08,BOU,LIVP,0,0,0,1.0,1.0,5.75,4.5,1.6
2018,2018-12-08,BUR,BHA,2,0,1,3.0,0.0,2.9,3.2,2.75
2018,2018-12-08,CARD,SOU,2,2,0,1.0,1.0,2.9,3.25,2.7
2018,2018-12-08,CHE,MANC,1,2,-1,0.0,3.0,4.0,3.8,1.95
2018,2018-12-08,LEIC,TOT,3,2,1,3.0,0.0,3.8,3.75,2.0
2018,2018-12-08,MANU,FUL,0,0,0,1.0,1.0,1.33,5.75,10.0
2018,2018-12-08,WHU,CRY,1,0,1,3.0,0.0,2.3,3.4,3.4
2018,2018-12-05,BUR,LIVP,1,3,-1,0.0,3.0,14.0,5.75,1.28
2018,2018-12-05,EVE,NEW,1,0,1,3.0,0.0,1.6,4.0,6.5
2018,2018-12-05,FUL,LEIC,0,3,-1,0.0,3.0,3.0,3.5,2.45
2018,2018-12-05,MANU,ARS,0,0,0,1.0,1.0,2.45,3.5,3.0
2018,2018-12-05,TOT,SOU,2,1,1,3.0,0.0,1.36,5.25,9.5
2018,2018-12-05,WOLV,CHE,1,1,0,1.0,1.0,5.0,3.75,1.8
2018,2018-12-04,BOU,HUD,2,0,1,3.0,0.0,1.66,3.8,6.0
2018,2018-12-04,BHA,CRY,1,2,-1,0.0,3.0,3.0,3.1,2.7
2018,2018-12-04,WAT,MANC,1,6,-1,0.0,3.0,11.0,6.0,1.3
2018,2018-12-04,WHU,CARD,1,1,0,1.0,1.0,1.66,4.0,5.75
2018,2018-12-02,ARS,TOT,2,1,1,3.0,0.0,2.62,3.6,2.75
2018,2018-12-02,CHE,FUL,0,1,-1,0.0,3.0,1.18,8.0,17.0
2018,2018-12-02,LIVP,EVE,4,1,1,3.0,0.0,1.4,5.0,9.0
2018,2018-12-01,CRY,BUR,0,0,0,1.0,1.0,1.61,3.9,6.5
2018,2018-12-01,HUD,BHA,1,0,1,3.0,0.0,2.5,3.0,3.4
2018,2018-12-01,LEIC,WAT,3,3,0,1.0,1.0,2.25,3.3,3.6
2018,2018-12-01,MANC,BOU,4,1,1,3.0,0.0,1.11,11.0,26.0
2018,2018-12-01,NEW,WHU,1,1,0,1.0,1.0,2.5,3.3,3.1
2018,2018-12-01,SOU,MANU,0,1,-1,0.0,3.0,4.33,3.6,1.95
2018,2018-11-30,CARD,WOLV,0,0,0,1.0,1.0,3.8,3.25,2.2
2018,2018-11-26,BUR,NEW,3,2,1,3.0,0.0,2.9,3.2,2.75
2018,2018-11-25,BOU,ARS,4,1,1,3.0,0.0,3.5,3.75,1.95
2018,2018-11-25,WOLV,HUD,3,1,1,3.0,0.0,1.5,4.33,8.0
2018,2018-11-24,BHA,LEIC,0,1,-1,0.0,3.0,2.9,3.4,2.6
2018,2018-11-24,EVE,CARD,2,1,1,3.0,0.0,1.4,5.0,9.0
2018,2018-11-24,FUL,SOU,2,1,1,3.0,0.0,2.62,3.5,2.8
2018,2018-11-24,MANU,CRY,4,0,1,3.0,0.0,1.4,5.25,8.0
2018,2018-11-24,TOT,CHE,2,3,-1,0.0,3.0,2.8,3.5,2.6
2018,2018-11-24,WAT,LIVP,2,3,-1,0.0,3.0,6.5,4.33,1.55
2018,2018-11-24,WHU,MANC,2,0,1,3.0,0.0,13.0,6.5,1.25
2018,2018-11-11,ARS,WOLV,2,2,0,1.0,1.0,1.66,4.2,5.25
2018,2018-11-11,CHE,EVE,0,1,-1,0.0,3.0,1.4,5.25,8.5
2018,2018-11-11,LIVP,FUL,0,0,0,1.0,1.0,1.11,11.0,26.0
2018,2018-11-11,MANC,MANU,5,3,1,3.0,0.0,1.4,5.25,8.5
2018,2018-11-10,CARD,BHA,2,1,1,3.0,0.0,2.6,3.1,3.1
2018,2018-11-10,CRY,TOT,1,0,1,3.0,0.0,4.5,3.75,1.85
2018,2018-11-10,HUD,WHU,1,2,-1,0.0,3.0,3.4,3.25,2.35
2018,2018-11-10,LEIC,BUR,1,1,0,1.0,1.0,1.5,4.33,8.0
2018,2018-11-10,NEW,BOU,0,3,-1,0.0,3.0,2.9,3.4,2.6
2018,2018-11-10,SOU,WAT,1,1,0,1.0,1.0,2.5,3.3,3.1
2018,2018-11-05,HUD,FUL,1,1,0,1.0,1.0,2.3,3.5,3.3
2018,2018-11-04,CHE,CRY,2,1,1,3.0,0.0,1.25,6.75,13.0
2018,2018-11-04,MANC,SOU,2,0,1,3.0,0.0,1.11,11.0,29.0
2018,2018-11-03,ARS,LIVP,4,2,1,3.0,0.0,3.9,3.9,1.95
2018,2018-11-03,BOU,MANU,3,0,1,3.0,0.0,3.6,3.7,2.1
2018,2018-11-03,CARD,LEIC,4,2,1,3.0,0.0,3.8,3.4,2.14
2018,2018-11-03,EVE,BHA,1,0,1,3.0,0.0,1.61,4.0,6.5
2018,2018-11-03,NEW,WAT,1,2,-1,0.0,3.0,2.75,3.25,2.8
2018,2018-11-03,WHU,BUR,1,2,-1,0.0,3.0,1.75,3.75,5.25
2018,2018-11-03,WOLV,TOT,2,2,0,1.0,1.0,3.1,3.4,2.45
2018,2018-10-29,TOT,MANC,1,3,-1,0.0,3.0,4.75,4.1,1.75
2018,2018-10-28,BUR,CHE,1,2,-1,0.0,3.0,11.0,5.0,1.36
2018,2018-10-28,CRY,ARS,1,0,1,3.0,0.0,4.75,4.1,1.75
2018,2018-10-28,MANU,EVE,1,2,-1,0.0,3.0,1.72,3.9,5.25
2018,2018-10-27,BHA,WOLV,2,0,1,3.0,0.0,3.2,3.2,2.5
2018,2018-10-27,FUL,BOU,0,2,-1,0.0,3.0,2.9,3.75,2.4
2018,2018-10-27,LEIC,WHU,1,0,1,3.0,0.0,2.1,3.5,3.8
2018,2018-10-27,LIVP,CARD,2,1,1,3.0,0.0,1.11,11.0,26.0
2018,2018-10-27,SOU,NEW,0,1,-1,0.0,3.0,2.1,3.4,3.9
2018,2018-10-27,WAT,HUD,2,1,1,3.0,0.0,1.75,3.75,5.25
2018,2018-10-22,ARS,LEIC,0,1,-1,0.0,3.0,1.53,4.5,6.5
2018,2018-10-21,EVE,CRY,1,1,0,1.0,1.0,1.85,3.6,4.75
2018,2018-10-20,BOU,SOU,0,0,0,1.0,1.0,2.04,3.7,3.75
2018,2018-10-20,CARD,FUL,2,0,1,3.0,0.0,2.5,3.5,2.95
2018,2018-10-20,CHE,MANU,4,5,-1,0.0,3.0,1.75,3.8,5.25
2018,2018-10-20,HUD,LIVP,1,2,-1,0.0,3.0,11.0,5.5,1.33
2018,2018-10-20,MANC,BUR,2,0,1,3.0,0.0,1.08,13.0,34.0
2018,2018-10-20,NEW,BHA,1,4,-1,0.0,3.0,2.2,3.25,3.8
2018,2018-10-20,WHU,TOT,0,1,-1,0.0,3.0,4.1,3.9,1.9
2018,2018-10-20,WOLV,WAT,2,0,1,3.0,0.0,1.75,3.75,5.25
2018,2018-10-07,FUL,ARS,1,3,-1,0.0,3.0,5.25,4.33,1.66
2018,2018-10-07,LIVP,MANC,0,0,0,1.0,1.0,2.54,3.6,2.8
2018,2018-10-07,SOU,CHE,1,2,-1,0.0,3.0,6.0,4.1,1.61
2018,2018-10-06,BUR,HUD,2,1,1,3.0,0.0,2.14,3.1,4.2
2018,2018-10-06,CRY,WOLV,3,4,-1,0.0,3.0,3.0,3.2,2.62
2018,2018-10-06,LEIC,EVE,0,2,-1,0.0,3.0,2.2,3.4,3.6
2018,2018-10-06,MANU,NEW,1,0,1,3.0,0.0,1.44,4.5,9.0
2018,2018-10-06,TOT,CARD,1,1,0,1.0,1.0,1.22,7.0,15.0
2018,2018-10-06,WAT,BOU,3,1,1,3.0,0.0,2.14,3.6,3.5
2018,2018-10-05,BHA,WHU,2,0,1,3.0,0.0,2.7,3.3,2.87
2018,2018-10-01,BOU,CRY,0,3,-1,0.0,3.0,2.25,3.5,3.4
2018,2018-09-30,CARD,BUR,3,1,1,3.0,0.0,2.62,3.0,3.2
2018,2018-09-29,ARS,WAT,0,0,0,1.0,1.0,1.44,5.1,7.0
2018,2018-09-29,CHE,LIVP,5,0,1,3.0,0.0,2.8,3.6,2.54
2018,2018-09-29,EVE,FUL,1,2,-1,0.0,3.0,1.75,4.2,4.75
2018,2018-09-29,HUD,TOT,4,0,1,3.0,0.0,8.5,4.5,1.44
2018,2018-09-29,MANC,BHA,2,1,1,3.0,0.0,1.1,12.0,34.0
2018,2018-09-29,NEW,LEIC,2,0,1,3.0,0.0,2.6,3.3,3.0
2018,2018-09-29,WHU,MANU,3,2,1,3.0,0.0,4.5,3.8,1.85
2018,2018-09-29,WOLV,SOU,4,1,1,3.0,0.0,1.8,3.6,5.25
2018,2018-09-23,ARS,EVE,3,1,1,3.0,0.0,1.44,5.0,7.5
2018,2018-09-23,WHU,CHE,1,0,1,3.0,0.0,6.0,4.5,1.57
2018,2018-09-22,BHA,TOT,3,1,1,3.0,0.0,5.0,4.0,1.75
2018,2018-09-22,BUR,BOU,2,2,0,1.0,1.0,3.0,3.4,2.5
2018,2018-09-22,CARD,MANC,2,1,1,3.0,0.0,23.0,8.0,1.16
2018,2018-09-22,CRY,NEW,2,1,1,3.0,0.0,2.14,3.4,3.75
2018,2018-09-22,FUL,WAT,2,1,1,3.0,0.0,2.54,3.5,2.9
2018,2018-09-22,LEIC,HUD,2,2,0,1.0,1.0,1.61,4.0,6.5
2018,2018-09-22,LIVP,SOU,1,0,1,3.0,0.0,1.2,7.5,17.0
2018,2018-09-22,MANU,WOLV,1,2,-1,0.0,3.0,1.57,4.33,6.5
2018,2018-09-17,SOU,BHA,4,0,1,3.0,0.0,2.1,3.4,3.9
2018,2018-09-16,EVE,WHU,4,0,1,3.0,0.0,2.0,3.75,3.9
2018,2018-09-16,WOLV,BUR,4,3,1,3.0,0.0,1.75,3.6,5.75
2018,2018-09-15,BOU,LEIC,1,3,-1,0.0,3.0,2.45,3.5,3.0
2018,2018-09-15,CHE,CARD,2,1,1,3.0,0.0,1.18,8.0,19.0
2018,2018-09-15,HUD,CRY,3,0,1,3.0,0.0,3.3,3.1,2.5
2018,2018-09-15,MANC,FUL,0,0,0,1.0,1.0,1.12,10.0,26.0
2018,2018-09-15,NEW,ARS,2,2,0,1.0,1.0,4.2,3.8,1.9
2018,2018-09-15,TOT,LIVP,3,3,0,1.0,1.0,3.0,3.6,2.4
2018,2018-09-15,WAT,MANU,3,2,1,3.0,0.0,4.33,3.6,1.95
2018,2018-09-02,BUR,MANU,4,0,1,3.0,0.0,6.0,3.75,1.7
2018,2018-09-02,CARD,ARS,2,0,1,3.0,0.0,6.5,4.33,1.57
2018,2018-09-02,WAT,TOT,0,0,0,1.0,1.0,5.5,4.2,1.64
2018,2018-09-01,BHA,FUL,0,4,-1,0.0,3.0,2.3,3.4,3.4
2018,2018-09-01,CHE,BOU,1,3,-1,0.0,3.0,1.3,6.0,11.0
2018,2018-09-01,CRY,SOU,1,2,-1,0.0,3.0,2.0,3.5,4.2
2018,2018-09-01,EVE,HUD,1,3,-1,0.0,3.0,1.53,4.2,7.5
2018,2018-09-01,LEIC,LIVP,0,2,-1,0.0,3.0,7.5,5.0,1.44
2018,2018-09-01,MANC,NEW,4,2,1,3.0,0.0,1.11,11.0,26.0
2018,2018-09-01,WHU,WOLV,3,0,1,3.0,0.0,2.6,3.4,2.87
2018,2018-08-27,MANU,TOT,1,0,1,3.0,0.0,2.62,3.3,2.9
2018,2018-08-26,FUL,BUR,1,0,1,3.0,0.0,2.0,3.4,4.33
2018,2018-08-26,NEW,CHE,2,3,-1,0.0,3.0,5.75,4.0,1.66
2018,2018-08-26,WAT,CRY,2,2,0,1.0,1.0,2.6,3.25,3.0
2018,2018-08-25,ARS,WHU,1,0,1,3.0,0.0,1.36,5.5,9.0
2018,2018-08-25,BOU,EVE,2,0,1,3.0,0.0,2.62,3.6,2.75
2018,2018-08-25,HUD,CARD,1,3,-1,0.0,3.0,2.37,3.0,3.7
2018,2018-08-25,LIVP,BHA,1,0,1,3.0,0.0,1.16,8.5,19.0
2018,2018-08-25,SOU,LEIC,0,2,-1,0.0,3.0,2.45,3.2,3.25
2018,2018-08-25,WOLV,MANC,0,2,-1,0.0,3.0,11.0,6.5,1.28
2018,2018-08-20,CRY,LIVP,1,2,-1,0.0,3.0,7.0,5.0,1.44
2018,2018-08-19,BHA,MANU,3,0,1,3.0,0.0,5.5,3.6,1.75
2018,2018-08-19,BUR,WAT,3,0,1,3.0,0.0,2.45,3.1,3.4
2018,2018-08-19,MANC,HUD,0,1,-1,0.0,3.0,1.1,13.0,26.0
2018,2018-08-18,CARD,NEW,1,5,-1,0.0,3.0,3.25,3.1,2.54
2018,2018-08-18,CHE,ARS,3,3,0,1.0,1.0,1.8,4.0,4.5
2018,2018-08-18,EVE,SOU,0,2,-1,0.0,3.0,1.9,3.5,4.75
2018,2018-08-18,LEIC,WOLV,2,0,1,3.0,0.0,2.04,3.5,3.9
2018,2018-08-18,TOT,FUL,3,2,1,3.0,0.0,1.28,6.0,12.0
2018,2018-08-18,WHU,BOU,4,3,1,3.0,0.0,2.1,3.6,3.7
2018,2018-08-12,ARS,MANC,0,3,-1,0.0,3.0,4.0,3.8,1.95
2018,2018-08-12,LIVP,WHU,4,2,1,3.0,0.0,1.25,6.5,14.0
2018,2018-08-12,SOU,BUR,0,1,-1,0.0,3.0,1.85,3.5,5.0
2018,2018-08-11,BOU,CARD,0,0,0,1.0,1.0,1.9,3.6,4.5
2018,2018-08-11,FUL,CRY,4,4,0,1.0,1.0,2.5,3.4,3.0
2018,2018-08-11,HUD,CHE,4,0,1,3.0,0.0,6.5,4.0,1.61
2018,2018-08-11,NEW,TOT,2,1,1,3.0,0.0,3.9,3.5,2.04
2018,2018-08-11,WAT,BHA,1,1,0,1.0,1.0,2.37,3.2,3.4
2018,2018-08-11,WOLV,EVE,4,2,1,3.0,0.0,2.37,3.3,3.3
2018,2018-08-10,MANU,LEIC,3,0,1,3.0,0.0,1.57,3.9,7.5
2017,2018-05-13,BUR,BOU,1,1,0,1.0,1.0,2.14,3.5,3.6
2017,2018-05-13,CRY,WBA,2,3,-1,0.0,3.0,1.8,3.79,4.75
2017,2018-05-13,HUD,ARS,0,0,0,1.0,1.0,6.0,4.33,1.6
2017,2018-05-13,LIVP,BHA,3,1,1,3.0,0.0,1.19,8.0,15.0
2017,2018-05-13,MANU,WAT,1,3,-1,0.0,3.0,1.39,5.25,8.5
2017,2018-05-13,NEW,CHE,2,2,0,1.0,1.0,6.5,4.2,1.6
2017,2018-05-13,SOU,MANC,0,1,-1,0.0,3.0,9.0,5.0,1.39
2017,2018-05-13,SWA,STO,1,1,0,1.0,1.0,1.9,3.79,4.2
2017,2018-05-13,TOT,LEIC,2,0,1,3.0,0.0,1.33,6.0,9.0
2017,2018-05-13,WHU,EVE,1,1,0,1.0,1.0,2.45,3.5,3.0
2017,2018-05-10,WHU,MANU,1,0,1,3.0,0.0,4.75,3.79,1.8
2017,2018-05-09,CHE,HUD,3,0,1,3.0,0.0,1.16,8.5,19.0
2017,2018-05-09,LEIC,ARS,1,1,0,1.0,1.0,3.75,3.79,2.0
2017,2018-05-09,MANC,BHA,2,1,1,3.0,0.0,1.12,10.0,27.0
2017,2018-05-09,TOT,NEW,0,0,0,1.0,1.0,1.18,8.5,17.0
2017,2018-05-08,SWA,SOU,0,0,0,1.0,1.0,3.1,3.25,2.54
2017,2018-05-06,ARS,BUR,2,1,1,3.0,0.0,1.57,4.2,6.5
2017,2018-05-06,CHE,LIVP,0,1,-1,0.0,3.0,2.25,3.6,3.29
2017,2018-05-06,MANC,HUD,0,3,-1,0.0,3.0,1.08,13.0,34.0
2017,2018-05-05,BOU,SWA,1,1,0,1.0,1.0,2.1,3.6,3.7
2017,2018-05-05,EVE,SOU,1,1,0,1.0,1.0,2.89,3.29,2.62
2017,2018-05-05,LEIC,WHU,1,4,-1,0.0,3.0,2.25,3.5,3.39
2017,2018-05-05,STO,CRY,0,1,-1,0.0,3.0,2.7,3.39,2.79
2017,2018-05-05,WAT,NEW,2,1,1,3.0,0.0,2.37,3.39,3.2
2017,2018-05-05,WBA,TOT,1,3,-1,0.0,3.0,8.0,4.75,1.44
2017,2018-05-04,BHA,MANU,1,0,1,3.0,0.0,4.75,3.6,1.85
2017,2018-04-30,TOT,WAT,4,0,1,3.0,0.0,1.16,8.5,21.0
2017,2018-04-29,MANU,ARS,2,0,1,3.0,0.0,1.44,4.75,8.0
2017,2018-04-29,WHU,MANC,0,0,0,1.0,1.0,10.0,5.75,1.33
2017,2018-04-28,BUR,BHA,3,0,1,3.0,0.0,2.25,3.2,3.7
2017,2018-04-28,CRY,LEIC,1,0,1,3.0,0.0,2.04,3.6,3.79
2017,2018-04-28,HUD,EVE,0,0,0,1.0,1.0,2.62,3.1,3.1
2017,2018-04-28,LIVP,STO,4,2,1,3.0,0.0,1.33,5.75,10.0
2017,2018-04-28,NEW,WBA,1,0,1,3.0,0.0,1.85,3.6,4.75
2017,2018-04-28,SOU,BOU,0,1,-1,0.0,3.0,1.72,4.0,5.0
2017,2018-04-28,SWA,CHE,1,3,-1,0.0,3.0,7.0,4.33,1.53
2017,2018-04-23,EVE,NEW,0,1,-1,0.0,3.0,2.29,3.39,3.39
2017,2018-04-22,ARS,WHU,2,0,1,3.0,0.0,1.55,4.59,6.0
2017,2018-04-22,MANC,SWA,2,2,0,1.0,1.0,1.14,9.0,23.0
2017,2018-04-22,STO,BUR,0,2,-1,0.0,3.0,2.29,3.29,3.5
2017,2018-04-21,WAT,CRY,1,0,1,3.0,0.0,2.89,3.39,2.54
2017,2018-04-21,WBA,LIVP,2,2,0,1.0,1.0,7.5,4.5,1.5
2017,2018-04-19,BUR,CHE,0,0,0,1.0,1.0,4.0,3.39,1.9
2017,2018-04-19,LEIC,SOU,3,1,1,3.0,0.0,2.25,3.29,3.2
2017,2018-04-18,BOU,MANU,1,1,0,1.0,1.0,5.0,3.89,1.75
2017,2018-04-17,BHA,TOT,2,1,1,3.0,0.0,6.5,4.33,1.55
2017,2018-04-16,WHU,STO,0,0,0,1.0,1.0,2.0,3.6,4.0
2017,2018-04-15,MANU,WBA,1,2,-1,0.0,3.0,1.18,8.0,19.0
2017,2018-04-15,NEW,ARS,2,1,1,3.0,0.0,3.29,3.6,2.25
2017,2018-04-14,BUR,LEIC,2,1,1,3.0,0.0,2.62,3.2,3.0
2017,2018-04-14,CRY,BHA,3,3,0,1.0,1.0,1.9,3.5,4.75
2017,2018-04-14,HUD,WAT,3,3,0,1.0,1.0,2.62,3.25,3.0
2017,2018-04-14,LIVP,BOU,4,0,1,3.0,0.0,1.25,7.0,12.0
2017,2018-04-14,SOU,CHE,1,1,0,1.0,1.0,4.5,3.75,1.85
2017,2018-04-14,SWA,EVE,1,2,-1,0.0,3.0,2.54,3.25,3.1
2017,2018-04-14,TOT,MANC,1,0,1,3.0,0.0,2.62,3.6,2.7
2017,2018-04-08,ARS,SOU,1,0,1,3.0,0.0,1.57,4.5,6.0
2017,2018-04-08,CHE,WHU,1,0,1,3.0,0.0,1.28,6.0,12.0
2017,2018-04-07,BOU,CRY,0,1,-1,0.0,3.0,2.5,3.39,3.0
2017,2018-04-07,BHA,HUD,2,1,1,3.0,0.0,1.85,3.5,5.0
2017,2018-04-07,EVE,LIVP,0,4,-1,0.0,3.0,4.2,3.75,1.9
2017,2018-04-07,LEIC,NEW,0,1,-1,0.0,3.0,1.95,3.6,4.2
2017,2018-04-07,MANC,MANU,3,3,0,1.0,1.0,1.89,3.79,4.2
2017,2018-04-07,STO,TOT,1,0,1,3.0,0.0,11.0,5.5,1.33
2017,2018-04-07,WAT,BUR,3,1,1,3.0,0.0,2.39,3.2,3.39
2017,2018-04-07,WBA,SWA,2,1,1,3.0,0.0,2.37,3.2,3.39
2017,2018-04-01,ARS,STO,4,3,1,3.0,0.0,1.28,5.5,10.0
2017,2018-04-01,CHE,TOT,2,3,-1,0.0,3.0,2.29,3.29,3.1
2017,2018-03-31,BHA,LEIC,1,0,1,3.0,0.0,2.7,3.2,2.62
2017,2018-03-31,CRY,LIVP,2,1,1,3.0,0.0,7.0,4.33,1.44
2017,2018-03-31,EVE,MANC,1,0,1,3.0,0.0,9.0,5.0,1.33
2017,2018-03-31,MANU,SWA,2,0,1,3.0,0.0,1.25,6.0,10.0
2017,2018-03-31,NEW,HUD,2,3,-1,0.0,3.0,1.75,3.39,5.0
2017,2018-03-31,WAT,BOU,0,2,-1,0.0,3.0,2.29,3.29,3.1
2017,2018-03-31,WBA,BUR,0,1,-1,0.0,3.0,2.5,3.0,3.1
2017,2018-03-31,WHU,SOU,4,0,1,3.0,0.0,2.7,3.25,2.6
2017,2018-03-17,BOU,WBA,0,4,-1,0.0,3.0,1.83,3.6,5.0
2017,2018-03-17,HUD,CRY,0,0,0,1.0,1.0,3.0,3.1,2.7
2017,2018-03-17,LIVP,WAT,1,0,1,3.0,0.0,1.19,8.0,15.0
2017,2018-03-17,STO,EVE,0,2,-1,0.0,3.0,2.5,3.29,3.1
2017,2018-03-12,STO,MANC,1,1,0,1.0,1.0,15.0,6.5,1.25
2017,2018-03-11,ARS,WAT,2,0,1,3.0,0.0,1.44,5.0,7.5
2017,2018-03-11,BOU,TOT,1,5,-1,0.0,3.0,6.5,4.5,1.55
2017,2018-03-10,CHE,CRY,2,1,1,3.0,0.0,1.3,5.75,12.0
2017,2018-03-10,EVE,BHA,1,2,-1,0.0,3.0,2.2,3.2,3.89
2017,2018-03-10,HUD,SWA,2,0,1,3.0,0.0,2.54,3.1,3.2
2017,2018-03-10,MANU,LIVP,1,0,1,3.0,0.0,2.75,3.39,2.75
2017,2018-03-10,NEW,SOU,4,1,1,3.0,0.0,2.79,3.2,2.79
2017,2018-03-10,WBA,LEIC,1,1,0,1.0,1.0,3.0,3.25,2.6
2017,2018-03-10,WHU,BUR,4,1,1,3.0,0.0,2.29,3.2,3.6
2017,2018-03-05,CRY,MANU,2,2,0,1.0,1.0,7.0,4.0,1.57
2017,2018-03-04,BHA,ARS,4,1,1,3.0,0.0,4.2,3.79,1.9
2017,2018-03-04,MANC,CHE,2,0,1,3.0,0.0,1.61,4.2,6.0
2017,2018-03-03,BUR,EVE,4,0,1,3.0,0.0,2.5,3.1,3.29
2017,2018-03-03,LEIC,BOU,2,1,1,3.0,0.0,1.85,3.75,4.5
2017,2018-03-03,LIVP,NEW,3,0,1,3.0,0.0,1.22,7.0,15.0
2017,2018-03-03,SOU,STO,0,2,-1,0.0,3.0,1.75,3.75,5.25
2017,2018-03-03,SWA,WHU,1,0,1,3.0,0.0,2.6,3.25,3.0
2017,2018-03-03,TOT,HUD,0,3,-1,0.0,3.0,1.19,7.5,17.0
2017,2018-03-03,WAT,WBA,2,2,0,1.0,1.0,2.14,3.29,3.89
2017,2018-03-01,ARS,MANC,3,2,1,3.0,0.0,4.5,4.0,1.72
2017,2018-02-25,CRY,TOT,1,0,1,3.0,0.0,7.5,4.5,1.5
2017,2018-02-25,MANU,CHE,2,1,1,3.0,0.0,2.29,3.25,3.5
2017,2018-02-24,BOU,NEW,0,3,-1,0.0,3.0,2.1,3.5,3.79
2017,2018-02-24,BHA,SWA,1,1,0,1.0,1.0,2.14,3.25,4.0
2017,2018-02-24,BUR,SOU,1,3,-1,0.0,3.0,2.89,3.1,2.79
2017,2018-02-24,LEIC,STO,0,1,-1,0.0,3.0,1.72,3.89,5.25
2017,2018-02-24,LIVP,WHU,1,4,-1,0.0,3.0,1.22,7.5,13.0
2017,2018-02-24,WAT,EVE,1,1,0,1.0,1.0,2.25,3.39,3.5
2017,2018-02-24,WBA,HUD,4,1,1,3.0,0.0,1.95,3.29,4.75
2017,2018-02-12,CHE,WBA,0,0,0,1.0,1.0,1.36,4.75,8.0
2017,2018-02-11,HUD,BOU,2,1,1,3.0,0.0,3.25,3.2,2.25
2017,2018-02-11,NEW,MANU,0,1,-1,0.0,3.0,5.5,3.75,1.61
2017,2018-02-11,SOU,LIVP,4,2,1,3.0,0.0,4.2,3.79,1.8
2017,2018-02-10,EVE,CRY,1,0,1,3.0,0.0,2.25,3.25,3.2
2017,2018-02-10,MANC,LEIC,1,5,-1,0.0,3.0,1.19,6.5,13.0
2017,2018-02-10,STO,BHA,2,0,1,3.0,0.0,2.2,3.2,3.39
2017,2018-02-10,SWA,BUR,2,0,1,3.0,0.0,2.37,3.0,3.25
2017,2018-02-10,TOT,ARS,1,0,1,3.0,0.0,2.0,3.6,3.5
2017,2018-02-10,WHU,WAT,3,2,1,3.0,0.0,2.5,3.29,2.79
2017,2018-02-05,WAT,CHE,1,1,0,1.0,1.0,6.25,4.0,1.61
2017,2018-02-04,CRY,NEW,3,0,1,3.0,0.0,2.04,3.39,4.2
2017,2018-02-04,LIVP,TOT,0,2,-1,0.0,3.0,2.1,3.75,3.6
2017,2018-02-03,ARS,EVE,3,0,1,3.0,0.0,1.3,5.75,12.0
2017,2018-02-03,BOU,STO,0,2,-1,0.0,3.0,1.9,3.7,4.33
2017,2018-02-03,BHA,WHU,0,1,-1,0.0,3.0,2.35,3.0,3.7
2017,2018-02-03,BUR,MANC,2,1,1,3.0,0.0,13.0,6.0,1.28
2017,2018-02-03,LEIC,SWA,1,2,-1,0.0,3.0,1.8,3.6,5.25
2017,2018-02-03,MANU,HUD,4,2,1,3.0,0.0,1.16,8.5,19.0
2017,2018-02-03,WBA,SOU,1,5,-1,0.0,3.0,2.54,3.2,3.1
2017,2018-01-31,CHE,BOU,1,0,1,3.0,0.0,1.28,6.5,11.0
2017,2018-01-31,EVE,LEIC,0,0,0,1.0,1.0,3.0,3.2,2.62
2017,2018-01-31,MANC,WBA,0,2,-1,0.0,3.0,1.14,10.0,21.0
2017,2018-01-31,NEW,BUR,0,1,-1,0.0,3.0,2.2,3.2,3.89
2017,2018-01-31,SOU,BHA,3,0,1,3.0,0.0,1.75,3.5,6.0
2017,2018-01-31,STO,WAT,2,3,-1,0.0,3.0,2.25,3.5,3.39
2017,2018-01-31,TOT,MANU,0,0,0,1.0,1.0,2.35,3.29,3.39
2017,2018-01-30,HUD,LIVP,0,1,-1,0.0,3.0,12.0,5.75,1.3
2017,2018-01-30,SWA,ARS,1,3,-1,0.0,3.0,7.0,4.59,1.5
2017,2018-01-30,WHU,CRY,2,1,1,3.0,0.0,3.1,3.25,2.54
2017,2018-01-22,SWA,LIVP,4,0,1,3.0,0.0,12.0,5.75,1.3
2017,2018-01-21,SOU,TOT,2,2,0,1.0,1.0,5.75,4.09,1.64
2017,2018-01-20,ARS,CRY,2,1,1,3.0,0.0,1.5,4.75,7.0
2017,2018-01-20,BHA,CHE,0,2,-1,0.0,3.0,6.5,3.89,1.61
2017,2018-01-20,BUR,MANU,2,2,0,1.0,1.0,7.5,3.89,1.57
2017,2018-01-20,EVE,WBA,3,1,1,3.0,0.0,2.14,3.2,4.0
2017,2018-01-20,LEIC,WAT,4,0,1,3.0,0.0,1.85,3.89,4.33
2017,2018-01-20,MANC,NEW,0,0,0,1.0,1.0,1.12,10.0,26.0
2017,2018-01-20,STO,HUD,0,1,-1,0.0,3.0,2.04,3.39,4.09
2017,2018-01-20,WHU,BOU,1,1,0,1.0,1.0,2.0,3.6,4.0
2017,2018-01-15,MANU,STO,4,2,1,3.0,0.0,1.22,7.0,15.0
2017,2018-01-14,BOU,ARS,1,4,-1,0.0,3.0,4.75,4.2,1.75
2017,2018-01-14,LIVP,MANC,2,2,0,1.0,1.0,3.1,3.75,2.29
2017,2018-01-13,CHE,LEIC,0,1,-1,0.0,3.0,1.3,5.75,12.0
2017,2018-01-13,CRY,BUR,0,0,0,1.0,1.0,2.0,3.29,4.5
2017,2018-01-13,HUD,WHU,0,2,-1,0.0,3.0,2.62,3.1,3.1
2017,2018-01-13,NEW,SWA,0,1,-1,0.0,3.0,1.95,3.39,4.5
2017,2018-01-13,TOT,EVE,2,0,1,3.0,0.0,1.28,6.0,13.0
2017,2018-01-13,WAT,SOU,1,3,-1,0.0,3.0,2.5,3.39,3.0
2017,2018-01-13,WBA,BHA,4,2,1,3.0,0.0,2.14,3.0,4.33
2017,2018-01-04,TOT,WHU,2,0,1,3.0,0.0,1.25,6.0,10.0
2017,2018-01-03,ARS,CHE,0,1,-1,0.0,3.0,2.6,3.39,2.6
2017,2018-01-02,MANC,WAT,4,0,1,3.0,0.0,1.12,8.5,19.0
2017,2018-01-02,SOU,CRY,0,2,-1,0.0,3.0,1.9,3.39,4.0
2017,2018-01-02,SWA,TOT,2,1,1,3.0,0.0,12.0,4.75,1.3
2017,2018-01-02,WHU,WBA,3,1,1,3.0,0.0,1.9,3.39,4.09
2017,2018-01-01,BHA,BOU,4,1,1,3.0,0.0,2.37,3.2,3.39
2017,2018-01-01,BUR,LIVP,1,0,1,3.0,0.0,7.5,4.5,1.5
2017,2018-01-01,EVE,MANU,1,0,1,3.0,0.0,5.5,3.5,1.8
2017,2018-01-01,LEIC,HUD,0,0,0,1.0,1.0,1.66,3.79,6.0
2017,2018-01-01,STO,NEW,1,0,1,3.0,0.0,2.29,3.29,3.5
2017,2017-12-31,CRY,MANC,0,1,-1,0.0,3.0,11.0,6.5,1.28
2017,2017-12-31,WBA,ARS,0,0,0,1.0,1.0,5.0,4.0,1.72
2017,2017-12-30,BOU,EVE,4,1,1,3.0,0.0,2.37,3.29,3.29
2017,2017-12-30,CHE,STO,2,0,1,3.0,0.0,1.16,8.5,19.0
2017,2017-12-30,HUD,BUR,1,0,1,3.0,0.0,2.37,3.1,3.5
2017,2017-12-30,LIVP,LEIC,1,2,-1,0.0,3.0,1.3,6.0,11.0
2017,2017-12-30,MANU,SOU,3,1,1,3.0,0.0,1.36,5.5,9.0
2017,2017-12-30,NEW,BHA,1,2,-1,0.0,3.0,2.14,3.2,4.0
2017,2017-12-30,WAT,SWA,2,1,1,3.0,0.0,1.66,3.79,6.0
2017,2017-12-28,CRY,ARS,1,1,0,1.0,1.0,4.5,4.0,1.8
2017,2017-12-27,NEW,MANC,1,1,0,1.0,1.0,13.0,6.75,1.25
2017,2017-12-26,BOU,WHU,0,1,-1,0.0,3.0,2.79,3.29,2.75
2017,2017-12-26,CHE,BHA,1,1,0,1.0,1.0,1.19,7.5,17.0
2017,2017-12-26,HUD,STO,1,1,0,1.0,1.0,2.5,3.2,3.2
2017,2017-12-26,LIVP,SWA,1,0,1,3.0,0.0,1.16,9.0,19.0
2017,2017-12-26,MANU,BUR,1,0,1,3.0,0.0,1.25,6.5,15.0
2017,2017-12-26,TOT,SOU,1,1,0,1.0,1.0,1.36,5.25,10.0
2017,2017-12-26,WAT,LEIC,1,0,1,3.0,0.0,2.54,3.5,2.87
2017,2017-12-26,WBA,EVE,1,1,0,1.0,1.0,2.54,3.2,3.1
2017,2017-12-23,BHA,WAT,0,5,-1,0.0,3.0,2.62,3.2,3.0
2017,2017-12-23,BUR,TOT,1,1,0,1.0,1.0,7.0,4.2,1.55
2017,2017-12-23,EVE,CHE,0,3,-1,0.0,3.0,6.0,3.89,1.66
2017,2017-12-23,LEIC,MANU,2,1,1,3.0,0.0,4.5,3.6,1.9
2017,2017-12-23,MANC,BOU,2,0,1,3.0,0.0,1.12,11.0,23.0
2017,2017-12-23,SOU,HUD,4,0,1,3.0,0.0,1.61,3.89,6.5
2017,2017-12-23,STO,WBA,3,4,-1,0.0,3.0,2.29,3.25,3.5
2017,2017-12-23,SWA,CRY,1,3,-1,0.0,3.0,3.29,3.2,2.45
2017,2017-12-23,WHU,NEW,0,1,-1,0.0,3.0,2.1,3.39,3.89
2017,2017-12-22,ARS,LIVP,1,1,0,1.0,1.0,2.54,3.6,2.79
2017,2017-12-18,EVE,SWA,1,1,0,1.0,1.0,1.72,3.75,5.5
2017,2017-12-17,BOU,LIVP,2,0,1,3.0,0.0,6.5,4.5,1.53
2017,2017-12-17,WBA,MANU,1,0,1,3.0,0.0,6.5,4.0,1.6
2017,2017-12-16,ARS,NEW,2,0,1,3.0,0.0,1.25,6.5,14.0
2017,2017-12-16,BHA,BUR,1,4,-1,0.0,3.0,2.62,3.0,3.2
2017,2017-12-16,CHE,SOU,5,1,1,3.0,0.0,1.39,5.0,9.0
2017,2017-12-16,LEIC,CRY,1,1,0,1.0,1.0,1.89,3.6,4.5
2017,2017-12-16,MANC,TOT,1,0,1,3.0,0.0,1.55,4.59,6.0
2017,2017-12-16,STO,WHU,5,0,1,3.0,0.0,2.29,3.29,3.5
2017,2017-12-16,WAT,HUD,1,1,0,1.0,1.0,1.8,3.75,5.0
2017,2017-12-13,LIVP,WBA,3,2,1,3.0,0.0,1.22,7.0,15.0
2017,2017-12-13,MANU,BOU,0,2,-1,0.0,3.0,1.28,6.0,12.0
2017,2017-12-13,NEW,EVE,3,2,1,3.0,0.0,2.39,3.29,3.25
2017,2017-12-13,SOU,LEIC,0,1,-1,0.0,3.0,2.1,3.39,3.89
2017,2017-12-13,SWA,MANC,3,0,1,3.0,0.0,15.0,6.5,1.25
2017,2017-12-13,TOT,BHA,1,1,0,1.0,1.0,1.25,6.5,15.0
2017,2017-12-13,WHU,ARS,2,0,1,3.0,0.0,5.25,4.2,1.66
2017,2017-12-12,BUR,STO,1,1,0,1.0,1.0,2.29,3.2,3.6
2017,2017-12-12,CRY,WAT,0,0,0,1.0,1.0,2.29,3.5,3.25
2017,2017-12-12,HUD,CHE,1,0,1,3.0,0.0,9.0,4.5,1.44
2017,2017-12-10,LIVP,EVE,1,5,-1,0.0,3.0,1.3,6.0,11.0
2017,2017-12-10,MANU,MANC,1,0,1,3.0,0.0,3.39,3.5,2.25
2017,2017-12-10,SOU,ARS,1,1,0,1.0,1.0,4.0,3.75,1.95
2017,2017-12-09,BUR,WAT,1,2,-1,0.0,3.0,2.6,3.25,3.0
2017,2017-12-09,CRY,BOU,2,1,1,3.0,0.0,2.04,3.5,4.0
2017,2017-12-09,HUD,BHA,1,1,0,1.0,1.0,2.7,3.1,3.0
2017,2017-12-09,NEW,LEIC,1,1,0,1.0,1.0,2.62,3.29,2.89
2017,2017-12-09,SWA,WBA,1,1,0,1.0,1.0,2.7,3.1,3.0
2017,2017-12-09,TOT,STO,1,2,-1,0.0,3.0,1.28,6.5,11.0
2017,2017-12-09,WHU,CHE,1,3,-1,0.0,3.0,7.5,4.5,1.5
2017,2017-12-03,BOU,SOU,1,2,-1,0.0,3.0,2.89,3.25,2.39
2017,2017-12-03,MANC,WHU,2,2,0,1.0,1.0,1.08,11.0,21.0
2017,2017-12-02,ARS,MANU,2,0,1,3.0,0.0,2.5,3.39,3.0
2017,2017-12-02,BHA,LIVP,1,3,-1,0.0,3.0,7.5,4.5,1.5
2017,2017-12-02,CHE,NEW,1,2,-1,0.0,3.0,1.25,6.5,15.0
2017,2017-12-02,EVE,HUD,3,0,1,3.0,0.0,1.72,3.79,5.5
2017,2017-12-02,LEIC,BUR,3,1,1,3.0,0.0,1.83,3.6,5.0
2017,2017-12-02,STO,SWA,0,2,-1,0.0,3.0,1.95,3.39,4.5
2017,2017-12-02,WAT,TOT,3,1,1,3.0,0.0,5.0,4.0,1.72
2017,2017-12-02,WBA,CRY,0,1,-1,0.0,3.0,2.5,3.2,3.2
2017,2017-11-29,ARS,HUD,2,1,1,3.0,0.0,1.19,7.5,17.0
2017,2017-11-29,BOU,BUR,1,1,0,1.0,1.0,2.0,3.39,4.33
2017,2017-11-29,CHE,SWA,1,0,1,3.0,0.0,1.18,8.0,17.0
2017,2017-11-29,EVE,WHU,3,0,1,3.0,0.0,2.37,3.29,3.29
2017,2017-11-29,MANC,SOU,1,2,-1,0.0,3.0,1.19,8.0,15.0
2017,2017-11-29,STO,LIVP,1,2,-1,0.0,3.0,6.5,4.5,1.55
2017,2017-11-28,BHA,CRY,1,1,0,1.0,1.0,2.7,3.1,3.0
2017,2017-11-28,LEIC,TOT,2,3,-1,0.0,3.0,5.0,3.89,1.75
2017,2017-11-28,WAT,MANU,2,0,1,3.0,0.0,5.25,3.89,1.72
2017,2017-11-28,WBA,NEW,0,2,-1,0.0,3.0,2.37,3.1,3.5
2017,2017-11-26,BUR,ARS,1,0,1,3.0,0.0,6.5,4.5,1.53
2017,2017-11-26,HUD,MANC,1,0,1,3.0,0.0,17.0,8.0,1.18
2017,2017-11-26,SOU,EVE,0,3,-1,0.0,3.0,1.9,3.39,4.75
2017,2017-11-25,CRY,STO,1,0,1,3.0,0.0,2.04,3.5,4.0
2017,2017-11-25,LIVP,CHE,3,6,-1,0.0,3.0,2.14,3.6,3.5
2017,2017-11-25,MANU,BHA,3,2,1,3.0,0.0,1.19,7.0,19.0
2017,2017-11-25,NEW,WAT,5,0,1,3.0,0.0,2.2,3.5,3.5
2017,2017-11-25,SWA,BOU,3,1,1,3.0,0.0,2.79,3.25,2.79
2017,2017-11-25,TOT,WBA,0,0,0,1.0,1.0,1.25,6.0,16.0
2017,2017-11-24,WHU,LEIC,0,2,-1,0.0,3.0,2.7,3.39,2.75
2017,2017-11-20,BHA,STO,3,0,1,3.0,0.0,2.39,3.2,3.39
2017,2017-11-19,WAT,WHU,3,2,1,3.0,0.0,2.1,3.5,3.75
2017,2017-11-18,ARS,TOT,0,2,-1,0.0,3.0,2.5,3.6,2.89
2017,2017-11-18,BOU,HUD,0,0,0,1.0,1.0,1.83,3.5,5.25
2017,2017-11-18,BUR,SWA,1,3,-1,0.0,3.0,2.14,3.2,4.0
2017,2017-11-18,CRY,EVE,0,0,0,1.0,1.0,2.39,3.25,3.29
2017,2017-11-18,LEIC,MANC,2,2,0,1.0,1.0,9.5,5.75,1.33
2017,2017-11-18,LIVP,SOU,4,1,1,3.0,0.0,1.39,5.0,9.0
2017,2017-11-18,MANU,NEW,3,1,1,3.0,0.0,1.28,5.75,13.0
2017,2017-11-18,WBA,CHE,0,1,-1,0.0,3.0,6.5,4.0,1.61
2017,2017-11-05,CHE,MANU,1,2,-1,0.0,3.0,2.5,3.2,3.2
2017,2017-11-05,EVE,WAT,1,0,1,3.0,0.0,2.2,3.39,3.6
2017,2017-11-05,MANC,ARS,4,3,1,3.0,0.0,1.39,5.5,7.5
2017,2017-11-05,TOT,CRY,1,2,-1,0.0,3.0,1.28,6.0,12.0
2017,2017-11-04,HUD,WBA,5,0,1,3.0,0.0,2.79,3.0,3.0
2017,2017-11-04,NEW,BOU,2,0,1,3.0,0.0,2.0,3.5,4.2
2017,2017-11-04,SOU,BUR,2,0,1,3.0,0.0,1.66,3.75,6.5
2017,2017-11-04,STO,LEIC,2,0,1,3.0,0.0,2.7,3.29,2.87
2017,2017-11-04,SWA,BHA,1,2,-1,0.0,3.0,2.39,3.2,3.39
2017,2017-11-04,WHU,LIVP,0,3,-1,0.0,3.0,5.25,4.33,1.66
2017,2017-10-30,BUR,NEW,0,1,-1,0.0,3.0,2.89,3.2,2.7
2017,2017-10-29,BHA,SOU,2,0,1,3.0,0.0,3.29,3.2,2.45
2017,2017-10-29,LEIC,EVE,2,1,1,3.0,0.0,2.14,3.39,3.75
2017,2017-10-28,ARS,SWA,2,1,1,3.0,0.0,1.25,7.0,12.0
2017,2017-10-28,BOU,CHE,1,0,1,3.0,0.0,6.0,4.2,1.61
2017,2017-10-28,CRY,WHU,0,3,-1,0.0,3.0,2.39,3.29,3.29
2017,2017-10-28,LIVP,HUD,1,0,1,3.0,0.0,1.25,6.75,13.0
2017,2017-10-28,MANU,TOT,0,2,-1,0.0,3.0,2.14,3.39,3.79
2017,2017-10-28,WAT,STO,1,0,1,3.0,0.0,2.04,3.6,3.79
2017,2017-10-28,WBA,MANC,3,3,0,1.0,1.0,11.0,6.5,1.28
2017,2017-10-22,EVE,ARS,3,1,1,3.0,0.0,3.79,3.6,2.04
2017,2017-10-22,TOT,LIVP,1,0,1,3.0,0.0,2.25,3.5,3.39
2017,2017-10-21,CHE,WAT,1,1,0,1.0,1.0,1.36,5.25,10.0
2017,2017-10-21,HUD,MANU,0,1,-1,0.0,3.0,11.0,5.0,1.36
2017,2017-10-21,MANC,BUR,2,2,0,1.0,1.0,1.11,12.0,26.0
2017,2017-10-21,NEW,CRY,0,3,-1,0.0,3.0,2.0,3.5,4.2
2017,2017-10-21,SOU,WBA,1,1,0,1.0,1.0,1.85,3.39,5.25
2017,2017-10-21,STO,BOU,4,0,1,3.0,0.0,2.14,3.5,3.6
2017,2017-10-21,SWA,LEIC,3,2,1,3.0,0.0,2.79,3.25,2.75
2017,2017-10-20,WHU,BHA,5,1,1,3.0,0.0,1.83,3.5,5.25
2017,2017-10-16,LEIC,WBA,0,0,0,1.0,1.0,2.05,3.4,4.2
2017,2017-10-15,BHA,EVE,2,0,1,3.0,0.0,3.25,3.3,2.4
2017,2017-10-15,SOU,NEW,1,4,-1,0.0,3.0,1.91,3.6,4.5
2017,2017-10-14,BUR,WHU,1,0,1,3.0,0.0,2.75,3.25,2.8
2017,2017-10-14,CRY,CHE,2,0,1,3.0,0.0,9.0,5.0,1.4
2017,2017-10-14,LIVP,MANU,1,0,1,3.0,0.0,2.8,3.25,2.8
2017,2017-10-14,MANC,STO,1,0,1,3.0,0.0,1.14,9.5,21.0
2017,2017-10-14,SWA,HUD,2,1,1,3.0,0.0,2.2,3.25,3.75
2017,2017-10-14,TOT,BOU,1,5,-1,0.0,3.0,1.2,8.0,15.0
2017,2017-10-14,WAT,ARS,3,1,1,3.0,0.0,5.25,4.33,1.65
2017,2017-10-01,ARS,BHA,4,0,1,3.0,0.0,1.2,6.5,13.0
2017,2017-10-01,EVE,BUR,2,3,-1,0.0,3.0,1.67,3.6,5.75
2017,2017-10-01,NEW,LIVP,2,0,1,3.0,0.0,5.0,3.8,1.67
2017,2017-09-30,BOU,LEIC,3,0,1,3.0,0.0,2.8,3.25,2.5
2017,2017-09-30,CHE,MANC,0,2,-1,0.0,3.0,2.75,3.3,2.5
2017,2017-09-30,HUD,TOT,0,0,0,1.0,1.0,8.5,4.75,1.36
2017,2017-09-30,MANU,CRY,1,1,0,1.0,1.0,1.17,7.0,15.0
2017,2017-09-30,STO,SOU,1,2,-1,0.0,3.0,2.88,3.2,2.45
2017,2017-09-30,WBA,WAT,2,2,0,1.0,1.0,2.15,3.2,3.5
2017,2017-09-30,WHU,SWA,0,0,0,1.0,1.0,1.8,3.5,4.5
2017,2017-09-25,ARS,WBA,5,1,1,3.0,0.0,1.33,5.5,11.0
2017,2017-09-24,BHA,NEW,0,4,-1,0.0,3.0,2.8,3.1,2.9
2017,2017-09-23,BUR,HUD,1,1,0,1.0,1.0,2.15,3.25,3.9
2017,2017-09-23,EVE,BOU,0,1,-1,0.0,3.0,1.65,4.0,5.75
2017,2017-09-23,LEIC,LIVP,0,1,-1,0.0,3.0,4.1,3.9,1.91
2017,2017-09-23,MANC,CRY,2,1,1,3.0,0.0,1.14,10.0,21.0
2017,2017-09-23,SOU,MANU,0,0,0,1.0,1.0,5.5,3.8,1.73
2017,2017-09-23,STO,CHE,3,3,0,1.0,1.0,6.0,4.1,1.62
2017,2017-09-23,SWA,WAT,0,1,-1,0.0,3.0,2.4,3.3,3.25
2017,2017-09-23,WHU,TOT,2,2,0,1.0,1.0,6.0,4.33,1.6
2017,2017-09-17,CHE,ARS,4,2,1,3.0,0.0,1.8,4.0,4.5
2017,2017-09-17,MANU,EVE,0,2,-1,0.0,3.0,1.36,5.25,10.0
2017,2017-09-16,CRY,SOU,3,0,1,3.0,0.0,3.0,3.3,2.6
2017,2017-09-16,HUD,LEIC,1,0,1,3.0,0.0,3.5,3.4,2.25
2017,2017-09-16,LIVP,BUR,1,3,-1,0.0,3.0,1.29,6.0,13.0
2017,2017-09-16,NEW,STO,0,2,-1,0.0,3.0,2.38,3.25,3.4
2017,2017-09-16,TOT,SWA,0,0,0,1.0,1.0,1.22,7.0,15.0
2017,2017-09-16,WAT,MANC,2,0,1,3.0,0.0,9.0,6.0,1.33
2017,2017-09-16,WBA,WHU,2,0,1,3.0,0.0,2.38,3.25,3.4
2017,2017-09-15,BOU,BHA,2,4,-1,0.0,3.0,2.15,3.4,3.8
2017,2017-09-11,WHU,HUD,1,0,1,3.0,0.0,1.95,3.5,4.5
2017,2017-09-10,BUR,CRY,3,0,1,3.0,0.0,2.3,3.25,3.5
2017,2017-09-10,SWA,NEW,0,3,-1,0.0,3.0,2.4,3.25,3.3
2017,2017-09-09,ARS,BOU,0,1,-1,0.0,3.0,1.36,5.5,9.0
2017,2017-09-09,BHA,WBA,1,2,-1,0.0,3.0,2.7,3.1,3.0
2017,2017-09-09,EVE,TOT,2,1,1,3.0,0.0,3.8,3.5,2.1
2017,2017-09-09,LEIC,CHE,1,0,1,3.0,0.0,4.75,3.9,1.8
2017,2017-09-09,MANC,LIVP,0,2,-1,0.0,3.0,1.85,4.0,4.2
2017,2017-09-09,SOU,WAT,3,2,1,3.0,0.0,1.65,4.0,6.0
2017,2017-09-09,STO,MANU,2,1,1,3.0,0.0,7.5,4.5,1.5
2017,2017-08-27,CHE,EVE,2,1,1,3.0,0.0,1.45,4.5,8.5
2017,2017-08-27,LIVP,ARS,0,1,-1,0.0,3.0,2.15,3.7,3.5
2017,2017-08-27,TOT,BUR,0,1,-1,0.0,3.0,1.25,6.5,15.0
2017,2017-08-27,WBA,STO,2,1,1,3.0,0.0,2.4,3.1,3.5
2017,2017-08-26,BOU,MANC,2,4,-1,0.0,3.0,11.0,6.0,1.3
2017,2017-08-26,CRY,SWA,4,2,1,3.0,0.0,1.95,3.5,4.33
2017,2017-08-26,HUD,SOU,3,1,1,3.0,0.0,3.9,3.4,2.1
2017,2017-08-26,MANU,LEIC,2,1,1,3.0,0.0,1.33,5.5,11.0
2017,2017-08-26,NEW,WHU,5,1,1,3.0,0.0,2.3,3.4,3.4
2017,2017-08-26,WAT,BHA,1,2,-1,0.0,3.0,1.91,3.4,4.0
2017,2017-08-21,MANC,EVE,2,0,1,3.0,0.0,1.33,5.75,10.0
2017,2017-08-20,HUD,NEW,2,1,1,3.0,0.0,2.5,3.25,3.2
2017,2017-08-20,TOT,CHE,2,3,-1,0.0,3.0,2.1,3.6,3.75
2017,2017-08-19,BOU,WAT,2,3,-1,0.0,3.0,2.0,3.6,4.0
2017,2017-08-19,BUR,WBA,1,0,1,3.0,0.0,2.63,3.2,3.0
2017,2017-08-19,LEIC,BHA,1,1,0,1.0,1.0,1.73,3.8,5.5
2017,2017-08-19,LIVP,CRY,3,1,1,3.0,0.0,1.36,5.25,9.5
2017,2017-08-19,SOU,WHU,1,1,0,1.0,1.0,1.75,3.8,5.25
2017,2017-08-19,STO,ARS,5,0,1,3.0,0.0,4.5,3.8,1.85
2017,2017-08-19,SWA,MANU,0,1,-1,0.0,3.0,11.0,5.0,1.36
2017,2017-08-13,MANU,WHU,2,1,1,3.0,0.0,1.3,5.75,12.0
2017,2017-08-13,NEW,TOT,0,1,-1,0.0,3.0,5.5,4.0,1.7
2017,2017-08-12,BHA,MANC,0,0,0,1.0,1.0,11.0,5.5,1.33
2017,2017-08-12,CHE,BUR,1,0,1,3.0,0.0,1.25,6.5,15.0
2017,2017-08-12,CRY,HUD,1,2,-1,0.0,3.0,1.83,3.6,5.0
2017,2017-08-12,EVE,STO,0,1,-1,0.0,3.0,1.7,3.8,5.75
2017,2017-08-12,SOU,SWA,1,0,1,3.0,0.0,1.62,4.0,6.5
2017,2017-08-12,WAT,LIVP,2,0,1,3.0,0.0,6.0,4.2,1.62
2017,2017-08-12,WBA,BOU,4,1,1,3.0,0.0,2.4,3.3,3.3
2017,2017-08-11,ARS,LEIC,1,3,-1,0.0,3.0,1.53,4.5,6.5
2016,2017-05-21,ARS,EVE,1,0,1,3.0,0.0,1.45,5.0,7.5
2016,2017-05-21,BUR,WHU,1,1,0,1.0,1.0,2.45,3.5,3.0
2016,2017-05-21,CHE,SUN,2,1,1,3.0,0.0,1.14,9.0,23.0
2016,2017-05-21,HUL,TOT,4,4,0,1.0,1.0,7.0,4.75,1.5
2016,2017-05-21,LEIC,BOU,0,3,-1,0.0,3.0,2.0,3.6,4.0
2016,2017-05-21,LIVP,MID,0,4,-1,0.0,3.0,1.14,9.0,23.0
2016,2017-05-21,MANU,CRY,1,0,1,3.0,0.0,2.5,3.3,3.1
2016,2017-05-21,SOU,STO,1,0,1,3.0,0.0,1.8,3.8,4.75
2016,2017-05-21,SWA,WBA,3,0,1,3.0,0.0,2.1,3.5,3.75
2016,2017-05-21,WAT,MANC,1,3,-1,0.0,3.0,11.0,6.0,1.3
2016,2017-05-18,LEIC,TOT,2,1,1,3.0,0.0,4.5,3.8,1.85
2016,2017-05-17,SOU,MANU,6,0,1,3.0,0.0,2.75,3.3,2.8
2016,2017-05-16,ARS,SUN,1,0,1,3.0,0.0,1.09,13.0,29.0
2016,2017-05-16,MANC,WBA,0,0,0,1.0,1.0,1.14,9.0,23.0
2016,2017-05-15,CHE,WAT,2,0,1,3.0,0.0,1.25,6.75,13.0
2016,2017-05-14,CRY,HUL,2,2,0,1.0,1.0,2.1,3.6,3.75
2016,2017-05-14,TOT,MANU,1,1,0,1.0,1.0,1.73,3.9,5.25
2016,2017-05-14,WHU,LIVP,0,2,-1,0.0,3.0,5.25,4.0,1.7
2016,2017-05-13,BOU,BUR,1,2,-1,0.0,3.0,1.91,3.75,4.2
2016,2017-05-13,MANC,LEIC,1,2,-1,0.0,3.0,1.25,7.0,12.0
2016,2017-05-13,MID,SOU,1,1,0,1.0,1.0,4.0,3.6,2.0
2016,2017-05-13,STO,ARS,1,1,0,1.0,1.0,4.75,4.1,1.75
2016,2017-05-13,SUN,SWA,1,2,-1,0.0,3.0,4.2,3.8,1.91
2016,2017-05-12,EVE,WAT,0,3,-1,0.0,3.0,1.5,4.5,7.5
2016,2017-05-12,WBA,CHE,4,0,1,3.0,0.0,10.0,5.25,1.36
2016,2017-05-10,SOU,ARS,0,1,-1,0.0,3.0,3.6,3.8,2.05
2016,2017-05-08,CHE,MID,0,0,0,1.0,1.0,1.17,9.0,19.0
2016,2017-05-07,ARS,MANU,1,1,0,1.0,1.0,1.91,3.7,4.33
2016,2017-05-07,LIVP,SOU,0,3,-1,0.0,3.0,1.62,4.2,6.0
2016,2017-05-06,BOU,STO,0,0,0,1.0,1.0,2.25,3.6,3.3
2016,2017-05-06,BUR,WBA,0,3,-1,0.0,3.0,2.25,3.3,3.6
2016,2017-05-06,HUL,SUN,3,0,1,3.0,0.0,1.44,4.75,8.0
2016,2017-05-06,LEIC,WAT,2,0,1,3.0,0.0,1.57,4.2,6.5
2016,2017-05-06,MANC,CRY,0,0,0,1.0,1.0,1.29,6.5,11.0
2016,2017-05-06,SWA,EVE,3,1,1,3.0,0.0,2.8,3.5,2.63
2016,2017-05-05,WHU,TOT,2,0,1,3.0,0.0,8.5,5.25,1.4
2016,2017-05-01,WAT,LIVP,3,4,-1,0.0,3.0,5.75,4.5,1.5
2016,2017-04-30,EVE,CHE,1,1,0,1.0,1.0,3.5,3.6,2.0
2016,2017-04-30,MANU,SWA,2,4,-1,0.0,3.0,1.36,4.75,8.0
2016,2017-04-30,MID,MANC,1,0,1,3.0,0.0,13.0,5.25,1.25
2016,2017-04-30,TOT,ARS,1,1,0,1.0,1.0,1.85,3.75,4.0
2016,2017-04-29,CRY,BUR,1,0,1,3.0,0.0,1.75,3.5,4.75
2016,2017-04-29,SOU,HUL,3,3,0,1.0,1.0,1.6,3.75,5.75
2016,2017-04-29,STO,WHU,1,1,0,1.0,1.0,2.0,3.5,3.6
2016,2017-04-29,SUN,BOU,1,1,0,1.0,1.0,3.0,3.4,2.3
2016,2017-04-29,WBA,LEIC,0,1,-1,0.0,3.0,2.4,3.5,2.75
2016,2017-04-27,MANC,MANU,1,7,-1,0.0,3.0,1.91,3.75,4.2
2016,2017-04-26,ARS,LEIC,0,0,0,1.0,1.0,1.6,4.5,5.75
2016,2017-04-26,CRY,TOT,1,2,-1,0.0,3.0,5.5,4.2,1.65
2016,2017-04-26,MID,SUN,1,0,1,3.0,0.0,2.3,3.4,3.4
2016,2017-04-25,CHE,SOU,1,0,1,3.0,0.0,1.45,4.6,8.5
2016,2017-04-23,BUR,MANU,2,2,0,1.0,1.0,5.75,4.0,1.67
2016,2017-04-23,LIVP,CRY,1,1,0,1.0,1.0,1.5,4.75,7.0
2016,2017-04-22,BOU,MID,0,1,-1,0.0,3.0,1.85,3.75,4.5
2016,2017-04-22,HUL,WAT,4,1,1,3.0,0.0,1.91,3.7,4.33
2016,2017-04-22,SWA,STO,3,1,1,3.0,0.0,2.2,3.4,3.6
2016,2017-04-22,WHU,EVE,2,0,1,3.0,0.0,3.3,3.6,2.25
2016,2017-04-17,MID,ARS,4,0,1,3.0,0.0,7.0,4.0,1.5
2016,2017-04-16,MANU,CHE,0,0,0,1.0,1.0,2.55,3.2,2.8
2016,2017-04-16,WBA,LIVP,2,1,1,3.0,0.0,4.0,3.8,1.8
2016,2017-04-15,CRY,LEIC,2,0,1,3.0,0.0,1.73,3.6,4.75
2016,2017-04-15,EVE,BUR,2,0,1,3.0,0.0,1.4,4.5,8.0
2016,2017-04-15,SOU,MANC,2,0,1,3.0,0.0,4.33,4.0,1.73
2016,2017-04-15,STO,HUL,1,1,0,1.0,1.0,1.95,3.3,4.0
2016,2017-04-15,SUN,WHU,1,2,-1,0.0,3.0,3.3,3.25,2.2
2016,2017-04-15,TOT,BOU,6,1,1,3.0,0.0,1.25,6.0,10.0
2016,2017-04-15,WAT,SWA,1,0,1,3.0,0.0,2.4,3.3,2.9
2016,2017-04-10,CRY,ARS,2,1,1,3.0,0.0,4.5,3.9,1.83
2016,2017-04-09,EVE,LEIC,3,1,1,3.0,0.0,1.75,3.9,5.0
2016,2017-04-09,SUN,MANU,1,4,-1,0.0,3.0,10.0,5.25,1.36
2016,2017-04-08,BOU,CHE,0,2,-1,0.0,3.0,6.5,4.0,1.6
2016,2017-04-08,MANC,HUL,1,0,1,3.0,0.0,1.2,7.5,17.0
2016,2017-04-08,MID,BUR,0,1,-1,0.0,3.0,2.45,3.1,3.4
2016,2017-04-08,STO,LIVP,0,2,-1,0.0,3.0,4.0,3.75,1.95
2016,2017-04-08,TOT,WAT,1,0,1,3.0,0.0,1.25,6.5,15.0
2016,2017-04-08,WBA,SOU,2,0,1,3.0,0.0,3.0,3.3,2.55
2016,2017-04-08,WHU,SWA,0,1,-1,0.0,3.0,2.1,3.6,3.7
2016,2017-04-05,ARS,WHU,1,1,0,1.0,1.0,1.4,5.25,8.0
2016,2017-04-05,CHE,MANC,1,1,0,1.0,1.0,2.4,3.5,3.1
2016,2017-04-05,HUL,MID,3,1,1,3.0,0.0,2.05,3.3,4.2
2016,2017-04-05,LIVP,BOU,3,0,1,3.0,0.0,1.36,5.25,9.5
2016,2017-04-05,SOU,CRY,1,1,0,1.0,1.0,1.83,3.7,4.75
2016,2017-04-05,SWA,TOT,1,0,1,3.0,0.0,5.0,4.0,1.73
2016,2017-04-04,BUR,STO,0,0,0,1.0,1.0,2.5,3.1,3.3
2016,2017-04-04,LEIC,SUN,1,1,0,1.0,1.0,1.45,4.5,8.5
2016,2017-04-04,MANU,EVE,1,0,1,3.0,0.0,1.57,4.2,6.5
2016,2017-04-04,WAT,WBA,2,1,1,3.0,0.0,2.5,3.2,3.2
2016,2017-04-02,ARS,MANC,0,0,0,1.0,1.0,3.1,3.75,2.3
2016,2017-04-02,SWA,MID,2,1,1,3.0,0.0,2.0,3.4,4.33
2016,2017-04-01,BUR,TOT,3,0,1,3.0,0.0,5.75,3.8,1.7
2016,2017-04-01,CHE,CRY,2,1,1,3.0,0.0,1.3,5.75,12.0
2016,2017-04-01,HUL,WHU,3,2,1,3.0,0.0,2.45,3.4,3.1
2016,2017-04-01,LEIC,STO,0,4,-1,0.0,3.0,2.05,3.5,4.0
2016,2017-04-01,LIVP,EVE,1,4,-1,0.0,3.0,1.73,3.9,5.25
2016,2017-04-01,MANU,WBA,1,1,0,1.0,1.0,1.36,5.0,11.0
2016,2017-04-01,SOU,BOU,2,0,1,3.0,0.0,1.65,4.0,6.0
2016,2017-04-01,WAT,SUN,2,0,1,3.0,0.0,1.85,3.6,4.75
2016,2017-03-19,MANC,LIVP,0,0,0,1.0,1.0,2.0,3.75,3.8
2016,2017-03-19,MID,MANU,4,4,0,1.0,1.0,6.0,3.7,1.7
2016,2017-03-19,TOT,SOU,1,1,0,1.0,1.0,1.73,3.8,5.5
2016,2017-03-18,BOU,SWA,0,1,-1,0.0,3.0,2.15,3.5,3.6
2016,2017-03-18,CRY,WAT,5,2,1,3.0,0.0,1.91,3.5,4.75
2016,2017-03-18,EVE,HUL,2,0,1,3.0,0.0,1.53,4.33,7.0
2016,2017-03-18,STO,CHE,2,4,-1,0.0,3.0,6.5,4.0,1.62
2016,2017-03-18,SUN,BUR,5,1,1,3.0,0.0,2.55,3.3,3.0
2016,2017-03-18,WBA,ARS,0,4,-1,0.0,3.0,5.25,4.0,1.73
2016,2017-03-18,WHU,LEIC,2,0,1,3.0,0.0,2.3,3.5,3.3
2016,2017-03-12,LIVP,BUR,0,1,-1,0.0,3.0,1.25,6.5,14.0
2016,2017-03-11,BOU,WHU,3,4,-1,0.0,3.0,2.6,3.5,2.8
2016,2017-03-11,EVE,WBA,4,1,1,3.0,0.0,1.67,3.8,6.0
2016,2017-03-11,HUL,SWA,5,0,1,3.0,0.0,2.55,3.3,3.0
2016,2017-03-08,MANC,STO,0,0,0,1.0,1.0,1.25,6.5,15.0
2016,2017-03-06,WHU,CHE,3,3,0,1.0,1.0,6.0,4.1,1.62
2016,2017-03-05,SUN,MANC,3,4,-1,0.0,3.0,11.0,6.5,1.29
2016,2017-03-05,TOT,EVE,2,2,0,1.0,1.0,1.67,4.2,5.25
2016,2017-03-04,LEIC,HUL,1,2,-1,0.0,3.0,1.85,3.6,4.75
2016,2017-03-04,LIVP,ARS,2,1,1,3.0,0.0,2.15,3.6,3.6
2016,2017-03-04,MANU,BOU,0,0,0,1.0,1.0,1.25,6.5,15.0
2016,2017-03-04,STO,MID,3,1,1,3.0,0.0,1.95,3.4,4.5
2016,2017-03-04,SWA,BUR,1,4,-1,0.0,3.0,2.0,3.5,4.2
2016,2017-03-04,WAT,SOU,1,0,1,3.0,0.0,3.6,3.4,2.2
2016,2017-03-04,WBA,CRY,3,1,1,3.0,0.0,2.2,3.3,3.8
2016,2017-02-27,LEIC,LIVP,1,2,-1,0.0,3.0,5.5,4.2,1.65
2016,2017-02-26,TOT,STO,1,0,1,3.0,0.0,1.44,5.0,7.5
2016,2017-02-25,CHE,SWA,0,3,-1,0.0,3.0,1.25,6.5,15.0
2016,2017-02-25,CRY,MID,1,2,-1,0.0,3.0,2.1,3.2,4.2
2016,2017-02-25,EVE,SUN,2,0,1,3.0,0.0,1.4,5.25,8.5
2016,2017-02-25,HUL,BUR,1,1,0,1.0,1.0,2.15,3.3,3.9
2016,2017-02-25,WAT,WHU,2,1,1,3.0,0.0,2.63,3.3,2.9
2016,2017-02-25,WBA,BOU,2,2,0,1.0,1.0,2.1,3.4,4.0
2016,2017-02-13,BOU,MANC,1,3,-1,0.0,3.0,7.5,5.0,1.44
2016,2017-02-12,BUR,CHE,1,1,0,1.0,1.0,9.0,5.0,1.4
2016,2017-02-12,SWA,LEIC,0,0,0,1.0,1.0,2.4,3.3,3.25
2016,2017-02-11,ARS,HUL,2,1,1,3.0,0.0,1.29,6.0,13.0
2016,2017-02-11,LIVP,TOT,3,1,1,3.0,0.0,2.3,3.4,3.4
2016,2017-02-11,MANU,WAT,2,1,1,3.0,0.0,1.25,6.5,14.0
2016,2017-02-11,MID,EVE,3,4,-1,0.0,3.0,3.9,3.3,2.15
2016,2017-02-11,STO,CRY,1,1,0,1.0,1.0,2.15,3.3,3.9
2016,2017-02-11,SUN,SOU,3,0,1,3.0,0.0,3.9,3.4,2.1
2016,2017-02-11,WHU,WBA,1,4,-1,0.0,3.0,2.25,3.3,3.6
2016,2017-02-05,LEIC,MANU,1,4,-1,0.0,3.0,5.75,4.0,1.65
2016,2017-02-05,MANC,SWA,1,1,0,1.0,1.0,1.22,7.0,15.0
2016,2017-02-04,CHE,ARS,1,1,0,1.0,1.0,1.95,3.6,4.2
2016,2017-02-04,CRY,SUN,4,2,1,3.0,0.0,1.7,3.9,5.5
2016,2017-02-04,EVE,BOU,4,0,1,3.0,0.0,1.7,4.0,5.25
2016,2017-02-04,HUL,LIVP,6,2,1,3.0,0.0,8.0,4.75,1.45
2016,2017-02-04,SOU,WHU,0,1,-1,0.0,3.0,1.85,3.75,4.5
2016,2017-02-04,TOT,MID,1,0,1,3.0,0.0,1.29,6.0,13.0
2016,2017-02-04,WAT,BUR,4,4,0,1.0,1.0,2.15,3.3,3.9
2016,2017-02-04,WBA,STO,0,0,0,1.0,1.0,2.3,3.25,3.5
2016,2017-02-01,MANU,HUL,1,2,-1,0.0,3.0,1.2,7.5,17.0
2016,2017-02-01,STO,EVE,2,1,1,3.0,0.0,2.88,3.4,2.63
2016,2017-02-01,WHU,MANC,2,4,-1,0.0,3.0,6.0,4.5,1.57
2016,2017-01-31,ARS,WAT,1,0,1,3.0,0.0,1.22,7.0,15.0
2016,2017-01-31,BOU,CRY,2,4,-1,0.0,3.0,2.05,3.5,3.9
2016,2017-01-31,BUR,LEIC,2,3,-1,0.0,3.0,2.9,3.25,2.7
2016,2017-01-31,LIVP,CHE,3,0,1,3.0,0.0,2.65,3.25,2.9
2016,2017-01-31,MID,WBA,2,3,-1,0.0,3.0,2.7,3.1,3.0
2016,2017-01-31,SUN,TOT,0,1,-1,0.0,3.0,9.5,5.25,1.36
2016,2017-01-31,SWA,SOU,1,2,-1,0.0,3.0,3.4,3.4,2.3
2016,2017-01-22,ARS,BUR,1,1,0,1.0,1.0,1.2,7.5,17.0
2016,2017-01-22,CHE,HUL,2,1,1,3.0,0.0,1.18,8.0,19.0
2016,2017-01-22,SOU,LEIC,0,0,0,1.0,1.0,1.83,3.5,5.25
2016,2017-01-21,BOU,WAT,3,4,-1,0.0,3.0,1.83,3.75,4.75
2016,2017-01-21,CRY,EVE,2,0,1,3.0,0.0,3.25,3.4,2.38
2016,2017-01-21,LIVP,SWA,2,1,1,3.0,0.0,1.22,7.0,15.0
2016,2017-01-21,MANC,TOT,1,0,1,3.0,0.0,2.15,3.5,3.6
2016,2017-01-21,MID,WHU,0,0,0,1.0,1.0,2.5,3.2,3.25
2016,2017-01-21,STO,MANU,2,0,1,3.0,0.0,6.0,4.2,1.6
2016,2017-01-21,WBA,SUN,1,1,0,1.0,1.0,1.7,3.8,5.75
2016,2017-01-15,EVE,MANC,2,1,1,3.0,0.0,4.5,4.0,1.8
2016,2017-01-15,MANU,LIVP,1,0,1,3.0,0.0,2.15,3.4,3.75
2016,2017-01-14,BUR,SOU,0,1,-1,0.0,3.0,3.6,3.4,2.2
2016,2017-01-14,HUL,BOU,1,1,0,1.0,1.0,3.3,3.5,2.3
2016,2017-01-14,LEIC,CHE,1,0,1,3.0,0.0,6.0,4.1,1.62
2016,2017-01-14,SUN,STO,0,1,-1,0.0,3.0,3.1,3.3,2.5
2016,2017-01-14,SWA,ARS,1,1,0,1.0,1.0,7.0,4.75,1.5
2016,2017-01-14,TOT,WBA,0,2,-1,0.0,3.0,1.33,5.5,11.0
2016,2017-01-14,WAT,MID,1,1,0,1.0,1.0,2.5,3.2,3.2
2016,2017-01-14,WHU,CRY,1,1,0,1.0,1.0,2.38,3.4,3.2
2016,2017-01-04,TOT,CHE,3,0,1,3.0,0.0,2.63,3.25,2.63
2016,2017-01-03,BOU,ARS,0,0,0,1.0,1.0,4.33,3.4,1.85
2016,2017-01-03,CRY,SWA,6,3,1,3.0,0.0,1.75,3.5,4.75
2016,2017-01-03,STO,WAT,2,1,1,3.0,0.0,1.8,3.5,4.5
2016,2017-01-02,EVE,SOU,0,2,-1,0.0,3.0,2.2,3.4,3.6
2016,2017-01-02,MANC,BUR,0,0,0,1.0,1.0,1.17,8.5,19.0
2016,2017-01-02,MID,LEIC,3,0,1,3.0,0.0,2.75,3.2,2.88
2016,2017-01-02,SUN,LIVP,3,2,1,3.0,0.0,11.0,5.5,1.33
2016,2017-01-02,WBA,HUL,3,2,1,3.0,0.0,1.75,3.7,5.5
2016,2017-01-02,WHU,MANU,1,1,0,1.0,1.0,6.0,4.0,1.65
2016,2017-01-01,ARS,CRY,3,2,1,3.0,0.0,1.29,5.5,9.5
2016,2017-01-01,WAT,TOT,3,4,-1,0.0,3.0,5.5,3.75,1.62
2016,2016-12-31,BUR,SUN,2,3,-1,0.0,3.0,2.4,3.25,3.3
2016,2016-12-31,CHE,STO,1,4,-1,0.0,3.0,1.25,6.5,14.0
2016,2016-12-31,LEIC,WHU,3,0,1,3.0,0.0,2.1,3.6,3.7
2016,2016-12-31,LIVP,MANC,2,1,1,3.0,0.0,2.35,3.6,3.1
2016,2016-12-31,MANU,MID,3,0,1,3.0,0.0,1.25,6.0,16.0
2016,2016-12-31,SOU,WBA,1,1,0,1.0,1.0,1.75,3.7,5.5
2016,2016-12-31,SWA,BOU,1,5,-1,0.0,3.0,2.9,3.4,2.6
2016,2016-12-30,HUL,EVE,2,1,1,3.0,0.0,4.33,3.5,1.95
2016,2016-12-28,SOU,TOT,3,0,1,3.0,0.0,2.8,3.25,2.6
2016,2016-12-27,LIVP,STO,1,0,1,3.0,0.0,1.3,5.5,10.0
2016,2016-12-26,ARS,WBA,4,3,1,3.0,0.0,1.33,5.5,8.5
2016,2016-12-26,BUR,MID,2,0,1,3.0,0.0,2.9,3.1,2.6
2016,2016-12-26,CHE,BOU,1,1,0,1.0,1.0,1.36,5.0,8.5
2016,2016-12-26,HUL,MANC,2,0,1,3.0,0.0,10.0,5.5,1.3
2016,2016-12-26,LEIC,EVE,0,3,-1,0.0,3.0,2.5,3.3,2.9
2016,2016-12-26,MANU,SUN,2,0,1,3.0,0.0,1.22,6.5,13.0
2016,2016-12-26,SWA,WHU,5,1,1,3.0,0.0,2.63,3.2,2.8
2016,2016-12-26,WAT,CRY,2,0,1,3.0,0.0,2.5,3.3,2.9
2016,2016-12-19,EVE,LIVP,4,0,1,3.0,0.0,4.2,3.6,1.95
2016,2016-12-18,BOU,SOU,4,2,1,3.0,0.0,3.0,3.3,2.6
2016,2016-12-18,MANC,ARS,1,0,1,3.0,0.0,2.15,3.6,3.5
2016,2016-12-18,TOT,BUR,3,0,1,3.0,0.0,1.22,7.0,15.0
2016,2016-12-17,CRY,CHE,0,2,-1,0.0,3.0,6.5,4.2,1.57
2016,2016-12-17,MID,SWA,0,1,-1,0.0,3.0,2.1,3.4,4.0
2016,2016-12-17,STO,LEIC,2,0,1,3.0,0.0,2.6,3.4,2.9
2016,2016-12-17,SUN,WAT,1,0,1,3.0,0.0,2.63,3.3,2.9
2016,2016-12-17,WBA,MANU,4,0,1,3.0,0.0,5.75,3.8,1.7
2016,2016-12-17,WHU,HUL,2,2,0,1.0,1.0,1.62,4.1,6.0
2016,2016-12-14,CRY,MANU,3,0,1,3.0,0.0,5.25,4.0,1.7
2016,2016-12-14,MANC,WAT,0,1,-1,0.0,3.0,1.29,6.5,11.0
2016,2016-12-14,MID,LIVP,2,2,0,1.0,1.0,6.0,4.33,1.6
2016,2016-12-14,STO,SOU,0,2,-1,0.0,3.0,3.1,3.3,2.5
2016,2016-12-14,SUN,CHE,0,1,-1,0.0,3.0,10.0,5.75,1.33
2016,2016-12-14,TOT,HUL,2,0,1,3.0,0.0,1.22,7.0,15.0
2016,2016-12-14,WBA,SWA,4,1,1,3.0,0.0,2.05,3.5,4.0
2016,2016-12-14,WHU,BUR,1,0,1,3.0,0.0,1.67,4.0,5.75
2016,2016-12-13,BOU,LEIC,3,2,1,3.0,0.0,2.4,3.4,3.2
2016,2016-12-13,EVE,ARS,0,0,0,1.0,1.0,4.2,3.75,1.91
2016,2016-12-11,CHE,WBA,2,1,1,3.0,0.0,1.25,6.25,15.0
2016,2016-12-11,LIVP,WHU,1,1,0,1.0,1.0,1.3,6.0,11.0
2016,2016-12-11,MANU,TOT,1,0,1,3.0,0.0,2.2,3.4,3.6
2016,2016-12-11,SOU,MID,1,0,1,3.0,0.0,1.7,3.7,6.0
2016,2016-12-10,ARS,STO,0,4,-1,0.0,3.0,1.35,5.5,9.5
2016,2016-12-10,BUR,BOU,0,0,0,1.0,1.0,3.5,3.5,2.2
2016,2016-12-10,HUL,CRY,3,4,-1,0.0,3.0,3.5,3.3,2.3
2016,2016-12-10,LEIC,MANC,3,0,1,3.0,0.0,5.25,4.0,1.7
2016,2016-12-10,SWA,SUN,2,2,0,1.0,1.0,2.15,3.5,3.6
2016,2016-12-10,WAT,EVE,3,0,1,3.0,0.0,3.1,3.4,2.45
2016,2016-12-05,MID,HUL,1,0,1,3.0,0.0,1.83,3.5,5.25
2016,2016-12-04,BOU,LIVP,2,0,1,3.0,0.0,5.0,4.0,1.75
2016,2016-12-04,EVE,MANU,1,1,0,1.0,1.0,3.6,3.5,2.15
2016,2016-12-03,CRY,SOU,3,3,0,1.0,1.0,3.5,3.3,2.3
2016,2016-12-03,MANC,CHE,2,0,1,3.0,0.0,2.15,3.6,3.6
2016,2016-12-03,STO,BUR,3,0,1,3.0,0.0,1.62,4.0,6.5
2016,2016-12-03,SUN,LEIC,0,1,-1,0.0,3.0,3.4,3.4,2.3
2016,2016-12-03,TOT,SWA,2,0,1,3.0,0.0,1.36,5.5,9.0
2016,2016-12-03,WBA,WAT,1,0,1,3.0,0.0,2.2,3.3,3.75
2016,2016-12-03,WHU,ARS,2,2,0,1.0,1.0,4.75,4.2,1.75
2016,2016-11-27,ARS,BOU,1,1,0,1.0,1.0,1.4,5.0,9.0
2016,2016-11-27,MANU,WHU,3,1,1,3.0,0.0,1.45,4.75,8.0
2016,2016-11-27,SOU,EVE,1,1,0,1.0,1.0,2.2,3.4,3.6
2016,2016-11-27,WAT,STO,2,2,0,1.0,1.0,2.4,3.3,3.3
2016,2016-11-26,BUR,MANC,0,2,-1,0.0,3.0,9.0,6.0,1.33
2016,2016-11-26,CHE,TOT,1,3,-1,0.0,3.0,1.75,3.8,5.25
2016,2016-11-26,HUL,WBA,1,1,0,1.0,1.0,3.1,3.2,2.6
2016,2016-11-26,LEIC,MID,0,1,-1,0.0,3.0,1.91,3.6,4.5
2016,2016-11-26,LIVP,SUN,1,3,-1,0.0,3.0,1.17,8.5,19.0
2016,2016-11-26,SWA,CRY,3,1,1,3.0,0.0,2.63,3.4,2.88
2016,2016-11-21,WBA,BUR,3,2,1,3.0,0.0,1.95,3.4,4.5
2016,2016-11-20,MID,CHE,4,1,1,3.0,0.0,7.0,4.0,1.57
2016,2016-11-19,CRY,MANC,0,4,-1,0.0,3.0,6.5,4.5,1.53
2016,2016-11-19,EVE,SWA,2,1,1,3.0,0.0,1.6,4.33,6.0
2016,2016-11-19,MANU,ARS,1,0,1,3.0,0.0,2.6,3.4,2.9
2016,2016-11-19,SOU,LIVP,0,0,0,1.0,1.0,3.4,3.6,2.2
2016,2016-11-19,STO,BOU,2,1,1,3.0,0.0,2.3,3.4,3.4
2016,2016-11-19,SUN,HUL,2,0,1,3.0,0.0,2.15,3.4,3.8
2016,2016-11-19,TOT,WHU,0,1,-1,0.0,3.0,1.5,4.5,7.5
2016,2016-11-19,WAT,LEIC,0,3,-1,0.0,3.0,2.8,3.3,2.75
2016,2016-11-06,ARS,TOT,1,1,0,1.0,1.0,1.95,3.6,4.2
2016,2016-11-06,HUL,SOU,2,1,1,3.0,0.0,5.75,3.8,1.7
2016,2016-11-06,LEIC,WBA,0,2,-1,0.0,3.0,1.8,3.6,5.25
2016,2016-11-06,LIVP,WAT,0,1,-1,0.0,3.0,1.29,6.0,12.0
2016,2016-11-06,SWA,MANU,1,1,0,1.0,1.0,5.0,4.0,1.73
2016,2016-11-05,BOU,SUN,2,2,0,1.0,1.0,1.65,4.2,5.5
2016,2016-11-05,BUR,CRY,1,0,1,3.0,0.0,3.3,3.3,2.38
2016,2016-11-05,CHE,EVE,2,1,1,3.0,0.0,1.53,4.33,7.0
2016,2016-11-05,MANC,MID,2,1,1,3.0,0.0,1.22,7.0,15.0
2016,2016-11-05,WHU,STO,1,2,-1,0.0,3.0,2.0,3.6,4.0
2016,2016-10-31,STO,SWA,1,3,-1,0.0,3.0,2.05,3.6,3.8
2016,2016-10-30,EVE,WHU,2,1,1,3.0,0.0,1.8,3.8,4.75
2016,2016-10-30,SOU,CHE,0,0,0,1.0,1.0,3.2,3.4,2.4
2016,2016-10-29,CRY,LIVP,0,0,0,1.0,1.0,5.25,4.0,1.7
2016,2016-10-29,MANU,BUR,0,1,-1,0.0,3.0,1.2,7.0,19.0
2016,2016-10-29,MID,BOU,1,0,1,3.0,0.0,2.5,3.2,3.2
2016,2016-10-29,SUN,ARS,1,2,-1,0.0,3.0,9.0,5.0,1.4
2016,2016-10-29,TOT,LEIC,1,3,-1,0.0,3.0,1.62,4.2,6.0
2016,2016-10-29,WAT,HUL,3,3,0,1.0,1.0,1.75,3.75,5.25
2016,2016-10-29,WBA,MANC,2,2,0,1.0,1.0,8.0,4.75,1.44
2016,2016-10-23,CHE,MANU,1,2,-1,0.0,3.0,2.15,3.4,3.8
2016,2016-10-23,MANC,SOU,1,0,1,3.0,0.0,1.5,4.5,7.5
2016,2016-10-22,ARS,MID,4,1,1,3.0,0.0,1.25,6.5,15.0
2016,2016-10-22,BOU,TOT,0,0,0,1.0,1.0,4.2,3.6,1.95
2016,2016-10-22,BUR,EVE,1,2,-1,0.0,3.0,6.0,3.8,1.67
2016,2016-10-22,HUL,STO,3,0,1,3.0,0.0,3.1,3.3,2.5
2016,2016-10-22,LEIC,CRY,0,0,0,1.0,1.0,2.05,3.5,3.9
2016,2016-10-22,LIVP,WBA,2,1,1,3.0,0.0,1.29,6.0,13.0
2016,2016-10-22,SWA,WAT,2,1,1,3.0,0.0,2.38,3.3,3.3
2016,2016-10-22,WHU,SUN,0,0,0,1.0,1.0,1.67,4.0,5.75
2016,2016-10-17,LIVP,MANU,1,2,-1,0.0,3.0,2.2,3.5,3.5
2016,2016-10-16,MID,WAT,2,4,-1,0.0,3.0,2.25,3.3,3.6
2016,2016-10-16,SOU,BUR,0,3,-1,0.0,3.0,1.4,4.8,9.5
2016,2016-10-15,ARS,SWA,1,0,1,3.0,0.0,1.29,6.5,11.0
2016,2016-10-15,BOU,HUL,0,0,0,1.0,1.0,1.85,3.5,5.0
2016,2016-10-15,CHE,LEIC,0,0,0,1.0,1.0,1.57,4.5,6.0
2016,2016-10-15,CRY,WHU,2,2,0,1.0,1.0,2.15,3.5,3.6
2016,2016-10-15,MANC,EVE,2,2,0,1.0,1.0,1.5,4.75,7.0
2016,2016-10-15,STO,SUN,2,4,-1,0.0,3.0,2.0,3.6,4.0
2016,2016-10-15,WBA,TOT,0,4,-1,0.0,3.0,5.5,3.8,1.73
2016,2016-10-02,BUR,ARS,1,1,0,1.0,1.0,9.0,5.0,1.4
2016,2016-10-02,LEIC,SOU,2,0,1,3.0,0.0,2.25,3.4,3.5
2016,2016-10-02,MANU,STO,0,1,-1,0.0,3.0,1.33,5.75,10.0
2016,2016-10-02,TOT,MANC,3,3,0,1.0,1.0,3.0,3.5,2.5
2016,2016-10-01,HUL,CHE,0,0,0,1.0,1.0,7.5,4.5,1.5
2016,2016-10-01,SUN,WBA,2,1,1,3.0,0.0,2.5,3.25,3.2
2016,2016-10-01,SWA,LIVP,1,1,0,1.0,1.0,8.0,4.75,1.45
2016,2016-10-01,WAT,BOU,2,0,1,3.0,0.0,2.38,3.3,3.3
2016,2016-10-01,WHU,MID,0,0,0,1.0,1.0,2.25,3.4,3.5
2016,2016-09-30,EVE,CRY,1,0,1,3.0,0.0,1.73,4.0,5.0
2016,2016-09-26,BUR,WAT,2,3,-1,0.0,3.0,2.9,3.2,2.7
2016,2016-09-25,WHU,SOU,1,0,1,3.0,0.0,2.8,3.3,2.75
2016,2016-09-24,ARS,CHE,0,4,-1,0.0,3.0,2.4,3.5,3.1
2016,2016-09-24,BOU,EVE,1,2,-1,0.0,3.0,3.6,3.5,2.15
2016,2016-09-24,LIVP,HUL,3,6,-1,0.0,3.0,1.22,7.0,15.0
2016,2016-09-24,MANU,LEIC,3,0,1,3.0,0.0,1.73,3.9,5.25
2016,2016-09-24,MID,TOT,2,4,-1,0.0,3.0,3.75,3.5,2.1
2016,2016-09-24,STO,WBA,2,2,0,1.0,1.0,2.38,3.3,3.3
2016,2016-09-24,SUN,CRY,3,1,1,3.0,0.0,2.88,3.25,2.7
2016,2016-09-24,SWA,MANC,2,1,1,3.0,0.0,9.0,5.5,1.36
2016,2016-09-18,CRY,STO,1,0,1,3.0,0.0,2.0,3.5,4.2
2016,2016-09-18,SOU,SWA,2,4,-1,0.0,3.0,1.7,3.8,5.75
2016,2016-09-18,TOT,SUN,4,0,1,3.0,0.0,1.33,5.5,11.0
2016,2016-09-18,WAT,MANU,3,0,1,3.0,0.0,6.0,4.2,1.62
2016,2016-09-17,EVE,MID,2,3,-1,0.0,3.0,1.67,3.8,6.0
2016,2016-09-17,HUL,ARS,4,1,1,3.0,0.0,6.0,4.2,1.6
2016,2016-09-17,LEIC,BUR,2,1,1,3.0,0.0,1.5,4.33,8.0
2016,2016-09-17,MANC,BOU,2,0,1,3.0,0.0,1.29,6.0,12.0
2016,2016-09-17,WBA,WHU,0,2,-1,0.0,3.0,2.8,3.2,2.8
2016,2016-09-16,CHE,LIVP,0,1,-1,0.0,3.0,2.25,3.5,3.4
2016,2016-09-12,SUN,EVE,1,0,1,3.0,0.0,3.8,3.5,2.1
2016,2016-09-11,SWA,CHE,0,0,0,1.0,1.0,5.75,4.0,1.67
2016,2016-09-10,ARS,SOU,0,1,-1,0.0,3.0,1.57,4.2,6.5
2016,2016-09-10,BOU,WBA,2,1,1,3.0,0.0,2.05,3.25,4.33
2016,2016-09-10,BUR,HUL,3,2,1,3.0,0.0,2.45,3.1,3.4
2016,2016-09-10,LIVP,LEIC,2,1,1,3.0,0.0,1.7,4.0,5.5
2016,2016-09-10,MANU,MANC,2,0,1,3.0,0.0,2.38,3.25,3.4
2016,2016-09-10,MID,CRY,1,0,1,3.0,0.0,2.3,3.2,3.6
2016,2016-09-10,STO,TOT,2,1,1,3.0,0.0,4.6,3.75,1.85
2016,2016-09-10,WHU,WAT,4,0,1,3.0,0.0,1.91,3.6,4.5
2016,2016-08-28,MANC,WHU,1,0,1,3.0,0.0,1.25,6.0,11.0
2016,2016-08-28,WBA,MID,3,1,1,3.0,0.0,2.6,3.1,2.9
2016,2016-08-27,CHE,BUR,2,1,1,3.0,0.0,1.25,5.5,15.0
2016,2016-08-27,CRY,BOU,0,2,-1,0.0,3.0,2.3,3.2,3.3
2016,2016-08-27,EVE,STO,3,1,1,3.0,0.0,1.73,3.6,5.25
2016,2016-08-27,HUL,MANU,1,2,-1,0.0,3.0,8.0,4.1,1.44
2016,2016-08-27,LEIC,SWA,2,3,-1,0.0,3.0,1.73,3.6,5.25
2016,2016-08-27,SOU,SUN,0,3,-1,0.0,3.0,1.57,3.6,6.5
2016,2016-08-27,TOT,LIVP,3,0,1,3.0,0.0,2.38,3.4,3.0
2016,2016-08-27,WAT,ARS,2,0,1,3.0,0.0,5.0,3.75,1.73
2016,2016-08-21,SUN,MID,1,1,0,1.0,1.0,2.55,3.2,3.1
2016,2016-08-21,WHU,BOU,0,0,0,1.0,1.0,1.95,3.75,4.0
2016,2016-08-20,BUR,LIVP,2,4,-1,0.0,3.0,6.5,4.2,1.57
2016,2016-08-20,LEIC,ARS,0,0,0,1.0,1.0,2.88,3.6,2.5
2016,2016-08-20,STO,MANC,0,0,0,1.0,1.0,5.5,3.8,1.73
2016,2016-08-20,SWA,HUL,4,1,1,3.0,0.0,1.8,3.6,5.25
2016,2016-08-20,TOT,CRY,2,1,1,3.0,0.0,1.45,4.75,8.0
2016,2016-08-20,WAT,CHE,6,1,1,3.0,0.0,5.5,3.8,1.73
2016,2016-08-20,WBA,EVE,4,1,1,3.0,0.0,3.0,3.25,2.6
2016,2016-08-19,MANU,SOU,4,1,1,3.0,0.0,1.53,4.2,7.5
2016,2016-08-15,CHE,WHU,3,0,1,3.0,0.0,1.65,4.0,6.0
2016,2016-08-14,ARS,LIVP,2,1,1,3.0,0.0,2.4,3.5,3.1
2016,2016-08-14,BOU,MANU,1,1,0,1.0,1.0,4.75,3.6,1.85
2016,2016-08-13,BUR,SWA,0,3,-1,0.0,3.0,2.4,3.3,3.25
2016,2016-08-13,CRY,WBA,1,0,1,3.0,0.0,2.0,3.3,4.5
2016,2016-08-13,EVE,TOT,2,2,0,1.0,1.0,3.2,3.4,2.4
2016,2016-08-13,HUL,LEIC,0,0,0,1.0,1.0,4.5,3.6,1.91
2016,2016-08-13,MANC,SUN,2,2,0,1.0,1.0,1.25,6.5,15.0
2016,2016-08-13,MID,STO,1,0,1,3.0,0.0,2.38,3.2,3.4
2016,2016-08-13,SOU,WAT,2,0,1,3.0,0.0,1.8,3.75,5.0
2015,2016-05-17,MANU,BOU,3,2,1,3.0,0.0,1.67,4.2,5.25
2015,2016-05-15,ARS,AVL,3,1,1,3.0,0.0,1.17,9.0,17.0
2015,2016-05-15,CHE,LEIC,0,1,-1,0.0,3.0,2.3,3.75,3.1
2015,2016-05-15,EVE,NOR,0,0,0,1.0,1.0,1.8,4.0,4.5
2015,2016-05-15,NEW,TOT,1,1,0,1.0,1.0,4.5,4.0,1.8
2015,2016-05-15,SOU,CRY,1,0,1,3.0,0.0,1.36,5.5,9.0
2015,2016-05-15,STO,WHU,1,2,-1,0.0,3.0,3.5,3.6,2.15
2015,2016-05-15,SWA,MANC,1,2,-1,0.0,3.0,6.0,4.75,1.53
2015,2016-05-15,WAT,SUN,2,2,0,1.0,1.0,2.05,3.75,3.7
2015,2016-05-15,WBA,LIVP,3,3,0,1.0,1.0,2.4,3.6,3.0
2015,2016-05-11,LIVP,CHE,0,0,0,1.0,1.0,2.0,3.8,3.8
2015,2016-05-11,NOR,WAT,2,2,0,1.0,1.0,1.83,3.75,4.75
2015,2016-05-11,SUN,EVE,0,3,-1,0.0,3.0,1.75,4.0,5.0
2015,2016-05-10,WHU,MANU,3,3,0,1.0,1.0,3.0,3.5,2.45
2015,2016-05-08,LIVP,WAT,0,1,-1,0.0,3.0,1.5,4.5,7.5
2015,2016-05-08,MANC,ARS,1,1,0,1.0,1.0,2.5,3.6,2.9
2015,2016-05-08,TOT,SOU,0,0,0,1.0,1.0,2.05,3.6,3.9
2015,2016-05-07,AVL,NEW,3,1,1,3.0,0.0,5.75,4.2,1.65
2015,2016-05-07,BOU,WBA,2,0,1,3.0,0.0,1.95,3.6,4.2
2015,2016-05-07,CRY,STO,4,3,1,3.0,0.0,2.05,3.5,3.9
2015,2016-05-07,LEIC,EVE,2,0,1,3.0,0.0,1.91,4.0,4.0
2015,2016-05-07,NOR,MANU,0,1,-1,0.0,3.0,4.5,3.6,1.91
2015,2016-05-07,SUN,CHE,3,4,-1,0.0,3.0,3.0,3.5,2.45
2015,2016-05-07,WHU,SWA,0,1,-1,0.0,3.0,1.44,4.75,8.0
2015,2016-05-02,CHE,TOT,1,1,0,1.0,1.0,2.75,3.6,2.63
2015,2016-05-01,MANU,LEIC,2,1,1,3.0,0.0,2.1,3.4,3.9
2015,2016-05-01,SOU,MANC,3,0,1,3.0,0.0,2.8,3.4,2.7
2015,2016-05-01,SWA,LIVP,1,1,0,1.0,1.0,3.1,3.5,2.4
2015,2016-04-30,ARS,NOR,3,2,1,3.0,0.0,1.29,6.5,11.0
2015,2016-04-30,EVE,BOU,3,1,1,3.0,0.0,2.0,3.8,3.8
2015,2016-04-30,NEW,CRY,0,2,-1,0.0,3.0,2.0,3.6,4.0
2015,2016-04-30,STO,SUN,4,0,1,3.0,0.0,2.75,3.3,2.8
2015,2016-04-30,WAT,AVL,0,0,0,1.0,1.0,1.7,3.8,5.75
2015,2016-04-30,WBA,WHU,2,1,1,3.0,0.0,4.0,3.4,2.1
2015,2016-04-25,TOT,WBA,0,0,0,1.0,1.0,1.22,7.0,15.0
2015,2016-04-24,LEIC,SWA,2,1,1,3.0,0.0,1.75,3.7,5.5
2015,2016-04-24,SUN,ARS,0,1,-1,0.0,3.0,4.5,4.0,1.8
2015,2016-04-23,AVL,SOU,0,0,0,1.0,1.0,7.5,4.2,1.53
2015,2016-04-23,BOU,CHE,1,0,1,3.0,0.0,3.1,3.5,2.4
2015,2016-04-23,LIVP,NEW,0,0,0,1.0,1.0,1.57,4.5,6.0
2015,2016-04-23,MANC,STO,0,2,-1,0.0,3.0,1.3,6.0,11.0
2015,2016-04-21,ARS,WBA,3,0,1,3.0,0.0,1.29,6.0,13.0
2015,2016-04-20,LIVP,EVE,2,0,1,3.0,0.0,1.73,4.0,5.0
2015,2016-04-20,MANU,CRY,3,0,1,3.0,0.0,1.53,4.33,7.0
2015,2016-04-20,WHU,WAT,0,1,-1,0.0,3.0,1.57,4.33,6.5
2015,2016-04-19,NEW,MANC,0,0,0,1.0,1.0,6.0,4.5,1.57
2015,2016-04-18,STO,TOT,1,2,-1,0.0,3.0,4.5,3.75,1.85
2015,2016-04-17,ARS,CRY,0,0,0,1.0,1.0,1.33,5.75,9.5
2015,2016-04-17,BOU,LIVP,3,0,1,3.0,0.0,3.6,3.5,2.15
2015,2016-04-17,LEIC,WHU,0,1,-1,0.0,3.0,1.95,3.6,4.2
2015,2016-04-16,CHE,MANC,0,2,-1,0.0,3.0,2.75,3.4,2.7
2015,2016-04-16,EVE,SOU,0,0,0,1.0,1.0,2.7,3.4,2.8
2015,2016-04-16,MANU,AVL,3,2,1,3.0,0.0,1.22,7.0,17.0
2015,2016-04-16,NEW,SWA,2,0,1,3.0,0.0,2.3,3.4,3.4
2015,2016-04-16,NOR,SUN,1,4,-1,0.0,3.0,2.4,3.3,3.25
2015,2016-04-16,WBA,WAT,1,3,-1,0.0,3.0,2.4,3.2,3.4
2015,2016-04-13,CRY,EVE,2,2,0,1.0,1.0,2.9,3.4,2.6
2015,2016-04-10,LIVP,STO,0,3,-1,0.0,3.0,1.55,4.0,5.75
2015,2016-04-10,SUN,LEIC,3,2,1,3.0,0.0,3.4,3.4,2.1
2015,2016-04-10,TOT,MANU,4,2,1,3.0,0.0,1.91,3.5,4.0
2015,2016-04-09,AVL,BOU,2,1,1,3.0,0.0,3.4,3.2,2.2
2015,2016-04-09,CRY,NOR,3,2,1,3.0,0.0,2.05,3.4,3.6
2015,2016-04-09,MANC,WBA,2,1,1,3.0,0.0,1.33,5.0,9.0
2015,2016-04-09,SOU,NEW,3,0,1,3.0,0.0,1.53,4.0,6.0
2015,2016-04-09,SWA,CHE,2,1,1,3.0,0.0,3.75,3.4,2.0
2015,2016-04-09,WAT,EVE,3,0,1,3.0,0.0,3.4,3.3,2.15
2015,2016-04-09,WHU,ARS,1,0,1,3.0,0.0,3.6,3.5,2.0
2015,2016-04-03,LEIC,SOU,2,2,0,1.0,1.0,2.25,3.4,3.5
2015,2016-04-03,MANU,EVE,2,1,1,3.0,0.0,2.1,3.5,3.75
2015,2016-04-02,ARS,WAT,1,1,0,1.0,1.0,1.36,5.25,10.0
2015,2016-04-02,AVL,CHE,3,2,1,3.0,0.0,6.5,4.33,1.57
2015,2016-04-02,BOU,MANC,0,1,-1,0.0,3.0,3.75,3.6,2.1
2015,2016-04-02,LIVP,TOT,2,1,1,3.0,0.0,2.5,3.4,3.0
2015,2016-04-02,NOR,NEW,2,3,-1,0.0,3.0,2.2,3.4,3.6
2015,2016-04-02,STO,SWA,3,0,1,3.0,0.0,2.2,3.4,3.6
2015,2016-04-02,SUN,WBA,1,1,0,1.0,1.0,2.1,3.3,4.0
2015,2016-04-02,WHU,CRY,3,0,1,3.0,0.0,1.95,3.6,4.2
2015,2016-03-20,MANC,MANU,0,1,-1,0.0,3.0,1.83,3.75,4.75
2015,2016-03-20,NEW,SUN,1,0,1,3.0,0.0,2.1,3.5,3.8
2015,2016-03-20,SOU,LIVP,4,0,1,3.0,0.0,2.63,3.4,2.88
2015,2016-03-20,TOT,BOU,0,0,0,1.0,1.0,1.53,4.33,7.0
2015,2016-03-19,CHE,WHU,0,0,0,1.0,1.0,1.75,3.8,5.25
2015,2016-03-19,CRY,LEIC,1,0,1,3.0,0.0,3.0,3.4,2.5
2015,2016-03-19,EVE,ARS,2,1,1,3.0,0.0,2.7,3.5,2.7
2015,2016-03-19,SWA,AVL,2,4,-1,0.0,3.0,1.67,3.8,6.0
2015,2016-03-19,WAT,STO,5,1,1,3.0,0.0,2.4,3.25,3.3
2015,2016-03-19,WBA,NOR,1,2,-1,0.0,3.0,2.25,3.3,3.6
2015,2016-03-14,LEIC,NEW,1,2,-1,0.0,3.0,1.57,4.33,6.25
2015,2016-03-13,AVL,TOT,2,0,1,3.0,0.0,7.5,4.5,1.5
2015,2016-03-12,BOU,SWA,1,2,-1,0.0,3.0,1.95,3.5,4.33
2015,2016-03-12,NOR,MANC,1,2,-1,0.0,3.0,6.0,4.2,1.6
2015,2016-03-12,STO,SOU,2,1,1,3.0,0.0,2.7,3.2,2.9
2015,2016-03-06,CRY,LIVP,1,1,0,1.0,1.0,3.8,3.5,2.1
2015,2016-03-06,WBA,MANU,0,1,-1,0.0,3.0,4.33,3.4,2.0
2015,2016-03-05,CHE,STO,0,3,-1,0.0,3.0,1.5,4.5,7.5
2015,2016-03-05,EVE,WHU,2,0,1,3.0,0.0,1.73,4.0,5.0
2015,2016-03-05,MANC,AVL,2,2,0,1.0,1.0,1.22,7.0,15.0
2015,2016-03-05,NEW,BOU,2,1,1,3.0,0.0,2.63,3.4,2.88
2015,2016-03-05,SOU,SUN,1,1,0,1.0,1.0,1.6,4.0,6.5
2015,2016-03-05,SWA,NOR,1,1,0,1.0,1.0,2.05,3.5,4.0
2015,2016-03-05,TOT,ARS,1,3,-1,0.0,3.0,2.38,3.4,3.25
2015,2016-03-05,WAT,LEIC,4,1,1,3.0,0.0,3.0,3.4,2.55
2015,2016-03-02,ARS,SWA,1,0,1,3.0,0.0,1.36,5.25,10.0
2015,2016-03-02,LIVP,MANC,3,0,1,3.0,0.0,2.63,3.4,2.88
2015,2016-03-02,MANU,WAT,2,2,0,1.0,1.0,1.67,3.8,6.0
2015,2016-03-02,STO,NEW,1,2,-1,0.0,3.0,2.0,3.5,4.2
2015,2016-03-02,WHU,TOT,1,1,0,1.0,1.0,4.0,3.6,2.0
2015,2016-03-01,AVL,EVE,3,1,1,3.0,0.0,4.5,3.6,1.91
2015,2016-03-01,BOU,SOU,0,1,-1,0.0,3.0,2.9,3.25,2.7
2015,2016-03-01,LEIC,WBA,2,1,1,3.0,0.0,1.73,3.8,5.5
2015,2016-03-01,NOR,CHE,1,2,-1,0.0,3.0,5.25,4.0,1.7
2015,2016-03-01,SUN,CRY,1,1,0,1.0,1.0,2.5,3.3,3.1
2015,2016-02-28,TOT,SWA,0,1,-1,0.0,3.0,1.4,4.2,9.0
2015,2016-02-28,MANU,ARS,3,0,1,3.0,0.0,3.0,3.25,2.38
2015,2016-02-27,LEIC,NOR,0,2,-1,0.0,3.0,1.5,4.33,6.0
2015,2016-02-27,SOU,CHE,1,1,0,1.0,1.0,2.8,3.25,2.5
2015,2016-02-27,STO,AVL,2,1,1,3.0,0.0,1.62,3.75,5.5
2015,2016-02-27,WAT,BOU,0,2,-1,0.0,3.0,2.38,3.25,3.0
2015,2016-02-27,WBA,CRY,0,2,-1,0.0,3.0,2.6,3.1,2.8
2015,2016-02-27,WHU,SUN,2,0,1,3.0,0.0,1.8,3.5,4.5
2015,2016-02-14,ARS,LEIC,2,2,0,1.0,1.0,1.75,4.0,5.0
2015,2016-02-14,AVL,LIVP,5,2,1,3.0,0.0,4.75,3.6,1.85
2015,2016-02-14,MANC,TOT,1,1,0,1.0,1.0,2.1,3.75,3.6
2015,2016-02-13,BOU,STO,2,2,0,1.0,1.0,2.05,3.4,4.1
2015,2016-02-13,CHE,NEW,1,2,-1,0.0,3.0,1.44,4.75,8.0
2015,2016-02-13,CRY,WAT,1,4,-1,0.0,3.0,2.25,3.3,3.6
2015,2016-02-13,EVE,WBA,1,0,1,3.0,0.0,1.53,4.2,7.5
2015,2016-02-13,NOR,WHU,0,3,-1,0.0,3.0,2.38,3.4,3.25
2015,2016-02-13,SUN,MANU,2,1,1,3.0,0.0,5.25,3.75,1.75
2015,2016-02-13,SWA,SOU,3,0,1,3.0,0.0,3.2,3.25,2.5
2015,2016-02-07,BOU,ARS,0,0,0,1.0,1.0,3.8,3.5,2.1
2015,2016-02-07,CHE,MANU,1,1,0,1.0,1.0,2.15,3.3,3.9
2015,2016-02-06,AVL,NOR,0,0,0,1.0,1.0,2.45,3.2,3.3
2015,2016-02-06,LIVP,SUN,1,0,1,3.0,0.0,1.44,4.75,8.5
2015,2016-02-06,MANC,LEIC,2,1,1,3.0,0.0,1.62,4.2,6.0
2015,2016-02-06,NEW,WBA,0,0,0,1.0,1.0,2.15,3.4,3.8
2015,2016-02-06,SOU,WHU,2,2,0,1.0,1.0,1.73,3.8,5.5
2015,2016-02-06,STO,EVE,1,1,0,1.0,1.0,2.7,3.4,2.8
2015,2016-02-06,SWA,CRY,4,2,1,3.0,0.0,2.25,3.3,3.6
2015,2016-02-06,TOT,WAT,1,2,-1,0.0,3.0,1.5,4.33,8.0
2015,2016-02-03,EVE,NEW,1,1,0,1.0,1.0,1.65,4.2,5.5
2015,2016-02-03,WAT,CHE,2,1,1,3.0,0.0,4.33,3.5,1.95
2015,2016-02-02,ARS,SOU,3,0,1,3.0,0.0,1.75,3.75,5.25
2015,2016-02-02,CRY,BOU,1,0,1,3.0,0.0,2.45,3.3,3.2
2015,2016-02-02,LEIC,LIVP,2,0,1,3.0,0.0,2.63,3.4,2.88
2015,2016-02-02,MANU,STO,1,3,-1,0.0,3.0,1.7,3.75,5.75
2015,2016-02-02,NOR,TOT,0,0,0,1.0,1.0,4.5,3.75,1.85
2015,2016-02-02,SUN,MANC,2,1,1,3.0,0.0,8.0,4.75,1.45
2015,2016-02-02,WBA,SWA,0,0,0,1.0,1.0,2.63,3.1,3.1
2015,2016-02-02,WHU,AVL,0,0,0,1.0,1.0,1.91,3.5,4.75
2015,2016-01-24,ARS,CHE,2,0,1,3.0,0.0,2.1,3.5,3.9
2015,2016-01-24,EVE,SWA,1,0,1,3.0,0.0,1.73,3.8,5.5
2015,2016-01-23,CRY,TOT,4,2,1,3.0,0.0,3.6,3.5,2.15
2015,2016-01-23,LEIC,STO,1,2,-1,0.0,3.0,2.1,3.5,3.8
2015,2016-01-23,MANU,SOU,1,0,1,3.0,0.0,1.91,3.5,4.75
2015,2016-01-23,NOR,LIVP,1,1,0,1.0,1.0,4.33,3.5,1.95
2015,2016-01-23,SUN,BOU,1,1,0,1.0,1.0,3.0,3.4,2.5
2015,2016-01-23,WAT,NEW,2,3,-1,0.0,3.0,2.05,3.5,4.0
2015,2016-01-23,WBA,AVL,3,1,1,3.0,0.0,2.1,3.3,4.0
2015,2016-01-23,WHU,MANC,2,1,1,3.0,0.0,5.0,4.0,1.73
2015,2016-01-18,SWA,WAT,1,2,-1,0.0,3.0,2.38,3.25,3.4
2015,2016-01-17,LIVP,MANU,0,3,-1,0.0,3.0,2.3,3.25,3.5
2015,2016-01-17,STO,ARS,1,0,1,3.0,0.0,4.33,3.6,1.95
2015,2016-01-16,AVL,LEIC,1,2,-1,0.0,3.0,3.6,3.4,2.2
2015,2016-01-16,BOU,NOR,1,1,0,1.0,1.0,1.91,3.6,4.5
2015,2016-01-16,CHE,EVE,1,2,-1,0.0,3.0,1.83,3.75,4.75
2015,2016-01-16,MANC,CRY,2,6,-1,0.0,3.0,1.4,5.25,8.5
2015,2016-01-16,NEW,WHU,1,1,0,1.0,1.0,2.5,3.4,3.0
2015,2016-01-16,SOU,WBA,0,1,-1,0.0,3.0,1.73,3.75,5.5
2015,2016-01-16,TOT,SUN,3,0,1,3.0,0.0,1.36,5.25,9.5
2015,2016-01-13,CHE,WBA,4,0,1,3.0,0.0,1.44,4.5,9.0
2015,2016-01-13,LIVP,ARS,3,2,1,3.0,0.0,2.88,3.4,2.6
2015,2016-01-13,MANC,EVE,3,1,1,3.0,0.0,1.53,4.75,6.0
2015,2016-01-13,SOU,WAT,2,0,1,3.0,0.0,1.95,3.5,4.33
2015,2016-01-13,STO,NOR,1,2,-1,0.0,3.0,2.05,3.3,4.2
2015,2016-01-13,SWA,SUN,0,2,-1,0.0,3.0,1.8,3.6,5.25
2015,2016-01-13,TOT,LEIC,1,1,0,1.0,1.0,1.75,3.8,5.25
2015,2016-01-12,AVL,CRY,2,0,1,3.0,0.0,3.2,3.25,2.45
2015,2016-01-12,BOU,WHU,2,3,-1,0.0,3.0,2.0,3.6,4.0
2015,2016-01-12,NEW,MANU,0,0,0,1.0,1.0,5.0,3.7,1.8
2015,2016-01-03,CRY,CHE,0,1,-1,0.0,3.0,3.8,3.5,2.1
2015,2016-01-03,EVE,TOT,2,3,-1,0.0,3.0,2.8,3.5,2.63
2015,2016-01-02,ARS,NEW,1,0,1,3.0,0.0,1.29,6.5,11.0
2015,2016-01-02,LEIC,BOU,0,1,-1,0.0,3.0,1.91,3.75,4.33
2015,2016-01-02,MANU,SWA,1,3,-1,0.0,3.0,1.55,4.2,7.0
2015,2016-01-02,NOR,SOU,0,2,-1,0.0,3.0,3.2,3.4,2.4
2015,2016-01-02,SUN,AVL,1,3,-1,0.0,3.0,2.5,3.25,3.2
2015,2016-01-02,WAT,MANC,3,2,1,3.0,0.0,5.0,4.0,1.75
2015,2016-01-02,WBA,STO,1,1,0,1.0,1.0,2.8,3.2,2.8
2015,2016-01-02,WHU,LIVP,0,0,0,1.0,1.0,4.0,3.5,2.05
2015,2015-12-30,SUN,LIVP,2,3,-1,0.0,3.0,5.5,3.9,1.7
2015,2015-12-29,LEIC,MANC,2,1,1,3.0,0.0,4.33,4.0,1.85
2015,2015-12-28,ARS,BOU,1,1,0,1.0,1.0,1.44,4.75,8.0
2015,2015-12-28,CRY,SWA,0,0,0,1.0,1.0,2.1,3.4,4.0
2015,2015-12-28,EVE,STO,0,2,-1,0.0,3.0,1.95,3.6,4.2
2015,2015-12-28,MANU,CHE,1,3,-1,0.0,3.0,2.6,3.3,3.0
2015,2015-12-28,NOR,AVL,1,2,-1,0.0,3.0,2.05,3.6,3.8
2015,2015-12-28,WAT,TOT,3,3,0,1.0,1.0,3.75,3.5,2.1
2015,2015-12-28,WBA,NEW,0,0,0,1.0,1.0,2.2,3.25,3.75
2015,2015-12-28,WHU,SOU,0,1,-1,0.0,3.0,3.6,3.4,2.2
2015,2015-12-26,AVL,WHU,0,1,-1,0.0,3.0,2.63,3.25,2.75
2015,2015-12-26,BOU,CRY,1,4,-1,0.0,3.0,2.4,3.3,3.0
2015,2015-12-26,CHE,WAT,3,2,1,3.0,0.0,1.44,4.5,7.5
2015,2015-12-26,LIVP,LEIC,2,0,1,3.0,0.0,1.91,3.8,3.8
2015,2015-12-26,MANC,SUN,0,1,-1,0.0,3.0,1.2,7.0,13.0
2015,2015-12-26,NEW,EVE,3,0,1,3.0,0.0,3.2,3.5,2.2
2015,2015-12-26,SOU,ARS,1,2,-1,0.0,3.0,3.6,3.5,2.05
2015,2015-12-26,STO,MANU,1,3,-1,0.0,3.0,3.25,3.2,2.3
2015,2015-12-26,SWA,WBA,4,0,1,3.0,0.0,1.91,3.4,4.5
2015,2015-12-26,TOT,NOR,2,0,1,3.0,0.0,1.4,4.75,8.0
2015,2015-12-21,ARS,MANC,1,3,-1,0.0,3.0,2.45,3.5,3.0
2015,2015-12-20,SWA,WHU,0,3,-1,0.0,3.0,2.1,3.4,3.9
2015,2015-12-20,WAT,LIVP,6,2,1,3.0,0.0,4.2,3.6,1.95
2015,2015-12-19,CHE,SUN,1,0,1,3.0,0.0,1.33,5.25,12.0
2015,2015-12-19,EVE,LEIC,1,0,1,3.0,0.0,2.1,3.75,3.6
2015,2015-12-19,MANU,NOR,0,0,0,1.0,1.0,1.45,4.5,8.5
2015,2015-12-19,NEW,AVL,2,0,1,3.0,0.0,2.05,3.5,4.0
2015,2015-12-19,SOU,TOT,1,2,-1,0.0,3.0,2.7,3.4,2.8
2015,2015-12-19,STO,CRY,0,1,-1,0.0,3.0,2.5,3.2,3.2
2015,2015-12-19,WBA,BOU,0,0,0,1.0,1.0,2.55,3.3,3.0
2015,2015-12-14,LEIC,CHE,0,0,0,1.0,1.0,3.2,3.5,2.35
2015,2015-12-13,AVL,ARS,1,0,1,3.0,0.0,6.5,4.2,1.57
2015,2015-12-13,LIVP,WBA,1,2,-1,0.0,3.0,1.4,4.75,10.0
2015,2015-12-13,TOT,NEW,2,1,1,3.0,0.0,1.36,5.5,9.0
2015,2015-12-12,BOU,MANU,3,2,1,3.0,0.0,3.4,3.4,2.3
2015,2015-12-12,CRY,SOU,2,1,1,3.0,0.0,2.6,3.3,3.0
2015,2015-12-12,MANC,SWA,0,1,-1,0.0,3.0,1.3,6.0,11.0
2015,2015-12-12,NOR,EVE,1,5,-1,0.0,3.0,2.9,3.5,2.55
2015,2015-12-12,SUN,WAT,4,0,1,3.0,0.0,2.9,3.3,2.63
2015,2015-12-12,WHU,STO,4,2,1,3.0,0.0,2.63,3.3,2.9
2015,2015-12-07,EVE,CRY,2,3,-1,0.0,3.0,2.1,3.6,3.75
2015,2015-12-06,NEW,LIVP,1,1,0,1.0,1.0,5.75,4.33,1.62
2015,2015-12-05,ARS,SUN,3,0,1,3.0,0.0,1.29,6.0,13.0
2015,2015-12-05,CHE,BOU,2,2,0,1.0,1.0,1.36,5.25,9.5
2015,2015-12-05,MANU,WHU,3,0,1,3.0,0.0,1.44,4.5,9.0
2015,2015-12-05,SOU,AVL,2,0,1,3.0,0.0,1.5,4.5,7.5
2015,2015-12-05,STO,MANC,3,1,1,3.0,0.0,5.25,4.0,1.7
2015,2015-12-05,SWA,LEIC,2,2,0,1.0,1.0,2.7,3.4,2.75
2015,2015-12-05,WAT,NOR,1,1,0,1.0,1.0,2.15,3.5,3.6
2015,2015-12-05,WBA,TOT,1,1,0,1.0,1.0,4.75,3.6,1.85
2015,2015-11-29,LIVP,SWA,2,2,0,1.0,1.0,1.44,4.75,8.0
2015,2015-11-29,NOR,ARS,0,1,-1,0.0,3.0,6.0,4.2,1.62
2015,2015-11-29,TOT,CHE,1,0,1,3.0,0.0,2.6,3.4,2.9
2015,2015-11-29,WHU,WBA,2,1,1,3.0,0.0,2.05,3.5,4.0
2015,2015-11-28,AVL,WAT,0,1,-1,0.0,3.0,2.75,3.3,2.8
2015,2015-11-28,BOU,EVE,1,2,-1,0.0,3.0,2.9,3.6,2.5
2015,2015-11-28,CRY,NEW,0,0,0,1.0,1.0,1.7,3.9,5.5
2015,2015-11-28,LEIC,MANU,0,1,-1,0.0,3.0,3.1,3.5,2.4
2015,2015-11-28,MANC,SOU,2,1,1,3.0,0.0,1.6,4.33,6.0
2015,2015-11-28,SUN,STO,0,1,-1,0.0,3.0,3.2,3.3,2.45
2015,2015-11-23,CRY,SUN,1,2,-1,0.0,3.0,1.57,4.0,7.0
2015,2015-11-22,TOT,WHU,1,2,-1,0.0,3.0,1.57,4.2,6.5
2015,2015-11-21,CHE,NOR,2,1,1,3.0,0.0,1.4,5.0,9.0
2015,2015-11-21,EVE,AVL,1,0,1,3.0,0.0,1.57,4.2,6.5
2015,2015-11-21,MANC,LIVP,0,2,-1,0.0,3.0,1.7,4.0,5.5
2015,2015-11-21,NEW,LEIC,2,1,1,3.0,0.0,2.88,3.6,2.5
2015,2015-11-21,SOU,STO,1,0,1,3.0,0.0,1.57,4.0,7.0
2015,2015-11-21,SWA,BOU,1,1,0,1.0,1.0,1.91,3.6,4.5
2015,2015-11-21,WAT,MANU,0,3,-1,0.0,3.0,4.33,3.4,2.0
2015,2015-11-21,WBA,ARS,0,2,-1,0.0,3.0,7.0,4.33,1.53
2015,2015-11-08,ARS,TOT,1,2,-1,0.0,3.0,1.73,4.0,5.0
2015,2015-11-08,AVL,MANC,3,1,1,3.0,0.0,7.5,5.0,1.44
2015,2015-11-08,LIVP,CRY,1,3,-1,0.0,3.0,1.67,3.8,6.0
2015,2015-11-07,BOU,NEW,2,0,1,3.0,0.0,2.25,3.5,3.4
2015,2015-11-07,LEIC,WAT,2,1,1,3.0,0.0,1.85,3.8,4.5
2015,2015-11-07,MANU,WBA,1,2,-1,0.0,3.0,1.33,5.25,12.0
2015,2015-11-07,NOR,SWA,4,0,1,3.0,0.0,2.45,3.4,3.1
2015,2015-11-07,STO,CHE,1,0,1,3.0,0.0,3.8,3.6,2.05
2015,2015-11-07,SUN,SOU,3,3,0,1.0,1.0,4.75,3.8,1.8
2015,2015-11-07,WHU,EVE,3,0,1,3.0,0.0,2.6,3.5,2.8
2015,2015-11-02,TOT,AVL,0,1,-1,0.0,3.0,1.44,4.75,8.0
2015,2015-11-01,EVE,SUN,0,0,0,1.0,1.0,1.5,4.5,7.5
2015,2015-11-01,SOU,BOU,1,2,-1,0.0,3.0,1.55,4.33,6.5
2015,2015-10-31,CHE,LIVP,2,2,0,1.0,1.0,2.1,3.5,3.75
2015,2015-10-31,CRY,MANU,0,2,-1,0.0,3.0,3.8,3.5,2.1
2015,2015-10-31,MANC,NOR,1,0,1,3.0,0.0,1.29,6.0,12.0
2015,2015-10-31,NEW,STO,2,2,0,1.0,1.0,2.4,3.4,3.2
2015,2015-10-31,SWA,ARS,0,2,-1,0.0,3.0,5.0,4.0,1.75
2015,2015-10-31,WAT,WHU,2,1,1,3.0,0.0,2.6,3.4,2.9
2015,2015-10-31,WBA,LEIC,3,2,1,3.0,0.0,2.9,3.4,2.6
2015,2015-10-25,BOU,TOT,2,1,1,3.0,0.0,3.4,3.5,2.25
2015,2015-10-25,LIVP,SOU,1,2,-1,0.0,3.0,2.05,3.6,3.8
2015,2015-10-25,MANU,MANC,6,2,1,3.0,0.0,2.6,3.5,2.8
2015,2015-10-25,SUN,NEW,2,2,0,1.0,1.0,2.6,3.4,2.9
2015,2015-10-24,ARS,EVE,2,0,1,3.0,0.0,1.44,4.75,8.0
2015,2015-10-24,AVL,SWA,1,1,0,1.0,1.0,3.0,3.3,2.6
2015,2015-10-24,LEIC,CRY,1,1,0,1.0,1.0,2.2,3.6,3.4
2015,2015-10-24,NOR,WBA,4,2,1,3.0,0.0,2.0,3.5,4.2
2015,2015-10-24,STO,WAT,3,2,1,3.0,0.0,2.1,3.3,4.0
2015,2015-10-24,WHU,CHE,2,2,0,1.0,1.0,4.0,3.8,1.95
2015,2015-10-19,SWA,STO,1,2,-1,0.0,3.0,2.05,3.4,4.2
2015,2015-10-18,NEW,NOR,1,2,-1,0.0,3.0,2.6,3.4,2.88
2015,2015-10-17,CHE,AVL,0,1,-1,0.0,3.0,1.33,5.75,10.0
2015,2015-10-17,CRY,WHU,1,2,-1,0.0,3.0,2.0,3.6,4.0
2015,2015-10-17,EVE,MANU,3,0,1,3.0,0.0,3.25,3.4,2.38
2015,2015-10-17,MANC,BOU,0,3,-1,0.0,3.0,1.33,5.75,10.0
2015,2015-10-17,SOU,LEIC,0,2,-1,0.0,3.0,1.75,4.0,5.0
2015,2015-10-17,TOT,LIVP,3,2,1,3.0,0.0,2.5,3.5,3.0
2015,2015-10-17,WAT,ARS,0,2,-1,0.0,3.0,6.0,4.2,1.62
2015,2015-10-17,WBA,SUN,4,1,1,3.0,0.0,2.05,3.4,4.2
2015,2015-10-04,ARS,MANU,2,0,1,3.0,0.0,2.0,3.8,3.8
2015,2015-10-04,EVE,LIVP,6,0,1,3.0,0.0,2.7,3.4,2.8
2015,2015-10-04,SWA,TOT,1,0,1,3.0,0.0,2.75,3.25,2.8
2015,2015-10-03,AVL,STO,4,1,1,3.0,0.0,2.5,3.3,3.1
2015,2015-10-03,BOU,WAT,1,0,1,3.0,0.0,2.1,3.5,3.8
2015,2015-10-03,CHE,SOU,3,0,1,3.0,0.0,1.83,3.7,4.8
2015,2015-10-03,CRY,WBA,2,1,1,3.0,0.0,1.83,3.6,5.0
2015,2015-10-03,MANC,NEW,2,2,0,1.0,1.0,1.25,7.0,13.0
2015,2015-10-03,NOR,LEIC,3,0,1,3.0,0.0,2.3,3.5,3.3
2015,2015-10-03,SUN,WHU,1,0,1,3.0,0.0,3.2,3.4,2.4
2015,2015-09-28,WBA,EVE,1,1,0,1.0,1.0,3.1,3.3,2.5
2015,2015-09-27,WAT,CRY,2,3,-1,0.0,3.0,2.5,3.3,3.1
2015,2015-09-26,LEIC,ARS,3,0,1,3.0,0.0,4.5,4.0,1.8
2015,2015-09-26,LIVP,AVL,2,2,0,1.0,1.0,1.53,4.33,7.0
2015,2015-09-26,MANU,SUN,4,0,1,3.0,0.0,1.2,7.5,16.0
2015,2015-09-26,NEW,CHE,2,1,1,3.0,0.0,6.0,4.2,1.62
2015,2015-09-26,SOU,SWA,1,1,0,1.0,1.0,2.05,3.4,4.2
2015,2015-09-26,STO,BOU,1,0,1,3.0,0.0,2.55,3.3,3.0
2015,2015-09-26,TOT,MANC,2,0,1,3.0,0.0,4.2,3.8,1.91
2015,2015-09-26,WHU,NOR,1,1,0,1.0,1.0,2.25,3.5,3.4
2015,2015-09-20,LIVP,NOR,2,2,0,1.0,1.0,1.67,4.0,5.75
2015,2015-09-20,SOU,MANU,6,1,1,3.0,0.0,3.1,3.3,2.5
2015,2015-09-20,TOT,CRY,0,0,0,1.0,1.0,2.0,3.6,4.0
2015,2015-09-19,AVL,WBA,1,1,0,1.0,1.0,2.3,3.25,3.5
2015,2015-09-19,BOU,SUN,3,1,1,3.0,0.0,1.7,4.0,5.5
2015,2015-09-19,CHE,ARS,1,2,-1,0.0,3.0,2.45,3.5,3.0
2015,2015-09-19,MANC,WHU,2,2,0,1.0,1.0,1.29,6.5,11.0
2015,2015-09-19,NEW,WAT,1,0,1,3.0,0.0,2.5,3.3,3.1
2015,2015-09-19,STO,LEIC,2,0,1,3.0,0.0,2.5,3.4,3.0
2015,2015-09-19,SWA,EVE,1,2,-1,0.0,3.0,2.3,3.4,3.4
2015,2015-09-14,WHU,NEW,1,0,1,3.0,0.0,2.25,3.5,3.4
2015,2015-09-13,LEIC,AVL,0,2,-1,0.0,3.0,1.91,3.75,4.33
2015,2015-09-13,SUN,TOT,0,1,-1,0.0,3.0,4.33,3.6,1.95
2015,2015-09-12,ARS,STO,2,0,1,3.0,0.0,1.29,6.0,12.0
2015,2015-09-12,CRY,MANC,2,0,1,3.0,0.0,5.5,4.2,1.67
2015,2015-09-12,EVE,CHE,2,0,1,3.0,0.0,4.0,3.6,2.0
2015,2015-09-12,MANU,LIVP,1,0,1,3.0,0.0,2.0,3.4,4.33
2015,2015-09-12,NOR,BOU,3,1,1,3.0,0.0,2.4,3.4,3.2
2015,2015-09-12,WAT,SWA,3,1,1,3.0,0.0,2.75,3.4,2.75
2015,2015-09-12,WBA,SOU,3,1,1,3.0,0.0,3.2,3.2,2.5
2015,2015-08-30,SOU,NOR,1,2,-1,0.0,3.0,2.05,3.5,4.0
2015,2015-08-30,SWA,MANU,1,3,-1,0.0,3.0,3.6,3.3,2.25
2015,2015-08-29,AVL,SUN,3,0,1,3.0,0.0,1.91,3.5,4.75
2015,2015-08-29,BOU,LEIC,3,0,1,3.0,0.0,2.2,3.6,3.4
2015,2015-08-29,CHE,CRY,2,2,0,1.0,1.0,1.36,5.0,11.0
2015,2015-08-29,LIVP,WHU,0,0,0,1.0,1.0,1.36,5.5,9.0
2015,2015-08-29,MANC,WAT,2,1,1,3.0,0.0,1.2,8.0,15.0
2015,2015-08-29,NEW,ARS,1,2,-1,0.0,3.0,6.0,4.2,1.62
2015,2015-08-29,STO,WBA,1,0,1,3.0,0.0,1.95,3.4,4.5
2015,2015-08-29,TOT,EVE,4,2,1,3.0,0.0,2.0,3.5,4.2
2015,2015-08-24,ARS,LIVP,2,1,1,3.0,0.0,1.75,4.0,5.0
2015,2015-08-23,EVE,MANC,6,0,1,3.0,0.0,5.0,4.0,1.73
2015,2015-08-23,WAT,SOU,0,0,0,1.0,1.0,2.8,3.3,2.75
2015,2015-08-23,WBA,CHE,2,0,1,3.0,0.0,6.5,4.0,1.62
2015,2015-08-22,CRY,AVL,1,1,0,1.0,1.0,1.85,3.6,4.75
2015,2015-08-22,LEIC,TOT,2,0,1,3.0,0.0,2.63,3.6,2.75
2015,2015-08-22,MANU,NEW,2,1,1,3.0,0.0,1.36,5.25,10.0
2015,2015-08-22,NOR,STO,1,0,1,3.0,0.0,2.3,3.3,3.5
2015,2015-08-22,SUN,SWA,4,2,1,3.0,0.0,4.0,3.4,2.1
2015,2015-08-22,WHU,BOU,0,1,-1,0.0,3.0,2.38,3.4,3.2
2015,2015-08-17,LIVP,BOU,0,1,-1,0.0,3.0,1.45,4.75,8.0
2015,2015-08-16,CRY,ARS,2,0,1,3.0,0.0,5.25,3.9,1.73
2015,2015-08-16,MANC,CHE,3,1,1,3.0,0.0,2.1,3.5,3.75
2015,2015-08-15,SOU,EVE,0,0,0,1.0,1.0,1.95,3.6,4.33
2015,2015-08-15,SUN,NOR,0,2,-1,0.0,3.0,2.5,3.3,3.1
2015,2015-08-15,SWA,NEW,1,2,-1,0.0,3.0,1.95,3.6,4.33
2015,2015-08-15,TOT,STO,0,0,0,1.0,1.0,1.8,3.75,5.0
2015,2015-08-15,WAT,WBA,1,1,0,1.0,1.0,2.3,3.4,3.4
2015,2015-08-15,WHU,LEIC,0,0,0,1.0,1.0,2.25,3.5,3.4
2015,2015-08-14,AVL,MANU,6,2,1,3.0,0.0,5.5,3.8,1.73
2015,2015-08-10,WBA,MANC,0,2,-1,0.0,3.0,5.75,4.0,1.67
2015,2015-08-09,ARS,WHU,1,2,-1,0.0,3.0,1.29,6.0,12.0
2015,2015-08-09,NEW,SOU,4,0,1,3.0,0.0,2.88,3.3,2.7
2015,2015-08-09,STO,LIVP,4,0,1,3.0,0.0,3.4,3.4,2.3
2015,2015-08-08,BOU,AVL,1,1,0,1.0,1.0,2.0,3.6,4.0
2015,2015-08-08,CHE,SWA,2,0,1,3.0,0.0,1.36,5.0,11.0
2015,2015-08-08,EVE,WAT,0,0,0,1.0,1.0,1.7,3.9,5.5
2015,2015-08-08,LEIC,SUN,1,0,1,3.0,0.0,1.95,3.5,4.33
2015,2015-08-08,MANU,TOT,0,4,-1,0.0,3.0,1.65,4.0,6.0
2015,2015-08-08,NOR,CRY,2,4,-1,0.0,3.0,2.55,3.3,3.0
2014,2015-05-24,ARS,WBA,0,0,0,1.0,1.0,1.4,5.25,8.5
2014,2015-05-24,AVL,BUR,1,1,0,1.0,1.0,2.1,3.6,3.75
2014,2015-05-24,CHE,SUN,2,0,1,3.0,0.0,1.36,5.25,9.5
2014,2015-05-24,CRY,SWA,3,1,1,3.0,0.0,2.25,3.6,3.3
2014,2015-05-24,EVE,TOT,1,1,0,1.0,1.0,2.4,3.6,3.0
2014,2015-05-24,HUL,MANU,0,0,0,1.0,1.0,3.2,3.75,2.25
2014,2015-05-24,LEIC,QPR,8,1,1,3.0,0.0,1.6,4.33,6.0
2014,2015-05-24,MANC,SOU,0,0,0,1.0,1.0,1.57,4.5,6.0
2014,2015-05-24,NEW,WHU,0,3,-1,0.0,3.0,1.83,4.0,4.33
2014,2015-05-24,STO,LIVP,2,1,1,3.0,0.0,3.5,3.6,2.15
2014,2015-05-20,ARS,SUN,4,1,1,3.0,0.0,1.3,6.0,11.0
2014,2015-05-18,WBA,CHE,3,1,1,3.0,0.0,4.1,3.5,2.0
2014,2015-05-17,MANU,ARS,3,3,0,1.0,1.0,2.45,3.5,3.0
2014,2015-05-17,SWA,MANC,1,0,1,3.0,0.0,4.75,4.2,1.75
2014,2015-05-16,BUR,STO,0,0,0,1.0,1.0,2.7,3.3,2.88
2014,2015-05-16,LIVP,CRY,0,1,-1,0.0,3.0,1.45,4.75,8.0
2014,2015-05-16,QPR,NEW,1,0,1,3.0,0.0,3.1,3.5,2.4
2014,2015-05-16,SOU,AVL,3,0,1,3.0,0.0,1.75,3.8,5.25
2014,2015-05-16,SUN,LEIC,0,0,0,1.0,1.0,2.8,3.3,2.75
2014,2015-05-16,TOT,HUL,5,1,1,3.0,0.0,1.8,3.8,4.75
2014,2015-05-16,WHU,EVE,0,0,0,1.0,1.0,2.9,3.4,2.6
2014,2015-05-11,ARS,SWA,1,3,-1,0.0,3.0,1.3,6.0,11.0
2014,2015-05-10,CHE,LIVP,1,1,0,1.0,1.0,2.1,3.5,3.8
2014,2015-05-10,MANC,QPR,1,0,1,3.0,0.0,1.22,7.5,13.0
2014,2015-05-09,AVL,WHU,1,1,0,1.0,1.0,1.91,3.7,4.33
2014,2015-05-09,CRY,MANU,2,0,1,3.0,0.0,4.5,3.6,1.91
2014,2015-05-09,EVE,SUN,0,1,-1,0.0,3.0,1.8,3.75,5.0
2014,2015-05-09,HUL,BUR,2,1,1,3.0,0.0,1.95,3.5,4.5
2014,2015-05-09,LEIC,SOU,2,2,0,1.0,1.0,2.6,3.4,2.9
2014,2015-05-09,NEW,WBA,3,1,1,3.0,0.0,2.55,3.3,3.0
2014,2015-05-09,STO,TOT,3,2,1,3.0,0.0,2.9,3.4,2.6
2014,2015-05-04,HUL,ARS,2,1,1,3.0,0.0,5.5,4.0,1.7
2014,2015-05-03,CHE,CRY,0,1,-1,0.0,3.0,1.36,5.25,10.0
2014,2015-05-03,TOT,MANC,2,4,-1,0.0,3.0,3.75,3.75,2.05
2014,2015-05-02,AVL,EVE,1,4,-1,0.0,3.0,2.75,3.3,2.8
2014,2015-05-02,LEIC,NEW,0,3,-1,0.0,3.0,1.91,3.7,4.33
2014,2015-05-02,LIVP,QPR,2,1,1,3.0,0.0,1.36,5.25,10.0
2014,2015-05-02,MANU,WBA,2,4,-1,0.0,3.0,1.36,5.25,10.0
2014,2015-05-02,SUN,SOU,0,1,-1,0.0,3.0,4.2,3.4,2.05
2014,2015-05-02,SWA,STO,3,0,1,3.0,0.0,2.3,3.4,3.4
2014,2015-05-02,WHU,BUR,2,1,1,3.0,0.0,2.25,3.5,3.4
2014,2015-04-29,LEIC,CHE,2,3,-1,0.0,3.0,5.75,3.8,1.7
2014,2015-04-28,HUL,LIVP,1,1,0,1.0,1.0,4.33,3.4,2.0
2014,2015-04-26,ARS,CHE,1,1,0,1.0,1.0,2.4,3.3,3.3
2014,2015-04-26,EVE,MANU,0,0,0,1.0,1.0,3.75,3.4,2.15
2014,2015-04-25,BUR,LEIC,1,0,1,3.0,0.0,2.63,3.3,2.9
2014,2015-04-25,CRY,HUL,2,0,1,3.0,0.0,2.05,3.3,4.2
2014,2015-04-25,MANC,AVL,3,2,1,3.0,0.0,1.29,6.0,12.0
2014,2015-04-25,NEW,SWA,2,2,0,1.0,1.0,2.45,3.25,3.25
2014,2015-04-25,QPR,WHU,5,2,1,3.0,0.0,2.38,3.4,3.25
2014,2015-04-25,SOU,TOT,2,1,1,3.0,0.0,2.1,3.5,3.8
2014,2015-04-25,STO,SUN,2,2,0,1.0,1.0,1.91,3.5,4.75
2014,2015-04-25,WBA,LIVP,1,1,0,1.0,1.0,4.0,3.6,2.0
2014,2015-04-19,MANC,WHU,0,2,-1,0.0,3.0,1.25,6.5,11.0
2014,2015-04-19,NEW,TOT,3,0,1,3.0,0.0,3.3,3.5,2.3
2014,2015-04-18,CHE,MANU,0,4,-1,0.0,3.0,2.0,3.4,4.33
2014,2015-04-18,CRY,WBA,0,2,-1,0.0,3.0,1.95,3.5,4.5
2014,2015-04-18,EVE,BUR,1,1,0,1.0,1.0,1.73,3.8,5.5
2014,2015-04-18,LEIC,SWA,0,0,0,1.0,1.0,2.15,3.4,3.75
2014,2015-04-18,STO,SOU,2,1,1,3.0,0.0,3.5,3.25,2.3
2014,2015-04-13,LIVP,NEW,2,3,-1,0.0,3.0,1.4,5.0,9.0
2014,2015-04-12,MANU,MANC,2,1,1,3.0,0.0,2.63,3.4,2.88
2014,2015-04-12,QPR,CHE,1,0,1,3.0,0.0,9.0,5.0,1.4
2014,2015-04-11,BUR,ARS,2,1,1,3.0,0.0,6.5,4.33,1.57
2014,2015-04-11,SOU,HUL,3,1,1,3.0,0.0,1.53,4.2,7.5
2014,2015-04-11,SUN,CRY,0,1,-1,0.0,3.0,2.9,3.2,2.7
2014,2015-04-11,SWA,EVE,2,2,0,1.0,1.0,2.5,3.3,3.1
2014,2015-04-11,TOT,AVL,1,1,0,1.0,1.0,1.62,4.2,6.0
2014,2015-04-11,WBA,LEIC,0,3,-1,0.0,3.0,2.3,3.4,3.4
2014,2015-04-11,WHU,STO,2,2,0,1.0,1.0,2.3,3.4,3.4
2014,2015-04-07,AVL,QPR,1,3,-1,0.0,3.0,2.15,3.4,3.8
2014,2015-04-06,CRY,MANC,2,0,1,3.0,0.0,5.0,4.0,1.67
2014,2015-04-05,BUR,TOT,1,0,1,3.0,0.0,3.5,3.4,2.1
2014,2015-04-05,SUN,NEW,3,2,1,3.0,0.0,2.5,3.1,3.1
2014,2015-04-04,ARS,LIVP,1,0,1,3.0,0.0,1.83,3.75,4.2
2014,2015-04-04,CHE,STO,3,2,1,3.0,0.0,1.29,5.5,11.0
2014,2015-04-04,EVE,SOU,1,2,-1,0.0,3.0,2.63,3.2,2.8
2014,2015-04-04,LEIC,WHU,1,1,0,1.0,1.0,2.38,3.3,3.1
2014,2015-04-04,MANU,AVL,3,2,1,3.0,0.0,1.3,5.5,10.0
2014,2015-04-04,SWA,HUL,0,1,-1,0.0,3.0,1.91,3.5,4.2
2014,2015-04-04,WBA,QPR,1,0,1,3.0,0.0,1.8,3.5,4.5
2014,2015-03-22,HUL,CHE,6,0,1,3.0,0.0,7.0,4.33,1.44
2014,2015-03-22,LIVP,MANU,1,2,-1,0.0,3.0,2.05,3.4,3.6
2014,2015-03-22,QPR,EVE,0,1,-1,0.0,3.0,3.3,3.4,2.15
2014,2015-03-21,AVL,SWA,2,0,1,3.0,0.0,2.5,3.25,2.8
2014,2015-03-21,MANC,WBA,1,1,0,1.0,1.0,1.3,5.5,8.5
2014,2015-03-21,NEW,ARS,4,2,1,3.0,0.0,6.0,3.8,1.57
2014,2015-03-21,SOU,BUR,0,1,-1,0.0,3.0,1.4,4.5,7.5
2014,2015-03-21,STO,CRY,2,0,1,3.0,0.0,2.1,3.3,3.5
2014,2015-03-21,TOT,LEIC,1,1,0,1.0,1.0,1.53,4.0,6.0
2014,2015-03-21,WHU,SUN,1,3,-1,0.0,3.0,1.8,3.5,4.5
2014,2015-03-16,SWA,LIVP,0,0,0,1.0,1.0,4.0,3.6,2.0
2014,2015-03-15,CHE,SOU,3,3,0,1.0,1.0,1.62,4.0,6.5
2014,2015-03-15,EVE,NEW,1,2,-1,0.0,3.0,1.83,3.75,4.75
2014,2015-03-15,MANU,TOT,3,0,1,3.0,0.0,1.91,3.75,4.33
2014,2015-03-14,ARS,WHU,2,2,0,1.0,1.0,1.4,5.0,9.0
2014,2015-03-14,BUR,MANC,1,3,-1,0.0,3.0,7.5,5.0,1.44
2014,2015-03-14,CRY,QPR,4,1,1,3.0,0.0,1.83,3.75,4.75
2014,2015-03-14,LEIC,HUL,0,3,-1,0.0,3.0,2.2,3.3,3.75
2014,2015-03-14,SUN,AVL,1,0,1,3.0,0.0,2.38,3.25,3.4
2014,2015-03-14,WBA,STO,2,1,1,3.0,0.0,2.38,3.25,3.4
2014,2015-03-07,QPR,TOT,0,0,0,1.0,1.0,4.75,3.9,1.8
2014,2015-03-04,LIVP,BUR,3,3,0,1.0,1.0,1.36,5.25,10.0
2014,2015-03-04,MANC,LEIC,1,0,1,3.0,0.0,1.25,7.0,13.0
2014,2015-03-04,NEW,MANU,1,1,0,1.0,1.0,4.2,3.5,2.0
2014,2015-03-04,QPR,ARS,1,1,0,1.0,1.0,7.0,4.33,1.53
2014,2015-03-04,STO,EVE,0,2,-1,0.0,3.0,2.5,3.3,3.1
2014,2015-03-04,TOT,SWA,3,2,1,3.0,0.0,1.75,3.8,5.25
2014,2015-03-04,WHU,CHE,1,1,0,1.0,1.0,6.25,4.0,1.62
2014,2015-03-03,AVL,WBA,1,1,0,1.0,1.0,2.88,3.1,2.88
2014,2015-03-03,HUL,SUN,2,2,0,1.0,1.0,2.15,3.3,3.9
2014,2015-03-03,SOU,CRY,3,0,1,3.0,0.0,1.7,3.8,5.75
2014,2015-03-01,ARS,EVE,2,0,1,3.0,0.0,1.57,4.5,6.0
2014,2015-03-01,LIVP,MANC,2,1,1,3.0,0.0,3.1,3.6,2.38
2014,2015-02-28,BUR,SWA,2,3,-1,0.0,3.0,2.63,3.3,2.9
2014,2015-02-28,MANU,SUN,1,2,-1,0.0,3.0,1.36,5.25,10.0
2014,2015-02-28,NEW,AVL,2,1,1,3.0,0.0,1.95,3.5,4.5
2014,2015-02-28,STO,HUL,1,0,1,3.0,0.0,1.91,3.5,4.75
2014,2015-02-28,WBA,SOU,0,0,0,1.0,1.0,3.4,3.2,2.38
2014,2015-02-28,WHU,CRY,2,0,1,3.0,0.0,2.15,3.4,3.75
2014,2015-02-22,EVE,LEIC,1,2,-1,0.0,3.0,1.83,3.6,5.0
2014,2015-02-22,SOU,LIVP,2,0,1,3.0,0.0,2.63,3.3,2.9
2014,2015-02-22,TOT,WHU,2,0,1,3.0,0.0,1.8,3.8,4.75
2014,2015-02-21,AVL,STO,2,0,1,3.0,0.0,2.7,3.2,2.9
2014,2015-02-21,CHE,BUR,0,3,-1,0.0,3.0,1.2,7.5,17.0
2014,2015-02-21,CRY,ARS,1,0,1,3.0,0.0,4.75,3.75,1.83
2014,2015-02-21,HUL,QPR,0,1,-1,0.0,3.0,2.05,3.3,4.2
2014,2015-02-21,MANC,NEW,3,0,1,3.0,0.0,1.3,6.0,11.0
2014,2015-02-21,SUN,WBA,0,2,-1,0.0,3.0,2.7,3.2,2.9
2014,2015-02-21,SWA,MANU,1,0,1,3.0,0.0,4.2,3.5,2.0
2014,2015-02-11,CHE,EVE,0,3,-1,0.0,3.0,1.33,5.5,11.0
2014,2015-02-11,CRY,NEW,1,1,0,1.0,1.0,2.38,3.3,3.3
2014,2015-02-11,MANU,BUR,2,1,1,3.0,0.0,1.29,6.0,12.0
2014,2015-02-11,SOU,WHU,2,3,-1,0.0,3.0,1.73,3.9,5.25
2014,2015-02-11,STO,MANC,2,2,0,1.0,1.0,5.75,3.8,1.7
2014,2015-02-11,WBA,SWA,0,1,-1,0.0,3.0,2.55,3.25,3.1
2014,2015-02-10,ARS,LEIC,2,0,1,3.0,0.0,1.29,6.0,12.0
2014,2015-02-10,HUL,AVL,0,0,0,1.0,1.0,2.38,3.1,3.5
2014,2015-02-10,LIVP,TOT,1,2,-1,0.0,3.0,1.91,3.8,4.2
2014,2015-02-10,SUN,QPR,0,1,-1,0.0,3.0,1.91,3.6,4.5
2014,2015-02-08,BUR,WBA,0,1,-1,0.0,3.0,2.6,3.25,3.0
2014,2015-02-08,NEW,STO,1,0,1,3.0,0.0,2.3,3.4,3.4
2014,2015-02-08,WHU,MANU,1,0,1,3.0,0.0,4.2,3.6,1.95
2014,2015-02-07,AVL,CHE,1,1,0,1.0,1.0,10.0,5.25,1.36
2014,2015-02-07,EVE,LIVP,3,1,1,3.0,0.0,3.4,3.4,2.3
2014,2015-02-07,LEIC,CRY,1,1,0,1.0,1.0,2.4,3.3,3.25
2014,2015-02-07,MANC,HUL,1,1,0,1.0,1.0,1.18,8.0,19.0
2014,2015-02-07,QPR,SOU,2,1,1,3.0,0.0,4.75,3.6,1.85
2014,2015-02-07,SWA,SUN,2,1,1,3.0,0.0,1.91,3.5,4.6
2014,2015-02-07,TOT,ARS,0,1,-1,0.0,3.0,3.25,3.5,2.3
2014,2015-02-01,ARS,AVL,2,2,0,1.0,1.0,1.25,6.5,15.0
2014,2015-02-01,SOU,SWA,1,1,0,1.0,1.0,1.6,4.0,6.5
2014,2015-01-31,CHE,MANC,8,0,1,3.0,0.0,2.15,3.5,3.6
2014,2015-01-31,CRY,EVE,1,0,1,3.0,0.0,2.8,3.3,2.75
2014,2015-01-31,HUL,NEW,2,0,1,3.0,0.0,2.7,3.25,2.88
2014,2015-01-31,LIVP,WHU,2,0,1,3.0,0.0,1.67,4.0,5.75
2014,2015-01-31,MANU,LEIC,0,0,0,1.0,1.0,1.36,5.5,9.5
2014,2015-01-31,STO,QPR,1,2,-1,0.0,3.0,1.65,4.0,6.0
2014,2015-01-31,SUN,BUR,0,0,0,1.0,1.0,2.25,3.3,3.6
2014,2015-01-31,WBA,TOT,3,1,1,3.0,0.0,2.9,3.3,2.63
2014,2015-01-19,EVE,WBA,2,0,1,3.0,0.0,1.85,3.6,4.75
2014,2015-01-18,MANC,ARS,3,1,1,3.0,0.0,1.8,4.0,4.5
2014,2015-01-18,WHU,HUL,0,1,-1,0.0,3.0,1.75,3.75,5.25
2014,2015-01-17,AVL,LIVP,1,1,0,1.0,1.0,4.5,3.6,1.91
2014,2015-01-17,BUR,CRY,1,1,0,1.0,1.0,2.55,3.25,3.1
2014,2015-01-17,LEIC,STO,2,0,1,3.0,0.0,2.63,3.3,2.9
2014,2015-01-17,NEW,SOU,2,0,1,3.0,0.0,3.3,3.3,2.38
2014,2015-01-17,QPR,MANU,2,0,1,3.0,0.0,6.0,4.2,1.62
2014,2015-01-17,SWA,CHE,1,1,0,1.0,1.0,7.0,4.2,1.55
2014,2015-01-17,TOT,SUN,2,2,0,1.0,1.0,1.62,4.2,6.0
2014,2015-01-11,ARS,STO,1,2,-1,0.0,3.0,1.44,4.75,8.0
2014,2015-01-11,MANU,SOU,4,3,1,3.0,0.0,1.83,3.75,4.75
2014,2015-01-10,BUR,QPR,1,0,1,3.0,0.0,2.2,3.4,3.6
2014,2015-01-10,CHE,NEW,2,0,1,3.0,0.0,1.2,7.5,17.0
2014,2015-01-10,CRY,TOT,2,0,1,3.0,0.0,3.5,3.5,2.2
2014,2015-01-10,EVE,MANC,2,0,1,3.0,0.0,4.5,3.75,1.85
2014,2015-01-10,LEIC,AVL,3,1,1,3.0,0.0,2.2,3.4,3.6
2014,2015-01-10,SUN,LIVP,0,1,-1,0.0,3.0,4.5,3.6,1.91
2014,2015-01-10,SWA,WHU,1,2,-1,0.0,3.0,2.25,3.5,3.4
2014,2015-01-10,WBA,HUL,1,1,0,1.0,1.0,2.05,3.4,4.2
2014,2015-01-01,AVL,CRY,1,2,-1,0.0,3.0,2.4,3.3,3.3
2014,2015-01-01,HUL,EVE,0,3,-1,0.0,3.0,3.4,3.4,2.3
2014,2015-01-01,LIVP,LEIC,2,2,0,1.0,1.0,1.4,5.0,9.0
2014,2015-01-01,MANC,SUN,2,0,1,3.0,0.0,1.22,7.0,15.0
2014,2015-01-01,NEW,BUR,1,0,1,3.0,0.0,1.83,3.75,4.75
2014,2015-01-01,QPR,SWA,0,0,0,1.0,1.0,3.0,3.4,2.5
2014,2015-01-01,SOU,ARS,3,1,1,3.0,0.0,2.9,3.4,2.6
2014,2015-01-01,STO,MANU,2,1,1,3.0,0.0,4.2,3.5,2.0
2014,2015-01-01,TOT,CHE,0,1,-1,0.0,3.0,5.0,3.75,1.8
2014,2015-01-01,WHU,WBA,1,2,-1,0.0,3.0,1.85,3.75,4.5
2014,2014-12-29,LIVP,SWA,2,0,1,3.0,0.0,1.7,4.0,5.5
2014,2014-12-28,AVL,SUN,2,1,1,3.0,0.0,2.35,3.3,3.4
2014,2014-12-28,HUL,LEIC,0,0,0,1.0,1.0,2.25,3.4,3.5
2014,2014-12-28,MANC,BUR,0,2,-1,0.0,3.0,1.18,8.0,19.0
2014,2014-12-28,NEW,EVE,3,1,1,3.0,0.0,2.9,3.4,2.6
2014,2014-12-28,QPR,CRY,0,0,0,1.0,1.0,2.38,3.4,3.25
2014,2014-12-28,SOU,CHE,1,0,1,3.0,0.0,4.75,3.75,1.83
2014,2014-12-28,STO,WBA,2,0,1,3.0,0.0,1.91,3.6,4.5
2014,2014-12-28,TOT,MANU,0,1,-1,0.0,3.0,3.25,3.6,2.3
2014,2014-12-28,WHU,ARS,1,1,0,1.0,1.0,3.5,3.5,2.2
2014,2014-12-26,ARS,QPR,2,1,1,3.0,0.0,1.29,6.0,13.0
2014,2014-12-26,BUR,LIVP,6,1,1,3.0,0.0,4.75,3.8,1.8
2014,2014-12-26,CHE,WHU,2,1,1,3.0,0.0,1.33,5.75,10.0
2014,2014-12-26,CRY,SOU,2,1,1,3.0,0.0,3.75,3.4,2.15
2014,2014-12-26,EVE,STO,1,0,1,3.0,0.0,1.83,3.6,5.0
2014,2014-12-26,LEIC,TOT,2,1,1,3.0,0.0,3.8,3.6,2.05
2014,2014-12-26,MANU,NEW,5,1,1,3.0,0.0,1.4,5.0,9.0
2014,2014-12-26,SUN,HUL,1,1,0,1.0,1.0,2.05,3.4,4.2
2014,2014-12-26,SWA,AVL,2,2,0,1.0,1.0,1.75,3.75,5.25
2014,2014-12-26,WBA,MANC,2,0,1,3.0,0.0,6.5,4.5,1.53
2014,2014-12-22,STO,CHE,3,3,0,1.0,1.0,6.25,4.0,1.62
2014,2014-12-21,LIVP,ARS,3,1,1,3.0,0.0,2.8,3.5,2.6
2014,2014-12-21,NEW,SUN,0,3,-1,0.0,3.0,2.05,3.5,4.0
2014,2014-12-20,AVL,MANU,0,0,0,1.0,1.0,6.25,4.0,1.62
2014,2014-12-20,HUL,SWA,2,1,1,3.0,0.0,3.1,3.3,2.5
2014,2014-12-20,MANC,CRY,2,1,1,3.0,0.0,1.29,6.0,12.0
2014,2014-12-20,QPR,WBA,0,1,-1,0.0,3.0,2.45,3.3,3.2
2014,2014-12-20,SOU,EVE,3,2,1,3.0,0.0,2.45,3.5,3.0
2014,2014-12-20,TOT,BUR,0,0,0,1.0,1.0,1.5,4.5,7.5
2014,2014-12-20,WHU,LEIC,0,2,-1,0.0,3.0,1.75,3.9,5.0
2014,2014-12-15,EVE,QPR,2,1,1,3.0,0.0,1.45,4.5,8.5
2014,2014-12-14,MANU,LIVP,1,2,-1,0.0,3.0,1.8,3.8,4.75
2014,2014-12-14,SWA,TOT,2,1,1,3.0,0.0,2.5,3.4,3.0
2014,2014-12-13,ARS,NEW,0,1,-1,0.0,3.0,1.44,4.75,8.0
2014,2014-12-13,BUR,SOU,3,1,1,3.0,0.0,5.5,3.75,1.73
2014,2014-12-13,CHE,HUL,2,0,1,3.0,0.0,1.18,8.0,18.0
2014,2014-12-13,CRY,STO,1,0,1,3.0,0.0,2.6,3.25,3.0
2014,2014-12-13,LEIC,MANC,1,0,1,3.0,0.0,7.0,4.75,1.5
2014,2014-12-13,SUN,WHU,1,1,0,1.0,1.0,2.95,3.4,2.55
2014,2014-12-13,WBA,AVL,3,1,1,3.0,0.0,2.15,3.4,3.8
2014,2014-12-08,SOU,MANU,0,0,0,1.0,1.0,2.8,3.4,2.7
2014,2014-12-07,AVL,LEIC,1,1,0,1.0,1.0,2.4,3.4,3.2
2014,2014-12-07,WHU,SWA,2,1,1,3.0,0.0,2.35,3.4,3.25
2014,2014-12-06,HUL,WBA,3,0,1,3.0,0.0,2.45,3.3,3.2
2014,2014-12-06,LIVP,SUN,1,0,1,3.0,0.0,1.5,4.5,7.5
2014,2014-12-06,MANC,EVE,0,1,-1,0.0,3.0,1.5,4.75,7.0
2014,2014-12-06,NEW,CHE,2,2,0,1.0,1.0,7.0,4.33,1.53
2014,2014-12-06,QPR,BUR,1,1,0,1.0,1.0,2.05,3.5,4.0
2014,2014-12-06,STO,ARS,3,2,1,3.0,0.0,4.0,3.6,2.0
2014,2014-12-06,TOT,CRY,2,1,1,3.0,0.0,1.6,4.2,6.0
2014,2014-12-03,ARS,SOU,1,2,-1,0.0,3.0,1.8,3.75,5.0
2014,2014-12-03,CHE,TOT,0,1,-1,0.0,3.0,1.4,5.0,9.0
2014,2014-12-03,EVE,HUL,0,1,-1,0.0,3.0,1.53,4.33,7.0
2014,2014-12-03,SUN,MANC,2,0,1,3.0,0.0,7.5,4.5,1.5
2014,2014-12-02,BUR,NEW,1,0,1,3.0,0.0,2.8,3.3,2.75
2014,2014-12-02,CRY,AVL,2,3,-1,0.0,3.0,2.1,3.4,4.0
2014,2014-12-02,LEIC,LIVP,1,0,1,3.0,0.0,3.8,3.6,2.05
2014,2014-12-02,MANU,STO,3,2,1,3.0,0.0,1.45,4.5,8.5
2014,2014-12-02,SWA,QPR,2,1,1,3.0,0.0,1.73,3.8,5.5
2014,2014-12-02,WBA,WHU,0,3,-1,0.0,3.0,2.5,3.4,3.0
2014,2014-11-30,SOU,MANC,1,1,0,1.0,1.0,3.2,3.6,2.3
2014,2014-11-30,TOT,EVE,2,1,1,3.0,0.0,2.25,3.6,3.25
2014,2014-11-29,BUR,AVL,0,3,-1,0.0,3.0,2.15,3.4,3.75
2014,2014-11-29,LIVP,STO,2,0,1,3.0,0.0,1.73,4.0,5.0
2014,2014-11-29,MANU,HUL,0,1,-1,0.0,3.0,1.33,5.75,10.0
2014,2014-11-29,QPR,LEIC,2,0,1,3.0,0.0,2.38,3.4,3.25
2014,2014-11-29,SUN,CHE,1,1,0,1.0,1.0,9.0,5.0,1.4
2014,2014-11-29,SWA,CRY,1,3,-1,0.0,3.0,1.8,3.75,5.0
2014,2014-11-29,WBA,ARS,1,2,-1,0.0,3.0,4.5,3.8,1.85
2014,2014-11-29,WHU,NEW,1,0,1,3.0,0.0,2.15,3.5,3.6
2014,2014-11-24,AVL,SOU,0,3,-1,0.0,3.0,5.25,3.75,1.75
2014,2014-11-23,CRY,LIVP,0,0,0,1.0,1.0,4.33,3.7,1.91
2014,2014-11-23,HUL,TOT,1,1,0,1.0,1.0,3.6,3.4,2.2
2014,2014-11-22,ARS,MANU,1,0,1,3.0,0.0,2.15,3.6,3.5
2014,2014-11-22,CHE,WBA,1,2,-1,0.0,3.0,1.25,6.5,15.0
2014,2014-11-22,EVE,WHU,3,4,-1,0.0,3.0,1.85,3.8,4.5
2014,2014-11-22,LEIC,SUN,1,0,1,3.0,0.0,2.1,3.5,3.8
2014,2014-11-22,MANC,SWA,0,2,-1,0.0,3.0,1.4,5.25,8.5
2014,2014-11-22,NEW,QPR,2,1,1,3.0,0.0,1.83,3.75,4.75
2014,2014-11-22,STO,BUR,1,1,0,1.0,1.0,1.7,3.8,5.75
2014,2014-11-09,SUN,EVE,1,1,0,1.0,1.0,4.0,3.5,2.05
2014,2014-11-09,SWA,ARS,1,0,1,3.0,0.0,3.75,3.5,2.1
2014,2014-11-09,TOT,STO,0,0,0,1.0,1.0,1.7,4.0,5.5
2014,2014-11-09,WBA,NEW,4,4,0,1.0,1.0,2.3,3.5,3.3
2014,2014-11-08,BUR,HUL,2,2,0,1.0,1.0,2.5,3.4,3.0
2014,2014-11-08,LIVP,CHE,0,0,0,1.0,1.0,3.4,3.4,2.3
2014,2014-11-08,MANU,CRY,0,0,0,1.0,1.0,1.3,6.0,11.0
2014,2014-11-08,QPR,MANC,2,0,1,3.0,0.0,7.0,4.75,1.5
2014,2014-11-08,SOU,LEIC,4,1,1,3.0,0.0,1.44,4.75,8.0
2014,2014-11-08,WHU,AVL,0,2,-1,0.0,3.0,1.75,3.75,5.5
2014,2014-11-03,CRY,SUN,3,1,1,3.0,0.0,2.1,3.5,3.8
2014,2014-11-02,AVL,TOT,0,1,-1,0.0,3.0,3.75,3.6,2.1
2014,2014-11-02,MANC,MANU,1,2,-1,0.0,3.0,1.91,3.75,4.33
2014,2014-11-01,ARS,BUR,1,2,-1,0.0,3.0,1.25,6.5,14.0
2014,2014-11-01,CHE,QPR,1,6,-1,0.0,3.0,1.17,8.5,21.0
2014,2014-11-01,EVE,SWA,0,2,-1,0.0,3.0,1.75,3.8,5.25
2014,2014-11-01,HUL,SOU,0,2,-1,0.0,3.0,3.8,3.6,2.05
2014,2014-11-01,LEIC,WBA,3,0,1,3.0,0.0,2.3,3.5,3.3
2014,2014-11-01,NEW,LIVP,0,6,-1,0.0,3.0,3.8,3.75,2.0
2014,2014-11-01,STO,WHU,4,2,1,3.0,0.0,2.38,3.4,3.25
2014,2014-10-27,QPR,AVL,1,0,1,3.0,0.0,2.38,3.25,3.4
2014,2014-10-26,BUR,EVE,1,2,-1,0.0,3.0,4.75,3.75,1.83
2014,2014-10-26,MANU,CHE,0,0,0,1.0,1.0,2.88,3.6,2.5
2014,2014-10-26,TOT,NEW,3,1,1,3.0,0.0,1.75,3.9,5.0
2014,2014-10-25,LIVP,HUL,2,3,-1,0.0,3.0,1.44,4.75,8.0
2014,2014-10-25,SOU,STO,1,0,1,3.0,0.0,1.65,4.0,6.0
2014,2014-10-25,SUN,ARS,3,4,-1,0.0,3.0,5.5,3.8,1.73
2014,2014-10-25,SWA,LEIC,0,0,0,1.0,1.0,1.95,3.7,4.2
2014,2014-10-25,WBA,CRY,1,0,1,3.0,0.0,1.91,3.6,4.5
2014,2014-10-25,WHU,MANC,0,0,0,1.0,1.0,6.5,4.5,1.55
2014,2014-10-20,WBA,MANU,2,0,1,3.0,0.0,5.0,4.0,1.75
2014,2014-10-19,QPR,LIVP,3,1,1,3.0,0.0,6.0,4.2,1.6
2014,2014-10-19,STO,SWA,1,2,-1,0.0,3.0,2.5,3.3,3.1
2014,2014-10-18,ARS,HUL,2,2,0,1.0,1.0,1.4,5.0,9.0
2014,2014-10-18,BUR,WHU,3,2,1,3.0,0.0,2.8,3.4,2.7
2014,2014-10-18,CRY,CHE,2,2,0,1.0,1.0,8.5,4.75,1.44
2014,2014-10-18,EVE,AVL,1,1,0,1.0,1.0,1.6,4.0,6.5
2014,2014-10-18,MANC,TOT,2,3,-1,0.0,3.0,1.45,4.75,8.0
2014,2014-10-18,NEW,LEIC,1,0,1,3.0,0.0,2.25,3.6,3.3
2014,2014-10-18,SOU,SUN,1,1,0,1.0,1.0,1.57,4.0,7.0
2014,2014-10-05,CHE,ARS,1,1,0,1.0,1.0,1.67,4.2,5.25
2014,2014-10-05,MANU,EVE,4,0,1,3.0,0.0,1.67,4.2,5.25
2014,2014-10-05,TOT,SOU,4,2,1,3.0,0.0,2.2,3.5,3.5
2014,2014-10-05,WHU,QPR,0,0,0,1.0,1.0,1.91,3.6,4.5
2014,2014-10-04,AVL,MANC,3,2,1,3.0,0.0,7.5,4.5,1.5
2014,2014-10-04,HUL,CRY,0,1,-1,0.0,3.0,2.1,3.5,3.8
2014,2014-10-04,LEIC,BUR,1,1,0,1.0,1.0,1.8,3.75,5.0
2014,2014-10-04,LIVP,WBA,0,1,-1,0.0,3.0,1.44,5.0,7.5
2014,2014-10-04,SUN,STO,1,1,0,1.0,1.0,2.55,3.25,3.1
2014,2014-10-04,SWA,NEW,0,2,-1,0.0,3.0,1.91,3.7,4.33
2014,2014-09-29,STO,NEW,2,1,1,3.0,0.0,2.15,3.4,3.8
2014,2014-09-28,WBA,BUR,3,2,1,3.0,0.0,2.0,3.5,4.2
2014,2014-09-27,ARS,TOT,0,0,0,1.0,1.0,1.75,3.9,5.0
2014,2014-09-27,CHE,AVL,2,2,0,1.0,1.0,1.22,7.0,16.0
2014,2014-09-27,CRY,LEIC,4,0,1,3.0,0.0,2.63,3.4,2.88
2014,2014-09-27,HUL,MANC,0,2,-1,0.0,3.0,6.5,4.2,1.57
2014,2014-09-27,LIVP,EVE,3,1,1,3.0,0.0,1.91,3.75,4.33
2014,2014-09-27,MANU,WHU,1,2,-1,0.0,3.0,1.4,5.5,8.0
2014,2014-09-27,SOU,QPR,1,2,-1,0.0,3.0,1.44,4.6,8.5
2014,2014-09-27,SUN,SWA,4,0,1,3.0,0.0,2.9,3.3,2.63
2014,2014-09-21,EVE,CRY,1,3,-1,0.0,3.0,1.4,5.0,9.0
2014,2014-09-21,LEIC,MANU,1,0,1,3.0,0.0,5.5,4.2,1.67
2014,2014-09-21,MANC,CHE,1,1,0,1.0,1.0,2.38,3.5,3.1
2014,2014-09-21,TOT,WBA,1,2,-1,0.0,3.0,1.53,4.33,7.0
2014,2014-09-20,AVL,ARS,0,0,0,1.0,1.0,4.75,3.6,1.85
2014,2014-09-20,BUR,SUN,1,1,0,1.0,1.0,2.5,3.3,3.1
2014,2014-09-20,NEW,HUL,3,1,1,3.0,0.0,2.2,3.3,3.75
2014,2014-09-20,QPR,STO,3,0,1,3.0,0.0,2.8,3.25,2.8
2014,2014-09-20,SWA,SOU,1,1,0,1.0,1.0,2.5,3.3,3.1
2014,2014-09-20,WHU,LIVP,2,1,1,3.0,0.0,4.5,3.8,1.85
2014,2014-09-15,HUL,WHU,2,0,1,3.0,0.0,2.15,3.4,3.75
2014,2014-09-14,MANU,QPR,3,2,1,3.0,0.0,1.29,6.25,12.0
2014,2014-09-13,ARS,MANC,3,0,1,3.0,0.0,3.0,3.4,2.5
2014,2014-09-13,CHE,SWA,0,1,-1,0.0,3.0,1.3,5.75,12.0
2014,2014-09-13,CRY,BUR,1,2,-1,0.0,3.0,2.25,3.3,3.6
2014,2014-09-13,LIVP,AVL,0,1,-1,0.0,3.0,1.3,6.0,11.0
2014,2014-09-13,SOU,NEW,0,1,-1,0.0,3.0,1.8,3.75,5.0
2014,2014-09-13,STO,LEIC,0,3,-1,0.0,3.0,2.1,3.4,4.0
2014,2014-09-13,SUN,TOT,0,1,-1,0.0,3.0,3.6,3.5,2.15
2014,2014-09-13,WBA,EVE,0,0,0,1.0,1.0,3.5,3.5,2.2
2014,2014-08-31,AVL,HUL,1,0,1,3.0,0.0,2.3,3.3,3.5
2014,2014-08-31,LEIC,ARS,1,0,1,3.0,0.0,4.75,3.75,1.83
2014,2014-08-31,TOT,LIVP,2,2,0,1.0,1.0,2.7,3.5,2.7
2014,2014-08-30,BUR,MANU,2,0,1,3.0,0.0,6.0,4.2,1.62
2014,2014-08-30,EVE,CHE,1,0,1,3.0,0.0,3.75,3.3,2.2
2014,2014-08-30,MANC,STO,1,2,-1,0.0,3.0,1.18,8.0,18.0
2014,2014-08-30,NEW,CRY,0,0,0,1.0,1.0,1.75,3.75,5.25
2014,2014-08-30,QPR,SUN,3,1,1,3.0,0.0,2.4,3.25,3.3
2014,2014-08-30,SWA,WBA,0,3,-1,0.0,3.0,1.85,3.6,4.75
2014,2014-08-30,WHU,SOU,0,2,-1,0.0,3.0,2.8,3.4,2.7
2014,2014-08-25,MANC,LIVP,0,3,-1,0.0,3.0,1.85,4.0,4.33
2014,2014-08-24,HUL,STO,2,0,1,3.0,0.0,2.5,3.25,3.2
2014,2014-08-24,SUN,MANU,5,0,1,3.0,0.0,5.0,4.0,1.75
2014,2014-08-24,TOT,QPR,3,1,1,3.0,0.0,1.45,4.75,8.0
2014,2014-08-23,AVL,NEW,0,1,-1,0.0,3.0,2.5,3.4,3.0
2014,2014-08-23,CHE,LEIC,0,1,-1,0.0,3.0,1.2,7.5,17.0
2014,2014-08-23,CRY,WHU,2,1,1,3.0,0.0,2.5,3.3,3.1
2014,2014-08-23,EVE,ARS,3,3,0,1.0,1.0,2.8,3.4,2.7
2014,2014-08-23,SOU,WBA,1,1,0,1.0,1.0,1.85,3.7,4.75
2014,2014-08-23,SWA,BUR,0,6,-1,0.0,3.0,1.65,4.0,6.0
2014,2014-08-18,BUR,CHE,3,3,0,1.0,1.0,9.0,5.0,1.4
2014,2014-08-17,LIVP,SOU,2,0,1,3.0,0.0,1.33,5.75,10.0
2014,2014-08-17,NEW,MANC,0,1,-1,0.0,3.0,5.25,4.33,1.67
2014,2014-08-16,ARS,CRY,0,1,-1,0.0,3.0,1.25,6.5,15.0
2014,2014-08-16,LEIC,EVE,1,2,-1,0.0,3.0,3.2,3.4,2.4
2014,2014-08-16,MANU,SWA,2,0,1,3.0,0.0,1.36,5.0,11.0
2014,2014-08-16,QPR,HUL,2,0,1,3.0,0.0,2.5,3.3,3.1
2014,2014-08-16,STO,AVL,1,1,0,1.0,1.0,1.95,3.5,4.5
2014,2014-08-16,WBA,SUN,0,0,0,1.0,1.0,2.25,3.4,3.5
2014,2014-08-16,WHU,TOT,1,0,1,3.0,0.0,3.8,3.6,2.05
2013,2014-05-11,CARD,CHE,1,1,0,1.0,1.0,8.0,4.75,1.44
2013,2014-05-11,FUL,CRY,3,0,1,3.0,0.0,2.63,3.5,2.8
2013,2014-05-11,HUL,EVE,1,0,1,3.0,0.0,4.0,3.6,2.0
2013,2014-05-11,LIVP,NEW,0,0,0,1.0,1.0,1.22,7.5,13.0
2013,2014-05-11,MANC,WHU,1,2,-1,0.0,3.0,1.17,9.0,17.0
2013,2014-05-11,NOR,ARS,2,3,-1,0.0,3.0,4.5,3.8,1.85
2013,2014-05-11,SOU,MANU,4,0,1,3.0,0.0,2.63,3.5,2.8
2013,2014-05-11,SUN,SWA,0,1,-1,0.0,3.0,2.3,3.4,3.4
2013,2014-05-11,TOT,AVL,2,1,1,3.0,0.0,1.5,4.5,7.5
2013,2014-05-11,WBA,STO,1,4,-1,0.0,3.0,2.1,3.6,3.75
2013,2014-05-07,MANC,AVL,1,3,-1,0.0,3.0,1.14,9.5,21.0
2013,2014-05-07,SUN,WBA,6,1,1,3.0,0.0,2.1,3.2,4.2
2013,2014-05-06,MANU,HUL,0,0,0,1.0,1.0,1.36,5.5,9.0
2013,2014-05-05,CRY,LIVP,1,3,-1,0.0,3.0,9.0,5.0,1.4
2013,2014-05-04,ARS,WBA,4,0,1,3.0,0.0,1.29,6.0,13.0
2013,2014-05-04,CHE,NOR,0,2,-1,0.0,3.0,1.2,7.5,17.0
2013,2014-05-03,AVL,HUL,2,2,0,1.0,1.0,2.5,3.3,3.1
2013,2014-05-03,EVE,MANC,1,0,1,3.0,0.0,5.0,4.0,1.75
2013,2014-05-03,MANU,SUN,1,0,1,3.0,0.0,1.36,5.75,8.5
2013,2014-05-03,NEW,CARD,1,0,1,3.0,0.0,2.05,3.6,3.8
2013,2014-05-03,STO,FUL,1,2,-1,0.0,3.0,2.3,3.6,3.25
2013,2014-05-03,SWA,SOU,0,3,-1,0.0,3.0,2.5,3.4,3.0
2013,2014-05-03,WHU,TOT,0,1,-1,0.0,3.0,4.33,3.75,1.91
2013,2014-04-28,ARS,NEW,0,3,-1,0.0,3.0,1.29,6.0,12.0
2013,2014-04-27,CRY,MANC,0,1,-1,0.0,3.0,7.5,5.0,1.44
2013,2014-04-27,LIVP,CHE,4,0,1,3.0,0.0,1.67,4.2,5.25
2013,2014-04-27,SUN,CARD,2,2,0,1.0,1.0,1.91,3.75,4.33
2013,2014-04-26,FUL,HUL,1,0,1,3.0,0.0,2.3,3.4,3.4
2013,2014-04-26,MANU,NOR,3,3,0,1.0,1.0,1.36,5.25,9.5
2013,2014-04-26,SOU,EVE,0,3,-1,0.0,3.0,2.8,3.5,2.6
2013,2014-04-26,STO,TOT,3,1,1,3.0,0.0,3.2,3.4,2.38
2013,2014-04-26,SWA,AVL,3,0,1,3.0,0.0,1.7,3.75,6.0
2013,2014-04-26,WBA,WHU,1,4,-1,0.0,3.0,1.91,3.75,4.33
2013,2014-04-21,MANC,WBA,3,0,1,3.0,0.0,1.2,7.0,11.0
2013,2014-04-20,EVE,MANU,2,0,1,3.0,0.0,2.4,3.4,2.8
2013,2014-04-20,HUL,ARS,0,0,0,1.0,1.0,4.5,3.6,1.8
2013,2014-04-20,NOR,LIVP,0,1,-1,0.0,3.0,8.5,5.0,1.33
2013,2014-04-19,AVL,SOU,1,2,-1,0.0,3.0,3.4,3.4,2.1
2013,2014-04-19,CARD,STO,3,1,1,3.0,0.0,2.38,3.2,3.0
2013,2014-04-19,CHE,SUN,0,6,-1,0.0,3.0,1.18,7.0,13.0
2013,2014-04-19,NEW,SWA,0,1,-1,0.0,3.0,2.63,3.3,2.6
2013,2014-04-19,TOT,FUL,0,3,-1,0.0,3.0,1.5,4.2,6.5
2013,2014-04-19,WHU,CRY,1,3,-1,0.0,3.0,2.2,3.2,3.4
2013,2014-04-16,EVE,CRY,4,3,1,3.0,0.0,1.4,4.75,10.0
2013,2014-04-16,MANC,SUN,3,2,1,3.0,0.0,1.17,9.0,17.0
2013,2014-04-15,ARS,WHU,4,0,1,3.0,0.0,1.4,5.0,9.0
2013,2014-04-13,LIVP,MANC,3,0,1,3.0,0.0,2.45,3.7,2.9
2013,2014-04-13,SWA,CHE,1,1,0,1.0,1.0,5.0,3.6,1.83
2013,2014-04-12,CRY,AVL,6,0,1,3.0,0.0,2.15,3.3,3.9
2013,2014-04-12,FUL,NOR,2,1,1,3.0,0.0,2.15,3.5,3.6
2013,2014-04-12,SOU,CARD,2,0,1,3.0,0.0,1.45,4.75,8.0
2013,2014-04-12,STO,NEW,2,1,1,3.0,0.0,2.1,3.4,3.9
2013,2014-04-12,SUN,EVE,4,3,1,3.0,0.0,4.75,3.7,1.83
2013,2014-04-12,WBA,TOT,0,0,0,1.0,1.0,3.1,3.6,2.38
2013,2014-04-07,TOT,SUN,2,1,1,3.0,0.0,1.57,4.2,6.5
2013,2014-04-06,EVE,ARS,2,3,-1,0.0,3.0,2.5,3.4,3.0
2013,2014-04-06,WHU,LIVP,0,3,-1,0.0,3.0,9.0,5.0,1.4
2013,2014-04-05,AVL,FUL,1,4,-1,0.0,3.0,2.05,3.5,4.0
2013,2014-04-05,CARD,CRY,1,3,-1,0.0,3.0,2.45,3.25,3.25
2013,2014-04-05,CHE,STO,0,1,-1,0.0,3.0,1.29,6.0,13.0
2013,2014-04-05,HUL,SWA,0,2,-1,0.0,3.0,2.75,3.3,2.8
2013,2014-04-05,MANC,SOU,4,3,1,3.0,0.0,1.33,5.75,10.0
2013,2014-04-05,NEW,MANU,2,0,1,3.0,0.0,4.2,3.7,1.95
2013,2014-04-05,NOR,WBA,5,0,1,3.0,0.0,2.4,3.3,3.25
2013,2014-03-31,SUN,WHU,2,0,1,3.0,0.0,2.3,3.3,3.5
2013,2014-03-30,FUL,EVE,3,1,1,3.0,0.0,5.0,3.75,1.8
2013,2014-03-30,LIVP,TOT,1,0,1,3.0,0.0,1.48,4.75,7.5
2013,2014-03-29,ARS,MANC,2,0,1,3.0,0.0,3.6,3.5,2.15
2013,2014-03-29,CRY,CHE,4,2,1,3.0,0.0,10.0,4.75,1.4
2013,2014-03-29,MANU,AVL,4,1,1,3.0,0.0,1.45,4.75,8.0
2013,2014-03-29,SOU,NEW,2,1,1,3.0,0.0,1.75,3.8,5.25
2013,2014-03-29,STO,HUL,4,0,1,3.0,0.0,2.15,3.3,3.9
2013,2014-03-29,SWA,NOR,1,1,0,1.0,1.0,1.73,3.9,5.25
2013,2014-03-29,WBA,CARD,1,3,-1,0.0,3.0,1.83,3.75,4.75
2013,2014-03-26,LIVP,SUN,0,1,-1,0.0,3.0,1.17,9.0,19.0
2013,2014-03-26,WHU,HUL,1,0,1,3.0,0.0,2.4,3.3,3.3
2013,2014-03-25,ARS,SWA,4,2,1,3.0,0.0,1.57,4.2,6.5
2013,2014-03-25,MANU,MANC,4,1,1,3.0,0.0,3.5,3.6,2.15
2013,2014-03-25,NEW,EVE,2,1,1,3.0,0.0,3.5,3.4,2.25
2013,2014-03-23,AVL,STO,2,0,1,3.0,0.0,2.2,3.3,3.75
2013,2014-03-23,TOT,SOU,0,0,0,1.0,1.0,2.25,3.4,3.5
2013,2014-03-22,CARD,LIVP,2,2,0,1.0,1.0,9.5,5.25,1.36
2013,2014-03-22,CHE,ARS,2,0,1,3.0,0.0,1.85,3.6,4.75
2013,2014-03-22,EVE,SWA,3,0,1,3.0,0.0,1.67,3.9,6.0
2013,2014-03-22,HUL,WBA,3,1,1,3.0,0.0,2.25,3.3,3.6
2013,2014-03-22,MANC,FUL,2,0,1,3.0,0.0,1.17,9.0,17.0
2013,2014-03-22,NEW,CRY,1,1,0,1.0,1.0,1.85,3.6,4.75
2013,2014-03-22,NOR,SUN,1,0,1,3.0,0.0,2.2,3.3,3.75
2013,2014-03-22,WHU,MANU,2,0,1,3.0,0.0,4.5,3.6,1.91
2013,2014-03-16,MANU,LIVP,4,1,1,3.0,0.0,2.5,3.6,2.9
2013,2014-03-16,TOT,ARS,1,1,0,1.0,1.0,3.1,3.4,2.45
2013,2014-03-15,AVL,CHE,3,0,1,3.0,0.0,7.0,4.33,1.53
2013,2014-03-15,EVE,CARD,2,3,-1,0.0,3.0,1.36,5.0,11.0
2013,2014-03-15,FUL,NEW,1,0,1,3.0,0.0,2.9,3.4,2.6
2013,2014-03-15,HUL,MANC,0,3,-1,0.0,3.0,6.5,4.33,1.57
2013,2014-03-15,SOU,NOR,0,0,0,1.0,1.0,1.62,4.0,6.5
2013,2014-03-15,STO,WHU,4,3,1,3.0,0.0,2.25,3.3,3.6
2013,2014-03-15,SUN,CRY,1,0,1,3.0,0.0,2.15,3.3,3.9
2013,2014-03-15,SWA,WBA,2,2,0,1.0,1.0,1.95,3.6,4.33
2013,2014-03-08,CARD,FUL,1,0,1,3.0,0.0,2.35,3.5,3.2
2013,2014-03-08,CHE,TOT,4,2,1,3.0,0.0,1.57,4.0,7.0
2013,2014-03-08,CRY,SOU,1,3,-1,0.0,3.0,3.9,3.3,2.15
2013,2014-03-08,NOR,STO,2,3,-1,0.0,3.0,2.25,3.3,3.6
2013,2014-03-08,WBA,MANU,0,1,-1,0.0,3.0,5.0,3.6,1.83
2013,2014-03-02,AVL,NOR,2,1,1,3.0,0.0,2.1,3.4,3.9
2013,2014-03-02,SWA,CRY,1,2,-1,0.0,3.0,1.85,3.5,5.0
2013,2014-03-02,TOT,CARD,2,0,1,3.0,0.0,1.33,5.25,12.0
2013,2014-03-01,EVE,WHU,1,2,-1,0.0,3.0,1.53,4.2,7.5
2013,2014-03-01,FUL,CHE,2,1,1,3.0,0.0,8.0,4.75,1.45
2013,2014-03-01,HUL,NEW,1,0,1,3.0,0.0,2.45,3.2,3.3
2013,2014-03-01,SOU,LIVP,3,2,1,3.0,0.0,3.75,3.75,2.05
2013,2014-03-01,STO,ARS,2,1,1,3.0,0.0,5.5,3.8,1.73
2013,2014-02-23,LIVP,SWA,0,1,-1,0.0,3.0,1.3,5.75,12.0
2013,2014-02-23,NEW,AVL,1,1,0,1.0,1.0,2.1,3.4,3.9
2013,2014-02-23,NOR,TOT,0,0,0,1.0,1.0,3.8,3.5,2.1
2013,2014-02-22,ARS,SUN,4,1,1,3.0,0.0,1.33,5.5,11.0
2013,2014-02-22,CARD,HUL,3,2,1,3.0,0.0,2.75,3.2,2.88
2013,2014-02-22,CHE,EVE,3,0,1,3.0,0.0,1.57,4.0,7.0
2013,2014-02-22,CRY,MANU,0,1,-1,0.0,3.0,6.5,4.0,1.6
2013,2014-02-22,MANC,STO,2,0,1,3.0,0.0,1.18,8.0,19.0
2013,2014-02-22,WBA,FUL,2,0,1,3.0,0.0,1.8,3.9,4.75
2013,2014-02-22,WHU,SOU,0,4,-1,0.0,3.0,3.2,3.4,2.4
2013,2014-02-12,ARS,MANU,2,0,1,3.0,0.0,2.15,3.5,3.6
2013,2014-02-12,FUL,LIVP,0,3,-1,0.0,3.0,8.0,5.25,1.4
2013,2014-02-12,NEW,TOT,4,0,1,3.0,0.0,3.3,3.5,2.3
2013,2014-02-12,STO,SWA,1,1,0,1.0,1.0,2.7,3.25,2.9
2013,2014-02-11,CARD,AVL,0,1,-1,0.0,3.0,2.5,3.4,3.0
2013,2014-02-11,HUL,SOU,0,0,0,1.0,1.0,3.0,3.25,2.6
2013,2014-02-11,WBA,CHE,2,0,1,3.0,0.0,7.5,4.5,1.5
2013,2014-02-11,WHU,NOR,2,0,1,3.0,0.0,2.05,3.5,4.0
2013,2014-02-09,MANU,FUL,1,3,-1,0.0,3.0,1.2,7.0,19.0
2013,2014-02-09,TOT,EVE,1,1,0,1.0,1.0,2.1,3.5,3.75
2013,2014-02-08,AVL,WHU,1,3,-1,0.0,3.0,2.1,3.5,3.8
2013,2014-02-08,CHE,NEW,2,0,1,3.0,0.0,1.25,6.25,15.0
2013,2014-02-08,CRY,WBA,0,1,-1,0.0,3.0,2.6,3.3,3.0
2013,2014-02-08,LIVP,ARS,2,0,1,3.0,0.0,2.2,3.6,3.4
2013,2014-02-08,NOR,MANC,1,1,0,1.0,1.0,9.0,5.5,1.36
2013,2014-02-08,SOU,STO,1,2,-1,0.0,3.0,1.55,4.0,7.5
2013,2014-02-08,SUN,HUL,1,1,0,1.0,1.0,2.15,3.4,3.8
2013,2014-02-08,SWA,CARD,2,3,-1,0.0,3.0,1.85,3.6,4.75
2013,2014-02-03,MANC,CHE,2,0,1,3.0,0.0,1.85,3.8,4.5
2013,2014-02-02,ARS,CRY,2,2,0,1.0,1.0,1.22,7.0,16.0
2013,2014-02-02,WBA,LIVP,1,1,0,1.0,1.0,5.75,4.33,1.62
2013,2014-02-01,CARD,NOR,0,2,-1,0.0,3.0,2.3,3.4,3.4
2013,2014-02-01,EVE,AVL,1,0,1,3.0,0.0,1.53,4.33,7.0
2013,2014-02-01,FUL,SOU,2,5,-1,0.0,3.0,3.6,3.4,2.2
2013,2014-02-01,HUL,TOT,0,1,-1,0.0,3.0,4.0,3.5,2.05
2013,2014-02-01,NEW,SUN,4,3,1,3.0,0.0,1.95,3.5,4.33
2013,2014-02-01,STO,MANU,1,0,1,3.0,0.0,7.0,4.0,1.57
2013,2014-02-01,WHU,SWA,1,0,1,3.0,0.0,2.9,3.4,2.6
2013,2014-01-29,AVL,WBA,1,1,0,1.0,1.0,2.6,3.3,3.0
2013,2014-01-29,CHE,WHU,2,1,1,3.0,0.0,1.18,8.0,19.0
2013,2014-01-29,SUN,STO,3,2,1,3.0,0.0,2.1,3.4,3.9
2013,2014-01-29,TOT,MANC,1,0,1,3.0,0.0,3.75,3.75,2.05
2013,2014-01-28,CRY,HUL,3,2,1,3.0,0.0,2.5,3.2,3.2
2013,2014-01-28,LIVP,EVE,1,0,1,3.0,0.0,1.83,3.9,4.5
2013,2014-01-28,MANU,CARD,2,0,1,3.0,0.0,1.25,6.5,15.0
2013,2014-01-28,NOR,NEW,3,0,1,3.0,0.0,2.7,3.4,2.8
2013,2014-01-28,SOU,ARS,2,0,1,3.0,0.0,4.33,3.5,1.95
2013,2014-01-28,SWA,FUL,1,2,-1,0.0,3.0,1.75,3.75,5.25
2013,2014-01-20,WBA,EVE,1,0,1,3.0,0.0,3.5,3.4,2.25
2013,2014-01-19,CHE,MANU,0,0,0,1.0,1.0,1.73,3.8,5.5
2013,2014-01-19,SWA,TOT,1,0,1,3.0,0.0,3.25,3.4,2.38
2013,2014-01-18,ARS,FUL,1,2,-1,0.0,3.0,1.22,7.0,15.0
2013,2014-01-18,CRY,STO,3,0,1,3.0,0.0,2.35,3.2,3.5
2013,2014-01-18,LIVP,AVL,3,4,-1,0.0,3.0,1.22,7.0,15.0
2013,2014-01-18,MANC,CARD,2,2,0,1.0,1.0,1.13,11.0,23.0
2013,2014-01-18,NOR,HUL,1,0,1,3.0,0.0,2.4,3.3,3.25
2013,2014-01-18,SUN,SOU,4,3,1,3.0,0.0,3.2,3.3,2.45
2013,2014-01-18,WHU,NEW,1,0,1,3.0,0.0,3.0,3.4,2.5
2013,2014-01-13,AVL,ARS,0,1,-1,0.0,3.0,6.0,4.2,1.62
2013,2014-01-12,NEW,MANC,4,0,1,3.0,0.0,5.25,4.0,1.7
2013,2014-01-12,STO,LIVP,2,3,-1,0.0,3.0,5.75,4.0,1.67
2013,2014-01-11,CARD,WHU,1,1,0,1.0,1.0,2.0,3.5,4.1
2013,2014-01-11,EVE,NOR,1,0,1,3.0,0.0,1.4,5.0,9.0
2013,2014-01-11,FUL,SUN,1,0,1,3.0,0.0,2.2,3.3,3.75
2013,2014-01-11,HUL,CHE,2,0,1,3.0,0.0,6.5,4.0,1.6
2013,2014-01-11,MANU,SWA,3,1,1,3.0,0.0,1.57,4.0,7.0
2013,2014-01-11,SOU,WBA,4,2,1,3.0,0.0,1.83,3.7,4.75
2013,2014-01-11,TOT,CRY,2,0,1,3.0,0.0,1.36,5.0,10.0
2013,2014-01-01,ARS,CARD,1,2,-1,0.0,3.0,1.29,6.0,13.0
2013,2014-01-01,CRY,NOR,2,2,0,1.0,1.0,2.38,3.3,3.3
2013,2014-01-01,FUL,WHU,0,0,0,1.0,1.0,2.5,3.3,3.1
2013,2014-01-01,LIVP,HUL,0,0,0,1.0,1.0,1.3,6.0,11.0
2013,2014-01-01,MANU,TOT,3,1,1,3.0,0.0,1.8,3.8,4.75
2013,2014-01-01,SOU,CHE,1,0,1,3.0,0.0,4.0,3.5,2.05
2013,2014-01-01,STO,EVE,3,0,1,3.0,0.0,4.0,3.3,2.1
2013,2014-01-01,SUN,AVL,0,2,-1,0.0,3.0,2.15,3.4,3.75
2013,2014-01-01,SWA,MANC,2,0,1,3.0,0.0,5.75,4.25,1.62
2013,2014-01-01,WBA,NEW,0,1,-1,0.0,3.0,2.6,3.4,2.88
2013,2013-12-29,CHE,LIVP,2,0,1,3.0,0.0,2.2,3.5,3.5
2013,2013-12-29,EVE,SOU,2,0,1,3.0,0.0,1.83,3.7,4.75
2013,2013-12-29,NEW,ARS,2,2,0,1.0,1.0,4.0,3.7,2.0
2013,2013-12-29,TOT,STO,3,0,1,3.0,0.0,1.44,4.33,8.0
2013,2013-12-28,AVL,SWA,0,0,0,1.0,1.0,3.0,3.3,2.55
2013,2013-12-28,CARD,SUN,0,0,0,1.0,1.0,2.38,3.25,3.4
2013,2013-12-28,HUL,FUL,0,2,-1,0.0,3.0,2.05,3.4,4.1
2013,2013-12-28,MANC,CRY,3,2,1,3.0,0.0,1.13,9.5,29.0
2013,2013-12-28,NOR,MANU,1,2,-1,0.0,3.0,6.5,4.2,1.57
2013,2013-12-28,WHU,WBA,2,2,0,1.0,1.0,2.38,3.4,3.25
2013,2013-12-26,AVL,CRY,0,3,-1,0.0,3.0,1.91,3.5,4.5
2013,2013-12-26,CARD,SOU,1,0,1,3.0,0.0,3.3,3.3,2.38
2013,2013-12-26,CHE,SWA,1,0,1,3.0,0.0,1.33,5.5,10.0
2013,2013-12-26,EVE,SUN,6,1,1,3.0,0.0,1.36,5.25,9.5
2013,2013-12-26,HUL,MANU,3,3,0,1.0,1.0,7.0,4.2,1.55
2013,2013-12-26,MANC,LIVP,2,2,0,1.0,1.0,1.75,4.2,4.6
2013,2013-12-26,NEW,STO,4,0,1,3.0,0.0,1.75,3.8,5.25
2013,2013-12-26,NOR,FUL,1,1,0,1.0,1.0,2.05,3.5,4.0
2013,2013-12-26,TOT,WBA,2,2,0,1.0,1.0,1.53,4.33,7.0
2013,2013-12-26,WHU,ARS,1,3,-1,0.0,3.0,6.5,4.0,1.62
2013,2013-12-23,ARS,CHE,2,1,1,3.0,0.0,2.38,3.4,3.25
2013,2013-12-22,SOU,TOT,2,3,-1,0.0,3.0,2.55,3.3,3.0
2013,2013-12-22,SWA,EVE,1,1,0,1.0,1.0,3.0,3.4,2.5
2013,2013-12-21,CRY,NEW,2,1,1,3.0,0.0,3.25,3.4,2.38
2013,2013-12-21,FUL,MANC,0,3,-1,0.0,3.0,9.5,5.25,1.36
2013,2013-12-21,LIVP,CARD,0,0,0,1.0,1.0,1.2,7.5,16.0
2013,2013-12-21,MANU,WHU,3,1,1,3.0,0.0,1.36,5.25,10.0
2013,2013-12-21,STO,AVL,1,1,0,1.0,1.0,2.3,3.25,3.5
2013,2013-12-21,SUN,NOR,0,0,0,1.0,1.0,2.05,3.5,4.0
2013,2013-12-21,WBA,HUL,4,0,1,3.0,0.0,1.95,3.5,4.5
2013,2013-12-15,AVL,MANU,0,2,-1,0.0,3.0,5.25,3.8,1.75
2013,2013-12-15,NOR,SWA,3,2,1,3.0,0.0,2.88,3.3,2.7
2013,2013-12-15,TOT,LIVP,0,0,0,1.0,1.0,2.5,3.4,3.0
2013,2013-12-14,CARD,WBA,4,2,1,3.0,0.0,2.63,3.4,2.88
2013,2013-12-14,CHE,CRY,3,1,1,3.0,0.0,1.18,8.0,19.0
2013,2013-12-14,EVE,FUL,3,4,-1,0.0,3.0,1.36,5.0,10.5
2013,2013-12-14,HUL,STO,1,0,1,3.0,0.0,2.3,3.3,3.5
2013,2013-12-14,MANC,ARS,0,2,-1,0.0,3.0,1.83,3.75,4.75
2013,2013-12-14,NEW,SOU,0,0,0,1.0,1.0,2.4,3.4,3.2
2013,2013-12-14,WHU,SUN,2,2,0,1.0,1.0,1.95,3.6,4.33
2013,2013-12-09,SWA,HUL,1,3,-1,0.0,3.0,1.75,3.75,5.5
2013,2013-12-08,ARS,EVE,0,1,-1,0.0,3.0,1.7,3.8,5.75
2013,2013-12-08,FUL,AVL,2,1,1,3.0,0.0,2.75,3.3,2.8
2013,2013-12-07,CRY,CARD,2,1,1,3.0,0.0,2.8,3.3,2.75
2013,2013-12-07,LIVP,WHU,3,2,1,3.0,0.0,1.29,6.0,12.0
2013,2013-12-07,MANU,NEW,5,3,1,3.0,0.0,1.53,4.33,7.0
2013,2013-12-07,SOU,MANC,1,2,-1,0.0,3.0,5.25,3.8,1.75
2013,2013-12-07,STO,CHE,1,1,0,1.0,1.0,6.5,4.2,1.57
2013,2013-12-07,SUN,TOT,0,1,-1,0.0,3.0,4.5,3.6,1.91
2013,2013-12-07,WBA,NOR,4,2,1,3.0,0.0,1.8,3.75,5.0
2013,2013-12-04,ARS,HUL,0,1,-1,0.0,3.0,1.2,7.5,17.0
2013,2013-12-04,FUL,TOT,1,2,-1,0.0,3.0,5.8,3.9,1.67
2013,2013-12-04,LIVP,NOR,0,1,-1,0.0,3.0,1.29,6.0,12.0
2013,2013-12-04,MANU,EVE,2,1,1,3.0,0.0,1.73,3.75,5.5
2013,2013-12-04,SOU,AVL,1,2,-1,0.0,3.0,1.7,3.8,5.75
2013,2013-12-04,STO,CARD,3,1,1,3.0,0.0,2.1,3.4,4.0
2013,2013-12-04,SUN,CHE,1,2,-1,0.0,3.0,6.5,4.33,1.55
2013,2013-12-04,SWA,NEW,1,0,1,3.0,0.0,2.2,3.5,3.5
2013,2013-12-04,WBA,MANC,1,1,0,1.0,1.0,6.0,4.2,1.62
2013,2013-12-03,CRY,WHU,3,3,0,1.0,1.0,3.25,3.3,2.4
2013,2013-12-01,CHE,SOU,2,0,1,3.0,0.0,1.57,4.2,6.5
2013,2013-12-01,HUL,LIVP,1,0,1,3.0,0.0,6.5,4.0,1.62
2013,2013-12-01,MANC,SWA,2,1,1,3.0,0.0,1.29,6.0,13.0
2013,2013-12-01,TOT,MANU,5,1,1,3.0,0.0,2.8,3.5,2.63
2013,2013-11-30,AVL,SUN,0,1,-1,0.0,3.0,2.0,3.4,4.33
2013,2013-11-30,CARD,ARS,1,0,1,3.0,0.0,6.5,4.0,1.62
2013,2013-11-30,EVE,STO,1,0,1,3.0,0.0,1.62,4.0,6.25
2013,2013-11-30,NEW,WBA,0,1,-1,0.0,3.0,2.05,3.5,4.0
2013,2013-11-30,NOR,CRY,3,3,0,1.0,1.0,2.0,3.4,4.33
2013,2013-11-30,WHU,FUL,1,1,0,1.0,1.0,1.91,3.5,4.6
2013,2013-11-25,WBA,AVL,3,4,-1,0.0,3.0,2.15,3.4,3.8
2013,2013-11-24,CARD,MANU,3,1,1,3.0,0.0,6.0,4.0,1.65
2013,2013-11-24,MANC,TOT,3,2,1,3.0,0.0,1.7,4.0,5.5
2013,2013-11-23,ARS,SOU,0,0,0,1.0,1.0,1.62,4.2,6.0
2013,2013-11-23,EVE,LIVP,4,3,1,3.0,0.0,3.0,3.4,2.5
2013,2013-11-23,FUL,SWA,1,2,-1,0.0,3.0,3.3,3.3,2.38
2013,2013-11-23,HUL,CRY,1,2,-1,0.0,3.0,1.85,3.5,5.0
2013,2013-11-23,NEW,NOR,1,0,1,3.0,0.0,1.8,3.8,4.75
2013,2013-11-23,STO,SUN,1,1,0,1.0,1.0,2.15,3.3,3.9
2013,2013-11-23,WHU,CHE,4,3,1,3.0,0.0,6.0,4.2,1.62
2013,2013-11-10,MANU,ARS,0,0,0,1.0,1.0,2.35,3.5,3.2
2013,2013-11-10,SUN,MANC,1,0,1,3.0,0.0,9.0,5.0,1.4
2013,2013-11-10,SWA,STO,1,1,0,1.0,1.0,2.0,3.4,4.33
2013,2013-11-10,TOT,NEW,0,5,-1,0.0,3.0,1.57,4.33,6.5
2013,2013-11-09,AVL,CARD,2,0,1,3.0,0.0,2.0,3.5,4.2
2013,2013-11-09,CHE,WBA,2,0,1,3.0,0.0,1.29,6.0,12.0
2013,2013-11-09,CRY,EVE,2,1,1,3.0,0.0,6.5,4.0,1.62
2013,2013-11-09,LIVP,FUL,0,1,-1,0.0,3.0,1.25,6.5,15.0
2013,2013-11-09,NOR,WHU,4,2,1,3.0,0.0,2.63,3.3,2.9
2013,2013-11-09,SOU,HUL,2,3,-1,0.0,3.0,1.62,3.8,7.0
2013,2013-11-03,CARD,SWA,3,3,0,1.0,1.0,3.4,3.4,2.3
2013,2013-11-03,EVE,TOT,0,0,0,1.0,1.0,2.5,3.4,3.0
2013,2013-11-02,ARS,LIVP,3,5,-1,0.0,3.0,2.3,3.5,3.3
2013,2013-11-02,FUL,MANU,2,4,-1,0.0,3.0,6.5,4.2,1.57
2013,2013-11-02,HUL,SUN,2,0,1,3.0,0.0,2.15,3.4,3.8
2013,2013-11-02,MANC,NOR,4,3,1,3.0,0.0,1.2,7.5,18.0
2013,2013-11-02,NEW,CHE,1,2,-1,0.0,3.0,6.0,4.2,1.62
2013,2013-11-02,STO,SOU,1,1,0,1.0,1.0,3.3,3.3,2.4
2013,2013-11-02,WBA,CRY,1,1,0,1.0,1.0,1.55,4.2,7.0
2013,2013-11-02,WHU,AVL,2,0,1,3.0,0.0,2.25,3.5,3.4
2013,2013-10-27,CHE,MANC,0,0,0,1.0,1.0,2.38,3.4,3.2
2013,2013-10-27,SUN,NEW,2,1,1,3.0,0.0,2.9,3.3,2.63
2013,2013-10-27,SWA,WHU,1,1,0,1.0,1.0,1.75,3.8,5.25
2013,2013-10-27,TOT,HUL,0,2,-1,0.0,3.0,1.44,4.75,8.0
2013,2013-10-26,AVL,EVE,2,2,0,1.0,1.0,3.4,3.4,2.3
2013,2013-10-26,CRY,ARS,0,1,-1,0.0,3.0,11.0,5.0,1.36
2013,2013-10-26,LIVP,WBA,1,2,-1,0.0,3.0,1.44,4.75,8.0
2013,2013-10-26,MANU,STO,0,2,-1,0.0,3.0,1.33,5.5,11.0
2013,2013-10-26,NOR,CARD,4,3,1,3.0,0.0,2.2,3.4,3.6
2013,2013-10-26,SOU,FUL,3,0,1,3.0,0.0,1.62,4.0,6.5
2013,2013-10-21,CRY,FUL,1,0,1,3.0,0.0,2.75,3.3,2.8
2013,2013-10-20,AVL,TOT,1,2,-1,0.0,3.0,4.0,3.5,2.05
2013,2013-10-19,ARS,NOR,2,5,-1,0.0,3.0,1.29,6.0,12.0
2013,2013-10-19,CHE,CARD,4,0,1,3.0,0.0,1.25,6.5,15.0
2013,2013-10-19,EVE,HUL,4,3,1,3.0,0.0,1.45,4.5,9.0
2013,2013-10-19,MANU,SOU,2,0,1,3.0,0.0,1.57,4.33,6.5
2013,2013-10-19,NEW,LIVP,0,1,-1,0.0,3.0,4.5,3.9,1.83
2013,2013-10-19,STO,WBA,0,0,0,1.0,1.0,2.3,3.3,3.5
2013,2013-10-19,SWA,SUN,0,1,-1,0.0,3.0,1.62,4.0,6.5
2013,2013-10-19,WHU,MANC,2,0,1,3.0,0.0,5.5,3.8,1.73
2013,2013-10-06,NOR,CHE,3,0,1,3.0,0.0,6.5,4.0,1.62
2013,2013-10-06,SOU,SWA,1,1,0,1.0,1.0,2.1,3.5,3.8
2013,2013-10-06,TOT,WHU,2,0,1,3.0,0.0,1.44,4.75,8.5
2013,2013-10-06,WBA,ARS,2,0,1,3.0,0.0,4.9,4.0,1.75
2013,2013-10-05,CARD,NEW,1,1,0,1.0,1.0,2.45,3.4,3.1
2013,2013-10-05,FUL,STO,0,4,-1,0.0,3.0,2.4,3.3,3.3
2013,2013-10-05,HUL,AVL,2,0,1,3.0,0.0,2.45,3.3,3.2
2013,2013-10-05,LIVP,CRY,3,2,1,3.0,0.0,1.2,7.5,17.0
2013,2013-10-05,MANC,EVE,1,4,-1,0.0,3.0,1.67,4.2,5.5
2013,2013-10-05,SUN,MANU,1,0,1,3.0,0.0,6.0,4.0,1.65
2013,2013-09-30,EVE,NEW,3,3,0,1.0,1.0,1.65,4.0,6.0
2013,2013-09-29,STO,NOR,1,0,1,3.0,0.0,1.95,3.4,4.5
2013,2013-09-29,SUN,LIVP,2,2,0,1.0,1.0,5.5,3.9,1.7
2013,2013-09-28,AVL,MANC,1,4,-1,0.0,3.0,6.5,4.2,1.57
2013,2013-09-28,FUL,CARD,0,2,-1,0.0,3.0,2.1,3.4,3.9
2013,2013-09-28,HUL,WHU,3,0,1,3.0,0.0,2.38,3.3,3.3
2013,2013-09-28,MANU,WBA,1,0,1,3.0,0.0,1.3,5.75,12.0
2013,2013-09-28,SOU,CRY,2,1,1,3.0,0.0,1.45,4.5,8.5
2013,2013-09-28,SWA,ARS,3,1,1,3.0,0.0,3.2,3.4,2.38
2013,2013-09-28,TOT,CHE,1,0,1,3.0,0.0,2.7,3.3,2.88
2013,2013-09-22,ARS,STO,0,1,-1,0.0,3.0,1.36,5.25,10.0
2013,2013-09-22,CARD,TOT,4,2,1,3.0,0.0,4.5,3.6,1.91
2013,2013-09-22,CRY,SWA,1,4,-1,0.0,3.0,3.5,3.4,2.25
2013,2013-09-22,MANC,MANU,0,6,-1,0.0,3.0,2.2,3.4,3.6
2013,2013-09-21,CHE,FUL,0,0,0,1.0,1.0,1.3,5.75,12.0
2013,2013-09-21,LIVP,SOU,3,1,1,3.0,0.0,1.6,4.0,6.5
2013,2013-09-21,NEW,HUL,3,2,1,3.0,0.0,1.85,3.5,5.0
2013,2013-09-21,NOR,AVL,0,0,0,1.0,1.0,2.4,3.4,3.2
2013,2013-09-21,WBA,SUN,1,1,0,1.0,1.0,2.05,3.4,4.2
2013,2013-09-21,WHU,EVE,1,0,1,3.0,0.0,3.3,3.3,2.4
2013,2013-09-16,SWA,LIVP,0,1,-1,0.0,3.0,3.5,3.5,2.2
2013,2013-09-15,SOU,WHU,0,1,-1,0.0,3.0,1.85,3.6,4.75
2013,2013-09-14,AVL,NEW,0,3,-1,0.0,3.0,2.15,3.4,3.8
2013,2013-09-14,EVE,CHE,2,0,1,3.0,0.0,3.4,3.3,2.35
2013,2013-09-14,FUL,WBA,2,1,1,3.0,0.0,2.15,3.5,3.6
2013,2013-09-14,HUL,CARD,1,0,1,3.0,0.0,2.45,3.25,3.25
2013,2013-09-14,MANU,CRY,1,3,-1,0.0,3.0,1.22,7.0,16.0
2013,2013-09-14,STO,MANC,0,1,-1,0.0,3.0,6.0,4.0,1.65
2013,2013-09-14,SUN,ARS,0,1,-1,0.0,3.0,6.0,3.9,1.67
2013,2013-09-14,TOT,NOR,1,0,1,3.0,0.0,1.45,4.75,8.0
2013,2013-09-01,ARS,TOT,0,1,-1,0.0,3.0,2.1,3.7,3.6
2013,2013-09-01,LIVP,MANU,1,3,-1,0.0,3.0,2.63,3.4,2.88
2013,2013-09-01,WBA,SWA,2,3,-1,0.0,3.0,2.7,3.4,2.8
2013,2013-08-31,CARD,EVE,4,0,1,3.0,0.0,3.25,3.4,2.38
2013,2013-08-31,CRY,SUN,3,3,0,1.0,1.0,2.6,3.3,3.0
2013,2013-08-31,MANC,HUL,1,1,0,1.0,1.0,1.17,8.5,19.0
2013,2013-08-31,NEW,FUL,1,0,1,3.0,0.0,2.15,3.4,3.75
2013,2013-08-31,NOR,SOU,1,0,1,3.0,0.0,3.0,3.3,2.55
2013,2013-08-31,WHU,STO,1,1,0,1.0,1.0,2.0,3.4,4.33
2013,2013-08-26,MANU,CHE,0,0,0,1.0,1.0,2.45,3.4,3.1
2013,2013-08-25,CARD,MANC,0,4,-1,0.0,3.0,8.5,4.75,1.44
2013,2013-08-25,TOT,SWA,3,0,1,3.0,0.0,1.62,4.0,6.5
2013,2013-08-24,AVL,LIVP,3,2,1,3.0,0.0,4.0,3.75,1.95
2013,2013-08-24,EVE,WBA,3,3,0,1.0,1.0,1.57,4.33,6.5
2013,2013-08-24,FUL,ARS,1,0,1,3.0,0.0,3.8,3.5,2.1
2013,2013-08-24,HUL,NOR,3,3,0,1.0,1.0,2.45,3.4,3.1
2013,2013-08-24,NEW,WHU,1,1,0,1.0,1.0,2.3,3.4,3.4
2013,2013-08-24,SOU,SUN,2,1,1,3.0,0.0,1.73,3.8,5.5
2013,2013-08-24,STO,CRY,2,0,1,3.0,0.0,1.83,3.6,5.0
2013,2013-08-21,CHE,AVL,1,0,1,3.0,0.0,1.29,5.5,10.0
2013,2013-08-19,MANC,NEW,0,1,-1,0.0,3.0,1.33,5.5,11.0
2013,2013-08-18,CHE,HUL,1,1,0,1.0,1.0,1.2,7.0,21.0
2013,2013-08-18,CRY,TOT,0,1,-1,0.0,3.0,4.75,3.75,1.83
2013,2013-08-17,ARS,AVL,1,0,1,3.0,0.0,1.44,4.75,8.0
2013,2013-08-17,LIVP,STO,3,1,1,3.0,0.0,1.4,5.0,9.5
2013,2013-08-17,NOR,EVE,1,1,0,1.0,1.0,3.2,3.4,2.4
2013,2013-08-17,SUN,FUL,1,0,1,3.0,0.0,2.3,3.4,3.4
2013,2013-08-17,SWA,MANU,1,2,-1,0.0,3.0,4.2,3.5,2.0
2013,2013-08-17,WBA,SOU,2,2,0,1.0,1.0,2.4,3.4,3.2
2013,2013-08-17,WHU,CARD,4,0,1,3.0,0.0,2.0,3.6,4.0
2012,2013-05-19,CHE,EVE,3,2,1,3.0,0.0,1.7,4.0,5.5
2012,2013-05-19,LIVP,QPR,2,1,1,3.0,0.0,1.25,7.0,12.0
2012,2013-05-19,MANC,NOR,1,0,1,3.0,0.0,1.33,5.5,11.0
2012,2013-05-19,NEW,ARS,0,1,-1,0.0,3.0,6.0,4.6,1.55
2012,2013-05-19,SOU,STO,0,0,0,1.0,1.0,1.75,3.8,5.25
2012,2013-05-19,SWA,FUL,0,4,-1,0.0,3.0,1.8,3.8,4.75
2012,2013-05-19,TOT,SUN,0,4,-1,0.0,3.0,1.29,6.0,12.0
2012,2013-05-19,WBA,MANU,2,0,1,3.0,0.0,4.5,3.9,1.83
2012,2013-05-19,WHU,REA,0,0,0,1.0,1.0,1.67,4.0,5.75
2012,2013-05-19,WIG,AVL,1,0,1,3.0,0.0,2.15,3.6,3.6
2012,2013-05-14,ARS,WIG,3,1,1,3.0,0.0,1.4,5.5,8.0
2012,2013-05-14,REA,MANC,1,1,0,1.0,1.0,6.0,4.33,1.6
2012,2013-05-12,EVE,WHU,2,6,-1,0.0,3.0,1.5,4.5,7.5
2012,2013-05-12,FUL,LIVP,1,1,0,1.0,1.0,3.9,3.6,2.05
2012,2013-05-12,MANU,SWA,5,6,-1,0.0,3.0,1.3,5.75,12.0
2012,2013-05-12,NOR,WBA,2,2,0,1.0,1.0,2.2,3.4,3.6
2012,2013-05-12,QPR,NEW,1,1,0,1.0,1.0,3.4,3.4,2.3
2012,2013-05-12,STO,TOT,1,1,0,1.0,1.0,4.5,3.6,1.91
2012,2013-05-12,SUN,SOU,3,1,1,3.0,0.0,2.8,3.2,2.8
2012,2013-05-11,AVL,CHE,1,2,-1,0.0,3.0,4.5,3.8,1.85
2012,2013-05-08,CHE,TOT,0,1,-1,0.0,3.0,1.95,3.75,4.0
2012,2013-05-07,MANC,WBA,2,0,1,3.0,0.0,1.4,5.0,9.0
2012,2013-05-07,WIG,SWA,1,0,1,3.0,0.0,1.83,3.75,4.75
2012,2013-05-06,SUN,STO,0,1,-1,0.0,3.0,2.1,3.3,4.0
2012,2013-05-05,LIVP,EVE,2,1,1,3.0,0.0,1.95,3.6,4.2
2012,2013-05-05,MANU,CHE,2,0,1,3.0,0.0,2.2,3.5,3.5
2012,2013-05-04,FUL,REA,3,1,1,3.0,0.0,1.73,3.9,5.25
2012,2013-05-04,NOR,AVL,2,0,1,3.0,0.0,2.55,3.3,3.0
2012,2013-05-04,QPR,ARS,3,1,1,3.0,0.0,8.0,4.75,1.44
2012,2013-05-04,SWA,MANC,4,1,1,3.0,0.0,5.25,3.8,1.75
2012,2013-05-04,TOT,SOU,3,1,1,3.0,0.0,1.44,4.75,8.0
2012,2013-05-04,WBA,WIG,0,2,-1,0.0,3.0,2.45,3.5,3.0
2012,2013-05-04,WHU,NEW,0,2,-1,0.0,3.0,2.38,3.4,3.25
2012,2013-04-29,AVL,SUN,1,2,-1,0.0,3.0,2.3,3.4,3.4
2012,2013-04-28,ARS,MANU,1,1,0,1.0,1.0,2.25,3.6,3.3
2012,2013-04-28,CHE,SWA,2,2,0,1.0,1.0,1.36,5.5,9.0
2012,2013-04-28,REA,QPR,2,2,0,1.0,1.0,2.55,3.5,2.88
2012,2013-04-27,EVE,FUL,2,2,0,1.0,1.0,1.5,4.5,7.5
2012,2013-04-27,MANC,WHU,1,0,1,3.0,0.0,1.29,6.0,12.0
2012,2013-04-27,NEW,LIVP,2,1,1,3.0,0.0,2.88,3.6,2.5
2012,2013-04-27,SOU,WBA,3,4,-1,0.0,3.0,1.85,3.75,4.6
2012,2013-04-27,STO,NOR,3,1,1,3.0,0.0,2.25,3.3,3.6
2012,2013-04-27,WIG,TOT,2,1,1,3.0,0.0,3.8,3.6,2.05
2012,2013-04-22,MANU,AVL,0,2,-1,0.0,3.0,1.25,6.75,13.0
2012,2013-04-21,LIVP,CHE,2,0,1,3.0,0.0,2.15,3.6,3.6
2012,2013-04-21,TOT,MANC,3,3,0,1.0,1.0,3.25,3.6,2.3
2012,2013-04-20,FUL,ARS,1,0,1,3.0,0.0,5.0,4.0,1.75
2012,2013-04-20,NOR,REA,3,0,1,3.0,0.0,1.75,3.8,5.25
2012,2013-04-20,QPR,STO,1,1,0,1.0,1.0,2.25,3.4,3.5
2012,2013-04-20,SUN,EVE,3,2,1,3.0,0.0,3.4,3.4,2.3
2012,2013-04-20,SWA,SOU,2,2,0,1.0,1.0,2.38,3.5,3.1
2012,2013-04-20,WBA,NEW,2,1,1,3.0,0.0,2.25,3.5,3.4
2012,2013-04-20,WHU,WIG,0,1,-1,0.0,3.0,2.3,3.5,3.3
2012,2013-04-17,FUL,CHE,1,0,1,3.0,0.0,4.75,3.8,1.8
2012,2013-04-17,MANC,WIG,1,0,1,3.0,0.0,1.25,6.5,14.0
2012,2013-04-17,WHU,MANU,0,1,-1,0.0,3.0,5.5,3.9,1.7
2012,2013-04-16,ARS,EVE,1,0,1,3.0,0.0,1.75,3.9,5.0
2012,2013-04-14,NEW,SUN,2,2,0,1.0,1.0,1.95,3.5,4.5
2012,2013-04-14,STO,MANU,2,0,1,3.0,0.0,7.0,3.9,1.6
2012,2013-04-13,ARS,NOR,2,2,0,1.0,1.0,1.25,6.5,14.0
2012,2013-04-13,AVL,FUL,1,0,1,3.0,0.0,2.3,3.3,3.5
2012,2013-04-13,EVE,QPR,1,1,0,1.0,1.0,1.44,4.75,8.0
2012,2013-04-13,REA,LIVP,0,0,0,1.0,1.0,8.0,4.75,1.45
2012,2013-04-13,SOU,WHU,1,1,0,1.0,1.0,1.91,3.75,4.2
2012,2013-04-08,MANU,MANC,2,4,-1,0.0,3.0,2.3,3.5,3.3
2012,2013-04-07,CHE,SUN,0,2,-1,0.0,3.0,1.36,5.0,11.0
2012,2013-04-07,LIVP,WHU,1,2,-1,0.0,3.0,1.36,5.5,9.0
2012,2013-04-07,NEW,FUL,2,1,1,3.0,0.0,2.1,3.5,3.8
2012,2013-04-07,QPR,WIG,2,2,0,1.0,1.0,2.38,3.4,3.25
2012,2013-04-07,TOT,EVE,2,0,1,3.0,0.0,2.2,3.4,3.6
2012,2013-04-06,NOR,SWA,1,2,-1,0.0,3.0,2.63,3.3,2.9
2012,2013-04-06,REA,SOU,2,0,1,3.0,0.0,3.3,3.6,2.25
2012,2013-04-06,STO,AVL,4,5,-1,0.0,3.0,2.1,3.4,4.0
2012,2013-04-06,WBA,ARS,1,1,0,1.0,1.0,4.1,3.7,1.95
2012,2013-04-01,FUL,QPR,1,1,0,1.0,1.0,2.0,3.6,4.0
2012,2013-03-31,AVL,LIVP,4,0,1,3.0,0.0,5.0,4.0,1.75
2012,2013-03-30,ARS,REA,1,3,-1,0.0,3.0,1.25,6.5,15.0
2012,2013-03-30,EVE,STO,1,4,-1,0.0,3.0,1.57,3.9,7.5
2012,2013-03-30,MANC,NEW,1,0,1,3.0,0.0,1.33,5.5,11.0
2012,2013-03-30,SOU,CHE,4,0,1,3.0,0.0,3.5,3.5,2.2
2012,2013-03-30,SUN,MANU,2,0,1,3.0,0.0,6.0,4.0,1.65
2012,2013-03-30,SWA,TOT,2,0,1,3.0,0.0,3.4,3.4,2.3
2012,2013-03-30,WHU,WBA,2,4,-1,0.0,3.0,2.3,3.4,3.4
2012,2013-03-30,WIG,NOR,0,1,-1,0.0,3.0,1.95,3.6,4.33
2012,2013-03-17,CHE,WHU,2,5,-1,0.0,3.0,1.4,5.0,9.0
2012,2013-03-17,SUN,NOR,1,5,-1,0.0,3.0,2.05,3.5,4.0
2012,2013-03-17,TOT,FUL,3,2,1,3.0,0.0,1.5,4.5,7.5
2012,2013-03-17,WIG,NEW,1,1,0,1.0,1.0,2.3,3.4,3.4
2012,2013-03-16,AVL,QPR,2,2,0,1.0,1.0,2.3,3.4,3.4
2012,2013-03-16,EVE,MANC,1,1,0,1.0,1.0,3.9,3.6,2.05
2012,2013-03-16,MANU,REA,3,1,1,3.0,0.0,1.17,9.0,19.0
2012,2013-03-16,SOU,LIVP,2,1,1,3.0,0.0,4.2,3.8,1.91
2012,2013-03-16,STO,WBA,0,0,0,1.0,1.0,2.5,3.3,3.1
2012,2013-03-16,SWA,ARS,1,1,0,1.0,1.0,3.4,3.5,2.25
2012,2013-03-10,LIVP,TOT,2,0,1,3.0,0.0,1.95,3.8,4.0
2012,2013-03-10,NEW,STO,1,2,-1,0.0,3.0,1.83,3.7,4.8
2012,2013-03-09,NOR,SOU,0,5,-1,0.0,3.0,2.5,3.4,3.0
2012,2013-03-09,QPR,SUN,2,3,-1,0.0,3.0,2.25,3.4,3.5
2012,2013-03-09,REA,AVL,2,4,-1,0.0,3.0,2.45,3.4,3.1
2012,2013-03-09,WBA,SWA,2,0,1,3.0,0.0,2.45,3.3,3.2
2012,2013-03-04,AVL,MANC,2,0,1,3.0,0.0,7.5,4.5,1.44
2012,2013-03-03,TOT,ARS,2,1,1,3.0,0.0,2.3,3.6,3.25
2012,2013-03-02,CHE,WBA,2,2,0,1.0,1.0,1.4,5.0,9.0
2012,2013-03-02,EVE,REA,3,0,1,3.0,0.0,1.38,5.0,10.0
2012,2013-03-02,MANU,NOR,8,2,1,3.0,0.0,1.33,5.5,11.0
2012,2013-03-02,SOU,QPR,1,0,1,3.0,0.0,1.85,3.8,4.5
2012,2013-03-02,STO,WHU,1,0,1,3.0,0.0,2.15,3.25,4.0
2012,2013-03-02,SUN,FUL,2,0,1,3.0,0.0,2.4,3.3,3.3
2012,2013-03-02,SWA,NEW,1,2,-1,0.0,3.0,2.1,3.6,3.75
2012,2013-03-02,WIG,LIVP,1,3,-1,0.0,3.0,4.5,3.75,1.85
2012,2013-02-25,WHU,TOT,1,1,0,1.0,1.0,3.6,3.5,2.15
2012,2013-02-24,MANC,CHE,3,1,1,3.0,0.0,1.95,3.6,4.33
2012,2013-02-24,NEW,SOU,1,3,-1,0.0,3.0,2.2,3.5,3.2
2012,2013-02-23,ARS,AVL,1,3,-1,0.0,3.0,1.33,5.5,11.0
2012,2013-02-23,FUL,STO,4,0,1,3.0,0.0,2.2,3.3,3.75
2012,2013-02-23,NOR,EVE,2,2,0,1.0,1.0,3.8,3.5,2.1
2012,2013-02-23,QPR,MANU,5,1,1,3.0,0.0,7.0,4.33,1.53
2012,2013-02-23,REA,WIG,2,1,1,3.0,0.0,2.63,3.4,2.88
2012,2013-02-23,WBA,SUN,2,2,0,1.0,1.0,2.05,3.5,4.0
2012,2013-02-17,LIVP,SWA,4,0,1,3.0,0.0,1.57,4.4,6.0
2012,2013-02-11,LIVP,WBA,0,4,-1,0.0,3.0,1.4,5.0,9.0
2012,2013-02-10,AVL,WHU,2,0,1,3.0,0.0,2.63,3.4,2.88
2012,2013-02-10,MANU,EVE,1,3,-1,0.0,3.0,1.75,3.9,5.0
2012,2013-02-09,CHE,WIG,5,1,1,3.0,0.0,1.36,5.5,9.5
2012,2013-02-09,NOR,FUL,2,1,1,3.0,0.0,2.3,3.4,3.4
2012,2013-02-09,SOU,MANC,1,2,-1,0.0,3.0,5.75,4.0,1.67
2012,2013-02-09,STO,REA,1,1,0,1.0,1.0,1.91,3.5,4.6
2012,2013-02-09,SUN,ARS,1,0,1,3.0,0.0,4.5,3.6,1.91
2012,2013-02-09,SWA,QPR,1,3,-1,0.0,3.0,1.83,3.75,4.75
2012,2013-02-09,TOT,NEW,1,2,-1,0.0,3.0,1.67,4.0,5.75
2012,2013-02-03,MANC,LIVP,1,3,-1,0.0,3.0,1.83,3.9,4.5
2012,2013-02-03,WBA,TOT,2,3,-1,0.0,3.0,3.6,3.4,2.2
2012,2013-02-02,ARS,STO,1,1,0,1.0,1.0,1.44,4.5,9.0
2012,2013-02-02,EVE,AVL,0,0,0,1.0,1.0,1.4,5.0,9.0
2012,2013-02-02,FUL,MANU,2,2,0,1.0,1.0,5.5,4.2,1.65
2012,2013-02-02,NEW,CHE,0,2,-1,0.0,3.0,4.0,3.6,2.0
2012,2013-02-02,QPR,NOR,2,1,1,3.0,0.0,1.95,3.6,4.33
2012,2013-02-02,REA,SUN,2,1,1,3.0,0.0,2.5,3.4,3.0
2012,2013-02-02,WHU,SWA,4,2,1,3.0,0.0,2.4,3.4,3.2
2012,2013-02-02,WIG,SOU,3,1,1,3.0,0.0,2.2,3.5,3.5
2012,2013-01-30,ARS,LIVP,3,5,-1,0.0,3.0,2.4,3.5,3.1
2012,2013-01-30,EVE,WBA,0,1,-1,0.0,3.0,1.6,4.1,6.5
2012,2013-01-30,FUL,WHU,3,1,1,3.0,0.0,2.2,3.5,3.5
2012,2013-01-30,MANU,SOU,1,2,-1,0.0,3.0,1.25,6.5,14.0
2012,2013-01-30,NOR,TOT,3,0,1,3.0,0.0,4.75,3.75,1.83
2012,2013-01-30,REA,CHE,1,1,0,1.0,1.0,7.5,4.5,1.5
2012,2013-01-29,AVL,NEW,0,0,0,1.0,1.0,2.9,3.4,2.6
2012,2013-01-29,QPR,MANC,2,2,0,1.0,1.0,7.5,4.5,1.5
2012,2013-01-29,STO,WIG,4,3,1,3.0,0.0,2.2,3.3,3.75
2012,2013-01-29,SUN,SWA,6,0,1,3.0,0.0,2.5,3.4,3.0
2012,2013-01-23,ARS,WHU,1,0,1,3.0,0.0,1.44,4.75,8.0
2012,2013-01-21,SOU,EVE,2,4,-1,0.0,3.0,3.6,3.5,2.05
2012,2013-01-20,CHE,ARS,0,1,-1,0.0,3.0,1.91,3.6,4.0
2012,2013-01-20,TOT,MANU,1,0,1,3.0,0.0,2.9,3.6,2.5
2012,2013-01-19,LIVP,NOR,3,1,1,3.0,0.0,1.33,5.5,10.5
2012,2013-01-19,MANC,FUL,1,4,-1,0.0,3.0,1.25,6.5,14.0
2012,2013-01-19,NEW,REA,1,1,0,1.0,1.0,1.75,4.0,5.0
2012,2013-01-19,SWA,STO,2,1,1,3.0,0.0,2.2,3.4,3.6
2012,2013-01-19,WBA,AVL,2,1,1,3.0,0.0,1.75,4.0,5.0
2012,2013-01-19,WHU,QPR,1,0,1,3.0,0.0,2.1,3.5,3.75
2012,2013-01-19,WIG,SUN,3,0,1,3.0,0.0,2.15,3.4,3.8
2012,2013-01-16,CHE,SOU,7,0,1,3.0,0.0,1.25,6.5,15.0
2012,2013-01-13,ARS,MANC,3,3,0,1.0,1.0,2.63,3.5,2.8
2012,2013-01-13,MANU,LIVP,0,1,-1,0.0,3.0,1.91,3.8,4.2
2012,2013-01-12,AVL,SOU,2,1,1,3.0,0.0,2.55,3.5,2.9
2012,2013-01-12,EVE,SWA,3,0,1,3.0,0.0,1.57,4.2,6.5
2012,2013-01-12,FUL,WIG,4,1,1,3.0,0.0,2.05,3.5,4.0
2012,2013-01-12,NOR,NEW,1,1,0,1.0,1.0,2.2,3.6,3.4
2012,2013-01-12,QPR,TOT,1,1,0,1.0,1.0,4.5,3.8,1.85
2012,2013-01-12,REA,WBA,0,2,-1,0.0,3.0,3.0,3.4,2.5
2012,2013-01-12,STO,CHE,1,1,0,1.0,1.0,4.33,3.5,1.95
2012,2013-01-12,SUN,WHU,3,3,0,1.0,1.0,2.38,3.3,3.3
2012,2013-01-02,CHE,QPR,2,0,1,3.0,0.0,1.2,6.5,15.0
2012,2013-01-02,LIVP,SUN,3,0,1,3.0,0.0,1.4,4.5,8.5
2012,2013-01-02,NEW,EVE,1,3,-1,0.0,3.0,3.0,3.4,2.38
2012,2013-01-01,MANC,STO,0,0,0,1.0,1.0,1.29,5.5,11.0
2012,2013-01-01,SOU,ARS,2,1,1,3.0,0.0,5.0,3.75,1.7
2012,2013-01-01,SWA,AVL,1,2,-1,0.0,3.0,1.57,4.0,6.0
2012,2013-01-01,TOT,REA,3,5,-1,0.0,3.0,1.33,5.0,10.0
2012,2013-01-01,WBA,FUL,0,2,-1,0.0,3.0,2.0,3.5,3.75
2012,2013-01-01,WHU,NOR,3,0,1,3.0,0.0,2.1,3.4,3.5
2012,2013-01-01,WIG,MANU,1,0,1,3.0,0.0,6.0,4.2,1.53
2012,2012-12-30,EVE,CHE,0,0,0,1.0,1.0,2.88,3.3,2.5
2012,2012-12-30,QPR,LIVP,2,1,1,3.0,0.0,4.0,3.5,1.91
2012,2012-12-29,ARS,NEW,0,1,-1,0.0,3.0,1.44,4.5,7.0
2012,2012-12-29,AVL,WIG,0,0,0,1.0,1.0,2.4,3.25,3.0
2012,2012-12-29,FUL,SWA,3,1,1,3.0,0.0,2.1,3.4,3.5
2012,2012-12-29,MANU,WBA,2,1,1,3.0,0.0,1.3,5.5,10.0
2012,2012-12-29,NOR,MANC,0,3,-1,0.0,3.0,6.0,4.0,1.57
2012,2012-12-29,REA,WHU,0,1,-1,0.0,3.0,2.88,3.25,2.5
2012,2012-12-29,STO,SOU,2,1,1,3.0,0.0,1.8,3.5,4.75
2012,2012-12-29,SUN,TOT,4,5,-1,0.0,3.0,3.5,3.4,2.1
2012,2012-12-26,AVL,TOT,0,0,0,1.0,1.0,3.75,3.5,2.0
2012,2012-12-26,EVE,WIG,2,0,1,3.0,0.0,1.44,4.5,7.0
2012,2012-12-26,FUL,SOU,2,1,1,3.0,0.0,1.85,3.6,4.2
2012,2012-12-26,MANU,NEW,3,3,0,1.0,1.0,1.22,6.5,13.0
2012,2012-12-26,NOR,CHE,1,0,1,3.0,0.0,6.0,3.75,1.62
2012,2012-12-26,QPR,WBA,6,0,1,3.0,0.0,2.2,3.4,3.25
2012,2012-12-26,REA,SWA,0,0,0,1.0,1.0,2.9,3.4,2.38
2012,2012-12-26,STO,LIVP,1,0,1,3.0,0.0,3.4,3.2,2.25
2012,2012-12-26,SUN,MANC,1,0,1,3.0,0.0,6.5,4.0,1.53
2012,2012-12-23,CHE,AVL,2,0,1,3.0,0.0,1.33,5.5,8.5
2012,2012-12-23,SWA,MANU,3,1,1,3.0,0.0,5.0,4.0,1.67
2012,2012-12-22,LIVP,FUL,1,4,-1,0.0,3.0,1.53,4.0,6.5
2012,2012-12-22,MANC,REA,1,0,1,3.0,0.0,1.14,8.0,19.0
2012,2012-12-22,NEW,QPR,2,0,1,3.0,0.0,2.1,3.4,3.5
2012,2012-12-22,SOU,SUN,1,3,-1,0.0,3.0,2.0,3.5,3.75
2012,2012-12-22,TOT,STO,3,1,1,3.0,0.0,1.62,3.75,6.0
2012,2012-12-22,WBA,NOR,1,1,0,1.0,1.0,1.91,3.6,4.0
2012,2012-12-22,WHU,EVE,0,0,0,1.0,1.0,2.88,3.25,2.5
2012,2012-12-22,WIG,ARS,2,1,1,3.0,0.0,4.75,3.75,1.73
2012,2012-12-17,REA,ARS,0,1,-1,0.0,3.0,5.5,4.0,1.62
2012,2012-12-16,TOT,SWA,2,1,1,3.0,0.0,1.62,4.0,5.5
2012,2012-12-16,WBA,WHU,4,2,1,3.0,0.0,2.0,3.5,3.75
2012,2012-12-15,LIVP,AVL,2,0,1,3.0,0.0,1.36,4.75,9.0
2012,2012-12-15,MANU,SUN,2,2,0,1.0,1.0,1.2,6.5,15.0
2012,2012-12-15,NEW,MANC,2,1,1,3.0,0.0,5.5,3.75,1.67
2012,2012-12-15,NOR,WIG,0,1,-1,0.0,3.0,2.2,3.4,3.25
2012,2012-12-15,QPR,FUL,3,0,1,3.0,0.0,2.4,3.4,2.88
2012,2012-12-15,STO,EVE,2,3,-1,0.0,3.0,3.1,3.2,2.4
2012,2012-12-11,SUN,REA,0,4,-1,0.0,3.0,2.0,3.5,3.75
2012,2012-12-10,FUL,NEW,3,2,1,3.0,0.0,1.91,3.6,4.0
2012,2012-12-09,EVE,TOT,2,3,-1,0.0,3.0,2.0,3.5,3.75
2012,2012-12-09,MANC,MANU,0,2,-1,0.0,3.0,2.2,3.5,3.2
2012,2012-12-09,WHU,LIVP,1,3,-1,0.0,3.0,3.0,3.3,2.38
2012,2012-12-08,ARS,WBA,1,2,-1,0.0,3.0,1.5,4.33,6.5
2012,2012-12-08,AVL,STO,0,0,0,1.0,1.0,2.4,3.2,3.1
2012,2012-12-08,SOU,REA,3,1,1,3.0,0.0,1.91,3.6,4.0
2012,2012-12-08,SUN,CHE,1,2,-1,0.0,3.0,4.75,3.5,1.8
2012,2012-12-08,SWA,NOR,0,0,0,1.0,1.0,1.8,3.6,4.5
2012,2012-12-08,WIG,QPR,1,3,-1,0.0,3.0,2.3,3.4,3.1
2012,2012-12-03,NEW,WIG,0,1,-1,0.0,3.0,2.0,3.4,3.75
2012,2012-12-02,NOR,SUN,4,2,1,3.0,0.0,2.1,3.3,3.6
2012,2012-12-01,ARS,SWA,2,1,1,3.0,0.0,1.44,4.5,7.0
2012,2012-12-01,FUL,TOT,3,3,0,1.0,1.0,2.88,3.3,2.5
2012,2012-12-01,LIVP,SOU,3,1,1,3.0,0.0,1.4,4.5,8.5
2012,2012-12-01,MANC,EVE,2,2,0,1.0,1.0,1.5,4.0,7.0
2012,2012-12-01,QPR,AVL,3,2,1,3.0,0.0,1.95,3.5,4.0
2012,2012-12-01,REA,MANU,0,2,-1,0.0,3.0,7.5,4.75,1.4
2012,2012-12-01,WBA,STO,1,0,1,3.0,0.0,2.1,3.25,3.75
2012,2012-12-01,WHU,CHE,0,0,0,1.0,1.0,4.0,3.5,1.91
2012,2012-11-28,CHE,FUL,1,0,1,3.0,0.0,1.44,4.5,7.0
2012,2012-11-28,EVE,ARS,2,4,-1,0.0,3.0,2.5,3.4,2.75
2012,2012-11-28,MANU,WHU,0,0,0,1.0,1.0,1.22,6.5,12.0
2012,2012-11-28,SOU,NOR,1,2,-1,0.0,3.0,2.0,3.4,3.8
2012,2012-11-28,STO,NEW,1,0,1,3.0,0.0,1.91,3.4,4.2
2012,2012-11-28,SWA,WBA,0,0,0,1.0,1.0,2.3,3.4,3.1
2012,2012-11-28,TOT,LIVP,2,2,0,1.0,1.0,2.4,3.4,2.88
2012,2012-11-28,WIG,MANC,1,1,0,1.0,1.0,6.0,4.2,1.53
2012,2012-11-27,AVL,REA,2,4,-1,0.0,3.0,1.95,3.4,4.0
2012,2012-11-27,SUN,QPR,2,2,0,1.0,1.0,2.25,3.25,3.3
2012,2012-11-25,CHE,MANC,5,1,1,3.0,0.0,2.5,3.5,2.7
2012,2012-11-25,SOU,NEW,0,2,-1,0.0,3.0,2.3,3.5,3.0
2012,2012-11-25,SWA,LIVP,0,1,-1,0.0,3.0,3.4,3.5,2.1
2012,2012-11-25,TOT,WHU,2,1,1,3.0,0.0,1.67,3.75,5.5
2012,2012-11-24,AVL,ARS,1,1,0,1.0,1.0,4.75,3.75,1.73
2012,2012-11-24,EVE,NOR,1,0,1,3.0,0.0,1.44,4.33,7.5
2012,2012-11-24,MANU,QPR,1,0,1,3.0,0.0,1.17,7.5,15.0
2012,2012-11-24,STO,FUL,5,1,1,3.0,0.0,2.2,3.3,3.4
2012,2012-11-24,SUN,WBA,3,3,0,1.0,1.0,2.5,3.3,2.88
2012,2012-11-24,WIG,REA,1,1,0,1.0,1.0,1.83,3.6,4.33
2012,2012-11-19,WHU,STO,3,0,1,3.0,0.0,2.0,3.4,3.8
2012,2012-11-18,FUL,SUN,1,0,1,3.0,0.0,1.67,3.75,5.25
2012,2012-11-17,ARS,TOT,2,2,0,1.0,1.0,1.91,3.75,3.8
2012,2012-11-17,LIVP,WIG,2,1,1,3.0,0.0,1.44,4.33,7.5
2012,2012-11-17,MANC,AVL,2,1,1,3.0,0.0,1.2,6.5,15.0
2012,2012-11-17,NEW,SWA,2,3,-1,0.0,3.0,1.91,3.6,4.0
2012,2012-11-17,NOR,MANU,1,0,1,3.0,0.0,7.0,4.5,1.44
2012,2012-11-17,QPR,SOU,0,2,-1,0.0,3.0,1.91,3.6,4.0
2012,2012-11-17,REA,EVE,3,1,1,3.0,0.0,4.33,3.6,1.83
2012,2012-11-17,WBA,CHE,1,4,-1,0.0,3.0,3.75,3.5,2.0
2012,2012-11-11,CHE,LIVP,0,3,-1,0.0,3.0,1.95,3.5,4.0
2012,2012-11-11,MANC,TOT,4,2,1,3.0,0.0,1.57,4.0,6.0
2012,2012-11-11,NEW,WHU,1,2,-1,0.0,3.0,1.95,3.6,3.8
2012,2012-11-10,ARS,FUL,1,0,1,3.0,0.0,1.53,4.2,6.0
2012,2012-11-10,AVL,MANU,0,0,0,1.0,1.0,7.0,4.5,1.44
2012,2012-11-10,EVE,SUN,5,2,1,3.0,0.0,1.44,4.2,8.0
2012,2012-11-10,REA,NOR,1,1,0,1.0,1.0,2.25,3.4,3.2
2012,2012-11-10,SOU,SWA,2,0,1,3.0,0.0,2.38,3.5,2.88
2012,2012-11-10,STO,QPR,1,1,0,1.0,1.0,1.91,3.4,4.2
2012,2012-11-10,WIG,WBA,3,0,1,3.0,0.0,2.3,3.4,3.1
2012,2012-11-05,WBA,SOU,3,1,1,3.0,0.0,1.73,3.75,4.75
2012,2012-11-04,LIVP,NEW,1,0,1,3.0,0.0,1.57,4.0,6.0
2012,2012-11-04,QPR,REA,2,1,1,3.0,0.0,1.8,3.6,4.5
2012,2012-11-03,FUL,EVE,0,3,-1,0.0,3.0,2.75,3.4,2.5
2012,2012-11-03,MANU,ARS,1,0,1,3.0,0.0,1.7,3.8,5.0
2012,2012-11-03,NOR,STO,1,0,1,3.0,0.0,2.6,3.3,2.75
2012,2012-11-03,SUN,AVL,4,0,1,3.0,0.0,2.1,3.3,3.6
2012,2012-11-03,SWA,CHE,1,2,-1,0.0,3.0,4.5,3.6,1.8
2012,2012-11-03,TOT,WIG,0,1,-1,0.0,3.0,1.5,4.33,6.5
2012,2012-11-03,WHU,MANC,2,3,-1,0.0,3.0,5.0,3.8,1.7
2012,2012-10-28,CHE,MANU,2,0,1,3.0,0.0,2.4,3.4,2.9
2012,2012-10-28,EVE,LIVP,1,1,0,1.0,1.0,2.6,3.3,2.75
2012,2012-10-28,NEW,WBA,1,3,-1,0.0,3.0,2.0,3.5,3.75
2012,2012-10-28,SOU,TOT,0,0,0,1.0,1.0,4.2,3.75,1.83
2012,2012-10-27,ARS,QPR,1,0,1,3.0,0.0,1.36,5.0,8.5
2012,2012-10-27,AVL,NOR,1,0,1,3.0,0.0,2.0,3.5,3.75
2012,2012-10-27,MANC,SWA,3,0,1,3.0,0.0,1.22,6.0,15.0
2012,2012-10-27,REA,FUL,1,1,0,1.0,1.0,2.75,3.4,2.5
2012,2012-10-27,STO,SUN,1,1,0,1.0,1.0,1.95,3.3,4.2
2012,2012-10-27,WIG,WHU,1,2,-1,0.0,3.0,2.25,3.4,3.2
2012,2012-10-21,QPR,EVE,1,1,0,1.0,1.0,3.25,3.4,2.2
2012,2012-10-21,SUN,NEW,2,1,1,3.0,0.0,2.5,3.3,2.88
2012,2012-10-20,FUL,AVL,2,0,1,3.0,0.0,1.8,3.6,4.5
2012,2012-10-20,LIVP,REA,1,3,-1,0.0,3.0,1.33,5.0,10.0
2012,2012-10-20,MANU,STO,2,1,1,3.0,0.0,1.29,5.5,11.0
2012,2012-10-20,NOR,ARS,2,1,1,3.0,0.0,6.0,4.2,1.53
2012,2012-10-20,SWA,WIG,1,0,1,3.0,0.0,2.1,3.4,3.5
2012,2012-10-20,TOT,CHE,0,0,0,1.0,1.0,2.5,3.4,2.75
2012,2012-10-20,WBA,MANC,2,1,1,3.0,0.0,5.0,3.75,1.7
2012,2012-10-20,WHU,SOU,4,0,1,3.0,0.0,1.83,3.75,4.2
2012,2012-10-07,LIVP,STO,1,1,0,1.0,1.0,1.44,4.33,7.5
2012,2012-10-07,NEW,MANU,0,1,-1,0.0,3.0,4.2,3.75,1.83
2012,2012-10-07,SOU,FUL,0,0,0,1.0,1.0,2.75,3.3,2.6
2012,2012-10-07,TOT,AVL,1,1,0,1.0,1.0,1.44,4.33,7.5
2012,2012-10-06,CHE,NOR,0,0,0,1.0,1.0,1.22,6.5,12.0
2012,2012-10-06,MANC,SUN,1,0,1,3.0,0.0,1.29,5.5,11.0
2012,2012-10-06,SWA,REA,4,2,1,3.0,0.0,1.91,3.6,4.0
2012,2012-10-06,WBA,QPR,0,1,-1,0.0,3.0,1.83,3.75,4.2
2012,2012-10-06,WHU,ARS,0,0,0,1.0,1.0,4.0,3.6,1.91
2012,2012-10-06,WIG,EVE,4,0,1,3.0,0.0,4.2,3.4,1.91
2012,2012-10-01,QPR,WHU,3,2,1,3.0,0.0,2.05,3.4,3.75
2012,2012-09-30,AVL,WBA,2,1,1,3.0,0.0,2.4,3.3,3.0
2012,2012-09-29,ARS,CHE,1,2,-1,0.0,3.0,2.1,3.4,3.5
2012,2012-09-29,EVE,SOU,3,1,1,3.0,0.0,1.4,4.75,8.0
2012,2012-09-29,FUL,MANC,0,0,0,1.0,1.0,4.33,3.6,1.83
2012,2012-09-29,MANU,TOT,0,0,0,1.0,1.0,1.57,4.0,6.0
2012,2012-09-29,NOR,LIVP,1,2,-1,0.0,3.0,4.75,3.75,1.73
2012,2012-09-29,REA,NEW,2,1,1,3.0,0.0,2.88,3.3,2.5
2012,2012-09-29,STO,SWA,2,1,1,3.0,0.0,1.91,3.4,4.2
2012,2012-09-29,SUN,WIG,1,2,-1,0.0,3.0,2.0,3.4,3.8
2012,2012-09-23,LIVP,MANU,1,3,-1,0.0,3.0,2.7,3.3,2.63
2012,2012-09-23,MANC,ARS,0,1,-1,0.0,3.0,1.75,3.6,4.75
2012,2012-09-23,NEW,NOR,1,1,0,1.0,1.0,1.8,3.6,4.5
2012,2012-09-23,TOT,QPR,1,0,1,3.0,0.0,1.44,4.33,7.5
2012,2012-09-22,CHE,STO,2,1,1,3.0,0.0,1.36,4.75,9.0
2012,2012-09-22,SOU,AVL,1,2,-1,0.0,3.0,2.4,3.3,3.0
2012,2012-09-22,SWA,EVE,2,2,0,1.0,1.0,3.0,3.3,2.4
2012,2012-09-22,WBA,REA,0,0,0,1.0,1.0,1.73,3.75,4.75
2012,2012-09-22,WHU,SUN,1,3,-1,0.0,3.0,2.1,3.3,3.6
2012,2012-09-22,WIG,FUL,2,2,0,1.0,1.0,2.4,3.3,3.0
2012,2012-09-17,EVE,NEW,2,0,1,3.0,0.0,1.73,3.6,5.0
2012,2012-09-16,REA,TOT,1,1,0,1.0,1.0,3.75,3.5,2.0
2012,2012-09-15,ARS,SOU,0,1,-1,0.0,3.0,1.36,5.0,8.5
2012,2012-09-15,AVL,SWA,3,1,1,3.0,0.0,2.38,3.25,3.1
2012,2012-09-15,FUL,WBA,2,1,1,3.0,0.0,2.1,3.4,3.5
2012,2012-09-15,MANU,WIG,0,0,0,1.0,1.0,1.25,6.0,12.0
2012,2012-09-15,NOR,WHU,1,2,-1,0.0,3.0,2.38,3.4,3.0
2012,2012-09-15,QPR,CHE,1,0,1,3.0,0.0,4.5,3.5,1.83
2012,2012-09-15,STO,MANC,0,2,-1,0.0,3.0,5.0,3.6,1.73
2012,2012-09-15,SUN,LIVP,1,1,0,1.0,1.0,3.4,3.3,2.2
2012,2012-09-02,LIVP,ARS,1,2,-1,0.0,3.0,2.0,3.5,3.75
2012,2012-09-02,NEW,AVL,1,0,1,3.0,0.0,1.62,3.75,6.0
2012,2012-09-02,SOU,MANU,1,2,-1,0.0,3.0,6.0,4.2,1.53
2012,2012-09-01,MANC,QPR,4,4,0,1.0,1.0,1.18,7.0,15.0
2012,2012-09-01,SWA,SUN,1,1,0,1.0,1.0,2.2,3.3,3.4
2012,2012-09-01,TOT,NOR,2,1,1,3.0,0.0,1.36,5.0,8.5
2012,2012-09-01,WBA,EVE,0,2,-1,0.0,3.0,3.0,3.3,2.38
2012,2012-09-01,WHU,FUL,4,0,1,3.0,0.0,2.5,3.25,2.88
2012,2012-09-01,WIG,STO,1,0,1,3.0,0.0,2.25,3.25,3.3
2012,2012-08-26,LIVP,MANC,1,1,0,1.0,1.0,3.1,3.4,2.3
2012,2012-08-26,STO,ARS,1,1,0,1.0,1.0,3.5,3.4,2.1
2012,2012-08-25,AVL,EVE,2,0,1,3.0,0.0,2.9,3.4,2.4
2012,2012-08-25,CHE,NEW,2,2,0,1.0,1.0,1.5,4.33,6.5
2012,2012-08-25,MANU,FUL,2,1,1,3.0,0.0,1.29,5.5,11.0
2012,2012-08-25,NOR,QPR,4,1,1,3.0,0.0,2.25,3.4,3.2
2012,2012-08-25,SOU,WIG,0,0,0,1.0,1.0,2.1,3.4,3.5
2012,2012-08-25,SWA,WHU,3,0,1,3.0,0.0,2.1,3.3,3.6
2012,2012-08-25,TOT,WBA,1,2,-1,0.0,3.0,1.5,4.33,6.5
2012,2012-08-22,CHE,REA,2,2,0,1.0,1.0,1.25,5.5,13.0
2012,2012-08-20,EVE,MANU,1,2,-1,0.0,3.0,4.33,3.6,1.83
2012,2012-08-19,MANC,SOU,0,0,0,1.0,1.0,1.17,7.0,17.0
2012,2012-08-19,WIG,CHE,0,1,-1,0.0,3.0,6.0,3.75,1.62
2012,2012-08-18,ARS,SUN,0,1,-1,0.0,3.0,1.4,4.5,8.5
2012,2012-08-18,FUL,NOR,0,1,-1,0.0,3.0,1.8,3.6,4.5
2012,2012-08-18,NEW,TOT,0,1,-1,0.0,3.0,2.5,3.4,2.75
2012,2012-08-18,QPR,SWA,3,1,1,3.0,0.0,2.0,3.4,3.8
2012,2012-08-18,REA,STO,2,1,1,3.0,0.0,2.38,3.25,3.1
2012,2012-08-18,WBA,LIVP,1,0,1,3.0,0.0,4.2,3.5,1.91
2012,2012-08-18,WHU,AVL,1,2,-1,0.0,3.0,2.2,3.3,3.4
2011,2012-05-13,CHE,BLBN,0,5,-1,0.0,3.0,1.3,5.5,10.0
2011,2012-05-13,EVE,NEW,2,1,1,3.0,0.0,2.2,3.5,3.2
2011,2012-05-13,MANC,QPR,8,0,1,3.0,0.0,1.13,9.0,19.0
2011,2012-05-13,NOR,AVL,2,0,1,3.0,0.0,2.2,3.4,3.25
2011,2012-05-13,STO,BOLN,1,0,1,3.0,0.0,2.38,3.5,2.88
2011,2012-05-13,SUN,MANU,3,1,1,3.0,0.0,7.0,4.5,1.44
2011,2012-05-13,SWA,LIVP,2,3,-1,0.0,3.0,3.4,3.5,2.1
2011,2012-05-13,TOT,FUL,0,4,-1,0.0,3.0,1.4,4.5,8.5
2011,2012-05-13,WBA,ARS,1,2,-1,0.0,3.0,5.0,4.0,1.67
2011,2012-05-13,WIG,WOLV,1,2,-1,0.0,3.0,1.57,4.0,6.0
2011,2012-05-08,LIVP,CHE,3,1,1,3.0,0.0,2.1,3.5,3.4
2011,2012-05-07,BLBN,WIG,2,6,-1,0.0,3.0,2.4,3.5,2.88
2011,2012-05-06,AVL,TOT,2,4,-1,0.0,3.0,4.2,3.75,1.83
2011,2012-05-06,BOLN,WBA,2,1,1,3.0,0.0,2.0,3.5,3.75
2011,2012-05-06,FUL,SUN,3,2,1,3.0,0.0,1.83,3.6,4.33
2011,2012-05-06,MANU,SWA,0,0,0,1.0,1.0,1.17,7.0,17.0
2011,2012-05-06,NEW,MANC,1,2,-1,0.0,3.0,5.0,4.0,1.67
2011,2012-05-06,QPR,STO,3,2,1,3.0,0.0,1.83,3.75,4.2
2011,2012-05-06,WOLV,EVE,0,0,0,1.0,1.0,5.0,3.75,1.7
2011,2012-05-05,ARS,NOR,1,2,-1,0.0,3.0,1.22,6.5,12.0
2011,2012-05-02,BOLN,TOT,3,2,1,3.0,0.0,4.0,3.6,1.91
2011,2012-05-02,CHE,NEW,0,2,-1,0.0,3.0,1.5,4.33,6.5
2011,2012-05-01,LIVP,FUL,2,3,-1,0.0,3.0,1.62,4.0,5.5
2011,2012-05-01,STO,EVE,2,1,1,3.0,0.0,2.75,3.25,2.6
2011,2012-04-30,MANC,MANU,3,0,1,3.0,0.0,2.1,3.5,3.4
2011,2012-04-29,CHE,QPR,3,2,1,3.0,0.0,1.4,4.5,8.5
2011,2012-04-29,TOT,BLBN,3,0,1,3.0,0.0,1.36,5.0,8.0
2011,2012-04-28,EVE,FUL,3,0,1,3.0,0.0,1.83,3.5,4.5
2011,2012-04-28,NOR,LIVP,2,3,-1,0.0,3.0,3.8,3.4,2.0
2011,2012-04-28,STO,ARS,0,1,-1,0.0,3.0,4.33,3.6,1.83
2011,2012-04-28,SUN,BOLN,2,2,0,1.0,1.0,2.0,3.5,3.75
2011,2012-04-28,SWA,WOLV,0,3,-1,0.0,3.0,1.53,4.0,6.5
2011,2012-04-28,WBA,AVL,6,2,1,3.0,0.0,2.1,3.4,3.5
2011,2012-04-28,WIG,NEW,1,1,0,1.0,1.0,2.8,3.4,2.5
2011,2012-04-24,AVL,BOLN,0,2,-1,0.0,3.0,1.91,3.5,4.0
2011,2012-04-22,LIVP,WBA,0,0,0,1.0,1.0,1.44,4.33,7.5
2011,2012-04-22,MANU,EVE,0,2,-1,0.0,3.0,1.3,5.0,11.0
2011,2012-04-22,WOLV,MANC,2,2,0,1.0,1.0,12.0,6.5,1.22
2011,2012-04-21,ARS,CHE,0,1,-1,0.0,3.0,2.0,3.6,3.6
2011,2012-04-21,AVL,SUN,1,1,0,1.0,1.0,2.3,3.3,3.2
2011,2012-04-21,BLBN,NOR,0,1,-1,0.0,3.0,2.1,3.4,3.5
2011,2012-04-21,BOLN,SWA,1,3,-1,0.0,3.0,2.2,3.3,3.4
2011,2012-04-21,FUL,WIG,1,0,1,3.0,0.0,1.91,3.6,4.0
2011,2012-04-21,NEW,STO,0,0,0,1.0,1.0,1.67,3.75,5.5
2011,2012-04-21,QPR,TOT,1,2,-1,0.0,3.0,4.0,3.6,1.91
2011,2012-04-16,ARS,WIG,2,0,1,3.0,0.0,1.25,6.0,12.0
2011,2012-04-15,MANU,AVL,3,0,1,3.0,0.0,1.22,6.5,13.0
2011,2012-04-14,NOR,MANC,3,0,1,3.0,0.0,6.0,4.2,1.53
2011,2012-04-14,SUN,WOLV,1,2,-1,0.0,3.0,1.5,4.2,6.5
2011,2012-04-14,SWA,BLBN,1,0,1,3.0,0.0,1.91,3.5,4.0
2011,2012-04-14,WBA,QPR,3,2,1,3.0,0.0,2.1,3.4,3.5
2011,2012-04-11,MANC,WBA,3,1,1,3.0,0.0,1.25,5.5,13.0
2011,2012-04-11,QPR,SWA,0,1,-1,0.0,3.0,2.1,3.4,3.5
2011,2012-04-11,WIG,MANU,3,0,1,3.0,0.0,9.0,4.75,1.36
2011,2012-04-11,WOLV,ARS,0,2,-1,0.0,3.0,7.0,4.5,1.44
2011,2012-04-10,BLBN,LIVP,3,1,1,3.0,0.0,3.5,3.4,2.1
2011,2012-04-09,AVL,STO,2,0,1,3.0,0.0,2.2,3.3,3.4
2011,2012-04-09,EVE,SUN,1,2,-1,0.0,3.0,1.83,3.5,4.5
2011,2012-04-09,FUL,CHE,0,1,-1,0.0,3.0,3.5,3.4,2.1
2011,2012-04-09,NEW,BOLN,2,1,1,3.0,0.0,1.53,4.2,6.0
2011,2012-04-09,TOT,NOR,3,4,-1,0.0,3.0,1.29,5.5,11.0
2011,2012-04-08,ARS,MANC,2,2,0,1.0,1.0,2.4,3.4,2.88
2011,2012-04-08,MANU,QPR,3,2,1,3.0,0.0,1.17,7.5,15.0
2011,2012-04-07,BOLN,FUL,2,0,1,3.0,0.0,2.6,3.3,2.75
2011,2012-04-07,CHE,WIG,3,0,1,3.0,0.0,1.25,6.0,12.0
2011,2012-04-07,LIVP,AVL,0,1,-1,0.0,3.0,1.44,4.33,7.5
2011,2012-04-07,NOR,EVE,1,0,1,3.0,0.0,3.0,3.3,2.4
2011,2012-04-07,STO,WOLV,2,0,1,3.0,0.0,1.57,4.0,6.0
2011,2012-04-07,SUN,TOT,3,4,-1,0.0,3.0,3.3,3.4,2.2
2011,2012-04-07,WBA,BLBN,2,0,1,3.0,0.0,1.91,3.6,4.0
2011,2012-04-06,SWA,NEW,2,0,1,3.0,0.0,2.4,3.4,2.88
2011,2012-04-02,BLBN,MANU,2,0,1,3.0,0.0,9.0,4.75,1.36
2011,2012-04-01,NEW,LIVP,1,0,1,3.0,0.0,2.88,3.4,2.4
2011,2012-04-01,TOT,SWA,5,0,1,3.0,0.0,1.4,4.5,8.5
2011,2012-03-31,AVL,CHE,1,0,1,3.0,0.0,4.5,3.5,1.83
2011,2012-03-31,EVE,WBA,1,3,-1,0.0,3.0,1.83,3.5,4.5
2011,2012-03-31,FUL,NOR,0,0,0,1.0,1.0,1.7,3.75,5.0
2011,2012-03-31,MANC,SUN,0,1,-1,0.0,3.0,1.22,6.5,12.0
2011,2012-03-31,QPR,ARS,2,2,0,1.0,1.0,5.5,4.2,1.57
2011,2012-03-31,WIG,STO,3,0,1,3.0,0.0,2.63,3.25,2.75
2011,2012-03-31,WOLV,BOLN,3,2,1,3.0,0.0,2.3,3.4,3.1
2011,2012-03-26,MANU,FUL,2,1,1,3.0,0.0,1.22,6.0,15.0
2011,2012-03-25,WBA,NEW,2,1,1,3.0,0.0,2.3,3.4,3.1
2011,2012-03-24,ARS,AVL,1,0,1,3.0,0.0,1.33,5.0,10.0
2011,2012-03-24,BOLN,BLBN,2,1,1,3.0,0.0,2.4,3.4,2.9
2011,2012-03-24,CHE,TOT,0,3,-1,0.0,3.0,1.83,3.6,4.33
2011,2012-03-24,LIVP,WIG,0,0,0,1.0,1.0,1.29,5.5,11.0
2011,2012-03-24,NOR,WOLV,1,2,-1,0.0,3.0,1.73,3.75,4.75
2011,2012-03-24,STO,MANC,0,2,-1,0.0,3.0,6.0,3.75,1.62
2011,2012-03-24,SUN,QPR,1,0,1,3.0,0.0,2.0,3.4,3.8
2011,2012-03-24,SWA,EVE,0,1,-1,0.0,3.0,2.2,3.25,3.4
2011,2012-03-21,EVE,ARS,1,0,1,3.0,0.0,3.0,3.4,2.3
2011,2012-03-21,MANC,CHE,1,1,0,1.0,1.0,1.91,3.6,4.0
2011,2012-03-21,QPR,LIVP,5,2,1,3.0,0.0,5.0,3.6,1.73
2011,2012-03-21,TOT,STO,0,1,-1,0.0,3.0,1.4,4.5,8.5
2011,2012-03-20,BLBN,SUN,0,1,-1,0.0,3.0,2.4,3.4,2.88
2011,2012-03-18,NEW,NOR,1,3,-1,0.0,3.0,1.8,3.6,4.5
2011,2012-03-18,WOLV,MANU,1,2,-1,0.0,3.0,9.0,5.0,1.33
2011,2012-03-17,FUL,SWA,2,1,1,3.0,0.0,1.83,3.5,4.5
2011,2012-03-17,WIG,WBA,1,0,1,3.0,0.0,2.75,3.3,2.6
2011,2012-03-13,LIVP,EVE,3,3,0,1.0,1.0,1.73,3.4,5.5
2011,2012-03-12,ARS,NEW,1,1,0,1.0,1.0,1.44,4.33,7.5
2011,2012-03-11,MANU,WBA,1,1,0,1.0,1.0,1.29,5.5,11.0
2011,2012-03-11,NOR,WIG,3,0,1,3.0,0.0,1.83,3.6,4.33
2011,2012-03-11,SWA,MANC,1,2,-1,0.0,3.0,6.0,3.75,1.62
2011,2012-03-10,AVL,FUL,1,0,1,3.0,0.0,2.5,3.25,2.88
2011,2012-03-10,BOLN,QPR,1,2,-1,0.0,3.0,2.5,3.25,2.88
2011,2012-03-10,CHE,STO,5,3,1,3.0,0.0,1.4,4.5,8.5
2011,2012-03-10,EVE,TOT,2,2,0,1.0,1.0,2.88,3.25,2.5
2011,2012-03-10,SUN,LIVP,2,1,1,3.0,0.0,3.8,3.4,2.0
2011,2012-03-10,WOLV,BLBN,0,0,0,1.0,1.0,2.38,3.3,3.0
2011,2012-03-04,FUL,WOLV,1,5,-1,0.0,3.0,1.57,3.75,6.5
2011,2012-03-04,NEW,SUN,2,3,-1,0.0,3.0,2.1,3.4,3.5
2011,2012-03-04,TOT,MANU,1,0,1,3.0,0.0,2.88,3.4,2.4
2011,2012-03-03,BLBN,AVL,5,1,1,3.0,0.0,2.38,3.4,3.0
2011,2012-03-03,LIVP,ARS,1,0,1,3.0,0.0,2.0,3.5,3.75
2011,2012-03-03,MANC,BOLN,3,0,1,3.0,0.0,1.13,8.5,21.0
2011,2012-03-03,QPR,EVE,3,0,1,3.0,0.0,3.1,3.25,2.38
2011,2012-03-03,STO,NOR,0,2,-1,0.0,3.0,1.83,3.5,4.5
2011,2012-03-03,WBA,CHE,1,0,1,3.0,0.0,4.2,3.4,1.91
2011,2012-03-03,WIG,SWA,2,0,1,3.0,0.0,2.5,3.25,2.88
2011,2012-02-26,ARS,TOT,1,0,1,3.0,0.0,2.5,3.4,2.75
2011,2012-02-26,NOR,MANU,1,0,1,3.0,0.0,6.5,4.0,1.53
2011,2012-02-26,STO,SWA,3,2,1,3.0,0.0,2.1,3.4,3.5
2011,2012-02-25,CHE,BOLN,1,1,0,1.0,1.0,1.29,5.5,11.0
2011,2012-02-25,MANC,BLBN,2,2,0,1.0,1.0,1.17,7.0,17.0
2011,2012-02-25,NEW,WOLV,1,1,0,1.0,1.0,1.57,4.0,6.0
2011,2012-02-25,QPR,FUL,0,1,-1,0.0,3.0,2.63,3.25,2.75
2011,2012-02-25,WBA,SUN,0,3,-1,0.0,3.0,2.4,3.25,3.0
2011,2012-02-25,WIG,AVL,1,1,0,1.0,1.0,2.75,3.25,2.63
2011,2012-02-12,AVL,MANC,1,0,1,3.0,0.0,5.5,3.6,1.67
2011,2012-02-12,WOLV,WBA,0,0,0,1.0,1.0,2.5,3.25,2.88
2011,2012-02-11,BLBN,QPR,2,1,1,3.0,0.0,2.38,3.3,3.0
2011,2012-02-11,BOLN,WIG,0,1,-1,0.0,3.0,2.0,3.5,3.75
2011,2012-02-11,EVE,CHE,1,1,0,1.0,1.0,3.25,3.3,2.25
2011,2012-02-11,FUL,STO,1,3,-1,0.0,3.0,1.91,3.5,4.0
2011,2012-02-11,MANU,LIVP,1,1,0,1.0,1.0,1.85,3.6,4.33
2011,2012-02-11,SUN,ARS,2,2,0,1.0,1.0,3.5,3.4,2.1
2011,2012-02-11,SWA,NOR,1,0,1,3.0,0.0,1.83,3.5,4.5
2011,2012-02-11,TOT,NEW,0,0,0,1.0,1.0,1.44,4.33,7.5
2011,2012-02-06,LIVP,TOT,2,1,1,3.0,0.0,2.0,3.4,3.8
2011,2012-02-05,CHE,MANU,1,0,1,3.0,0.0,2.5,3.3,2.88
2011,2012-02-05,NEW,AVL,2,1,1,3.0,0.0,2.0,3.4,3.8
2011,2012-02-04,ARS,BLBN,2,2,0,1.0,1.0,1.29,5.5,11.0
2011,2012-02-04,MANC,FUL,1,2,-1,0.0,3.0,1.3,5.5,10.0
2011,2012-02-04,NOR,BOLN,1,1,0,1.0,1.0,2.0,3.5,3.75
2011,2012-02-04,QPR,WOLV,1,2,-1,0.0,3.0,1.91,3.6,4.0
2011,2012-02-04,STO,SUN,0,0,0,1.0,1.0,2.25,3.25,3.3
2011,2012-02-04,WBA,SWA,1,2,-1,0.0,3.0,2.1,3.3,3.6
2011,2012-02-04,WIG,EVE,2,0,1,3.0,0.0,3.5,3.4,2.1
2011,2012-02-01,AVL,QPR,0,0,0,1.0,1.0,1.8,3.5,4.75
2011,2012-02-01,BLBN,NEW,2,1,1,3.0,0.0,2.63,3.3,2.7
2011,2012-02-01,BOLN,ARS,2,2,0,1.0,1.0,5.0,3.75,1.7
2011,2012-02-01,FUL,WBA,3,1,1,3.0,0.0,1.83,3.5,4.5
2011,2012-02-01,SUN,NOR,3,1,1,3.0,0.0,1.91,3.5,4.2
2011,2012-01-31,EVE,MANC,2,1,1,3.0,0.0,4.33,3.5,1.85
2011,2012-01-31,MANU,STO,3,1,1,3.0,0.0,1.33,5.0,10.0
2011,2012-01-31,SWA,CHE,2,1,1,3.0,0.0,4.0,3.25,2.0
2011,2012-01-31,TOT,WIG,8,0,1,3.0,0.0,1.22,6.0,15.0
2011,2012-01-31,WOLV,LIVP,2,0,1,3.0,0.0,5.0,3.8,1.7
2011,2012-01-22,ARS,MANU,3,2,1,3.0,0.0,2.8,3.4,2.5
2011,2012-01-22,MANC,TOT,2,1,1,3.0,0.0,1.91,3.6,4.0
2011,2012-01-21,BOLN,LIVP,2,1,1,3.0,0.0,6.0,3.75,1.62
2011,2012-01-21,EVE,BLBN,1,2,-1,0.0,3.0,1.53,4.0,6.5
2011,2012-01-21,FUL,NEW,1,0,1,3.0,0.0,2.0,3.4,3.8
2011,2012-01-21,NOR,CHE,2,0,1,3.0,0.0,5.5,4.0,1.62
2011,2012-01-21,QPR,WIG,2,1,1,3.0,0.0,2.0,3.4,3.8
2011,2012-01-21,STO,WBA,2,0,1,3.0,0.0,1.91,3.4,4.2
2011,2012-01-21,SUN,SWA,2,2,0,1.0,1.0,1.91,3.4,4.2
2011,2012-01-21,WOLV,AVL,2,1,1,3.0,0.0,2.5,3.25,2.88
2011,2012-01-16,WIG,MANC,2,1,1,3.0,0.0,9.0,4.33,1.4
2011,2012-01-15,NEW,QPR,1,0,1,3.0,0.0,1.73,3.6,5.0
2011,2012-01-15,SWA,ARS,1,2,-1,0.0,3.0,4.75,3.5,1.8
2011,2012-01-14,AVL,EVE,1,2,-1,0.0,3.0,2.4,3.25,3.0
2011,2012-01-14,BLBN,FUL,2,1,1,3.0,0.0,3.0,3.3,2.38
2011,2012-01-14,CHE,SUN,0,1,-1,0.0,3.0,1.4,4.5,8.5
2011,2012-01-14,LIVP,STO,1,0,1,3.0,0.0,1.4,4.33,9.0
2011,2012-01-14,MANU,BOLN,3,4,-1,0.0,3.0,1.14,8.0,17.0
2011,2012-01-14,TOT,WOLV,0,0,0,1.0,1.0,1.25,5.5,13.0
2011,2012-01-14,WBA,NOR,2,3,-1,0.0,3.0,2.0,3.4,3.8
2011,2012-01-11,TOT,EVE,4,3,1,3.0,0.0,1.53,3.8,7.0
2011,2012-01-04,EVE,BOLN,1,5,-1,0.0,3.0,1.5,4.0,7.0
2011,2012-01-04,NEW,MANU,1,0,1,3.0,0.0,5.0,3.6,1.73
2011,2012-01-03,MANC,LIVP,2,1,1,3.0,0.0,1.91,3.4,4.2
2011,2012-01-03,TOT,WBA,3,1,1,3.0,0.0,1.33,5.0,10.0
2011,2012-01-03,WIG,SUN,3,1,1,3.0,0.0,2.63,3.25,2.75
2011,2012-01-02,AVL,SWA,1,2,-1,0.0,3.0,1.83,3.4,4.75
2011,2012-01-02,BLBN,STO,1,0,1,3.0,0.0,2.5,3.25,2.88
2011,2012-01-02,FUL,ARS,1,2,-1,0.0,3.0,4.0,3.5,1.91
2011,2012-01-02,QPR,NOR,4,2,1,3.0,0.0,2.1,3.4,3.5
2011,2012-01-02,WOLV,CHE,2,2,0,1.0,1.0,6.0,4.0,1.57
2011,2012-01-01,SUN,MANC,0,1,-1,0.0,3.0,6.5,4.0,1.53
2011,2012-01-01,WBA,EVE,2,3,-1,0.0,3.0,2.6,3.25,2.75
2011,2011-12-31,ARS,QPR,0,4,-1,0.0,3.0,1.25,5.5,13.0
2011,2011-12-31,BOLN,WOLV,2,0,1,3.0,0.0,2.2,3.25,3.4
2011,2011-12-31,CHE,AVL,1,0,1,3.0,0.0,1.29,5.0,13.0
2011,2011-12-31,MANU,BLBN,2,1,1,3.0,0.0,1.13,8.0,26.0
2011,2011-12-31,NOR,FUL,2,1,1,3.0,0.0,2.6,3.25,2.75
2011,2011-12-31,STO,WIG,3,1,1,3.0,0.0,1.67,3.6,5.5
2011,2011-12-31,SWA,TOT,3,2,1,3.0,0.0,5.5,3.6,1.67
2011,2011-12-30,LIVP,NEW,2,0,1,3.0,0.0,1.53,4.0,6.5
2011,2011-12-27,ARS,WOLV,6,2,1,3.0,0.0,1.22,6.0,15.0
2011,2011-12-27,NOR,TOT,3,0,1,3.0,0.0,4.5,3.6,1.8
2011,2011-12-27,SWA,QPR,3,0,1,3.0,0.0,2.0,3.4,3.8
2011,2011-12-26,BOLN,NEW,1,2,-1,0.0,3.0,2.5,3.4,2.8
2011,2011-12-26,CHE,FUL,1,0,1,3.0,0.0,1.3,5.0,12.0
2011,2011-12-26,LIVP,BLBN,1,0,1,3.0,0.0,1.25,5.5,13.0
2011,2011-12-26,MANU,WIG,2,0,1,3.0,0.0,1.14,7.5,21.0
2011,2011-12-26,STO,AVL,1,1,0,1.0,1.0,1.91,3.4,4.2
2011,2011-12-26,SUN,EVE,6,1,1,3.0,0.0,2.4,3.25,3.0
2011,2011-12-26,WBA,MANC,1,5,-1,0.0,3.0,7.0,4.5,1.44
2011,2011-12-22,TOT,CHE,4,2,1,3.0,0.0,2.6,3.4,2.7
2011,2011-12-21,AVL,ARS,1,0,1,3.0,0.0,5.0,3.6,1.73
2011,2011-12-21,EVE,SWA,2,2,0,1.0,1.0,1.57,3.75,6.5
2011,2011-12-21,FUL,MANU,5,0,1,3.0,0.0,5.0,3.6,1.73
2011,2011-12-21,MANC,STO,1,3,-1,0.0,3.0,1.22,6.0,15.0
2011,2011-12-21,NEW,WBA,3,2,1,3.0,0.0,2.0,3.5,3.75
2011,2011-12-21,QPR,SUN,0,2,-1,0.0,3.0,2.5,3.3,2.88
2011,2011-12-21,WIG,LIVP,1,1,0,1.0,1.0,7.0,4.0,1.5
2011,2011-12-20,BLBN,BOLN,1,0,1,3.0,0.0,2.1,3.4,3.5
2011,2011-12-20,WOLV,NOR,1,0,1,3.0,0.0,2.0,3.5,3.75
2011,2011-12-18,AVL,LIVP,1,0,1,3.0,0.0,4.2,3.4,1.91
2011,2011-12-18,MANC,ARS,1,4,-1,0.0,3.0,1.73,3.75,4.5
2011,2011-12-18,QPR,MANU,2,0,1,3.0,0.0,7.5,4.33,1.44
2011,2011-12-18,TOT,SUN,2,0,1,3.0,0.0,1.36,4.75,9.0
2011,2011-12-17,BLBN,WBA,1,0,1,3.0,0.0,2.38,3.3,3.0
2011,2011-12-17,EVE,NOR,4,0,1,3.0,0.0,1.62,3.75,6.0
2011,2011-12-17,FUL,BOLN,3,2,1,3.0,0.0,1.62,3.75,6.0
2011,2011-12-17,NEW,SWA,1,3,-1,0.0,3.0,1.8,3.6,4.5
2011,2011-12-17,WIG,CHE,1,2,-1,0.0,3.0,9.0,4.75,1.36
2011,2011-12-17,WOLV,STO,3,0,1,3.0,0.0,2.5,3.25,2.88
2011,2011-12-12,CHE,MANC,0,2,-1,0.0,3.0,2.4,3.3,3.0
2011,2011-12-11,STO,TOT,1,3,-1,0.0,3.0,3.75,3.5,2.0
2011,2011-12-11,SUN,BLBN,1,1,0,1.0,1.0,1.83,3.5,4.5
2011,2011-12-10,ARS,EVE,1,1,0,1.0,1.0,1.53,4.0,6.5
2011,2011-12-10,BOLN,AVL,4,0,1,3.0,0.0,2.5,3.3,2.88
2011,2011-12-10,LIVP,QPR,2,0,1,3.0,0.0,1.33,5.0,10.0
2011,2011-12-10,MANU,WOLV,0,0,0,1.0,1.0,1.22,6.0,15.0
2011,2011-12-10,NOR,NEW,2,1,1,3.0,0.0,2.4,3.4,2.88
2011,2011-12-10,SWA,FUL,1,5,-1,0.0,3.0,2.63,3.25,2.75
2011,2011-12-10,WBA,WIG,1,2,-1,0.0,3.0,1.67,3.8,5.25
2011,2011-12-05,FUL,LIVP,0,2,-1,0.0,3.0,3.5,3.4,2.1
2011,2011-12-04,EVE,STO,1,1,0,1.0,1.0,1.67,3.6,5.5
2011,2011-12-04,WOLV,SUN,3,2,1,3.0,0.0,2.4,3.3,3.0
2011,2011-12-03,AVL,MANU,1,2,-1,0.0,3.0,5.0,3.6,1.73
2011,2011-12-03,BLBN,SWA,1,0,1,3.0,0.0,2.1,3.4,3.5
2011,2011-12-03,MANC,NOR,2,3,-1,0.0,3.0,1.17,7.0,17.0
2011,2011-12-03,NEW,CHE,0,2,-1,0.0,3.0,3.5,3.4,2.1
2011,2011-12-03,QPR,WBA,3,1,1,3.0,0.0,2.25,3.3,3.25
2011,2011-12-03,TOT,BOLN,1,0,1,3.0,0.0,1.3,5.0,12.0
2011,2011-12-03,WIG,ARS,0,1,-1,0.0,3.0,6.0,4.0,1.57
2011,2011-11-27,LIVP,MANC,2,0,1,3.0,0.0,2.75,3.2,2.63
2011,2011-11-27,SWA,AVL,1,1,0,1.0,1.0,2.2,3.25,3.4
2011,2011-11-26,ARS,FUL,0,2,-1,0.0,3.0,1.44,4.2,8.0
2011,2011-11-26,BOLN,EVE,2,1,1,3.0,0.0,3.1,3.25,2.38
2011,2011-11-26,CHE,WOLV,1,1,0,1.0,1.0,1.22,6.0,15.0
2011,2011-11-26,MANU,NEW,2,2,0,1.0,1.0,1.4,4.5,8.5
2011,2011-11-26,NOR,QPR,2,2,0,1.0,1.0,2.1,3.4,3.5
2011,2011-11-26,STO,BLBN,0,2,-1,0.0,3.0,1.83,3.5,4.5
2011,2011-11-26,SUN,WIG,1,0,1,3.0,0.0,1.67,3.6,5.5
2011,2011-11-26,WBA,TOT,0,2,-1,0.0,3.0,4.0,3.6,1.91
2011,2011-11-21,TOT,AVL,2,2,0,1.0,1.0,1.57,4.0,6.0
2011,2011-11-20,CHE,LIVP,2,2,0,1.0,1.0,1.83,3.5,4.5
2011,2011-11-19,EVE,WOLV,2,1,1,3.0,0.0,1.57,3.75,6.5
2011,2011-11-19,MANC,NEW,0,2,-1,0.0,3.0,1.3,5.5,10.0
2011,2011-11-19,NOR,ARS,2,0,1,3.0,0.0,5.5,3.6,1.67
2011,2011-11-19,STO,QPR,0,1,-1,0.0,3.0,1.83,3.5,4.5
2011,2011-11-19,SUN,FUL,0,1,-1,0.0,3.0,2.3,3.25,3.2
2011,2011-11-19,SWA,MANU,1,3,-1,0.0,3.0,6.5,4.2,1.5
2011,2011-11-19,WBA,BOLN,1,2,-1,0.0,3.0,2.0,3.4,3.8
2011,2011-11-19,WIG,BLBN,2,2,0,1.0,1.0,2.5,3.25,2.88
2011,2011-11-06,BOLN,STO,1,1,0,1.0,1.0,2.4,3.3,3.0
2011,2011-11-06,FUL,TOT,0,1,-1,0.0,3.0,3.25,3.3,2.25
2011,2011-11-06,WOLV,WIG,1,1,0,1.0,1.0,1.91,3.3,4.33
2011,2011-11-05,ARS,WBA,3,2,1,3.0,0.0,1.4,4.5,8.5
2011,2011-11-05,AVL,NOR,1,1,0,1.0,1.0,1.83,3.5,4.5
2011,2011-11-05,BLBN,CHE,2,2,0,1.0,1.0,7.5,4.33,1.44
2011,2011-11-05,LIVP,SWA,3,0,1,3.0,0.0,1.29,5.5,10.0
2011,2011-11-05,MANU,SUN,3,0,1,3.0,0.0,1.25,5.5,13.0
2011,2011-11-05,NEW,EVE,1,0,1,3.0,0.0,2.25,3.25,3.3
2011,2011-11-05,QPR,MANC,1,1,0,1.0,1.0,10.0,5.0,1.33
2011,2011-10-31,STO,NEW,1,0,1,3.0,0.0,2.1,3.2,3.8
2011,2011-10-30,TOT,QPR,0,3,-1,0.0,3.0,1.36,4.75,9.0
2011,2011-10-29,CHE,ARS,2,2,0,1.0,1.0,1.62,4.0,5.5
2011,2011-10-29,EVE,MANU,3,2,1,3.0,0.0,4.5,3.6,1.8
2011,2011-10-29,MANC,WOLV,0,3,-1,0.0,3.0,1.17,7.0,19.0
2011,2011-10-29,NOR,BLBN,1,1,0,1.0,1.0,1.91,3.6,4.0
2011,2011-10-29,SUN,AVL,3,0,1,3.0,0.0,2.1,3.3,3.6
2011,2011-10-29,SWA,BOLN,1,2,-1,0.0,3.0,2.1,3.3,3.6
2011,2011-10-29,WBA,LIVP,1,1,0,1.0,1.0,4.0,3.3,2.0
2011,2011-10-29,WIG,FUL,4,3,1,3.0,0.0,2.88,3.25,2.5
2011,2011-10-23,ARS,STO,3,0,1,3.0,0.0,1.53,4.0,6.5
2011,2011-10-23,BLBN,TOT,3,1,1,3.0,0.0,4.0,3.5,1.91
2011,2011-10-23,FUL,EVE,2,0,1,3.0,0.0,2.25,3.25,3.3
2011,2011-10-23,MANU,MANC,2,0,1,3.0,0.0,2.0,3.4,3.8
2011,2011-10-23,QPR,CHE,4,1,1,3.0,0.0,9.5,5.0,1.33
2011,2011-10-22,AVL,WBA,2,0,1,3.0,0.0,2.0,3.3,4.0
2011,2011-10-22,BOLN,SUN,1,1,0,1.0,1.0,2.2,3.2,3.5
2011,2011-10-22,LIVP,NOR,3,1,1,3.0,0.0,1.29,5.5,11.0
2011,2011-10-22,NEW,WIG,0,1,-1,0.0,3.0,1.57,3.8,6.5
2011,2011-10-22,WOLV,SWA,1,1,0,1.0,1.0,2.0,3.4,3.8
2011,2011-10-16,ARS,SUN,1,0,1,3.0,0.0,1.44,4.33,7.5
2011,2011-10-16,NEW,TOT,0,2,-1,0.0,3.0,3.0,3.3,2.4
2011,2011-10-16,WBA,WOLV,1,0,1,3.0,0.0,2.0,3.3,4.0
2011,2011-10-15,CHE,EVE,2,1,1,3.0,0.0,1.36,4.5,10.0
2011,2011-10-15,LIVP,MANU,0,0,0,1.0,1.0,3.0,3.3,2.4
2011,2011-10-15,MANC,AVL,1,2,-1,0.0,3.0,1.33,5.0,10.0
2011,2011-10-15,NOR,SWA,0,3,-1,0.0,3.0,2.2,3.3,3.4
2011,2011-10-15,QPR,BLBN,1,2,-1,0.0,3.0,1.83,3.5,4.5
2011,2011-10-15,STO,FUL,5,0,1,3.0,0.0,2.2,3.2,3.5
2011,2011-10-15,WIG,BOLN,2,1,1,3.0,0.0,2.3,3.3,3.2
2011,2011-10-02,BOLN,CHE,0,2,-1,0.0,3.0,6.5,4.0,1.53
2011,2011-10-02,FUL,QPR,0,2,-1,0.0,3.0,2.0,3.3,4.0
2011,2011-10-02,SWA,STO,3,1,1,3.0,0.0,2.63,3.25,2.75
2011,2011-10-02,TOT,ARS,2,2,0,1.0,1.0,2.1,3.4,3.5
2011,2011-10-01,AVL,WIG,0,2,-1,0.0,3.0,1.62,3.75,6.0
2011,2011-10-01,BLBN,MANC,0,0,0,1.0,1.0,6.5,3.75,1.57
2011,2011-10-01,EVE,LIVP,1,0,1,3.0,0.0,3.1,3.2,2.4
2011,2011-10-01,MANU,NOR,0,2,-1,0.0,3.0,1.17,7.0,17.0
2011,2011-10-01,SUN,WBA,2,3,-1,0.0,3.0,2.25,3.4,3.2
2011,2011-10-01,WOLV,NEW,2,2,0,1.0,1.0,2.5,3.25,2.88
2011,2011-09-26,NOR,SUN,3,2,1,3.0,0.0,2.5,3.4,2.8
2011,2011-09-25,QPR,AVL,0,0,0,1.0,1.0,2.3,3.25,3.2
2011,2011-09-24,ARS,BOLN,1,1,0,1.0,1.0,1.44,4.5,7.0
2011,2011-09-24,CHE,SWA,3,1,1,3.0,0.0,1.2,6.5,15.0
2011,2011-09-24,LIVP,WOLV,3,1,1,3.0,0.0,1.36,4.5,10.0
2011,2011-09-24,MANC,EVE,3,0,1,3.0,0.0,1.44,4.33,7.5
2011,2011-09-24,NEW,BLBN,1,3,-1,0.0,3.0,1.83,3.5,4.5
2011,2011-09-24,STO,MANU,1,2,-1,0.0,3.0,6.5,4.0,1.53
2011,2011-09-24,WBA,FUL,1,2,-1,0.0,3.0,2.3,3.25,3.25
2011,2011-09-24,WIG,TOT,2,2,0,1.0,1.0,4.0,3.5,1.91
2011,2011-09-18,FUL,MANC,1,1,0,1.0,1.0,6.5,3.8,1.57
2011,2011-09-18,MANU,CHE,1,1,0,1.0,1.0,1.83,3.5,4.5
2011,2011-09-18,SUN,STO,2,0,1,3.0,0.0,2.4,3.2,3.1
2011,2011-09-18,TOT,LIVP,2,1,1,3.0,0.0,2.63,3.4,2.63
2011,2011-09-17,AVL,NEW,0,1,-1,0.0,3.0,1.91,3.4,4.2
2011,2011-09-17,BLBN,ARS,2,2,0,1.0,1.0,4.2,3.4,1.91
2011,2011-09-17,BOLN,NOR,8,1,1,3.0,0.0,1.8,3.6,4.6
2011,2011-09-17,EVE,WIG,5,1,1,3.0,0.0,1.5,4.0,7.0
2011,2011-09-17,SWA,WBA,1,2,-1,0.0,3.0,2.63,3.2,2.75
2011,2011-09-17,WOLV,QPR,0,4,-1,0.0,3.0,1.91,3.4,4.2
2011,2011-09-12,QPR,NEW,1,0,1,3.0,0.0,2.4,3.25,3.0
2011,2011-09-11,FUL,BLBN,2,0,1,3.0,0.0,1.67,3.6,5.5
2011,2011-09-11,NOR,WBA,0,0,0,1.0,1.0,2.5,3.25,2.88
2011,2011-09-10,ARS,SWA,3,0,1,3.0,0.0,1.36,4.75,9.0
2011,2011-09-10,BOLN,MANU,1,1,0,1.0,1.0,9.0,4.5,1.4
2011,2011-09-10,EVE,AVL,3,3,0,1.0,1.0,2.0,3.4,3.8
2011,2011-09-10,MANC,WIG,3,1,1,3.0,0.0,1.17,7.0,17.0
2011,2011-09-10,STO,LIVP,1,2,-1,0.0,3.0,3.25,3.3,2.25
2011,2011-09-10,SUN,CHE,0,0,0,1.0,1.0,5.0,3.75,1.7
2011,2011-09-10,WOLV,TOT,3,0,1,3.0,0.0,3.0,3.25,2.4
2011,2011-08-28,MANU,ARS,1,0,1,3.0,0.0,1.5,4.33,6.5
2011,2011-08-28,NEW,FUL,0,4,-1,0.0,3.0,2.1,3.25,3.75
2011,2011-08-28,TOT,MANC,0,1,-1,0.0,3.0,2.88,3.3,2.5
2011,2011-08-28,WBA,STO,1,1,0,1.0,1.0,2.1,3.25,3.75
2011,2011-08-27,AVL,WOLV,2,2,0,1.0,1.0,2.1,3.25,3.75
2011,2011-08-27,BLBN,EVE,2,1,1,3.0,0.0,3.3,3.25,2.25
2011,2011-08-27,CHE,NOR,0,1,-1,0.0,3.0,1.2,6.5,15.0
2011,2011-08-27,LIVP,BOLN,3,2,1,3.0,0.0,1.4,4.5,8.5
2011,2011-08-27,SWA,SUN,0,2,-1,0.0,3.0,2.38,3.3,3.0
2011,2011-08-27,WIG,QPR,3,2,1,3.0,0.0,2.25,3.3,3.25
2011,2011-08-22,MANU,TOT,3,5,-1,0.0,3.0,1.67,3.75,5.5
2011,2011-08-21,BOLN,MANC,0,1,-1,0.0,3.0,4.75,3.5,1.8
2011,2011-08-21,NOR,STO,4,1,1,3.0,0.0,2.6,3.3,2.75
2011,2011-08-21,WOLV,FUL,2,1,1,3.0,0.0,2.38,3.25,3.1
2011,2011-08-20,ARS,LIVP,0,5,-1,0.0,3.0,2.5,3.25,2.9
2011,2011-08-20,AVL,BLBN,1,1,0,1.0,1.0,1.73,3.4,5.5
2011,2011-08-20,CHE,WBA,1,4,-1,0.0,3.0,1.3,5.5,10.0
2011,2011-08-20,EVE,QPR,1,3,-1,0.0,3.0,1.53,3.8,7.0
2011,2011-08-20,SUN,NEW,1,3,-1,0.0,3.0,2.2,3.25,3.4
2011,2011-08-20,SWA,WIG,1,3,-1,0.0,3.0,2.1,3.3,3.6
2011,2011-08-15,MANC,SWA,2,0,1,3.0,0.0,1.29,5.0,13.0
2011,2011-08-14,STO,CHE,1,2,-1,0.0,3.0,5.5,3.5,1.7
2011,2011-08-14,WBA,MANU,2,1,1,3.0,0.0,6.5,4.0,1.53
2011,2011-08-13,BLBN,WOLV,0,2,-1,0.0,3.0,2.2,3.2,3.5
2011,2011-08-13,FUL,AVL,2,2,0,1.0,1.0,2.2,3.2,3.5
2011,2011-08-13,LIVP,SUN,1,1,0,1.0,1.0,1.57,3.6,7.0
2011,2011-08-13,NEW,ARS,1,0,1,3.0,0.0,3.75,3.25,2.1
2011,2011-08-13,QPR,BOLN,4,1,1,3.0,0.0,2.4,3.25,3.0
2011,2011-08-13,WIG,NOR,1,1,0,1.0,1.0,2.2,3.2,3.5
2010,2011-05-22,AVL,LIVP,1,2,-1,0.0,3.0,3.2,3.4,2.25
2010,2011-05-22,BOLN,MANC,2,2,0,1.0,1.0,5.0,3.75,1.7
2010,2011-05-22,EVE,CHE,0,3,-1,0.0,3.0,3.1,3.25,2.38
2010,2011-05-22,FUL,ARS,4,4,0,1.0,1.0,3.75,3.6,1.95
2010,2011-05-22,MANU,BLPL,0,1,-1,0.0,3.0,1.6,4.0,5.5
2010,2011-05-22,NEW,WBA,4,2,1,3.0,0.0,2.0,3.5,3.75
2010,2011-05-22,STO,WIG,0,3,-1,0.0,3.0,2.75,3.6,2.4
2010,2011-05-22,TOT,BIR,3,2,1,3.0,0.0,1.53,4.0,6.5
2010,2011-05-22,WHU,SUN,1,1,0,1.0,1.0,2.0,3.5,3.75
2010,2011-05-22,WOLV,BLBN,2,1,1,3.0,0.0,2.2,3.0,3.75
2010,2011-05-17,MANC,STO,2,0,1,3.0,0.0,1.36,4.75,9.0
2010,2011-05-15,ARS,AVL,1,2,-1,0.0,3.0,1.36,5.0,8.5
2010,2011-05-15,BIR,FUL,1,0,1,3.0,0.0,2.2,3.25,3.4
2010,2011-05-15,CHE,NEW,3,2,1,3.0,0.0,1.25,6.0,11.0
2010,2011-05-15,LIVP,TOT,3,1,1,3.0,0.0,1.73,3.8,4.75
2010,2011-05-15,WIG,WHU,2,0,1,3.0,0.0,2.1,3.4,3.5
2010,2011-05-14,BLBN,MANU,0,0,0,1.0,1.0,5.0,3.6,1.73
2010,2011-05-14,BLPL,BOLN,2,1,1,3.0,0.0,2.2,3.4,3.25
2010,2011-05-14,SUN,WOLV,0,2,-1,0.0,3.0,2.5,3.25,2.88
2010,2011-05-14,WBA,EVE,4,0,1,3.0,0.0,2.63,3.25,2.75
2010,2011-05-10,MANC,TOT,3,1,1,3.0,0.0,1.91,3.4,4.2
2010,2011-05-09,FUL,LIVP,1,1,0,1.0,1.0,2.88,3.25,2.5
2010,2011-05-08,MANU,CHE,2,0,1,3.0,0.0,2.38,3.25,3.1
2010,2011-05-08,STO,ARS,2,0,1,3.0,0.0,5.5,3.75,1.67
2010,2011-05-08,WOLV,WBA,0,1,-1,0.0,3.0,2.1,3.4,3.5
2010,2011-05-07,AVL,WIG,1,2,-1,0.0,3.0,1.8,3.6,4.5
2010,2011-05-07,BOLN,SUN,2,0,1,3.0,0.0,1.83,3.5,4.5
2010,2011-05-07,EVE,MANC,3,1,1,3.0,0.0,2.7,3.2,2.7
2010,2011-05-07,NEW,BIR,2,0,1,3.0,0.0,1.91,3.4,4.2
2010,2011-05-07,TOT,BLPL,1,2,-1,0.0,3.0,1.3,5.5,10.0
2010,2011-05-07,WHU,BLBN,3,1,1,3.0,0.0,1.95,3.6,3.8
2010,2011-05-01,ARS,MANU,1,2,-1,0.0,3.0,2.5,3.25,2.88
2010,2011-05-01,BIR,WOLV,1,2,-1,0.0,3.0,2.1,3.3,3.6
2010,2011-05-01,LIVP,NEW,0,0,0,1.0,1.0,1.44,4.33,7.5
2010,2011-05-01,MANC,WHU,0,0,0,1.0,1.0,1.4,4.5,9.0
2010,2011-04-30,BLBN,BOLN,3,1,1,3.0,0.0,1.91,3.5,4.0
2010,2011-04-30,BLPL,STO,0,0,0,1.0,1.0,2.63,3.4,2.63
2010,2011-04-30,CHE,TOT,1,1,0,1.0,1.0,1.44,4.33,7.5
2010,2011-04-30,SUN,FUL,2,0,1,3.0,0.0,2.6,3.2,2.8
2010,2011-04-30,WBA,AVL,2,1,1,3.0,0.0,2.38,3.3,3.0
2010,2011-04-30,WIG,EVE,5,1,1,3.0,0.0,2.8,3.25,2.6
2010,2011-04-27,FUL,BOLN,1,0,1,3.0,0.0,1.8,3.5,4.75
2010,2011-04-26,STO,WOLV,3,0,1,3.0,0.0,1.8,3.4,5.0
2010,2011-04-25,BLBN,MANC,1,1,0,1.0,1.0,3.6,3.3,2.1
2010,2011-04-24,BOLN,ARS,2,1,1,3.0,0.0,4.5,3.8,1.75
2010,2011-04-23,AVL,STO,2,0,1,3.0,0.0,1.8,3.6,4.5
2010,2011-04-23,BLPL,NEW,2,3,-1,0.0,3.0,2.88,3.5,2.38
2010,2011-04-23,CHE,WHU,0,0,0,1.0,1.0,1.2,6.5,15.0
2010,2011-04-23,LIVP,BIR,6,0,1,3.0,0.0,1.44,4.33,7.5
2010,2011-04-23,MANU,EVE,1,0,1,3.0,0.0,1.44,4.33,7.5
2010,2011-04-23,SUN,WIG,2,2,0,1.0,1.0,2.1,3.25,3.75
2010,2011-04-23,TOT,WBA,2,1,1,3.0,0.0,1.57,4.0,6.0
2010,2011-04-23,WOLV,FUL,1,1,0,1.0,1.0,2.5,3.25,2.88
2010,2011-04-20,CHE,BIR,1,1,0,1.0,1.0,1.2,6.5,15.0
2010,2011-04-20,TOT,ARS,2,3,-1,0.0,3.0,2.88,3.4,2.4
2010,2011-04-19,NEW,MANU,0,0,0,1.0,1.0,5.5,3.6,1.67
2010,2011-04-17,ARS,LIVP,2,1,1,3.0,0.0,1.73,3.6,5.0
2010,2011-04-16,BIR,SUN,0,3,-1,0.0,3.0,2.25,3.2,3.4
2010,2011-04-16,BLPL,WIG,2,1,1,3.0,0.0,2.3,3.5,3.0
2010,2011-04-16,EVE,BLBN,2,1,1,3.0,0.0,1.67,3.75,5.5
2010,2011-04-16,WBA,CHE,1,0,1,3.0,0.0,5.5,3.6,1.7
2010,2011-04-16,WHU,AVL,1,1,0,1.0,1.0,2.25,3.3,3.25
2010,2011-04-11,LIVP,MANC,2,1,1,3.0,0.0,2.6,3.2,2.8
2010,2011-04-10,AVL,NEW,0,2,-1,0.0,3.0,1.83,3.6,4.33
2010,2011-04-10,BLPL,ARS,0,2,-1,0.0,3.0,8.5,5.0,1.36
2010,2011-04-09,BLBN,BIR,2,1,1,3.0,0.0,2.0,3.3,4.0
2010,2011-04-09,BOLN,WHU,1,0,1,3.0,0.0,2.2,3.25,3.4
2010,2011-04-09,CHE,WIG,2,0,1,3.0,0.0,1.2,6.0,17.0
2010,2011-04-09,MANU,FUL,2,0,1,3.0,0.0,1.44,4.33,7.5
2010,2011-04-09,SUN,WBA,2,0,1,3.0,0.0,2.2,3.2,3.5
2010,2011-04-09,TOT,STO,0,1,-1,0.0,3.0,1.73,3.6,5.0
2010,2011-04-09,WOLV,EVE,2,0,1,3.0,0.0,2.6,3.25,2.8
2010,2011-04-03,FUL,BLPL,1,2,-1,0.0,3.0,1.53,4.2,6.0
2010,2011-04-03,MANC,SUN,2,1,1,3.0,0.0,1.5,4.0,7.0
2010,2011-04-02,ARS,BLBN,1,0,1,3.0,0.0,1.25,6.0,11.0
2010,2011-04-02,BIR,BOLN,0,4,-1,0.0,3.0,2.5,3.25,2.88
2010,2011-04-02,EVE,AVL,0,0,0,1.0,1.0,1.83,3.6,4.33
2010,2011-04-02,NEW,WOLV,1,2,-1,0.0,3.0,1.95,3.4,4.0
2010,2011-04-02,STO,CHE,1,2,-1,0.0,3.0,5.5,3.6,1.67
2010,2011-04-02,WBA,LIVP,1,2,-1,0.0,3.0,3.0,3.3,2.38
2010,2011-04-02,WHU,MANU,3,1,1,3.0,0.0,4.5,3.6,1.8
2010,2011-04-02,WIG,TOT,5,3,1,3.0,0.0,3.0,3.25,2.4
2010,2011-03-20,CHE,MANC,0,1,-1,0.0,3.0,1.62,3.75,6.0
2010,2011-03-20,SUN,LIVP,2,2,0,1.0,1.0,2.63,3.2,2.75
2010,2011-03-19,AVL,WOLV,2,2,0,1.0,1.0,1.83,3.5,4.5
2010,2011-03-19,BLBN,BLPL,1,2,-1,0.0,3.0,1.8,3.6,4.5
2010,2011-03-19,EVE,FUL,0,1,-1,0.0,3.0,2.0,3.25,4.0
2010,2011-03-19,MANU,BOLN,1,2,-1,0.0,3.0,1.36,4.75,9.0
2010,2011-03-19,STO,NEW,2,0,1,3.0,0.0,2.2,3.25,3.4
2010,2011-03-19,TOT,WHU,2,2,0,1.0,1.0,1.57,4.0,6.0
2010,2011-03-19,WBA,ARS,0,1,-1,0.0,3.0,5.0,3.6,1.73
2010,2011-03-19,WIG,BIR,1,0,1,3.0,0.0,2.1,3.3,3.6
2010,2011-03-09,EVE,BIR,3,0,1,3.0,0.0,1.53,4.0,6.5
2010,2011-03-07,BLPL,CHE,2,0,1,3.0,0.0,10.0,5.5,1.3
2010,2011-03-06,LIVP,MANU,0,1,-1,0.0,3.0,2.8,3.2,2.6
2010,2011-03-06,WOLV,TOT,1,3,-1,0.0,3.0,3.0,3.3,2.38
2010,2011-03-05,ARS,SUN,0,1,-1,0.0,3.0,1.44,4.33,7.5
2010,2011-03-05,BIR,WBA,2,1,1,3.0,0.0,2.38,3.2,3.1
2010,2011-03-05,BOLN,AVL,2,0,1,3.0,0.0,2.25,3.4,3.2
2010,2011-03-05,FUL,BLBN,2,1,1,3.0,0.0,1.73,3.6,5.0
2010,2011-03-05,MANC,WIG,2,0,1,3.0,0.0,1.36,4.75,9.0
2010,2011-03-05,NEW,EVE,0,1,-1,0.0,3.0,2.6,3.2,2.8
2010,2011-03-05,WHU,STO,1,0,1,3.0,0.0,2.25,3.3,3.25
2010,2011-03-01,CHE,MANU,0,0,0,1.0,1.0,2.2,3.2,3.6
2010,2011-02-28,STO,WBA,0,0,0,1.0,1.0,1.91,3.4,4.2
2010,2011-02-27,MANC,FUL,3,3,0,1.0,1.0,1.5,4.0,7.5
2010,2011-02-27,WHU,LIVP,1,0,1,3.0,0.0,3.4,3.3,2.2
2010,2011-02-26,AVL,BLBN,1,2,-1,0.0,3.0,1.73,3.6,5.0
2010,2011-02-26,EVE,SUN,3,0,1,3.0,0.0,1.73,3.6,5.0
2010,2011-02-26,NEW,BOLN,0,0,0,1.0,1.0,2.1,3.25,3.75
2010,2011-02-26,WIG,MANU,1,0,1,3.0,0.0,6.5,4.0,1.53
2010,2011-02-26,WOLV,BLPL,2,0,1,3.0,0.0,1.83,3.6,4.33
2010,2011-02-23,ARS,STO,0,2,-1,0.0,3.0,1.3,5.25,10.0
2010,2011-02-22,BLPL,TOT,2,0,1,3.0,0.0,4.0,3.6,1.91
2010,2011-02-20,WBA,WOLV,2,0,1,3.0,0.0,1.85,3.4,4.5
2010,2011-02-15,BIR,NEW,1,0,1,3.0,0.0,2.6,3.2,2.8
2010,2011-02-14,FUL,CHE,1,0,1,3.0,0.0,5.0,3.6,1.73
2010,2011-02-13,BOLN,EVE,2,2,0,1.0,1.0,2.75,3.25,2.6
2010,2011-02-12,ARS,WOLV,0,0,0,1.0,1.0,1.22,6.0,15.0
2010,2011-02-12,BIR,STO,1,1,0,1.0,1.0,2.5,3.2,2.9
2010,2011-02-12,BLBN,NEW,3,0,1,3.0,0.0,2.1,3.4,3.5
2010,2011-02-12,BLPL,AVL,2,1,1,3.0,0.0,3.25,3.4,2.2
2010,2011-02-12,LIVP,WIG,3,0,1,3.0,0.0,1.36,4.75,9.0
2010,2011-02-12,MANU,MANC,0,0,0,1.0,1.0,1.73,3.6,5.0
2010,2011-02-12,SUN,TOT,2,1,1,3.0,0.0,2.75,3.25,2.6
2010,2011-02-12,WBA,WHU,2,0,1,3.0,0.0,1.91,3.6,4.0
2010,2011-02-06,CHE,LIVP,0,1,-1,0.0,3.0,1.62,4.0,5.5
2010,2011-02-06,WHU,BIR,0,3,-1,0.0,3.0,2.0,3.5,3.75
2010,2011-02-05,AVL,FUL,3,0,1,3.0,0.0,1.91,3.4,4.2
2010,2011-02-05,EVE,BLPL,2,0,1,3.0,0.0,1.44,4.5,7.0
2010,2011-02-05,MANC,WBA,4,1,1,3.0,0.0,1.4,4.5,8.5
2010,2011-02-05,NEW,ARS,1,2,-1,0.0,3.0,5.0,4.0,1.67
2010,2011-02-05,STO,SUN,0,0,0,1.0,1.0,2.1,3.2,3.75
2010,2011-02-05,TOT,BOLN,1,1,0,1.0,1.0,1.57,4.0,6.0
2010,2011-02-05,WIG,BLBN,0,3,-1,0.0,3.0,2.5,3.25,2.9
2010,2011-02-05,WOLV,MANU,1,2,-1,0.0,3.0,8.5,4.5,1.4
2010,2011-02-02,BIR,MANC,0,2,-1,0.0,3.0,4.5,3.5,1.83
2010,2011-02-02,BLBN,TOT,2,2,0,1.0,1.0,3.25,3.4,2.2
2010,2011-02-02,BLPL,WHU,3,1,1,3.0,0.0,2.38,3.3,3.0
2010,2011-02-02,BOLN,WOLV,2,3,-1,0.0,3.0,1.83,3.5,4.5
2010,2011-02-02,FUL,NEW,0,0,0,1.0,1.0,2.1,3.3,3.6
2010,2011-02-02,LIVP,STO,5,3,1,3.0,0.0,1.62,3.75,6.0
2010,2011-02-01,ARS,EVE,1,2,-1,0.0,3.0,1.4,4.5,8.5
2010,2011-02-01,MANU,AVL,3,1,1,3.0,0.0,1.33,5.0,9.5
2010,2011-02-01,SUN,CHE,0,1,-1,0.0,3.0,5.5,3.6,1.67
2010,2011-02-01,WBA,WIG,1,0,1,3.0,0.0,1.73,3.6,5.0
2010,2011-01-26,LIVP,FUL,4,2,1,3.0,0.0,1.53,3.8,7.0
2010,2011-01-25,BLPL,MANU,2,1,1,3.0,0.0,8.0,5.0,1.36
2010,2011-01-25,WIG,AVL,1,1,0,1.0,1.0,3.2,3.25,2.3
2010,2011-01-24,BOLN,CHE,2,1,1,3.0,0.0,6.0,3.75,1.62
2010,2011-01-23,BLBN,WBA,0,2,-1,0.0,3.0,2.25,3.3,3.25
2010,2011-01-22,ARS,WIG,1,1,0,1.0,1.0,1.2,6.5,15.0
2010,2011-01-22,AVL,MANC,2,4,-1,0.0,3.0,3.5,3.4,2.1
2010,2011-01-22,BLPL,SUN,1,0,1,3.0,0.0,2.5,3.25,2.88
2010,2011-01-22,EVE,WHU,5,3,1,3.0,0.0,1.5,4.0,7.5
2010,2011-01-22,FUL,STO,1,2,-1,0.0,3.0,2.2,3.2,3.5
2010,2011-01-22,MANU,BIR,3,0,1,3.0,0.0,1.2,6.5,15.0
2010,2011-01-22,NEW,TOT,2,0,1,3.0,0.0,3.5,3.4,2.1
2010,2011-01-22,WOLV,LIVP,3,0,1,3.0,0.0,3.4,3.2,2.25
2010,2011-01-16,BIR,AVL,2,2,0,1.0,1.0,2.4,3.2,3.1
2010,2011-01-16,LIVP,EVE,0,2,-1,0.0,3.0,2.2,3.2,3.5
2010,2011-01-16,SUN,NEW,0,0,0,1.0,1.0,2.2,3.25,3.4
2010,2011-01-16,TOT,MANU,3,3,0,1.0,1.0,2.88,3.3,2.5
2010,2011-01-15,CHE,BLBN,2,3,-1,0.0,3.0,1.29,5.5,11.0
2010,2011-01-15,MANC,WOLV,0,1,-1,0.0,3.0,1.33,5.0,10.0
2010,2011-01-15,STO,BOLN,3,3,0,1.0,1.0,2.1,3.25,3.75
2010,2011-01-15,WBA,BLPL,1,0,1,3.0,0.0,1.8,3.6,4.5
2010,2011-01-15,WHU,ARS,2,0,1,3.0,0.0,6.0,4.0,1.57
2010,2011-01-15,WIG,FUL,2,0,1,3.0,0.0,2.5,3.25,2.88
2010,2011-01-12,BLPL,LIVP,2,0,1,3.0,0.0,3.8,3.75,1.91
2010,2011-01-05,ARS,MANC,2,3,-1,0.0,3.0,1.91,3.6,4.0
2010,2011-01-05,AVL,SUN,2,3,-1,0.0,3.0,2.2,3.25,3.4
2010,2011-01-05,BLBN,LIVP,1,0,1,3.0,0.0,3.4,3.25,2.2
2010,2011-01-05,BOLN,WIG,3,0,1,3.0,0.0,1.73,3.6,5.0
2010,2011-01-05,EVE,TOT,1,2,-1,0.0,3.0,2.63,3.25,2.75
2010,2011-01-05,NEW,WHU,1,3,-1,0.0,3.0,1.83,3.6,4.33
2010,2011-01-05,WOLV,CHE,1,0,1,3.0,0.0,8.0,4.2,1.44
2010,2011-01-04,BLPL,BIR,1,0,1,3.0,0.0,2.3,3.25,3.25
2010,2011-01-04,FUL,WBA,2,0,1,3.0,0.0,2.2,3.25,3.4
2010,2011-01-04,MANU,STO,3,0,1,3.0,0.0,1.25,5.75,12.0
2010,2011-01-02,CHE,AVL,1,1,0,1.0,1.0,1.25,5.5,13.0
2010,2011-01-02,WIG,NEW,1,1,0,1.0,1.0,2.5,3.2,2.9
2010,2011-01-01,BIR,ARS,2,0,1,3.0,0.0,5.5,3.6,1.67
2010,2011-01-01,LIVP,BOLN,2,3,-1,0.0,3.0,1.7,3.75,5.0
2010,2011-01-01,MANC,BLPL,0,1,-1,0.0,3.0,1.29,5.5,10.0
2010,2011-01-01,STO,EVE,1,2,-1,0.0,3.0,2.63,3.2,2.75
2010,2011-01-01,SUN,BLBN,0,0,0,1.0,1.0,1.83,3.5,4.5
2010,2011-01-01,TOT,FUL,1,2,-1,0.0,3.0,1.4,4.5,8.5
2010,2011-01-01,WBA,MANU,0,2,-1,0.0,3.0,6.0,4.2,1.53
2010,2011-01-01,WHU,WOLV,1,3,-1,0.0,3.0,2.0,3.4,3.8
2010,2010-12-29,CHE,BOLN,3,2,1,3.0,0.0,1.29,5.5,11.0
2010,2010-12-29,LIVP,WOLV,2,1,1,3.0,0.0,1.33,5.0,10.0
2010,2010-12-29,WIG,ARS,2,0,1,3.0,0.0,6.5,4.2,1.5
2010,2010-12-28,BIR,MANU,3,1,1,3.0,0.0,6.5,4.33,1.5
2010,2010-12-28,MANC,AVL,2,1,1,3.0,0.0,1.44,4.2,8.0
2010,2010-12-28,STO,FUL,2,1,1,3.0,0.0,1.83,3.4,4.75
2010,2010-12-28,SUN,BLPL,1,1,0,1.0,1.0,1.62,3.75,6.0
2010,2010-12-28,TOT,NEW,2,0,1,3.0,0.0,1.53,4.0,6.5
2010,2010-12-28,WBA,BLBN,3,2,1,3.0,0.0,1.83,3.5,4.5
2010,2010-12-28,WHU,EVE,3,3,0,1.0,1.0,3.4,3.2,2.25
2010,2010-12-27,ARS,CHE,1,3,-1,0.0,3.0,2.63,3.2,2.75
2010,2010-12-26,AVL,TOT,1,0,1,3.0,0.0,3.2,3.3,2.3
2010,2010-12-26,BLBN,STO,0,0,0,1.0,1.0,2.3,3.2,3.2
2010,2010-12-26,BOLN,WBA,1,1,0,1.0,1.0,2.1,3.25,3.75
2010,2010-12-26,FUL,WHU,5,0,1,3.0,0.0,1.91,3.4,4.2
2010,2010-12-26,MANU,SUN,3,2,1,3.0,0.0,1.29,5.5,11.0
2010,2010-12-26,NEW,MANC,3,2,1,3.0,0.0,3.25,3.25,2.25
2010,2010-12-26,WOLV,WIG,5,0,1,3.0,0.0,2.1,3.3,3.6
2010,2010-12-20,MANC,EVE,1,1,0,1.0,1.0,1.73,3.6,5.0
2010,2010-12-18,BLBN,WHU,1,1,0,1.0,1.0,1.8,3.6,4.5
2010,2010-12-18,SUN,BOLN,1,4,-1,0.0,3.0,2.2,3.2,3.5
2010,2010-12-13,MANU,ARS,1,3,-1,0.0,3.0,2.0,3.4,3.8
2010,2010-12-12,BOLN,BLBN,0,2,-1,0.0,3.0,2.0,3.3,4.0
2010,2010-12-12,TOT,CHE,1,3,-1,0.0,3.0,2.8,3.25,2.6
2010,2010-12-12,WOLV,BIR,2,0,1,3.0,0.0,2.4,3.25,3.0
2010,2010-12-11,AVL,WBA,3,0,1,3.0,0.0,2.1,3.3,3.6
2010,2010-12-11,EVE,WIG,3,0,1,3.0,0.0,1.4,4.5,9.0
2010,2010-12-11,FUL,SUN,1,0,1,3.0,0.0,2.2,3.25,3.4
2010,2010-12-11,NEW,LIVP,2,2,0,1.0,1.0,3.8,3.4,2.0
2010,2010-12-11,STO,BLPL,2,0,1,3.0,0.0,1.62,4.0,5.5
2010,2010-12-11,WHU,MANC,1,1,0,1.0,1.0,4.5,3.6,1.8
2010,2010-12-06,LIVP,AVL,1,1,0,1.0,1.0,1.62,3.75,6.0
2010,2010-12-05,SUN,WHU,1,1,0,1.0,1.0,1.83,3.5,4.5
2010,2010-12-05,WBA,NEW,2,0,1,3.0,0.0,2.25,3.3,3.25
2010,2010-12-04,ARS,FUL,3,2,1,3.0,0.0,1.29,5.25,12.0
2010,2010-12-04,BIR,TOT,2,2,0,1.0,1.0,3.5,3.4,2.1
2010,2010-12-04,BLBN,WOLV,2,3,-1,0.0,3.0,1.73,3.6,5.0
2010,2010-12-04,CHE,EVE,1,1,0,1.0,1.0,1.36,4.75,9.0
2010,2010-12-04,MANC,BOLN,3,3,0,1.0,1.0,1.53,4.0,6.5
2010,2010-12-04,WIG,STO,1,2,-1,0.0,3.0,2.75,3.2,2.63
2010,2010-11-28,NEW,CHE,2,1,1,3.0,0.0,5.0,3.6,1.73
2010,2010-11-28,TOT,LIVP,3,1,1,3.0,0.0,2.0,3.4,3.8
2010,2010-11-27,AVL,ARS,3,2,1,3.0,0.0,3.4,3.3,2.2
2010,2010-11-27,BOLN,BLPL,0,3,-1,0.0,3.0,1.57,4.2,5.5
2010,2010-11-27,EVE,WBA,0,2,-1,0.0,3.0,1.57,3.8,6.5
2010,2010-11-27,FUL,BIR,2,2,0,1.0,1.0,2.0,3.3,4.0
2010,2010-11-27,MANU,BLBN,3,1,1,3.0,0.0,1.25,5.5,13.0
2010,2010-11-27,STO,MANC,1,1,0,1.0,1.0,3.4,3.25,2.2
2010,2010-11-27,WHU,WIG,2,1,1,3.0,0.0,2.0,3.5,3.75
2010,2010-11-27,WOLV,SUN,1,1,0,1.0,1.0,2.6,3.2,2.8
2010,2010-11-22,SUN,EVE,3,1,1,3.0,0.0,2.6,3.2,2.8
2010,2010-11-21,BLBN,AVL,3,1,1,3.0,0.0,2.3,3.25,3.25
2010,2010-11-21,FUL,MANC,4,2,1,3.0,0.0,3.2,3.1,2.4
2010,2010-11-20,ARS,TOT,1,1,0,1.0,1.0,1.62,4.0,5.5
2010,2010-11-20,BIR,CHE,7,3,1,3.0,0.0,5.0,3.6,1.73
2010,2010-11-20,BLPL,WOLV,1,2,-1,0.0,3.0,2.5,3.3,2.88
2010,2010-11-20,BOLN,NEW,3,0,1,3.0,0.0,2.1,3.3,3.6
2010,2010-11-20,LIVP,WHU,2,2,0,1.0,1.0,1.57,3.8,6.5
2010,2010-11-20,MANU,WIG,0,2,-1,0.0,3.0,1.22,6.0,15.0
2010,2010-11-20,WBA,STO,1,1,0,1.0,1.0,2.2,3.2,3.5
2010,2010-11-14,CHE,SUN,1,2,-1,0.0,3.0,1.22,5.75,15.0
2010,2010-11-14,EVE,ARS,1,1,0,1.0,1.0,3.4,3.3,2.2
2010,2010-11-13,AVL,MANU,1,0,1,3.0,0.0,4.5,3.6,1.8
2010,2010-11-13,MANC,BIR,3,0,1,3.0,0.0,1.4,4.5,8.5
2010,2010-11-13,NEW,FUL,1,0,1,3.0,0.0,1.91,3.4,4.2
2010,2010-11-13,STO,LIVP,1,0,1,3.0,0.0,3.75,3.25,2.1
2010,2010-11-13,TOT,BLBN,2,2,0,1.0,1.0,1.57,3.8,6.5
2010,2010-11-13,WHU,BLPL,0,0,0,1.0,1.0,1.91,3.6,4.0
2010,2010-11-13,WIG,WBA,1,3,-1,0.0,3.0,2.5,3.25,2.88
2010,2010-11-13,WOLV,BOLN,0,2,-1,0.0,3.0,2.4,3.1,3.2
2010,2010-11-10,AVL,BLPL,4,0,1,3.0,0.0,1.62,3.75,6.0
2010,2010-11-10,CHE,FUL,1,2,-1,0.0,3.0,1.2,6.5,15.0
2010,2010-11-10,EVE,BOLN,4,0,1,3.0,0.0,1.62,3.75,6.0
2010,2010-11-10,MANC,MANU,2,2,0,1.0,1.0,2.63,3.25,2.75
2010,2010-11-10,NEW,BLBN,1,2,-1,0.0,3.0,1.91,3.4,4.2
2010,2010-11-10,WHU,WBA,2,3,-1,0.0,3.0,2.3,3.25,3.2
2010,2010-11-10,WIG,LIVP,2,1,1,3.0,0.0,4.75,3.6,1.75
2010,2010-11-10,WOLV,ARS,2,0,1,3.0,0.0,5.5,3.6,1.67
2010,2010-11-09,STO,BIR,2,0,1,3.0,0.0,2.1,3.2,3.75
2010,2010-11-09,TOT,SUN,2,1,1,3.0,0.0,1.53,4.0,6.5
2010,2010-11-07,ARS,NEW,3,2,1,3.0,0.0,1.29,5.5,11.0
2010,2010-11-07,LIVP,CHE,1,1,0,1.0,1.0,3.8,3.4,2.0
2010,2010-11-07,WBA,MANC,1,1,0,1.0,1.0,3.6,3.3,2.1
2010,2010-11-06,BIR,WHU,0,0,0,1.0,1.0,1.91,3.4,4.2
2010,2010-11-06,BLBN,WIG,3,4,-1,0.0,3.0,1.8,3.6,4.5
2010,2010-11-06,BLPL,EVE,1,0,1,3.0,0.0,4.5,3.6,1.8
2010,2010-11-06,BOLN,TOT,0,0,0,1.0,1.0,3.0,3.3,2.4
2010,2010-11-06,FUL,AVL,3,1,1,3.0,0.0,2.2,3.25,3.4
2010,2010-11-06,MANU,WOLV,3,1,1,3.0,0.0,1.22,6.0,15.0
2010,2010-11-06,SUN,STO,2,2,0,1.0,1.0,2.1,3.2,3.75
2010,2010-11-01,BLPL,WBA,0,2,-1,0.0,3.0,2.9,3.25,2.5
2010,2010-10-31,AVL,BIR,2,0,1,3.0,0.0,1.8,3.6,4.5
2010,2010-10-31,BOLN,LIVP,0,1,-1,0.0,3.0,3.4,3.25,2.2
2010,2010-10-31,NEW,SUN,5,4,1,3.0,0.0,2.2,3.2,3.5
2010,2010-10-30,ARS,WHU,0,2,-1,0.0,3.0,1.17,7.0,17.0
2010,2010-10-30,BLBN,CHE,2,3,-1,0.0,3.0,7.5,4.33,1.44
2010,2010-10-30,EVE,STO,0,4,-1,0.0,3.0,1.57,3.75,6.5
2010,2010-10-30,FUL,WIG,3,1,1,3.0,0.0,1.91,3.4,4.2
2010,2010-10-30,MANU,TOT,0,0,0,1.0,1.0,1.57,4.0,6.0
2010,2010-10-30,WOLV,MANC,1,2,-1,0.0,3.0,5.5,3.4,1.73
2010,2010-10-24,LIVP,BLBN,2,3,-1,0.0,3.0,1.67,3.6,5.5
2010,2010-10-24,MANC,ARS,1,3,-1,0.0,3.0,2.5,3.2,2.9
2010,2010-10-24,STO,MANU,3,0,1,3.0,0.0,5.5,3.75,1.67
2010,2010-10-23,BIR,BLPL,1,2,-1,0.0,3.0,1.83,3.6,4.33
2010,2010-10-23,CHE,WOLV,2,0,1,3.0,0.0,1.13,8.5,19.0
2010,2010-10-23,SUN,AVL,2,0,1,3.0,0.0,2.4,3.25,3.0
2010,2010-10-23,TOT,EVE,2,3,-1,0.0,3.0,2.1,3.25,3.75
2010,2010-10-23,WBA,FUL,1,0,1,3.0,0.0,2.2,3.25,3.4
2010,2010-10-23,WHU,NEW,2,2,0,1.0,1.0,2.38,3.25,3.1
2010,2010-10-23,WIG,BOLN,1,1,0,1.0,1.0,2.38,3.25,3.1
2010,2010-10-18,BLBN,SUN,1,2,-1,0.0,3.0,2.1,3.3,3.6
2010,2010-10-17,BLPL,MANC,2,0,1,3.0,0.0,5.5,4.0,1.62
2010,2010-10-17,EVE,LIVP,1,0,1,3.0,0.0,2.4,3.25,3.0
2010,2010-10-16,ARS,BIR,0,0,0,1.0,1.0,1.29,5.5,11.0
2010,2010-10-16,AVL,CHE,3,2,1,3.0,0.0,5.0,3.6,1.73
2010,2010-10-16,BOLN,STO,1,2,-1,0.0,3.0,2.2,3.2,3.5
2010,2010-10-16,FUL,TOT,2,2,0,1.0,1.0,2.88,3.25,2.5
2010,2010-10-16,MANU,WBA,3,0,1,3.0,0.0,1.25,5.75,12.0
2010,2010-10-16,NEW,WIG,2,0,1,3.0,0.0,1.83,3.5,4.5
2010,2010-10-16,WOLV,WHU,3,0,1,3.0,0.0,2.25,3.2,3.4
2010,2010-10-03,CHE,ARS,2,0,1,3.0,0.0,1.73,3.6,5.0
2010,2010-10-03,LIVP,BLPL,1,1,0,1.0,1.0,1.33,5.0,10.0
2010,2010-10-03,MANC,NEW,2,0,1,3.0,0.0,1.44,4.0,8.5
2010,2010-10-02,BIR,EVE,1,0,1,3.0,0.0,2.88,3.1,2.63
2010,2010-10-02,STO,BLBN,1,0,1,3.0,0.0,2.25,3.2,3.4
2010,2010-10-02,SUN,MANU,2,1,1,3.0,0.0,5.0,3.5,1.75
2010,2010-10-02,TOT,AVL,5,1,1,3.0,0.0,1.91,3.5,4.0
2010,2010-10-02,WBA,BOLN,0,2,-1,0.0,3.0,2.1,3.25,3.75
2010,2010-10-02,WHU,FUL,0,2,-1,0.0,3.0,2.25,3.25,3.3
2010,2010-10-02,WIG,WOLV,1,0,1,3.0,0.0,2.25,3.25,3.3
2010,2010-09-26,BOLN,MANU,5,1,1,3.0,0.0,7.5,4.0,1.5
2010,2010-09-26,NEW,STO,3,1,1,3.0,0.0,1.91,3.4,4.2
2010,2010-09-26,WOLV,AVL,1,1,0,1.0,1.0,2.88,3.25,2.5
2010,2010-09-25,ARS,WBA,1,2,-1,0.0,3.0,1.22,6.0,15.0
2010,2010-09-25,BIR,WIG,0,1,-1,0.0,3.0,1.83,3.5,4.5
2010,2010-09-25,BLPL,BLBN,1,1,0,1.0,1.0,3.2,3.25,2.3
2010,2010-09-25,FUL,EVE,1,1,0,1.0,1.0,2.75,3.2,2.63
2010,2010-09-25,LIVP,SUN,2,2,0,1.0,1.0,1.44,4.33,7.5
2010,2010-09-25,MANC,CHE,4,0,1,3.0,0.0,3.6,3.3,2.1
2010,2010-09-25,WHU,TOT,1,1,0,1.0,1.0,3.5,3.4,2.1
2010,2010-09-19,CHE,BLPL,2,1,1,3.0,0.0,1.1,9.0,26.0
2010,2010-09-19,MANU,LIVP,0,1,-1,0.0,3.0,1.7,3.5,5.5
2010,2010-09-19,WIG,MANC,0,0,0,1.0,1.0,5.0,3.6,1.73
2010,2010-09-18,AVL,BOLN,3,3,0,1.0,1.0,1.8,3.6,4.5
2010,2010-09-18,BLBN,FUL,2,0,1,3.0,0.0,2.0,3.3,4.0
2010,2010-09-18,EVE,NEW,1,1,0,1.0,1.0,1.62,3.75,6.0
2010,2010-09-18,STO,WHU,2,2,0,1.0,1.0,1.91,3.4,4.2
2010,2010-09-18,SUN,ARS,1,1,0,1.0,1.0,5.5,3.7,1.67
2010,2010-09-18,TOT,WOLV,1,2,-1,0.0,3.0,1.4,4.5,8.5
2010,2010-09-18,WBA,BIR,1,2,-1,0.0,3.0,2.25,3.3,3.25
2010,2010-09-13,STO,AVL,2,0,1,3.0,0.0,2.5,3.25,2.88
2010,2010-09-12,BIR,LIVP,3,2,1,3.0,0.0,3.1,3.2,2.4
2010,2010-09-11,ARS,BOLN,2,0,1,3.0,0.0,1.25,5.5,13.0
2010,2010-09-11,EVE,MANU,0,0,0,1.0,1.0,4.2,3.4,1.91
2010,2010-09-11,FUL,WOLV,1,0,1,3.0,0.0,1.83,3.5,4.5
2010,2010-09-11,MANC,BLBN,3,1,1,3.0,0.0,1.33,5.0,10.0
2010,2010-09-11,NEW,BLPL,1,3,-1,0.0,3.0,1.57,4.0,6.0
2010,2010-09-11,WBA,TOT,2,1,1,3.0,0.0,3.75,3.25,2.1
2010,2010-09-11,WHU,CHE,5,1,1,3.0,0.0,10.0,5.0,1.33
2010,2010-09-11,WIG,SUN,2,1,1,3.0,0.0,2.5,3.25,2.88
2010,2010-08-29,AVL,EVE,2,2,0,1.0,1.0,2.5,3.25,2.88
2010,2010-08-29,BOLN,BIR,2,0,1,3.0,0.0,2.1,3.3,3.6
2010,2010-08-29,LIVP,WBA,4,1,1,3.0,0.0,1.22,6.0,15.0
2010,2010-08-29,SUN,MANC,3,0,1,3.0,0.0,4.5,3.5,1.83
2010,2010-08-28,BLBN,ARS,2,3,-1,0.0,3.0,6.0,4.0,1.57
2010,2010-08-28,BLPL,FUL,2,0,1,3.0,0.0,3.2,3.25,2.3
2010,2010-08-28,CHE,STO,2,0,1,3.0,0.0,1.11,9.0,23.0
2010,2010-08-28,MANU,WHU,1,0,1,3.0,0.0,1.14,8.0,19.0
2010,2010-08-28,TOT,WIG,1,0,1,3.0,0.0,1.25,5.75,13.0
2010,2010-08-28,WOLV,NEW,2,2,0,1.0,1.0,2.4,3.2,3.1
2010,2010-08-23,MANC,LIVP,1,1,0,1.0,1.0,2.38,3.25,3.1
2010,2010-08-22,FUL,MANU,1,4,-1,0.0,3.0,6.0,4.0,1.57
2010,2010-08-22,NEW,AVL,3,3,0,1.0,1.0,3.2,3.25,2.3
2010,2010-08-21,ARS,BLPL,3,1,1,3.0,0.0,1.17,7.0,19.0
2010,2010-08-21,BIR,BLBN,0,2,-1,0.0,3.0,2.2,3.25,3.4
2010,2010-08-21,EVE,WOLV,2,0,1,3.0,0.0,1.5,4.0,7.0
2010,2010-08-21,STO,TOT,1,1,0,1.0,1.0,3.4,3.3,2.2
2010,2010-08-21,WBA,SUN,1,3,-1,0.0,3.0,2.5,3.25,2.88
2010,2010-08-21,WHU,BOLN,1,0,1,3.0,0.0,2.25,3.3,3.25
2010,2010-08-21,WIG,CHE,0,1,-1,0.0,3.0,15.0,6.0,1.22
2010,2010-08-16,MANU,NEW,2,1,1,3.0,0.0,1.25,5.5,15.0
2010,2010-08-15,LIVP,ARS,1,3,-1,0.0,3.0,2.5,3.25,2.88
2010,2010-08-14,AVL,WHU,1,0,1,3.0,0.0,2.0,3.3,4.0
2010,2010-08-14,BLBN,EVE,1,1,0,1.0,1.0,2.88,3.25,2.5
2010,2010-08-14,BOLN,FUL,2,1,1,3.0,0.0,2.2,3.3,3.4
2010,2010-08-14,CHE,WBA,0,2,-1,0.0,3.0,1.17,7.0,17.0
2010,2010-08-14,SUN,BIR,1,0,1,3.0,0.0,2.1,3.3,3.6
2010,2010-08-14,TOT,MANC,2,1,1,3.0,0.0,2.4,3.3,3.0
2010,2010-08-14,WIG,BLPL,6,1,1,3.0,0.0,1.83,3.5,4.5
2010,2010-08-14,WOLV,STO,1,4,-1,0.0,3.0,2.3,3.25,3.2
2009,2010-05-09,ARS,FUL,1,1,0,1.0,1.0,1.2,7.0,13.0
2009,2010-05-09,AVL,BLBN,0,0,0,1.0,1.0,1.57,4.0,6.0
2009,2010-05-09,BOLN,BIR,7,4,1,3.0,0.0,2.25,3.3,3.3
2009,2010-05-09,BUR,TOT,6,2,1,3.0,0.0,7.0,4.2,1.5
2009,2010-05-09,CHE,WIG,2,1,1,3.0,0.0,1.1,10.0,23.0
2009,2010-05-09,EVE,POR,0,2,-1,0.0,3.0,1.29,5.5,11.0
2009,2010-05-09,HUL,LIVP,2,1,1,3.0,0.0,6.5,3.8,1.57
2009,2010-05-09,MANU,STO,1,0,1,3.0,0.0,1.13,8.0,23.0
2009,2010-05-09,WHU,MANC,3,4,-1,0.0,3.0,4.0,3.6,1.91
2009,2010-05-09,WOLV,SUN,1,0,1,3.0,0.0,2.25,3.4,3.25
2009,2010-05-05,FUL,STO,3,1,1,3.0,0.0,2.1,3.3,3.6
2009,2010-05-05,MANC,TOT,2,3,-1,0.0,3.0,2.0,3.4,3.8
2009,2010-05-03,BLBN,ARS,2,1,1,3.0,0.0,3.5,3.4,2.1
2009,2010-05-03,WIG,HUL,2,1,1,3.0,0.0,1.8,3.6,4.5
2009,2010-05-02,FUL,WHU,1,0,1,3.0,0.0,2.38,3.25,3.1
2009,2010-05-02,LIVP,CHE,2,0,1,3.0,0.0,4.0,3.8,1.83
2009,2010-05-02,SUN,MANU,4,1,1,3.0,0.0,9.5,4.75,1.36
2009,2010-05-01,BIR,BUR,2,0,1,3.0,0.0,1.5,4.2,7.0
2009,2010-05-01,MANC,AVL,1,1,0,1.0,1.0,1.83,3.6,4.33
2009,2010-05-01,POR,WOLV,2,0,1,3.0,0.0,2.38,3.25,3.1
2009,2010-05-01,STO,EVE,1,2,-1,0.0,3.0,3.6,3.3,2.1
2009,2010-05-01,TOT,BOLN,2,2,0,1.0,1.0,1.29,5.5,10.0
2009,2010-04-25,AVL,BIR,2,1,1,3.0,0.0,1.62,3.75,6.0
2009,2010-04-25,BUR,LIVP,1,1,0,1.0,1.0,5.5,4.0,1.62
2009,2010-04-25,CHE,STO,0,0,0,1.0,1.0,1.14,8.0,21.0
2009,2010-04-25,EVE,FUL,2,2,0,1.0,1.0,1.36,4.5,10.0
2009,2010-04-24,ARS,MANC,2,1,1,3.0,0.0,2.0,3.5,3.75
2009,2010-04-24,BOLN,POR,3,1,1,3.0,0.0,1.53,4.0,6.5
2009,2010-04-24,HUL,SUN,1,0,1,3.0,0.0,2.38,3.4,3.0
2009,2010-04-24,MANU,TOT,3,1,1,3.0,0.0,1.5,4.2,7.0
2009,2010-04-24,WHU,WIG,2,2,0,1.0,1.0,1.83,3.6,4.33
2009,2010-04-24,WOLV,BLBN,2,0,1,3.0,0.0,2.2,3.25,3.4
2009,2010-04-21,HUL,AVL,2,0,1,3.0,0.0,3.5,3.4,2.1
2009,2010-04-19,LIVP,WHU,1,1,0,1.0,1.0,1.33,5.0,10.0
2009,2010-04-18,POR,AVL,0,2,-1,0.0,3.0,5.5,3.75,1.67
2009,2010-04-18,WIG,ARS,0,1,-1,0.0,3.0,6.5,4.0,1.53
2009,2010-04-17,BIR,HUL,1,1,0,1.0,1.0,1.73,3.6,5.0
2009,2010-04-17,BLBN,EVE,0,2,-1,0.0,3.0,2.8,3.25,2.6
2009,2010-04-17,FUL,WOLV,1,0,1,3.0,0.0,2.1,3.25,3.75
2009,2010-04-17,MANC,MANU,0,3,-1,0.0,3.0,2.88,3.5,2.4
2009,2010-04-17,STO,BOLN,1,1,0,1.0,1.0,2.1,3.25,3.75
2009,2010-04-17,SUN,BUR,0,1,-1,0.0,3.0,1.62,3.75,6.0
2009,2010-04-17,TOT,CHE,1,0,1,3.0,0.0,4.0,3.6,1.91
2009,2010-04-14,AVL,EVE,2,2,0,1.0,1.0,2.25,3.3,3.3
2009,2010-04-14,TOT,ARS,1,0,1,3.0,0.0,3.25,3.3,2.25
2009,2010-04-14,WIG,POR,1,3,-1,0.0,3.0,1.57,3.8,6.5
2009,2010-04-13,CHE,BOLN,2,0,1,3.0,0.0,1.14,8.0,19.0
2009,2010-04-11,BLBN,MANU,2,1,1,3.0,0.0,6.5,4.0,1.53
2009,2010-04-11,LIVP,FUL,0,4,-1,0.0,3.0,1.29,5.0,13.0
2009,2010-04-11,MANC,BIR,0,1,-1,0.0,3.0,1.4,4.5,8.5
2009,2010-04-11,WOLV,STO,2,1,1,3.0,0.0,2.3,3.25,3.2
2009,2010-04-10,HUL,BUR,0,1,-1,0.0,3.0,1.73,3.6,5.0
2009,2010-04-10,WHU,SUN,2,2,0,1.0,1.0,2.0,3.4,3.8
2009,2010-04-04,BIR,LIVP,0,0,0,1.0,1.0,4.5,3.5,1.83
2009,2010-04-04,EVE,WHU,4,1,1,3.0,0.0,1.44,4.33,7.5
2009,2010-04-04,FUL,WIG,1,2,-1,0.0,3.0,2.0,3.4,3.8
2009,2010-04-03,ARS,WOLV,0,3,-1,0.0,3.0,1.22,6.0,15.0
2009,2010-04-03,BOLN,AVL,2,2,0,1.0,1.0,2.88,3.25,2.5
2009,2010-04-03,BUR,MANC,2,2,0,1.0,1.0,5.0,3.8,1.7
2009,2010-04-03,MANU,CHE,1,0,1,3.0,0.0,2.63,3.2,2.75
2009,2010-04-03,POR,BLBN,1,2,-1,0.0,3.0,3.3,3.3,2.25
2009,2010-04-03,STO,HUL,2,1,1,3.0,0.0,1.8,3.5,4.5
2009,2010-04-03,SUN,TOT,1,1,0,1.0,1.0,3.6,3.3,2.1
2009,2010-03-29,MANC,WIG,2,1,1,3.0,0.0,1.33,4.75,11.0
2009,2010-03-28,BUR,BLBN,2,0,1,3.0,0.0,2.5,3.25,2.88
2009,2010-03-28,LIVP,SUN,2,0,1,3.0,0.0,1.3,5.25,11.0
2009,2010-03-27,BIR,ARS,0,0,0,1.0,1.0,7.0,4.2,1.5
2009,2010-03-27,BOLN,MANU,3,0,1,3.0,0.0,8.5,4.5,1.4
2009,2010-03-27,CHE,AVL,1,1,0,1.0,1.0,1.4,4.75,8.0
2009,2010-03-27,HUL,FUL,1,2,-1,0.0,3.0,2.4,3.25,3.0
2009,2010-03-27,TOT,POR,3,1,1,3.0,0.0,1.2,6.0,17.0
2009,2010-03-27,WHU,STO,1,0,1,3.0,0.0,2.1,3.3,3.6
2009,2010-03-27,WOLV,EVE,1,1,0,1.0,1.0,3.8,3.4,2.0
2009,2010-03-24,AVL,SUN,0,2,-1,0.0,3.0,1.53,3.8,7.0
2009,2010-03-24,BLBN,BIR,6,2,1,3.0,0.0,2.0,3.25,4.0
2009,2010-03-24,MANC,EVE,1,2,-1,0.0,3.0,1.83,3.5,4.33
2009,2010-03-24,POR,CHE,1,3,-1,0.0,3.0,12.0,5.0,1.3
2009,2010-03-23,WHU,WOLV,1,1,0,1.0,1.0,1.8,3.6,4.5
2009,2010-03-21,BLBN,CHE,0,1,-1,0.0,3.0,7.5,4.33,1.44
2009,2010-03-21,FUL,MANC,1,0,1,3.0,0.0,3.1,3.25,2.38
2009,2010-03-21,MANU,LIVP,1,0,1,3.0,0.0,1.67,3.75,5.5
2009,2010-03-20,ARS,WHU,0,2,-1,0.0,3.0,1.25,5.75,13.0
2009,2010-03-20,AVL,WOLV,0,1,-1,0.0,3.0,1.4,4.33,9.0
2009,2010-03-20,EVE,BOLN,0,2,-1,0.0,3.0,1.53,3.8,7.0
2009,2010-03-20,POR,HUL,5,1,1,3.0,0.0,2.2,3.2,3.5
2009,2010-03-20,STO,TOT,5,1,1,3.0,0.0,3.6,3.3,2.1
2009,2010-03-20,SUN,BIR,2,0,1,3.0,0.0,2.2,3.2,3.5
2009,2010-03-20,WIG,BUR,4,2,1,3.0,0.0,1.73,3.6,5.0
2009,2010-03-16,WIG,AVL,0,0,0,1.0,1.0,3.6,3.3,2.1
2009,2010-03-15,LIVP,POR,1,0,1,3.0,0.0,1.25,5.5,13.0
2009,2010-03-14,MANU,FUL,1,3,-1,0.0,3.0,1.22,6.0,15.0
2009,2010-03-14,SUN,MANC,3,1,1,3.0,0.0,3.6,3.4,2.1
2009,2010-03-13,BIR,EVE,1,1,0,1.0,1.0,3.0,3.25,2.4
2009,2010-03-13,BOLN,WIG,4,2,1,3.0,0.0,2.1,3.3,3.6
2009,2010-03-13,BUR,WOLV,3,2,1,3.0,0.0,2.25,3.3,3.3
2009,2010-03-13,CHE,WHU,2,0,1,3.0,0.0,1.22,6.0,15.0
2009,2010-03-13,HUL,ARS,3,1,1,3.0,0.0,7.5,4.5,1.4
2009,2010-03-13,STO,AVL,3,2,1,3.0,0.0,3.3,3.25,2.25
2009,2010-03-13,TOT,BLBN,1,0,1,3.0,0.0,1.44,4.33,7.5
2009,2010-03-10,BUR,STO,3,1,1,3.0,0.0,2.5,3.3,2.88
2009,2010-03-09,POR,BIR,0,1,-1,0.0,3.0,2.38,3.25,3.1
2009,2010-03-09,SUN,BOLN,1,1,0,1.0,1.0,2.1,3.25,3.75
2009,2010-03-08,WIG,LIVP,2,1,1,3.0,0.0,6.5,3.8,1.57
2009,2010-03-07,EVE,HUL,7,0,1,3.0,0.0,1.36,4.5,10.0
2009,2010-03-06,ARS,BUR,5,2,1,3.0,0.0,1.14,7.5,21.0
2009,2010-03-06,WHU,BOLN,3,2,1,3.0,0.0,1.8,3.5,4.5
2009,2010-03-06,WOLV,MANU,0,1,-1,0.0,3.0,10.0,5.0,1.33
2009,2010-02-28,LIVP,BLBN,0,1,-1,0.0,3.0,1.36,4.75,9.0
2009,2010-02-28,SUN,FUL,0,0,0,1.0,1.0,2.2,3.2,3.5
2009,2010-02-28,TOT,EVE,4,3,1,3.0,0.0,2.0,3.4,4.0
2009,2010-02-27,BIR,WIG,2,1,1,3.0,0.0,1.91,3.3,4.33
2009,2010-02-27,BOLN,WOLV,3,4,-1,0.0,3.0,2.0,3.3,4.0
2009,2010-02-27,BUR,POR,0,0,0,1.0,1.0,2.0,3.4,3.8
2009,2010-02-27,CHE,MANC,4,0,1,3.0,0.0,1.44,4.33,7.5
2009,2010-02-27,STO,ARS,2,1,1,3.0,0.0,5.0,3.6,1.73
2009,2010-02-23,MANU,WHU,2,0,1,3.0,0.0,1.2,6.5,15.0
2009,2010-02-21,AVL,BUR,2,1,1,3.0,0.0,1.36,4.5,10.0
2009,2010-02-21,BLBN,BOLN,4,1,1,3.0,0.0,1.95,3.25,4.33
2009,2010-02-21,FUL,BIR,4,0,1,3.0,0.0,2.1,3.25,3.75
2009,2010-02-21,MANC,LIVP,0,3,-1,0.0,3.0,2.4,3.3,3.0
2009,2010-02-21,WIG,TOT,0,0,0,1.0,1.0,3.75,3.5,2.0
2009,2010-02-20,ARS,SUN,0,1,-1,0.0,3.0,1.22,6.0,15.0
2009,2010-02-20,EVE,MANU,3,2,1,3.0,0.0,4.5,3.6,1.8
2009,2010-02-20,POR,STO,0,0,0,1.0,1.0,2.38,3.25,3.1
2009,2010-02-20,WHU,HUL,1,4,-1,0.0,3.0,1.75,3.6,4.75
2009,2010-02-20,WOLV,CHE,2,0,1,3.0,0.0,12.0,5.0,1.3
2009,2010-02-17,WIG,BOLN,1,0,1,3.0,0.0,2.3,3.25,3.2
2009,2010-02-16,STO,MANC,2,1,1,3.0,0.0,3.1,3.2,2.38
2009,2010-02-10,ARS,LIVP,2,1,1,3.0,0.0,2.1,3.3,3.6
2009,2010-02-10,AVL,MANU,0,1,-1,0.0,3.0,4.2,3.5,1.91
2009,2010-02-10,BLBN,HUL,2,0,1,3.0,0.0,1.83,3.5,4.5
2009,2010-02-10,EVE,CHE,2,2,0,1.0,1.0,5.0,3.6,1.73
2009,2010-02-10,WHU,BIR,2,1,1,3.0,0.0,2.25,3.3,3.25
2009,2010-02-10,WOLV,TOT,2,0,1,3.0,0.0,4.2,3.4,1.91
2009,2010-02-09,FUL,BUR,0,1,-1,0.0,3.0,1.73,3.5,5.25
2009,2010-02-09,MANC,BOLN,1,1,0,1.0,1.0,1.44,4.2,8.0
2009,2010-02-09,POR,SUN,2,0,1,3.0,0.0,2.4,3.25,3.0
2009,2010-02-09,WIG,STO,4,3,1,3.0,0.0,2.2,3.3,3.4
2009,2010-02-07,BIR,WOLV,0,1,-1,0.0,3.0,1.8,3.4,5.0
2009,2010-02-07,CHE,ARS,0,4,-1,0.0,3.0,1.8,3.6,4.5
2009,2010-02-06,BOLN,FUL,2,1,1,3.0,0.0,2.25,3.3,3.25
2009,2010-02-06,BUR,WHU,5,1,1,3.0,0.0,2.6,3.25,2.8
2009,2010-02-06,HUL,MANC,3,0,1,3.0,0.0,5.5,3.4,1.73
2009,2010-02-06,LIVP,EVE,1,1,0,1.0,1.0,1.83,3.5,4.33
2009,2010-02-06,MANU,POR,3,0,1,3.0,0.0,1.13,8.5,23.0
2009,2010-02-06,STO,BLBN,1,2,-1,0.0,3.0,2.3,3.1,3.4
2009,2010-02-06,SUN,WIG,0,1,-1,0.0,3.0,2.0,3.4,3.8
2009,2010-02-06,TOT,AVL,0,0,0,1.0,1.0,2.1,3.3,3.6
2009,2010-02-03,FUL,POR,1,2,-1,0.0,3.0,1.67,3.5,6.0
2009,2010-02-02,HUL,CHE,0,1,-1,0.0,3.0,13.0,5.0,1.29
2009,2010-02-01,SUN,STO,2,1,1,3.0,0.0,2.0,3.4,3.8
2009,2010-01-31,ARS,MANU,1,1,0,1.0,1.0,2.6,3.25,2.8
2009,2010-01-31,MANC,POR,4,2,1,3.0,0.0,1.29,5.0,13.0
2009,2010-01-30,BIR,TOT,0,1,-1,0.0,3.0,3.1,3.25,2.38
2009,2010-01-30,BUR,CHE,2,0,1,3.0,0.0,13.0,5.0,1.29
2009,2010-01-30,FUL,AVL,1,2,-1,0.0,3.0,2.7,3.2,2.7
2009,2010-01-30,HUL,WOLV,3,1,1,3.0,0.0,2.25,3.25,3.25
2009,2010-01-30,LIVP,BOLN,0,1,-1,0.0,3.0,1.44,4.33,7.5
2009,2010-01-30,WHU,BLBN,2,1,1,3.0,0.0,2.1,3.3,3.6
2009,2010-01-30,WIG,EVE,4,5,-1,0.0,3.0,3.0,3.3,2.38
2009,2010-01-27,AVL,ARS,4,2,1,3.0,0.0,3.2,3.25,2.3
2009,2010-01-27,BLBN,WIG,2,0,1,3.0,0.0,1.95,3.4,4.0
2009,2010-01-27,CHE,BIR,4,1,1,3.0,0.0,1.22,6.0,15.0
2009,2010-01-27,EVE,SUN,0,0,0,1.0,1.0,1.67,3.6,5.5
2009,2010-01-26,BOLN,BUR,3,0,1,3.0,0.0,1.8,3.6,4.5
2009,2010-01-26,POR,WHU,2,1,1,3.0,0.0,2.5,3.25,2.88
2009,2010-01-26,TOT,FUL,1,2,-1,0.0,3.0,1.57,3.75,6.5
2009,2010-01-26,WOLV,LIVP,3,0,1,3.0,0.0,5.5,3.6,1.67
2009,2010-01-23,MANU,HUL,0,1,-1,0.0,3.0,1.14,6.5,15.0
2009,2010-01-20,ARS,BOLN,1,0,1,3.0,0.0,1.22,5.5,17.0
2009,2010-01-20,LIVP,TOT,4,0,1,3.0,0.0,2.4,3.25,3.0
2009,2010-01-17,AVL,WHU,1,0,1,3.0,0.0,1.53,3.8,7.0
2009,2010-01-17,BLBN,FUL,1,1,0,1.0,1.0,2.4,3.25,3.0
2009,2010-01-17,BOLN,ARS,1,2,-1,0.0,3.0,6.5,4.0,1.53
2009,2010-01-16,CHE,SUN,3,1,1,3.0,0.0,1.22,6.0,15.0
2009,2010-01-16,EVE,MANC,3,0,1,3.0,0.0,2.88,3.25,2.5
2009,2010-01-16,MANU,BUR,2,2,0,1.0,1.0,1.17,7.0,17.0
2009,2010-01-16,STO,LIVP,2,4,-1,0.0,3.0,3.5,3.2,2.2
2009,2010-01-16,TOT,HUL,2,3,-1,0.0,3.0,1.25,6.0,11.0
2009,2010-01-16,WOLV,WIG,0,0,0,1.0,1.0,2.3,3.25,3.2
2009,2010-01-11,MANC,BLBN,1,2,-1,0.0,3.0,1.44,4.33,8.0
2009,2010-01-09,ARS,EVE,0,0,0,1.0,1.0,1.4,4.5,8.5
2009,2010-01-09,BIR,MANU,6,1,1,3.0,0.0,6.5,3.6,1.62
2009,2010-01-05,STO,FUL,1,0,1,3.0,0.0,2.63,3.25,2.75
2009,2009-12-30,MANU,WIG,2,3,-1,0.0,3.0,1.2,6.5,15.0
2009,2009-12-30,POR,ARS,2,0,1,3.0,0.0,6.5,4.0,1.53
2009,2009-12-29,AVL,LIVP,2,1,1,3.0,0.0,2.8,3.25,2.6
2009,2009-12-29,BOLN,HUL,4,2,1,3.0,0.0,1.8,3.6,4.75
2009,2009-12-28,BLBN,SUN,3,1,1,3.0,0.0,2.1,3.3,3.6
2009,2009-12-28,CHE,FUL,0,2,-1,0.0,3.0,1.36,4.5,10.0
2009,2009-12-28,EVE,BUR,2,0,1,3.0,0.0,1.57,3.8,6.5
2009,2009-12-28,STO,BIR,2,0,1,3.0,0.0,2.4,3.25,3.0
2009,2009-12-28,TOT,WHU,2,1,1,3.0,0.0,1.44,4.2,8.0
2009,2009-12-28,WOLV,MANC,0,2,-1,0.0,3.0,4.5,3.6,1.8
2009,2009-12-27,ARS,AVL,1,1,0,1.0,1.0,1.73,3.5,5.0
2009,2009-12-27,HUL,MANU,5,3,1,3.0,0.0,8.0,4.2,1.4
2009,2009-12-26,BIR,CHE,1,1,0,1.0,1.0,6.5,3.8,1.57
2009,2009-12-26,BUR,BOLN,2,2,0,1.0,1.0,2.38,3.3,3.0
2009,2009-12-26,FUL,TOT,1,1,0,1.0,1.0,2.8,3.4,2.5
2009,2009-12-26,LIVP,WOLV,0,3,-1,0.0,3.0,1.29,5.5,11.0
2009,2009-12-26,MANC,STO,3,0,1,3.0,0.0,1.44,4.33,7.5
2009,2009-12-26,SUN,EVE,2,1,1,3.0,0.0,2.38,3.3,3.0
2009,2009-12-26,WHU,POR,0,0,0,1.0,1.0,2.1,3.3,3.6
2009,2009-12-26,WIG,BLBN,3,0,1,3.0,0.0,2.3,3.25,3.2
2009,2009-12-20,EVE,BIR,2,3,-1,0.0,3.0,1.83,3.5,4.5
2009,2009-12-20,WHU,CHE,0,1,-1,0.0,3.0,8.5,4.5,1.4
2009,2009-12-20,WOLV,BUR,5,2,1,3.0,0.0,2.1,3.3,3.6
2009,2009-12-19,ARS,HUL,1,0,1,3.0,0.0,1.22,6.0,15.0
2009,2009-12-19,AVL,STO,2,0,1,3.0,0.0,1.4,4.33,9.0
2009,2009-12-19,BLBN,TOT,2,0,1,3.0,0.0,3.3,3.4,2.2
2009,2009-12-19,FUL,MANU,3,1,1,3.0,0.0,6.5,4.0,1.57
2009,2009-12-19,MANC,SUN,1,2,-1,0.0,3.0,1.53,4.0,7.0
2009,2009-12-19,POR,LIVP,0,1,-1,0.0,3.0,5.5,4.0,1.62
2009,2009-12-16,BUR,ARS,5,1,1,3.0,0.0,7.0,4.2,1.5
2009,2009-12-16,CHE,POR,0,3,-1,0.0,3.0,1.14,8.0,19.0
2009,2009-12-16,LIVP,WIG,0,1,-1,0.0,3.0,1.33,4.75,11.0
2009,2009-12-16,TOT,MANC,0,2,-1,0.0,3.0,2.25,3.3,3.25
2009,2009-12-15,BIR,BLBN,1,0,1,3.0,0.0,2.2,3.25,3.4
2009,2009-12-15,BOLN,WHU,1,0,1,3.0,0.0,2.25,3.3,3.25
2009,2009-12-15,MANU,WOLV,3,1,1,3.0,0.0,1.17,7.0,19.0
2009,2009-12-15,SUN,AVL,2,0,1,3.0,0.0,2.88,3.3,2.5
2009,2009-12-13,LIVP,ARS,4,0,1,3.0,0.0,2.2,3.3,3.4
2009,2009-12-12,BIR,WHU,1,0,1,3.0,0.0,2.1,3.3,3.6
2009,2009-12-12,BOLN,MANC,5,1,1,3.0,0.0,4.5,3.6,1.8
2009,2009-12-12,BUR,FUL,0,0,0,1.0,1.0,2.63,3.25,2.75
2009,2009-12-12,CHE,EVE,1,0,1,3.0,0.0,1.25,5.5,15.0
2009,2009-12-12,HUL,BLBN,2,0,1,3.0,0.0,2.8,3.25,2.6
2009,2009-12-12,MANU,AVL,1,2,-1,0.0,3.0,1.5,4.2,7.0
2009,2009-12-12,STO,WIG,2,0,1,3.0,0.0,2.1,3.3,3.6
2009,2009-12-12,SUN,POR,1,2,-1,0.0,3.0,1.8,3.5,4.75
2009,2009-12-12,TOT,WOLV,3,2,1,3.0,0.0,1.25,5.75,13.0
2009,2009-12-06,EVE,TOT,3,0,1,3.0,0.0,2.88,3.25,2.5
2009,2009-12-06,FUL,SUN,0,0,0,1.0,1.0,2.1,3.3,3.6
2009,2009-12-05,ARS,STO,0,2,-1,0.0,3.0,1.29,5.0,13.0
2009,2009-12-05,AVL,HUL,0,1,-1,0.0,3.0,1.44,4.33,7.5
2009,2009-12-05,BLBN,LIVP,1,2,-1,0.0,3.0,5.25,3.8,1.67
2009,2009-12-05,MANC,CHE,3,2,1,3.0,0.0,4.2,3.4,1.91
2009,2009-12-05,POR,BUR,1,3,-1,0.0,3.0,1.91,3.4,4.2
2009,2009-12-05,WHU,MANU,3,1,1,3.0,0.0,8.0,4.2,1.44
2009,2009-12-05,WIG,BIR,2,0,1,3.0,0.0,2.1,3.3,3.6
2009,2009-12-05,WOLV,BOLN,2,3,-1,0.0,3.0,2.38,3.25,3.1
2009,2009-11-29,ARS,CHE,1,0,1,3.0,0.0,2.7,3.2,2.7
2009,2009-11-29,EVE,LIVP,1,4,-1,0.0,3.0,3.5,3.4,2.1
2009,2009-11-29,WOLV,BIR,2,4,-1,0.0,3.0,2.4,3.2,3.1
2009,2009-11-28,AVL,TOT,2,0,1,3.0,0.0,2.5,3.25,2.88
2009,2009-11-28,BLBN,STO,2,0,1,3.0,0.0,1.91,3.4,4.2
2009,2009-11-28,FUL,BOLN,1,1,0,1.0,1.0,1.91,3.5,4.2
2009,2009-11-28,MANC,HUL,2,1,1,3.0,0.0,1.29,5.5,11.0
2009,2009-11-28,POR,MANU,1,2,-1,0.0,3.0,10.0,4.5,1.36
2009,2009-11-28,WHU,BUR,0,3,-1,0.0,3.0,1.8,3.6,4.5
2009,2009-11-28,WIG,SUN,2,1,1,3.0,0.0,2.4,3.4,2.9
2009,2009-11-25,FUL,BLBN,0,0,0,1.0,1.0,2.1,3.3,3.6
2009,2009-11-25,HUL,EVE,2,2,0,1.0,1.0,3.5,3.3,2.15
2009,2009-11-22,BOLN,BLBN,2,0,1,3.0,0.0,2.25,3.2,3.4
2009,2009-11-22,STO,POR,3,3,0,1.0,1.0,2.1,3.4,3.5
2009,2009-11-22,TOT,WIG,2,0,1,3.0,0.0,1.44,4.33,8.0
2009,2009-11-21,BIR,FUL,1,3,-1,0.0,3.0,2.5,3.2,2.9
2009,2009-11-21,BUR,AVL,0,0,0,1.0,1.0,3.4,3.3,2.2
2009,2009-11-21,CHE,WOLV,2,1,1,3.0,0.0,1.17,7.0,19.0
2009,2009-11-21,HUL,WHU,0,1,-1,0.0,3.0,2.88,3.25,2.5
2009,2009-11-21,LIVP,MANC,4,2,1,3.0,0.0,1.91,3.4,4.2
2009,2009-11-21,MANU,EVE,0,2,-1,0.0,3.0,1.4,4.5,9.0
2009,2009-11-21,SUN,ARS,2,0,1,3.0,0.0,6.0,3.75,1.62
2009,2009-11-09,LIVP,BIR,0,4,-1,0.0,3.0,1.36,4.5,10.0
2009,2009-11-08,CHE,MANU,0,0,0,1.0,1.0,2.0,3.25,4.0
2009,2009-11-08,HUL,STO,2,2,0,1.0,1.0,2.75,3.3,2.6
2009,2009-11-08,WHU,EVE,1,2,-1,0.0,3.0,2.4,3.3,3.0
2009,2009-11-08,WIG,FUL,2,2,0,1.0,1.0,2.25,3.2,3.4
2009,2009-11-07,AVL,BOLN,2,0,1,3.0,0.0,1.8,3.5,4.75
2009,2009-11-07,BLBN,POR,3,1,1,3.0,0.0,2.1,3.4,3.6
2009,2009-11-07,MANC,BUR,1,0,1,3.0,0.0,1.33,4.75,11.0
2009,2009-11-07,TOT,SUN,2,0,1,3.0,0.0,1.57,3.75,6.5
2009,2009-11-07,WOLV,ARS,2,0,1,3.0,0.0,9.0,4.75,1.36
2009,2009-11-04,WHU,AVL,2,0,1,3.0,0.0,2.75,3.3,2.63
2009,2009-11-01,BIR,MANC,2,1,1,3.0,0.0,4.33,3.6,1.83
2009,2009-10-31,ARS,TOT,1,3,-1,0.0,3.0,1.57,4.0,6.0
2009,2009-10-31,BOLN,CHE,2,2,0,1.0,1.0,9.0,4.33,1.4
2009,2009-10-31,BUR,HUL,1,2,-1,0.0,3.0,1.91,3.4,4.2
2009,2009-10-31,EVE,AVL,3,1,1,3.0,0.0,2.5,3.25,2.88
2009,2009-10-31,FUL,LIVP,5,0,1,3.0,0.0,4.2,3.4,1.91
2009,2009-10-31,MANU,BLBN,3,1,1,3.0,0.0,1.17,7.0,19.0
2009,2009-10-31,POR,WIG,0,1,-1,0.0,3.0,2.38,3.3,3.0
2009,2009-10-31,STO,WOLV,0,2,-1,0.0,3.0,1.91,3.4,4.2
2009,2009-10-31,SUN,WHU,3,1,1,3.0,0.0,2.0,3.3,4.0
2009,2009-10-25,BOLN,EVE,1,3,-1,0.0,3.0,2.63,3.25,2.75
2009,2009-10-25,LIVP,MANU,3,1,1,3.0,0.0,3.0,3.25,2.4
2009,2009-10-25,MANC,FUL,1,1,0,1.0,1.0,1.44,4.2,8.0
2009,2009-10-25,WHU,ARS,1,2,-1,0.0,3.0,7.0,4.2,1.5
2009,2009-10-24,BIR,SUN,1,0,1,3.0,0.0,2.9,3.25,2.5
2009,2009-10-24,BUR,WIG,0,1,-1,0.0,3.0,2.5,3.3,2.88
2009,2009-10-24,CHE,BLBN,2,2,0,1.0,1.0,1.2,6.5,15.0
2009,2009-10-24,HUL,POR,4,0,1,3.0,0.0,2.6,3.2,2.8
2009,2009-10-24,TOT,STO,0,0,0,1.0,1.0,1.44,4.33,7.5
2009,2009-10-24,WOLV,AVL,3,3,0,1.0,1.0,3.5,3.2,2.2
2009,2009-10-19,FUL,HUL,0,0,0,1.0,1.0,1.67,3.6,5.5
2009,2009-10-18,BLBN,BUR,3,1,1,3.0,0.0,1.73,3.6,5.0
2009,2009-10-18,WIG,MANC,1,0,1,3.0,0.0,5.0,3.6,1.73
2009,2009-10-17,ARS,BIR,0,0,0,1.0,1.0,1.17,7.0,19.0
2009,2009-10-17,AVL,CHE,2,2,0,1.0,1.0,4.5,3.6,1.8
2009,2009-10-17,EVE,WOLV,1,1,0,1.0,1.0,1.44,4.2,6.5
2009,2009-10-17,MANU,BOLN,0,0,0,1.0,1.0,1.2,5.5,13.0
2009,2009-10-17,POR,TOT,0,0,0,1.0,1.0,4.5,3.5,1.83
2009,2009-10-17,STO,WHU,6,0,1,3.0,0.0,2.1,3.3,3.6
2009,2009-10-17,SUN,LIVP,0,2,-1,0.0,3.0,4.2,3.4,1.91
2009,2009-10-05,AVL,MANC,1,0,1,3.0,0.0,2.75,3.25,2.63
2009,2009-10-04,ARS,BLBN,1,0,1,3.0,0.0,1.2,6.5,15.0
2009,2009-10-04,CHE,LIVP,0,1,-1,0.0,3.0,2.1,3.3,3.6
2009,2009-10-04,EVE,STO,1,0,1,3.0,0.0,1.57,4.0,6.0
2009,2009-10-04,WHU,FUL,3,0,1,3.0,0.0,2.2,3.25,3.4
2009,2009-10-03,BOLN,TOT,1,0,1,3.0,0.0,3.8,3.6,1.95
2009,2009-10-03,BUR,BIR,0,1,-1,0.0,3.0,2.3,3.25,3.2
2009,2009-10-03,HUL,WIG,0,0,0,1.0,1.0,2.88,3.3,2.5
2009,2009-10-03,MANU,SUN,1,2,-1,0.0,3.0,1.2,6.5,15.0
2009,2009-10-03,WOLV,POR,1,0,1,3.0,0.0,2.0,3.4,3.8
2009,2009-09-28,MANC,WHU,1,1,0,1.0,1.0,1.44,4.33,7.5
2009,2009-09-27,SUN,WOLV,1,0,1,3.0,0.0,1.73,3.6,5.0
2009,2009-09-26,BIR,BOLN,2,3,-1,0.0,3.0,2.2,3.25,3.4
2009,2009-09-26,BLBN,AVL,3,0,1,3.0,0.0,3.1,3.25,2.38
2009,2009-09-26,FUL,ARS,3,1,1,3.0,0.0,6.5,4.0,1.53
2009,2009-09-26,LIVP,HUL,3,1,1,3.0,0.0,1.14,7.5,23.0
2009,2009-09-26,POR,EVE,2,0,1,3.0,0.0,4.2,3.4,1.91
2009,2009-09-26,STO,MANU,2,1,1,3.0,0.0,8.5,4.5,1.4
2009,2009-09-26,TOT,BUR,2,1,1,3.0,0.0,1.33,5.0,10.0
2009,2009-09-26,WIG,CHE,0,1,-1,0.0,3.0,10.0,5.0,1.33
2009,2009-09-20,CHE,TOT,0,0,0,1.0,1.0,1.5,4.0,7.0
2009,2009-09-20,EVE,BLBN,1,1,0,1.0,1.0,1.8,3.3,5.0
2009,2009-09-20,MANU,MANC,0,0,0,1.0,1.0,1.57,4.0,6.0
2009,2009-09-20,WOLV,FUL,1,4,-1,0.0,3.0,2.5,3.25,2.88
2009,2009-09-19,ARS,WIG,1,2,-1,0.0,3.0,1.25,5.5,13.0
2009,2009-09-19,AVL,POR,1,0,1,3.0,0.0,1.4,4.2,10.0
2009,2009-09-19,BOLN,STO,0,1,-1,0.0,3.0,2.1,3.25,3.75
2009,2009-09-19,BUR,SUN,4,0,1,3.0,0.0,2.88,3.25,2.5
2009,2009-09-19,HUL,BIR,1,1,0,1.0,1.0,2.4,3.25,3.0
2009,2009-09-19,WHU,LIVP,2,1,1,3.0,0.0,6.5,4.0,1.53
2009,2009-09-13,BIR,AVL,1,3,-1,0.0,3.0,3.4,3.25,2.25
2009,2009-09-13,FUL,EVE,1,0,1,3.0,0.0,2.6,3.2,2.8
2009,2009-09-12,BLBN,WOLV,3,3,0,1.0,1.0,1.83,3.5,4.5
2009,2009-09-12,LIVP,BUR,5,1,1,3.0,0.0,1.2,6.5,15.0
2009,2009-09-12,MANC,ARS,3,0,1,3.0,0.0,2.88,3.25,2.5
2009,2009-09-12,POR,BOLN,3,2,1,3.0,0.0,2.6,3.2,2.8
2009,2009-09-12,STO,CHE,1,0,1,3.0,0.0,9.0,4.5,1.4
2009,2009-09-12,SUN,HUL,2,1,1,3.0,0.0,1.75,3.5,5.0
2009,2009-09-12,TOT,MANU,5,2,1,3.0,0.0,3.1,3.4,2.3
2009,2009-09-12,WIG,WHU,3,0,1,3.0,0.0,2.3,3.25,3.25
2009,2009-08-30,AVL,FUL,2,2,0,1.0,1.0,1.73,3.6,5.25
2009,2009-08-30,EVE,WIG,1,0,1,3.0,0.0,1.73,3.6,5.25
2009,2009-08-30,POR,MANC,2,0,1,3.0,0.0,6.5,3.8,1.57
2009,2009-08-29,BLBN,WHU,0,0,0,1.0,1.0,2.2,3.3,3.5
2009,2009-08-29,BOLN,LIVP,1,1,0,1.0,1.0,7.0,4.0,1.53
2009,2009-08-29,CHE,BUR,0,1,-1,0.0,3.0,1.14,8.0,21.0
2009,2009-08-29,MANU,ARS,3,1,1,3.0,0.0,2.2,3.3,3.5
2009,2009-08-29,STO,SUN,2,0,1,3.0,0.0,2.38,3.25,3.2
2009,2009-08-29,TOT,BIR,1,1,0,1.0,1.0,1.36,4.75,9.0
2009,2009-08-29,WOLV,HUL,3,2,1,3.0,0.0,2.1,3.3,3.6
2009,2009-08-24,LIVP,AVL,1,0,1,3.0,0.0,1.44,4.2,8.0
2009,2009-08-23,BUR,EVE,2,3,-1,0.0,3.0,3.4,3.3,2.2
2009,2009-08-23,FUL,CHE,5,6,-1,0.0,3.0,6.5,3.8,1.57
2009,2009-08-23,WHU,TOT,1,2,-1,0.0,3.0,3.1,3.25,2.38
2009,2009-08-22,ARS,POR,0,0,0,1.0,1.0,1.17,7.0,19.0
2009,2009-08-22,BIR,STO,2,0,1,3.0,0.0,2.3,3.2,3.25
2009,2009-08-22,HUL,BOLN,1,0,1,3.0,0.0,2.6,3.25,2.8
2009,2009-08-22,MANC,WOLV,0,0,0,1.0,1.0,1.33,4.5,12.0
2009,2009-08-22,SUN,BLBN,2,0,1,3.0,0.0,2.1,3.25,3.75
2009,2009-08-22,WIG,MANU,2,1,1,3.0,0.0,6.5,4.0,1.53
2009,2009-08-19,BIR,POR,0,2,-1,0.0,3.0,2.0,3.3,4.0
2009,2009-08-19,BUR,MANU,0,2,-1,0.0,3.0,9.5,5.0,1.33
2009,2009-08-19,HUL,TOT,5,3,1,3.0,0.0,3.75,3.5,2.0
2009,2009-08-19,LIVP,STO,2,2,0,1.0,1.0,1.25,5.5,13.0
2009,2009-08-18,SUN,CHE,0,3,-1,0.0,3.0,6.5,4.0,1.53
2009,2009-08-18,WIG,WOLV,0,1,-1,0.0,3.0,1.73,3.6,5.25
2009,2009-08-16,MANU,BIR,1,2,-1,0.0,3.0,1.2,6.0,17.0
2009,2009-08-16,TOT,LIVP,2,0,1,3.0,0.0,3.2,3.25,2.3
2009,2009-08-15,AVL,WIG,0,2,-1,0.0,3.0,1.67,3.6,5.5
2009,2009-08-15,BLBN,MANC,5,0,1,3.0,0.0,3.6,3.25,2.1
2009,2009-08-15,BOLN,SUN,2,1,1,3.0,0.0,2.25,3.25,3.25
2009,2009-08-15,CHE,HUL,1,0,1,3.0,0.0,1.17,6.5,21.0
2009,2009-08-15,EVE,ARS,2,0,1,3.0,0.0,3.2,3.25,2.3
2009,2009-08-15,POR,FUL,3,0,1,3.0,0.0,2.63,3.2,2.75
2009,2009-08-15,STO,BUR,2,0,1,3.0,0.0,1.91,3.3,4.33
2009,2009-08-15,WOLV,WHU,2,0,1,3.0,0.0,2.63,3.3,2.7
2008,2009-05-24,ARS,STO,1,1,0,1.0,1.0,1.33,5.0,10.0
2008,2009-05-24,AVL,NEW,2,1,1,3.0,0.0,2.3,3.4,3.1
2008,2009-05-24,BLBN,WBA,0,0,0,1.0,1.0,1.83,3.5,4.5
2008,2009-05-24,FUL,EVE,0,0,0,1.0,1.0,2.1,3.3,3.6
2008,2009-05-24,HUL,MANU,0,0,0,1.0,1.0,3.0,3.5,2.3
2008,2009-05-24,LIVP,TOT,1,0,1,3.0,0.0,1.53,4.0,6.5
2008,2009-05-24,MANC,BOLN,1,2,-1,0.0,3.0,1.73,3.6,5.0
2008,2009-05-24,SUN,CHE,2,1,1,3.0,0.0,4.0,3.6,1.91
2008,2009-05-24,WHU,MID,0,1,-1,0.0,3.0,2.25,3.4,3.2
2008,2009-05-24,WIG,POR,0,1,-1,0.0,3.0,2.1,3.4,3.5
2008,2009-05-18,POR,SUN,3,1,1,3.0,0.0,2.1,3.2,3.75
2008,2009-05-17,CHE,BLBN,4,0,1,3.0,0.0,1.3,5.0,11.0
2008,2009-05-17,WBA,LIVP,1,0,1,3.0,0.0,7.0,5.0,1.4
2008,2009-05-16,BOLN,HUL,0,0,0,1.0,1.0,2.2,3.3,3.4
2008,2009-05-16,EVE,WHU,3,1,1,3.0,0.0,1.73,3.6,5.0
2008,2009-05-16,MANU,ARS,3,2,1,3.0,0.0,1.67,3.5,6.0
2008,2009-05-16,MID,AVL,2,3,-1,0.0,3.0,2.5,3.4,2.75
2008,2009-05-16,NEW,FUL,0,2,-1,0.0,3.0,1.91,3.5,4.0
2008,2009-05-16,STO,WIG,2,1,1,3.0,0.0,2.2,3.25,3.4
2008,2009-05-16,TOT,MANC,2,3,-1,0.0,3.0,1.83,3.5,4.5
2008,2009-05-13,WIG,MANU,3,0,1,3.0,0.0,12.0,5.0,1.3
2008,2009-05-11,NEW,MID,0,0,0,1.0,1.0,2.0,3.4,3.8
2008,2009-05-10,ARS,CHE,2,0,1,3.0,0.0,2.6,3.25,2.8
2008,2009-05-10,MANU,MANC,2,1,1,3.0,0.0,1.36,4.75,9.5
2008,2009-05-09,BLBN,POR,3,2,1,3.0,0.0,2.0,3.25,4.0
2008,2009-05-09,BOLN,SUN,1,0,1,3.0,0.0,2.2,3.25,3.5
2008,2009-05-09,EVE,TOT,3,0,1,3.0,0.0,2.3,3.3,3.2
2008,2009-05-09,FUL,AVL,1,3,-1,0.0,3.0,2.62,3.25,2.75
2008,2009-05-09,HUL,STO,2,3,-1,0.0,3.0,2.1,3.3,3.6
2008,2009-05-09,WBA,WIG,1,1,0,1.0,1.0,2.4,3.4,2.9
2008,2009-05-09,WHU,LIVP,4,2,1,3.0,0.0,6.5,3.8,1.57
2008,2009-05-04,AVL,HUL,3,2,1,3.0,0.0,1.53,3.8,7.0
2008,2009-05-03,LIVP,NEW,0,0,0,1.0,1.0,1.25,5.5,13.0
2008,2009-05-03,SUN,EVE,2,3,-1,0.0,3.0,2.5,3.25,2.9
2008,2009-05-02,CHE,FUL,2,0,1,3.0,0.0,1.53,3.8,7.0
2008,2009-05-02,MANC,BLBN,2,1,1,3.0,0.0,2.0,3.3,4.0
2008,2009-05-02,MID,MANU,1,1,0,1.0,1.0,6.5,3.8,1.57
2008,2009-05-02,POR,ARS,5,1,1,3.0,0.0,3.2,3.3,2.3
2008,2009-05-02,STO,WHU,0,1,-1,0.0,3.0,2.37,3.25,3.1
2008,2009-05-02,TOT,WBA,0,1,-1,0.0,3.0,1.5,4.0,7.0
2008,2009-05-02,WIG,BOLN,3,1,1,3.0,0.0,2.1,3.25,3.75
2008,2009-04-27,NEW,POR,3,2,1,3.0,0.0,2.0,3.5,3.75
2008,2009-04-26,ARS,MID,1,1,0,1.0,1.0,1.5,4.2,7.5
2008,2009-04-26,BLBN,WIG,1,1,0,1.0,1.0,1.9,3.4,4.2
2008,2009-04-25,BOLN,AVL,0,2,-1,0.0,3.0,3.1,3.3,2.37
2008,2009-04-25,EVE,MANC,0,0,0,1.0,1.0,1.83,3.5,4.5
2008,2009-04-25,FUL,STO,1,4,-1,0.0,3.0,1.75,3.5,5.0
2008,2009-04-25,HUL,LIVP,1,2,-1,0.0,3.0,10.0,4.5,1.36
2008,2009-04-25,MANU,TOT,1,0,1,3.0,0.0,1.44,4.0,9.0
2008,2009-04-25,WBA,SUN,0,0,0,1.0,1.0,2.5,3.3,2.87
2008,2009-04-25,WHU,CHE,1,1,0,1.0,1.0,4.75,3.3,1.85
2008,2009-04-22,CHE,EVE,2,0,1,3.0,0.0,1.44,4.2,8.5
2008,2009-04-22,MANU,POR,1,0,1,3.0,0.0,1.25,5.5,13.0
2008,2009-04-21,LIVP,ARS,3,1,1,3.0,0.0,1.72,3.6,5.0
2008,2009-04-19,MANC,WBA,2,2,0,1.0,1.0,1.57,3.8,6.5
2008,2009-04-19,TOT,NEW,1,0,1,3.0,0.0,1.67,3.6,5.5
2008,2009-04-18,AVL,WHU,1,3,-1,0.0,3.0,1.67,3.6,5.5
2008,2009-04-18,MID,FUL,3,0,1,3.0,0.0,2.25,3.25,3.3
2008,2009-04-18,POR,BOLN,1,0,1,3.0,0.0,2.1,3.3,3.6
2008,2009-04-18,STO,BLBN,0,4,-1,0.0,3.0,2.4,3.25,3.0
2008,2009-04-18,SUN,HUL,0,0,0,1.0,1.0,1.91,3.4,4.2
2008,2009-04-12,AVL,EVE,0,2,-1,0.0,3.0,2.2,3.25,3.5
2008,2009-04-12,MANC,FUL,1,0,1,3.0,0.0,1.91,3.4,4.33
2008,2009-04-11,CHE,BOLN,1,0,1,3.0,0.0,1.25,5.5,15.0
2008,2009-04-11,LIVP,BLBN,0,3,-1,0.0,3.0,1.33,4.75,11.0
2008,2009-04-11,MID,HUL,2,1,1,3.0,0.0,2.1,3.3,3.75
2008,2009-04-11,POR,WBA,1,1,0,1.0,1.0,1.73,3.5,5.5
2008,2009-04-11,STO,NEW,2,0,1,3.0,0.0,2.5,3.25,2.88
2008,2009-04-11,SUN,MANU,2,1,1,3.0,0.0,7.5,4.0,1.5
2008,2009-04-11,TOT,WHU,1,0,1,3.0,0.0,1.73,3.5,5.5
2008,2009-04-11,WIG,ARS,3,3,0,1.0,1.0,5.25,3.5,1.73
2008,2009-04-05,EVE,WIG,0,0,0,1.0,1.0,1.72,3.4,5.5
2008,2009-04-05,MANU,AVL,2,2,0,1.0,1.0,1.4,4.33,9.0
2008,2009-04-04,ARS,MANC,1,3,-1,0.0,3.0,1.53,3.75,7.5
2008,2009-04-04,BLBN,TOT,3,0,1,3.0,0.0,2.62,3.25,2.75
2008,2009-04-04,BOLN,MID,0,0,0,1.0,1.0,2.1,3.3,3.6
2008,2009-04-04,FUL,LIVP,3,1,1,3.0,0.0,6.0,3.75,1.61
2008,2009-04-04,HUL,POR,4,2,1,3.0,0.0,2.62,3.25,2.75
2008,2009-04-04,NEW,CHE,2,0,1,3.0,0.0,5.0,3.6,1.72
2008,2009-04-04,WBA,STO,0,3,-1,0.0,3.0,2.2,3.25,3.4
2008,2009-04-04,WHU,SUN,1,5,-1,0.0,3.0,2.1,3.2,3.75
2008,2009-03-22,LIVP,AVL,1,1,0,1.0,1.0,1.44,4.2,8.0
2008,2009-03-22,MANC,SUN,1,0,1,3.0,0.0,1.66,3.6,5.5
2008,2009-03-22,WIG,HUL,1,3,-1,0.0,3.0,1.72,3.6,5.0
2008,2009-03-21,BLBN,WHU,1,1,0,1.0,1.0,1.9,3.4,4.33
2008,2009-03-21,FUL,MANU,2,2,0,1.0,1.0,8.0,4.2,1.44
2008,2009-03-21,NEW,ARS,2,1,1,3.0,0.0,5.0,3.6,1.72
2008,2009-03-21,POR,EVE,1,1,0,1.0,1.0,2.75,3.2,2.62
2008,2009-03-21,STO,MID,4,3,1,3.0,0.0,2.25,3.3,3.3
2008,2009-03-21,TOT,CHE,2,0,1,3.0,0.0,4.5,3.5,1.83
2008,2009-03-21,WBA,BOLN,3,0,1,3.0,0.0,2.4,3.3,3.0
2008,2009-03-16,WHU,WBA,0,1,-1,0.0,3.0,1.67,3.6,5.75
2008,2009-03-15,AVL,TOT,2,0,1,3.0,0.0,2.0,3.3,4.0
2008,2009-03-15,CHE,MANC,1,2,-1,0.0,3.0,1.4,4.5,9.0
2008,2009-03-14,ARS,BLBN,2,0,1,3.0,0.0,1.44,4.33,8.0
2008,2009-03-14,BOLN,FUL,0,2,-1,0.0,3.0,2.1,3.25,3.75
2008,2009-03-14,EVE,STO,0,0,0,1.0,1.0,1.5,4.0,7.5
2008,2009-03-14,HUL,NEW,5,1,1,3.0,0.0,2.62,3.25,2.75
2008,2009-03-14,MANU,LIVP,1,1,0,1.0,1.0,1.91,3.3,4.5
2008,2009-03-14,MID,POR,2,1,1,3.0,0.0,2.2,3.2,3.5
2008,2009-03-14,SUN,WIG,2,2,0,1.0,1.0,2.2,3.2,3.5
2008,2009-03-11,FUL,BLBN,0,1,-1,0.0,3.0,2.25,3.2,3.4
2008,2009-03-07,SUN,TOT,1,2,-1,0.0,3.0,2.87,3.3,2.5
2008,2009-03-04,BLBN,EVE,2,2,0,1.0,1.0,2.5,3.25,2.9
2008,2009-03-04,FUL,HUL,1,1,0,1.0,1.0,1.66,3.6,5.75
2008,2009-03-04,MANC,AVL,2,0,1,3.0,0.0,2.5,3.3,2.87
2008,2009-03-04,NEW,MANU,4,0,1,3.0,0.0,7.5,4.0,1.5
2008,2009-03-04,STO,BOLN,1,2,-1,0.0,3.0,2.5,3.25,2.9
2008,2009-03-04,TOT,MID,2,1,1,3.0,0.0,1.83,3.5,4.5
2008,2009-03-04,WIG,WHU,1,1,0,1.0,1.0,2.2,3.3,3.4
2008,2009-03-03,LIVP,SUN,1,1,0,1.0,1.0,1.4,4.33,9.5
2008,2009-03-03,POR,CHE,2,0,1,3.0,0.0,6.5,3.75,1.57
2008,2009-03-03,WBA,ARS,2,0,1,3.0,0.0,6.5,3.75,1.57
2008,2009-03-01,AVL,STO,2,0,1,3.0,0.0,1.4,4.0,10.0
2008,2009-03-01,BOLN,NEW,1,0,1,3.0,0.0,2.0,3.3,4.0
2008,2009-03-01,HUL,BLBN,1,1,0,1.0,1.0,2.87,3.25,2.5
2008,2009-03-01,WHU,MANC,1,1,0,1.0,1.0,2.5,3.25,2.87
2008,2009-02-28,ARS,FUL,6,0,1,3.0,0.0,1.4,4.33,9.0
2008,2009-02-28,CHE,WIG,1,1,0,1.0,1.0,1.28,5.0,13.0
2008,2009-02-28,EVE,WBA,2,0,1,3.0,0.0,1.5,4.0,7.5
2008,2009-02-28,MID,LIVP,1,2,-1,0.0,3.0,5.5,3.5,1.72
2008,2009-02-23,HUL,TOT,1,2,-1,0.0,3.0,3.0,3.3,2.37
2008,2009-02-22,FUL,WBA,0,0,0,1.0,1.0,1.8,3.5,4.75
2008,2009-02-22,LIVP,MANC,1,0,1,3.0,0.0,1.57,3.75,7.0
2008,2009-02-22,NEW,EVE,1,0,1,3.0,0.0,2.87,3.25,2.5
2008,2009-02-21,ARS,SUN,1,3,-1,0.0,3.0,1.4,4.33,9.0
2008,2009-02-21,AVL,CHE,4,0,1,3.0,0.0,3.3,3.3,2.25
2008,2009-02-21,BOLN,WHU,0,3,-1,0.0,3.0,2.3,3.3,3.1
2008,2009-02-21,MANU,BLBN,1,1,0,1.0,1.0,1.25,5.5,13.0
2008,2009-02-21,MID,WIG,2,1,1,3.0,0.0,2.4,3.25,3.0
2008,2009-02-21,STO,POR,1,2,-1,0.0,3.0,2.5,3.25,2.87
2008,2009-02-18,MANU,FUL,1,2,-1,0.0,3.0,1.25,5.5,13.0
2008,2009-02-14,POR,MANC,3,1,1,3.0,0.0,2.87,3.25,2.5
2008,2009-02-08,TOT,ARS,3,0,1,3.0,0.0,3.0,3.3,2.4
2008,2009-02-08,WHU,MANU,3,0,1,3.0,0.0,6.5,3.75,1.57
2008,2009-02-07,BLBN,AVL,0,2,-1,0.0,3.0,2.87,3.3,2.5
2008,2009-02-07,CHE,HUL,3,2,1,3.0,0.0,1.2,6.0,19.0
2008,2009-02-07,EVE,BOLN,2,4,-1,0.0,3.0,1.72,3.4,5.5
2008,2009-02-07,MANC,MID,1,3,-1,0.0,3.0,1.61,3.75,6.0
2008,2009-02-07,POR,LIVP,0,0,0,1.0,1.0,5.0,3.3,1.8
2008,2009-02-07,SUN,STO,1,3,-1,0.0,3.0,1.83,3.5,4.5
2008,2009-02-07,WBA,NEW,0,0,0,1.0,1.0,2.25,3.3,3.25
2008,2009-02-07,WIG,FUL,0,0,0,1.0,1.0,2.0,3.4,3.8
2008,2009-02-01,LIVP,CHE,2,0,1,3.0,0.0,2.5,3.1,3.1
2008,2009-02-01,NEW,SUN,3,3,0,1.0,1.0,2.6,3.2,2.8
2008,2009-01-31,ARS,WHU,2,1,1,3.0,0.0,1.5,4.2,7.0
2008,2009-01-31,AVL,WIG,3,1,1,3.0,0.0,1.61,3.7,6.0
2008,2009-01-31,BOLN,TOT,0,0,0,1.0,1.0,2.75,3.3,2.62
2008,2009-01-31,FUL,POR,1,1,0,1.0,1.0,2.0,3.3,4.0
2008,2009-01-31,HUL,WBA,1,2,-1,0.0,3.0,2.2,3.2,3.5
2008,2009-01-31,MANU,EVE,2,0,1,3.0,0.0,1.36,4.5,10.0
2008,2009-01-31,MID,BLBN,1,2,-1,0.0,3.0,2.5,3.3,2.87
2008,2009-01-31,STO,MANC,0,0,0,1.0,1.0,3.25,3.3,2.25
2008,2009-01-28,BLBN,BOLN,2,1,1,3.0,0.0,2.0,3.25,4.5
2008,2009-01-28,CHE,MID,0,1,-1,0.0,3.0,1.25,6.0,15.0
2008,2009-01-28,EVE,ARS,1,0,1,3.0,0.0,3.0,3.3,2.5
2008,2009-01-28,MANC,NEW,2,1,1,3.0,0.0,1.75,3.75,5.0
2008,2009-01-28,WHU,HUL,0,2,-1,0.0,3.0,1.83,3.6,4.75
2008,2009-01-28,WIG,LIVP,2,4,-1,0.0,3.0,5.0,3.5,1.83
2008,2009-01-27,POR,AVL,1,1,0,1.0,1.0,3.25,3.4,2.3
2008,2009-01-27,SUN,FUL,2,3,-1,0.0,3.0,2.25,3.3,3.5
2008,2009-01-27,TOT,STO,2,1,1,3.0,0.0,1.61,3.8,6.5
2008,2009-01-27,WBA,MANU,2,0,1,3.0,0.0,10.0,5.0,1.36
2008,2009-01-19,LIVP,EVE,2,1,1,3.0,0.0,1.62,3.75,6.0
2008,2009-01-18,TOT,POR,1,0,1,3.0,0.0,1.73,3.6,5.0
2008,2009-01-18,WHU,FUL,1,0,1,3.0,0.0,2.1,3.3,3.6
2008,2009-01-17,BLBN,NEW,1,0,1,3.0,0.0,2.0,3.4,3.8
2008,2009-01-17,BOLN,MANU,2,1,1,3.0,0.0,8.0,3.8,1.5
2008,2009-01-17,CHE,STO,0,1,-1,0.0,3.0,1.2,6.5,15.0
2008,2009-01-17,HUL,ARS,0,1,-1,0.0,3.0,5.5,4.0,1.62
2008,2009-01-17,MANC,WIG,3,2,1,3.0,0.0,2.0,3.4,3.75
2008,2009-01-17,SUN,AVL,2,1,1,3.0,0.0,3.25,3.25,2.25
2008,2009-01-17,WBA,MID,0,1,-1,0.0,3.0,2.38,3.3,3.0
2008,2009-01-14,MANU,WIG,1,1,0,1.0,1.0,1.2,6.0,15.0
2008,2009-01-11,MANU,CHE,4,2,1,3.0,0.0,2.2,3.2,3.5
2008,2009-01-11,WIG,TOT,2,2,0,1.0,1.0,2.5,3.25,2.88
2008,2009-01-10,ARS,BOLN,2,1,1,3.0,0.0,1.36,4.33,11.0
2008,2009-01-10,AVL,WBA,3,1,1,3.0,0.0,1.4,4.33,9.0
2008,2009-01-10,EVE,HUL,2,0,1,3.0,0.0,1.62,3.75,6.0
2008,2009-01-10,MID,SUN,1,0,1,3.0,0.0,2.25,3.2,3.4
2008,2009-01-10,NEW,WHU,0,1,-1,0.0,3.0,2.2,3.3,3.4
2008,2009-01-10,STO,LIVP,3,2,1,3.0,0.0,10.0,4.5,1.36
2008,2008-12-30,HUL,AVL,0,0,0,1.0,1.0,4.33,3.6,1.91
2008,2008-12-29,MANU,MID,1,0,1,3.0,0.0,1.2,6.5,19.0
2008,2008-12-28,ARS,POR,0,0,0,1.0,1.0,1.4,4.5,10.0
2008,2008-12-28,BLBN,MANC,1,0,1,3.0,0.0,2.62,3.3,2.87
2008,2008-12-28,BOLN,WIG,0,2,-1,0.0,3.0,2.3,3.25,3.4
2008,2008-12-28,EVE,SUN,5,2,1,3.0,0.0,1.8,3.6,5.0
2008,2008-12-28,FUL,CHE,0,0,0,1.0,1.0,6.5,3.75,1.61
2008,2008-12-28,NEW,LIVP,1,2,-1,0.0,3.0,5.0,3.6,1.8
2008,2008-12-28,WBA,TOT,2,2,0,1.0,1.0,3.5,3.4,2.2
2008,2008-12-28,WHU,STO,1,4,-1,0.0,3.0,1.72,3.6,5.5
2008,2008-12-26,AVL,ARS,2,0,1,3.0,0.0,2.5,3.3,2.87
2008,2008-12-26,CHE,WBA,1,1,0,1.0,1.0,1.14,7.5,21.0
2008,2008-12-26,LIVP,BOLN,0,1,-1,0.0,3.0,1.33,4.5,12.0
2008,2008-12-26,MANC,HUL,2,1,1,3.0,0.0,1.8,3.6,4.5
2008,2008-12-26,MID,EVE,3,0,1,3.0,0.0,2.5,3.3,2.87
2008,2008-12-26,POR,WHU,3,0,1,3.0,0.0,2.2,3.25,3.4
2008,2008-12-26,STO,MANU,3,0,1,3.0,0.0,12.0,5.0,1.3
2008,2008-12-26,SUN,BLBN,1,3,-1,0.0,3.0,2.25,3.25,3.3
2008,2008-12-26,TOT,FUL,1,2,-1,0.0,3.0,1.72,3.6,5.0
2008,2008-12-26,WIG,NEW,1,1,0,1.0,1.0,2.25,3.3,3.25
2008,2008-12-22,EVE,CHE,2,0,1,3.0,0.0,5.0,3.6,1.73
2008,2008-12-21,ARS,LIVP,2,0,1,3.0,0.0,2.4,3.25,3.0
2008,2008-12-21,NEW,TOT,2,1,1,3.0,0.0,2.37,3.4,3.0
2008,2008-12-21,WBA,MANC,0,0,0,1.0,1.0,3.25,3.3,2.25
2008,2008-12-20,BLBN,STO,2,0,1,3.0,0.0,1.83,3.5,4.5
2008,2008-12-20,BOLN,POR,2,5,-1,0.0,3.0,2.2,3.25,3.4
2008,2008-12-20,FUL,MID,0,1,-1,0.0,3.0,2.2,3.25,3.5
2008,2008-12-20,HUL,SUN,3,3,0,1.0,1.0,2.1,3.25,3.75
2008,2008-12-20,WHU,AVL,0,2,-1,0.0,3.0,3.0,3.4,2.37
2008,2008-12-14,CHE,WHU,0,2,-1,0.0,3.0,1.25,5.5,15.0
2008,2008-12-14,POR,NEW,1,0,1,3.0,0.0,2.05,3.2,3.4
2008,2008-12-13,AVL,BOLN,1,0,1,3.0,0.0,1.67,3.6,5.5
2008,2008-12-13,LIVP,HUL,1,1,0,1.0,1.0,1.33,5.0,10.0
2008,2008-12-13,MANC,EVE,4,1,1,3.0,0.0,2.0,3.4,3.8
2008,2008-12-13,MID,ARS,2,0,1,3.0,0.0,4.5,3.6,1.8
2008,2008-12-13,STO,FUL,5,1,1,3.0,0.0,2.5,3.25,2.88
2008,2008-12-13,SUN,WBA,0,1,-1,0.0,3.0,2.0,3.4,3.8
2008,2008-12-13,TOT,MANU,1,0,1,3.0,0.0,4.5,3.5,1.83
2008,2008-12-13,WIG,BLBN,1,1,0,1.0,1.0,2.1,3.3,3.6
2008,2008-12-08,WHU,TOT,1,2,-1,0.0,3.0,2.75,3.25,2.62
2008,2008-12-07,EVE,AVL,0,0,0,1.0,1.0,2.62,3.25,2.75
2008,2008-12-07,WBA,POR,0,1,-1,0.0,3.0,2.62,3.25,2.75
2008,2008-12-06,ARS,WIG,0,0,0,1.0,1.0,1.33,4.75,11.0
2008,2008-12-06,BLBN,LIVP,1,4,-1,0.0,3.0,5.5,3.5,1.73
2008,2008-12-06,BOLN,CHE,0,0,0,1.0,1.0,7.0,3.8,1.53
2008,2008-12-06,FUL,MANC,2,1,1,3.0,0.0,2.6,3.2,2.8
2008,2008-12-06,HUL,MID,0,3,-1,0.0,3.0,2.38,3.25,3.1
2008,2008-12-06,MANU,SUN,2,1,1,3.0,0.0,1.14,7.5,23.0
2008,2008-12-06,NEW,STO,1,2,-1,0.0,3.0,1.8,3.5,4.75
2008,2008-12-01,LIVP,WHU,0,3,-1,0.0,3.0,1.3,5.0,12.0
2008,2008-11-30,CHE,ARS,0,1,-1,0.0,3.0,1.8,3.4,5.0
2008,2008-11-30,MANC,MANU,0,1,-1,0.0,3.0,4.33,3.6,1.83
2008,2008-11-30,POR,BLBN,3,1,1,3.0,0.0,2.1,3.3,3.6
2008,2008-11-30,TOT,EVE,0,2,-1,0.0,3.0,1.91,3.5,4.0
2008,2008-11-29,AVL,FUL,4,0,1,3.0,0.0,1.57,3.8,6.5
2008,2008-11-29,MID,NEW,0,1,-1,0.0,3.0,2.2,3.3,3.4
2008,2008-11-29,STO,HUL,2,0,1,3.0,0.0,2.4,3.4,2.88
2008,2008-11-29,SUN,BOLN,0,1,-1,0.0,3.0,2.25,3.3,3.3
2008,2008-11-29,WIG,WBA,2,0,1,3.0,0.0,1.73,3.6,5.0
2008,2008-11-24,WIG,EVE,2,2,0,1.0,1.0,2.5,3.3,2.88
2008,2008-11-23,SUN,WHU,0,0,0,1.0,1.0,2.1,3.4,3.5
2008,2008-11-23,TOT,BLBN,1,2,-1,0.0,3.0,1.73,3.75,4.75
2008,2008-11-22,AVL,MANU,2,2,0,1.0,1.0,5.0,3.6,1.73
2008,2008-11-22,CHE,NEW,1,0,1,3.0,0.0,1.2,6.0,19.0
2008,2008-11-22,LIVP,FUL,1,1,0,1.0,1.0,1.25,5.5,15.0
2008,2008-11-22,MANC,ARS,2,3,-1,0.0,3.0,3.25,3.4,2.2
2008,2008-11-22,MID,BOLN,1,1,0,1.0,1.0,1.91,3.4,4.33
2008,2008-11-22,POR,HUL,0,1,-1,0.0,3.0,1.8,3.6,4.5
2008,2008-11-22,STO,WBA,2,2,0,1.0,1.0,2.2,3.3,3.4
2008,2008-11-16,EVE,MID,4,4,0,1.0,1.0,1.83,3.5,4.5
2008,2008-11-16,HUL,MANC,1,2,-1,0.0,3.0,2.88,3.25,2.5
2008,2008-11-15,ARS,AVL,2,1,1,3.0,0.0,1.5,4.0,7.0
2008,2008-11-15,BLBN,SUN,0,4,-1,0.0,3.0,2.0,3.4,3.8
2008,2008-11-15,BOLN,LIVP,4,1,1,3.0,0.0,6.0,3.75,1.62
2008,2008-11-15,FUL,TOT,1,0,1,3.0,0.0,3.3,3.3,2.25
2008,2008-11-15,MANU,STO,0,2,-1,0.0,3.0,1.14,7.5,23.0
2008,2008-11-15,NEW,WIG,1,1,0,1.0,1.0,2.1,3.3,3.6
2008,2008-11-15,WBA,CHE,1,1,0,1.0,1.0,12.0,5.0,1.3
2008,2008-11-15,WHU,POR,2,3,-1,0.0,3.0,2.5,3.25,2.88
2008,2008-11-09,AVL,MID,1,0,1,3.0,0.0,1.7,3.8,5.0
2008,2008-11-09,BLBN,CHE,0,2,-1,0.0,3.0,8.0,4.33,1.44
2008,2008-11-09,FUL,NEW,3,0,1,3.0,0.0,2.38,3.25,3.1
2008,2008-11-09,MANC,TOT,0,1,-1,0.0,3.0,2.25,3.3,3.3
2008,2008-11-08,ARS,MANU,2,2,0,1.0,1.0,3.25,3.25,2.3
2008,2008-11-08,HUL,BOLN,0,4,-1,0.0,3.0,2.25,3.25,3.4
2008,2008-11-08,LIVP,WBA,1,1,0,1.0,1.0,1.2,6.0,19.0
2008,2008-11-08,SUN,POR,0,0,0,1.0,1.0,2.38,3.3,3.0
2008,2008-11-08,WHU,EVE,0,1,-1,0.0,3.0,2.6,3.25,2.8
2008,2008-11-08,WIG,STO,4,2,1,3.0,0.0,1.8,3.4,5.0
2008,2008-11-03,NEW,AVL,6,1,1,3.0,0.0,3.0,3.3,2.38
2008,2008-11-02,BOLN,MANC,0,1,-1,0.0,3.0,3.0,3.3,2.38
2008,2008-11-01,CHE,SUN,2,3,-1,0.0,3.0,1.17,6.5,21.0
2008,2008-11-01,EVE,FUL,1,0,1,3.0,0.0,1.67,3.75,5.5
2008,2008-11-01,MANU,HUL,2,2,0,1.0,1.0,1.17,7.0,17.0
2008,2008-11-01,MID,WHU,1,0,1,3.0,0.0,2.0,3.3,4.0
2008,2008-11-01,POR,WIG,1,2,-1,0.0,3.0,1.91,3.4,4.2
2008,2008-11-01,STO,ARS,1,2,-1,0.0,3.0,8.0,4.5,1.4
2008,2008-11-01,TOT,LIVP,0,0,0,1.0,1.0,3.5,3.3,2.1
2008,2008-11-01,WBA,BLBN,1,0,1,3.0,0.0,2.5,3.3,2.88
2008,2008-10-29,ARS,TOT,1,2,-1,0.0,3.0,1.44,4.5,7.5
2008,2008-10-29,AVL,BLBN,1,0,1,3.0,0.0,1.67,3.75,5.5
2008,2008-10-29,BOLN,EVE,2,1,1,3.0,0.0,2.6,3.3,2.75
2008,2008-10-29,FUL,WIG,1,2,-1,0.0,3.0,2.38,3.3,3.0
2008,2008-10-29,HUL,CHE,1,1,0,1.0,1.0,8.0,4.33,1.44
2008,2008-10-29,LIVP,POR,0,0,0,1.0,1.0,1.33,5.0,10.0
2008,2008-10-29,MANU,WHU,0,3,-1,0.0,3.0,1.2,6.0,19.0
2008,2008-10-29,MID,MANC,0,2,-1,0.0,3.0,2.88,3.3,2.5
2008,2008-10-29,STO,SUN,2,0,1,3.0,0.0,2.6,3.3,2.75
2008,2008-10-28,NEW,WBA,0,0,0,1.0,1.0,1.83,3.5,4.5
2008,2008-10-26,CHE,LIVP,1,3,-1,0.0,3.0,1.91,3.25,4.5
2008,2008-10-26,MANC,STO,0,1,-1,0.0,3.0,1.44,4.33,7.5
2008,2008-10-26,POR,FUL,0,1,-1,0.0,3.0,1.83,3.5,4.5
2008,2008-10-26,TOT,BOLN,1,0,1,3.0,0.0,2.05,3.3,4.0
2008,2008-10-26,WHU,ARS,0,3,-1,0.0,3.0,6.0,3.75,1.62
2008,2008-10-26,WIG,AVL,1,0,1,3.0,0.0,2.6,3.3,2.75
2008,2008-10-25,BLBN,MID,2,2,0,1.0,1.0,2.1,3.25,3.75
2008,2008-10-25,EVE,MANU,1,4,-1,0.0,3.0,7.5,4.0,1.5
2008,2008-10-25,SUN,NEW,0,2,-1,0.0,3.0,2.2,3.3,3.4
2008,2008-10-25,WBA,HUL,3,1,1,3.0,0.0,2.2,3.3,3.4
2008,2008-10-20,NEW,MANC,1,0,1,3.0,0.0,3.0,3.25,2.4
2008,2008-10-19,HUL,WHU,0,1,-1,0.0,3.0,2.62,3.25,2.75
2008,2008-10-19,STO,TOT,3,0,1,3.0,0.0,3.25,3.3,2.25
2008,2008-10-18,ARS,EVE,1,0,1,3.0,0.0,1.36,4.5,10.0
2008,2008-10-18,AVL,POR,1,0,1,3.0,0.0,1.83,3.25,5.0
2008,2008-10-18,BOLN,BLBN,4,0,1,3.0,0.0,2.4,3.25,3.0
2008,2008-10-18,FUL,SUN,0,0,0,1.0,1.0,2.25,3.25,3.3
2008,2008-10-18,LIVP,WIG,1,1,0,1.0,1.0,1.4,4.33,9.0
2008,2008-10-18,MANU,WBA,0,0,0,1.0,1.0,1.2,6.5,15.0
2008,2008-10-18,MID,CHE,1,0,1,3.0,0.0,6.0,3.7,1.62
2008,2008-10-05,CHE,AVL,2,2,0,1.0,1.0,1.5,4.0,7.0
2008,2008-10-05,EVE,NEW,1,1,0,1.0,1.0,1.73,3.6,5.0
2008,2008-10-05,MANC,LIVP,1,0,1,3.0,0.0,3.2,3.3,2.25
2008,2008-10-05,POR,STO,2,2,0,1.0,1.0,1.67,3.4,6.0
2008,2008-10-05,TOT,HUL,1,0,1,3.0,0.0,1.73,3.75,4.75
2008,2008-10-05,WHU,BOLN,0,0,0,1.0,1.0,1.83,3.4,4.75
2008,2008-10-04,BLBN,MANU,1,2,-1,0.0,3.0,6.0,3.75,1.62
2008,2008-10-04,SUN,ARS,0,2,-1,0.0,3.0,6.0,3.75,1.62
2008,2008-10-04,WBA,FUL,4,0,1,3.0,0.0,2.25,3.25,3.25
2008,2008-10-04,WIG,MID,1,0,1,3.0,0.0,2.1,3.3,3.6
2008,2008-09-28,POR,TOT,2,2,0,1.0,1.0,2.5,3.25,3.0
2008,2008-09-28,WIG,MANC,3,1,1,3.0,0.0,3.0,3.3,2.38
2008,2008-09-27,ARS,HUL,2,1,1,3.0,0.0,1.2,6.0,17.0
2008,2008-09-27,AVL,SUN,2,3,-1,0.0,3.0,1.57,3.75,6.5
2008,2008-09-27,EVE,LIVP,2,0,1,3.0,0.0,3.75,3.25,2.1
2008,2008-09-27,FUL,WHU,0,2,-1,0.0,3.0,2.3,3.25,3.2
2008,2008-09-27,MANU,BOLN,0,1,-1,0.0,3.0,1.22,6.0,15.0
2008,2008-09-27,MID,WBA,2,2,0,1.0,1.0,1.8,3.4,5.0
2008,2008-09-27,NEW,BLBN,2,0,1,3.0,0.0,2.6,3.3,2.75
2008,2008-09-27,STO,CHE,2,2,0,1.0,1.0,9.0,4.75,1.36
2008,2008-09-21,CHE,MANU,0,1,-1,0.0,3.0,2.2,3.1,3.6
2008,2008-09-21,HUL,EVE,2,0,1,3.0,0.0,3.1,3.4,2.3
2008,2008-09-21,MANC,POR,1,0,1,3.0,0.0,2.0,3.3,4.0
2008,2008-09-21,TOT,WIG,2,0,1,3.0,0.0,1.73,3.6,5.0
2008,2008-09-21,WBA,AVL,1,1,0,1.0,1.0,3.25,3.3,2.25
2008,2008-09-20,BLBN,FUL,0,1,-1,0.0,3.0,2.1,3.3,3.6
2008,2008-09-20,BOLN,ARS,0,0,0,1.0,1.0,6.5,3.75,1.57
2008,2008-09-20,LIVP,STO,1,1,0,1.0,1.0,1.2,6.5,15.0
2008,2008-09-20,SUN,MID,1,0,1,3.0,0.0,2.38,3.1,3.2
2008,2008-09-20,WHU,NEW,1,0,1,3.0,0.0,2.1,3.3,3.6
2008,2008-09-15,TOT,AVL,0,0,0,1.0,1.0,2.1,3.3,3.6
2008,2008-09-14,STO,EVE,0,1,-1,0.0,3.0,3.4,3.4,2.2
2008,2008-09-13,BLBN,ARS,3,0,1,3.0,0.0,4.5,3.5,1.83
2008,2008-09-13,FUL,BOLN,2,0,1,3.0,0.0,2.25,3.3,3.3
2008,2008-09-13,LIVP,MANU,1,1,0,1.0,1.0,3.0,3.0,2.6
2008,2008-09-13,MANC,CHE,0,1,-1,0.0,3.0,4.33,3.3,1.91
2008,2008-09-13,NEW,HUL,0,2,-1,0.0,3.0,1.62,3.75,5.75
2008,2008-09-13,POR,MID,2,2,0,1.0,1.0,2.0,3.5,3.75
2008,2008-09-13,WBA,WHU,0,0,0,1.0,1.0,2.4,3.25,3.0
2008,2008-09-13,WIG,SUN,2,1,1,3.0,0.0,2.05,3.3,4.0
2008,2008-08-31,AVL,LIVP,2,1,1,3.0,0.0,3.0,3.25,2.4
2008,2008-08-31,CHE,TOT,2,1,1,3.0,0.0,1.4,4.33,9.0
2008,2008-08-31,SUN,MANC,1,2,-1,0.0,3.0,2.2,3.3,3.4
2008,2008-08-30,ARS,NEW,2,0,1,3.0,0.0,1.44,4.0,9.0
2008,2008-08-30,BOLN,WBA,0,2,-1,0.0,3.0,1.83,3.5,4.5
2008,2008-08-30,EVE,POR,2,3,-1,0.0,3.0,2.1,3.3,3.75
2008,2008-08-30,HUL,WIG,2,0,1,3.0,0.0,2.5,3.25,2.88
2008,2008-08-30,MID,STO,0,1,-1,0.0,3.0,1.57,3.6,7.0
2008,2008-08-30,WHU,BLBN,1,3,-1,0.0,3.0,2.5,3.25,2.88
2008,2008-08-25,POR,MANU,2,3,-1,0.0,3.0,4.8,3.4,1.8
2008,2008-08-24,MANC,WHU,2,1,1,3.0,0.0,2.3,3.25,3.2
2008,2008-08-24,WIG,CHE,1,1,0,1.0,1.0,8.5,4.5,1.4
2008,2008-08-23,BLBN,HUL,1,2,-1,0.0,3.0,1.57,3.75,7.0
2008,2008-08-23,FUL,ARS,0,3,-1,0.0,3.0,6.5,3.75,1.57
2008,2008-08-23,LIVP,MID,1,1,0,1.0,1.0,1.36,4.5,10.0
2008,2008-08-23,NEW,BOLN,0,0,0,1.0,1.0,1.8,3.5,4.75
2008,2008-08-23,STO,AVL,2,0,1,3.0,0.0,5.0,3.6,1.73
2008,2008-08-23,TOT,SUN,0,0,0,1.0,1.0,1.5,4.0,7.0
2008,2008-08-23,WBA,EVE,1,3,-1,0.0,3.0,2.88,3.25,2.5
2008,2008-08-17,AVL,MANC,2,1,1,3.0,0.0,1.91,3.4,4.33
2008,2008-08-17,CHE,POR,4,0,1,3.0,0.0,1.33,5.0,10.0
2008,2008-08-17,MANU,NEW,4,3,1,3.0,0.0,1.29,5.5,11.0
2008,2008-08-16,ARS,WBA,2,1,1,3.0,0.0,1.2,6.5,15.0
2008,2008-08-16,BOLN,STO,2,0,1,3.0,0.0,1.83,3.5,4.5
2008,2008-08-16,EVE,BLBN,1,0,1,3.0,0.0,2.0,3.3,4.0
2008,2008-08-16,HUL,FUL,0,0,0,1.0,1.0,2.6,3.2,2.8
2008,2008-08-16,MID,TOT,3,0,1,3.0,0.0,3.2,3.4,2.25
2008,2008-08-16,SUN,LIVP,1,0,1,3.0,0.0,5.5,3.6,1.67
2008,2008-08-16,WHU,WIG,1,2,-1,0.0,3.0,1.91,3.4,4.2
2007,2008-05-11,BIR,BLBN,3,1,1,3.0,0.0,2.0,3.6,3.6
2007,2008-05-11,CHE,BOLN,2,2,0,1.0,1.0,1.14,8.0,17.0
2007,2008-05-11,DER,REA,1,1,0,1.0,1.0,5.5,4.2,1.57
2007,2008-05-11,EVE,NEW,1,0,1,3.0,0.0,1.8,3.5,4.75
2007,2008-05-11,MID,MANC,4,2,1,3.0,0.0,2.1,3.3,3.6
2007,2008-05-11,POR,FUL,1,0,1,3.0,0.0,3.3,3.6,2.1
2007,2008-05-11,SUN,ARS,2,3,-1,0.0,3.0,4.33,3.75,1.8
2007,2008-05-11,TOT,LIVP,4,1,1,3.0,0.0,2.62,3.4,2.62
2007,2008-05-11,WHU,AVL,2,0,1,3.0,0.0,3.2,3.5,2.2
2007,2008-05-11,WIG,MANU,0,0,0,1.0,1.0,12.0,6.5,1.22
2007,2008-05-05,NEW,CHE,1,3,-1,0.0,3.0,6.0,4.2,1.53
2007,2008-05-04,ARS,EVE,3,0,1,3.0,0.0,1.66,3.6,5.5
2007,2008-05-04,LIVP,MANC,1,0,1,3.0,0.0,1.66,3.6,5.5
2007,2008-05-03,AVL,WIG,1,2,-1,0.0,3.0,1.53,3.8,7.0
2007,2008-05-03,BLBN,DER,2,2,0,1.0,1.0,1.25,5.5,13.0
2007,2008-05-03,BOLN,SUN,1,1,0,1.0,1.0,1.57,4.0,6.0
2007,2008-05-03,FUL,BIR,4,1,1,3.0,0.0,2.2,3.4,3.25
2007,2008-05-03,MANU,WHU,0,0,0,1.0,1.0,1.16,7.0,17.0
2007,2008-05-03,MID,POR,0,0,0,1.0,1.0,2.0,3.5,3.75
2007,2008-05-03,REA,TOT,1,2,-1,0.0,3.0,2.2,3.4,3.25
2007,2008-04-28,DER,ARS,0,0,0,1.0,1.0,13.0,5.5,1.25
2007,2008-04-27,EVE,AVL,1,2,-1,0.0,3.0,2.25,3.3,3.25
2007,2008-04-27,POR,BLBN,0,0,0,1.0,1.0,2.1,3.3,3.6
2007,2008-04-26,BIR,LIVP,2,1,1,3.0,0.0,2.75,3.25,2.6
2007,2008-04-26,CHE,MANU,0,2,-1,0.0,3.0,2.5,3.1,3.0
2007,2008-04-26,MANC,FUL,1,1,0,1.0,1.0,1.83,3.5,4.5
2007,2008-04-26,SUN,MID,2,0,1,3.0,0.0,2.3,3.1,3.4
2007,2008-04-26,TOT,BOLN,0,1,-1,0.0,3.0,1.9,3.5,4.0
2007,2008-04-26,WHU,NEW,0,0,0,1.0,1.0,2.5,3.3,2.87
2007,2008-04-26,WIG,REA,1,1,0,1.0,1.0,2.1,3.2,3.75
2007,2008-04-20,AVL,BIR,3,1,1,3.0,0.0,1.8,3.3,5.0
2007,2008-04-20,MANC,POR,4,1,1,3.0,0.0,2.37,3.3,3.0
2007,2008-04-20,NEW,SUN,1,0,1,3.0,0.0,1.83,3.5,4.5
2007,2008-04-19,ARS,REA,0,0,0,1.0,1.0,1.33,5.0,10.0
2007,2008-04-19,BLBN,MANU,0,1,-1,0.0,3.0,6.0,4.0,1.57
2007,2008-04-19,FUL,LIVP,1,0,1,3.0,0.0,3.4,3.25,2.2
2007,2008-04-19,MID,BOLN,2,0,1,3.0,0.0,2.1,3.3,3.6
2007,2008-04-19,WHU,DER,3,2,1,3.0,0.0,1.36,5.0,8.5
2007,2008-04-19,WIG,TOT,1,0,1,3.0,0.0,2.62,3.3,2.7
2007,2008-04-17,EVE,CHE,7,2,1,3.0,0.0,3.8,3.4,2.0
2007,2008-04-14,CHE,WIG,4,0,1,3.0,0.0,1.22,6.0,15.0
2007,2008-04-13,LIVP,BLBN,2,0,1,3.0,0.0,1.5,4.0,7.0
2007,2008-04-13,MANU,ARS,1,0,1,3.0,0.0,1.83,3.5,4.5
2007,2008-04-12,BIR,EVE,2,1,1,3.0,0.0,3.0,3.3,2.4
2007,2008-04-12,BOLN,WHU,2,0,1,3.0,0.0,2.1,3.4,3.5
2007,2008-04-12,DER,AVL,7,1,1,3.0,0.0,6.0,4.0,1.57
2007,2008-04-12,POR,NEW,4,1,1,3.0,0.0,2.2,3.3,3.4
2007,2008-04-12,REA,FUL,0,2,-1,0.0,3.0,1.9,3.4,4.33
2007,2008-04-12,SUN,MANC,1,0,1,3.0,0.0,2.2,3.3,3.4
2007,2008-04-12,TOT,MID,0,3,-1,0.0,3.0,1.66,3.6,5.5
2007,2008-04-08,WHU,POR,8,1,1,3.0,0.0,2.25,3.3,3.25
2007,2008-04-06,EVE,DER,0,1,-1,0.0,3.0,1.25,5.5,13.0
2007,2008-04-06,MID,MANU,0,1,-1,0.0,3.0,8.5,4.5,1.4
2007,2008-04-05,ARS,LIVP,1,1,0,1.0,1.0,2.1,3.2,3.75
2007,2008-04-05,AVL,BOLN,2,4,-1,0.0,3.0,1.66,3.6,5.5
2007,2008-04-05,BLBN,TOT,0,1,-1,0.0,3.0,2.4,3.4,2.87
2007,2008-04-05,FUL,SUN,1,0,1,3.0,0.0,2.3,3.3,3.2
2007,2008-04-05,MANC,CHE,1,0,1,3.0,0.0,5.0,3.6,1.72
2007,2008-04-05,NEW,REA,0,2,-1,0.0,3.0,1.8,3.6,4.5
2007,2008-04-05,WIG,BIR,1,1,0,1.0,1.0,2.1,3.3,3.6
2007,2008-03-30,CHE,MID,0,1,-1,0.0,3.0,1.3,5.0,12.0
2007,2008-03-30,LIVP,EVE,2,2,0,1.0,1.0,1.72,3.6,5.0
2007,2008-03-30,TOT,NEW,0,1,-1,0.0,3.0,1.66,3.6,5.5
2007,2008-03-29,BIR,MANC,3,0,1,3.0,0.0,2.4,3.3,3.0
2007,2008-03-29,BOLN,ARS,0,1,-1,0.0,3.0,5.0,3.6,1.72
2007,2008-03-29,DER,FUL,4,0,1,3.0,0.0,3.0,3.3,2.4
2007,2008-03-29,MANU,AVL,0,6,-1,0.0,3.0,1.3,5.0,12.0
2007,2008-03-29,POR,WIG,1,0,1,3.0,0.0,1.8,3.6,4.5
2007,2008-03-29,REA,BLBN,1,0,1,3.0,0.0,2.4,3.3,3.0
2007,2008-03-29,SUN,WHU,1,0,1,3.0,0.0,2.25,3.3,3.25
2007,2008-03-23,CHE,ARS,1,1,0,1.0,1.0,2.2,3.2,3.5
2007,2008-03-23,MANU,LIVP,0,1,-1,0.0,3.0,2.0,3.3,4.0
2007,2008-03-22,AVL,SUN,4,1,1,3.0,0.0,1.57,3.8,6.5
2007,2008-03-22,BLBN,WIG,4,4,0,1.0,1.0,1.72,3.6,5.0
2007,2008-03-22,BOLN,MANC,0,1,-1,0.0,3.0,2.37,3.3,3.0
2007,2008-03-22,EVE,WHU,3,1,1,3.0,0.0,1.72,3.6,5.0
2007,2008-03-22,MID,DER,2,0,1,3.0,0.0,1.44,4.2,8.0
2007,2008-03-22,NEW,FUL,4,0,1,3.0,0.0,1.8,3.5,4.75
2007,2008-03-22,REA,BIR,2,2,0,1.0,1.0,2.0,3.5,3.75
2007,2008-03-22,TOT,POR,1,1,0,1.0,1.0,1.9,3.5,4.0
2007,2008-03-19,MANU,BOLN,2,3,-1,0.0,3.0,1.16,7.0,17.0
2007,2008-03-19,TOT,CHE,1,1,0,1.0,1.0,3.6,3.3,2.1
2007,2008-03-17,BIR,NEW,0,0,0,1.0,1.0,2.2,3.25,3.4
2007,2008-03-16,FUL,EVE,0,1,-1,0.0,3.0,3.5,3.4,2.1
2007,2008-03-16,MANC,TOT,1,0,1,3.0,0.0,2.6,3.3,2.7
2007,2008-03-16,WIG,BOLN,0,0,0,1.0,1.0,2.25,3.3,3.25
2007,2008-03-15,ARS,MID,3,0,1,3.0,0.0,1.25,5.5,13.0
2007,2008-03-15,DER,MANU,1,2,-1,0.0,3.0,17.0,7.0,1.16
2007,2008-03-15,LIVP,REA,3,1,1,3.0,0.0,1.25,5.5,13.0
2007,2008-03-15,POR,AVL,1,0,1,3.0,0.0,2.37,3.25,3.1
2007,2008-03-15,SUN,CHE,0,2,-1,0.0,3.0,8.0,4.2,1.44
2007,2008-03-15,WHU,BLBN,1,1,0,1.0,1.0,2.5,3.3,2.87
2007,2008-03-12,AVL,MID,0,1,-1,0.0,3.0,1.61,3.75,6.0
2007,2008-03-12,CHE,DER,1,1,0,1.0,1.0,1.1,9.0,26.0
2007,2008-03-12,POR,BIR,0,1,-1,0.0,3.0,1.83,3.5,4.5
2007,2008-03-09,SUN,EVE,0,1,-1,0.0,3.0,3.5,3.4,2.1
2007,2008-03-09,TOT,WHU,2,1,1,3.0,0.0,1.8,3.6,4.5
2007,2008-03-09,WIG,ARS,0,1,-1,0.0,3.0,6.5,3.8,1.57
2007,2008-03-08,BLBN,FUL,1,1,0,1.0,1.0,1.53,4.0,6.5
2007,2008-03-08,LIVP,NEW,0,5,-1,0.0,3.0,1.36,4.5,10.0
2007,2008-03-08,REA,MANC,1,1,0,1.0,1.0,2.5,3.25,2.87
2007,2008-03-05,LIVP,WHU,0,1,-1,0.0,3.0,1.44,4.33,7.5
2007,2008-03-02,BOLN,LIVP,1,2,-1,0.0,3.0,4.5,3.6,1.8
2007,2008-03-02,EVE,POR,0,0,0,1.0,1.0,1.83,3.5,4.5
2007,2008-03-01,ARS,AVL,2,1,1,3.0,0.0,1.57,3.8,6.5
2007,2008-03-01,BIR,TOT,0,2,-1,0.0,3.0,3.75,3.5,2.0
2007,2008-03-01,DER,SUN,4,1,1,3.0,0.0,3.25,3.3,2.25
2007,2008-03-01,FUL,MANU,2,1,1,3.0,0.0,10.0,5.0,1.33
2007,2008-03-01,MANC,WIG,1,2,-1,0.0,3.0,1.8,3.5,4.75
2007,2008-03-01,MID,REA,2,0,1,3.0,0.0,1.83,3.5,4.5
2007,2008-03-01,NEW,BLBN,0,1,-1,0.0,3.0,2.6,3.3,2.75
2007,2008-03-01,WHU,CHE,2,1,1,3.0,0.0,4.5,3.5,1.83
2007,2008-02-25,MANC,EVE,0,1,-1,0.0,3.0,2.4,3.25,3.0
2007,2008-02-24,BLBN,BOLN,2,0,1,3.0,0.0,1.83,3.5,4.5
2007,2008-02-24,REA,AVL,3,1,1,3.0,0.0,3.1,3.25,2.37
2007,2008-02-23,BIR,ARS,2,1,1,3.0,0.0,7.0,4.0,1.5
2007,2008-02-23,FUL,WHU,1,4,-1,0.0,3.0,2.7,3.25,2.62
2007,2008-02-23,LIVP,MID,1,0,1,3.0,0.0,1.4,4.2,9.5
2007,2008-02-23,NEW,MANU,4,1,1,3.0,0.0,7.0,4.0,1.5
2007,2008-02-23,POR,SUN,2,0,1,3.0,0.0,1.61,3.75,6.0
2007,2008-02-23,WIG,DER,3,4,-1,0.0,3.0,1.61,3.75,6.0
2007,2008-02-11,ARS,BLBN,1,0,1,3.0,0.0,1.33,4.75,11.0
2007,2008-02-10,CHE,LIVP,1,0,1,3.0,0.0,1.9,3.2,4.5
2007,2008-02-10,MANU,MANC,1,1,0,1.0,1.0,1.28,5.0,13.0
2007,2008-02-09,AVL,NEW,0,3,-1,0.0,3.0,1.83,3.5,4.5
2007,2008-02-09,BOLN,POR,2,1,1,3.0,0.0,2.5,3.25,2.87
2007,2008-02-09,DER,TOT,1,2,-1,0.0,3.0,6.5,4.0,1.53
2007,2008-02-09,EVE,REA,1,4,-1,0.0,3.0,1.53,4.0,6.5
2007,2008-02-09,MID,FUL,0,0,0,1.0,1.0,1.9,3.4,4.2
2007,2008-02-09,SUN,WIG,1,0,1,3.0,0.0,2.1,3.3,3.6
2007,2008-02-09,WHU,BIR,1,1,0,1.0,1.0,1.8,3.6,4.5
2007,2008-02-03,FUL,AVL,1,0,1,3.0,0.0,3.25,3.25,2.25
2007,2008-02-03,NEW,MID,1,0,1,3.0,0.0,2.0,3.25,4.0
2007,2008-02-02,BIR,DER,0,0,0,1.0,1.0,1.61,3.5,6.5
2007,2008-02-02,BLBN,EVE,4,0,1,3.0,0.0,2.37,3.2,3.1
2007,2008-02-02,LIVP,SUN,0,4,-1,0.0,3.0,1.3,5.0,12.0
2007,2008-02-02,MANC,ARS,2,0,1,3.0,0.0,4.5,3.6,1.8
2007,2008-02-02,POR,CHE,3,2,1,3.0,0.0,5.25,3.5,1.72
2007,2008-02-02,REA,BOLN,2,1,1,3.0,0.0,2.15,3.25,3.5
2007,2008-02-02,TOT,MANU,2,4,-1,0.0,3.0,4.5,3.5,1.83
2007,2008-02-02,WIG,WHU,1,2,-1,0.0,3.0,2.62,3.25,2.7
2007,2008-01-30,CHE,REA,0,1,-1,0.0,3.0,1.22,6.0,15.0
2007,2008-01-30,DER,MANC,6,0,1,3.0,0.0,5.0,3.6,1.72
2007,2008-01-30,EVE,TOT,1,2,-1,0.0,3.0,2.37,3.25,3.1
2007,2008-01-30,MANU,POR,2,2,0,1.0,1.0,1.25,5.5,13.0
2007,2008-01-30,WHU,LIVP,6,0,1,3.0,0.0,4.0,3.5,1.9
2007,2008-01-29,ARS,NEW,2,1,1,3.0,0.0,1.28,5.0,13.0
2007,2008-01-29,BOLN,FUL,0,0,0,1.0,1.0,1.9,3.4,4.2
2007,2008-01-29,MID,WIG,2,1,1,3.0,0.0,1.9,3.3,4.33
2007,2008-01-29,SUN,BIR,2,1,1,3.0,0.0,2.3,3.25,3.2
2007,2008-01-26,AVL,BLBN,2,0,1,3.0,0.0,1.9,3.4,4.2
2007,2008-01-21,LIVP,AVL,0,1,-1,0.0,3.0,1.61,3.75,6.0
2007,2008-01-20,MANC,WHU,2,2,0,1.0,1.0,2.0,3.4,3.8
2007,2008-01-20,WIG,EVE,1,2,-1,0.0,3.0,3.25,3.25,2.25
2007,2008-01-19,BIR,CHE,4,1,1,3.0,0.0,5.5,3.6,1.66
2007,2008-01-19,BLBN,MID,1,3,-1,0.0,3.0,1.72,3.6,5.0
2007,2008-01-19,FUL,ARS,1,2,-1,0.0,3.0,7.0,3.8,1.53
2007,2008-01-19,NEW,BOLN,1,1,0,1.0,1.0,1.72,3.6,5.0
2007,2008-01-19,POR,DER,3,0,1,3.0,0.0,1.44,4.2,8.0
2007,2008-01-19,REA,MANU,0,0,0,1.0,1.0,8.0,4.5,1.4
2007,2008-01-19,TOT,SUN,3,1,1,3.0,0.0,1.44,4.2,8.0
2007,2008-01-13,BOLN,BLBN,2,0,1,3.0,0.0,2.4,3.25,3.0
2007,2008-01-13,SUN,POR,1,1,0,1.0,1.0,2.75,3.25,2.62
2007,2008-01-12,ARS,BIR,1,1,0,1.0,1.0,1.2,6.0,17.0
2007,2008-01-12,AVL,REA,1,0,1,3.0,0.0,1.61,3.75,6.0
2007,2008-01-12,CHE,TOT,1,1,0,1.0,1.0,1.75,3.5,5.0
2007,2008-01-12,DER,WIG,0,1,-1,0.0,3.0,2.87,3.25,2.5
2007,2008-01-12,EVE,MANC,1,3,-1,0.0,3.0,2.1,3.3,3.6
2007,2008-01-12,MANU,NEW,2,3,-1,0.0,3.0,1.25,5.5,13.0
2007,2008-01-12,MID,LIVP,1,2,-1,0.0,3.0,5.0,3.6,1.72
2007,2008-01-12,WHU,FUL,0,1,-1,0.0,3.0,1.72,3.6,5.0
2007,2008-01-02,BLBN,SUN,1,2,-1,0.0,3.0,1.57,4.0,6.0
2007,2008-01-02,BOLN,DER,3,1,1,3.0,0.0,1.53,4.0,6.5
2007,2008-01-02,LIVP,WIG,0,1,-1,0.0,3.0,1.2,5.5,12.0
2007,2008-01-02,NEW,MANC,2,0,1,3.0,0.0,2.25,3.3,3.25
2007,2008-01-01,ARS,WHU,0,1,-1,0.0,3.0,1.33,5.0,10.0
2007,2008-01-01,AVL,TOT,1,0,1,3.0,0.0,2.37,3.3,3.0
2007,2008-01-01,FUL,CHE,3,3,0,1.0,1.0,7.0,4.0,1.5
2007,2008-01-01,MANU,BIR,1,5,-1,0.0,3.0,1.16,7.0,19.0
2007,2008-01-01,MID,EVE,3,1,1,3.0,0.0,3.0,3.25,2.4
2007,2008-01-01,REA,POR,2,3,-1,0.0,3.0,2.87,3.3,2.5
2007,2007-12-30,DER,BLBN,2,1,1,3.0,0.0,4.0,3.5,1.9
2007,2007-12-30,MANC,LIVP,0,1,-1,0.0,3.0,3.6,3.3,2.1
2007,2007-12-29,BIR,FUL,0,0,0,1.0,1.0,1.9,3.4,4.2
2007,2007-12-29,CHE,NEW,1,0,1,3.0,0.0,1.4,4.33,9.0
2007,2007-12-29,EVE,ARS,0,2,-1,0.0,3.0,3.5,3.4,2.1
2007,2007-12-29,POR,MID,0,1,-1,0.0,3.0,1.66,3.6,5.5
2007,2007-12-29,SUN,BOLN,1,4,-1,0.0,3.0,2.5,3.25,2.87
2007,2007-12-29,TOT,REA,1,0,1,3.0,0.0,1.5,4.0,7.0
2007,2007-12-29,WHU,MANU,2,1,1,3.0,0.0,7.0,4.0,1.5
2007,2007-12-29,WIG,AVL,3,0,1,3.0,0.0,3.25,3.3,2.25
2007,2007-12-27,MANC,BLBN,1,0,1,3.0,0.0,2.1,3.3,3.6
2007,2007-12-26,BIR,MID,2,0,1,3.0,0.0,2.25,3.3,3.25
2007,2007-12-26,CHE,AVL,0,1,-1,0.0,3.0,1.4,4.33,9.0
2007,2007-12-26,DER,LIVP,1,0,1,3.0,0.0,13.0,5.0,1.28
2007,2007-12-26,EVE,BOLN,0,2,-1,0.0,3.0,1.7,3.5,5.5
2007,2007-12-26,POR,ARS,2,1,1,3.0,0.0,4.5,3.5,1.83
2007,2007-12-26,SUN,MANU,1,6,-1,0.0,3.0,8.5,4.5,1.4
2007,2007-12-26,TOT,FUL,0,0,0,1.0,1.0,1.44,4.2,8.0
2007,2007-12-26,WHU,REA,3,1,1,3.0,0.0,1.9,3.3,4.33
2007,2007-12-26,WIG,NEW,7,1,1,3.0,0.0,2.7,3.3,2.6
2007,2007-12-23,BLBN,CHE,2,1,1,3.0,0.0,4.2,3.4,1.9
2007,2007-12-23,MANU,EVE,0,3,-1,0.0,3.0,1.36,4.75,9.0
2007,2007-12-23,NEW,DER,1,0,1,3.0,0.0,1.33,4.75,11.0
2007,2007-12-22,ARS,TOT,0,1,-1,0.0,3.0,1.5,4.0,7.5
2007,2007-12-22,AVL,MANC,1,0,1,3.0,0.0,2.1,3.3,3.6
2007,2007-12-22,BOLN,BIR,1,2,-1,0.0,3.0,1.9,3.3,4.33
2007,2007-12-22,FUL,WIG,2,0,1,3.0,0.0,2.1,3.3,3.6
2007,2007-12-22,LIVP,POR,0,2,-1,0.0,3.0,1.5,4.0,7.0
2007,2007-12-22,MID,WHU,2,0,1,3.0,0.0,2.3,3.3,3.2
2007,2007-12-22,REA,SUN,7,0,1,3.0,0.0,1.9,3.3,4.33
2007,2007-12-16,ARS,CHE,1,0,1,3.0,0.0,2.5,3.0,3.1
2007,2007-12-16,LIVP,MANU,4,2,1,3.0,0.0,2.62,3.1,2.87
2007,2007-12-15,BIR,REA,2,1,1,3.0,0.0,2.2,3.25,3.4
2007,2007-12-15,DER,MID,1,1,0,1.0,1.0,3.1,3.25,2.37
2007,2007-12-15,FUL,NEW,1,2,-1,0.0,3.0,2.5,3.25,2.87
2007,2007-12-15,MANC,BOLN,2,1,1,3.0,0.0,1.83,3.25,5.0
2007,2007-12-15,POR,TOT,7,0,1,3.0,0.0,2.2,3.25,3.4
2007,2007-12-15,SUN,AVL,0,1,-1,0.0,3.0,3.25,3.25,2.3
2007,2007-12-15,WHU,EVE,6,0,1,3.0,0.0,2.5,3.25,2.87
2007,2007-12-15,WIG,BLBN,0,1,-1,0.0,3.0,3.25,3.25,2.3
2007,2007-12-09,BLBN,WHU,6,1,1,3.0,0.0,1.83,3.5,4.5
2007,2007-12-09,BOLN,WIG,2,2,0,1.0,1.0,2.0,3.4,3.8
2007,2007-12-09,MID,ARS,2,0,1,3.0,0.0,7.0,3.8,1.53
2007,2007-12-09,TOT,MANC,0,0,0,1.0,1.0,2.0,3.3,3.75
2007,2007-12-08,AVL,POR,2,2,0,1.0,1.0,2.1,3.3,3.6
2007,2007-12-08,CHE,SUN,0,1,-1,0.0,3.0,1.16,6.5,21.0
2007,2007-12-08,EVE,FUL,0,1,-1,0.0,3.0,1.57,3.75,6.5
2007,2007-12-08,MANU,DER,1,5,-1,0.0,3.0,1.11,8.5,26.0
2007,2007-12-08,NEW,BIR,1,0,1,3.0,0.0,1.8,3.5,4.75
2007,2007-12-08,REA,LIVP,1,3,-1,0.0,3.0,5.5,3.6,1.66
2007,2007-12-05,NEW,ARS,1,2,-1,0.0,3.0,6.0,3.75,1.61
2007,2007-12-03,MANU,FUL,1,1,0,1.0,1.0,1.2,6.0,17.0
2007,2007-12-02,LIVP,BOLN,1,2,-1,0.0,3.0,1.28,5.0,13.0
2007,2007-12-02,TOT,BIR,1,1,0,1.0,1.0,1.44,4.2,8.0
2007,2007-12-01,AVL,ARS,2,0,1,3.0,0.0,4.0,3.3,2.0
2007,2007-12-01,BLBN,NEW,1,0,1,3.0,0.0,1.9,3.4,4.2
2007,2007-12-01,CHE,WHU,1,2,-1,0.0,3.0,1.25,5.5,13.0
2007,2007-12-01,POR,EVE,1,1,0,1.0,1.0,2.2,3.25,3.4
2007,2007-12-01,REA,MID,0,4,-1,0.0,3.0,2.0,3.3,4.0
2007,2007-12-01,SUN,DER,1,0,1,3.0,0.0,1.66,3.6,5.5
2007,2007-12-01,WIG,MANC,3,2,1,3.0,0.0,3.0,3.25,2.4
2007,2007-11-28,BLBN,AVL,1,1,0,1.0,1.0,2.2,3.25,3.4
2007,2007-11-25,FUL,BLBN,2,0,1,3.0,0.0,2.87,3.25,2.5
2007,2007-11-25,WHU,TOT,6,0,1,3.0,0.0,2.75,3.25,2.6
2007,2007-11-24,ARS,WIG,1,0,1,3.0,0.0,1.16,7.0,17.0
2007,2007-11-24,BIR,POR,0,0,0,1.0,1.0,3.2,3.3,2.3
2007,2007-11-24,BOLN,MANU,1,3,-1,0.0,3.0,9.0,4.33,1.4
2007,2007-11-24,DER,CHE,1,0,1,3.0,0.0,15.0,6.0,1.22
2007,2007-11-24,EVE,SUN,1,0,1,3.0,0.0,1.61,3.6,6.5
2007,2007-11-24,MANC,REA,2,1,1,3.0,0.0,1.57,3.75,6.5
2007,2007-11-24,MID,AVL,1,1,0,1.0,1.0,2.75,3.25,2.6
2007,2007-11-24,NEW,LIVP,1,2,-1,0.0,3.0,3.8,3.3,2.0
2007,2007-11-12,REA,ARS,2,0,1,3.0,0.0,7.0,4.0,1.5
2007,2007-11-11,BIR,AVL,0,0,0,1.0,1.0,2.7,3.2,2.7
2007,2007-11-11,BOLN,MID,4,2,1,3.0,0.0,2.1,3.4,3.5
2007,2007-11-11,CHE,EVE,5,2,1,3.0,0.0,1.33,5.0,10.0
2007,2007-11-11,MANU,BLBN,4,1,1,3.0,0.0,1.33,4.5,8.5
2007,2007-11-11,POR,MANC,2,1,1,3.0,0.0,2.0,3.4,3.8
2007,2007-11-11,TOT,WIG,3,6,-1,0.0,3.0,1.44,4.2,8.0
2007,2007-11-10,DER,WHU,2,2,0,1.0,1.0,3.25,3.4,2.2
2007,2007-11-10,LIVP,FUL,3,0,1,3.0,0.0,1.22,5.0,13.0
2007,2007-11-10,SUN,NEW,1,2,-1,0.0,3.0,2.87,3.25,2.5
2007,2007-11-05,MANC,SUN,2,1,1,3.0,0.0,1.61,3.75,6.0
2007,2007-11-04,WHU,BOLN,1,0,1,3.0,0.0,1.9,3.3,4.33
2007,2007-11-03,ARS,MANU,4,2,1,3.0,0.0,2.5,3.1,3.0
2007,2007-11-03,AVL,DER,2,0,1,3.0,0.0,1.4,4.33,9.0
2007,2007-11-03,BLBN,LIVP,0,1,-1,0.0,3.0,3.0,3.3,2.37
2007,2007-11-03,EVE,BIR,0,0,0,1.0,1.0,1.66,3.5,5.75
2007,2007-11-03,FUL,REA,0,0,0,1.0,1.0,2.2,3.25,3.4
2007,2007-11-03,MID,TOT,0,2,-1,0.0,3.0,3.0,3.25,2.4
2007,2007-11-03,NEW,POR,2,1,1,3.0,0.0,2.1,3.3,3.6
2007,2007-11-03,WIG,CHE,6,1,1,3.0,0.0,9.0,4.33,1.4
2007,2007-10-28,BOLN,AVL,3,0,1,3.0,0.0,2.7,3.3,2.62
2007,2007-10-28,DER,EVE,1,0,1,3.0,0.0,3.6,3.3,2.1
2007,2007-10-28,LIVP,ARS,6,3,1,3.0,0.0,2.5,3.25,2.8
2007,2007-10-28,TOT,BLBN,1,2,-1,0.0,3.0,2.2,3.4,3.25
2007,2007-10-27,BIR,WIG,0,1,-1,0.0,3.0,2.1,3.3,3.6
2007,2007-10-27,CHE,MANC,0,1,-1,0.0,3.0,1.5,4.0,7.0
2007,2007-10-27,MANU,MID,0,1,-1,0.0,3.0,1.18,6.5,19.0
2007,2007-10-27,POR,WHU,1,1,0,1.0,1.0,1.8,3.5,4.75
2007,2007-10-27,REA,NEW,0,1,-1,0.0,3.0,2.75,3.25,2.5
2007,2007-10-27,SUN,FUL,1,0,1,3.0,0.0,2.1,3.3,3.6
2007,2007-10-22,NEW,TOT,1,0,1,3.0,0.0,2.37,3.3,3.0
2007,2007-10-21,WHU,SUN,1,0,1,3.0,0.0,1.9,3.25,4.5
2007,2007-10-20,ARS,BOLN,1,1,0,1.0,1.0,1.25,5.25,15.0
2007,2007-10-20,AVL,MANU,0,0,0,1.0,1.0,4.5,3.6,1.8
2007,2007-10-20,BLBN,REA,1,2,-1,0.0,3.0,1.7,3.5,5.5
2007,2007-10-20,EVE,LIVP,0,0,0,1.0,1.0,3.6,3.3,2.1
2007,2007-10-20,FUL,DER,2,1,1,3.0,0.0,1.72,3.5,5.25
2007,2007-10-20,MANC,BIR,1,0,1,3.0,0.0,1.57,3.6,7.0
2007,2007-10-20,MID,CHE,5,1,1,3.0,0.0,6.0,3.75,1.61
2007,2007-10-20,WIG,POR,0,1,-1,0.0,3.0,3.1,3.25,2.37
2007,2007-10-07,ARS,SUN,1,0,1,3.0,0.0,1.16,6.5,23.0
2007,2007-10-07,BLBN,BIR,5,1,1,3.0,0.0,1.66,3.75,5.5
2007,2007-10-07,BOLN,CHE,2,2,0,1.0,1.0,5.0,3.6,1.72
2007,2007-10-07,FUL,POR,0,0,0,1.0,1.0,2.62,3.25,2.75
2007,2007-10-07,LIVP,TOT,1,1,0,1.0,1.0,1.53,4.0,6.5
2007,2007-10-07,MANC,MID,1,1,0,1.0,1.0,1.66,3.6,5.5
2007,2007-10-07,NEW,EVE,0,0,0,1.0,1.0,2.1,3.3,3.6
2007,2007-10-07,REA,DER,1,0,1,3.0,0.0,1.72,3.6,5.0
2007,2007-10-06,AVL,WHU,2,3,-1,0.0,3.0,1.83,3.6,4.33
2007,2007-10-06,MANU,WIG,4,1,1,3.0,0.0,1.16,6.5,21.0
2007,2007-10-01,TOT,AVL,1,1,0,1.0,1.0,1.9,3.25,4.33
2007,2007-09-30,EVE,MID,0,3,-1,0.0,3.0,1.8,3.5,4.75
2007,2007-09-29,BIR,MANU,2,0,1,3.0,0.0,6.5,4.0,1.53
2007,2007-09-29,CHE,FUL,2,0,1,3.0,0.0,1.3,5.0,12.0
2007,2007-09-29,DER,BOLN,2,1,1,3.0,0.0,2.7,3.25,2.62
2007,2007-09-29,MANC,NEW,3,5,-1,0.0,3.0,2.25,3.25,3.3
2007,2007-09-29,POR,REA,1,1,0,1.0,1.0,1.72,3.4,5.5
2007,2007-09-29,SUN,BLBN,0,2,-1,0.0,3.0,2.75,3.25,2.62
2007,2007-09-29,WHU,ARS,1,4,-1,0.0,3.0,4.5,3.5,1.83
2007,2007-09-29,WIG,LIVP,3,0,1,3.0,0.0,6.5,3.8,1.57
2007,2007-09-23,AVL,EVE,0,1,-1,0.0,3.0,2.25,3.2,3.25
2007,2007-09-23,BLBN,POR,1,0,1,3.0,0.0,1.9,3.3,4.2
2007,2007-09-23,BOLN,TOT,1,1,0,1.0,1.0,2.8,3.25,2.5
2007,2007-09-23,MANU,CHE,1,0,1,3.0,0.0,2.1,3.25,4.0
2007,2007-09-23,NEW,WHU,0,0,0,1.0,1.0,2.0,3.4,3.75
2007,2007-09-22,ARS,DER,2,1,1,3.0,0.0,1.14,7.0,23.0
2007,2007-09-22,FUL,MANC,1,4,-1,0.0,3.0,2.5,3.25,2.8
2007,2007-09-22,LIVP,BIR,4,0,1,3.0,0.0,1.22,5.25,17.0
2007,2007-09-22,MID,SUN,2,0,1,3.0,0.0,2.1,3.2,3.6
2007,2007-09-22,REA,WIG,2,0,1,3.0,0.0,2.1,3.2,3.6
2007,2007-09-17,DER,NEW,0,3,-1,0.0,3.0,4.33,3.25,1.9
2007,2007-09-16,MANC,AVL,1,1,0,1.0,1.0,2.37,3.25,3.0
2007,2007-09-15,BIR,BOLN,3,0,1,3.0,0.0,2.37,3.25,3.0
2007,2007-09-15,CHE,BLBN,0,1,-1,0.0,3.0,1.36,4.33,10.0
2007,2007-09-15,EVE,MANU,2,1,1,3.0,0.0,4.5,3.5,1.8
2007,2007-09-15,POR,LIVP,1,1,0,1.0,1.0,5.0,3.5,1.72
2007,2007-09-15,SUN,REA,1,1,0,1.0,1.0,2.25,3.25,3.2
2007,2007-09-15,TOT,ARS,0,0,0,1.0,1.0,2.8,3.2,2.5
2007,2007-09-15,WHU,MID,2,2,0,1.0,1.0,2.0,3.4,3.75
2007,2007-09-15,WIG,FUL,1,0,1,3.0,0.0,2.1,3.25,3.6
2007,2007-09-02,BLBN,MANC,2,0,1,3.0,0.0,2.2,3.2,3.25
2007,2007-09-02,ARS,POR,1,1,0,1.0,1.0,1.5,3.75,7.0
2007,2007-09-02,AVL,CHE,1,0,1,3.0,0.0,5.5,3.6,1.61
2007,2007-09-01,BOLN,EVE,4,0,1,3.0,0.0,2.4,3.2,2.87
2007,2007-09-01,FUL,TOT,0,1,-1,0.0,3.0,3.1,3.2,2.25
2007,2007-09-01,LIVP,DER,2,2,0,1.0,1.0,1.16,6.0,19.0
2007,2007-09-01,MANU,SUN,1,1,0,1.0,1.0,1.16,6.0,19.0
2007,2007-09-01,MID,BIR,1,0,1,3.0,0.0,2.0,3.2,3.75
2007,2007-09-01,NEW,WIG,1,1,0,1.0,1.0,1.72,3.5,4.75
2007,2007-09-01,REA,WHU,1,1,0,1.0,1.0,2.2,3.2,3.25
2007,2007-08-26,MANU,TOT,6,1,1,3.0,0.0,1.5,4.0,6.0
2007,2007-08-26,MID,NEW,2,4,-1,0.0,3.0,2.6,3.2,2.62
2007,2007-08-25,ARS,MANC,1,1,0,1.0,1.0,1.53,3.8,6.0
2007,2007-08-25,AVL,FUL,2,1,1,3.0,0.0,1.8,3.4,4.5
2007,2007-08-25,BOLN,REA,3,1,1,3.0,0.0,2.25,3.2,3.0
2007,2007-08-25,CHE,POR,4,0,1,3.0,0.0,1.28,5.0,10.0
2007,2007-08-25,DER,BIR,3,0,1,3.0,0.0,2.37,3.25,2.87
2007,2007-08-25,EVE,BLBN,0,0,0,1.0,1.0,2.1,3.2,3.5
2007,2007-08-25,SUN,LIVP,1,0,1,3.0,0.0,6.0,3.6,1.57
2007,2007-08-25,WHU,WIG,0,1,-1,0.0,3.0,1.9,3.25,4.0
2007,2007-08-19,BLBN,ARS,1,1,0,1.0,1.0,3.1,3.2,2.25
2007,2007-08-19,LIVP,CHE,1,2,-1,0.0,3.0,2.62,3.1,3.1
2007,2007-08-19,MANC,MANU,2,1,1,3.0,0.0,4.5,3.25,1.83
2007,2007-08-18,BIR,WHU,3,2,1,3.0,0.0,2.37,3.25,2.87
2007,2007-08-18,FUL,MID,1,0,1,3.0,0.0,2.1,3.25,3.4
2007,2007-08-18,NEW,AVL,0,1,-1,0.0,3.0,1.83,3.3,4.33
2007,2007-08-18,POR,BOLN,4,0,1,3.0,0.0,1.83,3.3,4.33
2007,2007-08-18,REA,EVE,1,0,1,3.0,0.0,2.5,3.25,2.7
2007,2007-08-18,TOT,DER,1,2,-1,0.0,3.0,1.44,4.0,7.5
2007,2007-08-18,WIG,SUN,2,4,-1,0.0,3.0,2.2,3.25,3.2
2007,2007-08-15,BIR,SUN,1,1,0,1.0,1.0,2.3,3.25,3.0
2007,2007-08-15,FUL,BOLN,3,1,1,3.0,0.0,2.2,3.25,3.2
2007,2007-08-15,MANC,DER,4,0,1,3.0,0.0,1.61,3.6,5.5
2007,2007-08-15,POR,MANU,0,0,0,1.0,1.0,5.5,3.6,1.61
2007,2007-08-15,REA,CHE,3,0,1,3.0,0.0,6.5,3.75,1.53
2007,2007-08-15,WIG,MID,3,1,1,3.0,0.0,2.3,3.25,3.0
2007,2007-08-14,TOT,EVE,2,2,0,1.0,1.0,1.8,3.4,4.33
2007,2007-08-12,ARS,FUL,1,0,1,3.0,0.0,1.33,4.5,10.0
2007,2007-08-12,CHE,BIR,2,4,-1,0.0,3.0,1.2,6.0,13.0
2007,2007-08-12,MANU,REA,0,0,0,1.0,1.0,1.22,5.5,13.0
2007,2007-08-11,AVL,LIVP,3,0,1,3.0,0.0,4.0,3.25,1.9
2007,2007-08-11,BOLN,NEW,0,2,-1,0.0,3.0,2.5,3.2,2.75
2007,2007-08-11,DER,POR,2,0,1,3.0,0.0,2.8,3.25,2.4
2007,2007-08-11,EVE,WIG,4,1,1,3.0,0.0,1.66,3.4,5.5
2007,2007-08-11,MID,BLBN,0,1,-1,0.0,3.0,2.37,3.25,2.87
2007,2007-08-11,SUN,TOT,3,1,1,3.0,0.0,3.4,3.25,2.1
2007,2007-08-11,WHU,MANC,2,1,1,3.0,0.0,2.0,3.2,3.75
2006,2007-05-13,BLBN,REA,0,1,-1,0.0,3.0,2.0,3.4,3.5
2006,2007-05-13,BOLN,AVL,0,2,-1,0.0,3.0,1.86,3.4,4.0
2006,2007-05-13,CHE,EVE,0,0,0,1.0,1.0,1.72,3.5,4.75
2006,2007-05-13,LIVP,CHA,0,2,-1,0.0,3.0,1.36,4.5,8.0
2006,2007-05-13,MANU,WHU,1,1,0,1.0,1.0,1.57,3.6,6.0
2006,2007-05-13,MID,FUL,1,1,0,1.0,1.0,1.9,3.25,4.0
2006,2007-05-13,POR,ARS,3,0,1,3.0,0.0,2.7,3.5,2.37
2006,2007-05-13,SHU,WIG,0,2,-1,0.0,3.0,2.3,3.4,2.87
2006,2007-05-13,TOT,MANC,1,1,0,1.0,1.0,1.5,3.75,7.0
2006,2007-05-13,WAT,NEW,0,2,-1,0.0,3.0,2.8,3.3,2.37
2006,2007-05-10,TOT,BLBN,3,1,1,3.0,0.0,1.8,3.4,4.33
2006,2007-05-09,CHE,MANU,0,0,0,1.0,1.0,2.1,3.2,3.2
2006,2007-05-07,CHA,TOT,1,1,0,1.0,1.0,2.87,3.25,2.37
2006,2007-05-06,ARS,CHE,1,1,0,1.0,1.0,2.7,3.25,2.5
2006,2007-05-05,AVL,SHU,0,0,0,1.0,1.0,1.9,3.4,4.0
2006,2007-05-05,EVE,POR,4,0,1,3.0,0.0,1.95,3.3,3.8
2006,2007-05-05,FUL,LIVP,4,1,1,3.0,0.0,3.2,3.25,2.2
2006,2007-05-05,MANC,MANU,0,1,-1,0.0,3.0,6.0,4.0,1.5
2006,2007-05-05,NEW,BLBN,4,2,1,3.0,0.0,2.25,3.3,3.0
2006,2007-05-05,REA,WAT,1,0,1,3.0,0.0,1.4,4.33,7.5
2006,2007-05-05,WHU,BOLN,1,0,1,3.0,0.0,2.15,3.25,3.3
2006,2007-05-05,WIG,MID,1,3,-1,0.0,3.0,2.1,3.25,3.4
2006,2007-04-30,REA,NEW,2,2,0,1.0,1.0,2.0,3.3,3.6
2006,2007-04-29,ARS,FUL,1,0,1,3.0,0.0,1.33,4.5,9.5
2006,2007-04-28,BLBN,CHA,0,2,-1,0.0,3.0,2.1,3.25,3.4
2006,2007-04-28,CHE,BOLN,1,1,0,1.0,1.0,1.28,5.0,10.0
2006,2007-04-28,EVE,MANU,0,1,-1,0.0,3.0,5.0,3.6,1.66
2006,2007-04-28,MANC,AVL,0,0,0,1.0,1.0,2.3,3.25,3.0
2006,2007-04-28,MID,TOT,3,1,1,3.0,0.0,2.7,3.25,2.5
2006,2007-04-28,POR,LIVP,3,2,1,3.0,0.0,3.2,3.25,2.2
2006,2007-04-28,SHU,WAT,2,0,1,3.0,0.0,1.57,3.8,5.5
2006,2007-04-28,WIG,WHU,1,0,1,3.0,0.0,2.1,3.25,3.4
2006,2007-04-22,AVL,POR,3,2,1,3.0,0.0,2.2,2.5,3.2
2006,2007-04-22,NEW,CHE,1,1,0,1.0,1.0,6.0,3.8,1.53
2006,2007-04-21,BOLN,REA,0,0,0,1.0,1.0,1.83,3.3,4.33
2006,2007-04-21,CHA,SHU,1,3,-1,0.0,3.0,2.05,3.25,3.6
2006,2007-04-21,FUL,BLBN,0,3,-1,0.0,3.0,2.25,3.2,3.1
2006,2007-04-21,LIVP,WIG,1,1,0,1.0,1.0,1.36,4.5,8.0
2006,2007-04-21,MANU,MID,0,0,0,1.0,1.0,1.2,6.0,13.0
2006,2007-04-21,TOT,ARS,1,1,0,1.0,1.0,2.7,3.25,2.5
2006,2007-04-21,WAT,MANC,1,0,1,3.0,0.0,2.62,3.25,2.6
2006,2007-04-21,WHU,EVE,0,0,0,1.0,1.0,2.4,3.4,2.75
2006,2007-04-18,BLBN,WAT,2,1,1,3.0,0.0,1.61,3.6,5.5
2006,2007-04-18,LIVP,MID,0,2,-1,0.0,3.0,1.36,4.5,8.0
2006,2007-04-18,WHU,CHE,0,2,-1,0.0,3.0,7.0,4.2,1.44
2006,2007-04-17,ARS,MANC,1,1,0,1.0,1.0,1.4,4.33,7.5
2006,2007-04-17,MANU,SHU,0,1,-1,0.0,3.0,1.14,7.0,17.0
2006,2007-04-15,EVE,CHA,2,0,1,3.0,0.0,1.72,3.5,4.75
2006,2007-04-15,WIG,TOT,0,1,-1,0.0,3.0,3.0,3.3,2.25
2006,2007-04-14,ARS,BOLN,1,1,0,1.0,1.0,1.66,3.6,5.0
2006,2007-04-14,MANC,LIVP,0,0,0,1.0,1.0,4.0,3.5,1.83
2006,2007-04-14,MID,AVL,2,0,1,3.0,0.0,2.1,3.25,3.4
2006,2007-04-14,POR,NEW,0,0,0,1.0,1.0,2.1,3.25,3.4
2006,2007-04-14,REA,FUL,3,0,1,3.0,0.0,1.9,3.25,4.0
2006,2007-04-14,SHU,WHU,1,1,0,1.0,1.0,2.4,3.25,2.8
2006,2007-04-09,AVL,WIG,1,0,1,3.0,0.0,1.9,3.25,4.0
2006,2007-04-09,BOLN,EVE,0,0,0,1.0,1.0,2.1,3.2,3.4
2006,2007-04-09,CHA,REA,3,1,1,3.0,0.0,2.25,3.25,3.1
2006,2007-04-09,FUL,MANC,3,2,1,3.0,0.0,2.2,3.25,3.2
2006,2007-04-09,NEW,ARS,0,1,-1,0.0,3.0,3.2,3.25,2.2
2006,2007-04-09,WAT,POR,1,2,-1,0.0,3.0,3.0,3.25,2.3
2006,2007-04-07,ARS,WHU,4,1,1,3.0,0.0,1.4,4.33,7.5
2006,2007-04-07,BLBN,AVL,2,0,1,3.0,0.0,2.0,3.2,3.75
2006,2007-04-07,CHE,TOT,3,0,1,3.0,0.0,1.44,4.0,7.5
2006,2007-04-07,MID,WAT,1,2,-1,0.0,3.0,1.61,3.6,5.5
2006,2007-04-07,POR,MANU,0,1,-1,0.0,3.0,6.0,4.0,1.5
2006,2007-04-07,REA,LIVP,2,1,1,3.0,0.0,3.8,3.4,1.9
2006,2007-04-07,SHU,NEW,0,0,0,1.0,1.0,2.37,3.25,2.87
2006,2007-04-07,WIG,BOLN,1,1,0,1.0,1.0,2.5,3.25,2.7
2006,2007-04-06,EVE,FUL,4,2,1,3.0,0.0,1.66,3.4,5.5
2006,2007-04-06,MANC,CHA,2,0,1,3.0,0.0,2.1,3.2,3.5
2006,2007-04-02,AVL,EVE,3,0,1,3.0,0.0,2.37,3.2,2.9
2006,2007-04-01,TOT,REA,4,3,1,3.0,0.0,1.72,3.4,5.0
2006,2007-03-31,BOLN,SHU,4,0,1,3.0,0.0,1.61,3.6,5.5
2006,2007-03-31,CHA,WIG,0,1,-1,0.0,3.0,2.1,3.25,3.4
2006,2007-03-31,FUL,POR,1,1,0,1.0,1.0,2.3,3.25,3.0
2006,2007-03-31,LIVP,ARS,1,1,0,1.0,1.0,2.2,3.2,3.25
2006,2007-03-31,MANU,BLBN,1,0,1,3.0,0.0,1.33,4.5,9.5
2006,2007-03-31,NEW,MANC,2,0,1,3.0,0.0,1.9,3.3,4.0
2006,2007-03-31,WAT,CHE,2,2,0,1.0,1.0,9.5,4.5,1.33
2006,2007-03-31,WHU,MID,3,1,1,3.0,0.0,2.2,3.2,3.25
2006,2007-03-18,AVL,LIVP,1,2,-1,0.0,3.0,4.0,3.25,1.9
2006,2007-03-18,CHA,NEW,1,2,-1,0.0,3.0,2.4,3.25,2.8
2006,2007-03-18,EVE,ARS,0,1,-1,0.0,3.0,3.1,3.3,2.2
2006,2007-03-17,BLBN,WHU,0,0,0,1.0,1.0,1.72,3.5,4.75
2006,2007-03-17,CHE,SHU,1,0,1,3.0,0.0,1.16,6.5,15.0
2006,2007-03-17,MANU,BOLN,1,2,-1,0.0,3.0,1.3,5.0,9.0
2006,2007-03-17,MID,MANC,1,1,0,1.0,1.0,1.95,3.3,3.8
2006,2007-03-17,REA,POR,2,1,1,3.0,0.0,2.0,3.3,3.6
2006,2007-03-17,TOT,WAT,4,0,1,3.0,0.0,1.4,4.0,7.0
2006,2007-03-17,WIG,FUL,0,0,0,1.0,1.0,2.1,3.25,3.4
2006,2007-03-14,AVL,ARS,2,0,1,3.0,0.0,3.6,3.3,2.0
2006,2007-03-14,MANC,CHE,1,1,0,1.0,1.0,7.0,3.75,1.5
2006,2007-03-04,BOLN,BLBN,3,2,1,3.0,0.0,2.0,3.2,3.75
2006,2007-03-04,WHU,TOT,0,0,0,1.0,1.0,3.2,3.25,2.2
2006,2007-03-03,ARS,REA,2,2,0,1.0,1.0,1.5,3.75,7.0
2006,2007-03-03,FUL,AVL,0,1,-1,0.0,3.0,2.37,3.2,2.9
2006,2007-03-03,LIVP,MANU,0,0,0,1.0,1.0,2.6,3.1,2.7
2006,2007-03-03,MANC,WIG,1,2,-1,0.0,3.0,2.0,3.2,3.75
2006,2007-03-03,NEW,MID,2,1,1,3.0,0.0,2.0,3.2,3.75
2006,2007-03-03,POR,CHE,2,1,1,3.0,0.0,6.0,3.75,1.5
2006,2007-03-03,SHU,EVE,0,2,-1,0.0,3.0,2.6,3.2,2.62
2006,2007-03-03,WAT,CHA,0,2,-1,0.0,3.0,2.5,3.1,2.8
2006,2007-02-25,BLBN,POR,2,1,1,3.0,0.0,2.3,3.1,3.1
2006,2007-02-25,TOT,BOLN,2,2,0,1.0,1.0,2.1,3.25,3.4
2006,2007-02-25,WIG,NEW,0,1,-1,0.0,3.0,2.5,3.25,2.7
2006,2007-02-24,CHA,WHU,1,1,0,1.0,1.0,2.3,3.25,3.0
2006,2007-02-24,FUL,MANU,2,0,1,3.0,0.0,7.5,4.33,1.4
2006,2007-02-24,LIVP,SHU,0,1,-1,0.0,3.0,1.3,4.75,8.5
2006,2007-02-24,MID,REA,4,1,1,3.0,0.0,2.25,3.2,3.1
2006,2007-02-24,WAT,EVE,1,3,-1,0.0,3.0,3.1,3.2,2.25
2006,2007-02-21,EVE,TOT,3,1,1,3.0,0.0,2.3,3.25,3.0
2006,2007-02-21,WAT,WIG,1,1,0,1.0,1.0,2.4,3.25,2.8
2006,2007-02-11,ARS,WIG,1,2,-1,0.0,3.0,1.25,5.0,13.0
2006,2007-02-11,BOLN,FUL,1,1,0,1.0,1.0,1.66,3.6,5.0
2006,2007-02-10,CHE,MID,3,1,1,3.0,0.0,1.28,5.0,10.0
2006,2007-02-10,EVE,BLBN,0,0,0,1.0,1.0,2.1,3.2,3.5
2006,2007-02-10,MANU,CHA,2,0,1,3.0,0.0,1.14,7.0,19.0
2006,2007-02-10,NEW,LIVP,0,0,0,1.0,1.0,3.8,3.4,1.9
2006,2007-02-10,POR,MANC,2,1,1,3.0,0.0,1.9,3.25,4.0
2006,2007-02-10,REA,AVL,0,1,-1,0.0,3.0,2.1,3.2,3.5
2006,2007-02-10,SHU,TOT,1,1,0,1.0,1.0,2.8,3.25,2.4
2006,2007-02-10,WHU,WAT,3,0,1,3.0,0.0,1.83,3.3,4.33
2006,2007-02-04,TOT,MANU,1,0,1,3.0,0.0,4.75,3.5,1.72
2006,2007-02-03,AVL,WHU,0,1,-1,0.0,3.0,1.83,3.3,4.33
2006,2007-02-03,BLBN,SHU,2,1,1,3.0,0.0,1.72,3.5,4.75
2006,2007-02-03,CHA,CHE,3,2,1,3.0,0.0,8.0,4.5,1.36
2006,2007-02-03,FUL,NEW,0,1,-1,0.0,3.0,2.3,3.25,3.0
2006,2007-02-03,LIVP,EVE,2,1,1,3.0,0.0,1.57,3.6,6.0
2006,2007-02-03,MANC,REA,1,3,-1,0.0,3.0,2.2,3.2,3.25
2006,2007-02-03,MID,ARS,1,2,-1,0.0,3.0,4.33,3.4,1.8
2006,2007-02-03,WAT,BOLN,1,2,-1,0.0,3.0,3.25,3.2,2.2
2006,2007-02-03,WIG,POR,1,0,1,3.0,0.0,2.6,3.1,2.7
2006,2007-01-31,BOLN,CHA,1,1,0,1.0,1.0,1.5,4.0,6.0
2006,2007-01-31,CHE,BLBN,0,1,-1,0.0,3.0,1.28,5.0,10.0
2006,2007-01-31,MANU,WAT,3,2,1,3.0,0.0,1.14,7.0,17.0
2006,2007-01-31,NEW,AVL,1,1,0,1.0,1.0,2.1,3.2,3.5
2006,2007-01-30,POR,MID,3,4,-1,0.0,3.0,1.9,3.3,4.0
2006,2007-01-30,REA,WIG,0,0,0,1.0,1.0,1.8,3.3,4.5
2006,2007-01-30,SHU,FUL,0,1,-1,0.0,3.0,2.4,3.2,2.87
2006,2007-01-30,WHU,LIVP,2,0,1,3.0,0.0,5.0,3.6,1.66
2006,2007-01-23,WAT,BLBN,2,0,1,3.0,0.0,3.4,3.25,2.1
2006,2007-01-21,ARS,MANU,0,1,-1,0.0,3.0,2.5,3.1,2.8
2006,2007-01-21,WIG,EVE,2,0,1,3.0,0.0,2.5,3.2,2.75
2006,2007-01-20,AVL,WAT,1,1,0,1.0,1.0,1.57,3.6,6.0
2006,2007-01-20,FUL,TOT,3,2,1,3.0,0.0,2.87,3.2,2.4
2006,2007-01-20,LIVP,CHE,1,3,-1,0.0,3.0,2.87,3.0,2.5
2006,2007-01-20,MANC,BLBN,2,0,1,3.0,0.0,2.25,3.2,3.1
2006,2007-01-20,MID,BOLN,1,2,-1,0.0,3.0,2.5,3.2,2.75
2006,2007-01-20,NEW,WHU,2,3,-1,0.0,3.0,1.8,3.4,4.33
2006,2007-01-20,POR,CHA,1,2,-1,0.0,3.0,1.57,3.8,5.5
2006,2007-01-20,REA,SHU,2,2,0,1.0,1.0,1.83,3.3,4.33
2006,2007-01-14,EVE,REA,5,0,1,3.0,0.0,2.0,3.2,3.75
2006,2007-01-14,TOT,NEW,2,0,1,3.0,0.0,1.8,3.4,4.5
2006,2007-01-13,BLBN,ARS,3,1,1,3.0,0.0,4.2,3.4,1.83
2006,2007-01-13,BOLN,MANC,0,1,-1,0.0,3.0,1.8,3.25,4.75
2006,2007-01-13,CHA,MID,0,1,-1,0.0,3.0,2.5,3.2,2.75
2006,2007-01-13,CHE,WIG,0,3,-1,0.0,3.0,1.2,6.0,13.0
2006,2007-01-13,MANU,AVL,2,4,-1,0.0,3.0,1.25,5.5,11.0
2006,2007-01-13,SHU,POR,0,1,-1,0.0,3.0,2.6,3.2,2.62
2006,2007-01-13,WAT,LIVP,3,1,1,3.0,0.0,6.5,3.75,1.53
2006,2007-01-13,WHU,FUL,0,2,-1,0.0,3.0,2.1,3.3,3.4
2006,2007-01-02,ARS,CHA,0,0,0,1.0,1.0,1.22,5.5,13.0
2006,2007-01-02,AVL,CHE,2,1,1,3.0,0.0,6.5,3.75,1.53
2006,2007-01-01,FUL,WAT,2,0,1,3.0,0.0,1.66,3.4,5.5
2006,2007-01-01,LIVP,BOLN,0,0,0,1.0,1.0,1.61,3.4,6.0
2006,2007-01-01,MANC,EVE,1,0,1,3.0,0.0,2.37,3.2,2.9
2006,2007-01-01,MID,SHU,2,2,0,1.0,1.0,1.8,3.4,4.5
2006,2007-01-01,NEW,MANU,5,2,1,3.0,0.0,6.5,3.75,1.53
2006,2007-01-01,POR,TOT,0,1,-1,0.0,3.0,2.4,3.2,2.87
2006,2007-01-01,REA,WHU,3,0,1,3.0,0.0,2.1,3.2,3.5
2006,2007-01-01,WIG,BLBN,0,0,0,1.0,1.0,2.37,3.2,2.9
2006,2006-12-30,BLBN,MID,2,3,-1,0.0,3.0,2.0,3.2,3.75
2006,2006-12-30,BOLN,POR,1,1,0,1.0,1.0,2.0,3.2,3.75
2006,2006-12-30,CHA,AVL,2,2,0,1.0,1.0,2.6,3.2,2.62
2006,2006-12-30,CHE,FUL,1,1,0,1.0,1.0,1.14,6.5,21.0
2006,2006-12-30,EVE,NEW,3,3,0,1.0,1.0,2.1,3.25,3.4
2006,2006-12-30,MANU,REA,1,0,1,3.0,0.0,1.2,6.0,13.0
2006,2006-12-30,SHU,ARS,3,3,0,1.0,1.0,6.0,4.0,1.5
2006,2006-12-30,TOT,LIVP,0,0,0,1.0,1.0,2.6,3.2,2.62
2006,2006-12-30,WHU,MANC,0,1,-1,0.0,3.0,2.1,3.2,3.5
2006,2006-12-27,CHA,FUL,1,0,1,3.0,0.0,2.5,3.25,2.7
2006,2006-12-26,BLBN,LIVP,2,0,1,3.0,0.0,4.2,3.4,1.83
2006,2006-12-26,BOLN,NEW,4,1,1,3.0,0.0,1.9,3.3,4.0
2006,2006-12-26,CHE,REA,1,3,-1,0.0,3.0,1.18,6.0,15.0
2006,2006-12-26,EVE,MID,0,0,0,1.0,1.0,1.83,3.25,4.5
2006,2006-12-26,MANU,WIG,1,1,0,1.0,1.0,1.18,6.0,15.0
2006,2006-12-26,SHU,MANC,1,3,-1,0.0,3.0,2.3,3.25,3.0
2006,2006-12-26,TOT,AVL,5,0,1,3.0,0.0,1.8,3.2,4.75
2006,2006-12-26,WAT,ARS,0,1,-1,0.0,3.0,8.0,4.2,1.4
2006,2006-12-26,WHU,POR,4,0,1,3.0,0.0,2.25,3.2,3.1
2006,2006-12-23,ARS,BLBN,1,0,1,3.0,0.0,1.33,4.5,9.5
2006,2006-12-23,AVL,MANU,4,0,1,3.0,0.0,5.5,3.6,1.61
2006,2006-12-23,FUL,WHU,2,0,1,3.0,0.0,2.37,3.25,2.87
2006,2006-12-23,LIVP,WAT,2,1,1,3.0,0.0,1.2,6.0,13.0
2006,2006-12-23,MANC,BOLN,2,0,1,3.0,0.0,2.4,3.25,2.87
2006,2006-12-23,MID,CHA,0,0,0,1.0,1.0,1.72,3.4,5.0
2006,2006-12-23,NEW,TOT,3,1,1,3.0,0.0,2.5,3.2,2.75
2006,2006-12-23,POR,SHU,0,0,0,1.0,1.0,1.66,3.6,5.0
2006,2006-12-23,REA,EVE,1,0,1,3.0,0.0,2.3,3.25,3.0
2006,2006-12-23,WIG,CHE,3,1,1,3.0,0.0,7.5,4.33,1.4
2006,2006-12-18,FUL,MID,2,1,1,3.0,0.0,2.25,3.2,3.1
2006,2006-12-17,EVE,CHE,3,1,1,3.0,0.0,5.5,3.8,1.57
2006,2006-12-17,MANC,TOT,0,0,0,1.0,1.0,2.5,3.2,2.75
2006,2006-12-17,WHU,MANU,1,0,1,3.0,0.0,6.5,4.0,1.44
2006,2006-12-16,ARS,POR,1,3,-1,0.0,3.0,1.4,4.33,7.5
2006,2006-12-16,AVL,BOLN,0,1,-1,0.0,3.0,2.4,3.2,2.87
2006,2006-12-16,CHA,LIVP,0,0,0,1.0,1.0,6.0,3.8,1.53
2006,2006-12-16,NEW,WAT,0,0,0,1.0,1.0,1.72,3.4,5.0
2006,2006-12-16,REA,BLBN,1,3,-1,0.0,3.0,2.1,3.25,3.4
2006,2006-12-16,WIG,SHU,2,0,1,3.0,0.0,1.8,3.4,4.33
2006,2006-12-13,CHE,NEW,0,3,-1,0.0,3.0,1.2,6.0,13.0
2006,2006-12-13,WIG,ARS,0,0,0,1.0,1.0,4.75,3.5,1.72
2006,2006-12-11,SHU,AVL,3,1,1,3.0,0.0,2.62,3.2,2.6
2006,2006-12-10,CHE,ARS,0,1,-1,0.0,3.0,1.72,3.4,5.0
2006,2006-12-09,BLBN,NEW,1,1,0,1.0,1.0,2.15,3.25,3.4
2006,2006-12-09,BOLN,WHU,0,2,-1,0.0,3.0,1.75,3.3,5.0
2006,2006-12-09,LIVP,FUL,2,0,1,3.0,0.0,1.33,4.5,9.5
2006,2006-12-09,MANU,MANC,1,1,0,1.0,1.0,1.36,4.33,9.0
2006,2006-12-09,MID,WIG,3,0,1,3.0,0.0,2.05,3.2,3.6
2006,2006-12-09,POR,EVE,1,2,-1,0.0,3.0,2.2,3.2,3.25
2006,2006-12-09,TOT,CHA,0,0,0,1.0,1.0,1.53,4.0,6.0
2006,2006-12-09,WAT,REA,2,1,1,3.0,0.0,2.6,3.2,2.62
2006,2006-12-06,NEW,REA,1,1,0,1.0,1.0,1.9,3.25,4.0
2006,2006-12-06,WHU,WIG,1,2,-1,0.0,3.0,2.0,3.3,3.6
2006,2006-12-05,CHA,BLBN,2,1,1,3.0,0.0,2.5,3.1,2.8
2006,2006-12-05,TOT,MID,3,0,1,3.0,0.0,1.72,3.4,5.0
2006,2006-12-04,MANC,WAT,1,1,0,1.0,1.0,1.57,3.6,6.0
2006,2006-12-03,EVE,WHU,1,1,0,1.0,1.0,1.9,3.25,4.0
2006,2006-12-02,ARS,TOT,0,1,-1,0.0,3.0,1.66,3.5,5.0
2006,2006-12-02,BLBN,FUL,2,2,0,1.0,1.0,1.9,3.25,4.0
2006,2006-12-02,MID,MANU,0,2,-1,0.0,3.0,6.0,3.6,1.57
2006,2006-12-02,POR,AVL,0,1,-1,0.0,3.0,2.2,3.2,3.25
2006,2006-12-02,REA,BOLN,2,1,1,3.0,0.0,2.4,3.2,2.87
2006,2006-12-02,SHU,CHA,3,1,1,3.0,0.0,2.2,3.1,3.3
2006,2006-12-02,WIG,LIVP,0,1,-1,0.0,3.0,3.75,3.2,2.0
2006,2006-11-29,AVL,MANC,1,1,0,1.0,1.0,1.83,3.3,4.33
2006,2006-11-29,BOLN,CHE,1,0,1,3.0,0.0,5.0,3.6,1.66
2006,2006-11-29,FUL,ARS,1,1,0,1.0,1.0,6.0,3.6,1.57
2006,2006-11-29,LIVP,POR,1,2,-1,0.0,3.0,1.44,4.0,7.5
2006,2006-11-29,MANU,EVE,1,1,0,1.0,1.0,1.33,4.5,9.5
2006,2006-11-28,WAT,SHU,4,0,1,3.0,0.0,2.2,3.1,3.3
2006,2006-11-26,MANU,CHE,1,4,-1,0.0,3.0,2.5,3.1,2.8
2006,2006-11-26,NEW,POR,0,1,-1,0.0,3.0,2.3,3.1,3.1
2006,2006-11-26,TOT,WIG,1,0,1,3.0,0.0,1.8,3.3,4.5
2006,2006-11-25,AVL,MID,2,0,1,3.0,0.0,1.8,3.3,4.5
2006,2006-11-25,BOLN,ARS,3,1,1,3.0,0.0,3.6,3.3,2.0
2006,2006-11-25,CHA,EVE,0,0,0,1.0,1.0,2.7,3.25,2.5
2006,2006-11-25,FUL,REA,3,1,1,3.0,0.0,2.2,3.1,3.3
2006,2006-11-25,LIVP,MANC,0,0,0,1.0,1.0,1.44,3.75,8.5
2006,2006-11-25,WHU,SHU,2,0,1,3.0,0.0,1.8,3.3,4.5
2006,2006-11-19,BLBN,TOT,3,0,1,3.0,0.0,2.4,3.2,2.87
2006,2006-11-19,WIG,AVL,0,1,-1,0.0,3.0,2.37,3.2,2.9
2006,2006-11-18,ARS,NEW,0,2,-1,0.0,3.0,1.25,5.0,13.0
2006,2006-11-18,CHE,WHU,3,1,1,3.0,0.0,1.18,5.75,17.0
2006,2006-11-18,EVE,BOLN,3,2,1,3.0,0.0,2.4,3.2,2.87
2006,2006-11-18,MANC,FUL,0,0,0,1.0,1.0,2.1,3.2,3.5
2006,2006-11-18,MID,LIVP,2,4,-1,0.0,3.0,3.75,3.2,2.0
2006,2006-11-18,POR,WAT,3,1,1,3.0,0.0,1.61,3.6,5.5
2006,2006-11-18,REA,CHA,0,2,-1,0.0,3.0,1.9,3.25,4.0
2006,2006-11-18,SHU,MANU,2,3,-1,0.0,3.0,9.0,4.33,1.36
2006,2006-11-12,ARS,LIVP,2,0,1,3.0,0.0,2.0,3.2,3.75
2006,2006-11-12,REA,TOT,2,1,1,3.0,0.0,3.1,3.2,2.25
2006,2006-11-11,BLBN,MANU,1,1,0,1.0,1.0,5.5,3.6,1.61
2006,2006-11-11,CHE,WAT,3,2,1,3.0,0.0,1.12,7.0,23.0
2006,2006-11-11,EVE,AVL,0,0,0,1.0,1.0,2.0,3.2,3.75
2006,2006-11-11,MANC,NEW,1,1,0,1.0,1.0,2.1,3.2,3.5
2006,2006-11-11,MID,WHU,2,1,1,3.0,0.0,2.2,3.2,3.25
2006,2006-11-11,POR,FUL,1,2,-1,0.0,3.0,1.83,3.3,4.33
2006,2006-11-11,SHU,BOLN,0,1,-1,0.0,3.0,2.9,3.2,2.37
2006,2006-11-11,WIG,CHA,3,0,1,3.0,0.0,1.9,3.25,4.0
2006,2006-11-05,AVL,BLBN,0,1,-1,0.0,3.0,2.0,3.2,3.75
2006,2006-11-05,TOT,CHE,0,1,-1,0.0,3.0,5.0,3.4,1.72
2006,2006-11-05,WHU,ARS,3,0,1,3.0,0.0,5.5,3.6,1.61
2006,2006-11-04,BOLN,WIG,3,0,1,3.0,0.0,1.9,3.25,4.0
2006,2006-11-04,CHA,MANC,1,0,1,3.0,0.0,2.3,3.1,3.1
2006,2006-11-04,FUL,EVE,2,4,-1,0.0,3.0,2.8,3.1,2.5
2006,2006-11-04,LIVP,REA,1,3,-1,0.0,3.0,1.33,4.5,9.5
2006,2006-11-04,MANU,POR,2,3,-1,0.0,3.0,1.3,5.0,9.0
2006,2006-11-04,NEW,SHU,2,1,1,3.0,0.0,1.72,3.4,5.0
2006,2006-11-04,WAT,MID,4,1,1,3.0,0.0,2.6,3.0,2.8
2006,2006-10-30,MANC,MID,3,0,1,3.0,0.0,2.37,3.1,3.0
2006,2006-10-29,WHU,BLBN,0,1,-1,0.0,3.0,2.5,3.2,2.75
2006,2006-10-28,ARS,EVE,0,1,-1,0.0,3.0,1.4,4.0,9.0
2006,2006-10-28,BOLN,MANU,3,1,1,3.0,0.0,4.33,3.3,1.83
2006,2006-10-28,FUL,WIG,4,1,1,3.0,0.0,2.1,3.25,3.4
2006,2006-10-28,LIVP,AVL,1,0,1,3.0,0.0,1.53,3.6,6.5
2006,2006-10-28,NEW,CHA,4,1,1,3.0,0.0,1.8,3.3,4.5
2006,2006-10-28,POR,REA,3,0,1,3.0,0.0,1.8,3.3,4.5
2006,2006-10-28,SHU,CHE,1,2,-1,0.0,3.0,12.0,4.5,1.3
2006,2006-10-28,WAT,TOT,2,1,1,3.0,0.0,3.6,3.3,2.0
2006,2006-10-22,BLBN,BOLN,1,1,0,1.0,1.0,2.37,3.1,2.75
2006,2006-10-22,MANU,LIVP,3,0,1,3.0,0.0,1.9,3.25,4.0
2006,2006-10-22,MID,NEW,0,0,0,1.0,1.0,2.4,3.1,2.87
2006,2006-10-22,REA,ARS,1,2,-1,0.0,3.0,5.5,3.6,1.61
2006,2006-10-22,TOT,WHU,2,4,-1,0.0,3.0,1.8,3.3,4.5
2006,2006-10-21,AVL,FUL,2,1,1,3.0,0.0,1.72,3.4,5.0
2006,2006-10-21,CHA,WAT,2,2,0,1.0,1.0,1.9,3.25,4.0
2006,2006-10-21,CHE,POR,0,1,-1,0.0,3.0,1.28,5.0,10.0
2006,2006-10-21,EVE,SHU,1,3,-1,0.0,3.0,1.57,3.5,6.5
2006,2006-10-21,WIG,MANC,0,0,0,1.0,1.0,2.3,3.1,3.1
2006,2006-10-16,FUL,CHA,2,1,1,3.0,0.0,2.1,3.1,3.6
2006,2006-10-15,NEW,BOLN,1,1,0,1.0,1.0,2.25,3.2,3.1
2006,2006-10-14,ARS,WAT,2,1,1,3.0,0.0,1.16,6.5,15.0
2006,2006-10-14,AVL,TOT,1,0,1,3.0,0.0,2.25,3.1,3.2
2006,2006-10-14,LIVP,BLBN,2,1,1,3.0,0.0,1.44,4.0,7.5
2006,2006-10-14,MANC,SHU,2,1,1,3.0,0.0,1.66,3.6,5.0
2006,2006-10-14,MID,EVE,0,1,-1,0.0,3.0,2.6,3.1,2.7
2006,2006-10-14,POR,WHU,1,0,1,3.0,0.0,2.0,3.2,3.75
2006,2006-10-14,REA,CHE,3,2,1,3.0,0.0,7.5,4.33,1.4
2006,2006-10-14,WIG,MANU,2,1,1,3.0,0.0,6.0,3.8,1.53
2006,2006-10-02,WAT,FUL,2,1,1,3.0,0.0,2.4,3.2,2.87
2006,2006-10-01,BLBN,WIG,1,1,0,1.0,1.0,1.9,3.25,4.0
2006,2006-10-01,MANU,NEW,2,1,1,3.0,0.0,1.3,4.33,13.0
2006,2006-10-01,TOT,POR,3,1,1,3.0,0.0,1.8,3.25,4.5
2006,2006-10-01,WHU,REA,1,1,0,1.0,1.0,1.9,3.25,4.0
2006,2006-09-30,BOLN,LIVP,2,0,1,3.0,0.0,3.75,3.2,2.0
2006,2006-09-30,CHA,ARS,1,1,0,1.0,1.0,6.5,3.6,1.53
2006,2006-09-30,CHE,AVL,1,0,1,3.0,0.0,1.3,5.0,8.5
2006,2006-09-30,EVE,MANC,2,2,0,1.0,1.0,1.83,3.3,4.33
2006,2006-09-30,SHU,MID,1,1,0,1.0,1.0,2.6,3.25,2.6
2006,2006-09-25,POR,BOLN,0,1,-1,0.0,3.0,1.9,3.25,4.0
2006,2006-09-24,NEW,EVE,1,4,-1,0.0,3.0,2.2,3.2,3.25
2006,2006-09-23,ARS,SHU,0,3,-1,0.0,3.0,1.2,5.5,17.0
2006,2006-09-23,AVL,CHA,1,1,0,1.0,1.0,1.8,3.4,4.33
2006,2006-09-23,FUL,CHE,1,0,1,3.0,0.0,7.5,4.33,1.4
2006,2006-09-23,LIVP,TOT,0,1,-1,0.0,3.0,1.61,3.75,5.25
2006,2006-09-23,MANC,WHU,2,1,1,3.0,0.0,2.25,3.2,3.1
2006,2006-09-23,MID,BLBN,6,0,1,3.0,0.0,2.1,3.1,3.5
2006,2006-09-23,REA,MANU,2,0,1,3.0,0.0,7.0,3.75,1.5
2006,2006-09-23,WIG,WAT,1,0,1,3.0,0.0,1.83,3.3,4.33
2006,2006-09-20,LIVP,NEW,3,1,1,3.0,0.0,1.53,3.6,6.5
2006,2006-09-17,BLBN,MANC,1,0,1,3.0,0.0,2.0,3.2,3.75
2006,2006-09-17,CHE,LIVP,1,0,1,3.0,0.0,1.83,3.25,4.5
2006,2006-09-17,MANU,ARS,2,1,1,3.0,0.0,1.9,3.25,4.0
2006,2006-09-17,TOT,FUL,0,0,0,1.0,1.0,1.61,3.4,6.0
2006,2006-09-17,WHU,NEW,1,1,0,1.0,1.0,2.1,3.2,3.5
2006,2006-09-16,BOLN,MID,0,0,0,1.0,1.0,2.0,3.2,3.75
2006,2006-09-16,CHA,POR,0,0,0,1.0,1.0,2.3,3.25,3.0
2006,2006-09-16,EVE,WIG,2,1,1,3.0,0.0,1.72,3.4,5.0
2006,2006-09-16,SHU,REA,1,1,0,1.0,1.0,2.5,3.1,2.8
2006,2006-09-16,WAT,AVL,2,1,1,3.0,0.0,2.75,3.2,2.5
2006,2006-09-11,REA,MANC,4,1,1,3.0,0.0,2.3,3.1,3.1
2006,2006-09-10,WHU,AVL,2,1,1,3.0,0.0,2.1,3.2,3.5
2006,2006-09-09,ARS,MID,1,0,1,3.0,0.0,1.33,4.33,10.0
2006,2006-09-09,BOLN,WAT,0,2,-1,0.0,3.0,1.66,3.4,5.5
2006,2006-09-09,CHE,CHA,3,3,0,1.0,1.0,1.2,5.5,17.0
2006,2006-09-09,EVE,LIVP,1,3,-1,0.0,3.0,3.75,3.2,2.0
2006,2006-09-09,MANU,TOT,2,1,1,3.0,0.0,1.5,3.75,7.0
2006,2006-09-09,NEW,FUL,3,3,0,1.0,1.0,1.72,3.4,5.0
2006,2006-09-09,POR,WIG,1,2,-1,0.0,3.0,1.83,3.25,4.5
2006,2006-09-09,SHU,BLBN,2,1,1,3.0,0.0,2.62,3.2,2.62
2006,2006-08-28,MID,POR,1,0,1,3.0,0.0,2.0,3.2,3.75
2006,2006-08-27,AVL,NEW,6,0,1,3.0,0.0,2.37,3.1,3.0
2006,2006-08-27,BLBN,CHE,0,1,-1,0.0,3.0,6.5,3.6,1.53
2006,2006-08-26,CHA,BOLN,1,0,1,3.0,0.0,2.5,3.1,2.8
2006,2006-08-26,FUL,SHU,0,2,-1,0.0,3.0,1.9,3.25,4.0
2006,2006-08-26,LIVP,WHU,1,3,-1,0.0,3.0,1.44,4.0,7.5
2006,2006-08-26,MANC,ARS,3,1,1,3.0,0.0,5.5,3.6,1.61
2006,2006-08-26,TOT,EVE,1,0,1,3.0,0.0,1.72,3.4,5.0
2006,2006-08-26,WAT,MANU,5,1,1,3.0,0.0,7.5,4.33,1.4
2006,2006-08-26,WIG,REA,3,4,-1,0.0,3.0,1.9,3.25,4.0
2006,2006-08-23,AVL,REA,0,3,-1,0.0,3.0,1.9,3.25,4.0
2006,2006-08-23,BLBN,EVE,2,1,1,3.0,0.0,2.3,3.1,3.1
2006,2006-08-23,CHA,MANU,4,1,1,3.0,0.0,7.5,3.6,1.5
2006,2006-08-23,FUL,BOLN,1,0,1,3.0,0.0,2.4,3.2,2.87
2006,2006-08-23,MANC,POR,2,2,0,1.0,1.0,2.2,3.1,3.1
2006,2006-08-23,MID,CHE,0,1,-1,0.0,3.0,8.5,3.75,1.44
2006,2006-08-22,TOT,SHU,0,1,-1,0.0,3.0,1.5,3.75,7.0
2006,2006-08-22,WAT,WHU,2,2,0,1.0,1.0,2.87,3.2,2.4
2006,2006-08-20,CHE,MANC,0,0,0,1.0,1.0,1.22,5.5,13.0
2006,2006-08-20,MANU,FUL,0,3,-1,0.0,3.0,1.22,5.5,13.0
2006,2006-08-19,ARS,AVL,1,0,1,3.0,0.0,1.28,4.5,13.0
2006,2006-08-19,BOLN,TOT,0,0,0,1.0,1.0,2.62,3.2,2.6
2006,2006-08-19,EVE,WAT,2,1,1,3.0,0.0,1.66,3.4,5.5
2006,2006-08-19,NEW,WIG,2,0,1,3.0,0.0,1.72,3.5,4.75
2006,2006-08-19,POR,BLBN,1,1,0,1.0,1.0,2.3,3.1,3.1
2006,2006-08-19,REA,MID,0,0,0,1.0,1.0,2.5,3.1,2.8
2006,2006-08-19,SHU,LIVP,0,1,-1,0.0,3.0,6.0,3.8,1.53
2006,2006-08-19,WHU,CHA,2,1,1,3.0,0.0,2.0,3.2,3.75
2005,2006-05-07,ARS,WIG,1,0,1,3.0,0.0,1.2,6.0,13.0
2005,2006-05-07,AVL,SUN,2,2,0,1.0,1.0,1.53,3.8,6.0
2005,2006-05-07,BLBN,MANC,0,2,-1,0.0,3.0,1.66,3.4,5.5
2005,2006-05-07,BOLN,BIR,1,1,0,1.0,1.0,1.61,3.6,5.5
2005,2006-05-07,EVE,WBA,1,2,-1,0.0,3.0,1.66,3.4,5.5
2005,2006-05-07,FUL,MID,0,0,0,1.0,1.0,1.66,3.4,5.5
2005,2006-05-07,MANU,CHA,4,3,1,3.0,0.0,1.2,6.0,13.0
2005,2006-05-07,NEW,CHE,2,0,1,3.0,0.0,3.0,3.25,2.3
2005,2006-05-07,POR,LIVP,2,1,1,3.0,0.0,5.0,3.8,1.61
2005,2006-05-07,WHU,TOT,0,0,0,1.0,1.0,4.5,3.6,1.72
2005,2006-05-04,MANC,ARS,3,0,1,3.0,0.0,5.5,3.6,1.61
2005,2006-05-04,SUN,FUL,1,0,1,3.0,0.0,3.2,3.25,2.2
2005,2006-05-03,BOLN,MID,1,2,-1,0.0,3.0,1.57,3.8,5.5
2005,2006-05-02,BLBN,CHE,1,2,-1,0.0,3.0,3.0,3.4,2.2
2005,2006-05-01,MANU,MID,0,0,0,1.0,1.0,1.25,5.5,10.0
2005,2006-05-01,SUN,ARS,0,1,-1,0.0,3.0,10.0,5.0,1.28
2005,2006-05-01,WBA,WHU,4,2,1,3.0,0.0,2.3,3.25,3.0
2005,2006-04-30,TOT,BOLN,0,3,-1,0.0,3.0,1.61,3.6,5.5
2005,2006-04-29,BIR,NEW,2,1,1,3.0,0.0,2.5,3.2,2.75
2005,2006-04-29,CHA,BLBN,3,2,1,3.0,0.0,2.75,3.2,2.5
2005,2006-04-29,CHE,MANU,2,0,1,3.0,0.0,2.1,3.1,3.6
2005,2006-04-29,LIVP,AVL,0,2,-1,0.0,3.0,1.36,4.33,9.0
2005,2006-04-29,MANC,FUL,2,2,0,1.0,1.0,1.9,3.25,4.0
2005,2006-04-29,MID,EVE,2,3,-1,0.0,3.0,2.5,3.2,2.75
2005,2006-04-29,WIG,POR,1,0,1,3.0,0.0,2.4,3.25,2.8
2005,2006-04-26,WHU,LIVP,0,0,0,1.0,1.0,4.75,3.5,1.72
2005,2006-04-25,AVL,MANC,1,1,0,1.0,1.0,2.1,3.25,3.4
2005,2006-04-24,FUL,WIG,0,1,-1,0.0,3.0,2.0,3.2,3.75
2005,2006-04-22,ARS,TOT,1,1,0,1.0,1.0,1.66,3.4,5.5
2005,2006-04-22,BOLN,CHA,1,0,1,3.0,0.0,1.83,3.3,4.33
2005,2006-04-22,EVE,BIR,2,1,1,3.0,0.0,2.1,3.25,3.4
2005,2006-04-22,NEW,WBA,1,1,0,1.0,1.0,1.8,3.3,4.5
2005,2006-04-22,POR,SUN,0,2,-1,0.0,3.0,1.36,4.33,9.0
2005,2006-04-19,BIR,BLBN,4,0,1,3.0,0.0,2.5,3.25,2.5
2005,2006-04-18,WIG,AVL,1,2,-1,0.0,3.0,1.9,3.25,3.6
2005,2006-04-17,CHA,POR,2,0,1,3.0,0.0,2.25,3.25,2.8
2005,2006-04-17,CHE,EVE,2,3,-1,0.0,3.0,1.2,5.5,11.0
2005,2006-04-17,MID,WHU,0,1,-1,0.0,3.0,2.5,3.25,2.5
2005,2006-04-17,SUN,NEW,2,0,1,3.0,0.0,4.0,3.2,1.83
2005,2006-04-17,TOT,MANU,4,3,1,3.0,0.0,3.2,3.2,2.1
2005,2006-04-17,WBA,BOLN,2,1,1,3.0,0.0,2.5,3.25,2.5
2005,2006-04-16,AVL,BIR,2,1,1,3.0,0.0,2.4,3.0,3.0
2005,2006-04-16,BLBN,LIVP,0,0,0,1.0,1.0,3.25,3.2,2.2
2005,2006-04-15,ARS,WBA,0,0,0,1.0,1.0,1.22,5.5,13.0
2005,2006-04-15,BOLN,CHE,2,2,0,1.0,1.0,5.5,3.6,1.61
2005,2006-04-15,EVE,TOT,1,1,0,1.0,1.0,2.5,3.25,2.7
2005,2006-04-15,FUL,CHA,2,1,1,3.0,0.0,2.0,3.25,3.75
2005,2006-04-15,NEW,WIG,2,0,1,3.0,0.0,1.83,3.3,4.33
2005,2006-04-15,POR,MID,0,0,0,1.0,1.0,1.72,3.6,4.5
2005,2006-04-15,WHU,MANC,4,3,1,3.0,0.0,2.1,3.2,3.5
2005,2006-04-14,MANU,SUN,2,1,1,3.0,0.0,1.1,8.0,26.0
2005,2006-04-12,POR,ARS,2,1,1,3.0,0.0,5.0,3.6,1.66
2005,2006-04-09,AVL,WBA,1,0,1,3.0,0.0,1.9,3.25,4.0
2005,2006-04-09,CHE,WHU,0,3,-1,0.0,3.0,1.25,5.5,13.0
2005,2006-04-09,LIVP,BOLN,2,1,1,3.0,0.0,1.44,4.2,7.0
2005,2006-04-09,MANU,ARS,3,1,1,3.0,0.0,2.1,3.2,3.5
2005,2006-04-09,MID,NEW,2,2,0,1.0,1.0,2.4,3.2,2.87
2005,2006-04-08,CHA,EVE,0,0,0,1.0,1.0,2.3,3.1,3.1
2005,2006-04-08,POR,BLBN,1,0,1,3.0,0.0,2.5,3.2,2.75
2005,2006-04-08,TOT,MANC,2,2,0,1.0,1.0,1.61,3.6,5.5
2005,2006-04-08,WIG,BIR,3,0,1,3.0,0.0,1.9,3.4,3.8
2005,2006-04-04,BIR,BOLN,0,3,-1,0.0,3.0,2.75,3.2,2.5
2005,2006-04-03,BLBN,WIG,3,0,1,3.0,0.0,1.8,3.3,4.5
2005,2006-04-02,MANC,MID,3,2,1,3.0,0.0,2.0,3.25,3.75
2005,2006-04-02,WHU,CHA,1,0,1,3.0,0.0,2.1,3.2,3.5
2005,2006-04-01,ARS,AVL,4,2,1,3.0,0.0,1.28,5.0,10.0
2005,2006-04-01,BIR,CHE,2,3,-1,0.0,3.0,9.0,5.0,1.3
2005,2006-04-01,BOLN,MANU,3,0,1,3.0,0.0,4.0,3.25,1.9
2005,2006-04-01,EVE,SUN,1,2,-1,0.0,3.0,1.36,4.33,9.0
2005,2006-04-01,FUL,POR,0,0,0,1.0,1.0,1.9,3.3,4.0
2005,2006-04-01,NEW,TOT,3,2,1,3.0,0.0,2.62,3.2,2.6
2005,2006-04-01,WBA,LIVP,0,0,0,1.0,1.0,6.0,3.8,1.53
2005,2006-03-29,MANU,WHU,3,0,1,3.0,0.0,1.28,5.5,8.5
2005,2006-03-27,TOT,WBA,0,3,-1,0.0,3.0,1.44,4.0,7.5
2005,2006-03-26,CHA,NEW,2,1,1,3.0,0.0,2.3,3.25,3.0
2005,2006-03-26,MANU,BIR,2,1,1,3.0,0.0,1.18,6.0,17.0
2005,2006-03-26,MID,BOLN,1,4,-1,0.0,3.0,2.6,3.2,2.62
2005,2006-03-25,AVL,FUL,1,1,0,1.0,1.0,2.0,3.2,3.75
2005,2006-03-25,CHE,MANC,1,1,0,1.0,1.0,1.25,5.0,13.0
2005,2006-03-25,LIVP,EVE,1,1,0,1.0,1.0,1.57,3.6,6.0
2005,2006-03-25,SUN,BLBN,2,2,0,1.0,1.0,5.0,3.6,1.66
2005,2006-03-25,WIG,WHU,2,0,1,3.0,0.0,2.0,3.2,3.75
2005,2006-03-19,FUL,CHE,1,0,1,3.0,0.0,8.0,4.2,1.4
2005,2006-03-19,NEW,LIVP,2,2,0,1.0,1.0,2.87,3.25,2.37
2005,2006-03-18,ARS,CHA,2,0,1,3.0,0.0,1.3,4.5,9.5
2005,2006-03-18,BIR,TOT,2,0,1,3.0,0.0,3.25,3.2,2.2
2005,2006-03-18,BLBN,MID,0,0,0,1.0,1.0,1.83,3.25,4.5
2005,2006-03-18,BOLN,SUN,1,1,0,1.0,1.0,1.33,4.5,9.5
2005,2006-03-18,EVE,AVL,1,1,0,1.0,1.0,1.8,3.3,4.5
2005,2006-03-18,MANC,WIG,0,1,-1,0.0,3.0,2.1,3.2,3.5
2005,2006-03-18,WBA,MANU,1,0,1,3.0,0.0,6.0,4.0,1.5
2005,2006-03-18,WHU,POR,1,0,1,3.0,0.0,2.0,3.2,3.75
2005,2006-03-15,LIVP,FUL,1,2,-1,0.0,3.0,1.36,4.33,9.0
2005,2006-03-12,ARS,LIVP,1,2,-1,0.0,3.0,2.25,3.2,3.1
2005,2006-03-12,CHA,MID,0,2,-1,0.0,3.0,2.2,3.2,3.2
2005,2006-03-12,MANU,NEW,0,3,-1,0.0,3.0,1.4,4.33,7.5
2005,2006-03-11,BIR,WBA,0,5,-1,0.0,3.0,2.0,3.2,3.75
2005,2006-03-11,BLBN,AVL,0,2,-1,0.0,3.0,1.83,3.25,4.5
2005,2006-03-11,BOLN,WHU,1,0,1,3.0,0.0,2.0,3.25,3.75
2005,2006-03-11,CHE,TOT,0,0,0,1.0,1.0,1.44,4.0,7.5
2005,2006-03-11,EVE,FUL,1,1,0,1.0,1.0,1.83,3.25,4.5
2005,2006-03-11,POR,MANC,1,1,0,1.0,1.0,2.8,3.25,2.4
2005,2006-03-11,SUN,WIG,0,1,-1,0.0,3.0,3.0,3.25,2.3
2005,2006-03-06,WIG,MANU,2,0,1,3.0,0.0,5.0,3.6,1.66
2005,2006-03-05,MANC,SUN,2,0,1,3.0,0.0,1.4,4.33,7.5
2005,2006-03-05,TOT,BLBN,1,2,-1,0.0,3.0,1.9,3.3,4.0
2005,2006-03-04,AVL,POR,2,1,1,3.0,0.0,1.72,3.6,4.5
2005,2006-03-04,FUL,ARS,1,1,0,1.0,1.0,3.2,3.25,2.2
2005,2006-03-04,LIVP,CHA,1,3,-1,0.0,3.0,1.5,3.75,7.0
2005,2006-03-04,MID,BIR,3,0,1,3.0,0.0,1.9,3.3,4.0
2005,2006-03-04,NEW,BOLN,1,1,0,1.0,1.0,2.3,3.25,3.0
2005,2006-03-04,WBA,CHE,2,0,1,3.0,0.0,8.5,4.1,1.4
2005,2006-03-04,WHU,EVE,3,1,1,3.0,0.0,2.1,3.25,3.4
2005,2006-02-26,BOLN,FUL,0,0,0,1.0,1.0,1.8,3.3,4.5
2005,2006-02-26,LIVP,MANC,2,2,0,1.0,1.0,1.53,3.8,6.0
2005,2006-02-26,WBA,MID,1,0,1,3.0,0.0,2.4,3.25,2.8
2005,2006-02-25,BIR,SUN,0,0,0,1.0,1.0,1.66,3.4,5.5
2005,2006-02-25,BLBN,ARS,2,0,1,3.0,0.0,3.1,3.25,2.25
2005,2006-02-25,CHA,AVL,2,0,1,3.0,0.0,2.1,3.25,3.4
2005,2006-02-25,CHE,POR,2,3,-1,0.0,3.0,1.14,7.0,17.0
2005,2006-02-25,NEW,EVE,0,3,-1,0.0,3.0,2.1,3.2,3.5
2005,2006-02-22,NEW,CHA,2,2,0,1.0,1.0,1.9,3.25,4.0
2005,2006-02-19,TOT,WIG,1,2,-1,0.0,3.0,1.66,3.6,5.0
2005,2006-02-15,BLBN,SUN,1,0,1,3.0,0.0,1.5,3.75,7.0
2005,2006-02-14,LIVP,ARS,6,3,1,3.0,0.0,2.1,3.1,3.6
2005,2006-02-13,WHU,BIR,0,1,-1,0.0,3.0,1.9,3.25,4.0
2005,2006-02-12,MANC,CHA,5,1,1,3.0,0.0,1.9,3.25,4.0
2005,2006-02-12,SUN,TOT,1,0,1,3.0,0.0,6.0,3.6,1.57
2005,2006-02-11,ARS,BOLN,1,1,0,1.0,1.0,1.5,4.0,6.0
2005,2006-02-11,AVL,NEW,2,1,1,3.0,0.0,2.2,3.2,3.25
2005,2006-02-11,EVE,BLBN,2,0,1,3.0,0.0,2.25,3.2,3.1
2005,2006-02-11,FUL,WBA,2,0,1,3.0,0.0,1.83,3.3,4.33
2005,2006-02-11,MID,CHE,2,2,0,1.0,1.0,7.5,4.33,1.4
2005,2006-02-11,POR,MANU,2,0,1,3.0,0.0,6.0,3.8,1.53
2005,2006-02-11,WIG,LIVP,3,0,1,3.0,0.0,3.75,3.2,2.0
2005,2006-02-08,CHA,LIVP,0,2,-1,0.0,3.0,4.5,3.3,1.8
2005,2006-02-05,CHE,LIVP,0,1,-1,0.0,3.0,1.9,3.0,4.5
2005,2006-02-05,TOT,CHA,4,0,1,3.0,0.0,1.8,3.2,4.75
2005,2006-02-04,BIR,ARS,2,1,1,3.0,0.0,3.5,3.2,2.1
2005,2006-02-04,BOLN,WIG,1,1,0,1.0,1.0,1.9,3.25,4.0
2005,2006-02-04,EVE,MANC,1,2,-1,0.0,3.0,2.2,3.2,3.25
2005,2006-02-04,MANU,FUL,2,0,1,3.0,0.0,1.3,4.5,12.0
2005,2006-02-04,MID,AVL,2,1,1,3.0,0.0,2.25,3.2,3.1
2005,2006-02-04,NEW,POR,2,0,1,3.0,0.0,1.8,3.3,4.5
2005,2006-02-04,WBA,BLBN,1,0,1,3.0,0.0,2.9,3.2,2.37
2005,2006-02-04,WHU,SUN,2,0,1,3.0,0.0,1.5,3.75,7.0
2005,2006-02-01,ARS,WHU,1,4,-1,0.0,3.0,1.4,4.33,7.5
2005,2006-02-01,AVL,CHE,0,1,-1,0.0,3.0,7.5,4.0,1.44
2005,2006-02-01,BLBN,MANU,0,1,-1,0.0,3.0,4.0,3.25,1.9
2005,2006-02-01,LIVP,BIR,0,3,-1,0.0,3.0,1.3,4.5,12.0
2005,2006-02-01,MANC,NEW,1,3,-1,0.0,3.0,2.1,3.25,3.4
2005,2006-02-01,POR,BOLN,0,2,-1,0.0,3.0,2.8,3.25,2.4
2005,2006-01-31,CHA,WBA,1,0,1,3.0,0.0,1.83,3.3,4.33
2005,2006-01-31,FUL,TOT,3,0,1,3.0,0.0,2.75,3.2,2.5
2005,2006-01-31,SUN,MID,2,2,0,1.0,1.0,2.75,3.2,2.5
2005,2006-01-31,WIG,EVE,1,0,1,3.0,0.0,2.25,3.1,3.2
2005,2006-01-23,WHU,FUL,3,1,1,3.0,0.0,2.1,3.2,3.5
2005,2006-01-22,CHE,CHA,3,2,1,3.0,0.0,1.16,6.5,15.0
2005,2006-01-22,MANU,LIVP,2,1,1,3.0,0.0,2.3,3.1,3.1
2005,2006-01-21,BIR,POR,0,2,-1,0.0,3.0,2.1,3.2,3.5
2005,2006-01-21,BOLN,MANC,3,2,1,3.0,0.0,2.25,3.2,3.1
2005,2006-01-21,EVE,ARS,3,0,1,3.0,0.0,5.5,3.5,1.66
2005,2006-01-21,MID,WIG,1,0,1,3.0,0.0,2.2,3.2,3.25
2005,2006-01-21,NEW,BLBN,2,1,1,3.0,0.0,2.3,3.25,3.0
2005,2006-01-21,TOT,AVL,0,1,-1,0.0,3.0,1.61,3.4,6.0
2005,2006-01-21,WBA,SUN,1,1,0,1.0,1.0,1.72,3.4,5.0
2005,2006-01-15,SUN,CHE,1,0,1,3.0,0.0,17.0,5.5,1.2
2005,2006-01-15,WIG,WBA,1,0,1,3.0,0.0,1.83,3.3,4.33
2005,2006-01-14,ARS,MID,1,0,1,3.0,0.0,1.33,4.33,8.0
2005,2006-01-14,AVL,WHU,4,0,1,3.0,0.0,2.0,3.2,3.75
2005,2006-01-14,BLBN,BOLN,1,2,-1,0.0,3.0,2.1,3.25,3.4
2005,2006-01-14,CHA,BIR,1,1,0,1.0,1.0,2.0,3.2,3.75
2005,2006-01-14,FUL,NEW,2,0,1,3.0,0.0,2.37,3.25,2.87
2005,2006-01-14,LIVP,TOT,4,1,1,3.0,0.0,1.66,3.4,5.5
2005,2006-01-14,MANC,MANU,2,3,-1,0.0,3.0,4.5,3.3,1.8
2005,2006-01-14,POR,EVE,3,0,1,3.0,0.0,2.2,3.25,3.2
2005,2006-01-04,MANC,TOT,1,1,0,1.0,1.0,2.5,3.1,2.8
2005,2006-01-03,ARS,MANU,1,2,-1,0.0,3.0,2.62,3.1,2.75
2005,2006-01-02,BIR,WIG,1,1,0,1.0,1.0,2.4,3.2,2.87
2005,2006-01-02,BLBN,POR,2,0,1,3.0,0.0,1.66,3.4,5.5
2005,2006-01-02,BOLN,LIVP,2,0,1,3.0,0.0,3.75,3.2,2.0
2005,2006-01-02,EVE,CHA,2,0,1,3.0,0.0,2.3,3.25,3.0
2005,2006-01-02,FUL,SUN,2,0,1,3.0,0.0,1.57,3.5,6.5
2005,2006-01-02,NEW,MID,2,1,1,3.0,0.0,2.1,3.1,3.6
2005,2006-01-02,WBA,AVL,1,1,0,1.0,1.0,2.5,3.2,2.75
2005,2006-01-02,WHU,CHE,3,0,1,3.0,0.0,9.0,4.0,1.4
2005,2005-12-31,AVL,ARS,2,1,1,3.0,0.0,5.5,3.6,1.61
2005,2005-12-31,CHA,WHU,2,2,0,1.0,1.0,2.2,3.25,3.2
2005,2005-12-31,CHE,BIR,2,0,1,3.0,0.0,1.14,7.0,17.0
2005,2005-12-31,LIVP,WBA,1,1,0,1.0,1.0,1.22,5.5,13.0
2005,2005-12-31,MANU,BOLN,0,1,-1,0.0,3.0,1.4,4.33,7.5
2005,2005-12-31,MID,MANC,2,2,0,1.0,1.0,2.25,3.25,3.1
2005,2005-12-31,POR,FUL,0,1,-1,0.0,3.0,2.4,3.2,2.87
2005,2005-12-31,SUN,EVE,1,0,1,3.0,0.0,2.6,3.25,2.6
2005,2005-12-31,TOT,NEW,1,1,0,1.0,1.0,2.0,3.2,3.75
2005,2005-12-31,WIG,BLBN,1,2,-1,0.0,3.0,2.2,3.2,3.25
2005,2005-12-28,ARS,POR,0,1,-1,0.0,3.0,1.22,5.5,13.0
2005,2005-12-28,BIR,MANU,1,0,1,3.0,0.0,7.5,4.33,1.4
2005,2005-12-28,EVE,LIVP,1,2,-1,0.0,3.0,5.0,3.4,1.72
2005,2005-12-28,FUL,AVL,1,1,0,1.0,1.0,2.1,3.25,3.4
2005,2005-12-28,MANC,CHE,1,0,1,3.0,0.0,6.0,3.6,1.57
2005,2005-12-28,WBA,TOT,0,1,-1,0.0,3.0,3.4,3.25,2.1
2005,2005-12-28,WHU,WIG,2,2,0,1.0,1.0,2.1,3.25,3.4
2005,2005-12-26,AVL,EVE,0,1,-1,0.0,3.0,2.1,3.2,3.5
2005,2005-12-26,CHA,ARS,1,2,-1,0.0,3.0,5.0,3.4,1.72
2005,2005-12-26,CHE,FUL,0,0,0,1.0,1.0,1.2,5.5,17.0
2005,2005-12-26,LIVP,NEW,4,0,1,3.0,0.0,1.66,3.4,5.5
2005,2005-12-26,MANU,WBA,5,1,1,3.0,0.0,1.22,5.5,13.0
2005,2005-12-26,MID,BLBN,1,0,1,3.0,0.0,2.0,3.2,3.75
2005,2005-12-26,POR,WHU,3,0,1,3.0,0.0,2.37,3.2,2.9
2005,2005-12-26,SUN,BOLN,1,0,1,3.0,0.0,4.0,3.25,1.9
2005,2005-12-26,TOT,BIR,0,2,-1,0.0,3.0,1.5,3.75,7.0
2005,2005-12-26,WIG,MANC,0,1,-1,0.0,3.0,2.4,3.2,2.87
2005,2005-12-18,ARS,CHE,2,1,1,3.0,0.0,2.87,3.1,2.5
2005,2005-12-18,MID,TOT,2,0,1,3.0,0.0,2.5,3.2,2.75
2005,2005-12-17,AVL,MANU,3,0,1,3.0,0.0,5.5,3.4,1.66
2005,2005-12-17,EVE,BOLN,2,2,0,1.0,1.0,2.37,3.25,2.87
2005,2005-12-17,FUL,BLBN,2,0,1,3.0,0.0,2.3,3.25,3.0
2005,2005-12-17,MANC,BIR,1,2,-1,0.0,3.0,1.8,3.2,5.0
2005,2005-12-17,POR,WBA,3,1,1,3.0,0.0,2.2,3.2,3.25
2005,2005-12-17,WHU,NEW,0,1,-1,0.0,3.0,2.5,3.2,2.75
2005,2005-12-17,WIG,CHA,4,0,1,3.0,0.0,2.3,3.25,3.0
2005,2005-12-14,EVE,WHU,2,1,1,3.0,0.0,2.1,3.2,3.5
2005,2005-12-14,MANU,WIG,2,0,1,3.0,0.0,1.3,4.5,11.0
2005,2005-12-12,TOT,POR,0,0,0,1.0,1.0,1.44,4.0,7.5
2005,2005-12-11,MANU,EVE,3,1,1,3.0,0.0,1.3,4.5,12.0
2005,2005-12-10,BIR,FUL,2,5,-1,0.0,3.0,2.3,3.25,3.0
2005,2005-12-10,BLBN,WHU,1,2,-1,0.0,3.0,2.0,3.2,3.75
2005,2005-12-10,BOLN,AVL,0,0,0,1.0,1.0,1.83,3.3,4.33
2005,2005-12-10,CHA,SUN,1,3,-1,0.0,3.0,1.66,3.4,5.5
2005,2005-12-10,CHE,WIG,2,0,1,3.0,0.0,1.2,5.5,17.0
2005,2005-12-10,LIVP,MID,4,2,1,3.0,0.0,1.57,3.6,6.0
2005,2005-12-10,NEW,ARS,2,1,1,3.0,0.0,4.0,3.25,1.9
2005,2005-12-10,WBA,MANC,1,0,1,3.0,0.0,2.8,3.25,2.4
2005,2005-12-05,BIR,WHU,2,0,1,3.0,0.0,2.3,3.25,3.0
2005,2005-12-04,CHA,MANC,2,1,1,3.0,0.0,2.4,3.2,2.87
2005,2005-12-03,BLBN,EVE,2,2,0,1.0,1.0,2.0,3.2,3.75
2005,2005-12-03,BOLN,ARS,1,1,0,1.0,1.0,4.33,3.3,1.83
2005,2005-12-03,CHE,MID,0,0,0,1.0,1.0,1.25,5.0,13.0
2005,2005-12-03,LIVP,WIG,0,0,0,1.0,1.0,1.53,3.5,7.0
2005,2005-12-03,MANU,POR,1,1,0,1.0,1.0,1.2,5.5,17.0
2005,2005-12-03,NEW,AVL,4,0,1,3.0,0.0,1.72,3.4,5.0
2005,2005-12-03,TOT,SUN,0,2,-1,0.0,3.0,1.33,4.33,10.0
2005,2005-12-03,WBA,FUL,0,1,-1,0.0,3.0,2.37,3.2,2.9
2005,2005-11-30,SUN,LIVP,2,1,1,3.0,0.0,7.0,3.75,1.5
2005,2005-11-27,EVE,NEW,1,0,1,3.0,0.0,2.5,3.2,2.75
2005,2005-11-27,FUL,BOLN,5,2,1,3.0,0.0,2.37,3.25,2.87
2005,2005-11-27,MID,WBA,2,0,1,3.0,0.0,1.72,3.4,5.0
2005,2005-11-27,WHU,MANU,1,2,-1,0.0,3.0,5.0,3.3,1.72
2005,2005-11-26,ARS,BLBN,0,3,-1,0.0,3.0,1.36,4.33,9.0
2005,2005-11-26,AVL,CHA,4,0,1,3.0,0.0,2.25,3.2,3.1
2005,2005-11-26,MANC,LIVP,0,0,0,1.0,1.0,2.8,3.1,2.5
2005,2005-11-26,POR,CHE,1,1,0,1.0,1.0,9.0,4.33,1.36
2005,2005-11-26,SUN,BIR,2,1,1,3.0,0.0,2.5,3.2,2.75
2005,2005-11-26,WIG,TOT,0,0,0,1.0,1.0,2.75,3.2,2.5
2005,2005-11-20,MID,FUL,1,1,0,1.0,1.0,1.9,3.25,4.0
2005,2005-11-20,TOT,WHU,3,0,1,3.0,0.0,1.66,3.4,5.5
2005,2005-11-19,CHA,MANU,2,0,1,3.0,0.0,4.0,3.25,1.9
2005,2005-11-19,CHE,NEW,2,0,1,3.0,0.0,1.33,4.5,9.5
2005,2005-11-19,LIVP,POR,1,1,0,1.0,1.0,1.4,4.0,9.0
2005,2005-11-19,MANC,BLBN,2,0,1,3.0,0.0,1.9,3.25,4.0
2005,2005-11-19,SUN,AVL,1,1,0,1.0,1.0,2.5,3.2,2.75
2005,2005-11-19,WBA,EVE,2,0,1,3.0,0.0,2.5,3.2,2.75
2005,2005-11-19,WIG,ARS,0,2,-1,0.0,3.0,4.5,3.3,1.8
2005,2005-11-07,BOLN,TOT,1,0,1,3.0,0.0,2.4,3.25,2.62
2005,2005-11-06,EVE,MID,1,1,0,1.0,1.0,2.5,3.2,2.75
2005,2005-11-06,MANU,CHE,4,2,1,3.0,0.0,3.25,3.2,2.2
2005,2005-11-05,ARS,SUN,2,1,1,3.0,0.0,1.2,6.0,13.0
2005,2005-11-05,AVL,LIVP,1,3,-1,0.0,3.0,3.2,3.25,2.2
2005,2005-11-05,BLBN,CHA,0,2,-1,0.0,3.0,2.3,3.1,3.1
2005,2005-11-05,FUL,MANC,1,1,0,1.0,1.0,2.5,3.2,2.75
2005,2005-11-05,NEW,BIR,4,2,1,3.0,0.0,1.61,3.4,6.0
2005,2005-11-05,POR,WIG,3,2,1,3.0,0.0,2.3,3.25,3.0
2005,2005-11-05,WHU,WBA,1,0,1,3.0,0.0,1.83,3.3,4.33
2005,2005-10-31,MANC,AVL,1,0,1,3.0,0.0,1.83,3.25,4.5
2005,2005-10-30,WBA,NEW,1,0,1,3.0,0.0,3.0,3.25,2.3
2005,2005-10-29,BIR,EVE,3,2,1,3.0,0.0,2.3,3.25,3.0
2005,2005-10-29,CHA,BOLN,0,1,-1,0.0,3.0,2.1,3.2,3.5
2005,2005-10-29,CHE,BLBN,2,2,0,1.0,1.0,1.22,5.5,13.0
2005,2005-10-29,LIVP,WHU,1,1,0,1.0,1.0,1.57,3.5,6.5
2005,2005-10-29,MID,MANU,1,2,-1,0.0,3.0,4.5,3.3,1.8
2005,2005-10-29,SUN,POR,3,0,1,3.0,0.0,2.25,3.2,3.1
2005,2005-10-29,TOT,ARS,1,0,1,3.0,0.0,2.8,3.1,2.5
2005,2005-10-29,WIG,FUL,1,0,1,3.0,0.0,2.1,3.2,3.5
2005,2005-10-23,BOLN,WBA,2,1,1,3.0,0.0,1.72,3.4,5.0
2005,2005-10-23,EVE,CHE,1,2,-1,0.0,3.0,9.0,4.33,1.36
2005,2005-10-23,NEW,SUN,2,0,1,3.0,0.0,1.66,3.4,5.5
2005,2005-10-23,WHU,MID,2,1,1,3.0,0.0,2.37,3.25,2.87
2005,2005-10-22,ARS,MANC,0,0,0,1.0,1.0,1.5,3.75,7.0
2005,2005-10-22,AVL,WIG,2,0,1,3.0,0.0,2.0,3.2,3.75
2005,2005-10-22,BLBN,BIR,0,1,-1,0.0,3.0,2.0,3.2,3.75
2005,2005-10-22,FUL,LIVP,3,2,1,3.0,0.0,3.5,3.2,2.1
2005,2005-10-22,MANU,TOT,2,0,1,3.0,0.0,1.61,3.4,6.0
2005,2005-10-22,POR,CHA,3,1,1,3.0,0.0,2.6,3.25,2.6
2005,2005-10-17,CHA,FUL,4,1,1,3.0,0.0,1.83,3.25,4.5
2005,2005-10-16,BIR,AVL,2,3,-1,0.0,3.0,2.37,3.1,3.0
2005,2005-10-16,MANC,WHU,4,0,1,3.0,0.0,1.9,3.25,4.0
2005,2005-10-15,CHE,BOLN,0,1,-1,0.0,3.0,1.28,4.5,13.0
2005,2005-10-15,LIVP,BLBN,0,0,0,1.0,1.0,1.61,3.4,6.0
2005,2005-10-15,MID,POR,0,1,-1,0.0,3.0,1.72,3.3,4.5
2005,2005-10-15,SUN,MANU,2,0,1,3.0,0.0,7.5,3.6,1.5
2005,2005-10-15,TOT,EVE,1,0,1,3.0,0.0,1.61,3.4,6.0
2005,2005-10-15,WBA,ARS,5,0,1,3.0,0.0,6.0,3.4,1.61
2005,2005-10-15,WIG,NEW,3,5,-1,0.0,3.0,2.6,3.25,2.6
2005,2005-10-02,ARS,BIR,1,1,0,1.0,1.0,1.33,4.5,9.5
2005,2005-10-02,AVL,MID,0,0,0,1.0,1.0,2.1,3.25,3.4
2005,2005-10-02,LIVP,CHE,0,1,-1,0.0,3.0,3.25,3.0,2.3
2005,2005-10-02,MANC,EVE,4,0,1,3.0,0.0,1.83,3.3,4.33
2005,2005-10-02,WIG,BOLN,1,2,-1,0.0,3.0,2.6,3.2,2.62
2005,2005-10-01,BLBN,WBA,1,1,0,1.0,1.0,1.8,3.3,4.5
2005,2005-10-01,CHA,TOT,1,1,0,1.0,1.0,2.5,3.2,2.75
2005,2005-10-01,FUL,MANU,0,1,-1,0.0,3.0,5.0,3.6,1.66
2005,2005-10-01,POR,NEW,1,0,1,3.0,0.0,2.8,3.25,2.4
2005,2005-10-01,SUN,WHU,1,1,0,1.0,1.0,2.5,3.2,2.75
2005,2005-09-26,TOT,FUL,2,1,1,3.0,0.0,1.61,3.4,6.0
2005,2005-09-25,MID,SUN,1,2,-1,0.0,3.0,1.57,3.5,6.5
2005,2005-09-24,BIR,LIVP,1,1,0,1.0,1.0,3.4,3.25,2.1
2005,2005-09-24,BOLN,POR,1,1,0,1.0,1.0,1.72,3.4,5.0
2005,2005-09-24,CHE,AVL,2,2,0,1.0,1.0,1.22,5.5,13.0
2005,2005-09-24,EVE,WIG,0,1,-1,0.0,3.0,1.9,3.25,4.0
2005,2005-09-24,MANU,BLBN,0,2,-1,0.0,3.0,1.3,4.33,13.0
2005,2005-09-24,NEW,MANC,5,1,1,3.0,0.0,2.1,3.25,3.4
2005,2005-09-24,WBA,CHA,1,0,1,3.0,0.0,2.75,3.2,2.5
2005,2005-09-24,WHU,ARS,1,1,0,1.0,1.0,5.0,3.4,1.72
2005,2005-09-19,ARS,EVE,3,1,1,3.0,0.0,1.4,4.0,9.0
2005,2005-09-18,BLBN,NEW,5,0,1,3.0,0.0,2.4,3.25,2.8
2005,2005-09-18,LIVP,MANU,0,1,-1,0.0,3.0,2.7,3.1,2.6
2005,2005-09-18,MANC,BOLN,0,0,0,1.0,1.0,2.1,3.25,3.4
2005,2005-09-18,WIG,MID,0,1,-1,0.0,3.0,2.7,3.1,2.6
2005,2005-09-17,AVL,TOT,1,4,-1,0.0,3.0,2.6,3.25,2.6
2005,2005-09-17,CHA,CHE,3,2,1,3.0,0.0,6.0,3.6,1.57
2005,2005-09-17,FUL,WHU,1,0,1,3.0,0.0,2.2,3.1,3.3
2005,2005-09-17,POR,BIR,2,0,1,3.0,0.0,2.3,3.25,3.0
2005,2005-09-17,SUN,WBA,1,0,1,3.0,0.0,2.37,3.2,2.9
2005,2005-09-12,WHU,AVL,1,1,0,1.0,1.0,2.5,3.2,2.75
2005,2005-09-11,BOLN,BLBN,1,2,-1,0.0,3.0,2.0,3.2,3.75
2005,2005-09-10,BIR,CHA,0,0,0,1.0,1.0,2.37,3.25,2.87
2005,2005-09-10,CHE,SUN,1,1,0,1.0,1.0,1.12,7.5,19.0
2005,2005-09-10,EVE,POR,0,2,-1,0.0,3.0,1.72,3.3,5.0
2005,2005-09-10,MANU,MANC,1,0,1,3.0,0.0,1.4,3.75,10.0
2005,2005-09-10,MID,ARS,2,0,1,3.0,0.0,5.0,3.3,1.72
2005,2005-09-10,NEW,FUL,1,0,1,3.0,0.0,1.61,3.4,6.0
2005,2005-09-10,TOT,LIVP,1,0,1,3.0,0.0,2.5,3.2,2.75
2005,2005-09-10,WBA,WIG,0,0,0,1.0,1.0,2.0,3.2,3.75
2005,2005-08-28,MID,CHA,2,2,0,1.0,1.0,1.83,3.3,4.33
2005,2005-08-28,NEW,MANU,1,3,-1,0.0,3.0,5.0,3.6,1.66
2005,2005-08-27,AVL,BLBN,0,2,-1,0.0,3.0,2.1,3.25,3.4
2005,2005-08-27,FUL,EVE,4,1,1,3.0,0.0,2.5,3.2,2.75
2005,2005-08-27,MANC,POR,0,3,-1,0.0,3.0,1.61,3.6,5.5
2005,2005-08-27,TOT,CHE,1,0,1,3.0,0.0,4.33,3.3,1.83
2005,2005-08-27,WBA,BIR,3,1,1,3.0,0.0,2.37,3.1,3.0
2005,2005-08-27,WHU,BOLN,1,1,0,1.0,1.0,2.5,3.2,2.75
2005,2005-08-27,WIG,SUN,3,1,1,3.0,0.0,2.1,3.25,3.4
2005,2005-08-24,ARS,FUL,3,0,1,3.0,0.0,1.22,5.5,13.0
2005,2005-08-24,BLBN,TOT,2,1,1,3.0,0.0,2.62,3.2,2.6
2005,2005-08-24,BOLN,NEW,1,0,1,3.0,0.0,2.3,3.25,3.0
2005,2005-08-24,CHE,WBA,0,0,0,1.0,1.0,1.2,5.5,17.0
2005,2005-08-23,BIR,MID,2,0,1,3.0,0.0,2.5,3.2,2.75
2005,2005-08-23,POR,AVL,2,2,0,1.0,1.0,2.5,3.2,2.75
2005,2005-08-23,SUN,MANC,2,2,0,1.0,1.0,2.75,3.2,2.5
2005,2005-08-21,BOLN,EVE,1,3,-1,0.0,3.0,2.1,3.2,3.5
2005,2005-08-21,CHE,ARS,2,0,1,3.0,0.0,2.0,3.2,3.75
2005,2005-08-20,BIR,MANC,2,1,1,3.0,0.0,2.2,3.2,3.25
2005,2005-08-20,BLBN,FUL,2,0,1,3.0,0.0,2.0,3.2,3.75
2005,2005-08-20,CHA,WIG,1,2,-1,0.0,3.0,1.8,3.4,4.33
2005,2005-08-20,LIVP,SUN,4,0,1,3.0,0.0,1.28,5.0,10.0
2005,2005-08-20,MANU,AVL,1,0,1,3.0,0.0,1.22,5.5,13.0
2005,2005-08-20,NEW,WHU,2,0,1,3.0,0.0,1.61,3.6,5.5
2005,2005-08-20,TOT,MID,4,1,1,3.0,0.0,1.9,3.3,4.0
2005,2005-08-20,WBA,POR,1,0,1,3.0,0.0,2.2,3.2,3.25
2005,2005-08-14,ARS,NEW,1,1,0,1.0,1.0,1.4,4.2,8.0
2005,2005-08-14,WIG,CHE,2,1,1,3.0,0.0,10.0,4.5,1.33
2005,2005-08-13,AVL,BOLN,1,0,1,3.0,0.0,2.3,3.25,3.0
2005,2005-08-13,EVE,MANU,0,0,0,1.0,1.0,5.0,3.4,1.72
2005,2005-08-13,FUL,BIR,1,2,-1,0.0,3.0,2.37,3.25,2.87
2005,2005-08-13,MANC,WBA,0,1,-1,0.0,3.0,1.72,3.4,5.0
2005,2005-08-13,MID,LIVP,0,0,0,1.0,1.0,2.87,3.2,2.4
2005,2005-08-13,POR,TOT,1,0,1,3.0,0.0,2.75,3.2,2.5
2005,2005-08-13,SUN,CHA,0,2,-1,0.0,3.0,2.37,3.2,2.9
2005,2005-08-13,WHU,BLBN,1,1,0,1.0,1.0,2.5,3.2,2.75
2002,2003-05-11,BIR,WHU,5,0,1,3.0,0.0,3.25,3.5,1.91
2002,2003-05-11,BOLN,MID,2,2,0,1.0,1.0,1.57,3.6,5.0
2002,2003-05-11,CHA,FUL,1,0,1,3.0,0.0,2.1,3.25,3.0
2002,2003-05-11,CHE,LIVP,2,0,1,3.0,0.0,2.38,3.0,2.75
2002,2003-05-11,EVE,MANU,1,1,0,1.0,1.0,2.5,3.4,2.38
2002,2003-05-11,LEE,AVL,0,2,-1,0.0,3.0,1.83,3.25,3.75
2002,2003-05-11,MANC,SOU,3,2,1,3.0,0.0,1.62,3.4,5.0
2002,2003-05-11,SUN,ARS,0,4,-1,0.0,3.0,5.0,3.4,1.62
2002,2003-05-11,TOT,BLBN,2,1,1,3.0,0.0,2.5,3.5,2.3
2002,2003-05-11,WBA,NEW,2,2,0,1.0,1.0,4.0,3.5,1.73
2002,2003-05-07,ARS,SOU,1,1,0,1.0,1.0,1.44,3.75,6.5
2002,2003-05-04,ARS,LEE,2,0,1,3.0,0.0,1.3,4.5,8.0
2002,2003-05-03,AVL,SUN,0,1,-1,0.0,3.0,1.4,3.75,7.5
2002,2003-05-03,BLBN,WBA,2,2,0,1.0,1.0,1.29,4.5,9.0
2002,2003-05-03,FUL,EVE,2,1,1,3.0,0.0,2.4,3.2,2.6
2002,2003-05-03,LIVP,MANC,1,1,0,1.0,1.0,1.33,4.33,7.5
2002,2003-05-03,MANU,CHA,1,2,-1,0.0,3.0,1.14,6.5,12.0
2002,2003-05-03,MID,TOT,1,3,-1,0.0,3.0,2.1,3.25,3.0
2002,2003-05-03,NEW,BIR,0,2,-1,0.0,3.0,1.4,3.75,7.5
2002,2003-05-03,SOU,BOLN,1,0,1,3.0,0.0,2.38,3.6,2.38
2002,2003-05-03,WHU,CHE,2,0,1,3.0,0.0,2.5,3.4,2.38
2002,2003-04-27,MANC,WHU,1,1,0,1.0,1.0,2.2,3.4,2.75
2002,2003-04-27,TOT,MANU,1,1,0,1.0,1.0,5.0,3.4,1.62
2002,2003-04-26,BIR,MID,1,0,1,3.0,0.0,2.1,3.25,3.0
2002,2003-04-26,BOLN,ARS,1,1,0,1.0,1.0,5.0,3.6,1.57
2002,2003-04-26,CHA,SOU,2,1,1,3.0,0.0,2.2,3.25,2.8
2002,2003-04-26,CHE,FUL,0,1,-1,0.0,3.0,1.4,4.0,6.5
2002,2003-04-26,EVE,AVL,0,1,-1,0.0,3.0,1.8,3.25,4.0
2002,2003-04-26,LEE,BLBN,2,1,1,3.0,0.0,2.0,3.4,3.0
2002,2003-04-26,SUN,NEW,0,1,-1,0.0,3.0,4.5,3.4,1.67
2002,2003-04-26,WBA,LIVP,1,1,0,1.0,1.0,5.0,3.6,1.57
2002,2003-04-22,LEE,FUL,2,2,0,1.0,1.0,1.67,3.4,4.5
2002,2003-04-21,BIR,SOU,0,2,-1,0.0,3.0,2.1,3.25,3.0
2002,2003-04-21,BLBN,BOLN,3,3,0,1.0,1.0,1.8,3.4,3.6
2002,2003-04-21,CHE,EVE,0,2,-1,0.0,3.0,1.73,3.2,4.33
2002,2003-04-21,LIVP,CHA,0,1,-1,0.0,3.0,1.4,3.75,7.0
2002,2003-04-21,MANC,SUN,1,0,1,3.0,0.0,1.57,3.6,5.0
2002,2003-04-21,NEW,AVL,1,0,1,3.0,0.0,1.5,3.4,6.0
2002,2003-04-21,WBA,TOT,2,1,1,3.0,0.0,3.0,3.25,2.1
2002,2003-04-21,WHU,MID,2,1,1,3.0,0.0,1.83,3.5,3.5
2002,2003-04-19,AVL,CHE,1,1,0,1.0,1.0,2.8,3.25,2.2
2002,2003-04-19,BOLN,WHU,2,0,1,3.0,0.0,2.2,3.25,2.8
2002,2003-04-19,CHA,BIR,5,1,1,3.0,0.0,2.1,3.25,3.0
2002,2003-04-19,EVE,LIVP,2,1,1,3.0,0.0,2.5,3.2,2.5
2002,2003-04-19,FUL,NEW,2,1,1,3.0,0.0,3.0,3.25,2.1
2002,2003-04-19,MANU,BLBN,2,0,1,3.0,0.0,1.3,4.5,8.0
2002,2003-04-19,MID,ARS,0,0,0,1.0,1.0,3.75,3.25,1.83
2002,2003-04-19,SOU,LEE,4,1,1,3.0,0.0,2.2,3.25,2.8
2002,2003-04-19,SUN,WBA,1,0,1,3.0,0.0,2.1,3.25,3.0
2002,2003-04-18,TOT,MANC,1,3,-1,0.0,3.0,1.8,3.25,4.0
2002,2003-04-16,ARS,MANU,2,0,1,3.0,0.0,2.25,3.25,2.75
2002,2003-04-12,BIR,SUN,3,3,0,1.0,1.0,1.67,3.4,4.5
2002,2003-04-12,BLBN,CHA,2,1,1,3.0,0.0,1.73,3.25,4.33
2002,2003-04-12,CHE,BOLN,2,2,0,1.0,1.0,1.5,3.5,6.0
2002,2003-04-12,LEE,TOT,3,1,1,3.0,0.0,1.91,3.25,3.5
2002,2003-04-12,LIVP,FUL,1,0,1,3.0,0.0,1.44,3.5,7.5
2002,2003-04-12,MANC,MID,1,0,1,3.0,0.0,2.2,3.25,2.8
2002,2003-04-12,NEW,MANU,2,6,-1,0.0,3.0,2.63,3.2,2.38
2002,2003-04-12,WBA,EVE,0,1,-1,0.0,3.0,3.5,3.25,1.91
2002,2003-04-12,WHU,AVL,2,0,1,3.0,0.0,2.0,3.25,3.25
2002,2003-04-07,FUL,BLBN,1,2,-1,0.0,3.0,2.25,3.25,2.75
2002,2003-04-06,EVE,NEW,1,1,0,1.0,1.0,2.5,3.2,2.5
2002,2003-04-05,AVL,ARS,2,2,0,1.0,1.0,4.5,3.4,1.67
2002,2003-04-05,BOLN,MANC,1,0,1,3.0,0.0,2.2,3.25,2.8
2002,2003-04-05,CHA,LEE,0,1,-1,0.0,3.0,1.91,3.25,3.5
2002,2003-04-05,MANU,LIVP,0,1,-1,0.0,3.0,1.73,3.25,4.33
2002,2003-04-05,MID,WBA,2,2,0,1.0,1.0,1.53,3.5,5.5
2002,2003-04-05,SOU,WHU,2,1,1,3.0,0.0,2.0,3.25,3.25
2002,2003-04-05,SUN,CHE,1,0,1,3.0,0.0,5.0,3.4,1.62
2002,2003-04-05,TOT,BIR,2,1,1,3.0,0.0,1.73,3.25,4.33
2002,2003-03-24,BOLN,TOT,1,2,-1,0.0,3.0,2.3,3.2,2.7
2002,2003-03-23,ARS,EVE,1,1,0,1.0,1.0,1.44,3.75,6.5
2002,2003-03-23,LIVP,LEE,1,0,1,3.0,0.0,1.57,3.4,5.5
2002,2003-03-22,BIR,WBA,2,2,0,1.0,1.0,1.83,3.25,3.75
2002,2003-03-22,CHE,MANC,1,1,0,1.0,1.0,1.57,3.6,5.0
2002,2003-03-22,MANU,FUL,0,1,-1,0.0,3.0,1.29,4.5,9.0
2002,2003-03-22,MID,CHA,2,1,1,3.0,0.0,1.91,3.25,3.5
2002,2003-03-22,NEW,BLBN,2,1,1,3.0,0.0,1.62,3.4,5.0
2002,2003-03-22,SOU,AVL,1,1,0,1.0,1.0,1.8,3.25,4.0
2002,2003-03-22,WHU,SUN,2,0,1,3.0,0.0,1.67,3.4,4.5
2002,2003-03-16,MANC,BIR,3,0,1,3.0,0.0,1.8,3.25,4.0
2002,2003-03-16,TOT,LIVP,0,2,-1,0.0,3.0,2.5,3.2,2.5
2002,2003-03-16,WBA,CHE,1,1,0,1.0,1.0,4.33,3.25,1.72
2002,2003-03-15,AVL,MANU,1,0,1,3.0,0.0,4.5,3.4,1.66
2002,2003-03-15,BLBN,ARS,2,1,1,3.0,0.0,4.0,3.25,1.8
2002,2003-03-15,CHA,NEW,0,2,-1,0.0,3.0,2.62,3.2,2.37
2002,2003-03-15,EVE,WHU,0,2,-1,0.0,3.0,1.72,3.25,4.33
2002,2003-03-15,FUL,SOU,2,3,-1,0.0,3.0,2.2,3.25,2.8
2002,2003-03-15,LEE,MID,2,2,0,1.0,1.0,2.2,3.25,2.8
2002,2003-03-15,SUN,BOLN,4,2,1,3.0,0.0,2.3,3.2,2.7
2002,2003-03-08,LIVP,BOLN,2,0,1,3.0,0.0,1.44,3.75,6.5
2002,2003-03-05,MANU,LEE,2,1,1,3.0,0.0,1.36,4.0,7.5
2002,2003-03-05,MID,NEW,4,2,1,3.0,0.0,2.7,3.2,2.3
2002,2003-03-03,AVL,BIR,1,0,1,3.0,0.0,1.91,3.25,3.5
2002,2003-03-02,ARS,CHA,1,1,0,1.0,1.0,1.3,4.5,8.0
2002,2003-03-01,BLBN,MANC,2,0,1,3.0,0.0,1.91,3.25,3.5
2002,2003-03-01,FUL,SUN,1,0,1,3.0,0.0,1.62,3.4,5.0
2002,2003-03-01,MID,EVE,2,1,1,3.0,0.0,2.25,3.25,2.75
2002,2003-03-01,NEW,CHE,0,1,-1,0.0,3.0,2.0,3.25,3.25
2002,2003-03-01,SOU,WBA,0,1,-1,0.0,3.0,1.62,3.4,5.0
2002,2003-03-01,WHU,TOT,3,0,1,3.0,0.0,2.4,3.2,2.6
2002,2003-02-24,TOT,FUL,3,1,1,3.0,0.0,1.73,3.25,4.33
2002,2003-02-23,BIR,LIVP,0,0,0,1.0,1.0,3.75,3.25,1.83
2002,2003-02-23,WBA,WHU,1,0,1,3.0,0.0,2.38,3.2,2.63
2002,2003-02-22,BOLN,MANU,1,3,-1,0.0,3.0,5.5,3.5,1.53
2002,2003-02-22,CHA,AVL,1,3,-1,0.0,3.0,2.1,3.25,3.0
2002,2003-02-22,CHE,BLBN,2,1,1,3.0,0.0,1.53,3.5,5.5
2002,2003-02-22,EVE,SOU,2,2,0,1.0,1.0,1.83,3.25,3.75
2002,2003-02-22,LEE,NEW,4,0,1,3.0,0.0,2.5,3.2,2.5
2002,2003-02-22,MANC,ARS,1,0,1,3.0,0.0,4.33,3.25,1.73
2002,2003-02-22,SUN,MID,0,0,0,1.0,1.0,2.5,3.0,2.63
2002,2003-02-19,FUL,WBA,2,0,1,3.0,0.0,1.73,3.25,4.33
2002,2003-02-09,MANU,MANC,3,2,1,3.0,0.0,1.4,3.75,7.5
2002,2003-02-09,NEW,ARS,1,1,0,1.0,1.0,2.63,3.2,2.38
2002,2003-02-08,BIR,CHE,2,0,1,3.0,0.0,4.0,3.25,1.8
2002,2003-02-08,BLBN,SOU,1,0,1,3.0,0.0,2.2,3.25,2.8
2002,2003-02-08,CHA,EVE,0,1,-1,0.0,3.0,2.25,3.25,2.75
2002,2003-02-08,FUL,AVL,1,1,0,1.0,1.0,2.25,3.25,2.75
2002,2003-02-08,LEE,WHU,2,1,1,3.0,0.0,1.73,3.5,4.0
2002,2003-02-08,LIVP,MID,1,0,1,3.0,0.0,1.44,3.75,6.5
2002,2003-02-08,TOT,SUN,0,1,-1,0.0,3.0,1.5,3.5,6.0
2002,2003-02-08,WBA,BOLN,1,2,-1,0.0,3.0,2.3,3.2,2.7
2002,2003-02-04,BIR,MANU,0,2,-1,0.0,3.0,6.5,3.75,1.44
2002,2003-02-02,AVL,BLBN,0,1,-1,0.0,3.0,2.2,3.25,2.8
2002,2003-02-02,WHU,LIVP,3,2,1,3.0,0.0,3.25,3.25,2.0
2002,2003-02-01,ARS,FUL,1,0,1,3.0,0.0,1.25,5.0,9.0
2002,2003-02-01,BOLN,BIR,2,2,0,1.0,1.0,2.25,3.25,2.75
2002,2003-02-01,CHE,TOT,1,0,1,3.0,0.0,1.66,3.4,4.5
2002,2003-02-01,EVE,LEE,1,2,-1,0.0,3.0,1.9,3.25,3.5
2002,2003-02-01,MANC,WBA,1,0,1,3.0,0.0,1.5,3.5,6.0
2002,2003-02-01,SOU,MANU,3,2,1,3.0,0.0,4.0,3.25,1.8
2002,2003-02-01,SUN,CHA,2,0,1,3.0,0.0,2.4,3.2,2.6
2002,2003-01-29,LIVP,ARS,1,1,0,1.0,1.0,2.63,3.2,2.38
2002,2003-01-29,MANC,FUL,2,1,1,3.0,0.0,1.73,3.25,4.33
2002,2003-01-29,TOT,NEW,1,2,-1,0.0,3.0,2.3,3.2,2.7
2002,2003-01-29,WBA,CHA,1,3,-1,0.0,3.0,2.5,3.2,2.5
2002,2003-01-29,WHU,BLBN,2,1,1,3.0,0.0,2.5,3.2,2.5
2002,2003-01-28,BOLN,EVE,0,0,0,1.0,1.0,2.5,3.2,2.5
2002,2003-01-28,CHE,LEE,4,2,1,3.0,0.0,1.62,3.4,5.0
2002,2003-01-28,MID,AVL,1,1,0,1.0,1.0,1.8,3.25,4.0
2002,2003-01-28,SUN,SOU,0,2,-1,0.0,3.0,2.5,3.2,2.5
2002,2003-01-22,CHA,WHU,0,1,-1,0.0,3.0,2.1,3.25,3.0
2002,2003-01-22,NEW,BOLN,1,1,0,1.0,1.0,1.4,3.75,7.5
2002,2003-01-19,ARS,WHU,1,3,-1,0.0,3.0,1.29,5.0,7.5
2002,2003-01-19,FUL,MID,2,3,-1,0.0,3.0,2.2,3.2,2.88
2002,2003-01-18,AVL,TOT,1,0,1,3.0,0.0,2.2,3.25,2.8
2002,2003-01-18,BLBN,BIR,4,0,1,3.0,0.0,1.62,3.4,5.0
2002,2003-01-18,CHA,BOLN,3,0,1,3.0,0.0,1.73,3.5,4.0
2002,2003-01-18,EVE,SUN,2,2,0,1.0,1.0,1.62,3.4,5.0
2002,2003-01-18,LEE,WBA,2,2,0,1.0,1.0,1.53,3.5,5.5
2002,2003-01-18,MANU,CHE,0,1,-1,0.0,3.0,1.73,3.25,4.33
2002,2003-01-18,NEW,MANC,1,4,-1,0.0,3.0,1.73,3.5,4.0
2002,2003-01-18,SOU,LIVP,1,0,1,3.0,0.0,2.4,3.2,2.6
2002,2003-01-12,BIR,ARS,1,2,-1,0.0,3.0,5.0,3.4,1.62
2002,2003-01-12,TOT,EVE,3,3,0,1.0,1.0,1.91,3.25,3.5
2002,2003-01-11,BOLN,FUL,0,1,-1,0.0,3.0,2.25,3.25,2.75
2002,2003-01-11,CHE,CHA,1,2,-1,0.0,3.0,1.57,3.4,5.5
2002,2003-01-11,LIVP,AVL,2,0,1,3.0,0.0,1.53,3.5,5.5
2002,2003-01-11,MANC,LEE,1,0,1,3.0,0.0,2.25,3.25,2.75
2002,2003-01-11,MID,SOU,1,0,1,3.0,0.0,2.1,3.25,3.0
2002,2003-01-11,SUN,BLBN,1,0,1,3.0,0.0,2.5,3.2,2.5
2002,2003-01-11,WBA,MANU,1,1,0,1.0,1.0,5.5,3.5,1.53
2002,2003-01-11,WHU,NEW,2,3,-1,0.0,3.0,2.7,3.2,2.3
2002,2003-01-01,ARS,CHE,1,1,0,1.0,1.0,1.8,3.25,4.0
2002,2003-01-01,AVL,BOLN,4,1,1,3.0,0.0,1.73,3.25,4.33
2002,2003-01-01,BLBN,MID,2,4,-1,0.0,3.0,1.91,3.25,3.5
2002,2003-01-01,EVE,MANC,2,0,1,3.0,0.0,1.8,3.25,4.0
2002,2003-01-01,LEE,BIR,0,0,0,1.0,1.0,1.62,3.4,5.0
2002,2003-01-01,MANU,SUN,2,1,1,3.0,0.0,1.2,5.5,10.0
2002,2003-01-01,NEW,LIVP,0,1,-1,0.0,3.0,2.3,3.2,2.7
2002,2003-01-01,SOU,TOT,1,1,0,1.0,1.0,2.2,3.25,3.25
2002,2002-12-29,ARS,LIVP,1,0,1,3.0,0.0,1.73,3.25,4.33
2002,2002-12-29,NEW,TOT,2,0,1,3.0,0.0,1.8,3.4,3.75
2002,2002-12-28,AVL,MID,2,1,1,3.0,0.0,2.25,3.25,2.75
2002,2002-12-28,BLBN,WHU,2,2,0,1.0,1.0,1.62,3.4,5.0
2002,2002-12-28,CHA,WBA,0,0,0,1.0,1.0,1.67,3.5,4.33
2002,2002-12-28,EVE,BOLN,3,2,1,3.0,0.0,1.53,3.5,5.5
2002,2002-12-28,FUL,MANC,1,2,-1,0.0,3.0,2.25,3.4,2.63
2002,2002-12-28,LEE,CHE,1,1,0,1.0,1.0,2.63,3.2,2.38
2002,2002-12-28,MANU,BIR,2,0,1,3.0,0.0,1.25,5.0,9.0
2002,2002-12-28,SOU,SUN,2,1,1,3.0,0.0,1.67,3.5,4.33
2002,2002-12-26,BIR,EVE,1,1,0,1.0,1.0,2.5,3.2,2.5
2002,2002-12-26,BOLN,NEW,3,1,1,3.0,0.0,3.0,3.25,2.1
2002,2002-12-26,CHE,SOU,3,0,1,3.0,0.0,1.5,3.5,6.0
2002,2002-12-26,LIVP,BLBN,1,2,-1,0.0,3.0,1.62,3.6,4.5
2002,2002-12-26,MANC,AVL,1,6,-1,0.0,3.0,1.91,3.25,3.5
2002,2002-12-26,MID,MANU,2,3,-1,0.0,3.0,4.0,3.25,1.8
2002,2002-12-26,SUN,LEE,0,1,-1,0.0,3.0,2.4,3.2,2.6
2002,2002-12-26,TOT,CHA,1,4,-1,0.0,3.0,1.67,3.4,4.5
2002,2002-12-26,WBA,ARS,0,2,-1,0.0,3.0,5.5,3.5,1.53
2002,2002-12-26,WHU,FUL,2,2,0,1.0,1.0,2.25,3.25,2.75
2002,2002-12-23,MANC,TOT,4,2,1,3.0,0.0,2.25,3.25,2.75
2002,2002-12-22,BLBN,MANU,1,2,-1,0.0,3.0,4.0,3.5,1.73
2002,2002-12-22,LIVP,EVE,1,1,0,1.0,1.0,1.83,3.25,3.75
2002,2002-12-21,ARS,MID,1,2,-1,0.0,3.0,1.4,3.75,7.5
2002,2002-12-21,BIR,CHA,1,2,-1,0.0,3.0,2.2,3.25,2.8
2002,2002-12-21,CHE,AVL,1,1,0,1.0,1.0,1.5,3.5,6.0
2002,2002-12-21,LEE,SOU,0,0,0,1.0,1.0,1.91,3.25,3.5
2002,2002-12-21,NEW,FUL,4,2,1,3.0,0.0,1.53,3.5,5.5
2002,2002-12-21,WBA,SUN,0,1,-1,0.0,3.0,2.38,2.88,2.88
2002,2002-12-21,WHU,BOLN,2,1,1,3.0,0.0,1.83,3.25,3.75
2002,2002-12-16,BOLN,LEE,1,2,-1,0.0,3.0,2.4,3.2,2.6
2002,2002-12-15,FUL,BIR,0,1,-1,0.0,3.0,1.8,3.25,4.0
2002,2002-12-15,SUN,LIVP,1,1,0,1.0,1.0,4.33,3.25,1.73
2002,2002-12-15,TOT,ARS,1,0,1,3.0,0.0,3.0,3.1,2.2
2002,2002-12-14,AVL,WBA,4,2,1,3.0,0.0,1.8,3.25,4.0
2002,2002-12-14,CHA,MANC,3,2,1,3.0,0.0,2.1,3.25,3.0
2002,2002-12-14,EVE,BLBN,0,1,-1,0.0,3.0,1.83,3.25,3.75
2002,2002-12-14,MANU,WHU,1,1,0,1.0,1.0,1.29,4.5,9.0
2002,2002-12-14,MID,CHE,1,0,1,3.0,0.0,2.63,3.2,2.38
2002,2002-12-14,SOU,NEW,0,0,0,1.0,1.0,2.3,3.2,2.7
2002,2002-12-09,SUN,MANC,2,3,-1,0.0,3.0,2.3,3.2,2.7
2002,2002-12-08,TOT,WBA,1,0,1,3.0,0.0,1.44,3.6,7.0
2002,2002-12-07,AVL,NEW,1,2,-1,0.0,3.0,2.38,3.2,2.63
2002,2002-12-07,BOLN,BLBN,1,1,0,1.0,1.0,2.6,3.2,2.4
2002,2002-12-07,CHA,LIVP,0,2,-1,0.0,3.0,3.5,3.25,1.91
2002,2002-12-07,EVE,CHE,2,0,1,3.0,0.0,2.5,3.2,2.5
2002,2002-12-07,FUL,LEE,3,1,1,3.0,0.0,2.1,3.25,3.0
2002,2002-12-07,MANU,ARS,1,1,0,1.0,1.0,2.25,3.25,2.75
2002,2002-12-07,MID,WHU,1,3,-1,0.0,3.0,1.62,3.4,5.0
2002,2002-12-07,SOU,BIR,1,2,-1,0.0,3.0,1.73,3.5,4.0
2002,2002-12-02,WHU,SOU,2,1,1,3.0,0.0,2.25,3.25,2.75
2002,2002-12-01,LEE,CHA,0,0,0,1.0,1.0,1.8,3.25,4.0
2002,2002-12-01,LIVP,MANU,3,1,1,3.0,0.0,2.3,3.2,2.7
2002,2002-12-01,NEW,EVE,4,1,1,3.0,0.0,1.91,3.25,3.5
2002,2002-11-30,ARS,AVL,2,6,-1,0.0,3.0,1.33,4.0,9.0
2002,2002-11-30,BIR,TOT,2,1,1,3.0,0.0,2.6,3.2,2.4
2002,2002-11-30,BLBN,FUL,2,0,1,3.0,0.0,2.0,3.25,3.25
2002,2002-11-30,CHE,SUN,1,0,1,3.0,0.0,1.4,3.75,7.5
2002,2002-11-30,MANC,BOLN,5,3,1,3.0,0.0,1.8,3.25,4.0
2002,2002-11-30,WBA,MID,3,1,1,3.0,0.0,2.7,3.2,2.3
2002,2002-11-24,CHA,BLBN,2,0,1,3.0,0.0,2.4,3.2,2.6
2002,2002-11-24,TOT,LEE,1,2,-1,0.0,3.0,2.1,3.25,3.0
2002,2002-11-23,AVL,WHU,0,0,0,1.0,1.0,1.8,3.25,4.0
2002,2002-11-23,BOLN,CHE,2,2,0,1.0,1.0,3.5,3.25,1.91
2002,2002-11-23,EVE,WBA,1,1,0,1.0,1.0,1.44,3.6,7.0
2002,2002-11-23,FUL,LIVP,3,0,1,3.0,0.0,3.75,3.25,1.83
2002,2002-11-23,MANU,NEW,2,1,1,3.0,0.0,1.62,3.4,5.0
2002,2002-11-23,MID,MANC,1,0,1,3.0,0.0,1.73,3.25,4.33
2002,2002-11-23,SOU,ARS,1,2,-1,0.0,3.0,4.33,3.25,1.73
2002,2002-11-23,SUN,BIR,2,0,1,3.0,0.0,1.91,3.25,3.5
2002,2002-11-17,BIR,FUL,1,2,-1,0.0,3.0,2.3,3.2,2.7
2002,2002-11-17,BLBN,EVE,1,0,1,3.0,0.0,2.1,3.25,3.0
2002,2002-11-17,LEE,BOLN,4,0,1,3.0,0.0,1.5,3.5,6.0
2002,2002-11-17,LIVP,SUN,2,0,1,3.0,0.0,1.36,4.0,7.5
2002,2002-11-17,WHU,MANU,1,1,0,1.0,1.0,4.0,3.25,1.8
2002,2002-11-16,ARS,TOT,3,2,1,3.0,0.0,1.53,3.5,5.5
2002,2002-11-16,CHE,MID,1,2,-1,0.0,3.0,1.73,3.2,4.5
2002,2002-11-16,MANC,CHA,2,1,1,3.0,0.0,1.67,3.4,4.5
2002,2002-11-16,NEW,SOU,1,1,0,1.0,1.0,1.62,3.4,5.0
2002,2002-11-16,WBA,AVL,0,2,-1,0.0,3.0,2.63,3.0,2.5
2002,2002-11-10,SUN,TOT,2,2,0,1.0,1.0,2.7,3.2,2.3
2002,2002-11-10,WHU,LEE,2,2,0,1.0,1.0,2.38,3.2,2.63
2002,2002-11-09,ARS,NEW,2,3,-1,0.0,3.0,1.5,3.5,6.0
2002,2002-11-09,AVL,FUL,2,2,0,1.0,1.0,2.2,3.25,2.8
2002,2002-11-09,BOLN,WBA,2,0,1,3.0,0.0,2.0,3.25,3.25
2002,2002-11-09,CHE,BIR,2,2,0,1.0,1.0,1.44,3.75,6.5
2002,2002-11-09,EVE,CHA,0,1,-1,0.0,3.0,1.67,3.4,4.5
2002,2002-11-09,MANC,MANU,0,0,0,1.0,1.0,3.5,3.25,1.91
2002,2002-11-09,MID,LIVP,1,0,1,3.0,0.0,3.25,3.25,2.0
2002,2002-11-09,SOU,BLBN,2,1,1,3.0,0.0,2.25,3.25,2.75
2002,2002-11-04,NEW,MID,1,0,1,3.0,0.0,2.0,3.25,3.25
2002,2002-11-03,BLBN,AVL,1,1,0,1.0,1.0,1.73,3.25,4.33
2002,2002-11-03,CHA,SUN,2,1,1,3.0,0.0,1.91,3.25,3.5
2002,2002-11-03,FUL,ARS,0,1,-1,0.0,3.0,4.5,3.4,1.67
2002,2002-11-03,LEE,EVE,4,3,1,3.0,0.0,1.73,3.25,4.33
2002,2002-11-03,TOT,CHE,2,0,1,3.0,0.0,2.3,3.2,2.7
2002,2002-11-02,BIR,BOLN,0,1,-1,0.0,3.0,1.91,3.25,3.5
2002,2002-11-02,LIVP,WHU,1,1,0,1.0,1.0,1.33,4.33,7.5
2002,2002-11-02,MANU,SOU,0,3,-1,0.0,3.0,1.33,4.33,7.5
2002,2002-11-02,WBA,MANC,2,4,-1,0.0,3.0,2.4,3.2,2.6
2002,2002-10-28,BOLN,SUN,3,1,1,3.0,0.0,2.1,3.25,3.0
2002,2002-10-27,SOU,FUL,2,2,0,1.0,1.0,2.38,3.2,2.63
2002,2002-10-27,WHU,EVE,0,0,0,1.0,1.0,2.0,3.25,3.25
2002,2002-10-26,ARS,BLBN,1,1,0,1.0,1.0,1.3,4.5,8.0
2002,2002-10-26,BIR,MANC,2,0,1,3.0,0.0,2.1,3.25,3.0
2002,2002-10-26,CHE,WBA,1,1,0,1.0,1.0,1.4,3.75,7.5
2002,2002-10-26,LIVP,TOT,2,0,1,3.0,0.0,1.53,3.5,5.5
2002,2002-10-26,MANU,AVL,2,3,-1,0.0,3.0,1.3,4.5,8.0
2002,2002-10-26,MID,LEE,1,1,0,1.0,1.0,2.2,3.25,2.8
2002,2002-10-26,NEW,CHA,0,2,-1,0.0,3.0,1.53,3.5,5.5
2002,2002-10-23,FUL,WHU,3,0,1,3.0,0.0,1.8,3.25,4.0
2002,2002-10-21,AVL,SOU,3,0,1,3.0,0.0,1.73,3.25,4.33
2002,2002-10-20,CHA,MID,3,1,1,3.0,0.0,2.8,3.2,2.25
2002,2002-10-20,TOT,BOLN,1,3,-1,0.0,3.0,1.53,3.5,5.5
2002,2002-10-19,BLBN,NEW,2,0,1,3.0,0.0,2.3,3.2,2.7
2002,2002-10-19,EVE,ARS,2,0,1,3.0,0.0,5.5,3.5,1.53
2002,2002-10-19,FUL,MANU,3,0,1,3.0,0.0,4.33,3.25,1.73
2002,2002-10-19,LEE,LIVP,1,1,0,1.0,1.0,2.75,3.0,2.38
2002,2002-10-19,MANC,CHE,2,1,1,3.0,0.0,2.6,3.2,2.4
2002,2002-10-19,SUN,WHU,1,2,-1,0.0,3.0,2.0,3.25,3.25
2002,2002-10-19,WBA,BIR,0,2,-1,0.0,3.0,2.38,3.0,2.75
2002,2002-10-07,MANU,EVE,0,2,-1,0.0,3.0,1.3,4.5,8.0
2002,2002-10-06,ARS,SUN,2,2,0,1.0,1.0,1.17,5.5,13.0
2002,2002-10-06,AVL,LEE,1,2,-1,0.0,3.0,2.6,3.2,2.4
2002,2002-10-06,BLBN,TOT,2,4,-1,0.0,3.0,2.1,3.25,3.0
2002,2002-10-06,FUL,CHA,0,2,-1,0.0,3.0,1.67,3.4,4.5
2002,2002-10-06,LIVP,CHE,2,5,-1,0.0,3.0,1.73,3.25,4.33
2002,2002-10-05,MID,BOLN,1,0,1,3.0,0.0,1.53,3.5,5.5
2002,2002-10-05,NEW,WBA,3,0,1,3.0,0.0,1.4,3.75,7.5
2002,2002-10-05,SOU,MANC,2,1,1,3.0,0.0,2.3,3.2,2.7
2002,2002-10-05,WHU,BIR,4,1,1,3.0,0.0,1.73,3.25,4.33
2002,2002-09-30,WBA,BLBN,1,2,-1,0.0,3.0,2.6,3.2,2.4
2002,2002-09-28,BIR,NEW,0,0,0,1.0,1.0,2.63,3.2,2.38
2002,2002-09-28,BOLN,SOU,3,0,1,3.0,0.0,2.0,3.25,3.25
2002,2002-09-28,CHA,MANU,0,1,-1,0.0,3.0,4.5,3.4,1.67
2002,2002-09-28,CHE,WHU,1,5,-1,0.0,3.0,1.57,3.4,5.5
2002,2002-09-28,EVE,FUL,2,2,0,1.0,1.0,2.25,3.25,2.75
2002,2002-09-28,LEE,ARS,3,2,1,3.0,0.0,3.0,3.25,2.1
2002,2002-09-28,MANC,LIVP,1,1,0,1.0,1.0,2.8,3.25,2.2
2002,2002-09-28,SUN,AVL,3,1,1,3.0,0.0,2.38,3.0,2.75
2002,2002-09-28,TOT,MID,5,2,1,3.0,0.0,1.83,3.25,3.75
2002,2002-09-23,FUL,CHE,0,1,-1,0.0,3.0,2.63,3.0,2.5
2002,2002-09-22,AVL,EVE,1,2,-1,0.0,3.0,1.83,3.25,3.75
2002,2002-09-22,BLBN,LEE,3,1,1,3.0,0.0,2.75,3.25,2.25
2002,2002-09-21,ARS,BOLN,0,1,-1,0.0,3.0,1.2,5.5,10.0
2002,2002-09-21,LIVP,WBA,0,1,-1,0.0,3.0,1.25,4.5,11.0
2002,2002-09-21,MANU,TOT,5,1,1,3.0,0.0,1.44,3.75,6.5
2002,2002-09-21,MID,BIR,2,2,0,1.0,1.0,1.67,3.4,4.5
2002,2002-09-21,NEW,SUN,2,0,1,3.0,0.0,1.73,3.2,4.5
2002,2002-09-21,SOU,CHA,1,0,1,3.0,0.0,2.0,3.25,3.25
2002,2002-09-21,WHU,MANC,1,0,1,3.0,0.0,2.1,3.25,3.0
2002,2002-09-16,BIR,AVL,2,2,0,1.0,1.0,2.5,3.0,2.63
2002,2002-09-15,MANC,BLBN,1,1,0,1.0,1.0,1.91,3.25,3.5
2002,2002-09-15,TOT,WHU,2,0,1,3.0,0.0,1.67,3.4,4.5
2002,2002-09-14,BOLN,LIVP,1,0,1,3.0,0.0,4.33,3.25,1.73
2002,2002-09-14,CHA,ARS,1,1,0,1.0,1.0,5.0,3.4,1.62
2002,2002-09-14,CHE,NEW,1,0,1,3.0,0.0,1.91,3.25,3.5
2002,2002-09-14,EVE,MID,1,0,1,3.0,0.0,2.3,3.2,2.7
2002,2002-09-14,LEE,MANU,2,1,1,3.0,0.0,2.75,3.0,2.38
2002,2002-09-14,SUN,FUL,2,1,1,3.0,0.0,2.1,3.25,3.0
2002,2002-09-14,WBA,SOU,1,0,1,3.0,0.0,2.25,3.25,2.75
2002,2002-09-11,AVL,CHA,2,2,0,1.0,1.0,1.8,3.25,4.0
2002,2002-09-11,BLBN,CHE,2,2,0,1.0,1.0,2.5,3.2,2.5
2002,2002-09-11,FUL,TOT,2,2,0,1.0,1.0,2.38,3.2,2.63
2002,2002-09-11,LIVP,BIR,2,3,-1,0.0,3.0,1.25,4.5,11.0
2002,2002-09-11,MANU,BOLN,0,0,0,1.0,1.0,1.2,5.5,10.0
2002,2002-09-11,NEW,LEE,2,1,1,3.0,0.0,2.1,3.25,3.0
2002,2002-09-11,SOU,EVE,1,2,-1,0.0,3.0,2.0,3.25,3.25
2002,2002-09-11,WHU,WBA,2,1,1,3.0,0.0,1.57,3.4,5.5
2002,2002-09-10,ARS,MANC,0,1,-1,0.0,3.0,1.33,4.33,7.5
2002,2002-09-10,MID,SUN,2,0,1,3.0,0.0,2.1,3.0,3.25
2002,2002-09-03,MANU,MID,1,1,0,1.0,1.0,1.33,4.0,9.0
2002,2002-09-02,LIVP,NEW,3,0,1,3.0,0.0,1.62,3.4,5.0
2002,2002-09-01,BOLN,AVL,1,0,1,3.0,0.0,2.5,3.0,2.63
2002,2002-09-01,CHE,ARS,1,1,0,1.0,1.0,3.0,3.0,2.25
2002,2002-08-31,BIR,LEE,1,1,0,1.0,1.0,4.0,3.25,1.8
2002,2002-08-31,MANC,EVE,3,1,1,3.0,0.0,1.73,3.25,4.33
2002,2002-08-31,MID,BLBN,2,3,-1,0.0,3.0,2.2,3.25,2.8
2002,2002-08-31,SUN,MANU,1,0,1,3.0,0.0,5.0,3.4,1.62
2002,2002-08-31,TOT,SOU,0,3,-1,0.0,3.0,1.67,3.4,4.5
2002,2002-08-31,WBA,FUL,3,0,1,3.0,0.0,2.63,3.2,2.38
2002,2002-08-31,WHU,CHA,2,0,1,3.0,0.0,1.73,3.5,4.0
2002,2002-08-28,AVL,MANC,1,3,-1,0.0,3.0,2.2,3.25,2.8
2002,2002-08-28,BLBN,LIVP,1,0,1,3.0,0.0,3.0,3.25,2.1
2002,2002-08-28,EVE,BIR,1,2,-1,0.0,3.0,1.67,3.4,4.5
2002,2002-08-28,LEE,SUN,3,1,1,3.0,0.0,1.5,3.4,6.5
2002,2002-08-28,SOU,CHE,2,2,0,1.0,1.0,3.0,3.25,2.1
2002,2002-08-27,ARS,WBA,4,1,1,3.0,0.0,1.17,5.5,13.0
2002,2002-08-27,CHA,TOT,2,3,-1,0.0,3.0,2.4,3.2,2.6
2002,2002-08-24,BIR,BLBN,1,1,0,1.0,1.0,2.63,3.2,2.38
2002,2002-08-24,BOLN,CHA,3,4,-1,0.0,3.0,2.1,3.25,3.0
2002,2002-08-24,LIVP,SOU,1,1,0,1.0,1.0,1.33,4.33,7.5
2002,2002-08-24,MANC,NEW,3,1,1,3.0,0.0,2.5,3.2,2.5
2002,2002-08-24,MID,FUL,1,0,1,3.0,0.0,2.0,3.25,3.25
2002,2002-08-24,SUN,EVE,0,1,-1,0.0,3.0,2.1,3.0,3.25
2002,2002-08-24,TOT,AVL,1,2,-1,0.0,3.0,1.83,3.25,3.75
2002,2002-08-24,WBA,LEE,0,0,0,1.0,1.0,3.75,3.25,1.83
2002,2002-08-24,WHU,ARS,2,0,1,3.0,0.0,4.0,3.5,1.73
2002,2002-08-23,CHE,MANU,3,0,1,3.0,0.0,2.75,3.25,2.25
2002,2002-08-19,NEW,WHU,3,1,1,3.0,0.0,1.57,3.4,5.5
2002,2002-08-18,ARS,BIR,6,1,1,3.0,0.0,1.22,5.0,10.0
2002,2002-08-18,AVL,LIVP,4,1,1,3.0,0.0,3.0,3.25,2.1
2002,2002-08-17,BLBN,SUN,2,0,1,3.0,0.0,1.73,3.25,4.33
2002,2002-08-17,CHA,CHE,1,0,1,3.0,0.0,2.8,3.25,2.2
2002,2002-08-17,EVE,TOT,2,1,1,3.0,0.0,2.25,3.25,2.75
2002,2002-08-17,FUL,BOLN,2,0,1,3.0,0.0,1.73,3.25,4.33
2002,2002-08-17,LEE,MANC,0,1,-1,0.0,3.0,1.67,3.4,4.5
2002,2002-08-17,MANU,WBA,1,1,0,1.0,1.0,1.2,5.0,12.0
2002,2002-08-17,SOU,MID,4,0,1,3.0,0.0,2.25,3.25,2.75
2001,2002-05-11,ARS,EVE,2,0,1,3.0,0.0,1.27,4.8,8.5
2001,2002-05-11,BLBN,FUL,2,1,1,3.0,0.0,1.9,3.25,3.55
2001,2002-05-11,CHE,AVL,2,2,0,1.0,1.0,1.6,3.4,5.0
2001,2002-05-11,LEE,MID,0,0,0,1.0,1.0,1.57,3.45,5.1
2001,2002-05-11,LEIC,TOT,0,1,-1,0.0,3.0,2.85,3.15,2.25
2001,2002-05-11,LIVP,IPS,1,1,0,1.0,1.0,1.3,4.6,7.8
2001,2002-05-11,MANU,CHA,1,1,0,1.0,1.0,1.22,5.1,10.0
2001,2002-05-11,SOU,NEW,1,3,-1,0.0,3.0,2.75,3.15,2.3
2001,2002-05-11,SUN,DER,4,1,1,3.0,0.0,1.45,3.6,6.7
2001,2002-05-11,WHU,BOLN,3,2,1,3.0,0.0,1.6,3.5,4.85
2001,2002-05-08,LIVP,BLBN,0,1,-1,0.0,3.0,1.3,4.65,7.65
2001,2002-05-08,MANU,ARS,1,2,-1,0.0,3.0,2.0,3.1,3.4
2001,2002-04-29,BOLN,ARS,3,1,1,3.0,0.0,7.5,3.9,1.37
2001,2002-04-28,EVE,BLBN,2,2,0,1.0,1.0,2.25,3.1,2.85
2001,2002-04-27,AVL,SOU,1,1,0,1.0,1.0,1.87,3.15,3.8
2001,2002-04-27,CHA,SUN,1,2,-1,0.0,3.0,2.35,3.15,2.65
2001,2002-04-27,DER,LEE,2,0,1,3.0,0.0,3.75,3.4,1.8
2001,2002-04-27,FUL,LEIC,0,1,-1,0.0,3.0,1.45,3.5,7.0
2001,2002-04-27,IPS,MANU,2,1,1,3.0,0.0,6.0,4.25,1.4
2001,2002-04-27,MID,CHE,1,3,-1,0.0,3.0,2.72,3.1,2.35
2001,2002-04-27,NEW,WHU,3,1,1,3.0,0.0,1.5,3.7,5.7
2001,2002-04-27,TOT,LIVP,2,1,1,3.0,0.0,4.0,3.4,1.75
2001,2002-04-24,ARS,WHU,2,0,1,3.0,0.0,1.25,4.65,10.0
2001,2002-04-24,IPS,MID,1,1,0,1.0,1.0,1.7,3.5,4.1
2001,2002-04-23,BLBN,NEW,1,2,-1,0.0,3.0,2.53,3.0,2.6
2001,2002-04-23,FUL,BOLN,1,0,1,3.0,0.0,2.0,3.0,3.55
2001,2002-04-21,ARS,IPS,3,1,1,3.0,0.0,1.2,5.25,11.0
2001,2002-04-20,BOLN,TOT,0,1,-1,0.0,3.0,2.2,3.0,3.05
2001,2002-04-20,CHE,MANU,0,2,-1,0.0,3.0,2.65,3.1,2.36
2001,2002-04-20,LEE,FUL,1,5,-1,0.0,3.0,1.45,3.8,6.2
2001,2002-04-20,LEIC,AVL,1,1,0,1.0,1.0,2.95,3.1,2.22
2001,2002-04-20,LIVP,DER,1,0,1,3.0,0.0,1.22,5.5,9.0
2001,2002-04-20,MID,BLBN,0,0,0,1.0,1.0,2.1,3.15,3.1
2001,2002-04-20,NEW,CHA,0,2,-1,0.0,3.0,1.36,4.0,7.6
2001,2002-04-20,SOU,EVE,3,1,1,3.0,0.0,1.92,3.15,3.6
2001,2002-04-20,WHU,SUN,1,1,0,1.0,1.0,1.73,3.3,4.3
2001,2002-04-13,AVL,LEE,0,1,-1,0.0,3.0,2.77,3.1,2.33
2001,2002-04-13,CHA,SOU,4,0,1,3.0,0.0,2.0,3.15,3.4
2001,2002-04-13,DER,NEW,0,0,0,1.0,1.0,3.5,3.25,1.91
2001,2002-04-13,EVE,LEIC,1,3,-1,0.0,3.0,1.41,3.8,6.9
2001,2002-04-13,SUN,LIVP,1,1,0,1.0,1.0,4.3,3.3,1.75
2001,2002-04-13,TOT,WHU,1,2,-1,0.0,3.0,1.91,3.25,3.5
2001,2002-04-10,BLBN,CHE,1,0,1,3.0,0.0,2.8,3.3,2.2
2001,2002-04-08,NEW,FUL,0,0,0,1.0,1.0,1.45,3.7,6.35
2001,2002-04-07,LEE,SUN,5,1,1,3.0,0.0,1.4,3.9,6.8
2001,2002-04-06,ARS,TOT,0,3,-1,0.0,3.0,1.5,3.6,5.8
2001,2002-04-06,BOLN,IPS,4,0,1,3.0,0.0,2.02,3.2,3.25
2001,2002-04-06,CHE,EVE,1,4,-1,0.0,3.0,1.4,3.9,6.8
2001,2002-04-06,LEIC,MANU,0,0,0,1.0,1.0,10.0,4.6,1.25
2001,2002-04-06,MID,AVL,1,2,-1,0.0,3.0,2.15,3.05,3.1
2001,2002-04-06,SOU,DER,1,1,0,1.0,1.0,1.84,3.3,3.7
2001,2002-04-06,WHU,CHA,2,2,0,1.0,1.0,1.86,3.2,3.75
2001,2002-04-02,AVL,NEW,0,0,0,1.0,1.0,2.7,3.2,2.32
2001,2002-04-01,BLBN,SOU,2,0,1,3.0,0.0,1.84,3.25,3.7
2001,2002-04-01,CHA,ARS,2,0,1,3.0,0.0,5.4,3.5,1.55
2001,2002-04-01,DER,MID,2,0,1,3.0,0.0,2.08,3.2,3.1
2001,2002-04-01,EVE,BOLN,1,0,1,3.0,0.0,1.87,3.2,3.75
2001,2002-04-01,FUL,WHU,0,1,-1,0.0,3.0,2.0,3.15,3.35
2001,2002-04-01,IPS,CHE,2,2,0,1.0,1.0,3.12,3.2,2.07
2001,2002-04-01,SUN,LEIC,2,1,1,3.0,0.0,1.5,3.6,6.0
2001,2002-04-01,TOT,LEE,2,0,1,3.0,0.0,2.85,3.2,2.2
2001,2002-03-30,ARS,SUN,2,1,1,3.0,0.0,1.26,4.7,9.0
2001,2002-03-30,BOLN,AVL,0,1,-1,0.0,3.0,2.3,3.1,2.8
2001,2002-03-30,CHE,DER,5,1,1,3.0,0.0,1.35,4.1,7.8
2001,2002-03-30,LEE,MANU,2,1,1,3.0,0.0,2.9,3.15,2.2
2001,2002-03-30,LEIC,BLBN,1,0,1,3.0,0.0,3.25,3.15,2.05
2001,2002-03-30,LIVP,CHA,0,0,0,1.0,1.0,1.3,4.5,8.0
2001,2002-03-30,MID,TOT,2,0,1,3.0,0.0,2.2,3.15,2.9
2001,2002-03-30,SOU,FUL,1,0,1,3.0,0.0,2.05,3.1,3.25
2001,2002-03-30,WHU,IPS,0,1,-1,0.0,3.0,1.82,3.25,3.9
2001,2002-03-29,NEW,EVE,2,1,1,3.0,0.0,1.58,3.4,5.2
2001,2002-03-24,FUL,TOT,2,1,1,3.0,0.0,2.15,3.15,2.95
2001,2002-03-24,LIVP,CHE,0,0,0,1.0,1.0,1.86,3.15,3.85
2001,2002-03-23,CHA,BOLN,1,1,0,1.0,1.0,1.78,3.25,4.05
2001,2002-03-23,DER,EVE,0,1,-1,0.0,3.0,2.0,3.2,3.3
2001,2002-03-23,IPS,AVL,0,1,-1,0.0,3.0,2.27,3.1,2.85
2001,2002-03-23,LEIC,LEE,1,4,-1,0.0,3.0,5.5,3.6,1.52
2001,2002-03-23,MANU,MID,3,3,0,1.0,1.0,1.21,5.0,11.0
2001,2002-03-23,SUN,SOU,2,4,-1,0.0,3.0,1.92,3.15,3.65
2001,2002-03-18,TOT,CHA,0,1,-1,0.0,3.0,1.9,3.1,3.7
2001,2002-03-17,AVL,ARS,2,1,1,3.0,0.0,3.35,3.1,2.0
2001,2002-03-17,LEE,BLBN,0,1,-1,0.0,3.0,1.54,3.45,5.65
2001,2002-03-16,BOLN,DER,4,1,1,3.0,0.0,2.1,3.05,3.2
2001,2002-03-16,CHE,SUN,0,0,0,1.0,1.0,1.43,3.7,6.6
2001,2002-03-16,EVE,FUL,0,2,-1,0.0,3.0,2.32,3.0,2.85
2001,2002-03-16,MID,LIVP,1,0,1,3.0,0.0,3.8,3.2,1.85
2001,2002-03-16,NEW,IPS,3,1,1,3.0,0.0,1.42,3.8,6.7
2001,2002-03-16,SOU,LEIC,2,2,0,1.0,1.0,1.47,3.6,6.5
2001,2002-03-16,WHU,MANU,2,4,-1,0.0,3.0,5.1,3.4,1.6
2001,2002-03-13,BLBN,IPS,3,0,1,3.0,0.0,1.73,3.3,4.2
2001,2002-03-13,CHE,TOT,1,3,-1,0.0,3.0,1.57,3.6,5.0
2001,2002-03-09,LEIC,CHA,2,1,1,3.0,0.0,2.7,3.2,2.3
2001,2002-03-06,CHE,FUL,3,1,1,3.0,0.0,1.6,3.25,5.5
2001,2002-03-06,LEE,IPS,1,0,1,3.0,0.0,1.5,3.5,6.1
2001,2002-03-06,LIVP,NEW,3,2,1,3.0,0.0,1.77,3.4,3.9
2001,2002-03-06,MANU,TOT,3,2,1,3.0,0.0,1.3,4.4,8.0
2001,2002-03-06,SOU,MID,0,1,-1,0.0,3.0,1.9,3.3,3.55
2001,2002-03-06,WHU,EVE,1,0,1,3.0,0.0,1.95,3.2,3.4
2001,2002-03-05,ARS,DER,2,0,1,3.0,0.0,1.2,5.2,11.0
2001,2002-03-05,BLBN,AVL,1,3,-1,0.0,3.0,2.15,3.2,2.95
2001,2002-03-05,SUN,BOLN,2,0,1,3.0,0.0,1.85,3.25,3.75
2001,2002-03-03,DER,MANU,0,1,-1,0.0,3.0,6.8,3.75,1.4
2001,2002-03-03,EVE,LEE,2,2,0,1.0,1.0,2.87,3.1,2.25
2001,2002-03-02,AVL,WHU,1,0,1,3.0,0.0,1.68,3.35,4.55
2001,2002-03-02,BOLN,BLBN,2,1,1,3.0,0.0,2.25,3.15,2.8
2001,2002-03-02,CHA,CHE,3,0,1,3.0,0.0,3.05,3.15,2.12
2001,2002-03-02,FUL,LIVP,1,1,0,1.0,1.0,3.05,3.1,2.15
2001,2002-03-02,IPS,SOU,2,1,1,3.0,0.0,1.95,3.15,3.5
2001,2002-03-02,MID,LEIC,1,2,-1,0.0,3.0,1.55,3.5,5.5
2001,2002-03-02,NEW,ARS,0,0,0,1.0,1.0,2.5,3.05,2.6
2001,2002-03-02,TOT,SUN,0,0,0,1.0,1.0,1.73,3.3,4.25
2001,2002-02-24,LEE,CHA,1,0,1,3.0,0.0,1.45,3.6,6.7
2001,2002-02-24,SUN,NEW,0,5,-1,0.0,3.0,2.75,3.1,2.33
2001,2002-02-23,ARS,FUL,1,2,-1,0.0,3.0,1.4,3.75,7.45
2001,2002-02-23,LEIC,DER,2,0,1,3.0,0.0,2.1,3.25,3.0
2001,2002-02-23,LIVP,EVE,1,1,0,1.0,1.0,1.47,3.5,6.7
2001,2002-02-23,MANU,AVL,0,0,0,1.0,1.0,1.35,4.0,8.0
2001,2002-02-23,SOU,BOLN,1,0,1,3.0,0.0,1.9,3.2,3.6
2001,2002-02-23,WHU,MID,1,0,1,3.0,0.0,1.9,3.15,3.7
2001,2002-02-19,MID,FUL,1,0,1,3.0,0.0,2.35,3.2,2.65
2001,2002-02-10,CHA,MANU,2,0,1,3.0,0.0,7.0,3.8,1.4
2001,2002-02-10,EVE,ARS,2,2,0,1.0,1.0,3.9,3.15,1.85
2001,2002-02-09,AVL,CHE,1,0,1,3.0,0.0,2.48,3.1,2.55
2001,2002-02-09,BOLN,WHU,1,0,1,3.0,0.0,2.2,3.2,2.9
2001,2002-02-09,DER,SUN,0,1,-1,0.0,3.0,2.25,3.15,2.85
2001,2002-02-09,FUL,BLBN,2,1,1,3.0,0.0,1.85,3.2,3.8
2001,2002-02-09,IPS,LIVP,4,3,1,3.0,0.0,3.35,3.25,1.95
2001,2002-02-09,MID,LEE,1,2,-1,0.0,3.0,3.05,3.2,2.1
2001,2002-02-09,NEW,SOU,0,2,-1,0.0,3.0,1.48,3.7,5.85
2001,2002-02-09,TOT,LEIC,2,1,1,3.0,0.0,1.42,3.65,7.25
2001,2002-02-03,LEE,LIVP,1,1,0,1.0,1.0,2.25,3.2,2.78
2001,2002-02-03,MID,CHA,1,1,0,1.0,1.0,2.02,3.25,3.2
2001,2002-02-02,ARS,SOU,3,1,1,3.0,0.0,1.3,4.5,8.0
2001,2002-02-02,DER,TOT,0,1,-1,0.0,3.0,2.82,3.25,2.2
2001,2002-02-02,EVE,IPS,2,1,1,3.0,0.0,2.02,3.3,3.15
2001,2002-02-02,FUL,AVL,0,1,-1,0.0,3.0,2.05,3.1,3.25
2001,2002-02-02,LEIC,CHE,0,1,-1,0.0,3.0,3.9,3.35,1.78
2001,2002-02-02,MANU,SUN,1,2,-1,0.0,3.0,1.22,5.1,10.0
2001,2002-02-02,NEW,BOLN,3,2,1,3.0,0.0,1.42,3.7,7.0
2001,2002-02-02,WHU,BLBN,3,0,1,3.0,0.0,1.9,3.25,3.55
2001,2002-01-30,AVL,EVE,2,2,0,1.0,1.0,1.65,3.3,4.85
2001,2002-01-30,BLBN,ARS,2,2,0,1.0,1.0,3.65,3.25,1.88
2001,2002-01-30,CHE,LEE,0,0,0,1.0,1.0,2.28,3.15,2.8
2001,2002-01-30,IPS,FUL,2,0,1,3.0,0.0,2.2,3.2,2.9
2001,2002-01-30,LIVP,LEIC,0,4,-1,0.0,3.0,1.25,4.75,9.5
2001,2002-01-30,SOU,WHU,4,1,1,3.0,0.0,2.05,3.15,3.25
2001,2002-01-30,TOT,NEW,0,1,-1,0.0,3.0,2.2,3.2,2.9
2001,2002-01-29,BOLN,MANU,0,0,0,1.0,1.0,5.75,3.6,1.51
2001,2002-01-29,CHA,DER,0,2,-1,0.0,3.0,1.7,3.35,4.4
2001,2002-01-29,SUN,MID,1,0,1,3.0,0.0,1.9,3.2,3.6
2001,2002-01-23,LEIC,ARS,2,0,1,3.0,0.0,5.85,3.6,1.5
2001,2002-01-22,MANU,LIVP,3,0,1,3.0,0.0,1.7,3.35,4.2
2001,2002-01-21,CHA,AVL,0,1,-1,0.0,3.0,2.28,3.15,2.8
2001,2002-01-20,CHE,WHU,0,0,0,1.0,1.0,1.55,3.4,5.65
2001,2002-01-20,LEE,ARS,3,3,0,1.0,1.0,2.6,3.15,2.42
2001,2002-01-19,DER,IPS,3,1,1,3.0,0.0,2.3,3.15,2.75
2001,2002-01-19,LEIC,NEW,0,4,-1,0.0,3.0,3.95,3.25,1.7
2001,2002-01-19,LIVP,SOU,2,1,1,3.0,0.0,1.34,4.2,7.8
2001,2002-01-19,MANU,BLBN,2,1,1,3.0,0.0,1.25,5.0,9.0
2001,2002-01-19,MID,BOLN,2,2,0,1.0,1.0,1.95,3.2,3.45
2001,2002-01-19,SUN,FUL,4,2,1,3.0,0.0,2.15,3.1,3.05
2001,2002-01-19,TOT,EVE,3,1,1,3.0,0.0,1.6,3.4,5.2
2001,2002-01-13,ARS,LIVP,1,1,0,1.0,1.0,1.9,3.25,3.55
2001,2002-01-13,SOU,MANU,1,0,1,3.0,0.0,5.15,3.6,1.55
2001,2002-01-12,AVL,DER,1,1,0,1.0,1.0,1.53,3.5,5.65
2001,2002-01-12,BLBN,CHA,1,2,-1,0.0,3.0,2.1,3.1,3.15
2001,2002-01-12,BOLN,CHE,3,0,1,3.0,0.0,3.25,3.35,1.95
2001,2002-01-12,EVE,SUN,2,0,1,3.0,0.0,2.2,3.1,2.95
2001,2002-01-12,FUL,MID,2,2,0,1.0,1.0,1.71,3.3,4.4
2001,2002-01-12,IPS,TOT,3,0,1,3.0,0.0,2.4,3.25,2.55
2001,2002-01-12,NEW,LEE,3,3,0,1.0,1.0,,,
2001,2002-01-12,WHU,LEIC,0,1,-1,0.0,3.0,1.6,3.5,5.0
2001,2002-01-09,SOU,LIVP,2,0,1,3.0,0.0,3.9,3.4,1.76
2001,2002-01-02,DER,FUL,2,1,1,3.0,0.0,2.4,3.1,2.65
2001,2002-01-02,MANU,NEW,1,1,0,1.0,1.0,1.45,3.6,6.0
2001,2002-01-01,CHA,IPS,0,1,-1,0.0,3.0,1.95,3.2,3.55
2001,2002-01-01,CHE,SOU,3,1,1,3.0,0.0,1.4,3.9,7.0
2001,2002-01-01,LEE,WHU,1,2,-1,0.0,3.0,1.5,3.6,6.0
2001,2002-01-01,LIVP,BOLN,0,0,0,1.0,1.0,1.3,4.5,8.0
2001,2002-01-01,MID,EVE,1,0,1,3.0,0.0,1.9,3.25,3.55
2001,2002-01-01,SUN,AVL,0,2,-1,0.0,3.0,2.15,3.0,3.15
2001,2002-01-01,TOT,BLBN,3,0,1,3.0,0.0,1.63,3.45,4.75
2001,2001-12-30,FUL,MANU,1,1,0,1.0,1.0,4.5,3.5,1.65
2001,2001-12-29,ARS,MID,2,0,1,3.0,0.0,1.26,4.5,10.0
2001,2001-12-29,AVL,TOT,3,4,-1,0.0,3.0,2.23,3.15,2.85
2001,2001-12-29,BLBN,DER,0,0,0,1.0,1.0,1.62,3.4,4.9
2001,2001-12-29,BOLN,LEIC,2,0,1,3.0,0.0,2.1,3.2,3.05
2001,2001-12-29,EVE,CHA,1,2,-1,0.0,3.0,1.9,3.2,3.65
2001,2001-12-29,IPS,SUN,2,1,1,3.0,0.0,2.3,3.2,2.7
2001,2001-12-29,NEW,CHE,2,1,1,3.0,0.0,2.0,3.2,3.3
2001,2001-12-29,SOU,LEE,2,3,-1,0.0,3.0,3.45,3.2,1.95
2001,2001-12-29,WHU,LIVP,2,1,1,3.0,0.0,3.5,3.3,1.9
2001,2001-12-26,ARS,CHE,2,2,0,1.0,1.0,1.85,3.2,3.8
2001,2001-12-26,AVL,LIVP,1,0,1,3.0,0.0,2.85,3.25,2.2
2001,2001-12-26,BLBN,SUN,1,1,0,1.0,1.0,2.0,3.2,3.3
2001,2001-12-26,BOLN,LEE,0,0,0,1.0,1.0,3.6,3.2,1.9
2001,2001-12-26,EVE,MANU,0,0,0,1.0,1.0,4.8,3.55,1.6
2001,2001-12-26,FUL,CHA,1,2,-1,0.0,3.0,1.8,3.25,3.95
2001,2001-12-26,IPS,LEIC,2,2,0,1.0,1.0,1.9,3.2,3.6
2001,2001-12-26,NEW,MID,1,2,-1,0.0,3.0,1.6,3.5,4.9
2001,2001-12-26,SOU,TOT,2,2,0,1.0,1.0,2.67,3.1,2.4
2001,2001-12-26,WHU,DER,2,0,1,3.0,0.0,1.65,3.5,4.5
2001,2001-12-23,CHE,BOLN,1,2,-1,0.0,3.0,1.4,3.85,7.0
2001,2001-12-23,LIVP,ARS,0,0,0,1.0,1.0,2.1,3.15,3.1
2001,2001-12-22,CHA,BLBN,1,1,0,1.0,1.0,2.05,3.1,3.25
2001,2001-12-22,DER,AVL,3,2,1,3.0,0.0,2.68,3.1,2.38
2001,2001-12-22,LEE,NEW,0,1,-1,0.0,3.0,,,
2001,2001-12-22,LEIC,WHU,2,1,1,3.0,0.0,2.3,3.2,2.7
2001,2001-12-22,MANU,SOU,1,0,1,3.0,0.0,1.25,4.8,9.25
2001,2001-12-22,SUN,EVE,3,1,1,3.0,0.0,1.7,3.4,4.4
2001,2001-12-22,TOT,IPS,0,0,0,1.0,1.0,1.42,3.75,6.8
2001,2001-12-19,LEE,EVE,2,1,1,3.0,0.0,1.43,3.7,6.8
2001,2001-12-18,ARS,NEW,0,1,-1,0.0,3.0,1.5,3.5,6.1
2001,2001-12-17,AVL,IPS,4,1,1,3.0,0.0,1.5,3.65,5.7
2001,2001-12-16,CHE,LIVP,1,0,1,3.0,0.0,2.45,3.15,2.55
2001,2001-12-16,LEE,LEIC,0,3,-1,0.0,3.0,1.28,4.4,9.3
2001,2001-12-15,BOLN,CHA,0,0,0,1.0,1.0,2.2,3.1,2.95
2001,2001-12-15,EVE,DER,0,0,0,1.0,1.0,1.71,3.35,4.3
2001,2001-12-15,MID,MANU,1,3,-1,0.0,3.0,4.3,3.35,1.71
2001,2001-12-15,NEW,BLBN,0,0,0,1.0,1.0,1.68,3.4,4.4
2001,2001-12-15,SOU,SUN,1,3,-1,0.0,3.0,2.4,3.1,2.65
2001,2001-12-15,TOT,FUL,3,3,0,1.0,1.0,1.85,3.25,3.75
2001,2001-12-15,WHU,ARS,0,2,-1,0.0,3.0,3.8,3.3,1.82
2001,2001-12-12,LIVP,FUL,2,0,1,3.0,0.0,1.45,3.8,6.2
2001,2001-12-12,MANU,DER,2,2,0,1.0,1.0,1.25,5.0,9.0
2001,2001-12-09,ARS,AVL,2,0,1,3.0,0.0,1.45,3.6,6.6
2001,2001-12-09,BLBN,LEE,1,1,0,1.0,1.0,2.85,3.1,2.26
2001,2001-12-09,IPS,NEW,0,0,0,1.0,1.0,2.8,3.15,2.27
2001,2001-12-09,SUN,CHE,2,0,1,3.0,0.0,2.55,3.1,2.5
2001,2001-12-08,CHA,TOT,0,0,0,1.0,1.0,2.75,3.15,2.3
2001,2001-12-08,DER,BOLN,0,0,0,1.0,1.0,2.35,3.1,2.73
2001,2001-12-08,FUL,EVE,2,2,0,1.0,1.0,1.75,3.3,4.15
2001,2001-12-08,LEIC,SOU,0,1,-1,0.0,3.0,1.95,3.2,3.45
2001,2001-12-08,LIVP,MID,0,0,0,1.0,1.0,1.4,4.0,6.7
2001,2001-12-08,MANU,WHU,2,4,-1,0.0,3.0,1.3,4.5,8.2
2001,2001-12-05,CHE,CHA,1,2,-1,0.0,3.0,1.42,3.65,7.3
2001,2001-12-05,WHU,AVL,1,2,-1,0.0,3.0,2.25,3.25,2.75
2001,2001-12-03,TOT,BOLN,1,1,0,1.0,1.0,1.55,3.5,5.4
2001,2001-12-02,EVE,SOU,2,2,0,1.0,1.0,1.8,3.35,3.8
2001,2001-12-02,FUL,LEE,4,1,1,3.0,0.0,2.7,3.15,2.35
2001,2001-12-01,AVL,LEIC,4,2,1,3.0,0.0,1.47,3.6,6.6
2001,2001-12-01,BLBN,MID,1,1,0,1.0,1.0,1.85,3.2,3.8
2001,2001-12-01,CHA,NEW,3,1,1,3.0,0.0,2.62,3.05,2.47
2001,2001-12-01,DER,LIVP,1,0,1,3.0,0.0,4.4,3.35,1.7
2001,2001-12-01,IPS,ARS,1,0,1,3.0,0.0,3.9,3.3,1.8
2001,2001-12-01,MANU,CHE,0,1,-1,0.0,3.0,1.62,3.4,4.9
2001,2001-12-01,SUN,WHU,1,0,1,3.0,0.0,1.8,3.25,3.95
2001,2001-11-25,ARS,MANU,1,0,1,3.0,0.0,2.45,3.0,2.7
2001,2001-11-25,LEE,AVL,2,1,1,3.0,0.0,1.85,3.1,3.95
2001,2001-11-25,LIVP,SUN,4,1,1,3.0,0.0,1.4,3.9,7.0
2001,2001-11-25,MID,IPS,2,1,1,3.0,0.0,1.75,3.2,4.3
2001,2001-11-24,BOLN,FUL,2,2,0,1.0,1.0,2.3,3.1,2.8
2001,2001-11-24,CHE,BLBN,5,1,1,3.0,0.0,1.6,3.4,5.1
2001,2001-11-24,LEIC,EVE,3,3,0,1.0,1.0,2.45,3.0,2.7
2001,2001-11-24,NEW,DER,3,1,1,3.0,0.0,1.45,3.6,6.7
2001,2001-11-24,SOU,CHA,0,1,-1,0.0,3.0,2.3,3.15,2.75
2001,2001-11-24,WHU,TOT,3,4,-1,0.0,3.0,2.55,3.1,2.5
2001,2001-11-19,CHA,WHU,4,1,1,3.0,0.0,2.3,3.1,2.8
2001,2001-11-18,EVE,CHE,2,1,1,3.0,0.0,2.6,3.0,2.5
2001,2001-11-18,IPS,BOLN,2,1,1,3.0,0.0,2.12,3.1,3.1
2001,2001-11-18,SUN,LEE,1,1,0,1.0,1.0,2.8,3.25,2.2
2001,2001-11-17,AVL,MID,1,1,0,1.0,1.0,1.62,3.4,4.9
2001,2001-11-17,BLBN,LIVP,2,0,1,3.0,0.0,3.4,3.1,2.0
2001,2001-11-17,DER,SOU,2,0,1,3.0,0.0,2.1,3.1,3.15
2001,2001-11-17,FUL,NEW,0,0,0,1.0,1.0,2.33,3.05,2.8
2001,2001-11-17,MANU,LEIC,0,2,-1,0.0,3.0,1.22,5.2,9.5
2001,2001-11-17,TOT,ARS,2,1,1,3.0,0.0,2.8,3.05,2.28
2001,2001-11-04,ARS,CHA,2,1,1,3.0,0.0,1.3,4.45,8.1
2001,2001-11-04,CHE,IPS,3,1,1,3.0,0.0,1.4,3.8,7.0
2001,2001-11-04,LEE,TOT,0,3,-1,0.0,3.0,1.55,3.45,5.4
2001,2001-11-04,LIVP,MANU,1,3,-1,0.0,3.0,2.45,2.9,2.75
2001,2001-11-03,BOLN,EVE,3,1,1,3.0,0.0,2.15,3.1,3.05
2001,2001-11-03,LEIC,SUN,4,0,1,3.0,0.0,2.5,3.2,2.47
2001,2001-11-03,MID,DER,2,1,1,3.0,0.0,1.7,3.35,4.35
2001,2001-11-03,NEW,AVL,3,1,1,3.0,0.0,2.25,3.15,2.82
2001,2001-11-03,SOU,BLBN,0,0,0,1.0,1.0,2.4,3.1,2.65
2001,2001-11-03,WHU,FUL,1,1,0,1.0,1.0,2.05,3.15,3.25
2001,2001-10-29,BLBN,LEIC,1,1,0,1.0,1.0,1.45,3.75,6.25
2001,2001-10-28,DER,CHE,1,0,1,3.0,0.0,3.85,3.3,1.75
2001,2001-10-28,IPS,WHU,0,3,-1,0.0,3.0,1.9,3.2,3.65
2001,2001-10-27,AVL,BOLN,2,1,1,3.0,0.0,1.65,3.35,4.85
2001,2001-10-27,CHA,LIVP,1,0,1,3.0,0.0,,,
2001,2001-10-27,EVE,NEW,1,2,-1,0.0,3.0,2.2,3.2,2.9
2001,2001-10-27,FUL,SOU,0,0,0,1.0,1.0,1.7,3.3,4.5
2001,2001-10-27,MANU,LEE,1,2,-1,0.0,3.0,1.75,3.3,4.15
2001,2001-10-27,SUN,ARS,1,1,0,1.0,1.0,3.4,3.25,1.95
2001,2001-10-27,TOT,MID,3,3,0,1.0,1.0,1.65,3.3,4.8
2001,2001-10-24,AVL,CHA,1,0,1,3.0,0.0,1.6,3.45,5.0
2001,2001-10-24,SOU,IPS,1,3,-1,0.0,3.0,2.3,3.2,2.7
2001,2001-10-24,WHU,CHE,2,3,-1,0.0,3.0,2.95,3.2,2.15
2001,2001-10-22,MID,SUN,2,0,1,3.0,0.0,2.45,3.1,2.55
2001,2001-10-21,FUL,IPS,1,3,-1,0.0,3.0,1.8,3.2,4.0
2001,2001-10-21,LEE,CHE,0,1,-1,0.0,3.0,1.85,3.2,3.8
2001,2001-10-21,NEW,TOT,1,1,0,1.0,1.0,1.85,3.2,3.8
2001,2001-10-20,ARS,BLBN,1,1,0,1.0,1.0,1.34,4.0,8.0
2001,2001-10-20,DER,CHA,3,0,1,3.0,0.0,2.3,3.0,2.9
2001,2001-10-20,EVE,AVL,2,0,1,3.0,0.0,2.5,3.1,2.55
2001,2001-10-20,LEIC,LIVP,1,0,1,3.0,0.0,4.35,3.35,1.7
2001,2001-10-20,MANU,BOLN,0,1,-1,0.0,3.0,1.17,5.25,13.0
2001,2001-10-20,WHU,SOU,1,0,1,3.0,0.0,1.9,3.3,3.55
2001,2001-10-15,TOT,DER,3,1,1,3.0,0.0,,,
2001,2001-10-14,AVL,FUL,4,2,1,3.0,0.0,,,
2001,2001-10-14,BLBN,WHU,1,1,0,1.0,1.0,,,
2001,2001-10-13,BOLN,NEW,4,1,1,3.0,0.0,,,
2001,2001-10-13,CHA,MID,1,0,1,3.0,0.0,,,
2001,2001-10-13,CHE,LEIC,1,2,-1,0.0,3.0,,,
2001,2001-10-13,IPS,EVE,0,0,0,1.0,1.0,,,
2001,2001-10-13,LIVP,LEE,2,2,0,1.0,1.0,,,
2001,2001-10-13,SOU,ARS,3,1,1,3.0,0.0,,,
2001,2001-10-13,SUN,MANU,1,1,0,1.0,1.0,,,
2001,2001-09-30,AVL,BLBN,0,0,0,1.0,1.0,,,
2001,2001-09-30,FUL,CHE,3,2,1,3.0,0.0,,,
2001,2001-09-30,IPS,LEE,1,1,0,1.0,1.0,,,
2001,2001-09-30,NEW,LIVP,4,1,1,3.0,0.0,,,
2001,2001-09-29,BOLN,SUN,1,0,1,3.0,0.0,,,
2001,2001-09-29,CHA,LEIC,1,1,0,1.0,1.0,,,
2001,2001-09-29,DER,ARS,2,1,1,3.0,0.0,,,
2001,2001-09-29,EVE,WHU,1,0,1,3.0,0.0,,,
2001,2001-09-29,MID,SOU,1,0,1,3.0,0.0,,,
2001,2001-09-29,TOT,MANU,1,1,0,1.0,1.0,,,
2001,2001-09-26,NEW,LEIC,0,3,-1,0.0,3.0,,,
2001,2001-09-24,SOU,AVL,1,2,-1,0.0,3.0,,,
2001,2001-09-23,CHE,MID,3,0,1,3.0,0.0,,,
2001,2001-09-23,LEE,DER,0,0,0,1.0,1.0,,,
2001,2001-09-23,WHU,NEW,3,1,1,3.0,0.0,,,
2001,2001-09-22,ARS,BOLN,1,0,1,3.0,0.0,,,
2001,2001-09-22,BLBN,EVE,0,1,-1,0.0,3.0,,,
2001,2001-09-22,LEIC,FUL,2,1,1,3.0,0.0,,,
2001,2001-09-22,LIVP,TOT,1,2,-1,0.0,3.0,,,
2001,2001-09-22,MANU,IPS,3,1,1,3.0,0.0,,,
2001,2001-09-22,SUN,CHA,2,3,-1,0.0,3.0,,,
2001,2001-09-19,BLBN,BOLN,1,0,1,3.0,0.0,,,
2001,2001-09-19,SUN,TOT,1,0,1,3.0,0.0,,,
2001,2001-09-17,LEIC,MID,0,2,-1,0.0,3.0,,,
2001,2001-09-16,AVL,SUN,3,1,1,3.0,0.0,,,
2001,2001-09-16,CHA,LEE,3,3,0,1.0,1.0,,,
2001,2001-09-16,IPS,BLBN,2,3,-1,0.0,3.0,,,
2001,2001-09-16,TOT,CHE,3,0,1,3.0,0.0,,,
2001,2001-09-15,BOLN,SOU,4,4,0,1.0,1.0,,,
2001,2001-09-15,DER,LEIC,1,1,0,1.0,1.0,,,
2001,2001-09-15,EVE,LIVP,0,1,-1,0.0,3.0,,,
2001,2001-09-15,FUL,ARS,2,0,1,3.0,0.0,,,
2001,2001-09-15,MID,WHU,2,1,1,3.0,0.0,,,
2001,2001-09-15,NEW,MANU,0,1,-1,0.0,3.0,,,
2001,2001-09-09,CHA,FUL,4,0,1,3.0,0.0,,,
2001,2001-09-09,TOT,SOU,1,0,1,3.0,0.0,,,
2001,2001-09-08,CHE,ARS,0,1,-1,0.0,3.0,,,
2001,2001-09-08,DER,WHU,1,1,0,1.0,1.0,,,
2001,2001-09-08,LEE,BOLN,1,2,-1,0.0,3.0,,,
2001,2001-09-08,LEIC,IPS,0,3,-1,0.0,3.0,,,
2001,2001-09-08,LIVP,AVL,1,0,1,3.0,0.0,,,
2001,2001-09-08,MANU,EVE,0,1,-1,0.0,3.0,,,
2001,2001-09-08,MID,NEW,3,1,1,3.0,0.0,,,
2001,2001-09-08,SUN,BLBN,1,2,-1,0.0,3.0,,,
2001,2001-08-27,BOLN,LIVP,0,1,-1,0.0,3.0,,,
2001,2001-08-26,AVL,MANU,0,2,-1,0.0,3.0,,,
2001,2001-08-26,NEW,SUN,3,0,1,3.0,0.0,,,
2001,2001-08-25,ARS,LEIC,0,2,-1,0.0,3.0,,,
2001,2001-08-25,BLBN,TOT,2,1,1,3.0,0.0,,,
2001,2001-08-25,EVE,MID,1,0,1,3.0,0.0,,,
2001,2001-08-25,FUL,DER,2,0,1,3.0,0.0,,,
2001,2001-08-25,IPS,CHA,1,1,0,1.0,1.0,,,
2001,2001-08-25,SOU,CHE,1,2,-1,0.0,3.0,,,
2001,2001-08-25,WHU,LEE,1,1,0,1.0,1.0,,,
2001,2001-08-22,BLBN,MANU,3,1,1,3.0,0.0,,,
2001,2001-08-22,FUL,SUN,2,2,0,1.0,1.0,,,
2001,2001-08-21,ARS,LEE,2,0,1,3.0,0.0,,,
2001,2001-08-21,BOLN,MID,0,1,-1,0.0,3.0,,,
2001,2001-08-21,IPS,DER,0,0,0,1.0,1.0,,,
2001,2001-08-20,EVE,TOT,0,0,0,1.0,1.0,,,
2001,2001-08-19,CHE,NEW,1,0,1,3.0,0.0,,,
2001,2001-08-19,MANU,FUL,0,2,-1,0.0,3.0,,,
2001,2001-08-18,CHA,EVE,3,1,1,3.0,0.0,,,
2001,2001-08-18,DER,BLBN,4,0,1,3.0,0.0,,,
2001,2001-08-18,LEE,SOU,2,1,1,3.0,0.0,,,
2001,2001-08-18,LEIC,BOLN,1,1,0,1.0,1.0,,,
2001,2001-08-18,LIVP,WHU,2,0,1,3.0,0.0,,,
2001,2001-08-18,MID,ARS,1,2,-1,0.0,3.0,,,
2001,2001-08-18,SUN,IPS,1,1,0,1.0,1.0,,,
2001,2001-08-18,TOT,AVL,0,0,0,1.0,1.0,,,
