season,date,home_team,away_team,hometeamgoals,awayteamgoals,hometeamresult,home_team_points,away_team_points,OddHome,OddDraw,OddAway
2024,2025-05-25,ATA,PAR,1,1,0,1.0,1.0,1.76,3.63,4.84
2024,2025-05-25,EMP,VER,0,2,-1,0.0,3.0,1.98,3.24,4.21
2024,2025-05-25,LAZ,LEC,2,0,1,3.0,0.0,1.56,3.72,7.09
2024,2025-05-25,TOR,ROM,0,2,-1,0.0,3.0,5.74,4.16,1.57
2024,2025-05-25,UDI,FIO,3,5,-1,0.0,3.0,3.68,3.64,1.99
2024,2025-05-25,VEN,JUV,2,3,-1,0.0,3.0,5.8,4.23,1.55
2024,2025-05-24,BOLG,GEN,0,0,0,1.0,1.0,1.5,4.45,6.3
2024,2025-05-24,MIL,MON,0,1,-1,0.0,3.0,1.22,7.1,11.13
2024,2025-05-23,COM,INT,0,1,-1,0.0,3.0,4.82,4.3,1.65
2024,2025-05-23,NAP,CAG,0,1,-1,0.0,3.0,1.19,6.94,14.74
2024,2025-05-18,CAG,VEN,3,2,1,3.0,0.0,2.58,3.01,3.02
2024,2025-05-18,FIO,BOLG,1,0,1,3.0,0.0,2.77,3.12,2.71
2024,2025-05-18,INT,LAZ,0,1,-1,0.0,3.0,1.63,4.13,5.06
2024,2025-05-18,JUV,UDI,0,2,-1,0.0,3.0,1.36,4.82,9.02
2024,2025-05-18,LEC,TOR,3,0,1,3.0,0.0,1.86,3.38,4.58
2024,2025-05-18,MON,EMP,0,0,0,1.0,1.0,4.88,3.63,1.74
2024,2025-05-18,PAR,NAP,2,0,1,3.0,0.0,6.32,4.19,1.52
2024,2025-05-18,ROM,MIL,2,1,1,3.0,0.0,2.31,3.54,2.97
2024,2025-05-18,VER,COM,1,2,-1,0.0,3.0,3.48,3.32,2.16
2024,2025-05-17,GEN,ATA,1,2,-1,0.0,3.0,4.54,3.79,1.76
2024,2025-05-12,VEN,FIO,0,2,-1,0.0,3.0,3.06,3.2,2.41
2024,2025-05-12,ATA,ROM,3,0,1,3.0,0.0,1.99,3.54,3.71
2024,2025-05-11,UDI,MON,1,1,0,1.0,1.0,1.48,4.35,6.8
2024,2025-05-11,VER,LEC,0,1,-1,0.0,3.0,2.22,3.03,3.72
2024,2025-05-11,TOR,INT,0,2,-1,0.0,3.0,5.93,4.1,1.56
2024,2025-05-11,NAP,GEN,1,1,0,1.0,1.0,1.29,5.08,11.88
2024,2025-05-10,COM,CAG,2,2,0,1.0,1.0,1.75,3.76,4.66
2024,2025-05-10,LAZ,JUV,0,0,0,1.0,1.0,2.46,3.2,3.03
2024,2025-05-10,EMP,PAR,0,3,-1,0.0,3.0,2.14,3.39,3.48
2024,2025-05-09,MIL,BOLG,1,0,1,3.0,0.0,2.35,3.38,3.05
2024,2025-05-05,GEN,MIL,1,1,0,1.0,1.0,4.48,3.7,1.79
2024,2025-05-04,EMP,LAZ,1,1,0,1.0,1.0,4.42,3.62,1.82
2024,2025-05-04,MON,ATA,1,1,0,1.0,1.0,12.68,6.51,1.22
2024,2025-05-04,ROM,FIO,2,1,1,3.0,0.0,1.65,3.85,5.32
2024,2025-05-04,BOLG,JUV,2,0,1,3.0,0.0,2.43,3.1,3.15
2024,2025-05-03,CAG,UDI,5,0,1,3.0,0.0,2.21,3.16,3.53
2024,2025-05-03,PAR,COM,2,2,0,1.0,1.0,3.1,3.38,2.31
2024,2025-05-03,LEC,NAP,1,0,1,3.0,0.0,6.55,4.08,1.53
2024,2025-05-03,INT,VER,2,1,1,3.0,0.0,1.33,5.03,9.61
2024,2025-05-02,TOR,VEN,4,2,1,3.0,0.0,2.48,2.96,3.28
2024,2025-04-28,UDI,BOLG,3,1,1,3.0,0.0,4.47,3.44,1.86
2024,2025-04-28,LAZ,PAR,1,3,-1,0.0,3.0,1.51,4.4,6.17
2024,2025-04-28,VER,CAG,2,0,1,3.0,0.0,2.6,2.79,3.24
2024,2025-04-27,COM,GEN,1,0,1,3.0,0.0,1.85,3.48,4.5
2024,2025-04-27,VEN,MIL,3,2,1,3.0,0.0,4.71,3.98,1.7
2024,2025-04-27,FIO,EMP,1,3,-1,0.0,3.0,1.82,3.51,4.61
2024,2025-04-27,INT,ROM,1,1,0,1.0,1.0,1.76,3.73,4.65
2024,2025-04-27,JUV,MON,1,0,1,3.0,0.0,1.18,7.11,15.31
2024,2025-04-27,ATA,LEC,0,1,-1,0.0,3.0,1.23,6.32,12.23
2024,2025-04-27,NAP,TOR,0,3,-1,0.0,3.0,1.42,4.43,8.17
2024,2025-04-23,CAG,FIO,1,1,0,1.0,1.0,3.04,3.18,2.46
2024,2025-04-23,GEN,LAZ,0,1,-1,0.0,3.0,3.37,3.14,2.29
2024,2025-04-23,PAR,JUV,2,3,-1,0.0,3.0,4.68,3.7,1.76
2024,2025-04-23,TOR,UDI,0,0,0,1.0,1.0,2.42,3.01,3.26
2024,2025-04-20,EMP,VEN,0,1,-1,0.0,3.0,2.3,3.03,3.48
2024,2025-04-20,BOLG,INT,0,0,0,1.0,1.0,3.28,3.13,2.34
2024,2025-04-20,MIL,ATA,2,2,0,1.0,1.0,2.53,3.47,2.7
2024,2025-04-19,LEC,COM,1,1,0,1.0,1.0,3.67,3.37,2.07
2024,2025-04-19,MON,NAP,2,0,1,3.0,0.0,12.96,5.47,1.26
2024,2025-04-19,ROM,VER,2,0,1,3.0,0.0,1.4,4.48,8.8
2024,2025-04-14,NAP,EMP,1,1,0,1.0,1.0,1.32,5.01,10.01
2024,2025-04-13,ATA,BOLG,2,1,1,3.0,0.0,1.99,3.52,3.78
2024,2025-04-13,FIO,PAR,2,1,1,3.0,0.0,1.71,3.74,4.99
2024,2025-04-13,VER,GEN,1,3,-1,0.0,3.0,2.98,2.91,2.68
2024,2025-04-13,COM,TOR,1,1,0,1.0,1.0,1.92,3.46,4.12
2024,2025-04-13,LAZ,ROM,2,3,-1,0.0,3.0,2.83,3.2,2.6
2024,2025-04-12,VEN,MON,2,1,1,3.0,0.0,1.74,3.67,4.89
2024,2025-04-12,INT,CAG,2,5,-1,0.0,3.0,1.33,5.28,9.06
2024,2025-04-12,JUV,LEC,3,0,1,3.0,0.0,1.33,4.92,10.05
2024,2025-04-11,UDI,MIL,2,1,1,3.0,0.0,4.0,3.56,1.95
2024,2025-04-07,BOLG,NAP,1,1,0,1.0,1.0,2.92,3.04,2.64
2024,2025-04-06,LEC,VEN,0,2,-1,0.0,3.0,2.33,3.06,3.41
2024,2025-04-06,EMP,CAG,1,2,-1,0.0,3.0,2.54,3.07,3.01
2024,2025-04-06,TOR,VER,1,0,1,3.0,0.0,1.81,3.35,4.96
2024,2025-04-06,ATA,LAZ,2,2,0,1.0,1.0,1.71,3.94,4.78
2024,2025-04-06,ROM,JUV,2,2,0,1.0,1.0,2.51,3.13,3.01
2024,2025-04-05,MON,COM,2,0,1,3.0,0.0,5.18,3.8,1.69
2024,2025-04-05,PAR,INT,0,0,0,1.0,1.0,6.44,4.45,1.49
2024,2025-04-05,MIL,FIO,0,1,-1,0.0,3.0,1.91,3.65,4.01
2024,2025-04-04,GEN,UDI,0,1,-1,0.0,3.0,2.49,2.96,3.26
2024,2025-03-31,VER,PAR,1,1,0,1.0,1.0,2.42,3.11,3.17
2024,2025-03-31,LAZ,TOR,5,2,1,3.0,0.0,1.76,3.56,4.94
2024,2025-03-30,CAG,MON,1,1,0,1.0,1.0,1.68,3.64,5.56
2024,2025-03-30,FIO,ATA,0,1,-1,0.0,3.0,3.61,3.5,2.05
2024,2025-03-30,INT,UDI,1,3,-1,0.0,3.0,1.38,4.76,8.37
2024,2025-03-30,NAP,MIL,1,0,1,3.0,0.0,1.96,3.57,3.82
2024,2025-03-29,COM,EMP,0,1,-1,0.0,3.0,1.76,3.41,5.32
2024,2025-03-29,VEN,BOLG,5,1,1,3.0,0.0,4.73,3.5,1.8
2024,2025-03-29,JUV,GEN,1,0,1,3.0,0.0,1.54,3.97,6.82
2024,2025-03-29,LEC,ROM,1,0,1,3.0,0.0,4.84,3.52,1.78
2024,2025-03-16,VEN,NAP,0,2,-1,0.0,3.0,6.57,4.12,1.52
2024,2025-03-16,BOLG,LAZ,0,0,0,1.0,1.0,2.39,3.12,3.23
2024,2025-03-16,ROM,CAG,0,0,0,1.0,1.0,1.55,4.11,6.18
2024,2025-03-16,FIO,JUV,2,0,1,3.0,0.0,3.41,3.16,2.28
2024,2025-03-16,ATA,INT,2,1,1,3.0,0.0,2.55,3.34,2.79
2024,2025-03-15,MON,PAR,1,0,1,3.0,0.0,3.04,3.08,2.54
2024,2025-03-15,UDI,VER,2,1,1,3.0,0.0,1.76,3.55,4.97
2024,2025-03-15,MIL,COM,2,1,1,3.0,0.0,1.8,3.79,4.41
2024,2025-03-15,TOR,EMP,2,1,1,3.0,0.0,1.84,3.38,4.77
2024,2025-03-14,GEN,LEC,2,1,1,3.0,0.0,2.11,2.99,4.22
2024,2025-03-10,LAZ,UDI,3,2,1,3.0,0.0,1.74,3.69,4.88
2024,2025-03-09,VER,BOLG,0,2,-1,0.0,3.0,5.01,3.45,1.79
2024,2025-03-09,NAP,FIO,0,3,-1,0.0,3.0,1.57,3.99,6.22
2024,2025-03-09,EMP,ROM,1,1,0,1.0,1.0,3.9,3.44,1.99
2024,2025-03-09,JUV,ATA,0,2,-1,0.0,3.0,2.52,3.25,2.88
2024,2025-03-08,COM,VEN,3,1,1,3.0,0.0,1.58,3.92,6.19
2024,2025-03-08,PAR,TOR,0,2,-1,0.0,3.0,3.07,3.23,2.43
2024,2025-03-08,LEC,MIL,1,3,-1,0.0,3.0,4.64,3.69,1.78
2024,2025-03-08,INT,MON,1,1,0,1.0,1.0,1.13,8.77,19.43
2024,2025-03-07,CAG,GEN,0,5,-1,0.0,3.0,2.45,3.06,3.2
2024,2025-03-03,JUV,VER,1,4,-1,0.0,3.0,1.29,5.37,10.71
2024,2025-03-02,MON,TOR,1,1,0,1.0,1.0,4.06,3.33,1.98
2024,2025-03-02,BOLG,CAG,0,2,-1,0.0,3.0,1.57,3.98,6.16
2024,2025-03-02,GEN,EMP,0,1,-1,0.0,3.0,1.95,3.23,4.35
2024,2025-03-02,ROM,COM,2,0,1,3.0,0.0,1.92,3.59,4.0
2024,2025-03-02,MIL,LAZ,2,2,0,1.0,1.0,2.05,3.59,3.5
2024,2025-03-01,ATA,VEN,1,1,0,1.0,1.0,1.2,6.85,13.99
2024,2025-03-01,NAP,INT,0,1,-1,0.0,3.0,3.2,3.16,2.39
2024,2025-03-01,UDI,PAR,2,0,1,3.0,0.0,1.81,3.59,4.54
2024,2025-02-28,FIO,LEC,5,1,1,3.0,0.0,1.8,3.51,4.93
2024,2025-02-27,BOLG,MIL,0,1,-1,0.0,3.0,2.84,3.28,2.54
2024,2025-02-24,ROM,MON,1,3,-1,0.0,3.0,1.32,5.26,9.74
2024,2025-02-23,COM,NAP,2,1,1,3.0,0.0,3.54,3.17,2.22
2024,2025-02-23,VER,FIO,4,1,1,3.0,0.0,4.16,3.54,1.9
2024,2025-02-23,EMP,ATA,1,2,-1,0.0,3.0,5.82,4.16,1.56
2024,2025-02-23,CAG,JUV,2,0,1,3.0,0.0,4.0,3.51,1.94
2024,2025-02-22,PAR,BOLG,2,0,1,3.0,0.0,4.03,3.63,1.92
2024,2025-02-22,VEN,LAZ,1,2,-1,0.0,3.0,5.08,4.06,1.66
2024,2025-02-22,TOR,MIL,1,2,-1,0.0,3.0,3.86,3.39,2.03
2024,2025-02-22,INT,GEN,3,1,1,3.0,0.0,1.26,5.9,11.5
2024,2025-02-21,LEC,UDI,0,2,-1,0.0,3.0,2.99,3.05,2.61
2024,2025-02-17,GEN,VEN,1,1,0,1.0,1.0,1.89,3.47,4.33
2024,2025-02-16,FIO,COM,0,0,0,1.0,1.0,2.03,3.53,3.68
2024,2025-02-16,MON,LEC,1,2,-1,0.0,3.0,2.73,3.13,2.74
2024,2025-02-16,UDI,EMP,1,0,1,3.0,0.0,1.81,3.49,4.73
2024,2025-02-16,PAR,ROM,3,1,1,3.0,0.0,3.62,3.56,2.04
2024,2025-02-16,JUV,INT,0,3,-1,0.0,3.0,3.38,3.25,2.24
2024,2025-02-15,ATA,CAG,1,1,0,1.0,1.0,1.44,4.82,6.89
2024,2025-02-15,LAZ,NAP,2,0,1,3.0,0.0,2.66,3.18,2.79
2024,2025-02-15,MIL,VER,1,2,-1,0.0,3.0,1.33,5.37,9.17
2024,2025-02-14,BOLG,TOR,0,3,-1,0.0,3.0,1.8,3.37,5.25
2024,2025-02-10,INT,FIO,0,2,-1,0.0,3.0,1.47,4.57,6.59
2024,2025-02-09,VEN,ROM,1,1,0,1.0,1.0,4.78,3.88,1.71
2024,2025-02-09,CAG,PAR,1,0,1,3.0,0.0,1.88,3.71,3.99
2024,2025-02-09,LAZ,MON,0,2,-1,0.0,3.0,1.36,4.97,8.72
2024,2025-02-09,LEC,BOLG,2,0,1,3.0,0.0,4.34,3.42,1.9
2024,2025-02-09,NAP,UDI,2,1,1,3.0,0.0,1.43,4.45,7.76
2024,2025-02-08,VER,ATA,2,1,1,3.0,0.0,6.01,4.3,1.54
2024,2025-02-08,EMP,MIL,2,1,1,3.0,0.0,5.64,3.71,1.67
2024,2025-02-08,TOR,GEN,0,0,0,1.0,1.0,2.27,3.0,3.66
2024,2025-02-07,COM,JUV,1,1,0,1.0,1.0,3.83,3.41,2.04
2024,2025-02-06,FIO,INT,0,1,-1,0.0,3.0,3.67,3.55,2.02
2024,2025-02-03,CAG,LAZ,0,1,-1,0.0,3.0,3.67,3.52,2.02
2024,2025-02-02,JUV,EMP,1,3,-1,0.0,3.0,1.37,4.74,8.93
2024,2025-02-02,FIO,GEN,0,0,0,1.0,1.0,1.66,3.8,5.36
2024,2025-02-02,MIL,INT,1,1,0,1.0,1.0,3.88,3.59,1.94
2024,2025-02-02,ROM,NAP,2,1,1,3.0,0.0,3.1,3.19,2.42
2024,2025-02-01,MON,VER,0,3,-1,0.0,3.0,2.31,3.1,3.38
2024,2025-02-01,UDI,VEN,1,2,-1,0.0,3.0,1.84,3.53,4.41
2024,2025-02-01,ATA,TOR,1,2,-1,0.0,3.0,1.43,4.51,7.73
2024,2025-02-01,BOLG,COM,2,0,1,3.0,0.0,1.89,3.55,4.16
2024,2025-01-31,PAR,LEC,0,0,0,1.0,1.0,2.15,3.4,3.45
2024,2025-01-27,VEN,VER,2,0,1,3.0,0.0,2.19,3.38,3.34
2024,2025-01-27,GEN,MON,1,1,0,1.0,1.0,2.25,3.06,3.59
2024,2025-01-26,MIL,PAR,2,1,1,3.0,0.0,1.29,5.93,9.23
2024,2025-01-26,UDI,ROM,1,1,0,1.0,1.0,3.3,3.29,2.25
2024,2025-01-26,LEC,INT,0,0,0,1.0,1.0,9.16,5.27,1.33
2024,2025-01-26,LAZ,FIO,3,4,-1,0.0,3.0,2.0,3.47,3.78
2024,2025-01-25,COM,ATA,2,1,1,3.0,0.0,4.13,3.67,1.87
2024,2025-01-25,NAP,JUV,0,1,-1,0.0,3.0,2.14,3.1,3.82
2024,2025-01-25,EMP,BOLG,0,3,-1,0.0,3.0,3.83,3.24,2.08
2024,2025-01-24,TOR,CAG,2,4,-1,0.0,3.0,2.25,3.13,3.53
2024,2025-01-20,COM,UDI,2,1,1,3.0,0.0,2.14,3.36,3.49
2024,2025-01-19,FIO,TOR,1,2,-1,0.0,3.0,1.74,3.46,5.34
2024,2025-01-19,CAG,LEC,1,2,-1,0.0,3.0,1.95,3.44,4.03
2024,2025-01-19,PAR,VEN,1,1,0,1.0,1.0,2.18,3.56,3.18
2024,2025-01-19,VER,LAZ,1,0,1,3.0,0.0,4.62,3.67,1.77
2024,2025-01-19,INT,EMP,1,0,1,3.0,0.0,1.22,6.46,12.56
2024,2025-01-18,BOLG,MON,1,1,0,1.0,1.0,1.61,3.88,5.85
2024,2025-01-18,JUV,MIL,0,2,-1,0.0,3.0,2.2,3.24,3.47
2024,2025-01-18,ATA,NAP,0,2,-1,0.0,3.0,2.32,3.24,3.21
2024,2025-01-17,ROM,GEN,0,2,-1,0.0,3.0,1.49,4.18,7.13
2024,2025-01-15,INT,BOLG,1,2,-1,0.0,3.0,1.47,4.45,6.85
2024,2025-01-14,COM,MIL,1,1,0,1.0,1.0,4.02,3.57,1.93
2024,2025-01-14,ATA,JUV,2,1,1,3.0,0.0,2.11,3.2,3.81
2024,2025-01-13,MON,FIO,1,1,0,1.0,1.0,4.14,3.57,1.87
2024,2025-01-12,GEN,PAR,2,1,1,3.0,0.0,1.96,3.54,3.81
2024,2025-01-12,VEN,INT,3,0,1,3.0,0.0,10.35,5.73,1.28
2024,2025-01-12,BOLG,ROM,0,1,-1,0.0,3.0,2.77,3.23,2.61
2024,2025-01-12,NAP,VER,2,0,1,3.0,0.0,1.24,6.06,12.0
2024,2025-01-11,EMP,LEC,1,5,-1,0.0,3.0,2.04,3.12,4.13
2024,2025-01-11,UDI,ATA,1,1,0,1.0,1.0,5.03,4.0,1.65
2024,2025-01-11,TOR,JUV,0,0,0,1.0,1.0,4.8,3.23,1.87
2024,2025-01-11,MIL,CAG,1,0,1,3.0,0.0,1.33,5.31,8.99
2024,2025-01-10,LAZ,COM,1,0,1,3.0,0.0,1.92,3.47,4.11
2024,2025-01-05,MON,CAG,1,0,1,3.0,0.0,2.44,3.22,3.01
2024,2025-01-05,LEC,GEN,3,0,1,3.0,0.0,2.65,2.99,2.93
2024,2025-01-05,TOR,PAR,0,2,-1,0.0,3.0,1.88,3.5,4.25
2024,2025-01-05,ROM,LAZ,2,1,1,3.0,0.0,2.52,3.17,2.92
2024,2025-01-04,VEN,EMP,1,2,-1,0.0,3.0,2.33,3.14,3.29
2024,2025-01-04,FIO,NAP,2,1,1,3.0,0.0,2.92,3.19,2.53
2024,2025-01-04,VER,UDI,1,0,1,3.0,0.0,3.08,3.02,2.52
2024,2024-12-30,COM,LEC,0,0,0,1.0,1.0,1.73,3.7,4.95
2024,2024-12-30,BOLG,VER,0,3,-1,0.0,3.0,1.5,4.15,6.73
2024,2024-12-29,UDI,TOR,2,0,1,3.0,0.0,2.23,3.12,3.52
2024,2024-12-29,NAP,VEN,0,1,-1,0.0,3.0,1.27,5.84,10.81
2024,2024-12-29,JUV,FIO,1,2,-1,0.0,3.0,1.93,3.4,4.14
2024,2024-12-29,MIL,ROM,4,1,1,3.0,0.0,2.22,3.44,3.21
2024,2024-12-28,EMP,GEN,0,3,-1,0.0,3.0,2.55,2.9,3.2
2024,2024-12-28,PAR,MON,1,1,0,1.0,1.0,2.3,3.47,3.04
2024,2024-12-28,CAG,INT,2,1,1,3.0,0.0,6.91,4.73,1.44
2024,2024-12-28,LAZ,ATA,0,2,-1,0.0,3.0,2.93,3.37,2.43
2024,2024-12-23,FIO,UDI,0,0,0,1.0,1.0,1.6,3.98,5.64
2024,2024-12-23,INT,COM,1,0,1,3.0,0.0,1.23,6.4,12.33
2024,2024-12-22,ROM,PAR,2,4,-1,0.0,3.0,1.53,4.31,6.0
2024,2024-12-22,VEN,CAG,3,0,1,3.0,0.0,2.5,3.31,2.9
2024,2024-12-22,ATA,EMP,3,0,1,3.0,0.0,1.28,5.62,10.84
2024,2024-12-22,MON,JUV,1,0,1,3.0,0.0,5.83,3.6,1.66
2024,2024-12-21,TOR,BOLG,2,0,1,3.0,0.0,3.32,2.9,2.48
2024,2024-12-21,GEN,NAP,2,2,0,1.0,1.0,5.26,3.67,1.7
2024,2024-12-21,LEC,LAZ,1,2,-1,0.0,3.0,4.93,3.62,1.75
2024,2024-12-20,VER,MIL,1,0,1,3.0,0.0,5.49,4.1,1.61
2024,2024-12-16,LAZ,INT,1,2,-1,0.0,3.0,3.54,3.37,2.12
2024,2024-12-15,LEC,MON,0,2,-1,0.0,3.0,2.51,3.07,3.08
2024,2024-12-15,BOLG,FIO,0,2,-1,0.0,3.0,2.71,3.11,2.77
2024,2024-12-15,PAR,VER,0,1,-1,0.0,3.0,1.87,3.64,4.18
2024,2024-12-15,COM,ROM,1,1,0,1.0,1.0,3.32,3.3,2.24
2024,2024-12-15,MIL,GEN,1,1,0,1.0,1.0,1.35,5.08,8.68
2024,2024-12-14,CAG,ATA,1,0,1,3.0,0.0,5.63,4.36,1.55
2024,2024-12-14,UDI,NAP,0,3,-1,0.0,3.0,5.06,3.51,1.76
2024,2024-12-14,JUV,VEN,0,1,-1,0.0,3.0,1.32,5.09,10.12
2024,2024-12-13,EMP,TOR,0,1,-1,0.0,3.0,2.7,2.86,3.06
2024,2024-12-09,MON,UDI,1,0,1,3.0,0.0,2.7,3.04,2.85
2024,2024-12-08,FIO,CAG,4,6,-1,0.0,3.0,1.51,4.45,6.03
2024,2024-12-08,VER,EMP,0,2,-1,0.0,3.0,2.57,2.84,3.24
2024,2024-12-08,VEN,COM,3,4,-1,0.0,3.0,2.76,3.32,2.6
2024,2024-12-08,NAP,LAZ,1,2,-1,0.0,3.0,1.9,3.47,4.26
2024,2024-12-07,GEN,TOR,1,1,0,1.0,1.0,2.49,3.07,3.13
2024,2024-12-07,JUV,BOLG,1,2,-1,0.0,3.0,1.7,3.6,5.51
2024,2024-12-07,ROM,LEC,3,0,1,3.0,0.0,1.57,4.03,6.2
2024,2024-12-06,INT,PAR,0,1,-1,0.0,3.0,1.18,7.93,13.75
2024,2024-12-06,ATA,MIL,1,1,0,1.0,1.0,2.16,3.48,3.39
2024,2024-12-02,ROM,ATA,2,2,0,1.0,1.0,3.19,3.46,2.24
2024,2024-12-01,UDI,GEN,2,0,1,3.0,0.0,2.02,3.33,3.98
2024,2024-12-01,PAR,LAZ,0,2,-1,0.0,3.0,4.1,3.87,1.83
2024,2024-12-01,TOR,NAP,1,1,0,1.0,1.0,4.91,3.45,1.8
2024,2024-12-01,LEC,JUV,0,2,-1,0.0,3.0,5.44,3.6,1.7
2024,2024-11-30,COM,MON,0,2,-1,0.0,3.0,2.06,3.29,3.9
2024,2024-11-30,MIL,EMP,0,0,0,1.0,1.0,1.37,4.97,8.81
2024,2024-11-30,BOLG,VEN,1,0,1,3.0,0.0,1.67,3.89,5.31
2024,2024-11-29,CAG,VER,5,1,1,3.0,0.0,1.96,3.45,4.08
2024,2024-11-25,EMP,UDI,1,0,1,3.0,0.0,2.85,2.86,2.87
2024,2024-11-25,VEN,LEC,1,0,1,3.0,0.0,2.33,3.27,3.18
2024,2024-11-24,GEN,CAG,2,4,-1,0.0,3.0,2.63,3.17,2.87
2024,2024-11-24,COM,FIO,1,2,-1,0.0,3.0,3.2,3.23,2.35
2024,2024-11-24,TOR,MON,4,4,0,1.0,1.0,2.06,3.03,4.3
2024,2024-11-24,NAP,ROM,2,2,0,1.0,1.0,1.75,3.61,4.98
2024,2024-11-24,LAZ,BOLG,1,1,0,1.0,1.0,1.91,3.42,4.35
2024,2024-11-23,VER,INT,2,0,1,3.0,0.0,7.99,5.16,1.38
2024,2024-11-23,MIL,JUV,1,1,0,1.0,1.0,2.2,3.27,3.53
2024,2024-11-23,PAR,ATA,0,1,-1,0.0,3.0,4.95,4.27,1.64
2024,2024-11-10,ATA,UDI,2,1,1,3.0,0.0,1.38,4.99,8.11
2024,2024-11-10,FIO,VER,2,1,1,3.0,0.0,1.45,4.58,7.14
2024,2024-11-10,ROM,BOLG,0,0,0,1.0,1.0,2.11,3.32,3.66
2024,2024-11-10,MON,LAZ,0,3,-1,0.0,3.0,4.42,3.53,1.85
2024,2024-11-10,INT,NAP,2,1,1,3.0,0.0,1.88,3.66,4.11
2024,2024-11-09,VEN,PAR,1,4,-1,0.0,3.0,2.56,3.43,2.75
2024,2024-11-09,CAG,MIL,0,0,0,1.0,1.0,5.31,4.14,1.61
2024,2024-11-09,JUV,TOR,2,1,1,3.0,0.0,1.58,3.89,6.5
2024,2024-11-08,LEC,EMP,4,2,1,3.0,0.0,2.44,2.93,3.4
2024,2024-11-07,GEN,COM,3,2,1,3.0,0.0,3.04,3.14,2.48
2024,2024-11-04,EMP,COM,3,2,1,3.0,0.0,2.74,3.16,2.72
2024,2024-11-04,PAR,GEN,1,1,0,1.0,1.0,1.88,3.64,4.14
2024,2024-11-04,LAZ,CAG,3,0,1,3.0,0.0,1.51,4.23,6.56
2024,2024-11-03,NAP,ATA,1,1,0,1.0,1.0,2.09,3.44,3.6
2024,2024-11-03,TOR,FIO,2,1,1,3.0,0.0,3.27,3.25,2.3
2024,2024-11-03,VER,ROM,1,2,-1,0.0,3.0,4.59,3.6,1.81
2024,2024-11-03,INT,VEN,1,0,1,3.0,0.0,1.16,8.01,15.57
2024,2024-11-02,BOLG,LEC,2,0,1,3.0,0.0,1.66,3.69,5.87
2024,2024-11-02,UDI,JUV,2,3,-1,0.0,3.0,4.23,3.21,2.01
2024,2024-11-02,MON,MIL,0,0,0,1.0,1.0,4.97,3.78,1.72
2024,2024-10-31,GEN,FIO,0,2,-1,0.0,3.0,4.43,3.71,1.81
2024,2024-10-31,COM,LAZ,0,1,-1,0.0,3.0,2.9,3.34,2.48
2024,2024-10-31,ROM,TOR,1,2,-1,0.0,3.0,1.7,3.85,5.0
2024,2024-10-30,EMP,INT,2,1,1,3.0,0.0,7.35,4.56,1.45
2024,2024-10-30,VEN,UDI,1,2,-1,0.0,3.0,2.76,3.18,2.73
2024,2024-10-30,ATA,MON,1,1,0,1.0,1.0,1.31,5.53,9.78
2024,2024-10-30,JUV,PAR,0,0,0,1.0,1.0,1.4,4.9,7.87
2024,2024-10-29,CAG,BOLG,1,1,0,1.0,1.0,3.12,3.21,2.44
2024,2024-10-29,LEC,VER,2,3,-1,0.0,3.0,2.32,3.21,3.32
2024,2024-10-29,MIL,NAP,1,1,0,1.0,1.0,2.51,3.39,2.86
2024,2024-10-27,PAR,EMP,2,1,1,3.0,0.0,2.19,3.42,3.4
2024,2024-10-27,LAZ,GEN,1,1,0,1.0,1.0,1.53,4.26,6.31
2024,2024-10-27,MON,VEN,1,0,1,3.0,0.0,2.17,3.23,3.61
2024,2024-10-27,INT,JUV,0,1,-1,0.0,3.0,1.77,3.51,5.04
2024,2024-10-27,FIO,ROM,3,0,1,3.0,0.0,2.58,3.27,2.83
2024,2024-10-26,NAP,LEC,0,1,-1,0.0,3.0,1.29,5.62,10.86
2024,2024-10-26,ATA,VER,3,0,1,3.0,0.0,1.4,5.06,7.57
2024,2024-10-25,UDI,CAG,2,0,1,3.0,0.0,2.26,3.19,3.49
2024,2024-10-25,TOR,COM,0,3,-1,0.0,3.0,2.7,3.03,2.93
2024,2024-10-21,VER,MON,2,1,1,3.0,0.0,2.35,3.03,3.44
2024,2024-10-20,EMP,NAP,0,1,-1,0.0,3.0,5.5,3.75,1.67
2024,2024-10-20,LEC,FIO,0,1,-1,0.0,3.0,3.16,3.29,2.35
2024,2024-10-20,VEN,ATA,2,1,1,3.0,0.0,5.22,4.11,1.63
2024,2024-10-20,CAG,TOR,2,0,1,3.0,0.0,2.8,3.19,2.66
2024,2024-10-20,ROM,INT,2,3,-1,0.0,3.0,4.2,3.8,1.83
2024,2024-10-19,COM,PAR,3,0,1,3.0,0.0,2.0,3.72,3.64
2024,2024-10-19,GEN,BOLG,0,1,-1,0.0,3.0,3.74,3.15,2.18
2024,2024-10-19,MIL,UDI,1,2,-1,0.0,3.0,1.39,5.07,8.0
2024,2024-10-19,JUV,LAZ,1,1,0,1.0,1.0,2.05,3.31,3.94
2024,2024-10-06,JUV,CAG,0,3,-1,0.0,3.0,1.38,4.82,9.07
2024,2024-10-06,BOLG,PAR,0,3,-1,0.0,3.0,1.84,3.76,4.24
2024,2024-10-06,LAZ,EMP,3,0,1,3.0,0.0,1.58,4.04,6.1
2024,2024-10-06,MON,ROM,2,1,1,3.0,0.0,4.15,3.41,1.96
2024,2024-10-06,FIO,MIL,0,1,-1,0.0,3.0,3.23,3.55,2.2
2024,2024-10-05,UDI,LEC,3,1,1,3.0,0.0,2.24,3.3,3.39
2024,2024-10-05,ATA,GEN,0,1,-1,0.0,3.0,1.47,4.53,6.9
2024,2024-10-05,INT,TOR,1,0,1,3.0,0.0,1.32,5.42,9.86
2024,2024-10-04,NAP,COM,0,0,0,1.0,1.0,1.45,4.58,7.38
2024,2024-10-04,VER,VEN,1,1,0,1.0,1.0,2.48,3.19,3.06
2024,2024-09-30,PAR,CAG,2,0,1,3.0,0.0,2.11,3.64,3.38
2024,2024-09-29,TOR,LAZ,2,1,1,3.0,0.0,2.9,3.21,2.58
2024,2024-09-29,COM,VER,0,3,-1,0.0,3.0,2.14,3.38,3.58
2024,2024-09-29,ROM,VEN,2,1,1,3.0,0.0,1.41,4.84,7.69
2024,2024-09-29,EMP,FIO,0,0,0,1.0,1.0,3.43,3.29,2.23
2024,2024-09-29,NAP,MON,1,2,-1,0.0,3.0,1.36,5.06,8.99
2024,2024-09-28,UDI,INT,2,0,1,3.0,0.0,6.73,4.45,1.5
2024,2024-09-28,GEN,JUV,2,1,1,3.0,0.0,5.47,3.58,1.72
2024,2024-09-28,BOLG,ATA,0,2,-1,0.0,3.0,2.97,3.33,2.46
2024,2024-09-27,MIL,LEC,1,2,-1,0.0,3.0,1.33,5.58,8.96
2024,2024-09-24,ATA,COM,0,0,0,1.0,1.0,1.47,4.64,6.6
2024,2024-09-22,FIO,LAZ,1,1,0,1.0,1.0,2.3,3.39,3.16
2024,2024-09-22,MON,BOLG,1,2,-1,0.0,3.0,3.19,3.19,2.39
2024,2024-09-22,ROM,UDI,2,2,0,1.0,1.0,1.63,3.99,5.45
2024,2024-09-22,INT,MIL,0,1,-1,0.0,3.0,1.66,4.08,5.02
2024,2024-09-21,VEN,GEN,2,1,1,3.0,0.0,3.17,3.23,2.37
2024,2024-09-21,JUV,NAP,1,3,-1,0.0,3.0,2.22,3.29,3.44
2024,2024-09-21,LEC,PAR,0,4,-1,0.0,3.0,2.2,3.47,3.32
2024,2024-09-20,CAG,EMP,2,1,1,3.0,0.0,2.17,3.3,3.59
2024,2024-09-20,VER,TOR,0,1,-1,0.0,3.0,2.8,3.01,2.84
2024,2024-09-16,PAR,UDI,0,3,-1,0.0,3.0,2.28,3.38,3.22
2024,2024-09-16,LAZ,VER,1,1,0,1.0,1.0,1.62,3.93,5.71
2024,2024-09-15,GEN,ROM,2,0,1,3.0,0.0,3.3,3.29,2.28
2024,2024-09-15,ATA,FIO,1,2,-1,0.0,3.0,1.83,3.81,4.24
2024,2024-09-15,TOR,LEC,0,0,0,1.0,1.0,1.84,3.4,4.8
2024,2024-09-15,CAG,NAP,1,1,0,1.0,1.0,4.33,3.74,1.83
2024,2024-09-15,MON,INT,1,1,0,1.0,1.0,7.54,4.87,1.41
2024,2024-09-14,COM,BOLG,1,1,0,1.0,1.0,3.01,3.21,2.51
2024,2024-09-14,EMP,JUV,0,1,-1,0.0,3.0,5.22,3.68,1.72
2024,2024-09-14,MIL,VEN,1,1,0,1.0,1.0,1.3,5.82,9.76
2024,2024-09-01,FIO,MON,0,2,-1,0.0,3.0,1.69,3.86,5.09
2024,2024-09-01,GEN,VER,0,0,0,1.0,1.0,2.03,3.26,4.07
2024,2024-09-01,JUV,ROM,2,4,-1,0.0,3.0,1.77,3.68,4.82
2024,2024-09-01,UDI,COM,5,1,1,3.0,0.0,2.07,3.38,3.77
2024,2024-08-31,BOLG,EMP,0,2,-1,0.0,3.0,1.65,3.75,5.76
2024,2024-08-31,LEC,CAG,2,5,-1,0.0,3.0,2.28,3.2,3.4
2024,2024-08-31,LAZ,MIL,1,1,0,1.0,1.0,2.89,3.44,2.45
2024,2024-08-31,NAP,PAR,0,0,0,1.0,1.0,1.49,4.55,6.58
2024,2024-08-30,VEN,TOR,2,5,-1,0.0,3.0,3.52,3.28,2.2
2024,2024-08-30,INT,ATA,1,0,1,3.0,0.0,1.58,4.35,5.54
2024,2024-08-26,CAG,COM,1,0,1,3.0,0.0,2.11,3.45,3.52
2024,2024-08-26,VER,JUV,3,0,1,3.0,0.0,5.06,3.74,1.72
2024,2024-08-25,FIO,VEN,0,1,-1,0.0,3.0,1.43,4.62,7.47
2024,2024-08-25,TOR,ATA,1,2,-1,0.0,3.0,3.17,3.23,2.37
2024,2024-08-25,NAP,BOLG,1,3,-1,0.0,3.0,1.92,3.58,4.08
2024,2024-08-25,ROM,EMP,2,0,1,3.0,0.0,1.5,4.35,6.5
2024,2024-08-24,PAR,MIL,0,1,-1,0.0,3.0,4.74,4.03,1.7
2024,2024-08-24,UDI,LAZ,1,1,0,1.0,1.0,3.27,3.1,2.39
2024,2024-08-24,INT,LEC,0,0,0,1.0,1.0,1.2,6.95,14.52
2024,2024-08-24,MON,GEN,0,2,-1,0.0,3.0,2.62,3.12,2.91
2024,2024-08-19,LEC,ATA,2,0,1,3.0,0.0,4.23,3.64,1.87
2024,2024-08-19,JUV,COM,1,3,-1,0.0,3.0,1.34,5.06,9.57
2024,2024-08-18,BOLG,UDI,0,0,0,1.0,1.0,1.93,3.32,4.37
2024,2024-08-18,VER,NAP,1,0,1,3.0,0.0,4.63,3.67,1.79
2024,2024-08-18,CAG,ROM,0,4,-1,0.0,3.0,3.88,3.51,1.98
2024,2024-08-18,LAZ,VEN,2,2,0,1.0,1.0,1.47,4.41,7.05
2024,2024-08-17,GEN,INT,3,0,1,3.0,0.0,6.31,4.18,1.54
2024,2024-08-17,PAR,FIO,3,4,-1,0.0,3.0,3.31,3.41,2.23
2024,2024-08-17,EMP,MON,1,3,-1,0.0,3.0,2.48,3.16,3.07
2024,2024-08-17,MIL,TOR,2,1,1,3.0,0.0,1.64,3.97,5.51
2023,2024-06-02,ATA,FIO,1,2,-1,0.0,3.0,1.47,4.8,6.21
2023,2024-05-26,ATA,TOR,1,1,0,1.0,1.0,3.42,3.46,2.14
2023,2024-05-26,NAP,LEC,0,0,0,1.0,1.0,1.43,4.89,6.87
2023,2024-05-26,EMP,ROM,0,1,-1,0.0,3.0,1.99,3.71,3.63
2023,2024-05-26,FRO,UDI,0,0,0,1.0,1.0,2.42,3.17,3.13
2023,2024-05-26,LAZ,SAS,4,1,1,3.0,0.0,1.36,5.37,7.87
2023,2024-05-26,VER,INT,3,0,1,3.0,0.0,5.63,4.37,1.55
2023,2024-05-25,JUV,MON,1,2,-1,0.0,3.0,1.33,5.45,8.86
2023,2024-05-25,MIL,SAL,5,2,1,3.0,0.0,1.17,8.34,13.58
2023,2024-05-24,GEN,BOLG,3,0,1,3.0,0.0,3.45,3.31,2.21
2023,2024-05-23,CAG,FIO,1,3,-1,0.0,3.0,4.31,3.8,1.82
2023,2024-05-20,SAL,VER,1,0,1,3.0,0.0,4.96,3.84,1.71
2023,2024-05-20,BOLG,JUV,0,2,-1,0.0,3.0,2.49,3.07,3.12
2023,2024-05-19,SAS,CAG,0,1,-1,0.0,3.0,2.37,3.42,3.02
2023,2024-05-19,MON,FRO,0,0,0,1.0,1.0,2.94,3.55,2.35
2023,2024-05-19,UDI,EMP,1,0,1,3.0,0.0,2.04,3.32,3.9
2023,2024-05-19,INT,LAZ,2,0,1,3.0,0.0,1.66,4.16,4.93
2023,2024-05-19,ROM,GEN,2,1,1,3.0,0.0,1.5,4.34,6.65
2023,2024-05-18,LEC,ATA,1,1,0,1.0,1.0,4.56,3.8,1.78
2023,2024-05-18,TOR,MIL,1,0,1,3.0,0.0,2.81,3.25,2.63
2023,2024-05-17,FIO,NAP,1,1,0,1.0,1.0,2.31,3.5,3.08
2023,2024-05-13,LEC,UDI,0,2,-1,0.0,3.0,2.64,3.08,2.89
2023,2024-05-13,FIO,MON,1,0,1,3.0,0.0,1.56,4.29,5.68
2023,2024-05-12,LAZ,EMP,0,0,0,1.0,1.0,1.6,3.97,5.77
2023,2024-05-12,GEN,SAS,1,1,0,1.0,1.0,2.23,3.47,3.22
2023,2024-05-12,VER,TOR,0,1,-1,0.0,3.0,3.03,3.02,2.59
2023,2024-05-12,JUV,SAL,0,3,-1,0.0,3.0,1.14,8.56,19.17
2023,2024-05-12,ATA,ROM,1,2,-1,0.0,3.0,2.01,3.57,3.71
2023,2024-05-11,NAP,BOLG,1,0,1,3.0,0.0,2.13,3.51,3.44
2023,2024-05-11,MIL,CAG,1,1,0,1.0,1.0,1.42,4.97,7.17
2023,2024-05-10,FRO,INT,2,3,-1,0.0,3.0,4.54,4.03,1.74
2023,2024-05-06,SAL,ATA,1,0,1,3.0,0.0,8.17,5.33,1.35
2023,2024-05-06,UDI,NAP,2,0,1,3.0,0.0,3.7,3.62,1.98
2023,2024-05-05,CAG,LEC,2,2,0,1.0,1.0,2.16,3.22,3.63
2023,2024-05-05,EMP,FRO,2,0,1,3.0,0.0,2.39,3.31,3.05
2023,2024-05-05,VER,FIO,0,1,-1,0.0,3.0,3.15,3.25,2.36
2023,2024-05-05,MIL,GEN,1,2,-1,0.0,3.0,1.47,4.51,6.97
2023,2024-05-05,ROM,JUV,1,1,0,1.0,1.0,2.84,3.1,2.68
2023,2024-05-04,MON,LAZ,0,1,-1,0.0,3.0,4.39,3.63,1.84
2023,2024-05-04,SAS,INT,1,1,0,1.0,1.0,6.01,4.68,1.5
2023,2024-05-03,TOR,BOLG,1,1,0,1.0,1.0,2.85,2.95,2.84
2023,2024-04-29,GEN,CAG,3,0,1,3.0,0.0,2.28,3.16,3.42
2023,2024-04-28,INT,TOR,1,2,-1,0.0,3.0,1.53,4.07,6.8
2023,2024-04-28,BOLG,UDI,2,0,1,3.0,0.0,1.61,3.83,5.95
2023,2024-04-28,ATA,EMP,1,2,-1,0.0,3.0,1.44,4.64,7.06
2023,2024-04-28,NAP,ROM,1,1,0,1.0,1.0,1.97,3.61,3.8
2023,2024-04-28,FIO,SAS,0,1,-1,0.0,3.0,1.72,3.92,4.75
2023,2024-04-27,LEC,MON,1,1,0,1.0,1.0,2.05,3.27,3.97
2023,2024-04-27,JUV,MIL,2,1,1,3.0,0.0,2.1,3.4,3.65
2023,2024-04-27,LAZ,VER,1,0,1,3.0,0.0,1.65,3.87,5.59
2023,2024-04-26,FRO,SAL,2,3,-1,0.0,3.0,1.42,4.96,7.34
2023,2024-04-25,UDI,ROM,4,2,1,3.0,0.0,3.41,3.27,2.22
2023,2024-04-22,ROM,BOLG,2,2,0,1.0,1.0,2.39,3.12,3.23
2023,2024-04-22,MIL,INT,1,3,-1,0.0,3.0,3.73,3.66,1.98
2023,2024-04-21,SAS,LEC,1,1,0,1.0,1.0,2.32,3.37,3.15
2023,2024-04-21,TOR,FRO,0,1,-1,0.0,3.0,1.69,3.86,5.11
2023,2024-04-21,SAL,FIO,1,1,0,1.0,1.0,4.97,3.96,1.68
2023,2024-04-21,MON,ATA,2,3,-1,0.0,3.0,4.03,3.69,1.89
2023,2024-04-20,EMP,NAP,2,1,1,3.0,0.0,4.85,4.0,1.7
2023,2024-04-20,VER,UDI,2,1,1,3.0,0.0,2.58,3.13,2.97
2023,2024-04-19,GEN,LAZ,1,3,-1,0.0,3.0,3.15,3.13,2.47
2023,2024-04-19,CAG,JUV,0,2,-1,0.0,3.0,5.06,3.52,1.78
2023,2024-04-15,FIO,GEN,0,3,-1,0.0,3.0,1.88,3.52,4.31
2023,2024-04-15,ATA,VER,2,1,1,3.0,0.0,1.45,4.63,6.98
2023,2024-04-14,NAP,FRO,0,0,0,1.0,1.0,1.35,5.44,8.34
2023,2024-04-14,SAS,MIL,0,2,-1,0.0,3.0,4.44,3.92,1.76
2023,2024-04-14,INT,CAG,2,0,1,3.0,0.0,1.18,7.64,14.43
2023,2024-04-13,LEC,EMP,1,0,1,3.0,0.0,2.25,3.09,3.63
2023,2024-04-13,TOR,JUV,2,1,1,3.0,0.0,3.75,3.06,2.21
2023,2024-04-13,BOLG,MON,2,2,0,1.0,1.0,1.55,4.07,6.55
2023,2024-04-12,LAZ,SAL,1,0,1,3.0,0.0,1.36,5.07,9.26
2023,2024-04-08,UDI,INT,1,3,-1,0.0,3.0,6.93,4.43,1.47
2023,2024-04-07,FRO,BOLG,0,1,-1,0.0,3.0,4.13,3.56,1.92
2023,2024-04-07,MON,NAP,2,0,1,3.0,0.0,4.1,3.72,1.88
2023,2024-04-07,CAG,ATA,1,1,0,1.0,1.0,4.72,3.93,1.72
2023,2024-04-07,VER,GEN,0,1,-1,0.0,3.0,2.72,2.98,2.9
2023,2024-04-07,JUV,FIO,3,3,0,1.0,1.0,1.84,3.49,4.56
2023,2024-04-06,MIL,LEC,1,0,1,3.0,0.0,1.37,5.06,8.71
2023,2024-04-06,ROM,LAZ,1,0,1,3.0,0.0,2.23,3.15,3.61
2023,2024-04-06,EMP,TOR,2,0,1,3.0,0.0,3.51,3.14,2.27
2023,2024-04-05,SAL,SAS,1,0,1,3.0,0.0,3.28,3.46,2.23
2023,2024-04-01,BOLG,SAL,0,2,-1,0.0,3.0,1.29,5.44,11.25
2023,2024-04-01,CAG,VER,5,2,1,3.0,0.0,2.18,3.26,3.54
2023,2024-04-01,SAS,UDI,1,1,0,1.0,1.0,2.87,3.27,2.54
2023,2024-04-01,LEC,ROM,2,2,0,1.0,1.0,4.33,3.52,1.88
2023,2024-04-01,INT,EMP,2,0,1,3.0,0.0,1.2,7.04,13.25
2023,2024-03-30,NAP,ATA,2,0,1,3.0,0.0,2.11,3.59,3.43
2023,2024-03-30,GEN,FRO,1,3,-1,0.0,3.0,1.95,3.54,4.01
2023,2024-03-30,TOR,MON,3,0,1,3.0,0.0,1.85,3.46,4.66
2023,2024-03-30,LAZ,JUV,2,1,1,3.0,0.0,3.11,3.09,2.51
2023,2024-03-30,FIO,MIL,0,2,-1,0.0,3.0,2.85,3.35,2.53
2023,2024-03-17,JUV,GEN,2,0,1,3.0,0.0,1.52,3.99,7.24
2023,2024-03-17,VER,MIL,2,0,1,3.0,0.0,5.01,3.73,1.73
2023,2024-03-17,ROM,SAS,1,4,-1,0.0,3.0,1.37,5.09,7.9
2023,2024-03-17,INT,NAP,2,1,1,3.0,0.0,1.58,4.18,5.62
2023,2024-03-16,MON,CAG,1,2,-1,0.0,3.0,2.07,3.46,3.66
2023,2024-03-16,UDI,TOR,4,0,1,3.0,0.0,2.87,2.95,2.8
2023,2024-03-16,SAL,LEC,0,1,-1,0.0,3.0,2.95,3.2,2.53
2023,2024-03-16,FRO,LAZ,1,0,1,3.0,0.0,3.37,3.51,2.16
2023,2024-03-15,EMP,BOLG,2,0,1,3.0,0.0,4.02,3.24,2.05
2023,2024-03-11,LAZ,UDI,4,0,1,3.0,0.0,1.94,3.4,4.19
2023,2024-03-10,LEC,VER,2,3,-1,0.0,3.0,2.26,3.18,3.47
2023,2024-03-10,MIL,EMP,1,0,1,3.0,0.0,1.44,4.69,7.17
2023,2024-03-10,JUV,ATA,3,1,1,3.0,0.0,2.25,3.31,3.31
2023,2024-03-10,FIO,ROM,1,0,1,3.0,0.0,2.58,3.3,2.79
2023,2024-03-09,CAG,SAL,1,1,0,1.0,1.0,1.86,3.66,4.3
2023,2024-03-09,SAS,FRO,2,3,-1,0.0,3.0,2.25,3.67,3.06
2023,2024-03-09,BOLG,INT,1,0,1,3.0,0.0,3.47,3.34,2.19
2023,2024-03-09,GEN,MON,1,0,1,3.0,0.0,2.17,3.15,3.76
2023,2024-03-08,NAP,TOR,0,1,-1,0.0,3.0,1.77,3.57,5.03
2023,2024-03-04,INT,GEN,0,0,0,1.0,1.0,1.27,5.67,11.85
2023,2024-03-03,VER,SAS,0,0,0,1.0,1.0,2.26,3.43,3.2
2023,2024-03-03,EMP,CAG,2,1,1,3.0,0.0,2.15,3.34,3.56
2023,2024-03-03,FRO,LEC,3,3,0,1.0,1.0,2.28,3.43,3.17
2023,2024-03-03,ATA,BOLG,3,0,1,3.0,0.0,1.95,3.48,4.04
2023,2024-03-03,NAP,JUV,1,1,0,1.0,1.0,2.39,3.13,3.22
2023,2024-03-02,UDI,SAL,1,0,1,3.0,0.0,1.67,3.83,5.43
2023,2024-03-02,MON,ROM,1,1,0,1.0,1.0,3.65,3.47,2.07
2023,2024-03-02,TOR,FIO,2,1,1,3.0,0.0,2.67,3.07,2.89
2023,2024-03-01,LAZ,MIL,1,1,0,1.0,1.0,3.49,3.27,2.22
2023,2024-02-28,SAS,NAP,2,2,0,1.0,1.0,4.25,3.93,1.8
2023,2024-02-28,INT,ATA,2,1,1,3.0,0.0,1.63,4.09,5.35
2023,2024-02-26,ROM,TOR,1,1,0,1.0,1.0,1.94,3.31,4.33
2023,2024-02-26,FIO,LAZ,0,1,-1,0.0,3.0,2.3,3.2,3.31
2023,2024-02-25,JUV,FRO,3,1,1,3.0,0.0,1.32,5.46,9.61
2023,2024-02-25,CAG,NAP,2,0,1,3.0,0.0,4.15,3.71,1.87
2023,2024-02-25,LEC,INT,2,0,1,3.0,0.0,7.32,4.65,1.43
2023,2024-02-25,MIL,ATA,1,1,0,1.0,1.0,2.36,3.5,2.95
2023,2024-02-24,SAS,EMP,0,0,0,1.0,1.0,2.24,3.4,3.29
2023,2024-02-24,SAL,MON,0,0,0,1.0,1.0,2.95,3.23,2.52
2023,2024-02-24,GEN,UDI,1,2,-1,0.0,3.0,2.31,3.0,3.57
2023,2024-02-23,BOLG,VER,1,0,1,3.0,0.0,1.57,3.91,6.62
2023,2024-02-22,TOR,LAZ,1,0,1,3.0,0.0,2.47,2.94,3.29
2023,2024-02-18,LAZ,BOLG,2,2,0,1.0,1.0,2.33,3.11,3.36
2023,2024-02-18,EMP,FIO,2,1,1,3.0,0.0,3.62,3.37,2.11
2023,2024-02-18,UDI,CAG,2,1,1,3.0,0.0,1.89,3.57,4.24
2023,2024-02-18,FRO,ROM,2,1,1,3.0,0.0,3.81,3.75,1.93
2023,2024-02-18,MON,MIL,1,2,-1,0.0,3.0,4.52,3.7,1.8
2023,2024-02-17,NAP,GEN,2,1,1,3.0,0.0,1.63,3.88,5.88
2023,2024-02-17,VER,JUV,3,1,1,3.0,0.0,5.72,3.63,1.68
2023,2024-02-17,ATA,SAS,1,1,0,1.0,1.0,1.36,5.44,8.04
2023,2024-02-16,TOR,LEC,2,4,-1,0.0,3.0,1.82,3.44,4.9
2023,2024-02-16,INT,SAL,2,1,1,3.0,0.0,1.14,8.75,18.92
2023,2024-02-14,BOLG,FIO,1,0,1,3.0,0.0,2.37,3.23,3.19
2023,2024-02-12,JUV,UDI,2,6,-1,0.0,3.0,1.42,4.51,8.25
2023,2024-02-11,FIO,FRO,3,1,1,3.0,0.0,1.52,4.39,6.16
2023,2024-02-11,BOLG,LEC,1,1,0,1.0,1.0,1.71,3.59,5.36
2023,2024-02-11,MON,VER,1,4,-1,0.0,3.0,2.09,3.3,3.77
2023,2024-02-11,GEN,ATA,0,2,-1,0.0,3.0,3.78,3.3,2.09
2023,2024-02-11,MIL,NAP,1,1,0,1.0,1.0,1.95,3.69,3.78
2023,2024-02-10,CAG,LAZ,3,1,1,3.0,0.0,3.6,3.25,2.18
2023,2024-02-10,ROM,INT,2,0,1,3.0,0.0,4.34,3.47,1.9
2023,2024-02-10,SAS,TOR,0,1,-1,0.0,3.0,3.33,3.35,2.25
2023,2024-02-09,SAL,EMP,1,1,0,1.0,1.0,2.41,3.19,3.2
2023,2024-02-05,ROM,CAG,1,0,1,3.0,0.0,1.47,4.45,7.05
2023,2024-02-04,TOR,SAL,2,2,0,1.0,1.0,1.5,4.12,7.28
2023,2024-02-04,NAP,VER,4,0,1,3.0,0.0,1.41,4.69,7.94
2023,2024-02-04,ATA,LAZ,1,0,1,3.0,0.0,2.07,3.36,3.74
2023,2024-02-04,INT,JUV,3,1,1,3.0,0.0,1.81,3.51,4.77
2023,2024-02-03,EMP,GEN,3,3,0,1.0,1.0,2.97,3.07,2.62
2023,2024-02-03,UDI,MON,1,1,0,1.0,1.0,2.28,3.37,3.25
2023,2024-02-03,FRO,MIL,1,1,0,1.0,1.0,4.85,4.26,1.66
2023,2024-02-03,BOLG,SAS,7,0,1,3.0,0.0,1.75,3.76,4.88
2023,2024-02-02,LEC,FIO,2,0,1,3.0,0.0,3.71,3.3,2.13
2023,2024-01-29,SAL,ROM,2,0,1,3.0,0.0,5.46,3.8,1.66
2023,2024-01-28,GEN,LEC,1,2,-1,0.0,3.0,2.08,3.12,4.07
2023,2024-01-28,MON,SAS,1,4,-1,0.0,3.0,2.28,3.52,3.06
2023,2024-01-28,VER,FRO,2,0,1,3.0,0.0,2.43,3.39,2.92
2023,2024-01-28,LAZ,NAP,1,0,1,3.0,0.0,2.28,3.21,3.36
2023,2024-01-28,FIO,INT,1,0,1,3.0,0.0,4.06,3.65,1.9
2023,2024-01-27,ATA,UDI,0,2,-1,0.0,3.0,1.5,4.45,6.44
2023,2024-01-27,JUV,EMP,5,0,1,3.0,0.0,1.29,5.41,11.24
2023,2024-01-27,MIL,BOLG,2,0,1,3.0,0.0,1.71,3.79,5.03
2023,2024-01-26,CAG,TOR,1,0,1,3.0,0.0,3.56,3.17,2.23
2023,2024-01-21,FRO,CAG,1,1,0,1.0,1.0,2.38,3.45,2.98
2023,2024-01-21,EMP,MON,2,1,1,3.0,0.0,2.81,3.36,2.54
2023,2024-01-21,SAL,GEN,2,0,1,3.0,0.0,3.61,3.2,2.18
2023,2024-01-21,LEC,JUV,1,0,1,3.0,0.0,5.95,3.64,1.65
2023,2024-01-20,ROM,VER,0,0,0,1.0,1.0,1.46,4.28,7.94
2023,2024-01-20,UDI,MIL,0,2,-1,0.0,3.0,4.07,3.71,1.89
2023,2024-01-16,JUV,SAS,1,1,0,1.0,1.0,1.41,4.71,7.94
2023,2024-01-15,ATA,FRO,0,0,0,1.0,1.0,1.43,4.74,7.13
2023,2024-01-14,LAZ,LEC,1,0,1,3.0,0.0,1.66,3.74,5.65
2023,2024-01-14,CAG,BOLG,0,0,0,1.0,1.0,3.07,3.08,2.51
2023,2024-01-14,FIO,UDI,3,1,1,3.0,0.0,1.67,3.85,5.36
2023,2024-01-14,MIL,ROM,0,1,-1,0.0,3.0,2.16,3.24,3.63
2023,2024-01-13,GEN,TOR,3,0,1,3.0,0.0,2.94,2.97,2.69
2023,2024-01-13,NAP,SAL,1,4,-1,0.0,3.0,1.33,5.46,8.98
2023,2024-01-13,VER,EMP,3,1,1,3.0,0.0,2.2,3.3,3.49
2023,2024-01-13,MON,INT,0,0,0,1.0,1.0,6.67,4.42,1.5
2023,2024-01-07,EMP,MIL,3,2,1,3.0,0.0,5.1,4.07,1.65
2023,2024-01-07,TOR,NAP,1,0,1,3.0,0.0,2.96,3.23,2.51
2023,2024-01-07,UDI,LAZ,0,2,-1,0.0,3.0,3.48,3.22,2.23
2023,2024-01-07,SAL,JUV,2,1,1,3.0,0.0,8.27,4.61,1.41
2023,2024-01-07,ROM,ATA,2,2,0,1.0,1.0,2.38,3.23,3.16
2023,2024-01-06,INT,VER,2,0,1,3.0,0.0,1.17,7.55,16.59
2023,2024-01-06,FRO,MON,4,0,1,3.0,0.0,2.66,3.38,2.68
2023,2024-01-06,LEC,CAG,1,0,1,3.0,0.0,2.22,3.32,3.42
2023,2024-01-06,SAS,FIO,2,1,1,3.0,0.0,3.24,3.55,2.2
2023,2024-01-05,BOLG,GEN,0,1,-1,0.0,3.0,2.06,3.07,4.3
2023,2023-12-30,ATA,LEC,1,1,0,1.0,1.0,1.44,4.56,7.76
2023,2023-12-30,CAG,EMP,0,0,0,1.0,1.0,2.07,3.49,3.64
2023,2023-12-30,UDI,BOLG,4,0,1,3.0,0.0,3.5,3.14,2.28
2023,2023-12-30,MIL,SAS,1,0,1,3.0,0.0,1.46,4.88,6.56
2023,2023-12-30,VER,SAL,2,1,1,3.0,0.0,1.94,3.5,4.14
2023,2023-12-30,JUV,ROM,2,1,1,3.0,0.0,2.1,3.11,4.14
2023,2023-12-29,FIO,TOR,1,3,-1,0.0,3.0,2.19,3.2,3.65
2023,2023-12-29,NAP,MON,2,2,0,1.0,1.0,1.63,4.1,5.43
2023,2023-12-29,GEN,INT,2,1,1,3.0,0.0,5.85,3.73,1.66
2023,2023-12-29,LAZ,FRO,2,1,1,3.0,0.0,1.66,3.88,5.44
2023,2023-12-23,FRO,JUV,3,4,-1,0.0,3.0,5.68,3.83,1.64
2023,2023-12-23,BOLG,ATA,1,1,0,1.0,1.0,2.73,3.17,2.77
2023,2023-12-23,TOR,UDI,1,2,-1,0.0,3.0,1.78,3.52,5.01
2023,2023-12-23,INT,LEC,2,3,-1,0.0,3.0,1.23,6.48,13.23
2023,2023-12-23,VER,CAG,2,2,0,1.0,1.0,2.39,3.29,3.1
2023,2023-12-23,ROM,NAP,0,1,-1,0.0,3.0,3.01,3.18,2.52
2023,2023-12-22,EMP,LAZ,1,1,0,1.0,1.0,4.13,3.44,1.96
2023,2023-12-22,SAS,GEN,1,0,1,3.0,0.0,2.28,3.38,3.22
2023,2023-12-22,MON,FIO,2,1,1,3.0,0.0,2.9,3.25,2.55
2023,2023-12-22,SAL,MIL,1,2,-1,0.0,3.0,7.31,4.79,1.43
2023,2023-12-18,ATA,SAL,0,0,0,1.0,1.0,1.31,5.61,9.8
2023,2023-12-17,MIL,MON,1,0,1,3.0,0.0,1.62,4.14,5.37
2023,2023-12-17,FIO,VER,3,2,1,3.0,0.0,1.44,4.68,7.53
2023,2023-12-17,UDI,SAS,2,1,1,3.0,0.0,2.26,3.59,3.1
2023,2023-12-17,BOLG,ROM,1,1,0,1.0,1.0,2.44,3.04,3.28
2023,2023-12-17,LAZ,INT,2,1,1,3.0,0.0,4.87,3.72,1.76
2023,2023-12-16,LEC,FRO,1,0,1,3.0,0.0,2.15,3.41,3.5
2023,2023-12-16,NAP,CAG,0,0,0,1.0,1.0,1.33,5.51,9.2
2023,2023-12-16,TOR,EMP,2,1,1,3.0,0.0,1.61,3.94,5.97
2023,2023-12-15,GEN,JUV,2,1,1,3.0,0.0,4.77,3.21,1.92
2023,2023-12-11,EMP,LEC,1,1,0,1.0,1.0,2.5,3.28,2.92
2023,2023-12-11,CAG,SAS,0,4,-1,0.0,3.0,2.34,3.57,2.95
2023,2023-12-10,FRO,TOR,1,2,-1,0.0,3.0,3.37,3.28,2.24
2023,2023-12-10,MON,GEN,1,1,0,1.0,1.0,2.17,3.23,3.62
2023,2023-12-10,SAL,BOLG,1,0,1,3.0,0.0,3.71,3.32,2.11
2023,2023-12-10,ROM,FIO,1,1,0,1.0,1.0,2.12,3.32,3.65
2023,2023-12-09,VER,LAZ,2,1,1,3.0,0.0,4.02,3.43,1.99
2023,2023-12-09,ATA,MIL,0,0,0,1.0,1.0,2.53,3.29,2.91
2023,2023-12-09,INT,UDI,5,0,1,3.0,0.0,1.27,6.04,10.9
2023,2023-12-08,JUV,NAP,2,0,1,3.0,0.0,2.31,3.26,3.3
2023,2023-12-04,TOR,ATA,1,1,0,1.0,1.0,3.03,3.2,2.49
2023,2023-12-03,LEC,BOLG,4,1,1,3.0,0.0,3.05,3.17,2.5
2023,2023-12-03,FIO,SAL,1,1,0,1.0,1.0,1.45,4.72,6.96
2023,2023-12-03,UDI,VER,0,3,-1,0.0,3.0,1.73,3.67,5.15
2023,2023-12-03,SAS,ROM,1,3,-1,0.0,3.0,3.87,3.73,1.94
2023,2023-12-03,NAP,INT,2,0,1,3.0,0.0,2.89,3.49,2.44
2023,2023-12-02,GEN,EMP,4,4,0,1.0,1.0,1.96,3.44,4.15
2023,2023-12-02,LAZ,CAG,2,1,1,3.0,0.0,1.63,4.03,5.55
2023,2023-12-02,MIL,FRO,2,0,1,3.0,0.0,1.44,4.74,7.17
2023,2023-12-01,MON,JUV,3,0,1,3.0,0.0,4.1,3.41,1.99
2023,2023-11-27,VER,LEC,2,2,0,1.0,1.0,2.7,3.01,2.94
2023,2023-11-27,BOLG,TOR,4,2,1,3.0,0.0,2.34,3.18,3.31
2023,2023-11-26,CAG,MON,2,2,0,1.0,1.0,2.88,3.32,2.53
2023,2023-11-26,EMP,SAS,1,0,1,3.0,0.0,2.74,3.63,2.48
2023,2023-11-26,FRO,GEN,4,1,1,3.0,0.0,2.5,3.24,2.99
2023,2023-11-26,ROM,UDI,2,1,1,3.0,0.0,1.64,3.88,5.76
2023,2023-11-26,JUV,INT,1,1,0,1.0,1.0,3.38,3.26,2.28
2023,2023-11-25,SAL,LAZ,5,0,1,3.0,0.0,4.68,3.71,1.79
2023,2023-11-25,ATA,NAP,1,0,1,3.0,0.0,2.68,3.43,2.66
2023,2023-11-25,MIL,FIO,1,1,0,1.0,1.0,2.12,3.42,3.6
2023,2023-11-12,NAP,EMP,0,2,-1,0.0,3.0,1.23,6.73,11.96
2023,2023-11-12,FIO,BOLG,2,2,0,1.0,1.0,2.07,3.47,3.65
2023,2023-11-12,UDI,ATA,2,0,1,3.0,0.0,3.73,3.49,2.03
2023,2023-11-12,LAZ,ROM,2,2,0,1.0,1.0,2.96,3.11,2.61
2023,2023-11-12,INT,FRO,2,2,0,1.0,1.0,1.19,7.53,14.11
2023,2023-11-11,LEC,MIL,2,2,0,1.0,1.0,5.08,3.68,1.74
2023,2023-11-11,JUV,CAG,3,1,1,3.0,0.0,1.38,4.91,8.69
2023,2023-11-11,MON,TOR,0,2,-1,0.0,3.0,2.48,3.16,3.07
2023,2023-11-10,SAS,SAL,2,2,0,1.0,1.0,1.69,4.14,4.8
2023,2023-11-10,GEN,VER,1,0,1,3.0,0.0,1.95,3.28,4.49
2023,2023-11-06,FRO,EMP,2,0,1,3.0,0.0,2.11,3.55,3.45
2023,2023-11-06,TOR,SAS,1,1,0,1.0,1.0,2.15,3.44,3.45
2023,2023-11-05,VER,MON,0,1,-1,0.0,3.0,3.15,3.28,2.36
2023,2023-11-05,CAG,GEN,0,0,0,1.0,1.0,2.75,3.21,2.7
2023,2023-11-05,ROM,LEC,5,1,1,3.0,0.0,1.57,3.93,6.35
2023,2023-11-05,FIO,JUV,4,1,1,3.0,0.0,2.88,3.3,2.54
2023,2023-11-04,SAL,NAP,2,0,1,3.0,0.0,6.94,4.9,1.44
2023,2023-11-04,ATA,INT,1,0,1,3.0,0.0,3.35,3.5,2.17
2023,2023-11-04,MIL,UDI,0,3,-1,0.0,3.0,1.46,4.56,7.22
2023,2023-11-03,BOLG,LAZ,1,1,0,1.0,1.0,2.72,3.15,2.79
2023,2023-10-30,EMP,ATA,1,0,1,3.0,0.0,4.92,3.96,1.7
2023,2023-10-30,LAZ,FIO,3,2,1,3.0,0.0,2.3,3.42,3.17
2023,2023-10-29,CAG,FRO,0,1,-1,0.0,3.0,2.33,3.4,3.12
2023,2023-10-29,MON,UDI,0,2,-1,0.0,3.0,2.1,3.52,3.54
2023,2023-10-29,INT,ROM,1,3,-1,0.0,3.0,1.64,3.94,5.56
2023,2023-10-29,NAP,MIL,4,0,1,3.0,0.0,2.25,3.37,3.31
2023,2023-10-28,SAS,BOLG,0,3,-1,0.0,3.0,2.67,3.48,2.64
2023,2023-10-28,LEC,TOR,1,1,0,1.0,1.0,2.77,3.02,2.85
2023,2023-10-28,JUV,VER,1,1,0,1.0,1.0,1.37,4.98,9.14
2023,2023-10-27,GEN,SAL,2,3,-1,0.0,3.0,1.75,3.67,5.06
2023,2023-10-23,UDI,LEC,2,0,1,3.0,0.0,2.19,3.26,3.56
2023,2023-10-23,FIO,EMP,0,4,-1,0.0,3.0,1.44,4.76,7.25
2023,2023-10-22,ROM,MON,1,1,0,1.0,1.0,1.72,3.79,4.99
2023,2023-10-22,BOLG,FRO,0,3,-1,0.0,3.0,1.75,3.77,4.84
2023,2023-10-22,SAL,CAG,1,6,-1,0.0,3.0,2.32,3.19,3.31
2023,2023-10-22,ATA,GEN,0,0,0,1.0,1.0,1.55,4.07,6.51
2023,2023-10-22,MIL,JUV,0,1,-1,0.0,3.0,2.3,3.28,3.31
2023,2023-10-21,VER,NAP,4,1,1,3.0,0.0,5.45,3.95,1.65
2023,2023-10-21,TOR,INT,2,2,0,1.0,1.0,5.11,3.7,1.74
2023,2023-10-21,SAS,LAZ,1,1,0,1.0,1.0,2.71,3.66,2.5
2023,2023-10-08,MON,SAL,3,1,1,3.0,0.0,1.68,3.92,5.15
2023,2023-10-08,FRO,VER,1,2,-1,0.0,3.0,2.38,3.28,3.13
2023,2023-10-08,LAZ,ATA,1,4,-1,0.0,3.0,2.81,3.3,2.61
2023,2023-10-08,CAG,ROM,2,1,1,3.0,0.0,4.71,3.46,1.84
2023,2023-10-08,NAP,FIO,1,3,-1,0.0,3.0,1.61,4.22,5.32
2023,2023-10-07,INT,BOLG,4,1,1,3.0,0.0,1.39,5.1,7.98
2023,2023-10-07,JUV,TOR,0,0,0,1.0,1.0,1.93,3.35,4.46
2023,2023-10-07,GEN,MIL,1,1,0,1.0,1.0,4.06,3.54,1.95
2023,2023-10-06,EMP,UDI,1,0,1,3.0,0.0,3.12,3.34,2.38
2023,2023-10-06,LEC,SAS,1,3,-1,0.0,3.0,2.57,3.5,2.74
2023,2023-10-02,SAS,MON,1,2,-1,0.0,3.0,2.2,3.8,3.02
2023,2023-10-02,TOR,VER,0,1,-1,0.0,3.0,1.89,3.4,4.47
2023,2023-10-02,FIO,CAG,3,0,1,3.0,0.0,1.49,4.36,6.96
2023,2023-10-01,BOLG,EMP,2,0,1,3.0,0.0,1.66,4.01,5.18
2023,2023-10-01,UDI,GEN,1,0,1,3.0,0.0,2.38,3.15,3.26
2023,2023-10-01,ATA,JUV,1,0,1,3.0,0.0,2.51,3.45,2.82
2023,2023-10-01,ROM,FRO,2,0,1,3.0,0.0,1.45,4.43,7.62
2023,2023-09-30,LEC,NAP,2,0,1,3.0,0.0,4.73,3.8,1.76
2023,2023-09-30,MIL,LAZ,0,1,-1,0.0,3.0,1.77,3.7,4.84
2023,2023-09-30,SAL,INT,2,3,-1,0.0,3.0,7.79,4.78,1.42
2023,2023-09-28,FRO,FIO,2,1,1,3.0,0.0,3.7,3.64,2.0
2023,2023-09-28,MON,BOLG,4,0,1,3.0,0.0,2.42,3.34,2.99
2023,2023-09-28,GEN,ROM,7,1,1,3.0,0.0,3.76,3.25,2.12
2023,2023-09-27,CAG,MIL,1,1,0,1.0,1.0,5.43,3.89,1.66
2023,2023-09-27,EMP,SAL,2,1,1,3.0,0.0,2.34,3.27,3.22
2023,2023-09-27,VER,ATA,0,1,-1,0.0,3.0,4.43,3.73,1.82
2023,2023-09-27,INT,SAS,1,2,-1,0.0,3.0,1.33,5.72,8.57
2023,2023-09-27,LAZ,TOR,4,3,1,3.0,0.0,2.15,3.32,3.61
2023,2023-09-27,NAP,UDI,1,1,0,1.0,1.0,1.38,5.08,8.39
2023,2023-09-26,JUV,LEC,2,2,0,1.0,1.0,1.5,4.27,7.05
2023,2023-09-24,EMP,INT,2,2,0,1.0,1.0,8.92,5.42,1.33
2023,2023-09-24,ATA,CAG,1,2,-1,0.0,3.0,1.39,4.94,7.85
2023,2023-09-24,UDI,FIO,2,0,1,3.0,0.0,3.1,3.45,2.3
2023,2023-09-24,BOLG,NAP,2,0,1,3.0,0.0,3.72,3.64,1.99
2023,2023-09-24,TOR,ROM,0,1,-1,0.0,3.0,3.07,3.05,2.55
2023,2023-09-23,MIL,VER,2,3,-1,0.0,3.0,1.38,4.87,8.61
2023,2023-09-23,SAS,JUV,4,1,1,3.0,0.0,4.23,3.93,1.8
2023,2023-09-23,LAZ,MON,0,0,0,1.0,1.0,1.8,3.82,4.42
2023,2023-09-22,SAL,FRO,4,1,1,3.0,0.0,2.52,3.26,2.95
2023,2023-09-22,LEC,GEN,1,1,0,1.0,1.0,2.46,3.11,3.17
2023,2023-09-18,SAL,TOR,0,1,-1,0.0,3.0,3.51,3.23,2.21
2023,2023-09-18,VER,BOLG,3,2,1,3.0,0.0,2.98,3.31,2.44
2023,2023-09-17,CAG,UDI,1,0,1,3.0,0.0,2.88,3.26,2.55
2023,2023-09-17,FRO,SAS,1,0,1,3.0,0.0,2.77,3.49,2.51
2023,2023-09-17,MON,LEC,1,0,1,3.0,0.0,2.12,3.4,3.57
2023,2023-09-17,FIO,ATA,1,1,0,1.0,1.0,2.46,3.52,2.81
2023,2023-09-17,ROM,EMP,1,0,1,3.0,0.0,1.43,4.5,7.99
2023,2023-09-16,JUV,LAZ,1,2,-1,0.0,3.0,1.93,3.44,4.24
2023,2023-09-16,INT,MIL,0,1,-1,0.0,3.0,2.15,3.52,3.41
2023,2023-09-16,GEN,NAP,2,2,0,1.0,1.0,5.21,4.03,1.65
2023,2023-09-03,INT,FIO,3,2,1,3.0,0.0,1.65,4.04,5.11
2023,2023-09-03,TOR,GEN,2,2,0,1.0,1.0,2.05,3.26,3.96
2023,2023-09-03,EMP,JUV,3,2,1,3.0,0.0,5.18,3.9,1.67
2023,2023-09-03,LEC,SAL,2,2,0,1.0,1.0,2.02,3.38,3.9
2023,2023-09-02,BOLG,CAG,1,3,-1,0.0,3.0,1.72,3.72,5.17
2023,2023-09-02,UDI,FRO,0,0,0,1.0,1.0,1.8,3.7,4.56
2023,2023-09-02,ATA,MON,0,2,-1,0.0,3.0,1.63,4.17,5.2
2023,2023-09-02,NAP,LAZ,1,2,-1,0.0,3.0,1.63,4.04,5.49
2023,2023-09-01,SAS,VER,1,1,0,1.0,1.0,2.02,3.59,3.71
2023,2023-09-01,ROM,MIL,3,1,1,3.0,0.0,2.81,3.15,2.7
2023,2023-08-28,SAL,UDI,2,2,0,1.0,1.0,2.75,3.32,2.62
2023,2023-08-28,CAG,INT,0,1,-1,0.0,3.0,6.85,4.73,1.45
2023,2023-08-27,FIO,LEC,0,1,-1,0.0,3.0,1.6,3.96,5.9
2023,2023-08-27,JUV,BOLG,2,0,1,3.0,0.0,1.49,4.39,6.86
2023,2023-08-27,LAZ,GEN,0,2,-1,0.0,3.0,1.58,4.09,5.98
2023,2023-08-27,NAP,SAS,2,1,1,3.0,0.0,1.33,5.67,8.6
2023,2023-08-26,FRO,ATA,1,0,1,3.0,0.0,4.92,4.09,1.68
2023,2023-08-26,MON,EMP,0,1,-1,0.0,3.0,1.95,3.54,4.05
2023,2023-08-26,MIL,TOR,2,2,0,1.0,1.0,1.66,3.8,5.63
2023,2023-08-26,VER,ROM,1,0,1,3.0,0.0,4.61,3.47,1.86
2023,2023-08-21,TOR,CAG,1,2,-1,0.0,3.0,1.68,3.73,5.47
2023,2023-08-21,BOLG,MIL,2,2,0,1.0,1.0,3.9,3.49,1.99
2023,2023-08-20,ROM,SAL,1,0,1,3.0,0.0,1.53,4.07,6.83
2023,2023-08-20,SAS,ATA,3,1,1,3.0,0.0,3.35,3.62,2.12
2023,2023-08-20,LEC,LAZ,0,1,-1,0.0,3.0,3.74,3.33,2.09
2023,2023-08-20,UDI,JUV,2,1,1,3.0,0.0,4.46,3.54,1.86
2023,2023-08-19,EMP,VER,2,1,1,3.0,0.0,2.3,3.28,3.27
2023,2023-08-19,FRO,NAP,2,2,0,1.0,1.0,8.79,5.12,1.36
2023,2023-08-19,GEN,FIO,2,0,1,3.0,0.0,3.41,3.34,2.21
2023,2023-08-19,INT,MON,1,2,-1,0.0,3.0,1.38,5.08,7.92
2022,2023-06-04,NAP,SAM,1,0,1,3.0,0.0,1.19,7.41,13.98
2022,2023-06-04,ATA,MON,3,2,1,3.0,0.0,1.59,4.39,5.19
2022,2023-06-04,LEC,BOLG,5,1,1,3.0,0.0,2.76,3.37,2.58
2022,2023-06-04,MIL,VER,0,0,0,1.0,1.0,1.79,3.75,4.5
2022,2023-06-04,ROM,SPE,2,2,0,1.0,1.0,1.99,3.61,3.74
2022,2023-06-04,UDI,JUV,1,1,0,1.0,1.0,3.81,3.58,1.97
2022,2023-06-03,TOR,INT,3,0,1,3.0,0.0,2.36,3.38,3.06
2022,2023-06-03,CRE,SAL,0,3,-1,0.0,3.0,2.64,3.66,2.54
2022,2023-06-03,EMP,LAZ,1,2,-1,0.0,3.0,3.41,3.66,2.08
2022,2023-06-02,SAS,FIO,4,2,1,3.0,0.0,2.56,3.77,2.58
2022,2023-05-28,VER,EMP,1,1,0,1.0,1.0,1.69,3.9,4.98
2022,2023-05-28,BOLG,NAP,2,3,-1,0.0,3.0,3.39,3.41,2.17
2022,2023-05-28,MON,LEC,0,2,-1,0.0,3.0,2.48,3.19,3.0
2022,2023-05-28,LAZ,CRE,3,1,1,3.0,0.0,1.23,6.48,13.0
2022,2023-05-28,JUV,MIL,2,0,1,3.0,0.0,2.36,3.37,3.06
2022,2023-05-27,SAL,UDI,0,0,0,1.0,1.0,2.72,3.46,2.54
2022,2023-05-27,SPE,TOR,1,0,1,3.0,0.0,2.4,3.24,3.11
2022,2023-05-27,FIO,ROM,2,1,1,3.0,0.0,2.07,3.4,3.71
2022,2023-05-27,INT,ATA,0,0,0,1.0,1.0,1.85,3.81,4.08
2022,2023-05-26,SAM,SAS,2,1,1,3.0,0.0,3.97,3.92,1.86
2022,2023-05-22,ROM,SAL,2,2,0,1.0,1.0,1.48,4.26,7.38
2022,2023-05-22,EMP,JUV,2,2,0,1.0,1.0,5.17,3.85,1.69
2022,2023-05-21,LEC,SPE,2,1,1,3.0,0.0,2.21,3.21,3.57
2022,2023-05-21,TOR,FIO,1,0,1,3.0,0.0,2.01,3.4,3.98
2022,2023-05-21,NAP,INT,4,2,1,3.0,0.0,2.83,3.31,2.58
2022,2023-05-21,UDI,LAZ,2,1,1,3.0,0.0,3.74,3.54,2.02
2022,2023-05-20,CRE,BOLG,1,0,1,3.0,0.0,2.96,3.41,2.43
2022,2023-05-20,ATA,VER,1,1,0,1.0,1.0,1.56,4.2,5.99
2022,2023-05-20,MIL,SAM,2,1,1,3.0,0.0,1.19,7.11,16.3
2022,2023-05-19,SAS,MON,1,1,0,1.0,1.0,2.19,3.64,3.22
2022,2023-05-15,SAM,EMP,3,2,1,3.0,0.0,3.22,3.45,2.24
2022,2023-05-14,VER,TOR,2,1,1,3.0,0.0,2.39,3.08,3.3
2022,2023-05-14,FIO,UDI,1,1,0,1.0,1.0,1.99,3.57,3.78
2022,2023-05-14,MON,NAP,0,1,-1,0.0,3.0,4.85,3.83,1.73
2022,2023-05-14,BOLG,ROM,1,2,-1,0.0,3.0,3.16,3.11,2.45
2022,2023-05-14,JUV,CRE,1,0,1,3.0,0.0,1.37,4.94,8.92
2022,2023-05-13,SAL,ATA,1,1,0,1.0,1.0,4.9,4.12,1.67
2022,2023-05-13,SPE,MIL,2,2,0,1.0,1.0,4.17,3.5,1.93
2022,2023-05-13,INT,SAS,0,1,-1,0.0,3.0,1.41,5.07,7.25
2022,2023-05-12,LAZ,LEC,1,2,-1,0.0,3.0,1.72,3.57,5.52
2022,2023-05-08,EMP,SAL,3,1,1,3.0,0.0,2.18,3.15,3.64
2022,2023-05-08,UDI,SAM,3,0,1,3.0,0.0,1.53,4.27,6.25
2022,2023-05-08,SAS,BOLG,3,2,1,3.0,0.0,2.36,3.45,2.99
2022,2023-05-07,ATA,JUV,0,2,-1,0.0,3.0,2.4,3.32,3.05
2022,2023-05-07,TOR,MON,1,4,-1,0.0,3.0,1.99,3.33,4.11
2022,2023-05-07,NAP,FIO,1,1,0,1.0,1.0,1.85,3.73,4.2
2022,2023-05-07,LEC,VER,1,0,1,3.0,0.0,2.2,3.12,3.67
2022,2023-05-06,MIL,LAZ,2,2,0,1.0,1.0,1.97,3.4,4.17
2022,2023-05-06,ROM,INT,1,3,-1,0.0,3.0,3.14,3.15,2.44
2022,2023-05-06,CRE,SPE,3,2,1,3.0,0.0,2.35,3.38,3.08
2022,2023-05-04,EMP,BOLG,0,2,-1,0.0,3.0,2.99,3.17,2.53
2022,2023-05-04,UDI,NAP,1,1,0,1.0,1.0,4.71,3.78,1.76
2022,2023-05-03,ATA,SPE,4,0,1,3.0,0.0,1.39,4.99,8.11
2022,2023-05-03,JUV,LEC,0,2,-1,0.0,3.0,1.59,3.81,6.58
2022,2023-05-03,SAL,FIO,0,0,0,1.0,1.0,4.62,3.79,1.77
2022,2023-05-03,SAM,TOR,1,2,-1,0.0,3.0,4.38,3.43,1.91
2022,2023-05-03,LAZ,SAS,1,1,0,1.0,1.0,1.68,4.0,5.09
2022,2023-05-03,MIL,CRE,3,2,1,3.0,0.0,1.31,5.33,10.92
2022,2023-05-03,MON,ROM,2,1,1,3.0,0.0,3.65,3.18,2.19
2022,2023-05-03,VER,INT,3,0,1,3.0,0.0,5.41,3.78,1.69
2022,2023-04-30,INT,LAZ,3,0,1,3.0,0.0,1.82,3.59,4.62
2022,2023-04-30,CRE,VER,2,2,0,1.0,1.0,3.06,3.27,2.42
2022,2023-04-30,NAP,SAL,0,0,0,1.0,1.0,1.22,6.51,14.36
2022,2023-04-30,SAS,EMP,0,1,-1,0.0,3.0,1.76,3.91,4.51
2022,2023-04-30,FIO,SAM,1,0,1,3.0,0.0,1.32,5.44,9.75
2022,2023-04-30,BOLG,JUV,0,1,-1,0.0,3.0,3.5,3.2,2.22
2022,2023-04-29,ROM,MIL,0,2,-1,0.0,3.0,2.78,3.03,2.81
2022,2023-04-29,TOR,ATA,1,0,1,3.0,0.0,2.95,3.3,2.48
2022,2023-04-28,LEC,UDI,0,1,-1,0.0,3.0,2.49,3.08,3.16
2022,2023-04-28,SPE,MON,0,0,0,1.0,1.0,2.83,3.23,2.63
2022,2023-04-24,ATA,ROM,0,1,-1,0.0,3.0,2.33,3.27,3.21
2022,2023-04-23,EMP,INT,1,1,0,1.0,1.0,6.34,4.32,1.52
2022,2023-04-23,MON,FIO,3,2,1,3.0,0.0,3.6,3.43,2.08
2022,2023-04-23,UDI,CRE,0,1,-1,0.0,3.0,1.72,3.85,4.8
2022,2023-04-23,MIL,LEC,2,1,1,3.0,0.0,1.5,4.14,7.26
2022,2023-04-23,JUV,NAP,0,2,-1,0.0,3.0,2.85,3.17,2.63
2022,2023-04-22,SAL,SAS,0,1,-1,0.0,3.0,3.11,3.5,2.28
2022,2023-04-22,LAZ,TOR,2,4,-1,0.0,3.0,1.85,3.33,4.88
2022,2023-04-22,SAM,SPE,3,4,-1,0.0,3.0,2.54,3.24,2.91
2022,2023-04-21,VER,BOLG,1,1,0,1.0,1.0,2.78,3.0,2.85
2022,2023-04-17,FIO,ATA,0,1,-1,0.0,3.0,2.39,3.47,2.93
2022,2023-04-16,LEC,SAM,2,0,1,3.0,0.0,1.96,3.26,4.36
2022,2023-04-16,TOR,SAL,1,3,-1,0.0,3.0,1.74,3.56,5.28
2022,2023-04-16,SAS,JUV,0,0,0,1.0,1.0,3.72,3.46,2.04
2022,2023-04-16,ROM,UDI,3,1,1,3.0,0.0,1.88,3.36,4.56
2022,2023-04-15,BOLG,MIL,2,0,1,3.0,0.0,3.12,3.15,2.46
2022,2023-04-15,NAP,VER,1,0,1,3.0,0.0,1.53,4.09,6.76
2022,2023-04-15,INT,MON,0,1,-1,0.0,3.0,1.44,4.52,7.69
2022,2023-04-14,CRE,EMP,2,1,1,3.0,0.0,2.51,3.27,2.94
2022,2023-04-14,SPE,LAZ,1,0,1,3.0,0.0,5.15,3.62,1.74
2022,2023-04-08,UDI,MON,2,0,1,3.0,0.0,2.09,3.43,3.66
2022,2023-04-08,FIO,SPE,0,3,-1,0.0,3.0,1.42,4.68,7.97
2022,2023-04-08,ATA,BOLG,3,0,1,3.0,0.0,1.66,3.87,5.44
2022,2023-04-08,SAM,CRE,0,1,-1,0.0,3.0,2.35,3.28,3.18
2022,2023-04-08,TOR,ROM,1,2,-1,0.0,3.0,3.38,3.02,2.39
2022,2023-04-08,VER,SAS,1,0,1,3.0,0.0,2.65,3.33,2.74
2022,2023-04-08,LAZ,JUV,1,0,1,3.0,0.0,2.76,2.97,2.89
2022,2023-04-07,SAL,INT,1,1,0,1.0,1.0,7.42,4.67,1.44
2022,2023-04-07,LEC,NAP,3,0,1,3.0,0.0,5.78,3.67,1.68
2022,2023-04-07,MIL,EMP,2,0,1,3.0,0.0,1.37,4.9,9.08
2022,2023-04-03,EMP,LEC,3,1,1,3.0,0.0,2.47,3.11,3.12
2022,2023-04-03,SAS,TOR,0,0,0,1.0,1.0,2.46,3.27,2.99
2022,2023-04-02,BOLG,UDI,2,0,1,3.0,0.0,2.27,3.33,3.28
2022,2023-04-02,MON,LAZ,2,1,1,3.0,0.0,3.8,3.31,2.08
2022,2023-04-02,SPE,SAL,2,3,-1,0.0,3.0,2.36,3.31,3.12
2022,2023-04-02,ROM,SAM,1,1,0,1.0,1.0,1.44,4.39,8.26
2022,2023-04-02,NAP,MIL,1,1,0,1.0,1.0,1.76,3.69,4.83
2022,2023-04-01,CRE,ATA,0,0,0,1.0,1.0,5.19,3.99,1.67
2022,2023-04-01,INT,FIO,2,1,1,3.0,0.0,1.77,3.79,4.62
2022,2023-04-01,JUV,VER,0,1,-1,0.0,3.0,1.42,4.34,8.79
2022,2023-03-19,SAM,VER,2,4,-1,0.0,3.0,3.01,3.1,2.56
2022,2023-03-19,FIO,LEC,3,2,1,3.0,0.0,1.62,3.84,5.86
2022,2023-03-19,TOR,NAP,3,1,1,3.0,0.0,4.89,3.54,1.79
2022,2023-03-19,LAZ,ROM,1,1,0,1.0,1.0,2.82,3.04,2.76
2022,2023-03-19,INT,JUV,3,0,1,3.0,0.0,1.98,3.45,4.01
2022,2023-03-18,MON,CRE,1,2,-1,0.0,3.0,1.84,3.62,4.45
2022,2023-03-18,SAL,BOLG,0,2,-1,0.0,3.0,3.43,3.27,2.23
2022,2023-03-18,UDI,MIL,3,1,1,3.0,0.0,3.43,3.44,2.16
2022,2023-03-17,SAS,SPE,2,0,1,3.0,0.0,1.75,3.87,4.62
2022,2023-03-17,ATA,EMP,3,0,1,3.0,0.0,1.42,4.82,7.47
2022,2023-03-13,MIL,SAL,0,1,-1,0.0,3.0,1.26,5.9,11.74
2022,2023-03-12,LEC,TOR,2,2,0,1.0,1.0,2.98,2.99,2.67
2022,2023-03-12,CRE,FIO,1,2,-1,0.0,3.0,4.34,3.62,1.86
2022,2023-03-12,VER,MON,2,2,0,1.0,1.0,2.52,3.16,3.01
2022,2023-03-12,ROM,SAS,0,4,-1,0.0,3.0,1.69,3.73,5.32
2022,2023-03-12,JUV,SAM,3,2,1,3.0,0.0,1.35,4.88,9.97
2022,2023-03-11,EMP,UDI,1,3,-1,0.0,3.0,3.02,3.27,2.45
2022,2023-03-11,NAP,ATA,0,0,0,1.0,1.0,1.67,4.04,5.05
2022,2023-03-11,BOLG,LAZ,1,3,-1,0.0,3.0,3.08,3.19,2.46
2022,2023-03-10,SPE,INT,4,1,1,3.0,0.0,7.7,4.72,1.42
2022,2023-03-06,SAS,CRE,2,1,1,3.0,0.0,1.83,3.7,4.37
2022,2023-03-06,TOR,BOLG,0,1,-1,0.0,3.0,2.37,3.01,3.41
2022,2023-03-05,SPE,VER,0,1,-1,0.0,3.0,2.73,3.08,2.82
2022,2023-03-05,SAM,SAL,0,0,0,1.0,1.0,2.31,3.27,3.27
2022,2023-03-05,INT,LEC,2,1,1,3.0,0.0,1.36,4.89,9.29
2022,2023-03-05,ROM,JUV,2,2,0,1.0,1.0,2.68,3.08,2.87
2022,2023-03-04,MON,EMP,1,2,-1,0.0,3.0,2.11,3.24,3.84
2022,2023-03-04,ATA,UDI,0,2,-1,0.0,3.0,1.66,4.08,5.01
2022,2023-03-04,FIO,MIL,1,0,1,3.0,0.0,2.86,3.28,2.56
2022,2023-03-03,NAP,LAZ,1,2,-1,0.0,3.0,1.66,3.91,5.49
2022,2023-02-28,CRE,ROM,1,6,-1,0.0,3.0,5.25,3.49,1.77
2022,2023-02-28,JUV,TOR,1,0,1,3.0,0.0,1.78,3.43,5.28
2022,2023-02-27,VER,FIO,2,2,0,1.0,1.0,3.27,3.29,2.29
2022,2023-02-27,LAZ,SAM,1,0,1,3.0,0.0,1.43,4.46,7.98
2022,2023-02-26,BOLG,INT,2,2,0,1.0,1.0,4.96,3.77,1.73
2022,2023-02-26,SAL,MON,2,2,0,1.0,1.0,3.53,3.41,2.13
2022,2023-02-26,UDI,SPE,1,1,0,1.0,1.0,1.65,3.97,5.29
2022,2023-02-26,MIL,ATA,2,0,1,3.0,0.0,2.19,3.38,3.42
2022,2023-02-25,EMP,NAP,2,0,1,3.0,0.0,6.86,4.72,1.45
2022,2023-02-25,LEC,SAS,3,0,1,3.0,0.0,2.54,3.18,2.96
2022,2023-02-20,TOR,CRE,2,0,1,3.0,0.0,1.67,3.76,5.47
2022,2023-02-19,ATA,LEC,3,1,1,3.0,0.0,1.5,4.32,6.67
2022,2023-02-19,FIO,EMP,1,0,1,3.0,0.0,1.62,4.07,5.44
2022,2023-02-19,SAL,LAZ,2,1,1,3.0,0.0,5.14,3.9,1.68
2022,2023-02-19,SPE,JUV,2,2,0,1.0,1.0,5.81,3.92,1.62
2022,2023-02-19,ROM,VER,2,0,1,3.0,0.0,1.63,3.72,6.02
2022,2023-02-18,SAM,BOLG,0,1,-1,0.0,3.0,3.24,3.14,2.39
2022,2023-02-18,MON,MIL,1,2,-1,0.0,3.0,3.71,3.34,2.1
2022,2023-02-18,INT,UDI,1,1,0,1.0,1.0,1.52,4.38,6.3
2022,2023-02-17,SAS,NAP,1,1,0,1.0,1.0,5.41,4.14,1.62
2022,2023-02-13,VER,SAL,3,0,1,3.0,0.0,1.85,3.49,4.56
2022,2023-02-13,SAM,INT,0,0,0,1.0,1.0,7.69,4.59,1.43
2022,2023-02-12,UDI,SAS,1,1,0,1.0,1.0,2.05,3.51,3.66
2022,2023-02-12,BOLG,MON,3,2,1,3.0,0.0,2.23,3.31,3.39
2022,2023-02-12,JUV,FIO,8,0,1,3.0,0.0,1.85,3.6,4.39
2022,2023-02-12,NAP,CRE,0,0,0,1.0,1.0,1.18,7.36,15.53
2022,2023-02-11,EMP,SPE,2,1,1,3.0,0.0,2.05,3.44,3.77
2022,2023-02-11,LEC,ROM,1,1,0,1.0,1.0,4.24,3.27,1.98
2022,2023-02-11,LAZ,ATA,3,0,1,3.0,0.0,2.4,3.43,2.98
2022,2023-02-10,MIL,TOR,1,1,0,1.0,1.0,1.83,3.5,4.81
2022,2023-02-07,SAL,JUV,1,2,-1,0.0,3.0,7.07,4.25,1.5
2022,2023-02-06,VER,LAZ,2,2,0,1.0,1.0,3.82,3.46,2.02
2022,2023-02-06,MON,SAM,3,1,1,3.0,0.0,1.83,3.5,4.71
2022,2023-02-05,SPE,NAP,3,1,1,3.0,0.0,8.77,5.13,1.36
2022,2023-02-05,TOR,UDI,3,1,1,3.0,0.0,2.32,3.18,3.34
2022,2023-02-05,FIO,BOLG,0,1,-1,0.0,3.0,1.84,3.53,4.6
2022,2023-02-05,INT,MIL,4,3,1,3.0,0.0,1.99,3.54,3.87
2022,2023-02-04,CRE,LEC,0,1,-1,0.0,3.0,2.68,3.1,2.86
2022,2023-02-04,ROM,EMP,3,1,1,3.0,0.0,1.5,4.21,7.13
2022,2023-02-04,SAS,ATA,1,6,-1,0.0,3.0,3.71,3.82,1.95
2022,2023-01-30,UDI,VER,1,0,1,3.0,0.0,1.84,3.68,4.35
2022,2023-01-29,MIL,SAS,0,1,-1,0.0,3.0,1.49,4.71,6.15
2022,2023-01-29,JUV,MON,1,2,-1,0.0,3.0,1.55,4.08,6.49
2022,2023-01-29,LAZ,FIO,2,0,1,3.0,0.0,2.11,3.33,3.72
2022,2023-01-29,NAP,ROM,2,0,1,3.0,0.0,1.74,3.76,4.94
2022,2023-01-28,EMP,TOR,0,1,-1,0.0,3.0,3.24,3.06,2.44
2022,2023-01-28,CRE,INT,1,1,0,1.0,1.0,6.45,4.5,1.5
2022,2023-01-28,ATA,SAM,1,2,-1,0.0,3.0,1.34,5.25,9.22
2022,2023-01-27,BOLG,SPE,2,1,1,3.0,0.0,1.89,3.4,4.57
2022,2023-01-27,LEC,SAL,3,0,1,3.0,0.0,1.83,3.51,4.74
2022,2023-01-24,LAZ,MIL,0,0,0,1.0,1.0,3.17,3.45,2.27
2022,2023-01-23,BOLG,CRE,0,0,0,1.0,1.0,1.94,3.34,4.33
2022,2023-01-23,INT,EMP,1,1,0,1.0,1.0,1.28,5.91,10.24
2022,2023-01-22,SAM,UDI,0,0,0,1.0,1.0,3.58,3.33,2.15
2022,2023-01-22,MON,SAS,2,1,1,3.0,0.0,2.22,3.41,3.33
2022,2023-01-22,SPE,ROM,2,0,1,3.0,0.0,4.53,3.61,1.82
2022,2023-01-22,JUV,ATA,2,4,-1,0.0,3.0,2.13,3.44,3.51
2022,2023-01-21,VER,LEC,1,1,0,1.0,1.0,2.41,3.05,3.31
2022,2023-01-21,SAL,NAP,2,1,1,3.0,0.0,9.41,5.67,1.31
2022,2023-01-21,FIO,TOR,1,0,1,3.0,0.0,2.13,3.35,3.61
2022,2023-01-16,EMP,SAM,2,1,1,3.0,0.0,2.25,3.1,3.58
2022,2023-01-15,SAS,LAZ,3,0,1,3.0,0.0,3.19,3.63,2.19
2022,2023-01-15,TOR,SPE,0,1,-1,0.0,3.0,1.65,3.88,5.56
2022,2023-01-15,UDI,BOLG,1,1,0,1.0,1.0,1.97,3.45,4.04
2022,2023-01-15,ATA,SAL,0,1,-1,0.0,3.0,1.39,5.1,7.81
2022,2023-01-15,ROM,FIO,2,2,0,1.0,1.0,2.0,3.51,3.83
2022,2023-01-14,CRE,MON,3,1,1,3.0,0.0,2.86,3.32,2.54
2022,2023-01-14,LEC,MIL,3,1,1,3.0,0.0,5.82,3.95,1.61
2022,2023-01-14,INT,VER,0,4,-1,0.0,3.0,1.29,5.93,9.79
2022,2023-01-13,NAP,JUV,0,0,0,1.0,1.0,1.96,3.49,4.06
2022,2023-01-09,VER,CRE,0,1,-1,0.0,3.0,2.08,3.38,3.73
2022,2023-01-09,BOLG,ATA,1,1,0,1.0,1.0,3.42,3.44,2.16
2022,2023-01-08,SAL,TOR,0,0,0,1.0,1.0,3.67,3.26,2.15
2022,2023-01-08,LAZ,EMP,1,0,1,3.0,0.0,1.55,4.32,5.94
2022,2023-01-08,SPE,LEC,0,0,0,1.0,1.0,2.62,3.08,2.95
2022,2023-01-08,SAM,NAP,8,2,1,3.0,0.0,8.2,4.82,1.4
2022,2023-01-08,MIL,ROM,1,1,0,1.0,1.0,1.87,3.59,4.35
2022,2023-01-07,FIO,SAS,3,1,1,3.0,0.0,1.72,3.95,4.75
2022,2023-01-07,JUV,UDI,3,2,1,3.0,0.0,1.78,3.75,4.66
2022,2023-01-07,MON,INT,0,0,0,1.0,1.0,5.62,4.39,1.56
2022,2023-01-04,SAL,MIL,1,1,0,1.0,1.0,6.87,4.47,1.48
2022,2023-01-04,SAS,SAM,3,1,1,3.0,0.0,1.76,3.75,4.73
2022,2023-01-04,SPE,ATA,3,1,1,3.0,0.0,4.74,4.0,1.71
2022,2023-01-04,TOR,VER,2,2,0,1.0,1.0,1.85,3.6,4.42
2022,2023-01-04,LEC,LAZ,1,2,-1,0.0,3.0,3.72,3.26,2.13
2022,2023-01-04,ROM,BOLG,2,1,1,3.0,0.0,1.63,3.87,5.72
2022,2023-01-04,CRE,JUV,0,1,-1,0.0,3.0,5.14,3.81,1.7
2022,2023-01-04,FIO,MON,2,2,0,1.0,1.0,1.72,3.88,4.85
2022,2023-01-04,INT,NAP,0,0,0,1.0,1.0,2.3,3.44,3.12
2022,2023-01-04,UDI,EMP,1,2,-1,0.0,3.0,1.62,3.96,5.69
2022,2022-11-13,ATA,INT,1,0,1,3.0,0.0,3.07,3.59,2.27
2022,2022-11-13,MON,SAL,2,1,1,3.0,0.0,2.1,3.39,3.63
2022,2022-11-13,ROM,TOR,1,1,0,1.0,1.0,1.92,3.44,4.28
2022,2022-11-13,VER,SPE,2,0,1,3.0,0.0,2.11,3.47,3.52
2022,2022-11-13,MIL,FIO,0,2,-1,0.0,3.0,1.72,3.87,4.84
2022,2022-11-13,JUV,LAZ,0,1,-1,0.0,3.0,2.0,3.44,3.95
2022,2022-11-12,NAP,UDI,1,1,0,1.0,1.0,1.48,4.7,6.23
2022,2022-11-12,SAM,LEC,2,2,0,1.0,1.0,2.66,3.05,2.93
2022,2022-11-12,BOLG,SAS,1,0,1,3.0,0.0,2.34,3.5,3.01
2022,2022-11-11,EMP,CRE,4,0,1,3.0,0.0,2.52,3.33,2.88
2022,2022-11-10,VER,JUV,2,0,1,3.0,0.0,5.26,3.82,1.69
2022,2022-11-10,LAZ,MON,1,1,0,1.0,1.0,1.62,4.13,5.37
2022,2022-11-09,LEC,ATA,1,1,0,1.0,1.0,4.7,3.6,1.8
2022,2022-11-09,SAS,ROM,0,0,0,1.0,1.0,3.48,3.58,2.1
2022,2022-11-09,FIO,SAL,1,2,-1,0.0,3.0,1.54,4.32,6.07
2022,2022-11-09,INT,BOLG,1,1,0,1.0,1.0,1.31,5.59,9.7
2022,2022-11-09,TOR,SAM,5,1,1,3.0,0.0,1.63,3.81,5.88
2022,2022-11-08,NAP,EMP,1,0,1,3.0,0.0,1.24,6.61,11.31
2022,2022-11-08,SPE,UDI,2,0,1,3.0,0.0,4.01,3.56,1.94
2022,2022-11-08,CRE,MIL,0,0,0,1.0,1.0,6.15,4.28,1.54
2022,2022-11-06,BOLG,TOR,0,1,-1,0.0,3.0,3.05,3.13,2.51
2022,2022-11-06,MON,VER,0,1,-1,0.0,3.0,2.2,3.45,3.32
2022,2022-11-06,SAM,FIO,1,0,1,3.0,0.0,4.06,3.49,1.95
2022,2022-11-06,ROM,LAZ,0,1,-1,0.0,3.0,2.03,3.52,3.74
2022,2022-11-06,JUV,INT,2,1,1,3.0,0.0,3.05,3.35,2.39
2022,2022-11-05,EMP,SAS,0,0,0,1.0,1.0,2.79,3.48,2.51
2022,2022-11-05,SAL,CRE,0,2,-1,0.0,3.0,2.17,3.42,3.43
2022,2022-11-05,ATA,NAP,3,1,1,3.0,0.0,3.39,3.69,2.1
2022,2022-11-05,MIL,SPE,3,0,1,3.0,0.0,1.22,6.54,13.51
2022,2022-11-04,UDI,LEC,2,1,1,3.0,0.0,1.65,3.85,5.66
2022,2022-10-31,VER,ROM,1,2,-1,0.0,3.0,4.32,3.59,1.84
2022,2022-10-31,MON,BOLG,1,2,-1,0.0,3.0,2.22,3.33,3.32
2022,2022-10-30,EMP,ATA,0,0,0,1.0,1.0,4.35,3.79,1.8
2022,2022-10-30,CRE,UDI,1,0,1,3.0,0.0,4.01,3.76,1.87
2022,2022-10-30,SPE,FIO,0,0,0,1.0,1.0,4.1,3.59,1.89
2022,2022-10-30,LAZ,SAL,1,2,-1,0.0,3.0,1.49,4.53,6.35
2022,2022-10-30,TOR,MIL,1,1,0,1.0,1.0,3.63,3.33,2.12
2022,2022-10-29,NAP,SAS,0,1,-1,0.0,3.0,1.29,5.91,9.52
2022,2022-10-29,LEC,JUV,1,0,1,3.0,0.0,4.42,3.42,1.89
2022,2022-10-29,INT,SAM,1,0,1,3.0,0.0,1.25,6.15,12.03
2022,2022-10-24,CRE,SAM,1,3,-1,0.0,3.0,2.46,3.32,2.95
2022,2022-10-24,SAS,VER,2,5,-1,0.0,3.0,1.96,3.61,3.82
2022,2022-10-23,UDI,TOR,2,0,1,3.0,0.0,2.03,3.37,3.91
2022,2022-10-23,BOLG,LEC,2,2,0,1.0,1.0,2.19,3.21,3.62
2022,2022-10-23,ATA,LAZ,3,1,1,3.0,0.0,1.98,3.69,3.75
2022,2022-10-23,ROM,NAP,0,1,-1,0.0,3.0,2.89,3.52,2.41
2022,2022-10-22,SAL,SPE,0,0,0,1.0,1.0,2.02,3.49,3.8
2022,2022-10-22,MIL,MON,0,0,0,1.0,1.0,1.4,4.88,7.9
2022,2022-10-22,FIO,INT,1,3,-1,0.0,3.0,3.63,3.54,2.05
2022,2022-10-21,JUV,EMP,2,2,0,1.0,1.0,1.4,4.94,7.8
2022,2022-10-17,SAM,ROM,2,0,1,3.0,0.0,5.01,3.75,1.73
2022,2022-10-17,LEC,FIO,1,2,-1,0.0,3.0,3.83,3.32,2.07
2022,2022-10-16,INT,SAL,1,1,0,1.0,1.0,1.29,5.85,10.02
2022,2022-10-16,LAZ,UDI,2,2,0,1.0,1.0,2.19,3.61,3.23
2022,2022-10-16,SPE,CRE,1,1,0,1.0,1.0,2.47,3.17,3.07
2022,2022-10-16,NAP,BOLG,2,3,-1,0.0,3.0,1.26,6.0,11.54
2022,2022-10-16,VER,MIL,2,0,1,3.0,0.0,5.98,4.19,1.56
2022,2022-10-15,EMP,MON,2,3,-1,0.0,3.0,2.54,3.31,2.87
2022,2022-10-15,TOR,JUV,1,2,-1,0.0,3.0,3.05,3.17,2.5
2022,2022-10-15,ATA,SAS,1,1,0,1.0,1.0,1.66,4.15,4.94
2022,2022-10-10,FIO,LAZ,1,1,0,1.0,1.0,2.47,3.44,2.87
2022,2022-10-09,TOR,EMP,1,2,-1,0.0,3.0,1.76,3.67,4.86
2022,2022-10-09,MON,SPE,1,3,-1,0.0,3.0,1.91,3.58,4.14
2022,2022-10-09,SAL,VER,0,2,-1,0.0,3.0,2.45,3.46,2.88
2022,2022-10-09,UDI,ATA,0,2,-1,0.0,3.0,2.56,3.41,2.76
2022,2022-10-09,CRE,NAP,3,2,1,3.0,0.0,6.93,4.71,1.45
2022,2022-10-09,ROM,LEC,2,0,1,3.0,0.0,1.36,4.98,9.21
2022,2022-10-08,SAS,INT,4,1,1,3.0,0.0,4.41,4.18,1.73
2022,2022-10-08,MIL,JUV,0,0,0,1.0,1.0,2.11,3.38,3.65
2022,2022-10-08,BOLG,SAM,2,2,0,1.0,1.0,2.06,3.52,3.63
2022,2022-10-03,VER,UDI,2,1,1,3.0,0.0,3.1,3.51,2.27
2022,2022-10-02,LAZ,SPE,2,2,0,1.0,1.0,1.4,4.96,7.65
2022,2022-10-02,LEC,CRE,2,1,1,3.0,0.0,2.08,3.47,3.6
2022,2022-10-02,SAM,MON,4,3,1,3.0,0.0,2.32,3.34,3.16
2022,2022-10-02,SAS,SAL,2,1,1,3.0,0.0,2.04,3.68,3.5
2022,2022-10-02,ATA,FIO,3,2,1,3.0,0.0,1.97,3.56,3.88
2022,2022-10-02,JUV,BOLG,0,3,-1,0.0,3.0,1.51,4.3,6.48
2022,2022-10-01,NAP,TOR,2,2,0,1.0,1.0,1.6,4.13,5.57
2022,2022-10-01,INT,ROM,1,0,1,3.0,0.0,2.08,3.5,3.61
2022,2022-10-01,EMP,MIL,1,1,0,1.0,1.0,5.47,4.13,1.61
2022,2022-09-18,UDI,INT,1,2,-1,0.0,3.0,3.83,3.8,1.92
2022,2022-09-18,CRE,LAZ,1,1,0,1.0,1.0,4.22,3.9,1.81
2022,2022-09-18,FIO,VER,1,2,-1,0.0,3.0,1.78,3.85,4.48
2022,2022-09-18,MON,JUV,2,1,1,3.0,0.0,4.41,3.63,1.84
2022,2022-09-18,ROM,ATA,0,0,0,1.0,1.0,2.07,3.57,3.55
2022,2022-09-18,MIL,NAP,2,2,0,1.0,1.0,2.14,3.5,3.44
2022,2022-09-17,BOLG,EMP,2,2,0,1.0,1.0,2.13,3.52,3.42
2022,2022-09-17,SPE,SAM,2,1,1,3.0,0.0,2.69,3.24,2.74
2022,2022-09-17,TOR,SAS,1,1,0,1.0,1.0,1.83,3.77,4.3
2022,2022-09-16,SAL,LEC,1,0,1,3.0,0.0,2.25,3.33,3.37
2022,2022-09-12,EMP,ROM,0,0,0,1.0,1.0,4.7,3.93,1.73
2022,2022-09-11,ATA,CRE,0,2,-1,0.0,3.0,1.33,5.44,9.28
2022,2022-09-11,BOLG,FIO,1,1,0,1.0,1.0,2.97,3.4,2.42
2022,2022-09-11,LEC,MON,0,1,-1,0.0,3.0,2.3,3.35,3.21
2022,2022-09-11,SAS,UDI,4,1,1,3.0,0.0,2.69,3.51,2.58
2022,2022-09-11,LAZ,VER,3,3,0,1.0,1.0,1.59,4.23,5.51
2022,2022-09-11,JUV,SAL,2,1,1,3.0,0.0,1.41,4.73,8.11
2022,2022-09-10,NAP,SPE,1,0,1,3.0,0.0,1.26,6.27,11.33
2022,2022-09-10,INT,TOR,2,3,-1,0.0,3.0,1.45,4.77,7.01
2022,2022-09-10,SAM,MIL,2,0,1,3.0,0.0,6.31,4.37,1.52
2022,2022-09-05,MON,ATA,0,1,-1,0.0,3.0,5.64,4.3,1.58
2022,2022-09-05,SAL,EMP,5,0,1,3.0,0.0,2.27,3.43,3.21
2022,2022-09-05,TOR,LEC,1,1,0,1.0,1.0,1.73,3.7,5.11
2022,2022-09-04,CRE,SAS,0,0,0,1.0,1.0,3.05,3.53,2.31
2022,2022-09-04,SPE,BOLG,0,1,-1,0.0,3.0,3.04,3.27,2.45
2022,2022-09-04,VER,SAM,1,0,1,3.0,0.0,2.06,3.53,3.64
2022,2022-09-04,UDI,ROM,1,2,-1,0.0,3.0,4.01,3.68,1.92
2022,2022-09-03,FIO,JUV,2,2,0,1.0,1.0,3.06,3.22,2.46
2022,2022-09-03,MIL,INT,1,2,-1,0.0,3.0,2.79,3.3,2.63
2022,2022-09-03,LAZ,NAP,0,0,0,1.0,1.0,2.93,3.56,2.38
2022,2022-09-01,ATA,TOR,2,1,1,3.0,0.0,1.71,3.94,4.95
2022,2022-09-01,BOLG,SAL,0,0,0,1.0,1.0,1.88,3.57,4.26
2022,2022-08-31,EMP,VER,3,2,1,3.0,0.0,2.69,3.36,2.66
2022,2022-08-31,SAM,LAZ,0,0,0,1.0,1.0,4.11,3.67,1.89
2022,2022-08-31,UDI,FIO,0,0,0,1.0,1.0,2.71,3.47,2.58
2022,2022-08-31,JUV,SPE,1,0,1,3.0,0.0,1.27,5.79,11.84
2022,2022-08-31,NAP,LEC,2,4,-1,0.0,3.0,1.26,6.24,10.99
2022,2022-08-30,SAS,MIL,0,1,-1,0.0,3.0,5.45,4.29,1.6
2022,2022-08-30,INT,CRE,2,1,1,3.0,0.0,1.14,9.13,18.79
2022,2022-08-30,ROM,MON,0,0,0,1.0,1.0,1.3,5.89,10.0
2022,2022-08-28,SAL,SAM,2,0,1,3.0,0.0,2.47,3.24,3.04
2022,2022-08-28,VER,ATA,0,2,-1,0.0,3.0,4.3,3.94,1.8
2022,2022-08-28,FIO,NAP,1,2,-1,0.0,3.0,3.3,3.66,2.14
2022,2022-08-28,LEC,EMP,1,0,1,3.0,0.0,2.39,3.45,2.97
2022,2022-08-27,CRE,TOR,0,2,-1,0.0,3.0,3.23,3.39,2.29
2022,2022-08-27,JUV,ROM,0,1,-1,0.0,3.0,2.38,3.22,3.21
2022,2022-08-27,MIL,BOLG,1,4,-1,0.0,3.0,1.35,5.37,8.74
2022,2022-08-27,SPE,SAS,4,2,1,3.0,0.0,3.02,3.61,2.29
2022,2022-08-26,MON,UDI,0,0,0,1.0,1.0,3.15,3.43,2.3
2022,2022-08-26,LAZ,INT,0,0,0,1.0,1.0,4.08,3.76,1.88
2022,2022-08-22,ROM,CRE,3,1,1,3.0,0.0,1.24,6.14,13.06
2022,2022-08-22,SAM,JUV,0,2,-1,0.0,3.0,5.74,4.06,1.61
2022,2022-08-21,EMP,FIO,0,1,-1,0.0,3.0,3.73,3.83,1.94
2022,2022-08-21,NAP,MON,0,1,-1,0.0,3.0,1.35,5.4,8.49
2022,2022-08-21,ATA,MIL,0,0,0,1.0,1.0,2.79,3.49,2.5
2022,2022-08-21,BOLG,VER,3,2,1,3.0,0.0,2.2,3.5,3.3
2022,2022-08-20,TOR,LAZ,1,2,-1,0.0,3.0,2.99,3.45,2.38
2022,2022-08-20,UDI,SAL,0,1,-1,0.0,3.0,1.75,3.89,4.63
2022,2022-08-20,INT,SPE,0,0,0,1.0,1.0,1.17,7.9,15.8
2022,2022-08-20,SAS,LEC,1,2,-1,0.0,3.0,1.79,3.99,4.24
2022,2022-08-15,VER,NAP,2,1,1,3.0,0.0,3.46,3.58,2.1
2022,2022-08-15,JUV,SAS,1,1,0,1.0,1.0,1.46,4.81,6.65
2022,2022-08-14,FIO,CRE,3,0,1,3.0,0.0,1.38,5.02,8.16
2022,2022-08-14,LAZ,BOLG,1,2,-1,0.0,3.0,1.58,4.3,5.49
2022,2022-08-14,SAL,ROM,1,2,-1,0.0,3.0,6.42,4.57,1.49
2022,2022-08-14,SPE,EMP,1,2,-1,0.0,3.0,2.49,3.33,2.91
2022,2022-08-13,MIL,UDI,3,1,1,3.0,0.0,1.41,4.75,8.14
2022,2022-08-13,SAM,ATA,0,1,-1,0.0,3.0,4.45,3.91,1.77
2022,2022-08-13,LEC,INT,0,0,0,1.0,1.0,10.22,5.67,1.3
2022,2022-08-13,MON,TOR,1,1,0,1.0,1.0,2.58,3.29,2.84
2021,2022-05-22,SPE,NAP,3,0,1,3.0,0.0,5.75,4.64,1.53
2021,2022-05-22,INT,SAM,1,2,-1,0.0,3.0,1.13,9.1,20.49
2021,2022-05-22,SAS,MIL,2,1,1,3.0,0.0,6.63,4.87,1.46
2021,2022-05-22,SAL,UDI,0,1,-1,0.0,3.0,1.7,4.17,4.6
2021,2022-05-22,VEN,CAG,3,0,1,3.0,0.0,4.68,4.05,1.72
2021,2022-05-21,GEN,BOLG,1,4,-1,0.0,3.0,2.32,3.54,3.03
2021,2022-05-21,ATA,EMP,0,3,-1,0.0,3.0,1.22,7.22,11.29
2021,2022-05-21,FIO,JUV,2,1,1,3.0,0.0,1.83,3.84,4.26
2021,2022-05-21,LAZ,VER,4,0,1,3.0,0.0,1.76,4.11,4.29
2021,2022-05-20,TOR,ROM,3,0,1,3.0,0.0,3.43,3.63,2.11
2021,2022-05-16,SAM,FIO,1,0,1,3.0,0.0,3.94,3.77,1.9
2021,2022-05-16,JUV,LAZ,1,0,1,3.0,0.0,2.34,3.52,3.01
2021,2022-05-15,BOLG,SAS,1,0,1,3.0,0.0,2.47,3.76,2.68
2021,2022-05-15,NAP,GEN,1,0,1,3.0,0.0,1.84,3.99,4.02
2021,2022-05-15,MIL,ATA,2,2,0,1.0,1.0,1.79,4.14,4.14
2021,2022-05-15,CAG,INT,2,2,0,1.0,1.0,7.56,5.35,1.38
2021,2022-05-14,EMP,SAL,0,0,0,1.0,1.0,3.17,3.81,2.14
2021,2022-05-14,UDI,SPE,2,1,1,3.0,0.0,1.86,3.82,4.11
2021,2022-05-14,VER,TOR,2,0,1,3.0,0.0,2.31,3.48,3.1
2021,2022-05-14,ROM,VEN,1,1,0,1.0,1.0,1.24,6.56,11.28
2021,2022-05-09,FIO,ROM,2,3,-1,0.0,3.0,2.39,3.41,3.02
2021,2022-05-08,SPE,ATA,1,2,-1,0.0,3.0,6.33,4.78,1.48
2021,2022-05-08,VEN,BOLG,2,3,-1,0.0,3.0,3.0,3.55,2.33
2021,2022-05-08,SAL,CAG,2,0,1,3.0,0.0,2.42,3.34,3.03
2021,2022-05-08,VER,MIL,1,3,-1,0.0,3.0,4.47,4.02,1.76
2021,2022-05-07,TOR,NAP,2,1,1,3.0,0.0,3.56,3.64,2.05
2021,2022-05-07,SAS,UDI,2,1,1,3.0,0.0,2.35,3.74,2.87
2021,2022-05-07,LAZ,SAM,2,1,1,3.0,0.0,1.47,4.7,6.74
2021,2022-05-06,INT,EMP,3,2,1,3.0,0.0,1.14,9.17,17.69
2021,2022-05-06,GEN,JUV,1,4,-1,0.0,3.0,3.91,3.26,2.09
2021,2022-05-05,SAL,VEN,1,2,-1,0.0,3.0,1.82,3.75,4.39
2021,2022-05-02,ATA,SAL,1,1,0,1.0,1.0,1.27,6.01,11.1
2021,2022-05-01,JUV,VEN,2,2,0,1.0,1.0,1.21,6.75,14.32
2021,2022-05-01,EMP,TOR,4,2,1,3.0,0.0,2.77,3.45,2.55
2021,2022-05-01,MIL,FIO,1,3,-1,0.0,3.0,1.65,3.96,5.5
2021,2022-05-01,UDI,INT,4,4,0,1.0,1.0,5.99,4.3,1.56
2021,2022-05-01,ROM,BOLG,3,2,1,3.0,0.0,1.47,4.62,6.76
2021,2022-04-30,CAG,VER,2,2,0,1.0,1.0,2.54,3.46,2.78
2021,2022-04-30,NAP,SAS,1,2,-1,0.0,3.0,1.47,4.93,6.27
2021,2022-04-30,SAM,GEN,1,1,0,1.0,1.0,2.75,3.17,2.74
2021,2022-04-30,SPE,LAZ,1,0,1,3.0,0.0,5.06,4.0,1.68
2021,2022-04-27,FIO,UDI,2,1,1,3.0,0.0,1.71,3.97,4.84
2021,2022-04-27,ATA,TOR,1,1,0,1.0,1.0,1.6,4.17,5.66
2021,2022-04-27,BOLG,INT,2,0,1,3.0,0.0,7.69,5.05,1.4
2021,2022-04-25,SAS,JUV,1,0,1,3.0,0.0,4.24,3.89,1.81
2021,2022-04-24,SAL,FIO,4,0,1,3.0,0.0,5.45,3.99,1.64
2021,2022-04-24,BOLG,UDI,4,0,1,3.0,0.0,2.87,3.33,2.54
2021,2022-04-24,EMP,NAP,0,3,-1,0.0,3.0,5.38,4.18,1.62
2021,2022-04-24,GEN,CAG,2,1,1,3.0,0.0,2.23,3.23,3.51
2021,2022-04-24,LAZ,MIL,2,0,1,3.0,0.0,2.9,3.45,2.45
2021,2022-04-23,TOR,SPE,0,0,0,1.0,1.0,1.69,3.77,5.33
2021,2022-04-23,VEN,ATA,1,0,1,3.0,0.0,6.62,4.54,1.49
2021,2022-04-23,INT,ROM,1,3,-1,0.0,3.0,1.63,4.04,5.43
2021,2022-04-23,VER,SAM,1,1,0,1.0,1.0,1.78,3.76,4.63
2021,2022-04-20,UDI,SAL,0,4,-1,0.0,3.0,1.51,4.4,6.33
2021,2022-04-18,NAP,ROM,0,1,-1,0.0,3.0,1.91,3.66,4.02
2021,2022-04-18,ATA,VER,4,1,1,3.0,0.0,1.62,4.22,5.25
2021,2022-04-16,CAG,SAS,1,2,-1,0.0,3.0,2.87,3.68,2.36
2021,2022-04-16,SAM,SAL,0,1,-1,0.0,3.0,1.83,3.74,4.32
2021,2022-04-16,UDI,EMP,2,4,-1,0.0,3.0,1.82,3.7,4.48
2021,2022-04-16,FIO,VEN,4,2,1,3.0,0.0,1.36,5.06,8.99
2021,2022-04-16,JUV,BOLG,1,1,0,1.0,1.0,1.35,5.01,9.81
2021,2022-04-16,LAZ,TOR,4,2,1,3.0,0.0,1.64,3.92,5.54
2021,2022-04-15,SPE,INT,0,4,-1,0.0,3.0,9.88,5.54,1.31
2021,2022-04-15,MIL,GEN,3,0,1,3.0,0.0,1.32,5.13,10.71
2021,2022-04-11,BOLG,SAM,2,3,-1,0.0,3.0,2.18,3.38,3.45
2021,2022-04-10,GEN,LAZ,1,3,-1,0.0,3.0,4.21,3.55,1.92
2021,2022-04-10,NAP,FIO,0,1,-1,0.0,3.0,1.77,3.88,4.58
2021,2022-04-10,SAS,ATA,4,4,0,1.0,1.0,3.37,3.75,2.09
2021,2022-04-10,VEN,UDI,0,3,-1,0.0,3.0,3.48,3.37,2.19
2021,2022-04-10,ROM,SAL,2,3,-1,0.0,3.0,1.28,5.82,11.15
2021,2022-04-10,TOR,MIL,1,4,-1,0.0,3.0,4.19,3.51,1.94
2021,2022-04-09,EMP,SPE,2,2,0,1.0,1.0,2.03,3.52,3.77
2021,2022-04-09,INT,VER,1,1,0,1.0,1.0,1.36,5.19,8.52
2021,2022-04-09,CAG,JUV,0,0,0,1.0,1.0,6.0,3.94,1.6
2021,2022-04-04,VER,GEN,3,1,1,3.0,0.0,1.86,3.46,4.6
2021,2022-04-04,MIL,BOLG,1,1,0,1.0,1.0,1.39,4.85,8.57
2021,2022-04-03,FIO,EMP,2,1,1,3.0,0.0,1.55,4.41,5.82
2021,2022-04-03,ATA,NAP,2,0,1,3.0,0.0,2.41,3.34,3.05
2021,2022-04-03,UDI,CAG,1,1,0,1.0,1.0,1.85,3.51,4.6
2021,2022-04-03,SAM,ROM,0,2,-1,0.0,3.0,4.18,3.65,1.89
2021,2022-04-03,JUV,INT,2,1,1,3.0,0.0,2.83,3.31,2.58
2021,2022-04-02,SPE,VEN,2,4,-1,0.0,3.0,2.13,3.32,3.67
2021,2022-04-02,LAZ,SAS,2,2,0,1.0,1.0,1.75,4.09,4.39
2021,2022-04-02,SAL,TOR,1,1,0,1.0,1.0,4.28,3.55,1.9
2021,2022-03-20,VEN,SAM,1,0,1,3.0,0.0,2.69,3.33,2.68
2021,2022-03-20,EMP,VER,0,1,-1,0.0,3.0,2.69,3.42,2.63
2021,2022-03-20,JUV,SAL,1,1,0,1.0,1.0,1.21,6.7,14.72
2021,2022-03-20,ROM,LAZ,2,1,1,3.0,0.0,2.58,3.4,2.77
2021,2022-03-20,BOLG,ATA,1,1,0,1.0,1.0,4.34,3.73,1.83
2021,2022-03-19,NAP,UDI,1,0,1,3.0,0.0,1.47,4.49,7.1
2021,2022-03-19,INT,FIO,2,0,1,3.0,0.0,1.5,4.59,6.3
2021,2022-03-19,CAG,MIL,1,2,-1,0.0,3.0,5.52,4.01,1.63
2021,2022-03-18,SAS,SPE,1,4,-1,0.0,3.0,1.66,4.23,4.97
2021,2022-03-18,GEN,TOR,0,1,-1,0.0,3.0,3.24,3.16,2.41
2021,2022-03-14,LAZ,VEN,1,3,-1,0.0,3.0,1.34,5.34,8.95
2021,2022-03-13,FIO,BOLG,0,1,-1,0.0,3.0,1.65,4.06,5.25
2021,2022-03-13,VER,NAP,1,3,-1,0.0,3.0,3.47,3.55,2.11
2021,2022-03-13,ATA,GEN,1,1,0,1.0,1.0,1.34,5.09,9.81
2021,2022-03-13,UDI,ROM,2,2,0,1.0,1.0,3.27,3.37,2.26
2021,2022-03-13,TOR,INT,0,0,0,1.0,1.0,5.32,3.87,1.68
2021,2022-03-12,SAL,SAS,1,1,0,1.0,1.0,4.04,4.07,1.82
2021,2022-03-12,SPE,CAG,1,3,-1,0.0,3.0,2.76,3.2,2.71
2021,2022-03-12,SAM,JUV,1,0,1,3.0,0.0,5.39,3.84,1.67
2021,2022-03-12,MIL,EMP,1,1,0,1.0,1.0,1.36,5.22,8.33
2021,2022-03-06,GEN,EMP,2,2,0,1.0,1.0,2.52,3.4,2.84
2021,2022-03-06,BOLG,TOR,2,5,-1,0.0,3.0,2.81,3.18,2.68
2021,2022-03-06,FIO,VER,0,2,-1,0.0,3.0,2.0,3.59,3.76
2021,2022-03-06,VEN,SAS,3,0,1,3.0,0.0,3.3,3.45,2.22
2021,2022-03-06,JUV,SPE,2,0,1,3.0,0.0,1.25,6.08,13.06
2021,2022-03-06,NAP,MIL,1,1,0,1.0,1.0,2.14,3.32,3.65
2021,2022-03-05,UDI,SAM,1,2,-1,0.0,3.0,1.9,3.49,4.34
2021,2022-03-05,ROM,ATA,1,0,1,3.0,0.0,2.61,3.47,2.71
2021,2022-03-05,CAG,LAZ,2,1,1,3.0,0.0,3.63,3.41,2.11
2021,2022-03-04,INT,SAL,0,2,-1,0.0,3.0,1.16,7.94,18.06
2021,2022-02-28,ATA,SAM,5,1,1,3.0,0.0,1.45,4.61,7.0
2021,2022-02-27,TOR,CAG,5,5,0,1.0,1.0,1.67,3.68,5.79
2021,2022-02-27,VER,VEN,1,3,-1,0.0,3.0,1.55,4.19,6.31
2021,2022-02-27,SPE,ROM,2,3,-1,0.0,3.0,4.6,3.75,1.78
2021,2022-02-27,LAZ,NAP,0,2,-1,0.0,3.0,2.9,3.41,2.47
2021,2022-02-26,SAL,BOLG,1,2,-1,0.0,3.0,3.4,3.45,2.18
2021,2022-02-26,EMP,JUV,1,2,-1,0.0,3.0,5.16,3.98,1.67
2021,2022-02-26,SAS,FIO,3,1,1,3.0,0.0,2.72,3.56,2.52
2021,2022-02-25,MIL,UDI,1,0,1,3.0,0.0,1.5,4.26,7.19
2021,2022-02-25,GEN,INT,1,5,-1,0.0,3.0,9.79,5.31,1.33
2021,2022-02-21,CAG,NAP,2,2,0,1.0,1.0,6.04,4.41,1.53
2021,2022-02-21,BOLG,SPE,2,1,1,3.0,0.0,1.82,3.71,4.41
2021,2022-02-20,FIO,ATA,1,1,0,1.0,1.0,2.58,3.48,2.71
2021,2022-02-20,VEN,GEN,0,2,-1,0.0,3.0,2.56,3.23,2.9
2021,2022-02-20,INT,SAS,3,1,1,3.0,0.0,1.3,5.84,9.43
2021,2022-02-20,UDI,LAZ,1,1,0,1.0,1.0,2.99,3.33,2.44
2021,2022-02-19,SAM,EMP,2,2,0,1.0,1.0,2.21,3.5,3.28
2021,2022-02-19,ROM,VER,0,2,-1,0.0,3.0,1.99,3.67,3.72
2021,2022-02-19,SAL,MIL,2,0,1,3.0,0.0,8.93,5.11,1.36
2021,2022-02-18,JUV,TOR,2,1,1,3.0,0.0,1.64,3.73,6.16
2021,2022-02-14,SPE,FIO,3,4,-1,0.0,3.0,3.82,3.61,1.96
2021,2022-02-13,MIL,SAM,2,1,1,3.0,0.0,1.41,4.85,7.58
2021,2022-02-13,EMP,CAG,4,0,1,3.0,0.0,2.0,3.77,3.57
2021,2022-02-13,GEN,SAL,1,1,0,1.0,1.0,1.86,3.63,4.34
2021,2022-02-13,VER,UDI,0,3,-1,0.0,3.0,1.88,3.57,4.29
2021,2022-02-13,SAS,ROM,1,2,-1,0.0,3.0,3.35,3.79,2.07
2021,2022-02-13,ATA,JUV,2,2,0,1.0,1.0,2.88,3.42,2.47
2021,2022-02-12,LAZ,BOLG,0,1,-1,0.0,3.0,1.72,3.98,4.69
2021,2022-02-12,NAP,INT,4,1,1,3.0,0.0,2.73,3.47,2.56
2021,2022-02-12,TOR,VEN,0,2,-1,0.0,3.0,1.5,4.26,6.98
2021,2022-02-07,SAL,SPE,2,1,1,3.0,0.0,2.9,3.39,2.46
2021,2022-02-06,ATA,CAG,1,1,0,1.0,1.0,1.23,6.55,12.32
2021,2022-02-06,BOLG,EMP,1,1,0,1.0,1.0,2.01,3.69,3.6
2021,2022-02-06,SAM,SAS,6,2,1,3.0,0.0,2.82,3.72,2.38
2021,2022-02-06,VEN,NAP,2,1,1,3.0,0.0,7.47,4.7,1.43
2021,2022-02-06,UDI,TOR,2,1,1,3.0,0.0,3.08,3.25,2.42
2021,2022-02-06,JUV,VER,3,1,1,3.0,0.0,1.55,4.29,6.04
2021,2022-02-05,ROM,GEN,1,1,0,1.0,1.0,1.34,5.29,9.28
2021,2022-02-05,INT,MIL,1,1,0,1.0,1.0,1.82,3.79,4.36
2021,2022-02-05,FIO,LAZ,2,2,0,1.0,1.0,2.38,3.49,2.97
2021,2022-01-23,CAG,FIO,1,2,-1,0.0,3.0,5.3,4.12,1.62
2021,2022-01-23,NAP,SAL,0,2,-1,0.0,3.0,1.15,7.99,17.82
2021,2022-01-23,SPE,SAM,1,2,-1,0.0,3.0,2.77,3.22,2.66
2021,2022-01-23,TOR,SAS,3,0,1,3.0,0.0,2.12,3.55,3.42
2021,2022-01-23,EMP,ROM,2,2,0,1.0,1.0,4.04,4.08,1.8
2021,2022-01-23,MIL,JUV,2,4,-1,0.0,3.0,2.68,3.23,2.73
2021,2022-01-22,GEN,UDI,1,0,1,3.0,0.0,3.42,3.32,2.21
2021,2022-01-22,INT,VEN,2,1,1,3.0,0.0,1.1,10.06,25.09
2021,2022-01-22,LAZ,ATA,2,2,0,1.0,1.0,3.15,3.72,2.17
2021,2022-01-21,VER,BOLG,2,1,1,3.0,0.0,1.97,3.61,3.82
2021,2022-01-17,BOLG,NAP,1,3,-1,0.0,3.0,3.94,3.46,1.98
2021,2022-01-17,MIL,SPE,1,1,0,1.0,1.0,1.32,5.37,9.54
2021,2022-01-17,FIO,GEN,2,0,1,3.0,0.0,1.45,4.54,7.32
2021,2022-01-16,SAS,VER,2,0,1,3.0,0.0,2.23,3.59,3.14
2021,2022-01-16,VEN,EMP,5,1,1,3.0,0.0,2.72,3.58,2.5
2021,2022-01-16,ROM,CAG,0,2,-1,0.0,3.0,1.38,4.98,8.32
2021,2022-01-16,ATA,INT,3,0,1,3.0,0.0,2.89,3.75,2.3
2021,2022-01-15,SAM,TOR,0,1,-1,0.0,3.0,3.03,3.22,2.46
2021,2022-01-15,SAL,LAZ,2,0,1,3.0,0.0,7.08,4.56,1.46
2021,2022-01-15,JUV,UDI,1,1,0,1.0,1.0,1.39,4.71,8.94
2021,2022-01-11,CAG,BOLG,3,2,1,3.0,0.0,2.86,3.28,2.57
2021,2022-01-10,TOR,FIO,0,2,-1,0.0,3.0,,,
2021,2022-01-09,EMP,SAS,1,1,0,1.0,1.0,2.53,3.84,2.55
2021,2022-01-09,VEN,MIL,0,2,-1,0.0,3.0,5.89,4.1,1.58
2021,2022-01-09,NAP,SAM,3,0,1,3.0,0.0,1.45,4.67,6.77
2021,2022-01-09,UDI,ATA,0,2,-1,0.0,3.0,3.49,3.52,2.09
2021,2022-01-09,GEN,SPE,4,2,1,3.0,0.0,2.19,3.3,3.45
2021,2022-01-09,ROM,JUV,1,3,-1,0.0,3.0,3.29,3.44,2.2
2021,2022-01-09,INT,LAZ,1,1,0,1.0,1.0,1.43,4.83,7.1
2021,2022-01-09,VER,SAL,0,0,0,1.0,1.0,1.38,4.94,8.16
2021,2022-01-06,SAM,CAG,2,2,0,1.0,1.0,1.84,3.72,4.24
2021,2022-01-06,LAZ,EMP,2,4,-1,0.0,3.0,1.61,4.43,4.99
2021,2022-01-06,SPE,VER,1,2,-1,0.0,3.0,3.56,3.54,2.07
2021,2022-01-06,SAS,GEN,2,1,1,3.0,0.0,1.61,4.28,5.2
2021,2022-01-06,MIL,ROM,0,3,-1,0.0,3.0,1.98,3.67,3.71
2021,2022-01-06,JUV,NAP,0,4,-1,0.0,3.0,1.96,3.52,3.96
2021,2021-12-22,SAS,BOLG,3,0,1,3.0,0.0,2.03,3.68,3.55
2021,2021-12-22,VEN,LAZ,0,2,-1,0.0,3.0,4.13,3.63,1.9
2021,2021-12-22,INT,TOR,1,2,-1,0.0,3.0,1.33,5.41,9.5
2021,2021-12-22,ROM,SAM,1,3,-1,0.0,3.0,1.57,4.32,5.62
2021,2021-12-22,VER,FIO,1,1,0,1.0,1.0,2.89,3.45,2.43
2021,2021-12-22,EMP,MIL,6,2,1,3.0,0.0,4.46,3.99,1.76
2021,2021-12-22,NAP,SPE,2,3,-1,0.0,3.0,1.25,6.27,12.17
2021,2021-12-21,GEN,ATA,6,2,1,3.0,0.0,7.66,5.03,1.41
2021,2021-12-21,JUV,CAG,2,0,1,3.0,0.0,1.2,6.61,17.1
2021,2021-12-19,FIO,SAS,3,3,0,1.0,1.0,1.89,3.84,3.93
2021,2021-12-19,SPE,EMP,2,2,0,1.0,1.0,2.65,3.65,2.53
2021,2021-12-19,SAM,VEN,2,1,1,3.0,0.0,1.79,3.76,4.55
2021,2021-12-19,TOR,VER,0,2,-1,0.0,3.0,2.23,3.37,3.34
2021,2021-12-19,MIL,NAP,1,1,0,1.0,1.0,2.28,3.53,3.1
2021,2021-12-18,ATA,ROM,3,0,1,3.0,0.0,1.69,4.25,4.58
2021,2021-12-18,BOLG,JUV,4,1,1,3.0,0.0,4.18,3.62,1.89
2021,2021-12-18,CAG,UDI,4,0,1,3.0,0.0,3.01,3.3,2.45
2021,2021-12-17,LAZ,GEN,0,2,-1,0.0,3.0,1.54,4.21,6.5
2021,2021-12-17,SAL,INT,1,2,-1,0.0,3.0,16.81,7.85,1.17
2021,2021-12-13,ROM,SPE,2,1,1,3.0,0.0,1.41,4.89,7.33
2021,2021-12-12,TOR,BOLG,3,1,1,3.0,0.0,2.28,3.23,3.37
2021,2021-12-12,VER,ATA,1,2,-1,0.0,3.0,3.74,3.9,1.92
2021,2021-12-12,NAP,EMP,1,1,0,1.0,1.0,1.36,5.26,8.4
2021,2021-12-12,SAS,LAZ,2,1,1,3.0,0.0,2.67,3.55,2.56
2021,2021-12-12,INT,CAG,1,0,1,3.0,0.0,1.18,7.45,15.53
2021,2021-12-11,FIO,SAL,1,1,0,1.0,1.0,1.32,5.41,9.59
2021,2021-12-11,VEN,JUV,0,2,-1,0.0,3.0,8.54,4.8,1.39
2021,2021-12-11,UDI,MIL,3,0,1,3.0,0.0,4.23,3.58,1.9
2021,2021-12-10,GEN,SAM,2,1,1,3.0,0.0,3.27,3.18,2.37
2021,2021-12-06,EMP,UDI,0,0,0,1.0,1.0,2.59,3.39,2.72
2021,2021-12-06,CAG,TOR,2,0,1,3.0,0.0,3.23,3.26,2.32
2021,2021-12-05,BOLG,FIO,3,2,1,3.0,0.0,2.83,3.26,2.58
2021,2021-12-05,SPE,SAS,2,3,-1,0.0,3.0,3.32,3.76,2.09
2021,2021-12-05,VEN,VER,0,2,-1,0.0,3.0,3.66,3.44,2.07
2021,2021-12-05,SAM,LAZ,0,1,-1,0.0,3.0,3.38,3.65,2.09
2021,2021-12-05,JUV,GEN,1,0,1,3.0,0.0,1.25,5.91,12.41
2021,2021-12-04,MIL,SAL,2,1,1,3.0,0.0,1.21,6.86,13.9
2021,2021-12-04,ROM,INT,0,3,-1,0.0,3.0,3.77,3.67,1.98
2021,2021-12-04,NAP,ATA,0,0,0,1.0,1.0,2.48,3.52,2.8
2021,2021-12-02,TOR,EMP,0,1,-1,0.0,3.0,1.77,3.7,4.69
2021,2021-12-02,LAZ,UDI,3,3,0,1.0,1.0,1.67,3.96,5.05
2021,2021-12-01,BOLG,ROM,2,1,1,3.0,0.0,3.07,3.54,2.27
2021,2021-12-01,INT,SPE,3,2,1,3.0,0.0,1.19,7.34,14.11
2021,2021-12-01,GEN,MIL,3,0,1,3.0,0.0,5.16,4.13,1.63
2021,2021-12-01,SAS,NAP,2,0,1,3.0,0.0,3.98,3.86,1.86
2021,2021-11-30,ATA,VEN,1,3,-1,0.0,3.0,1.24,6.25,12.62
2021,2021-11-30,FIO,SAM,2,2,0,1.0,1.0,1.72,3.81,5.03
2021,2021-11-30,SAL,JUV,1,1,0,1.0,1.0,9.65,5.23,1.33
2021,2021-11-30,VER,CAG,5,0,1,3.0,0.0,1.66,4.08,5.01
2021,2021-11-28,UDI,GEN,0,1,-1,0.0,3.0,1.81,3.56,4.66
2021,2021-11-28,MIL,SAS,2,1,1,3.0,0.0,1.57,4.4,5.37
2021,2021-11-28,SPE,BOLG,0,2,-1,0.0,3.0,3.05,3.44,2.31
2021,2021-11-28,ROM,TOR,2,1,1,3.0,0.0,1.71,3.98,4.69
2021,2021-11-28,NAP,LAZ,0,0,0,1.0,1.0,1.8,3.79,4.33
2021,2021-11-27,EMP,FIO,1,1,0,1.0,1.0,3.49,3.57,2.09
2021,2021-11-27,SAM,VER,0,3,-1,0.0,3.0,2.88,3.36,2.49
2021,2021-11-27,JUV,ATA,4,0,1,3.0,0.0,2.18,3.49,3.33
2021,2021-11-27,VEN,INT,1,1,0,1.0,1.0,8.18,4.84,1.39
2021,2021-11-26,CAG,SAL,1,1,0,1.0,1.0,1.85,3.53,4.49
2021,2021-11-22,VER,EMP,1,1,0,1.0,1.0,1.76,3.99,4.39
2021,2021-11-22,TOR,UDI,0,2,-1,0.0,3.0,2.09,3.32,3.74
2021,2021-11-21,SAS,CAG,2,0,1,3.0,0.0,1.65,4.23,4.95
2021,2021-11-21,BOLG,VEN,1,0,1,3.0,0.0,1.64,4.05,5.27
2021,2021-11-21,SAL,SAM,1,0,1,3.0,0.0,3.07,3.29,2.41
2021,2021-11-21,INT,NAP,2,1,1,3.0,0.0,2.25,3.45,3.22
2021,2021-11-21,GEN,ROM,2,1,1,3.0,0.0,4.74,4.09,1.69
2021,2021-11-20,ATA,SPE,2,3,-1,0.0,3.0,1.26,6.48,10.39
2021,2021-11-20,LAZ,JUV,1,1,0,1.0,1.0,3.04,3.41,2.35
2021,2021-11-20,FIO,MIL,3,1,1,3.0,0.0,3.16,3.48,2.26
2021,2021-11-07,VEN,ROM,1,2,-1,0.0,3.0,5.89,4.41,1.54
2021,2021-11-07,SAM,BOLG,1,0,1,3.0,0.0,2.4,3.53,2.9
2021,2021-11-07,UDI,SAS,2,2,0,1.0,1.0,2.39,3.49,2.92
2021,2021-11-07,LAZ,SAL,1,0,1,3.0,0.0,1.31,5.6,9.32
2021,2021-11-07,NAP,VER,4,2,1,3.0,0.0,1.39,4.95,7.84
2021,2021-11-07,MIL,INT,1,0,1,3.0,0.0,3.14,3.6,2.22
2021,2021-11-06,SPE,TOR,1,0,1,3.0,0.0,3.56,3.56,2.07
2021,2021-11-06,JUV,FIO,1,4,-1,0.0,3.0,1.62,4.02,5.59
2021,2021-11-06,CAG,ATA,2,4,-1,0.0,3.0,6.09,4.53,1.51
2021,2021-11-05,EMP,GEN,1,0,1,3.0,0.0,2.13,3.68,3.3
2021,2021-11-01,BOLG,CAG,4,3,1,3.0,0.0,1.83,3.69,4.36
2021,2021-10-31,INT,UDI,1,0,1,3.0,0.0,1.34,5.06,9.38
2021,2021-10-31,FIO,SPE,2,0,1,3.0,0.0,1.54,4.36,5.82
2021,2021-10-31,GEN,VEN,3,2,1,3.0,0.0,2.04,3.5,3.67
2021,2021-10-31,SAS,EMP,0,0,0,1.0,1.0,1.76,4.08,4.27
2021,2021-10-31,SAL,NAP,0,2,-1,0.0,3.0,9.93,5.46,1.31
2021,2021-10-31,ROM,MIL,0,1,-1,0.0,3.0,2.33,3.52,2.96
2021,2021-10-30,ATA,LAZ,1,1,0,1.0,1.0,1.93,3.89,3.68
2021,2021-10-30,VER,JUV,2,0,1,3.0,0.0,4.06,3.74,1.87
2021,2021-10-30,TOR,SAM,0,1,-1,0.0,3.0,1.92,3.67,3.93
2021,2021-10-28,NAP,BOLG,4,1,1,3.0,0.0,1.34,5.36,8.58
2021,2021-10-27,JUV,SAS,1,1,0,1.0,1.0,1.44,4.84,6.83
2021,2021-10-27,SAM,ATA,0,2,-1,0.0,3.0,4.36,4.1,1.74
2021,2021-10-27,UDI,VER,1,4,-1,0.0,3.0,2.47,3.3,2.93
2021,2021-10-27,CAG,ROM,2,2,0,1.0,1.0,4.94,4.18,1.65
2021,2021-10-27,EMP,INT,1,0,1,3.0,0.0,5.94,4.76,1.5
2021,2021-10-27,LAZ,FIO,0,3,-1,0.0,3.0,1.95,3.65,3.85
2021,2021-10-26,SPE,GEN,4,0,1,3.0,0.0,2.37,3.49,2.96
2021,2021-10-26,VEN,SAL,6,2,1,3.0,0.0,1.98,3.44,4.0
2021,2021-10-26,MIL,TOR,2,4,-1,0.0,3.0,1.64,3.94,5.47
2021,2021-10-24,ATA,UDI,4,1,1,3.0,0.0,1.4,4.99,7.57
2021,2021-10-24,FIO,CAG,1,2,-1,0.0,3.0,1.68,3.99,4.93
2021,2021-10-24,VER,LAZ,1,1,0,1.0,1.0,3.1,3.58,2.24
2021,2021-10-24,ROM,NAP,3,0,1,3.0,0.0,2.86,3.51,2.43
2021,2021-10-24,INT,JUV,1,1,0,1.0,1.0,2.12,3.6,3.37
2021,2021-10-23,SAL,EMP,2,0,1,3.0,0.0,2.72,3.37,2.62
2021,2021-10-23,SAS,VEN,4,2,1,3.0,0.0,1.59,4.24,5.47
2021,2021-10-23,BOLG,MIL,0,1,-1,0.0,3.0,3.34,3.5,2.16
2021,2021-10-22,TOR,GEN,0,0,0,1.0,1.0,1.73,3.76,4.99
2021,2021-10-22,SAM,SPE,1,1,0,1.0,1.0,1.84,3.89,4.14
2021,2021-10-18,VEN,FIO,1,1,0,1.0,1.0,4.1,3.64,1.9
2021,2021-10-17,CAG,SAM,1,4,-1,0.0,3.0,2.6,3.38,2.74
2021,2021-10-17,EMP,ATA,3,0,1,3.0,0.0,5.31,4.24,1.61
2021,2021-10-17,GEN,SAS,2,0,1,3.0,0.0,3.13,3.45,2.29
2021,2021-10-17,UDI,BOLG,2,3,-1,0.0,3.0,2.32,3.36,3.14
2021,2021-10-17,NAP,TOR,2,2,0,1.0,1.0,1.42,4.68,7.78
2021,2021-10-17,JUV,ROM,3,0,1,3.0,0.0,1.9,3.67,4.07
2021,2021-10-16,SPE,SAL,2,0,1,3.0,0.0,2.19,3.33,3.44
2021,2021-10-16,LAZ,INT,0,2,-1,0.0,3.0,3.33,3.41,2.2
2021,2021-10-16,MIL,VER,1,0,1,3.0,0.0,1.54,4.27,6.14
2021,2021-10-03,BOLG,LAZ,0,4,-1,0.0,3.0,3.21,3.58,2.21
2021,2021-10-03,SAM,UDI,1,1,0,1.0,1.0,2.18,3.36,3.49
2021,2021-10-03,VER,SPE,1,3,-1,0.0,3.0,1.67,4.14,4.89
2021,2021-10-03,FIO,NAP,0,1,-1,0.0,3.0,3.92,3.52,1.98
2021,2021-10-03,ROM,EMP,1,2,-1,0.0,3.0,1.42,5.15,6.73
2021,2021-10-03,ATA,MIL,3,0,1,3.0,0.0,2.13,3.64,3.34
2021,2021-10-02,SAL,GEN,0,1,-1,0.0,3.0,2.96,3.24,2.51
2021,2021-10-02,TOR,JUV,1,3,-1,0.0,3.0,4.46,3.53,1.86
2021,2021-10-02,SAS,INT,1,3,-1,0.0,3.0,4.47,4.24,1.71
2021,2021-10-01,CAG,VEN,0,0,0,1.0,1.0,1.88,3.54,4.39
2021,2021-09-27,VEN,TOR,2,2,0,1.0,1.0,3.54,3.48,2.11
2021,2021-09-26,JUV,SAM,0,5,-1,0.0,3.0,1.35,5.26,8.91
2021,2021-09-26,EMP,BOLG,0,3,-1,0.0,3.0,2.63,3.64,2.57
2021,2021-09-26,SAS,SAL,0,0,0,1.0,1.0,1.43,4.79,7.45
2021,2021-09-26,UDI,FIO,3,0,1,3.0,0.0,3.07,3.43,2.34
2021,2021-09-26,LAZ,ROM,1,3,-1,0.0,3.0,2.67,3.47,2.63
2021,2021-09-26,NAP,CAG,0,2,-1,0.0,3.0,1.26,6.1,11.56
2021,2021-09-25,SPE,MIL,1,0,1,3.0,0.0,6.7,4.54,1.48
2021,2021-09-25,INT,ATA,0,0,0,1.0,1.0,1.99,3.69,3.71
2021,2021-09-25,GEN,VER,1,1,0,1.0,1.0,2.78,3.18,2.7
2021,2021-09-23,SAM,NAP,2,1,1,3.0,0.0,4.28,3.78,1.83
2021,2021-09-23,TOR,LAZ,1,2,-1,0.0,3.0,3.34,3.44,2.2
2021,2021-09-23,ROM,UDI,1,4,-1,0.0,3.0,1.54,4.36,6.05
2021,2021-09-22,SAL,VER,1,3,-1,0.0,3.0,3.63,3.42,2.09
2021,2021-09-22,SPE,JUV,3,1,1,3.0,0.0,8.62,5.21,1.36
2021,2021-09-22,CAG,EMP,2,0,1,3.0,0.0,2.03,3.68,3.56
2021,2021-09-22,MIL,VEN,1,1,0,1.0,1.0,1.25,6.21,12.07
2021,2021-09-21,BOLG,GEN,1,0,1,3.0,0.0,2.02,3.44,3.9
2021,2021-09-21,ATA,SAS,3,0,1,3.0,0.0,1.53,4.5,6.0
2021,2021-09-21,FIO,INT,2,4,-1,0.0,3.0,3.73,3.65,2.0
2021,2021-09-20,UDI,NAP,0,1,-1,0.0,3.0,4.39,3.59,1.86
2021,2021-09-19,EMP,SAM,2,4,-1,0.0,3.0,2.59,3.59,2.63
2021,2021-09-19,VEN,SPE,3,1,1,3.0,0.0,2.45,3.47,2.87
2021,2021-09-19,LAZ,CAG,4,1,1,3.0,0.0,1.45,4.72,6.9
2021,2021-09-19,VER,ROM,1,1,0,1.0,1.0,4.03,3.85,1.87
2021,2021-09-19,JUV,MIL,2,0,1,3.0,0.0,2.13,3.55,3.43
2021,2021-09-18,GEN,FIO,2,0,1,3.0,0.0,3.4,3.34,2.23
2021,2021-09-18,INT,BOLG,1,4,-1,0.0,3.0,1.39,5.05,8.04
2021,2021-09-18,SAL,ATA,2,1,1,3.0,0.0,10.01,5.56,1.31
2021,2021-09-17,SAS,TOR,2,1,1,3.0,0.0,1.8,3.95,4.29
2021,2021-09-13,BOLG,VER,0,1,-1,0.0,3.0,2.14,3.68,3.26
2021,2021-09-12,SAM,INT,4,0,1,3.0,0.0,5.04,4.07,1.66
2021,2021-09-12,CAG,GEN,0,2,-1,0.0,3.0,2.11,3.43,3.59
2021,2021-09-12,SPE,UDI,1,1,0,1.0,1.0,3.12,3.45,2.31
2021,2021-09-12,TOR,SAL,1,3,-1,0.0,3.0,1.6,4.08,5.79
2021,2021-09-12,MIL,LAZ,1,0,1,3.0,0.0,2.21,3.55,3.22
2021,2021-09-12,ROM,SAS,1,1,0,1.0,1.0,1.59,4.71,5.01
2021,2021-09-11,EMP,VEN,0,1,-1,0.0,3.0,1.83,3.83,4.23
2021,2021-09-11,NAP,JUV,1,2,-1,0.0,3.0,2.43,3.47,2.89
2021,2021-09-11,ATA,FIO,1,1,0,1.0,1.0,1.58,4.21,5.69
2021,2021-08-29,GEN,NAP,1,3,-1,0.0,3.0,6.06,4.31,1.55
2021,2021-08-29,SAS,SAM,2,1,1,3.0,0.0,2.02,3.68,3.61
2021,2021-08-29,MIL,CAG,2,1,1,3.0,0.0,1.44,4.74,7.29
2021,2021-08-29,SAL,ROM,3,2,1,3.0,0.0,5.55,4.24,1.6
2021,2021-08-28,ATA,BOLG,0,0,0,1.0,1.0,1.33,5.59,8.73
2021,2021-08-28,LAZ,SPE,0,0,0,1.0,1.0,1.36,5.23,8.74
2021,2021-08-28,FIO,TOR,1,0,1,3.0,0.0,2.21,3.45,3.31
2021,2021-08-28,JUV,EMP,2,1,1,3.0,0.0,1.26,6.25,11.51
2021,2021-08-27,UDI,VEN,0,0,0,1.0,1.0,1.77,3.67,4.95
2021,2021-08-27,VER,INT,0,1,-1,0.0,3.0,5.58,4.17,1.61
2021,2021-08-23,CAG,SPE,2,1,1,3.0,0.0,1.98,3.61,3.78
2021,2021-08-23,SAM,MIL,0,3,-1,0.0,3.0,4.02,3.5,1.96
2021,2021-08-22,BOLG,SAL,1,1,0,1.0,1.0,1.65,4.04,5.15
2021,2021-08-22,UDI,JUV,1,0,1,3.0,0.0,7.21,4.35,1.47
2021,2021-08-22,NAP,VEN,2,2,0,1.0,1.0,1.24,6.38,11.79
2021,2021-08-22,ROM,FIO,0,0,0,1.0,1.0,1.77,3.85,4.5
2021,2021-08-21,INT,GEN,1,1,0,1.0,1.0,1.35,5.16,8.94
2021,2021-08-21,VER,SAS,6,1,1,3.0,0.0,2.61,3.43,2.69
2021,2021-08-21,EMP,LAZ,3,0,1,3.0,0.0,4.71,3.9,1.73
2021,2021-08-21,TOR,ATA,1,1,0,1.0,1.0,5.43,4.23,1.6
2020,2021-05-23,INT,UDI,4,1,1,3.0,0.0,1.39,5.37,7.12
2020,2021-05-23,ATA,MIL,2,0,1,3.0,0.0,2.45,4.07,2.55
2020,2021-05-23,BOLG,JUV,1,2,-1,0.0,3.0,11.64,6.62,1.24
2020,2021-05-23,NAP,VER,1,2,-1,0.0,3.0,1.2,7.24,13.39
2020,2021-05-23,SAS,LAZ,1,2,-1,0.0,3.0,1.93,4.34,3.38
2020,2021-05-23,SPE,ROM,1,2,-1,0.0,3.0,5.08,4.65,1.58
2020,2021-05-23,TOR,BEN,0,1,-1,0.0,3.0,1.8,4.24,3.91
2020,2021-05-22,CAG,GEN,3,0,1,3.0,0.0,2.09,3.51,3.54
2020,2021-05-22,CRO,FIO,3,3,0,1.0,1.0,3.65,4.03,1.91
2020,2021-05-22,SAM,PAR,1,0,1,3.0,0.0,1.78,4.27,4.01
2020,2021-05-18,LAZ,TOR,3,4,-1,0.0,3.0,2.11,3.25,3.77
2020,2021-05-17,VER,BOLG,1,3,-1,0.0,3.0,2.49,3.21,3.0
2020,2021-05-16,FIO,NAP,1,1,0,1.0,1.0,5.72,4.68,1.52
2020,2021-05-16,BEN,CRO,3,1,1,3.0,0.0,1.5,4.67,6.03
2020,2021-05-16,UDI,SAM,2,0,1,3.0,0.0,2.47,3.46,2.84
2020,2021-05-16,PAR,SAS,1,3,-1,0.0,3.0,5.52,4.43,1.56
2020,2021-05-16,MIL,CAG,1,2,-1,0.0,3.0,1.42,4.79,7.46
2020,2021-05-15,GEN,ATA,4,2,1,3.0,0.0,12.35,6.59,1.23
2020,2021-05-15,SPE,TOR,4,3,1,3.0,0.0,3.24,3.0,2.46
2020,2021-05-15,JUV,INT,0,2,-1,0.0,3.0,2.19,3.64,3.17
2020,2021-05-15,ROM,LAZ,1,2,-1,0.0,3.0,3.07,3.57,2.28
2020,2021-05-13,CRO,VER,2,0,1,3.0,0.0,3.77,3.9,1.91
2020,2021-05-12,CAG,FIO,3,1,1,3.0,0.0,2.53,3.03,3.1
2020,2021-05-12,ATA,BEN,2,1,1,3.0,0.0,1.18,7.78,14.91
2020,2021-05-12,BOLG,GEN,1,2,-1,0.0,3.0,2.39,3.35,3.04
2020,2021-05-12,INT,ROM,1,3,-1,0.0,3.0,1.68,4.08,4.82
2020,2021-05-12,LAZ,PAR,3,3,0,1.0,1.0,1.21,6.92,12.91
2020,2021-05-12,SAM,SPE,3,3,0,1.0,1.0,2.56,3.58,2.65
2020,2021-05-12,SAS,JUV,0,2,-1,0.0,3.0,4.82,4.23,1.66
2020,2021-05-12,TOR,MIL,0,1,-1,0.0,3.0,3.88,3.96,1.87
2020,2021-05-11,NAP,UDI,3,2,1,3.0,0.0,1.3,5.56,10.64
2020,2021-05-09,GEN,SAS,2,2,0,1.0,1.0,3.38,3.48,2.16
2020,2021-05-09,BEN,CAG,0,3,-1,0.0,3.0,3.13,3.42,2.3
2020,2021-05-09,PAR,ATA,1,0,1,3.0,0.0,13.1,7.28,1.2
2020,2021-05-09,VER,TOR,0,3,-1,0.0,3.0,3.02,3.42,2.36
2020,2021-05-09,ROM,CRO,1,1,0,1.0,1.0,1.39,5.29,7.19
2020,2021-05-09,JUV,MIL,1,0,1,3.0,0.0,1.76,3.88,4.52
2020,2021-05-08,SPE,NAP,0,0,0,1.0,1.0,6.06,4.59,1.51
2020,2021-05-08,UDI,BOLG,1,0,1,3.0,0.0,2.41,3.18,3.16
2020,2021-05-08,INT,SAM,1,1,0,1.0,1.0,1.46,4.69,6.76
2020,2021-05-08,FIO,LAZ,1,3,-1,0.0,3.0,4.01,3.87,1.86
2020,2021-05-03,TOR,PAR,0,1,-1,0.0,3.0,1.59,4.32,5.4
2020,2021-05-02,LAZ,GEN,0,3,-1,0.0,3.0,1.39,4.94,7.94
2020,2021-05-02,BOLG,FIO,4,0,1,3.0,0.0,2.94,3.28,2.49
2020,2021-05-02,NAP,CAG,0,0,0,1.0,1.0,1.4,4.9,7.74
2020,2021-05-02,SAS,ATA,0,0,0,1.0,1.0,6.03,4.81,1.49
2020,2021-05-02,UDI,JUV,0,0,0,1.0,1.0,6.59,4.55,1.48
2020,2021-05-02,SAM,ROM,0,1,-1,0.0,3.0,2.83,3.63,2.4
2020,2021-05-01,VER,SPE,1,1,0,1.0,1.0,2.09,3.54,3.48
2020,2021-05-01,CRO,INT,3,1,1,3.0,0.0,11.84,6.7,1.23
2020,2021-05-01,MIL,BEN,1,3,-1,0.0,3.0,1.35,5.19,8.74
2020,2021-04-26,TOR,NAP,1,0,1,3.0,0.0,4.4,3.96,1.76
2020,2021-04-26,LAZ,MIL,2,1,1,3.0,0.0,2.2,3.77,3.04
2020,2021-04-25,BEN,UDI,1,2,-1,0.0,3.0,3.14,3.29,2.35
2020,2021-04-25,FIO,JUV,2,2,0,1.0,1.0,5.88,4.17,1.57
2020,2021-04-25,INT,VER,1,0,1,3.0,0.0,1.32,5.2,10.36
2020,2021-04-25,CAG,ROM,1,1,0,1.0,1.0,2.51,3.7,2.63
2020,2021-04-25,ATA,BOLG,2,2,0,1.0,1.0,1.33,5.5,8.75
2020,2021-04-24,GEN,SPE,1,3,-1,0.0,3.0,2.48,3.0,3.22
2020,2021-04-24,PAR,CRO,1,5,-1,0.0,3.0,1.75,3.9,4.56
2020,2021-04-24,SAS,SAM,0,2,-1,0.0,3.0,2.03,3.65,3.57
2020,2021-04-22,ROM,ATA,2,2,0,1.0,1.0,3.6,3.88,1.95
2020,2021-04-22,NAP,LAZ,3,2,1,3.0,0.0,2.02,3.66,3.6
2020,2021-04-21,MIL,SAS,2,3,-1,0.0,3.0,1.56,4.32,5.71
2020,2021-04-21,BOLG,TOR,0,1,-1,0.0,3.0,2.55,3.32,2.83
2020,2021-04-21,CRO,SAM,2,1,1,3.0,0.0,3.66,3.7,1.99
2020,2021-04-21,GEN,BEN,1,0,1,3.0,0.0,2.21,3.2,3.55
2020,2021-04-21,JUV,PAR,1,2,-1,0.0,3.0,1.26,6.09,11.29
2020,2021-04-21,SPE,INT,2,0,1,3.0,0.0,7.79,5.0,1.39
2020,2021-04-21,UDI,CAG,1,0,1,3.0,0.0,2.48,3.25,2.97
2020,2021-04-20,VER,FIO,4,2,1,3.0,0.0,2.6,3.21,2.86
2020,2021-04-18,MIL,GEN,0,1,-1,0.0,3.0,1.48,4.51,6.66
2020,2021-04-18,ATA,JUV,3,1,1,3.0,0.0,2.47,3.58,2.76
2020,2021-04-18,BOLG,SPE,1,2,-1,0.0,3.0,2.0,3.7,3.58
2020,2021-04-18,LAZ,BEN,1,3,-1,0.0,3.0,1.4,4.76,8.01
2020,2021-04-18,TOR,ROM,3,0,1,3.0,0.0,3.34,3.59,2.12
2020,2021-04-18,NAP,INT,2,3,-1,0.0,3.0,3.05,3.48,2.31
2020,2021-04-17,CRO,UDI,1,3,-1,0.0,3.0,4.13,3.62,1.89
2020,2021-04-17,SAM,VER,1,1,0,1.0,1.0,2.6,3.27,2.8
2020,2021-04-17,SAS,FIO,5,2,1,3.0,0.0,2.51,3.21,2.95
2020,2021-04-17,CAG,PAR,1,1,0,1.0,1.0,2.22,3.44,3.26
2020,2021-04-12,BEN,SAS,2,2,0,1.0,1.0,3.44,3.58,2.09
2020,2021-04-11,INT,CAG,1,2,-1,0.0,3.0,1.26,5.97,11.4
2020,2021-04-11,JUV,GEN,3,2,1,3.0,0.0,1.26,5.92,11.78
2020,2021-04-11,SAM,NAP,1,4,-1,0.0,3.0,4.65,3.92,1.73
2020,2021-04-11,VER,LAZ,0,2,-1,0.0,3.0,3.59,3.36,2.13
2020,2021-04-11,ROM,BOLG,1,3,-1,0.0,3.0,1.74,4.05,4.44
2020,2021-04-11,FIO,ATA,3,3,0,1.0,1.0,5.28,4.29,1.6
2020,2021-04-10,SPE,CRO,1,2,-1,0.0,3.0,1.82,4.03,4.02
2020,2021-04-10,PAR,MIL,1,1,0,1.0,1.0,5.08,3.83,1.7
2020,2021-04-10,UDI,TOR,3,2,1,3.0,0.0,2.38,3.23,3.16
2020,2021-04-07,INT,SAS,2,0,1,3.0,0.0,1.34,5.31,8.65
2020,2021-04-07,JUV,NAP,1,0,1,3.0,0.0,1.98,3.58,3.8
2020,2021-04-03,MIL,SAM,0,3,-1,0.0,3.0,1.52,4.27,6.43
2020,2021-04-03,ATA,UDI,2,0,1,3.0,0.0,1.44,4.46,7.57
2020,2021-04-03,BEN,PAR,1,1,0,1.0,1.0,2.67,3.3,2.69
2020,2021-04-03,CAG,VER,0,2,-1,0.0,3.0,2.58,3.23,2.84
2020,2021-04-03,GEN,FIO,0,0,0,1.0,1.0,3.25,2.98,2.46
2020,2021-04-03,LAZ,SPE,1,2,-1,0.0,3.0,1.45,4.58,7.08
2020,2021-04-03,NAP,CRO,0,1,-1,0.0,3.0,1.22,6.52,13.06
2020,2021-04-03,SAS,ROM,3,2,1,3.0,0.0,4.63,4.29,1.66
2020,2021-04-03,TOR,JUV,0,3,-1,0.0,3.0,6.21,4.38,1.52
2020,2021-04-03,BOLG,INT,1,3,-1,0.0,3.0,7.11,4.64,1.45
2020,2021-03-21,VER,ATA,0,0,0,1.0,1.0,4.91,3.95,1.69
2020,2021-03-21,JUV,BEN,0,1,-1,0.0,3.0,1.18,7.3,15.04
2020,2021-03-21,SAM,TOR,1,1,0,1.0,1.0,2.48,3.23,2.96
2020,2021-03-21,UDI,LAZ,1,1,0,1.0,1.0,3.6,3.29,2.14
2020,2021-03-21,FIO,MIL,1,0,1,3.0,0.0,3.44,3.36,2.17
2020,2021-03-21,ROM,NAP,2,3,-1,0.0,3.0,2.62,3.5,2.62
2020,2021-03-20,CRO,BOLG,6,0,1,3.0,0.0,3.48,3.57,2.08
2020,2021-03-20,SPE,CAG,1,0,1,3.0,0.0,2.69,3.12,2.79
2020,2021-03-19,PAR,GEN,2,1,1,3.0,0.0,2.57,3.08,3.03
2020,2021-03-17,TOR,SAS,3,3,0,1.0,1.0,2.5,3.38,2.84
2020,2021-03-14,BOLG,SAM,1,1,0,1.0,1.0,2.29,3.27,3.26
2020,2021-03-14,PAR,ROM,1,2,-1,0.0,3.0,5.2,3.96,1.65
2020,2021-03-14,TOR,INT,2,0,1,3.0,0.0,8.18,4.84,1.39
2020,2021-03-14,CAG,JUV,0,2,-1,0.0,3.0,5.98,4.22,1.55
2020,2021-03-14,MIL,NAP,1,2,-1,0.0,3.0,2.62,3.23,2.8
2020,2021-03-13,SAS,VER,1,0,1,3.0,0.0,2.39,3.19,3.15
2020,2021-03-13,BEN,FIO,0,2,-1,0.0,3.0,3.44,3.15,2.26
2020,2021-03-13,GEN,UDI,1,0,1,3.0,0.0,3.29,2.96,2.46
2020,2021-03-12,LAZ,CRO,1,3,-1,0.0,3.0,1.26,6.15,11.32
2020,2021-03-12,ATA,SPE,1,3,-1,0.0,3.0,1.29,5.78,10.29
2020,2021-03-08,INT,ATA,4,0,1,3.0,0.0,2.03,3.66,3.54
2020,2021-03-07,ROM,GEN,4,1,1,3.0,0.0,1.52,4.3,6.32
2020,2021-03-07,CRO,TOR,2,1,1,3.0,0.0,3.76,3.36,2.07
2020,2021-03-07,FIO,PAR,2,2,0,1.0,1.0,1.93,3.5,4.11
2020,2021-03-07,VER,MIL,0,1,-1,0.0,3.0,3.55,3.3,2.15
2020,2021-03-07,SAM,CAG,0,0,0,1.0,1.0,2.41,3.3,3.0
2020,2021-03-07,NAP,BOLG,2,2,0,1.0,1.0,1.55,4.32,5.85
2020,2021-03-06,SPE,BEN,1,0,1,3.0,0.0,2.13,3.47,3.43
2020,2021-03-06,UDI,SAS,5,1,1,3.0,0.0,2.49,3.34,2.86
2020,2021-03-06,JUV,LAZ,2,0,1,3.0,0.0,1.91,3.64,4.0
2020,2021-03-04,PAR,INT,2,2,0,1.0,1.0,10.78,5.84,1.27
2020,2021-03-03,SAS,NAP,0,1,-1,0.0,3.0,3.56,3.49,2.08
2020,2021-03-03,ATA,CRO,0,0,0,1.0,1.0,1.18,7.46,15.21
2020,2021-03-03,BEN,VER,2,2,0,1.0,1.0,3.23,3.22,2.34
2020,2021-03-03,CAG,BOLG,2,1,1,3.0,0.0,2.57,3.25,2.84
2020,2021-03-03,FIO,ROM,1,1,0,1.0,1.0,3.74,3.5,2.03
2020,2021-03-03,GEN,SAM,1,1,0,1.0,1.0,2.99,3.11,2.54
2020,2021-03-03,MIL,UDI,1,3,-1,0.0,3.0,1.85,3.56,4.44
2020,2021-03-02,JUV,SPE,1,1,0,1.0,1.0,1.26,6.03,11.73
2020,2021-02-28,SAM,ATA,1,2,-1,0.0,3.0,5.02,4.04,1.66
2020,2021-02-28,CRO,CAG,3,2,1,3.0,0.0,3.27,3.61,2.14
2020,2021-02-28,INT,GEN,1,0,1,3.0,0.0,1.18,7.01,15.91
2020,2021-02-28,UDI,FIO,3,3,0,1.0,1.0,2.39,3.15,3.18
2020,2021-02-28,NAP,BEN,4,3,1,3.0,0.0,1.41,4.84,7.59
2020,2021-02-28,ROM,MIL,1,0,1,3.0,0.0,2.35,3.43,3.01
2020,2021-02-27,SPE,PAR,2,2,0,1.0,1.0,2.4,3.17,3.16
2020,2021-02-27,BOLG,LAZ,1,2,-1,0.0,3.0,3.57,3.61,2.03
2020,2021-02-27,VER,JUV,6,0,1,3.0,0.0,6.03,4.18,1.55
2020,2021-02-22,JUV,CRO,1,1,0,1.0,1.0,1.16,7.62,17.4
2020,2021-02-21,PAR,UDI,1,2,-1,0.0,3.0,3.73,3.29,2.09
2020,2021-02-21,MIL,INT,2,0,1,3.0,0.0,3.61,3.63,2.02
2020,2021-02-21,ATA,NAP,3,1,1,3.0,0.0,1.85,3.85,4.01
2020,2021-02-21,BEN,ROM,2,2,0,1.0,1.0,5.57,4.46,1.55
2020,2021-02-20,LAZ,SAM,3,0,1,3.0,0.0,1.67,4.11,4.87
2020,2021-02-20,GEN,VER,2,2,0,1.0,1.0,2.76,3.01,2.82
2020,2021-02-20,SAS,BOLG,3,2,1,3.0,0.0,2.29,3.4,3.15
2020,2021-02-19,FIO,SPE,4,0,1,3.0,0.0,2.02,3.32,3.99
2020,2021-02-19,CAG,TOR,1,1,0,1.0,1.0,2.87,3.26,2.56
2020,2021-02-15,VER,PAR,1,2,-1,0.0,3.0,2.02,3.38,3.85
2020,2021-02-14,ROM,UDI,1,0,1,3.0,0.0,1.72,3.85,4.81
2020,2021-02-14,CAG,ATA,2,0,1,3.0,0.0,6.84,4.81,1.43
2020,2021-02-14,SAM,FIO,0,2,-1,0.0,3.0,2.83,3.32,2.52
2020,2021-02-14,CRO,SAS,3,1,1,3.0,0.0,3.74,3.72,1.95
2020,2021-02-14,INT,LAZ,2,1,1,3.0,0.0,1.77,3.88,4.41
2020,2021-02-13,TOR,GEN,0,1,-1,0.0,3.0,1.99,3.27,4.14
2020,2021-02-13,NAP,JUV,0,2,-1,0.0,3.0,3.78,3.48,2.01
2020,2021-02-13,SPE,MIL,2,1,1,3.0,0.0,6.41,4.46,1.49
2020,2021-02-12,BOLG,BEN,1,0,1,3.0,0.0,1.88,3.57,4.27
2020,2021-02-07,BEN,SAM,4,3,1,3.0,0.0,2.96,3.22,2.49
2020,2021-02-07,MIL,CRO,3,1,1,3.0,0.0,1.23,6.47,12.77
2020,2021-02-07,UDI,VER,3,2,1,3.0,0.0,2.4,3.03,3.3
2020,2021-02-07,PAR,BOLG,1,1,0,1.0,1.0,3.27,3.24,2.3
2020,2021-02-07,LAZ,CAG,1,1,0,1.0,1.0,1.38,5.05,7.93
2020,2021-02-06,ATA,TOR,1,1,0,1.0,1.0,1.43,4.87,6.97
2020,2021-02-06,SAS,SPE,2,0,1,3.0,0.0,1.84,3.77,4.22
2020,2021-02-06,JUV,ROM,0,2,-1,0.0,3.0,1.75,4.02,4.4
2020,2021-02-06,GEN,NAP,1,1,0,1.0,1.0,5.26,3.88,1.67
2020,2021-02-05,FIO,INT,4,1,1,3.0,0.0,6.52,4.15,1.54
2020,2021-01-31,SPE,UDI,1,0,1,3.0,0.0,3.85,3.19,2.1
2020,2021-01-31,ATA,LAZ,1,1,0,1.0,1.0,1.74,4.12,4.34
2020,2021-01-31,CAG,SAS,3,3,0,1.0,1.0,3.1,3.4,2.32
2020,2021-01-31,CRO,GEN,1,1,0,1.0,1.0,2.96,3.22,2.49
2020,2021-01-31,NAP,PAR,0,2,-1,0.0,3.0,1.31,5.49,9.62
2020,2021-01-31,ROM,VER,3,1,1,3.0,0.0,1.66,3.96,5.18
2020,2021-01-30,BOLG,MIL,3,1,1,3.0,0.0,4.09,3.78,1.86
2020,2021-01-30,SAM,JUV,2,0,1,3.0,0.0,6.79,4.39,1.49
2020,2021-01-30,INT,BEN,2,2,0,1.0,1.0,1.25,6.34,11.1
2020,2021-01-29,TOR,FIO,2,2,0,1.0,1.0,2.72,3.2,2.74
2020,2021-01-24,JUV,BOLG,0,1,-1,0.0,3.0,1.41,4.9,7.47
2020,2021-01-24,GEN,CAG,2,2,0,1.0,1.0,2.25,3.49,3.12
2020,2021-01-24,VER,NAP,4,2,1,3.0,0.0,4.95,3.84,1.71
2020,2021-01-24,LAZ,SAS,1,1,0,1.0,1.0,1.7,3.98,4.77
2020,2021-01-24,PAR,SAM,2,0,1,3.0,0.0,3.0,3.31,2.42
2020,2021-01-23,ROM,SPE,1,0,1,3.0,0.0,1.45,4.83,6.72
2020,2021-01-23,MIL,ATA,1,2,-1,0.0,3.0,2.67,3.72,2.46
2020,2021-01-23,UDI,INT,2,3,-1,0.0,3.0,5.77,4.0,1.6
2020,2021-01-23,FIO,CRO,3,2,1,3.0,0.0,1.66,3.9,5.31
2020,2021-01-22,BEN,TOR,2,0,1,3.0,0.0,2.85,3.23,2.59
2020,2021-01-20,UDI,ATA,1,2,-1,0.0,3.0,4.42,3.84,1.78
2020,2021-01-18,CAG,MIL,1,1,0,1.0,1.0,5.82,4.49,1.53
2020,2021-01-17,NAP,FIO,4,2,1,3.0,0.0,1.54,4.33,5.95
2020,2021-01-17,CRO,BEN,0,2,-1,0.0,3.0,2.84,3.43,2.47
2020,2021-01-17,SAS,PAR,3,3,0,1.0,1.0,1.67,4.18,4.75
2020,2021-01-17,ATA,GEN,2,0,1,3.0,0.0,1.24,6.5,11.62
2020,2021-01-17,INT,JUV,3,2,1,3.0,0.0,2.43,3.5,2.85
2020,2021-01-16,BOLG,VER,1,2,-1,0.0,3.0,2.41,3.22,3.12
2020,2021-01-16,TOR,SPE,1,3,-1,0.0,3.0,2.01,3.39,3.92
2020,2021-01-16,SAM,UDI,4,0,1,3.0,0.0,2.92,3.25,2.52
2020,2021-01-15,LAZ,ROM,1,0,1,3.0,0.0,2.84,3.49,2.47
2020,2021-01-11,SPE,SAM,1,0,1,3.0,0.0,3.19,3.3,2.32
2020,2021-01-10,ROM,INT,1,0,1,3.0,0.0,2.94,3.53,2.37
2020,2021-01-10,PAR,LAZ,3,0,1,3.0,0.0,5.63,4.21,1.58
2020,2021-01-10,UDI,NAP,1,0,1,3.0,0.0,4.34,3.59,1.86
2020,2021-01-10,VER,CRO,1,0,1,3.0,0.0,1.8,3.69,4.56
2020,2021-01-10,FIO,CAG,3,1,1,3.0,0.0,1.77,3.84,4.48
2020,2021-01-10,JUV,SAS,4,0,1,3.0,0.0,1.3,5.67,9.7
2020,2021-01-09,BEN,ATA,0,3,-1,0.0,3.0,6.68,4.68,1.46
2020,2021-01-09,GEN,BOLG,1,0,1,3.0,0.0,3.06,3.3,2.4
2020,2021-01-09,MIL,TOR,0,3,-1,0.0,3.0,1.65,3.89,5.42
2020,2021-01-06,CAG,BEN,1,1,0,1.0,1.0,2.45,3.35,2.94
2020,2021-01-06,ATA,PAR,3,2,1,3.0,0.0,1.25,6.34,11.08
2020,2021-01-06,BOLG,UDI,3,1,1,3.0,0.0,2.72,3.24,2.69
2020,2021-01-06,CRO,ROM,2,2,0,1.0,1.0,7.1,4.99,1.41
2020,2021-01-06,LAZ,FIO,0,2,-1,0.0,3.0,1.83,3.74,4.26
2020,2021-01-06,SAM,INT,4,1,1,3.0,0.0,5.88,4.22,1.56
2020,2021-01-06,SAS,GEN,1,1,0,1.0,1.0,1.8,3.71,4.53
2020,2021-01-06,TOR,VER,2,2,0,1.0,1.0,2.6,3.31,2.78
2020,2021-01-06,NAP,SPE,1,0,1,3.0,0.0,1.2,7.02,14.13
2020,2021-01-06,MIL,JUV,1,1,0,1.0,1.0,3.14,3.35,2.32
2020,2021-01-03,INT,CRO,2,1,1,3.0,0.0,1.22,6.85,12.5
2020,2021-01-03,ATA,SAS,1,1,0,1.0,1.0,1.55,4.57,5.39
2020,2021-01-03,CAG,NAP,1,2,-1,0.0,3.0,6.72,4.4,1.49
2020,2021-01-03,FIO,BOLG,2,2,0,1.0,1.0,2.13,3.55,3.36
2020,2021-01-03,GEN,LAZ,0,2,-1,0.0,3.0,5.11,3.93,1.67
2020,2021-01-03,PAR,TOR,1,0,1,3.0,0.0,2.85,3.19,2.6
2020,2021-01-03,ROM,SAM,2,0,1,3.0,0.0,1.48,4.75,6.19
2020,2021-01-03,SPE,VER,0,0,0,1.0,1.0,3.0,3.38,2.39
2020,2021-01-03,BEN,MIL,2,0,1,3.0,0.0,5.31,4.15,1.61
2020,2021-01-03,JUV,UDI,3,1,1,3.0,0.0,1.44,4.54,7.41
2020,2020-12-23,VER,INT,1,1,0,1.0,1.0,5.77,4.04,1.6
2020,2020-12-23,BOLG,ATA,3,2,1,3.0,0.0,5.04,4.44,1.6
2020,2020-12-23,MIL,LAZ,0,2,-1,0.0,3.0,2.25,3.59,3.09
2020,2020-12-23,NAP,TOR,1,4,-1,0.0,3.0,1.35,5.31,8.25
2020,2020-12-23,ROM,CAG,1,1,0,1.0,1.0,1.31,5.58,9.36
2020,2020-12-23,SAM,SAS,2,0,1,3.0,0.0,2.65,3.52,2.58
2020,2020-12-23,SPE,GEN,2,1,1,3.0,0.0,2.22,3.4,3.28
2020,2020-12-23,UDI,BEN,0,0,0,1.0,1.0,1.89,3.35,4.54
2020,2020-12-22,CRO,PAR,0,0,0,1.0,1.0,2.73,3.3,2.65
2020,2020-12-22,JUV,FIO,1,2,-1,0.0,3.0,1.34,5.32,9.11
2020,2020-12-20,TOR,BOLG,0,0,0,1.0,1.0,2.62,3.5,2.62
2020,2020-12-20,BEN,GEN,3,0,1,3.0,0.0,2.3,3.37,3.15
2020,2020-12-20,CAG,UDI,3,0,1,3.0,0.0,3.06,3.38,2.34
2020,2020-12-20,INT,SPE,3,2,1,3.0,0.0,1.24,6.53,11.62
2020,2020-12-20,SAS,MIL,0,1,-1,0.0,3.0,3.62,3.9,1.94
2020,2020-12-20,ATA,ROM,1,0,1,3.0,0.0,2.23,3.74,3.0
2020,2020-12-20,LAZ,NAP,1,2,-1,0.0,3.0,2.86,3.39,2.48
2020,2020-12-19,FIO,VER,2,0,1,3.0,0.0,2.16,3.4,3.46
2020,2020-12-19,SAM,CRO,2,1,1,3.0,0.0,1.84,3.65,4.33
2020,2020-12-19,PAR,JUV,0,0,0,1.0,1.0,8.31,5.06,1.37
2020,2020-12-17,ROM,TOR,1,0,1,3.0,0.0,1.42,5.01,6.75
2020,2020-12-16,JUV,ATA,0,1,-1,0.0,3.0,1.9,3.76,3.88
2020,2020-12-16,FIO,SAS,4,2,1,3.0,0.0,2.41,3.45,2.91
2020,2020-12-16,GEN,MIL,4,0,1,3.0,0.0,7.42,4.76,1.42
2020,2020-12-16,INT,NAP,3,0,1,3.0,0.0,2.17,3.56,3.26
2020,2020-12-16,PAR,CAG,1,0,1,3.0,0.0,2.34,3.4,3.05
2020,2020-12-16,SPE,BOLG,1,0,1,3.0,0.0,3.19,3.55,2.2
2020,2020-12-16,VER,SAM,2,2,0,1.0,1.0,2.21,3.5,3.2
2020,2020-12-15,UDI,CRO,1,2,-1,0.0,3.0,1.62,3.88,5.82
2020,2020-12-15,BEN,LAZ,0,0,0,1.0,1.0,4.58,3.71,1.79
2020,2020-12-13,CAG,INT,0,0,0,1.0,1.0,7.53,5.22,1.38
2020,2020-12-13,ATA,FIO,0,0,0,1.0,1.0,1.68,4.18,4.65
2020,2020-12-13,BOLG,ROM,1,3,-1,0.0,3.0,3.52,3.8,2.0
2020,2020-12-13,NAP,SAM,3,5,-1,0.0,3.0,1.42,4.88,7.09
2020,2020-12-13,GEN,JUV,0,0,0,1.0,1.0,9.43,5.07,1.34
2020,2020-12-13,MIL,PAR,2,2,0,1.0,1.0,1.31,5.62,9.38
2020,2020-12-12,CRO,SPE,1,2,-1,0.0,3.0,2.59,3.4,2.72
2020,2020-12-12,TOR,UDI,4,1,1,3.0,0.0,2.86,3.27,2.54
2020,2020-12-12,LAZ,VER,4,0,1,3.0,0.0,1.67,3.97,5.06
2020,2020-12-11,SAS,BEN,1,0,1,3.0,0.0,1.69,4.19,4.62
2020,2020-12-07,FIO,GEN,2,0,1,3.0,0.0,1.8,3.72,4.47
2020,2020-12-06,VER,CAG,1,0,1,3.0,0.0,1.98,3.7,3.64
2020,2020-12-06,PAR,BEN,1,2,-1,0.0,3.0,2.11,3.59,3.36
2020,2020-12-06,ROM,SAS,1,1,0,1.0,1.0,1.71,4.21,4.43
2020,2020-12-06,CRO,NAP,5,3,1,3.0,0.0,8.15,5.19,1.36
2020,2020-12-06,SAM,MIL,6,0,1,3.0,0.0,4.46,3.9,1.76
2020,2020-12-05,SPE,LAZ,1,2,-1,0.0,3.0,5.08,3.87,1.69
2020,2020-12-05,JUV,TOR,4,0,1,3.0,0.0,1.4,4.95,7.38
2020,2020-12-05,INT,BOLG,5,1,1,3.0,0.0,1.47,4.78,6.25
2020,2020-11-30,TOR,SAM,3,1,1,3.0,0.0,2.53,3.46,2.73
2020,2020-11-30,GEN,PAR,1,0,1,3.0,0.0,2.67,3.28,2.7
2020,2020-11-29,LAZ,UDI,0,2,-1,0.0,3.0,1.73,3.93,4.65
2020,2020-11-29,BOLG,CRO,2,1,1,3.0,0.0,1.66,4.18,4.91
2020,2020-11-29,MIL,FIO,2,1,1,3.0,0.0,1.72,3.92,4.74
2020,2020-11-29,CAG,SPE,0,1,-1,0.0,3.0,2.14,3.4,3.45
2020,2020-11-29,NAP,ROM,1,1,0,1.0,1.0,2.17,3.69,3.16
2020,2020-11-28,SAS,INT,3,3,0,1.0,1.0,4.43,4.15,1.72
2020,2020-11-28,BEN,JUV,1,1,0,1.0,1.0,7.48,4.88,1.41
2020,2020-11-28,ATA,VER,3,0,1,3.0,0.0,1.36,5.36,7.75
2020,2020-11-22,FIO,BEN,1,5,-1,0.0,3.0,1.54,4.59,5.49
2020,2020-11-22,INT,TOR,3,3,0,1.0,1.0,1.34,5.53,8.04
2020,2020-11-22,ROM,PAR,0,1,-1,0.0,3.0,1.49,4.81,5.89
2020,2020-11-22,SAM,BOLG,3,0,1,3.0,0.0,2.49,3.53,2.74
2020,2020-11-22,VER,SAS,3,1,1,3.0,0.0,3.19,3.77,2.13
2020,2020-11-22,UDI,GEN,3,1,1,3.0,0.0,1.83,3.71,4.28
2020,2020-11-22,NAP,MIL,1,3,-1,0.0,3.0,2.31,3.54,3.02
2020,2020-11-21,CRO,LAZ,2,1,1,3.0,0.0,4.68,4.05,1.7
2020,2020-11-21,SPE,ATA,4,2,1,3.0,0.0,6.38,5.06,1.44
2020,2020-11-21,JUV,CAG,2,1,1,3.0,0.0,1.28,5.94,10.05
2020,2020-11-08,LAZ,JUV,3,2,1,3.0,0.0,3.55,3.76,2.0
2020,2020-11-08,ATA,INT,2,3,-1,0.0,3.0,2.71,3.79,2.41
2020,2020-11-08,GEN,ROM,1,2,-1,0.0,3.0,5.6,4.4,1.56
2020,2020-11-08,TOR,CRO,3,0,1,3.0,0.0,2.01,3.64,3.61
2020,2020-11-08,BOLG,NAP,2,2,0,1.0,1.0,4.69,4.18,1.67
2020,2020-11-08,MIL,VER,1,0,1,3.0,0.0,1.46,4.68,6.55
2020,2020-11-07,CAG,SAM,0,0,0,1.0,1.0,2.78,3.56,2.46
2020,2020-11-07,BEN,SPE,1,2,-1,0.0,3.0,1.98,3.72,3.64
2020,2020-11-07,PAR,FIO,2,1,1,3.0,0.0,3.37,3.61,2.11
2020,2020-11-06,SAS,UDI,1,2,-1,0.0,3.0,2.18,3.71,3.17
2020,2020-11-04,GEN,TOR,3,2,1,3.0,0.0,2.4,3.51,2.89
2020,2020-11-02,VER,BEN,2,1,1,3.0,0.0,2.04,3.48,3.69
2020,2020-11-01,UDI,MIL,4,3,1,3.0,0.0,4.56,3.92,1.74
2020,2020-11-01,SPE,JUV,4,2,1,3.0,0.0,8.55,5.11,1.36
2020,2020-11-01,TOR,LAZ,1,1,0,1.0,1.0,2.52,3.6,2.66
2020,2020-11-01,NAP,SAS,1,1,0,1.0,1.0,1.54,4.66,5.47
2020,2020-11-01,ROM,FIO,1,3,-1,0.0,3.0,1.83,3.95,4.04
2020,2020-11-01,SAM,GEN,1,1,0,1.0,1.0,1.93,3.65,3.92
2020,2020-10-31,CRO,ATA,2,1,1,3.0,0.0,6.49,4.93,1.45
2020,2020-10-31,INT,PAR,0,2,-1,0.0,3.0,1.35,5.32,8.59
2020,2020-10-31,BOLG,CAG,1,0,1,3.0,0.0,1.89,4.05,3.66
2020,2020-10-26,MIL,ROM,1,0,1,3.0,0.0,2.12,3.63,3.29
2020,2020-10-25,CAG,CRO,1,1,0,1.0,1.0,2.05,3.55,3.59
2020,2020-10-25,BEN,NAP,5,0,1,3.0,0.0,8.11,5.51,1.34
2020,2020-10-25,PAR,SPE,1,1,0,1.0,1.0,2.09,3.44,3.52
2020,2020-10-25,FIO,UDI,2,1,1,3.0,0.0,1.77,3.74,4.63
2020,2020-10-25,JUV,VER,2,3,-1,0.0,3.0,1.36,4.97,8.86
2020,2020-10-24,ATA,SAM,1,3,-1,0.0,3.0,1.41,5.26,6.76
2020,2020-10-24,GEN,INT,1,2,-1,0.0,3.0,7.6,4.93,1.39
2020,2020-10-24,LAZ,BOLG,2,2,0,1.0,1.0,1.7,4.15,4.58
2020,2020-10-23,SAS,TOR,1,1,0,1.0,1.0,1.71,4.28,4.42
2020,2020-10-19,VER,GEN,1,1,0,1.0,1.0,2.05,3.4,3.75
2020,2020-10-18,BOLG,SAS,2,1,1,3.0,0.0,2.84,3.65,2.37
2020,2020-10-18,SPE,FIO,1,1,0,1.0,1.0,5.42,4.06,1.62
2020,2020-10-18,TOR,CAG,3,1,1,3.0,0.0,2.19,3.44,3.33
2020,2020-10-18,UDI,PAR,2,4,-1,0.0,3.0,1.84,3.49,4.42
2020,2020-10-18,ROM,BEN,0,0,0,1.0,1.0,1.33,5.4,8.86
2020,2020-10-17,NAP,ATA,4,2,1,3.0,0.0,2.49,3.78,2.62
2020,2020-10-17,INT,MIL,1,0,1,3.0,0.0,2.31,3.53,3.01
2020,2020-10-17,SAM,LAZ,1,2,-1,0.0,3.0,3.3,3.55,2.16
2020,2020-10-17,CRO,JUV,1,3,-1,0.0,3.0,7.96,4.48,1.42
2020,2020-10-04,ATA,CAG,1,1,0,1.0,1.0,1.26,6.24,10.06
2020,2020-10-04,BEN,BOLG,0,1,-1,0.0,3.0,3.12,3.63,2.2
2020,2020-10-04,LAZ,INT,3,0,1,3.0,0.0,3.1,3.75,2.17
2020,2020-10-04,PAR,VER,2,1,1,3.0,0.0,2.89,3.13,2.6
2020,2020-10-04,MIL,SPE,1,0,1,3.0,0.0,1.28,5.75,10.96
2020,2020-10-03,SAS,CRO,1,4,-1,0.0,3.0,1.42,4.87,7.13
2020,2020-10-03,UDI,ROM,0,0,0,1.0,1.0,5.1,3.98,1.66
2020,2020-10-02,FIO,SAM,1,2,-1,0.0,3.0,1.67,4.06,5.01
2020,2020-09-30,BEN,INT,0,4,-1,0.0,3.0,8.28,5.19,1.36
2020,2020-09-30,UDI,SPE,2,2,0,1.0,1.0,1.63,3.84,5.68
2020,2020-09-30,LAZ,ATA,0,1,-1,0.0,3.0,2.57,3.71,2.55
2020,2020-09-28,BOLG,PAR,3,1,1,3.0,0.0,1.96,3.66,3.73
2020,2020-09-27,SPE,SAS,2,2,0,1.0,1.0,4.82,3.94,1.7
2020,2020-09-27,NAP,GEN,4,1,1,3.0,0.0,1.3,5.57,9.83
2020,2020-09-27,VER,UDI,3,1,1,3.0,0.0,2.74,3.08,2.76
2020,2020-09-27,CRO,MIL,2,2,0,1.0,1.0,5.94,4.39,1.53
2020,2020-09-27,ROM,JUV,1,0,1,3.0,0.0,3.61,3.57,2.03
2020,2020-09-26,TOR,ATA,1,0,1,3.0,0.0,4.84,4.25,1.65
2020,2020-09-26,CAG,LAZ,1,0,1,3.0,0.0,4.87,4.01,1.68
2020,2020-09-26,SAM,BEN,1,1,0,1.0,1.0,2.02,3.52,3.69
2020,2020-09-26,INT,FIO,0,2,-1,0.0,3.0,1.55,4.27,5.92
2020,2020-09-21,MIL,BOLG,1,2,-1,0.0,3.0,1.58,4.31,5.48
2020,2020-09-20,PAR,NAP,3,3,0,1.0,1.0,5.13,4.16,1.63
2020,2020-09-20,GEN,CRO,1,1,0,1.0,1.0,1.91,3.59,4.03
2020,2020-09-20,SAS,CAG,1,1,0,1.0,1.0,1.95,3.8,3.67
2020,2020-09-20,JUV,SAM,1,0,1,3.0,0.0,1.28,5.86,10.22
2020,2020-09-19,FIO,TOR,4,0,1,3.0,0.0,1.87,3.69,4.13
2020,2020-09-19,VER,ROM,1,0,1,3.0,0.0,3.82,3.65,1.96
2019,2020-08-02,SPA,FIO,0,0,0,1.0,1.0,6.27,4.85,1.46
2019,2020-08-02,BOLG,TOR,1,1,0,1.0,1.0,2.15,4.02,2.96
2019,2020-08-02,GEN,VER,3,2,1,3.0,0.0,1.54,4.46,5.66
2019,2020-08-02,LEC,PAR,3,1,1,3.0,0.0,1.53,4.64,5.48
2019,2020-08-02,SAS,UDI,1,3,-1,0.0,3.0,1.93,4.04,3.5
2019,2020-08-01,BRES,SAM,1,2,-1,0.0,3.0,6.4,4.75,1.46
2019,2020-08-01,ATA,INT,0,1,-1,0.0,3.0,2.33,3.72,2.83
2019,2020-08-01,JUV,ROM,1,1,0,1.0,1.0,2.8,3.96,2.26
2019,2020-08-01,MIL,CAG,2,2,0,1.0,1.0,1.33,5.71,8.06
2019,2020-08-01,NAP,LAZ,3,2,1,3.0,0.0,2.84,3.78,2.3
2019,2020-07-29,LAZ,BRES,3,3,0,1.0,1.0,1.18,7.47,14.04
2019,2020-07-29,SAM,MIL,2,2,0,1.0,1.0,4.85,3.98,1.68
2019,2020-07-29,SAS,GEN,1,4,-1,0.0,3.0,2.35,3.54,2.9
2019,2020-07-29,UDI,LEC,1,1,0,1.0,1.0,2.32,3.57,2.92
2019,2020-07-29,VER,SPA,1,2,-1,0.0,3.0,1.56,4.27,5.74
2019,2020-07-29,CAG,JUV,2,0,1,3.0,0.0,6.08,4.25,1.53
2019,2020-07-29,FIO,BOLG,1,2,-1,0.0,3.0,2.02,3.55,3.65
2019,2020-07-29,TOR,ROM,2,0,1,3.0,0.0,4.6,3.98,1.71
2019,2020-07-28,PAR,ATA,2,2,0,1.0,1.0,7.88,5.43,1.35
2019,2020-07-28,INT,NAP,1,1,0,1.0,1.0,2.04,3.67,3.47
2019,2020-07-26,BOLG,LEC,1,2,-1,0.0,3.0,2.39,3.62,2.79
2019,2020-07-26,CAG,UDI,4,7,-1,0.0,3.0,3.66,3.44,2.04
2019,2020-07-26,ROM,FIO,2,1,1,3.0,0.0,1.62,4.26,4.98
2019,2020-07-26,SPA,TOR,0,2,-1,0.0,3.0,5.68,4.24,1.56
2019,2020-07-26,VER,LAZ,1,2,-1,0.0,3.0,3.43,3.54,2.09
2019,2020-07-26,JUV,SAM,4,0,1,3.0,0.0,1.26,5.87,11.13
2019,2020-07-25,BRES,PAR,1,1,0,1.0,1.0,3.4,3.72,2.05
2019,2020-07-25,GEN,INT,1,0,1,3.0,0.0,5.07,4.16,1.63
2019,2020-07-25,NAP,SAS,2,0,1,3.0,0.0,1.57,4.43,5.33
2019,2020-07-24,MIL,ATA,1,4,-1,0.0,3.0,2.86,3.81,2.3
2019,2020-07-23,UDI,JUV,1,0,1,3.0,0.0,5.2,3.91,1.65
2019,2020-07-23,LAZ,CAG,3,0,1,3.0,0.0,1.47,4.57,6.51
2019,2020-07-22,PAR,NAP,1,4,-1,0.0,3.0,5.78,4.28,1.55
2019,2020-07-22,INT,FIO,2,1,1,3.0,0.0,1.46,4.67,6.5
2019,2020-07-22,LEC,BRES,2,1,1,3.0,0.0,1.79,3.97,4.12
2019,2020-07-22,SAM,GEN,3,1,1,3.0,0.0,2.5,3.26,2.87
2019,2020-07-22,SPA,ROM,2,0,1,3.0,0.0,8.15,5.29,1.35
2019,2020-07-22,TOR,VER,1,0,1,3.0,0.0,2.37,3.3,3.04
2019,2020-07-21,ATA,BOLG,2,1,1,3.0,0.0,1.28,6.05,9.79
2019,2020-07-21,SAS,MIL,1,0,1,3.0,0.0,3.44,3.87,1.99
2019,2020-07-20,JUV,LAZ,1,0,1,3.0,0.0,1.67,4.03,4.86
2019,2020-07-19,PAR,SAM,3,3,0,1.0,1.0,3.0,2.93,2.63
2019,2020-07-19,BRES,SPA,2,3,-1,0.0,3.0,2.33,3.5,2.96
2019,2020-07-19,FIO,TOR,2,1,1,3.0,0.0,1.98,3.39,4.01
2019,2020-07-19,GEN,LEC,2,0,1,3.0,0.0,1.9,3.78,3.85
2019,2020-07-19,NAP,UDI,1,1,0,1.0,1.0,1.49,4.36,6.56
2019,2020-07-19,ROM,INT,0,2,-1,0.0,3.0,3.01,3.61,2.26
2019,2020-07-18,VER,ATA,0,1,-1,0.0,3.0,6.81,5.12,1.41
2019,2020-07-18,CAG,SAS,1,0,1,3.0,0.0,3.17,3.75,2.13
2019,2020-07-18,MIL,BOLG,1,1,0,1.0,1.0,1.53,4.44,5.9
2019,2020-07-16,TOR,GEN,0,0,0,1.0,1.0,2.17,3.36,3.4
2019,2020-07-16,SPA,INT,0,1,-1,0.0,3.0,8.98,5.37,1.33
2019,2020-07-15,BOLG,NAP,3,2,1,3.0,0.0,4.3,3.89,1.79
2019,2020-07-15,MIL,PAR,1,2,-1,0.0,3.0,1.44,4.66,7.06
2019,2020-07-15,SAM,CAG,5,1,1,3.0,0.0,1.96,3.55,3.88
2019,2020-07-15,LEC,FIO,4,2,1,3.0,0.0,3.59,3.69,2.0
2019,2020-07-15,ROM,VER,0,1,-1,0.0,3.0,1.62,4.15,5.21
2019,2020-07-15,SAS,JUV,4,0,1,3.0,0.0,5.13,4.2,1.62
2019,2020-07-15,UDI,LAZ,0,1,-1,0.0,3.0,3.66,3.51,2.03
2019,2020-07-14,ATA,BRES,0,0,0,1.0,1.0,1.14,8.7,17.89
2019,2020-07-13,INT,TOR,1,2,-1,0.0,3.0,1.45,4.62,6.85
2019,2020-07-12,GEN,SPA,1,3,-1,0.0,3.0,1.67,3.87,5.15
2019,2020-07-12,CAG,LEC,5,1,1,3.0,0.0,1.74,3.96,4.47
2019,2020-07-12,FIO,VER,6,1,1,3.0,0.0,2.06,3.5,3.58
2019,2020-07-12,PAR,BOLG,0,0,0,1.0,1.0,2.69,3.32,2.65
2019,2020-07-12,UDI,SAM,1,3,-1,0.0,3.0,2.39,3.09,3.25
2019,2020-07-12,NAP,MIL,0,1,-1,0.0,3.0,2.12,3.43,3.46
2019,2020-07-11,LAZ,SAS,3,4,-1,0.0,3.0,1.61,4.3,5.17
2019,2020-07-11,BRES,ROM,3,0,1,3.0,0.0,6.55,4.68,1.46
2019,2020-07-11,JUV,ATA,0,0,0,1.0,1.0,2.1,3.65,3.35
2019,2020-07-09,SPA,UDI,1,3,-1,0.0,3.0,3.31,3.37,2.21
2019,2020-07-09,VER,INT,2,3,-1,0.0,3.0,4.59,3.79,1.76
2019,2020-07-08,FIO,CAG,1,1,0,1.0,1.0,1.94,3.53,4.02
2019,2020-07-08,GEN,NAP,1,1,0,1.0,1.0,6.15,4.01,1.57
2019,2020-07-08,ATA,SAM,2,2,0,1.0,1.0,1.36,5.44,7.83
2019,2020-07-08,BOLG,SAS,2,2,0,1.0,1.0,2.26,3.58,3.04
2019,2020-07-08,ROM,PAR,0,0,0,1.0,1.0,1.51,4.38,6.29
2019,2020-07-08,TOR,BRES,2,1,1,3.0,0.0,1.62,3.9,5.69
2019,2020-07-07,LEC,LAZ,0,0,0,1.0,1.0,7.64,5.36,1.37
2019,2020-07-07,MIL,JUV,4,3,1,3.0,0.0,3.39,3.35,2.21
2019,2020-07-05,INT,BOLG,1,2,-1,0.0,3.0,1.48,4.45,6.8
2019,2020-07-05,BRES,VER,0,0,0,1.0,1.0,5.34,3.96,1.64
2019,2020-07-05,CAG,ATA,1,1,0,1.0,1.0,5.49,4.55,1.54
2019,2020-07-05,PAR,FIO,5,0,1,3.0,0.0,3.0,3.38,2.38
2019,2020-07-05,SAM,SPA,2,3,-1,0.0,3.0,1.91,3.54,4.11
2019,2020-07-05,UDI,GEN,0,1,-1,0.0,3.0,2.26,3.25,3.32
2019,2020-07-05,NAP,ROM,1,0,1,3.0,0.0,2.08,3.59,3.43
2019,2020-07-04,JUV,TOR,1,2,-1,0.0,3.0,1.26,5.78,11.65
2019,2020-07-04,SAS,LEC,1,0,1,3.0,0.0,1.5,4.61,5.97
2019,2020-07-04,LAZ,MIL,1,2,-1,0.0,3.0,2.35,3.3,3.13
2019,2020-07-02,ATA,NAP,2,4,-1,0.0,3.0,2.11,3.65,3.31
2019,2020-07-02,ROM,UDI,2,0,1,3.0,0.0,1.59,4.02,5.84
2019,2020-07-01,BOLG,CAG,0,1,-1,0.0,3.0,2.07,3.51,3.54
2019,2020-07-01,INT,BRES,1,1,0,1.0,1.0,1.17,7.35,16.98
2019,2020-07-01,FIO,SAS,2,1,1,3.0,0.0,2.05,3.6,3.51
2019,2020-07-01,LEC,SAM,5,1,1,3.0,0.0,3.44,3.54,2.1
2019,2020-07-01,SPA,MIL,2,1,1,3.0,0.0,5.79,4.0,1.6
2019,2020-07-01,VER,PAR,2,4,-1,0.0,3.0,1.99,3.33,4.07
2019,2020-06-30,TOR,LAZ,0,1,-1,0.0,3.0,4.54,3.73,1.79
2019,2020-06-30,GEN,JUV,2,3,-1,0.0,3.0,9.31,4.7,1.38
2019,2020-06-28,MIL,ROM,2,0,1,3.0,0.0,2.71,3.42,2.56
2019,2020-06-28,NAP,SPA,2,2,0,1.0,1.0,1.28,5.64,10.67
2019,2020-06-28,SAM,BOLG,0,2,-1,0.0,3.0,2.38,3.33,3.04
2019,2020-06-28,SAS,VER,2,1,1,3.0,0.0,2.53,3.36,2.8
2019,2020-06-28,UDI,ATA,1,2,-1,0.0,3.0,6.78,4.57,1.46
2019,2020-06-28,PAR,INT,0,1,-1,0.0,3.0,6.07,3.88,1.6
2019,2020-06-27,BRES,GEN,2,0,1,3.0,0.0,3.0,3.42,2.35
2019,2020-06-27,CAG,TOR,0,4,-1,0.0,3.0,2.41,3.26,3.05
2019,2020-06-27,LAZ,FIO,2,1,1,3.0,0.0,1.62,4.06,5.42
2019,2020-06-26,JUV,LEC,0,0,0,1.0,1.0,1.15,8.49,18.05
2019,2020-06-24,INT,SAS,2,1,1,3.0,0.0,1.38,5.0,7.84
2019,2020-06-24,ATA,LAZ,1,3,-1,0.0,3.0,2.12,3.73,3.23
2019,2020-06-24,ROM,SAM,2,2,0,1.0,1.0,1.47,4.56,6.64
2019,2020-06-23,SPA,CAG,2,3,-1,0.0,3.0,2.72,3.24,2.7
2019,2020-06-23,VER,NAP,1,0,1,3.0,0.0,4.2,3.45,1.93
2019,2020-06-23,GEN,PAR,0,0,0,1.0,1.0,2.21,3.29,3.45
2019,2020-06-23,TOR,UDI,3,2,1,3.0,0.0,2.5,3.1,3.09
2019,2020-06-22,FIO,BRES,0,0,0,1.0,1.0,1.52,4.3,6.31
2019,2020-06-22,LEC,MIL,2,1,1,3.0,0.0,5.33,4.14,1.61
2019,2020-06-22,BOLG,JUV,2,3,-1,0.0,3.0,5.72,4.16,1.57
2019,2020-06-21,ATA,SAS,2,0,1,3.0,0.0,1.35,5.4,8.17
2019,2020-06-21,INT,SAM,2,2,0,1.0,1.0,1.36,5.03,8.78
2019,2020-06-20,TOR,PAR,3,0,1,3.0,0.0,2.19,3.27,3.47
2019,2020-06-20,VER,CAG,2,2,0,1.0,1.0,2.03,3.37,3.83
2019,2020-03-09,SAS,BRES,1,1,0,1.0,1.0,1.78,3.82,4.39
2019,2020-03-08,PAR,SPA,0,2,-1,0.0,3.0,2.05,3.4,3.74
2019,2020-03-08,MIL,GEN,0,1,-1,0.0,3.0,1.68,3.83,5.17
2019,2020-03-08,SAM,VER,1,1,0,1.0,1.0,2.67,3.18,2.77
2019,2020-03-08,UDI,FIO,2,1,1,3.0,0.0,2.91,3.14,2.56
2019,2020-03-08,JUV,INT,1,0,1,3.0,0.0,2.27,3.28,3.26
2019,2020-03-01,LEC,ATA,1,1,0,1.0,1.0,7.67,5.34,1.36
2019,2020-03-01,CAG,ROM,3,0,1,3.0,0.0,3.63,3.61,2.0
2019,2020-02-29,LAZ,BOLG,1,1,0,1.0,1.0,1.54,4.26,5.98
2019,2020-02-29,NAP,TOR,0,1,-1,0.0,3.0,1.47,4.42,6.85
2019,2020-02-23,GEN,LAZ,3,1,1,3.0,0.0,4.89,3.83,1.71
2019,2020-02-23,ROM,LEC,1,4,-1,0.0,3.0,1.31,5.74,8.54
2019,2020-02-22,BOLG,UDI,2,1,1,3.0,0.0,2.06,3.42,3.66
2019,2020-02-22,SPA,JUV,2,2,0,1.0,1.0,7.78,4.94,1.39
2019,2020-02-22,FIO,MIL,3,0,1,3.0,0.0,2.68,3.31,2.66
2019,2020-02-21,BRES,NAP,2,2,0,1.0,1.0,6.06,4.35,1.53
2019,2020-02-17,MIL,TOR,7,2,1,3.0,0.0,1.61,3.94,5.57
2019,2020-02-16,UDI,VER,0,4,-1,0.0,3.0,2.56,3.21,2.85
2019,2020-02-16,JUV,BRES,1,1,0,1.0,1.0,1.18,7.26,15.95
2019,2020-02-16,SAM,FIO,1,2,-1,0.0,3.0,2.77,3.11,2.7
2019,2020-02-16,SAS,PAR,2,4,-1,0.0,3.0,2.01,3.53,3.69
2019,2020-02-16,CAG,NAP,1,0,1,3.0,0.0,3.87,3.75,1.9
2019,2020-02-16,LAZ,INT,2,0,1,3.0,0.0,2.35,3.49,2.94
2019,2020-02-15,LEC,SPA,1,3,-1,0.0,3.0,2.19,3.52,3.22
2019,2020-02-15,BOLG,GEN,5,2,1,3.0,0.0,1.84,3.62,4.34
2019,2020-02-15,ATA,ROM,1,2,-1,0.0,3.0,1.8,4.22,3.88
2019,2020-02-09,SPA,SAS,2,1,1,3.0,0.0,2.74,3.41,2.54
2019,2020-02-09,BRES,UDI,1,1,0,1.0,1.0,2.7,3.29,2.65
2019,2020-02-09,GEN,CAG,1,1,0,1.0,1.0,2.38,3.4,2.96
2019,2020-02-09,NAP,LEC,0,3,-1,0.0,3.0,1.21,6.67,13.34
2019,2020-02-09,PAR,LAZ,3,1,1,3.0,0.0,4.51,3.94,1.74
2019,2020-02-09,INT,MIL,4,2,1,3.0,0.0,1.95,3.42,4.05
2019,2020-02-08,FIO,ATA,3,3,0,1.0,1.0,4.06,3.75,1.86
2019,2020-02-08,TOR,SAM,1,2,-1,0.0,3.0,2.21,3.23,3.44
2019,2020-02-08,VER,JUV,0,4,-1,0.0,3.0,7.08,4.01,1.51
2019,2020-02-07,ROM,BOLG,2,2,0,1.0,1.0,1.63,4.19,5.02
2019,2020-02-05,LAZ,VER,1,0,1,3.0,0.0,1.38,4.93,8.3
2019,2020-02-03,SAM,NAP,0,0,0,1.0,1.0,4.42,3.75,1.79
2019,2020-02-02,JUV,FIO,1,1,0,1.0,1.0,1.34,5.11,9.36
2019,2020-02-02,ATA,GEN,4,3,1,3.0,0.0,1.24,6.15,11.58
2019,2020-02-02,LAZ,SPA,2,3,-1,0.0,3.0,1.22,6.39,12.96
2019,2020-02-02,MIL,VER,2,3,-1,0.0,3.0,1.64,3.72,5.85
2019,2020-02-02,LEC,TOR,2,2,0,1.0,1.0,3.24,3.47,2.2
2019,2020-02-02,UDI,INT,1,2,-1,0.0,3.0,5.07,3.72,1.71
2019,2020-02-01,BOLG,BRES,2,0,1,3.0,0.0,1.69,4.01,4.79
2019,2020-02-01,CAG,PAR,0,3,-1,0.0,3.0,1.91,3.7,3.91
2019,2020-02-01,SAS,ROM,5,2,1,3.0,0.0,4.0,3.93,1.83
2019,2020-01-26,INT,CAG,0,1,-1,0.0,3.0,1.32,5.25,9.56
2019,2020-01-26,PAR,UDI,0,2,-1,0.0,3.0,2.38,3.19,3.15
2019,2020-01-26,SAM,SAS,0,1,-1,0.0,3.0,2.26,3.32,3.25
2019,2020-01-26,VER,LEC,2,2,0,1.0,1.0,1.62,4.08,5.29
2019,2020-01-26,ROM,LAZ,3,1,1,3.0,0.0,2.73,3.61,2.44
2019,2020-01-26,NAP,JUV,0,0,0,1.0,1.0,3.44,3.61,2.07
2019,2020-01-25,SPA,BOLG,2,0,1,3.0,0.0,3.0,3.35,2.39
2019,2020-01-25,FIO,GEN,2,1,1,3.0,0.0,1.73,3.79,4.81
2019,2020-01-25,TOR,ATA,1,1,0,1.0,1.0,4.55,4.06,1.71
2019,2020-01-24,BRES,MIL,3,2,1,3.0,0.0,5.03,4.02,1.66
2019,2020-01-20,ATA,SPA,2,1,1,3.0,0.0,1.19,7.07,13.82
2019,2020-01-19,MIL,UDI,1,1,0,1.0,1.0,1.54,3.95,6.77
2019,2020-01-19,BOLG,VER,3,1,1,3.0,0.0,1.94,3.48,4.02
2019,2020-01-19,BRES,CAG,0,3,-1,0.0,3.0,2.47,3.51,2.76
2019,2020-01-19,LEC,INT,2,0,1,3.0,0.0,9.73,5.58,1.3
2019,2020-01-19,GEN,ROM,0,1,-1,0.0,3.0,4.06,3.49,1.93
2019,2020-01-19,JUV,PAR,2,3,-1,0.0,3.0,1.22,6.46,13.18
2019,2020-01-18,LAZ,SAM,0,1,-1,0.0,3.0,1.39,4.78,7.95
2019,2020-01-18,SAS,TOR,1,1,0,1.0,1.0,2.61,3.33,2.72
2019,2020-01-18,NAP,FIO,2,0,1,3.0,0.0,1.62,4.09,5.33
2019,2020-01-13,PAR,LEC,4,1,1,3.0,0.0,1.88,3.81,3.88
2019,2020-01-12,UDI,SAS,2,2,0,1.0,1.0,2.21,3.42,3.26
2019,2020-01-12,FIO,SPA,2,3,-1,0.0,3.0,1.46,4.45,6.93
2019,2020-01-12,SAM,BRES,2,2,0,1.0,1.0,1.99,3.35,3.98
2019,2020-01-12,TOR,BOLG,2,2,0,1.0,1.0,2.27,3.41,3.16
2019,2020-01-12,VER,GEN,0,2,-1,0.0,3.0,2.19,3.32,3.39
2019,2020-01-12,ROM,JUV,3,2,1,3.0,0.0,3.1,3.56,2.23
2019,2020-01-11,CAG,MIL,3,5,-1,0.0,3.0,3.09,3.46,2.28
2019,2020-01-11,LAZ,NAP,0,2,-1,0.0,3.0,2.07,3.79,3.3
2019,2020-01-11,INT,ATA,3,0,1,3.0,0.0,2.13,3.62,3.28
2019,2020-01-06,BOLG,FIO,0,1,-1,0.0,3.0,2.38,3.42,2.94
2019,2020-01-06,ATA,PAR,3,4,-1,0.0,3.0,1.29,5.77,9.4
2019,2020-01-06,JUV,CAG,4,1,1,3.0,0.0,1.26,6.01,10.9
2019,2020-01-06,MIL,SAM,2,0,1,3.0,0.0,1.56,3.98,6.19
2019,2020-01-06,LEC,UDI,5,3,1,3.0,0.0,2.69,3.48,2.52
2019,2020-01-06,NAP,INT,2,0,1,3.0,0.0,2.53,3.44,2.71
2019,2020-01-05,BRES,LAZ,4,3,1,3.0,0.0,5.52,4.34,1.56
2019,2020-01-05,SPA,VER,5,1,1,3.0,0.0,2.45,3.19,3.02
2019,2020-01-05,GEN,SAS,1,1,0,1.0,1.0,2.26,3.53,3.05
2019,2020-01-05,ROM,TOR,1,3,-1,0.0,3.0,1.49,4.47,6.34
2019,2019-12-22,ATA,MIL,0,2,-1,0.0,3.0,1.8,3.79,4.32
2019,2019-12-22,LEC,BOLG,4,1,1,3.0,0.0,3.21,3.65,2.15
2019,2019-12-22,PAR,BRES,2,2,0,1.0,1.0,2.08,3.36,3.67
2019,2019-12-22,SAS,NAP,1,1,0,1.0,1.0,4.65,4.27,1.66
2019,2019-12-21,UDI,CAG,2,0,1,3.0,0.0,2.53,3.3,2.84
2019,2019-12-21,INT,GEN,2,3,-1,0.0,3.0,1.35,4.94,9.17
2019,2019-12-21,TOR,SPA,0,0,0,1.0,1.0,1.7,3.68,5.26
2019,2019-12-20,FIO,ROM,0,2,-1,0.0,3.0,3.09,3.48,2.3
2019,2019-12-18,SAM,JUV,1,1,0,1.0,1.0,6.15,4.32,1.53
2019,2019-12-18,BRES,SAS,2,1,1,3.0,0.0,2.37,3.6,2.86
2019,2019-12-16,CAG,LAZ,2,3,-1,0.0,3.0,3.92,4.01,1.82
2019,2019-12-15,VER,TOR,1,3,-1,0.0,3.0,2.76,3.13,2.71
2019,2019-12-15,BOLG,ATA,2,1,1,3.0,0.0,3.69,3.89,1.91
2019,2019-12-15,JUV,UDI,1,2,-1,0.0,3.0,1.22,6.25,14.04
2019,2019-12-15,MIL,SAS,2,2,0,1.0,1.0,1.55,4.45,5.55
2019,2019-12-15,ROM,SPA,2,3,-1,0.0,3.0,1.29,5.42,10.89
2019,2019-12-15,FIO,INT,1,2,-1,0.0,3.0,3.6,3.49,2.05
2019,2019-12-14,BRES,LEC,1,0,1,3.0,0.0,2.02,3.72,3.52
2019,2019-12-14,NAP,PAR,2,0,1,3.0,0.0,1.31,5.5,9.72
2019,2019-12-14,GEN,SAM,0,1,-1,0.0,3.0,2.67,3.18,2.77
2019,2019-12-08,LEC,GEN,5,3,1,3.0,0.0,2.66,3.49,2.55
2019,2019-12-08,SAS,CAG,5,0,1,3.0,0.0,2.4,3.48,2.87
2019,2019-12-08,SPA,BRES,0,0,0,1.0,1.0,2.05,3.37,3.75
2019,2019-12-08,TOR,FIO,2,4,-1,0.0,3.0,2.46,3.2,3.0
2019,2019-12-08,SAM,PAR,1,1,0,1.0,1.0,2.02,3.39,3.83
2019,2019-12-08,BOLG,MIL,0,2,-1,0.0,3.0,2.94,3.37,2.41
2019,2019-12-07,ATA,VER,3,2,1,3.0,0.0,1.33,5.19,9.39
2019,2019-12-07,UDI,NAP,2,1,1,3.0,0.0,5.24,3.78,1.68
2019,2019-12-07,LAZ,JUV,1,1,0,1.0,1.0,2.84,3.44,2.44
2019,2019-12-06,INT,ROM,3,2,1,3.0,0.0,1.89,3.78,3.97
2019,2019-12-02,CAG,SAM,1,1,0,1.0,1.0,2.17,3.28,3.47
2019,2019-12-01,JUV,SAS,0,0,0,1.0,1.0,1.23,6.3,12.33
2019,2019-12-01,INT,SPA,0,3,-1,0.0,3.0,1.26,5.77,11.86
2019,2019-12-01,LAZ,UDI,1,4,-1,0.0,3.0,1.3,5.42,10.0
2019,2019-12-01,PAR,MIL,1,1,0,1.0,1.0,3.55,3.33,2.13
2019,2019-12-01,NAP,BOLG,3,0,1,3.0,0.0,1.48,4.5,6.56
2019,2019-12-01,VER,ROM,3,2,1,3.0,0.0,4.28,3.57,1.86
2019,2019-11-30,BRES,ATA,0,4,-1,0.0,3.0,6.47,4.66,1.47
2019,2019-11-30,GEN,TOR,1,0,1,3.0,0.0,2.42,3.3,2.98
2019,2019-11-30,FIO,LEC,3,1,1,3.0,0.0,1.42,4.74,7.26
2019,2019-11-25,LEC,CAG,2,0,1,3.0,0.0,3.11,3.52,2.23
2019,2019-11-25,SPA,GEN,4,1,1,3.0,0.0,2.55,3.21,2.86
2019,2019-11-24,BOLG,PAR,0,4,-1,0.0,3.0,1.78,3.82,4.4
2019,2019-11-24,ROM,BRES,2,2,0,1.0,1.0,1.34,5.21,8.88
2019,2019-11-24,SAS,LAZ,1,2,-1,0.0,3.0,4.36,4.06,1.74
2019,2019-11-24,VER,FIO,1,1,0,1.0,1.0,3.26,3.23,2.29
2019,2019-11-24,SAM,UDI,1,1,0,1.0,1.0,2.13,3.23,3.63
2019,2019-11-23,ATA,JUV,0,2,-1,0.0,3.0,2.72,3.41,2.55
2019,2019-11-23,MIL,NAP,1,1,0,1.0,1.0,3.2,3.47,2.22
2019,2019-11-23,TOR,INT,2,0,1,3.0,0.0,4.36,3.57,1.84
2019,2019-11-10,CAG,FIO,1,1,0,1.0,1.0,2.86,3.32,2.5
2019,2019-11-10,LAZ,LEC,0,2,-1,0.0,3.0,1.24,6.45,11.03
2019,2019-11-10,SAM,ATA,2,1,1,3.0,0.0,3.91,3.81,1.88
2019,2019-11-10,UDI,SPA,0,1,-1,0.0,3.0,2.12,3.23,3.72
2019,2019-11-10,PAR,ROM,1,0,1,3.0,0.0,3.97,3.72,1.89
2019,2019-11-10,JUV,MIL,2,2,0,1.0,1.0,1.4,4.67,8.01
2019,2019-11-09,BRES,TOR,0,0,0,1.0,1.0,2.78,3.29,2.59
2019,2019-11-09,INT,VER,2,0,1,3.0,0.0,1.33,5.11,9.72
2019,2019-11-09,NAP,GEN,0,4,-1,0.0,3.0,1.38,5.08,7.67
2019,2019-11-08,SAS,BOLG,0,2,-1,0.0,3.0,2.73,3.45,2.57
2019,2019-11-04,SPA,SAM,3,1,1,3.0,0.0,2.62,3.24,2.77
2019,2019-11-03,ATA,CAG,1,1,0,1.0,1.0,1.31,5.59,9.56
2019,2019-11-03,GEN,UDI,1,1,0,1.0,1.0,1.93,3.5,4.07
2019,2019-11-03,LEC,SAS,4,1,1,3.0,0.0,2.76,3.32,2.58
2019,2019-11-03,VER,BRES,3,1,1,3.0,0.0,2.13,3.23,3.68
2019,2019-11-03,FIO,PAR,2,1,1,3.0,0.0,1.5,4.37,6.46
2019,2019-11-03,MIL,LAZ,2,1,1,3.0,0.0,3.05,3.42,2.32
2019,2019-11-02,ROM,NAP,1,2,-1,0.0,3.0,2.69,3.58,2.52
2019,2019-11-02,BOLG,INT,3,1,1,3.0,0.0,3.61,3.54,2.04
2019,2019-11-02,TOR,JUV,0,2,-1,0.0,3.0,6.57,4.04,1.54
2019,2019-10-31,MIL,SPA,1,3,-1,0.0,3.0,1.47,4.25,7.29
2019,2019-10-30,NAP,ATA,0,0,0,1.0,1.0,2.03,3.74,3.46
2019,2019-10-30,CAG,BOLG,0,0,0,1.0,1.0,2.71,3.34,2.63
2019,2019-10-30,JUV,GEN,2,1,1,3.0,0.0,1.27,5.69,11.91
2019,2019-10-30,LAZ,TOR,4,1,1,3.0,0.0,1.56,4.16,5.94
2019,2019-10-30,SAM,LEC,2,2,0,1.0,1.0,1.73,3.82,4.76
2019,2019-10-30,SAS,FIO,1,3,-1,0.0,3.0,2.81,3.45,2.48
2019,2019-10-30,UDI,ROM,1,1,0,1.0,1.0,3.97,3.59,1.93
2019,2019-10-29,PAR,VER,1,1,0,1.0,1.0,2.71,3.11,2.81
2019,2019-10-29,BRES,INT,0,1,-1,0.0,3.0,6.55,4.33,1.51
2019,2019-10-27,BOLG,SAM,4,2,1,3.0,0.0,1.91,3.66,3.96
2019,2019-10-27,ATA,UDI,3,2,1,3.0,0.0,1.43,4.65,7.41
2019,2019-10-27,SPA,NAP,2,3,-1,0.0,3.0,7.28,4.71,1.43
2019,2019-10-27,TOR,CAG,2,3,-1,0.0,3.0,1.81,3.7,4.42
2019,2019-10-27,ROM,MIL,1,2,-1,0.0,3.0,2.19,3.47,3.27
2019,2019-10-27,FIO,LAZ,1,0,1,3.0,0.0,2.46,3.51,2.8
2019,2019-10-26,LEC,JUV,1,3,-1,0.0,3.0,9.07,5.15,1.34
2019,2019-10-26,INT,PAR,2,0,1,3.0,0.0,1.27,5.74,11.41
2019,2019-10-26,GEN,BRES,4,3,1,3.0,0.0,1.89,3.79,3.93
2019,2019-10-25,VER,SAS,2,1,1,3.0,0.0,2.44,3.27,3.02
2019,2019-10-21,BRES,FIO,1,3,-1,0.0,3.0,3.7,3.57,2.0
2019,2019-10-20,SAS,INT,0,0,0,1.0,1.0,5.15,3.79,1.7
2019,2019-10-20,CAG,SPA,0,2,-1,0.0,3.0,2.12,3.35,3.6
2019,2019-10-20,SAM,ROM,1,3,-1,0.0,3.0,3.28,3.54,2.17
2019,2019-10-20,UDI,TOR,3,4,-1,0.0,3.0,2.83,3.16,2.63
2019,2019-10-20,PAR,GEN,1,1,0,1.0,1.0,2.51,3.21,2.95
2019,2019-10-20,MIL,LEC,2,4,-1,0.0,3.0,1.4,4.82,7.9
2019,2019-10-19,LAZ,ATA,1,1,0,1.0,1.0,2.21,3.7,3.08
2019,2019-10-19,NAP,VER,2,2,0,1.0,1.0,1.21,6.66,14.08
2019,2019-10-19,JUV,BOLG,0,1,-1,0.0,3.0,1.33,5.11,10.07
2019,2019-10-06,FIO,UDI,1,1,0,1.0,1.0,1.56,4.1,6.11
2019,2019-10-06,ATA,LEC,0,2,-1,0.0,3.0,1.28,6.09,9.64
2019,2019-10-06,BOLG,LAZ,0,0,0,1.0,1.0,3.31,3.7,2.1
2019,2019-10-06,ROM,CAG,1,0,1,3.0,0.0,1.45,4.71,6.77
2019,2019-10-06,TOR,NAP,2,2,0,1.0,1.0,4.06,3.8,1.85
2019,2019-10-06,INT,JUV,2,0,1,3.0,0.0,2.63,3.14,2.84
2019,2019-10-05,SPA,PAR,0,2,-1,0.0,3.0,2.42,3.23,3.07
2019,2019-10-05,VER,SAM,0,0,0,1.0,1.0,2.47,3.3,2.93
2019,2019-10-05,GEN,MIL,2,0,1,3.0,0.0,2.96,3.26,2.47
2019,2019-09-30,PAR,TOR,1,0,1,3.0,0.0,3.11,3.32,2.34
2019,2019-09-29,NAP,BRES,1,3,-1,0.0,3.0,1.27,6.1,10.19
2019,2019-09-29,LAZ,GEN,2,0,1,3.0,0.0,1.46,4.74,6.56
2019,2019-09-29,LEC,ROM,1,1,0,1.0,1.0,4.34,3.98,1.76
2019,2019-09-29,UDI,BOLG,2,1,1,3.0,0.0,2.87,3.26,2.53
2019,2019-09-29,CAG,VER,1,3,-1,0.0,3.0,2.08,3.35,3.72
2019,2019-09-29,MIL,FIO,3,2,1,3.0,0.0,2.34,3.19,3.25
2019,2019-09-28,JUV,SPA,3,1,1,3.0,0.0,1.24,6.03,13.13
2019,2019-09-28,SAM,INT,1,1,0,1.0,1.0,5.15,3.92,1.67
2019,2019-09-28,SAS,ATA,0,0,0,1.0,1.0,3.39,3.81,2.03
2019,2019-09-26,TOR,MIL,3,3,0,1.0,1.0,2.46,3.21,3.02
2019,2019-09-25,ROM,ATA,2,2,0,1.0,1.0,2.25,3.72,2.98
2019,2019-09-25,FIO,SAM,1,0,1,3.0,0.0,1.7,4.04,4.73
2019,2019-09-25,GEN,BOLG,1,2,-1,0.0,3.0,2.37,3.52,2.91
2019,2019-09-25,INT,LAZ,2,2,0,1.0,1.0,2.02,3.56,3.68
2019,2019-09-25,NAP,CAG,4,0,1,3.0,0.0,1.2,7.02,13.29
2019,2019-09-25,PAR,SAS,1,0,1,3.0,0.0,2.57,3.46,2.7
2019,2019-09-25,SPA,LEC,4,1,1,3.0,0.0,1.97,3.57,3.83
2019,2019-09-24,VER,UDI,1,4,-1,0.0,3.0,2.56,3.18,2.92
2019,2019-09-24,BRES,JUV,1,1,0,1.0,1.0,6.33,4.0,1.57
2019,2019-09-22,SAS,SPA,1,1,0,1.0,1.0,1.97,3.55,3.88
2019,2019-09-22,BOLG,ROM,2,3,-1,0.0,3.0,2.81,3.57,2.42
2019,2019-09-22,LEC,NAP,0,2,-1,0.0,3.0,8.81,5.18,1.35
2019,2019-09-22,SAM,TOR,0,2,-1,0.0,3.0,2.53,3.35,2.81
2019,2019-09-22,ATA,FIO,1,0,1,3.0,0.0,2.02,3.69,3.55
2019,2019-09-22,LAZ,PAR,1,3,-1,0.0,3.0,1.31,5.52,9.72
2019,2019-09-21,UDI,BRES,1,1,0,1.0,1.0,1.89,3.58,4.16
2019,2019-09-21,JUV,VER,0,4,-1,0.0,3.0,1.15,7.74,20.29
2019,2019-09-21,MIL,INT,1,4,-1,0.0,3.0,3.37,3.2,2.27
2019,2019-09-20,CAG,GEN,0,1,-1,0.0,3.0,2.8,3.37,2.55
2019,2019-09-16,TOR,LEC,1,1,0,1.0,1.0,1.5,4.31,6.82
2019,2019-09-15,GEN,ATA,1,1,0,1.0,1.0,3.34,3.75,2.08
2019,2019-09-15,BRES,BOLG,1,1,0,1.0,1.0,3.04,3.29,2.41
2019,2019-09-15,PAR,CAG,2,1,1,3.0,0.0,2.28,3.25,3.3
2019,2019-09-15,SPA,LAZ,1,3,-1,0.0,3.0,5.55,4.07,1.61
2019,2019-09-15,ROM,SAS,2,2,0,1.0,1.0,1.69,4.13,4.73
2019,2019-09-15,VER,MIL,1,2,-1,0.0,3.0,5.62,3.72,1.67
2019,2019-09-14,FIO,JUV,0,0,0,1.0,1.0,5.0,3.88,1.7
2019,2019-09-14,NAP,SAM,1,3,-1,0.0,3.0,1.27,6.19,9.85
2019,2019-09-14,INT,UDI,0,1,-1,0.0,3.0,1.33,5.29,9.27
2019,2019-09-01,LAZ,ROM,0,0,0,1.0,1.0,2.14,3.63,3.29
2019,2019-09-01,ATA,TOR,1,0,1,3.0,0.0,1.61,4.08,5.54
2019,2019-09-01,CAG,INT,3,0,1,3.0,0.0,5.43,3.9,1.65
2019,2019-09-01,GEN,FIO,2,0,1,3.0,0.0,2.56,3.47,2.71
2019,2019-09-01,LEC,VER,0,1,-1,0.0,3.0,1.92,3.59,4.05
2019,2019-09-01,SAS,SAM,1,0,1,3.0,0.0,2.27,3.49,3.12
2019,2019-09-01,UDI,PAR,0,1,-1,0.0,3.0,2.03,3.32,3.95
2019,2019-08-31,MIL,BRES,2,3,-1,0.0,3.0,1.48,4.18,7.48
2019,2019-08-31,JUV,NAP,0,0,0,1.0,1.0,1.98,3.35,4.13
2019,2019-08-30,BOLG,SPA,1,2,-1,0.0,3.0,1.84,3.5,4.65
2019,2019-08-26,INT,LEC,1,0,1,3.0,0.0,1.23,6.1,13.23
2019,2019-08-25,UDI,MIL,2,2,0,1.0,1.0,3.8,3.31,2.06
2019,2019-08-25,CAG,BRES,1,2,-1,0.0,3.0,1.82,3.6,4.45
2019,2019-08-25,ROM,GEN,0,1,-1,0.0,3.0,1.49,4.21,7.13
2019,2019-08-25,SAM,LAZ,2,2,0,1.0,1.0,3.53,3.35,2.13
2019,2019-08-25,SPA,ATA,1,1,0,1.0,1.0,4.89,3.61,1.76
2019,2019-08-25,TOR,SAS,1,3,-1,0.0,3.0,1.89,3.46,4.32
2019,2019-08-25,VER,BOLG,1,3,-1,0.0,3.0,3.39,3.18,2.27
2019,2019-08-24,PAR,JUV,3,1,1,3.0,0.0,10.41,5.13,1.31
2019,2019-08-24,FIO,NAP,3,0,1,3.0,0.0,4.73,3.67,1.76
2018,2019-05-26,ATA,SAS,0,1,-1,0.0,3.0,1.2,7.0,11.0
2018,2019-05-26,CAG,UDI,2,4,-1,0.0,3.0,2.25,3.5,3.0
2018,2019-05-26,FIO,GEN,1,0,1,3.0,0.0,2.37,2.4,4.33
2018,2019-05-26,INT,EMP,0,1,-1,0.0,3.0,1.36,5.0,8.0
2018,2019-05-26,ROM,PAR,2,1,1,3.0,0.0,1.18,7.0,13.0
2018,2019-05-26,SAM,JUV,3,0,1,3.0,0.0,3.8,3.8,1.85
2018,2019-05-26,SPA,MIL,1,0,1,3.0,0.0,6.5,4.75,1.44
2018,2019-05-26,TOR,LAZ,2,2,0,1.0,1.0,2.15,3.75,3.0
2018,2019-05-25,BOLG,NAP,1,1,0,1.0,1.0,4.2,4.2,1.75
2018,2019-05-25,FRO,CHI,0,3,-1,0.0,3.0,2.2,3.8,3.0
2018,2019-05-20,LAZ,BOLG,2,2,0,1.0,1.0,2.1,3.25,3.8
2018,2019-05-19,CHI,SAM,0,0,0,1.0,1.0,3.8,3.8,1.9
2018,2019-05-19,EMP,TOR,1,1,0,1.0,1.0,2.55,3.5,2.62
2018,2019-05-19,JUV,ATA,1,1,0,1.0,1.0,2.45,3.0,3.25
2018,2019-05-19,MIL,FRO,1,1,0,1.0,1.0,1.14,9.0,17.0
2018,2019-05-19,NAP,INT,0,2,-1,0.0,3.0,2.45,3.5,2.75
2018,2019-05-19,PAR,FIO,2,0,1,3.0,0.0,3.1,3.2,2.37
2018,2019-05-18,GEN,CAG,4,5,-1,0.0,3.0,1.55,4.0,6.5
2018,2019-05-18,SAS,ROM,2,2,0,1.0,1.0,5.75,5.0,1.45
2018,2019-05-18,UDI,SPA,1,0,1,3.0,0.0,1.53,4.2,6.0
2018,2019-05-13,BOLG,PAR,0,1,-1,0.0,3.0,1.83,3.25,5.0
2018,2019-05-13,INT,CHI,0,3,-1,0.0,3.0,1.14,8.0,19.0
2018,2019-05-12,FRO,UDI,4,1,1,3.0,0.0,5.0,3.6,1.75
2018,2019-05-12,ROM,JUV,2,3,-1,0.0,3.0,2.5,3.5,2.75
2018,2019-05-12,SAM,EMP,2,0,1,3.0,0.0,2.37,3.6,2.87
2018,2019-05-12,SPA,NAP,4,1,1,3.0,0.0,5.75,4.33,1.53
2018,2019-05-12,TOR,SAS,0,0,0,1.0,1.0,1.53,4.5,5.75
2018,2019-05-11,ATA,GEN,2,0,1,3.0,0.0,1.5,4.2,7.0
2018,2019-05-11,CAG,LAZ,3,2,1,3.0,0.0,3.75,3.6,1.95
2018,2019-05-11,FIO,MIL,0,1,-1,0.0,3.0,3.0,3.3,2.37
2018,2019-05-06,MIL,BOLG,1,0,1,3.0,0.0,1.65,3.75,5.5
2018,2019-05-05,EMP,FIO,2,4,-1,0.0,3.0,2.3,3.6,3.0
2018,2019-05-05,GEN,ROM,2,1,1,3.0,0.0,3.75,3.6,2.0
2018,2019-05-05,LAZ,ATA,3,4,-1,0.0,3.0,2.15,3.6,3.25
2018,2019-05-05,NAP,CAG,3,0,1,3.0,0.0,1.25,6.25,11.0
2018,2019-05-05,PAR,SAM,0,1,-1,0.0,3.0,3.0,3.2,2.45
2018,2019-05-05,SAS,FRO,0,1,-1,0.0,3.0,1.66,3.8,5.25
2018,2019-05-04,CHI,SPA,3,3,0,1.0,1.0,3.2,3.1,2.45
2018,2019-05-04,UDI,INT,1,2,-1,0.0,3.0,5.25,3.8,1.66
2018,2019-05-03,JUV,TOR,1,1,0,1.0,1.0,1.61,3.75,6.0
2018,2019-04-29,ATA,UDI,0,0,0,1.0,1.0,1.3,5.0,11.0
2018,2019-04-29,FIO,SAS,2,1,1,3.0,0.0,1.72,3.5,5.0
2018,2019-04-28,CHI,PAR,3,0,1,3.0,0.0,3.1,3.1,2.4
2018,2019-04-28,FRO,NAP,0,0,0,1.0,1.0,10.0,4.75,1.33
2018,2019-04-28,SAM,LAZ,2,1,1,3.0,0.0,3.0,3.4,2.3
2018,2019-04-28,SPA,GEN,1,0,1,3.0,0.0,2.5,2.7,3.4
2018,2019-04-28,TOR,MIL,0,0,0,1.0,1.0,2.75,3.2,2.55
2018,2019-04-27,BOLG,EMP,0,3,-1,0.0,3.0,1.8,3.6,4.33
2018,2019-04-27,INT,JUV,0,0,0,1.0,1.0,2.37,3.4,2.9
2018,2019-04-27,ROM,CAG,2,5,-1,0.0,3.0,1.4,4.2,8.0
2018,2019-04-22,NAP,ATA,2,0,1,3.0,0.0,1.85,3.5,4.2
2018,2019-04-20,BOLG,SAM,1,0,1,3.0,0.0,2.2,3.3,3.4
2018,2019-04-20,CAG,FRO,0,2,-1,0.0,3.0,1.95,3.2,4.2
2018,2019-04-20,EMP,SPA,3,0,1,3.0,0.0,2.15,3.25,3.6
2018,2019-04-20,GEN,TOR,2,1,1,3.0,0.0,2.75,3.0,2.87
2018,2019-04-20,INT,ROM,1,0,1,3.0,0.0,1.8,3.6,4.5
2018,2019-04-20,JUV,FIO,4,0,1,3.0,0.0,1.4,4.5,9.0
2018,2019-04-20,LAZ,CHI,0,0,0,1.0,1.0,1.18,7.0,17.0
2018,2019-04-20,PAR,MIL,2,3,-1,0.0,3.0,5.0,3.6,1.75
2018,2019-04-20,UDI,SAS,0,0,0,1.0,1.0,2.35,3.2,3.2
2018,2019-04-17,LAZ,UDI,3,1,1,3.0,0.0,1.36,5.0,8.5
2018,2019-04-15,ATA,EMP,4,2,1,3.0,0.0,1.33,5.25,9.0
2018,2019-04-14,CHI,NAP,2,1,1,3.0,0.0,11.0,5.25,1.3
2018,2019-04-14,FIO,BOLG,1,1,0,1.0,1.0,1.85,3.5,4.5
2018,2019-04-14,FRO,INT,1,1,0,1.0,1.0,7.0,3.75,1.57
2018,2019-04-14,SAM,GEN,1,0,1,3.0,0.0,2.4,3.1,3.2
2018,2019-04-14,SAS,PAR,2,1,1,3.0,0.0,1.66,4.0,5.0
2018,2019-04-14,TOR,CAG,3,0,1,3.0,0.0,1.85,3.4,4.75
2018,2019-04-13,MIL,LAZ,2,1,1,3.0,0.0,2.6,3.3,2.75
2018,2019-04-13,ROM,UDI,0,1,-1,0.0,3.0,1.44,4.5,7.0
2018,2019-04-13,SPA,JUV,1,2,-1,0.0,3.0,4.0,3.2,2.05
2018,2019-04-08,BOLG,CHI,0,2,-1,0.0,3.0,1.5,4.0,7.0
2018,2019-04-07,CAG,SPA,0,1,-1,0.0,3.0,2.15,3.2,3.6
2018,2019-04-07,FIO,FRO,2,0,1,3.0,0.0,1.5,4.0,7.5
2018,2019-04-07,INT,ATA,0,0,0,1.0,1.0,2.0,3.4,3.9
2018,2019-04-07,LAZ,SAS,1,1,0,1.0,1.0,1.36,5.0,8.5
2018,2019-04-07,NAP,GEN,4,0,1,3.0,0.0,1.25,5.5,14.0
2018,2019-04-07,UDI,EMP,3,3,0,1.0,1.0,2.3,3.1,3.25
2018,2019-04-06,JUV,MIL,0,2,-1,0.0,3.0,1.75,3.5,5.25
2018,2019-04-06,PAR,TOR,6,0,1,3.0,0.0,4.0,3.3,2.0
2018,2019-04-06,SAM,ROM,1,2,-1,0.0,3.0,2.9,3.3,2.5
2018,2019-04-04,ATA,BOLG,2,2,0,1.0,1.0,1.5,4.2,7.0
2018,2019-04-04,SAS,CHI,1,0,1,3.0,0.0,1.66,3.75,5.5
2018,2019-04-03,EMP,NAP,2,1,1,3.0,0.0,7.0,4.75,1.44
2018,2019-04-03,FRO,PAR,2,1,1,3.0,0.0,2.4,3.2,3.1
2018,2019-04-03,GEN,INT,1,3,-1,0.0,3.0,4.0,3.25,2.05
2018,2019-04-03,ROM,FIO,2,1,1,3.0,0.0,2.0,3.5,3.75
2018,2019-04-03,SPA,LAZ,4,0,1,3.0,0.0,5.0,3.75,1.72
2018,2019-04-03,TOR,SAM,2,1,1,3.0,0.0,2.15,3.3,3.5
2018,2019-04-02,CAG,JUV,2,2,0,1.0,1.0,5.25,3.4,1.75
2018,2019-04-02,MIL,UDI,3,1,1,3.0,0.0,1.44,4.33,8.0
2018,2019-03-31,BOLG,SAS,3,1,1,3.0,0.0,2.05,3.4,3.75
2018,2019-03-31,FIO,TOR,2,3,-1,0.0,3.0,2.1,3.2,3.8
2018,2019-03-31,FRO,SPA,2,2,0,1.0,1.0,2.9,3.1,2.6
2018,2019-03-31,INT,LAZ,3,0,1,3.0,0.0,2.25,3.3,3.3
2018,2019-03-31,PAR,ATA,2,1,1,3.0,0.0,5.75,4.0,1.6
2018,2019-03-31,ROM,NAP,1,4,-1,0.0,3.0,3.1,3.5,2.3
2018,2019-03-30,JUV,EMP,1,0,1,3.0,0.0,1.25,6.0,12.0
2018,2019-03-30,SAM,MIL,3,0,1,3.0,0.0,3.25,3.1,2.37
2018,2019-03-30,UDI,GEN,2,3,-1,0.0,3.0,2.5,3.1,3.1
2018,2019-03-29,CHI,CAG,3,1,1,3.0,0.0,2.7,3.0,2.87
2018,2019-03-17,ATA,CHI,3,1,1,3.0,0.0,1.22,6.0,15.0
2018,2019-03-17,EMP,FRO,0,2,-1,0.0,3.0,1.8,3.5,4.75
2018,2019-03-17,GEN,JUV,2,2,0,1.0,1.0,7.0,4.0,1.53
2018,2019-03-17,LAZ,PAR,1,0,1,3.0,0.0,1.33,5.25,9.5
2018,2019-03-17,MIL,INT,0,1,-1,0.0,3.0,2.3,3.1,3.4
2018,2019-03-17,NAP,UDI,2,1,1,3.0,0.0,1.22,6.5,13.0
2018,2019-03-16,SAS,SAM,0,0,0,1.0,1.0,2.4,3.2,3.1
2018,2019-03-16,SPA,ROM,1,1,0,1.0,1.0,4.33,3.6,1.83
2018,2019-03-16,TOR,BOLG,3,5,-1,0.0,3.0,1.95,3.2,4.5
2018,2019-03-15,CAG,FIO,2,1,1,3.0,0.0,3.3,3.25,2.3
2018,2019-03-11,ROM,EMP,0,1,-1,0.0,3.0,1.53,4.5,5.75
2018,2019-03-10,BOLG,CAG,2,1,1,3.0,0.0,1.95,3.1,4.75
2018,2019-03-10,FIO,LAZ,1,2,-1,0.0,3.0,2.8,3.3,2.55
2018,2019-03-10,FRO,TOR,2,1,1,3.0,0.0,4.75,3.3,1.85
2018,2019-03-10,INT,SPA,2,1,1,3.0,0.0,1.4,4.5,8.5
2018,2019-03-10,SAM,ATA,0,3,-1,0.0,3.0,3.5,3.4,2.15
2018,2019-03-10,SAS,NAP,0,0,0,1.0,1.0,6.0,4.0,1.57
2018,2019-03-09,CHI,MIL,2,1,1,3.0,0.0,6.0,4.0,1.55
2018,2019-03-09,PAR,GEN,2,3,-1,0.0,3.0,2.8,3.1,2.7
2018,2019-03-08,JUV,UDI,1,0,1,3.0,0.0,1.36,4.75,9.5
2018,2019-03-03,ATA,FIO,0,0,0,1.0,1.0,1.85,3.75,4.2
2018,2019-03-03,GEN,FRO,2,1,1,3.0,0.0,1.66,3.6,5.75
2018,2019-03-03,NAP,JUV,1,1,0,1.0,1.0,2.3,3.2,3.2
2018,2019-03-03,SPA,SAM,2,3,-1,0.0,3.0,2.8,3.1,2.7
2018,2019-03-03,TOR,CHI,1,2,-1,0.0,3.0,1.44,4.33,8.0
2018,2019-03-03,UDI,BOLG,1,2,-1,0.0,3.0,2.8,3.0,2.8
2018,2019-03-02,EMP,PAR,3,1,1,3.0,0.0,2.0,3.5,3.75
2018,2019-03-02,LAZ,ROM,2,1,1,3.0,0.0,2.37,3.5,3.0
2018,2019-03-02,MIL,SAS,2,1,1,3.0,0.0,1.5,4.2,7.0
2018,2019-03-01,CAG,INT,2,4,-1,0.0,3.0,5.25,3.7,1.7
2018,2019-02-24,BOLG,JUV,2,0,1,3.0,0.0,7.5,4.5,1.44
2018,2019-02-24,CHI,GEN,1,1,0,1.0,1.0,3.3,3.2,2.3
2018,2019-02-24,FIO,INT,0,1,-1,0.0,3.0,2.7,3.3,2.7
2018,2019-02-24,PAR,NAP,0,1,-1,0.0,3.0,7.0,4.5,1.44
2018,2019-02-24,SAM,CAG,0,1,-1,0.0,3.0,1.75,3.6,5.0
2018,2019-02-24,SAS,SPA,4,0,1,3.0,0.0,1.95,3.4,4.0
2018,2019-02-23,FRO,ROM,1,1,0,1.0,1.0,6.5,4.5,1.45
2018,2019-02-23,TOR,ATA,2,4,-1,0.0,3.0,3.2,3.3,2.3
2018,2019-02-22,MIL,EMP,2,3,-1,0.0,3.0,1.44,4.33,7.0
2018,2019-02-18,ROM,BOLG,0,0,0,1.0,1.0,1.44,4.33,8.0
2018,2019-02-17,EMP,SAS,3,0,1,3.0,0.0,2.7,3.4,2.6
2018,2019-02-17,GEN,LAZ,1,1,0,1.0,1.0,3.2,3.4,2.25
2018,2019-02-17,INT,SAM,4,1,1,3.0,0.0,1.61,3.75,6.0
2018,2019-02-17,NAP,TOR,3,1,1,3.0,0.0,1.44,4.33,8.0
2018,2019-02-17,SPA,FIO,1,0,1,3.0,0.0,3.6,3.2,2.15
2018,2019-02-17,UDI,CHI,1,0,1,3.0,0.0,1.83,3.4,4.75
2018,2019-02-16,ATA,MIL,1,1,0,1.0,1.0,2.0,3.4,3.9
2018,2019-02-16,CAG,PAR,2,1,1,3.0,0.0,2.0,3.3,4.0
2018,2019-02-15,JUV,FRO,4,0,1,3.0,0.0,1.12,9.5,19.0
2018,2019-02-10,ATA,SPA,6,2,1,3.0,0.0,1.28,5.5,11.0
2018,2019-02-10,BOLG,GEN,3,1,1,3.0,0.0,2.25,3.1,3.5
2018,2019-02-10,MIL,CAG,0,2,-1,0.0,3.0,1.4,4.75,8.5
2018,2019-02-10,SAM,FRO,3,2,1,3.0,0.0,1.5,4.0,8.0
2018,2019-02-10,SAS,JUV,3,0,1,3.0,0.0,7.0,3.75,1.57
2018,2019-02-10,TOR,UDI,4,3,1,3.0,0.0,1.72,3.6,5.25
2018,2019-02-09,FIO,NAP,3,1,1,3.0,0.0,4.0,3.6,1.9
2018,2019-02-09,PAR,INT,3,1,1,3.0,0.0,5.25,3.8,1.66
2018,2019-02-08,CHI,ROM,1,3,-1,0.0,3.0,5.75,4.33,1.53
2018,2019-02-07,LAZ,EMP,0,2,-1,0.0,3.0,1.3,5.25,9.5
2018,2019-02-04,CAG,ATA,1,0,1,3.0,0.0,5.0,4.1,1.66
2018,2019-02-04,FRO,LAZ,1,1,0,1.0,1.0,7.0,4.75,1.44
2018,2019-02-03,GEN,SAS,0,2,-1,0.0,3.0,2.5,3.3,2.87
2018,2019-02-03,INT,BOLG,1,2,-1,0.0,3.0,1.33,5.25,9.0
2018,2019-02-03,ROM,MIL,0,0,0,1.0,1.0,2.15,3.5,3.4
2018,2019-02-03,SPA,TOR,0,0,0,1.0,1.0,3.7,3.25,2.15
2018,2019-02-03,UDI,FIO,2,1,1,3.0,0.0,3.6,3.3,2.1
2018,2019-02-02,EMP,CHI,2,2,0,1.0,1.0,1.95,3.5,4.0
2018,2019-02-02,JUV,PAR,1,3,-1,0.0,3.0,1.18,7.0,17.0
2018,2019-02-02,NAP,SAM,2,0,1,3.0,0.0,1.36,5.0,8.5
2018,2019-01-28,EMP,GEN,2,1,1,3.0,0.0,2.37,3.4,3.0
2018,2019-01-27,ATA,ROM,1,1,0,1.0,1.0,2.15,3.6,3.25
2018,2019-01-27,BOLG,FRO,1,1,0,1.0,1.0,1.65,3.75,5.5
2018,2019-01-27,CHI,FIO,1,1,0,1.0,1.0,4.5,3.5,1.83
2018,2019-01-27,LAZ,JUV,2,0,1,3.0,0.0,4.2,3.5,1.9
2018,2019-01-27,PAR,SPA,0,1,-1,0.0,3.0,2.4,3.0,3.3
2018,2019-01-27,TOR,INT,1,1,0,1.0,1.0,3.6,3.3,2.1
2018,2019-01-26,MIL,NAP,2,0,1,3.0,0.0,3.75,3.5,2.0
2018,2019-01-26,SAM,UDI,2,1,1,3.0,0.0,1.83,3.5,4.75
2018,2019-01-26,SAS,CAG,1,1,0,1.0,1.0,2.0,3.3,4.0
2018,2019-01-21,GEN,MIL,2,1,1,3.0,0.0,3.2,3.2,2.37
2018,2019-01-21,JUV,CHI,3,1,1,3.0,0.0,1.11,10.0,21.0
2018,2019-01-20,CAG,EMP,3,3,0,1.0,1.0,2.0,3.5,3.8
2018,2019-01-20,FIO,SAM,1,3,-1,0.0,3.0,1.8,3.6,4.5
2018,2019-01-20,FRO,ATA,1,4,-1,0.0,3.0,8.5,4.5,1.4
2018,2019-01-20,NAP,LAZ,3,1,1,3.0,0.0,1.9,3.6,4.0
2018,2019-01-20,SPA,BOLG,1,2,-1,0.0,3.0,2.5,3.1,3.1
2018,2019-01-19,INT,SAS,1,1,0,1.0,1.0,1.4,4.75,8.0
2018,2019-01-19,ROM,TOR,1,1,0,1.0,1.0,1.6,4.0,5.75
2018,2019-01-19,UDI,PAR,1,2,-1,0.0,3.0,2.1,3.1,4.0
2018,2018-12-29,CHI,FRO,2,2,0,1.0,1.0,2.3,3.0,3.4
2018,2018-12-29,EMP,INT,3,2,1,3.0,0.0,6.5,4.2,1.5
2018,2018-12-29,GEN,FIO,1,0,1,3.0,0.0,2.54,3.25,2.7
2018,2018-12-29,JUV,SAM,1,1,0,1.0,1.0,1.2,6.5,13.0
2018,2018-12-29,LAZ,TOR,1,2,-1,0.0,3.0,1.75,3.6,4.6
2018,2018-12-29,MIL,SPA,0,1,-1,0.0,3.0,1.5,4.0,7.0
2018,2018-12-29,NAP,BOLG,2,2,0,1.0,1.0,1.28,5.5,10.0
2018,2018-12-29,PAR,ROM,1,2,-1,0.0,3.0,4.75,3.8,1.7
2018,2018-12-29,SAS,ATA,3,0,1,3.0,0.0,3.4,3.5,2.04
2018,2018-12-29,UDI,CAG,3,1,1,3.0,0.0,2.3,3.1,3.2
2018,2018-12-26,ATA,JUV,1,2,-1,0.0,3.0,4.75,3.5,1.8
2018,2018-12-26,BOLG,LAZ,2,2,0,1.0,1.0,5.0,3.8,1.72
2018,2018-12-26,CAG,GEN,1,0,1,3.0,0.0,2.3,3.2,3.3
2018,2018-12-26,FIO,PAR,1,1,0,1.0,1.0,1.6,3.8,6.0
2018,2018-12-26,FRO,MIL,2,3,-1,0.0,3.0,5.25,3.75,1.7
2018,2018-12-26,INT,NAP,1,1,0,1.0,1.0,2.75,3.3,2.62
2018,2018-12-26,ROM,SAS,2,2,0,1.0,1.0,1.61,4.0,5.25
2018,2018-12-26,SAM,CHI,5,2,1,3.0,0.0,1.75,3.7,5.0
2018,2018-12-26,SPA,UDI,0,2,-1,0.0,3.0,2.5,3.1,3.1
2018,2018-12-26,TOR,EMP,6,0,1,3.0,0.0,1.7,3.8,5.0
2018,2018-12-22,CHI,INT,2,1,1,3.0,0.0,8.5,4.33,1.4
2018,2018-12-22,EMP,SAM,1,3,-1,0.0,3.0,2.3,3.4,3.1
2018,2018-12-22,GEN,ATA,3,0,1,3.0,0.0,4.0,3.6,1.9
2018,2018-12-22,JUV,ROM,0,0,0,1.0,1.0,1.44,4.33,8.0
2018,2018-12-22,LAZ,CAG,3,0,1,3.0,0.0,1.33,5.0,9.0
2018,2018-12-22,MIL,FIO,2,2,0,1.0,1.0,2.3,3.25,3.25
2018,2018-12-22,NAP,SPA,0,0,0,1.0,1.0,1.2,7.0,13.0
2018,2018-12-22,PAR,BOLG,3,1,1,3.0,0.0,2.54,3.1,3.0
2018,2018-12-22,SAS,TOR,1,1,0,1.0,1.0,2.62,3.2,2.8
2018,2018-12-22,UDI,FRO,0,1,-1,0.0,3.0,1.7,3.7,5.25
2018,2018-12-18,BOLG,MIL,1,0,1,3.0,0.0,4.2,3.4,1.95
2018,2018-12-17,ATA,LAZ,0,1,-1,0.0,3.0,2.2,3.6,3.1
2018,2018-12-16,CAG,NAP,1,0,1,3.0,0.0,7.5,4.5,1.44
2018,2018-12-16,FIO,EMP,3,1,1,3.0,0.0,1.75,3.75,4.75
2018,2018-12-16,FRO,SAS,3,2,1,3.0,0.0,3.6,3.5,2.04
2018,2018-12-16,ROM,GEN,1,1,0,1.0,1.0,1.44,4.75,7.0
2018,2018-12-16,SAM,PAR,4,1,1,3.0,0.0,1.83,3.6,4.5
2018,2018-12-16,SPA,CHI,1,0,1,3.0,0.0,2.04,3.3,3.8
2018,2018-12-15,INT,UDI,3,0,1,3.0,0.0,1.3,5.0,11.0
2018,2018-12-15,TOR,JUV,3,1,1,3.0,0.0,6.5,3.6,1.61
2018,2018-12-09,EMP,BOLG,2,1,1,3.0,0.0,1.95,3.5,4.0
2018,2018-12-09,GEN,SPA,1,1,0,1.0,1.0,2.0,3.3,4.0
2018,2018-12-09,MIL,TOR,2,2,0,1.0,1.0,1.85,3.6,4.33
2018,2018-12-09,PAR,CHI,1,1,0,1.0,1.0,2.04,3.3,3.8
2018,2018-12-09,SAS,FIO,2,1,1,3.0,0.0,2.8,3.2,2.6
2018,2018-12-09,UDI,ATA,3,0,1,3.0,0.0,4.33,3.75,1.8
2018,2018-12-08,CAG,ROM,3,1,1,3.0,0.0,4.5,3.6,1.83
2018,2018-12-08,LAZ,SAM,1,1,0,1.0,1.0,1.44,4.75,7.0
2018,2018-12-08,NAP,FRO,1,0,1,3.0,0.0,1.16,8.0,15.0
2018,2018-12-07,JUV,INT,1,1,0,1.0,1.0,1.53,3.8,6.5
2018,2018-12-03,ATA,NAP,1,0,1,3.0,0.0,3.3,3.6,2.14
2018,2018-12-02,CHI,LAZ,3,2,1,3.0,0.0,8.0,4.2,1.44
2018,2018-12-02,FRO,CAG,1,0,1,3.0,0.0,3.0,3.3,2.4
2018,2018-12-02,MIL,PAR,1,3,-1,0.0,3.0,1.4,5.0,7.5
2018,2018-12-02,ROM,INT,2,2,0,1.0,1.0,2.8,3.4,2.45
2018,2018-12-02,SAS,UDI,2,2,0,1.0,1.0,1.9,3.5,4.0
2018,2018-12-02,TOR,GEN,0,1,-1,0.0,3.0,1.75,3.75,4.75
2018,2018-12-01,FIO,JUV,3,0,1,3.0,0.0,6.0,3.75,1.61
2018,2018-12-01,SAM,BOLG,0,2,-1,0.0,3.0,2.0,3.3,4.0
2018,2018-12-01,SPA,EMP,2,0,1,3.0,0.0,2.4,3.3,3.0
2018,2018-11-26,CAG,TOR,1,0,1,3.0,0.0,2.9,3.2,2.54
2018,2018-11-25,BOLG,FIO,0,0,0,1.0,1.0,4.0,3.3,2.04
2018,2018-11-25,EMP,ATA,2,0,1,3.0,0.0,5.25,4.0,1.66
2018,2018-11-25,GEN,SAM,3,0,1,3.0,0.0,2.6,3.3,2.75
2018,2018-11-25,LAZ,MIL,0,0,0,1.0,1.0,1.85,3.75,4.2
2018,2018-11-25,NAP,CHI,2,3,-1,0.0,3.0,1.12,9.0,19.0
2018,2018-11-25,PAR,SAS,1,1,0,1.0,1.0,3.1,3.4,2.3
2018,2018-11-24,INT,FRO,0,0,0,1.0,1.0,1.25,6.0,12.0
2018,2018-11-24,JUV,SPA,0,0,0,1.0,1.0,1.14,8.0,19.0
2018,2018-11-24,UDI,ROM,3,1,1,3.0,0.0,4.5,3.6,1.83
2018,2018-11-11,ATA,INT,3,2,1,3.0,0.0,2.75,3.3,2.6
2018,2018-11-11,CHI,BOLG,2,1,1,3.0,0.0,2.9,3.2,2.6
2018,2018-11-11,EMP,UDI,0,0,0,1.0,1.0,2.2,3.3,3.5
2018,2018-11-11,MIL,JUV,0,0,0,1.0,1.0,4.75,3.75,1.72
2018,2018-11-11,ROM,SAM,0,2,-1,0.0,3.0,1.44,4.5,7.0
2018,2018-11-11,SAS,LAZ,1,1,0,1.0,1.0,4.0,3.5,1.95
2018,2018-11-10,GEN,NAP,1,0,1,3.0,0.0,7.0,4.5,1.44
2018,2018-11-10,SPA,CAG,0,1,-1,0.0,3.0,2.45,3.1,3.1
2018,2018-11-10,TOR,PAR,3,2,1,3.0,0.0,1.44,4.2,8.5
2018,2018-11-09,FRO,FIO,3,1,1,3.0,0.0,5.25,3.6,1.7
2018,2018-11-04,BOLG,ATA,3,2,1,3.0,0.0,5.0,3.7,1.72
2018,2018-11-04,CHI,SAS,3,0,1,3.0,0.0,3.6,3.4,2.1
2018,2018-11-04,LAZ,SPA,3,1,1,3.0,0.0,1.33,5.25,10.0
2018,2018-11-04,PAR,FRO,1,1,0,1.0,1.0,1.95,3.5,4.0
2018,2018-11-04,SAM,TOR,1,3,-1,0.0,3.0,2.7,3.2,2.7
2018,2018-11-04,UDI,MIL,3,1,1,3.0,0.0,4.2,3.5,1.9
2018,2018-11-03,FIO,ROM,0,1,-1,0.0,3.0,2.7,3.4,2.6
2018,2018-11-03,INT,GEN,1,1,0,1.0,1.0,1.36,5.0,9.0
2018,2018-11-03,JUV,CAG,0,1,-1,0.0,3.0,1.16,7.5,17.0
2018,2018-11-02,NAP,EMP,1,0,1,3.0,0.0,1.2,7.0,15.0
2018,2018-10-31,MIL,GEN,0,0,0,1.0,1.0,1.44,4.5,7.5
2018,2018-10-29,LAZ,INT,3,1,1,3.0,0.0,2.4,3.4,3.0
2018,2018-10-28,CAG,CHI,2,0,1,3.0,0.0,1.61,3.8,6.0
2018,2018-10-28,GEN,UDI,2,0,1,3.0,0.0,2.1,3.2,3.8
2018,2018-10-28,MIL,SAM,1,1,0,1.0,1.0,1.5,4.33,6.5
2018,2018-10-28,NAP,ROM,0,2,-1,0.0,3.0,1.72,3.75,4.75
2018,2018-10-28,SAS,BOLG,3,1,1,3.0,0.0,1.9,3.25,4.5
2018,2018-10-28,SPA,FRO,1,0,1,3.0,0.0,1.8,3.75,4.5
2018,2018-10-27,ATA,PAR,2,1,1,3.0,0.0,1.33,5.25,9.0
2018,2018-10-27,EMP,JUV,3,2,1,3.0,0.0,12.0,5.75,1.25
2018,2018-10-27,TOR,FIO,1,0,1,3.0,0.0,2.4,3.25,3.1
2018,2018-10-22,SAM,SAS,1,1,0,1.0,1.0,2.2,3.3,3.4
2018,2018-10-21,BOLG,TOR,4,1,1,3.0,0.0,3.4,3.3,2.2
2018,2018-10-21,CHI,ATA,2,0,1,3.0,0.0,6.0,4.0,1.57
2018,2018-10-21,FIO,CAG,1,1,0,1.0,1.0,1.5,4.5,6.0
2018,2018-10-21,FRO,EMP,4,1,1,3.0,0.0,2.9,3.25,2.5
2018,2018-10-21,INT,MIL,0,5,-1,0.0,3.0,2.45,3.25,3.0
2018,2018-10-21,PAR,LAZ,1,1,0,1.0,1.0,5.5,3.8,1.66
2018,2018-10-20,JUV,GEN,3,1,1,3.0,0.0,1.2,7.0,13.0
2018,2018-10-20,ROM,SPA,3,2,1,3.0,0.0,1.33,5.5,8.5
2018,2018-10-20,UDI,NAP,0,2,-1,0.0,3.0,6.0,3.9,1.6
2018,2018-10-07,ATA,SAM,2,1,1,3.0,0.0,1.6,4.0,5.5
2018,2018-10-07,GEN,PAR,3,2,1,3.0,0.0,1.75,3.75,4.75
2018,2018-10-07,LAZ,FIO,1,0,1,3.0,0.0,1.85,3.75,4.2
2018,2018-10-07,MIL,CHI,0,0,0,1.0,1.0,1.25,5.75,12.0
2018,2018-10-07,NAP,SAS,2,1,1,3.0,0.0,1.33,5.25,9.0
2018,2018-10-07,SPA,INT,0,1,-1,0.0,3.0,6.0,3.8,1.61
2018,2018-10-06,CAG,BOLG,1,3,-1,0.0,3.0,2.04,3.25,3.8
2018,2018-10-06,EMP,ROM,3,0,1,3.0,0.0,5.5,4.0,1.61
2018,2018-10-06,UDI,JUV,1,3,-1,0.0,3.0,9.0,4.75,1.36
2018,2018-10-05,TOR,FRO,1,2,-1,0.0,3.0,1.36,4.75,9.0
2018,2018-10-01,SAM,SPA,0,1,-1,0.0,3.0,1.8,3.6,4.33
2018,2018-09-30,BOLG,UDI,2,1,1,3.0,0.0,2.5,3.1,3.1
2018,2018-09-30,CHI,TOR,2,4,-1,0.0,3.0,3.75,3.2,2.1
2018,2018-09-30,FIO,ATA,1,1,0,1.0,1.0,2.25,3.3,3.25
2018,2018-09-30,FRO,GEN,2,2,0,1.0,1.0,3.5,3.1,2.25
2018,2018-09-30,PAR,EMP,0,1,-1,0.0,3.0,2.3,3.2,3.3
2018,2018-09-30,SAS,MIL,1,0,1,3.0,0.0,3.3,3.4,2.2
2018,2018-09-29,INT,CAG,2,3,-1,0.0,3.0,1.33,5.0,10.0
2018,2018-09-29,JUV,NAP,3,1,1,3.0,0.0,1.8,3.6,4.75
2018,2018-09-29,ROM,LAZ,2,0,1,3.0,0.0,2.37,3.5,2.9
2018,2018-09-27,EMP,MIL,0,1,-1,0.0,3.0,5.25,3.75,1.7
2018,2018-09-27,SPA,SAS,1,3,-1,0.0,3.0,2.54,3.2,2.9
2018,2018-09-26,ATA,TOR,2,1,1,3.0,0.0,1.8,3.6,4.5
2018,2018-09-26,CAG,SAM,0,0,0,1.0,1.0,2.5,3.3,2.87
2018,2018-09-26,GEN,CHI,1,1,0,1.0,1.0,1.8,3.4,5.0
2018,2018-09-26,JUV,BOLG,3,0,1,3.0,0.0,1.16,7.5,17.0
2018,2018-09-26,NAP,PAR,2,2,0,1.0,1.0,1.22,6.0,15.0
2018,2018-09-26,ROM,FRO,1,0,1,3.0,0.0,1.2,7.0,13.0
2018,2018-09-26,UDI,LAZ,0,1,-1,0.0,3.0,4.2,3.75,1.85
2018,2018-09-25,INT,FIO,3,1,1,3.0,0.0,1.66,3.8,5.5
2018,2018-09-23,BOLG,ROM,2,1,1,3.0,0.0,5.5,3.75,1.66
2018,2018-09-23,CHI,UDI,1,0,1,3.0,0.0,3.0,3.2,2.5
2018,2018-09-23,FRO,JUV,3,1,1,3.0,0.0,13.0,7.5,1.16
2018,2018-09-23,LAZ,GEN,3,1,1,3.0,0.0,1.44,4.33,8.0
2018,2018-09-23,MIL,ATA,1,1,0,1.0,1.0,2.04,3.5,3.6
2018,2018-09-23,TOR,NAP,2,2,0,1.0,1.0,4.5,3.8,1.75
2018,2018-09-22,FIO,SPA,0,0,0,1.0,1.0,1.61,3.6,6.5
2018,2018-09-22,PAR,CAG,2,1,1,3.0,0.0,2.4,3.2,3.1
2018,2018-09-22,SAM,INT,0,1,-1,0.0,3.0,4.33,3.8,1.8
2018,2018-09-21,SAS,EMP,2,1,1,3.0,0.0,2.1,3.3,3.6
2018,2018-09-19,SAM,FIO,0,3,-1,0.0,3.0,2.87,3.25,2.54
2018,2018-09-17,SPA,ATA,0,0,0,1.0,1.0,4.0,3.5,1.95
2018,2018-09-16,CAG,MIL,0,0,0,1.0,1.0,5.0,3.6,1.75
2018,2018-09-16,EMP,LAZ,2,0,1,3.0,0.0,5.0,3.8,1.7
2018,2018-09-16,GEN,BOLG,0,0,0,1.0,1.0,1.9,3.25,4.5
2018,2018-09-16,JUV,SAS,0,1,-1,0.0,3.0,1.2,7.0,13.0
2018,2018-09-16,ROM,CHI,0,1,-1,0.0,3.0,1.22,6.5,13.0
2018,2018-09-16,UDI,TOR,3,1,1,3.0,0.0,2.9,3.25,2.5
2018,2018-09-15,FRO,SAM,0,1,-1,0.0,3.0,3.5,3.4,2.1
2018,2018-09-15,INT,PAR,0,0,0,1.0,1.0,1.25,6.0,12.0
2018,2018-09-15,NAP,FIO,1,0,1,3.0,0.0,1.57,4.2,5.75
2018,2018-09-02,ATA,CAG,0,0,0,1.0,1.0,1.55,4.2,6.0
2018,2018-09-02,CHI,EMP,1,0,1,3.0,0.0,2.3,3.2,3.3
2018,2018-09-02,FIO,UDI,0,3,-1,0.0,3.0,1.57,4.0,6.0
2018,2018-09-02,LAZ,FRO,2,2,0,1.0,1.0,1.22,6.5,13.0
2018,2018-09-02,SAM,NAP,1,1,0,1.0,1.0,6.5,4.1,1.53
2018,2018-09-02,SAS,GEN,2,1,1,3.0,0.0,2.1,3.3,3.75
2018,2018-09-02,TOR,SPA,3,2,1,3.0,0.0,1.66,3.75,5.5
2018,2018-09-01,BOLG,INT,1,1,0,1.0,1.0,7.0,4.0,1.53
2018,2018-09-01,PAR,JUV,0,1,-1,0.0,3.0,17.0,7.0,1.18
2018,2018-08-31,MIL,ROM,3,1,1,3.0,0.0,2.45,3.4,2.87
2018,2018-08-27,ROM,ATA,1,1,0,1.0,1.0,1.72,3.75,5.0
2018,2018-08-26,CAG,SAS,2,1,1,3.0,0.0,2.45,3.3,2.9
2018,2018-08-26,FIO,CHI,2,1,1,3.0,0.0,1.5,4.33,6.5
2018,2018-08-26,FRO,BOLG,2,1,1,3.0,0.0,3.3,3.0,2.4
2018,2018-08-26,GEN,EMP,2,1,1,3.0,0.0,1.95,3.4,4.0
2018,2018-08-26,INT,TOR,3,2,1,3.0,0.0,1.5,4.33,7.0
2018,2018-08-26,SPA,PAR,1,3,-1,0.0,3.0,2.04,3.3,3.8
2018,2018-08-26,UDI,SAM,3,1,1,3.0,0.0,2.4,3.25,3.1
2018,2018-08-25,JUV,LAZ,3,4,-1,0.0,3.0,1.36,5.0,8.5
2018,2018-08-25,NAP,MIL,0,1,-1,0.0,3.0,1.61,4.0,5.5
2018,2018-08-20,ATA,FRO,1,1,0,1.0,1.0,1.36,4.5,11.0
2018,2018-08-19,BOLG,SPA,4,0,1,3.0,0.0,2.25,3.2,3.4
2018,2018-08-19,EMP,CAG,2,2,0,1.0,1.0,2.14,3.2,3.6
2018,2018-08-19,PAR,UDI,2,1,1,3.0,0.0,2.45,3.3,2.9
2018,2018-08-19,SAS,INT,2,0,1,3.0,0.0,5.5,4.0,1.61
2018,2018-08-19,TOR,ROM,0,1,-1,0.0,3.0,3.5,3.5,2.1
2018,2018-08-18,CHI,JUV,0,1,-1,0.0,3.0,13.0,5.75,1.25
2018,2018-08-18,LAZ,NAP,3,0,1,3.0,0.0,2.8,3.4,2.5
2017,2018-05-20,CAG,ATA,2,0,1,3.0,0.0,3.1,3.6,2.25
2017,2018-05-20,CHI,BEN,1,0,1,3.0,0.0,1.53,4.5,5.75
2017,2018-05-20,GEN,TOR,1,2,-1,0.0,3.0,2.62,3.5,2.62
2017,2018-05-20,LAZ,INT,1,0,1,3.0,0.0,2.4,3.5,2.9
2017,2018-05-20,MIL,FIO,0,2,-1,0.0,3.0,1.83,3.8,4.2
2017,2018-05-20,NAP,CRO,1,3,-1,0.0,3.0,1.5,4.75,5.75
2017,2018-05-20,SAS,ROM,1,1,0,1.0,1.0,4.0,3.8,1.85
2017,2018-05-20,SPA,SAM,1,2,-1,0.0,3.0,1.61,4.0,5.5
2017,2018-05-20,UDI,BOLG,3,0,1,3.0,0.0,1.53,4.33,6.0
2017,2018-05-19,JUV,VER,1,0,1,3.0,0.0,1.1,11.0,21.0
2017,2018-05-13,ATA,MIL,3,2,1,3.0,0.0,1.9,3.6,4.0
2017,2018-05-13,BOLG,CHI,1,1,0,1.0,1.0,3.1,3.0,2.54
2017,2018-05-13,CRO,LAZ,1,3,-1,0.0,3.0,4.0,3.5,1.95
2017,2018-05-13,FIO,CAG,1,0,1,3.0,0.0,1.5,4.33,6.5
2017,2018-05-13,ROM,JUV,2,0,1,3.0,0.0,2.37,3.0,3.39
2017,2018-05-13,SAM,NAP,2,1,1,3.0,0.0,5.25,4.2,1.61
2017,2018-05-13,TOR,SPA,2,1,1,3.0,0.0,2.29,3.29,3.2
2017,2018-05-13,VER,UDI,0,3,-1,0.0,3.0,6.5,4.33,1.5
2017,2018-05-12,BEN,GEN,3,1,1,3.0,0.0,2.62,3.5,2.62
2017,2018-05-12,INT,SAS,2,1,1,3.0,0.0,1.16,8.0,15.0
2017,2018-05-06,CAG,ROM,1,0,1,3.0,0.0,9.0,4.5,1.39
2017,2018-05-06,CHI,CRO,1,0,1,3.0,0.0,2.29,3.2,3.25
2017,2018-05-06,GEN,FIO,2,2,0,1.0,1.0,4.0,3.39,2.0
2017,2018-05-06,LAZ,ATA,0,2,-1,0.0,3.0,2.04,3.6,3.5
2017,2018-05-06,NAP,TOR,0,0,0,1.0,1.0,1.22,6.5,13.0
2017,2018-05-06,SAS,SAM,0,1,-1,0.0,3.0,2.29,3.25,3.25
2017,2018-05-06,SPA,BEN,3,0,1,3.0,0.0,1.5,4.33,6.5
2017,2018-05-06,UDI,INT,3,1,1,3.0,0.0,6.0,4.0,1.55
2017,2018-05-05,JUV,BOLG,0,1,-1,0.0,3.0,1.14,8.5,19.0
2017,2018-05-05,MIL,VER,2,1,1,3.0,0.0,1.16,7.5,17.0
2017,2018-04-29,ATA,GEN,1,0,1,3.0,0.0,1.33,5.0,10.0
2017,2018-04-29,BEN,UDI,2,1,1,3.0,0.0,3.6,3.5,2.04
2017,2018-04-29,BOLG,MIL,4,1,1,3.0,0.0,5.0,3.75,1.72
2017,2018-04-29,CRO,SAS,0,2,-1,0.0,3.0,2.2,3.25,3.5
2017,2018-04-29,FIO,NAP,0,0,0,1.0,1.0,6.5,4.33,1.5
2017,2018-04-29,SAM,CAG,2,0,1,3.0,0.0,1.85,3.6,4.2
2017,2018-04-29,TOR,LAZ,1,1,0,1.0,1.0,5.25,4.0,1.64
2017,2018-04-29,VER,SPA,2,1,1,3.0,0.0,3.29,3.2,2.29
2017,2018-04-28,INT,JUV,2,5,-1,0.0,3.0,3.25,3.25,2.29
2017,2018-04-28,ROM,CHI,2,0,1,3.0,0.0,1.36,4.75,10.0
2017,2018-04-23,GEN,VER,2,2,0,1.0,1.0,1.44,4.2,8.5
2017,2018-04-22,ATA,TOR,1,1,0,1.0,1.0,1.57,4.0,6.0
2017,2018-04-22,CAG,BOLG,1,0,1,3.0,0.0,2.0,3.39,3.89
2017,2018-04-22,CHI,INT,2,1,1,3.0,0.0,7.5,3.79,1.53
2017,2018-04-22,JUV,NAP,1,1,0,1.0,1.0,2.1,3.25,3.75
2017,2018-04-22,LAZ,SAM,2,2,0,1.0,1.0,1.3,6.0,9.0
2017,2018-04-22,UDI,CRO,3,2,1,3.0,0.0,1.9,3.39,4.33
2017,2018-04-21,MIL,BEN,6,0,1,3.0,0.0,1.19,6.5,15.0
2017,2018-04-21,SAS,FIO,0,2,-1,0.0,3.0,3.25,3.29,2.29
2017,2018-04-21,SPA,ROM,2,3,-1,0.0,3.0,4.75,3.5,1.8
2017,2018-04-18,BEN,ATA,2,0,1,3.0,0.0,5.75,4.0,1.61
2017,2018-04-18,CRO,JUV,2,0,1,3.0,0.0,10.0,5.0,1.33
2017,2018-04-18,FIO,LAZ,1,2,-1,0.0,3.0,2.79,3.5,2.5
2017,2018-04-18,NAP,UDI,2,1,1,3.0,0.0,1.18,7.0,17.0
2017,2018-04-18,ROM,GEN,2,3,-1,0.0,3.0,1.44,4.5,7.5
2017,2018-04-18,SAM,BOLG,0,0,0,1.0,1.0,1.85,3.6,4.33
2017,2018-04-18,SPA,CHI,0,1,-1,0.0,3.0,2.2,3.1,3.7
2017,2018-04-18,TOR,MIL,1,1,0,1.0,1.0,3.1,3.29,2.37
2017,2018-04-18,VER,SAS,0,0,0,1.0,1.0,4.33,3.39,1.9
2017,2018-04-17,INT,CAG,1,3,-1,0.0,3.0,1.19,7.0,15.0
2017,2018-04-15,BOLG,VER,1,0,1,3.0,0.0,1.61,3.75,6.0
2017,2018-04-15,FIO,SPA,1,3,-1,0.0,3.0,1.5,4.0,7.5
2017,2018-04-15,JUV,SAM,1,2,-1,0.0,3.0,1.19,6.5,15.0
2017,2018-04-15,LAZ,ROM,1,0,1,3.0,0.0,2.79,3.39,2.5
2017,2018-04-15,MIL,NAP,1,2,-1,0.0,3.0,4.5,3.5,1.85
2017,2018-04-15,SAS,BEN,3,0,1,3.0,0.0,1.66,3.79,5.25
2017,2018-04-14,ATA,INT,5,1,1,3.0,0.0,2.7,3.29,2.62
2017,2018-04-14,CAG,UDI,1,2,-1,0.0,3.0,2.39,3.2,3.1
2017,2018-04-14,CHI,TOR,1,2,-1,0.0,3.0,3.29,3.29,2.25
2017,2018-04-14,GEN,CRO,1,0,1,3.0,0.0,1.85,3.39,4.75
2017,2018-04-08,CRO,BOLG,0,3,-1,0.0,3.0,2.37,3.1,3.25
2017,2018-04-08,MIL,SAS,3,5,-1,0.0,3.0,1.44,4.5,6.5
2017,2018-04-08,NAP,CHI,2,1,1,3.0,0.0,1.16,7.5,17.0
2017,2018-04-08,TOR,INT,0,1,-1,0.0,3.0,3.6,3.39,2.1
2017,2018-04-08,UDI,LAZ,1,1,0,1.0,1.0,4.2,3.75,1.83
2017,2018-04-08,VER,CAG,2,0,1,3.0,0.0,3.39,3.29,2.2
2017,2018-04-07,BEN,JUV,1,2,-1,0.0,3.0,17.0,6.0,1.22
2017,2018-04-07,ROM,FIO,3,1,1,3.0,0.0,1.75,3.79,4.5
2017,2018-04-07,SAM,GEN,1,1,0,1.0,1.0,2.7,3.2,2.7
2017,2018-04-07,SPA,ATA,0,0,0,1.0,1.0,4.5,3.5,1.85
2017,2018-04-04,BEN,VER,3,0,1,3.0,0.0,1.8,3.79,4.33
2017,2018-04-04,CHI,SAS,1,1,0,1.0,1.0,2.7,3.0,2.87
2017,2018-04-04,MIL,INT,5,2,1,3.0,0.0,2.75,3.2,2.7
2017,2018-04-04,TOR,CRO,2,1,1,3.0,0.0,1.53,4.0,7.0
2017,2018-04-03,ATA,SAM,1,1,0,1.0,1.0,1.44,4.5,7.5
2017,2018-04-03,GEN,CAG,0,1,-1,0.0,3.0,1.8,3.39,5.0
2017,2018-04-03,UDI,FIO,0,3,-1,0.0,3.0,3.39,3.29,2.2
2017,2018-03-31,ATA,UDI,0,0,0,1.0,1.0,1.44,4.2,7.5
2017,2018-03-31,BOLG,ROM,1,1,0,1.0,1.0,4.75,3.75,1.7
2017,2018-03-31,CAG,TOR,0,5,-1,0.0,3.0,3.0,3.39,2.29
2017,2018-03-31,CHI,SAM,1,2,-1,0.0,3.0,2.29,3.29,3.1
2017,2018-03-31,FIO,CRO,2,0,1,3.0,0.0,1.44,4.5,6.5
2017,2018-03-31,GEN,SPA,1,1,0,1.0,1.0,1.95,3.29,4.0
2017,2018-03-31,INT,VER,3,2,1,3.0,0.0,1.14,7.5,17.0
2017,2018-03-31,JUV,MIL,1,0,1,3.0,0.0,1.66,3.6,5.5
2017,2018-03-31,LAZ,BEN,2,1,1,3.0,0.0,1.16,7.0,15.0
2017,2018-03-31,SAS,NAP,1,1,0,1.0,1.0,8.5,4.75,1.36
2017,2018-03-18,BEN,CAG,4,3,1,3.0,0.0,2.39,3.39,2.89
2017,2018-03-18,CRO,ROM,2,4,-1,0.0,3.0,6.0,4.33,1.53
2017,2018-03-18,LAZ,BOLG,1,0,1,3.0,0.0,1.33,4.75,9.5
2017,2018-03-18,MIL,CHI,1,1,0,1.0,1.0,1.36,4.75,9.5
2017,2018-03-18,NAP,GEN,2,3,-1,0.0,3.0,1.19,6.5,13.0
2017,2018-03-18,SAM,INT,1,1,0,1.0,1.0,3.75,3.5,2.0
2017,2018-03-18,TOR,FIO,1,1,0,1.0,1.0,2.25,3.39,3.1
2017,2018-03-18,VER,ATA,2,1,1,3.0,0.0,7.5,4.0,1.5
2017,2018-03-17,SPA,JUV,0,1,-1,0.0,3.0,13.0,5.0,1.3
2017,2018-03-17,UDI,SAS,0,1,-1,0.0,3.0,2.1,3.29,3.75
2017,2018-03-14,JUV,ATA,0,3,-1,0.0,3.0,1.39,4.5,8.5
2017,2018-03-11,BOLG,ATA,3,2,1,3.0,0.0,4.2,3.39,1.95
2017,2018-03-11,CAG,LAZ,0,1,-1,0.0,3.0,5.25,3.75,1.66
2017,2018-03-11,CRO,SAM,0,0,0,1.0,1.0,3.25,3.25,2.29
2017,2018-03-11,FIO,BEN,1,1,0,1.0,1.0,1.36,5.0,8.5
2017,2018-03-11,GEN,MIL,3,3,0,1.0,1.0,3.39,3.0,2.39
2017,2018-03-11,INT,NAP,4,0,1,3.0,0.0,4.0,3.39,1.95
2017,2018-03-11,JUV,UDI,1,0,1,3.0,0.0,1.22,6.5,13.0
2017,2018-03-11,SAS,SPA,2,1,1,3.0,0.0,2.0,3.2,4.0
2017,2018-03-10,VER,CHI,1,0,1,3.0,0.0,3.39,3.29,2.2
2017,2018-03-09,ROM,TOR,0,0,0,1.0,1.0,1.61,4.2,5.25
2017,2018-03-03,LAZ,JUV,0,0,0,1.0,1.0,3.5,3.29,2.2
2017,2018-03-03,NAP,ROM,3,0,1,3.0,0.0,1.57,4.0,6.0
2017,2018-03-03,SPA,BOLG,0,3,-1,0.0,3.0,2.39,3.2,3.2
2017,2018-02-26,CAG,NAP,3,1,1,3.0,0.0,10.0,5.0,1.33
2017,2018-02-25,CRO,SPA,2,0,1,3.0,0.0,2.29,3.1,3.39
2017,2018-02-25,FIO,CHI,2,3,-1,0.0,3.0,1.5,4.2,7.0
2017,2018-02-25,ROM,MIL,1,0,1,3.0,0.0,1.95,3.6,3.79
2017,2018-02-25,SAM,UDI,1,2,-1,0.0,3.0,1.9,3.5,4.2
2017,2018-02-25,SAS,LAZ,3,1,1,3.0,0.0,4.0,3.6,1.9
2017,2018-02-25,VER,TOR,1,2,-1,0.0,3.0,5.25,3.79,1.66
2017,2018-02-24,BOLG,GEN,0,0,0,1.0,1.0,2.89,3.0,2.7
2017,2018-02-24,INT,BEN,0,1,-1,0.0,3.0,1.25,6.0,11.0
2017,2018-02-19,LAZ,VER,1,2,-1,0.0,3.0,1.16,7.5,17.0
2017,2018-02-18,ATA,FIO,0,1,-1,0.0,3.0,2.29,3.29,3.1
2017,2018-02-18,BEN,CRO,2,1,1,3.0,0.0,2.54,3.2,2.89
2017,2018-02-18,BOLG,SAS,2,3,-1,0.0,3.0,2.54,3.2,2.87
2017,2018-02-18,MIL,SAM,0,3,-1,0.0,3.0,1.72,4.0,4.5
2017,2018-02-18,NAP,SPA,3,1,1,3.0,0.0,1.14,8.0,23.0
2017,2018-02-18,TOR,JUV,3,1,1,3.0,0.0,4.75,3.75,1.75
2017,2018-02-17,CHI,CAG,3,2,1,3.0,0.0,2.45,3.2,3.1
2017,2018-02-17,GEN,INT,4,0,1,3.0,0.0,3.5,3.1,2.25
2017,2018-02-17,UDI,ROM,2,0,1,3.0,0.0,4.33,3.6,1.85
2017,2018-02-11,CHI,GEN,3,0,1,3.0,0.0,3.1,3.1,2.5
2017,2018-02-11,INT,BOLG,1,2,-1,0.0,3.0,1.5,4.2,7.0
2017,2018-02-11,ROM,BEN,1,1,0,1.0,1.0,1.14,8.0,19.0
2017,2018-02-11,SAM,VER,1,1,0,1.0,1.0,1.44,4.5,7.5
2017,2018-02-11,SAS,CAG,3,3,0,1.0,1.0,2.1,3.39,3.6
2017,2018-02-11,TOR,UDI,1,2,-1,0.0,3.0,1.85,3.6,4.33
2017,2018-02-10,CRO,ATA,1,3,-1,0.0,3.0,4.5,3.5,1.85
2017,2018-02-10,NAP,LAZ,2,1,1,3.0,0.0,1.61,4.33,5.0
2017,2018-02-10,SPA,MIL,1,0,1,3.0,0.0,4.5,3.6,1.83
2017,2018-02-09,FIO,JUV,4,0,1,3.0,0.0,4.5,3.5,1.85
2017,2018-02-05,LAZ,GEN,0,1,-1,0.0,3.0,1.5,4.2,7.0
2017,2018-02-04,ATA,CHI,2,2,0,1.0,1.0,1.36,4.75,9.5
2017,2018-02-04,BEN,NAP,0,0,0,1.0,1.0,17.0,7.0,1.18
2017,2018-02-04,BOLG,FIO,0,1,-1,0.0,3.0,3.39,3.29,2.2
2017,2018-02-04,CAG,SPA,4,3,1,3.0,0.0,2.14,3.25,3.6
2017,2018-02-04,JUV,SAS,1,1,0,1.0,1.0,1.22,6.0,15.0
2017,2018-02-04,UDI,MIL,1,2,-1,0.0,3.0,3.39,3.29,2.2
2017,2018-02-04,VER,ROM,2,0,1,3.0,0.0,7.0,4.5,1.44
2017,2018-02-03,INT,CRO,0,1,-1,0.0,3.0,1.3,5.25,11.0
2017,2018-02-03,SAM,TOR,1,4,-1,0.0,3.0,2.39,3.39,2.89
2017,2018-01-28,CRO,CAG,0,2,-1,0.0,3.0,2.39,3.1,3.2
2017,2018-01-28,FIO,VER,3,1,1,3.0,0.0,1.28,5.5,11.0
2017,2018-01-28,GEN,UDI,0,0,0,1.0,1.0,2.14,3.1,3.79
2017,2018-01-28,MIL,LAZ,2,0,1,3.0,0.0,2.39,3.5,2.89
2017,2018-01-28,NAP,BOLG,3,2,1,3.0,0.0,1.18,7.5,15.0
2017,2018-01-28,ROM,SAM,2,2,0,1.0,1.0,1.39,5.0,7.5
2017,2018-01-28,SPA,INT,0,2,-1,0.0,3.0,5.5,3.79,1.66
2017,2018-01-28,TOR,BEN,2,0,1,3.0,0.0,1.44,4.75,7.0
2017,2018-01-27,CHI,JUV,1,1,0,1.0,1.0,10.0,5.0,1.33
2017,2018-01-27,SAS,ATA,1,0,1,3.0,0.0,3.39,3.29,2.2
2017,2018-01-24,LAZ,UDI,1,4,-1,0.0,3.0,1.5,4.33,6.5
2017,2018-01-24,SAM,ROM,1,0,1,3.0,0.0,4.0,3.6,1.9
2017,2018-01-22,JUV,GEN,1,1,0,1.0,1.0,1.19,6.5,17.0
2017,2018-01-21,ATA,NAP,3,1,1,3.0,0.0,3.6,3.5,2.04
2017,2018-01-21,BOLG,BEN,0,0,0,1.0,1.0,1.7,3.6,5.5
2017,2018-01-21,CAG,MIL,0,2,-1,0.0,3.0,3.75,3.39,2.04
2017,2018-01-21,INT,ROM,1,2,-1,0.0,3.0,2.39,3.5,2.89
2017,2018-01-21,LAZ,CHI,1,2,-1,0.0,3.0,1.25,6.25,12.0
2017,2018-01-21,SAM,FIO,0,0,0,1.0,1.0,3.0,3.39,2.37
2017,2018-01-21,SAS,TOR,1,1,0,1.0,1.0,2.62,3.25,2.75
2017,2018-01-21,UDI,SPA,1,2,-1,0.0,3.0,1.75,3.39,5.5
2017,2018-01-21,VER,CRO,3,1,1,3.0,0.0,2.1,3.25,3.75
2017,2018-01-06,BEN,SAM,0,0,0,1.0,1.0,3.5,3.5,2.1
2017,2018-01-06,CAG,JUV,3,0,1,3.0,0.0,10.0,5.0,1.33
2017,2018-01-06,GEN,SAS,0,3,-1,0.0,3.0,2.2,3.2,3.5
2017,2018-01-06,MIL,CRO,0,2,-1,0.0,3.0,1.33,5.25,9.5
2017,2018-01-06,NAP,VER,0,1,-1,0.0,3.0,1.11,10.0,21.0
2017,2018-01-06,ROM,ATA,0,3,-1,0.0,3.0,1.72,3.79,4.75
2017,2018-01-06,SPA,LAZ,0,0,0,1.0,1.0,6.5,4.2,1.53
2017,2018-01-06,TOR,BOLG,2,1,1,3.0,0.0,2.1,3.39,3.6
2017,2018-01-05,CHI,UDI,1,1,0,1.0,1.0,3.0,3.2,2.5
2017,2018-01-05,FIO,INT,1,5,-1,0.0,3.0,2.5,3.25,2.87
2017,2017-12-30,ATA,CAG,2,1,1,3.0,0.0,1.44,4.33,8.0
2017,2017-12-30,BEN,CHI,1,1,0,1.0,1.0,3.2,3.29,2.29
2017,2017-12-30,BOLG,UDI,3,0,1,3.0,0.0,2.39,3.29,3.0
2017,2017-12-30,FIO,MIL,1,0,1,3.0,0.0,2.0,3.5,3.79
2017,2017-12-30,INT,LAZ,2,2,0,1.0,1.0,2.29,3.39,3.1
2017,2017-12-30,ROM,SAS,2,2,0,1.0,1.0,1.3,5.5,10.0
2017,2017-12-30,SAM,SPA,2,4,-1,0.0,3.0,1.72,4.0,4.5
2017,2017-12-30,TOR,GEN,1,0,1,3.0,0.0,2.1,3.39,3.6
2017,2017-12-30,VER,JUV,1,2,-1,0.0,3.0,15.0,6.5,1.19
2017,2017-12-29,CRO,NAP,1,1,0,1.0,1.0,15.0,6.5,1.19
2017,2017-12-23,GEN,BEN,2,0,1,3.0,0.0,1.44,4.33,8.0
2017,2017-12-23,JUV,ROM,2,2,0,1.0,1.0,1.8,3.6,4.75
2017,2017-12-23,LAZ,CRO,4,2,1,3.0,0.0,1.22,6.5,13.0
2017,2017-12-23,MIL,ATA,0,1,-1,0.0,3.0,2.39,3.25,3.0
2017,2017-12-23,NAP,SAM,1,1,0,1.0,1.0,1.25,6.0,12.0
2017,2017-12-23,SAS,INT,2,1,1,3.0,0.0,5.0,3.75,1.72
2017,2017-12-23,SPA,TOR,2,2,0,1.0,1.0,3.6,3.39,2.1
2017,2017-12-23,UDI,VER,2,2,0,1.0,1.0,1.66,3.79,5.25
2017,2017-12-22,CAG,FIO,0,0,0,1.0,1.0,3.25,3.29,2.25
2017,2017-12-22,CHI,BOLG,0,2,-1,0.0,3.0,2.54,3.0,3.0
2017,2017-12-17,ATA,LAZ,4,3,1,3.0,0.0,2.37,3.39,3.0
2017,2017-12-17,BEN,SPA,0,5,-1,0.0,3.0,2.87,3.1,2.62
2017,2017-12-17,BOLG,JUV,3,0,1,3.0,0.0,7.0,4.75,1.44
2017,2017-12-17,CRO,CHI,1,5,-1,0.0,3.0,3.2,3.2,2.37
2017,2017-12-17,FIO,GEN,1,4,-1,0.0,3.0,1.57,4.0,6.0
2017,2017-12-17,SAM,SAS,1,1,0,1.0,1.0,1.8,4.0,4.2
2017,2017-12-17,VER,MIL,0,0,0,1.0,1.0,5.5,4.33,1.57
2017,2017-12-16,INT,UDI,2,1,1,3.0,0.0,1.33,5.25,9.0
2017,2017-12-16,ROM,CAG,1,3,-1,0.0,3.0,1.25,6.0,12.0
2017,2017-12-16,TOR,NAP,0,1,-1,0.0,3.0,5.5,3.89,1.61
2017,2017-12-12,GEN,ATA,3,3,0,1.0,1.0,3.1,3.29,2.37
2017,2017-12-11,LAZ,TOR,2,1,1,3.0,0.0,1.5,4.75,5.75
2017,2017-12-10,CHI,ROM,0,2,-1,0.0,3.0,5.5,4.0,1.61
2017,2017-12-10,MIL,BOLG,3,2,1,3.0,0.0,1.5,4.2,7.0
2017,2017-12-10,NAP,FIO,1,1,0,1.0,1.0,1.36,5.5,7.5
2017,2017-12-10,SAS,CRO,2,3,-1,0.0,3.0,1.83,3.6,4.5
2017,2017-12-10,SPA,VER,0,0,0,1.0,1.0,2.04,3.5,3.6
2017,2017-12-10,UDI,BEN,1,2,-1,0.0,3.0,1.5,4.2,7.0
2017,2017-12-09,CAG,SAM,3,0,1,3.0,0.0,2.6,3.39,2.7
2017,2017-12-09,JUV,INT,1,1,0,1.0,1.0,1.7,3.75,5.25
2017,2017-12-04,CRO,UDI,0,2,-1,0.0,3.0,2.87,3.1,2.62
2017,2017-12-04,VER,GEN,1,3,-1,0.0,3.0,3.5,3.29,2.14
2017,2017-12-03,BEN,MIL,1,2,-1,0.0,3.0,9.0,5.0,1.36
2017,2017-12-03,BOLG,CAG,0,1,-1,0.0,3.0,2.0,3.29,4.0
2017,2017-12-03,FIO,SAS,1,0,1,3.0,0.0,1.57,4.0,6.0
2017,2017-12-03,INT,CHI,1,2,-1,0.0,3.0,1.39,4.75,8.0
2017,2017-12-03,SAM,LAZ,1,2,-1,0.0,3.0,3.6,3.6,2.0
2017,2017-12-02,TOR,ATA,1,0,1,3.0,0.0,2.45,3.39,2.87
2017,2017-12-01,NAP,JUV,0,2,-1,0.0,3.0,2.0,3.39,4.0
2017,2017-12-01,ROM,SPA,0,0,0,1.0,1.0,1.22,6.5,12.0
2017,2017-11-27,ATA,BEN,0,1,-1,0.0,3.0,1.22,6.0,12.0
2017,2017-11-26,GEN,ROM,1,1,0,1.0,1.0,5.0,3.75,1.72
2017,2017-11-26,JUV,CRO,2,1,1,3.0,0.0,1.14,8.0,19.0
2017,2017-11-26,LAZ,FIO,0,1,-1,0.0,3.0,1.64,4.2,5.0
2017,2017-11-26,MIL,TOR,0,0,0,1.0,1.0,1.75,3.75,4.75
2017,2017-11-26,UDI,NAP,2,0,1,3.0,0.0,7.5,5.5,1.36
2017,2017-11-25,BOLG,SAM,2,1,1,3.0,0.0,2.6,3.29,2.75
2017,2017-11-25,CAG,INT,3,1,1,3.0,0.0,5.0,4.0,1.66
2017,2017-11-25,CHI,SPA,2,1,1,3.0,0.0,1.9,3.5,4.2
2017,2017-11-25,SAS,VER,2,1,1,3.0,0.0,1.66,4.0,5.0
2017,2017-11-20,VER,BOLG,2,1,1,3.0,0.0,2.87,3.2,2.6
2017,2017-11-19,BEN,SAS,0,0,0,1.0,1.0,3.39,3.6,2.04
2017,2017-11-19,CRO,GEN,3,1,1,3.0,0.0,3.1,3.2,2.45
2017,2017-11-19,INT,ATA,2,2,0,1.0,1.0,1.75,3.75,4.75
2017,2017-11-19,SAM,JUV,0,0,0,1.0,1.0,7.0,4.0,1.53
2017,2017-11-19,SPA,FIO,2,2,0,1.0,1.0,3.79,3.6,1.95
2017,2017-11-19,TOR,CHI,2,1,1,3.0,0.0,1.83,3.6,4.5
2017,2017-11-19,UDI,CAG,2,2,0,1.0,1.0,1.95,3.6,3.79
2017,2017-11-18,NAP,MIL,1,1,0,1.0,1.0,1.44,4.59,7.0
2017,2017-11-18,ROM,LAZ,0,0,0,1.0,1.0,2.1,3.5,3.39
2017,2017-11-05,ATA,SPA,2,1,1,3.0,0.0,1.3,5.25,10.0
2017,2017-11-05,CAG,VER,2,1,1,3.0,0.0,1.9,3.29,4.5
2017,2017-11-05,CHI,NAP,1,2,-1,0.0,3.0,7.5,5.0,1.39
2017,2017-11-05,FIO,ROM,0,0,0,1.0,1.0,3.0,3.5,2.29
2017,2017-11-05,INT,TOR,1,1,0,1.0,1.0,1.5,4.33,6.5
2017,2017-11-05,JUV,BEN,1,1,0,1.0,1.0,1.06,13.0,34.0
2017,2017-11-05,SAS,MIL,3,3,0,1.0,1.0,3.75,3.39,2.04
2017,2017-11-04,BOLG,CRO,3,0,1,3.0,0.0,1.8,3.5,4.75
2017,2017-11-04,GEN,SAM,2,2,0,1.0,1.0,3.0,3.1,2.54
2017,2017-10-30,VER,INT,0,0,0,1.0,1.0,7.5,5.0,1.39
2017,2017-10-29,BEN,LAZ,0,2,-1,0.0,3.0,11.0,5.5,1.28
2017,2017-10-29,CRO,FIO,2,0,1,3.0,0.0,5.5,3.75,1.64
2017,2017-10-29,NAP,SAS,0,2,-1,0.0,3.0,1.14,9.0,15.0
2017,2017-10-29,SAM,CHI,2,2,0,1.0,1.0,1.83,3.6,4.5
2017,2017-10-29,SPA,GEN,0,4,-1,0.0,3.0,3.1,3.1,2.5
2017,2017-10-29,TOR,CAG,0,0,0,1.0,1.0,1.6,4.33,5.25
2017,2017-10-29,UDI,ATA,3,0,1,3.0,0.0,3.6,3.39,2.1
2017,2017-10-28,MIL,JUV,2,1,1,3.0,0.0,4.2,3.5,1.9
2017,2017-10-28,ROM,BOLG,2,0,1,3.0,0.0,1.28,5.75,10.0
2017,2017-10-25,ATA,VER,1,0,1,3.0,0.0,1.36,5.0,8.5
2017,2017-10-25,BOLG,LAZ,3,3,0,1.0,1.0,5.25,3.75,1.7
2017,2017-10-25,CAG,BEN,2,3,-1,0.0,3.0,1.44,4.5,7.5
2017,2017-10-25,CHI,MIL,2,0,1,3.0,0.0,3.6,3.25,2.14
2017,2017-10-25,FIO,TOR,0,2,-1,0.0,3.0,1.85,3.79,4.0
2017,2017-10-25,GEN,NAP,1,0,1,3.0,0.0,9.0,5.25,1.33
2017,2017-10-25,JUV,SPA,0,5,-1,0.0,3.0,1.12,9.0,21.0
2017,2017-10-25,ROM,CRO,0,1,-1,0.0,3.0,1.16,8.0,15.0
2017,2017-10-25,SAS,UDI,2,1,1,3.0,0.0,2.0,3.5,3.75
2017,2017-10-24,INT,SAM,0,1,-1,0.0,3.0,1.44,4.75,7.0
2017,2017-10-22,ATA,BOLG,1,0,1,3.0,0.0,1.6,3.75,6.5
2017,2017-10-22,BEN,FIO,2,3,-1,0.0,3.0,6.0,3.79,1.57
2017,2017-10-22,CHI,VER,2,0,1,3.0,0.0,1.9,3.39,4.33
2017,2017-10-22,LAZ,CAG,0,1,-1,0.0,3.0,1.28,6.0,9.0
2017,2017-10-22,MIL,GEN,0,0,0,1.0,1.0,1.44,4.33,8.0
2017,2017-10-22,SPA,SAS,0,0,0,1.0,1.0,2.6,3.29,2.75
2017,2017-10-22,TOR,ROM,1,0,1,3.0,0.0,3.75,3.6,1.95
2017,2017-10-22,UDI,JUV,0,0,0,1.0,1.0,7.5,4.5,1.44
2017,2017-10-21,NAP,INT,1,1,0,1.0,1.0,1.61,4.2,5.0
2017,2017-10-21,SAM,CRO,0,1,-1,0.0,3.0,1.53,3.79,7.5
2017,2017-10-16,VER,BEN,0,2,-1,0.0,3.0,1.91,3.5,4.2
2017,2017-10-15,BOLG,SPA,1,1,0,1.0,1.0,1.75,3.5,5.25
2017,2017-10-15,CAG,GEN,2,1,1,3.0,0.0,2.25,3.3,3.3
2017,2017-10-15,CRO,TOR,2,1,1,3.0,0.0,3.75,3.5,2.0
2017,2017-10-15,FIO,UDI,1,0,1,3.0,0.0,1.67,3.8,5.5
2017,2017-10-15,INT,MIL,0,1,-1,0.0,3.0,2.2,3.4,3.4
2017,2017-10-15,SAM,ATA,1,0,1,3.0,0.0,2.8,3.3,2.6
2017,2017-10-15,SAS,CHI,3,0,1,3.0,0.0,2.25,3.3,3.3
2017,2017-10-14,JUV,LAZ,0,2,-1,0.0,3.0,1.53,4.5,5.75
2017,2017-10-14,ROM,NAP,3,1,1,3.0,0.0,3.2,3.4,2.25
2017,2017-10-01,ATA,JUV,2,0,1,3.0,0.0,4.75,3.75,1.7
2017,2017-10-01,BEN,INT,4,1,1,3.0,0.0,11.0,5.0,1.29
2017,2017-10-01,CHI,FIO,0,2,-1,0.0,3.0,2.8,3.25,2.5
2017,2017-10-01,LAZ,SAS,0,1,-1,0.0,3.0,1.4,4.5,8.0
2017,2017-10-01,MIL,ROM,1,2,-1,0.0,3.0,2.55,3.4,2.63
2017,2017-10-01,NAP,CAG,6,1,1,3.0,0.0,1.13,8.0,21.0
2017,2017-10-01,SPA,CRO,2,1,1,3.0,0.0,1.91,3.4,4.0
2017,2017-10-01,TOR,VER,0,1,-1,0.0,3.0,1.33,5.0,9.0
2017,2017-09-30,GEN,BOLG,3,1,1,3.0,0.0,2.25,3.2,3.3
2017,2017-09-30,UDI,SAM,1,1,0,1.0,1.0,2.7,3.25,2.6
2017,2017-09-24,CAG,CHI,2,0,1,3.0,0.0,2.25,3.3,3.3
2017,2017-09-24,CRO,BEN,0,1,-1,0.0,3.0,1.91,3.4,4.33
2017,2017-09-24,FIO,ATA,0,2,-1,0.0,3.0,2.2,3.4,3.2
2017,2017-09-24,INT,GEN,1,0,1,3.0,0.0,1.3,5.5,10.0
2017,2017-09-24,SAM,MIL,2,0,1,3.0,0.0,3.5,3.75,2.0
2017,2017-09-24,SAS,BOLG,1,1,0,1.0,1.0,2.1,3.3,3.75
2017,2017-09-24,VER,LAZ,3,0,1,3.0,0.0,5.5,4.0,1.62
2017,2017-09-23,JUV,TOR,2,6,-1,0.0,3.0,1.4,4.5,8.5
2017,2017-09-23,ROM,UDI,2,0,1,3.0,0.0,1.25,6.0,12.0
2017,2017-09-23,SPA,NAP,1,1,0,1.0,1.0,15.0,6.0,1.22
2017,2017-09-20,ATA,CRO,1,1,0,1.0,1.0,1.33,5.0,10.0
2017,2017-09-20,BEN,ROM,1,2,-1,0.0,3.0,8.0,5.25,1.36
2017,2017-09-20,CAG,SAS,2,2,0,1.0,1.0,2.2,3.4,3.3
2017,2017-09-20,GEN,CHI,0,1,-1,0.0,3.0,2.2,3.3,3.5
2017,2017-09-20,JUV,FIO,3,2,1,3.0,0.0,1.33,5.25,9.0
2017,2017-09-20,LAZ,NAP,0,0,0,1.0,1.0,3.4,3.6,2.1
2017,2017-09-20,MIL,SPA,2,1,1,3.0,0.0,1.25,6.5,11.0
2017,2017-09-20,UDI,TOR,1,0,1,3.0,0.0,2.88,3.5,2.4
2017,2017-09-20,VER,SAM,1,0,1,3.0,0.0,3.6,3.5,2.05
2017,2017-09-19,BOLG,INT,0,1,-1,0.0,3.0,5.75,4.0,1.6
2017,2017-09-17,CHI,ATA,3,3,0,1.0,1.0,3.0,3.2,2.5
2017,2017-09-17,GEN,LAZ,0,0,0,1.0,1.0,3.8,3.5,2.0
2017,2017-09-17,MIL,UDI,0,3,-1,0.0,3.0,1.4,4.6,8.5
2017,2017-09-17,NAP,BEN,0,3,-1,0.0,3.0,1.11,10.0,19.0
2017,2017-09-17,SAS,JUV,2,2,0,1.0,1.0,7.5,4.33,1.45
2017,2017-09-17,SPA,CAG,0,1,-1,0.0,3.0,2.38,3.3,3.1
2017,2017-09-17,TOR,SAM,0,1,-1,0.0,3.0,1.67,4.0,5.0
2017,2017-09-16,CRO,INT,2,2,0,1.0,1.0,10.0,5.0,1.33
2017,2017-09-16,FIO,BOLG,2,4,-1,0.0,3.0,1.55,4.2,6.0
2017,2017-09-16,ROM,VER,1,1,0,1.0,1.0,1.17,7.5,17.0
2017,2017-09-10,ATA,SAS,0,0,0,1.0,1.0,1.55,4.0,6.5
2017,2017-09-10,BEN,TOR,0,0,0,1.0,1.0,4.33,3.75,1.83
2017,2017-09-10,BOLG,NAP,0,0,0,1.0,1.0,10.0,5.0,1.33
2017,2017-09-10,CAG,CRO,1,2,-1,0.0,3.0,1.67,3.75,5.5
2017,2017-09-10,INT,SPA,1,3,-1,0.0,3.0,1.25,6.0,13.0
2017,2017-09-10,LAZ,MIL,1,0,1,3.0,0.0,2.45,3.4,2.9
2017,2017-09-10,UDI,GEN,3,2,1,3.0,0.0,2.38,3.2,3.2
2017,2017-09-10,VER,FIO,1,0,1,3.0,0.0,3.4,3.3,2.2
2017,2017-09-09,JUV,CHI,3,3,0,1.0,1.0,1.17,7.5,17.0
2017,2017-08-27,CHI,LAZ,6,1,1,3.0,0.0,3.5,3.2,2.2
2017,2017-08-27,CRO,VER,0,1,-1,0.0,3.0,2.5,3.2,2.88
2017,2017-08-27,FIO,SAM,2,0,1,3.0,0.0,1.8,3.5,4.5
2017,2017-08-27,MIL,CAG,1,3,-1,0.0,3.0,1.22,6.5,13.0
2017,2017-08-27,NAP,ATA,0,0,0,1.0,1.0,1.4,4.75,8.0
2017,2017-08-27,SPA,UDI,1,4,-1,0.0,3.0,2.5,3.1,2.9
2017,2017-08-27,TOR,SAS,4,0,1,3.0,0.0,1.75,3.6,5.0
2017,2017-08-26,BEN,BOLG,2,4,-1,0.0,3.0,2.7,3.2,2.75
2017,2017-08-26,GEN,JUV,2,0,1,3.0,0.0,9.0,4.5,1.4
2017,2017-08-26,ROM,INT,2,1,1,3.0,0.0,2.3,3.5,3.0
2017,2017-08-20,ATA,ROM,1,1,0,1.0,1.0,3.2,3.3,2.3
2017,2017-08-20,BOLG,TOR,0,2,-1,0.0,3.0,3.1,3.3,2.38
2017,2017-08-20,CRO,MIL,1,0,1,3.0,0.0,6.0,4.0,1.57
2017,2017-08-20,INT,FIO,1,1,0,1.0,1.0,1.57,4.0,6.0
2017,2017-08-20,LAZ,SPA,1,2,-1,0.0,3.0,1.29,5.5,11.0
2017,2017-08-20,SAM,BEN,3,1,1,3.0,0.0,1.67,3.75,5.5
2017,2017-08-20,SAS,GEN,1,1,0,1.0,1.0,2.2,3.25,3.5
2017,2017-08-20,UDI,CHI,1,1,0,1.0,1.0,2.1,3.2,3.8
2017,2017-08-19,JUV,CAG,1,2,-1,0.0,3.0,1.14,8.0,19.0
2017,2017-08-19,VER,NAP,2,0,1,3.0,0.0,8.0,4.75,1.4
2016,2017-05-28,CAG,MIL,5,4,1,3.0,0.0,3.5,4.0,1.95
2016,2017-05-28,CRO,LAZ,1,7,-1,0.0,3.0,2.05,4.0,3.25
2016,2017-05-28,FIO,PES,1,0,1,3.0,0.0,1.14,8.0,19.0
2016,2017-05-28,INT,UDI,2,0,1,3.0,0.0,1.33,5.5,8.5
2016,2017-05-28,PAL,EMP,2,2,0,1.0,1.0,6.0,4.33,1.53
2016,2017-05-28,ROM,GEN,1,1,0,1.0,1.0,1.06,15.0,34.0
2016,2017-05-28,SAM,NAP,1,1,0,1.0,1.0,15.0,7.5,1.18
2016,2017-05-28,TOR,SAS,2,2,0,1.0,1.0,1.6,4.6,4.75
2016,2017-05-27,ATA,CHI,3,1,1,3.0,0.0,1.29,6.0,9.5
2016,2017-05-27,BOLG,JUV,1,1,0,1.0,1.0,4.5,4.0,1.73
2016,2017-05-22,PES,PAL,2,0,1,3.0,0.0,2.3,3.5,3.0
2016,2017-05-21,EMP,ATA,1,1,0,1.0,1.0,2.3,3.4,3.1
2016,2017-05-21,GEN,TOR,2,0,1,3.0,0.0,2.05,3.3,3.8
2016,2017-05-21,JUV,CRO,1,2,-1,0.0,3.0,1.17,7.5,17.0
2016,2017-05-21,LAZ,INT,3,1,1,3.0,0.0,2.0,3.5,3.75
2016,2017-05-21,MIL,BOLG,3,2,1,3.0,0.0,1.36,5.0,8.5
2016,2017-05-21,SAS,CAG,3,2,1,3.0,0.0,1.8,3.8,4.33
2016,2017-05-21,UDI,SAM,2,3,-1,0.0,3.0,2.1,3.5,3.5
2016,2017-05-20,CHI,ROM,0,1,-1,0.0,3.0,13.0,6.5,1.22
2016,2017-05-20,NAP,FIO,3,0,1,3.0,0.0,1.25,6.5,10.0
2016,2017-05-14,BOLG,PES,0,1,-1,0.0,3.0,1.5,4.2,6.5
2016,2017-05-14,CAG,EMP,2,2,0,1.0,1.0,2.9,3.7,2.3
2016,2017-05-14,CRO,UDI,2,0,1,3.0,0.0,1.8,3.5,4.75
2016,2017-05-14,INT,SAS,3,0,1,3.0,0.0,1.44,4.75,6.75
2016,2017-05-14,PAL,GEN,3,1,1,3.0,0.0,5.0,4.0,1.67
2016,2017-05-14,ROM,JUV,0,1,-1,0.0,3.0,2.5,3.4,2.88
2016,2017-05-14,SAM,CHI,2,3,-1,0.0,3.0,1.8,3.8,4.33
2016,2017-05-14,TOR,NAP,2,5,-1,0.0,3.0,6.0,4.5,1.5
2016,2017-05-13,ATA,MIL,1,0,1,3.0,0.0,2.05,3.5,3.6
2016,2017-05-13,FIO,LAZ,1,1,0,1.0,1.0,1.95,3.8,3.6
2016,2017-05-07,CHI,PAL,0,0,0,1.0,1.0,1.67,4.0,5.0
2016,2017-05-07,EMP,BOLG,2,1,1,3.0,0.0,1.7,3.8,5.0
2016,2017-05-07,GEN,INT,3,0,1,3.0,0.0,4.75,3.8,1.75
2016,2017-05-07,LAZ,SAM,1,1,0,1.0,1.0,1.22,6.5,13.0
2016,2017-05-07,MIL,ROM,4,0,1,3.0,0.0,3.25,3.8,2.1
2016,2017-05-07,PES,CRO,1,0,1,3.0,0.0,5.0,4.4,1.6
2016,2017-05-07,SAS,FIO,6,0,1,3.0,0.0,3.1,3.6,2.2
2016,2017-05-07,UDI,ATA,3,1,1,3.0,0.0,4.5,3.7,1.8
2016,2017-05-06,JUV,TOR,3,1,1,3.0,0.0,1.5,4.33,7.0
2016,2017-05-06,NAP,CAG,1,4,-1,0.0,3.0,1.13,9.0,21.0
2016,2017-04-30,BOLG,UDI,0,1,-1,0.0,3.0,2.38,3.3,3.0
2016,2017-04-30,CAG,PES,4,0,1,3.0,0.0,1.62,4.2,5.25
2016,2017-04-30,CRO,MIL,3,1,1,3.0,0.0,4.0,3.5,1.95
2016,2017-04-30,EMP,SAS,0,0,0,1.0,1.0,2.1,3.4,3.6
2016,2017-04-30,GEN,CHI,2,0,1,3.0,0.0,1.67,3.75,5.5
2016,2017-04-30,INT,NAP,1,2,-1,0.0,3.0,3.1,3.4,2.3
2016,2017-04-30,PAL,FIO,0,0,0,1.0,1.0,8.0,4.75,1.4
2016,2017-04-30,ROM,LAZ,0,0,0,1.0,1.0,1.85,3.75,4.2
2016,2017-04-29,TOR,SAM,1,1,0,1.0,1.0,1.62,4.2,5.25
2016,2017-04-28,ATA,JUV,4,2,1,3.0,0.0,3.75,3.4,2.05
2016,2017-04-24,PES,ROM,5,2,1,3.0,0.0,11.0,6.5,1.22
2016,2017-04-23,CHI,TOR,5,0,1,3.0,0.0,3.0,3.5,2.25
2016,2017-04-23,JUV,GEN,0,1,-1,0.0,3.0,1.18,7.0,17.0
2016,2017-04-23,LAZ,PAL,1,2,-1,0.0,3.0,1.14,8.0,21.0
2016,2017-04-23,MIL,EMP,2,4,-1,0.0,3.0,1.36,4.75,9.5
2016,2017-04-23,SAM,CRO,1,1,0,1.0,1.0,1.91,3.5,4.2
2016,2017-04-23,SAS,NAP,2,0,1,3.0,0.0,9.5,4.75,1.36
2016,2017-04-23,UDI,CAG,3,1,1,3.0,0.0,1.85,3.5,4.5
2016,2017-04-22,ATA,BOLG,0,1,-1,0.0,3.0,1.36,5.0,8.5
2016,2017-04-22,FIO,INT,2,2,0,1.0,1.0,2.7,3.4,2.63
2016,2017-04-15,CAG,CHI,1,2,-1,0.0,3.0,2.2,3.3,3.3
2016,2017-04-15,FIO,EMP,1,1,0,1.0,1.0,1.33,5.0,9.0
2016,2017-04-15,GEN,LAZ,0,1,-1,0.0,3.0,5.0,3.75,1.67
2016,2017-04-15,INT,MIL,0,1,-1,0.0,3.0,2.0,3.4,3.75
2016,2017-04-15,NAP,UDI,4,7,-1,0.0,3.0,1.22,6.0,13.0
2016,2017-04-15,PAL,BOLG,1,2,-1,0.0,3.0,2.55,3.2,2.8
2016,2017-04-15,PES,JUV,4,1,1,3.0,0.0,9.0,5.75,1.29
2016,2017-04-15,ROM,ATA,1,0,1,3.0,0.0,1.5,4.33,6.0
2016,2017-04-15,SAS,SAM,0,3,-1,0.0,3.0,2.1,3.5,3.3
2016,2017-04-15,TOR,CRO,1,0,1,3.0,0.0,1.53,4.0,6.0
2016,2017-04-09,BOLG,ROM,2,2,0,1.0,1.0,7.0,4.75,1.44
2016,2017-04-09,CAG,TOR,1,2,-1,0.0,3.0,3.0,3.5,2.3
2016,2017-04-09,CRO,INT,1,1,0,1.0,1.0,10.0,5.0,1.33
2016,2017-04-09,LAZ,NAP,1,2,-1,0.0,3.0,2.7,3.6,2.5
2016,2017-04-09,MIL,PAL,0,0,0,1.0,1.0,1.25,6.0,12.0
2016,2017-04-09,SAM,FIO,4,4,0,1.0,1.0,3.0,3.5,2.3
2016,2017-04-09,UDI,GEN,2,0,1,3.0,0.0,1.8,3.7,4.5
2016,2017-04-08,ATA,SAS,0,0,0,1.0,1.0,1.45,4.5,7.0
2016,2017-04-08,EMP,PES,1,2,-1,0.0,3.0,1.83,3.75,4.2
2016,2017-04-08,JUV,CHI,0,0,0,1.0,1.0,1.25,6.0,12.0
2016,2017-04-03,INT,SAM,2,0,1,3.0,0.0,1.33,5.5,9.0
2016,2017-04-02,CHI,CRO,1,1,0,1.0,1.0,1.85,3.5,4.5
2016,2017-04-02,FIO,BOLG,0,1,-1,0.0,3.0,1.5,4.2,7.0
2016,2017-04-02,GEN,ATA,0,0,0,1.0,1.0,3.8,3.4,2.05
2016,2017-04-02,NAP,JUV,1,1,0,1.0,1.0,2.38,3.3,3.1
2016,2017-04-02,PAL,CAG,1,3,-1,0.0,3.0,2.25,3.4,3.25
2016,2017-04-02,PES,MIL,4,1,1,3.0,0.0,6.0,4.33,1.53
2016,2017-04-02,TOR,UDI,1,0,1,3.0,0.0,1.85,3.75,4.2
2016,2017-04-01,ROM,EMP,4,0,1,3.0,0.0,1.17,7.5,17.0
2016,2017-04-01,SAS,LAZ,1,1,0,1.0,1.0,4.5,3.75,1.8
2016,2017-03-19,ATA,PES,1,0,1,3.0,0.0,1.25,6.0,12.0
2016,2017-03-19,BOLG,CHI,1,2,-1,0.0,3.0,2.3,3.1,3.4
2016,2017-03-19,CAG,LAZ,1,2,-1,0.0,3.0,6.0,4.2,1.55
2016,2017-03-19,CRO,FIO,1,0,1,3.0,0.0,5.5,3.75,1.67
2016,2017-03-19,EMP,NAP,3,1,1,3.0,0.0,11.0,5.5,1.29
2016,2017-03-19,ROM,SAS,2,0,1,3.0,0.0,1.22,6.0,15.0
2016,2017-03-19,SAM,JUV,2,2,0,1.0,1.0,7.0,4.0,1.53
2016,2017-03-19,UDI,PAL,7,2,1,3.0,0.0,1.62,3.8,6.0
2016,2017-03-18,MIL,GEN,1,2,-1,0.0,3.0,1.7,3.8,5.0
2016,2017-03-18,TOR,INT,0,1,-1,0.0,3.0,3.7,3.75,1.95
2016,2017-03-13,LAZ,TOR,2,1,1,3.0,0.0,1.57,4.2,5.75
2016,2017-03-12,CHI,EMP,0,0,0,1.0,1.0,2.05,3.25,4.0
2016,2017-03-12,FIO,CAG,0,2,-1,0.0,3.0,1.44,4.75,7.0
2016,2017-03-12,INT,ATA,2,2,0,1.0,1.0,1.85,3.6,4.5
2016,2017-03-12,NAP,CRO,4,1,1,3.0,0.0,1.14,8.0,21.0
2016,2017-03-12,PAL,ROM,2,1,1,3.0,0.0,8.0,4.75,1.4
2016,2017-03-12,PES,UDI,3,2,1,3.0,0.0,2.9,3.5,2.4
2016,2017-03-12,SAS,BOLG,6,2,1,3.0,0.0,1.91,3.5,4.2
2016,2017-03-11,GEN,SAM,0,2,-1,0.0,3.0,2.63,3.2,2.8
2016,2017-03-10,JUV,MIL,0,1,-1,0.0,3.0,1.4,4.5,9.0
2016,2017-03-05,ATA,FIO,0,1,-1,0.0,3.0,1.91,3.6,4.0
2016,2017-03-05,BOLG,LAZ,3,1,1,3.0,0.0,4.33,3.75,1.8
2016,2017-03-05,CAG,INT,0,1,-1,0.0,3.0,6.0,4.0,1.57
2016,2017-03-05,CRO,SAS,0,0,0,1.0,1.0,3.4,3.25,2.25
2016,2017-03-05,EMP,GEN,2,2,0,1.0,1.0,2.63,3.0,3.0
2016,2017-03-05,TOR,PAL,2,0,1,3.0,0.0,1.5,4.2,7.0
2016,2017-03-05,UDI,JUV,2,3,-1,0.0,3.0,7.5,4.0,1.5
2016,2017-03-04,MIL,CHI,1,1,0,1.0,1.0,1.57,4.0,6.25
2016,2017-03-04,ROM,NAP,1,0,1,3.0,0.0,2.05,3.5,3.6
2016,2017-03-04,SAM,PES,1,2,-1,0.0,3.0,1.67,4.2,4.75
2016,2017-02-27,FIO,TOR,0,1,-1,0.0,3.0,1.85,3.75,4.2
2016,2017-02-26,CHI,PES,1,1,0,1.0,1.0,1.83,3.6,4.5
2016,2017-02-26,CRO,CAG,2,0,1,3.0,0.0,2.5,3.3,2.88
2016,2017-02-26,GEN,BOLG,1,1,0,1.0,1.0,2.0,3.3,4.2
2016,2017-02-26,INT,ROM,2,2,0,1.0,1.0,2.5,3.4,2.8
2016,2017-02-26,LAZ,UDI,3,1,1,3.0,0.0,1.44,4.5,7.5
2016,2017-02-26,PAL,SAM,0,0,0,1.0,1.0,3.2,3.1,2.4
2016,2017-02-26,SAS,MIL,0,0,0,1.0,1.0,2.88,3.3,2.55
2016,2017-02-25,JUV,EMP,0,2,-1,0.0,3.0,1.14,8.5,19.0
2016,2017-02-25,NAP,ATA,2,0,1,3.0,0.0,1.57,4.0,6.0
2016,2017-02-19,BOLG,INT,2,2,0,1.0,1.0,4.75,3.5,1.8
2016,2017-02-19,CHI,NAP,0,0,0,1.0,1.0,8.5,4.2,1.44
2016,2017-02-19,MIL,FIO,1,0,1,3.0,0.0,2.15,3.3,3.5
2016,2017-02-19,PES,GEN,0,1,-1,0.0,3.0,3.5,3.4,2.1
2016,2017-02-19,ROM,TOR,2,2,0,1.0,1.0,1.44,4.5,7.5
2016,2017-02-19,SAM,CAG,0,3,-1,0.0,3.0,1.67,3.75,5.5
2016,2017-02-19,UDI,SAS,0,1,-1,0.0,3.0,2.1,3.3,3.7
2016,2017-02-18,ATA,CRO,0,0,0,1.0,1.0,1.25,5.5,15.0
2016,2017-02-18,EMP,LAZ,3,0,1,3.0,0.0,5.5,3.75,1.67
2016,2017-02-17,JUV,PAL,0,1,-1,0.0,3.0,1.14,8.0,21.0
2016,2017-02-13,LAZ,MIL,0,1,-1,0.0,3.0,1.7,3.8,5.0
2016,2017-02-12,CAG,JUV,3,0,1,3.0,0.0,10.0,5.0,1.33
2016,2017-02-12,CRO,ROM,0,1,-1,0.0,3.0,8.5,5.0,1.36
2016,2017-02-12,INT,EMP,3,3,0,1.0,1.0,1.33,5.0,10.0
2016,2017-02-12,PAL,ATA,3,1,1,3.0,0.0,5.0,3.6,1.75
2016,2017-02-12,SAM,BOLG,1,2,-1,0.0,3.0,1.91,3.5,4.2
2016,2017-02-12,SAS,CHI,3,0,1,3.0,0.0,1.91,3.4,4.33
2016,2017-02-12,TOR,PES,2,2,0,1.0,1.0,1.36,5.0,8.5
2016,2017-02-11,FIO,UDI,3,2,1,3.0,0.0,1.67,3.8,5.25
2016,2017-02-10,NAP,GEN,2,3,-1,0.0,3.0,1.29,5.75,10.0
2016,2017-02-08,BOLG,MIL,0,1,-1,0.0,3.0,3.4,3.25,2.25
2016,2017-02-08,CRO,JUV,3,1,1,3.0,0.0,13.0,6.0,1.22
2016,2017-02-07,ROM,FIO,4,0,1,3.0,0.0,1.62,4.0,5.5
2016,2017-02-05,ATA,CAG,1,0,1,3.0,0.0,1.44,4.33,8.0
2016,2017-02-05,CHI,UDI,0,1,-1,0.0,3.0,2.38,3.2,3.2
2016,2017-02-05,EMP,TOR,1,0,1,3.0,0.0,3.6,3.3,2.15
2016,2017-02-05,GEN,SAS,2,2,0,1.0,1.0,2.05,3.4,3.75
2016,2017-02-05,JUV,INT,0,1,-1,0.0,3.0,1.57,4.0,6.5
2016,2017-02-05,MIL,SAM,2,0,1,3.0,0.0,1.67,4.0,5.0
2016,2017-02-05,PAL,CRO,3,1,1,3.0,0.0,2.3,3.25,3.3
2016,2017-02-05,PES,LAZ,2,0,1,3.0,0.0,6.0,3.9,1.57
2016,2017-02-04,BOLG,NAP,2,0,1,3.0,0.0,7.5,4.5,1.44
2016,2017-02-01,PES,FIO,3,0,1,3.0,0.0,4.5,3.6,1.83
2016,2017-01-29,CAG,BOLG,1,2,-1,0.0,3.0,2.45,3.25,3.0
2016,2017-01-29,CRO,EMP,1,1,0,1.0,1.0,2.38,3.1,3.25
2016,2017-01-29,FIO,GEN,0,2,-1,0.0,3.0,1.62,4.0,5.5
2016,2017-01-29,NAP,PAL,1,1,0,1.0,1.0,1.13,9.0,21.0
2016,2017-01-29,SAM,ROM,1,1,0,1.0,1.0,4.75,3.8,1.75
2016,2017-01-29,SAS,JUV,2,0,1,3.0,0.0,6.5,4.33,1.5
2016,2017-01-29,TOR,ATA,0,1,-1,0.0,3.0,2.4,3.25,3.1
2016,2017-01-29,UDI,MIL,1,5,-1,0.0,3.0,3.2,3.3,2.3
2016,2017-01-28,INT,PES,1,0,1,3.0,0.0,1.2,7.0,13.0
2016,2017-01-28,LAZ,CHI,0,2,-1,0.0,3.0,1.5,4.0,7.5
2016,2017-01-22,ATA,SAM,1,1,0,1.0,1.0,1.67,3.75,5.5
2016,2017-01-22,BOLG,TOR,0,0,0,1.0,1.0,2.9,3.3,2.5
2016,2017-01-22,EMP,UDI,1,1,0,1.0,1.0,2.6,3.2,2.8
2016,2017-01-22,GEN,CRO,2,0,1,3.0,0.0,1.57,4.0,6.0
2016,2017-01-22,JUV,LAZ,1,5,-1,0.0,3.0,1.5,4.2,7.0
2016,2017-01-22,PAL,INT,2,7,-1,0.0,3.0,6.5,4.0,1.55
2016,2017-01-22,PES,SAS,0,1,-1,0.0,3.0,2.9,3.3,2.5
2016,2017-01-22,ROM,CAG,1,3,-1,0.0,3.0,1.25,6.5,11.0
2016,2017-01-21,CHI,FIO,4,1,1,3.0,0.0,3.4,3.25,2.25
2016,2017-01-21,MIL,NAP,1,1,0,1.0,1.0,4.0,3.3,2.0
2016,2017-01-16,TOR,MIL,3,1,1,3.0,0.0,2.38,3.3,3.1
2016,2017-01-15,CAG,GEN,3,2,1,3.0,0.0,2.8,3.4,2.5
2016,2017-01-15,FIO,JUV,0,2,-1,0.0,3.0,4.75,3.4,1.83
2016,2017-01-15,LAZ,ATA,1,3,-1,0.0,3.0,2.0,3.4,3.9
2016,2017-01-15,NAP,PES,1,1,0,1.0,1.0,1.14,8.0,19.0
2016,2017-01-15,SAM,EMP,1,0,1,3.0,0.0,1.75,3.5,5.25
2016,2017-01-15,SAS,PAL,3,2,1,3.0,0.0,1.73,3.6,5.25
2016,2017-01-15,UDI,ROM,4,1,1,3.0,0.0,4.2,3.5,1.91
2016,2017-01-14,CRO,BOLG,0,0,0,1.0,1.0,3.0,3.0,2.6
2016,2017-01-14,INT,CHI,1,1,0,1.0,1.0,1.44,4.33,8.0
2016,2017-01-08,CHI,ATA,1,0,1,3.0,0.0,2.75,3.2,2.7
2016,2017-01-08,GEN,ROM,5,0,1,3.0,0.0,3.8,3.6,1.95
2016,2017-01-08,JUV,BOLG,2,1,1,3.0,0.0,1.18,7.0,17.0
2016,2017-01-08,LAZ,CRO,2,1,1,3.0,0.0,1.29,5.25,12.0
2016,2017-01-08,MIL,CAG,3,2,1,3.0,0.0,1.4,4.75,8.0
2016,2017-01-08,SAS,TOR,1,0,1,3.0,0.0,2.7,3.4,2.6
2016,2017-01-08,UDI,INT,3,1,1,3.0,0.0,3.75,3.5,2.0
2016,2017-01-07,EMP,PAL,2,1,1,3.0,0.0,2.05,3.3,3.8
2016,2017-01-07,NAP,SAM,2,1,1,3.0,0.0,1.29,5.5,10.0
2016,2016-12-22,CAG,SAS,1,3,-1,0.0,3.0,2.5,3.4,2.8
2016,2016-12-22,FIO,NAP,1,0,1,3.0,0.0,3.5,3.5,2.1
2016,2016-12-22,PAL,PES,2,0,1,3.0,0.0,2.2,3.3,3.4
2016,2016-12-22,ROM,CHI,1,1,0,1.0,1.0,1.33,5.5,8.0
2016,2016-12-22,SAM,UDI,0,1,-1,0.0,3.0,2.2,3.4,3.3
2016,2016-12-22,TOR,GEN,2,0,1,3.0,0.0,1.83,3.6,4.5
2016,2016-12-21,INT,LAZ,1,2,-1,0.0,3.0,2.15,3.5,3.3
2016,2016-12-20,ATA,EMP,5,1,1,3.0,0.0,1.53,3.9,7.0
2016,2016-12-18,CHI,SAM,1,5,-1,0.0,3.0,2.2,3.25,3.3
2016,2016-12-18,GEN,PAL,3,3,0,1.0,1.0,1.57,3.75,6.0
2016,2016-12-18,LAZ,FIO,0,3,-1,0.0,3.0,2.0,3.4,3.75
2016,2016-12-18,NAP,TOR,3,1,1,3.0,0.0,1.45,4.2,7.5
2016,2016-12-18,PES,BOLG,2,0,1,3.0,0.0,2.4,3.0,3.2
2016,2016-12-18,SAS,INT,1,1,0,1.0,1.0,3.4,3.6,2.05
2016,2016-12-18,UDI,CRO,0,4,-1,0.0,3.0,1.57,3.8,6.0
2016,2016-12-17,EMP,CAG,4,3,1,3.0,0.0,2.05,3.25,3.75
2016,2016-12-17,JUV,ROM,0,2,-1,0.0,3.0,1.7,3.6,5.0
2016,2016-12-17,MIL,ATA,3,0,1,3.0,0.0,1.95,3.4,3.9
2016,2016-12-15,GEN,FIO,2,0,1,3.0,0.0,2.6,3.2,2.8
2016,2016-12-12,FIO,SAS,2,1,1,3.0,0.0,1.62,4.0,5.5
2016,2016-12-12,ROM,MIL,3,1,1,3.0,0.0,1.62,4.2,5.25
2016,2016-12-11,ATA,UDI,3,0,1,3.0,0.0,1.75,3.6,5.0
2016,2016-12-11,BOLG,EMP,2,3,-1,0.0,3.0,2.1,3.25,3.8
2016,2016-12-11,CAG,NAP,2,3,-1,0.0,3.0,6.0,4.33,1.53
2016,2016-12-11,INT,GEN,2,1,1,3.0,0.0,1.67,3.75,5.5
2016,2016-12-11,PAL,CHI,4,1,1,3.0,0.0,2.9,3.1,2.6
2016,2016-12-11,TOR,JUV,2,2,0,1.0,1.0,4.33,3.6,1.85
2016,2016-12-10,CRO,PES,3,1,1,3.0,0.0,2.63,3.25,2.8
2016,2016-12-10,SAM,LAZ,1,0,1,3.0,0.0,3.0,3.4,2.38
2016,2016-12-05,CHI,GEN,4,1,1,3.0,0.0,2.5,3.1,3.1
2016,2016-12-05,UDI,BOLG,2,0,1,3.0,0.0,2.0,3.2,4.2
2016,2016-12-04,FIO,PAL,2,1,1,3.0,0.0,1.29,5.5,11.0
2016,2016-12-04,LAZ,ROM,2,2,0,1.0,1.0,2.9,3.4,2.4
2016,2016-12-04,MIL,CRO,2,0,1,3.0,0.0,1.33,5.0,10.0
2016,2016-12-04,PES,CAG,3,1,1,3.0,0.0,2.38,3.4,3.0
2016,2016-12-04,SAM,TOR,1,1,0,1.0,1.0,2.75,3.25,2.63
2016,2016-12-04,SAS,EMP,3,3,0,1.0,1.0,1.83,3.4,4.75
2016,2016-12-03,JUV,ATA,3,3,0,1.0,1.0,1.4,4.5,9.0
2016,2016-12-02,NAP,INT,1,1,0,1.0,1.0,1.75,3.75,4.75
2016,2016-11-28,INT,FIO,3,1,1,3.0,0.0,2.0,3.4,3.9
2016,2016-11-28,NAP,SAS,2,1,1,3.0,0.0,1.25,6.0,12.0
2016,2016-11-27,BOLG,ATA,0,1,-1,0.0,3.0,3.0,3.2,2.5
2016,2016-11-27,CAG,UDI,1,0,1,3.0,0.0,2.38,3.4,3.0
2016,2016-11-27,CRO,SAM,1,0,1,3.0,0.0,3.3,3.4,2.2
2016,2016-11-27,GEN,JUV,0,0,0,1.0,1.0,6.0,3.75,1.62
2016,2016-11-27,PAL,LAZ,2,2,0,1.0,1.0,5.5,4.0,1.62
2016,2016-11-27,ROM,PES,1,1,0,1.0,1.0,1.2,7.5,12.0
2016,2016-11-26,EMP,MIL,2,1,1,3.0,0.0,3.8,3.3,2.05
2016,2016-11-26,TOR,CHI,5,1,1,3.0,0.0,1.73,3.6,5.25
2016,2016-11-20,ATA,ROM,2,3,-1,0.0,3.0,4.0,3.5,1.95
2016,2016-11-20,BOLG,PAL,2,1,1,3.0,0.0,1.75,3.6,5.0
2016,2016-11-20,CRO,TOR,2,0,1,3.0,0.0,5.0,3.75,1.73
2016,2016-11-20,EMP,FIO,2,2,0,1.0,1.0,3.9,3.4,2.0
2016,2016-11-20,LAZ,GEN,2,0,1,3.0,0.0,1.7,3.8,5.0
2016,2016-11-20,MIL,INT,1,2,-1,0.0,3.0,2.8,3.2,2.6
2016,2016-11-20,SAM,SAS,1,3,-1,0.0,3.0,2.05,3.4,3.75
2016,2016-11-19,CHI,CAG,0,2,-1,0.0,3.0,1.91,3.5,4.2
2016,2016-11-19,JUV,PES,1,1,0,1.0,1.0,1.14,8.0,19.0
2016,2016-11-19,UDI,NAP,4,1,1,3.0,0.0,4.75,3.75,1.75
2016,2016-11-06,CHI,JUV,1,3,-1,0.0,3.0,9.0,4.0,1.44
2016,2016-11-06,FIO,SAM,1,1,0,1.0,1.0,1.57,3.8,6.5
2016,2016-11-06,GEN,UDI,1,1,0,1.0,1.0,1.85,3.6,4.33
2016,2016-11-06,INT,CRO,2,1,1,3.0,0.0,1.25,5.75,13.0
2016,2016-11-06,PAL,MIL,1,0,1,3.0,0.0,5.5,3.75,1.67
2016,2016-11-06,PES,EMP,1,3,-1,0.0,3.0,2.4,3.2,3.1
2016,2016-11-06,ROM,BOLG,4,1,1,3.0,0.0,1.25,6.0,12.0
2016,2016-11-06,SAS,ATA,3,0,1,3.0,0.0,2.5,3.2,3.0
2016,2016-11-05,NAP,LAZ,3,1,1,3.0,0.0,1.67,4.0,5.0
2016,2016-11-05,TOR,CAG,0,1,-1,0.0,3.0,1.55,4.33,5.75
2016,2016-10-31,CAG,PAL,1,1,0,1.0,1.0,1.73,3.5,5.0
2016,2016-10-31,UDI,TOR,0,1,-1,0.0,3.0,2.88,3.25,2.45
2016,2016-10-30,ATA,GEN,2,2,0,1.0,1.0,2.3,3.2,3.3
2016,2016-10-30,CRO,CHI,1,0,1,3.0,0.0,3.5,3.2,2.2
2016,2016-10-30,EMP,ROM,2,1,1,3.0,0.0,6.0,4.2,1.55
2016,2016-10-30,LAZ,SAS,1,1,0,1.0,1.0,1.67,3.75,5.5
2016,2016-10-30,MIL,PES,1,1,0,1.0,1.0,1.4,4.75,8.0
2016,2016-10-30,SAM,INT,3,3,0,1.0,1.0,3.6,3.5,2.05
2016,2016-10-29,BOLG,FIO,2,0,1,3.0,0.0,3.25,3.25,2.3
2016,2016-10-29,JUV,NAP,5,0,1,3.0,0.0,1.8,3.5,4.75
2016,2016-10-27,PAL,UDI,4,1,1,3.0,0.0,2.9,3.25,2.5
2016,2016-10-26,CHI,BOLG,2,1,1,3.0,0.0,2.1,3.1,4.0
2016,2016-10-26,FIO,CRO,1,0,1,3.0,0.0,1.22,6.0,15.0
2016,2016-10-26,INT,TOR,0,1,-1,0.0,3.0,2.0,3.5,3.75
2016,2016-10-26,JUV,SAM,1,1,0,1.0,1.0,1.17,7.5,17.0
2016,2016-10-26,LAZ,CAG,3,0,1,3.0,0.0,1.44,4.5,7.5
2016,2016-10-26,NAP,EMP,2,0,1,3.0,0.0,1.29,5.5,11.0
2016,2016-10-26,PES,ATA,2,1,1,3.0,0.0,2.9,3.25,2.5
2016,2016-10-26,SAS,ROM,2,0,1,3.0,0.0,4.2,3.5,1.91
2016,2016-10-25,GEN,MIL,0,0,0,1.0,1.0,2.75,3.25,2.6
2016,2016-10-23,ATA,INT,5,1,1,3.0,0.0,3.3,3.4,2.2
2016,2016-10-23,BOLG,SAS,2,1,1,3.0,0.0,2.5,3.2,3.0
2016,2016-10-23,CAG,FIO,1,1,0,1.0,1.0,3.0,3.3,2.4
2016,2016-10-23,CRO,NAP,0,1,-1,0.0,3.0,15.0,6.0,1.22
2016,2016-10-23,EMP,CHI,0,1,-1,0.0,3.0,2.55,3.0,3.1
2016,2016-10-23,ROM,PAL,1,2,-1,0.0,3.0,1.18,7.0,17.0
2016,2016-10-23,TOR,LAZ,0,0,0,1.0,1.0,2.2,3.3,3.4
2016,2016-10-23,UDI,PES,1,2,-1,0.0,3.0,1.85,3.5,4.5
2016,2016-10-22,MIL,JUV,1,2,-1,0.0,3.0,4.5,3.7,1.8
2016,2016-10-22,SAM,GEN,1,1,0,1.0,1.0,3.1,3.25,2.4
2016,2016-10-17,PAL,TOR,1,1,0,1.0,1.0,3.8,3.5,2.0
2016,2016-10-16,CHI,MIL,1,1,0,1.0,1.0,2.8,3.0,2.75
2016,2016-10-16,FIO,ATA,7,2,1,3.0,0.0,1.75,3.6,5.0
2016,2016-10-16,GEN,EMP,3,3,0,1.0,1.0,1.75,3.6,5.0
2016,2016-10-16,INT,CAG,1,2,-1,0.0,3.0,1.4,4.75,8.5
2016,2016-10-16,LAZ,BOLG,1,1,0,1.0,1.0,1.5,4.0,7.5
2016,2016-10-16,SAS,CRO,2,1,1,3.0,0.0,1.4,4.5,8.5
2016,2016-10-15,JUV,UDI,1,0,1,3.0,0.0,1.2,7.0,13.0
2016,2016-10-15,NAP,ROM,5,0,1,3.0,0.0,2.0,3.5,3.8
2016,2016-10-15,PES,SAM,0,0,0,1.0,1.0,2.38,3.3,3.1
2016,2016-10-02,ATA,NAP,2,1,1,3.0,0.0,6.0,4.0,1.55
2016,2016-10-02,BOLG,GEN,3,1,1,3.0,0.0,2.2,3.1,3.6
2016,2016-10-02,CAG,CRO,3,0,1,3.0,0.0,1.44,4.33,8.0
2016,2016-10-02,EMP,JUV,1,1,0,1.0,1.0,10.0,5.0,1.3
2016,2016-10-02,MIL,SAS,0,1,-1,0.0,3.0,1.62,3.8,6.0
2016,2016-10-02,ROM,INT,3,2,1,3.0,0.0,2.0,3.5,3.8
2016,2016-10-02,SAM,PAL,3,1,1,3.0,0.0,1.65,3.75,5.5
2016,2016-10-02,TOR,FIO,1,3,-1,0.0,3.0,2.4,3.2,3.1
2016,2016-10-01,PES,CHI,4,1,1,3.0,0.0,2.55,3.2,2.9
2016,2016-10-01,UDI,LAZ,0,0,0,1.0,1.0,3.0,3.3,2.4
2016,2016-09-26,CAG,SAM,2,0,1,3.0,0.0,2.2,3.2,3.5
2016,2016-09-26,CRO,ATA,1,1,0,1.0,1.0,4.5,3.3,1.91
2016,2016-09-25,FIO,MIL,3,1,1,3.0,0.0,2.3,3.1,3.4
2016,2016-09-25,GEN,PES,1,2,-1,0.0,3.0,1.65,4.0,5.25
2016,2016-09-25,INT,BOLG,3,1,1,3.0,0.0,1.45,4.2,8.5
2016,2016-09-25,LAZ,EMP,0,0,0,1.0,1.0,1.44,4.2,8.5
2016,2016-09-25,SAS,UDI,0,0,0,1.0,1.0,2.05,3.3,3.8
2016,2016-09-25,TOR,ROM,1,0,1,3.0,0.0,3.75,3.5,2.0
2016,2016-09-24,NAP,CHI,3,0,1,3.0,0.0,1.33,5.0,10.0
2016,2016-09-24,PAL,JUV,4,0,1,3.0,0.0,11.0,5.5,1.29
2016,2016-09-21,ATA,PAL,1,2,-1,0.0,3.0,1.62,3.75,6.0
2016,2016-09-21,BOLG,SAM,3,0,1,3.0,0.0,2.4,3.25,3.1
2016,2016-09-21,CHI,SAS,3,2,1,3.0,0.0,2.4,3.2,3.1
2016,2016-09-21,EMP,INT,1,1,0,1.0,1.0,4.33,3.3,1.95
2016,2016-09-21,GEN,NAP,1,1,0,1.0,1.0,4.75,3.75,1.75
2016,2016-09-21,JUV,CAG,0,0,0,1.0,1.0,1.17,7.5,17.0
2016,2016-09-21,PES,TOR,1,0,1,3.0,0.0,3.25,3.25,2.3
2016,2016-09-21,ROM,CRO,0,0,0,1.0,1.0,1.13,8.5,23.0
2016,2016-09-21,UDI,FIO,2,2,0,1.0,1.0,3.25,3.25,2.3
2016,2016-09-20,MIL,LAZ,3,4,-1,0.0,3.0,2.15,3.4,3.4
2016,2016-09-18,CAG,ATA,5,0,1,3.0,0.0,2.6,3.2,2.8
2016,2016-09-18,CRO,PAL,1,1,0,1.0,1.0,3.0,3.2,2.5
2016,2016-09-18,FIO,ROM,0,0,0,1.0,1.0,2.9,3.5,2.4
2016,2016-09-18,INT,JUV,3,1,1,3.0,0.0,4.0,3.5,1.95
2016,2016-09-18,SAS,GEN,1,2,-1,0.0,3.0,2.2,3.2,3.5
2016,2016-09-18,TOR,EMP,3,3,0,1.0,1.0,1.75,3.6,4.75
2016,2016-09-18,UDI,CHI,3,1,1,3.0,0.0,2.0,3.25,4.0
2016,2016-09-17,LAZ,PES,2,0,1,3.0,0.0,1.5,4.33,6.5
2016,2016-09-17,NAP,BOLG,5,0,1,3.0,0.0,1.25,6.0,12.0
2016,2016-09-16,SAM,MIL,1,3,-1,0.0,3.0,3.1,3.3,2.3
2016,2016-09-12,EMP,CRO,2,1,1,3.0,0.0,1.57,4.0,6.0
2016,2016-09-11,ATA,TOR,0,1,-1,0.0,3.0,2.6,3.2,2.8
2016,2016-09-11,BOLG,CAG,2,2,0,1.0,1.0,2.1,3.25,3.75
2016,2016-09-11,CHI,LAZ,0,2,-1,0.0,3.0,3.0,3.2,2.5
2016,2016-09-11,MIL,UDI,1,3,-1,0.0,3.0,1.67,4.0,5.0
2016,2016-09-11,PES,INT,2,3,-1,0.0,3.0,4.75,3.75,1.75
2016,2016-09-11,ROM,SAM,0,3,-1,0.0,3.0,1.33,5.25,9.0
2016,2016-09-10,JUV,SAS,3,1,1,3.0,0.0,1.3,5.0,12.0
2016,2016-09-10,PAL,NAP,5,2,1,3.0,0.0,9.0,5.0,1.33
2016,2016-08-28,CAG,ROM,7,2,1,3.0,0.0,4.75,3.75,1.7
2016,2016-08-28,CRO,GEN,4,0,1,3.0,0.0,4.0,3.4,1.91
2016,2016-08-28,FIO,CHI,0,1,-1,0.0,3.0,1.67,3.75,5.5
2016,2016-08-28,INT,PAL,2,0,1,3.0,0.0,1.33,4.75,10.0
2016,2016-08-28,SAM,ATA,1,0,1,3.0,0.0,2.25,3.2,3.4
2016,2016-08-28,SAS,PES,4,2,1,3.0,0.0,1.62,3.75,6.0
2016,2016-08-28,TOR,BOLG,0,0,0,1.0,1.0,1.85,3.5,4.5
2016,2016-08-28,UDI,EMP,6,1,1,3.0,0.0,2.05,3.4,3.75
2016,2016-08-27,LAZ,JUV,2,3,-1,0.0,3.0,4.75,3.5,1.8
2016,2016-08-27,NAP,MIL,4,0,1,3.0,0.0,1.67,4.0,5.0
2016,2016-08-21,ATA,LAZ,2,5,-1,0.0,3.0,3.1,3.25,2.4
2016,2016-08-21,BOLG,CRO,0,1,-1,0.0,3.0,1.85,3.5,5.0
2016,2016-08-21,CHI,INT,3,0,1,3.0,0.0,3.75,3.3,2.1
2016,2016-08-21,EMP,SAM,1,0,1,3.0,0.0,2.3,3.2,3.3
2016,2016-08-21,GEN,CAG,0,0,0,1.0,1.0,2.05,3.3,3.8
2016,2016-08-21,MIL,TOR,1,1,0,1.0,1.0,1.85,3.5,4.33
2016,2016-08-21,PAL,SAS,4,3,1,3.0,0.0,3.0,3.2,2.5
2016,2016-08-21,PES,NAP,3,2,1,3.0,0.0,7.5,4.5,1.44
2016,2016-08-20,JUV,FIO,0,1,-1,0.0,3.0,1.5,4.2,7.0
2016,2016-08-20,ROM,UDI,3,4,-1,0.0,3.0,1.44,4.5,7.5
2015,2016-05-15,CHI,BOLG,1,1,0,1.0,1.0,2.15,3.4,3.4
2015,2016-05-15,EMP,TOR,5,1,1,3.0,0.0,2.55,3.5,2.7
2015,2016-05-15,GEN,ATA,2,4,-1,0.0,3.0,1.85,3.6,4.2
2015,2016-05-15,LAZ,FIO,2,0,1,3.0,0.0,2.1,3.4,3.5
2015,2016-05-15,PAL,VER,5,2,1,3.0,0.0,1.2,7.0,13.0
2015,2016-05-15,UDI,CARP,1,4,-1,0.0,3.0,2.3,3.4,3.1
2015,2016-05-14,JUV,SAM,0,3,-1,0.0,3.0,1.25,6.0,10.0
2015,2016-05-14,MIL,ROM,3,0,1,3.0,0.0,3.25,3.6,2.1
2015,2016-05-14,NAP,FRO,3,0,1,3.0,0.0,1.1,10.0,26.0
2015,2016-05-14,SAS,INT,4,1,1,3.0,0.0,1.85,3.8,4.0
2015,2016-05-08,ATA,UDI,1,4,-1,0.0,3.0,3.8,3.3,2.05
2015,2016-05-08,CARP,LAZ,0,1,-1,0.0,3.0,2.4,3.4,2.88
2015,2016-05-08,FIO,PAL,2,0,1,3.0,0.0,2.0,3.5,3.75
2015,2016-05-08,FRO,SAS,0,1,-1,0.0,3.0,3.8,3.8,1.91
2015,2016-05-08,ROM,CHI,1,1,0,1.0,1.0,1.22,6.5,13.0
2015,2016-05-08,SAM,GEN,2,1,1,3.0,0.0,2.38,3.25,3.1
2015,2016-05-08,TOR,NAP,0,0,0,1.0,1.0,7.5,5.0,1.4
2015,2016-05-08,VER,JUV,0,2,-1,0.0,3.0,6.0,4.33,1.53
2015,2016-05-07,BOLG,MIL,0,4,-1,0.0,3.0,3.6,3.4,2.1
2015,2016-05-07,INT,EMP,0,0,0,1.0,1.0,1.36,5.0,8.5
2015,2016-05-02,GEN,ROM,2,0,1,3.0,0.0,5.5,3.75,1.67
2015,2016-05-02,NAP,ATA,2,0,1,3.0,0.0,1.17,7.5,17.0
2015,2016-05-01,EMP,BOLG,4,0,1,3.0,0.0,2.25,3.2,3.3
2015,2016-05-01,JUV,CARP,0,1,-1,0.0,3.0,1.25,5.5,13.0
2015,2016-05-01,LAZ,INT,1,3,-1,0.0,3.0,2.5,3.3,2.9
2015,2016-05-01,MIL,FRO,3,2,1,3.0,0.0,1.22,6.0,15.0
2015,2016-05-01,PAL,SAM,0,1,-1,0.0,3.0,1.95,3.5,4.0
2015,2016-05-01,SAS,VER,0,0,0,1.0,1.0,1.5,4.0,7.5
2015,2016-04-30,CHI,FIO,0,1,-1,0.0,3.0,3.8,3.3,2.05
2015,2016-04-30,UDI,TOR,1,2,-1,0.0,3.0,1.95,3.4,4.2
2015,2016-04-25,CARP,EMP,1,0,1,3.0,0.0,1.83,3.6,4.5
2015,2016-04-25,ROM,NAP,0,1,-1,0.0,3.0,2.45,3.4,2.9
2015,2016-04-25,VER,MIL,2,0,1,3.0,0.0,5.0,3.6,1.75
2015,2016-04-24,ATA,CHI,2,2,0,1.0,1.0,1.95,3.5,4.0
2015,2016-04-24,BOLG,GEN,1,2,-1,0.0,3.0,2.25,3.2,3.4
2015,2016-04-24,FIO,JUV,4,3,1,3.0,0.0,3.5,3.3,2.15
2015,2016-04-24,FRO,PAL,0,0,0,1.0,1.0,2.38,3.4,3.0
2015,2016-04-24,SAM,LAZ,2,1,1,3.0,0.0,2.8,3.2,2.6
2015,2016-04-24,TOR,SAS,0,1,-1,0.0,3.0,2.05,3.5,3.6
2015,2016-04-23,INT,UDI,1,0,1,3.0,0.0,1.44,4.2,8.5
2015,2016-04-21,MIL,CARP,0,2,-1,0.0,3.0,1.44,4.5,7.5
2015,2016-04-20,CHI,FRO,1,0,1,3.0,0.0,1.85,3.6,4.0
2015,2016-04-20,EMP,VER,4,2,1,3.0,0.0,1.83,3.6,4.5
2015,2016-04-20,GEN,INT,1,0,1,3.0,0.0,3.6,3.5,2.05
2015,2016-04-20,JUV,LAZ,2,2,0,1.0,1.0,1.5,4.2,7.0
2015,2016-04-20,PAL,ATA,3,0,1,3.0,0.0,2.7,3.2,2.75
2015,2016-04-20,ROM,TOR,2,0,1,3.0,0.0,1.45,4.33,7.0
2015,2016-04-20,SAS,SAM,4,0,1,3.0,0.0,1.91,3.6,4.0
2015,2016-04-20,UDI,FIO,1,2,-1,0.0,3.0,3.3,3.4,2.2
2015,2016-04-19,NAP,BOLG,2,1,1,3.0,0.0,1.22,6.0,15.0
2015,2016-04-17,ATA,ROM,1,3,-1,0.0,3.0,5.0,3.6,1.75
2015,2016-04-17,FIO,SAS,2,1,1,3.0,0.0,1.85,3.6,4.33
2015,2016-04-17,JUV,PAL,3,1,1,3.0,0.0,1.14,8.0,21.0
2015,2016-04-17,LAZ,EMP,2,0,1,3.0,0.0,1.73,3.75,5.0
2015,2016-04-17,SAM,MIL,0,1,-1,0.0,3.0,3.0,3.3,2.4
2015,2016-04-17,UDI,CHI,1,0,1,3.0,0.0,1.95,3.4,4.2
2015,2016-04-17,VER,FRO,1,1,0,1.0,1.0,1.8,3.8,4.33
2015,2016-04-16,BOLG,TOR,0,1,-1,0.0,3.0,2.8,3.1,2.7
2015,2016-04-16,CARP,GEN,1,0,1,3.0,0.0,2.75,3.1,2.75
2015,2016-04-16,INT,NAP,0,2,-1,0.0,3.0,3.0,3.2,2.5
2015,2016-04-11,ROM,BOLG,1,3,-1,0.0,3.0,1.33,4.75,10.0
2015,2016-04-10,EMP,FIO,2,3,-1,0.0,3.0,3.0,3.2,2.4
2015,2016-04-10,NAP,VER,1,1,0,1.0,1.0,1.2,6.5,13.0
2015,2016-04-10,PAL,LAZ,1,1,0,1.0,1.0,3.4,3.4,2.1
2015,2016-04-10,SAM,UDI,3,1,1,3.0,0.0,2.0,3.4,3.75
2015,2016-04-10,TOR,ATA,1,1,0,1.0,1.0,1.83,3.4,4.5
2015,2016-04-09,CHI,CARP,1,0,1,3.0,0.0,2.0,3.2,4.0
2015,2016-04-09,FRO,INT,2,0,1,3.0,0.0,6.0,3.75,1.57
2015,2016-04-09,MIL,JUV,2,1,1,3.0,0.0,4.0,3.1,2.05
2015,2016-04-09,SAS,GEN,3,1,1,3.0,0.0,2.0,3.3,3.8
2015,2016-04-04,BOLG,VER,1,1,0,1.0,1.0,1.85,3.5,4.5
2015,2016-04-03,ATA,MIL,2,0,1,3.0,0.0,3.3,3.3,2.25
2015,2016-04-03,CHI,PAL,1,0,1,3.0,0.0,2.1,3.4,3.6
2015,2016-04-03,FIO,SAM,1,3,-1,0.0,3.0,1.62,3.8,6.0
2015,2016-04-03,GEN,FRO,2,1,1,3.0,0.0,1.53,4.0,6.5
2015,2016-04-03,INT,TOR,0,1,-1,0.0,3.0,1.8,3.75,4.33
2015,2016-04-03,LAZ,ROM,2,1,1,3.0,0.0,3.3,3.4,2.2
2015,2016-04-03,UDI,NAP,3,1,1,3.0,0.0,6.5,4.33,1.5
2015,2016-04-02,CARP,SAS,0,2,-1,0.0,3.0,3.1,3.1,2.5
2015,2016-04-02,JUV,EMP,2,1,1,3.0,0.0,1.3,5.0,12.0
2015,2016-03-20,ATA,BOLG,3,2,1,3.0,0.0,2.2,3.0,3.8
2015,2016-03-20,FRO,FIO,5,1,1,3.0,0.0,7.0,4.0,1.53
2015,2016-03-20,MIL,LAZ,2,1,1,3.0,0.0,2.0,3.3,4.0
2015,2016-03-20,NAP,GEN,1,0,1,3.0,0.0,1.29,5.5,11.0
2015,2016-03-20,SAM,CHI,3,0,1,3.0,0.0,1.91,3.3,4.5
2015,2016-03-20,SAS,UDI,3,0,1,3.0,0.0,1.91,3.4,4.33
2015,2016-03-20,TOR,JUV,1,0,1,3.0,0.0,4.75,3.1,1.95
2015,2016-03-20,VER,CARP,1,0,1,3.0,0.0,2.15,3.25,3.6
2015,2016-03-19,EMP,PAL,0,1,-1,0.0,3.0,1.7,3.75,5.0
2015,2016-03-19,ROM,INT,1,0,1,3.0,0.0,1.73,3.75,5.0
2015,2016-03-13,CARP,FRO,1,0,1,3.0,0.0,1.95,3.3,4.33
2015,2016-03-13,CHI,MIL,3,2,1,3.0,0.0,4.0,3.25,2.05
2015,2016-03-13,FIO,VER,1,0,1,3.0,0.0,1.3,5.25,11.0
2015,2016-03-13,GEN,TOR,0,1,-1,0.0,3.0,2.6,3.0,3.0
2015,2016-03-13,LAZ,ATA,0,1,-1,0.0,3.0,1.62,3.75,6.0
2015,2016-03-13,PAL,NAP,1,2,-1,0.0,3.0,11.0,5.25,1.3
2015,2016-03-13,UDI,ROM,1,0,1,3.0,0.0,4.5,3.5,1.85
2015,2016-03-12,EMP,SAM,1,1,0,1.0,1.0,2.2,3.25,3.5
2015,2016-03-12,INT,BOLG,2,1,1,3.0,0.0,1.55,4.0,6.5
2015,2016-03-11,JUV,SAS,1,1,0,1.0,1.0,1.3,5.0,12.0
2015,2016-03-06,ATA,JUV,0,1,-1,0.0,3.0,7.5,3.8,1.53
2015,2016-03-06,BOLG,CARP,2,0,1,3.0,0.0,1.95,3.2,4.5
2015,2016-03-06,FRO,UDI,2,3,-1,0.0,3.0,3.4,3.3,2.2
2015,2016-03-06,GEN,EMP,4,0,1,3.0,0.0,2.0,3.3,4.0
2015,2016-03-06,INT,PAL,3,0,1,3.0,0.0,1.29,5.5,11.0
2015,2016-03-06,SAS,MIL,1,1,0,1.0,1.0,3.0,3.25,2.45
2015,2016-03-06,TOR,LAZ,0,1,-1,0.0,3.0,2.3,3.1,3.4
2015,2016-03-05,NAP,CHI,3,0,1,3.0,0.0,1.17,7.5,17.0
2015,2016-03-05,VER,SAM,1,2,-1,0.0,3.0,2.5,3.3,2.9
2015,2016-03-04,ROM,FIO,1,3,-1,0.0,3.0,2.05,3.4,3.75
2015,2016-02-29,FIO,NAP,5,0,1,3.0,0.0,3.2,3.3,2.25
2015,2016-02-29,LAZ,SAS,1,0,1,3.0,0.0,1.65,3.75,5.25
2015,2016-02-28,CARP,ATA,4,0,1,3.0,0.0,2.3,3.1,3.3
2015,2016-02-28,CHI,GEN,1,1,0,1.0,1.0,3.0,3.0,2.5
2015,2016-02-28,JUV,INT,2,1,1,3.0,0.0,1.57,3.8,6.0
2015,2016-02-28,PAL,BOLG,0,2,-1,0.0,3.0,2.63,3.2,2.7
2015,2016-02-28,SAM,FRO,2,1,1,3.0,0.0,1.62,3.75,5.5
2015,2016-02-28,UDI,VER,2,0,1,3.0,0.0,1.95,3.5,3.8
2015,2016-02-27,EMP,ROM,0,0,0,1.0,1.0,4.5,3.5,1.8
2015,2016-02-27,MIL,TOR,1,0,1,3.0,0.0,1.73,3.5,5.0
2015,2016-02-22,NAP,MIL,0,1,-1,0.0,3.0,1.57,4.0,6.0
2015,2016-02-21,ATA,FIO,2,1,1,3.0,0.0,3.75,3.3,2.1
2015,2016-02-21,FRO,LAZ,3,1,1,3.0,0.0,5.5,3.6,1.7
2015,2016-02-21,GEN,UDI,1,0,1,3.0,0.0,1.95,3.3,4.2
2015,2016-02-21,ROM,PAL,2,1,1,3.0,0.0,1.29,5.5,10.5
2015,2016-02-21,SAS,EMP,0,0,0,1.0,1.0,2.0,3.2,4.2
2015,2016-02-21,TOR,CARP,0,1,-1,0.0,3.0,1.53,3.8,6.5
2015,2016-02-20,INT,SAM,0,2,-1,0.0,3.0,1.55,4.0,6.5
2015,2016-02-20,VER,CHI,1,3,-1,0.0,3.0,2.38,3.2,3.2
2015,2016-02-19,BOLG,JUV,1,1,0,1.0,1.0,7.5,3.6,1.57
2015,2016-02-14,FIO,INT,3,0,1,3.0,0.0,2.25,3.2,3.4
2015,2016-02-14,MIL,GEN,3,0,1,3.0,0.0,1.62,3.8,6.0
2015,2016-02-14,PAL,TOR,1,2,-1,0.0,3.0,3.2,3.2,2.38
2015,2016-02-14,SAM,ATA,0,0,0,1.0,1.0,2.1,3.25,3.75
2015,2016-02-14,UDI,BOLG,1,0,1,3.0,0.0,2.1,3.2,3.8
2015,2016-02-13,CHI,SAS,1,2,-1,0.0,3.0,2.7,3.0,2.9
2015,2016-02-13,EMP,FRO,0,1,-1,0.0,3.0,1.53,4.2,6.0
2015,2016-02-13,JUV,NAP,2,2,0,1.0,1.0,2.05,3.3,3.8
2015,2016-02-12,CARP,ROM,4,2,1,3.0,0.0,4.33,3.6,1.83
2015,2016-02-11,LAZ,VER,0,0,0,1.0,1.0,1.5,4.33,6.0
2015,2016-02-07,ATA,EMP,2,0,1,3.0,0.0,2.38,3.2,3.2
2015,2016-02-07,FRO,JUV,1,2,-1,0.0,3.0,13.0,6.5,1.22
2015,2016-02-07,MIL,UDI,1,1,0,1.0,1.0,1.55,3.8,7.0
2015,2016-02-07,NAP,CARP,1,0,1,3.0,0.0,1.14,8.0,21.0
2015,2016-02-07,ROM,SAM,0,4,-1,0.0,3.0,1.44,4.33,8.0
2015,2016-02-07,SAS,PAL,1,1,0,1.0,1.0,1.85,3.5,4.5
2015,2016-02-07,TOR,CHI,0,0,0,1.0,1.0,1.67,3.75,5.75
2015,2016-02-07,VER,INT,0,0,0,1.0,1.0,4.33,3.75,1.83
2015,2016-02-06,BOLG,FIO,2,0,1,3.0,0.0,3.6,3.4,2.1
2015,2016-02-06,GEN,LAZ,1,1,0,1.0,1.0,2.63,3.2,2.8
2015,2016-02-03,EMP,UDI,1,0,1,3.0,0.0,2.1,3.3,3.75
2015,2016-02-03,FIO,CARP,0,0,0,1.0,1.0,1.4,4.5,9.0
2015,2016-02-03,FRO,BOLG,1,1,0,1.0,1.0,3.1,3.25,2.4
2015,2016-02-03,INT,CHI,1,0,1,3.0,0.0,1.57,3.8,6.5
2015,2016-02-03,JUV,GEN,0,1,-1,0.0,3.0,1.22,6.0,15.0
2015,2016-02-03,LAZ,NAP,0,1,-1,0.0,3.0,4.0,3.6,1.91
2015,2016-02-03,PAL,MIL,3,2,1,3.0,0.0,4.0,3.6,1.91
2015,2016-02-03,SAM,TOR,1,1,0,1.0,1.0,2.75,3.2,2.7
2015,2016-02-03,VER,ATA,5,2,1,3.0,0.0,2.4,3.3,3.0
2015,2016-02-02,SAS,ROM,2,1,1,3.0,0.0,3.1,3.25,2.38
2015,2016-01-31,BOLG,SAM,3,0,1,3.0,0.0,2.05,3.3,3.8
2015,2016-01-31,CHI,JUV,2,1,1,3.0,0.0,7.5,3.8,1.53
2015,2016-01-31,GEN,FIO,1,0,1,3.0,0.0,3.1,3.4,2.3
2015,2016-01-31,MIL,INT,2,0,1,3.0,0.0,2.3,3.3,3.2
2015,2016-01-31,NAP,EMP,2,3,-1,0.0,3.0,1.25,6.0,12.0
2015,2016-01-31,TOR,VER,1,0,1,3.0,0.0,1.5,4.0,7.5
2015,2016-01-31,UDI,LAZ,1,1,0,1.0,1.0,3.3,3.3,2.25
2015,2016-01-30,ATA,SAS,0,2,-1,0.0,3.0,2.5,3.2,3.0
2015,2016-01-30,CARP,PAL,2,0,1,3.0,0.0,2.15,3.2,3.75
2015,2016-01-30,ROM,FRO,1,1,0,1.0,1.0,1.22,6.0,15.0
2015,2016-01-24,FIO,TOR,1,4,-1,0.0,3.0,1.8,3.5,4.75
2015,2016-01-24,INT,CARP,1,0,1,3.0,0.0,1.36,4.75,9.5
2015,2016-01-24,JUV,ROM,1,1,0,1.0,1.0,1.62,3.8,6.0
2015,2016-01-24,LAZ,CHI,1,0,1,3.0,0.0,1.67,3.6,5.75
2015,2016-01-24,PAL,UDI,0,2,-1,0.0,3.0,2.8,3.1,2.7
2015,2016-01-24,SAM,NAP,0,0,0,1.0,1.0,6.5,4.33,1.5
2015,2016-01-24,SAS,BOLG,5,1,1,3.0,0.0,1.8,3.5,4.75
2015,2016-01-24,VER,GEN,1,0,1,3.0,0.0,2.9,3.25,2.5
2015,2016-01-23,EMP,MIL,1,1,0,1.0,1.0,3.1,3.25,2.4
2015,2016-01-23,FRO,ATA,0,2,-1,0.0,3.0,3.5,3.4,2.1
2015,2016-01-20,SAS,TOR,0,0,0,1.0,1.0,2.5,3.1,3.1
2015,2016-01-17,BOLG,LAZ,2,1,1,3.0,0.0,3.75,3.3,2.1
2015,2016-01-17,CARP,SAM,2,0,1,3.0,0.0,2.6,3.25,2.8
2015,2016-01-17,CHI,EMP,1,0,1,3.0,0.0,2.5,3.2,3.0
2015,2016-01-17,GEN,PAL,0,1,-1,0.0,3.0,1.8,3.5,4.75
2015,2016-01-17,MIL,FIO,1,2,-1,0.0,3.0,2.4,3.2,3.1
2015,2016-01-17,ROM,VER,4,1,1,3.0,0.0,1.33,5.25,9.5
2015,2016-01-17,UDI,JUV,2,0,1,3.0,0.0,6.5,3.75,1.57
2015,2016-01-16,ATA,INT,2,0,1,3.0,0.0,3.75,3.4,2.05
2015,2016-01-16,NAP,SAS,1,0,1,3.0,0.0,1.29,5.75,10.0
2015,2016-01-16,TOR,FRO,1,1,0,1.0,1.0,1.3,5.5,10.0
2015,2016-01-10,ATA,GEN,1,2,-1,0.0,3.0,2.38,3.1,3.3
2015,2016-01-10,BOLG,CHI,3,1,1,3.0,0.0,2.3,3.1,3.4
2015,2016-01-10,FRO,NAP,1,1,0,1.0,1.0,13.0,6.5,1.22
2015,2016-01-10,INT,SAS,1,0,1,3.0,0.0,1.57,4.0,6.5
2015,2016-01-10,SAM,JUV,1,1,0,1.0,1.0,7.5,4.0,1.5
2015,2016-01-10,TOR,EMP,0,1,-1,0.0,3.0,1.95,3.3,4.33
2015,2016-01-10,VER,PAL,1,2,-1,0.0,3.0,2.2,3.3,3.4
2015,2016-01-09,CARP,UDI,3,2,1,3.0,0.0,3.1,3.1,2.5
2015,2016-01-09,FIO,LAZ,0,2,-1,0.0,3.0,1.8,3.5,4.75
2015,2016-01-09,ROM,MIL,2,0,1,3.0,0.0,2.0,3.5,3.8
2015,2016-01-06,CHI,ROM,1,1,0,1.0,1.0,3.4,3.3,2.2
2015,2016-01-06,EMP,INT,1,2,-1,0.0,3.0,3.4,3.2,2.25
2015,2016-01-06,JUV,VER,1,0,1,3.0,0.0,1.17,7.0,19.0
2015,2016-01-06,LAZ,CARP,2,2,0,1.0,1.0,1.4,4.75,8.0
2015,2016-01-06,MIL,BOLG,2,1,1,3.0,0.0,1.5,4.2,7.0
2015,2016-01-06,NAP,TOR,2,0,1,3.0,0.0,1.36,5.0,9.0
2015,2016-01-06,PAL,FIO,2,3,-1,0.0,3.0,4.33,3.6,1.83
2015,2016-01-06,SAS,FRO,2,0,1,3.0,0.0,1.53,4.0,7.0
2015,2016-01-06,UDI,ATA,3,0,1,3.0,0.0,2.2,3.25,3.5
2015,2016-01-05,GEN,SAM,1,1,0,1.0,1.0,2.25,3.2,3.4
2015,2015-12-20,ATA,NAP,0,0,0,1.0,1.0,6.0,3.8,1.62
2015,2015-12-20,CARP,JUV,1,0,1,3.0,0.0,11.0,4.5,1.36
2015,2015-12-20,FIO,CHI,1,1,0,1.0,1.0,1.44,4.33,8.0
2015,2015-12-20,FRO,MIL,2,2,0,1.0,1.0,5.5,3.8,1.67
2015,2015-12-20,INT,LAZ,3,3,0,1.0,1.0,1.75,3.6,5.0
2015,2015-12-20,ROM,GEN,1,0,1,3.0,0.0,1.5,4.33,6.5
2015,2015-12-20,SAM,PAL,2,3,-1,0.0,3.0,2.15,3.3,3.5
2015,2015-12-20,TOR,UDI,2,1,1,3.0,0.0,1.67,3.75,5.5
2015,2015-12-20,VER,SAS,2,1,1,3.0,0.0,2.7,3.3,2.63
2015,2015-12-19,BOLG,EMP,1,0,1,3.0,0.0,2.5,3.1,3.1
2015,2015-12-14,LAZ,SAM,2,1,1,3.0,0.0,1.45,4.2,8.0
2015,2015-12-13,CHI,ATA,1,0,1,3.0,0.0,2.4,3.1,3.2
2015,2015-12-13,EMP,CARP,1,1,0,1.0,1.0,1.67,3.75,5.5
2015,2015-12-13,JUV,FIO,3,3,0,1.0,1.0,1.67,3.75,5.5
2015,2015-12-13,MIL,VER,1,0,1,3.0,0.0,1.36,4.75,9.0
2015,2015-12-13,NAP,ROM,1,0,1,3.0,0.0,1.57,4.33,5.5
2015,2015-12-12,GEN,BOLG,2,1,1,3.0,0.0,1.91,3.4,4.33
2015,2015-12-12,PAL,FRO,0,1,-1,0.0,3.0,1.7,3.8,5.0
2015,2015-12-12,UDI,INT,3,0,1,3.0,0.0,4.0,3.3,2.0
2015,2015-12-06,ATA,PAL,3,0,1,3.0,0.0,1.83,3.5,4.5
2015,2015-12-06,BOLG,NAP,1,1,0,1.0,1.0,8.0,4.33,1.44
2015,2015-12-06,CARP,MIL,0,0,0,1.0,1.0,5.0,3.6,1.75
2015,2015-12-06,FIO,UDI,1,0,1,3.0,0.0,1.44,4.5,7.5
2015,2015-12-06,FRO,CHI,2,0,1,3.0,0.0,3.1,3.2,2.4
2015,2015-12-06,SAM,SAS,0,1,-1,0.0,3.0,2.38,3.2,3.2
2015,2015-12-06,VER,EMP,2,1,1,3.0,0.0,3.0,3.1,2.5
2015,2015-12-05,INT,GEN,1,2,-1,0.0,3.0,1.62,4.0,5.5
2015,2015-12-05,TOR,ROM,0,2,-1,0.0,3.0,2.75,3.1,2.7
2015,2015-12-04,LAZ,JUV,1,3,-1,0.0,3.0,3.6,3.25,2.15
2015,2015-11-30,NAP,INT,1,3,-1,0.0,3.0,1.67,3.75,5.5
2015,2015-11-30,SAS,FIO,3,0,1,3.0,0.0,3.75,3.3,2.1
2015,2015-11-29,CHI,UDI,1,0,1,3.0,0.0,2.1,3.2,3.8
2015,2015-11-29,EMP,LAZ,0,1,-1,0.0,3.0,2.9,3.3,2.5
2015,2015-11-29,FRO,VER,1,1,0,1.0,1.0,2.6,3.2,2.8
2015,2015-11-29,GEN,CARP,1,0,1,3.0,0.0,1.62,3.8,6.0
2015,2015-11-29,PAL,JUV,0,0,0,1.0,1.0,7.0,3.75,1.57
2015,2015-11-29,ROM,ATA,1,0,1,3.0,0.0,1.5,4.33,6.5
2015,2015-11-28,MIL,SAM,3,2,1,3.0,0.0,1.57,4.0,6.0
2015,2015-11-28,TOR,BOLG,5,0,1,3.0,0.0,1.62,3.8,6.0
2015,2015-11-22,ATA,TOR,0,0,0,1.0,1.0,2.6,3.2,2.88
2015,2015-11-22,CARP,CHI,1,3,-1,0.0,3.0,2.8,3.0,2.75
2015,2015-11-22,FIO,EMP,2,3,-1,0.0,3.0,1.5,4.2,7.0
2015,2015-11-22,GEN,SAS,3,1,1,3.0,0.0,2.05,3.3,3.8
2015,2015-11-22,INT,FRO,1,0,1,3.0,0.0,1.2,6.5,17.0
2015,2015-11-22,LAZ,PAL,2,1,1,3.0,0.0,1.45,4.33,7.5
2015,2015-11-22,UDI,SAM,0,3,-1,0.0,3.0,2.15,3.3,3.6
2015,2015-11-22,VER,NAP,2,3,-1,0.0,3.0,8.0,4.75,1.4
2015,2015-11-21,BOLG,ROM,1,2,-1,0.0,3.0,5.0,3.6,1.75
2015,2015-11-21,JUV,MIL,2,0,1,3.0,0.0,1.62,3.6,6.5
2015,2015-11-08,EMP,JUV,1,0,1,3.0,0.0,5.25,3.5,1.75
2015,2015-11-08,FRO,GEN,0,1,-1,0.0,3.0,3.4,3.3,2.2
2015,2015-11-08,NAP,UDI,3,4,-1,0.0,3.0,1.22,6.5,13.0
2015,2015-11-08,PAL,CHI,0,1,-1,0.0,3.0,2.3,3.2,3.3
2015,2015-11-08,ROM,LAZ,0,0,0,1.0,1.0,1.91,3.5,4.2
2015,2015-11-08,SAM,FIO,3,3,0,1.0,1.0,3.75,3.4,2.05
2015,2015-11-08,SAS,CARP,4,1,1,3.0,0.0,1.73,3.6,5.25
2015,2015-11-08,TOR,INT,2,1,1,3.0,0.0,2.75,3.2,2.7
2015,2015-11-07,MIL,ATA,2,0,1,3.0,0.0,1.67,3.75,5.5
2015,2015-11-07,VER,BOLG,0,4,-1,0.0,3.0,2.2,3.3,3.4
2015,2015-11-02,CHI,SAM,1,3,-1,0.0,3.0,2.05,3.3,3.8
2015,2015-11-02,PAL,EMP,0,2,-1,0.0,3.0,2.25,3.2,3.4
2015,2015-11-01,BOLG,ATA,3,0,1,3.0,0.0,2.9,3.1,2.6
2015,2015-11-01,CARP,VER,1,2,-1,0.0,3.0,2.3,3.25,3.25
2015,2015-11-01,FIO,FRO,0,0,0,1.0,1.0,1.22,6.0,15.0
2015,2015-11-01,GEN,NAP,1,0,1,3.0,0.0,4.5,3.6,1.83
2015,2015-11-01,LAZ,MIL,0,0,0,1.0,1.0,2.0,3.3,4.0
2015,2015-11-01,UDI,SAS,0,4,-1,0.0,3.0,2.25,3.3,3.3
2015,2015-10-31,INT,ROM,0,0,0,1.0,1.0,2.9,3.3,2.5
2015,2015-10-31,JUV,TOR,2,2,0,1.0,1.0,1.57,3.8,6.5
2015,2015-10-29,SAM,EMP,1,1,0,1.0,1.0,2.2,3.25,3.3
2015,2015-10-28,ATA,LAZ,1,4,-1,0.0,3.0,2.9,3.3,2.38
2015,2015-10-28,FRO,CARP,3,0,1,3.0,0.0,2.2,3.4,3.2
2015,2015-10-28,MIL,CHI,1,2,-1,0.0,3.0,1.67,3.6,5.5
2015,2015-10-28,NAP,PAL,3,0,1,3.0,0.0,1.29,5.5,10.0
2015,2015-10-28,ROM,UDI,4,2,1,3.0,0.0,1.4,4.33,8.0
2015,2015-10-28,SAS,JUV,1,1,0,1.0,1.0,4.75,3.6,1.75
2015,2015-10-28,TOR,GEN,1,2,-1,0.0,3.0,2.0,3.3,3.75
2015,2015-10-28,VER,FIO,1,2,-1,0.0,3.0,4.2,3.5,1.85
2015,2015-10-27,BOLG,INT,3,1,1,3.0,0.0,5.0,3.5,1.75
2015,2015-10-25,CHI,NAP,0,1,-1,0.0,3.0,4.5,3.6,1.83
2015,2015-10-25,FIO,ROM,1,0,1,3.0,0.0,2.5,3.4,2.8
2015,2015-10-25,JUV,ATA,2,1,1,3.0,0.0,1.33,5.0,10.0
2015,2015-10-25,LAZ,TOR,0,1,-1,0.0,3.0,1.91,3.5,4.2
2015,2015-10-25,MIL,SAS,0,3,-1,0.0,3.0,1.75,3.6,5.0
2015,2015-10-25,SAM,VER,2,0,1,3.0,0.0,2.0,3.3,4.0
2015,2015-10-25,UDI,FRO,3,0,1,3.0,0.0,1.67,3.75,5.5
2015,2015-10-24,CARP,BOLG,0,1,-1,0.0,3.0,2.1,3.2,3.8
2015,2015-10-24,EMP,GEN,0,2,-1,0.0,3.0,2.4,3.2,3.1
2015,2015-10-24,PAL,INT,4,2,1,3.0,0.0,4.0,3.3,2.0
2015,2015-10-18,ATA,CARP,1,0,1,3.0,0.0,1.75,3.6,5.0
2015,2015-10-18,BOLG,PAL,1,0,1,3.0,0.0,2.5,3.2,3.0
2015,2015-10-18,FRO,SAM,3,0,1,3.0,0.0,3.1,3.2,2.4
2015,2015-10-18,GEN,CHI,1,2,-1,0.0,3.0,2.05,3.3,3.8
2015,2015-10-18,INT,JUV,2,3,-1,0.0,3.0,2.63,3.2,2.8
2015,2015-10-18,NAP,FIO,5,1,1,3.0,0.0,1.73,3.75,5.0
2015,2015-10-18,SAS,LAZ,3,3,0,1.0,1.0,3.0,3.2,2.45
2015,2015-10-18,VER,UDI,3,3,0,1.0,1.0,2.3,3.3,3.2
2015,2015-10-17,ROM,EMP,2,0,1,3.0,0.0,1.4,4.75,8.0
2015,2015-10-17,TOR,MIL,3,0,1,3.0,0.0,2.35,3.2,3.2
2015,2015-10-04,EMP,SAS,3,1,1,3.0,0.0,2.4,3.2,3.1
2015,2015-10-04,FIO,ATA,1,2,-1,0.0,3.0,1.67,3.6,5.75
2015,2015-10-04,JUV,BOLG,1,0,1,3.0,0.0,1.22,6.0,16.0
2015,2015-10-04,LAZ,FRO,2,0,1,3.0,0.0,1.29,5.5,11.0
2015,2015-10-04,MIL,NAP,3,3,0,1.0,1.0,3.0,3.4,2.38
2015,2015-10-04,PAL,ROM,1,1,0,1.0,1.0,4.0,3.5,1.95
2015,2015-10-04,SAM,INT,0,2,-1,0.0,3.0,4.0,3.5,1.95
2015,2015-10-04,UDI,GEN,1,0,1,3.0,0.0,2.5,3.1,3.1
2015,2015-10-03,CARP,TOR,3,1,1,3.0,0.0,3.5,3.2,2.2
2015,2015-10-03,CHI,VER,2,1,1,3.0,0.0,2.1,3.3,3.75
2015,2015-09-28,ATA,SAM,4,1,1,3.0,0.0,2.1,3.4,3.6
2015,2015-09-28,FRO,EMP,2,0,1,3.0,0.0,3.0,3.3,2.4
2015,2015-09-27,BOLG,UDI,2,1,1,3.0,0.0,2.4,3.1,3.2
2015,2015-09-27,GEN,MIL,2,2,0,1.0,1.0,3.3,3.2,2.3
2015,2015-09-27,INT,FIO,2,1,1,3.0,0.0,1.8,3.6,4.5
2015,2015-09-27,SAS,CHI,3,2,1,3.0,0.0,2.2,3.2,3.5
2015,2015-09-27,TOR,PAL,2,3,-1,0.0,3.0,1.75,3.6,5.0
2015,2015-09-27,VER,LAZ,0,1,-1,0.0,3.0,3.75,3.4,2.05
2015,2015-09-26,NAP,JUV,0,2,-1,0.0,3.0,2.2,3.3,3.4
2015,2015-09-26,ROM,CARP,1,2,-1,0.0,3.0,1.25,6.0,12.0
2015,2015-09-24,EMP,ATA,0,1,-1,0.0,3.0,2.15,3.3,3.5
2015,2015-09-23,CARP,NAP,0,1,-1,0.0,3.0,6.5,4.0,1.55
2015,2015-09-23,CHI,TOR,1,1,0,1.0,1.0,2.8,3.25,2.6
2015,2015-09-23,FIO,BOLG,1,2,-1,0.0,3.0,1.5,4.0,7.5
2015,2015-09-23,INT,VER,0,1,-1,0.0,3.0,1.33,5.0,10.0
2015,2015-09-23,JUV,FRO,1,0,1,3.0,0.0,1.17,7.0,19.0
2015,2015-09-23,LAZ,GEN,3,4,-1,0.0,3.0,1.75,3.75,4.75
2015,2015-09-23,PAL,SAS,1,0,1,3.0,0.0,2.15,3.4,3.4
2015,2015-09-23,SAM,ROM,2,4,-1,0.0,3.0,4.5,3.6,1.83
2015,2015-09-22,UDI,MIL,1,2,-1,0.0,3.0,3.3,3.3,2.25
2015,2015-09-20,ATA,VER,0,0,0,1.0,1.0,2.0,3.5,3.75
2015,2015-09-20,BOLG,FRO,0,1,-1,0.0,3.0,1.95,3.4,4.0
2015,2015-09-20,CARP,FIO,2,1,1,3.0,0.0,4.33,3.4,1.91
2015,2015-09-20,CHI,INT,0,0,0,1.0,1.0,3.75,3.3,2.1
2015,2015-09-20,GEN,JUV,1,1,0,1.0,1.0,4.5,3.5,1.83
2015,2015-09-20,NAP,LAZ,1,1,0,1.0,1.0,1.91,3.6,4.0
2015,2015-09-20,ROM,SAS,1,2,-1,0.0,3.0,1.4,4.5,8.5
2015,2015-09-20,TOR,SAM,2,0,1,3.0,0.0,1.83,3.6,4.33
2015,2015-09-19,MIL,PAL,3,1,1,3.0,0.0,1.73,3.75,5.0
2015,2015-09-19,UDI,EMP,1,2,-1,0.0,3.0,2.25,3.3,3.3
2015,2015-09-14,SAM,BOLG,4,0,1,3.0,0.0,1.83,3.6,4.5
2015,2015-09-13,EMP,NAP,0,2,-1,0.0,3.0,5.0,3.6,1.75
2015,2015-09-13,INT,MIL,1,2,-1,0.0,3.0,2.2,3.3,3.4
2015,2015-09-13,LAZ,UDI,1,4,-1,0.0,3.0,1.62,3.75,6.0
2015,2015-09-13,PAL,CARP,0,3,-1,0.0,3.0,1.53,4.0,7.0
2015,2015-09-13,SAS,ATA,2,4,-1,0.0,3.0,2.2,3.3,3.4
2015,2015-09-13,VER,TOR,0,1,-1,0.0,3.0,3.2,3.3,2.3
2015,2015-09-12,FIO,GEN,0,2,-1,0.0,3.0,1.67,3.75,5.5
2015,2015-09-12,FRO,ROM,1,1,0,1.0,1.0,9.5,4.75,1.36
2015,2015-09-12,JUV,CHI,0,1,-1,0.0,3.0,1.4,4.5,9.0
2015,2015-08-30,ATA,FRO,2,0,1,3.0,0.0,1.75,3.5,5.25
2015,2015-08-30,CARP,INT,2,0,1,3.0,0.0,4.5,3.5,1.85
2015,2015-08-30,CHI,LAZ,4,2,1,3.0,0.0,3.4,3.3,2.2
2015,2015-08-30,GEN,VER,0,1,-1,0.0,3.0,2.0,3.5,3.8
2015,2015-08-30,NAP,SAM,2,2,0,1.0,1.0,1.44,4.5,7.5
2015,2015-08-30,ROM,JUV,4,1,1,3.0,0.0,2.6,3.2,2.8
2015,2015-08-30,TOR,FIO,1,0,1,3.0,0.0,2.5,3.2,3.0
2015,2015-08-30,UDI,PAL,1,4,-1,0.0,3.0,2.15,3.3,3.6
2015,2015-08-29,BOLG,SAS,4,1,1,3.0,0.0,2.25,3.3,3.3
2015,2015-08-29,MIL,EMP,0,1,-1,0.0,3.0,1.5,4.2,7.0
2015,2015-08-23,EMP,CHI,1,2,-1,0.0,3.0,2.15,3.25,3.6
2015,2015-08-23,FIO,MIL,2,1,1,3.0,0.0,2.15,3.4,3.5
2015,2015-08-23,FRO,TOR,1,1,0,1.0,1.0,3.5,3.25,2.2
2015,2015-08-23,INT,ATA,2,1,1,3.0,0.0,1.45,4.33,7.5
2015,2015-08-23,JUV,UDI,2,3,-1,0.0,3.0,1.29,5.5,11.0
2015,2015-08-23,PAL,GEN,1,0,1,3.0,0.0,2.2,3.4,3.3
2015,2015-08-23,SAM,CARP,0,1,-1,0.0,3.0,1.8,3.5,4.75
2015,2015-08-23,SAS,NAP,1,1,0,1.0,1.0,4.33,3.75,1.8
2015,2015-08-22,LAZ,BOLG,0,3,-1,0.0,3.0,1.5,4.2,7.0
2015,2015-08-22,VER,ROM,2,0,1,3.0,0.0,5.5,3.75,1.67
2014,2015-05-31,CAG,UDI,1,1,0,1.0,1.0,2.25,3.5,3.1
2014,2015-05-31,FIO,CHI,3,2,1,3.0,0.0,1.4,5.0,7.5
2014,2015-05-31,INT,EMP,2,1,1,3.0,0.0,1.53,4.33,6.0
2014,2015-05-31,NAP,LAZ,4,0,1,3.0,0.0,2.1,3.5,3.5
2014,2015-05-31,ROM,PAL,2,1,1,3.0,0.0,1.4,5.0,7.5
2014,2015-05-31,SAM,PAR,1,0,1,3.0,0.0,1.36,5.25,8.0
2014,2015-05-31,SAS,GEN,1,2,-1,0.0,3.0,2.9,3.5,2.4
2014,2015-05-31,TOR,CES,2,3,-1,0.0,3.0,1.36,5.0,8.5
2014,2015-05-30,ATA,MIL,2,0,1,3.0,0.0,2.75,3.5,2.5
2014,2015-05-30,VER,JUV,0,2,-1,0.0,3.0,5.0,3.75,1.7
2014,2015-05-25,LAZ,ROM,1,0,1,3.0,0.0,2.4,3.3,3.0
2014,2015-05-24,CES,CAG,1,2,-1,0.0,3.0,2.55,3.5,2.7
2014,2015-05-24,CHI,ATA,2,0,1,3.0,0.0,2.1,3.4,3.5
2014,2015-05-24,EMP,SAM,3,4,-1,0.0,3.0,2.4,3.4,2.9
2014,2015-05-24,MIL,TOR,2,0,1,3.0,0.0,2.5,3.3,2.88
2014,2015-05-24,PAL,FIO,2,1,1,3.0,0.0,3.4,3.5,2.15
2014,2015-05-24,PAR,VER,0,2,-1,0.0,3.0,2.63,3.5,2.63
2014,2015-05-24,UDI,SAS,4,1,1,3.0,0.0,2.05,3.5,3.6
2014,2015-05-23,GEN,INT,0,0,0,1.0,1.0,2.55,3.5,2.7
2014,2015-05-23,JUV,NAP,1,2,-1,0.0,3.0,3.0,3.3,2.4
2014,2015-05-18,FIO,PAR,0,0,0,1.0,1.0,1.22,6.5,13.0
2014,2015-05-18,NAP,CES,3,3,0,1.0,1.0,1.18,7.0,17.0
2014,2015-05-17,ATA,GEN,3,0,1,3.0,0.0,2.55,3.3,2.8
2014,2015-05-17,CAG,PAL,3,1,1,3.0,0.0,2.05,3.6,3.5
2014,2015-05-17,ROM,UDI,1,1,0,1.0,1.0,1.3,5.5,10.0
2014,2015-05-17,SAS,MIL,4,0,1,3.0,0.0,3.25,3.4,2.2
2014,2015-05-17,TOR,CHI,4,3,1,3.0,0.0,1.7,3.6,5.5
2014,2015-05-17,VER,EMP,3,1,1,3.0,0.0,2.6,3.3,2.75
2014,2015-05-16,INT,JUV,1,0,1,3.0,0.0,2.25,3.3,3.3
2014,2015-05-16,SAM,LAZ,1,0,1,3.0,0.0,3.25,3.25,2.25
2014,2015-05-11,GEN,TOR,2,2,0,1.0,1.0,2.4,3.3,3.0
2014,2015-05-10,CES,SAS,4,1,1,3.0,0.0,2.55,3.4,2.75
2014,2015-05-10,CHI,VER,1,1,0,1.0,1.0,2.25,3.3,3.3
2014,2015-05-10,EMP,FIO,3,0,1,3.0,0.0,2.63,3.3,2.63
2014,2015-05-10,LAZ,INT,1,0,1,3.0,0.0,1.8,3.75,4.33
2014,2015-05-10,PAL,ATA,2,1,1,3.0,0.0,2.15,3.4,3.5
2014,2015-05-10,PAR,NAP,4,4,0,1.0,1.0,9.0,5.25,1.33
2014,2015-05-10,UDI,SAM,3,1,1,3.0,0.0,2.6,3.2,2.75
2014,2015-05-09,JUV,CAG,3,1,1,3.0,0.0,1.53,4.1,6.5
2014,2015-05-09,MIL,ROM,1,1,0,1.0,1.0,3.8,3.5,2.0
2014,2015-05-06,TOR,EMP,2,0,1,3.0,0.0,1.83,3.5,4.5
2014,2015-05-04,CAG,PAR,1,3,-1,0.0,3.0,1.67,3.8,5.25
2014,2015-05-03,ATA,LAZ,0,0,0,1.0,1.0,5.0,3.75,1.73
2014,2015-05-03,FIO,CES,4,2,1,3.0,0.0,1.36,5.0,8.5
2014,2015-05-03,INT,CHI,0,1,-1,0.0,3.0,1.4,4.75,8.0
2014,2015-05-03,NAP,MIL,1,0,1,3.0,0.0,1.5,4.33,6.5
2014,2015-05-03,ROM,GEN,0,0,0,1.0,1.0,1.57,4.0,6.0
2014,2015-05-03,VER,UDI,2,1,1,3.0,0.0,2.1,3.6,3.4
2014,2015-05-02,SAM,JUV,1,0,1,3.0,0.0,3.0,3.3,2.4
2014,2015-05-02,SAS,PAL,0,1,-1,0.0,3.0,2.7,3.25,2.7
2014,2015-04-30,EMP,NAP,2,4,-1,0.0,3.0,4.5,3.6,1.8
2014,2015-04-29,CES,ATA,1,0,1,3.0,0.0,2.88,3.1,2.63
2014,2015-04-29,CHI,CAG,2,1,1,3.0,0.0,2.1,3.5,3.5
2014,2015-04-29,JUV,FIO,1,2,-1,0.0,3.0,1.67,3.75,5.5
2014,2015-04-29,LAZ,PAR,1,1,0,1.0,1.0,1.25,5.5,15.0
2014,2015-04-29,MIL,GEN,1,1,0,1.0,1.0,1.95,3.6,3.8
2014,2015-04-29,PAL,TOR,0,0,0,1.0,1.0,2.6,3.2,2.8
2014,2015-04-29,SAM,VER,2,0,1,3.0,0.0,1.67,3.75,5.5
2014,2015-04-29,SAS,ROM,1,1,0,1.0,1.0,4.33,3.75,1.8
2014,2015-04-28,UDI,INT,1,0,1,3.0,0.0,3.3,3.3,2.25
2014,2015-04-26,ATA,EMP,3,0,1,3.0,0.0,2.5,3.0,3.2
2014,2015-04-26,FIO,CAG,3,4,-1,0.0,3.0,1.44,4.75,7.5
2014,2015-04-26,GEN,CES,0,0,0,1.0,1.0,1.57,4.0,6.0
2014,2015-04-26,LAZ,CHI,0,2,-1,0.0,3.0,1.4,4.75,8.0
2014,2015-04-26,NAP,SAM,4,1,1,3.0,0.0,1.5,4.2,7.0
2014,2015-04-26,PAR,PAL,4,2,1,3.0,0.0,3.3,3.3,2.25
2014,2015-04-26,TOR,JUV,2,3,-1,0.0,3.0,4.33,3.25,1.95
2014,2015-04-26,VER,SAS,1,1,0,1.0,1.0,2.2,3.3,3.4
2014,2015-04-25,INT,ROM,2,2,0,1.0,1.0,2.4,3.25,3.1
2014,2015-04-25,UDI,MIL,1,1,0,1.0,1.0,3.1,3.25,2.38
2014,2015-04-20,FIO,VER,0,0,0,1.0,1.0,1.44,4.5,7.5
2014,2015-04-19,CAG,NAP,1,1,0,1.0,1.0,3.8,3.6,1.95
2014,2015-04-19,CHI,UDI,0,0,0,1.0,1.0,2.25,3.1,3.6
2014,2015-04-19,EMP,PAR,0,2,-1,0.0,3.0,1.53,3.8,6.5
2014,2015-04-19,INT,MIL,2,0,1,3.0,0.0,2.25,3.3,3.3
2014,2015-04-19,PAL,GEN,2,1,1,3.0,0.0,2.2,3.25,3.5
2014,2015-04-19,ROM,ATA,2,2,0,1.0,1.0,1.44,4.5,7.5
2014,2015-04-19,SAS,TOR,1,0,1,3.0,0.0,3.2,3.2,2.38
2014,2015-04-18,JUV,LAZ,2,0,1,3.0,0.0,1.95,3.4,4.33
2014,2015-04-18,SAM,CES,3,3,0,1.0,1.0,1.57,3.8,6.5
2014,2015-04-15,GEN,PAR,1,2,-1,0.0,3.0,1.62,3.8,6.0
2014,2015-04-12,ATA,SAS,3,3,0,1.0,1.0,2.1,3.2,3.6
2014,2015-04-12,CES,CHI,0,0,0,1.0,1.0,2.63,3.0,2.8
2014,2015-04-12,LAZ,EMP,1,1,0,1.0,1.0,1.45,4.2,7.5
2014,2015-04-12,MIL,SAM,1,0,1,3.0,0.0,1.91,3.3,4.2
2014,2015-04-12,NAP,FIO,1,0,1,3.0,0.0,2.0,3.4,3.75
2014,2015-04-12,TOR,ROM,1,0,1,3.0,0.0,2.75,3.2,2.6
2014,2015-04-12,UDI,PAL,1,1,0,1.0,1.0,2.25,3.1,3.4
2014,2015-04-11,GEN,CAG,1,0,1,3.0,0.0,1.91,3.4,4.0
2014,2015-04-11,PAR,JUV,1,0,1,3.0,0.0,9.0,5.0,1.33
2014,2015-04-11,VER,INT,0,1,-1,0.0,3.0,3.4,3.3,2.2
2014,2015-04-08,PAR,UDI,2,1,1,3.0,0.0,4.0,3.2,2.05
2014,2015-04-04,ATA,TOR,4,2,1,3.0,0.0,2.8,3.1,2.7
2014,2015-04-04,CAG,LAZ,3,1,1,3.0,0.0,4.5,3.6,1.83
2014,2015-04-04,FIO,SAM,1,2,-1,0.0,3.0,1.73,3.6,5.25
2014,2015-04-04,GEN,UDI,2,2,0,1.0,1.0,1.95,3.4,4.2
2014,2015-04-04,INT,PAR,1,0,1,3.0,0.0,1.2,6.5,15.0
2014,2015-04-04,JUV,EMP,2,1,1,3.0,0.0,1.36,5.0,8.5
2014,2015-04-04,PAL,MIL,2,1,1,3.0,0.0,2.5,3.2,3.0
2014,2015-04-04,ROM,NAP,1,1,0,1.0,1.0,2.2,3.3,3.4
2014,2015-04-04,SAS,CHI,2,0,1,3.0,0.0,2.15,3.1,3.75
2014,2015-04-04,VER,CES,1,0,1,3.0,0.0,1.91,3.5,4.2
2014,2015-03-22,CES,ROM,2,1,1,3.0,0.0,5.25,3.75,1.67
2014,2015-03-22,EMP,SAS,1,0,1,3.0,0.0,2.0,3.3,4.0
2014,2015-03-22,JUV,GEN,2,0,1,3.0,0.0,1.33,5.0,10.0
2014,2015-03-22,LAZ,VER,1,1,0,1.0,1.0,1.4,4.5,9.0
2014,2015-03-22,NAP,ATA,1,0,1,3.0,0.0,1.44,4.5,7.5
2014,2015-03-22,PAR,TOR,2,0,1,3.0,0.0,4.33,3.4,1.91
2014,2015-03-22,SAM,INT,2,1,1,3.0,0.0,2.63,3.25,2.75
2014,2015-03-22,UDI,FIO,1,1,0,1.0,1.0,3.3,3.3,2.25
2014,2015-03-21,CHI,PAL,4,1,1,3.0,0.0,2.5,3.1,3.0
2014,2015-03-21,MIL,CAG,0,1,-1,0.0,3.0,1.8,3.75,4.33
2014,2015-03-16,FIO,MIL,1,0,1,3.0,0.0,1.91,3.5,4.2
2014,2015-03-16,ROM,SAM,3,0,1,3.0,0.0,1.65,3.6,6.0
2014,2015-03-16,TOR,LAZ,3,1,1,3.0,0.0,3.1,3.1,2.5
2014,2015-03-15,ATA,UDI,1,2,-1,0.0,3.0,2.4,3.1,3.2
2014,2015-03-15,GEN,CHI,0,1,-1,0.0,3.0,1.91,3.4,4.33
2014,2015-03-15,INT,CES,1,0,1,3.0,0.0,1.36,4.75,9.5
2014,2015-03-15,SAS,PAR,2,0,1,3.0,0.0,1.62,3.75,6.25
2014,2015-03-15,VER,NAP,2,1,1,3.0,0.0,4.5,3.5,1.85
2014,2015-03-14,CAG,EMP,4,3,1,3.0,0.0,2.4,3.3,3.0
2014,2015-03-14,PAL,JUV,0,2,-1,0.0,3.0,4.75,3.4,1.8
2014,2015-03-09,JUV,SAS,0,1,-1,0.0,3.0,1.2,6.5,15.0
2014,2015-03-09,LAZ,FIO,2,0,1,3.0,0.0,2.0,3.3,4.0
2014,2015-03-08,CES,PAL,2,0,1,3.0,0.0,3.4,3.25,2.25
2014,2015-03-08,CHI,ROM,3,1,1,3.0,0.0,4.75,3.4,1.85
2014,2015-03-08,EMP,GEN,0,0,0,1.0,1.0,2.15,3.3,3.6
2014,2015-03-08,NAP,INT,2,2,0,1.0,1.0,1.95,3.5,4.0
2014,2015-03-08,PAR,ATA,2,1,1,3.0,0.0,3.75,3.2,2.15
2014,2015-03-08,UDI,TOR,1,1,0,1.0,1.0,2.6,3.0,2.88
2014,2015-03-07,MIL,VER,0,0,0,1.0,1.0,1.55,4.0,6.5
2014,2015-03-07,SAM,CAG,1,2,-1,0.0,3.0,1.85,3.5,4.5
2014,2015-03-02,ROM,JUV,1,0,1,3.0,0.0,3.3,3.3,2.25
2014,2015-03-01,ATA,SAM,3,1,1,3.0,0.0,2.5,3.1,3.0
2014,2015-03-01,CAG,VER,0,1,-1,0.0,3.0,1.95,3.5,4.0
2014,2015-03-01,CES,UDI,4,2,1,3.0,0.0,3.0,3.1,2.5
2014,2015-03-01,INT,FIO,2,2,0,1.0,1.0,2.15,3.4,3.4
2014,2015-03-01,PAL,EMP,1,2,-1,0.0,3.0,2.3,3.1,3.3
2014,2015-03-01,SAS,LAZ,3,1,1,3.0,0.0,3.25,3.25,2.2
2014,2015-03-01,TOR,NAP,1,0,1,3.0,0.0,3.2,3.3,2.3
2014,2015-02-28,CHI,MIL,2,0,1,3.0,0.0,3.0,3.1,2.5
2014,2015-02-24,SAM,GEN,1,3,-1,0.0,3.0,2.38,3.2,3.2
2014,2015-02-23,CAG,INT,1,0,1,3.0,0.0,3.3,3.25,2.3
2014,2015-02-23,NAP,SAS,0,3,-1,0.0,3.0,1.5,4.0,7.5
2014,2015-02-22,EMP,CHI,2,2,0,1.0,1.0,2.0,3.2,4.2
2014,2015-02-22,FIO,TOR,1,1,0,1.0,1.0,1.75,3.6,5.0
2014,2015-02-22,LAZ,PAL,1,2,-1,0.0,3.0,1.6,3.8,6.0
2014,2015-02-22,MIL,CES,1,1,0,1.0,1.0,1.44,4.33,8.0
2014,2015-02-22,VER,ROM,1,2,-1,0.0,3.0,5.0,3.6,1.75
2014,2015-02-20,JUV,ATA,0,1,-1,0.0,3.0,1.17,7.0,19.0
2014,2015-02-15,ATA,INT,1,3,-1,0.0,3.0,3.4,3.25,2.25
2014,2015-02-15,CES,JUV,1,1,0,1.0,1.0,15.0,6.0,1.22
2014,2015-02-15,CHI,SAM,1,2,-1,0.0,3.0,2.63,3.1,2.75
2014,2015-02-15,GEN,VER,3,0,1,3.0,0.0,1.85,3.6,4.33
2014,2015-02-15,MIL,EMP,0,2,-1,0.0,3.0,1.75,3.6,5.0
2014,2015-02-15,ROM,PAR,2,1,1,3.0,0.0,1.29,5.5,11.0
2014,2015-02-15,TOR,CAG,1,2,-1,0.0,3.0,1.73,3.6,5.0
2014,2015-02-15,UDI,LAZ,2,1,1,3.0,0.0,3.1,3.25,2.38
2014,2015-02-14,PAL,NAP,1,3,-1,0.0,3.0,4.0,3.3,2.0
2014,2015-02-14,SAS,FIO,1,0,1,3.0,0.0,3.3,3.3,2.25
2014,2015-02-11,PAR,CHI,4,2,1,3.0,0.0,2.6,3.1,2.9
2014,2015-02-09,LAZ,GEN,1,2,-1,0.0,3.0,1.57,4.0,6.0
2014,2015-02-08,CAG,ROM,1,1,0,1.0,1.0,4.0,3.4,2.0
2014,2015-02-08,EMP,CES,1,2,-1,0.0,3.0,1.53,4.0,7.0
2014,2015-02-08,FIO,ATA,0,0,0,1.0,1.0,1.5,4.2,7.0
2014,2015-02-08,INT,PAL,1,1,0,1.0,1.0,1.8,3.5,4.75
2014,2015-02-08,NAP,UDI,0,1,-1,0.0,3.0,1.36,5.0,8.5
2014,2015-02-08,SAM,SAS,2,0,1,3.0,0.0,1.8,3.5,4.75
2014,2015-02-07,JUV,MIL,3,2,1,3.0,0.0,1.33,5.0,10.0
2014,2015-02-07,VER,TOR,0,0,0,1.0,1.0,3.1,3.1,2.5
2014,2015-02-01,ATA,CAG,2,1,1,3.0,0.0,2.2,3.2,3.5
2014,2015-02-01,CES,LAZ,1,1,0,1.0,1.0,7.5,3.8,1.53
2014,2015-02-01,CHI,NAP,2,2,0,1.0,1.0,5.25,3.6,1.73
2014,2015-02-01,MIL,PAR,3,1,1,3.0,0.0,1.53,4.0,7.0
2014,2015-02-01,PAL,VER,0,0,0,1.0,1.0,1.8,3.5,4.75
2014,2015-02-01,SAS,INT,2,2,0,1.0,1.0,3.1,3.3,2.38
2014,2015-02-01,TOR,SAM,2,1,1,3.0,0.0,2.05,3.1,4.2
2014,2015-02-01,UDI,JUV,2,4,-1,0.0,3.0,8.0,4.33,1.44
2014,2015-01-31,GEN,FIO,1,0,1,3.0,0.0,3.4,3.4,2.15
2014,2015-01-31,ROM,EMP,4,3,1,3.0,0.0,1.44,4.2,8.5
2014,2015-01-26,EMP,UDI,0,1,-1,0.0,3.0,2.0,3.3,3.8
2014,2015-01-26,NAP,GEN,2,0,1,3.0,0.0,1.4,5.0,7.5
2014,2015-01-25,FIO,ROM,0,0,0,1.0,1.0,2.4,3.2,3.1
2014,2015-01-25,INT,TOR,2,0,1,3.0,0.0,1.8,3.5,4.75
2014,2015-01-25,JUV,CHI,1,0,1,3.0,0.0,1.17,7.0,19.0
2014,2015-01-25,PAR,CES,2,2,0,1.0,1.0,1.62,3.6,6.5
2014,2015-01-25,SAM,PAL,2,0,1,3.0,0.0,2.0,3.3,4.0
2014,2015-01-25,VER,ATA,4,3,1,3.0,0.0,2.5,3.2,3.0
2014,2015-01-24,CAG,SAS,1,4,-1,0.0,3.0,2.3,3.25,3.25
2014,2015-01-24,LAZ,MIL,1,0,1,3.0,0.0,1.85,3.4,4.33
2014,2015-01-18,CES,TOR,2,1,1,3.0,0.0,4.75,3.3,1.85
2014,2015-01-18,CHI,FIO,3,1,1,3.0,0.0,4.0,3.3,2.0
2014,2015-01-18,GEN,SAS,2,2,0,1.0,1.0,2.3,3.2,3.3
2014,2015-01-18,JUV,VER,0,2,-1,0.0,3.0,1.18,7.0,17.0
2014,2015-01-18,LAZ,NAP,1,0,1,3.0,0.0,2.5,3.2,3.0
2014,2015-01-18,MIL,ATA,1,2,-1,0.0,3.0,1.53,4.0,7.0
2014,2015-01-18,PAR,SAM,2,1,1,3.0,0.0,2.6,3.1,2.88
2014,2015-01-18,UDI,CAG,0,2,-1,0.0,3.0,2.2,3.3,3.4
2014,2015-01-17,EMP,INT,2,3,-1,0.0,3.0,3.5,3.25,2.2
2014,2015-01-17,PAL,ROM,2,0,1,3.0,0.0,3.6,3.3,2.15
2014,2015-01-11,ATA,CHI,4,2,1,3.0,0.0,2.05,3.2,4.0
2014,2015-01-11,CAG,CES,0,2,-1,0.0,3.0,1.67,3.75,5.5
2014,2015-01-11,FIO,PAL,1,1,0,1.0,1.0,1.73,3.75,4.75
2014,2015-01-11,INT,GEN,1,2,-1,0.0,3.0,1.62,3.8,6.0
2014,2015-01-11,NAP,JUV,0,2,-1,0.0,3.0,2.9,3.25,2.5
2014,2015-01-11,ROM,LAZ,0,0,0,1.0,1.0,2.1,3.3,3.75
2014,2015-01-11,SAM,EMP,0,1,-1,0.0,3.0,1.85,3.4,4.75
2014,2015-01-11,VER,PAR,2,1,1,3.0,0.0,2.38,3.25,3.1
2014,2015-01-10,SAS,UDI,1,2,-1,0.0,3.0,2.05,3.2,4.0
2014,2015-01-10,TOR,MIL,1,1,0,1.0,1.0,2.63,3.2,2.7
2014,2015-01-06,CES,NAP,1,4,-1,0.0,3.0,9.5,4.75,1.36
2014,2015-01-06,CHI,TOR,1,0,1,3.0,0.0,3.1,3.1,2.5
2014,2015-01-06,EMP,VER,1,2,-1,0.0,3.0,1.91,3.5,4.2
2014,2015-01-06,GEN,ATA,0,2,-1,0.0,3.0,1.95,3.3,4.33
2014,2015-01-06,JUV,INT,1,1,0,1.0,1.0,1.44,4.33,8.0
2014,2015-01-06,MIL,SAS,0,2,-1,0.0,3.0,1.62,3.8,6.0
2014,2015-01-06,PAL,CAG,1,0,1,3.0,0.0,1.95,3.5,4.0
2014,2015-01-06,PAR,FIO,0,1,-1,0.0,3.0,4.0,3.5,1.95
2014,2015-01-06,UDI,ROM,1,0,1,3.0,0.0,4.2,3.5,1.91
2014,2015-01-05,LAZ,SAM,1,1,0,1.0,1.0,1.85,3.4,4.33
2014,2014-12-21,ATA,PAL,1,0,1,3.0,0.0,2.3,3.2,3.3
2014,2014-12-21,FIO,EMP,1,3,-1,0.0,3.0,1.45,4.2,8.0
2014,2014-12-21,INT,LAZ,1,2,-1,0.0,3.0,2.15,3.4,3.5
2014,2014-12-21,SAM,UDI,0,0,0,1.0,1.0,1.85,3.5,4.5
2014,2014-12-21,TOR,GEN,7,1,1,3.0,0.0,2.0,3.3,3.8
2014,2014-12-21,VER,CHI,2,1,1,3.0,0.0,2.38,3.2,3.2
2014,2014-12-20,ROM,MIL,2,3,-1,0.0,3.0,1.75,3.8,4.75
2014,2014-12-20,SAS,CES,0,0,0,1.0,1.0,1.53,4.0,7.0
2014,2014-12-18,CAG,JUV,3,0,1,3.0,0.0,8.0,4.5,1.4
2014,2014-12-18,NAP,PAR,1,0,1,3.0,0.0,1.33,5.0,9.0
2014,2014-12-15,CHI,INT,1,1,0,1.0,1.0,4.2,3.4,1.95
2014,2014-12-15,EMP,TOR,0,0,0,1.0,1.0,2.4,3.1,3.2
2014,2014-12-14,CES,FIO,1,1,0,1.0,1.0,7.5,3.8,1.53
2014,2014-12-14,GEN,ROM,2,2,0,1.0,1.0,3.6,3.5,2.05
2014,2014-12-14,JUV,SAM,0,1,-1,0.0,3.0,1.36,4.75,9.0
2014,2014-12-14,MIL,NAP,3,1,1,3.0,0.0,2.8,3.4,2.5
2014,2014-12-14,PAR,CAG,3,3,0,1.0,1.0,2.25,3.5,3.1
2014,2014-12-14,UDI,VER,1,0,1,3.0,0.0,1.95,3.6,3.8
2014,2014-12-13,LAZ,ATA,0,0,0,1.0,1.0,1.57,3.8,6.5
2014,2014-12-13,PAL,SAS,2,0,1,3.0,0.0,2.05,3.5,3.6
2014,2014-12-08,CAG,CHI,4,1,1,3.0,0.0,1.85,3.6,4.33
2014,2014-12-08,VER,SAM,4,1,1,3.0,0.0,2.7,3.25,2.7
2014,2014-12-07,ATA,CES,0,0,0,1.0,1.0,1.62,3.6,6.5
2014,2014-12-07,GEN,MIL,2,0,1,3.0,0.0,3.1,3.25,2.4
2014,2014-12-07,INT,UDI,3,0,1,3.0,0.0,1.5,4.0,7.5
2014,2014-12-07,NAP,EMP,2,1,1,3.0,0.0,1.33,5.0,10.0
2014,2014-12-07,PAR,LAZ,2,2,0,1.0,1.0,3.6,3.4,2.1
2014,2014-12-06,ROM,SAS,0,3,-1,0.0,3.0,1.33,5.25,9.0
2014,2014-12-06,TOR,PAL,2,1,1,3.0,0.0,1.91,3.3,4.5
2014,2014-12-05,FIO,JUV,5,2,1,3.0,0.0,3.8,3.4,2.05
2014,2014-12-01,SAM,NAP,0,0,0,1.0,1.0,3.3,3.4,2.2
2014,2014-11-30,CAG,FIO,3,1,1,3.0,0.0,3.8,3.5,2.0
2014,2014-11-30,CES,GEN,1,0,1,3.0,0.0,3.4,3.2,2.25
2014,2014-11-30,EMP,ATA,1,0,1,3.0,0.0,2.1,3.4,3.6
2014,2014-11-30,JUV,TOR,0,1,-1,0.0,3.0,1.3,5.0,13.0
2014,2014-11-30,MIL,UDI,0,1,-1,0.0,3.0,1.62,3.75,6.0
2014,2014-11-30,PAL,PAR,2,2,0,1.0,1.0,1.85,3.6,4.5
2014,2014-11-30,ROM,INT,0,0,0,1.0,1.0,1.75,3.75,4.75
2014,2014-11-29,CHI,LAZ,2,1,1,3.0,0.0,3.75,3.3,2.1
2014,2014-11-29,SAS,VER,0,2,-1,0.0,3.0,2.0,3.5,3.6
2014,2014-11-24,GEN,PAL,1,0,1,3.0,0.0,2.15,3.3,3.4
2014,2014-11-23,CES,SAM,2,1,1,3.0,0.0,4.0,3.3,1.95
2014,2014-11-23,MIL,INT,1,2,-1,0.0,3.0,2.63,3.2,2.7
2014,2014-11-23,NAP,CAG,0,1,-1,0.0,3.0,1.36,4.75,8.5
2014,2014-11-23,PAR,EMP,0,4,-1,0.0,3.0,2.15,3.4,3.3
2014,2014-11-23,TOR,SAS,1,3,-1,0.0,3.0,1.83,3.5,4.33
2014,2014-11-23,UDI,CHI,1,2,-1,0.0,3.0,1.85,3.4,4.33
2014,2014-11-23,VER,FIO,2,0,1,3.0,0.0,3.4,3.4,2.1
2014,2014-11-22,ATA,ROM,2,0,1,3.0,0.0,4.5,3.4,1.83
2014,2014-11-22,LAZ,JUV,0,1,-1,0.0,3.0,3.75,3.4,2.0
2014,2014-11-09,CAG,GEN,2,0,1,3.0,0.0,2.2,3.4,3.2
2014,2014-11-09,CHI,CES,2,2,0,1.0,1.0,1.85,3.4,4.33
2014,2014-11-09,EMP,LAZ,1,0,1,3.0,0.0,3.75,3.25,2.05
2014,2014-11-09,FIO,NAP,2,0,1,3.0,0.0,2.5,3.3,2.75
2014,2014-11-09,INT,VER,0,0,0,1.0,1.0,1.45,4.5,6.5
2014,2014-11-09,JUV,PAR,1,2,-1,0.0,3.0,1.2,6.0,15.0
2014,2014-11-09,PAL,UDI,1,3,-1,0.0,3.0,2.15,3.3,3.4
2014,2014-11-09,ROM,TOR,2,4,-1,0.0,3.0,1.44,4.33,7.0
2014,2014-11-08,SAM,MIL,2,0,1,3.0,0.0,2.6,3.2,2.7
2014,2014-11-08,SAS,ATA,0,0,0,1.0,1.0,2.1,3.4,3.4
2014,2014-11-03,CES,VER,2,1,1,3.0,0.0,2.88,3.2,2.5
2014,2014-11-03,LAZ,CAG,0,2,-1,0.0,3.0,1.53,3.8,6.5
2014,2014-11-02,CHI,SAS,1,2,-1,0.0,3.0,2.4,3.2,3.0
2014,2014-11-02,MIL,PAL,1,0,1,3.0,0.0,1.5,4.0,7.0
2014,2014-11-02,SAM,FIO,1,4,-1,0.0,3.0,3.0,3.2,2.4
2014,2014-11-02,TOR,ATA,2,1,1,3.0,0.0,1.85,3.5,4.2
2014,2014-11-02,UDI,GEN,1,1,0,1.0,1.0,2.05,3.3,3.6
2014,2014-11-01,EMP,JUV,0,2,-1,0.0,3.0,7.5,4.2,1.44
2014,2014-11-01,NAP,ROM,0,1,-1,0.0,3.0,2.4,3.3,2.9
2014,2014-11-01,PAR,INT,0,2,-1,0.0,3.0,3.4,3.4,2.1
2014,2014-10-30,VER,LAZ,0,1,-1,0.0,3.0,3.2,3.3,2.25
2014,2014-10-29,ATA,NAP,1,2,-1,0.0,3.0,4.0,3.4,1.91
2014,2014-10-29,CAG,MIL,4,0,1,3.0,0.0,3.4,3.4,2.1
2014,2014-10-29,FIO,UDI,0,1,-1,0.0,3.0,1.65,3.6,5.5
2014,2014-10-29,GEN,JUV,0,0,0,1.0,1.0,7.0,4.0,1.5
2014,2014-10-29,INT,SAM,1,0,1,3.0,0.0,1.8,3.6,4.33
2014,2014-10-29,PAL,CHI,1,1,0,1.0,1.0,1.91,3.4,4.0
2014,2014-10-29,ROM,CES,1,0,1,3.0,0.0,1.18,6.5,15.0
2014,2014-10-29,TOR,PAR,1,2,-1,0.0,3.0,1.83,3.4,4.33
2014,2014-10-28,SAS,EMP,1,2,-1,0.0,3.0,2.2,3.25,3.3
2014,2014-10-26,CES,INT,7,1,1,3.0,0.0,6.5,3.6,1.57
2014,2014-10-26,CHI,GEN,3,0,1,3.0,0.0,2.38,3.1,3.1
2014,2014-10-26,JUV,PAL,1,1,0,1.0,1.0,1.22,5.5,15.0
2014,2014-10-26,LAZ,TOR,1,1,0,1.0,1.0,1.75,3.5,4.75
2014,2014-10-26,MIL,FIO,3,4,-1,0.0,3.0,2.05,3.4,3.6
2014,2014-10-26,NAP,VER,1,2,-1,0.0,3.0,1.4,4.5,8.0
2014,2014-10-26,UDI,ATA,2,1,1,3.0,0.0,1.91,3.4,4.0
2014,2014-10-25,EMP,CAG,1,1,0,1.0,1.0,2.0,3.4,3.75
2014,2014-10-25,PAR,SAS,1,2,-1,0.0,3.0,1.73,3.6,4.75
2014,2014-10-25,SAM,ROM,0,2,-1,0.0,3.0,3.6,3.5,2.0
2014,2014-10-20,GEN,EMP,1,0,1,3.0,0.0,2.1,3.3,3.5
2014,2014-10-19,ATA,PAR,3,1,1,3.0,0.0,2.5,3.2,2.88
2014,2014-10-19,CAG,SAM,2,0,1,3.0,0.0,2.5,3.3,2.75
2014,2014-10-19,FIO,LAZ,0,2,-1,0.0,3.0,2.05,3.3,3.6
2014,2014-10-19,INT,NAP,1,1,0,1.0,1.0,2.5,3.25,2.8
2014,2014-10-19,PAL,CES,1,1,0,1.0,1.0,1.65,3.6,5.5
2014,2014-10-19,TOR,UDI,4,0,1,3.0,0.0,2.15,3.2,3.4
2014,2014-10-19,VER,MIL,1,1,0,1.0,1.0,3.4,3.4,2.1
2014,2014-10-18,ROM,CHI,0,2,-1,0.0,3.0,1.3,5.5,9.0
2014,2014-10-18,SAS,JUV,0,0,0,1.0,1.0,7.5,4.5,1.4
2014,2014-10-05,EMP,PAL,1,1,0,1.0,1.0,2.38,3.2,3.0
2014,2014-10-05,FIO,INT,3,1,1,3.0,0.0,2.38,3.3,2.9
2014,2014-10-05,JUV,ROM,0,0,0,1.0,1.0,1.8,3.5,4.5
2014,2014-10-05,LAZ,SAS,2,0,1,3.0,0.0,1.5,4.0,7.0
2014,2014-10-05,NAP,TOR,0,4,-1,0.0,3.0,1.5,4.0,7.0
2014,2014-10-05,PAR,GEN,2,1,1,3.0,0.0,1.91,3.4,4.0
2014,2014-10-05,SAM,ATA,0,2,-1,0.0,3.0,1.83,3.4,4.5
2014,2014-10-05,UDI,CES,2,1,1,3.0,0.0,1.45,4.2,7.5
2014,2014-10-04,MIL,CHI,1,3,-1,0.0,3.0,1.4,4.75,7.0
2014,2014-10-04,VER,CAG,0,2,-1,0.0,3.0,2.0,3.3,3.75
2014,2014-09-29,PAL,LAZ,3,1,1,3.0,0.0,2.9,3.25,2.4
2014,2014-09-29,UDI,PAR,4,0,1,3.0,0.0,2.2,3.2,3.4
2014,2014-09-28,CES,MIL,2,1,1,3.0,0.0,5.5,3.75,1.62
2014,2014-09-28,CHI,EMP,1,1,0,1.0,1.0,2.25,3.25,3.25
2014,2014-09-28,GEN,SAM,2,1,1,3.0,0.0,2.9,3.0,2.6
2014,2014-09-28,INT,CAG,1,1,0,1.0,1.0,1.44,4.33,7.0
2014,2014-09-28,SAS,NAP,6,2,1,3.0,0.0,4.5,3.5,1.8
2014,2014-09-28,TOR,FIO,1,1,0,1.0,1.0,2.88,3.2,2.5
2014,2014-09-27,ATA,JUV,3,2,1,3.0,0.0,6.5,3.8,1.55
2014,2014-09-27,ROM,VER,2,2,0,1.0,1.0,1.33,5.0,9.0
2014,2014-09-25,LAZ,UDI,0,0,0,1.0,1.0,1.8,3.5,4.5
2014,2014-09-24,CAG,TOR,1,1,0,1.0,1.0,2.55,3.3,2.7
2014,2014-09-24,FIO,SAS,2,2,0,1.0,1.0,1.44,4.33,7.0
2014,2014-09-24,INT,ATA,3,0,1,3.0,0.0,1.44,4.33,7.0
2014,2014-09-24,JUV,CES,2,4,-1,0.0,3.0,1.13,8.0,19.0
2014,2014-09-24,NAP,PAL,0,0,0,1.0,1.0,1.44,4.33,7.0
2014,2014-09-24,PAR,ROM,3,0,1,3.0,0.0,3.75,3.4,2.0
2014,2014-09-24,SAM,CHI,2,1,1,3.0,0.0,1.91,3.3,4.2
2014,2014-09-24,VER,GEN,1,3,-1,0.0,3.0,2.05,3.4,3.5
2014,2014-09-23,EMP,MIL,1,1,0,1.0,1.0,4.5,3.3,1.85
2014,2014-09-21,ATA,FIO,0,0,0,1.0,1.0,3.25,3.1,2.3
2014,2014-09-21,CHI,PAR,1,2,-1,0.0,3.0,2.9,3.1,2.5
2014,2014-09-21,GEN,LAZ,0,1,-1,0.0,3.0,3.0,3.0,2.5
2014,2014-09-21,PAL,INT,1,2,-1,0.0,3.0,3.75,3.4,2.0
2014,2014-09-21,ROM,CAG,1,3,-1,0.0,3.0,1.3,5.0,11.0
2014,2014-09-21,SAS,SAM,4,0,1,3.0,0.0,2.63,3.2,2.7
2014,2014-09-21,TOR,VER,1,2,-1,0.0,3.0,1.91,3.5,4.0
2014,2014-09-21,UDI,NAP,1,2,-1,0.0,3.0,3.3,3.25,2.2
2014,2014-09-20,CES,EMP,4,1,1,3.0,0.0,2.8,3.0,2.7
2014,2014-09-20,MIL,JUV,0,0,0,1.0,1.0,3.2,3.3,2.25
2014,2014-09-15,VER,PAL,1,0,1,3.0,0.0,2.2,3.3,3.3
2014,2014-09-14,CAG,ATA,2,1,1,3.0,0.0,2.25,3.4,3.1
2014,2014-09-14,FIO,GEN,2,1,1,3.0,0.0,1.57,3.8,6.0
2014,2014-09-14,INT,SAS,0,2,-1,0.0,3.0,1.44,4.33,7.0
2014,2014-09-14,LAZ,CES,3,1,1,3.0,0.0,1.33,5.0,9.0
2014,2014-09-14,NAP,CHI,2,0,1,3.0,0.0,1.36,4.75,8.0
2014,2014-09-14,PAR,MIL,2,3,-1,0.0,3.0,2.7,3.2,2.6
2014,2014-09-14,SAM,TOR,2,0,1,3.0,0.0,2.4,3.1,3.1
2014,2014-09-13,EMP,ROM,1,3,-1,0.0,3.0,5.5,3.75,1.62
2014,2014-09-13,JUV,UDI,2,1,1,3.0,0.0,1.4,4.5,8.0
2014,2014-08-31,ATA,VER,2,0,1,3.0,0.0,2.05,3.4,3.6
2014,2014-08-31,CES,PAR,3,1,1,3.0,0.0,3.1,3.2,2.35
2014,2014-08-31,GEN,NAP,0,0,0,1.0,1.0,3.9,3.4,1.95
2014,2014-08-31,MIL,LAZ,0,1,-1,0.0,3.0,2.0,3.4,3.75
2014,2014-08-31,PAL,SAM,2,1,1,3.0,0.0,2.2,3.25,3.3
2014,2014-08-31,SAS,CAG,1,2,-1,0.0,3.0,2.3,3.4,3.0
2014,2014-08-31,TOR,INT,3,1,1,3.0,0.0,3.1,3.3,2.3
2014,2014-08-31,UDI,EMP,2,0,1,3.0,0.0,1.8,3.5,4.5
2014,2014-08-30,CHI,JUV,3,0,1,3.0,0.0,7.0,4.0,1.5
2014,2014-08-30,ROM,FIO,2,1,1,3.0,0.0,1.67,3.8,5.0
2013,2014-05-18,CAT,ATA,0,0,0,1.0,1.0,2.25,3.4,3.1
2013,2014-05-18,CHI,INT,4,1,1,3.0,0.0,4.0,3.3,1.95
2013,2014-05-18,FIO,TOR,1,3,-1,0.0,3.0,3.6,3.6,1.95
2013,2014-05-18,GEN,ROM,1,2,-1,0.0,3.0,4.5,3.8,1.73
2013,2014-05-18,JUV,CAG,3,2,1,3.0,0.0,1.22,6.5,11.0
2013,2014-05-18,LAZ,BOLG,0,3,-1,0.0,3.0,1.44,4.33,7.0
2013,2014-05-18,MIL,SAS,2,1,1,3.0,0.0,1.29,5.75,9.0
2013,2014-05-18,NAP,VER,2,0,1,3.0,0.0,1.44,4.5,6.5
2013,2014-05-18,PAR,LIVO,0,2,-1,0.0,3.0,1.22,6.0,12.0
2013,2014-05-17,UDI,SAM,2,1,1,3.0,0.0,1.73,3.8,4.5
2013,2014-05-11,ATA,MIL,2,3,-1,0.0,3.0,5.5,3.8,1.62
2013,2014-05-11,BOLG,CAT,0,1,-1,0.0,3.0,2.0,3.5,3.6
2013,2014-05-11,CAG,CHI,1,3,-1,0.0,3.0,3.6,3.25,2.1
2013,2014-05-11,LIVO,FIO,0,1,-1,0.0,3.0,4.33,3.6,1.8
2013,2014-05-11,ROM,JUV,3,2,1,3.0,0.0,2.4,3.4,2.8
2013,2014-05-11,SAM,NAP,0,4,-1,0.0,3.0,3.3,3.4,2.15
2013,2014-05-11,SAS,GEN,0,1,-1,0.0,3.0,1.53,3.8,6.5
2013,2014-05-11,TOR,PAR,1,1,0,1.0,1.0,2.1,3.5,3.3
2013,2014-05-10,INT,LAZ,1,2,-1,0.0,3.0,1.73,3.75,4.5
2013,2014-05-10,VER,UDI,2,0,1,3.0,0.0,2.2,3.5,3.1
2013,2014-05-06,FIO,SAS,3,2,1,3.0,0.0,1.65,4.0,4.75
2013,2014-05-06,NAP,CAG,1,1,0,1.0,1.0,1.44,4.33,7.0
2013,2014-05-05,JUV,ATA,1,1,0,1.0,1.0,1.17,7.0,15.0
2013,2014-05-05,LAZ,VER,3,0,1,3.0,0.0,1.62,4.0,5.25
2013,2014-05-04,CAT,ROM,1,2,-1,0.0,3.0,6.5,4.5,1.44
2013,2014-05-04,CHI,TOR,4,0,1,3.0,0.0,2.75,3.2,2.6
2013,2014-05-04,GEN,BOLG,0,2,-1,0.0,3.0,2.5,3.2,2.88
2013,2014-05-04,MIL,INT,4,2,1,3.0,0.0,2.4,3.4,2.8
2013,2014-05-04,PAR,SAM,2,0,1,3.0,0.0,1.5,3.75,7.5
2013,2014-05-04,UDI,LIVO,4,2,1,3.0,0.0,1.83,3.6,4.2
2013,2014-04-28,SAS,JUV,2,3,-1,0.0,3.0,7.0,4.75,1.4
2013,2014-04-27,ATA,GEN,3,0,1,3.0,0.0,2.2,3.25,3.3
2013,2014-04-27,CAG,PAR,0,0,0,1.0,1.0,3.0,3.25,2.38
2013,2014-04-27,LIVO,LAZ,3,1,1,3.0,0.0,3.1,3.4,2.25
2013,2014-04-27,SAM,CHI,2,1,1,3.0,0.0,2.4,3.1,3.1
2013,2014-04-27,TOR,UDI,1,0,1,3.0,0.0,1.91,3.25,4.33
2013,2014-04-27,VER,CAT,4,1,1,3.0,0.0,2.2,3.5,3.1
2013,2014-04-26,BOLG,FIO,3,0,1,3.0,0.0,3.4,3.4,2.1
2013,2014-04-26,INT,NAP,1,0,1,3.0,0.0,2.25,3.4,3.1
2013,2014-04-25,ROM,MIL,1,2,-1,0.0,3.0,1.8,3.75,4.2
2013,2014-04-19,ATA,VER,0,1,-1,0.0,3.0,2.05,3.1,4.0
2013,2014-04-19,CAT,SAM,0,4,-1,0.0,3.0,2.2,3.4,3.2
2013,2014-04-19,CHI,SAS,0,2,-1,0.0,3.0,2.0,3.3,3.75
2013,2014-04-19,FIO,ROM,3,5,-1,0.0,3.0,3.1,3.4,2.25
2013,2014-04-19,GEN,CAG,2,1,1,3.0,0.0,2.2,3.1,3.5
2013,2014-04-19,JUV,BOLG,2,2,0,1.0,1.0,1.17,7.0,15.0
2013,2014-04-19,LAZ,TOR,3,1,1,3.0,0.0,1.8,3.3,4.75
2013,2014-04-19,MIL,LIVO,2,4,-1,0.0,3.0,1.25,5.5,12.0
2013,2014-04-19,PAR,INT,0,1,-1,0.0,3.0,2.4,3.3,2.88
2013,2014-04-19,UDI,NAP,0,1,-1,0.0,3.0,3.5,3.5,2.05
2013,2014-04-14,UDI,JUV,2,1,1,3.0,0.0,5.5,3.8,1.62
2013,2014-04-13,BOLG,PAR,0,2,-1,0.0,3.0,3.1,3.3,2.3
2013,2014-04-13,LIVO,CHI,1,1,0,1.0,1.0,2.3,3.1,3.2
2013,2014-04-13,MIL,CAT,0,4,-1,0.0,3.0,1.33,5.25,8.0
2013,2014-04-13,NAP,LAZ,1,2,-1,0.0,3.0,1.62,4.0,5.25
2013,2014-04-13,SAM,INT,1,1,0,1.0,1.0,3.2,3.3,2.25
2013,2014-04-13,TOR,GEN,1,1,0,1.0,1.0,1.83,3.4,4.5
2013,2014-04-13,VER,FIO,3,1,1,3.0,0.0,3.2,3.3,2.25
2013,2014-04-12,ROM,ATA,0,1,-1,0.0,3.0,1.33,4.75,10.0
2013,2014-04-12,SAS,CAG,1,2,-1,0.0,3.0,2.5,3.1,2.9
2013,2014-04-07,GEN,MIL,2,1,1,3.0,0.0,3.8,3.3,2.0
2013,2014-04-07,JUV,LIVO,3,1,1,3.0,0.0,1.14,7.5,17.0
2013,2014-04-06,ATA,SAS,1,1,0,1.0,1.0,1.8,3.6,4.33
2013,2014-04-06,CAG,ROM,3,0,1,3.0,0.0,6.0,3.6,1.62
2013,2014-04-06,CAT,TOR,0,2,-1,0.0,3.0,2.5,3.2,2.88
2013,2014-04-06,FIO,UDI,1,0,1,3.0,0.0,1.65,3.75,5.25
2013,2014-04-06,LAZ,SAM,3,0,1,3.0,0.0,1.75,3.5,4.75
2013,2014-04-06,PAR,NAP,2,0,1,3.0,0.0,3.0,3.25,2.38
2013,2014-04-05,CHI,VER,2,2,0,1.0,1.0,2.38,3.1,3.1
2013,2014-04-05,INT,BOLG,0,2,-1,0.0,3.0,1.36,4.5,9.0
2013,2014-04-02,ROM,PAR,2,2,0,1.0,1.0,1.4,4.75,7.0
2013,2014-03-31,LIVO,INT,0,2,-1,0.0,3.0,4.0,3.5,1.91
2013,2014-03-31,UDI,CAT,4,2,1,3.0,0.0,1.73,3.5,5.0
2013,2014-03-30,LAZ,PAR,3,1,1,3.0,0.0,2.1,3.3,3.5
2013,2014-03-30,NAP,JUV,2,1,1,3.0,0.0,2.8,3.3,2.5
2013,2014-03-30,SAM,FIO,1,1,0,1.0,1.0,2.88,3.2,2.5
2013,2014-03-30,SAS,ROM,1,3,-1,0.0,3.0,7.0,3.75,1.53
2013,2014-03-30,TOR,CAG,3,3,0,1.0,1.0,1.85,3.4,4.33
2013,2014-03-30,VER,GEN,2,2,0,1.0,1.0,2.2,3.2,3.4
2013,2014-03-29,BOLG,ATA,1,1,0,1.0,1.0,2.3,3.1,3.25
2013,2014-03-29,MIL,CHI,1,1,0,1.0,1.0,1.4,4.5,8.0
2013,2014-03-27,INT,UDI,0,2,-1,0.0,3.0,1.67,3.75,5.0
2013,2014-03-26,ATA,LIVO,1,4,-1,0.0,3.0,1.83,3.4,4.5
2013,2014-03-26,CAG,VER,3,1,1,3.0,0.0,2.1,3.25,3.5
2013,2014-03-26,CAT,NAP,1,1,0,1.0,1.0,4.75,3.6,1.75
2013,2014-03-26,CHI,BOLG,2,1,1,3.0,0.0,2.1,3.0,4.0
2013,2014-03-26,FIO,MIL,2,3,-1,0.0,3.0,2.2,3.3,3.25
2013,2014-03-26,GEN,LAZ,0,1,-1,0.0,3.0,3.0,3.2,2.4
2013,2014-03-26,JUV,PAR,3,1,1,3.0,0.0,1.33,5.0,9.0
2013,2014-03-26,SAS,SAM,3,1,1,3.0,0.0,2.6,3.2,2.75
2013,2014-03-25,ROM,TOR,1,5,-1,0.0,3.0,1.4,4.5,8.0
2013,2014-03-23,BOLG,CAG,0,1,-1,0.0,3.0,2.3,3.1,3.25
2013,2014-03-23,CAT,JUV,0,4,-1,0.0,3.0,8.0,4.5,1.4
2013,2014-03-23,INT,ATA,0,0,0,1.0,1.0,1.44,4.2,7.5
2013,2014-03-23,LAZ,MIL,1,1,0,1.0,1.0,2.5,3.2,2.88
2013,2014-03-23,NAP,FIO,1,0,1,3.0,0.0,1.83,3.5,4.33
2013,2014-03-23,PAR,GEN,2,1,1,3.0,0.0,1.57,3.75,6.0
2013,2014-03-23,SAM,VER,2,1,1,3.0,0.0,2.0,3.3,3.8
2013,2014-03-23,UDI,SAS,2,3,-1,0.0,3.0,1.62,3.6,6.0
2013,2014-03-22,CHI,ROM,2,2,0,1.0,1.0,6.5,3.6,1.57
2013,2014-03-22,TOR,LIVO,1,3,-1,0.0,3.0,1.62,3.6,6.0
2013,2014-03-17,ROM,UDI,3,1,1,3.0,0.0,1.36,4.5,9.5
2013,2014-03-17,TOR,NAP,1,0,1,3.0,0.0,3.4,3.3,2.15
2013,2014-03-16,ATA,SAM,4,0,1,3.0,0.0,2.25,3.2,3.3
2013,2014-03-16,CAG,LAZ,1,0,1,3.0,0.0,2.75,3.1,2.63
2013,2014-03-16,FIO,CHI,1,1,0,1.0,1.0,1.53,4.0,6.0
2013,2014-03-16,GEN,JUV,2,0,1,3.0,0.0,7.0,4.33,1.44
2013,2014-03-16,LIVO,BOLG,0,1,-1,0.0,3.0,2.2,3.2,3.4
2013,2014-03-16,MIL,PAR,2,2,0,1.0,1.0,1.8,3.6,4.33
2013,2014-03-16,SAS,CAT,5,0,1,3.0,0.0,2.2,3.2,3.4
2013,2014-03-15,VER,INT,1,1,0,1.0,1.0,3.25,3.4,2.15
2013,2014-03-09,BOLG,SAS,0,3,-1,0.0,3.0,1.91,3.4,4.0
2013,2014-03-09,CHI,GEN,0,1,-1,0.0,3.0,2.1,3.2,3.6
2013,2014-03-09,INT,TOR,0,1,-1,0.0,3.0,1.57,4.0,5.5
2013,2014-03-09,JUV,FIO,3,2,1,3.0,0.0,1.4,4.6,7.5
2013,2014-03-09,LAZ,ATA,2,0,1,3.0,0.0,1.57,3.8,6.0
2013,2014-03-09,NAP,ROM,0,2,-1,0.0,3.0,2.2,3.3,3.3
2013,2014-03-09,PAR,VER,0,1,-1,0.0,3.0,1.73,3.7,4.6
2013,2014-03-09,SAM,LIVO,3,1,1,3.0,0.0,1.75,3.4,5.0
2013,2014-03-08,CAT,CAG,1,4,-1,0.0,3.0,2.2,3.25,3.3
2013,2014-03-08,UDI,MIL,3,0,1,3.0,0.0,3.0,3.25,2.38
2013,2014-03-02,ATA,CHI,3,1,1,3.0,0.0,2.05,3.25,3.75
2013,2014-03-02,CAG,UDI,3,1,1,3.0,0.0,2.38,3.2,3.0
2013,2014-03-02,FIO,LAZ,4,2,1,3.0,0.0,1.91,3.3,4.2
2013,2014-03-02,GEN,CAT,1,1,0,1.0,1.0,2.1,3.25,3.6
2013,2014-03-02,LIVO,NAP,0,0,0,1.0,1.0,6.0,4.0,1.53
2013,2014-03-02,MIL,JUV,1,1,0,1.0,1.0,3.6,3.5,2.0
2013,2014-03-02,SAS,PAR,2,1,1,3.0,0.0,3.5,3.4,2.05
2013,2014-03-02,TOR,SAM,0,0,0,1.0,1.0,1.83,3.25,4.75
2013,2014-03-02,VER,BOLG,0,1,-1,0.0,3.0,1.91,3.5,4.0
2013,2014-03-01,ROM,INT,1,0,1,3.0,0.0,1.62,3.8,5.5
2013,2014-02-24,NAP,GEN,0,0,0,1.0,1.0,1.29,5.0,12.0
2013,2014-02-24,PAR,FIO,1,4,-1,0.0,3.0,2.4,3.2,3.0
2013,2014-02-23,CHI,CAT,3,1,1,3.0,0.0,2.15,3.1,3.6
2013,2014-02-23,INT,CAG,2,1,1,3.0,0.0,1.44,4.2,7.5
2013,2014-02-23,JUV,TOR,1,2,-1,0.0,3.0,1.22,6.0,12.0
2013,2014-02-23,LAZ,SAS,1,1,0,1.0,1.0,1.44,4.2,7.5
2013,2014-02-23,LIVO,VER,3,1,1,3.0,0.0,2.38,3.25,3.0
2013,2014-02-23,SAM,MIL,1,3,-1,0.0,3.0,3.2,3.2,2.3
2013,2014-02-23,UDI,ATA,1,4,-1,0.0,3.0,1.75,3.4,5.0
2013,2014-02-22,BOLG,ROM,0,2,-1,0.0,3.0,7.0,4.0,1.5
2013,2014-02-17,VER,TOR,0,1,-1,0.0,3.0,2.3,3.3,3.1
2013,2014-02-16,ATA,PAR,0,1,-1,0.0,3.0,2.5,3.25,2.8
2013,2014-02-16,CAG,LIVO,2,1,1,3.0,0.0,1.75,3.4,5.0
2013,2014-02-16,CAT,LAZ,3,3,0,1.0,1.0,3.3,3.2,2.25
2013,2014-02-16,GEN,UDI,2,2,0,1.0,1.0,2.75,3.1,2.63
2013,2014-02-16,JUV,CHI,0,0,0,1.0,1.0,1.14,7.5,17.0
2013,2014-02-16,ROM,SAM,0,1,-1,0.0,3.0,1.33,5.0,9.0
2013,2014-02-16,SAS,NAP,0,0,0,1.0,1.0,6.0,3.8,1.57
2013,2014-02-15,FIO,INT,2,0,1,3.0,0.0,2.1,3.4,3.4
2013,2014-02-14,MIL,BOLG,0,2,-1,0.0,3.0,1.33,5.0,9.0
2013,2014-02-09,INT,SAS,1,1,0,1.0,1.0,1.33,4.75,10.0
2013,2014-02-09,LAZ,ROM,3,1,1,3.0,0.0,3.75,3.4,2.0
2013,2014-02-09,LIVO,GEN,0,2,-1,0.0,3.0,2.4,3.2,3.0
2013,2014-02-09,PAR,CAT,2,1,1,3.0,0.0,1.57,3.6,6.5
2013,2014-02-09,SAM,CAG,2,2,0,1.0,1.0,2.1,3.25,3.5
2013,2014-02-09,TOR,BOLG,1,0,1,3.0,0.0,1.57,3.75,6.0
2013,2014-02-09,VER,JUV,2,0,1,3.0,0.0,8.0,4.5,1.4
2013,2014-02-08,FIO,ATA,2,2,0,1.0,1.0,1.44,4.33,7.0
2013,2014-02-08,NAP,MIL,1,0,1,3.0,0.0,2.0,3.4,3.75
2013,2014-02-08,UDI,CHI,2,3,-1,0.0,3.0,1.83,3.4,4.5
2013,2014-02-03,GEN,SAM,0,1,-1,0.0,3.0,2.5,3.2,2.88
2013,2014-02-02,ATA,NAP,0,2,-1,0.0,3.0,4.33,3.4,1.85
2013,2014-02-02,CAT,LIVO,1,1,0,1.0,1.0,1.91,3.4,4.0
2013,2014-02-02,CHI,LAZ,2,1,1,3.0,0.0,3.1,3.1,2.4
2013,2014-02-02,JUV,INT,3,3,0,1.0,1.0,1.4,4.5,7.5
2013,2014-02-02,SAS,VER,1,1,0,1.0,1.0,2.38,3.2,3.0
2013,2014-02-01,BOLG,UDI,2,0,1,3.0,0.0,2.5,3.1,2.9
2013,2014-02-01,CAG,FIO,1,0,1,3.0,0.0,3.25,3.2,2.25
2013,2014-02-01,MIL,TOR,0,1,-1,0.0,3.0,1.6,3.8,5.75
2013,2014-01-26,CAG,MIL,1,0,1,3.0,0.0,3.8,3.3,2.0
2013,2014-01-26,FIO,GEN,4,0,1,3.0,0.0,1.33,4.75,10.0
2013,2014-01-26,INT,CAT,0,1,-1,0.0,3.0,1.33,4.75,9.5
2013,2014-01-26,LIVO,SAS,3,3,0,1.0,1.0,2.4,3.1,3.1
2013,2014-01-26,PAR,UDI,1,2,-1,0.0,3.0,2.0,3.3,3.8
2013,2014-01-26,SAM,BOLG,1,1,0,1.0,1.0,1.75,3.4,5.0
2013,2014-01-26,TOR,ATA,1,0,1,3.0,0.0,1.75,3.4,5.0
2013,2014-01-26,VER,ROM,3,1,1,3.0,0.0,4.75,3.6,1.75
2013,2014-01-25,LAZ,JUV,1,2,-1,0.0,3.0,4.75,3.6,1.73
2013,2014-01-25,NAP,CHI,1,2,-1,0.0,3.0,1.29,5.25,10.0
2013,2014-01-19,ATA,CAG,0,0,0,1.0,1.0,2.45,3.1,3.0
2013,2014-01-19,BOLG,NAP,2,0,1,3.0,0.0,5.0,3.75,1.67
2013,2014-01-19,CAT,FIO,0,0,0,1.0,1.0,3.6,3.4,2.05
2013,2014-01-19,CHI,PAR,2,4,-1,0.0,3.0,2.8,3.1,2.6
2013,2014-01-19,GEN,INT,2,2,0,1.0,1.0,3.9,3.4,1.95
2013,2014-01-19,MIL,VER,3,2,1,3.0,0.0,1.44,4.33,7.0
2013,2014-01-19,SAS,TOR,1,0,1,3.0,0.0,2.7,3.2,2.6
2013,2014-01-19,UDI,LAZ,2,3,-1,0.0,3.0,2.5,3.1,2.9
2013,2014-01-18,JUV,SAM,3,0,1,3.0,0.0,1.17,6.5,17.0
2013,2014-01-18,ROM,LIVO,3,0,1,3.0,0.0,1.18,6.5,15.0
2013,2014-01-13,INT,CHI,2,2,0,1.0,1.0,1.44,4.33,7.0
2013,2014-01-13,SAM,UDI,1,2,-1,0.0,3.0,2.38,3.2,3.0
2013,2014-01-12,ATA,CAT,1,4,-1,0.0,3.0,1.85,3.4,4.33
2013,2014-01-12,CAG,JUV,0,1,-1,0.0,3.0,7.0,4.33,1.44
2013,2014-01-12,ROM,GEN,0,0,0,1.0,1.0,1.36,4.5,9.0
2013,2014-01-12,SAS,MIL,1,0,1,3.0,0.0,5.0,3.6,1.7
2013,2014-01-12,TOR,FIO,0,0,0,1.0,1.0,2.8,3.3,2.5
2013,2014-01-12,VER,NAP,3,0,1,3.0,0.0,3.8,3.5,1.95
2013,2014-01-11,BOLG,LAZ,2,2,0,1.0,1.0,3.1,3.1,2.38
2013,2014-01-11,LIVO,PAR,3,1,1,3.0,0.0,3.0,3.2,2.38
2013,2014-01-06,CAT,BOLG,0,0,0,1.0,1.0,2.1,3.2,3.6
2013,2014-01-06,GEN,SAS,0,1,-1,0.0,3.0,2.1,3.3,3.5
2013,2014-01-06,LAZ,INT,2,2,0,1.0,1.0,2.4,3.3,2.88
2013,2014-01-06,MIL,ATA,3,2,1,3.0,0.0,1.44,4.2,7.5
2013,2014-01-06,NAP,SAM,0,2,-1,0.0,3.0,1.36,4.75,8.0
2013,2014-01-06,PAR,TOR,0,3,-1,0.0,3.0,2.05,3.3,3.6
2013,2014-01-06,UDI,VER,1,1,0,1.0,1.0,1.8,3.4,4.75
2013,2014-01-05,CHI,CAG,2,1,1,3.0,0.0,2.38,3.0,3.25
2013,2014-01-05,FIO,LIVO,1,3,-1,0.0,3.0,1.33,4.75,10.0
2013,2014-01-05,JUV,ROM,1,2,-1,0.0,3.0,1.67,3.75,5.0
2013,2013-12-22,ATA,JUV,1,0,1,3.0,0.0,7.5,4.2,1.44
2013,2013-12-22,BOLG,GEN,1,0,1,3.0,0.0,2.1,3.25,3.5
2013,2013-12-22,INT,MIL,1,0,1,3.0,0.0,2.63,3.3,2.63
2013,2013-12-22,ROM,CAT,3,1,1,3.0,0.0,1.22,6.5,11.0
2013,2013-12-22,SAM,PAR,0,1,-1,0.0,3.0,2.5,3.2,2.88
2013,2013-12-22,SAS,FIO,4,0,1,3.0,0.0,4.33,3.4,1.85
2013,2013-12-22,TOR,CHI,1,3,-1,0.0,3.0,1.83,3.3,4.75
2013,2013-12-22,VER,LAZ,0,3,-1,0.0,3.0,2.7,3.2,2.63
2013,2013-12-21,CAG,NAP,4,1,1,3.0,0.0,3.5,3.4,2.05
2013,2013-12-21,LIVO,UDI,1,4,-1,0.0,3.0,3.1,3.1,2.4
2013,2013-12-16,MIL,ROM,0,0,0,1.0,1.0,2.3,3.3,3.1
2013,2013-12-15,CHI,SAM,0,2,-1,0.0,3.0,2.25,3.0,3.5
2013,2013-12-15,FIO,BOLG,2,2,0,1.0,1.0,1.44,4.33,7.0
2013,2013-12-15,GEN,ATA,0,1,-1,0.0,3.0,2.15,3.25,3.4
2013,2013-12-15,JUV,SAS,2,0,1,3.0,0.0,1.17,6.5,17.0
2013,2013-12-15,LAZ,LIVO,3,0,1,3.0,0.0,1.5,4.0,7.0
2013,2013-12-15,NAP,INT,0,0,0,1.0,1.0,1.91,3.5,4.0
2013,2013-12-15,PAR,CAG,3,2,1,3.0,0.0,1.8,3.6,4.33
2013,2013-12-15,UDI,TOR,3,1,1,3.0,0.0,1.91,3.4,4.0
2013,2013-12-14,CAT,VER,3,1,1,3.0,0.0,2.7,3.0,2.75
2013,2013-12-08,CAG,GEN,3,3,0,1.0,1.0,1.95,3.3,4.0
2013,2013-12-08,INT,PAR,1,0,1,3.0,0.0,1.65,3.75,5.5
2013,2013-12-08,ROM,FIO,4,1,1,3.0,0.0,1.91,3.4,4.0
2013,2013-12-08,SAM,CAT,2,1,1,3.0,0.0,1.73,3.6,4.75
2013,2013-12-08,SAS,CHI,1,1,0,1.0,1.0,2.1,3.2,3.6
2013,2013-12-08,TOR,LAZ,1,1,0,1.0,1.0,2.38,3.2,3.0
2013,2013-12-08,VER,ATA,3,1,1,3.0,0.0,1.95,3.3,4.0
2013,2013-12-07,LIVO,MIL,1,0,1,3.0,0.0,5.5,3.75,1.62
2013,2013-12-07,NAP,UDI,1,0,1,3.0,0.0,1.57,3.75,6.0
2013,2013-12-06,BOLG,JUV,2,2,0,1.0,1.0,8.5,4.33,1.4
2013,2013-12-02,FIO,VER,1,1,0,1.0,1.0,1.44,4.33,7.0
2013,2013-12-02,LAZ,NAP,1,4,-1,0.0,3.0,3.1,3.3,2.3
2013,2013-12-01,ATA,ROM,1,2,-1,0.0,3.0,4.0,3.4,1.91
2013,2013-12-01,CAG,SAS,2,4,-1,0.0,3.0,1.83,3.5,4.33
2013,2013-12-01,CAT,MIL,2,1,1,3.0,0.0,4.75,3.6,1.75
2013,2013-12-01,CHI,LIVO,1,1,0,1.0,1.0,1.91,3.4,4.0
2013,2013-12-01,INT,SAM,0,5,-1,0.0,3.0,1.4,4.5,8.0
2013,2013-12-01,JUV,UDI,2,1,1,3.0,0.0,1.3,5.0,10.0
2013,2013-11-30,GEN,TOR,0,1,-1,0.0,3.0,2.38,3.2,3.1
2013,2013-11-30,PAR,BOLG,0,0,0,1.0,1.0,1.8,3.5,4.5
2013,2013-11-25,ROM,CAG,2,0,1,3.0,0.0,1.44,4.33,7.0
2013,2013-11-24,BOLG,INT,2,1,1,3.0,0.0,4.0,3.4,1.91
2013,2013-11-24,LIVO,JUV,1,2,-1,0.0,3.0,8.5,4.75,1.36
2013,2013-11-24,SAM,LAZ,2,1,1,3.0,0.0,3.0,3.2,2.38
2013,2013-11-24,SAS,ATA,4,0,1,3.0,0.0,2.2,3.2,3.4
2013,2013-11-24,TOR,CAT,2,2,0,1.0,1.0,1.8,3.5,4.5
2013,2013-11-24,UDI,FIO,0,1,-1,0.0,3.0,2.8,3.1,2.6
2013,2013-11-23,MIL,GEN,0,0,0,1.0,1.0,1.44,4.2,7.5
2013,2013-11-23,NAP,PAR,1,2,-1,0.0,3.0,1.44,4.5,6.5
2013,2013-11-23,VER,CHI,0,0,0,1.0,1.0,2.1,3.3,3.5
2013,2013-11-10,ATA,BOLG,0,2,-1,0.0,3.0,2.05,3.3,3.6
2013,2013-11-10,CAG,TOR,0,1,-1,0.0,3.0,2.0,3.3,3.8
2013,2013-11-10,CHI,MIL,0,0,0,1.0,1.0,3.8,3.3,2.0
2013,2013-11-10,FIO,SAM,3,2,1,3.0,0.0,1.4,4.5,8.0
2013,2013-11-10,GEN,VER,2,3,-1,0.0,3.0,2.25,3.25,3.25
2013,2013-11-10,JUV,NAP,3,2,1,3.0,0.0,1.73,3.6,4.75
2013,2013-11-10,PAR,LAZ,0,0,0,1.0,1.0,2.3,3.2,3.2
2013,2013-11-10,ROM,SAS,4,1,1,3.0,0.0,1.22,6.0,13.0
2013,2013-11-09,CAT,UDI,2,1,1,3.0,0.0,2.9,3.1,2.5
2013,2013-11-09,INT,LIVO,2,1,1,3.0,0.0,1.3,5.0,10.0
2013,2013-11-04,BOLG,CHI,0,0,0,1.0,1.0,2.05,3.3,3.6
2013,2013-11-03,LAZ,GEN,1,3,-1,0.0,3.0,1.57,3.8,6.0
2013,2013-11-03,LIVO,ATA,1,3,-1,0.0,3.0,2.7,3.1,2.7
2013,2013-11-03,SAM,SAS,2,3,-1,0.0,3.0,1.95,3.5,3.8
2013,2013-11-03,TOR,ROM,3,1,1,3.0,0.0,4.0,3.5,1.91
2013,2013-11-03,UDI,INT,2,2,0,1.0,1.0,2.63,3.3,2.63
2013,2013-11-03,VER,CAG,0,0,0,1.0,1.0,2.05,3.4,3.5
2013,2013-11-02,MIL,FIO,2,3,-1,0.0,3.0,2.05,3.5,3.5
2013,2013-11-02,NAP,CAT,1,1,0,1.0,1.0,1.22,6.0,13.0
2013,2013-11-02,PAR,JUV,3,0,1,3.0,0.0,4.5,3.75,1.73
2013,2013-10-31,ROM,CHI,3,0,1,3.0,0.0,1.22,6.0,12.0
2013,2013-10-30,CAG,BOLG,1,0,1,3.0,0.0,1.75,3.5,4.75
2013,2013-10-30,FIO,NAP,0,0,0,1.0,1.0,2.5,3.3,2.8
2013,2013-10-30,GEN,PAR,2,0,1,3.0,0.0,2.4,3.2,3.0
2013,2013-10-30,JUV,CAT,4,1,1,3.0,0.0,1.18,6.25,17.0
2013,2013-10-30,LIVO,TOR,1,2,-1,0.0,3.0,2.8,3.1,2.6
2013,2013-10-30,MIL,LAZ,0,2,-1,0.0,3.0,1.73,3.5,5.0
2013,2013-10-30,SAS,UDI,0,2,-1,0.0,3.0,2.88,3.3,2.4
2013,2013-10-30,VER,SAM,1,0,1,3.0,0.0,2.0,3.4,3.75
2013,2013-10-29,ATA,INT,2,0,1,3.0,0.0,3.8,3.3,2.0
2013,2013-10-27,BOLG,LIVO,4,1,1,3.0,0.0,2.0,3.3,3.8
2013,2013-10-27,CAT,SAS,1,0,1,3.0,0.0,1.83,3.5,4.33
2013,2013-10-27,CHI,FIO,1,2,-1,0.0,3.0,3.8,3.4,2.0
2013,2013-10-27,JUV,GEN,1,1,0,1.0,1.0,1.2,6.0,15.0
2013,2013-10-27,LAZ,CAG,0,2,-1,0.0,3.0,1.83,3.4,4.5
2013,2013-10-27,NAP,TOR,1,1,0,1.0,1.0,1.33,5.0,8.5
2013,2013-10-27,PAR,MIL,1,0,1,3.0,0.0,3.3,3.3,2.2
2013,2013-10-27,UDI,ROM,1,2,-1,0.0,3.0,3.3,3.4,2.15
2013,2013-10-26,INT,VER,2,0,1,3.0,0.0,1.44,4.2,7.5
2013,2013-10-26,SAM,ATA,2,1,1,3.0,0.0,2.3,3.2,3.2
2013,2013-10-20,ATA,LAZ,0,2,-1,0.0,3.0,2.7,3.2,2.6
2013,2013-10-20,FIO,JUV,0,1,-1,0.0,3.0,3.5,3.3,2.1
2013,2013-10-20,GEN,CHI,2,0,1,3.0,0.0,2.0,3.4,3.75
2013,2013-10-20,LIVO,SAM,2,0,1,3.0,0.0,2.3,3.2,3.1
2013,2013-10-20,SAS,BOLG,3,0,1,3.0,0.0,2.38,3.2,3.0
2013,2013-10-20,TOR,INT,0,0,0,1.0,1.0,3.4,3.5,2.05
2013,2013-10-20,VER,PAR,1,0,1,3.0,0.0,2.3,3.2,3.1
2013,2013-10-19,CAG,CAT,1,2,-1,0.0,3.0,1.91,3.3,4.2
2013,2013-10-19,MIL,UDI,0,0,0,1.0,1.0,1.67,3.6,5.25
2013,2013-10-18,ROM,NAP,0,1,-1,0.0,3.0,2.1,3.3,3.5
2013,2013-10-06,BOLG,VER,2,2,0,1.0,1.0,2.1,3.3,3.5
2013,2013-10-06,CAT,GEN,2,2,0,1.0,1.0,2.1,3.4,3.4
2013,2013-10-06,JUV,MIL,0,2,-1,0.0,3.0,1.57,4.0,5.5
2013,2013-10-06,LAZ,FIO,0,2,-1,0.0,3.0,2.25,3.4,3.1
2013,2013-10-06,NAP,LIVO,3,0,1,3.0,0.0,1.22,5.25,17.0
2013,2013-10-06,PAR,SAS,1,0,1,3.0,0.0,1.57,3.75,6.0
2013,2013-10-06,SAM,TOR,3,1,1,3.0,0.0,2.4,3.2,3.0
2013,2013-10-06,UDI,CAG,1,1,0,1.0,1.0,1.83,3.5,4.33
2013,2013-10-05,CHI,ATA,2,1,1,3.0,0.0,2.2,3.2,3.4
2013,2013-10-05,INT,ROM,2,3,-1,0.0,3.0,2.25,3.5,3.0
2013,2013-09-30,FIO,PAR,1,0,1,3.0,0.0,1.57,3.8,6.0
2013,2013-09-29,ATA,UDI,2,0,1,3.0,0.0,2.5,3.2,2.88
2013,2013-09-29,CAG,INT,2,4,-1,0.0,3.0,3.8,3.3,2.0
2013,2013-09-29,CAT,CHI,1,0,1,3.0,0.0,2.05,3.3,3.6
2013,2013-09-29,ROM,BOLG,5,1,1,3.0,0.0,1.33,5.0,9.0
2013,2013-09-29,SAS,LAZ,0,1,-1,0.0,3.0,4.5,3.4,1.83
2013,2013-09-29,TOR,JUV,0,0,0,1.0,1.0,6.5,4.1,1.5
2013,2013-09-29,VER,LIVO,0,1,-1,0.0,3.0,1.91,3.3,4.2
2013,2013-09-28,GEN,NAP,1,2,-1,0.0,3.0,4.75,3.5,1.75
2013,2013-09-28,MIL,SAM,2,2,0,1.0,1.0,1.5,4.0,7.0
2013,2013-09-26,INT,FIO,3,0,1,3.0,0.0,1.91,3.4,4.0
2013,2013-09-25,BOLG,MIL,0,2,-1,0.0,3.0,3.4,3.4,2.1
2013,2013-09-25,CHI,JUV,0,1,-1,0.0,3.0,7.5,4.2,1.44
2013,2013-09-25,LAZ,CAT,0,1,-1,0.0,3.0,1.57,3.75,6.0
2013,2013-09-25,LIVO,CAG,1,2,-1,0.0,3.0,2.75,3.1,2.63
2013,2013-09-25,NAP,SAS,2,1,1,3.0,0.0,1.17,7.0,15.0
2013,2013-09-25,PAR,ATA,1,1,0,1.0,1.0,1.91,3.3,4.2
2013,2013-09-25,SAM,ROM,0,2,-1,0.0,3.0,3.6,3.3,2.05
2013,2013-09-25,TOR,VER,1,1,0,1.0,1.0,1.91,3.4,4.0
2013,2013-09-24,UDI,GEN,0,0,0,1.0,1.0,1.83,3.4,4.5
2013,2013-09-22,ATA,FIO,2,2,0,1.0,1.0,2.8,3.4,2.4
2013,2013-09-22,BOLG,TOR,1,3,-1,0.0,3.0,2.15,3.2,3.5
2013,2013-09-22,CAT,PAR,3,1,1,3.0,0.0,2.05,3.25,3.75
2013,2013-09-22,JUV,VER,2,1,1,3.0,0.0,1.17,7.0,15.0
2013,2013-09-22,MIL,NAP,1,0,1,3.0,0.0,2.5,3.4,2.7
2013,2013-09-22,ROM,LAZ,3,1,1,3.0,0.0,2.1,3.4,3.4
2013,2013-09-22,SAS,INT,3,1,1,3.0,0.0,4.5,3.75,1.75
2013,2013-09-21,CAG,SAM,0,0,0,1.0,1.0,2.1,3.2,3.6
2013,2013-09-21,CHI,UDI,0,2,-1,0.0,3.0,2.75,3.2,2.6
2013,2013-09-21,GEN,LIVO,0,2,-1,0.0,3.0,1.75,3.5,4.75
2013,2013-09-16,PAR,ROM,2,0,1,3.0,0.0,3.1,3.3,2.3
2013,2013-09-15,FIO,CAG,1,3,-1,0.0,3.0,1.44,4.33,7.0
2013,2013-09-15,LAZ,CHI,0,1,-1,0.0,3.0,1.67,3.75,5.0
2013,2013-09-15,LIVO,CAT,1,4,-1,0.0,3.0,2.5,3.2,2.88
2013,2013-09-15,SAM,GEN,4,2,1,3.0,0.0,2.4,3.1,3.1
2013,2013-09-15,UDI,BOLG,1,3,-1,0.0,3.0,1.8,3.5,4.5
2013,2013-09-15,VER,SAS,1,1,0,1.0,1.0,2.25,3.2,3.25
2013,2013-09-14,INT,JUV,3,0,1,3.0,0.0,3.5,3.3,2.1
2013,2013-09-14,NAP,ATA,3,1,1,3.0,0.0,1.36,4.75,8.5
2013,2013-09-14,TOR,MIL,3,1,1,3.0,0.0,4.75,3.6,1.73
2013,2013-09-01,ATA,TOR,1,2,-1,0.0,3.0,2.1,3.2,3.6
2013,2013-09-01,BOLG,SAM,0,0,0,1.0,1.0,2.2,3.25,3.3
2013,2013-09-01,CAT,INT,0,2,-1,0.0,3.0,2.75,3.2,2.6
2013,2013-09-01,GEN,FIO,3,1,1,3.0,0.0,4.0,3.3,1.95
2013,2013-09-01,MIL,CAG,1,1,0,1.0,1.0,1.4,4.5,7.5
2013,2013-09-01,ROM,VER,0,0,0,1.0,1.0,1.4,4.5,8.0
2013,2013-09-01,SAS,LIVO,3,0,1,3.0,0.0,1.95,3.2,4.2
2013,2013-09-01,UDI,PAR,0,0,0,1.0,1.0,2.1,3.25,3.6
2013,2013-08-31,CHI,NAP,3,1,1,3.0,0.0,4.75,3.5,1.75
2013,2013-08-31,JUV,LAZ,2,0,1,3.0,0.0,1.36,4.5,9.0
2013,2013-08-26,FIO,CAT,2,2,0,1.0,1.0,1.44,4.2,7.5
2013,2013-08-25,CAG,ATA,0,0,0,1.0,1.0,2.5,3.0,3.0
2013,2013-08-25,INT,GEN,1,3,-1,0.0,3.0,1.62,3.75,5.5
2013,2013-08-25,LAZ,UDI,2,2,0,1.0,1.0,2.0,3.4,3.75
2013,2013-08-25,LIVO,ROM,1,1,0,1.0,1.0,3.6,3.5,2.0
2013,2013-08-25,NAP,BOLG,1,0,1,3.0,0.0,1.36,4.75,8.5
2013,2013-08-25,PAR,CHI,1,0,1,3.0,0.0,1.85,3.5,4.2
2013,2013-08-25,TOR,SAS,0,4,-1,0.0,3.0,2.0,3.3,3.8
2013,2013-08-24,SAM,JUV,4,2,1,3.0,0.0,8.0,4.0,1.45
2013,2013-08-24,VER,MIL,0,0,0,1.0,1.0,4.75,3.6,1.75
2012,2013-05-19,ATA,CHI,0,3,-1,0.0,3.0,2.0,3.0,4.33
2012,2013-05-19,BOLG,GEN,0,0,0,1.0,1.0,2.15,3.2,3.5
2012,2013-05-19,CAG,LAZ,2,1,1,3.0,0.0,5.25,3.75,1.65
2012,2013-05-19,INT,UDI,2,1,1,3.0,0.0,3.25,3.5,2.1
2012,2013-05-19,PAL,PAR,2,3,-1,0.0,3.0,2.25,3.2,3.3
2012,2013-05-19,PES,FIO,0,0,0,1.0,1.0,15.0,7.0,1.17
2012,2013-05-19,ROM,NAP,1,1,0,1.0,1.0,2.5,3.4,2.7
2012,2013-05-19,SIE,MIL,1,1,0,1.0,1.0,13.0,6.5,1.2
2012,2013-05-19,TOR,CAT,1,1,0,1.0,1.0,2.1,3.2,3.6
2012,2013-05-18,SAM,JUV,4,0,1,3.0,0.0,4.75,3.6,1.73
2012,2013-05-12,CHI,TOR,4,1,1,3.0,0.0,3.25,2.1,3.0
2012,2013-05-12,FIO,PAL,0,0,0,1.0,1.0,1.36,4.75,6.5
2012,2013-05-12,GEN,INT,2,1,1,3.0,0.0,1.73,3.6,4.2
2012,2013-05-12,LAZ,SAM,1,1,0,1.0,1.0,1.33,5.0,8.5
2012,2013-05-12,MIL,ROM,1,1,0,1.0,1.0,1.62,3.75,5.5
2012,2013-05-12,NAP,SIE,3,1,1,3.0,0.0,1.3,5.25,9.5
2012,2013-05-12,PAR,BOLG,2,0,1,3.0,0.0,1.73,3.3,4.75
2012,2013-05-12,UDI,ATA,1,2,-1,0.0,3.0,1.36,4.75,8.0
2012,2013-05-11,CAT,PES,3,1,1,3.0,0.0,1.25,6.0,10.0
2012,2013-05-11,JUV,CAG,2,0,1,3.0,0.0,1.29,5.5,9.5
2012,2013-05-08,ATA,JUV,1,1,0,1.0,1.0,3.75,3.4,2.0
2012,2013-05-08,BOLG,NAP,2,0,1,3.0,0.0,4.5,3.8,1.73
2012,2013-05-08,CAG,PAR,4,3,1,3.0,0.0,2.63,2.38,3.2
2012,2013-05-08,INT,LAZ,0,0,0,1.0,1.0,2.75,3.25,2.55
2012,2013-05-08,PAL,UDI,1,3,-1,0.0,3.0,2.2,3.6,3.0
2012,2013-05-08,PES,MIL,1,0,1,3.0,0.0,15.0,7.0,1.17
2012,2013-05-08,SAM,CAT,3,0,1,3.0,0.0,1.95,3.0,4.5
2012,2013-05-08,SIE,FIO,4,2,1,3.0,0.0,5.5,4.0,1.57
2012,2013-05-08,TOR,GEN,1,2,-1,0.0,3.0,3.0,1.73,5.0
2012,2013-05-07,ROM,CHI,2,1,1,3.0,0.0,1.25,5.5,12.0
2012,2013-05-05,CAT,SIE,2,1,1,3.0,0.0,2.25,3.25,3.2
2012,2013-05-05,GEN,PES,3,2,1,3.0,0.0,1.25,5.5,12.0
2012,2013-05-05,JUV,PAL,3,2,1,3.0,0.0,1.44,3.75,9.5
2012,2013-05-05,LAZ,BOLG,3,0,1,3.0,0.0,1.67,3.8,5.0
2012,2013-05-05,MIL,TOR,1,1,0,1.0,1.0,1.25,5.5,12.0
2012,2013-05-05,NAP,INT,1,3,-1,0.0,3.0,1.44,4.2,7.5
2012,2013-05-05,PAR,ATA,0,1,-1,0.0,3.0,2.6,2.1,5.0
2012,2013-05-05,UDI,SAM,1,3,-1,0.0,3.0,1.57,3.8,6.0
2012,2013-05-04,CHI,CAG,1,4,-1,0.0,3.0,2.7,2.25,4.0
2012,2013-05-04,FIO,ROM,1,0,1,3.0,0.0,1.95,3.5,3.75
2012,2013-04-28,CHI,GEN,1,3,-1,0.0,3.0,2.4,3.2,3.0
2012,2013-04-28,MIL,CAT,0,0,0,1.0,1.0,1.33,4.75,9.5
2012,2013-04-28,PAL,INT,1,1,0,1.0,1.0,2.3,3.4,3.0
2012,2013-04-28,PAR,LAZ,1,0,1,3.0,0.0,2.4,3.2,3.0
2012,2013-04-28,ROM,SIE,1,1,0,1.0,1.0,1.44,4.2,7.5
2012,2013-04-28,SAM,FIO,1,1,0,1.0,1.0,3.8,3.3,2.0
2012,2013-04-28,TOR,JUV,4,2,1,3.0,0.0,5.5,3.8,1.62
2012,2013-04-27,ATA,BOLG,2,0,1,3.0,0.0,2.63,2.4,3.8
2012,2013-04-27,CAG,UDI,1,1,0,1.0,1.0,3.6,3.2,2.1
2012,2013-04-27,PES,NAP,1,0,1,3.0,0.0,9.0,5.0,1.33
2012,2013-04-21,BOLG,SAM,1,1,0,1.0,1.0,2.2,2.88,3.8
2012,2013-04-21,CAT,PAL,2,0,1,3.0,0.0,2.1,3.25,3.6
2012,2013-04-21,FIO,TOR,0,1,-1,0.0,3.0,1.44,4.1,8.0
2012,2013-04-21,INT,PAR,1,0,1,3.0,0.0,1.91,3.4,4.0
2012,2013-04-21,JUV,MIL,2,1,1,3.0,0.0,1.73,3.6,4.75
2012,2013-04-21,NAP,CAG,0,0,0,1.0,1.0,1.44,4.2,7.5
2012,2013-04-21,ROM,PES,2,1,1,3.0,0.0,1.17,7.0,15.0
2012,2013-04-21,SIE,CHI,1,0,1,3.0,0.0,2.15,3.1,3.6
2012,2013-04-20,GEN,ATA,3,1,1,3.0,0.0,2.0,3.3,3.8
2012,2013-04-20,UDI,LAZ,0,2,-1,0.0,3.0,2.4,3.1,3.1
2012,2013-04-15,LAZ,JUV,1,0,1,3.0,0.0,4.1,3.4,1.91
2012,2013-04-14,CAG,INT,3,3,0,1.0,1.0,2.8,3.3,2.5
2012,2013-04-14,CHI,CAT,1,1,0,1.0,1.0,2.25,3.1,3.4
2012,2013-04-14,GEN,SAM,1,1,0,1.0,1.0,2.4,3.2,3.0
2012,2013-04-14,MIL,NAP,2,2,0,1.0,1.0,2.1,3.3,3.5
2012,2013-04-14,PAL,BOLG,0,0,0,1.0,1.0,2.1,3.25,3.6
2012,2013-04-14,PAR,UDI,2,1,1,3.0,0.0,2.0,3.4,3.75
2012,2013-04-14,TOR,ROM,4,0,1,3.0,0.0,2.88,3.4,2.38
2012,2013-04-13,ATA,FIO,5,0,1,3.0,0.0,3.25,3.25,2.25
2012,2013-04-13,PES,SIE,0,3,-1,0.0,3.0,3.6,3.25,2.1
2012,2013-04-08,ROM,LAZ,1,0,1,3.0,0.0,1.91,3.6,3.75
2012,2013-04-07,CAT,CAG,2,1,1,3.0,0.0,1.91,3.3,4.2
2012,2013-04-07,FIO,MIL,4,2,1,3.0,0.0,2.88,3.2,2.5
2012,2013-04-07,INT,ATA,2,0,1,3.0,0.0,1.75,3.6,4.75
2012,2013-04-07,NAP,GEN,0,2,-1,0.0,3.0,1.36,4.5,9.0
2012,2013-04-07,SAM,PAL,0,0,0,1.0,1.0,2.05,3.25,3.75
2012,2013-04-07,SIE,PAR,2,2,0,1.0,1.0,2.4,3.1,3.1
2012,2013-04-07,UDI,CHI,1,1,0,1.0,1.0,1.8,3.3,4.75
2012,2013-04-06,BOLG,TOR,4,0,1,3.0,0.0,2.1,3.1,3.75
2012,2013-04-06,JUV,PES,0,0,0,1.0,1.0,1.14,8.0,15.0
2012,2013-04-03,SAM,INT,1,2,-1,0.0,3.0,2.63,3.3,2.88
2012,2013-03-30,ATA,SAM,1,1,0,1.0,1.0,2.25,3.0,3.5
2012,2013-03-30,CAG,FIO,2,1,1,3.0,0.0,3.3,3.2,2.25
2012,2013-03-30,CHI,MIL,0,0,0,1.0,1.0,5.0,3.5,1.73
2012,2013-03-30,GEN,SIE,0,0,0,1.0,1.0,1.91,3.25,4.33
2012,2013-03-30,INT,JUV,0,0,0,1.0,1.0,3.25,3.3,2.2
2012,2013-03-30,LAZ,CAT,2,1,1,3.0,0.0,1.95,3.3,4.0
2012,2013-03-30,PAL,ROM,1,0,1,3.0,0.0,3.5,3.5,2.05
2012,2013-03-30,PAR,PES,0,1,-1,0.0,3.0,1.36,4.5,9.0
2012,2013-03-30,TOR,NAP,1,1,0,1.0,1.0,3.3,3.25,2.2
2012,2013-03-30,UDI,BOLG,1,0,1,3.0,0.0,2.0,3.2,4.0
2012,2013-03-17,FIO,GEN,3,0,1,3.0,0.0,1.44,4.2,7.5
2012,2013-03-17,MIL,PAL,1,1,0,1.0,1.0,1.29,5.25,11.0
2012,2013-03-17,NAP,ATA,2,1,1,3.0,0.0,1.44,4.2,7.5
2012,2013-03-17,PES,CHI,2,1,1,3.0,0.0,2.9,3.1,2.5
2012,2013-03-17,ROM,PAR,3,0,1,3.0,0.0,1.5,4.33,6.0
2012,2013-03-17,SIE,CAG,1,0,1,3.0,0.0,2.2,3.2,3.4
2012,2013-03-17,TOR,LAZ,2,1,1,3.0,0.0,2.4,3.1,3.1
2012,2013-03-16,BOLG,JUV,2,2,0,1.0,1.0,5.5,3.75,1.62
2012,2013-03-16,CAT,UDI,1,1,0,1.0,1.0,1.91,3.4,4.0
2012,2013-03-10,ATA,PES,2,2,0,1.0,1.0,1.44,4.0,8.0
2012,2013-03-10,CAG,SAM,0,1,-1,0.0,3.0,2.25,3.1,3.4
2012,2013-03-10,CHI,NAP,3,0,1,3.0,0.0,3.5,3.5,2.05
2012,2013-03-10,INT,BOLG,2,0,1,3.0,0.0,1.73,3.5,5.0
2012,2013-03-10,JUV,CAT,2,2,0,1.0,1.0,1.29,5.25,11.0
2012,2013-03-10,LAZ,FIO,4,2,1,3.0,0.0,2.5,3.25,2.8
2012,2013-03-10,PAL,SIE,1,1,0,1.0,1.0,1.91,3.3,4.2
2012,2013-03-10,PAR,TOR,2,2,0,1.0,1.0,2.0,3.3,3.8
2012,2013-03-09,UDI,ROM,0,0,0,1.0,1.0,2.8,3.4,2.4
2012,2013-03-08,GEN,MIL,2,0,1,3.0,0.0,4.0,3.4,1.91
2012,2013-03-03,BOLG,CAG,2,2,0,1.0,1.0,2.1,3.2,3.6
2012,2013-03-03,CAT,INT,1,0,1,3.0,0.0,2.4,3.2,3.0
2012,2013-03-03,FIO,CHI,3,1,1,3.0,0.0,1.44,4.2,7.5
2012,2013-03-03,PES,UDI,3,0,1,3.0,0.0,3.4,3.3,2.15
2012,2013-03-03,ROM,GEN,0,0,0,1.0,1.0,1.5,4.33,6.0
2012,2013-03-03,SAM,PAR,1,3,-1,0.0,3.0,2.25,3.1,3.4
2012,2013-03-03,SIE,ATA,2,0,1,3.0,0.0,2.2,3.2,3.4
2012,2013-03-03,TOR,PAL,0,2,-1,0.0,3.0,2.1,3.2,3.6
2012,2013-03-02,MIL,LAZ,0,0,0,1.0,1.0,1.62,3.6,6.0
2012,2013-03-01,NAP,JUV,2,0,1,3.0,0.0,3.0,3.2,2.38
2012,2013-02-26,BOLG,FIO,1,1,0,1.0,1.0,3.3,3.3,2.2
2012,2013-02-25,LAZ,PES,1,0,1,3.0,0.0,1.25,5.5,12.0
2012,2013-02-25,UDI,NAP,1,0,1,3.0,0.0,3.0,3.2,2.4
2012,2013-02-24,ATA,ROM,4,0,1,3.0,0.0,2.88,3.4,2.38
2012,2013-02-24,CAG,TOR,2,0,1,3.0,0.0,2.2,3.2,3.4
2012,2013-02-24,INT,MIL,1,1,0,1.0,1.0,3.1,3.3,2.3
2012,2013-02-24,JUV,SIE,2,0,1,3.0,0.0,1.2,6.5,13.0
2012,2013-02-24,PAR,CAT,0,2,-1,0.0,3.0,2.05,3.25,3.75
2012,2013-02-24,SAM,CHI,1,2,-1,0.0,3.0,2.0,3.2,4.0
2012,2013-02-23,PAL,GEN,0,2,-1,0.0,3.0,2.1,3.3,3.5
2012,2013-02-18,SIE,LAZ,2,0,1,3.0,0.0,3.1,3.1,2.4
2012,2013-02-17,CAT,BOLG,0,3,-1,0.0,3.0,2.0,3.3,3.8
2012,2013-02-17,FIO,INT,1,0,1,3.0,0.0,2.0,3.4,3.75
2012,2013-02-17,GEN,UDI,0,1,-1,0.0,3.0,2.4,3.2,3.0
2012,2013-02-17,NAP,SAM,1,1,0,1.0,1.0,1.36,4.75,8.0
2012,2013-02-17,PES,CAG,3,0,1,3.0,0.0,3.0,3.2,2.4
2012,2013-02-17,TOR,ATA,2,3,-1,0.0,3.0,2.1,3.1,3.75
2012,2013-02-16,CHI,PAL,0,2,-1,0.0,3.0,2.2,3.2,3.4
2012,2013-02-16,ROM,JUV,1,1,0,1.0,1.0,3.4,3.4,2.1
2012,2013-02-15,MIL,PAR,0,0,0,1.0,1.0,1.5,4.0,7.0
2012,2013-02-10,ATA,CAT,0,0,0,1.0,1.0,2.2,3.2,3.4
2012,2013-02-10,BOLG,SIE,0,3,-1,0.0,3.0,1.85,3.3,4.5
2012,2013-02-10,CAG,MIL,3,1,1,3.0,0.0,5.25,3.6,1.67
2012,2013-02-10,INT,CHI,1,3,-1,0.0,3.0,1.57,4.0,5.5
2012,2013-02-10,PAL,PES,4,2,1,3.0,0.0,1.57,3.75,6.0
2012,2013-02-10,PAR,GEN,2,0,1,3.0,0.0,1.8,3.5,4.5
2012,2013-02-10,SAM,ROM,3,1,1,3.0,0.0,3.2,3.5,2.15
2012,2013-02-10,UDI,TOR,2,0,1,3.0,0.0,2.0,3.3,3.8
2012,2013-02-09,JUV,FIO,0,5,-1,0.0,3.0,1.62,3.8,5.5
2012,2013-02-09,LAZ,NAP,2,1,1,3.0,0.0,2.88,3.2,2.5
2012,2013-02-03,CHI,JUV,0,1,-1,0.0,3.0,5.5,3.8,1.62
2012,2013-02-03,FIO,PAR,1,2,-1,0.0,3.0,1.73,3.5,5.0
2012,2013-02-03,GEN,LAZ,1,1,0,1.0,1.0,2.8,3.25,2.5
2012,2013-02-03,MIL,UDI,0,1,-1,0.0,3.0,1.53,4.0,6.0
2012,2013-02-03,PAL,ATA,1,2,-1,0.0,3.0,2.15,3.2,3.5
2012,2013-02-03,PES,BOLG,3,1,1,3.0,0.0,3.0,3.2,2.4
2012,2013-02-03,SIE,INT,1,4,-1,0.0,3.0,3.5,3.3,2.1
2012,2013-02-02,NAP,CAT,1,1,0,1.0,1.0,1.5,4.2,6.5
2012,2013-02-02,TOR,SAM,0,1,-1,0.0,3.0,2.1,3.25,3.5
2012,2013-02-01,ROM,CAG,0,0,0,1.0,1.0,1.5,4.33,6.0
2012,2013-01-27,ATA,MIL,0,1,-1,0.0,3.0,3.5,3.3,2.1
2012,2013-01-27,BOLG,ROM,1,2,-1,0.0,3.0,2.9,3.5,2.3
2012,2013-01-27,CAG,PAL,1,0,1,3.0,0.0,1.91,3.4,4.0
2012,2013-01-27,CAT,FIO,1,0,1,3.0,0.0,3.0,3.25,2.38
2012,2013-01-27,INT,TOR,0,0,0,1.0,1.0,1.62,3.75,5.75
2012,2013-01-27,PAR,NAP,2,1,1,3.0,0.0,3.0,3.25,2.38
2012,2013-01-27,SAM,PES,0,1,-1,0.0,3.0,1.62,3.75,5.5
2012,2013-01-27,UDI,SIE,0,2,-1,0.0,3.0,1.57,3.75,6.0
2012,2013-01-26,JUV,GEN,4,0,1,3.0,0.0,1.17,6.5,17.0
2012,2013-01-26,LAZ,CHI,1,2,-1,0.0,3.0,1.57,3.8,6.0
2012,2013-01-20,ATA,CAG,2,2,0,1.0,1.0,2.05,3.2,3.8
2012,2013-01-20,CHI,PAR,2,0,1,3.0,0.0,2.6,3.0,2.9
2012,2013-01-20,FIO,NAP,3,0,1,3.0,0.0,2.5,3.2,2.9
2012,2013-01-20,GEN,CAT,0,3,-1,0.0,3.0,2.25,3.2,3.3
2012,2013-01-20,PES,TOR,2,0,1,3.0,0.0,2.7,3.1,2.7
2012,2013-01-20,ROM,INT,1,0,1,3.0,0.0,1.91,4.0,3.4
2012,2013-01-20,SIE,SAM,2,2,0,1.0,1.0,2.4,3.2,3.0
2012,2013-01-19,JUV,UDI,2,2,0,1.0,1.0,1.36,4.5,9.5
2012,2013-01-19,MIL,BOLG,2,0,1,3.0,0.0,1.4,4.5,8.0
2012,2013-01-19,PAL,LAZ,1,0,1,3.0,0.0,2.88,3.2,2.5
2012,2013-01-13,CAG,GEN,0,0,0,1.0,1.0,2.0,3.4,3.8
2012,2013-01-13,CAT,ROM,3,0,1,3.0,0.0,2.88,3.75,2.2
2012,2013-01-13,LAZ,ATA,1,3,-1,0.0,3.0,1.57,3.8,6.0
2012,2013-01-13,NAP,PAL,2,0,1,3.0,0.0,1.3,5.0,10.0
2012,2013-01-13,PAR,JUV,1,2,-1,0.0,3.0,5.0,3.5,1.73
2012,2013-01-13,SAM,MIL,1,0,1,3.0,0.0,3.6,3.25,2.1
2012,2013-01-13,TOR,SIE,2,1,1,3.0,0.0,2.2,3.2,3.4
2012,2013-01-13,UDI,FIO,1,0,1,3.0,0.0,3.1,3.3,2.3
2012,2013-01-12,BOLG,CHI,3,3,0,1.0,1.0,2.0,3.2,4.0
2012,2013-01-12,INT,PES,1,0,1,3.0,0.0,1.25,5.5,12.0
2012,2013-01-06,CHI,ATA,0,1,-1,0.0,3.0,2.2,3.1,3.5
2012,2013-01-06,FIO,PES,0,1,-1,0.0,3.0,1.25,5.5,12.0
2012,2013-01-06,GEN,BOLG,4,0,1,3.0,0.0,2.3,3.2,3.2
2012,2013-01-06,JUV,SAM,0,0,0,1.0,1.0,1.18,6.5,16.0
2012,2013-01-06,MIL,SIE,1,3,-1,0.0,3.0,1.3,5.0,11.0
2012,2013-01-06,NAP,ROM,0,1,-1,0.0,3.0,2.05,3.75,3.25
2012,2013-01-06,PAR,PAL,1,0,1,3.0,0.0,1.83,3.4,4.5
2012,2013-01-06,UDI,INT,0,2,-1,0.0,3.0,3.0,3.2,2.4
2012,2013-01-05,CAT,TOR,3,0,1,3.0,0.0,1.95,3.3,4.0
2012,2013-01-05,LAZ,CAG,2,1,1,3.0,0.0,1.53,3.9,6.5
2012,2012-12-22,ATA,UDI,0,0,0,1.0,1.0,2.15,3.2,3.5
2012,2012-12-22,BOLG,PAR,0,2,-1,0.0,3.0,2.25,3.25,3.25
2012,2012-12-22,INT,GEN,1,2,-1,0.0,3.0,1.33,5.0,8.5
2012,2012-12-22,PAL,FIO,4,1,1,3.0,0.0,3.2,3.2,2.3
2012,2012-12-22,ROM,MIL,2,4,-1,0.0,3.0,2.25,3.75,2.8
2012,2012-12-22,SAM,LAZ,0,0,0,1.0,1.0,3.25,3.25,2.25
2012,2012-12-22,SIE,NAP,1,1,0,1.0,1.0,4.2,3.3,1.91
2012,2012-12-22,TOR,CHI,4,1,1,3.0,0.0,2.0,3.3,3.8
2012,2012-12-21,CAG,JUV,1,1,0,1.0,1.0,8.5,4.33,1.4
2012,2012-12-21,PES,CAT,1,3,-1,0.0,3.0,3.1,3.2,2.3
2012,2012-12-16,CAT,SAM,2,2,0,1.0,1.0,1.83,3.5,4.33
2012,2012-12-16,CHI,ROM,0,3,-1,0.0,3.0,3.6,3.75,1.91
2012,2012-12-16,FIO,SIE,4,3,1,3.0,0.0,1.44,4.0,8.5
2012,2012-12-16,GEN,TOR,4,1,1,3.0,0.0,2.4,3.2,3.0
2012,2012-12-16,JUV,ATA,2,0,1,3.0,0.0,1.29,5.0,11.0
2012,2012-12-16,MIL,PES,1,2,-1,0.0,3.0,1.2,6.0,15.0
2012,2012-12-16,NAP,BOLG,1,1,0,1.0,1.0,1.36,4.5,9.0
2012,2012-12-16,PAR,CAG,2,1,1,3.0,0.0,2.0,3.2,4.0
2012,2012-12-15,LAZ,INT,1,3,-1,0.0,3.0,2.4,3.2,3.0
2012,2012-12-15,UDI,PAL,1,2,-1,0.0,3.0,1.8,3.5,4.5
2012,2012-12-10,BOLG,LAZ,0,2,-1,0.0,3.0,2.88,3.2,2.5
2012,2012-12-10,SAM,UDI,2,4,-1,0.0,3.0,2.5,3.2,2.88
2012,2012-12-09,CAG,CHI,0,2,-1,0.0,3.0,1.85,3.3,4.5
2012,2012-12-09,INT,NAP,1,0,1,3.0,0.0,2.3,3.3,3.1
2012,2012-12-09,PAL,JUV,0,2,-1,0.0,3.0,5.5,3.8,1.62
2012,2012-12-09,PES,GEN,4,1,1,3.0,0.0,3.0,3.2,2.4
2012,2012-12-09,SIE,CAT,1,1,0,1.0,1.0,2.3,3.1,3.3
2012,2012-12-09,TOR,MIL,0,0,0,1.0,1.0,3.6,3.25,2.1
2012,2012-12-08,ATA,PAR,2,0,1,3.0,0.0,2.25,3.25,3.25
2012,2012-12-08,ROM,FIO,2,1,1,3.0,0.0,1.95,3.75,3.5
2012,2012-12-02,BOLG,ATA,0,0,0,1.0,1.0,2.25,3.2,3.25
2012,2012-12-02,FIO,SAM,0,1,-1,0.0,3.0,1.44,4.2,7.5
2012,2012-12-02,GEN,CHI,2,3,-1,0.0,3.0,2.1,3.25,3.6
2012,2012-12-02,INT,PAL,1,0,1,3.0,0.0,1.44,4.33,7.0
2012,2012-12-02,LAZ,PAR,1,2,-1,0.0,3.0,1.73,3.6,4.75
2012,2012-12-02,NAP,PES,2,3,-1,0.0,3.0,1.2,6.0,15.0
2012,2012-12-02,SIE,ROM,0,2,-1,0.0,3.0,3.5,3.6,2.0
2012,2012-12-02,UDI,CAG,2,0,1,3.0,0.0,1.95,3.2,4.2
2012,2012-12-01,JUV,TOR,0,1,-1,0.0,3.0,1.33,5.0,9.0
2012,2012-11-30,CAT,MIL,1,0,1,3.0,0.0,3.2,3.25,2.25
2012,2012-11-27,LAZ,UDI,2,0,1,3.0,0.0,1.91,3.4,4.0
2012,2012-11-26,CAG,NAP,2,1,1,3.0,0.0,2.88,3.0,2.6
2012,2012-11-26,PAR,INT,0,1,-1,0.0,3.0,2.8,3.25,2.5
2012,2012-11-25,ATA,GEN,1,0,1,3.0,0.0,1.8,3.4,4.75
2012,2012-11-25,CHI,SIE,2,0,1,3.0,0.0,2.05,3.25,3.75
2012,2012-11-25,MIL,JUV,1,1,0,1.0,1.0,3.2,3.25,2.25
2012,2012-11-25,PES,ROM,1,2,-1,0.0,3.0,5.5,4.33,1.53
2012,2012-11-25,SAM,BOLG,1,1,0,1.0,1.0,2.3,3.1,3.3
2012,2012-11-25,TOR,FIO,2,3,-1,0.0,3.0,3.2,3.1,2.3
2012,2012-11-24,PAL,CAT,0,1,-1,0.0,3.0,2.4,3.2,3.0
2012,2012-11-19,ROM,TOR,0,0,0,1.0,1.0,1.6,4.2,5.0
2012,2012-11-18,BOLG,PAL,2,1,1,3.0,0.0,2.2,3.2,3.4
2012,2012-11-18,CAT,CHI,0,1,-1,0.0,3.0,1.83,3.4,4.5
2012,2012-11-18,FIO,ATA,1,3,-1,0.0,3.0,1.57,3.75,6.0
2012,2012-11-18,INT,CAG,4,0,1,3.0,0.0,1.57,3.8,6.0
2012,2012-11-18,SAM,GEN,3,1,1,3.0,0.0,2.38,3.0,3.2
2012,2012-11-18,SIE,PES,1,0,1,3.0,0.0,1.73,3.4,5.25
2012,2012-11-18,UDI,PAR,3,1,1,3.0,0.0,2.1,3.2,3.6
2012,2012-11-17,JUV,LAZ,4,2,1,3.0,0.0,1.5,4.2,6.5
2012,2012-11-17,NAP,MIL,1,2,-1,0.0,3.0,1.83,3.5,4.2
2012,2012-11-11,ATA,INT,1,2,-1,0.0,3.0,3.25,3.25,2.25
2012,2012-11-11,CHI,UDI,0,0,0,1.0,1.0,2.38,3.1,3.1
2012,2012-11-11,GEN,NAP,3,0,1,3.0,0.0,3.8,3.3,2.0
2012,2012-11-11,LAZ,ROM,3,0,1,3.0,0.0,2.63,3.5,2.5
2012,2012-11-11,MIL,FIO,2,1,1,3.0,0.0,2.0,3.25,4.0
2012,2012-11-11,PAL,SAM,0,2,-1,0.0,3.0,2.1,3.25,3.6
2012,2012-11-11,PAR,SIE,0,2,-1,0.0,3.0,1.75,3.4,5.0
2012,2012-11-11,TOR,BOLG,4,1,1,3.0,0.0,2.0,3.1,4.2
2012,2012-11-10,CAG,CAT,4,1,1,3.0,0.0,2.1,3.2,3.6
2012,2012-11-10,PES,JUV,4,2,1,3.0,0.0,8.5,4.75,1.36
2012,2012-11-04,BOLG,UDI,2,5,-1,0.0,3.0,2.25,3.2,3.3
2012,2012-11-04,CAT,LAZ,1,1,0,1.0,1.0,2.4,3.2,3.0
2012,2012-11-04,FIO,CAG,3,1,1,3.0,0.0,1.57,3.6,6.5
2012,2012-11-04,NAP,TOR,0,0,0,1.0,1.0,1.5,4.0,7.0
2012,2012-11-04,PES,PAR,2,0,1,3.0,0.0,3.4,3.1,2.25
2012,2012-11-04,ROM,PAL,1,0,1,3.0,0.0,1.5,4.33,6.0
2012,2012-11-04,SAM,ATA,0,3,-1,0.0,3.0,2.2,3.2,3.4
2012,2012-11-04,SIE,GEN,1,3,-1,0.0,3.0,2.15,3.25,3.4
2012,2012-11-03,JUV,INT,1,3,-1,0.0,3.0,1.65,3.6,5.5
2012,2012-11-03,MIL,CHI,2,1,1,3.0,0.0,1.44,4.33,7.0
2012,2012-11-01,GEN,FIO,0,3,-1,0.0,3.0,3.1,3.25,2.3
2012,2012-10-31,ATA,NAP,2,0,1,3.0,0.0,3.5,3.3,2.1
2012,2012-10-31,CAG,SIE,4,1,1,3.0,0.0,1.91,3.3,4.2
2012,2012-10-31,CHI,PES,0,0,0,1.0,1.0,1.73,3.5,5.0
2012,2012-10-31,INT,SAM,3,1,1,3.0,0.0,1.5,4.0,7.0
2012,2012-10-31,JUV,BOLG,2,1,1,3.0,0.0,1.25,5.5,12.0
2012,2012-10-31,LAZ,TOR,0,0,0,1.0,1.0,1.73,3.6,4.75
2012,2012-10-31,PAR,ROM,3,0,1,3.0,0.0,2.8,3.5,2.38
2012,2012-10-31,UDI,CAT,4,0,1,3.0,0.0,1.85,3.5,4.2
2012,2012-10-30,PAL,MIL,4,0,1,3.0,0.0,3.2,3.3,2.25
2012,2012-10-28,BOLG,INT,2,0,1,3.0,0.0,3.6,3.2,2.1
2012,2012-10-28,CAT,JUV,1,2,-1,0.0,3.0,5.0,3.5,1.73
2012,2012-10-28,FIO,LAZ,0,3,-1,0.0,3.0,2.1,3.25,3.5
2012,2012-10-28,NAP,CHI,2,2,0,1.0,1.0,1.4,4.33,8.5
2012,2012-10-28,PES,ATA,1,4,-1,0.0,3.0,2.9,3.1,2.5
2012,2012-10-28,ROM,UDI,3,3,0,1.0,1.0,1.57,4.33,5.0
2012,2012-10-28,SAM,CAG,0,0,0,1.0,1.0,2.1,3.2,3.6
2012,2012-10-28,TOR,PAR,3,1,1,3.0,0.0,2.2,3.1,3.5
2012,2012-10-27,MIL,GEN,1,1,0,1.0,1.0,1.5,4.0,7.0
2012,2012-10-27,SIE,PAL,1,1,0,1.0,1.0,2.2,3.2,3.4
2012,2012-10-21,ATA,SIE,1,1,0,1.0,1.0,2.0,3.2,4.0
2012,2012-10-21,CAG,BOLG,1,1,0,1.0,1.0,2.0,3.3,3.8
2012,2012-10-21,CHI,FIO,0,0,0,1.0,1.0,3.1,3.1,2.38
2012,2012-10-21,GEN,ROM,2,3,-1,0.0,3.0,3.3,3.6,2.05
2012,2012-10-21,INT,CAT,0,3,-1,0.0,3.0,1.57,3.8,6.0
2012,2012-10-21,PAL,TOR,2,3,-1,0.0,3.0,2.1,3.3,3.5
2012,2012-10-21,PAR,SAM,1,1,0,1.0,1.0,2.15,3.25,3.4
2012,2012-10-21,UDI,PES,2,4,-1,0.0,3.0,1.5,4.0,7.0
2012,2012-10-20,JUV,NAP,0,0,0,1.0,1.0,1.7,3.6,5.0
2012,2012-10-20,LAZ,MIL,3,0,1,3.0,0.0,2.25,3.4,3.1
2012,2012-10-07,CAT,PAR,3,0,1,3.0,0.0,2.1,3.4,3.4
2012,2012-10-07,FIO,BOLG,0,0,0,1.0,1.0,1.62,3.6,6.0
2012,2012-10-07,MIL,INT,2,1,1,3.0,0.0,2.38,3.3,2.9
2012,2012-10-07,NAP,UDI,3,1,1,3.0,0.0,1.5,4.0,7.0
2012,2012-10-07,PES,LAZ,2,1,1,3.0,0.0,4.2,3.3,1.91
2012,2012-10-07,ROM,ATA,1,1,0,1.0,1.0,1.5,4.33,6.0
2012,2012-10-07,SIE,JUV,4,4,0,1.0,1.0,6.5,3.8,1.53
2012,2012-10-07,TOR,CAG,0,1,-1,0.0,3.0,1.85,3.4,4.33
2012,2012-10-06,CHI,SAM,2,2,0,1.0,1.0,2.5,3.1,2.9
2012,2012-10-06,GEN,PAL,1,4,-1,0.0,3.0,2.1,3.4,3.4
2012,2012-09-30,ATA,TOR,1,0,1,3.0,0.0,2.1,3.2,3.6
2012,2012-09-30,BOLG,CAT,2,1,1,3.0,0.0,2.4,3.3,2.9
2012,2012-09-30,CAG,PES,3,0,1,3.0,0.0,1.73,3.5,5.0
2012,2012-09-30,INT,FIO,0,3,-1,0.0,3.0,2.1,3.3,3.5
2012,2012-09-30,LAZ,SIE,1,0,1,3.0,0.0,1.57,3.8,6.0
2012,2012-09-30,PAL,CHI,2,6,-1,0.0,3.0,2.2,3.3,3.25
2012,2012-09-30,SAM,NAP,6,3,1,3.0,0.0,3.4,3.4,2.1
2012,2012-09-30,UDI,GEN,0,2,-1,0.0,3.0,1.91,3.5,4.0
2012,2012-09-29,JUV,ROM,0,1,-1,0.0,3.0,1.67,4.0,4.75
2012,2012-09-29,PAR,MIL,0,1,-1,0.0,3.0,3.0,3.25,2.38
2012,2012-09-27,SIE,BOLG,1,3,-1,0.0,3.0,2.2,3.1,3.5
2012,2012-09-26,CAT,ATA,4,0,1,3.0,0.0,2.1,3.25,3.6
2012,2012-09-26,CHI,INT,0,0,0,1.0,1.0,3.0,3.2,2.4
2012,2012-09-26,GEN,PAR,2,3,-1,0.0,3.0,2.3,3.2,3.2
2012,2012-09-26,MIL,CAG,2,1,1,3.0,0.0,1.62,3.6,6.0
2012,2012-09-26,NAP,LAZ,4,1,1,3.0,0.0,1.91,3.5,4.0
2012,2012-09-26,PES,PAL,2,1,1,3.0,0.0,2.5,3.25,2.8
2012,2012-09-26,ROM,SAM,2,1,1,3.0,0.0,1.62,4.1,5.0
2012,2012-09-26,TOR,UDI,0,1,-1,0.0,3.0,2.3,3.2,3.2
2012,2012-09-25,FIO,JUV,1,1,0,1.0,1.0,3.6,3.25,2.1
2012,2012-09-23,ATA,PAL,2,1,1,3.0,0.0,1.83,3.4,4.5
2012,2012-09-23,BOLG,PES,0,2,-1,0.0,3.0,1.73,3.5,5.0
2012,2012-09-23,CAG,ROM,0,0,0,1.0,1.0,3.1,3.5,2.2
2012,2012-09-23,CAT,NAP,1,0,1,3.0,0.0,2.9,3.3,2.38
2012,2012-09-23,INT,SIE,1,2,-1,0.0,3.0,1.4,4.33,8.5
2012,2012-09-23,LAZ,GEN,2,1,1,3.0,0.0,1.53,4.0,6.0
2012,2012-09-23,SAM,TOR,0,4,-1,0.0,3.0,2.1,3.2,3.6
2012,2012-09-23,UDI,MIL,3,0,1,3.0,0.0,2.7,3.4,2.5
2012,2012-09-22,JUV,CHI,2,3,-1,0.0,3.0,1.29,5.25,10.0
2012,2012-09-22,PAR,FIO,4,1,1,3.0,0.0,2.4,3.2,3.0
2012,2012-09-16,CHI,LAZ,2,1,1,3.0,0.0,2.8,3.1,2.6
2012,2012-09-16,FIO,CAT,2,3,-1,0.0,3.0,1.91,3.3,4.2
2012,2012-09-16,GEN,JUV,1,0,1,3.0,0.0,5.5,3.75,1.62
2012,2012-09-16,NAP,PAR,2,3,-1,0.0,3.0,1.55,3.8,6.5
2012,2012-09-16,PES,SAM,3,0,1,3.0,0.0,2.8,3.1,2.6
2012,2012-09-16,ROM,BOLG,3,0,1,3.0,0.0,1.4,4.75,7.5
2012,2012-09-16,SIE,UDI,4,2,1,3.0,0.0,2.5,3.2,2.88
2012,2012-09-16,TOR,INT,0,0,0,1.0,1.0,3.1,3.3,2.3
2012,2012-09-15,MIL,ATA,1,0,1,3.0,0.0,1.5,4.0,7.0
2012,2012-09-15,PAL,CAG,0,3,-1,0.0,3.0,2.2,3.2,3.4
2012,2012-09-02,CAG,ATA,0,5,-1,0.0,3.0,2.3,3.0,3.4
2012,2012-09-02,CAT,GEN,1,1,0,1.0,1.0,2.05,3.25,3.75
2012,2012-09-02,INT,ROM,2,0,1,3.0,0.0,1.95,3.6,3.75
2012,2012-09-02,LAZ,PAL,1,2,-1,0.0,3.0,1.67,3.75,5.0
2012,2012-09-02,NAP,FIO,0,1,-1,0.0,3.0,1.73,3.5,5.0
2012,2012-09-02,PAR,CHI,2,0,1,3.0,0.0,2.05,3.2,3.8
2012,2012-09-02,SAM,SIE,0,0,0,1.0,1.0,1.83,3.4,4.5
2012,2012-09-02,UDI,JUV,2,4,-1,0.0,3.0,5.0,3.5,1.73
2012,2012-09-01,BOLG,MIL,0,1,-1,0.0,3.0,3.6,3.2,2.1
2012,2012-09-01,TOR,PES,0,3,-1,0.0,3.0,1.83,3.4,4.5
2012,2012-08-26,ATA,LAZ,3,1,1,3.0,0.0,2.4,3.2,3.0
2012,2012-08-26,CHI,BOLG,0,1,-1,0.0,3.0,2.1,3.2,3.6
2012,2012-08-26,GEN,CAG,2,1,1,3.0,0.0,1.95,3.3,4.0
2012,2012-08-26,MIL,SAM,1,0,1,3.0,0.0,1.4,4.5,8.0
2012,2012-08-26,PAL,NAP,0,2,-1,0.0,3.0,3.0,3.25,2.38
2012,2012-08-26,PES,INT,1,0,1,3.0,0.0,4.33,3.6,1.8
2012,2012-08-26,ROM,CAT,3,3,0,1.0,1.0,1.4,4.5,8.0
2012,2012-08-26,SIE,TOR,3,1,1,3.0,0.0,2.25,3.1,3.4
2012,2012-08-25,FIO,UDI,2,1,1,3.0,0.0,2.05,3.2,3.75
2012,2012-08-25,JUV,PAR,0,2,-1,0.0,3.0,1.3,5.0,10.5
2011,2012-05-13,CAT,UDI,1,1,0,1.0,1.0,4.0,2.15,2.88
2011,2012-05-13,CES,ROM,2,1,1,3.0,0.0,4.5,3.75,1.73
2011,2012-05-13,CHI,LEC,2,0,1,3.0,0.0,2.25,3.5,3.0
2011,2012-05-13,FIO,CAG,3,4,-1,0.0,3.0,2.0,3.3,3.75
2011,2012-05-13,GEN,PAL,2,1,1,3.0,0.0,2.0,2.3,6.0
2011,2012-05-13,JUV,ATA,1,2,-1,0.0,3.0,1.3,5.0,10.0
2011,2012-05-13,LAZ,INT,1,2,-1,0.0,3.0,2.88,3.4,2.38
2011,2012-05-13,MIL,NOV,1,2,-1,0.0,3.0,1.25,5.5,12.0
2011,2012-05-13,NAP,SIE,1,1,0,1.0,1.0,1.33,4.5,11.0
2011,2012-05-13,PAR,BOLG,0,3,-1,0.0,3.0,1.91,3.4,4.0
2011,2012-05-06,ATA,LAZ,2,1,1,3.0,0.0,2.3,3.2,3.1
2011,2012-05-06,BOLG,NAP,0,2,-1,0.0,3.0,5.0,4.0,1.62
2011,2012-05-06,CAG,JUV,1,1,0,1.0,1.0,13.0,5.25,1.25
2011,2012-05-06,INT,MIL,1,1,0,1.0,1.0,3.75,3.6,1.91
2011,2012-05-06,NOV,CES,3,0,1,3.0,0.0,2.0,3.3,3.8
2011,2012-05-06,PAL,CHI,3,0,1,3.0,0.0,2.0,3.3,3.75
2011,2012-05-06,SIE,PAR,1,1,0,1.0,1.0,2.3,3.25,3.1
2011,2012-05-06,UDI,GEN,4,1,1,3.0,0.0,1.62,3.75,5.5
2011,2012-05-05,LEC,FIO,2,2,0,1.0,1.0,1.95,3.4,3.8
2011,2012-05-05,ROM,CAT,3,3,0,1.0,1.0,1.62,3.75,5.5
2011,2012-05-02,CAT,BOLG,1,2,-1,0.0,3.0,1.95,3.2,4.2
2011,2012-05-02,CES,UDI,4,1,1,3.0,0.0,5.0,3.5,1.73
2011,2012-05-02,FIO,NOV,2,0,1,3.0,0.0,1.5,4.0,7.0
2011,2012-05-02,GEN,CAG,0,0,0,1.0,1.0,1.73,3.5,5.0
2011,2012-05-02,JUV,LEC,0,1,-1,0.0,3.0,1.17,7.5,13.0
2011,2012-05-02,LAZ,SIE,3,0,1,3.0,0.0,1.57,3.75,6.0
2011,2012-05-02,MIL,ATA,0,0,0,1.0,1.0,1.22,6.0,12.0
2011,2012-05-02,PAR,INT,2,1,1,3.0,0.0,3.75,3.6,1.91
2011,2012-05-01,CHI,ROM,2,0,1,3.0,0.0,3.5,3.3,2.1
2011,2012-05-01,NAP,PAL,2,2,0,1.0,1.0,1.3,5.25,9.5
2011,2012-04-29,ATA,FIO,3,1,1,3.0,0.0,2.7,2.5,3.4
2011,2012-04-29,BOLG,GEN,3,0,1,3.0,0.0,2.6,3.2,2.75
2011,2012-04-29,INT,CES,2,1,1,3.0,0.0,1.25,5.5,12.0
2011,2012-04-29,LEC,PAR,6,1,1,3.0,0.0,2.0,3.5,3.6
2011,2012-04-29,NOV,JUV,2,3,-1,0.0,3.0,12.0,5.5,1.25
2011,2012-04-29,SIE,MIL,0,0,0,1.0,1.0,5.5,4.0,1.57
2011,2012-04-29,UDI,LAZ,1,0,1,3.0,0.0,2.2,3.3,3.25
2011,2012-04-28,CAG,CHI,2,0,1,3.0,0.0,1.91,3.1,4.5
2011,2012-04-28,PAL,CAT,0,0,0,1.0,1.0,2.2,2.88,3.75
2011,2012-04-28,ROM,NAP,0,1,-1,0.0,3.0,2.8,3.2,2.5
2011,2012-04-25,CES,JUV,2,0,1,3.0,0.0,13.0,6.0,1.22
2011,2012-04-25,LEC,NAP,3,0,1,3.0,0.0,3.1,3.3,2.3
2011,2012-04-25,MIL,GEN,1,0,1,3.0,0.0,1.2,6.5,13.0
2011,2012-04-25,NOV,LAZ,0,5,-1,0.0,3.0,5.0,3.5,1.73
2011,2012-04-25,PAL,PAR,2,0,1,3.0,0.0,2.38,2.8,3.5
2011,2012-04-25,ROM,FIO,4,1,1,3.0,0.0,1.62,3.75,5.5
2011,2012-04-25,SIE,BOLG,2,0,1,3.0,0.0,2.25,2.5,4.5
2011,2012-04-25,UDI,INT,0,1,-1,0.0,3.0,2.3,3.4,3.0
2011,2012-04-24,ATA,CHI,1,4,-1,0.0,3.0,2.1,2.63,4.75
2011,2012-04-24,CAG,CAT,0,0,0,1.0,1.0,1.91,3.4,4.0
2011,2012-04-22,CES,PAL,2,1,1,3.0,0.0,3.4,3.1,2.25
2011,2012-04-22,FIO,INT,2,1,1,3.0,0.0,2.8,3.25,2.5
2011,2012-04-22,GEN,SIE,1,0,1,3.0,0.0,2.1,3.2,3.6
2011,2012-04-22,JUV,ROM,2,1,1,3.0,0.0,1.44,4.2,7.5
2011,2012-04-22,LAZ,LEC,3,1,1,3.0,0.0,1.62,3.75,5.5
2011,2012-04-22,MIL,BOLG,3,3,0,1.0,1.0,1.2,6.5,13.0
2011,2012-04-21,CAT,ATA,2,2,0,1.0,1.0,2.1,2.8,4.33
2011,2012-04-21,CHI,UDI,0,0,0,1.0,1.0,3.1,3.1,2.4
2011,2012-04-21,NAP,NOV,2,0,1,3.0,0.0,1.22,6.0,12.0
2011,2012-04-21,PAR,CAG,2,0,1,3.0,0.0,2.25,2.7,4.0
2011,2012-04-12,BOLG,CAG,0,0,0,1.0,1.0,2.75,2.38,3.6
2011,2012-04-11,CAT,LEC,4,2,1,3.0,0.0,2.05,3.4,3.6
2011,2012-04-11,FIO,PAL,2,2,0,1.0,1.0,1.7,3.6,5.0
2011,2012-04-11,GEN,CES,3,0,1,3.0,0.0,1.44,4.0,8.0
2011,2012-04-11,INT,SIE,4,1,1,3.0,0.0,1.62,3.8,5.5
2011,2012-04-11,JUV,LAZ,2,2,0,1.0,1.0,1.44,4.0,8.5
2011,2012-04-11,NAP,ATA,3,1,1,3.0,0.0,1.44,4.0,8.5
2011,2012-04-11,PAR,NOV,2,1,1,3.0,0.0,1.57,3.8,6.0
2011,2012-04-11,ROM,UDI,0,1,-1,0.0,3.0,1.95,3.3,4.0
2011,2012-04-10,CHI,MIL,2,1,1,3.0,0.0,6.0,3.8,1.57
2011,2012-04-07,ATA,SIE,0,1,-1,0.0,3.0,2.4,2.5,4.0
2011,2012-04-07,CAG,INT,0,1,-1,0.0,3.0,4.0,3.25,2.0
2011,2012-04-07,CES,BOLG,2,0,1,3.0,0.0,3.6,3.0,2.2
2011,2012-04-07,CHI,CAT,3,2,1,3.0,0.0,2.63,2.7,3.2
2011,2012-04-07,LAZ,NAP,0,0,0,1.0,1.0,2.75,3.0,2.7
2011,2012-04-07,LEC,ROM,0,2,-1,0.0,3.0,4.0,3.5,1.91
2011,2012-04-07,MIL,FIO,0,1,-1,0.0,3.0,1.29,5.0,12.0
2011,2012-04-07,NOV,GEN,2,0,1,3.0,0.0,2.6,3.3,2.63
2011,2012-04-07,PAL,JUV,1,0,1,3.0,0.0,6.0,3.8,1.57
2011,2012-04-07,UDI,PAR,3,4,-1,0.0,3.0,1.8,3.5,4.5
2011,2012-04-01,BOLG,PAL,4,0,1,3.0,0.0,2.4,2.5,4.0
2011,2012-04-01,CAG,ATA,2,1,1,3.0,0.0,2.25,2.5,4.5
2011,2012-04-01,FIO,CHI,4,1,1,3.0,0.0,1.75,3.4,5.0
2011,2012-04-01,INT,GEN,1,1,0,1.0,1.0,1.57,3.8,6.0
2011,2012-04-01,JUV,NAP,3,1,1,3.0,0.0,1.8,3.5,4.5
2011,2012-04-01,LEC,CES,0,3,-1,0.0,3.0,1.53,3.75,7.0
2011,2012-04-01,ROM,NOV,2,0,1,3.0,0.0,1.3,5.0,11.0
2011,2012-04-01,SIE,UDI,1,0,1,3.0,0.0,2.63,3.0,2.88
2011,2012-03-31,CAT,MIL,2,1,1,3.0,0.0,3.5,3.25,2.1
2011,2012-03-31,PAR,LAZ,4,0,1,3.0,0.0,2.5,3.0,3.0
2011,2012-03-25,ATA,BOLG,1,0,1,3.0,0.0,2.38,2.63,3.75
2011,2012-03-25,CES,PAR,0,2,-1,0.0,3.0,3.8,3.3,2.0
2011,2012-03-25,CHI,SIE,2,3,-1,0.0,3.0,2.5,2.4,4.0
2011,2012-03-25,GEN,FIO,2,0,1,3.0,0.0,2.4,3.0,3.2
2011,2012-03-25,JUV,INT,1,1,0,1.0,1.0,1.62,3.75,5.5
2011,2012-03-25,LAZ,CAG,2,0,1,3.0,0.0,1.8,3.25,5.0
2011,2012-03-25,NAP,CAT,3,3,0,1.0,1.0,1.57,3.75,6.0
2011,2012-03-25,NOV,LEC,2,0,1,3.0,0.0,2.38,3.1,3.1
2011,2012-03-24,MIL,ROM,1,2,-1,0.0,3.0,1.67,3.5,5.5
2011,2012-03-24,PAL,UDI,1,1,0,1.0,1.0,2.4,3.3,2.88
2011,2012-03-19,ROM,GEN,2,0,1,3.0,0.0,1.5,4.0,7.0
2011,2012-03-18,BOLG,CHI,0,0,0,1.0,1.0,2.2,2.8,4.0
2011,2012-03-18,CAG,CES,0,1,-1,0.0,3.0,1.53,3.75,7.0
2011,2012-03-18,CAT,LAZ,3,0,1,3.0,0.0,2.38,3.25,3.0
2011,2012-03-18,INT,ATA,1,0,1,3.0,0.0,1.62,3.8,5.5
2011,2012-03-18,LEC,PAL,1,0,1,3.0,0.0,2.05,3.4,3.6
2011,2012-03-18,SIE,NOV,1,2,-1,0.0,3.0,1.57,3.6,6.5
2011,2012-03-18,UDI,NAP,4,0,1,3.0,0.0,2.5,3.2,2.88
2011,2012-03-17,FIO,JUV,1,2,-1,0.0,3.0,4.0,3.2,2.0
2011,2012-03-17,PAR,MIL,2,1,1,3.0,0.0,5.5,3.5,1.67
2011,2012-03-11,ATA,PAR,3,1,1,3.0,0.0,2.1,3.1,3.75
2011,2012-03-11,CAT,FIO,4,2,1,3.0,0.0,2.0,3.3,3.8
2011,2012-03-11,CES,SIE,4,0,1,3.0,0.0,2.9,3.1,2.5
2011,2012-03-11,GEN,JUV,0,1,-1,0.0,3.0,4.33,3.5,1.83
2011,2012-03-11,LAZ,BOLG,2,0,1,3.0,0.0,1.67,3.5,5.5
2011,2012-03-11,MIL,LEC,0,0,0,1.0,1.0,1.2,6.0,15.0
2011,2012-03-11,NOV,UDI,1,2,-1,0.0,3.0,4.2,3.3,1.91
2011,2012-03-10,PAL,ROM,5,0,1,3.0,0.0,2.63,3.3,2.63
2011,2012-03-09,CHI,INT,0,2,-1,0.0,3.0,2.75,3.2,2.6
2011,2012-03-09,NAP,CAG,1,1,0,1.0,1.0,1.53,3.75,7.0
2011,2012-03-07,BOLG,JUV,1,1,0,1.0,1.0,5.0,3.5,1.73
2011,2012-03-07,CES,CAT,0,1,-1,0.0,3.0,2.7,3.0,2.8
2011,2012-03-07,PAR,FIO,4,3,1,3.0,0.0,2.1,3.1,3.75
2011,2012-03-04,BOLG,NOV,2,1,1,3.0,0.0,1.73,3.5,5.0
2011,2012-03-04,FIO,CES,4,1,1,3.0,0.0,1.5,3.75,7.5
2011,2012-03-04,INT,CAT,1,0,1,3.0,0.0,1.67,3.5,5.5
2011,2012-03-04,LEC,GEN,2,2,0,1.0,1.0,2.15,3.3,3.4
2011,2012-03-04,PAR,NAP,2,0,1,3.0,0.0,3.6,3.2,2.1
2011,2012-03-04,ROM,LAZ,1,1,0,1.0,1.0,2.1,3.3,3.5
2011,2012-03-04,SIE,CAG,0,1,-1,0.0,3.0,2.1,3.2,3.6
2011,2012-03-04,UDI,ATA,0,2,-1,0.0,3.0,1.67,3.5,5.5
2011,2012-03-03,JUV,CHI,1,1,0,1.0,1.0,1.29,5.25,10.0
2011,2012-03-03,PAL,MIL,3,1,1,3.0,0.0,4.75,3.6,1.73
2011,2012-02-26,ATA,ROM,1,0,1,3.0,0.0,3.0,3.25,2.38
2011,2012-02-26,BOLG,UDI,3,1,1,3.0,0.0,2.5,3.0,3.0
2011,2012-02-26,CAG,LEC,1,1,0,1.0,1.0,1.8,3.4,4.75
2011,2012-02-26,CAT,NOV,2,1,1,3.0,0.0,1.53,3.8,6.5
2011,2012-02-26,CHI,CES,1,1,0,1.0,1.0,2.0,3.2,4.0
2011,2012-02-26,LAZ,FIO,2,2,0,1.0,1.0,2.1,3.25,3.6
2011,2012-02-26,NAP,INT,1,4,-1,0.0,3.0,1.83,3.4,4.33
2011,2012-02-26,SIE,PAL,2,2,0,1.0,1.0,2.2,3.2,3.4
2011,2012-02-25,GEN,PAR,1,0,1,3.0,0.0,2.1,3.2,3.6
2011,2012-02-25,MIL,JUV,1,1,0,1.0,1.0,2.2,3.25,3.3
2011,2012-02-22,SIE,CAT,1,2,-1,0.0,3.0,2.1,3.2,3.6
2011,2012-02-21,BOLG,FIO,1,1,0,1.0,1.0,2.5,3.0,3.0
2011,2012-02-19,CES,MIL,1,1,0,1.0,1.0,6.5,3.8,1.53
2011,2012-02-19,GEN,CHI,1,1,0,1.0,1.0,1.91,3.4,4.0
2011,2012-02-19,LEC,SIE,2,0,1,3.0,0.0,2.4,3.2,3.0
2011,2012-02-19,NOV,ATA,0,0,0,1.0,1.0,2.6,3.2,2.75
2011,2012-02-19,PAL,LAZ,1,0,1,3.0,0.0,2.4,3.2,3.0
2011,2012-02-19,ROM,PAR,3,0,1,3.0,0.0,1.57,3.75,6.0
2011,2012-02-19,UDI,CAG,2,1,1,3.0,0.0,1.95,3.4,4.0
2011,2012-02-18,JUV,CAT,0,0,0,1.0,1.0,1.33,5.0,9.0
2011,2012-02-17,FIO,NAP,0,0,0,1.0,1.0,2.38,3.0,3.25
2011,2012-02-17,INT,BOLG,1,2,-1,0.0,3.0,1.44,4.0,8.0
2011,2012-02-15,ATA,GEN,1,1,0,1.0,1.0,2.1,3.3,3.5
2011,2012-02-15,PAR,JUV,0,2,-1,0.0,3.0,4.75,3.4,1.8
2011,2012-02-13,NAP,CHI,1,0,1,3.0,0.0,1.53,4.0,6.0
2011,2012-02-13,SIE,ROM,1,3,-1,0.0,3.0,3.1,3.25,2.3
2011,2012-02-12,ATA,LEC,2,0,1,3.0,0.0,1.83,3.4,4.5
2011,2012-02-12,CAT,GEN,0,2,-1,0.0,3.0,2.1,3.25,3.5
2011,2012-02-12,INT,NOV,3,0,1,3.0,0.0,1.25,5.5,13.0
2011,2012-02-11,CAG,PAL,1,0,1,3.0,0.0,2.1,3.2,3.6
2011,2012-02-11,UDI,MIL,0,0,0,1.0,1.0,2.5,3.2,2.88
2011,2012-02-09,LAZ,CES,1,0,1,3.0,0.0,1.5,3.75,7.5
2011,2012-02-08,CAT,ROM,2,1,1,3.0,0.0,3.25,3.2,2.25
2011,2012-02-05,CHI,PAR,1,3,-1,0.0,3.0,2.3,3.1,3.3
2011,2012-02-05,FIO,UDI,1,0,1,3.0,0.0,2.4,3.2,3.0
2011,2012-02-05,GEN,LAZ,1,1,0,1.0,1.0,2.5,3.25,2.8
2011,2012-02-05,JUV,SIE,1,1,0,1.0,1.0,1.3,5.0,11.0
2011,2012-02-05,LEC,BOLG,1,1,0,1.0,1.0,2.3,3.2,3.2
2011,2012-02-05,MIL,NAP,3,0,1,3.0,0.0,1.73,3.5,5.0
2011,2012-02-05,NOV,CAG,1,2,-1,0.0,3.0,2.8,3.1,2.63
2011,2012-02-05,PAL,ATA,1,0,1,3.0,0.0,1.83,3.4,4.5
2011,2012-02-04,ROM,INT,1,1,0,1.0,1.0,2.4,3.2,3.0
2011,2012-02-02,NOV,CHI,3,2,1,3.0,0.0,2.63,3.1,2.75
2011,2012-02-01,CAG,ROM,2,1,1,3.0,0.0,2.88,3.2,2.5
2011,2012-02-01,INT,PAL,1,1,0,1.0,1.0,1.44,4.2,7.5
2011,2012-02-01,LAZ,MIL,1,4,-1,0.0,3.0,3.2,3.2,2.3
2011,2012-02-01,NAP,CES,0,1,-1,0.0,3.0,1.29,5.0,11.0
2011,2012-02-01,UDI,LEC,1,2,-1,0.0,3.0,1.44,4.2,7.0
2011,2012-01-29,CES,ATA,2,0,1,3.0,0.0,2.6,3.1,2.8
2011,2012-01-29,CHI,LAZ,2,1,1,3.0,0.0,2.88,3.2,2.5
2011,2012-01-29,FIO,SIE,2,0,1,3.0,0.0,1.83,3.25,4.75
2011,2012-01-29,GEN,NAP,1,1,0,1.0,1.0,3.2,3.25,2.25
2011,2012-01-29,LEC,INT,0,1,-1,0.0,3.0,6.0,3.6,1.62
2011,2012-01-29,MIL,CAG,3,0,1,3.0,0.0,1.3,5.0,10.0
2011,2012-01-29,PAL,NOV,0,0,0,1.0,1.0,1.53,3.75,7.0
2011,2012-01-29,ROM,BOLG,2,2,0,1.0,1.0,1.4,4.2,9.0
2011,2012-01-28,CAT,PAR,2,1,1,3.0,0.0,2.1,3.25,3.6
2011,2012-01-28,JUV,UDI,4,0,1,3.0,0.0,1.62,3.75,5.5
2011,2012-01-22,BOLG,PAR,2,2,0,1.0,1.0,2.5,3.0,3.0
2011,2012-01-22,CAG,FIO,0,0,0,1.0,1.0,2.38,3.1,3.1
2011,2012-01-22,INT,LAZ,5,0,1,3.0,0.0,1.62,3.6,6.0
2011,2012-01-22,LEC,CHI,2,0,1,3.0,0.0,2.4,3.2,3.0
2011,2012-01-22,NOV,MIL,2,0,1,3.0,0.0,8.5,4.33,1.4
2011,2012-01-22,PAL,GEN,2,0,1,3.0,0.0,2.05,3.25,3.75
2011,2012-01-22,SIE,NAP,0,2,-1,0.0,3.0,3.5,3.3,2.1
2011,2012-01-22,UDI,CAT,2,2,0,1.0,1.0,1.62,3.6,6.0
2011,2012-01-21,ATA,JUV,0,0,0,1.0,1.0,4.33,3.25,1.91
2011,2012-01-21,ROM,CES,3,1,1,3.0,0.0,1.4,4.2,9.0
2011,2012-01-16,NAP,BOLG,2,0,1,3.0,0.0,1.33,5.0,9.0
2011,2012-01-15,CES,NOV,2,2,0,1.0,1.0,2.0,3.2,4.0
2011,2012-01-15,CHI,PAL,0,0,0,1.0,1.0,2.1,3.0,3.9
2011,2012-01-15,FIO,LEC,0,3,-1,0.0,3.0,1.4,4.5,8.0
2011,2012-01-15,GEN,UDI,3,0,1,3.0,0.0,2.9,3.1,2.5
2011,2012-01-15,JUV,CAG,3,1,1,3.0,0.0,1.3,4.5,13.0
2011,2012-01-15,LAZ,ATA,4,1,1,3.0,0.0,1.8,3.4,4.75
2011,2012-01-15,MIL,INT,0,2,-1,0.0,3.0,2.1,3.25,3.6
2011,2012-01-15,PAR,SIE,4,1,1,3.0,0.0,2.2,3.0,3.6
2011,2012-01-08,ATA,MIL,1,2,-1,0.0,3.0,5.5,3.25,1.73
2011,2012-01-08,BOLG,CAT,0,2,-1,0.0,3.0,2.3,3.2,3.2
2011,2012-01-08,CAG,GEN,3,0,1,3.0,0.0,2.25,3.1,3.4
2011,2012-01-08,LEC,JUV,0,0,0,1.0,1.0,7.5,3.8,1.5
2011,2012-01-08,NOV,FIO,4,2,1,3.0,0.0,2.9,3.1,2.5
2011,2012-01-08,PAL,NAP,1,2,-1,0.0,3.0,3.0,3.25,2.38
2011,2012-01-08,ROM,CHI,3,3,0,1.0,1.0,1.62,3.6,6.0
2011,2012-01-08,UDI,CES,1,2,-1,0.0,3.0,1.44,3.8,9.0
2011,2012-01-07,INT,PAR,0,0,0,1.0,1.0,1.4,4.33,8.5
2011,2012-01-07,SIE,LAZ,2,0,1,3.0,0.0,3.25,3.1,2.3
2011,2011-12-21,ATA,CES,0,0,0,1.0,1.0,1.91,3.25,4.33
2011,2011-12-21,BOLG,ROM,1,1,0,1.0,1.0,3.4,3.1,2.25
2011,2011-12-21,INT,LEC,4,1,1,3.0,0.0,1.3,5.0,11.0
2011,2011-12-21,LAZ,CHI,1,2,-1,0.0,3.0,1.53,3.75,7.0
2011,2011-12-21,NAP,GEN,3,0,1,3.0,0.0,1.57,3.75,6.25
2011,2011-12-21,NOV,PAL,2,2,0,1.0,1.0,2.38,3.0,3.2
2011,2011-12-21,PAR,CAT,3,0,1,3.0,0.0,2.1,3.2,3.6
2011,2011-12-21,UDI,JUV,2,2,0,1.0,1.0,2.88,3.2,2.5
2011,2011-12-20,CAG,MIL,0,1,-1,0.0,3.0,6.5,3.6,1.57
2011,2011-12-20,SIE,FIO,0,0,0,1.0,1.0,2.5,3.1,2.9
2011,2011-12-18,CAT,PAL,0,0,0,1.0,1.0,2.1,3.2,3.6
2011,2011-12-18,CES,INT,0,3,-1,0.0,3.0,4.75,3.25,1.83
2011,2011-12-18,GEN,BOLG,0,0,0,1.0,1.0,1.8,3.4,4.75
2011,2011-12-18,JUV,NOV,2,1,1,3.0,0.0,1.22,6.0,13.0
2011,2011-12-18,LAZ,UDI,2,2,0,1.0,1.0,2.2,3.2,3.4
2011,2011-12-18,NAP,ROM,2,1,1,3.0,0.0,1.83,3.4,4.5
2011,2011-12-18,PAR,LEC,1,1,0,1.0,1.0,1.67,3.6,5.5
2011,2011-12-17,CHI,CAG,2,0,1,3.0,0.0,1.91,3.25,4.2
2011,2011-12-17,FIO,ATA,0,1,-1,0.0,3.0,1.91,3.25,4.33
2011,2011-12-17,MIL,SIE,1,0,1,3.0,0.0,1.29,5.0,12.0
2011,2011-12-13,GEN,INT,2,2,0,1.0,1.0,3.25,3.2,2.25
2011,2011-12-12,ROM,JUV,0,1,-1,0.0,3.0,4.0,3.2,2.0
2011,2011-12-11,ATA,CAT,1,1,0,1.0,1.0,2.0,3.2,4.0
2011,2011-12-11,BOLG,MIL,0,3,-1,0.0,3.0,8.0,4.0,1.44
2011,2011-12-11,CAG,PAR,0,2,-1,0.0,3.0,2.1,3.1,3.75
2011,2011-12-11,NOV,NAP,0,2,-1,0.0,3.0,4.0,3.4,1.91
2011,2011-12-11,UDI,CHI,1,2,-1,0.0,3.0,1.5,3.75,7.5
2011,2011-12-10,INT,FIO,3,3,0,1.0,1.0,1.91,3.25,4.33
2011,2011-12-10,LEC,LAZ,3,1,1,3.0,0.0,4.2,3.25,1.91
2011,2011-12-10,PAL,CES,1,3,-1,0.0,3.0,1.62,3.6,6.0
2011,2011-12-10,SIE,GEN,3,1,1,3.0,0.0,2.1,3.2,3.6
2011,2011-12-05,LAZ,NOV,1,0,1,3.0,0.0,1.36,4.5,9.0
2011,2011-12-04,BOLG,SIE,1,1,0,1.0,1.0,2.5,3.0,3.0
2011,2011-12-04,CAT,CAG,3,0,1,3.0,0.0,2.0,3.2,4.0
2011,2011-12-04,CHI,ATA,1,0,1,3.0,0.0,2.3,3.1,3.25
2011,2011-12-04,FIO,ROM,0,2,-1,0.0,3.0,2.4,3.1,3.1
2011,2011-12-04,JUV,CES,0,3,-1,0.0,3.0,1.25,5.5,12.0
2011,2011-12-04,PAR,PAL,0,2,-1,0.0,3.0,2.1,3.2,3.6
2011,2011-12-03,INT,UDI,0,1,-1,0.0,3.0,2.0,3.3,3.75
2011,2011-12-03,NAP,LEC,2,0,1,3.0,0.0,1.36,4.5,9.0
2011,2011-12-02,GEN,MIL,2,2,0,1.0,1.0,4.5,3.5,1.8
2011,2011-11-29,NAP,JUV,0,1,-1,0.0,3.0,2.4,3.2,3.0
2011,2011-11-27,CAG,BOLG,1,2,-1,0.0,3.0,1.85,3.3,4.5
2011,2011-11-27,CES,GEN,1,1,0,1.0,1.0,2.63,3.1,2.75
2011,2011-11-27,MIL,CHI,4,2,1,3.0,0.0,1.33,4.75,10.0
2011,2011-11-27,PAL,FIO,0,0,0,1.0,1.0,2.3,3.1,3.3
2011,2011-11-27,SIE,INT,1,1,0,1.0,1.0,3.0,3.2,2.38
2011,2011-11-26,ATA,NAP,1,1,0,1.0,1.0,2.63,3.1,2.75
2011,2011-11-26,LAZ,JUV,4,2,1,3.0,0.0,2.75,3.1,2.63
2011,2011-11-26,LEC,CAT,0,1,-1,0.0,3.0,2.6,3.1,2.8
2011,2011-11-26,NOV,PAR,2,0,1,3.0,0.0,2.5,3.1,2.9
2011,2011-11-25,UDI,ROM,0,3,-1,0.0,3.0,2.25,3.2,3.25
2011,2011-11-20,BOLG,CES,2,2,0,1.0,1.0,1.91,3.3,4.2
2011,2011-11-20,CAT,CHI,2,1,1,3.0,0.0,1.91,3.3,4.2
2011,2011-11-20,GEN,NOV,2,1,1,3.0,0.0,1.57,3.75,6.0
2011,2011-11-20,JUV,PAL,0,0,0,1.0,1.0,1.44,4.2,7.5
2011,2011-11-20,PAR,UDI,2,0,1,3.0,0.0,2.9,3.1,2.5
2011,2011-11-20,ROM,LEC,3,1,1,3.0,0.0,1.36,4.5,9.0
2011,2011-11-20,SIE,ATA,6,1,1,3.0,0.0,2.1,3.2,3.6
2011,2011-11-19,FIO,MIL,1,0,1,3.0,0.0,3.5,3.25,2.1
2011,2011-11-19,INT,CAG,1,1,0,1.0,1.0,1.53,3.8,6.5
2011,2011-11-19,NAP,LAZ,0,2,-1,0.0,3.0,2.05,3.25,3.75
2011,2011-11-06,ATA,CAG,0,3,-1,0.0,3.0,2.1,3.25,3.5
2011,2011-11-06,CES,LEC,1,1,0,1.0,1.0,2.0,3.2,4.0
2011,2011-11-06,CHI,FIO,4,2,1,3.0,0.0,2.7,3.1,2.7
2011,2011-11-06,LAZ,PAR,1,0,1,3.0,0.0,1.57,3.6,6.5
2011,2011-11-06,MIL,CAT,0,1,-1,0.0,3.0,1.33,4.5,11.0
2011,2011-11-06,UDI,SIE,2,2,0,1.0,1.0,1.62,3.6,6.0
2011,2011-11-05,NOV,ROM,1,0,1,3.0,0.0,4.0,3.4,1.91
2011,2011-11-05,PAL,BOLG,0,3,-1,0.0,3.0,1.67,3.5,5.5
2011,2011-10-30,BOLG,ATA,5,0,1,3.0,0.0,2.5,3.2,2.88
2011,2011-10-30,CAG,LAZ,1,2,-1,0.0,3.0,2.5,3.2,2.88
2011,2011-10-30,FIO,GEN,1,3,-1,0.0,3.0,2.0,3.2,4.0
2011,2011-10-30,LEC,NOV,3,2,1,3.0,0.0,2.2,3.3,3.3
2011,2011-10-30,PAR,CES,2,0,1,3.0,0.0,1.8,3.25,5.0
2011,2011-10-30,SIE,CHI,0,2,-1,0.0,3.0,2.1,3.2,3.6
2011,2011-10-30,UDI,PAL,0,0,0,1.0,1.0,1.67,3.6,5.5
2011,2011-10-29,CAT,NAP,3,0,1,3.0,0.0,2.9,3.1,2.5
2011,2011-10-29,INT,JUV,2,1,1,3.0,0.0,2.5,3.2,2.88
2011,2011-10-29,ROM,MIL,0,0,0,1.0,1.0,2.75,3.2,2.6
2011,2011-10-27,PAL,LEC,1,0,1,3.0,0.0,1.53,4.0,6.25
2011,2011-10-26,ATA,INT,0,2,-1,0.0,3.0,3.2,3.25,2.25
2011,2011-10-26,CES,CAG,4,0,1,3.0,0.0,2.7,3.1,2.7
2011,2011-10-26,CHI,BOLG,2,1,1,3.0,0.0,1.8,3.25,5.0
2011,2011-10-26,GEN,ROM,1,3,-1,0.0,3.0,2.6,3.2,2.75
2011,2011-10-26,LAZ,CAT,0,3,-1,0.0,3.0,1.67,3.6,5.5
2011,2011-10-26,MIL,PAR,1,1,0,1.0,1.0,1.33,4.75,10.0
2011,2011-10-26,NAP,UDI,4,1,1,3.0,0.0,2.05,3.25,3.75
2011,2011-10-26,NOV,SIE,2,0,1,3.0,0.0,2.4,3.2,3.0
2011,2011-10-25,JUV,FIO,2,0,1,3.0,0.0,1.67,3.6,5.5
2011,2011-10-23,BOLG,LAZ,1,0,1,3.0,0.0,3.5,3.3,2.1
2011,2011-10-23,CAG,NAP,2,1,1,3.0,0.0,2.8,3.25,2.5
2011,2011-10-23,INT,CHI,0,2,-1,0.0,3.0,1.55,3.75,6.5
2011,2011-10-23,LEC,MIL,1,1,0,1.0,1.0,7.0,4.0,1.5
2011,2011-10-23,PAR,ATA,3,1,1,3.0,0.0,2.1,3.2,3.6
2011,2011-10-23,ROM,PAL,2,2,0,1.0,1.0,1.73,3.5,5.0
2011,2011-10-23,SIE,CES,2,4,-1,0.0,3.0,1.83,3.4,4.5
2011,2011-10-23,UDI,NOV,0,0,0,1.0,1.0,1.44,4.2,7.5
2011,2011-10-22,FIO,CAT,2,1,1,3.0,0.0,1.67,3.5,5.5
2011,2011-10-22,JUV,GEN,0,0,0,1.0,1.0,1.62,3.6,6.0
2011,2011-10-16,ATA,UDI,2,2,0,1.0,1.0,2.6,3.1,2.8
2011,2011-10-16,CAG,SIE,2,2,0,1.0,1.0,1.91,3.25,4.33
2011,2011-10-16,CES,FIO,1,2,-1,0.0,3.0,3.0,3.2,2.4
2011,2011-10-16,CHI,JUV,0,4,-1,0.0,3.0,4.0,3.2,2.0
2011,2011-10-16,GEN,LEC,3,2,1,3.0,0.0,1.57,3.75,6.0
2011,2011-10-16,LAZ,ROM,3,2,1,3.0,0.0,2.6,3.2,2.75
2011,2011-10-16,NOV,BOLG,0,3,-1,0.0,3.0,2.0,3.3,3.8
2011,2011-10-15,CAT,INT,0,2,-1,0.0,3.0,3.6,3.25,2.1
2011,2011-10-15,MIL,PAL,2,0,1,3.0,0.0,1.44,4.2,7.5
2011,2011-10-15,NAP,PAR,1,0,1,3.0,0.0,1.5,3.75,7.5
2011,2011-10-02,CES,CHI,2,2,0,1.0,1.0,2.4,3.1,3.1
2011,2011-10-02,FIO,LAZ,1,1,0,1.0,1.0,2.0,3.4,3.75
2011,2011-10-02,JUV,MIL,0,1,-1,0.0,3.0,2.38,3.2,3.0
2011,2011-10-02,LEC,CAG,2,1,1,3.0,0.0,2.63,3.1,2.75
2011,2011-10-02,NOV,CAT,0,2,-1,0.0,3.0,2.3,3.2,3.1
2011,2011-10-02,PAL,SIE,5,2,1,3.0,0.0,1.91,3.4,4.0
2011,2011-10-02,PAR,GEN,0,2,-1,0.0,3.0,2.45,3.1,3.0
2011,2011-10-02,UDI,BOLG,0,0,0,1.0,1.0,1.57,3.8,6.0
2011,2011-10-01,INT,NAP,0,1,-1,0.0,3.0,2.0,3.3,3.75
2011,2011-10-01,ROM,ATA,3,2,1,3.0,0.0,1.7,3.6,5.0
2011,2011-09-25,ATA,NOV,1,1,0,1.0,1.0,1.8,3.3,4.75
2011,2011-09-25,CAG,UDI,0,3,-1,0.0,3.0,2.5,3.2,2.8
2011,2011-09-25,CAT,JUV,1,0,1,3.0,0.0,4.0,3.2,2.0
2011,2011-09-25,CHI,GEN,5,0,1,3.0,0.0,2.5,3.2,2.8
2011,2011-09-25,LAZ,PAL,0,4,-1,0.0,3.0,1.83,3.4,4.5
2011,2011-09-25,PAR,ROM,0,0,0,1.0,1.0,3.0,3.2,2.38
2011,2011-09-25,SIE,LEC,1,0,1,3.0,0.0,1.91,3.25,4.33
2011,2011-09-24,BOLG,INT,3,2,1,3.0,0.0,4.0,3.4,1.91
2011,2011-09-24,MIL,CES,2,0,1,3.0,0.0,1.33,5.0,8.5
2011,2011-09-24,NAP,FIO,0,2,-1,0.0,3.0,1.73,3.5,5.0
2011,2011-09-22,ROM,SIE,0,0,0,1.0,1.0,1.57,3.75,6.0
2011,2011-09-21,CES,LAZ,0,2,-1,0.0,3.0,3.4,3.2,2.2
2011,2011-09-21,CHI,NAP,3,0,1,3.0,0.0,4.0,3.2,2.0
2011,2011-09-21,FIO,PAR,0,2,-1,0.0,3.0,1.8,3.3,4.75
2011,2011-09-21,GEN,CAT,0,0,0,1.0,1.0,1.8,3.3,4.75
2011,2011-09-21,JUV,BOLG,1,1,0,1.0,1.0,1.4,4.33,8.5
2011,2011-09-21,LEC,ATA,0,2,-1,0.0,3.0,2.5,3.1,2.9
2011,2011-09-21,MIL,UDI,0,0,0,1.0,1.0,1.67,3.5,5.5
2011,2011-09-21,PAL,CAG,2,2,0,1.0,1.0,1.91,3.4,4.0
2011,2011-09-20,NOV,INT,2,0,1,3.0,0.0,6.0,3.6,1.62
2011,2011-09-18,ATA,PAL,0,1,-1,0.0,3.0,2.4,3.2,3.0
2011,2011-09-18,BOLG,LEC,2,0,1,3.0,0.0,1.85,3.4,4.33
2011,2011-09-18,CAT,CES,2,2,0,1.0,1.0,2.1,3.1,3.8
2011,2011-09-18,LAZ,GEN,0,2,-1,0.0,3.0,1.73,3.5,5.0
2011,2011-09-18,NAP,MIL,2,0,1,3.0,0.0,2.63,3.1,2.75
2011,2011-09-18,PAR,CHI,2,2,0,1.0,1.0,2.05,3.25,3.75
2011,2011-09-18,SIE,JUV,2,1,1,3.0,0.0,5.0,3.5,1.73
2011,2011-09-18,UDI,FIO,2,1,1,3.0,0.0,2.1,3.3,3.5
2011,2011-09-17,CAG,NOV,1,0,1,3.0,0.0,1.62,3.6,6.0
2011,2011-09-17,INT,ROM,3,0,1,3.0,0.0,1.85,3.5,4.2
2011,2011-09-11,CAT,SIE,2,1,1,3.0,0.0,2.0,3.2,4.0
2011,2011-09-11,CHI,NOV,3,1,1,3.0,0.0,1.91,3.25,4.33
2011,2011-09-11,FIO,BOLG,0,0,0,1.0,1.0,1.62,3.4,6.5
2011,2011-09-11,GEN,ATA,1,1,0,1.0,1.0,1.73,3.5,5.0
2011,2011-09-11,JUV,PAR,2,2,0,1.0,1.0,1.4,4.5,8.0
2011,2011-09-11,LEC,UDI,1,2,-1,0.0,3.0,3.0,3.2,2.4
2011,2011-09-11,PAL,INT,0,2,-1,0.0,3.0,3.75,3.4,2.0
2011,2011-09-11,ROM,CAG,0,2,-1,0.0,3.0,1.5,4.0,7.0
2011,2011-09-10,CES,NAP,0,1,-1,0.0,3.0,3.25,3.3,2.2
2011,2011-09-09,MIL,LAZ,2,1,1,3.0,0.0,1.62,3.75,5.5
2010,2011-05-22,BOLG,BARI,4,1,1,3.0,0.0,1.62,3.6,6.0
2010,2011-05-22,BRES,FIO,0,1,-1,0.0,3.0,3.0,3.2,2.4
2010,2011-05-22,CAG,PAR,0,0,0,1.0,1.0,2.1,3.2,3.6
2010,2011-05-22,GEN,CES,1,1,0,1.0,1.0,1.65,3.6,5.5
2010,2011-05-22,INT,CAT,3,0,1,3.0,0.0,1.53,3.75,7.0
2010,2011-05-22,JUV,NAP,3,2,1,3.0,0.0,1.9,3.6,3.8
2010,2011-05-22,LEC,LAZ,2,1,1,3.0,0.0,6.0,3.6,1.6
2010,2011-05-22,PAL,CHI,2,1,1,3.0,0.0,1.75,3.5,4.75
2010,2011-05-22,ROM,SAM,4,1,1,3.0,0.0,1.29,5.0,11.0
2010,2011-05-22,UDI,MIL,0,2,-1,0.0,3.0,3.5,1.53,6.5
2010,2011-05-15,BARI,LEC,1,0,1,3.0,0.0,5.0,3.6,1.7
2010,2011-05-15,CAT,ROM,0,1,-1,0.0,3.0,6.0,4.33,1.5
2010,2011-05-15,CES,BRES,0,0,0,1.0,1.0,1.22,5.5,11.0
2010,2011-05-15,CHI,UDI,0,1,-1,0.0,3.0,7.5,4.33,1.36
2010,2011-05-15,FIO,BOLG,0,2,-1,0.0,3.0,1.73,3.0,6.5
2010,2011-05-15,NAP,INT,3,2,1,3.0,0.0,3.8,1.75,3.8
2010,2011-05-15,PAR,JUV,1,1,0,1.0,1.0,3.6,3.3,2.05
2010,2011-05-15,SAM,PAL,0,3,-1,0.0,3.0,1.36,4.75,8.0
2010,2011-05-14,LAZ,GEN,0,0,0,1.0,1.0,1.4,4.6,7.5
2010,2011-05-14,MIL,CAG,0,4,-1,0.0,3.0,1.53,3.6,7.5
2010,2011-05-09,JUV,CHI,0,0,0,1.0,1.0,1.29,5.0,12.0
2010,2011-05-08,BOLG,PAR,0,2,-1,0.0,3.0,4.5,1.4,6.5
2010,2011-05-08,BRES,CAT,1,3,-1,0.0,3.0,1.85,3.3,4.5
2010,2011-05-08,CAG,CES,4,2,1,3.0,0.0,3.6,2.63,2.3
2010,2011-05-08,GEN,SAM,0,4,-1,0.0,3.0,2.6,3.2,2.75
2010,2011-05-08,INT,FIO,1,1,0,1.0,1.0,1.67,3.75,5.0
2010,2011-05-08,LEC,NAP,2,2,0,1.0,1.0,2.2,3.3,3.25
2010,2011-05-08,UDI,LAZ,4,4,0,1.0,1.0,2.25,3.0,3.5
2010,2011-05-07,PAL,BARI,1,0,1,3.0,0.0,1.44,4.33,7.0
2010,2011-05-07,ROM,MIL,3,0,1,3.0,0.0,2.5,3.2,2.88
2010,2011-05-02,LAZ,JUV,1,0,1,3.0,0.0,2.1,3.2,3.6
2010,2011-05-01,BARI,ROM,1,1,0,1.0,1.0,9.0,5.5,1.3
2010,2011-05-01,CAT,CAG,2,4,-1,0.0,3.0,1.33,4.75,9.0
2010,2011-05-01,CHI,LEC,3,1,1,3.0,0.0,2.63,2.05,4.33
2010,2011-05-01,FIO,UDI,1,1,0,1.0,1.0,2.5,3.2,2.8
2010,2011-05-01,MIL,BOLG,1,1,0,1.0,1.0,1.2,6.5,13.0
2010,2011-05-01,PAR,PAL,3,1,1,3.0,0.0,1.95,3.0,4.5
2010,2011-05-01,SAM,BRES,0,1,-1,0.0,3.0,1.85,3.3,4.5
2010,2011-04-30,CES,INT,1,0,1,3.0,0.0,4.33,3.25,1.91
2010,2011-04-30,NAP,GEN,2,0,1,3.0,0.0,1.33,5.0,9.0
2010,2011-04-23,BARI,SAM,2,2,0,1.0,1.0,4.5,4.75,1.5
2010,2011-04-23,BOLG,CES,1,1,0,1.0,1.0,3.25,1.7,5.0
2010,2011-04-23,BRES,MIL,1,1,0,1.0,1.0,5.75,3.1,1.75
2010,2011-04-23,CAG,FIO,4,2,1,3.0,0.0,2.4,2.63,3.4
2010,2011-04-23,GEN,LEC,0,1,-1,0.0,3.0,2.2,2.38,4.5
2010,2011-04-23,INT,LAZ,0,0,0,1.0,1.0,1.85,3.3,4.5
2010,2011-04-23,JUV,CAT,1,0,1,3.0,0.0,1.44,4.2,7.5
2010,2011-04-23,PAL,NAP,1,1,0,1.0,1.0,3.25,3.1,2.3
2010,2011-04-23,ROM,CHI,1,2,-1,0.0,3.0,1.4,4.33,8.5
2010,2011-04-23,UDI,PAR,3,2,1,3.0,0.0,1.73,3.4,5.25
2010,2011-04-17,CAT,LAZ,1,0,1,3.0,0.0,2.88,2.3,3.2
2010,2011-04-17,CES,BARI,0,0,0,1.0,1.0,1.5,4.0,7.0
2010,2011-04-17,CHI,BOLG,4,1,1,3.0,0.0,,,
2010,2011-04-17,FIO,JUV,1,1,0,1.0,1.0,2.63,3.25,2.63
2010,2011-04-17,GEN,BRES,2,3,-1,0.0,3.0,,,
2010,2011-04-17,LEC,CAG,0,2,-1,0.0,3.0,1.5,3.8,7.5
2010,2011-04-17,NAP,UDI,1,0,1,3.0,0.0,1.6,3.5,5.5
2010,2011-04-16,MIL,SAM,1,1,0,1.0,1.0,1.29,5.0,11.0
2010,2011-04-16,PAR,INT,0,0,0,1.0,1.0,4.5,3.5,1.8
2010,2011-04-16,ROM,PAL,2,2,0,1.0,1.0,1.44,4.33,7.0
2010,2011-04-10,BARI,CAT,2,1,1,3.0,0.0,3.4,2.88,2.38
2010,2011-04-10,BOLG,NAP,1,2,-1,0.0,3.0,5.5,3.5,1.67
2010,2011-04-10,CAG,BRES,3,0,1,3.0,0.0,3.1,1.91,3.75
2010,2011-04-10,FIO,MIL,0,1,-1,0.0,3.0,4.0,3.4,1.91
2010,2011-04-10,JUV,GEN,0,2,-1,0.0,3.0,1.57,3.6,6.5
2010,2011-04-10,LAZ,PAR,1,0,1,3.0,0.0,1.75,3.4,5.0
2010,2011-04-10,PAL,CES,2,0,1,3.0,0.0,2.1,2.1,6.0
2010,2011-04-10,SAM,LEC,0,2,-1,0.0,3.0,2.1,2.1,6.0
2010,2011-04-09,INT,CHI,0,1,-1,0.0,3.0,1.44,4.0,8.0
2010,2011-04-09,UDI,ROM,1,0,1,3.0,0.0,2.2,3.2,3.4
2010,2011-04-03,CAT,PAL,0,0,0,1.0,1.0,2.3,3.0,3.4
2010,2011-04-03,CES,FIO,1,3,-1,0.0,3.0,3.25,3.0,2.38
2010,2011-04-03,CHI,SAM,2,2,0,1.0,1.0,3.25,1.5,7.5
2010,2011-04-03,GEN,CAG,2,2,0,1.0,1.0,2.38,2.0,5.5
2010,2011-04-03,LEC,UDI,1,4,-1,0.0,3.0,5.0,3.4,1.75
2010,2011-04-03,NAP,LAZ,2,1,1,3.0,0.0,1.75,3.3,5.25
2010,2011-04-03,PAR,BARI,0,2,-1,0.0,3.0,1.44,3.8,9.0
2010,2011-04-03,ROM,JUV,1,2,-1,0.0,3.0,1.95,3.3,4.0
2010,2011-04-02,BRES,BOLG,3,0,1,3.0,0.0,1.45,4.2,6.0
2010,2011-04-02,MIL,INT,1,2,-1,0.0,3.0,2.8,3.1,2.6
2010,2011-03-20,BARI,CHI,0,2,-1,0.0,3.0,2.7,3.0,2.8
2010,2011-03-20,BOLG,GEN,1,1,0,1.0,1.0,2.6,2.8,3.1
2010,2011-03-20,FIO,ROM,3,1,1,3.0,0.0,2.45,3.1,3.0
2010,2011-03-20,INT,LEC,1,1,0,1.0,1.0,1.25,5.75,11.0
2010,2011-03-20,JUV,BRES,0,0,0,1.0,1.0,1.44,4.2,8.0
2010,2011-03-20,NAP,CAG,2,2,0,1.0,1.0,1.57,3.6,6.5
2010,2011-03-20,SAM,PAR,2,1,1,3.0,0.0,2.25,3.0,3.5
2010,2011-03-20,UDI,CAT,0,0,0,1.0,1.0,1.45,4.0,8.0
2010,2011-03-19,LAZ,CES,1,3,-1,0.0,3.0,1.73,3.4,5.25
2010,2011-03-19,PAL,MIL,1,2,-1,0.0,3.0,3.5,3.3,2.1
2010,2011-03-13,CAG,UDI,0,1,-1,0.0,3.0,2.75,3.1,2.63
2010,2011-03-13,CAT,SAM,1,3,-1,0.0,3.0,2.05,3.1,4.0
2010,2011-03-13,CHI,FIO,0,0,0,1.0,1.0,2.7,2.9,2.88
2010,2011-03-13,GEN,PAL,0,0,0,1.0,1.0,1.91,3.25,4.2
2010,2011-03-13,LEC,BOLG,1,4,-1,0.0,3.0,2.3,3.1,3.3
2010,2011-03-13,MIL,BARI,3,1,1,3.0,0.0,1.2,6.0,15.0
2010,2011-03-13,PAR,NAP,3,1,1,3.0,0.0,2.88,3.0,2.63
2010,2011-03-13,ROM,LAZ,3,0,1,3.0,0.0,2.38,3.1,3.1
2010,2011-03-12,CES,JUV,1,0,1,3.0,0.0,3.6,3.0,2.2
2010,2011-03-11,BRES,INT,3,0,1,3.0,0.0,5.5,3.5,1.67
2010,2011-03-06,BOLG,CAG,1,0,1,3.0,0.0,2.3,3.0,3.4
2010,2011-03-06,CHI,PAR,1,1,0,1.0,1.0,2.38,3.0,3.2
2010,2011-03-06,FIO,CAT,2,2,0,1.0,1.0,1.67,3.4,6.0
2010,2011-03-06,INT,GEN,2,1,1,3.0,0.0,1.4,4.33,8.5
2010,2011-03-06,LAZ,PAL,1,4,-1,0.0,3.0,1.95,3.3,4.0
2010,2011-03-06,NAP,BRES,1,0,1,3.0,0.0,1.36,4.33,10.0
2010,2011-03-06,SAM,CES,2,1,1,3.0,0.0,1.75,3.4,5.0
2010,2011-03-06,UDI,BARI,4,1,1,3.0,0.0,1.29,5.5,10.0
2010,2011-03-05,JUV,MIL,1,1,0,1.0,1.0,3.0,3.0,2.5
2010,2011-03-04,LEC,ROM,2,0,1,3.0,0.0,4.0,3.3,1.95
2010,2011-02-28,MIL,NAP,3,0,1,3.0,0.0,1.8,3.5,4.5
2010,2011-02-27,BARI,FIO,0,1,-1,0.0,3.0,3.6,3.2,2.1
2010,2011-02-27,BRES,LEC,0,0,0,1.0,1.0,1.91,3.25,4.33
2010,2011-02-27,CAG,LAZ,4,1,1,3.0,0.0,2.38,3.0,3.2
2010,2011-02-27,CAT,GEN,4,0,1,3.0,0.0,2.5,3.0,3.0
2010,2011-02-27,CES,CHI,0,0,0,1.0,1.0,2.6,3.0,2.88
2010,2011-02-27,PAL,UDI,0,1,-1,0.0,3.0,2.3,3.2,3.2
2010,2011-02-27,ROM,PAR,4,1,1,3.0,0.0,1.53,3.8,6.5
2010,2011-02-27,SAM,INT,2,1,1,3.0,0.0,3.8,3.3,2.0
2010,2011-02-26,JUV,BOLG,0,0,0,1.0,1.0,1.44,4.2,7.5
2010,2011-02-23,BOLG,ROM,2,0,1,3.0,0.0,4.75,3.4,1.8
2010,2011-02-20,CHI,MIL,1,1,0,1.0,1.0,4.5,3.4,1.83
2010,2011-02-20,FIO,SAM,1,0,1,3.0,0.0,1.75,3.4,5.0
2010,2011-02-20,GEN,ROM,2,1,1,3.0,0.0,2.5,3.1,2.9
2010,2011-02-20,LAZ,BARI,1,0,1,3.0,0.0,1.4,4.33,8.0
2010,2011-02-20,LEC,JUV,2,1,1,3.0,0.0,5.5,3.75,1.62
2010,2011-02-20,NAP,CAT,4,2,1,3.0,0.0,1.4,4.33,8.0
2010,2011-02-20,PAR,CES,2,1,1,3.0,0.0,1.67,3.5,5.5
2010,2011-02-20,UDI,BRES,1,1,0,1.0,1.0,1.4,4.33,8.0
2010,2011-02-19,BOLG,PAL,2,1,1,3.0,0.0,2.7,3.1,2.7
2010,2011-02-19,INT,CAG,4,1,1,3.0,0.0,1.4,4.5,8.0
2010,2011-02-16,FIO,INT,0,0,0,1.0,1.0,3.1,3.2,2.3
2010,2011-02-16,SAM,GEN,0,2,-1,0.0,3.0,2.63,3.0,2.88
2010,2011-02-13,BARI,GEN,1,2,-1,0.0,3.0,3.2,3.0,2.38
2010,2011-02-13,BRES,LAZ,1,3,-1,0.0,3.0,3.25,3.0,2.38
2010,2011-02-13,CAG,CHI,1,2,-1,0.0,3.0,2.1,2.88,4.2
2010,2011-02-13,CAT,LEC,2,0,1,3.0,0.0,1.73,3.5,5.0
2010,2011-02-13,CES,UDI,1,0,1,3.0,0.0,3.6,3.2,2.1
2010,2011-02-13,JUV,INT,0,0,0,1.0,1.0,2.88,3.0,2.6
2010,2011-02-13,PAL,FIO,1,1,0,1.0,1.0,1.75,3.4,5.0
2010,2011-02-13,SAM,BOLG,2,3,-1,0.0,3.0,2.1,3.1,3.8
2010,2011-02-12,MIL,PAR,1,2,-1,0.0,3.0,1.36,4.5,9.0
2010,2011-02-12,ROM,NAP,1,1,0,1.0,1.0,2.25,3.1,3.4
2010,2011-02-06,BOLG,CAT,1,2,-1,0.0,3.0,2.1,3.25,3.5
2010,2011-02-06,BRES,BARI,0,0,0,1.0,1.0,2.0,3.1,4.2
2010,2011-02-06,GEN,MIL,2,0,1,3.0,0.0,3.75,3.3,2.0
2010,2011-02-06,INT,ROM,0,0,0,1.0,1.0,1.91,3.4,4.0
2010,2011-02-06,LAZ,CHI,0,0,0,1.0,1.0,1.75,3.5,4.75
2010,2011-02-06,LEC,PAL,1,3,-1,0.0,3.0,3.2,3.25,2.25
2010,2011-02-06,NAP,CES,2,0,1,3.0,0.0,1.29,5.0,11.0
2010,2011-02-06,PAR,FIO,0,4,-1,0.0,3.0,2.38,3.0,3.2
2010,2011-02-05,CAG,JUV,2,1,1,3.0,0.0,3.0,3.0,2.5
2010,2011-02-05,UDI,SAM,2,0,1,3.0,0.0,1.62,3.6,6.0
2010,2011-02-03,BARI,INT,1,1,0,1.0,1.0,8.0,4.0,1.44
2010,2011-02-02,CES,CAT,1,4,-1,0.0,3.0,2.5,2.9,3.1
2010,2011-02-02,CHI,NAP,0,0,0,1.0,1.0,3.2,3.0,2.4
2010,2011-02-02,FIO,GEN,3,2,1,3.0,0.0,2.1,3.1,3.75
2010,2011-02-02,PAL,JUV,1,0,1,3.0,0.0,2.2,3.2,3.4
2010,2011-02-02,PAR,LEC,2,0,1,3.0,0.0,1.67,3.5,5.5
2010,2011-02-02,ROM,BRES,3,0,1,3.0,0.0,1.25,5.25,12.0
2010,2011-02-02,SAM,CAG,0,1,-1,0.0,3.0,2.3,3.0,3.4
2010,2011-02-02,UDI,BOLG,2,3,-1,0.0,3.0,1.44,4.0,8.0
2010,2011-02-01,MIL,LAZ,2,0,1,3.0,0.0,1.57,3.6,6.5
2010,2011-01-30,BRES,CHI,2,0,1,3.0,0.0,2.4,3.0,3.2
2010,2011-01-30,CAG,BARI,0,0,0,1.0,1.0,1.67,3.5,5.5
2010,2011-01-30,GEN,PAR,0,1,-1,0.0,3.0,1.91,3.3,4.2
2010,2011-01-30,INT,PAL,2,0,1,3.0,0.0,1.67,3.5,5.5
2010,2011-01-30,JUV,UDI,1,0,1,3.0,0.0,2.1,3.3,3.5
2010,2011-01-30,LEC,CES,1,1,0,1.0,1.0,2.1,3.1,3.75
2010,2011-01-30,NAP,SAM,0,2,-1,0.0,3.0,1.57,3.6,6.5
2010,2011-01-29,CAT,MIL,1,4,-1,0.0,3.0,4.75,3.3,1.8
2010,2011-01-29,LAZ,FIO,4,0,1,3.0,0.0,2.1,3.1,3.75
2010,2011-01-23,BARI,NAP,3,2,1,3.0,0.0,3.9,3.1,2.05
2010,2011-01-23,BOLG,LAZ,1,2,-1,0.0,3.0,3.0,3.0,2.5
2010,2011-01-23,FIO,LEC,1,1,0,1.0,1.0,1.44,4.2,7.5
2010,2011-01-23,MIL,CES,1,2,-1,0.0,3.0,1.22,5.5,15.0
2010,2011-01-23,SAM,JUV,3,0,1,3.0,0.0,2.7,3.0,2.75
2010,2011-01-23,UDI,INT,2,0,1,3.0,0.0,3.2,3.25,2.25
2010,2011-01-22,CHI,GEN,3,0,1,3.0,0.0,2.5,3.1,2.9
2010,2011-01-22,PAL,BRES,0,2,-1,0.0,3.0,1.44,4.2,7.5
2010,2011-01-22,PAR,CAT,2,1,1,3.0,0.0,1.95,3.1,4.33
2010,2011-01-22,ROM,CAG,2,2,0,1.0,1.0,1.53,3.7,7.0
2010,2011-01-19,INT,CES,0,0,0,1.0,1.0,1.22,6.0,12.0
2010,2011-01-16,BRES,PAR,1,1,0,1.0,1.0,2.5,3.0,3.0
2010,2011-01-16,CAG,PAL,2,1,1,3.0,0.0,2.5,3.0,3.0
2010,2011-01-16,CAT,CHI,2,0,1,3.0,0.0,2.0,3.1,4.2
2010,2011-01-16,CES,ROM,1,1,0,1.0,1.0,3.75,3.4,2.0
2010,2011-01-16,GEN,UDI,1,3,-1,0.0,3.0,2.38,3.0,3.2
2010,2011-01-16,JUV,BARI,4,1,1,3.0,0.0,1.36,4.5,9.0
2010,2011-01-16,LAZ,SAM,0,0,0,1.0,1.0,1.8,3.25,5.0
2010,2011-01-16,LEC,MIL,1,3,-1,0.0,3.0,6.5,3.8,1.53
2010,2011-01-15,INT,BOLG,0,0,0,1.0,1.0,1.3,4.75,12.0
2010,2011-01-15,NAP,FIO,1,1,0,1.0,1.0,1.7,3.4,5.5
2010,2011-01-09,BARI,BOLG,2,2,0,1.0,1.0,2.15,3.2,3.5
2010,2011-01-09,CAT,INT,2,1,1,3.0,0.0,3.75,3.3,2.0
2010,2011-01-09,CES,GEN,0,1,-1,0.0,3.0,3.1,3.1,2.4
2010,2011-01-09,CHI,PAL,2,0,1,3.0,0.0,2.5,3.2,2.88
2010,2011-01-09,FIO,BRES,3,2,1,3.0,0.0,1.5,3.9,7.0
2010,2011-01-09,LAZ,LEC,1,4,-1,0.0,3.0,1.36,4.6,8.5
2010,2011-01-09,MIL,UDI,2,3,-1,0.0,3.0,1.44,4.2,7.5
2010,2011-01-09,NAP,JUV,2,2,0,1.0,1.0,2.25,3.25,3.2
2010,2011-01-09,PAR,CAG,0,1,-1,0.0,3.0,2.1,3.1,3.75
2010,2011-01-09,SAM,ROM,2,2,0,1.0,1.0,3.1,3.1,2.4
2010,2011-01-06,BOLG,FIO,3,0,1,3.0,0.0,2.88,2.9,2.7
2010,2011-01-06,BRES,CES,2,0,1,3.0,0.0,1.91,3.2,4.33
2010,2011-01-06,CAG,MIL,2,0,1,3.0,0.0,4.33,3.25,1.91
2010,2011-01-06,GEN,LAZ,1,1,0,1.0,1.0,2.38,3.0,3.25
2010,2011-01-06,INT,NAP,3,1,1,3.0,0.0,1.8,3.4,4.6
2010,2011-01-06,JUV,PAR,1,1,0,1.0,1.0,1.44,4.0,8.0
2010,2011-01-06,LEC,BARI,2,1,1,3.0,0.0,2.3,3.1,3.3
2010,2011-01-06,PAL,SAM,1,3,-1,0.0,3.0,1.91,3.3,4.2
2010,2011-01-06,ROM,CAT,0,0,0,1.0,1.0,1.5,4.0,7.0
2010,2011-01-06,UDI,CHI,2,0,1,3.0,0.0,1.75,3.4,5.0
2010,2010-12-19,BARI,PAL,1,0,1,3.0,0.0,3.5,3.1,2.2
2010,2010-12-19,CAT,BRES,1,1,0,1.0,1.0,1.91,3.2,4.33
2010,2010-12-19,CHI,JUV,1,0,1,3.0,0.0,4.0,3.2,2.0
2010,2010-12-19,LAZ,UDI,1,1,0,1.0,1.0,2.0,3.2,4.0
2010,2010-12-19,NAP,LEC,2,0,1,3.0,0.0,1.36,4.5,9.0
2010,2010-12-19,PAR,BOLG,1,1,0,1.0,1.0,1.75,3.4,5.0
2010,2010-12-18,CES,CAG,0,1,-1,0.0,3.0,2.63,3.0,2.88
2010,2010-12-18,MIL,ROM,2,3,-1,0.0,3.0,1.83,3.4,4.5
2010,2010-12-12,BOLG,MIL,0,1,-1,0.0,3.0,6.0,3.8,1.57
2010,2010-12-12,BRES,SAM,4,1,1,3.0,0.0,2.9,3.1,2.55
2010,2010-12-12,CAG,CAT,3,1,1,3.0,0.0,2.05,3.1,4.0
2010,2010-12-12,JUV,LAZ,3,2,1,3.0,0.0,1.85,3.3,4.5
2010,2010-12-12,LEC,CHI,0,2,-1,0.0,3.0,3.0,3.0,2.5
2010,2010-12-12,ROM,BARI,0,2,-1,0.0,3.0,1.4,4.5,7.5
2010,2010-12-11,GEN,NAP,1,1,0,1.0,1.0,2.4,3.1,3.1
2010,2010-12-11,PAL,PAR,0,0,0,1.0,1.0,1.65,3.6,5.5
2010,2010-12-11,UDI,FIO,0,1,-1,0.0,3.0,2.0,3.2,4.0
2010,2010-12-08,BOLG,CHI,0,0,0,1.0,1.0,2.4,3.1,3.1
2010,2010-12-06,NAP,PAL,3,2,1,3.0,0.0,2.1,3.2,3.6
2010,2010-12-05,CAT,JUV,1,2,-1,0.0,3.0,3.4,3.2,2.2
2010,2010-12-05,CES,BOLG,1,2,-1,0.0,3.0,2.2,3.0,3.6
2010,2010-12-05,FIO,CAG,1,0,1,3.0,0.0,1.91,3.1,4.5
2010,2010-12-05,LEC,GEN,2,4,-1,0.0,3.0,3.5,3.1,2.2
2010,2010-12-05,PAR,UDI,1,0,1,3.0,0.0,2.5,3.0,3.0
2010,2010-12-05,SAM,BARI,2,0,1,3.0,0.0,1.73,3.25,5.5
2010,2010-12-04,CHI,ROM,1,0,1,3.0,0.0,3.2,3.1,2.3
2010,2010-12-04,MIL,BRES,0,2,-1,0.0,3.0,1.25,5.5,12.0
2010,2010-12-03,LAZ,INT,4,1,1,3.0,0.0,2.7,3.1,2.7
2010,2010-11-28,BARI,CES,3,0,1,3.0,0.0,1.91,3.3,4.2
2010,2010-11-28,BRES,GEN,0,0,0,1.0,1.0,3.0,3.0,2.5
2010,2010-11-28,CAG,LEC,0,1,-1,0.0,3.0,1.62,3.6,6.0
2010,2010-11-28,INT,PAR,4,0,1,3.0,0.0,1.67,3.5,5.5
2010,2010-11-28,LAZ,CAT,3,1,1,3.0,0.0,1.67,3.5,5.5
2010,2010-11-28,PAL,ROM,0,1,-1,0.0,3.0,2.6,3.0,2.9
2010,2010-11-28,UDI,NAP,1,2,-1,0.0,3.0,2.5,3.0,3.0
2010,2010-11-27,JUV,FIO,2,1,1,3.0,0.0,1.67,3.6,5.5
2010,2010-11-27,SAM,MIL,2,1,1,3.0,0.0,3.6,3.1,2.15
2010,2010-11-21,BRES,CAG,0,3,-1,0.0,3.0,2.2,3.1,3.5
2010,2010-11-21,CAT,BARI,0,1,-1,0.0,3.0,1.57,3.6,6.5
2010,2010-11-21,CES,PAL,2,0,1,3.0,0.0,3.5,3.1,2.2
2010,2010-11-21,CHI,INT,1,0,1,3.0,0.0,4.2,3.2,1.95
2010,2010-11-21,GEN,JUV,0,1,-1,0.0,3.0,2.8,3.0,2.7
2010,2010-11-21,LEC,SAM,3,0,1,3.0,0.0,3.0,3.0,2.5
2010,2010-11-21,NAP,BOLG,3,1,1,3.0,0.0,1.5,3.75,7.5
2010,2010-11-21,PAR,LAZ,2,2,0,1.0,1.0,2.63,3.0,2.88
2010,2010-11-20,MIL,FIO,2,1,1,3.0,0.0,1.57,3.75,6.0
2010,2010-11-20,ROM,UDI,1,1,0,1.0,1.0,1.8,3.25,5.0
2010,2010-11-14,BARI,PAR,3,1,1,3.0,0.0,2.3,3.2,3.1
2010,2010-11-14,BOLG,BRES,3,1,1,3.0,0.0,2.05,3.25,3.75
2010,2010-11-14,CAG,GEN,2,1,1,3.0,0.0,2.2,3.2,3.3
2010,2010-11-14,INT,MIL,0,1,-1,0.0,3.0,2.6,3.2,2.75
2010,2010-11-14,LAZ,NAP,2,1,1,3.0,0.0,2.1,3.25,3.5
2010,2010-11-14,PAL,CAT,1,2,-1,0.0,3.0,1.8,3.3,5.0
2010,2010-11-14,SAM,CHI,3,0,1,3.0,0.0,1.91,3.3,4.2
2010,2010-11-14,UDI,LEC,1,4,-1,0.0,3.0,1.6,3.6,6.0
2010,2010-11-13,FIO,CES,0,2,-1,0.0,3.0,1.44,4.0,8.0
2010,2010-11-13,JUV,ROM,1,1,0,1.0,1.0,2.2,3.2,3.4
2010,2010-11-11,PAR,SAM,2,2,0,1.0,1.0,2.38,3.1,3.1
2010,2010-11-10,BRES,JUV,1,0,1,3.0,0.0,4.75,3.3,1.8
2010,2010-11-10,CAG,NAP,2,1,1,3.0,0.0,2.5,3.1,2.9
2010,2010-11-10,CAT,UDI,0,0,0,1.0,1.0,2.6,3.1,2.8
2010,2010-11-10,CES,LAZ,2,1,1,3.0,0.0,3.5,3.1,2.2
2010,2010-11-10,CHI,BARI,2,2,0,1.0,1.0,2.05,3.2,3.75
2010,2010-11-10,GEN,BOLG,2,1,1,3.0,0.0,1.73,3.5,5.0
2010,2010-11-10,LEC,INT,1,1,0,1.0,1.0,5.5,3.3,1.73
2010,2010-11-10,MIL,PAL,4,0,1,3.0,0.0,1.57,3.6,6.5
2010,2010-11-10,ROM,FIO,1,0,1,3.0,0.0,1.83,3.4,4.5
2010,2010-11-07,BARI,MIL,2,2,0,1.0,1.0,4.33,3.25,1.91
2010,2010-11-07,FIO,CHI,1,2,-1,0.0,3.0,1.73,3.5,5.0
2010,2010-11-07,JUV,CES,2,3,-1,0.0,3.0,1.36,4.5,9.0
2010,2010-11-07,LAZ,ROM,2,2,0,1.0,1.0,2.5,3.1,2.9
2010,2010-11-07,NAP,PAR,0,4,-1,0.0,3.0,1.62,3.75,5.5
2010,2010-11-07,PAL,GEN,2,2,0,1.0,1.0,2.0,3.2,4.0
2010,2010-11-07,SAM,CAT,2,2,0,1.0,1.0,1.83,3.4,4.5
2010,2010-11-07,UDI,CAG,2,0,1,3.0,0.0,1.85,3.3,4.5
2010,2010-11-06,BOLG,LEC,1,0,1,3.0,0.0,1.91,3.25,4.33
2010,2010-11-06,INT,BRES,1,0,1,3.0,0.0,1.25,5.0,15.0
2010,2010-10-31,BARI,UDI,2,2,0,1.0,1.0,2.55,3.1,2.88
2010,2010-10-31,BRES,NAP,3,2,1,3.0,0.0,3.2,3.0,2.4
2010,2010-10-31,CAG,BOLG,0,2,-1,0.0,3.0,1.85,3.4,4.33
2010,2010-10-31,CAT,FIO,3,2,1,3.0,0.0,2.63,3.1,2.75
2010,2010-10-31,CES,SAM,0,3,-1,0.0,3.0,3.2,3.0,2.4
2010,2010-10-31,PAL,LAZ,1,1,0,1.0,1.0,2.2,3.2,3.4
2010,2010-10-31,PAR,CHI,1,2,-1,0.0,3.0,2.1,3.2,3.6
2010,2010-10-30,MIL,JUV,3,2,1,3.0,0.0,1.85,3.3,4.5
2010,2010-10-30,ROM,LEC,0,0,0,1.0,1.0,1.36,4.6,8.5
2010,2010-10-29,GEN,INT,4,2,1,3.0,0.0,4.0,3.2,2.0
2010,2010-10-25,NAP,MIL,3,2,1,3.0,0.0,2.9,3.1,2.5
2010,2010-10-24,BOLG,JUV,0,1,-1,0.0,3.0,4.2,3.5,1.85
2010,2010-10-24,CHI,CES,0,1,-1,0.0,3.0,1.85,3.25,4.6
2010,2010-10-24,GEN,CAT,0,1,-1,0.0,3.0,1.8,3.2,5.0
2010,2010-10-24,INT,SAM,2,2,0,1.0,1.0,1.57,3.75,6.0
2010,2010-10-24,LAZ,CAG,0,2,-1,0.0,3.0,1.73,3.5,5.0
2010,2010-10-24,LEC,BRES,0,3,-1,0.0,3.0,2.38,2.88,3.4
2010,2010-10-24,PAR,ROM,1,0,1,3.0,0.0,3.0,3.2,2.38
2010,2010-10-24,UDI,PAL,2,0,1,3.0,0.0,2.38,3.0,3.2
2010,2010-10-23,FIO,BARI,2,2,0,1.0,1.0,1.75,3.4,5.0
2010,2010-10-17,BARI,LAZ,1,1,0,1.0,1.0,2.7,3.0,2.8
2010,2010-10-17,BRES,UDI,1,0,1,3.0,0.0,2.7,3.0,2.8
2010,2010-10-17,CAG,INT,2,3,-1,0.0,3.0,4.0,3.2,2.0
2010,2010-10-17,CAT,NAP,1,0,1,3.0,0.0,2.88,3.0,2.63
2010,2010-10-17,CES,PAR,1,1,0,1.0,1.0,2.5,3.0,3.0
2010,2010-10-17,JUV,LEC,4,2,1,3.0,0.0,1.36,4.5,9.0
2010,2010-10-17,PAL,BOLG,2,1,1,3.0,0.0,1.62,3.6,6.0
2010,2010-10-17,SAM,FIO,2,1,1,3.0,0.0,2.1,3.2,3.6
2010,2010-10-16,MIL,CHI,0,1,-1,0.0,3.0,1.44,4.0,8.0
2010,2010-10-16,ROM,GEN,1,2,-1,0.0,3.0,1.91,3.25,4.33
2010,2010-10-03,BOLG,SAM,2,1,1,3.0,0.0,2.6,3.1,2.8
2010,2010-10-03,CHI,CAG,1,2,-1,0.0,3.0,2.25,3.1,3.4
2010,2010-10-03,FIO,PAL,1,1,0,1.0,1.0,2.0,3.25,3.9
2010,2010-10-03,GEN,BARI,3,2,1,3.0,0.0,1.91,3.25,4.33
2010,2010-10-03,INT,JUV,4,2,1,3.0,0.0,1.75,3.4,5.0
2010,2010-10-03,LAZ,BRES,2,0,1,3.0,0.0,1.67,3.5,5.5
2010,2010-10-03,LEC,CAT,1,1,0,1.0,1.0,2.38,3.1,3.1
2010,2010-10-03,NAP,ROM,1,2,-1,0.0,3.0,2.4,3.1,3.1
2010,2010-10-02,PAR,MIL,1,0,1,3.0,0.0,3.8,3.3,2.0
2010,2010-10-02,UDI,CES,1,2,-1,0.0,3.0,1.75,3.5,4.75
2010,2010-09-26,BARI,BRES,1,0,1,3.0,0.0,1.91,3.2,4.33
2010,2010-09-26,CAT,BOLG,2,0,1,3.0,0.0,1.91,3.25,4.33
2010,2010-09-26,CES,NAP,0,0,0,1.0,1.0,3.0,3.0,2.5
2010,2010-09-26,CHI,LAZ,2,0,1,3.0,0.0,2.5,3.0,3.0
2010,2010-09-26,FIO,PAR,0,0,0,1.0,1.0,1.95,3.2,4.2
2010,2010-09-26,JUV,CAG,3,0,1,3.0,0.0,1.6,3.6,6.0
2010,2010-09-26,PAL,LEC,1,0,1,3.0,0.0,1.53,3.5,6.5
2010,2010-09-26,SAM,UDI,2,0,1,3.0,0.0,1.75,3.3,4.5
2010,2010-09-25,MIL,GEN,1,0,1,3.0,0.0,1.67,3.5,5.5
2010,2010-09-25,ROM,INT,2,0,1,3.0,0.0,3.4,3.2,2.2
2010,2010-09-23,JUV,PAL,0,1,-1,0.0,3.0,1.73,3.5,5.0
2010,2010-09-22,BOLG,UDI,4,2,1,3.0,0.0,2.5,3.1,2.9
2010,2010-09-22,BRES,ROM,5,1,1,3.0,0.0,3.6,3.2,2.1
2010,2010-09-22,CAG,SAM,1,2,-1,0.0,3.0,2.4,3.1,3.1
2010,2010-09-22,CAT,CES,1,0,1,3.0,0.0,2.05,3.1,3.9
2010,2010-09-22,GEN,FIO,0,3,-1,0.0,3.0,2.2,3.1,3.4
2010,2010-09-22,INT,BARI,2,0,1,3.0,0.0,1.4,4.5,7.5
2010,2010-09-22,LAZ,MIL,2,2,0,1.0,1.0,3.5,3.1,2.2
2010,2010-09-22,LEC,PAR,1,0,1,3.0,0.0,2.5,3.0,3.0
2010,2010-09-22,NAP,CHI,2,0,1,3.0,0.0,1.67,3.4,5.75
2010,2010-09-19,BARI,CAG,1,1,0,1.0,1.0,1.95,3.3,4.0
2010,2010-09-19,CES,LEC,1,2,-1,0.0,3.0,2.0,3.25,3.9
2010,2010-09-19,CHI,BRES,1,2,-1,0.0,3.0,1.91,3.3,4.2
2010,2010-09-19,PAL,INT,1,1,0,1.0,1.0,3.3,3.25,2.2
2010,2010-09-19,PAR,GEN,0,0,0,1.0,1.0,2.35,3.2,3.1
2010,2010-09-19,ROM,BOLG,0,0,0,1.0,1.0,1.4,4.33,8.0
2010,2010-09-19,SAM,NAP,0,1,-1,0.0,3.0,2.25,3.2,3.25
2010,2010-09-19,UDI,JUV,2,2,0,1.0,1.0,3.0,3.2,2.4
2010,2010-09-18,FIO,LAZ,1,1,0,1.0,1.0,2.05,3.25,3.75
2010,2010-09-18,MIL,CAT,3,1,1,3.0,0.0,1.3,4.75,11.0
2010,2010-09-12,BRES,PAL,1,0,1,3.0,0.0,3.25,3.1,2.3
2010,2010-09-12,CAT,PAR,0,1,-1,0.0,3.0,2.25,3.1,3.4
2010,2010-09-12,GEN,CHI,0,1,-1,0.0,3.0,1.7,3.5,5.25
2010,2010-09-12,JUV,SAM,0,1,-1,0.0,3.0,1.8,3.5,4.5
2010,2010-09-12,LAZ,BOLG,2,0,1,3.0,0.0,1.73,3.4,5.25
2010,2010-09-12,LEC,FIO,0,2,-1,0.0,3.0,3.5,3.1,2.2
2010,2010-09-12,NAP,BARI,2,4,-1,0.0,3.0,1.73,3.4,5.25
2010,2010-09-11,CAG,ROM,0,1,-1,0.0,3.0,3.25,3.1,2.3
2010,2010-09-11,CES,MIL,1,1,0,1.0,1.0,7.0,3.75,1.53
2010,2010-09-11,INT,UDI,2,0,1,3.0,0.0,1.4,4.33,8.5
2010,2010-08-30,BOLG,INT,1,0,1,3.0,0.0,6.25,3.5,1.62
2010,2010-08-29,BARI,JUV,0,2,-1,0.0,3.0,4.33,3.25,1.91
2010,2010-08-29,CHI,CAT,1,1,0,1.0,1.0,2.2,3.1,3.5
2010,2010-08-29,FIO,NAP,2,1,1,3.0,0.0,2.3,3.1,3.3
2010,2010-08-29,MIL,LEC,0,0,0,1.0,1.0,1.33,4.5,11.0
2010,2010-08-29,PAL,CAG,1,4,-1,0.0,3.0,1.73,3.25,5.5
2010,2010-08-29,PAR,BRES,4,1,1,3.0,0.0,1.83,3.25,4.75
2010,2010-08-29,SAM,LAZ,1,1,0,1.0,1.0,2.1,3.1,3.75
2010,2010-08-28,ROM,CES,3,1,1,3.0,0.0,1.29,4.75,13.0
2010,2010-08-28,UDI,GEN,2,0,1,3.0,0.0,2.4,3.1,3.1
2009,2010-05-16,ATA,PAL,3,1,1,3.0,0.0,6.0,4.0,1.53
2009,2010-05-16,BARI,FIO,1,0,1,3.0,0.0,2.2,3.1,3.5
2009,2010-05-16,CAG,BOLG,0,1,-1,0.0,3.0,1.62,3.25,7.0
2009,2010-05-16,CAT,GEN,3,1,1,3.0,0.0,1.53,3.75,7.0
2009,2010-05-16,CHI,ROM,1,0,1,3.0,0.0,7.5,4.5,1.4
2009,2010-05-16,PAR,LIVO,0,1,-1,0.0,3.0,1.4,4.5,8.0
2009,2010-05-16,SAM,NAP,4,1,1,3.0,0.0,1.29,5.5,9.5
2009,2010-05-16,SIE,INT,1,1,0,1.0,1.0,21.0,9.0,1.1
2009,2010-05-15,LAZ,UDI,1,2,-1,0.0,3.0,2.1,2.8,4.33
2009,2010-05-15,MIL,JUV,1,3,-1,0.0,3.0,2.0,3.4,3.6
2009,2010-05-09,BOLG,CAT,2,0,1,3.0,0.0,,,
2009,2010-05-09,FIO,SIE,0,1,-1,0.0,3.0,1.36,4.5,9.5
2009,2010-05-09,GEN,MIL,3,1,1,3.0,0.0,3.75,3.4,2.0
2009,2010-05-09,INT,CHI,3,0,1,3.0,0.0,1.09,9.0,26.0
2009,2010-05-09,JUV,PAR,1,0,1,3.0,0.0,1.33,5.0,9.0
2009,2010-05-09,LIVO,LAZ,1,1,0,1.0,1.0,7.0,3.6,1.55
2009,2010-05-09,NAP,ATA,3,1,1,3.0,0.0,1.44,4.33,7.0
2009,2010-05-09,PAL,SAM,1,1,0,1.0,1.0,2.05,3.3,3.6
2009,2010-05-09,ROM,CAG,2,0,1,3.0,0.0,1.13,8.5,17.0
2009,2010-05-09,UDI,BARI,2,1,1,3.0,0.0,1.8,3.0,5.75
2009,2010-05-02,ATA,BOLG,1,3,-1,0.0,3.0,1.8,3.5,4.5
2009,2010-05-02,BARI,GEN,2,2,0,1.0,1.0,3.5,1.83,4.0
2009,2010-05-02,CAG,UDI,3,1,1,3.0,0.0,4.0,1.62,4.75
2009,2010-05-02,CAT,JUV,0,1,-1,0.0,3.0,3.6,3.5,2.0
2009,2010-05-02,CHI,NAP,2,0,1,3.0,0.0,4.5,3.5,1.8
2009,2010-05-02,LAZ,INT,4,0,1,3.0,0.0,7.0,4.33,1.44
2009,2010-05-02,SAM,LIVO,2,0,1,3.0,0.0,1.13,7.5,21.0
2009,2010-05-02,SIE,PAL,2,1,1,3.0,0.0,7.0,4.33,1.44
2009,2010-05-01,MIL,FIO,1,0,1,3.0,0.0,1.62,3.75,5.5
2009,2010-05-01,PAR,ROM,1,1,0,1.0,1.0,6.0,4.0,1.53
2009,2010-04-25,BOLG,PAR,0,0,0,1.0,1.0,1.5,3.75,6.0
2009,2010-04-25,FIO,CHI,3,0,1,3.0,0.0,1.5,3.75,6.0
2009,2010-04-25,GEN,LAZ,0,0,0,1.0,1.0,2.4,3.1,3.1
2009,2010-04-25,JUV,BARI,2,1,1,3.0,0.0,1.4,4.2,9.0
2009,2010-04-25,LIVO,CAT,0,0,0,1.0,1.0,4.5,3.25,1.91
2009,2010-04-25,NAP,CAG,0,2,-1,0.0,3.0,1.44,4.33,7.0
2009,2010-04-25,ROM,SAM,3,2,1,3.0,0.0,1.44,4.33,7.0
2009,2010-04-25,UDI,SIE,2,1,1,3.0,0.0,1.67,3.5,5.5
2009,2010-04-24,INT,ATA,1,2,-1,0.0,3.0,1.22,6.0,13.0
2009,2010-04-24,PAL,MIL,3,3,0,1.0,1.0,1.91,3.6,3.8
2009,2010-04-18,ATA,FIO,4,1,1,3.0,0.0,2.35,3.3,3.0
2009,2010-04-18,BARI,NAP,1,3,-1,0.0,3.0,3.0,3.1,2.4
2009,2010-04-18,CAG,PAL,0,0,0,1.0,1.0,3.25,3.2,2.25
2009,2010-04-18,CAT,SIE,3,1,1,3.0,0.0,1.75,3.6,4.6
2009,2010-04-18,LAZ,ROM,1,1,0,1.0,1.0,4.0,3.3,1.95
2009,2010-04-18,PAR,GEN,2,0,1,3.0,0.0,2.35,3.2,3.1
2009,2010-04-18,SAM,MIL,1,0,1,3.0,0.0,2.75,3.1,2.63
2009,2010-04-18,UDI,BOLG,1,0,1,3.0,0.0,2.1,2.0,9.5
2009,2010-04-17,CHI,LIVO,2,0,1,3.0,0.0,1.4,4.5,8.0
2009,2010-04-16,INT,JUV,1,2,-1,0.0,3.0,1.62,3.6,6.0
2009,2010-04-11,BOLG,LAZ,0,1,-1,0.0,3.0,4.5,1.62,4.5
2009,2010-04-11,JUV,CAG,1,1,0,1.0,1.0,1.5,4.0,7.0
2009,2010-04-11,LIVO,UDI,2,3,-1,0.0,3.0,3.1,3.1,2.4
2009,2010-04-11,MIL,CAT,3,2,1,3.0,0.0,1.36,4.5,9.0
2009,2010-04-11,PAL,CHI,0,1,-1,0.0,3.0,1.44,4.0,8.0
2009,2010-04-11,ROM,ATA,3,2,1,3.0,0.0,1.33,4.5,9.5
2009,2010-04-11,SAM,GEN,1,0,1,3.0,0.0,2.2,3.2,3.5
2009,2010-04-11,SIE,BARI,2,2,0,1.0,1.0,2.1,3.3,3.5
2009,2010-04-10,FIO,INT,2,0,1,3.0,0.0,3.6,3.2,2.1
2009,2010-04-10,NAP,PAR,0,2,-1,0.0,3.0,1.53,3.75,7.0
2009,2010-04-03,ATA,SIE,1,2,-1,0.0,3.0,1.67,3.6,5.25
2009,2010-04-03,BARI,ROM,3,3,0,1.0,1.0,5.0,3.8,1.67
2009,2010-04-03,CAG,MIL,1,1,0,1.0,1.0,4.33,3.6,1.8
2009,2010-04-03,CAT,PAL,2,0,1,3.0,0.0,3.2,2.0,3.5
2009,2010-04-03,CHI,SAM,1,1,0,1.0,1.0,3.0,3.0,2.5
2009,2010-04-03,GEN,LIVO,0,1,-1,0.0,3.0,1.5,4.0,6.5
2009,2010-04-03,INT,BOLG,1,2,-1,0.0,3.0,1.29,5.0,11.0
2009,2010-04-03,LAZ,NAP,3,2,1,3.0,0.0,2.4,3.0,3.2
2009,2010-04-03,PAR,FIO,3,0,1,3.0,0.0,3.2,3.1,2.35
2009,2010-04-03,UDI,JUV,2,0,1,3.0,0.0,2.63,3.1,2.8
2009,2010-03-28,CHI,PAR,1,1,0,1.0,1.0,2.88,1.83,5.0
2009,2010-03-28,FIO,UDI,4,1,1,3.0,0.0,1.8,3.4,4.75
2009,2010-03-28,JUV,ATA,2,0,1,3.0,0.0,1.6,3.5,6.5
2009,2010-03-28,LIVO,BARI,2,0,1,3.0,0.0,2.2,3.1,3.5
2009,2010-03-28,MIL,LAZ,1,0,1,3.0,0.0,1.67,3.5,5.5
2009,2010-03-28,NAP,CAT,0,2,-1,0.0,3.0,1.6,3.5,7.0
2009,2010-03-28,SAM,CAG,2,2,0,1.0,1.0,1.67,3.5,5.5
2009,2010-03-28,SIE,GEN,4,1,1,3.0,0.0,2.5,3.1,2.9
2009,2010-03-27,PAL,BOLG,2,0,1,3.0,0.0,1.62,3.6,6.0
2009,2010-03-27,ROM,INT,1,2,-1,0.0,3.0,2.75,3.1,2.63
2009,2010-03-25,NAP,JUV,3,1,1,3.0,0.0,2.45,3.0,3.1
2009,2010-03-24,ATA,CAG,3,2,1,3.0,0.0,1.85,3.3,4.4
2009,2010-03-24,BARI,SAM,0,1,-1,0.0,3.0,2.5,3.1,2.9
2009,2010-03-24,BOLG,ROM,1,0,1,3.0,0.0,4.5,3.3,1.83
2009,2010-03-24,CAT,FIO,2,3,-1,0.0,3.0,3.0,3.0,2.5
2009,2010-03-24,GEN,PAL,2,0,1,3.0,0.0,2.05,3.2,3.75
2009,2010-03-24,INT,LIVO,1,0,1,3.0,0.0,1.25,5.5,12.0
2009,2010-03-24,LAZ,SIE,0,0,0,1.0,1.0,1.75,3.4,5.0
2009,2010-03-24,PAR,MIL,2,1,1,3.0,0.0,5.0,3.25,1.8
2009,2010-03-24,UDI,CHI,2,2,0,1.0,1.0,1.7,3.3,5.75
2009,2010-03-21,ATA,LIVO,0,3,-1,0.0,3.0,2.15,3.1,3.6
2009,2010-03-21,BARI,PAR,4,0,1,3.0,0.0,2.0,3.1,4.1
2009,2010-03-21,CAG,LAZ,0,2,-1,0.0,3.0,2.15,3.2,3.5
2009,2010-03-21,CHI,CAT,2,4,-1,0.0,3.0,3.0,1.8,5.0
2009,2010-03-21,MIL,NAP,1,2,-1,0.0,3.0,1.57,3.6,6.5
2009,2010-03-21,SAM,JUV,1,1,0,1.0,1.0,2.6,3.1,2.8
2009,2010-03-21,SIE,BOLG,1,1,0,1.0,1.0,2.05,3.25,3.75
2009,2010-03-20,FIO,GEN,1,0,1,3.0,0.0,1.85,3.4,4.33
2009,2010-03-20,PAL,INT,3,0,1,3.0,0.0,3.6,3.1,2.1
2009,2010-03-20,ROM,UDI,1,0,1,3.0,0.0,1.75,3.4,5.0
2009,2010-03-14,BOLG,SAM,2,0,1,3.0,0.0,2.5,3.0,3.0
2009,2010-03-14,GEN,CAG,4,2,1,3.0,0.0,1.8,3.5,4.5
2009,2010-03-14,JUV,SIE,3,0,1,3.0,0.0,1.36,4.5,9.0
2009,2010-03-14,LAZ,BARI,2,2,0,1.0,1.0,1.83,3.3,4.75
2009,2010-03-14,LIVO,ROM,4,1,1,3.0,0.0,4.75,3.4,1.8
2009,2010-03-14,MIL,CHI,4,0,1,3.0,0.0,1.4,4.33,8.5
2009,2010-03-14,PAR,ATA,0,1,-1,0.0,3.0,2.0,3.2,4.0
2009,2010-03-14,UDI,PAL,1,3,-1,0.0,3.0,2.3,3.2,3.2
2009,2010-03-13,NAP,FIO,0,0,0,1.0,1.0,2.0,3.2,4.0
2009,2010-03-12,CAT,INT,1,2,-1,0.0,3.0,4.33,3.25,1.91
2009,2010-03-07,ATA,UDI,0,2,-1,0.0,3.0,2.3,3.2,3.2
2009,2010-03-07,BARI,CHI,3,1,1,3.0,0.0,2.0,3.25,3.9
2009,2010-03-07,BOLG,NAP,0,0,0,1.0,1.0,2.9,3.1,2.5
2009,2010-03-07,CAG,CAT,1,0,1,3.0,0.0,2.0,3.25,3.9
2009,2010-03-07,INT,GEN,1,1,0,1.0,1.0,1.4,4.5,8.0
2009,2010-03-07,PAL,LIVO,0,2,-1,0.0,3.0,1.5,3.9,7.0
2009,2010-03-07,SAM,LAZ,2,1,1,3.0,0.0,2.15,3.2,3.5
2009,2010-03-07,SIE,PAR,2,2,0,1.0,1.0,2.2,3.2,3.4
2009,2010-03-06,FIO,JUV,2,0,1,3.0,0.0,2.5,3.2,2.88
2009,2010-03-06,ROM,MIL,1,1,0,1.0,1.0,2.3,3.2,3.2
2009,2010-02-28,CHI,CAG,0,3,-1,0.0,3.0,2.4,3.2,3.0
2009,2010-02-28,GEN,BOLG,1,2,-1,0.0,3.0,1.67,3.5,5.5
2009,2010-02-28,JUV,PAL,4,0,1,3.0,0.0,1.73,3.4,5.25
2009,2010-02-28,LIVO,SIE,1,0,1,3.0,0.0,2.2,3.2,3.4
2009,2010-02-28,MIL,ATA,3,2,1,3.0,0.0,1.33,4.75,10.0
2009,2010-02-28,NAP,ROM,3,0,1,3.0,0.0,2.4,3.1,3.1
2009,2010-02-28,PAR,SAM,2,1,1,3.0,0.0,2.1,3.1,3.75
2009,2010-02-28,UDI,INT,1,2,-1,0.0,3.0,3.6,3.2,2.1
2009,2010-02-27,CAT,BARI,3,1,1,3.0,0.0,2.2,3.2,3.4
2009,2010-02-27,LAZ,FIO,0,0,0,1.0,1.0,2.38,3.0,3.25
2009,2010-02-24,FIO,MIL,0,0,0,1.0,1.0,2.9,3.1,2.5
2009,2010-02-24,UDI,CAG,2,1,1,3.0,0.0,2.1,3.3,3.5
2009,2010-02-21,ATA,CHI,1,0,1,3.0,0.0,2.1,3.3,3.5
2009,2010-02-21,BARI,MIL,0,1,-1,0.0,3.0,3.5,3.3,2.1
2009,2010-02-21,BOLG,JUV,0,1,-1,0.0,3.0,4.2,3.3,1.91
2009,2010-02-21,CAG,PAR,0,0,0,1.0,1.0,1.85,3.4,4.33
2009,2010-02-21,FIO,LIVO,1,1,0,1.0,1.0,1.62,3.6,6.0
2009,2010-02-21,PAL,LAZ,1,3,-1,0.0,3.0,1.91,3.4,4.0
2009,2010-02-21,ROM,CAT,0,2,-1,0.0,3.0,1.4,4.33,8.5
2009,2010-02-21,SIE,NAP,3,3,0,1.0,1.0,3.1,3.25,2.3
2009,2010-02-20,GEN,UDI,3,2,1,3.0,0.0,1.91,3.4,4.0
2009,2010-02-20,INT,SAM,1,0,1,3.0,0.0,1.5,3.8,7.5
2009,2010-02-14,CAG,BARI,2,1,1,3.0,0.0,2.0,3.4,3.75
2009,2010-02-14,CAT,ATA,2,0,1,3.0,0.0,2.1,3.2,3.6
2009,2010-02-14,CHI,SIE,1,1,0,1.0,1.0,1.8,3.3,4.75
2009,2010-02-14,JUV,GEN,2,1,1,3.0,0.0,1.73,3.5,5.0
2009,2010-02-14,LIVO,BOLG,0,2,-1,0.0,3.0,2.4,3.0,3.2
2009,2010-02-14,NAP,INT,3,0,1,3.0,0.0,3.2,3.2,2.3
2009,2010-02-14,PAR,LAZ,2,0,1,3.0,0.0,2.38,3.0,3.25
2009,2010-02-13,ROM,PAL,1,1,0,1.0,1.0,1.67,3.5,5.5
2009,2010-02-13,SAM,FIO,1,1,0,1.0,1.0,2.4,3.1,3.1
2009,2010-02-12,MIL,UDI,1,2,-1,0.0,3.0,1.57,3.6,6.5
2009,2010-02-10,PAR,INT,1,1,0,1.0,1.0,4.5,3.4,1.83
2009,2010-02-07,ATA,BARI,1,3,-1,0.0,3.0,2.3,3.0,3.4
2009,2010-02-07,BOLG,MIL,2,2,0,1.0,1.0,5.0,3.25,1.8
2009,2010-02-07,FIO,ROM,1,0,1,3.0,0.0,2.5,3.2,2.88
2009,2010-02-07,GEN,CHI,0,2,-1,0.0,3.0,1.9,3.25,4.33
2009,2010-02-07,INT,CAG,2,2,0,1.0,1.0,1.36,4.33,7.5
2009,2010-02-07,LAZ,CAT,2,0,1,3.0,0.0,1.9,3.25,4.33
2009,2010-02-07,SIE,SAM,1,1,0,1.0,1.0,2.63,3.1,2.75
2009,2010-02-07,UDI,NAP,1,1,0,1.0,1.0,2.4,3.1,3.1
2009,2010-02-06,LIVO,JUV,2,1,1,3.0,0.0,4.0,3.2,2.0
2009,2010-02-06,PAL,PAR,1,1,0,1.0,1.0,1.8,3.25,5.0
2009,2010-01-31,CAG,FIO,1,1,0,1.0,1.0,2.38,3.0,3.2
2009,2010-01-31,CAT,UDI,1,0,1,3.0,0.0,2.2,3.0,3.6
2009,2010-01-31,CHI,BOLG,3,0,1,3.0,0.0,2.0,3.1,4.2
2009,2010-01-31,JUV,LAZ,2,1,1,3.0,0.0,1.7,3.4,5.5
2009,2010-01-31,MIL,LIVO,2,2,0,1.0,1.0,1.29,5.0,12.0
2009,2010-01-31,ROM,SIE,2,2,0,1.0,1.0,1.29,4.75,13.0
2009,2010-01-31,SAM,ATA,0,0,0,1.0,1.0,1.91,3.25,4.33
2009,2010-01-30,BARI,PAL,2,1,1,3.0,0.0,2.5,2.9,3.1
2009,2010-01-30,NAP,GEN,1,1,0,1.0,1.0,1.95,3.25,4.2
2009,2010-01-24,BOLG,BARI,2,2,0,1.0,1.0,2.4,3.2,3.0
2009,2010-01-24,GEN,ATA,0,0,0,1.0,1.0,1.83,3.4,4.5
2009,2010-01-24,INT,MIL,0,5,-1,0.0,3.0,2.5,3.1,2.9
2009,2010-01-24,LAZ,CHI,0,0,0,1.0,1.0,1.95,3.2,4.2
2009,2010-01-24,LIVO,NAP,1,0,1,3.0,0.0,3.1,3.1,2.4
2009,2010-01-24,PAL,FIO,2,0,1,3.0,0.0,2.4,3.2,3.0
2009,2010-01-24,SIE,CAG,1,0,1,3.0,0.0,2.9,3.0,2.6
2009,2010-01-24,UDI,SAM,2,0,1,3.0,0.0,2.1,3.2,3.6
2009,2010-01-23,CAT,PAR,1,2,-1,0.0,3.0,2.2,3.2,3.4
2009,2010-01-23,JUV,ROM,3,1,1,3.0,0.0,2.5,3.1,2.9
2009,2010-01-20,BOLG,ATA,2,1,1,3.0,0.0,2.3,3.1,3.2
2009,2010-01-20,GEN,BARI,2,1,1,3.0,0.0,2.1,3.1,3.8
2009,2010-01-17,ATA,LAZ,2,2,0,1.0,1.0,2.5,3.1,2.9
2009,2010-01-17,CHI,JUV,2,1,1,3.0,0.0,3.5,3.25,2.1
2009,2010-01-17,FIO,BOLG,1,2,-1,0.0,3.0,1.5,3.75,7.5
2009,2010-01-17,MIL,SIE,1,1,0,1.0,1.0,1.25,5.25,13.0
2009,2010-01-17,NAP,PAL,2,1,1,3.0,0.0,2.1,3.25,3.5
2009,2010-01-17,PAR,UDI,1,1,0,1.0,1.0,2.1,3.2,3.6
2009,2010-01-17,ROM,GEN,0,2,-1,0.0,3.0,1.7,3.6,5.0
2009,2010-01-17,SAM,CAT,0,4,-1,0.0,3.0,1.8,3.4,4.6
2009,2010-01-16,BARI,INT,4,2,1,3.0,0.0,4.33,3.25,1.91
2009,2010-01-16,CAG,LIVO,0,0,0,1.0,1.0,1.83,3.0,5.5
2009,2010-01-10,BOLG,CAG,2,0,1,3.0,0.0,2.35,3.2,3.1
2009,2010-01-10,FIO,BARI,3,1,1,3.0,0.0,1.65,3.5,6.0
2009,2010-01-10,GEN,CAT,3,5,-1,0.0,3.0,1.65,3.5,6.0
2009,2010-01-10,JUV,MIL,3,0,1,3.0,0.0,2.5,3.2,2.9
2009,2010-01-10,LIVO,PAR,4,0,1,3.0,0.0,2.75,3.1,2.63
2009,2010-01-10,NAP,SAM,2,2,0,1.0,1.0,1.91,3.3,4.2
2009,2010-01-10,PAL,ATA,1,1,0,1.0,1.0,1.7,3.5,5.5
2009,2010-01-10,UDI,LAZ,2,1,1,3.0,0.0,2.2,3.25,3.3
2009,2010-01-09,INT,SIE,2,0,1,3.0,0.0,1.2,6.0,15.0
2009,2010-01-09,ROM,CHI,1,2,-1,0.0,3.0,1.57,3.6,6.5
2009,2010-01-06,ATA,NAP,0,1,-1,0.0,3.0,2.63,3.0,2.88
2009,2010-01-06,BARI,UDI,2,3,-1,0.0,3.0,2.2,3.1,3.5
2009,2010-01-06,CAG,ROM,4,1,1,3.0,0.0,3.0,3.2,2.4
2009,2010-01-06,CAT,BOLG,1,1,0,1.0,1.0,2.0,3.2,4.0
2009,2010-01-06,CHI,INT,1,2,-1,0.0,3.0,4.5,3.4,1.83
2009,2010-01-06,LAZ,LIVO,1,0,1,3.0,0.0,1.67,3.5,5.5
2009,2010-01-06,MIL,GEN,1,1,0,1.0,1.0,1.57,3.75,6.0
2009,2010-01-06,PAR,JUV,3,0,1,3.0,0.0,3.1,3.1,2.4
2009,2010-01-06,SAM,PAL,1,0,1,3.0,0.0,2.2,3.2,3.4
2009,2010-01-06,SIE,FIO,1,0,1,3.0,0.0,3.4,3.2,2.2
2009,2009-12-20,INT,LAZ,2,2,0,1.0,1.0,1.4,4.33,8.5
2009,2009-12-20,JUV,CAT,2,0,1,3.0,0.0,1.33,4.75,10.0
2009,2009-12-20,LIVO,SAM,2,1,1,3.0,0.0,2.88,3.0,2.63
2009,2009-12-20,NAP,CHI,2,2,0,1.0,1.0,1.91,3.25,4.33
2009,2009-12-20,PAL,SIE,3,2,1,3.0,0.0,1.62,3.6,6.0
2009,2009-12-20,ROM,PAR,1,2,-1,0.0,3.0,1.73,3.6,4.75
2009,2009-12-13,ATA,INT,1,0,1,3.0,0.0,6.0,3.5,1.65
2009,2009-12-13,CAT,LIVO,2,1,1,3.0,0.0,1.91,3.2,4.33
2009,2009-12-13,CHI,FIO,2,2,0,1.0,1.0,3.0,3.0,2.5
2009,2009-12-13,LAZ,GEN,3,1,1,3.0,0.0,2.25,3.1,3.4
2009,2009-12-13,MIL,PAL,2,0,1,3.0,0.0,1.44,4.2,7.5
2009,2009-12-13,PAR,BOLG,0,0,0,1.0,1.0,1.8,3.4,4.75
2009,2009-12-13,SAM,ROM,1,2,-1,0.0,3.0,2.5,3.2,2.88
2009,2009-12-13,SIE,UDI,2,1,1,3.0,0.0,2.63,3.0,2.88
2009,2009-12-12,BARI,JUV,0,1,-1,0.0,3.0,4.33,3.25,1.91
2009,2009-12-12,CAG,NAP,2,0,1,3.0,0.0,2.38,3.0,3.25
2009,2009-12-06,BOLG,UDI,1,1,0,1.0,1.0,2.5,3.2,2.88
2009,2009-12-06,FIO,ATA,0,1,-1,0.0,3.0,1.55,3.6,7.0
2009,2009-12-06,GEN,PAR,4,0,1,3.0,0.0,1.91,3.2,4.33
2009,2009-12-06,LIVO,CHI,0,1,-1,0.0,3.0,2.4,3.1,3.1
2009,2009-12-06,NAP,BARI,0,2,-1,0.0,3.0,1.8,3.5,4.5
2009,2009-12-06,PAL,CAG,0,0,0,1.0,1.0,2.1,3.1,3.75
2009,2009-12-06,ROM,LAZ,2,2,0,1.0,1.0,1.83,3.25,4.75
2009,2009-12-06,SIE,CAT,1,0,1,3.0,0.0,2.2,3.1,3.5
2009,2009-12-05,JUV,INT,1,0,1,3.0,0.0,2.65,3.1,2.75
2009,2009-12-05,MIL,SAM,0,1,-1,0.0,3.0,1.57,3.7,6.25
2009,2009-11-29,ATA,ROM,3,2,1,3.0,0.0,3.4,3.25,2.15
2009,2009-11-29,BARI,SIE,2,2,0,1.0,1.0,1.75,3.3,5.0
2009,2009-11-29,CAG,JUV,1,3,-1,0.0,3.0,4.0,3.4,1.91
2009,2009-11-29,CAT,MIL,3,1,1,3.0,0.0,4.33,3.4,1.85
2009,2009-11-29,CHI,PAL,1,2,-1,0.0,3.0,2.3,3.2,3.2
2009,2009-11-29,INT,FIO,3,1,1,3.0,0.0,1.57,3.75,6.0
2009,2009-11-29,LAZ,BOLG,1,1,0,1.0,1.0,1.67,3.6,5.25
2009,2009-11-29,PAR,NAP,2,3,-1,0.0,3.0,2.4,3.2,3.0
2009,2009-11-28,GEN,SAM,1,0,1,3.0,0.0,2.3,3.2,3.2
2009,2009-11-28,UDI,LIVO,0,2,-1,0.0,3.0,1.65,3.6,5.5
2009,2009-11-22,JUV,UDI,1,2,-1,0.0,3.0,1.44,4.0,8.0
2009,2009-11-22,LIVO,GEN,0,0,0,1.0,1.0,3.2,3.0,2.4
2009,2009-11-22,MIL,CAG,1,0,1,3.0,0.0,1.5,3.75,7.5
2009,2009-11-22,NAP,LAZ,5,0,1,3.0,0.0,1.83,3.3,4.75
2009,2009-11-22,PAL,CAT,2,3,-1,0.0,3.0,1.73,3.4,5.25
2009,2009-11-22,ROM,BARI,2,3,-1,0.0,3.0,1.67,3.5,5.5
2009,2009-11-22,SAM,CHI,0,1,-1,0.0,3.0,1.73,3.4,5.25
2009,2009-11-22,SIE,ATA,1,2,-1,0.0,3.0,2.4,3.0,3.2
2009,2009-11-21,BOLG,INT,2,2,0,1.0,1.0,5.5,3.5,1.67
2009,2009-11-21,FIO,PAR,1,1,0,1.0,1.0,1.7,3.4,5.5
2009,2009-11-08,BARI,LIVO,3,0,1,3.0,0.0,1.85,3.3,4.5
2009,2009-11-08,BOLG,PAL,0,0,0,1.0,1.0,2.7,3.1,2.7
2009,2009-11-08,CAG,SAM,3,1,1,3.0,0.0,2.4,3.1,3.1
2009,2009-11-08,GEN,SIE,1,2,-1,0.0,3.0,1.65,3.6,5.5
2009,2009-11-08,INT,ROM,0,2,-1,0.0,3.0,1.62,3.75,5.5
2009,2009-11-08,LAZ,MIL,3,1,1,3.0,0.0,3.6,3.25,2.1
2009,2009-11-08,PAR,CHI,1,1,0,1.0,1.0,2.05,3.2,3.8
2009,2009-11-08,UDI,FIO,1,0,1,3.0,0.0,2.45,3.2,2.9
2009,2009-11-07,ATA,JUV,2,0,1,3.0,0.0,4.33,3.4,1.85
2009,2009-11-07,CAT,NAP,5,1,1,3.0,0.0,3.4,3.1,2.25
2009,2009-11-01,CAG,ATA,0,1,-1,0.0,3.0,2.1,3.1,3.8
2009,2009-11-01,CHI,UDI,1,0,1,3.0,0.0,2.5,3.1,2.9
2009,2009-11-01,FIO,CAT,1,0,1,3.0,0.0,1.44,4.0,8.0
2009,2009-11-01,LIVO,INT,2,0,1,3.0,0.0,6.0,3.8,1.57
2009,2009-11-01,PAL,GEN,0,2,-1,0.0,3.0,2.05,3.1,4.0
2009,2009-11-01,ROM,BOLG,1,0,1,3.0,0.0,1.67,3.5,5.5
2009,2009-11-01,SAM,BARI,1,2,-1,0.0,3.0,1.67,3.5,5.5
2009,2009-11-01,SIE,LAZ,2,0,1,3.0,0.0,2.75,3.1,2.63
2009,2009-10-31,JUV,NAP,1,2,-1,0.0,3.0,1.53,3.75,7.0
2009,2009-10-31,MIL,PAR,0,0,0,1.0,1.0,1.53,3.8,6.5
2009,2009-10-29,INT,PAL,2,1,1,3.0,0.0,1.44,4.0,8.0
2009,2009-10-28,BOLG,SIE,0,1,-1,0.0,3.0,2.3,3.1,3.3
2009,2009-10-28,CAT,CHI,0,1,-1,0.0,3.0,2.25,3.1,3.4
2009,2009-10-28,GEN,FIO,3,0,1,3.0,0.0,2.4,3.2,3.0
2009,2009-10-28,JUV,SAM,2,1,1,3.0,0.0,1.75,3.4,5.0
2009,2009-10-28,LAZ,CAG,3,1,1,3.0,0.0,1.8,3.4,4.75
2009,2009-10-28,LIVO,ATA,1,1,0,1.0,1.0,2.4,3.1,3.1
2009,2009-10-28,NAP,MIL,1,3,-1,0.0,3.0,2.88,3.2,2.5
2009,2009-10-28,PAR,BARI,2,2,0,1.0,1.0,2.1,3.2,3.6
2009,2009-10-28,UDI,ROM,4,0,1,3.0,0.0,2.5,3.2,2.88
2009,2009-10-25,ATA,PAR,1,3,-1,0.0,3.0,2.1,3.1,3.75
2009,2009-10-25,BARI,LAZ,3,0,1,3.0,0.0,2.63,3.0,2.88
2009,2009-10-25,CAG,GEN,1,0,1,3.0,0.0,2.75,3.0,2.75
2009,2009-10-25,CHI,MIL,2,1,1,3.0,0.0,4.0,3.1,2.0
2009,2009-10-25,FIO,NAP,2,2,0,1.0,1.0,1.75,3.4,5.0
2009,2009-10-25,PAL,UDI,0,3,-1,0.0,3.0,2.1,3.1,3.75
2009,2009-10-25,ROM,LIVO,1,0,1,3.0,0.0,1.33,4.75,10.0
2009,2009-10-25,SIE,JUV,3,3,0,1.0,1.0,7.0,3.5,1.57
2009,2009-10-24,INT,CAT,4,2,1,3.0,0.0,1.22,5.5,15.0
2009,2009-10-24,SAM,BOLG,1,0,1,3.0,0.0,1.53,3.75,7.0
2009,2009-10-18,CAT,CAG,1,0,1,3.0,0.0,2.4,3.1,3.1
2009,2009-10-18,CHI,BARI,3,1,1,3.0,0.0,2.0,3.1,4.1
2009,2009-10-18,LAZ,SAM,1,2,-1,0.0,3.0,2.4,3.1,3.1
2009,2009-10-18,LIVO,PAL,2,1,1,3.0,0.0,3.1,3.1,2.4
2009,2009-10-18,MIL,ROM,3,1,1,3.0,0.0,2.1,3.3,3.5
2009,2009-10-18,NAP,BOLG,2,0,1,3.0,0.0,1.55,3.75,6.5
2009,2009-10-18,PAR,SIE,2,1,1,3.0,0.0,1.95,3.2,4.2
2009,2009-10-18,UDI,ATA,2,0,1,3.0,0.0,1.67,3.5,5.5
2009,2009-10-17,GEN,INT,1,0,1,3.0,0.0,3.25,3.2,2.25
2009,2009-10-17,JUV,FIO,3,1,1,3.0,0.0,1.73,3.4,5.25
2009,2009-10-04,ATA,MIL,0,2,-1,0.0,3.0,3.5,3.0,2.25
2009,2009-10-04,BOLG,GEN,3,2,1,3.0,0.0,3.0,3.2,2.4
2009,2009-10-04,CAG,CHI,3,2,1,3.0,0.0,2.1,3.1,3.75
2009,2009-10-04,FIO,LAZ,4,1,1,3.0,0.0,1.85,3.3,4.5
2009,2009-10-04,PAL,JUV,1,0,1,3.0,0.0,3.8,3.3,2.0
2009,2009-10-04,ROM,NAP,3,3,0,1.0,1.0,1.7,3.4,5.5
2009,2009-10-04,SAM,PAR,1,1,0,1.0,1.0,1.65,3.6,5.5
2009,2009-10-04,SIE,LIVO,1,2,-1,0.0,3.0,2.0,3.2,4.0
2009,2009-10-03,BARI,CAT,0,1,-1,0.0,3.0,2.05,3.2,3.8
2009,2009-10-03,INT,UDI,2,0,1,3.0,0.0,1.44,4.2,7.5
2009,2009-09-27,CAT,ROM,3,1,1,3.0,0.0,4.33,3.25,1.91
2009,2009-09-27,CHI,ATA,1,0,1,3.0,0.0,2.2,3.2,3.4
2009,2009-09-27,JUV,BOLG,1,0,1,3.0,0.0,1.22,6.0,13.0
2009,2009-09-27,LAZ,PAL,2,1,1,3.0,0.0,2.1,3.2,3.6
2009,2009-09-27,MIL,BARI,1,3,-1,0.0,3.0,1.33,4.5,11.0
2009,2009-09-27,NAP,SIE,1,1,0,1.0,1.0,1.67,3.4,6.0
2009,2009-09-27,PAR,CAG,4,2,1,3.0,0.0,1.91,3.2,4.33
2009,2009-09-27,UDI,GEN,2,0,1,3.0,0.0,2.25,3.2,3.3
2009,2009-09-26,LIVO,FIO,1,2,-1,0.0,3.0,3.75,3.1,2.1
2009,2009-09-26,SAM,INT,2,1,1,3.0,0.0,3.8,3.3,2.0
2009,2009-09-24,GEN,JUV,3,1,1,3.0,0.0,3.4,3.2,2.2
2009,2009-09-23,ATA,CAT,3,2,1,3.0,0.0,1.8,3.4,4.75
2009,2009-09-23,BARI,CAG,2,0,1,3.0,0.0,2.1,3.1,3.75
2009,2009-09-23,BOLG,LIVO,2,2,0,1.0,1.0,2.15,3.1,3.6
2009,2009-09-23,FIO,SAM,2,1,1,3.0,0.0,2.1,3.1,3.75
2009,2009-09-23,INT,NAP,1,1,0,1.0,1.0,1.4,4.2,8.5
2009,2009-09-23,LAZ,PAR,2,3,-1,0.0,3.0,1.91,3.2,4.33
2009,2009-09-23,PAL,ROM,1,0,1,3.0,0.0,2.8,3.25,2.55
2009,2009-09-23,SIE,CHI,2,3,-1,0.0,3.0,2.4,3.1,3.1
2009,2009-09-23,UDI,MIL,1,0,1,3.0,0.0,3.25,3.1,2.3
2009,2009-09-20,BARI,ATA,3,0,1,3.0,0.0,2.5,3.1,2.9
2009,2009-09-20,CAG,INT,1,4,-1,0.0,3.0,6.0,3.6,1.62
2009,2009-09-20,CAT,LAZ,3,0,1,3.0,0.0,2.9,3.1,2.5
2009,2009-09-20,CHI,GEN,4,2,1,3.0,0.0,2.9,3.1,2.5
2009,2009-09-20,MIL,BOLG,4,1,1,3.0,0.0,1.33,4.75,10.0
2009,2009-09-20,PAR,PAL,2,1,1,3.0,0.0,2.38,3.1,3.1
2009,2009-09-20,ROM,FIO,1,1,0,1.0,1.0,1.95,3.4,3.8
2009,2009-09-20,SAM,SIE,1,1,0,1.0,1.0,1.67,3.4,6.0
2009,2009-09-19,JUV,LIVO,2,0,1,3.0,0.0,1.3,5.0,11.0
2009,2009-09-19,NAP,UDI,4,2,1,3.0,0.0,2.0,3.3,3.75
2009,2009-09-13,ATA,SAM,1,2,-1,0.0,3.0,2.38,3.1,3.1
2009,2009-09-13,BOLG,CHI,5,1,1,3.0,0.0,2.4,3.0,3.2
2009,2009-09-13,FIO,CAG,2,0,1,3.0,0.0,1.6,3.6,6.25
2009,2009-09-13,GEN,NAP,4,0,1,3.0,0.0,2.05,3.2,3.8
2009,2009-09-13,INT,PAR,3,1,1,3.0,0.0,1.3,5.0,11.0
2009,2009-09-13,PAL,BARI,2,1,1,3.0,0.0,1.62,3.6,6.0
2009,2009-09-13,SIE,ROM,1,3,-1,0.0,3.0,4.0,3.2,2.0
2009,2009-09-13,UDI,CAT,1,0,1,3.0,0.0,1.67,3.5,5.5
2009,2009-09-12,LAZ,JUV,3,0,1,3.0,0.0,4.0,3.2,2.0
2009,2009-09-12,LIVO,MIL,0,0,0,1.0,1.0,4.75,3.3,1.83
2009,2009-08-30,ATA,GEN,1,2,-1,0.0,3.0,2.4,3.0,3.2
2009,2009-08-30,CAG,SIE,2,0,1,3.0,0.0,2.0,3.2,4.0
2009,2009-08-30,CHI,LAZ,1,1,0,1.0,1.0,3.0,3.0,2.5
2009,2009-08-30,FIO,PAL,3,1,1,3.0,0.0,1.8,3.4,4.75
2009,2009-08-30,NAP,LIVO,1,5,-1,0.0,3.0,1.5,4.0,7.5
2009,2009-08-30,PAR,CAT,1,3,-1,0.0,3.0,1.95,3.2,4.2
2009,2009-08-30,ROM,JUV,1,1,0,1.0,1.0,3.1,3.1,2.38
2009,2009-08-30,SAM,UDI,0,2,-1,0.0,3.0,2.1,3.2,3.6
2009,2009-08-29,BARI,BOLG,1,2,-1,0.0,3.0,2.2,3.1,3.5
2009,2009-08-29,MIL,INT,3,0,1,3.0,0.0,3.0,3.0,2.5
2009,2009-08-23,CAT,SAM,0,2,-1,0.0,3.0,2.5,3.2,2.88
2009,2009-08-23,GEN,ROM,2,2,0,1.0,1.0,2.4,3.2,3.0
2009,2009-08-23,INT,BARI,2,2,0,1.0,1.0,1.2,6.0,15.0
2009,2009-08-23,JUV,CHI,1,2,-1,0.0,3.0,1.29,5.25,11.0
2009,2009-08-23,LAZ,ATA,3,2,1,3.0,0.0,1.83,3.4,4.5
2009,2009-08-23,LIVO,CAG,3,0,1,3.0,0.0,2.38,3.1,3.2
2009,2009-08-23,PAL,NAP,3,1,1,3.0,0.0,2.15,3.25,3.5
2009,2009-08-23,UDI,PAR,0,1,-1,0.0,3.0,1.8,3.4,4.75
2009,2009-08-22,BOLG,FIO,2,4,-1,0.0,3.0,3.3,3.25,2.2
2009,2009-08-22,SIE,MIL,2,0,1,3.0,0.0,3.75,3.25,2.05
2008,2009-05-31,BOLG,CAT,5,0,1,3.0,0.0,1.3,4.75,12.0
2008,2009-05-31,FIO,MIL,2,1,1,3.0,0.0,2.5,3.1,2.88
2008,2009-05-31,GEN,LEC,1,1,0,1.0,1.0,1.33,4.5,10.0
2008,2009-05-31,INT,ATA,2,2,0,1.0,1.0,1.44,4.0,8.0
2008,2009-05-31,JUV,LAZ,4,4,0,1.0,1.0,1.36,4.5,8.0
2008,2009-05-31,NAP,CHI,0,0,0,1.0,1.0,1.62,3.75,5.5
2008,2009-05-31,PAL,SAM,1,3,-1,0.0,3.0,1.8,3.1,5.0
2008,2009-05-31,REG,SIE,0,1,-1,0.0,3.0,2.25,3.0,3.4
2008,2009-05-31,ROM,TOR,4,1,1,3.0,0.0,1.65,4.2,4.5
2008,2009-05-31,UDI,CAG,0,0,0,1.0,1.0,1.75,3.6,4.5
2008,2009-05-24,ATA,PAL,2,1,1,3.0,0.0,3.25,3.2,2.25
2008,2009-05-24,CAG,INT,1,0,1,3.0,0.0,3.2,3.2,2.3
2008,2009-05-24,CAT,NAP,3,3,0,1.0,1.0,2.25,3.0,3.5
2008,2009-05-24,CHI,BOLG,2,1,1,3.0,0.0,3.2,1.57,6.0
2008,2009-05-24,LEC,FIO,1,0,1,3.0,0.0,5.0,4.33,1.57
2008,2009-05-24,MIL,ROM,4,1,1,3.0,0.0,1.8,3.4,4.75
2008,2009-05-24,SAM,UDI,0,2,-1,0.0,3.0,3.1,3.3,2.25
2008,2009-05-24,SIE,JUV,4,0,1,3.0,0.0,8.5,4.33,1.4
2008,2009-05-24,TOR,GEN,2,4,-1,0.0,3.0,1.4,4.5,7.5
2008,2009-05-20,LAZ,REG,0,2,-1,0.0,3.0,2.5,3.6,2.6
2008,2009-05-17,BOLG,LEC,1,1,0,1.0,1.0,1.91,3.25,4.33
2008,2009-05-17,FIO,SAM,0,0,0,1.0,1.0,1.33,4.75,9.5
2008,2009-05-17,GEN,CHI,1,0,1,3.0,0.0,1.62,3.6,6.0
2008,2009-05-17,INT,SIE,2,0,1,3.0,0.0,1.2,6.0,15.0
2008,2009-05-17,JUV,ATA,2,0,1,3.0,0.0,1.25,5.5,12.0
2008,2009-05-17,NAP,TOR,2,0,1,3.0,0.0,3.1,3.2,2.3
2008,2009-05-17,PAL,LAZ,2,0,1,3.0,0.0,1.57,3.5,7.0
2008,2009-05-17,REG,CAG,0,0,0,1.0,1.0,1.8,3.6,4.5
2008,2009-05-16,ROM,CAT,2,0,1,3.0,0.0,1.25,5.5,12.0
2008,2009-05-16,UDI,MIL,2,0,1,3.0,0.0,3.6,3.2,2.1
2008,2009-05-10,ATA,GEN,5,0,1,3.0,0.0,3.3,3.1,2.3
2008,2009-05-10,CAG,ROM,0,1,-1,0.0,3.0,2.88,3.2,2.5
2008,2009-05-10,CAT,FIO,1,1,0,1.0,1.0,4.75,3.4,1.8
2008,2009-05-10,CHI,INT,2,2,0,1.0,1.0,4.5,3.3,1.85
2008,2009-05-10,LEC,NAP,1,0,1,3.0,0.0,1.62,3.75,5.5
2008,2009-05-10,MIL,JUV,1,1,0,1.0,1.0,1.83,3.5,4.33
2008,2009-05-10,SIE,PAL,2,1,1,3.0,0.0,3.1,3.1,2.38
2008,2009-05-10,TOR,BOLG,3,2,1,3.0,0.0,1.91,3.25,4.33
2008,2009-05-09,LAZ,UDI,2,1,1,3.0,0.0,2.88,3.0,2.6
2008,2009-05-09,SAM,REG,1,0,1,3.0,0.0,2.9,3.3,2.4
2008,2009-05-03,CAT,MIL,0,0,0,1.0,1.0,6.0,3.75,1.57
2008,2009-05-03,FIO,TOR,3,2,1,3.0,0.0,1.44,4.0,8.0
2008,2009-05-03,GEN,SAM,0,0,0,1.0,1.0,2.25,3.1,3.3
2008,2009-05-03,JUV,LEC,3,1,1,3.0,0.0,1.36,4.5,9.0
2008,2009-05-03,PAL,CAG,0,2,-1,0.0,3.0,2.0,3.25,4.0
2008,2009-05-03,ROM,CHI,2,0,1,3.0,0.0,1.5,4.0,7.0
2008,2009-05-03,SIE,NAP,2,2,0,1.0,1.0,2.15,3.0,3.6
2008,2009-05-03,UDI,ATA,2,2,0,1.0,1.0,1.83,3.3,4.75
2008,2009-05-02,BOLG,REG,0,1,-1,0.0,3.0,1.8,3.3,4.75
2008,2009-05-02,INT,LAZ,2,1,1,3.0,0.0,1.5,3.8,7.25
2008,2009-04-26,BOLG,GEN,1,1,0,1.0,1.0,3.4,3.1,2.2
2008,2009-04-26,LAZ,ATA,2,2,0,1.0,1.0,1.8,3.3,4.75
2008,2009-04-26,LEC,CAT,3,2,1,3.0,0.0,1.7,3.4,5.5
2008,2009-04-26,MIL,PAL,5,1,1,3.0,0.0,1.5,4.0,7.0
2008,2009-04-26,NAP,INT,1,0,1,3.0,0.0,4.0,3.2,2.0
2008,2009-04-26,REG,JUV,0,0,0,1.0,1.0,4.5,3.4,1.8
2008,2009-04-26,SAM,CAG,1,1,0,1.0,1.0,2.1,3.2,3.6
2008,2009-04-26,TOR,SIE,6,2,1,3.0,0.0,1.8,3.2,5.0
2008,2009-04-25,CHI,UDI,3,0,1,3.0,0.0,2.25,3.1,3.4
2008,2009-04-25,FIO,ROM,0,0,0,1.0,1.0,2.4,3.2,3.0
2008,2009-04-19,ATA,REG,1,0,1,3.0,0.0,1.62,3.6,6.0
2008,2009-04-19,CAG,NAP,0,0,0,1.0,1.0,2.55,2.9,3.1
2008,2009-04-19,CAT,SAM,2,3,-1,0.0,3.0,2.3,3.0,3.4
2008,2009-04-19,MIL,TOR,0,0,0,1.0,1.0,1.33,5.0,9.0
2008,2009-04-19,PAL,BOLG,1,1,0,1.0,1.0,1.73,3.4,5.5
2008,2009-04-19,ROM,LEC,1,0,1,3.0,0.0,1.33,4.75,10.0
2008,2009-04-19,SIE,CHI,0,1,-1,0.0,3.0,2.38,2.62,3.75
2008,2009-04-19,UDI,FIO,0,1,-1,0.0,3.0,2.8,3.1,2.6
2008,2009-04-18,GEN,LAZ,3,3,0,1.0,1.0,1.75,3.5,4.75
2008,2009-04-18,JUV,INT,1,2,-1,0.0,3.0,2.55,3.1,2.88
2008,2009-04-12,REG,UDI,1,0,1,3.0,0.0,2.38,3.1,3.1
2008,2009-04-11,BOLG,SIE,0,1,-1,0.0,3.0,2.15,3.0,3.8
2008,2009-04-11,CHI,MIL,3,3,0,1.0,1.0,4.75,3.25,1.83
2008,2009-04-11,FIO,CAG,1,2,-1,0.0,3.0,1.67,3.4,6.0
2008,2009-04-11,GEN,JUV,1,2,-1,0.0,3.0,3.25,3.0,2.38
2008,2009-04-11,INT,PAL,0,1,-1,0.0,3.0,1.44,4.0,8.5
2008,2009-04-11,LAZ,ROM,2,1,1,3.0,0.0,3.1,3.1,2.4
2008,2009-04-11,LEC,SAM,0,3,-1,0.0,3.0,2.5,3.0,3.0
2008,2009-04-11,NAP,ATA,1,0,1,3.0,0.0,1.83,3.25,4.75
2008,2009-04-11,TOR,CAT,1,1,0,1.0,1.0,2.0,3.0,4.33
2008,2009-04-05,ATA,FIO,1,3,-1,0.0,3.0,2.55,3.2,2.8
2008,2009-04-05,CAG,CAT,1,1,0,1.0,1.0,2.0,3.0,4.33
2008,2009-04-05,JUV,CHI,0,0,0,1.0,1.0,1.33,4.75,10.0
2008,2009-04-05,MIL,LEC,1,0,1,3.0,0.0,1.28,5.25,11.0
2008,2009-04-05,PAL,TOR,2,2,0,1.0,1.0,1.85,3.2,4.75
2008,2009-04-05,REG,GEN,3,1,1,3.0,0.0,3.1,3.0,2.45
2008,2009-04-05,ROM,BOLG,1,0,1,3.0,0.0,1.5,3.75,7.5
2008,2009-04-05,SAM,NAP,1,1,0,1.0,1.0,2.05,3.0,4.0
2008,2009-04-05,SIE,LAZ,2,1,1,3.0,0.0,2.5,3.0,3.0
2008,2009-04-05,UDI,INT,2,0,1,3.0,0.0,4.75,3.25,1.83
2008,2009-03-22,BOLG,CAG,0,4,-1,0.0,3.0,2.25,3.1,3.4
2008,2009-03-22,CHI,PAL,1,3,-1,0.0,3.0,2.6,3.0,2.87
2008,2009-03-22,FIO,SIE,1,0,1,3.0,0.0,1.5,3.8,7.5
2008,2009-03-22,GEN,UDI,1,0,1,3.0,0.0,1.85,3.4,4.33
2008,2009-03-22,INT,REG,3,1,1,3.0,0.0,1.2,6.0,15.0
2008,2009-03-22,LEC,ATA,1,1,0,1.0,1.0,2.3,3.0,3.4
2008,2009-03-22,NAP,MIL,0,1,-1,0.0,3.0,3.4,3.1,2.25
2008,2009-03-22,TOR,SAM,0,1,-1,0.0,3.0,2.3,3.0,3.4
2008,2009-03-21,CAT,LAZ,1,2,-1,0.0,3.0,2.62,3.0,2.87
2008,2009-03-21,ROM,JUV,1,2,-1,0.0,3.0,2.87,3.0,2.6
2008,2009-03-15,ATA,TOR,0,2,-1,0.0,3.0,2.2,3.0,3.6
2008,2009-03-15,INT,FIO,1,0,1,3.0,0.0,1.73,3.4,5.5
2008,2009-03-15,LAZ,CHI,0,2,-1,0.0,3.0,1.67,3.4,6.0
2008,2009-03-15,PAL,LEC,1,0,1,3.0,0.0,1.67,3.5,5.5
2008,2009-03-15,REG,NAP,2,0,1,3.0,0.0,2.7,3.0,2.8
2008,2009-03-15,SAM,ROM,1,0,1,3.0,0.0,2.3,3.0,3.4
2008,2009-03-15,SIE,MIL,1,3,-1,0.0,3.0,3.8,3.1,2.1
2008,2009-03-15,UDI,CAT,3,0,1,3.0,0.0,1.83,3.2,5.0
2008,2009-03-14,CAG,GEN,1,2,-1,0.0,3.0,2.3,3.1,3.3
2008,2009-03-14,JUV,BOLG,2,0,1,3.0,0.0,1.4,4.2,9.0
2008,2009-03-08,BOLG,SAM,3,3,0,1.0,1.0,2.37,3.2,3.2
2008,2009-03-08,CAT,SIE,1,2,-1,0.0,3.0,2.2,3.0,3.6
2008,2009-03-08,CHI,CAG,2,2,0,1.0,1.0,2.3,3.1,3.3
2008,2009-03-08,FIO,PAL,1,1,0,1.0,1.0,1.66,3.5,5.5
2008,2009-03-08,LEC,REG,1,0,1,3.0,0.0,2.2,3.0,3.6
2008,2009-03-08,MIL,ATA,1,1,0,1.0,1.0,1.57,3.6,6.5
2008,2009-03-08,NAP,LAZ,0,2,-1,0.0,3.0,2.37,3.1,3.2
2008,2009-03-07,GEN,INT,0,2,-1,0.0,3.0,2.8,3.1,2.6
2008,2009-03-07,ROM,UDI,1,1,0,1.0,1.0,1.9,3.2,4.33
2008,2009-03-07,TOR,JUV,3,1,1,3.0,0.0,3.5,3.1,2.2
2008,2009-03-01,ATA,CHI,1,0,1,3.0,0.0,1.83,3.2,5.0
2008,2009-03-01,CAG,TOR,2,2,0,1.0,1.0,2.0,3.1,4.2
2008,2009-03-01,INT,ROM,1,0,1,3.0,0.0,1.8,3.25,5.0
2008,2009-03-01,PAL,CAT,4,1,1,3.0,0.0,1.83,3.25,4.75
2008,2009-03-01,REG,FIO,1,2,-1,0.0,3.0,3.25,3.0,2.37
2008,2009-03-01,SAM,MIL,1,2,-1,0.0,3.0,3.5,3.0,2.2
2008,2009-03-01,SIE,GEN,1,0,1,3.0,0.0,2.75,2.8,2.9
2008,2009-03-01,UDI,LEC,1,2,-1,0.0,3.0,1.72,3.3,5.5
2008,2009-02-28,JUV,NAP,3,0,1,3.0,0.0,1.6,3.5,6.5
2008,2009-02-28,LAZ,BOLG,0,0,0,1.0,1.0,1.66,3.4,6.0
2008,2009-02-22,CAT,REG,1,1,0,1.0,1.0,1.8,3.2,5.0
2008,2009-02-22,FIO,CHI,2,0,1,3.0,0.0,1.4,4.2,9.0
2008,2009-02-22,LEC,LAZ,1,1,0,1.0,1.0,3.1,3.1,2.4
2008,2009-02-22,MIL,CAG,1,2,-1,0.0,3.0,1.5,3.8,7.5
2008,2009-02-22,NAP,GEN,2,2,0,1.0,1.0,2.15,3.1,3.6
2008,2009-02-22,SAM,ATA,2,2,0,1.0,1.0,2.15,3.1,3.6
2008,2009-02-22,TOR,UDI,2,2,0,1.0,1.0,2.4,3.0,3.2
2008,2009-02-21,BOLG,INT,1,0,1,3.0,0.0,5.25,3.25,1.8
2008,2009-02-21,PAL,JUV,0,1,-1,0.0,3.0,3.1,3.1,2.4
2008,2009-02-21,ROM,SIE,2,1,1,3.0,0.0,1.57,3.6,6.5
2008,2009-02-15,ATA,ROM,0,0,0,1.0,1.0,3.6,3.25,2.1
2008,2009-02-15,CAG,LEC,1,1,0,1.0,1.0,1.83,3.3,4.75
2008,2009-02-15,CHI,CAT,2,0,1,3.0,0.0,2.1,3.2,3.75
2008,2009-02-15,GEN,FIO,1,1,0,1.0,1.0,2.4,3.0,3.2
2008,2009-02-15,INT,MIL,5,3,1,3.0,0.0,2.25,3.1,3.4
2008,2009-02-15,JUV,SAM,1,0,1,3.0,0.0,1.5,4.0,7.0
2008,2009-02-15,REG,PAL,4,2,1,3.0,0.0,2.5,3.1,2.9
2008,2009-02-15,SIE,UDI,2,1,1,3.0,0.0,2.4,3.1,3.1
2008,2009-02-14,LAZ,TOR,2,2,0,1.0,1.0,1.67,3.6,5.5
2008,2009-02-14,NAP,BOLG,3,2,1,3.0,0.0,1.57,3.75,6.0
2008,2009-02-08,CAG,ATA,2,3,-1,0.0,3.0,2.0,3.1,4.2
2008,2009-02-08,CAT,JUV,4,1,1,3.0,0.0,4.5,3.3,1.85
2008,2009-02-08,FIO,LAZ,6,1,1,3.0,0.0,1.75,3.2,5.5
2008,2009-02-08,PAL,NAP,1,0,1,3.0,0.0,2.1,3.1,3.8
2008,2009-02-08,ROM,GEN,0,1,-1,0.0,3.0,1.75,3.3,5.25
2008,2009-02-08,SAM,SIE,4,0,1,3.0,0.0,1.75,3.2,5.5
2008,2009-02-08,TOR,CHI,3,0,1,3.0,0.0,1.85,3.2,4.75
2008,2009-02-08,UDI,BOLG,0,0,0,1.0,1.0,1.72,3.25,5.5
2008,2009-02-07,LEC,INT,1,4,-1,0.0,3.0,7.0,3.5,1.57
2008,2009-02-07,MIL,REG,1,0,1,3.0,0.0,1.2,5.75,17.0
2008,2009-02-02,BOLG,FIO,3,1,1,3.0,0.0,3.4,3.1,2.25
2008,2009-02-01,ATA,CAT,1,1,0,1.0,1.0,2.0,3.1,4.2
2008,2009-02-01,CHI,SAM,2,1,1,3.0,0.0,2.87,2.87,2.75
2008,2009-02-01,GEN,PAL,2,2,0,1.0,1.0,1.9,3.2,4.75
2008,2009-02-01,INT,TOR,0,2,-1,0.0,3.0,1.22,6.0,13.0
2008,2009-02-01,LAZ,MIL,4,0,1,3.0,0.0,3.6,3.2,2.1
2008,2009-02-01,REG,ROM,0,1,-1,0.0,3.0,6.0,3.5,1.61
2008,2009-02-01,SIE,LEC,2,1,1,3.0,0.0,1.9,3.1,4.5
2008,2009-01-31,JUV,CAG,3,0,1,3.0,0.0,1.36,4.5,9.0
2008,2009-01-31,NAP,UDI,0,0,0,1.0,1.0,1.9,3.2,4.5
2008,2009-01-28,ATA,BOLG,3,0,1,3.0,0.0,1.8,3.1,5.5
2008,2009-01-28,CAG,SIE,2,3,-1,0.0,3.0,1.8,3.1,5.25
2008,2009-01-28,CAT,INT,0,0,0,1.0,1.0,5.25,3.3,1.75
2008,2009-01-28,CHI,LEC,3,0,1,3.0,0.0,2.15,2.87,4.0
2008,2009-01-28,FIO,NAP,1,1,0,1.0,1.0,1.72,3.3,5.5
2008,2009-01-28,MIL,GEN,2,0,1,3.0,0.0,1.4,4.2,8.5
2008,2009-01-28,ROM,PAL,3,2,1,3.0,0.0,1.5,3.75,7.5
2008,2009-01-28,SAM,LAZ,0,0,0,1.0,1.0,2.4,3.0,3.2
2008,2009-01-28,TOR,REG,2,1,1,3.0,0.0,1.9,3.1,4.75
2008,2009-01-28,UDI,JUV,1,0,1,3.0,0.0,5.0,3.25,1.8
2008,2009-01-25,BOLG,MIL,2,0,1,3.0,0.0,5.25,3.4,1.72
2008,2009-01-25,GEN,CAT,1,2,-1,0.0,3.0,1.6,3.4,6.5
2008,2009-01-25,INT,SAM,5,0,1,3.0,0.0,1.45,4.0,8.0
2008,2009-01-25,LAZ,CAG,2,0,1,3.0,0.0,1.66,3.4,6.0
2008,2009-01-25,LEC,TOR,1,0,1,3.0,0.0,2.2,2.9,3.75
2008,2009-01-25,NAP,ROM,3,1,1,3.0,0.0,2.75,3.0,2.7
2008,2009-01-25,PAL,UDI,3,0,1,3.0,0.0,1.95,3.1,4.33
2008,2009-01-25,SIE,ATA,2,1,1,3.0,0.0,2.35,2.9,3.4
2008,2009-01-24,JUV,FIO,2,3,-1,0.0,3.0,1.66,3.4,6.0
2008,2009-01-24,REG,CHI,4,2,1,3.0,0.0,2.05,3.1,4.0
2008,2009-01-18,ATA,INT,1,2,-1,0.0,3.0,4.75,3.3,1.8
2008,2009-01-18,CAG,UDI,4,0,1,3.0,0.0,2.3,3.0,3.4
2008,2009-01-18,CAT,BOLG,1,1,0,1.0,1.0,1.95,3.0,4.5
2008,2009-01-18,CHI,NAP,2,0,1,3.0,0.0,3.2,3.0,2.38
2008,2009-01-18,LAZ,JUV,0,0,0,1.0,1.0,3.4,3.0,2.25
2008,2009-01-18,LEC,GEN,2,0,1,3.0,0.0,2.7,2.88,2.88
2008,2009-01-18,SAM,PAL,3,1,1,3.0,0.0,1.91,3.1,4.5
2008,2009-01-18,TOR,ROM,0,2,-1,0.0,3.0,4.0,3.2,2.0
2008,2009-01-17,MIL,FIO,1,2,-1,0.0,3.0,1.62,3.5,6.5
2008,2009-01-17,SIE,REG,3,1,1,3.0,0.0,1.83,3.1,5.0
2008,2009-01-14,ROM,SAM,0,1,-1,0.0,3.0,1.72,3.4,5.25
2008,2009-01-11,BOLG,CHI,2,1,1,3.0,0.0,1.8,3.2,5.0
2008,2009-01-11,FIO,LEC,2,0,1,3.0,0.0,1.36,4.33,10.0
2008,2009-01-11,JUV,SIE,3,1,1,3.0,0.0,1.29,5.0,12.0
2008,2009-01-11,NAP,CAT,2,0,1,3.0,0.0,1.57,3.5,7.0
2008,2009-01-11,PAL,ATA,1,1,0,1.0,1.0,2.0,3.1,4.2
2008,2009-01-11,REG,LAZ,2,3,-1,0.0,3.0,3.1,3.1,2.4
2008,2009-01-11,ROM,MIL,0,3,-1,0.0,3.0,2.75,3.0,2.75
2008,2009-01-11,UDI,SAM,1,4,-1,0.0,3.0,2.15,3.0,3.8
2008,2009-01-10,GEN,TOR,0,1,-1,0.0,3.0,1.75,3.2,5.25
2008,2009-01-10,INT,CAG,2,0,1,3.0,0.0,1.25,5.5,12.0
2008,2008-12-21,ATA,JUV,4,3,1,3.0,0.0,4.5,3.1,1.95
2008,2008-12-21,CAG,REG,1,0,1,3.0,0.0,1.75,3.25,5.5
2008,2008-12-21,CAT,ROM,0,0,0,1.0,1.0,5.0,3.2,1.83
2008,2008-12-21,CHI,GEN,2,0,1,3.0,0.0,2.5,3.0,3.0
2008,2008-12-21,LEC,BOLG,1,0,1,3.0,0.0,2.1,2.9,4.2
2008,2008-12-21,MIL,UDI,3,0,1,3.0,0.0,1.66,3.6,5.5
2008,2008-12-21,SAM,FIO,2,1,1,3.0,0.0,2.62,2.75,3.2
2008,2008-12-21,TOR,NAP,1,2,-1,0.0,3.0,2.62,3.0,2.87
2008,2008-12-20,LAZ,PAL,0,2,-1,0.0,3.0,1.9,3.1,4.5
2008,2008-12-20,SIE,INT,0,0,0,1.0,1.0,5.5,3.6,1.66
2008,2008-12-14,FIO,CAT,4,0,1,3.0,0.0,1.5,3.75,7.5
2008,2008-12-14,GEN,ATA,1,0,1,3.0,0.0,1.91,3.1,4.5
2008,2008-12-14,INT,CHI,2,2,0,1.0,1.0,1.17,6.5,19.0
2008,2008-12-14,JUV,MIL,0,1,-1,0.0,3.0,2.2,3.0,3.6
2008,2008-12-14,PAL,SIE,3,2,1,3.0,0.0,1.75,3.2,5.25
2008,2008-12-14,REG,SAM,2,0,1,3.0,0.0,2.4,2.88,3.3
2008,2008-12-14,ROM,CAG,1,1,0,1.0,1.0,1.4,3.8,11.0
2008,2008-12-14,UDI,LAZ,1,2,-1,0.0,3.0,2.3,3.0,3.4
2008,2008-12-13,BOLG,TOR,3,2,1,3.0,0.0,2.2,3.0,3.6
2008,2008-12-13,NAP,LEC,1,1,0,1.0,1.0,1.44,3.8,9.0
2008,2008-12-07,ATA,UDI,0,1,-1,0.0,3.0,2.3,3.1,3.3
2008,2008-12-07,CAG,PAL,0,2,-1,0.0,3.0,2.5,3.0,3.0
2008,2008-12-07,LEC,JUV,2,5,-1,0.0,3.0,5.5,3.4,1.73
2008,2008-12-07,MIL,CAT,1,0,1,3.0,0.0,1.29,5.0,12.0
2008,2008-12-07,NAP,SIE,0,3,-1,0.0,3.0,1.62,3.5,6.5
2008,2008-12-07,REG,BOLG,1,1,0,1.0,1.0,2.1,3.0,4.0
2008,2008-12-07,SAM,GEN,0,2,-1,0.0,3.0,2.38,3.0,3.25
2008,2008-12-07,TOR,FIO,1,1,0,1.0,1.0,3.2,3.0,2.4
2008,2008-12-06,CHI,ROM,2,1,1,3.0,0.0,5.5,3.4,1.73
2008,2008-12-06,LAZ,INT,2,0,1,3.0,0.0,3.75,3.1,2.1
2008,2008-11-30,ATA,LAZ,1,0,1,3.0,0.0,2.5,3.0,3.0
2008,2008-11-30,CAG,SAM,5,0,1,3.0,0.0,2.5,3.0,3.0
2008,2008-11-30,GEN,BOLG,1,0,1,3.0,0.0,1.62,3.4,6.5
2008,2008-11-30,INT,NAP,1,0,1,3.0,0.0,1.5,3.8,7.5
2008,2008-11-30,PAL,MIL,2,2,0,1.0,1.0,3.75,3.1,2.1
2008,2008-11-30,ROM,FIO,1,2,-1,0.0,3.0,1.91,3.2,4.33
2008,2008-11-30,SIE,TOR,0,1,-1,0.0,3.0,2.1,3.0,4.0
2008,2008-11-30,UDI,CHI,0,1,-1,0.0,3.0,1.44,4.0,8.0
2008,2008-11-29,CAT,LEC,1,1,0,1.0,1.0,1.85,3.1,5.0
2008,2008-11-29,JUV,REG,2,3,-1,0.0,3.0,1.29,5.0,12.0
2008,2008-11-23,BOLG,PAL,1,1,0,1.0,1.0,2.5,3.0,3.0
2008,2008-11-23,CHI,SIE,3,1,1,3.0,0.0,2.2,3.0,3.6
2008,2008-11-23,LAZ,GEN,1,1,0,1.0,1.0,2.0,3.1,4.2
2008,2008-11-23,LEC,ROM,0,1,-1,0.0,3.0,4.0,3.2,2.0
2008,2008-11-23,NAP,CAG,1,0,1,3.0,0.0,1.57,3.6,6.5
2008,2008-11-23,REG,ATA,5,0,1,3.0,0.0,2.5,3.0,3.1
2008,2008-11-23,SAM,CAT,4,1,1,3.0,0.0,1.67,3.4,6.0
2008,2008-11-23,TOR,MIL,0,0,0,1.0,1.0,5.25,3.4,1.73
2008,2008-11-22,FIO,UDI,2,0,1,3.0,0.0,1.91,3.1,4.5
2008,2008-11-22,INT,JUV,0,1,-1,0.0,3.0,2.1,3.1,3.75
2008,2008-11-16,ATA,NAP,6,1,1,3.0,0.0,2.8,2.88,2.75
2008,2008-11-16,CAG,FIO,1,2,-1,0.0,3.0,3.1,3.1,2.4
2008,2008-11-16,CAT,TOR,2,0,1,3.0,0.0,2.15,2.88,4.0
2008,2008-11-16,MIL,CHI,1,1,0,1.0,1.0,1.22,5.5,15.0
2008,2008-11-16,ROM,LAZ,0,0,0,1.0,1.0,2.3,3.0,3.4
2008,2008-11-16,SAM,LEC,2,0,1,3.0,0.0,1.62,3.3,7.0
2008,2008-11-16,SIE,BOLG,2,1,1,3.0,0.0,1.91,3.1,4.5
2008,2008-11-16,UDI,REG,0,3,-1,0.0,3.0,1.4,4.0,9.5
2008,2008-11-15,PAL,INT,3,1,1,3.0,0.0,4.33,3.2,1.91
2008,2008-11-13,JUV,GEN,2,1,1,3.0,0.0,1.57,3.5,7.0
2008,2008-11-09,CAT,CAG,0,1,-1,0.0,3.0,2.1,3.0,4.0
2008,2008-11-09,CHI,JUV,1,3,-1,0.0,3.0,6.5,3.6,1.57
2008,2008-11-09,FIO,ATA,1,2,-1,0.0,3.0,1.53,3.6,7.5
2008,2008-11-09,GEN,REG,0,1,-1,0.0,3.0,1.53,3.75,7.0
2008,2008-11-09,INT,UDI,0,1,-1,0.0,3.0,1.53,3.6,7.5
2008,2008-11-09,LAZ,SIE,1,1,0,1.0,1.0,1.57,3.6,7.0
2008,2008-11-09,LEC,MIL,1,0,1,3.0,0.0,7.0,3.6,1.57
2008,2008-11-09,NAP,SAM,2,0,1,3.0,0.0,1.8,3.25,5.0
2008,2008-11-08,BOLG,ROM,3,1,1,3.0,0.0,5.25,3.25,1.75
2008,2008-11-08,TOR,PAL,2,3,-1,0.0,3.0,2.38,3.0,3.25
2008,2008-11-02,ATA,LEC,1,1,0,1.0,1.0,1.85,3.2,4.75
2008,2008-11-02,CAG,BOLG,2,1,1,3.0,0.0,2.0,2.9,4.5
2008,2008-11-02,LAZ,CAT,2,3,-1,0.0,3.0,1.65,3.25,6.5
2008,2008-11-02,MIL,NAP,1,2,-1,0.0,3.0,1.62,3.6,6.0
2008,2008-11-02,PAL,CHI,2,2,0,1.0,1.0,1.65,3.4,6.0
2008,2008-11-02,SAM,TOR,1,0,1,3.0,0.0,1.75,3.2,5.5
2008,2008-11-02,SIE,FIO,3,2,1,3.0,0.0,3.0,3.0,2.5
2008,2008-11-02,UDI,GEN,1,1,0,1.0,1.0,1.8,3.2,5.0
2008,2008-11-01,JUV,ROM,1,0,1,3.0,0.0,2.2,2.9,3.75
2008,2008-11-01,REG,INT,1,3,-1,0.0,3.0,9.0,4.2,1.4
2008,2008-10-29,BOLG,JUV,1,1,0,1.0,1.0,4.75,3.3,1.83
2008,2008-10-29,CAT,UDI,2,1,1,3.0,0.0,2.6,3.0,2.88
2008,2008-10-29,CHI,LAZ,2,1,1,3.0,0.0,3.25,3.1,2.3
2008,2008-10-29,FIO,INT,1,1,0,1.0,1.0,3.25,3.1,2.3
2008,2008-10-29,GEN,CAG,2,4,-1,0.0,3.0,1.62,3.4,5.5
2008,2008-10-29,LEC,PAL,2,2,0,1.0,1.0,2.62,3.0,2.88
2008,2008-10-29,MIL,SIE,3,0,1,3.0,0.0,1.22,6.0,13.0
2008,2008-10-29,NAP,REG,1,0,1,3.0,0.0,1.44,4.0,9.0
2008,2008-10-29,TOR,ATA,3,1,1,3.0,0.0,2.4,3.0,3.2
2008,2008-10-26,ATA,MIL,2,1,1,3.0,0.0,4.75,3.25,1.83
2008,2008-10-26,CAG,CHI,2,1,1,3.0,0.0,2.1,3.0,4.0
2008,2008-10-26,INT,GEN,0,1,-1,0.0,3.0,1.3,5.0,11.0
2008,2008-10-26,LAZ,NAP,1,1,0,1.0,1.0,2.1,3.1,3.75
2008,2008-10-26,PAL,FIO,1,0,1,3.0,0.0,2.4,3.0,3.2
2008,2008-10-26,REG,LEC,0,3,-1,0.0,3.0,2.2,3.0,3.6
2008,2008-10-26,SAM,BOLG,0,1,-1,0.0,3.0,1.7,3.3,5.75
2008,2008-10-26,UDI,ROM,0,0,0,1.0,1.0,2.4,3.1,3.1
2008,2008-10-25,JUV,TOR,2,3,-1,0.0,3.0,1.57,3.6,7.0
2008,2008-10-25,SIE,CAT,1,2,-1,0.0,3.0,2.25,2.9,3.6
2008,2008-10-19,BOLG,LAZ,2,1,1,3.0,0.0,3.5,3.1,2.2
2008,2008-10-19,CAT,PAL,3,0,1,3.0,0.0,2.5,3.0,3.0
2008,2008-10-19,CHI,ATA,0,1,-1,0.0,3.0,2.5,2.88,3.2
2008,2008-10-19,GEN,SIE,1,1,0,1.0,1.0,1.83,3.1,5.0
2008,2008-10-19,LEC,UDI,3,0,1,3.0,0.0,3.0,3.0,2.5
2008,2008-10-19,MIL,SAM,3,1,1,3.0,0.0,1.4,4.0,9.5
2008,2008-10-19,ROM,INT,3,1,1,3.0,0.0,3.4,3.0,2.3
2008,2008-10-19,TOR,CAG,1,1,0,1.0,1.0,1.83,3.1,5.0
2008,2008-10-18,FIO,REG,1,2,-1,0.0,3.0,1.44,3.8,9.0
2008,2008-10-18,NAP,JUV,1,0,1,3.0,0.0,2.5,3.0,3.1
2008,2008-10-05,ATA,SAM,2,1,1,3.0,0.0,2.4,3.0,3.2
2008,2008-10-05,CAG,MIL,2,0,1,3.0,0.0,8.0,4.0,1.44
2008,2008-10-05,CHI,FIO,2,2,0,1.0,1.0,3.25,3.0,2.38
2008,2008-10-05,GEN,NAP,6,1,1,3.0,0.0,2.1,3.1,3.75
2008,2008-10-05,JUV,PAL,1,1,0,1.0,1.0,1.53,3.75,7.0
2008,2008-10-05,REG,CAT,2,1,1,3.0,0.0,2.5,2.88,3.2
2008,2008-10-05,SIE,ROM,3,3,0,1.0,1.0,4.0,3.2,2.0
2008,2008-10-05,UDI,TOR,5,0,1,3.0,0.0,1.67,3.4,6.0
2008,2008-10-04,INT,BOLG,1,0,1,3.0,0.0,1.22,6.0,13.0
2008,2008-10-04,LAZ,LEC,3,2,1,3.0,0.0,1.44,4.0,8.0
2008,2008-09-28,BOLG,NAP,0,1,-1,0.0,3.0,2.7,3.0,2.75
2008,2008-09-28,CAT,CHI,3,0,1,3.0,0.0,2.05,3.0,4.2
2008,2008-09-28,LEC,CAG,1,1,0,1.0,1.0,2.0,3.0,4.33
2008,2008-09-28,MIL,INT,0,1,-1,0.0,3.0,2.88,2.88,2.75
2008,2008-09-28,PAL,REG,3,0,1,3.0,0.0,1.62,3.4,6.5
2008,2008-09-28,ROM,ATA,2,2,0,1.0,1.0,1.57,3.6,6.5
2008,2008-09-28,TOR,LAZ,1,0,1,3.0,0.0,2.75,3.0,2.7
2008,2008-09-28,UDI,SIE,2,1,1,3.0,0.0,1.62,3.4,6.5
2008,2008-09-27,FIO,GEN,1,0,1,3.0,0.0,1.75,3.3,5.25
2008,2008-09-27,SAM,JUV,4,2,1,3.0,0.0,3.4,3.0,2.3
2008,2008-09-24,ATA,CAG,0,0,0,1.0,1.0,1.73,3.3,5.5
2008,2008-09-24,BOLG,UDI,3,2,1,3.0,0.0,2.65,2.9,2.9
2008,2008-09-24,CHI,TOR,1,2,-1,0.0,3.0,2.25,2.9,3.6
2008,2008-09-24,GEN,ROM,0,0,0,1.0,1.0,4.2,3.0,2.05
2008,2008-09-24,INT,LEC,3,1,1,3.0,0.0,1.17,6.5,19.0
2008,2008-09-24,JUV,CAT,0,1,-1,0.0,3.0,1.25,5.25,13.0
2008,2008-09-24,LAZ,FIO,1,4,-1,0.0,3.0,2.4,3.0,3.2
2008,2008-09-24,NAP,PAL,0,2,-1,0.0,3.0,2.05,3.1,4.0
2008,2008-09-24,REG,MIL,2,2,0,1.0,1.0,6.5,3.6,1.57
2008,2008-09-24,SIE,SAM,2,2,0,1.0,1.0,2.75,2.9,2.8
2008,2008-09-21,CAG,JUV,1,0,1,3.0,0.0,6.25,3.5,1.62
2008,2008-09-21,FIO,BOLG,4,0,1,3.0,0.0,1.53,3.6,7.5
2008,2008-09-21,LEC,SIE,1,0,1,3.0,0.0,2.25,2.88,3.6
2008,2008-09-21,MIL,LAZ,1,0,1,3.0,0.0,1.73,3.3,5.5
2008,2008-09-21,PAL,GEN,1,1,0,1.0,1.0,2.1,3.1,3.8
2008,2008-09-21,SAM,CHI,2,3,-1,0.0,3.0,1.62,3.5,6.25
2008,2008-09-21,TOR,INT,1,4,-1,0.0,3.0,5.75,3.4,1.67
2008,2008-09-21,UDI,NAP,0,1,-1,0.0,3.0,2.1,3.1,3.75
2008,2008-09-20,CAT,ATA,0,1,-1,0.0,3.0,2.35,2.9,3.4
2008,2008-09-20,ROM,REG,5,0,1,3.0,0.0,1.33,4.75,10.0
2008,2008-09-14,BOLG,ATA,2,2,0,1.0,1.0,2.2,3.0,3.6
2008,2008-09-14,GEN,MIL,0,1,-1,0.0,3.0,4.5,3.1,1.91
2008,2008-09-14,JUV,UDI,0,0,0,1.0,1.0,1.53,3.75,7.0
2008,2008-09-14,LAZ,SAM,3,0,1,3.0,0.0,2.2,3.0,3.6
2008,2008-09-14,LEC,CHI,3,2,1,3.0,0.0,2.38,3.0,3.2
2008,2008-09-14,NAP,FIO,1,1,0,1.0,1.0,2.6,3.0,2.88
2008,2008-09-14,REG,TOR,2,1,1,3.0,0.0,2.5,3.0,3.0
2008,2008-09-14,SIE,CAG,1,1,0,1.0,1.0,1.91,3.1,4.5
2008,2008-09-13,INT,CAT,4,0,1,3.0,0.0,1.25,5.0,15.0
2008,2008-09-13,PAL,ROM,2,0,1,3.0,0.0,3.5,3.1,2.2
2008,2008-08-31,ATA,SIE,1,0,1,3.0,0.0,2.05,3.1,4.0
2008,2008-08-31,CAG,LAZ,0,0,0,1.0,1.0,3.0,3.0,2.5
2008,2008-08-31,CAT,GEN,4,0,1,3.0,0.0,2.4,3.0,3.2
2008,2008-08-31,CHI,REG,1,1,0,1.0,1.0,2.15,3.0,3.75
2008,2008-08-31,FIO,JUV,0,3,-1,0.0,3.0,2.75,3.0,2.75
2008,2008-08-31,MIL,BOLG,0,3,-1,0.0,3.0,1.3,4.75,12.0
2008,2008-08-31,ROM,NAP,0,1,-1,0.0,3.0,1.57,3.6,6.5
2008,2008-08-31,TOR,LEC,2,0,1,3.0,0.0,1.8,3.1,5.25
2008,2008-08-30,SAM,INT,3,1,1,3.0,0.0,4.33,3.2,1.91
2008,2008-08-30,UDI,PAL,1,0,1,3.0,0.0,2.1,3.1,3.8
2007,2008-05-18,ATA,GEN,1,2,-1,0.0,3.0,2.15,2.75,4.2
2007,2008-05-18,CAG,REG,0,0,0,1.0,1.0,2.1,2.87,4.2
2007,2008-05-18,CAT,ROM,1,0,1,3.0,0.0,6.0,3.6,1.61
2007,2008-05-18,EMP,LIVO,1,0,1,3.0,0.0,1.25,5.5,12.0
2007,2008-05-18,LAZ,NAP,0,1,-1,0.0,3.0,2.25,2.9,3.6
2007,2008-05-18,MIL,UDI,2,3,-1,0.0,3.0,1.28,5.0,11.0
2007,2008-05-18,PAR,INT,1,1,0,1.0,1.0,5.5,4.33,1.53
2007,2008-05-18,SIE,PAL,0,2,-1,0.0,3.0,2.2,2.8,4.0
2007,2008-05-18,TOR,FIO,1,2,-1,0.0,3.0,7.5,3.8,1.5
2007,2008-05-17,SAM,JUV,0,1,-1,0.0,3.0,2.37,3.0,3.2
2007,2008-05-11,FIO,PAR,2,1,1,3.0,0.0,1.8,3.4,4.5
2007,2008-05-11,GEN,LAZ,1,0,1,3.0,0.0,1.9,2.9,5.0
2007,2008-05-11,INT,SIE,1,0,1,3.0,0.0,1.14,7.5,17.0
2007,2008-05-11,JUV,CAT,1,0,1,3.0,0.0,1.75,3.2,5.5
2007,2008-05-11,LIVO,TOR,3,2,1,3.0,0.0,4.75,3.4,1.8
2007,2008-05-11,NAP,MIL,3,3,0,1.0,1.0,8.0,5.25,1.33
2007,2008-05-11,PAL,SAM,2,2,0,1.0,1.0,2.37,3.0,3.2
2007,2008-05-11,REG,EMP,1,2,-1,0.0,3.0,2.0,3.25,3.8
2007,2008-05-11,ROM,ATA,1,2,-1,0.0,3.0,1.22,6.0,12.0
2007,2008-05-11,UDI,CAG,1,1,0,1.0,1.0,2.1,2.9,4.0
2007,2008-05-04,ATA,LIVO,2,0,1,3.0,0.0,3.25,3.3,2.2
2007,2008-05-04,CAG,FIO,2,1,1,3.0,0.0,2.45,3.0,3.1
2007,2008-05-04,CAT,REG,2,1,1,3.0,0.0,2.1,2.87,4.2
2007,2008-05-04,EMP,UDI,2,1,1,3.0,0.0,1.95,3.3,4.0
2007,2008-05-04,LAZ,PAL,1,1,0,1.0,1.0,2.5,2.5,3.8
2007,2008-05-04,MIL,INT,3,0,1,3.0,0.0,2.5,3.0,3.0
2007,2008-05-04,PAR,GEN,2,0,1,3.0,0.0,1.44,4.33,7.0
2007,2008-05-04,SAM,ROM,1,0,1,3.0,0.0,2.62,3.1,2.75
2007,2008-05-04,SIE,JUV,2,0,1,3.0,0.0,7.5,3.75,1.5
2007,2008-05-04,TOR,NAP,2,1,1,3.0,0.0,1.4,4.2,8.5
2007,2008-04-27,FIO,SAM,1,3,-1,0.0,3.0,2.0,3.1,4.2
2007,2008-04-27,GEN,EMP,1,0,1,3.0,0.0,2.1,3.0,4.0
2007,2008-04-27,INT,CAG,1,0,1,3.0,0.0,1.3,4.5,13.0
2007,2008-04-27,JUV,LAZ,2,0,1,3.0,0.0,1.4,4.2,9.0
2007,2008-04-27,LIVO,MIL,2,1,1,3.0,0.0,6.5,4.0,1.53
2007,2008-04-27,NAP,SIE,2,0,1,3.0,0.0,1.95,2.75,5.25
2007,2008-04-27,PAL,ATA,0,2,-1,0.0,3.0,2.1,2.75,4.5
2007,2008-04-27,REG,PAR,0,1,-1,0.0,3.0,1.83,3.1,5.0
2007,2008-04-27,ROM,TOR,3,3,0,1.0,1.0,1.5,3.8,7.25
2007,2008-04-27,UDI,CAT,1,2,-1,0.0,3.0,2.05,2.87,4.5
2007,2008-04-20,ATA,JUV,2,3,-1,0.0,3.0,4.33,3.2,1.9
2007,2008-04-20,CAG,EMP,2,0,1,3.0,0.0,2.0,3.0,4.33
2007,2008-04-20,CAT,LAZ,3,0,1,3.0,0.0,1.72,3.4,5.0
2007,2008-04-20,MIL,REG,1,1,0,1.0,1.0,1.3,5.0,10.0
2007,2008-04-20,PAR,NAP,1,0,1,3.0,0.0,1.61,3.4,6.0
2007,2008-04-20,SAM,UDI,0,2,-1,0.0,3.0,2.2,3.1,3.5
2007,2008-04-20,SIE,GEN,2,1,1,3.0,0.0,2.62,2.05,5.0
2007,2008-04-20,TOR,INT,2,3,-1,0.0,3.0,7.0,3.5,1.57
2007,2008-04-19,FIO,PAL,1,0,1,3.0,0.0,1.57,3.6,6.5
2007,2008-04-19,ROM,LIVO,3,1,1,3.0,0.0,1.22,5.5,15.0
2007,2008-04-16,JUV,PAR,1,0,1,3.0,0.0,1.4,4.0,9.5
2007,2008-04-13,EMP,PAR,5,1,1,3.0,0.0,2.37,2.87,3.4
2007,2008-04-13,GEN,TOR,3,1,1,3.0,0.0,2.7,2.5,3.4
2007,2008-04-13,INT,FIO,1,2,-1,0.0,3.0,1.61,3.6,6.0
2007,2008-04-13,LAZ,SIE,1,2,-1,0.0,3.0,2.1,2.6,5.0
2007,2008-04-13,LIVO,CAG,1,2,-1,0.0,3.0,2.3,2.9,3.5
2007,2008-04-13,NAP,ATA,1,0,1,3.0,0.0,2.0,3.0,4.33
2007,2008-04-13,REG,SAM,2,2,0,1.0,1.0,2.5,3.0,3.0
2007,2008-04-13,UDI,ROM,3,1,1,3.0,0.0,3.3,3.1,2.3
2007,2008-04-12,JUV,MIL,1,0,1,3.0,0.0,2.3,3.0,3.4
2007,2008-04-12,PAL,CAT,0,3,-1,0.0,3.0,2.2,2.75,4.2
2007,2008-04-06,ATA,INT,2,1,1,3.0,0.0,4.5,3.1,1.9
2007,2008-04-06,CAT,NAP,2,0,1,3.0,0.0,2.37,3.0,3.25
2007,2008-04-06,FIO,REG,1,3,-1,0.0,3.0,1.5,3.6,8.0
2007,2008-04-06,PAL,JUV,1,1,0,1.0,1.0,3.75,3.1,2.1
2007,2008-04-06,PAR,LAZ,1,0,1,3.0,0.0,2.25,2.9,3.6
2007,2008-04-06,SAM,LIVO,1,0,1,3.0,0.0,1.57,3.5,7.0
2007,2008-04-06,SIE,UDI,2,4,-1,0.0,3.0,2.75,3.0,2.7
2007,2008-04-06,TOR,EMP,1,2,-1,0.0,3.0,1.85,3.1,5.0
2007,2008-04-05,MIL,CAG,0,1,-1,0.0,3.0,1.36,4.33,10.0
2007,2008-04-05,ROM,GEN,2,0,1,3.0,0.0,1.55,3.5,7.5
2007,2008-03-30,CAT,TOR,0,0,0,1.0,1.0,2.2,2.9,3.75
2007,2008-03-30,EMP,SAM,0,2,-1,0.0,3.0,2.5,3.0,3.0
2007,2008-03-30,GEN,REG,0,0,0,1.0,1.0,2.0,3.0,4.33
2007,2008-03-30,LIVO,SIE,2,0,1,3.0,0.0,2.3,2.9,3.5
2007,2008-03-30,MIL,ATA,1,0,1,3.0,0.0,1.33,4.5,11.0
2007,2008-03-30,NAP,PAL,3,3,0,1.0,1.0,2.0,3.0,4.33
2007,2008-03-30,UDI,FIO,3,0,1,3.0,0.0,2.35,3.0,3.25
2007,2008-03-29,CAG,ROM,0,2,-1,0.0,3.0,4.0,3.2,2.0
2007,2008-03-29,LAZ,INT,3,1,1,3.0,0.0,4.2,3.1,2.0
2007,2008-03-22,ATA,CAT,2,1,1,3.0,0.0,1.9,3.0,4.75
2007,2008-03-22,FIO,LAZ,0,1,-1,0.0,3.0,1.9,3.0,4.75
2007,2008-03-22,INT,JUV,3,2,1,3.0,0.0,2.0,3.0,4.33
2007,2008-03-22,PAL,GEN,0,0,0,1.0,1.0,2.05,3.1,4.0
2007,2008-03-22,REG,NAP,0,0,0,1.0,1.0,2.37,2.9,3.3
2007,2008-03-22,ROM,EMP,1,0,1,3.0,0.0,1.28,5.0,12.0
2007,2008-03-22,SAM,CAG,3,2,1,3.0,0.0,1.61,3.4,6.5
2007,2008-03-22,SIE,PAR,3,2,1,3.0,0.0,2.3,2.9,3.5
2007,2008-03-22,TOR,MIL,2,2,0,1.0,1.0,4.2,3.1,2.0
2007,2008-03-22,UDI,LIVO,2,0,1,3.0,0.0,1.7,3.3,5.75
2007,2008-03-19,CAG,ATA,0,1,-1,0.0,3.0,2.5,3.0,3.1
2007,2008-03-19,CAT,SIE,2,0,1,3.0,0.0,2.15,3.0,3.75
2007,2008-03-19,EMP,JUV,2,2,0,1.0,1.0,5.25,3.25,1.75
2007,2008-03-19,GEN,INT,0,0,0,1.0,1.0,5.5,3.3,1.72
2007,2008-03-19,LAZ,ROM,5,0,1,3.0,0.0,4.0,3.1,2.05
2007,2008-03-19,LIVO,REG,0,1,-1,0.0,3.0,2.15,3.0,3.75
2007,2008-03-19,MIL,SAM,5,0,1,3.0,0.0,1.5,3.6,8.0
2007,2008-03-19,NAP,FIO,1,1,0,1.0,1.0,2.75,3.0,2.7
2007,2008-03-19,PAR,PAL,1,2,-1,0.0,3.0,2.3,3.0,3.4
2007,2008-03-19,TOR,UDI,5,2,1,3.0,0.0,2.4,3.0,3.2
2007,2008-03-16,ATA,EMP,1,2,-1,0.0,3.0,1.9,3.0,4.75
2007,2008-03-16,CAG,TOR,2,1,1,3.0,0.0,2.6,3.0,2.87
2007,2008-03-16,FIO,GEN,2,1,1,3.0,0.0,1.61,3.4,6.5
2007,2008-03-16,INT,PAL,2,2,0,1.0,1.0,1.4,4.0,8.0
2007,2008-03-16,JUV,NAP,0,1,-1,0.0,3.0,1.5,3.6,8.0
2007,2008-03-16,LIVO,PAR,0,0,0,1.0,1.0,2.35,2.9,3.4
2007,2008-03-16,REG,SIE,1,3,-1,0.0,3.0,2.4,2.87,3.3
2007,2008-03-16,SAM,CAT,1,2,-1,0.0,3.0,1.66,3.2,5.5
2007,2008-03-15,ROM,MIL,1,0,1,3.0,0.0,2.1,3.1,3.75
2007,2008-03-15,UDI,LAZ,1,0,1,3.0,0.0,2.2,3.0,3.6
2007,2008-03-09,CAT,CAG,2,1,1,3.0,0.0,1.95,3.1,4.33
2007,2008-03-09,EMP,MIL,2,2,0,1.0,1.0,4.75,3.2,1.85
2007,2008-03-09,GEN,JUV,1,1,0,1.0,1.0,3.6,3.1,2.15
2007,2008-03-09,LAZ,LIVO,1,2,-1,0.0,3.0,1.66,3.3,6.0
2007,2008-03-09,NAP,ROM,3,1,1,3.0,0.0,3.7,3.0,2.15
2007,2008-03-09,PAR,SAM,0,1,-1,0.0,3.0,2.05,3.0,4.0
2007,2008-03-09,SIE,FIO,2,0,1,3.0,0.0,3.3,2.87,2.4
2007,2008-03-09,TOR,ATA,1,1,0,1.0,1.0,2.15,3.0,3.7
2007,2008-03-08,INT,REG,2,1,1,3.0,0.0,1.3,4.75,12.0
2007,2008-03-08,PAL,UDI,1,2,-1,0.0,3.0,2.2,3.0,3.6
2007,2008-03-02,CAG,GEN,3,0,1,3.0,0.0,2.75,2.9,2.8
2007,2008-03-02,EMP,SIE,0,1,-1,0.0,3.0,2.2,2.87,3.75
2007,2008-03-02,JUV,FIO,2,0,1,3.0,0.0,1.9,3.1,4.5
2007,2008-03-02,LIVO,CAT,3,0,1,3.0,0.0,2.2,2.87,3.75
2007,2008-03-02,NAP,INT,2,2,0,1.0,1.0,3.75,2.87,2.2
2007,2008-03-02,REG,PAL,0,2,-1,0.0,3.0,2.5,2.87,3.2
2007,2008-03-02,SAM,TOR,3,0,1,3.0,0.0,1.9,3.1,4.5
2007,2008-03-02,UDI,ATA,0,2,-1,0.0,3.0,2.1,3.0,4.0
2007,2008-03-01,MIL,LAZ,4,1,1,3.0,0.0,1.9,3.1,4.5
2007,2008-03-01,ROM,PAR,0,0,0,1.0,1.0,1.72,3.25,5.5
2007,2008-02-27,ATA,SAM,1,1,0,1.0,1.0,2.5,3.0,3.0
2007,2008-02-27,CAT,MIL,2,1,1,3.0,0.0,4.75,3.2,1.85
2007,2008-02-27,FIO,LIVO,3,0,1,3.0,0.0,1.5,3.7,8.0
2007,2008-02-27,GEN,NAP,1,0,1,3.0,0.0,2.15,2.9,3.8
2007,2008-02-27,INT,ROM,2,1,1,3.0,0.0,2.05,2.9,4.2
2007,2008-02-27,LAZ,REG,3,0,1,3.0,0.0,1.61,3.25,7.0
2007,2008-02-27,PAL,EMP,3,1,1,3.0,0.0,1.8,3.2,5.0
2007,2008-02-27,PAR,UDI,0,2,-1,0.0,3.0,2.6,3.0,2.87
2007,2008-02-27,SIE,CAG,1,2,-1,0.0,3.0,1.9,3.0,4.75
2007,2008-02-26,JUV,TOR,2,1,1,3.0,0.0,1.53,3.75,7.0
2007,2008-02-24,ATA,SIE,1,4,-1,0.0,3.0,2.0,3.0,4.5
2007,2008-02-24,CAG,LAZ,2,0,1,3.0,0.0,3.4,3.0,2.3
2007,2008-02-24,EMP,CAT,4,0,1,3.0,0.0,2.15,2.87,4.0
2007,2008-02-24,LIVO,NAP,1,2,-1,0.0,3.0,2.2,2.87,3.8
2007,2008-02-24,MIL,PAL,0,0,0,1.0,1.0,1.57,3.5,7.0
2007,2008-02-24,ROM,FIO,3,0,1,3.0,0.0,1.85,3.2,4.75
2007,2008-02-24,SAM,INT,1,0,1,3.0,0.0,4.0,3.0,2.1
2007,2008-02-24,UDI,GEN,1,2,-1,0.0,3.0,1.83,3.1,5.0
2007,2008-02-23,REG,JUV,4,1,1,3.0,0.0,6.5,3.6,1.57
2007,2008-02-23,TOR,PAR,1,0,1,3.0,0.0,2.1,2.87,4.33
2007,2008-02-17,FIO,CAT,1,2,-1,0.0,3.0,1.4,4.1,9.0
2007,2008-02-17,GEN,SAM,2,1,1,3.0,0.0,2.75,3.0,2.7
2007,2008-02-17,LAZ,ATA,0,1,-1,0.0,3.0,1.9,3.2,4.5
2007,2008-02-17,NAP,EMP,3,1,1,3.0,0.0,1.8,3.2,5.0
2007,2008-02-17,PAL,CAG,2,1,1,3.0,0.0,1.8,3.2,5.0
2007,2008-02-17,REG,UDI,0,1,-1,0.0,3.0,2.7,3.0,2.75
2007,2008-02-17,SIE,TOR,0,0,0,1.0,1.0,2.25,2.87,3.6
2007,2008-02-16,INT,LIVO,0,1,-1,0.0,3.0,1.25,5.0,13.0
2007,2008-02-16,JUV,ROM,4,0,1,3.0,0.0,2.3,3.0,3.4
2007,2008-02-16,PAR,MIL,1,2,-1,0.0,3.0,4.33,3.2,1.9
2007,2008-02-13,MIL,LIVO,3,1,1,3.0,0.0,1.33,4.5,11.0
2007,2008-02-10,CAG,PAR,2,0,1,3.0,0.0,2.37,2.87,3.4
2007,2008-02-10,CAT,INT,2,2,0,1.0,1.0,6.0,3.6,1.61
2007,2008-02-10,EMP,LAZ,2,0,1,3.0,0.0,3.0,2.87,2.6
2007,2008-02-10,LIVO,GEN,1,0,1,3.0,0.0,2.37,2.87,3.4
2007,2008-02-10,MIL,SIE,0,2,-1,0.0,3.0,1.4,4.0,10.0
2007,2008-02-10,SAM,NAP,0,0,0,1.0,1.0,1.9,3.1,4.5
2007,2008-02-10,TOR,PAL,2,0,1,3.0,0.0,2.5,2.87,3.2
2007,2008-02-10,UDI,JUV,1,0,1,3.0,0.0,3.3,2.9,2.37
2007,2008-02-09,ATA,FIO,3,5,-1,0.0,3.0,3.4,2.8,2.4
2007,2008-02-09,ROM,REG,1,0,1,3.0,0.0,1.22,5.5,15.0
2007,2008-02-03,FIO,MIL,2,2,0,1.0,1.0,3.2,3.0,2.4
2007,2008-02-03,GEN,CAT,0,1,-1,0.0,3.0,2.0,2.9,4.5
2007,2008-02-03,INT,EMP,0,0,0,1.0,1.0,1.2,6.0,15.0
2007,2008-02-03,JUV,CAG,1,1,0,1.0,1.0,1.2,6.0,15.0
2007,2008-02-03,LAZ,SAM,1,1,0,1.0,1.0,2.1,3.1,3.75
2007,2008-02-03,PAR,ATA,0,0,0,1.0,1.0,2.1,3.1,3.75
2007,2008-02-03,REG,TOR,1,1,0,1.0,1.0,2.25,2.9,3.6
2007,2008-02-03,SIE,ROM,0,1,-1,0.0,3.0,6.0,3.4,1.66
2007,2008-02-02,NAP,UDI,2,2,0,1.0,1.0,2.45,2.9,3.2
2007,2008-02-02,PAL,LIVO,3,1,1,3.0,0.0,1.66,3.4,6.0
2007,2008-01-30,REG,MIL,3,2,1,3.0,0.0,6.5,3.6,1.57
2007,2008-01-27,ATA,REG,1,1,0,1.0,1.0,1.72,3.3,5.5
2007,2008-01-27,CAG,NAP,0,2,-1,0.0,3.0,3.0,3.0,2.5
2007,2008-01-27,CAT,PAR,1,0,1,3.0,0.0,2.25,3.0,3.5
2007,2008-01-27,EMP,FIO,2,2,0,1.0,1.0,3.75,3.1,2.1
2007,2008-01-27,LIVO,JUV,2,1,1,3.0,0.0,5.0,3.1,1.83
2007,2008-01-27,MIL,GEN,1,2,-1,0.0,3.0,1.28,5.0,12.0
2007,2008-01-27,TOR,LAZ,2,1,1,3.0,0.0,2.4,2.9,3.25
2007,2008-01-27,UDI,INT,2,0,1,3.0,0.0,5.5,3.3,1.72
2007,2008-01-26,ROM,PAL,1,0,1,3.0,0.0,1.44,4.0,8.0
2007,2008-01-26,SAM,SIE,5,1,1,3.0,0.0,1.61,3.4,6.5
2007,2008-01-23,ATA,MIL,0,0,0,1.0,1.0,5.5,3.3,1.72
2007,2008-01-20,INT,PAR,5,5,0,1.0,1.0,1.22,5.5,15.0
2007,2008-01-20,JUV,SAM,2,1,1,3.0,0.0,1.5,3.7,8.0
2007,2008-01-20,LIVO,EMP,2,1,1,3.0,0.0,2.15,3.0,3.8
2007,2008-01-20,NAP,LAZ,0,0,0,1.0,1.0,2.15,3.0,3.8
2007,2008-01-20,PAL,SIE,1,1,0,1.0,1.0,1.61,3.4,6.5
2007,2008-01-20,REG,CAG,1,0,1,3.0,0.0,1.8,3.2,5.25
2007,2008-01-20,ROM,CAT,2,2,0,1.0,1.0,1.25,4.75,15.0
2007,2008-01-20,UDI,MIL,3,1,1,3.0,0.0,4.5,3.1,1.9
2007,2008-01-19,FIO,TOR,1,0,1,3.0,0.0,1.44,3.8,9.5
2007,2008-01-19,GEN,ATA,2,0,1,3.0,0.0,2.25,3.0,3.6
2007,2008-01-13,ATA,ROM,3,1,1,3.0,0.0,4.5,3.1,1.9
2007,2008-01-13,CAG,UDI,2,1,1,3.0,0.0,3.25,3.0,2.35
2007,2008-01-13,LAZ,GEN,0,2,-1,0.0,3.0,1.83,3.25,4.75
2007,2008-01-13,MIL,NAP,1,1,0,1.0,1.0,1.4,4.2,9.0
2007,2008-01-13,PAR,FIO,2,0,1,3.0,0.0,3.2,3.0,2.4
2007,2008-01-13,SAM,PAL,2,2,0,1.0,1.0,2.4,3.0,3.2
2007,2008-01-13,SIE,INT,5,2,1,3.0,0.0,9.0,3.8,1.44
2007,2008-01-13,TOR,LIVO,0,1,-1,0.0,3.0,1.95,3.0,4.5
2007,2008-01-12,CAT,JUV,2,0,1,3.0,0.0,4.75,3.25,1.83
2007,2008-01-12,EMP,REG,2,1,1,3.0,0.0,2.0,3.0,4.33
2007,2007-12-23,FIO,CAG,2,0,1,3.0,0.0,1.28,4.75,13.0
2007,2007-12-23,INT,MIL,0,1,-1,0.0,3.0,2.2,2.87,3.75
2007,2007-12-23,JUV,SIE,0,4,-1,0.0,3.0,1.25,5.25,13.0
2007,2007-12-23,LIVO,ATA,2,0,1,3.0,0.0,2.2,2.87,3.75
2007,2007-12-23,NAP,TOR,1,3,-1,0.0,3.0,1.95,2.9,4.75
2007,2007-12-23,PAL,LAZ,2,1,1,3.0,0.0,1.9,3.0,4.75
2007,2007-12-23,REG,CAT,2,0,1,3.0,0.0,2.2,2.87,3.75
2007,2007-12-23,UDI,EMP,1,0,1,3.0,0.0,1.6,3.5,6.5
2007,2007-12-22,GEN,PAR,2,0,1,3.0,0.0,2.0,3.0,4.33
2007,2007-12-22,ROM,SAM,1,3,-1,0.0,3.0,1.4,4.2,9.0
2007,2007-12-16,ATA,PAL,1,0,1,3.0,0.0,2.45,3.0,3.1
2007,2007-12-16,CAG,INT,1,0,1,3.0,0.0,8.0,4.0,1.44
2007,2007-12-16,EMP,GEN,2,1,1,3.0,0.0,2.15,3.0,3.75
2007,2007-12-16,PAR,REG,1,1,0,1.0,1.0,1.83,3.2,4.75
2007,2007-12-16,SAM,FIO,1,2,-1,0.0,3.0,2.5,3.0,3.0
2007,2007-12-16,SIE,NAP,1,1,0,1.0,1.0,2.5,2.9,3.1
2007,2007-12-16,TOR,ROM,3,0,1,3.0,0.0,4.75,3.2,1.83
2007,2007-12-15,CAT,UDI,2,1,1,3.0,0.0,3.0,2.9,2.6
2007,2007-12-15,LAZ,JUV,0,4,-1,0.0,3.0,3.4,3.1,2.25
2007,2007-12-09,EMP,CAG,2,1,1,3.0,0.0,2.2,2.9,3.8
2007,2007-12-09,GEN,SIE,2,1,1,3.0,0.0,1.83,3.1,5.0
2007,2007-12-09,INT,TOR,1,2,-1,0.0,3.0,1.25,5.25,13.0
2007,2007-12-09,JUV,ATA,2,1,1,3.0,0.0,1.36,4.33,10.0
2007,2007-12-09,LIVO,ROM,3,1,1,3.0,0.0,5.75,3.4,1.66
2007,2007-12-09,NAP,PAR,0,0,0,1.0,1.0,1.8,3.25,5.25
2007,2007-12-09,UDI,SAM,3,1,1,3.0,0.0,1.95,3.0,4.5
2007,2007-12-08,LAZ,CAT,1,1,0,1.0,1.0,1.83,3.2,4.75
2007,2007-12-08,PAL,FIO,2,1,1,3.0,0.0,2.7,2.87,2.9
2007,2007-12-05,INT,LAZ,3,0,1,3.0,0.0,1.33,4.5,11.0
2007,2007-12-05,ROM,CAG,0,5,-1,0.0,3.0,1.28,5.0,12.0
2007,2007-12-02,ATA,NAP,1,3,-1,0.0,3.0,2.4,3.0,3.2
2007,2007-12-02,CAG,LIVO,3,2,1,3.0,0.0,2.05,2.9,4.2
2007,2007-12-02,CAT,PAL,0,0,0,1.0,1.0,2.75,3.0,2.75
2007,2007-12-02,FIO,INT,0,1,-1,0.0,3.0,3.5,3.0,2.25
2007,2007-12-02,PAR,EMP,2,1,1,3.0,0.0,2.0,3.0,4.33
2007,2007-12-02,ROM,UDI,0,0,0,1.0,1.0,1.57,3.6,6.5
2007,2007-12-02,SIE,LAZ,1,0,1,3.0,0.0,2.8,3.0,2.65
2007,2007-12-02,TOR,GEN,2,0,1,3.0,0.0,2.05,3.0,4.2
2007,2007-12-01,MIL,JUV,1,2,-1,0.0,3.0,2.1,3.1,3.8
2007,2007-12-01,SAM,REG,2,2,0,1.0,1.0,1.7,3.25,6.0
2007,2007-11-25,CAG,MIL,3,0,1,3.0,0.0,6.25,3.5,1.61
2007,2007-11-25,EMP,TOR,0,2,-1,0.0,3.0,2.37,2.9,3.3
2007,2007-11-25,JUV,PAL,2,3,-1,0.0,3.0,1.61,3.5,6.25
2007,2007-11-25,LAZ,PAR,0,4,-1,0.0,3.0,1.9,3.1,4.5
2007,2007-11-25,LIVO,SAM,5,0,1,3.0,0.0,2.9,2.9,2.65
2007,2007-11-25,NAP,CAT,0,1,-1,0.0,3.0,1.72,3.3,5.5
2007,2007-11-25,REG,FIO,1,0,1,3.0,0.0,4.0,3.1,2.05
2007,2007-11-25,UDI,SIE,0,2,-1,0.0,3.0,1.57,3.5,7.0
2007,2007-11-24,GEN,ROM,0,2,-1,0.0,3.0,4.33,3.4,1.9
2007,2007-11-24,INT,ATA,1,2,-1,0.0,3.0,1.25,5.25,13.0
2007,2007-11-11,FIO,UDI,1,0,1,3.0,0.0,1.66,3.4,6.0
2007,2007-11-11,PAR,JUV,2,0,1,3.0,0.0,5.5,3.3,1.72
2007,2007-11-11,REG,GEN,1,1,0,1.0,1.0,2.45,2.87,3.2
2007,2007-11-11,SIE,LIVO,2,1,1,3.0,0.0,2.0,2.9,4.5
2007,2007-11-11,TOR,CAT,0,3,-1,0.0,3.0,1.8,3.0,5.75
2007,2007-11-10,PAL,NAP,0,2,-1,0.0,3.0,2.3,2.9,3.5
2007,2007-11-10,SAM,EMP,2,0,1,3.0,0.0,1.85,3.1,5.0
2007,2007-11-04,CAG,SAM,2,1,1,3.0,0.0,2.35,3.0,3.25
2007,2007-11-04,CAT,ATA,2,2,0,1.0,1.0,2.2,3.0,3.6
2007,2007-11-04,EMP,ROM,1,2,-1,0.0,3.0,6.0,3.3,1.66
2007,2007-11-04,GEN,PAL,0,1,-1,0.0,3.0,2.35,3.0,3.25
2007,2007-11-04,JUV,INT,1,3,-1,0.0,3.0,2.8,3.0,2.7
2007,2007-11-04,LIVO,UDI,3,0,1,3.0,0.0,3.0,3.0,2.5
2007,2007-11-04,NAP,REG,2,1,1,3.0,0.0,1.61,3.4,6.5
2007,2007-11-04,PAR,SIE,2,0,1,3.0,0.0,1.9,3.2,4.33
2007,2007-11-03,LAZ,FIO,2,0,1,3.0,0.0,2.8,3.0,2.7
2007,2007-11-03,MIL,TOR,3,1,1,3.0,0.0,1.3,4.75,12.0
2007,2007-10-31,ATA,CAG,0,1,-1,0.0,3.0,1.75,3.25,5.25
2007,2007-10-31,FIO,NAP,1,0,1,3.0,0.0,1.7,3.4,5.5
2007,2007-10-31,INT,GEN,2,0,1,3.0,0.0,1.25,5.25,13.0
2007,2007-10-31,JUV,EMP,1,1,0,1.0,1.0,1.3,4.75,12.0
2007,2007-10-31,PAL,PAR,1,0,1,3.0,0.0,1.61,3.5,6.0
2007,2007-10-31,REG,LIVO,1,1,0,1.0,1.0,1.9,3.1,4.5
2007,2007-10-31,ROM,LAZ,2,1,1,3.0,0.0,1.72,3.25,5.5
2007,2007-10-31,SAM,MIL,3,0,1,3.0,0.0,3.8,3.2,2.05
2007,2007-10-31,SIE,CAT,3,1,1,3.0,0.0,2.1,2.87,4.2
2007,2007-10-31,UDI,TOR,2,1,1,3.0,0.0,1.85,3.1,5.0
2007,2007-10-28,CAT,SAM,0,1,-1,0.0,3.0,2.6,2.87,3.0
2007,2007-10-28,EMP,ATA,2,0,1,3.0,0.0,2.2,2.9,3.75
2007,2007-10-28,GEN,FIO,1,1,0,1.0,1.0,3.0,2.87,2.6
2007,2007-10-28,LAZ,UDI,2,1,1,3.0,0.0,2.25,3.0,3.5
2007,2007-10-28,MIL,ROM,2,2,0,1.0,1.0,2.2,3.1,3.5
2007,2007-10-28,PAL,INT,1,1,0,1.0,1.0,4.0,3.2,2.0
2007,2007-10-28,PAR,LIVO,0,0,0,1.0,1.0,1.8,3.25,5.0
2007,2007-10-28,SIE,REG,2,1,1,3.0,0.0,2.0,3.0,4.33
2007,2007-10-27,NAP,JUV,1,1,0,1.0,1.0,3.25,3.0,2.37
2007,2007-10-27,TOR,CAG,0,2,-1,0.0,3.0,1.85,3.2,4.75
2007,2007-10-21,ATA,TOR,1,1,0,1.0,1.0,2.2,2.9,3.75
2007,2007-10-21,CAG,CAT,4,1,1,3.0,0.0,2.1,2.87,4.2
2007,2007-10-21,FIO,SIE,1,0,1,3.0,0.0,1.36,4.33,10.0
2007,2007-10-21,JUV,GEN,0,3,-1,0.0,3.0,1.36,4.33,10.0
2007,2007-10-21,LIVO,LAZ,3,2,1,3.0,0.0,3.2,3.0,2.37
2007,2007-10-21,MIL,EMP,5,0,1,3.0,0.0,1.22,5.25,17.0
2007,2007-10-21,SAM,PAR,2,0,1,3.0,0.0,1.83,3.1,5.0
2007,2007-10-21,UDI,PAL,2,2,0,1.0,1.0,2.37,3.0,3.2
2007,2007-10-20,REG,INT,2,0,1,3.0,0.0,7.5,3.75,1.5
2007,2007-10-20,ROM,NAP,3,1,1,3.0,0.0,1.4,4.2,9.0
2007,2007-10-07,CAT,LIVO,3,1,1,3.0,0.0,1.95,3.1,4.33
2007,2007-10-07,FIO,JUV,1,2,-1,0.0,3.0,2.5,3.0,3.0
2007,2007-10-07,GEN,CAG,2,0,1,3.0,0.0,2.05,3.0,4.2
2007,2007-10-07,LAZ,MIL,1,0,1,3.0,0.0,3.4,3.0,2.3
2007,2007-10-07,PAL,REG,3,1,1,3.0,0.0,1.53,3.75,7.0
2007,2007-10-07,PAR,ROM,1,0,1,3.0,0.0,4.75,3.25,1.83
2007,2007-10-07,SIE,EMP,1,1,0,1.0,1.0,2.4,2.9,3.3
2007,2007-10-07,TOR,SAM,4,5,-1,0.0,3.0,2.4,2.9,3.3
2007,2007-10-06,ATA,UDI,1,3,-1,0.0,3.0,2.5,3.0,3.0
2007,2007-10-06,INT,NAP,2,2,0,1.0,1.0,1.25,5.5,12.0
2007,2007-09-30,CAG,SIE,1,2,-1,0.0,3.0,2.0,3.0,4.33
2007,2007-09-30,EMP,PAL,5,2,1,3.0,0.0,3.0,3.0,2.5
2007,2007-09-30,MIL,CAT,2,0,1,3.0,0.0,1.22,5.5,15.0
2007,2007-09-30,NAP,GEN,1,1,0,1.0,1.0,2.15,3.0,3.8
2007,2007-09-30,REG,LAZ,0,1,-1,0.0,3.0,3.0,3.0,2.5
2007,2007-09-30,SAM,ATA,2,2,0,1.0,1.0,2.0,3.1,4.2
2007,2007-09-30,TOR,JUV,2,1,1,3.0,0.0,5.0,3.1,1.83
2007,2007-09-30,UDI,PAR,1,1,0,1.0,1.0,1.9,3.1,4.5
2007,2007-09-29,LIVO,FIO,3,1,1,3.0,0.0,3.75,3.1,2.1
2007,2007-09-29,ROM,INT,3,0,1,3.0,0.0,2.37,3.0,3.2
2007,2007-09-26,CAT,EMP,2,2,0,1.0,1.0,2.37,2.87,3.4
2007,2007-09-26,FIO,ROM,3,1,1,3.0,0.0,3.2,3.0,2.4
2007,2007-09-26,GEN,UDI,1,3,-1,0.0,3.0,2.5,2.87,3.2
2007,2007-09-26,INT,SAM,1,0,1,3.0,0.0,1.4,4.2,9.0
2007,2007-09-26,JUV,REG,1,1,0,1.0,1.0,1.25,5.0,15.0
2007,2007-09-26,LAZ,CAG,2,0,1,3.0,0.0,1.72,3.3,5.5
2007,2007-09-26,NAP,LIVO,2,1,1,3.0,0.0,1.8,3.25,5.0
2007,2007-09-26,PAL,MIL,2,0,1,3.0,0.0,3.5,3.1,2.2
2007,2007-09-26,PAR,TOR,2,2,0,1.0,1.0,2.3,2.9,3.5
2007,2007-09-26,SIE,ATA,0,2,-1,0.0,3.0,2.6,2.87,3.0
2007,2007-09-23,ATA,LAZ,2,1,1,3.0,0.0,2.5,2.9,3.1
2007,2007-09-23,CAG,PAL,2,0,1,3.0,0.0,2.87,2.9,2.7
2007,2007-09-23,CAT,FIO,1,2,-1,0.0,3.0,3.75,3.1,2.1
2007,2007-09-23,EMP,NAP,0,3,-1,0.0,3.0,2.45,2.9,3.2
2007,2007-09-23,LIVO,INT,2,0,1,3.0,0.0,7.5,3.75,1.5
2007,2007-09-23,ROM,JUV,0,0,0,1.0,1.0,1.9,3.2,4.33
2007,2007-09-23,SAM,GEN,2,0,1,3.0,0.0,2.05,3.1,4.0
2007,2007-09-23,TOR,SIE,2,2,0,1.0,1.0,1.72,3.3,5.5
2007,2007-09-22,MIL,PAR,3,2,1,3.0,0.0,1.25,5.0,16.0
2007,2007-09-22,UDI,REG,1,0,1,3.0,0.0,1.7,3.4,5.5
2007,2007-09-16,FIO,ATA,1,0,1,3.0,0.0,1.5,3.8,7.5
2007,2007-09-16,GEN,LIVO,5,2,1,3.0,0.0,1.95,3.0,4.5
2007,2007-09-16,INT,CAT,1,1,0,1.0,1.0,1.16,6.5,21.0
2007,2007-09-16,JUV,UDI,1,1,0,1.0,1.0,1.36,4.33,9.5
2007,2007-09-16,NAP,SAM,0,2,-1,0.0,3.0,2.35,2.9,3.4
2007,2007-09-16,PAL,TOR,1,1,0,1.0,1.0,1.66,3.4,6.0
2007,2007-09-16,PAR,CAG,0,1,-1,0.0,3.0,2.35,2.9,3.4
2007,2007-09-16,REG,ROM,1,0,1,3.0,0.0,6.75,3.6,1.57
2007,2007-09-15,LAZ,EMP,0,1,-1,0.0,3.0,1.61,3.4,6.5
2007,2007-09-15,SIE,MIL,2,1,1,3.0,0.0,7.5,3.8,1.5
2007,2007-09-03,MIL,FIO,3,5,-1,0.0,3.0,1.57,3.4,7.0
2007,2007-09-02,ATA,PAR,3,0,1,3.0,0.0,2.05,3.0,4.0
2007,2007-09-02,CAG,JUV,1,2,-1,0.0,3.0,6.0,3.2,1.66
2007,2007-09-02,CAT,GEN,3,3,0,1.0,1.0,2.3,3.1,3.1
2007,2007-09-02,LIVO,PAL,2,2,0,1.0,1.0,3.25,3.0,2.3
2007,2007-09-02,ROM,SIE,0,1,-1,0.0,3.0,1.22,5.0,17.0
2007,2007-09-02,SAM,LAZ,0,0,0,1.0,1.0,2.2,3.0,3.4
2007,2007-09-02,TOR,REG,2,0,1,3.0,0.0,1.83,3.1,4.75
2007,2007-09-02,UDI,NAP,2,2,0,1.0,1.0,1.72,3.3,5.0
2007,2007-09-01,EMP,INT,3,3,0,1.0,1.0,7.5,3.6,1.5
2007,2007-08-26,FIO,EMP,2,1,1,3.0,0.0,1.5,3.6,7.5
2007,2007-08-26,GEN,MIL,2,0,1,3.0,0.0,6.0,3.4,1.61
2007,2007-08-26,INT,UDI,2,2,0,1.0,1.0,1.28,4.75,11.0
2007,2007-08-26,NAP,CAG,1,0,1,3.0,0.0,1.9,3.0,4.5
2007,2007-08-26,PAL,ROM,1,0,1,3.0,0.0,2.87,3.0,2.3
2007,2007-08-26,PAR,CAT,2,2,0,1.0,1.0,1.8,3.1,5.0
2007,2007-08-26,REG,ATA,0,1,-1,0.0,3.0,2.37,2.87,3.25
2007,2007-08-26,SIE,SAM,2,2,0,1.0,1.0,2.6,2.87,2.87
2007,2007-08-25,JUV,LIVO,1,1,0,1.0,1.0,1.33,4.33,10.0
2007,2007-08-25,LAZ,TOR,0,1,-1,0.0,3.0,1.72,3.3,5.0
2006,2007-05-27,ASC,CAG,1,0,1,3.0,0.0,2.25,2.87,3.5
2006,2007-05-27,CAT,CHI,0,1,-1,0.0,3.0,2.75,2.87,2.7
2006,2007-05-27,FIO,SAM,0,3,-1,0.0,3.0,1.61,3.25,6.5
2006,2007-05-27,INT,TOR,4,2,1,3.0,0.0,1.4,4.33,7.5
2006,2007-05-27,LIVO,ATA,0,0,0,1.0,1.0,2.4,2.4,4.0
2006,2007-05-27,PAR,EMP,1,0,1,3.0,0.0,1.83,2.1,17.0
2006,2007-05-27,REG,MIL,3,1,1,3.0,0.0,1.28,7.0,6.5
2006,2007-05-27,ROM,MES,0,0,0,1.0,1.0,1.16,6.5,15.0
2006,2007-05-27,SIE,LAZ,2,2,0,1.0,1.0,1.2,7.5,9.0
2006,2007-05-27,UDI,PAL,2,0,1,3.0,0.0,2.37,2.62,3.6
2006,2007-05-20,ATA,INT,1,1,0,1.0,1.0,2.6,3.1,2.75
2006,2007-05-20,CAG,ROM,2,1,1,3.0,0.0,1.53,3.8,6.0
2006,2007-05-20,CHI,ASC,2,0,1,3.0,0.0,1.1,8.0,21.0
2006,2007-05-20,EMP,REG,0,2,-1,0.0,3.0,3.4,2.5,2.62
2006,2007-05-20,LAZ,PAR,5,4,1,3.0,0.0,3.6,2.4,2.62
2006,2007-05-20,MES,FIO,2,1,1,3.0,0.0,9.0,4.0,1.4
2006,2007-05-20,PAL,SIE,1,3,-1,0.0,3.0,2.5,2.6,3.4
2006,2007-05-20,SAM,CAT,1,2,-1,0.0,3.0,2.8,3.1,2.5
2006,2007-05-20,TOR,LIVO,2,3,-1,0.0,3.0,3.25,1.4,11.0
2006,2007-05-19,MIL,UDI,2,0,1,3.0,0.0,2.15,2.7,4.2
2006,2007-05-13,ASC,PAL,3,0,1,3.0,0.0,9.5,4.5,1.33
2006,2007-05-13,CAT,MIL,0,0,0,1.0,1.0,6.0,2.8,1.8
2006,2007-05-13,FIO,CAG,1,2,-1,0.0,3.0,1.4,4.0,9.0
2006,2007-05-13,INT,LAZ,1,2,-1,0.0,3.0,2.05,3.0,4.0
2006,2007-05-13,LIVO,SAM,1,1,0,1.0,1.0,1.53,3.6,6.5
2006,2007-05-13,PAR,MES,2,0,1,3.0,0.0,1.14,6.5,19.0
2006,2007-05-13,REG,CHI,0,0,0,1.0,1.0,2.1,2.8,4.0
2006,2007-05-13,ROM,TOR,1,1,0,1.0,1.0,1.75,3.0,6.0
2006,2007-05-13,SIE,EMP,0,1,-1,0.0,3.0,1.66,3.5,5.25
2006,2007-05-13,UDI,ATA,2,2,0,1.0,1.0,2.8,2.62,3.0
2006,2007-05-06,ATA,SIE,2,1,1,3.0,0.0,2.9,2.3,3.4
2006,2007-05-06,CAG,UDI,4,0,1,3.0,0.0,1.53,3.6,6.5
2006,2007-05-06,CHI,PAR,2,1,1,3.0,0.0,2.1,3.0,3.75
2006,2007-05-06,EMP,CAT,3,1,1,3.0,0.0,1.9,2.8,5.0
2006,2007-05-06,LAZ,LIVO,0,2,-1,0.0,3.0,1.53,3.25,7.0
2006,2007-05-06,MES,INT,0,2,-1,0.0,3.0,7.5,3.4,1.53
2006,2007-05-06,MIL,FIO,2,0,1,3.0,0.0,1.8,3.1,4.75
2006,2007-05-06,PAL,ROM,2,1,1,3.0,0.0,2.1,3.2,3.5
2006,2007-05-06,SAM,REG,1,2,-1,0.0,3.0,2.5,2.62,3.4
2006,2007-05-06,TOR,ASC,0,0,0,1.0,1.0,1.22,5.5,13.0
2006,2007-05-02,CAT,ASC,1,2,-1,0.0,3.0,1.33,4.5,10.0
2006,2007-04-29,ASC,REG,0,2,-1,0.0,3.0,5.5,3.6,1.61
2006,2007-04-29,INT,EMP,2,1,1,3.0,0.0,1.57,3.5,6.5
2006,2007-04-29,LIVO,PAL,1,0,1,3.0,0.0,3.3,2.25,3.0
2006,2007-04-29,MES,ATA,0,1,-1,0.0,3.0,1.95,3.3,3.8
2006,2007-04-29,PAR,CAG,1,0,1,3.0,0.0,1.83,3.0,5.0
2006,2007-04-29,ROM,LAZ,1,0,1,3.0,0.0,2.1,3.0,3.75
2006,2007-04-29,SIE,SAM,0,1,-1,0.0,3.0,1.83,3.1,4.75
2006,2007-04-29,UDI,CAT,4,3,1,3.0,0.0,2.1,2.6,4.5
2006,2007-04-28,FIO,CHI,0,1,-1,0.0,3.0,1.5,3.6,7.5
2006,2007-04-28,TOR,MIL,1,1,0,1.0,1.0,4.5,2.2,2.5
2006,2007-04-22,ATA,ROM,0,1,-1,0.0,3.0,4.33,3.0,1.95
2006,2007-04-22,CHI,LIVO,1,1,0,1.0,1.0,1.66,3.2,6.0
2006,2007-04-22,EMP,TOR,0,1,-1,0.0,3.0,1.9,2.87,4.75
2006,2007-04-22,LAZ,FIO,1,1,0,1.0,1.0,2.25,2.87,3.5
2006,2007-04-22,PAL,PAR,3,0,1,3.0,0.0,1.72,3.1,5.5
2006,2007-04-22,REG,UDI,1,1,0,1.0,1.0,2.05,2.87,4.2
2006,2007-04-22,SIE,INT,1,1,0,1.0,1.0,6.0,3.2,1.66
2006,2007-04-21,MIL,CAG,2,1,1,3.0,0.0,1.25,5.0,13.0
2006,2007-04-21,SAM,MES,1,0,1,3.0,0.0,1.53,3.6,6.5
2006,2007-04-18,ASC,MIL,1,2,-1,0.0,3.0,9.5,4.5,1.33
2006,2007-04-18,EMP,ATA,1,0,1,3.0,0.0,2.05,2.87,4.2
2006,2007-04-18,INT,ROM,2,1,1,3.0,0.0,1.95,3.0,4.33
2006,2007-04-18,LAZ,CHI,1,0,1,3.0,0.0,1.44,4.0,7.5
2006,2007-04-18,LIVO,CAG,3,2,1,3.0,0.0,2.88,1.91,4.75
2006,2007-04-18,PAR,FIO,3,0,1,3.0,0.0,3.75,3.0,2.1
2006,2007-04-18,REG,MES,1,3,-1,0.0,3.0,1.72,3.1,5.5
2006,2007-04-18,SIE,TOR,3,0,1,3.0,0.0,2.37,2.25,4.0
2006,2007-04-18,UDI,SAM,0,1,-1,0.0,3.0,2.25,2.87,3.5
2006,2007-04-15,ASC,LAZ,0,0,0,1.0,1.0,9.0,4.0,1.4
2006,2007-04-15,FIO,SIE,1,0,1,3.0,0.0,1.3,4.5,12.0
2006,2007-04-15,INT,PAL,2,0,1,3.0,0.0,1.4,4.0,9.0
2006,2007-04-15,LIVO,REG,0,2,-1,0.0,3.0,2.6,2.5,3.4
2006,2007-04-15,MES,MIL,1,3,-1,0.0,3.0,7.5,3.6,1.5
2006,2007-04-15,PAR,CAT,0,1,-1,0.0,3.0,1.72,3.3,5.0
2006,2007-04-15,ROM,SAM,1,3,-1,0.0,3.0,1.57,3.4,7.0
2006,2007-04-15,TOR,ATA,0,1,-1,0.0,3.0,2.3,2.75,3.6
2006,2007-04-14,CAG,EMP,0,2,-1,0.0,3.0,2.37,2.7,3.5
2006,2007-04-14,UDI,CHI,1,1,0,1.0,1.0,2.0,2.87,4.33
2006,2007-04-07,ATA,CHI,2,0,1,3.0,0.0,2.05,2.8,4.2
2006,2007-04-07,CAT,ROM,0,1,-1,0.0,3.0,5.0,3.2,1.75
2006,2007-04-07,FIO,ASC,1,0,1,3.0,0.0,1.2,5.5,17.0
2006,2007-04-07,LAZ,MES,0,2,-1,0.0,3.0,1.28,4.5,13.0
2006,2007-04-07,MIL,EMP,2,1,1,3.0,0.0,1.44,3.75,8.5
2006,2007-04-07,PAL,CAG,1,1,0,1.0,1.0,1.72,3.3,5.0
2006,2007-04-07,PAR,LIVO,2,3,-1,0.0,3.0,2.1,2.8,4.0
2006,2007-04-07,REG,INT,1,2,-1,0.0,3.0,6.0,3.2,1.66
2006,2007-04-07,SAM,TOR,2,1,1,3.0,0.0,1.95,2.87,4.5
2006,2007-04-07,SIE,UDI,0,2,-1,0.0,3.0,2.5,2.8,3.1
2006,2007-04-01,ATA,FIO,1,0,1,3.0,0.0,3.25,2.87,2.37
2006,2007-04-01,CAG,MES,1,2,-1,0.0,3.0,1.83,3.0,5.0
2006,2007-04-01,CHI,SAM,2,0,1,3.0,0.0,2.3,2.9,3.4
2006,2007-04-01,EMP,ASC,1,1,0,1.0,1.0,1.61,3.4,6.0
2006,2007-04-01,INT,PAR,3,1,1,3.0,0.0,1.25,5.5,11.0
2006,2007-04-01,LIVO,CAT,2,0,1,3.0,0.0,2.0,3.0,4.2
2006,2007-04-01,TOR,PAL,0,1,-1,0.0,3.0,2.75,2.87,2.75
2006,2007-04-01,UDI,LAZ,1,1,0,1.0,1.0,3.0,2.9,2.5
2006,2007-03-31,REG,SIE,0,0,0,1.0,1.0,1.9,3.2,4.33
2006,2007-03-31,ROM,MIL,1,2,-1,0.0,3.0,2.37,2.87,3.25
2006,2007-03-18,ASC,INT,1,1,0,1.0,1.0,9.0,4.0,1.4
2006,2007-03-18,CAG,CHI,1,0,1,3.0,0.0,2.05,2.87,4.2
2006,2007-03-18,CAT,REG,0,1,-1,0.0,3.0,2.5,2.87,3.0
2006,2007-03-18,FIO,ROM,1,0,1,3.0,0.0,2.4,3.0,3.0
2006,2007-03-18,LAZ,EMP,2,2,0,1.0,1.0,1.61,3.4,6.0
2006,2007-03-18,MES,TOR,2,1,1,3.0,0.0,2.2,2.87,3.6
2006,2007-03-18,MIL,ATA,1,1,0,1.0,1.0,1.4,4.0,9.0
2006,2007-03-18,PAR,SIE,1,2,-1,0.0,3.0,2.25,2.87,3.5
2006,2007-03-18,UDI,LIVO,3,0,1,3.0,0.0,2.0,2.87,4.33
2006,2007-03-17,SAM,PAL,1,0,1,3.0,0.0,2.37,2.87,3.25
2006,2007-03-11,ATA,PAR,1,1,0,1.0,1.0,1.9,3.0,4.5
2006,2007-03-11,CHI,MES,3,1,1,3.0,0.0,1.8,3.1,5.0
2006,2007-03-11,EMP,LIVO,1,0,1,3.0,0.0,2.0,2.87,4.33
2006,2007-03-11,INT,MIL,0,1,-1,0.0,3.0,2.3,3.0,3.25
2006,2007-03-11,PAL,FIO,0,1,-1,0.0,3.0,2.75,2.87,2.75
2006,2007-03-11,REG,LAZ,2,2,0,1.0,1.0,2.6,2.87,2.87
2006,2007-03-11,ROM,UDI,0,1,-1,0.0,3.0,1.53,3.6,6.5
2006,2007-03-11,SIE,ASC,2,0,1,3.0,0.0,1.66,3.2,6.0
2006,2007-03-11,TOR,CAT,0,1,-1,0.0,3.0,2.05,3.0,3.8
2006,2007-03-10,SAM,CAG,1,1,0,1.0,1.0,1.83,3.0,5.0
2006,2007-03-04,CAG,ATA,3,2,1,3.0,0.0,2.5,2.87,3.0
2006,2007-03-04,CAT,SIE,4,3,1,3.0,0.0,2.4,2.87,3.2
2006,2007-03-04,FIO,TOR,0,0,0,1.0,1.0,1.4,4.0,9.0
2006,2007-03-04,LAZ,SAM,3,3,0,1.0,1.0,1.72,3.3,5.0
2006,2007-03-04,MES,PAL,2,0,1,3.0,0.0,3.3,3.0,2.25
2006,2007-03-04,PAR,REG,0,3,-1,0.0,3.0,2.3,2.87,3.25
2006,2007-03-04,UDI,EMP,0,3,-1,0.0,3.0,2.0,3.0,4.0
2006,2007-03-03,ASC,ROM,1,3,-1,0.0,3.0,5.5,3.4,1.66
2006,2007-03-03,LIVO,INT,0,4,-1,0.0,3.0,5.0,3.1,1.8
2006,2007-03-03,MIL,CHI,1,2,-1,0.0,3.0,1.4,4.33,7.5
2006,2007-02-28,ASC,PAR,0,0,0,1.0,1.0,2.87,2.87,2.62
2006,2007-02-28,CHI,ROM,1,2,-1,0.0,3.0,4.0,3.0,2.0
2006,2007-02-28,EMP,MES,0,1,-1,0.0,3.0,1.72,3.1,5.5
2006,2007-02-28,INT,UDI,0,1,-1,0.0,3.0,1.33,4.5,9.5
2006,2007-02-28,LAZ,CAT,1,3,-1,0.0,3.0,1.53,3.5,7.0
2006,2007-02-28,PAL,MIL,1,3,-1,0.0,3.0,3.0,3.0,2.4
2006,2007-02-28,REG,FIO,2,0,1,3.0,0.0,3.4,2.87,2.3
2006,2007-02-28,SAM,ATA,3,0,1,3.0,0.0,2.15,2.87,3.75
2006,2007-02-28,SIE,LIVO,2,1,1,3.0,0.0,2.1,2.8,3.5
2006,2007-02-28,TOR,CAG,2,0,1,3.0,0.0,2.15,2.87,3.75
2006,2007-02-25,CAG,LAZ,0,3,-1,0.0,3.0,3.1,2.87,2.25
2006,2007-02-25,CAT,INT,1,1,0,1.0,1.0,7.5,4.33,1.33
2006,2007-02-25,FIO,EMP,3,0,1,3.0,0.0,1.57,3.2,6.0
2006,2007-02-25,LIVO,ASC,1,0,1,3.0,0.0,1.61,3.3,5.25
2006,2007-02-25,MES,SIE,3,3,0,1.0,1.0,2.4,2.75,3.0
2006,2007-02-25,MIL,SAM,3,0,1,3.0,0.0,1.4,3.75,7.5
2006,2007-02-25,ROM,REG,1,3,-1,0.0,3.0,1.3,4.5,8.0
2006,2007-02-25,UDI,PAR,3,0,1,3.0,0.0,1.61,3.4,5.0
2006,2007-02-24,ATA,PAL,0,1,-1,0.0,3.0,2.3,3.0,2.87
2006,2007-02-24,CHI,TOR,2,1,1,3.0,0.0,2.1,2.8,3.5
2006,2007-02-18,ASC,UDI,0,2,-1,0.0,3.0,3.75,3.0,2.1
2006,2007-02-18,CAT,FIO,1,0,1,3.0,0.0,4.0,3.0,2.0
2006,2007-02-18,LAZ,TOR,2,2,0,1.0,1.0,1.57,3.4,7.0
2006,2007-02-18,LIVO,MES,2,5,-1,0.0,3.0,1.66,3.2,6.0
2006,2007-02-18,PAL,CHI,3,0,1,3.0,0.0,1.57,3.4,7.0
2006,2007-02-18,PAR,SAM,1,0,1,3.0,0.0,2.75,2.87,2.75
2006,2007-02-18,REG,ATA,1,1,0,1.0,1.0,2.2,2.87,3.6
2006,2007-02-17,EMP,ROM,2,1,1,3.0,0.0,4.0,3.0,2.0
2006,2007-02-17,INT,CAG,0,0,0,1.0,1.0,1.2,5.5,17.0
2006,2007-02-17,SIE,MIL,1,0,1,3.0,0.0,5.0,3.0,1.83
2006,2007-02-11,ATA,LAZ,0,2,-1,0.0,3.0,2.5,2.87,2.75
2006,2007-02-11,CAG,SIE,1,1,0,1.0,1.0,2.2,2.87,3.2
2006,2007-02-11,CHI,INT,0,3,-1,0.0,3.0,6.5,4.0,1.4
2006,2007-02-11,FIO,UDI,3,1,1,3.0,0.0,1.66,3.2,5.0
2006,2007-02-11,MES,CAT,0,2,-1,0.0,3.0,2.5,2.87,2.75
2006,2007-02-11,MIL,LIVO,2,2,0,1.0,1.0,1.28,4.5,9.0
2006,2007-02-11,PAL,EMP,1,2,-1,0.0,3.0,1.61,3.4,5.0
2006,2007-02-11,ROM,PAR,2,0,1,3.0,0.0,1.28,4.5,9.0
2006,2007-02-11,SAM,ASC,2,0,1,3.0,0.0,1.53,3.4,6.0
2006,2007-02-11,TOR,REG,1,1,0,1.0,1.0,2.1,2.8,3.5
2006,2007-02-02,CAT,PAL,1,2,-1,0.0,3.0,2.87,2.87,2.6
2006,2007-01-28,ATA,CAT,1,0,1,3.0,0.0,1.75,3.25,5.0
2006,2007-01-28,CAG,REG,1,0,1,3.0,0.0,2.1,2.8,4.0
2006,2007-01-28,CHI,EMP,0,1,-1,0.0,3.0,2.25,2.8,3.6
2006,2007-01-28,FIO,LIVO,2,3,-1,0.0,3.0,1.53,3.6,6.5
2006,2007-01-28,MES,ASC,2,1,1,3.0,0.0,1.75,3.25,5.0
2006,2007-01-28,MIL,PAR,1,0,1,3.0,0.0,1.28,4.75,12.0
2006,2007-01-28,ROM,SIE,1,1,0,1.0,1.0,1.44,3.75,8.5
2006,2007-01-28,SAM,INT,1,1,0,1.0,1.0,5.0,3.3,1.72
2006,2007-01-27,PAL,LAZ,0,1,-1,0.0,3.0,1.9,3.1,4.33
2006,2007-01-27,TOR,UDI,0,1,-1,0.0,3.0,2.5,2.87,3.0
2006,2007-01-24,CAT,EMP,1,1,0,1.0,1.0,2.25,2.87,3.5
2006,2007-01-21,CAT,CAG,2,1,1,3.0,0.0,2.1,2.8,4.0
2006,2007-01-21,EMP,SAM,3,0,1,3.0,0.0,2.5,2.8,3.1
2006,2007-01-21,INT,FIO,3,1,1,3.0,0.0,1.53,3.5,7.0
2006,2007-01-21,LAZ,MIL,2,0,1,3.0,0.0,3.4,3.0,2.2
2006,2007-01-21,LIVO,ROM,0,3,-1,0.0,3.0,4.5,3.0,1.9
2006,2007-01-21,PAR,TOR,0,1,-1,0.0,3.0,2.5,2.8,3.1
2006,2007-01-21,SIE,CHI,0,0,0,1.0,1.0,2.2,2.8,3.75
2006,2007-01-21,UDI,MES,5,1,1,3.0,0.0,1.57,3.4,7.0
2006,2007-01-20,ASC,ATA,2,0,1,3.0,0.0,3.25,3.0,2.3
2006,2007-01-20,REG,PAL,0,1,-1,0.0,3.0,3.1,3.1,2.3
2006,2007-01-14,ATA,LIVO,1,0,1,3.0,0.0,2.0,3.0,4.0
2006,2007-01-14,CAG,ASC,1,0,1,3.0,0.0,1.72,3.1,5.75
2006,2007-01-14,CHI,CAT,4,1,1,3.0,0.0,2.25,3.1,3.2
2006,2007-01-14,LAZ,SIE,0,1,-1,0.0,3.0,1.66,3.2,6.0
2006,2007-01-14,MES,ROM,1,0,1,3.0,0.0,7.0,3.4,1.57
2006,2007-01-14,MIL,REG,3,1,1,3.0,0.0,1.28,5.0,10.0
2006,2007-01-14,PAL,UDI,1,1,0,1.0,1.0,1.8,3.2,4.75
2006,2007-01-14,SAM,FIO,2,0,1,3.0,0.0,2.8,2.87,2.7
2006,2007-01-13,EMP,PAR,3,0,1,3.0,0.0,2.1,2.87,4.0
2006,2007-01-13,TOR,INT,1,3,-1,0.0,3.0,7.0,3.4,1.57
2006,2006-12-23,ASC,CHI,1,0,1,3.0,0.0,3.0,2.87,2.5
2006,2006-12-23,CAT,SAM,0,2,-1,0.0,3.0,2.37,2.87,3.25
2006,2006-12-23,FIO,MES,1,2,-1,0.0,3.0,1.28,4.5,13.0
2006,2006-12-23,INT,ATA,2,2,0,1.0,1.0,1.25,5.0,13.0
2006,2006-12-23,LIVO,TOR,3,2,1,3.0,0.0,2.25,2.87,3.5
2006,2006-12-23,PAR,LAZ,0,3,-1,0.0,3.0,3.0,2.87,2.37
2006,2006-12-23,REG,EMP,1,2,-1,0.0,3.0,2.2,2.87,3.6
2006,2006-12-23,ROM,CAG,1,0,1,3.0,0.0,1.25,5.0,13.0
2006,2006-12-23,SIE,PAL,2,1,1,3.0,0.0,3.4,3.0,2.2
2006,2006-12-23,UDI,MIL,3,1,1,3.0,0.0,3.4,3.0,2.2
2006,2006-12-20,ATA,UDI,2,1,1,3.0,0.0,2.25,2.87,3.5
2006,2006-12-20,CAG,FIO,1,0,1,3.0,0.0,3.2,2.9,2.37
2006,2006-12-20,CHI,REG,1,2,-1,0.0,3.0,2.05,2.9,4.0
2006,2006-12-20,EMP,SIE,2,1,1,3.0,0.0,2.1,2.9,3.8
2006,2006-12-20,LAZ,INT,3,1,1,3.0,0.0,4.0,3.0,2.0
2006,2006-12-20,MES,PAR,2,2,0,1.0,1.0,2.2,2.87,3.6
2006,2006-12-20,MIL,CAT,1,1,0,1.0,1.0,1.33,4.33,10.0
2006,2006-12-20,PAL,ASC,4,1,1,3.0,0.0,1.25,5.0,13.0
2006,2006-12-20,SAM,LIVO,1,0,1,3.0,0.0,2.0,3.0,4.0
2006,2006-12-20,TOR,ROM,0,2,-1,0.0,3.0,4.5,3.25,1.83
2006,2006-12-17,ASC,TOR,3,2,1,3.0,0.0,3.0,2.75,2.6
2006,2006-12-17,INT,MES,2,2,0,1.0,1.0,1.14,6.5,21.0
2006,2006-12-17,LIVO,LAZ,1,0,1,3.0,0.0,2.6,3.1,2.7
2006,2006-12-17,PAR,CHI,2,3,-1,0.0,3.0,2.2,3.0,3.4
2006,2006-12-17,REG,SAM,1,2,-1,0.0,3.0,2.3,2.87,3.4
2006,2006-12-17,ROM,PAL,3,0,1,3.0,0.0,1.9,3.25,4.0
2006,2006-12-17,SIE,ATA,1,1,0,1.0,1.0,2.3,2.87,3.4
2006,2006-12-16,FIO,MIL,1,0,1,3.0,0.0,2.5,2.87,3.0
2006,2006-12-16,UDI,CAG,1,2,-1,0.0,3.0,2.0,2.8,4.5
2006,2006-12-10,ATA,MES,2,3,-1,0.0,3.0,1.72,3.3,5.0
2006,2006-12-10,CAG,PAR,2,2,0,1.0,1.0,1.9,3.0,4.5
2006,2006-12-10,CAT,UDI,1,0,1,3.0,0.0,2.5,2.87,3.0
2006,2006-12-10,CHI,FIO,1,2,-1,0.0,3.0,3.25,3.0,2.3
2006,2006-12-10,EMP,INT,1,2,-1,0.0,3.0,7.0,3.4,1.57
2006,2006-12-10,LAZ,ROM,2,0,1,3.0,0.0,3.2,2.87,2.4
2006,2006-12-10,MIL,TOR,1,1,0,1.0,1.0,1.36,4.0,11.0
2006,2006-12-10,SAM,SIE,2,0,1,3.0,0.0,1.9,3.1,4.33
2006,2006-12-09,PAL,LIVO,1,0,1,3.0,0.0,1.57,3.5,6.5
2006,2006-12-09,REG,ASC,1,3,-1,0.0,3.0,1.72,3.1,5.5
2006,2006-12-03,ASC,CAT,0,1,-1,0.0,3.0,2.4,2.87,3.2
2006,2006-12-03,CAG,MIL,2,1,1,3.0,0.0,5.0,3.0,1.83
2006,2006-12-03,FIO,LAZ,1,1,0,1.0,1.0,1.9,3.25,4.0
2006,2006-12-03,LIVO,CHI,3,2,1,3.0,0.0,1.9,3.1,4.33
2006,2006-12-03,MES,SAM,1,3,-1,0.0,3.0,2.37,2.9,3.2
2006,2006-12-03,PAR,PAL,0,0,0,1.0,1.0,4.33,2.87,2.0
2006,2006-12-03,TOR,EMP,2,2,0,1.0,1.0,2.1,2.8,4.0
2006,2006-12-03,UDI,REG,0,0,0,1.0,1.0,1.83,3.0,5.0
2006,2006-12-02,INT,SIE,0,1,-1,0.0,3.0,1.22,5.5,13.0
2006,2006-12-02,ROM,ATA,1,1,0,1.0,1.0,1.33,4.5,9.5
2006,2006-11-26,ATA,TOR,0,0,0,1.0,1.0,2.0,2.8,4.0
2006,2006-11-26,CAT,PAR,2,0,1,3.0,0.0,2.1,2.8,4.0
2006,2006-11-26,EMP,CAG,0,1,-1,0.0,3.0,2.37,2.87,3.25
2006,2006-11-26,LAZ,ASC,2,2,0,1.0,1.0,1.44,3.75,8.5
2006,2006-11-26,PAL,INT,0,0,0,1.0,1.0,3.2,2.75,2.5
2006,2006-11-26,REG,LIVO,3,1,1,3.0,0.0,2.3,2.8,3.5
2006,2006-11-26,SAM,ROM,2,0,1,3.0,0.0,3.6,2.87,2.2
2006,2006-11-26,SIE,FIO,1,4,-1,0.0,3.0,3.5,2.8,2.3
2006,2006-11-25,CHI,UDI,2,2,0,1.0,1.0,3.0,2.87,2.5
2006,2006-11-25,MIL,MES,1,0,1,3.0,0.0,1.25,5.0,13.0
2006,2006-11-19,ASC,FIO,1,2,-1,0.0,3.0,5.0,3.3,1.72
2006,2006-11-19,CHI,ATA,1,0,1,3.0,0.0,2.37,2.87,3.25
2006,2006-11-19,INT,REG,2,5,-1,0.0,3.0,1.2,5.5,17.0
2006,2006-11-19,LIVO,PAR,1,0,1,3.0,0.0,1.9,3.1,4.33
2006,2006-11-19,MES,LAZ,2,1,1,3.0,0.0,2.7,2.8,2.87
2006,2006-11-19,ROM,CAT,2,5,-1,0.0,3.0,1.3,4.5,12.0
2006,2006-11-19,TOR,SAM,1,0,1,3.0,0.0,2.5,2.87,3.0
2006,2006-11-19,UDI,SIE,4,1,1,3.0,0.0,2.1,3.0,3.75
2006,2006-11-18,CAG,PAL,1,0,1,3.0,0.0,3.5,2.87,2.25
2006,2006-11-18,EMP,MIL,2,0,1,3.0,0.0,5.5,3.4,1.66
2006,2006-11-12,ASC,EMP,2,0,1,3.0,0.0,2.4,2.8,3.3
2006,2006-11-12,CAT,LIVO,0,0,0,1.0,1.0,2.4,2.8,3.3
2006,2006-11-12,LAZ,UDI,3,0,1,3.0,0.0,2.3,2.87,3.4
2006,2006-11-12,MES,CAG,2,2,0,1.0,1.0,2.25,2.8,3.6
2006,2006-11-12,PAL,TOR,0,3,-1,0.0,3.0,1.44,4.0,7.5
2006,2006-11-12,PAR,INT,2,0,1,3.0,0.0,6.5,3.5,1.57
2006,2006-11-12,SAM,CHI,4,2,1,3.0,0.0,1.83,3.25,4.5
2006,2006-11-12,SIE,REG,0,2,-1,0.0,3.0,2.1,2.8,4.0
2006,2006-11-11,FIO,ATA,2,2,0,1.0,1.0,1.66,3.4,5.5
2006,2006-11-11,MIL,ROM,2,2,0,1.0,1.0,2.0,3.0,4.0
2006,2006-11-05,ATA,MIL,3,2,1,3.0,0.0,6.0,3.2,1.66
2006,2006-11-05,CHI,CAG,0,1,-1,0.0,3.0,2.2,2.8,3.75
2006,2006-11-05,EMP,LAZ,3,3,0,1.0,1.0,2.37,2.87,3.25
2006,2006-11-05,INT,ASC,2,0,1,3.0,0.0,1.14,6.5,21.0
2006,2006-11-05,LIVO,UDI,3,0,1,3.0,0.0,2.6,2.75,3.0
2006,2006-11-05,PAL,SAM,2,1,1,3.0,0.0,1.66,3.25,6.0
2006,2006-11-05,ROM,FIO,3,1,1,3.0,0.0,2.0,3.0,4.0
2006,2006-11-05,TOR,MES,1,2,-1,0.0,3.0,2.1,2.8,4.0
2006,2006-11-04,REG,CAT,1,1,0,1.0,1.0,2.0,2.87,4.33
2006,2006-11-04,SIE,PAR,3,0,1,3.0,0.0,1.9,3.0,4.5
2006,2006-10-29,ASC,SIE,1,2,-1,0.0,3.0,2.37,2.87,3.25
2006,2006-10-29,CAG,SAM,3,0,1,3.0,0.0,2.4,2.87,3.2
2006,2006-10-29,CAT,TOR,1,0,1,3.0,0.0,2.5,2.87,3.0
2006,2006-10-29,FIO,PAL,4,1,1,3.0,0.0,2.0,3.0,4.0
2006,2006-10-29,LAZ,REG,1,2,-1,0.0,3.0,1.72,3.3,5.0
2006,2006-10-29,LIVO,EMP,2,1,1,3.0,0.0,2.0,3.0,4.0
2006,2006-10-29,MES,CHI,2,1,1,3.0,0.0,2.2,2.8,3.75
2006,2006-10-29,PAR,ATA,0,1,-1,0.0,3.0,2.25,2.87,3.5
2006,2006-10-28,MIL,INT,1,1,0,1.0,1.0,2.6,2.8,3.0
2006,2006-10-28,UDI,ROM,3,2,1,3.0,0.0,2.6,2.8,3.0
2006,2006-10-25,ATA,CAG,2,2,0,1.0,1.0,2.0,2.87,4.33
2006,2006-10-25,CHI,MIL,1,1,0,1.0,1.0,6.5,3.5,1.57
2006,2006-10-25,EMP,UDI,1,0,1,3.0,0.0,2.87,2.87,2.6
2006,2006-10-25,INT,LIVO,2,1,1,3.0,0.0,1.28,4.5,13.0
2006,2006-10-25,PAL,MES,0,3,-1,0.0,3.0,1.5,3.75,7.0
2006,2006-10-25,REG,PAR,1,0,1,3.0,0.0,2.1,3.0,3.75
2006,2006-10-25,ROM,ASC,2,1,1,3.0,0.0,1.25,5.0,13.0
2006,2006-10-25,SAM,LAZ,4,0,1,3.0,0.0,2.2,3.0,3.4
2006,2006-10-25,SIE,CAT,3,0,1,3.0,0.0,1.9,3.0,4.5
2006,2006-10-25,TOR,FIO,0,0,0,1.0,1.0,3.4,2.87,2.3
2006,2006-10-22,ATA,SAM,1,2,-1,0.0,3.0,2.37,2.87,3.25
2006,2006-10-22,CAT,LAZ,1,1,0,1.0,1.0,3.4,2.87,2.3
2006,2006-10-22,FIO,REG,1,0,1,3.0,0.0,1.4,4.0,9.0
2006,2006-10-22,LIVO,SIE,1,2,-1,0.0,3.0,1.9,3.1,4.33
2006,2006-10-22,MIL,PAL,2,1,1,3.0,0.0,1.5,3.6,7.5
2006,2006-10-22,PAR,ASC,1,1,0,1.0,1.0,2.0,3.0,4.0
2006,2006-10-22,ROM,CHI,0,0,0,1.0,1.0,1.36,4.33,9.0
2006,2006-10-22,UDI,INT,0,0,0,1.0,1.0,3.75,3.0,2.1
2006,2006-10-21,CAG,TOR,4,0,1,3.0,0.0,2.1,3.0,3.75
2006,2006-10-21,MES,EMP,0,1,-1,0.0,3.0,2.37,2.75,3.4
2006,2006-10-15,ASC,LIVO,1,1,0,1.0,1.0,2.5,2.8,3.1
2006,2006-10-15,EMP,FIO,1,0,1,3.0,0.0,3.2,2.87,2.4
2006,2006-10-15,INT,CAT,2,1,1,3.0,0.0,1.2,5.5,17.0
2006,2006-10-15,LAZ,CAG,5,1,1,3.0,0.0,1.61,3.4,6.0
2006,2006-10-15,PAL,ATA,1,0,1,3.0,0.0,1.57,3.6,6.0
2006,2006-10-15,PAR,UDI,1,1,0,1.0,1.0,2.87,2.87,2.6
2006,2006-10-15,REG,ROM,1,3,-1,0.0,3.0,5.0,3.4,1.72
2006,2006-10-15,TOR,CHI,1,0,1,3.0,0.0,2.3,2.87,3.4
2006,2006-10-14,SAM,MIL,1,0,1,3.0,0.0,4.75,3.2,1.8
2006,2006-10-14,SIE,MES,1,3,-1,0.0,3.0,2.0,2.87,4.33
2006,2006-10-01,CAG,INT,0,0,0,1.0,1.0,6.0,3.4,1.61
2006,2006-10-01,CHI,PAL,0,1,-1,0.0,3.0,2.75,2.87,2.75
2006,2006-10-01,FIO,CAT,2,1,1,3.0,0.0,1.4,4.0,9.0
2006,2006-10-01,MES,LIVO,2,2,0,1.0,1.0,2.3,2.87,3.4
2006,2006-10-01,MIL,SIE,3,0,1,3.0,0.0,1.22,5.5,13.0
2006,2006-10-01,ROM,EMP,2,1,1,3.0,0.0,1.36,4.33,9.0
2006,2006-10-01,SAM,PAR,1,1,0,1.0,1.0,1.8,3.2,4.75
2006,2006-10-01,UDI,ASC,2,0,1,3.0,0.0,1.57,3.4,7.0
2006,2006-09-30,ATA,REG,0,2,-1,0.0,3.0,1.9,3.1,4.33
2006,2006-09-30,TOR,LAZ,0,1,-1,0.0,3.0,2.5,2.87,3.0
2006,2006-09-24,ASC,SAM,0,2,-1,0.0,3.0,2.37,2.87,2.87
2006,2006-09-24,EMP,PAL,1,0,1,3.0,0.0,3.1,3.0,2.4
2006,2006-09-24,INT,CHI,3,0,1,3.0,0.0,1.22,5.5,13.0
2006,2006-09-24,LAZ,ATA,3,4,-1,0.0,3.0,1.7,3.25,4.5
2006,2006-09-24,PAR,ROM,2,2,0,1.0,1.0,4.0,3.1,2.0
2006,2006-09-24,REG,TOR,3,1,1,3.0,0.0,2.2,3.1,3.4
2006,2006-09-24,SIE,CAG,0,0,0,1.0,1.0,2.05,3.1,3.75
2006,2006-09-24,UDI,FIO,0,1,-1,0.0,3.0,2.37,2.9,3.2
2006,2006-09-23,CAT,MES,0,1,-1,0.0,3.0,2.3,2.87,3.4
2006,2006-09-23,LIVO,MIL,1,2,-1,0.0,3.0,6.0,3.4,1.61
2006,2006-09-20,ATA,EMP,0,1,-1,0.0,3.0,2.0,3.0,4.0
2006,2006-09-20,CAG,LIVO,0,1,-1,0.0,3.0,2.25,2.87,3.5
2006,2006-09-20,CHI,LAZ,1,1,0,1.0,1.0,2.5,2.87,3.0
2006,2006-09-20,FIO,PAR,0,1,-1,0.0,3.0,1.5,3.75,7.0
2006,2006-09-20,MES,REG,1,2,-1,0.0,3.0,2.1,3.0,3.75
2006,2006-09-20,MIL,ASC,0,0,0,1.0,1.0,1.16,6.0,19.0
2006,2006-09-20,PAL,CAT,4,1,1,3.0,0.0,1.57,3.4,7.0
2006,2006-09-20,ROM,INT,2,0,1,3.0,0.0,2.6,2.87,2.87
2006,2006-09-20,SAM,UDI,2,1,1,3.0,0.0,2.1,3.0,3.75
2006,2006-09-20,TOR,SIE,3,1,1,3.0,0.0,2.0,3.0,4.0
2006,2006-09-17,ASC,MES,2,0,1,3.0,0.0,2.25,3.0,3.3
2006,2006-09-17,CAT,ATA,0,0,0,1.0,1.0,2.25,3.0,3.3
2006,2006-09-17,EMP,CHI,2,1,1,3.0,0.0,2.2,3.0,3.4
2006,2006-09-17,LAZ,PAL,2,2,0,1.0,1.0,2.0,3.1,3.8
2006,2006-09-17,LIVO,FIO,0,2,-1,0.0,3.0,3.25,3.0,2.3
2006,2006-09-17,PAR,MIL,3,1,1,3.0,0.0,6.0,3.8,1.53
2006,2006-09-17,SIE,ROM,2,3,-1,0.0,3.0,4.0,3.25,1.9
2006,2006-09-17,UDI,TOR,3,0,1,3.0,0.0,2.0,3.1,4.0
2006,2006-09-16,INT,SAM,2,1,1,3.0,0.0,1.28,4.75,11.0
2006,2006-09-16,REG,CAG,0,0,0,1.0,1.0,2.25,3.1,3.2
2006,2006-09-10,ATA,ASC,1,1,0,1.0,1.0,1.83,3.0,5.0
2006,2006-09-10,CAG,CAT,2,2,0,1.0,1.0,1.72,3.1,5.5
2006,2006-09-10,CHI,SIE,3,0,1,3.0,0.0,1.72,3.1,5.5
2006,2006-09-10,MES,UDI,1,1,0,1.0,1.0,2.8,3.0,2.6
2006,2006-09-10,MIL,LAZ,1,3,-1,0.0,3.0,1.44,3.75,8.5
2006,2006-09-10,PAL,REG,2,0,1,3.0,0.0,1.44,3.75,8.5
2006,2006-09-10,SAM,EMP,0,2,-1,0.0,3.0,1.57,3.4,7.0
2006,2006-09-10,TOR,PAR,1,0,1,3.0,0.0,2.0,3.2,3.75
2006,2006-09-09,FIO,INT,1,1,0,1.0,1.0,3.25,3.0,2.3
2006,2006-09-09,ROM,LIVO,2,0,1,3.0,0.0,1.44,3.75,8.5
2005,2006-05-14,CAG,INT,2,1,1,3.0,0.0,2.62,2.87,2.6
2005,2006-05-14,CHI,FIO,2,0,1,3.0,0.0,8.5,3.25,1.44
2005,2006-05-14,EMP,ASC,1,2,-1,0.0,3.0,1.8,2.7,5.0
2005,2006-05-14,LAZ,PAR,1,3,-1,0.0,3.0,1.8,2.7,5.0
2005,2006-05-14,MIL,ROM,2,0,1,3.0,0.0,1.61,3.6,4.5
2005,2006-05-14,PAL,MES,1,0,1,3.0,0.0,1.36,3.8,8.0
2005,2006-05-14,REG,JUV,2,0,1,3.0,0.0,15.0,5.0,1.18
2005,2006-05-14,SAM,LEC,3,2,1,3.0,0.0,1.57,2.87,7.0
2005,2006-05-14,SIE,LIVO,2,1,1,3.0,0.0,2.3,2.25,4.2
2005,2006-05-14,TRE,UDI,4,2,1,3.0,0.0,3.8,2.3,2.4
2005,2006-05-07,ASC,LAZ,3,2,1,3.0,0.0,2.87,2.5,3.0
2005,2006-05-07,FIO,REG,1,0,1,3.0,0.0,1.12,7.0,21.0
2005,2006-05-07,INT,SIE,1,3,-1,0.0,3.0,1.4,4.0,9.0
2005,2006-05-07,JUV,PAL,4,0,1,3.0,0.0,1.14,6.5,21.0
2005,2006-05-07,LEC,CHI,1,1,0,1.0,1.0,5.5,3.1,1.72
2005,2006-05-07,LIVO,SAM,1,1,0,1.0,1.0,2.4,2.4,4.0
2005,2006-05-07,MES,EMP,3,1,1,3.0,0.0,2.37,2.75,3.4
2005,2006-05-07,PAR,MIL,2,1,1,3.0,0.0,9.0,5.0,1.3
2005,2006-05-07,ROM,TRE,1,1,0,1.0,1.0,1.1,8.0,26.0
2005,2006-05-07,UDI,CAG,2,3,-1,0.0,3.0,1.72,3.0,6.0
2005,2006-04-30,CAG,PAR,3,1,1,3.0,0.0,1.44,4.0,7.5
2005,2006-04-30,CHI,ROM,1,2,-1,0.0,3.0,3.25,3.2,2.2
2005,2006-04-30,EMP,INT,2,1,1,3.0,0.0,5.0,3.3,1.72
2005,2006-04-30,LAZ,LEC,2,1,1,3.0,0.0,1.2,5.5,17.0
2005,2006-04-30,MIL,LIVO,3,1,1,3.0,0.0,1.2,5.5,17.0
2005,2006-04-30,PAL,FIO,1,2,-1,0.0,3.0,3.75,3.2,2.0
2005,2006-04-30,REG,MES,0,1,-1,0.0,3.0,1.9,3.25,4.0
2005,2006-04-30,SAM,UDI,1,1,0,1.0,1.0,3.1,1.66,5.0
2005,2006-04-30,SIE,JUV,0,0,0,1.0,1.0,9.0,4.0,1.4
2005,2006-04-30,TRE,ASC,2,1,1,3.0,0.0,3.75,2.2,2.5
2005,2006-04-22,ASC,CAG,4,0,1,3.0,0.0,2.5,2.1,4.0
2005,2006-04-22,FIO,EMP,0,1,-1,0.0,3.0,1.25,5.0,8.0
2005,2006-04-22,INT,REG,0,0,0,1.0,1.0,1.25,5.0,8.0
2005,2006-04-22,JUV,LAZ,2,1,1,3.0,0.0,1.61,3.4,5.0
2005,2006-04-22,LEC,TRE,1,2,-1,0.0,3.0,1.61,3.4,5.0
2005,2006-04-22,LIVO,PAL,1,0,1,3.0,0.0,3.0,3.0,2.25
2005,2006-04-22,MES,MIL,1,3,-1,0.0,3.0,3.5,3.25,1.9
2005,2006-04-22,PAR,SIE,1,1,0,1.0,1.0,2.4,2.1,4.33
2005,2006-04-22,ROM,SAM,0,1,-1,0.0,3.0,1.33,4.5,6.5
2005,2006-04-22,UDI,CHI,1,0,1,3.0,0.0,2.4,2.0,4.75
2005,2006-04-15,CAG,JUV,2,2,0,1.0,1.0,4.33,2.87,2.0
2005,2006-04-15,CHI,MES,2,1,1,3.0,0.0,1.9,3.25,4.0
2005,2006-04-15,EMP,SIE,4,0,1,3.0,0.0,,,
2005,2006-04-15,LAZ,LIVO,1,0,1,3.0,0.0,1.57,3.5,6.5
2005,2006-04-15,LEC,UDI,1,1,0,1.0,1.0,3.2,3.1,2.25
2005,2006-04-15,PAL,ROM,2,1,1,3.0,0.0,3.1,3.1,2.3
2005,2006-04-15,REG,ASC,0,3,-1,0.0,3.0,1.9,2.8,5.0
2005,2006-04-15,SAM,PAR,1,0,1,3.0,0.0,1.9,2.5,5.5
2005,2006-04-15,TRE,FIO,3,1,1,3.0,0.0,10.0,5.0,1.28
2005,2006-04-14,MIL,INT,3,0,1,3.0,0.0,2.4,3.0,3.1
2005,2006-04-09,CAG,PAL,0,1,-1,0.0,3.0,2.25,2.8,3.6
2005,2006-04-09,EMP,SAM,1,2,-1,0.0,3.0,2.4,2.7,3.4
2005,2006-04-09,JUV,FIO,1,0,1,3.0,0.0,1.72,3.3,5.0
2005,2006-04-09,MES,TRE,1,0,1,3.0,0.0,1.25,4.75,9.0
2005,2006-04-09,MIL,CHI,1,0,1,3.0,0.0,1.33,4.5,9.5
2005,2006-04-09,PAR,REG,1,1,0,1.0,1.0,,,
2005,2006-04-09,ROM,LEC,2,1,1,3.0,0.0,1.33,4.5,9.5
2005,2006-04-09,SIE,LAZ,2,0,1,3.0,0.0,2.8,2.2,3.2
2005,2006-04-08,ASC,INT,0,3,-1,0.0,3.0,4.75,3.2,1.8
2005,2006-04-08,LIVO,UDI,1,2,-1,0.0,3.0,2.62,2.62,3.2
2005,2006-04-02,CHI,LIVO,0,1,-1,0.0,3.0,2.0,2.87,4.33
2005,2006-04-02,FIO,ROM,2,1,1,3.0,0.0,2.3,3.0,3.25
2005,2006-04-02,LAZ,EMP,1,2,-1,0.0,3.0,1.61,3.4,6.0
2005,2006-04-02,PAL,ASC,2,1,1,3.0,0.0,1.66,3.4,5.5
2005,2006-04-02,REG,SIE,3,0,1,3.0,0.0,2.3,2.25,4.33
2005,2006-04-02,SAM,CAG,2,3,-1,0.0,3.0,2.1,2.8,4.0
2005,2006-04-02,UDI,PAR,4,0,1,3.0,0.0,1.83,3.1,4.75
2005,2006-04-01,INT,MES,2,0,1,3.0,0.0,1.33,4.5,9.5
2005,2006-04-01,LEC,MIL,2,1,1,3.0,0.0,6.5,3.6,1.53
2005,2006-04-01,TRE,JUV,1,1,0,1.0,1.0,7.5,4.33,1.4
2005,2006-03-26,ASC,CHI,1,1,0,1.0,1.0,2.37,2.75,3.4
2005,2006-03-26,CAG,REG,0,0,0,1.0,1.0,1.9,3.0,4.5
2005,2006-03-26,EMP,LIVO,1,1,0,1.0,1.0,2.4,2.87,3.2
2005,2006-03-26,LAZ,SAM,2,2,0,1.0,1.0,1.9,3.0,4.5
2005,2006-03-26,MES,UDI,0,2,-1,0.0,3.0,2.3,2.87,3.4
2005,2006-03-26,PAL,TRE,1,0,1,3.0,0.0,1.33,4.5,9.5
2005,2006-03-26,SIE,LEC,0,2,-1,0.0,3.0,1.57,3.4,5.5
2005,2006-03-25,JUV,ROM,1,0,1,3.0,0.0,1.72,3.1,5.5
2005,2006-03-25,MIL,FIO,3,1,1,3.0,0.0,1.61,3.4,6.0
2005,2006-03-25,PAR,INT,2,0,1,3.0,0.0,4.75,3.1,1.83
2005,2006-03-22,CAG,FIO,1,0,1,3.0,0.0,2.87,2.3,3.0
2005,2006-03-19,CHI,SIE,1,2,-1,0.0,3.0,2.0,2.87,4.33
2005,2006-03-19,FIO,ASC,0,0,0,1.0,1.0,1.44,3.75,8.5
2005,2006-03-19,INT,LAZ,1,1,0,1.0,1.0,1.5,3.6,7.5
2005,2006-03-19,LEC,PAR,1,0,1,3.0,0.0,2.4,3.0,3.0
2005,2006-03-19,REG,EMP,0,2,-1,0.0,3.0,2.0,3.0,4.0
2005,2006-03-19,ROM,MES,2,1,1,3.0,0.0,1.5,3.6,7.5
2005,2006-03-19,SAM,PAL,2,2,0,1.0,1.0,2.0,3.0,4.0
2005,2006-03-19,UDI,MIL,1,2,-1,0.0,3.0,5.5,3.4,1.66
2005,2006-03-18,LIVO,JUV,0,3,-1,0.0,3.0,5.0,3.0,1.83
2005,2006-03-18,TRE,CAG,1,2,-1,0.0,3.0,3.25,3.0,2.3
2005,2006-03-12,ASC,ROM,1,1,0,1.0,1.0,4.0,3.0,2.0
2005,2006-03-12,EMP,CHI,2,1,1,3.0,0.0,2.75,2.87,2.75
2005,2006-03-12,JUV,MIL,2,0,1,3.0,0.0,2.3,2.75,3.6
2005,2006-03-12,LAZ,REG,3,0,1,3.0,0.0,1.66,3.2,6.0
2005,2006-03-12,MES,LEC,2,2,0,1.0,1.0,1.9,3.0,4.5
2005,2006-03-12,PAL,UDI,2,1,1,3.0,0.0,1.9,3.0,4.5
2005,2006-03-12,PAR,LIVO,1,1,0,1.0,1.0,2.3,2.87,3.4
2005,2006-03-11,INT,SAM,0,2,-1,0.0,3.0,1.44,4.0,7.5
2005,2006-03-11,SIE,TRE,4,2,1,3.0,0.0,1.66,3.2,6.0
2005,2006-03-05,CHI,LAZ,3,2,1,3.0,0.0,2.3,2.87,3.4
2005,2006-03-05,FIO,SIE,1,1,0,1.0,1.0,1.53,3.75,6.5
2005,2006-03-05,LEC,PAL,1,0,1,3.0,0.0,3.1,3.0,2.4
2005,2006-03-05,LIVO,CAG,0,0,0,1.0,1.0,1.72,3.2,5.5
2005,2006-03-05,MES,PAR,1,1,0,1.0,1.0,2.2,2.9,3.6
2005,2006-03-05,ROM,INT,0,0,0,1.0,1.0,2.6,3.0,2.8
2005,2006-03-05,TRE,REG,2,1,1,3.0,0.0,2.5,3.0,2.9
2005,2006-03-05,UDI,ASC,2,0,1,3.0,0.0,1.8,3.2,4.75
2005,2006-03-04,MIL,EMP,2,0,1,3.0,0.0,1.2,5.5,17.0
2005,2006-03-04,SAM,JUV,4,3,1,3.0,0.0,4.1,3.0,2.0
2005,2006-02-26,ASC,MES,1,0,1,3.0,0.0,2.1,2.8,4.0
2005,2006-02-26,CAG,CHI,0,0,0,1.0,1.0,2.4,2.87,3.2
2005,2006-02-26,EMP,TRE,2,0,1,3.0,0.0,1.83,3.0,5.0
2005,2006-02-26,INT,UDI,0,1,-1,0.0,3.0,1.36,4.33,9.0
2005,2006-02-26,JUV,LEC,2,0,1,3.0,0.0,1.16,6.5,15.0
2005,2006-02-26,LAZ,ROM,0,0,0,1.0,1.0,2.6,2.87,2.87
2005,2006-02-26,PAL,MIL,0,0,0,1.0,1.0,4.0,2.8,2.1
2005,2006-02-26,SIE,SAM,2,4,-1,0.0,3.0,2.6,2.87,2.87
2005,2006-02-25,PAR,FIO,0,0,0,1.0,1.0,3.0,2.87,2.5
2005,2006-02-25,REG,LIVO,0,0,0,1.0,1.0,2.5,2.87,3.0
2005,2006-02-19,CHI,PAL,3,1,1,3.0,0.0,2.2,2.87,3.6
2005,2006-02-19,FIO,LAZ,1,0,1,3.0,0.0,1.66,3.2,6.0
2005,2006-02-19,LEC,REG,0,0,0,1.0,1.0,2.37,3.0,3.1
2005,2006-02-19,ROM,EMP,2,1,1,3.0,0.0,1.33,4.5,9.5
2005,2006-02-19,SAM,ASC,0,0,0,1.0,1.0,1.66,3.2,6.0
2005,2006-02-19,TRE,PAR,3,1,1,3.0,0.0,2.6,2.87,2.87
2005,2006-02-19,UDI,SIE,0,1,-1,0.0,3.0,1.83,3.1,4.75
2005,2006-02-18,LIVO,INT,3,1,1,3.0,0.0,4.0,3.2,1.9
2005,2006-02-18,MES,JUV,2,2,0,1.0,1.0,7.0,3.4,1.57
2005,2006-02-18,MIL,CAG,1,3,-1,0.0,3.0,1.22,5.5,13.0
2005,2006-02-12,CAG,LEC,1,0,1,3.0,0.0,1.61,3.4,6.0
2005,2006-02-12,EMP,PAL,2,0,1,3.0,0.0,2.87,2.87,2.6
2005,2006-02-12,INT,JUV,1,1,0,1.0,1.0,2.5,2.75,3.2
2005,2006-02-12,LIVO,FIO,1,0,1,3.0,0.0,2.87,3.0,2.5
2005,2006-02-12,PAR,ASC,2,0,1,3.0,0.0,1.9,3.0,4.5
2005,2006-02-12,REG,MIL,0,1,-1,0.0,3.0,6.0,3.2,1.66
2005,2006-02-12,SAM,MES,2,1,1,3.0,0.0,1.72,3.1,5.5
2005,2006-02-12,SIE,ROM,1,3,-1,0.0,3.0,3.75,3.0,2.1
2005,2006-02-11,LAZ,UDI,1,1,0,1.0,1.0,1.9,3.0,4.5
2005,2006-02-11,TRE,CHI,2,3,-1,0.0,3.0,3.0,2.87,2.5
2005,2006-02-08,ASC,LIVO,2,0,1,3.0,0.0,2.4,2.87,3.2
2005,2006-02-08,CHI,SAM,2,1,1,3.0,0.0,2.3,3.0,3.25
2005,2006-02-08,FIO,INT,2,0,1,3.0,0.0,3.0,3.0,2.4
2005,2006-02-08,JUV,PAR,3,2,1,3.0,0.0,1.16,6.5,15.0
2005,2006-02-08,LEC,EMP,3,2,1,3.0,0.0,2.1,3.0,3.75
2005,2006-02-08,MES,SIE,0,2,-1,0.0,3.0,2.1,3.0,3.75
2005,2006-02-08,MIL,TRE,2,1,1,3.0,0.0,1.16,6.0,19.0
2005,2006-02-08,PAL,LAZ,1,0,1,3.0,0.0,2.2,2.87,3.6
2005,2006-02-08,ROM,CAG,2,0,1,3.0,0.0,1.4,4.33,7.5
2005,2006-02-08,UDI,REG,3,1,1,3.0,0.0,1.72,3.1,5.5
2005,2006-02-05,CAG,EMP,1,0,1,3.0,0.0,1.8,3.2,4.75
2005,2006-02-05,FIO,LEC,0,0,0,1.0,1.0,1.3,4.5,12.0
2005,2006-02-05,INT,CHI,0,1,-1,0.0,3.0,1.33,4.33,10.0
2005,2006-02-05,JUV,UDI,2,2,0,1.0,1.0,1.25,5.0,13.0
2005,2006-02-05,LAZ,MIL,2,1,1,3.0,0.0,3.6,3.1,2.1
2005,2006-02-05,LIVO,MES,1,2,-1,0.0,3.0,1.83,3.0,5.0
2005,2006-02-05,REG,PAL,1,2,-1,0.0,3.0,2.5,2.87,3.0
2005,2006-02-05,SAM,TRE,2,0,1,3.0,0.0,1.44,4.0,7.5
2005,2006-02-04,PAR,ROM,2,3,-1,0.0,3.0,3.6,3.1,2.1
2005,2006-02-04,SIE,ASC,2,1,1,3.0,0.0,1.9,3.0,4.5
2005,2006-01-29,ASC,JUV,1,0,1,3.0,0.0,7.0,3.6,1.44
2005,2006-01-29,CHI,REG,1,2,-1,0.0,3.0,1.72,3.0,5.0
2005,2006-01-29,EMP,PAR,1,0,1,3.0,0.0,2.1,3.0,3.25
2005,2006-01-29,LEC,INT,1,1,0,1.0,1.0,7.0,3.75,1.4
2005,2006-01-29,MES,CAG,1,0,1,3.0,0.0,2.0,3.0,3.5
2005,2006-01-29,ROM,LIVO,1,2,-1,0.0,3.0,1.61,3.4,5.0
2005,2006-01-29,TRE,LAZ,1,1,0,1.0,1.0,2.6,2.87,2.6
2005,2006-01-29,UDI,FIO,2,0,1,3.0,0.0,2.87,3.0,2.3
2005,2006-01-28,MIL,SAM,3,1,1,3.0,0.0,1.36,3.75,9.0
2005,2006-01-28,PAL,SIE,1,0,1,3.0,0.0,1.66,3.2,5.0
2005,2006-01-22,ASC,LEC,0,2,-1,0.0,3.0,1.83,3.1,4.75
2005,2006-01-22,FIO,MES,1,1,0,1.0,1.0,1.44,4.0,7.5
2005,2006-01-22,JUV,EMP,1,0,1,3.0,0.0,1.14,6.5,21.0
2005,2006-01-22,LIVO,TRE,2,1,1,3.0,0.0,1.57,3.4,7.0
2005,2006-01-22,PAR,CHI,3,0,1,3.0,0.0,2.5,2.87,3.0
2005,2006-01-22,REG,SAM,0,0,0,1.0,1.0,2.75,2.87,2.75
2005,2006-01-22,SIE,MIL,1,3,-1,0.0,3.0,7.0,3.4,1.57
2005,2006-01-22,UDI,ROM,1,0,1,3.0,0.0,2.75,2.87,2.75
2005,2006-01-21,INT,PAL,1,1,0,1.0,1.0,1.36,4.33,9.0
2005,2006-01-21,LAZ,CAG,0,0,0,1.0,1.0,1.61,3.4,6.0
2005,2006-01-18,CAG,SIE,2,1,1,3.0,0.0,2.1,2.8,3.5
2005,2006-01-18,CHI,JUV,0,1,-1,0.0,3.0,5.0,3.2,1.66
2005,2006-01-18,EMP,UDI,2,1,1,3.0,0.0,2.4,2.9,2.8
2005,2006-01-18,LEC,LIVO,0,2,-1,0.0,3.0,2.6,2.87,2.6
2005,2006-01-18,MES,LAZ,1,1,0,1.0,1.0,2.5,2.87,2.75
2005,2006-01-18,MIL,ASC,1,1,0,1.0,1.0,1.16,5.5,13.0
2005,2006-01-18,PAL,PAR,3,2,1,3.0,0.0,1.72,3.2,4.5
2005,2006-01-18,ROM,REG,1,0,1,3.0,0.0,1.44,3.6,7.0
2005,2006-01-18,SAM,FIO,1,0,1,3.0,0.0,2.37,2.87,2.87
2005,2006-01-18,TRE,INT,2,1,1,3.0,0.0,7.0,3.2,1.4
2005,2006-01-15,ASC,EMP,1,2,-1,0.0,3.0,2.1,3.0,3.75
2005,2006-01-15,FIO,CHI,4,1,1,3.0,0.0,1.8,3.2,4.75
2005,2006-01-15,INT,CAG,1,0,1,3.0,0.0,1.2,5.5,17.0
2005,2006-01-15,JUV,REG,3,0,1,3.0,0.0,1.16,6.0,19.0
2005,2006-01-15,LIVO,SIE,2,1,1,3.0,0.0,1.72,3.3,5.0
2005,2006-01-15,PAR,LAZ,1,0,1,3.0,0.0,2.4,3.0,3.0
2005,2006-01-15,ROM,MIL,2,1,1,3.0,0.0,4.0,3.0,2.0
2005,2006-01-15,UDI,TRE,0,3,-1,0.0,3.0,1.61,3.4,6.0
2005,2006-01-14,LEC,SAM,1,2,-1,0.0,3.0,2.6,3.1,2.7
2005,2006-01-14,MES,PAL,1,0,1,3.0,0.0,2.6,3.0,2.8
2005,2006-01-08,CAG,UDI,0,1,-1,0.0,3.0,2.62,3.0,2.75
2005,2006-01-08,CHI,LEC,0,4,-1,0.0,3.0,1.72,3.2,5.5
2005,2006-01-08,EMP,MES,1,0,1,3.0,0.0,2.05,3.0,4.0
2005,2006-01-08,LAZ,ASC,3,2,1,3.0,0.0,1.57,3.5,6.5
2005,2006-01-08,MIL,PAR,5,0,1,3.0,0.0,1.18,6.0,15.0
2005,2006-01-08,SAM,LIVO,0,2,-1,0.0,3.0,2.0,3.1,4.0
2005,2006-01-08,SIE,INT,2,1,1,3.0,0.0,7.0,3.5,1.53
2005,2006-01-08,TRE,ROM,4,2,1,3.0,0.0,4.2,3.2,1.9
2005,2006-01-07,PAL,JUV,1,2,-1,0.0,3.0,5.5,3.4,1.66
2005,2006-01-07,REG,FIO,0,1,-1,0.0,3.0,3.75,3.2,2.0
2005,2005-12-21,ASC,TRE,0,0,0,1.0,1.0,2.1,2.8,4.0
2005,2005-12-21,FIO,PAL,1,2,-1,0.0,3.0,1.72,3.1,5.5
2005,2005-12-21,INT,EMP,3,0,1,3.0,0.0,1.14,6.0,17.0
2005,2005-12-21,JUV,SIE,1,1,0,1.0,1.0,1.16,6.0,19.0
2005,2005-12-21,LEC,LAZ,0,1,-1,0.0,3.0,2.6,3.1,2.7
2005,2005-12-21,LIVO,MIL,0,1,-1,0.0,3.0,4.33,3.1,1.9
2005,2005-12-21,MES,REG,3,1,1,3.0,0.0,2.0,3.0,4.0
2005,2005-12-21,PAR,CAG,2,2,0,1.0,1.0,2.0,3.0,4.0
2005,2005-12-21,ROM,CHI,5,1,1,3.0,0.0,1.9,3.1,4.33
2005,2005-12-21,UDI,SAM,0,0,0,1.0,1.0,2.4,3.0,3.0
2005,2005-12-18,CAG,ASC,0,0,0,1.0,1.0,1.83,3.0,5.0
2005,2005-12-18,CHI,UDI,1,1,0,1.0,1.0,2.3,3.0,3.2
2005,2005-12-18,EMP,FIO,2,0,1,3.0,0.0,4.0,3.1,2.0
2005,2005-12-18,MIL,MES,3,0,1,3.0,0.0,1.2,5.8,15.0
2005,2005-12-18,PAL,LIVO,2,2,0,1.0,1.0,1.95,3.0,4.33
2005,2005-12-18,REG,INT,1,0,1,3.0,0.0,6.0,3.4,1.61
2005,2005-12-18,SAM,ROM,2,3,-1,0.0,3.0,2.3,3.0,3.25
2005,2005-12-18,SIE,PAR,2,0,1,3.0,0.0,2.0,3.1,4.0
2005,2005-12-17,LAZ,JUV,1,2,-1,0.0,3.0,6.0,3.2,1.66
2005,2005-12-17,TRE,LEC,0,2,-1,0.0,3.0,2.5,3.0,2.9
2005,2005-12-11,ASC,REG,3,0,1,3.0,0.0,2.3,3.0,3.25
2005,2005-12-11,INT,MIL,0,1,-1,0.0,3.0,2.75,2.87,2.75
2005,2005-12-11,JUV,CAG,1,1,0,1.0,1.0,1.16,6.0,19.0
2005,2005-12-11,LIVO,LAZ,1,1,0,1.0,1.0,2.1,3.0,3.75
2005,2005-12-11,MES,CHI,0,0,0,1.0,1.0,2.6,2.87,2.9
2005,2005-12-11,PAR,SAM,1,0,1,3.0,0.0,3.1,3.1,2.3
2005,2005-12-11,ROM,PAL,4,0,1,3.0,0.0,1.9,3.1,4.33
2005,2005-12-11,UDI,LEC,0,2,-1,0.0,3.0,1.66,3.4,5.5
2005,2005-12-10,FIO,TRE,1,3,-1,0.0,3.0,1.28,5.0,10.0
2005,2005-12-10,SIE,EMP,0,1,-1,0.0,3.0,2.1,3.0,3.75
2005,2005-12-04,FIO,JUV,1,2,-1,0.0,3.0,2.87,3.0,2.3
2005,2005-12-04,LAZ,SIE,1,0,1,3.0,0.0,1.8,3.0,4.33
2005,2005-12-04,LEC,ROM,1,2,-1,0.0,3.0,3.25,3.0,2.1
2005,2005-12-04,PAL,CAG,4,0,1,3.0,0.0,1.61,3.25,5.5
2005,2005-12-04,REG,PAR,0,1,-1,0.0,3.0,1.9,3.0,3.8
2005,2005-12-04,SAM,EMP,1,2,-1,0.0,3.0,1.66,3.2,5.0
2005,2005-12-04,TRE,MES,2,0,1,3.0,0.0,2.4,2.75,3.0
2005,2005-12-04,UDI,LIVO,1,0,1,3.0,0.0,1.8,3.0,4.33
2005,2005-12-03,CHI,MIL,2,1,1,3.0,0.0,5.0,3.0,1.72
2005,2005-12-03,INT,ASC,4,1,1,3.0,0.0,1.2,4.5,17.0
2005,2005-11-27,ASC,PAL,2,1,1,3.0,0.0,2.87,3.0,2.5
2005,2005-11-27,CAG,SAM,1,1,0,1.0,1.0,3.1,3.0,2.37
2005,2005-11-27,EMP,LAZ,1,0,1,3.0,0.0,2.3,2.87,3.4
2005,2005-11-27,JUV,TRE,2,2,0,1.0,1.0,1.14,6.5,21.0
2005,2005-11-27,MES,INT,2,4,-1,0.0,3.0,5.0,3.3,1.72
2005,2005-11-27,PAR,UDI,1,0,1,3.0,0.0,2.62,3.0,2.75
2005,2005-11-27,ROM,FIO,0,0,0,1.0,1.0,2.37,3.1,3.0
2005,2005-11-27,SIE,REG,1,0,1,3.0,0.0,2.0,3.1,4.0
2005,2005-11-26,LIVO,CHI,4,0,1,3.0,0.0,2.25,2.87,3.5
2005,2005-11-26,MIL,LEC,3,1,1,3.0,0.0,1.2,6.0,13.0
2005,2005-11-20,CHI,ASC,1,1,0,1.0,1.0,1.61,3.2,5.5
2005,2005-11-20,FIO,MIL,1,1,0,1.0,1.0,2.8,2.9,2.4
2005,2005-11-20,INT,PAR,2,3,-1,0.0,3.0,1.28,4.33,9.5
2005,2005-11-20,LEC,SIE,2,1,1,3.0,0.0,2.37,2.87,2.87
2005,2005-11-20,LIVO,EMP,2,1,1,3.0,0.0,1.83,3.0,4.33
2005,2005-11-20,REG,CAG,1,2,-1,0.0,3.0,1.9,2.9,4.0
2005,2005-11-20,SAM,LAZ,1,1,0,1.0,1.0,1.9,2.9,4.0
2005,2005-11-20,TRE,PAL,2,1,1,3.0,0.0,4.0,2.8,2.1
2005,2005-11-19,ROM,JUV,1,1,0,1.0,1.0,2.75,3.0,2.37
2005,2005-11-19,UDI,MES,4,1,1,3.0,0.0,1.57,3.4,5.5
2005,2005-11-06,ASC,FIO,5,2,1,3.0,0.0,3.5,3.0,2.0
2005,2005-11-06,CAG,TRE,1,1,0,1.0,1.0,1.9,3.0,3.8
2005,2005-11-06,JUV,LIVO,2,3,-1,0.0,3.0,1.25,4.5,11.0
2005,2005-11-06,MES,ROM,1,0,1,3.0,0.0,3.2,3.2,2.2
2005,2005-11-06,MIL,UDI,0,1,-1,0.0,3.0,1.36,4.33,9.0
2005,2005-11-06,PAL,SAM,1,1,0,1.0,1.0,2.2,3.0,3.5
2005,2005-11-06,PAR,LEC,1,1,0,1.0,1.0,1.8,3.25,4.0
2005,2005-11-06,SIE,CHI,1,1,0,1.0,1.0,2.25,2.8,3.2
2005,2005-11-05,EMP,REG,1,1,0,1.0,1.0,2.0,2.75,4.0
2005,2005-11-05,LAZ,INT,1,1,0,1.0,1.0,3.6,3.1,2.1
2005,2005-10-30,CHI,EMP,2,1,1,3.0,0.0,1.83,3.0,4.33
2005,2005-10-30,FIO,CAG,2,3,-1,0.0,3.0,1.36,4.0,7.5
2005,2005-10-30,LEC,MES,2,2,0,1.0,1.0,2.0,3.0,3.5
2005,2005-10-30,LIVO,PAR,2,1,1,3.0,0.0,1.72,3.25,4.33
2005,2005-10-30,REG,LAZ,4,0,1,3.0,0.0,2.6,2.87,2.6
2005,2005-10-30,ROM,ASC,1,0,1,3.0,0.0,1.44,3.75,6.5
2005,2005-10-30,TRE,SIE,1,2,-1,0.0,3.0,2.4,2.9,2.8
2005,2005-10-30,UDI,PAL,1,3,-1,0.0,3.0,2.0,3.0,3.5
2005,2005-10-29,MIL,JUV,2,3,-1,0.0,3.0,2.37,2.75,3.0
2005,2005-10-29,SAM,INT,2,1,1,3.0,0.0,3.0,3.0,2.25
2005,2005-10-26,ASC,UDI,4,3,1,3.0,0.0,3.4,3.0,2.2
2005,2005-10-26,CAG,LIVO,2,0,1,3.0,0.0,2.37,2.75,3.4
2005,2005-10-26,EMP,MIL,0,0,0,1.0,1.0,6.5,3.5,1.57
2005,2005-10-26,INT,ROM,0,1,-1,0.0,3.0,1.61,3.4,6.0
2005,2005-10-26,JUV,SAM,1,2,-1,0.0,3.0,1.4,4.0,9.0
2005,2005-10-26,LAZ,CHI,3,1,1,3.0,0.0,2.0,3.0,4.0
2005,2005-10-26,PAL,LEC,3,2,1,3.0,0.0,1.57,3.5,6.5
2005,2005-10-26,PAR,MES,2,2,0,1.0,1.0,2.0,3.0,4.0
2005,2005-10-26,REG,TRE,3,1,1,3.0,0.0,1.72,3.3,5.0
2005,2005-10-26,SIE,FIO,1,1,0,1.0,1.0,3.0,3.0,2.4
2005,2005-10-23,CHI,CAG,1,3,-1,0.0,3.0,1.8,3.1,5.0
2005,2005-10-23,LEC,JUV,0,1,-1,0.0,3.0,7.0,3.75,1.5
2005,2005-10-23,LIVO,REG,3,2,1,3.0,0.0,1.9,3.1,4.33
2005,2005-10-23,MIL,PAL,1,1,0,1.0,1.0,1.4,4.0,9.0
2005,2005-10-23,ROM,LAZ,0,1,-1,0.0,3.0,2.4,2.87,3.2
2005,2005-10-23,SAM,SIE,3,1,1,3.0,0.0,1.66,3.4,5.5
2005,2005-10-23,TRE,EMP,3,0,1,3.0,0.0,2.37,2.75,3.4
2005,2005-10-23,UDI,INT,1,2,-1,0.0,3.0,3.75,3.0,2.1
2005,2005-10-22,FIO,PAR,0,2,-1,0.0,3.0,1.5,3.6,7.5
2005,2005-10-22,MES,ASC,1,2,-1,0.0,3.0,1.9,3.0,4.5
2005,2005-10-16,ASC,SAM,1,4,-1,0.0,3.0,3.2,2.87,2.2
2005,2005-10-16,CAG,MIL,3,2,1,3.0,0.0,5.5,3.5,1.53
2005,2005-10-16,EMP,ROM,2,1,1,3.0,0.0,3.2,2.8,2.25
2005,2005-10-16,INT,LIVO,1,1,0,1.0,1.0,1.25,5.0,9.0
2005,2005-10-16,LAZ,FIO,1,0,1,3.0,0.0,2.5,2.87,2.75
2005,2005-10-16,PAL,CHI,1,1,0,1.0,1.0,1.72,3.2,4.5
2005,2005-10-16,PAR,TRE,2,2,0,1.0,1.0,1.66,3.2,5.0
2005,2005-10-16,REG,LEC,2,1,1,3.0,0.0,2.1,2.8,3.5
2005,2005-10-15,JUV,MES,3,0,1,3.0,0.0,1.16,5.5,13.0
2005,2005-10-15,SIE,UDI,2,0,1,3.0,0.0,2.75,2.75,2.6
2005,2005-10-02,ASC,PAR,0,1,-1,0.0,3.0,2.5,2.87,3.0
2005,2005-10-02,FIO,LIVO,1,2,-1,0.0,3.0,1.66,3.4,5.5
2005,2005-10-02,JUV,INT,3,2,1,3.0,0.0,2.2,2.87,3.6
2005,2005-10-02,LEC,CAG,2,0,1,3.0,0.0,2.1,3.0,3.75
2005,2005-10-02,MES,SAM,0,0,0,1.0,1.0,2.75,2.87,2.75
2005,2005-10-02,MIL,REG,1,1,0,1.0,1.0,1.2,5.5,17.0
2005,2005-10-02,PAL,EMP,1,0,1,3.0,0.0,1.53,3.5,7.0
2005,2005-10-02,ROM,SIE,0,0,0,1.0,1.0,1.53,3.5,7.0
2005,2005-10-01,CHI,TRE,0,0,0,1.0,1.0,1.53,3.5,7.0
2005,2005-10-01,UDI,LAZ,0,1,-1,0.0,3.0,1.9,3.1,4.33
2005,2005-09-25,CAG,ROM,2,1,1,3.0,0.0,3.75,3.2,2.0
2005,2005-09-25,EMP,LEC,1,1,0,1.0,1.0,2.0,3.2,3.75
2005,2005-09-25,INT,FIO,2,2,0,1.0,1.0,1.61,3.4,6.0
2005,2005-09-25,LAZ,PAL,1,3,-1,0.0,3.0,2.6,2.9,2.9
2005,2005-09-25,LIVO,ASC,0,3,-1,0.0,3.0,1.72,3.1,5.5
2005,2005-09-25,SAM,CHI,2,0,1,3.0,0.0,1.66,3.2,6.0
2005,2005-09-25,SIE,MES,0,0,0,1.0,1.0,2.2,3.0,3.4
2005,2005-09-25,TRE,MIL,2,3,-1,0.0,3.0,9.0,4.33,1.36
2005,2005-09-24,PAR,JUV,3,4,-1,0.0,3.0,6.0,3.4,1.61
2005,2005-09-24,REG,UDI,1,1,0,1.0,1.0,3.5,3.0,2.2
2005,2005-09-21,ASC,SIE,2,0,1,3.0,0.0,2.3,2.9,3.25
2005,2005-09-21,CHI,INT,1,0,1,3.0,0.0,5.5,3.1,1.72
2005,2005-09-21,EMP,CAG,1,2,-1,0.0,3.0,2.3,2.9,3.3
2005,2005-09-21,LEC,FIO,0,0,0,1.0,1.0,3.75,3.0,2.1
2005,2005-09-21,MES,LIVO,0,1,-1,0.0,3.0,2.2,2.87,3.6
2005,2005-09-21,MIL,LAZ,1,1,0,1.0,1.0,1.4,4.0,9.0
2005,2005-09-21,PAL,REG,1,0,1,3.0,0.0,1.44,3.8,7.0
2005,2005-09-21,ROM,PAR,2,0,1,3.0,0.0,1.57,3.6,6.0
2005,2005-09-21,TRE,SAM,2,2,0,1.0,1.0,3.75,3.0,2.0
2005,2005-09-21,UDI,JUV,1,2,-1,0.0,3.0,4.0,3.0,2.0
2005,2005-09-18,CAG,MES,1,1,0,1.0,1.0,2.1,2.9,3.8
2005,2005-09-18,FIO,UDI,2,0,1,3.0,0.0,2.2,3.0,3.4
2005,2005-09-18,JUV,ASC,2,0,1,3.0,0.0,1.16,6.5,15.0
2005,2005-09-18,LAZ,TRE,0,1,-1,0.0,3.0,1.61,3.4,6.0
2005,2005-09-18,LIVO,ROM,1,0,1,3.0,0.0,3.4,3.0,2.2
2005,2005-09-18,REG,CHI,1,2,-1,0.0,3.0,2.37,2.87,3.25
2005,2005-09-18,SAM,MIL,3,3,0,1.0,1.0,4.5,3.2,1.83
2005,2005-09-18,SIE,PAL,4,1,1,3.0,0.0,2.6,2.87,2.6
2005,2005-09-17,INT,LEC,2,0,1,3.0,0.0,1.22,5.5,13.0
2005,2005-09-17,PAR,EMP,3,1,1,3.0,0.0,1.8,3.1,5.0
2005,2005-09-11,CAG,LAZ,2,2,0,1.0,1.0,2.25,3.0,3.0
2005,2005-09-11,CHI,PAR,4,0,1,3.0,0.0,2.2,2.87,3.2
2005,2005-09-11,EMP,JUV,1,1,0,1.0,1.0,5.5,3.75,1.5
2005,2005-09-11,LEC,ASC,2,2,0,1.0,1.0,1.72,3.2,4.5
2005,2005-09-11,MES,FIO,0,2,-1,0.0,3.0,2.5,2.87,2.75
2005,2005-09-11,ROM,UDI,1,2,-1,0.0,3.0,1.83,3.0,4.33
2005,2005-09-11,SAM,REG,3,3,0,1.0,1.0,1.53,3.5,5.5
2005,2005-09-11,TRE,LIVO,2,2,0,1.0,1.0,2.5,2.87,2.75
2005,2005-09-10,MIL,SIE,1,1,0,1.0,1.0,1.2,5.0,12.0
2005,2005-09-10,PAL,INT,1,1,0,1.0,1.0,3.5,3.0,2.0
2005,2005-08-28,ASC,MIL,1,1,0,1.0,1.0,7.5,3.75,1.4
2005,2005-08-28,INT,TRE,0,2,-1,0.0,3.0,1.16,5.5,13.0
2005,2005-08-28,JUV,CHI,1,0,1,3.0,0.0,1.25,5.0,13.0
2005,2005-08-28,LAZ,MES,2,2,0,1.0,1.0,1.9,3.1,3.75
2005,2005-08-28,PAR,PAL,0,2,-1,0.0,3.0,2.4,2.87,2.87
2005,2005-08-28,REG,ROM,0,2,-1,0.0,3.0,3.5,3.0,2.0
2005,2005-08-28,SIE,CAG,3,0,1,3.0,0.0,2.2,3.0,3.1
2005,2005-08-28,UDI,EMP,4,2,1,3.0,0.0,1.57,3.25,6.0
2005,2005-08-27,FIO,SAM,4,0,1,3.0,0.0,2.2,2.87,3.25
2005,2005-08-27,LIVO,LEC,0,1,-1,0.0,3.0,1.9,2.9,4.0
2002,2003-05-24,BOLG,REG,1,2,-1,0.0,3.0,4.0,3.4,1.73
2002,2003-05-24,BRES,MOD,1,0,1,3.0,0.0,,,
2002,2003-05-24,COM,TOR,1,1,0,1.0,1.0,,,
2002,2003-05-24,EMP,PAR,1,1,0,1.0,1.0,6.0,3.75,1.44
2002,2003-05-24,INT,PER,2,2,0,1.0,1.0,1.33,3.75,9.0
2002,2003-05-24,JUV,CHI,1,0,1,3.0,0.0,3.0,3.0,2.2
2002,2003-05-24,PIA,MIL,2,1,1,3.0,0.0,2.75,2.75,2.5
2002,2003-05-24,ROM,ATA,2,0,1,3.0,0.0,3.2,3.0,2.1
2002,2003-05-24,UDI,LAZ,2,0,1,3.0,0.0,1.62,3.6,4.33
2002,2003-05-17,ATA,COM,1,0,1,3.0,0.0,1.17,5.5,11.0
2002,2003-05-17,CHI,ROM,1,1,0,1.0,1.0,2.0,3.2,3.2
2002,2003-05-17,LAZ,BRES,1,0,1,3.0,0.0,1.2,5.0,11.0
2002,2003-05-17,MIL,BOLG,3,0,1,3.0,0.0,1.4,3.75,7.0
2002,2003-05-17,MOD,INT,2,2,0,1.0,1.0,4.2,2.0,2.6
2002,2003-05-17,PAR,PIA,3,2,1,3.0,0.0,1.17,5.0,12.0
2002,2003-05-17,PER,UDI,0,3,-1,0.0,3.0,3.0,2.8,2.3
2002,2003-05-17,REG,JUV,0,1,-1,0.0,3.0,1.73,3.4,4.0
2002,2003-05-17,TOR,EMP,0,1,-1,0.0,3.0,,,
2002,2003-05-10,BOLG,LAZ,2,3,-1,0.0,3.0,2.8,3.0,2.3
2002,2003-05-10,BRES,MIL,1,1,0,1.0,1.0,3.0,2.7,2.4
2002,2003-05-10,COM,CHI,2,1,1,3.0,0.0,4.0,3.4,1.73
2002,2003-05-10,EMP,ATA,3,0,1,3.0,0.0,2.2,2.2,4.5
2002,2003-05-10,INT,PAR,0,1,-1,0.0,3.0,1.8,3.0,4.2
2002,2003-05-10,JUV,PER,1,2,-1,0.0,3.0,1.2,5.0,11.0
2002,2003-05-10,PIA,REG,0,0,0,1.0,1.0,2.0,3.2,3.2
2002,2003-05-10,ROM,TOR,0,1,-1,0.0,3.0,1.2,5.0,11.0
2002,2003-05-10,UDI,MOD,1,0,1,3.0,0.0,1.73,2.75,5.5
2002,2003-05-03,ATA,INT,3,2,1,3.0,0.0,2.7,3.0,2.38
2002,2003-05-03,CHI,PIA,3,0,1,3.0,0.0,1.62,3.5,4.5
2002,2003-05-03,LAZ,JUV,1,1,0,1.0,1.0,2.2,3.0,3.0
2002,2003-05-03,MIL,COM,0,4,-1,0.0,3.0,1.2,5.0,11.0
2002,2003-05-03,MOD,EMP,5,1,1,3.0,0.0,2.5,1.73,6.5
2002,2003-05-03,PAR,BOLG,5,3,1,3.0,0.0,1.57,3.25,5.5
2002,2003-05-03,PER,BRES,2,0,1,3.0,0.0,2.38,2.1,4.33
2002,2003-05-03,REG,ROM,0,0,0,1.0,1.0,2.38,3.0,2.7
2002,2003-05-03,TOR,UDI,3,1,1,3.0,0.0,3.75,3.25,1.8
2002,2003-04-27,BOLG,CHI,3,1,1,3.0,0.0,2.2,2.8,3.2
2002,2003-04-27,COM,MOD,3,0,1,3.0,0.0,2.8,3.0,2.3
2002,2003-04-27,EMP,UDI,2,0,1,3.0,0.0,2.25,2.88,3.0
2002,2003-04-27,INT,LAZ,2,1,1,3.0,0.0,1.91,3.0,3.75
2002,2003-04-27,JUV,BRES,1,1,0,1.0,1.0,1.22,5.0,9.0
2002,2003-04-27,PIA,PER,0,2,-1,0.0,3.0,2.4,3.0,2.7
2002,2003-04-27,REG,PAR,1,1,0,1.0,1.0,2.5,3.1,2.5
2002,2003-04-26,ATA,TOR,1,0,1,3.0,0.0,,,
2002,2003-04-26,ROM,MIL,2,0,1,3.0,0.0,2.3,3.0,2.8
2002,2003-04-19,BRES,INT,3,2,1,3.0,0.0,3.0,2.88,2.25
2002,2003-04-19,CHI,REG,3,2,1,3.0,0.0,1.67,3.1,5.0
2002,2003-04-19,JUV,ROM,0,1,-1,0.0,3.0,1.73,3.1,4.5
2002,2003-04-19,LAZ,PIA,2,1,1,3.0,0.0,1.29,4.5,8.0
2002,2003-04-19,MIL,EMP,2,1,1,3.0,0.0,1.25,4.5,10.0
2002,2003-04-19,MOD,BOLG,2,1,1,3.0,0.0,2.2,2.63,3.4
2002,2003-04-19,PAR,TOR,0,1,-1,0.0,3.0,1.22,5.0,9.0
2002,2003-04-19,PER,ATA,1,1,0,1.0,1.0,1.91,2.88,4.0
2002,2003-04-19,UDI,COM,0,3,-1,0.0,3.0,1.33,4.33,7.0
2002,2003-04-13,ATA,REG,3,0,1,3.0,0.0,1.83,3.0,4.0
2002,2003-04-13,BOLG,JUV,3,2,1,3.0,0.0,3.75,3.0,1.91
2002,2003-04-13,EMP,CHI,2,3,-1,0.0,3.0,2.38,3.1,2.63
2002,2003-04-13,MOD,LAZ,2,0,1,3.0,0.0,2.88,3.0,2.25
2002,2003-04-13,ROM,PAR,0,0,0,1.0,1.0,1.91,3.0,3.75
2002,2003-04-13,TOR,PIA,1,0,1,3.0,0.0,2.63,2.88,2.5
2002,2003-04-13,UDI,BRES,0,1,-1,0.0,3.0,1.91,3.0,3.75
2002,2003-04-12,COM,PER,1,0,1,3.0,0.0,2.63,2.88,2.5
2002,2003-04-12,INT,MIL,2,1,1,3.0,0.0,2.5,2.88,2.63
2002,2003-04-06,BRES,ATA,2,1,1,3.0,0.0,2.0,2.75,3.8
2002,2003-04-06,CHI,UDI,2,0,1,3.0,0.0,2.0,3.0,3.4
2002,2003-04-06,INT,ROM,1,1,0,1.0,1.0,1.8,3.1,4.0
2002,2003-04-06,LAZ,COM,2,0,1,3.0,0.0,1.36,4.0,7.0
2002,2003-04-06,PER,BOLG,5,0,1,3.0,0.0,2.0,2.88,3.6
2002,2003-04-06,PIA,MOD,1,1,0,1.0,1.0,2.25,3.0,2.88
2002,2003-04-06,REG,EMP,1,2,-1,0.0,3.0,1.83,3.0,4.0
2002,2003-04-05,JUV,TOR,2,1,1,3.0,0.0,1.3,4.33,8.0
2002,2003-04-05,PAR,MIL,3,0,1,3.0,0.0,2.5,3.1,2.5
2002,2003-03-23,ATA,CHI,1,1,0,1.0,1.0,2.2,3.0,3.0
2002,2003-03-23,COM,BOLG,2,2,0,1.0,1.0,2.7,3.0,2.38
2002,2003-03-23,EMP,BRES,1,0,1,3.0,0.0,2.3,2.9,2.9
2002,2003-03-23,PAR,LAZ,2,2,0,1.0,1.0,2.4,2.9,2.75
2002,2003-03-23,ROM,PIA,1,0,1,3.0,0.0,1.4,3.75,7.0
2002,2003-03-23,TOR,PER,0,0,0,1.0,1.0,3.0,3.0,2.2
2002,2003-03-23,UDI,INT,1,2,-1,0.0,3.0,3.0,3.0,2.2
2002,2003-03-22,MIL,JUV,1,2,-1,0.0,3.0,2.38,2.88,2.8
2002,2003-03-22,MOD,REG,1,1,0,1.0,1.0,2.1,3.0,3.2
2002,2003-03-16,BOLG,UDI,0,0,0,1.0,1.0,2.1,2.8,3.4
2002,2003-03-16,BRES,TOR,1,1,0,1.0,1.0,1.72,3.1,4.5
2002,2003-03-16,CHI,PAR,2,1,1,3.0,0.0,2.1,3.0,3.2
2002,2003-03-16,INT,COM,1,1,0,1.0,1.0,1.22,5.0,9.0
2002,2003-03-16,LAZ,EMP,3,0,1,3.0,0.0,1.53,3.25,6.0
2002,2003-03-16,PER,ROM,0,1,-1,0.0,3.0,2.4,3.0,2.7
2002,2003-03-16,PIA,ATA,2,2,0,1.0,1.0,2.37,3.1,2.62
2002,2003-03-15,JUV,MOD,2,0,1,3.0,0.0,1.22,5.0,9.0
2002,2003-03-15,REG,MIL,2,0,1,3.0,0.0,3.5,3.2,1.9
2002,2003-03-09,ATA,PAR,0,0,0,1.0,1.0,2.25,3.0,2.88
2002,2003-03-09,COM,BRES,4,2,1,3.0,0.0,2.4,3.0,2.7
2002,2003-03-09,EMP,PIA,0,0,0,1.0,1.0,1.91,3.2,3.5
2002,2003-03-09,MIL,CHI,3,2,1,3.0,0.0,1.53,3.4,5.5
2002,2003-03-09,MOD,PER,1,4,-1,0.0,3.0,2.2,3.0,3.0
2002,2003-03-09,TOR,REG,2,1,1,3.0,0.0,3.0,3.0,2.2
2002,2003-03-09,UDI,JUV,2,2,0,1.0,1.0,3.2,3.0,2.1
2002,2003-03-08,BOLG,INT,1,0,1,3.0,0.0,2.8,2.88,2.38
2002,2003-03-08,ROM,LAZ,2,1,1,3.0,0.0,2.38,2.88,2.8
2002,2003-03-02,CHI,TOR,2,3,-1,0.0,3.0,1.4,3.75,7.0
2002,2003-03-02,JUV,INT,2,1,1,3.0,0.0,2.1,2.8,3.4
2002,2003-03-02,MIL,ATA,2,0,1,3.0,0.0,1.3,4.33,8.0
2002,2003-03-02,PER,LAZ,1,1,0,1.0,1.0,2.5,3.1,2.5
2002,2003-03-02,PIA,COM,1,2,-1,0.0,3.0,1.57,3.5,5.0
2002,2003-03-02,REG,UDI,0,1,-1,0.0,3.0,2.25,3.0,2.88
2002,2003-03-02,ROM,EMP,3,1,1,3.0,0.0,1.44,3.6,6.5
2002,2003-03-01,BRES,BOLG,0,1,-1,0.0,3.0,2.1,3.0,3.2
2002,2003-03-01,PAR,MOD,3,0,1,3.0,0.0,1.53,3.4,5.5
2002,2003-02-23,BOLG,EMP,2,1,1,3.0,0.0,1.83,3.0,4.0
2002,2003-02-23,BRES,REG,1,1,0,1.0,1.0,1.91,3.0,3.75
2002,2003-02-23,INT,PIA,1,1,0,1.0,1.0,1.25,4.5,10.0
2002,2003-02-23,LAZ,ATA,2,0,1,3.0,0.0,1.57,3.25,5.5
2002,2003-02-23,MOD,CHI,0,1,-1,0.0,3.0,2.63,2.88,2.5
2002,2003-02-23,PER,PAR,0,1,-1,0.0,3.0,2.2,3.0,3.0
2002,2003-02-23,UDI,ROM,2,1,1,3.0,0.0,2.25,3.0,2.88
2002,2003-02-22,COM,JUV,5,1,1,3.0,0.0,6.0,3.4,1.5
2002,2003-02-22,TOR,MIL,4,0,1,3.0,0.0,4.5,3.1,1.73
2002,2003-02-16,ATA,UDI,3,1,1,3.0,0.0,2.2,3.0,3.0
2002,2003-02-16,EMP,PER,5,1,1,3.0,0.0,2.3,3.0,2.8
2002,2003-02-16,MIL,LAZ,3,1,1,3.0,0.0,1.8,3.1,4.0
2002,2003-02-16,PAR,JUV,2,0,1,3.0,0.0,2.88,3.0,2.25
2002,2003-02-16,PIA,BOLG,2,1,1,3.0,0.0,2.4,3.0,2.7
2002,2003-02-16,REG,COM,3,1,1,3.0,0.0,1.73,3.1,4.5
2002,2003-02-16,TOR,MOD,1,4,-1,0.0,3.0,1.83,3.2,3.75
2002,2003-02-15,CHI,INT,3,3,0,1.0,1.0,3.0,3.0,2.2
2002,2003-02-15,ROM,BRES,0,2,-1,0.0,3.0,1.67,3.1,5.0
2002,2003-02-09,BOLG,ATA,1,2,-1,0.0,3.0,1.73,3.1,4.5
2002,2003-02-09,BRES,CHI,1,1,0,1.0,1.0,2.25,3.0,2.88
2002,2003-02-09,COM,PAR,1,0,1,3.0,0.0,3.5,3.2,1.91
2002,2003-02-09,INT,REG,2,0,1,3.0,0.0,1.29,4.5,8.0
2002,2003-02-09,LAZ,TOR,2,0,1,3.0,0.0,1.36,3.75,8.0
2002,2003-02-09,MOD,ROM,0,0,0,1.0,1.0,3.4,3.0,2.0
2002,2003-02-09,PER,MIL,0,0,0,1.0,1.0,3.5,3.2,1.91
2002,2003-02-08,JUV,EMP,2,1,1,3.0,0.0,1.25,4.5,10.0
2002,2003-02-08,UDI,PIA,1,0,1,3.0,0.0,1.62,3.25,5.0
2002,2003-02-02,ATA,JUV,2,0,1,3.0,0.0,4.33,3.2,1.72
2002,2003-02-02,CHI,LAZ,2,2,0,1.0,1.0,2.37,3.1,2.62
2002,2003-02-02,EMP,COM,0,3,-1,0.0,3.0,1.72,3.1,4.5
2002,2003-02-02,MIL,MOD,2,2,0,1.0,1.0,1.2,5.0,11.0
2002,2003-02-02,PAR,UDI,1,1,0,1.0,1.0,1.9,3.2,3.5
2002,2003-02-02,REG,PER,2,0,1,3.0,0.0,2.2,3.0,3.0
2002,2003-02-02,TOR,INT,3,2,1,3.0,0.0,4.33,3.2,1.72
2002,2003-02-01,PIA,BRES,2,2,0,1.0,1.0,2.3,2.8,3.0
2002,2003-02-01,ROM,BOLG,1,1,0,1.0,1.0,1.8,2.9,4.5
2002,2003-01-26,BOLG,TOR,1,3,-1,0.0,3.0,1.5,3.25,6.5
2002,2003-01-26,BRES,PAR,2,2,0,1.0,1.0,2.37,2.87,2.8
2002,2003-01-26,INT,EMP,0,0,0,1.0,1.0,1.3,4.33,8.0
2002,2003-01-26,JUV,PIA,2,1,1,3.0,0.0,1.2,5.0,11.0
2002,2003-01-26,LAZ,REG,0,1,-1,0.0,3.0,1.28,4.33,8.5
2002,2003-01-26,PER,CHI,0,1,-1,0.0,3.0,2.25,3.0,2.87
2002,2003-01-26,UDI,MIL,3,1,1,3.0,0.0,3.4,3.0,2.0
2002,2003-01-25,COM,ROM,1,0,1,3.0,0.0,4.33,3.2,1.72
2002,2003-01-25,MOD,ATA,0,0,0,1.0,1.0,2.25,3.0,2.87
2002,2003-01-19,ATA,ROM,2,0,1,3.0,0.0,2.8,3.0,2.3
2002,2003-01-19,CHI,JUV,3,1,1,3.0,0.0,2.8,3.0,2.3
2002,2003-01-19,LAZ,UDI,3,0,1,3.0,0.0,1.57,3.25,5.5
2002,2003-01-19,MIL,PIA,2,2,0,1.0,1.0,1.2,5.0,11.0
2002,2003-01-19,MOD,BRES,1,4,-1,0.0,3.0,2.25,3.0,2.88
2002,2003-01-19,PER,INT,0,0,0,1.0,1.0,3.75,3.2,1.83
2002,2003-01-19,TOR,COM,4,0,1,3.0,0.0,1.73,3.2,4.33
2002,2003-01-18,PAR,EMP,0,1,-1,0.0,3.0,1.67,3.25,4.5
2002,2003-01-18,REG,BOLG,5,2,1,3.0,0.0,2.63,2.88,2.5
2002,2003-01-12,BOLG,MIL,0,1,-1,0.0,3.0,2.7,3.0,2.38
2002,2003-01-12,COM,ATA,1,2,-1,0.0,3.0,2.7,3.0,2.38
2002,2003-01-12,INT,MOD,0,0,0,1.0,1.0,1.22,5.0,9.0
2002,2003-01-12,JUV,REG,2,0,1,3.0,0.0,1.22,5.0,9.0
2002,2003-01-12,PIA,PAR,1,1,0,1.0,1.0,2.7,3.0,2.38
2002,2003-01-12,ROM,CHI,2,1,1,3.0,0.0,1.73,3.2,4.33
2002,2003-01-12,UDI,PER,2,1,1,3.0,0.0,1.73,3.2,4.33
2002,2003-01-11,BRES,LAZ,3,1,1,3.0,0.0,3.4,3.0,2.0
2002,2003-01-11,EMP,TOR,1,1,0,1.0,1.0,1.73,3.2,4.33
2002,2003-01-06,TOR,ATA,1,0,1,3.0,0.0,2.1,3.0,3.2
2002,2002-12-22,ATA,EMP,1,3,-1,0.0,3.0,2.2,3.0,3.0
2002,2002-12-22,CHI,COM,2,2,0,1.0,1.0,1.4,3.75,7.0
2002,2002-12-22,LAZ,BOLG,2,1,1,3.0,0.0,1.67,3.1,5.0
2002,2002-12-22,MIL,BRES,1,0,1,3.0,0.0,1.25,4.5,10.0
2002,2002-12-22,PAR,INT,0,2,-1,0.0,3.0,2.5,3.1,2.5
2002,2002-12-22,PER,JUV,1,1,0,1.0,1.0,4.0,3.1,1.83
2002,2002-12-22,REG,PIA,1,0,1,3.0,0.0,2.1,3.0,3.2
2002,2002-12-21,MOD,UDI,0,3,-1,0.0,3.0,2.2,3.0,3.0
2002,2002-12-21,TOR,ROM,1,0,1,3.0,0.0,3.4,3.0,2.0
2002,2002-12-18,COM,UDI,0,0,0,1.0,1.0,2.63,2.88,2.5
2002,2002-12-15,BRES,PER,2,2,0,1.0,1.0,2.0,3.0,3.4
2002,2002-12-15,COM,MIL,1,1,0,1.0,1.0,5.0,3.25,1.62
2002,2002-12-15,EMP,MOD,2,0,1,3.0,0.0,2.0,3.0,3.4
2002,2002-12-15,INT,ATA,1,1,0,1.0,1.0,1.25,4.5,10.0
2002,2002-12-15,JUV,LAZ,2,4,-1,0.0,3.0,1.91,3.0,3.75
2002,2002-12-15,ROM,REG,1,0,1,3.0,0.0,1.4,3.6,7.5
2002,2002-12-15,UDI,TOR,2,0,1,3.0,0.0,1.53,3.4,5.5
2002,2002-12-14,BOLG,PAR,0,1,-1,0.0,3.0,2.2,3.0,3.0
2002,2002-12-14,PIA,CHI,0,1,-1,0.0,3.0,2.4,3.0,2.7
2002,2002-12-08,BRES,JUV,1,2,-1,0.0,3.0,4.5,3.25,1.67
2002,2002-12-08,CHI,BOLG,0,1,-1,0.0,3.0,2.0,2.88,3.6
2002,2002-12-08,MOD,COM,2,4,-1,0.0,3.0,1.67,3.25,4.5
2002,2002-12-08,PAR,REG,2,2,0,1.0,1.0,1.44,3.5,7.0
2002,2002-12-08,PER,PIA,1,0,1,3.0,0.0,1.8,3.0,4.2
2002,2002-12-08,UDI,EMP,1,1,0,1.0,1.0,1.91,3.0,3.75
2002,2002-12-07,LAZ,INT,1,0,1,3.0,0.0,2.38,2.88,2.8
2002,2002-12-07,MIL,ROM,0,1,-1,0.0,3.0,1.8,3.1,4.0
2002,2002-12-01,ATA,PER,1,2,-1,0.0,3.0,1.91,3.0,3.75
2002,2002-12-01,BOLG,MOD,2,3,-1,0.0,3.0,1.73,3.1,4.5
2002,2002-12-01,EMP,MIL,4,0,1,3.0,0.0,4.33,3.2,1.73
2002,2002-12-01,INT,BRES,1,0,1,3.0,0.0,1.29,4.5,8.0
2002,2002-12-01,PIA,LAZ,3,0,1,3.0,0.0,4.0,3.1,1.8
2002,2002-12-01,ROM,JUV,1,0,1,3.0,0.0,2.5,2.88,2.63
2002,2002-12-01,TOR,PAR,1,0,1,3.0,0.0,2.7,3.0,2.4
2002,2002-11-30,REG,CHI,2,1,1,3.0,0.0,2.63,3.1,2.38
2002,2002-11-24,BRES,UDI,6,4,1,3.0,0.0,2.25,2.88,3.0
2002,2002-11-24,CHI,EMP,2,0,1,3.0,0.0,1.8,3.0,4.33
2002,2002-11-24,LAZ,MOD,0,0,0,1.0,1.0,1.5,3.25,6.5
2002,2002-11-24,PAR,ROM,2,0,1,3.0,0.0,2.5,2.88,2.63
2002,2002-11-24,PER,COM,1,0,1,3.0,0.0,1.67,3.3,4.5
2002,2002-11-24,PIA,TOR,0,1,-1,0.0,3.0,1.83,3.0,4.0
2002,2002-11-24,REG,ATA,1,0,1,3.0,0.0,2.0,3.0,3.4
2002,2002-11-23,JUV,BOLG,3,1,1,3.0,0.0,1.44,3.5,7.0
2002,2002-11-23,MIL,INT,1,2,-1,0.0,3.0,2.63,2.75,2.63
2002,2002-11-17,ATA,BRES,2,1,1,3.0,0.0,2.2,3.0,3.0
2002,2002-11-17,COM,LAZ,2,1,1,3.0,0.0,3.5,3.2,1.91
2002,2002-11-17,EMP,REG,2,0,1,3.0,0.0,1.8,3.0,4.2
2002,2002-11-17,MIL,PAR,1,1,0,1.0,1.0,1.53,3.4,5.5
2002,2002-11-17,MOD,PIA,3,2,1,3.0,0.0,1.91,3.0,3.75
2002,2002-11-17,TOR,JUV,3,0,1,3.0,0.0,5.0,3.25,1.62
2002,2002-11-17,UDI,CHI,3,0,1,3.0,0.0,2.25,3.0,2.88
2002,2002-11-16,BOLG,PER,0,1,-1,0.0,3.0,1.62,3.25,5.0
2002,2002-11-16,ROM,INT,0,0,0,1.0,1.0,2.38,2.88,2.8
2002,2002-11-10,BOLG,COM,2,1,1,3.0,0.0,1.5,3.4,6.0
2002,2002-11-10,BRES,EMP,3,4,-1,0.0,3.0,1.9,3.0,3.75
2002,2002-11-10,CHI,ATA,3,1,1,3.0,0.0,1.57,3.25,5.5
2002,2002-11-10,JUV,MIL,1,3,-1,0.0,3.0,2.25,2.87,3.0
2002,2002-11-10,LAZ,PAR,1,1,0,1.0,1.0,1.61,3.25,5.0
2002,2002-11-10,PER,TOR,2,1,1,3.0,0.0,1.8,3.0,4.2
2002,2002-11-10,REG,MOD,0,0,0,1.0,1.0,2.1,3.0,3.2
2002,2002-11-09,INT,UDI,0,0,0,1.0,1.0,1.25,4.5,10.0
2002,2002-11-09,PIA,ROM,1,3,-1,0.0,3.0,3.75,3.0,1.9
2002,2002-11-06,ATA,MOD,2,0,1,3.0,0.0,2.0,3.0,3.4
2002,2002-11-06,CHI,PER,0,4,-1,0.0,3.0,1.73,3.2,4.33
2002,2002-11-06,EMP,INT,2,1,1,3.0,0.0,4.33,3.2,1.73
2002,2002-11-06,MIL,UDI,4,3,1,3.0,0.0,1.29,4.33,9.0
2002,2002-11-06,PAR,BRES,0,1,-1,0.0,3.0,1.62,3.25,5.0
2002,2002-11-06,PIA,JUV,2,2,0,1.0,1.0,4.5,3.1,1.73
2002,2002-11-06,REG,LAZ,1,1,0,1.0,1.0,3.3,3.1,2.0
2002,2002-11-06,ROM,COM,1,1,0,1.0,1.0,1.29,4.33,9.0
2002,2002-11-06,TOR,BOLG,2,0,1,3.0,0.0,2.5,2.88,2.63
2002,2002-11-03,ATA,PIA,2,1,1,3.0,0.0,2.2,3.0,3.0
2002,2002-11-03,COM,INT,3,2,1,3.0,0.0,4.5,3.1,1.73
2002,2002-11-03,EMP,LAZ,2,1,1,3.0,0.0,2.88,3.0,2.25
2002,2002-11-03,MIL,REG,3,1,1,3.0,0.0,1.25,4.5,10.0
2002,2002-11-03,MOD,JUV,2,3,-1,0.0,3.0,4.0,3.1,1.8
2002,2002-11-03,PAR,CHI,0,1,-1,0.0,3.0,1.73,3.2,4.33
2002,2002-11-03,ROM,PER,0,1,-1,0.0,3.0,1.33,4.0,8.0
2002,2002-11-02,TOR,BRES,3,0,1,3.0,0.0,2.1,3.0,3.2
2002,2002-11-02,UDI,BOLG,0,0,0,1.0,1.0,2.25,3.0,2.88
2002,2002-10-27,BRES,COM,2,0,1,3.0,0.0,1.73,3.1,4.5
2002,2002-10-27,INT,BOLG,2,2,0,1.0,1.0,1.5,3.25,6.5
2002,2002-10-27,LAZ,ROM,2,3,-1,0.0,3.0,2.63,2.75,2.63
2002,2002-10-27,PAR,ATA,2,0,1,3.0,0.0,1.5,3.4,6.0
2002,2002-10-27,PER,MOD,3,1,1,3.0,0.0,1.91,3.0,3.75
2002,2002-10-27,PIA,EMP,4,4,0,1.0,1.0,1.91,3.0,3.75
2002,2002-10-27,REG,TOR,0,0,0,1.0,1.0,2.1,3.0,3.2
2002,2002-10-26,CHI,MIL,2,0,1,3.0,0.0,4.0,3.1,1.8
2002,2002-10-26,JUV,UDI,1,4,-1,0.0,3.0,1.3,4.0,9.5
2002,2002-10-20,ATA,MIL,1,0,1,3.0,0.0,4.0,3.0,1.83
2002,2002-10-20,BOLG,BRES,0,2,-1,0.0,3.0,1.73,3.1,4.5
2002,2002-10-20,COM,PIA,3,3,0,1.0,1.0,2.2,2.88,3.1
2002,2002-10-20,LAZ,PER,0,0,0,1.0,1.0,1.44,3.6,6.5
2002,2002-10-20,MOD,PAR,5,3,1,3.0,0.0,2.7,3.0,2.4
2002,2002-10-20,TOR,CHI,1,0,1,3.0,0.0,2.38,3.0,2.7
2002,2002-10-20,UDI,REG,2,0,1,3.0,0.0,1.73,3.2,4.33
2002,2002-10-19,EMP,ROM,2,0,1,3.0,0.0,3.6,2.88,2.0
2002,2002-10-19,INT,JUV,2,0,1,3.0,0.0,2.25,2.88,3.0
2002,2002-10-06,ATA,LAZ,0,1,-1,0.0,3.0,2.5,3.1,2.5
2002,2002-10-06,CHI,MOD,0,1,-1,0.0,3.0,1.73,3.2,4.33
2002,2002-10-06,EMP,BOLG,0,0,0,1.0,1.0,2.25,3.0,2.88
2002,2002-10-06,JUV,COM,2,1,1,3.0,0.0,1.17,5.5,11.0
2002,2002-10-06,MIL,TOR,2,0,1,3.0,0.0,1.29,4.33,8.5
2002,2002-10-06,PAR,PER,4,4,0,1.0,1.0,1.53,3.4,5.5
2002,2002-10-06,PIA,INT,1,2,-1,0.0,3.0,3.75,3.0,1.91
2002,2002-10-05,REG,BRES,2,3,-1,0.0,3.0,2.2,2.8,3.2
2002,2002-10-05,ROM,UDI,3,1,1,3.0,0.0,1.33,4.0,8.0
2002,2002-09-29,BOLG,PIA,1,3,-1,0.0,3.0,1.73,3.1,4.5
2002,2002-09-29,BRES,ROM,1,1,0,1.0,1.0,2.8,3.0,2.3
2002,2002-09-29,COM,REG,0,0,0,1.0,1.0,2.1,3.0,3.2
2002,2002-09-29,INT,CHI,0,0,0,1.0,1.0,1.5,3.4,6.0
2002,2002-09-29,MOD,TOR,1,1,0,1.0,1.0,2.38,3.0,3.0
2002,2002-09-29,PER,EMP,2,1,1,3.0,0.0,1.83,3.0,4.0
2002,2002-09-29,UDI,ATA,3,0,1,3.0,0.0,2.1,3.0,3.2
2002,2002-09-28,JUV,PAR,2,0,1,3.0,0.0,1.4,3.6,7.5
2002,2002-09-28,LAZ,MIL,1,1,0,1.0,1.0,2.88,3.0,2.25
2002,2002-09-22,ATA,BOLG,4,0,1,3.0,0.0,2.2,3.0,3.0
2002,2002-09-22,CHI,BRES,1,0,1,3.0,0.0,1.67,3.25,4.5
2002,2002-09-22,PAR,COM,1,0,1,3.0,0.0,1.5,3.4,6.0
2002,2002-09-22,PIA,UDI,0,1,-1,0.0,3.0,2.1,3.0,3.2
2002,2002-09-22,REG,INT,1,1,0,1.0,1.0,4.0,3.0,1.83
2002,2002-09-22,ROM,MOD,3,4,-1,0.0,3.0,1.22,5.0,9.0
2002,2002-09-22,TOR,LAZ,0,1,-1,0.0,3.0,2.4,3.0,2.7
2002,2002-09-21,EMP,JUV,4,1,1,3.0,0.0,4.33,3.2,1.73
2002,2002-09-21,MIL,PER,1,1,0,1.0,1.0,1.29,4.5,8.0
2002,2002-09-15,BRES,PIA,3,2,1,3.0,0.0,1.91,3.0,3.75
2002,2002-09-15,JUV,ATA,1,0,1,3.0,0.0,1.33,4.0,8.0
2002,2002-09-15,LAZ,CHI,2,0,1,3.0,0.0,1.67,3.25,4.5
2002,2002-09-15,PER,REG,3,0,1,3.0,0.0,1.73,3.1,4.5
2002,2002-09-15,UDI,PAR,1,2,-1,0.0,3.0,2.3,3.0,2.8
2002,2002-09-14,BOLG,ROM,3,1,1,3.0,0.0,2.8,2.88,2.38
2002,2002-09-14,COM,EMP,1,1,0,1.0,1.0,2.0,2.88,3.6
2002,2002-09-14,INT,TOR,3,0,1,3.0,0.0,1.33,4.0,8.0
2002,2002-09-14,MOD,MIL,2,2,0,1.0,1.0,4.33,3.2,1.73
2001,2002-05-05,BRES,BOLG,3,1,1,3.0,0.0,1.6,4.25,3.6
2001,2002-05-05,CHI,ATA,3,1,1,3.0,0.0,1.25,4.6,7.6
2001,2002-05-05,LAZ,INT,1,4,-1,0.0,3.0,4.9,4.0,1.5
2001,2002-05-05,MIL,LEC,0,2,-1,0.0,3.0,,,
2001,2002-05-05,PAR,VEN,1,1,0,1.0,1.0,,,
2001,2002-05-05,PER,FIO,3,3,0,1.0,1.0,,,
2001,2002-05-05,PIA,VER,3,1,1,3.0,0.0,2.1,2.33,4.75
2001,2002-05-05,TOR,ROM,2,2,0,1.0,1.0,6.8,4.4,1.35
2001,2002-05-05,UDI,JUV,1,0,1,3.0,0.0,,,
2001,2002-04-28,ATA,PER,3,1,1,3.0,0.0,,,
2001,2002-04-28,BOLG,LAZ,1,2,-1,0.0,3.0,2.7,3.0,2.35
2001,2002-04-28,FIO,PAR,1,2,-1,0.0,3.0,,,
2001,2002-04-28,INT,PIA,0,2,-1,0.0,3.0,1.25,5.0,9.0
2001,2002-04-28,JUV,BRES,1,0,1,3.0,0.0,1.25,5.0,9.0
2001,2002-04-28,LEC,UDI,1,1,0,1.0,1.0,,,
2001,2002-04-28,ROM,CHI,1,1,0,1.0,1.0,1.4,3.85,7.0
2001,2002-04-28,VEN,TOR,1,1,0,1.0,1.0,,,
2001,2002-04-28,VER,MIL,1,0,1,3.0,0.0,2.85,3.0,2.28
2001,2002-04-21,BRES,FIO,2,1,1,3.0,0.0,,,
2001,2002-04-21,CHI,INT,0,1,-1,0.0,3.0,3.15,3.05,2.1
2001,2002-04-21,LAZ,VER,1,1,0,1.0,1.0,1.33,4.2,7.5
2001,2002-04-21,MIL,ROM,3,0,1,3.0,0.0,2.5,2.95,2.6
2001,2002-04-21,PAR,ATA,1,0,1,3.0,0.0,1.35,3.8,8.0
2001,2002-04-21,PER,BOLG,1,3,-1,0.0,3.0,,,
2001,2002-04-21,PIA,JUV,2,2,0,1.0,1.0,5.25,3.5,1.55
2001,2002-04-21,TOR,LEC,1,0,1,3.0,0.0,,,
2001,2002-04-21,UDI,VEN,1,0,1,3.0,0.0,,,
2001,2002-04-14,ATA,TOR,1,0,1,3.0,0.0,2.3,2.0,5.2
2001,2002-04-14,BOLG,PIA,0,0,0,1.0,1.0,1.65,3.15,5.3
2001,2002-04-14,FIO,LAZ,1,2,-1,0.0,3.0,7.0,4.0,1.35
2001,2002-04-14,INT,BRES,2,0,1,3.0,0.0,1.27,4.75,8.5
2001,2002-04-14,JUV,MIL,2,0,1,3.0,0.0,1.6,3.0,5.4
2001,2002-04-14,LEC,CHI,0,2,-1,0.0,3.0,3.65,3.2,1.85
2001,2002-04-14,ROM,PAR,1,0,1,3.0,0.0,1.35,4.2,7.3
2001,2002-04-14,VEN,PER,1,1,0,1.0,1.0,4.4,3.3,1.65
2001,2002-04-14,VER,UDI,2,1,1,3.0,0.0,2.05,2.95,3.45
2001,2002-04-07,BRES,VER,0,0,0,1.0,1.0,1.85,3.0,4.15
2001,2002-04-07,CHI,MIL,1,2,-1,0.0,3.0,2.62,2.9,2.57
2001,2002-04-07,INT,ATA,2,0,1,3.0,0.0,1.26,4.6,9.65
2001,2002-04-07,LAZ,LEC,1,1,0,1.0,1.0,1.33,4.25,7.75
2001,2002-04-07,PAR,UDI,3,4,-1,0.0,3.0,1.7,3.1,4.7
2001,2002-04-07,PER,JUV,0,1,-1,0.0,3.0,3.55,3.0,2.0
2001,2002-04-07,PIA,FIO,1,0,1,3.0,0.0,1.5,3.6,5.8
2001,2002-04-07,VEN,ROM,1,2,-1,0.0,3.0,8.0,4.5,1.3
2001,2002-04-06,TOR,BOLG,2,1,1,3.0,0.0,2.6,2.3,3.2
2001,2002-03-30,ATA,PIA,2,1,1,3.0,0.0,1.9,2.75,4.5
2001,2002-03-30,FIO,INT,2,0,1,3.0,0.0,6.3,4.1,1.4
2001,2002-03-30,JUV,LAZ,1,1,0,1.0,1.0,1.57,3.35,5.5
2001,2002-03-30,LEC,VEN,3,0,1,3.0,0.0,1.4,3.85,7.0
2001,2002-03-30,MIL,PAR,2,1,1,3.0,0.0,1.62,3.3,5.15
2001,2002-03-30,PER,CHI,2,0,1,3.0,0.0,2.05,3.0,3.35
2001,2002-03-30,ROM,BOLG,2,1,1,3.0,0.0,1.47,3.55,6.5
2001,2002-03-30,UDI,BRES,1,0,1,3.0,0.0,2.08,3.0,3.3
2001,2002-03-30,VER,TOR,1,0,1,3.0,0.0,2.0,2.95,3.6
2001,2002-03-24,BOLG,LEC,3,2,1,3.0,0.0,1.45,3.65,6.55
2001,2002-03-24,BRES,PER,0,0,0,1.0,1.0,2.0,3.1,3.45
2001,2002-03-24,CHI,VER,1,1,0,1.0,1.0,2.25,2.9,3.1
2001,2002-03-24,INT,ROM,2,1,1,3.0,0.0,2.25,2.85,3.15
2001,2002-03-24,LAZ,UDI,1,1,0,1.0,1.0,1.55,3.45,5.5
2001,2002-03-24,PIA,MIL,1,0,1,3.0,0.0,2.85,2.9,2.4
2001,2002-03-24,TOR,FIO,3,4,-1,0.0,3.0,1.6,3.5,4.85
2001,2002-03-24,VEN,ATA,2,0,1,3.0,0.0,3.65,3.25,1.87
2001,2002-03-23,PAR,JUV,3,1,1,3.0,0.0,3.15,3.0,2.15
2001,2002-03-17,BRES,LAZ,1,2,-1,0.0,3.0,2.65,2.9,2.55
2001,2002-03-17,CHI,VEN,0,0,0,1.0,1.0,1.31,4.3,8.6
2001,2002-03-17,FIO,BOLG,2,0,1,3.0,0.0,2.7,3.25,2.3
2001,2002-03-17,JUV,VER,1,1,0,1.0,1.0,1.31,4.3,8.6
2001,2002-03-17,LEC,INT,5,0,1,3.0,0.0,4.75,3.15,1.7
2001,2002-03-17,MIL,TOR,1,1,0,1.0,1.0,1.53,3.3,6.25
2001,2002-03-17,PER,PAR,1,1,0,1.0,1.0,2.35,2.9,2.9
2001,2002-03-17,UDI,PIA,3,2,1,3.0,0.0,1.9,3.0,3.9
2001,2002-03-16,ROM,ATA,3,1,1,3.0,0.0,1.31,4.3,8.6
2001,2002-03-13,PAR,CHI,2,3,-1,0.0,3.0,1.95,3.05,3.65
2001,2002-03-10,ATA,LEC,0,1,-1,0.0,3.0,1.85,3.1,3.95
2001,2002-03-10,BOLG,MIL,2,1,1,3.0,0.0,2.35,2.9,2.9
2001,2002-03-10,FIO,UDI,1,2,-1,0.0,3.0,1.95,3.15,3.45
2001,2002-03-10,LAZ,ROM,1,4,-1,0.0,3.0,2.85,2.95,2.33
2001,2002-03-10,PIA,PER,2,0,1,3.0,0.0,2.0,3.0,3.55
2001,2002-03-10,TOR,CHI,0,2,-1,0.0,3.0,2.3,2.9,3.0
2001,2002-03-10,VEN,BRES,0,1,-1,0.0,3.0,3.5,3.3,1.9
2001,2002-03-10,VER,PAR,2,4,-1,0.0,3.0,2.65,2.6,2.75
2001,2002-03-09,INT,JUV,1,2,-1,0.0,3.0,2.3,2.9,2.95
2001,2002-03-03,BRES,PIA,4,1,1,3.0,0.0,1.95,3.0,3.7
2001,2002-03-03,JUV,BOLG,0,0,0,1.0,1.0,1.42,3.6,7.35
2001,2002-03-03,LAZ,VEN,1,0,1,3.0,0.0,1.18,5.2,12.9
2001,2002-03-03,LEC,ROM,1,1,0,1.0,1.0,4.55,3.0,1.77
2001,2002-03-03,MIL,INT,1,0,1,3.0,0.0,2.78,2.75,2.52
2001,2002-03-03,PER,TOR,1,1,0,1.0,1.0,2.0,2.75,4.0
2001,2002-03-03,UDI,ATA,2,2,0,1.0,1.0,1.92,2.95,3.9
2001,2002-03-03,VER,FIO,1,1,0,1.0,1.0,1.6,3.45,4.95
2001,2002-02-24,ATA,LAZ,2,3,-1,0.0,3.0,2.6,2.85,2.65
2001,2002-02-24,BOLG,VER,2,0,1,3.0,0.0,1.65,3.25,5.0
2001,2002-02-24,CHI,BRES,0,1,-1,0.0,3.0,1.63,3.3,5.0
2001,2002-02-24,FIO,LEC,4,1,1,3.0,0.0,1.7,3.3,4.4
2001,2002-02-24,INT,UDI,1,0,1,3.0,0.0,1.4,3.8,7.2
2001,2002-02-24,PIA,PAR,0,2,-1,0.0,3.0,2.45,3.0,2.7
2001,2002-02-24,TOR,JUV,1,0,1,3.0,0.0,4.25,3.1,1.8
2001,2002-02-24,VEN,MIL,1,2,-1,0.0,3.0,5.0,3.4,1.6
2001,2002-02-23,ROM,PER,1,0,1,3.0,0.0,1.38,4.0,7.15
2001,2002-02-17,BRES,ROM,1,2,-1,0.0,3.0,3.95,3.1,1.85
2001,2002-02-17,LAZ,CHI,1,2,-1,0.0,3.0,1.7,3.25,4.52
2001,2002-02-17,PAR,TOR,2,1,1,3.0,0.0,1.7,3.1,4.85
2001,2002-02-17,PER,LEC,3,0,1,3.0,0.0,1.93,3.15,3.55
2001,2002-02-17,PIA,VEN,2,1,1,3.0,0.0,1.76,3.15,4.4
2001,2002-02-17,UDI,BOLG,1,1,0,1.0,1.0,2.2,2.9,3.15
2001,2002-02-17,VER,INT,2,0,1,3.0,0.0,3.15,3.0,2.15
2001,2002-02-16,JUV,FIO,2,1,1,3.0,0.0,1.2,5.0,11.9
2001,2002-02-16,MIL,ATA,2,0,1,3.0,0.0,1.47,3.5,6.6
2001,2002-02-10,ATA,BRES,1,1,0,1.0,1.0,1.85,3.0,4.15
2001,2002-02-10,BOLG,INT,2,0,1,3.0,0.0,3.4,3.0,2.05
2001,2002-02-10,LEC,VER,1,2,-1,0.0,3.0,2.25,2.9,3.05
2001,2002-02-10,MIL,PER,0,2,-1,0.0,3.0,1.4,3.8,7.2
2001,2002-02-10,PAR,LAZ,2,0,1,3.0,0.0,2.3,2.95,2.92
2001,2002-02-10,ROM,JUV,1,1,0,1.0,1.0,2.25,2.9,3.05
2001,2002-02-10,TOR,PIA,2,2,0,1.0,1.0,1.85,2.95,4.2
2001,2002-02-10,VEN,FIO,1,1,0,1.0,1.0,2.33,3.1,2.75
2001,2002-02-09,CHI,UDI,1,0,1,3.0,0.0,1.75,3.2,4.32
2001,2002-02-03,BOLG,VEN,0,2,-1,0.0,3.0,1.5,3.5,6.3
2001,2002-02-03,BRES,PAR,1,0,1,3.0,0.0,2.35,2.9,2.9
2001,2002-02-03,FIO,ROM,0,3,-1,0.0,3.0,4.2,3.2,1.75
2001,2002-02-03,JUV,LEC,0,2,-1,0.0,3.0,1.21,5.0,11.0
2001,2002-02-03,LAZ,MIL,2,2,0,1.0,1.0,2.15,3.0,3.15
2001,2002-02-03,PIA,CHI,1,1,0,1.0,1.0,2.4,3.0,2.75
2001,2002-02-03,UDI,PER,1,1,0,1.0,1.0,1.85,3.0,4.15
2001,2002-02-03,VER,ATA,3,1,1,3.0,0.0,1.9,3.05,3.8
2001,2002-02-02,INT,TOR,1,1,0,1.0,1.0,1.33,4.2,7.85
2001,2002-01-30,CHI,LAZ,2,3,-1,0.0,3.0,2.25,3.1,2.85
2001,2002-01-27,ATA,FIO,2,1,1,3.0,0.0,1.9,3.05,3.85
2001,2002-01-27,CHI,JUV,1,1,0,1.0,1.0,3.25,3.1,2.05
2001,2002-01-27,LEC,BRES,1,1,0,1.0,1.0,2.1,3.0,3.3
2001,2002-01-27,MIL,UDI,2,0,1,3.0,0.0,1.4,3.85,7.0
2001,2002-01-27,PER,VER,2,1,1,3.0,0.0,2.05,3.0,3.4
2001,2002-01-27,ROM,PIA,2,0,1,3.0,0.0,1.3,4.4,8.3
2001,2002-01-27,TOR,LAZ,2,1,1,3.0,0.0,2.9,3.0,2.3
2001,2002-01-27,VEN,INT,1,0,1,3.0,0.0,5.75,3.65,1.5
2001,2002-01-26,PAR,BOLG,3,0,1,3.0,0.0,1.95,3.2,3.5
2001,2002-01-20,BOLG,CHI,0,2,-1,0.0,3.0,2.2,2.9,3.15
2001,2002-01-20,FIO,MIL,2,2,0,1.0,1.0,3.2,3.05,2.1
2001,2002-01-20,INT,PAR,5,0,1,3.0,0.0,1.4,3.85,7.25
2001,2002-01-20,JUV,ATA,2,0,1,3.0,0.0,1.28,4.5,9.0
2001,2002-01-20,LAZ,PER,3,1,1,3.0,0.0,1.4,3.8,7.2
2001,2002-01-20,LEC,PIA,3,1,1,3.0,0.0,1.95,2.9,3.85
2001,2002-01-20,UDI,ROM,2,3,-1,0.0,3.0,3.75,3.3,1.84
2001,2002-01-20,VER,VEN,1,1,0,1.0,1.0,1.55,3.35,5.85
2001,2002-01-19,BRES,TOR,3,4,-1,0.0,3.0,2.0,2.85,3.7
2001,2002-01-13,ATA,BOLG,2,1,1,3.0,0.0,2.05,3.1,3.3
2001,2002-01-13,CHI,FIO,0,1,-1,0.0,3.0,1.44,3.75,6.4
2001,2002-01-13,MIL,BRES,3,0,1,3.0,0.0,1.35,4.1,7.6
2001,2002-01-13,PAR,LEC,1,0,1,3.0,0.0,1.6,3.3,5.3
2001,2002-01-13,PER,INT,1,1,0,1.0,1.0,3.6,3.0,2.0
2001,2002-01-13,PIA,LAZ,0,1,-1,0.0,3.0,3.3,3.0,2.1
2001,2002-01-13,ROM,VER,0,2,-1,0.0,3.0,1.33,4.1,8.3
2001,2002-01-13,TOR,UDI,2,1,1,3.0,0.0,1.9,3.1,3.6
2001,2002-01-13,VEN,JUV,3,0,1,3.0,0.0,5.65,3.4,1.55
2001,2002-01-06,ATA,CHI,4,0,1,3.0,0.0,2.2,2.95,3.1
2001,2002-01-06,BOLG,BRES,1,0,1,3.0,0.0,1.75,3.2,4.3
2001,2002-01-06,FIO,PER,3,1,1,3.0,0.0,1.95,3.05,3.65
2001,2002-01-06,INT,LAZ,1,1,0,1.0,1.0,1.9,3.05,3.8
2001,2002-01-06,JUV,UDI,4,0,1,3.0,0.0,1.35,4.0,8.0
2001,2002-01-06,ROM,TOR,1,0,1,3.0,0.0,1.3,4.4,8.35
2001,2002-01-06,VEN,PAR,1,2,-1,0.0,3.0,2.65,3.1,2.35
2001,2002-01-06,VER,PIA,1,0,1,3.0,0.0,1.82,3.1,4.1
2001,2002-01-05,LEC,MIL,3,2,1,3.0,0.0,3.4,2.95,2.08
2001,2001-12-23,BRES,JUV,5,0,1,3.0,0.0,3.4,2.9,2.1
2001,2001-12-23,MIL,VER,1,2,-1,0.0,3.0,1.36,3.85,8.2
2001,2001-12-23,PAR,FIO,0,1,-1,0.0,3.0,1.75,3.15,4.4
2001,2001-12-23,PER,ATA,3,0,1,3.0,0.0,2.1,3.0,3.25
2001,2001-12-23,PIA,INT,2,3,-1,0.0,3.0,4.0,3.1,1.85
2001,2001-12-23,TOR,VEN,2,2,0,1.0,1.0,1.62,3.2,5.35
2001,2001-12-23,UDI,LEC,2,2,0,1.0,1.0,1.67,3.2,4.9
2001,2001-12-22,CHI,ROM,2,0,1,3.0,0.0,2.6,2.9,2.6
2001,2001-12-22,LAZ,BOLG,1,2,-1,0.0,3.0,1.45,3.7,6.5
2001,2001-12-19,ATA,MIL,1,0,1,3.0,0.0,3.0,2.95,2.25
2001,2001-12-19,BOLG,UDI,1,1,0,1.0,1.0,1.9,3.05,3.85
2001,2001-12-19,FIO,JUV,3,4,-1,0.0,3.0,3.95,3.1,1.85
2001,2001-12-19,INT,VER,0,0,0,1.0,1.0,1.3,4.35,9.3
2001,2001-12-19,LEC,PER,2,0,1,3.0,0.0,1.88,3.0,4.0
2001,2001-12-19,ROM,BRES,1,1,0,1.0,1.0,1.28,4.45,9.0
2001,2001-12-19,TOR,PAR,1,1,0,1.0,1.0,2.2,2.9,3.15
2001,2001-12-19,VEN,PIA,1,1,0,1.0,1.0,2.22,2.95,3.05
2001,2001-12-16,ATA,PAR,2,0,1,3.0,0.0,2.25,2.9,3.05
2001,2001-12-16,BOLG,PER,1,0,1,3.0,0.0,1.6,3.25,5.45
2001,2001-12-16,FIO,BRES,2,0,1,3.0,0.0,2.2,3.0,3.05
2001,2001-12-16,JUV,PIA,3,2,1,3.0,0.0,1.25,4.6,10.0
2001,2001-12-16,LEC,TOR,1,3,-1,0.0,3.0,1.9,3.0,3.9
2001,2001-12-16,ROM,MIL,1,0,1,3.0,0.0,2.03,3.0,3.45
2001,2001-12-16,VEN,UDI,0,2,-1,0.0,3.0,2.55,2.95,2.6
2001,2001-12-16,VER,LAZ,1,4,-1,0.0,3.0,3.2,2.95,2.15
2001,2001-12-15,INT,CHI,3,1,1,3.0,0.0,1.48,3.5,6.5
2001,2001-12-09,BRES,INT,1,0,1,3.0,0.0,3.55,3.0,2.0
2001,2001-12-09,CHI,LEC,0,0,0,1.0,1.0,1.6,3.25,5.4
2001,2001-12-09,LAZ,FIO,1,0,1,3.0,0.0,1.26,4.65,9.25
2001,2001-12-09,MIL,JUV,3,4,-1,0.0,3.0,,,
2001,2001-12-09,PAR,ROM,1,1,0,1.0,1.0,2.87,2.95,2.31
2001,2001-12-09,PER,VEN,1,1,0,1.0,1.0,1.7,3.2,4.65
2001,2001-12-09,TOR,ATA,2,1,1,3.0,0.0,2.05,3.0,3.4
2001,2001-12-09,UDI,VER,2,0,1,3.0,0.0,2.0,3.0,3.55
2001,2001-12-08,PIA,BOLG,1,2,-1,0.0,3.0,2.3,2.9,2.95
2001,2001-12-02,ATA,INT,4,1,1,3.0,0.0,3.2,2.9,2.17
2001,2001-12-02,BOLG,TOR,1,1,0,1.0,1.0,1.77,3.1,4.4
2001,2001-12-02,FIO,PIA,1,1,0,1.0,1.0,1.85,3.05,4.15
2001,2001-12-02,LEC,LAZ,1,2,-1,0.0,3.0,3.4,3.0,2.05
2001,2001-12-02,MIL,CHI,5,3,1,3.0,0.0,1.55,3.4,5.6
2001,2001-12-02,ROM,VEN,5,0,1,3.0,0.0,1.19,5.5,11.0
2001,2001-12-02,UDI,PAR,1,2,-1,0.0,3.0,2.4,2.9,2.9
2001,2001-12-02,VER,BRES,1,3,-1,0.0,3.0,2.1,2.9,3.4
2001,2001-12-01,JUV,PER,0,0,0,1.0,1.0,1.27,4.6,9.0
2001,2001-11-25,BOLG,ROM,2,1,1,3.0,0.0,2.85,2.9,2.4
2001,2001-11-25,BRES,UDI,1,1,0,1.0,1.0,2.1,2.95,3.3
2001,2001-11-25,CHI,PER,2,1,1,3.0,0.0,1.68,3.1,5.1
2001,2001-11-25,INT,FIO,0,2,-1,0.0,3.0,1.34,4.0,8.0
2001,2001-11-25,PAR,MIL,2,1,1,3.0,0.0,2.5,2.85,2.75
2001,2001-11-25,PIA,ATA,2,1,1,3.0,0.0,2.15,2.9,3.3
2001,2001-11-25,TOR,VER,0,2,-1,0.0,3.0,2.15,2.9,3.3
2001,2001-11-25,VEN,LEC,1,4,-1,0.0,3.0,2.15,2.95,3.2
2001,2001-11-24,LAZ,JUV,5,0,1,3.0,0.0,,,
2001,2001-11-18,ATA,VEN,1,2,-1,0.0,3.0,1.65,3.25,5.0
2001,2001-11-18,FIO,TOR,2,0,1,3.0,0.0,2.02,2.9,3.4
2001,2001-11-18,JUV,PAR,1,0,1,3.0,0.0,1.55,3.3,6.0
2001,2001-11-18,LEC,BOLG,0,1,-1,0.0,3.0,2.35,2.8,3.0
2001,2001-11-18,MIL,PIA,0,0,0,1.0,1.0,1.3,4.4,8.5
2001,2001-11-18,PER,BRES,2,0,1,3.0,0.0,2.15,2.9,3.27
2001,2001-11-18,UDI,LAZ,1,2,-1,0.0,3.0,2.85,3.0,2.32
2001,2001-11-18,VER,CHI,2,1,1,3.0,0.0,2.55,2.8,2.75
2001,2001-11-17,ROM,INT,2,0,1,3.0,0.0,1.91,3.0,3.8
2001,2001-11-04,ATA,ROM,3,0,1,3.0,0.0,3.65,3.05,1.95
2001,2001-11-04,BOLG,FIO,0,0,0,1.0,1.0,1.7,3.2,4.65
2001,2001-11-04,INT,LEC,0,1,-1,0.0,3.0,1.3,4.35,8.5
2001,2001-11-04,LAZ,BRES,5,1,1,3.0,0.0,1.5,3.55,6.0
2001,2001-11-04,PAR,PER,1,2,-1,0.0,3.0,1.6,3.3,5.3
2001,2001-11-04,PIA,UDI,1,1,0,1.0,1.0,2.2,2.9,3.15
2001,2001-11-04,TOR,MIL,1,1,0,1.0,1.0,3.3,3.1,2.05
2001,2001-11-04,VER,JUV,0,3,-1,0.0,3.0,3.75,3.1,1.91
2001,2001-11-03,VEN,CHI,1,1,0,1.0,1.0,2.7,3.0,2.3
2001,2001-10-28,BRES,VEN,0,1,-1,0.0,3.0,1.63,3.2,5.25
2001,2001-10-28,CHI,TOR,2,1,1,3.0,0.0,1.68,3.15,4.9
2001,2001-10-28,LEC,ATA,1,1,0,1.0,1.0,1.83,3.05,4.15
2001,2001-10-28,MIL,BOLG,2,0,1,3.0,0.0,1.45,3.6,6.5
2001,2001-10-28,PAR,VER,0,1,-1,0.0,3.0,1.6,3.25,5.4
2001,2001-10-28,PER,PIA,1,0,1,3.0,0.0,1.93,3.0,3.75
2001,2001-10-28,UDI,FIO,2,1,1,3.0,0.0,1.68,3.5,4.2
2001,2001-10-27,JUV,INT,1,0,1,3.0,0.0,2.0,3.05,3.45
2001,2001-10-27,ROM,LAZ,1,0,1,3.0,0.0,2.2,3.0,3.05
2001,2001-10-21,ATA,UDI,3,0,1,3.0,0.0,1.95,3.0,3.7
2001,2001-10-21,CHI,PAR,0,2,-1,0.0,3.0,2.45,2.85,2.8
2001,2001-10-21,FIO,VER,1,2,-1,0.0,3.0,1.75,3.2,4.3
2001,2001-10-21,INT,MIL,1,2,-1,0.0,3.0,,,
2001,2001-10-21,PIA,BRES,1,1,0,1.0,1.0,2.1,2.9,3.4
2001,2001-10-21,ROM,LEC,1,1,0,1.0,1.0,1.32,4.1,8.0
2001,2001-10-21,TOR,PER,0,1,-1,0.0,3.0,2.1,2.9,3.4
2001,2001-10-21,VEN,LAZ,1,0,1,3.0,0.0,3.4,3.0,2.05
2001,2001-10-20,BOLG,JUV,0,1,-1,0.0,3.0,3.05,3.0,2.2
2001,2001-10-14,BRES,CHI,2,1,1,3.0,0.0,,,
2001,2001-10-14,JUV,TOR,2,1,1,3.0,0.0,,,
2001,2001-10-14,LEC,FIO,1,1,0,1.0,1.0,,,
2001,2001-10-14,MIL,VEN,1,1,0,1.0,1.0,,,
2001,2001-10-14,PAR,PIA,0,1,-1,0.0,3.0,,,
2001,2001-10-14,UDI,INT,2,0,1,3.0,0.0,,,
2001,2001-10-14,VER,BOLG,3,0,1,3.0,0.0,,,
2001,2001-10-13,LAZ,ATA,1,1,0,1.0,1.0,,,
2001,2001-10-13,PER,ROM,3,0,1,3.0,0.0,,,
2001,2001-09-30,BRES,ATA,0,1,-1,0.0,3.0,,,
2001,2001-09-30,FIO,VEN,1,1,0,1.0,1.0,,,
2001,2001-09-30,INT,BOLG,3,0,1,3.0,0.0,,,
2001,2001-09-30,LAZ,PAR,0,1,-1,0.0,3.0,,,
2001,2001-09-30,PER,MIL,2,1,1,3.0,0.0,,,
2001,2001-09-30,PIA,TOR,2,2,0,1.0,1.0,,,
2001,2001-09-30,UDI,CHI,0,2,-1,0.0,3.0,,,
2001,2001-09-30,VER,LEC,1,2,-1,0.0,3.0,,,
2001,2001-09-29,JUV,ROM,2,2,0,1.0,1.0,,,
2001,2001-09-23,ATA,VER,3,0,1,3.0,0.0,,,
2001,2001-09-23,CHI,PIA,2,1,1,3.0,0.0,,,
2001,2001-09-23,MIL,LAZ,1,0,1,3.0,0.0,,,
2001,2001-09-23,PAR,BRES,0,0,0,1.0,1.0,,,
2001,2001-09-23,PER,UDI,1,1,0,1.0,1.0,,,
2001,2001-09-23,ROM,FIO,1,0,1,3.0,0.0,,,
2001,2001-09-23,TOR,INT,3,2,1,3.0,0.0,,,
2001,2001-09-23,VEN,BOLG,3,2,1,3.0,0.0,,,
2001,2001-09-22,LEC,JUV,3,1,1,3.0,0.0,,,
2001,2001-09-16,BOLG,PAR,1,1,0,1.0,1.0,,,
2001,2001-09-16,BRES,LEC,1,3,-1,0.0,3.0,,,
2001,2001-09-16,FIO,ATA,2,1,1,3.0,0.0,,,
2001,2001-09-16,INT,VEN,2,1,1,3.0,0.0,,,
2001,2001-09-16,LAZ,TOR,2,0,1,3.0,0.0,,,
2001,2001-09-16,PIA,ROM,1,4,-1,0.0,3.0,,,
2001,2001-09-16,UDI,MIL,2,0,1,3.0,0.0,,,
2001,2001-09-16,VER,PER,1,1,0,1.0,1.0,,,
2001,2001-09-15,JUV,CHI,5,3,1,3.0,0.0,,,
2001,2001-09-09,ATA,JUV,0,0,0,1.0,1.0,,,
2001,2001-09-09,CHI,BOLG,0,0,0,1.0,1.0,,,
2001,2001-09-09,MIL,FIO,1,1,0,1.0,1.0,,,
2001,2001-09-09,PAR,INT,3,0,1,3.0,0.0,,,
2001,2001-09-09,PIA,LEC,1,1,0,1.0,1.0,,,
2001,2001-09-09,TOR,BRES,1,0,1,3.0,0.0,,,
2001,2001-09-09,VEN,VER,0,2,-1,0.0,3.0,,,
2001,2001-09-08,PER,LAZ,1,1,0,1.0,1.0,,,
2001,2001-09-08,ROM,UDI,3,0,1,3.0,0.0,,,
2001,2001-08-26,BRES,MIL,2,2,0,1.0,1.0,,,
2001,2001-08-26,FIO,CHI,2,0,1,3.0,0.0,,,
2001,2001-08-26,INT,PER,1,2,-1,0.0,3.0,,,
2001,2001-08-26,JUV,VEN,1,2,-1,0.0,3.0,,,
2001,2001-08-26,LAZ,PIA,3,2,1,3.0,0.0,,,
2001,2001-08-26,LEC,PAR,3,2,1,3.0,0.0,,,
2001,2001-08-26,UDI,TOR,3,1,1,3.0,0.0,,,
2001,2001-08-26,VER,ROM,1,0,1,3.0,0.0,,,
2001,2001-08-25,BOLG,ATA,1,0,1,3.0,0.0,,,
2000,2001-06-17,BRES,BARI,3,2,1,3.0,0.0,1.3,4.3,6.5
2000,2001-06-17,FIO,NAP,1,2,-1,0.0,3.0,,,
2000,2001-06-17,INT,BOLG,2,1,1,3.0,0.0,1.82,3.1,3.85
2000,2001-06-17,JUV,ATA,3,2,1,3.0,0.0,1.08,6.0,13.0
2000,2001-06-17,LEC,LAZ,2,1,1,3.0,0.0,2.45,3.6,2.1
2000,2001-06-17,REG,MIL,1,1,0,1.0,1.0,1.55,4.15,4.1
2000,2001-06-17,ROM,PAR,2,3,-1,0.0,3.0,1.27,4.2,8.0
2000,2001-06-17,UDI,VIC,2,2,0,1.0,1.0,,,
2000,2001-06-17,VER,PER,1,1,0,1.0,1.0,1.17,5.25,9.0
2000,2001-06-10,ATA,UDI,2,2,0,1.0,1.0,2.05,2.8,3.6
2000,2001-06-10,BARI,INT,1,0,1,3.0,0.0,8.0,4.3,1.3
2000,2001-06-10,BOLG,LEC,3,0,1,3.0,0.0,1.85,3.0,3.95
2000,2001-06-10,LAZ,FIO,2,1,1,3.0,0.0,1.3,4.3,8.0
2000,2001-06-10,MIL,BRES,4,0,1,3.0,0.0,1.38,3.85,7.1
2000,2001-06-10,NAP,ROM,2,0,1,3.0,0.0,4.4,3.35,1.6
2000,2001-06-10,PAR,VER,1,1,0,1.0,1.0,,,
2000,2001-06-10,PER,REG,1,3,-1,0.0,3.0,2.7,2.85,2.5
2000,2001-06-10,VIC,JUV,2,3,-1,0.0,3.0,4.1,3.4,1.65
2000,2001-05-27,BRES,VIC,3,1,1,3.0,0.0,2.1,2.4,4.4
2000,2001-05-27,FIO,ATA,0,0,0,1.0,1.0,1.8,3.05,4.15
2000,2001-05-27,INT,LAZ,1,0,1,3.0,0.0,3.4,3.05,1.9
2000,2001-05-27,JUV,PER,0,0,0,1.0,1.0,1.2,5.0,9.7
2000,2001-05-27,LEC,PAR,1,0,1,3.0,0.0,2.57,2.9,2.55
2000,2001-05-27,REG,BARI,1,1,0,1.0,1.0,1.17,4.8,10.0
2000,2001-05-27,ROM,MIL,0,0,0,1.0,1.0,1.55,3.35,5.25
2000,2001-05-27,UDI,NAP,2,3,-1,0.0,3.0,1.77,3.1,4.25
2000,2001-05-27,VER,BOLG,1,1,0,1.0,1.0,2.13,3.1,3.0
2000,2001-05-20,ATA,REG,1,1,0,1.0,1.0,1.68,3.25,4.65
2000,2001-05-20,BARI,ROM,0,1,-1,0.0,3.0,7.45,4.8,1.28
2000,2001-05-20,BOLG,JUV,1,0,1,3.0,0.0,3.32,3.0,2.05
2000,2001-05-20,LAZ,UDI,3,1,1,3.0,0.0,1.32,4.25,7.8
2000,2001-05-20,NAP,VER,0,2,-1,0.0,3.0,1.85,3.1,3.9
2000,2001-05-20,PER,BRES,0,0,0,1.0,1.0,1.98,2.75,4.0
2000,2001-05-20,VIC,LEC,1,2,-1,0.0,3.0,1.9,2.9,4.0
2000,2001-05-17,MIL,FIO,4,1,1,3.0,0.0,1.5,3.45,5.8
2000,2001-05-17,PAR,INT,3,1,1,3.0,0.0,1.85,3.15,3.9
2000,2001-05-12,BARI,VIC,1,1,0,1.0,1.0,3.6,3.25,1.85
2000,2001-05-12,BRES,BOLG,2,0,1,3.0,0.0,2.05,2.9,3.4
2000,2001-05-12,NAP,LAZ,1,0,1,3.0,0.0,3.8,3.1,1.86
2000,2001-05-12,REG,PAR,1,1,0,1.0,1.0,3.1,3.05,2.13
2000,2001-05-12,ROM,ATA,2,1,1,3.0,0.0,1.25,4.2,9.0
2000,2001-05-12,UDI,PER,0,1,-1,0.0,3.0,1.9,3.05,3.75
2000,2001-05-12,VER,LEC,0,0,0,1.0,1.0,1.9,3.0,3.65
2000,2001-05-11,FIO,JUV,2,1,1,3.0,0.0,2.82,2.95,2.35
2000,2001-05-11,INT,MIL,2,0,1,3.0,0.0,2.47,2.85,2.75
2000,2001-05-06,INT,ATA,3,2,1,3.0,0.0,1.65,3.25,4.95
2000,2001-05-06,JUV,ROM,3,0,1,3.0,0.0,2.17,2.9,3.22
2000,2001-05-06,LAZ,BARI,0,1,-1,0.0,3.0,1.15,6.0,12.5
2000,2001-05-06,PAR,NAP,1,1,0,1.0,1.0,1.35,4.05,7.75
2000,2001-05-06,PER,MIL,2,3,-1,0.0,3.0,2.88,2.95,2.35
2000,2001-05-06,VER,FIO,2,0,1,3.0,0.0,2.7,2.9,2.5
2000,2001-05-06,VIC,REG,0,0,0,1.0,1.0,1.82,3.05,4.17
2000,2001-05-05,BOLG,UDI,0,0,0,1.0,1.0,1.57,3.25,4.8
2000,2001-05-05,LEC,BRES,0,0,0,1.0,1.0,2.05,2.9,3.55
2000,2001-04-29,ATA,BOLG,0,3,-1,0.0,3.0,2.0,3.0,3.55
2000,2001-04-29,BARI,PER,2,2,0,1.0,1.0,2.7,2.9,2.5
2000,2001-04-29,BRES,INT,2,1,1,3.0,0.0,2.85,2.9,2.4
2000,2001-04-29,FIO,UDI,1,2,-1,0.0,3.0,1.6,3.3,5.3
2000,2001-04-29,JUV,LEC,1,1,0,1.0,1.0,1.2,4.8,11.0
2000,2001-04-29,MIL,VER,0,2,-1,0.0,3.0,1.27,4.6,9.0
2000,2001-04-29,ROM,LAZ,1,0,1,3.0,0.0,2.4,2.85,2.85
2000,2001-04-28,REG,NAP,2,0,1,3.0,0.0,2.2,2.85,3.2
2000,2001-04-28,VIC,PAR,4,2,1,3.0,0.0,2.95,2.85,2.35
2000,2001-04-22,BOLG,BARI,2,0,1,3.0,0.0,1.42,3.65,7.25
2000,2001-04-22,LAZ,VIC,2,0,1,3.0,0.0,1.27,4.5,9.0
2000,2001-04-22,LEC,MIL,1,2,-1,0.0,3.0,2.9,2.95,2.3
2000,2001-04-22,PAR,JUV,1,2,-1,0.0,3.0,2.6,2.75,2.73
2000,2001-04-22,PER,ATA,2,3,-1,0.0,3.0,2.4,2.9,2.8
2000,2001-04-22,UDI,ROM,1,0,1,3.0,0.0,3.6,3.2,1.9
2000,2001-04-22,VER,REG,3,1,1,3.0,0.0,1.65,3.3,4.8
2000,2001-04-21,INT,FIO,1,1,0,1.0,1.0,1.8,3.05,4.3
2000,2001-04-21,NAP,BRES,1,0,1,3.0,0.0,2.05,3.0,3.4
2000,2001-04-18,LAZ,PAR,2,2,0,1.0,1.0,1.73,3.2,4.45
2000,2001-04-14,ATA,PAR,1,0,1,3.0,0.0,2.5,2.8,2.8
2000,2001-04-14,BARI,NAP,0,1,-1,0.0,3.0,2.05,3.0,3.4
2000,2001-04-14,BRES,VER,1,1,0,1.0,1.0,1.8,3.05,4.3
2000,2001-04-14,FIO,LEC,2,1,1,3.0,0.0,1.58,3.3,5.6
2000,2001-04-14,JUV,INT,0,2,-1,0.0,3.0,,,
2000,2001-04-14,MIL,UDI,0,1,-1,0.0,3.0,1.5,3.5,6.2
2000,2001-04-14,REG,LAZ,2,0,1,3.0,0.0,4.15,3.15,1.8
2000,2001-04-14,ROM,PER,3,2,1,3.0,0.0,1.25,4.65,9.6
2000,2001-04-14,VIC,BOLG,3,1,1,3.0,0.0,2.4,2.85,2.9
2000,2001-04-09,FIO,ROM,3,1,1,3.0,0.0,2.95,2.95,2.3
2000,2001-04-08,BOLG,PER,1,1,0,1.0,1.0,1.72,3.1,4.7
2000,2001-04-08,BRES,REG,3,3,0,1.0,1.0,1.83,3.0,4.1
2000,2001-04-08,INT,VIC,1,0,1,3.0,0.0,1.35,4.0,8.0
2000,2001-04-08,LEC,ATA,1,3,-1,0.0,3.0,2.4,3.0,2.8
2000,2001-04-08,NAP,MIL,4,0,1,3.0,0.0,2.9,2.75,2.45
2000,2001-04-08,UDI,BARI,0,2,-1,0.0,3.0,1.55,3.35,5.8
2000,2001-04-08,VER,JUV,1,0,1,3.0,0.0,3.85,3.1,1.8
2000,2001-04-01,ATA,NAP,2,0,1,3.0,0.0,1.6,3.35,5.25
2000,2001-04-01,JUV,BRES,2,3,-1,0.0,3.0,1.23,4.9,10.0
2000,2001-04-01,MIL,LAZ,0,1,-1,0.0,3.0,2.4,2.9,2.85
2000,2001-04-01,PAR,BOLG,2,1,1,3.0,0.0,1.55,3.4,5.7
2000,2001-04-01,PER,INT,3,0,1,3.0,0.0,2.7,2.85,2.55
2000,2001-04-01,REG,UDI,5,1,1,3.0,0.0,2.35,2.95,2.85
2000,2001-04-01,ROM,VER,1,1,0,1.0,1.0,1.23,5.0,10.0
2000,2001-03-31,BARI,LEC,2,0,1,3.0,0.0,2.35,2.85,2.95
2000,2001-03-31,VIC,FIO,3,0,1,3.0,0.0,2.5,2.8,2.8
2000,2001-03-19,BRES,ATA,1,1,0,1.0,1.0,2.55,2.9,2.6
2000,2001-03-18,FIO,BOLG,2,1,1,3.0,0.0,1.8,3.1,4.2
2000,2001-03-18,LAZ,JUV,2,1,1,3.0,0.0,2.25,3.0,2.9
2000,2001-03-18,LEC,INT,2,1,1,3.0,0.0,2.65,2.9,2.55
2000,2001-03-18,MIL,BARI,1,1,0,1.0,1.0,1.3,4.4,8.5
2000,2001-03-18,NAP,PER,3,1,1,3.0,0.0,1.95,3.0,3.7
2000,2001-03-18,REG,ROM,2,1,1,3.0,0.0,4.85,3.25,1.65
2000,2001-03-18,UDI,PAR,1,0,1,3.0,0.0,2.6,2.85,2.65
2000,2001-03-18,VER,VIC,0,1,-1,0.0,3.0,1.9,2.95,4.0
2000,2001-03-11,BOLG,LAZ,1,0,1,3.0,0.0,3.35,2.9,2.1
2000,2001-03-11,INT,VER,3,1,1,3.0,0.0,1.35,4.0,7.6
2000,2001-03-11,JUV,REG,1,0,1,3.0,0.0,1.18,5.4,11.0
2000,2001-03-11,LEC,UDI,1,0,1,3.0,0.0,2.35,2.9,2.85
2000,2001-03-11,PAR,BARI,0,2,-1,0.0,3.0,1.3,4.2,8.65
2000,2001-03-11,PER,FIO,2,2,0,1.0,1.0,2.37,2.9,2.85
2000,2001-03-11,ROM,BRES,2,0,1,3.0,0.0,1.22,4.8,10.5
2000,2001-03-10,ATA,MIL,2,0,1,3.0,0.0,2.3,2.95,2.85
2000,2001-03-10,VIC,NAP,0,0,0,1.0,1.0,2.0,3.0,3.5
2000,2001-03-04,BARI,FIO,3,1,1,3.0,0.0,2.35,3.0,2.75
2000,2001-03-04,MIL,PAR,2,1,1,3.0,0.0,1.88,3.1,3.75
2000,2001-03-04,NAP,LEC,0,1,-1,0.0,3.0,1.85,3.0,4.05
2000,2001-03-04,PER,VIC,0,0,0,1.0,1.0,1.72,3.1,4.6
2000,2001-03-04,ROM,INT,1,0,1,3.0,0.0,1.64,3.15,5.1
2000,2001-03-04,UDI,JUV,2,1,1,3.0,0.0,3.5,2.9,2.05
2000,2001-03-04,VER,ATA,2,3,-1,0.0,3.0,2.5,2.85,2.7
2000,2001-03-03,BRES,LAZ,1,1,0,1.0,1.0,3.55,3.1,1.94
2000,2001-03-03,REG,BOLG,1,0,1,3.0,0.0,2.4,2.9,2.8
2000,2001-02-25,BOLG,NAP,3,1,1,3.0,0.0,1.65,3.2,5.0
2000,2001-02-25,INT,UDI,2,0,1,3.0,0.0,1.65,3.2,5.0
2000,2001-02-25,JUV,MIL,3,1,1,3.0,0.0,1.7,3.1,4.8
2000,2001-02-25,LAZ,VER,0,1,-1,0.0,3.0,1.25,4.5,10.0
2000,2001-02-25,LEC,REG,1,1,0,1.0,1.0,1.7,3.1,4.8
2000,2001-02-25,PAR,PER,0,1,-1,0.0,3.0,1.55,3.3,5.9
2000,2001-02-25,VIC,ROM,0,0,0,1.0,1.0,4.25,3.05,1.8
2000,2001-02-24,ATA,BARI,2,1,1,3.0,0.0,1.45,3.5,6.9
2000,2001-02-24,FIO,BRES,1,4,-1,0.0,3.0,1.45,3.55,6.7
2000,2001-02-18,ATA,VIC,0,1,-1,0.0,3.0,1.55,3.35,5.8
2000,2001-02-18,BARI,JUV,2,1,1,3.0,0.0,4.1,3.2,1.77
2000,2001-02-18,NAP,INT,1,1,0,1.0,1.0,2.7,2.9,2.5
2000,2001-02-18,PAR,BRES,1,0,1,3.0,0.0,1.44,3.6,7.0
2000,2001-02-18,PER,LAZ,1,1,0,1.0,1.0,3.35,3.0,2.05
2000,2001-02-18,REG,FIO,1,0,1,3.0,0.0,2.73,2.9,2.45
2000,2001-02-18,ROM,LEC,1,1,0,1.0,1.0,1.23,4.75,10.0
2000,2001-02-17,MIL,BOLG,2,2,0,1.0,1.0,1.43,3.6,7.0
2000,2001-02-17,UDI,VER,2,0,1,3.0,0.0,1.56,3.35,5.5
2000,2001-02-11,BOLG,ROM,1,2,-1,0.0,3.0,3.15,3.0,2.15
2000,2001-02-11,BRES,UDI,1,1,0,1.0,1.0,2.25,2.9,3.0
2000,2001-02-11,FIO,PAR,2,1,1,3.0,0.0,1.97,3.0,3.6
2000,2001-02-11,JUV,NAP,1,0,1,3.0,0.0,1.25,4.65,9.3
2000,2001-02-11,LEC,PER,2,0,1,3.0,0.0,2.0,3.0,3.5
2000,2001-02-11,VER,BARI,1,0,1,3.0,0.0,1.83,3.0,4.2
2000,2001-02-11,VIC,MIL,2,4,-1,0.0,3.0,3.2,3.0,2.1
2000,2001-02-10,INT,REG,1,1,0,1.0,1.0,,,
2000,2001-02-10,LAZ,ATA,2,1,1,3.0,0.0,1.4,3.65,7.6
2000,2001-02-04,BARI,BRES,1,4,-1,0.0,3.0,1.87,3.0,3.95
2000,2001-02-04,BOLG,INT,3,1,1,3.0,0.0,2.4,2.8,2.9
2000,2001-02-04,LAZ,LEC,0,1,-1,0.0,3.0,1.25,4.6,10.0
2000,2001-02-04,MIL,REG,1,1,0,1.0,1.0,1.25,4.7,9.5
2000,2001-02-04,NAP,FIO,1,1,0,1.0,1.0,2.75,2.9,2.45
2000,2001-02-04,PAR,ROM,3,3,0,1.0,1.0,2.55,2.9,2.6
2000,2001-02-04,VIC,UDI,1,1,0,1.0,1.0,2.3,3.0,2.85
2000,2001-02-03,ATA,JUV,3,4,-1,0.0,3.0,3.2,2.85,2.17
2000,2001-02-03,PER,VER,2,0,1,3.0,0.0,1.77,3.0,4.5
2000,2001-01-28,BRES,MIL,2,1,1,3.0,0.0,3.45,2.9,2.05
2000,2001-01-28,FIO,LAZ,1,3,-1,0.0,3.0,2.45,2.9,2.7
2000,2001-01-28,INT,BARI,2,3,-1,0.0,3.0,1.33,4.1,7.8
2000,2001-01-28,JUV,VIC,0,2,-1,0.0,3.0,1.25,4.6,10.0
2000,2001-01-28,ROM,NAP,2,0,1,3.0,0.0,1.27,4.5,9.0
2000,2001-01-28,UDI,ATA,3,2,1,3.0,0.0,1.85,3.1,3.8
2000,2001-01-28,VER,PAR,2,4,-1,0.0,3.0,2.7,2.9,2.45
2000,2001-01-27,LEC,BOLG,2,1,1,3.0,0.0,2.05,3.0,3.35
2000,2001-01-27,REG,PER,0,1,-1,0.0,3.0,,,
2000,2001-01-21,ATA,FIO,1,1,0,1.0,1.0,2.42,3.0,2.7
2000,2001-01-21,BARI,REG,0,2,-1,0.0,3.0,1.85,3.05,3.9
2000,2001-01-21,MIL,ROM,3,2,1,3.0,0.0,2.3,2.9,2.95
2000,2001-01-21,NAP,UDI,2,0,1,3.0,0.0,2.0,3.0,3.45
2000,2001-01-21,PAR,LEC,1,2,-1,0.0,3.0,1.4,3.6,7.0
2000,2001-01-21,PER,JUV,2,1,1,3.0,0.0,3.7,3.1,1.85
2000,2001-01-21,VIC,BRES,1,1,0,1.0,1.0,1.85,3.1,3.85
2000,2001-01-20,BOLG,VER,0,0,0,1.0,1.0,1.6,3.1,5.3
2000,2001-01-20,LAZ,INT,1,1,0,1.0,1.0,1.75,3.1,4.4
2000,2001-01-14,INT,PAR,1,2,-1,0.0,3.0,1.87,3.1,3.5
2000,2001-01-14,JUV,BOLG,3,0,1,3.0,0.0,1.35,3.75,8.0
2000,2001-01-14,LEC,VIC,1,3,-1,0.0,3.0,1.95,3.1,3.5
2000,2001-01-14,REG,ATA,4,1,1,3.0,0.0,2.65,3.0,2.45
2000,2001-01-14,ROM,BARI,2,0,1,3.0,0.0,1.2,5.0,11.0
2000,2001-01-14,UDI,LAZ,3,4,-1,0.0,3.0,2.8,3.0,2.3
2000,2001-01-14,VER,NAP,1,0,1,3.0,0.0,2.05,3.05,3.25
2000,2001-01-13,BRES,PER,0,1,-1,0.0,3.0,2.25,2.9,2.95
2000,2001-01-13,FIO,MIL,1,1,0,1.0,1.0,2.2,2.9,3.1
2000,2001-01-07,ATA,ROM,2,2,0,1.0,1.0,2.85,3.0,2.25
2000,2001-01-07,BOLG,BRES,3,1,1,3.0,0.0,1.5,3.3,6.4
2000,2001-01-07,LAZ,NAP,2,1,1,3.0,0.0,1.2,4.5,11.0
2000,2001-01-07,LEC,VER,2,2,0,1.0,1.0,1.95,2.9,3.7
2000,2001-01-07,MIL,INT,3,0,1,3.0,0.0,2.1,2.8,3.6
2000,2001-01-07,PAR,REG,2,0,1,3.0,0.0,1.2,4.5,11.0
2000,2001-01-07,PER,UDI,2,4,-1,0.0,3.0,2.25,3.0,2.85
2000,2001-01-06,JUV,FIO,2,3,-1,0.0,3.0,1.6,3.2,5.0
2000,2001-01-06,VIC,BARI,3,2,1,3.0,0.0,1.85,3.0,3.8
2000,2000-12-23,ATA,INT,0,0,0,1.0,1.0,2.3,3.0,2.85
2000,2000-12-23,BRES,LEC,3,2,1,3.0,0.0,1.9,3.0,3.6
2000,2000-12-23,FIO,VER,2,0,1,3.0,0.0,1.47,3.4,6.75
2000,2000-12-23,MIL,PER,0,2,-1,0.0,3.0,1.25,4.5,9.8
2000,2000-12-23,NAP,PAR,1,1,0,1.0,1.0,2.65,2.8,2.6
2000,2000-12-23,REG,VIC,3,1,1,3.0,0.0,2.4,2.85,2.8
2000,2000-12-23,UDI,BOLG,2,0,1,3.0,0.0,1.85,3.1,3.85
2000,2000-12-22,BARI,LAZ,1,2,-1,0.0,3.0,3.9,3.0,1.9
2000,2000-12-22,ROM,JUV,1,1,0,1.0,1.0,2.15,2.95,3.1
2000,2000-12-17,BOLG,ATA,2,2,0,1.0,1.0,1.95,2.8,4.0
2000,2000-12-17,INT,BRES,1,3,-1,0.0,3.0,1.3,4.2,9.0
2000,2000-12-17,LAZ,ROM,1,0,1,3.0,0.0,2.45,2.65,3.0
2000,2000-12-17,LEC,JUV,0,3,-1,0.0,3.0,3.8,3.0,1.9
2000,2000-12-17,PAR,VIC,0,2,-1,0.0,3.0,1.27,4.5,8.0
2000,2000-12-17,UDI,FIO,4,2,1,3.0,0.0,1.95,2.9,3.8
2000,2000-12-17,VER,MIL,1,0,1,3.0,0.0,3.5,2.8,2.1
2000,2000-12-16,NAP,REG,0,1,-1,0.0,3.0,1.7,3.1,4.8
2000,2000-12-16,PER,BARI,1,1,0,1.0,1.0,1.9,2.8,4.2
2000,2000-12-10,ATA,PER,2,2,0,1.0,1.0,1.6,3.25,5.55
2000,2000-12-10,BARI,BOLG,0,1,-1,0.0,3.0,2.4,2.8,2.9
2000,2000-12-10,FIO,INT,2,3,-1,0.0,3.0,2.25,2.85,3.1
2000,2000-12-10,JUV,PAR,3,4,-1,0.0,3.0,1.85,3.0,4.1
2000,2000-12-10,MIL,LEC,2,4,-1,0.0,3.0,1.31,4.2,8.2
2000,2000-12-10,ROM,UDI,3,1,1,3.0,0.0,1.45,3.55,6.6
2000,2000-12-10,VIC,LAZ,2,0,1,3.0,0.0,3.5,2.9,2.05
2000,2000-12-09,BRES,NAP,3,2,1,3.0,0.0,1.95,3.0,3.7
2000,2000-12-09,REG,VER,3,0,1,3.0,0.0,2.5,2.9,2.65
2000,2000-12-03,BOLG,VIC,1,0,1,3.0,0.0,1.45,3.4,6.3
2000,2000-12-03,INT,JUV,3,2,1,3.0,0.0,2.35,2.8,3.0
2000,2000-12-03,LEC,FIO,2,1,1,3.0,0.0,2.45,2.9,2.7
2000,2000-12-03,NAP,BARI,0,4,-1,0.0,3.0,1.85,3.0,3.8
2000,2000-12-03,PER,ROM,1,0,1,3.0,0.0,4.0,3.15,1.75
2000,2000-12-03,UDI,MIL,3,0,1,3.0,0.0,2.4,2.9,2.7
2000,2000-12-03,VER,BRES,0,1,-1,0.0,3.0,1.75,3.0,4.2
2000,2000-12-02,LAZ,REG,1,3,-1,0.0,3.0,1.2,5.5,9.5
2000,2000-12-02,PAR,ATA,5,0,1,3.0,0.0,1.6,3.4,5.0
2000,2000-11-26,BARI,UDI,1,1,0,1.0,1.0,2.45,2.85,2.75
2000,2000-11-26,JUV,VER,1,2,-1,0.0,3.0,1.28,4.2,8.6
2000,2000-11-26,PAR,LAZ,0,0,0,1.0,1.0,2.45,2.8,2.85
2000,2000-11-26,PER,BOLG,1,0,1,3.0,0.0,2.3,2.85,3.05
2000,2000-11-26,REG,BRES,0,1,-1,0.0,3.0,2.3,2.8,3.0
2000,2000-11-26,ROM,FIO,3,2,1,3.0,0.0,1.5,3.4,6.3
2000,2000-11-26,VIC,INT,1,0,1,3.0,0.0,3.0,2.9,2.25
2000,2000-11-25,ATA,LEC,2,1,1,3.0,0.0,1.7,3.1,4.85
2000,2000-11-25,MIL,NAP,1,2,-1,0.0,3.0,1.3,4.3,9.0
2000,2000-11-19,BOLG,PAR,3,0,1,3.0,0.0,2.45,2.95,2.7
2000,2000-11-19,BRES,JUV,0,0,0,1.0,1.0,3.7,3.1,1.9
2000,2000-11-19,FIO,VIC,2,0,1,3.0,0.0,1.55,3.35,5.7
2000,2000-11-19,LEC,BARI,1,0,1,3.0,0.0,1.95,2.9,3.8
2000,2000-11-19,NAP,ATA,0,4,-1,0.0,3.0,2.5,2.9,2.7
2000,2000-11-19,UDI,REG,3,1,1,3.0,0.0,1.4,3.65,7.15
2000,2000-11-19,VER,ROM,3,0,1,3.0,0.0,3.5,2.9,2.05
2000,2000-11-18,INT,PER,3,2,1,3.0,0.0,1.4,3.7,7.25
2000,2000-11-18,LAZ,MIL,1,2,-1,0.0,3.0,2.0,2.9,3.6
2000,2000-11-12,BARI,MIL,1,1,0,1.0,1.0,3.05,2.95,2.2
2000,2000-11-12,BOLG,FIO,3,1,1,3.0,0.0,2.1,3.0,3.25
2000,2000-11-12,INT,LEC,3,2,1,3.0,0.0,1.31,4.1,8.5
2000,2000-11-12,PAR,UDI,1,2,-1,0.0,3.0,1.75,3.15,4.3
2000,2000-11-12,PER,NAP,0,1,-1,0.0,3.0,1.8,3.1,4.15
2000,2000-11-12,ROM,REG,0,0,0,1.0,1.0,1.22,5.0,10.0
2000,2000-11-12,VIC,VER,1,0,1,3.0,0.0,2.1,2.85,3.45
2000,2000-11-11,ATA,BRES,3,2,1,3.0,0.0,1.7,2.95,5.1
2000,2000-11-11,JUV,LAZ,0,0,0,1.0,1.0,2.3,3.05,2.85
2000,2000-11-05,BARI,PAR,3,0,1,3.0,0.0,2.9,3.0,2.3
2000,2000-11-05,BRES,ROM,4,1,1,3.0,0.0,3.6,2.9,2.0
2000,2000-11-05,MIL,ATA,2,0,1,3.0,0.0,1.35,4.0,7.2
2000,2000-11-05,NAP,VIC,1,2,-1,0.0,3.0,1.95,3.05,3.55
2000,2000-11-05,REG,JUV,1,3,-1,0.0,3.0,3.4,2.95,2.05
2000,2000-11-05,UDI,LEC,2,2,0,1.0,1.0,1.45,3.45,6.9
2000,2000-11-05,VER,INT,2,1,1,3.0,0.0,2.85,2.95,2.35
2000,2000-11-04,FIO,PER,3,2,1,3.0,0.0,1.45,3.5,6.9
2000,2000-11-04,LAZ,BOLG,4,0,1,3.0,0.0,1.4,3.6,7.6
2000,2000-11-01,ATA,VER,3,1,1,3.0,0.0,1.9,2.9,3.8
2000,2000-11-01,BOLG,REG,2,3,-1,0.0,3.0,1.55,3.0,6.8
2000,2000-11-01,FIO,BARI,0,2,-1,0.0,3.0,1.45,3.5,6.5
2000,2000-11-01,INT,ROM,1,1,0,1.0,1.0,2.4,2.85,2.65
2000,2000-11-01,JUV,UDI,1,0,1,3.0,0.0,1.45,3.4,6.8
2000,2000-11-01,LAZ,BRES,2,1,1,3.0,0.0,1.2,5.0,9.0
2000,2000-11-01,LEC,NAP,1,0,1,3.0,0.0,1.9,2.8,4.0
2000,2000-11-01,PAR,MIL,0,1,-1,0.0,3.0,2.5,2.85,2.6
2000,2000-11-01,VIC,PER,1,0,1,3.0,0.0,2.05,3.0,3.2
2000,2000-10-22,BARI,ATA,1,1,0,1.0,1.0,2.17,2.9,3.25
2000,2000-10-22,BRES,FIO,1,0,1,3.0,0.0,2.45,3.0,2.65
2000,2000-10-22,NAP,BOLG,0,1,-1,0.0,3.0,2.2,2.9,3.15
2000,2000-10-22,PER,PAR,2,0,1,3.0,0.0,3.55,2.9,2.05
2000,2000-10-22,REG,LEC,1,3,-1,0.0,3.0,1.9,3.1,3.75
2000,2000-10-22,ROM,VIC,4,1,1,3.0,0.0,1.25,4.6,8.5
2000,2000-10-22,VER,LAZ,1,4,-1,0.0,3.0,4.25,2.95,1.85
2000,2000-10-21,MIL,JUV,0,0,0,1.0,1.0,2.15,3.0,3.15
2000,2000-10-21,UDI,INT,2,0,1,3.0,0.0,2.45,3.0,2.65
2000,2000-10-15,BOLG,MIL,3,1,1,3.0,0.0,3.4,2.85,2.1
2000,2000-10-15,BRES,PAR,3,1,1,3.0,0.0,3.2,2.85,2.2
2000,2000-10-15,FIO,REG,0,3,-1,0.0,3.0,1.35,3.7,8.5
2000,2000-10-15,JUV,BARI,1,2,-1,0.0,3.0,1.23,4.55,10.0
2000,2000-10-15,LEC,ROM,1,0,1,3.0,0.0,3.6,2.8,2.05
2000,2000-10-15,VER,UDI,2,0,1,3.0,0.0,2.45,2.8,2.8
2000,2000-10-15,VIC,ATA,3,0,1,3.0,0.0,2.1,2.8,3.4
2000,2000-10-14,INT,NAP,1,2,-1,0.0,3.0,1.25,4.55,8.5
2000,2000-10-14,LAZ,PER,1,0,1,3.0,0.0,1.2,5.0,10.0
2000,2000-10-01,ATA,LAZ,1,1,0,1.0,1.0,,,
2000,2000-10-01,MIL,VIC,0,2,-1,0.0,3.0,1.2,5.0,10.0
2000,2000-10-01,PAR,FIO,4,0,1,3.0,0.0,1.7,3.1,4.6
2000,2000-10-01,PER,LEC,1,1,0,1.0,1.0,1.85,3.05,3.8
2000,2000-10-01,REG,INT,2,1,1,3.0,0.0,3.8,2.9,1.9
2000,2000-10-01,ROM,BOLG,4,4,0,1.0,1.0,1.43,3.3,6.5
2000,2000-10-01,UDI,BRES,1,0,1,3.0,0.0,1.57,3.3,5.2
2000,2000-09-30,BARI,VER,1,1,0,1.0,1.0,1.9,2.9,3.7
2000,2000-09-30,NAP,JUV,1,2,-1,0.0,3.0,3.4,2.9,1.95
