season,date,team1,team2,result,score1,score2,home_away
1966,1966-09-02,MIA,LV,L,14,23,Home
1966,1966-09-03,TEN,DEN,W,45,7,Home
1966,1966-09-04,LAC,BUF,W,27,7,Home
1966,1966-09-09,MIA,NYJ,L,14,19,Home
1966,1966-09-10,GB,IND,W,24,3,Home
1966,1966-09-10,LAC,NE,W,24,0,Home
1966,1966-09-10,TEN,LV,W,31,0,Home
1966,1966-09-11,ARI,PHI,W,16,13,Home
1966,1966-09-11,ATL,LAR,L,14,19,Home
1966,1966-09-11,BUF,KC,L,20,42,Home
1966,1966-09-11,DET,CHI,W,14,3,Home
1966,1966-09-11,PIT,NYG,T,34,34,Home
1966,1966-09-11,SF,MIN,T,20,20,Home
1966,1966-09-11,WAS,CLE,L,14,38,Home
1966,1966-09-16,LAR,CHI,W,31,17,Home
1966,1966-09-18,ARI,WAS,W,23,7,Home
1966,1966-09-18,BUF,MIA,W,58,24,Home
1966,1966-09-18,CLE,GB,L,20,21,Home
1966,1966-09-18,DAL,NYG,W,52,7,Home
1966,1966-09-18,DEN,NE,L,10,24,Home
1966,1966-09-18,LV,KC,L,10,32,Home
1966,1966-09-18,MIN,IND,L,23,38,Home
1966,1966-09-18,NYJ,TEN,W,52,13,Home
1966,1966-09-18,PHI,ATL,W,23,10,Home
1966,1966-09-18,PIT,DET,W,17,3,Home
1966,1966-09-25,BUF,TEN,W,27,20,Home
1966,1966-09-25,CLE,ARI,L,28,34,Home
1966,1966-09-25,DAL,MIN,W,28,17,Home
1966,1966-09-25,DEN,NYJ,L,7,16,Home
1966,1966-09-25,DET,ATL,W,28,10,Home
1966,1966-09-25,GB,LAR,W,24,13,Home
1966,1966-09-25,IND,SF,W,36,14,Home
1966,1966-09-25,LV,LAC,L,20,29,Home
1966,1966-09-25,NE,KC,L,24,43,Home
1966,1966-09-25,PHI,NYG,W,35,17,Home
1966,1966-09-25,PIT,WAS,L,27,33,Home
1966,1966-09-30,LAR,SF,W,34,3,Home
1966,1966-10-02,ATL,DAL,L,14,47,Home
1966,1966-10-02,DEN,TEN,W,40,38,Home
1966,1966-10-02,GB,DET,W,23,14,Home
1966,1966-10-02,KC,BUF,L,14,29,Home
1966,1966-10-02,LAC,MIA,W,44,10,Home
1966,1966-10-02,MIN,CHI,L,10,13,Home
1966,1966-10-02,NE,NYJ,T,24,24,Home
1966,1966-10-02,NYG,CLE,L,7,28,Home
1966,1966-10-02,PHI,ARI,L,10,41,Home
1966,1966-10-02,WAS,PIT,W,24,10,Home
1966,1966-10-08,BUF,NE,L,10,20,Home
1966,1966-10-08,CLE,PIT,W,41,10,Home
1966,1966-10-08,KC,DEN,W,37,10,Home
1966,1966-10-08,NYJ,LAC,W,17,16,Home
1966,1966-10-09,ARI,NYG,W,24,19,Home
1966,1966-10-09,CHI,IND,W,27,17,Home
1966,1966-10-09,DAL,PHI,W,56,7,Home
1966,1966-10-09,DET,LAR,L,7,14,Home
1966,1966-10-09,LV,MIA,W,21,10,Home
1966,1966-10-09,SF,GB,W,21,20,Home
1966,1966-10-09,WAS,ATL,W,33,20,Home
1966,1966-10-16,ARI,DAL,T,10,10,Home
1966,1966-10-16,ATL,SF,L,7,44,Home
1966,1966-10-16,BUF,LAC,T,17,17,Home
1966,1966-10-16,CHI,GB,L,0,17,Home
1966,1966-10-16,IND,DET,W,45,14,Home
1966,1966-10-16,KC,LV,L,13,34,Home
1966,1966-10-16,MIA,DEN,W,24,7,Home
1966,1966-10-16,MIN,LAR,W,35,7,Home
1966,1966-10-16,NYG,WAS,W,13,10,Home
1966,1966-10-16,PIT,PHI,L,14,31,Home
1966,1966-10-16,TEN,NYJ,W,24,0,Home
1966,1966-10-23,CHI,LAR,W,17,10,Home
1966,1966-10-23,CLE,DAL,W,30,21,Home
1966,1966-10-23,DEN,KC,L,10,56,Home
1966,1966-10-23,GB,ATL,W,56,3,Home
1966,1966-10-23,IND,MIN,W,20,17,Home
1966,1966-10-23,NE,LAC,W,35,17,Home
1966,1966-10-23,NYG,PHI,L,3,31,Home
1966,1966-10-23,NYJ,LV,L,21,24,Home
1966,1966-10-23,SF,DET,W,27,24,Home
1966,1966-10-23,TEN,MIA,L,13,20,Home
1966,1966-10-23,WAS,ARI,W,26,20,Home
1966,1966-10-30,ATL,CLE,L,17,49,Home
1966,1966-10-30,DAL,PIT,W,52,21,Home
1966,1966-10-30,DET,GB,L,7,31,Home
1966,1966-10-30,KC,TEN,W,48,23,Home
1966,1966-10-30,LAC,DEN,W,24,17,Home
1966,1966-10-30,LAR,IND,L,3,17,Home
1966,1966-10-30,MIN,SF,W,28,3,Home
1966,1966-10-30,NE,LV,W,24,21,Home
1966,1966-10-30,NYJ,BUF,L,23,33,Home
1966,1966-10-30,PHI,WAS,L,13,27,Home
1966,1966-10-31,ARI,CHI,W,24,17,Home
1966,1966-11-06,CHI,DET,T,10,10,Home
1966,1966-11-06,GB,MIN,L,17,20,Home
1966,1966-11-06,IND,WAS,W,37,10,Home
1966,1966-11-06,KC,LAC,W,24,14,Home
1966,1966-11-06,LV,TEN,W,38,23,Home
1966,1966-11-06,MIA,BUF,L,0,29,Home
1966,1966-11-06,NE,DEN,L,10,17,Home
1966,1966-11-06,NYG,ARI,L,17,20,Home
1966,1966-11-06,PHI,DAL,W,24,23,Home
1966,1966-11-06,PIT,CLE,W,16,6,Home
1966,1966-11-06,SF,LAR,W,21,13,Home
1966,1966-11-13,ATL,IND,L,7,19,Home
1966,1966-11-13,BUF,NYJ,W,14,3,Home
1966,1966-11-13,CHI,SF,T,30,30,Home
1966,1966-11-13,CLE,PHI,W,27,7,Home
1966,1966-11-13,KC,MIA,W,34,16,Home
1966,1966-11-13,LAC,LV,L,19,41,Home
1966,1966-11-13,LAR,NYG,W,55,14,Home
1966,1966-11-13,MIN,DET,L,31,32,Home
1966,1966-11-13,NE,TEN,W,27,21,Home
1966,1966-11-13,PIT,ARI,W,30,9,Home
1966,1966-11-13,WAS,DAL,L,30,31,Home
1966,1966-11-20,CLE,WAS,W,14,3,Home
1966,1966-11-20,DEN,LV,L,3,17,Home
1966,1966-11-20,DET,IND,W,20,14,Home
1966,1966-11-20,GB,CHI,W,13,6,Home
1966,1966-11-20,KC,NE,T,27,27,Home
1966,1966-11-20,LAR,MIN,W,21,6,Home
1966,1966-11-20,NYG,ATL,L,16,27,Home
1966,1966-11-20,NYJ,MIA,W,30,13,Home
1966,1966-11-20,PIT,DAL,L,7,20,Home
1966,1966-11-20,SF,PHI,L,34,35,Home
1966,1966-11-20,TEN,BUF,L,20,42,Home
1966,1966-11-24,DAL,CLE,W,26,14,Home
1966,1966-11-24,DET,SF,L,14,41,Home
1966,1966-11-24,LV,BUF,L,10,31,Home
1966,1966-11-27,ARI,PIT,W,6,3,Home
1966,1966-11-27,CHI,ATL,W,23,6,Home
1966,1966-11-27,DEN,LAC,W,20,17,Home
1966,1966-11-27,IND,LAR,L,7,23,Home
1966,1966-11-27,MIA,NE,L,14,20,Home
1966,1966-11-27,MIN,GB,L,16,28,Home
1966,1966-11-27,NYJ,KC,L,24,32,Home
1966,1966-11-27,WAS,NYG,W,72,41,Home
1966,1966-12-03,LV,NYJ,T,28,28,Home
1966,1966-12-04,CLE,NYG,W,49,40,Home
1966,1966-12-04,DAL,ARI,W,31,17,Home
1966,1966-12-04,DEN,MIA,W,17,7,Home
1966,1966-12-04,GB,SF,W,20,7,Home
1966,1966-12-04,IND,CHI,W,21,16,Home
1966,1966-12-04,LAR,DET,W,23,3,Home
1966,1966-12-04,MIN,ATL,L,13,20,Home
1966,1966-12-04,NE,BUF,W,14,3,Home
1966,1966-12-04,PHI,PIT,W,27,23,Home
1966,1966-12-04,TEN,LAC,L,22,28,Home
1966,1966-12-10,IND,GB,L,10,14,Home
1966,1966-12-11,ATL,ARI,W,16,10,Home
1966,1966-12-11,DAL,WAS,L,31,34,Home
1966,1966-12-11,DET,MIN,L,16,28,Home
1966,1966-12-11,LAC,NYJ,W,42,27,Home
1966,1966-12-11,LV,DEN,W,28,10,Home
1966,1966-12-11,MIA,KC,L,18,19,Home
1966,1966-12-11,NYG,PIT,L,28,47,Home
1966,1966-12-11,PHI,CLE,W,33,21,Home
1966,1966-12-11,SF,CHI,W,41,14,Home
1966,1966-12-11,TEN,NE,L,14,38,Home
1966,1966-12-17,ARI,CLE,L,10,38,Home
1966,1966-12-17,NYJ,NE,W,38,28,Home
1966,1966-12-18,ATL,PIT,L,33,57,Home
1966,1966-12-18,BUF,DEN,W,38,21,Home
1966,1966-12-18,CHI,MIN,W,41,28,Home
1966,1966-12-18,LAC,KC,L,17,27,Home
1966,1966-12-18,LAR,GB,L,23,27,Home
1966,1966-12-18,MIA,TEN,W,29,28,Home
1966,1966-12-18,NYG,DAL,L,7,17,Home
1966,1966-12-18,SF,IND,L,14,30,Home
1966,1966-12-18,WAS,PHI,L,28,37,Home
1967,1967-09-03,DEN,NE,W,26,21,Home
1967,1967-09-09,LAC,NE,W,28,14,Home
1967,1967-09-09,TEN,KC,L,20,25,Home
1967,1967-09-10,BUF,NYJ,W,20,17,Home
1967,1967-09-10,LV,DEN,W,51,0,Home
1967,1967-09-17,ARI,NYG,L,20,37,Home
1967,1967-09-17,BUF,TEN,L,3,20,Home
1967,1967-09-17,CLE,DAL,L,14,21,Home
1967,1967-09-17,GB,DET,T,17,17,Home
1967,1967-09-17,IND,ATL,W,38,31,Home
1967,1967-09-17,LV,NE,W,35,7,Home
1967,1967-09-17,MIA,DEN,W,35,21,Home
1967,1967-09-17,MIN,SF,L,21,27,Home
1967,1967-09-17,NO,LAR,L,13,27,Home
1967,1967-09-17,PHI,WAS,W,35,24,Home
1967,1967-09-17,PIT,CHI,W,41,13,Home
1967,1967-09-22,LAR,MIN,W,39,3,Home
1967,1967-09-24,BUF,NE,L,0,23,Home
1967,1967-09-24,DAL,NYG,W,38,24,Home
1967,1967-09-24,DEN,NYJ,L,24,38,Home
1967,1967-09-24,DET,CLE,W,31,14,Home
1967,1967-09-24,GB,CHI,W,13,10,Home
1967,1967-09-24,LAC,TEN,W,13,3,Home
1967,1967-09-24,MIA,KC,L,0,24,Home
1967,1967-09-24,NO,WAS,L,10,30,Home
1967,1967-09-24,PHI,IND,L,6,38,Home
1967,1967-09-24,PIT,ARI,L,14,28,Home
1967,1967-09-24,SF,ATL,W,38,7,Home
1967,1967-10-01,ARI,DET,W,38,28,Home
1967,1967-10-01,BUF,LAC,L,17,37,Home
1967,1967-10-01,DAL,LAR,L,13,35,Home
1967,1967-10-01,GB,ATL,W,23,0,Home
1967,1967-10-01,IND,SF,W,41,7,Home
1967,1967-10-01,LV,KC,W,23,21,Home
1967,1967-10-01,MIN,CHI,L,7,17,Home
1967,1967-10-01,NO,CLE,L,7,42,Home
1967,1967-10-01,NYJ,MIA,W,29,7,Home
1967,1967-10-01,PHI,PIT,W,34,24,Home
1967,1967-10-01,TEN,DEN,W,10,6,Home
1967,1967-10-01,WAS,NYG,W,38,34,Home
1967,1967-10-07,CLE,PIT,W,21,10,Home
1967,1967-10-07,NYJ,LV,W,27,14,Home
1967,1967-10-08,ATL,PHI,L,7,38,Home
1967,1967-10-08,CHI,IND,L,3,24,Home
1967,1967-10-08,DEN,BUF,L,16,17,Home
1967,1967-10-08,DET,GB,L,17,27,Home
1967,1967-10-08,KC,MIA,W,41,0,Home
1967,1967-10-08,LAC,NE,T,31,31,Home
1967,1967-10-08,LAR,SF,L,24,27,Home
1967,1967-10-08,MIN,ARI,L,24,34,Home
1967,1967-10-08,NYG,NO,W,27,21,Home
1967,1967-10-08,WAS,DAL,L,14,17,Home
1967,1967-10-15,ATL,WAS,T,20,20,Home
1967,1967-10-15,BUF,LV,L,20,24,Home
1967,1967-10-15,CHI,DET,W,14,3,Home
1967,1967-10-15,CLE,ARI,W,20,16,Home
1967,1967-10-15,DAL,NO,W,14,10,Home
1967,1967-10-15,GB,MIN,L,7,10,Home
1967,1967-10-15,IND,LAR,T,24,24,Home
1967,1967-10-15,LAC,KC,W,45,31,Home
1967,1967-10-15,NE,MIA,W,41,10,Home
1967,1967-10-15,NYJ,TEN,T,28,28,Home
1967,1967-10-15,PHI,SF,L,27,28,Home
1967,1967-10-15,PIT,NYG,L,24,27,Home
1967,1967-10-22,ARI,PHI,W,48,14,Home
1967,1967-10-22,CLE,CHI,W,24,0,Home
1967,1967-10-22,DEN,LAC,L,21,38,Home
1967,1967-10-22,DET,ATL,W,24,3,Home
1967,1967-10-22,KC,TEN,L,19,24,Home
1967,1967-10-22,LAR,WAS,T,28,28,Home
1967,1967-10-22,MIA,NYJ,L,14,33,Home
1967,1967-10-22,MIN,IND,T,20,20,Home
1967,1967-10-22,NE,LV,L,14,48,Home
1967,1967-10-22,NYG,GB,L,21,48,Home
1967,1967-10-22,PIT,DAL,L,21,24,Home
1967,1967-10-22,SF,NO,W,27,13,Home
1967,1967-10-29,ATL,MIN,W,21,20,Home
1967,1967-10-29,CHI,LAR,L,17,28,Home
1967,1967-10-29,KC,DEN,W,52,9,Home
1967,1967-10-29,LV,LAC,W,51,10,Home
1967,1967-10-29,NO,PIT,L,10,14,Home
1967,1967-10-29,NYG,CLE,W,38,34,Home
1967,1967-10-29,NYJ,NE,W,30,23,Home
1967,1967-10-29,PHI,DAL,W,21,14,Home
1967,1967-10-29,SF,DET,L,3,45,Home
1967,1967-10-29,TEN,BUF,W,10,3,Home
1967,1967-10-29,WAS,IND,L,13,17,Home
1967,1967-10-30,ARI,GB,L,23,31,Home
1967,1967-11-05,BUF,MIA,W,35,13,Home
1967,1967-11-05,DAL,ATL,W,37,7,Home
1967,1967-11-05,DEN,LV,L,17,21,Home
1967,1967-11-05,DET,CHI,L,13,27,Home
1967,1967-11-05,IND,GB,W,13,10,Home
1967,1967-11-05,KC,NYJ,W,42,18,Home
1967,1967-11-05,MIN,NYG,W,27,24,Home
1967,1967-11-05,NE,TEN,W,18,7,Home
1967,1967-11-05,NO,PHI,W,31,24,Home
1967,1967-11-05,PIT,CLE,L,14,34,Home
1967,1967-11-05,SF,LAR,L,7,17,Home
1967,1967-11-05,WAS,ARI,L,21,27,Home
1967,1967-11-12,ARI,PIT,T,14,14,Home
1967,1967-11-12,ATL,IND,L,7,49,Home
1967,1967-11-12,CHI,NYG,W,34,7,Home
1967,1967-11-12,DEN,TEN,L,18,20,Home
1967,1967-11-12,GB,CLE,W,55,7,Home
1967,1967-11-12,LAC,MIA,W,24,0,Home
1967,1967-11-12,LAR,PHI,W,33,17,Home
1967,1967-11-12,MIN,DET,T,10,10,Home
1967,1967-11-12,NE,KC,L,10,33,Home
1967,1967-11-12,NO,DAL,L,10,27,Home
1967,1967-11-12,NYJ,BUF,W,20,10,Home
1967,1967-11-12,WAS,SF,W,31,28,Home
1967,1967-11-19,ATL,LAR,L,3,31,Home
1967,1967-11-19,BUF,DEN,L,20,21,Home
1967,1967-11-19,CHI,ARI,W,30,3,Home
1967,1967-11-19,CLE,MIN,W,14,10,Home
1967,1967-11-19,DAL,WAS,L,20,27,Home
1967,1967-11-19,GB,SF,W,13,0,Home
1967,1967-11-19,IND,DET,W,41,7,Home
1967,1967-11-19,KC,LAC,L,16,17,Home
1967,1967-11-19,LV,MIA,W,31,17,Home
1967,1967-11-19,NE,NYJ,L,24,29,Home
1967,1967-11-19,NYG,PIT,W,28,20,Home
1967,1967-11-19,PHI,NO,W,48,21,Home
1967,1967-11-23,DAL,ARI,W,46,21,Home
1967,1967-11-23,DET,LAR,L,7,31,Home
1967,1967-11-23,KC,LV,L,22,44,Home
1967,1967-11-23,LAC,DEN,W,24,20,Home
1967,1967-11-26,CHI,GB,L,13,17,Home
1967,1967-11-26,CLE,WAS,W,42,37,Home
1967,1967-11-26,MIA,BUF,W,17,14,Home
1967,1967-11-26,NO,ATL,W,27,24,Home
1967,1967-11-26,NYG,PHI,W,44,7,Home
1967,1967-11-26,PIT,MIN,L,27,41,Home
1967,1967-11-26,SF,IND,L,9,26,Home
1967,1967-11-26,TEN,NE,W,27,6,Home
1967,1967-12-03,ARI,NO,W,31,20,Home
1967,1967-12-03,CLE,NYG,W,24,14,Home
1967,1967-12-03,DET,PIT,L,14,24,Home
1967,1967-12-03,IND,DAL,W,23,17,Home
1967,1967-12-03,KC,BUF,W,23,13,Home
1967,1967-12-03,LAC,LV,L,21,41,Home
1967,1967-12-03,LAR,ATL,W,20,3,Home
1967,1967-12-03,MIN,GB,L,27,30,Home
1967,1967-12-03,NYJ,DEN,L,24,33,Home
1967,1967-12-03,SF,CHI,L,14,28,Home
1967,1967-12-03,TEN,MIA,W,17,14,Home
1967,1967-12-03,WAS,PHI,T,35,35,Home
1967,1967-12-09,LAR,GB,W,27,24,Home
1967,1967-12-09,NE,BUF,L,16,44,Home
1967,1967-12-10,ARI,CLE,L,16,20,Home
1967,1967-12-10,ATL,SF,L,28,34,Home
1967,1967-12-10,CHI,MIN,T,10,10,Home
1967,1967-12-10,DAL,PHI,W,38,17,Home
1967,1967-12-10,IND,NO,W,30,10,Home
1967,1967-12-10,MIA,LAC,W,41,24,Home
1967,1967-12-10,NYG,DET,L,7,30,Home
1967,1967-12-10,NYJ,KC,L,7,21,Home
1967,1967-12-10,PIT,WAS,L,10,15,Home
1967,1967-12-10,TEN,LV,L,7,19,Home
1967,1967-12-16,SF,DAL,W,24,16,Home
1967,1967-12-16,TEN,LAC,W,24,17,Home
1967,1967-12-17,ATL,CHI,L,14,23,Home
1967,1967-12-17,DEN,KC,L,24,38,Home
1967,1967-12-17,DET,MIN,W,14,3,Home
1967,1967-12-17,GB,PIT,L,17,24,Home
1967,1967-12-17,LAR,IND,W,34,10,Home
1967,1967-12-17,LV,NYJ,W,38,29,Home
1967,1967-12-17,MIA,NE,W,41,32,Home
1967,1967-12-17,NYG,ARI,W,37,14,Home
1967,1967-12-17,PHI,CLE,W,28,24,Home
1967,1967-12-17,WAS,NO,L,14,30,Home
1967,1967-12-23,MIA,TEN,L,10,41,Home
1967,1967-12-24,LAC,NYJ,L,31,42,Home
1967,1967-12-24,LV,BUF,W,28,21,Home
1968,1968-09-06,LAC,CIN,W,29,13,Home
1968,1968-09-08,BUF,NE,L,7,16,Home
1968,1968-09-09,TEN,KC,L,21,26,Home
1968,1968-09-14,MIA,TEN,L,10,24,Home
1968,1968-09-14,MIN,ATL,W,47,7,Home
1968,1968-09-15,BUF,LV,L,6,48,Home
1968,1968-09-15,CHI,WAS,L,28,38,Home
1968,1968-09-15,CIN,DEN,W,24,10,Home
1968,1968-09-15,DAL,DET,W,59,13,Home
1968,1968-09-15,GB,PHI,W,30,13,Home
1968,1968-09-15,IND,SF,W,27,10,Home
1968,1968-09-15,KC,NYJ,L,19,20,Home
1968,1968-09-15,NO,CLE,L,10,24,Home
1968,1968-09-15,PIT,NYG,L,20,34,Home
1968,1968-09-16,ARI,LAR,L,13,24,Home
1968,1968-09-21,LAC,TEN,W,30,14,Home
1968,1968-09-21,MIA,LV,L,21,47,Home
1968,1968-09-22,ATL,IND,L,20,28,Home
1968,1968-09-22,CIN,BUF,W,34,23,Home
1968,1968-09-22,DAL,CLE,W,28,7,Home
1968,1968-09-22,DET,CHI,W,42,0,Home
1968,1968-09-22,GB,MIN,L,13,26,Home
1968,1968-09-22,KC,DEN,W,34,2,Home
1968,1968-09-22,LAR,PIT,W,45,10,Home
1968,1968-09-22,NE,NYJ,L,31,47,Home
1968,1968-09-22,NO,WAS,W,37,17,Home
1968,1968-09-22,PHI,NYG,L,25,34,Home
1968,1968-09-22,SF,ARI,W,35,17,Home
1968,1968-09-28,MIA,KC,L,3,48,Home
1968,1968-09-29,BUF,NYJ,W,37,35,Home
1968,1968-09-29,CIN,LAC,L,10,31,Home
1968,1968-09-29,CLE,LAR,L,6,24,Home
1968,1968-09-29,DEN,NE,L,17,20,Home
1968,1968-09-29,GB,DET,L,17,23,Home
1968,1968-09-29,MIN,CHI,L,17,27,Home
1968,1968-09-29,NO,ARI,L,20,21,Home
1968,1968-09-29,NYG,WAS,W,48,21,Home
1968,1968-09-29,PHI,DAL,L,13,45,Home
1968,1968-09-29,PIT,IND,L,7,41,Home
1968,1968-09-29,SF,ATL,W,28,13,Home
1968,1968-09-29,TEN,LV,L,15,24,Home
1968,1968-10-05,BUF,KC,L,7,18,Home
1968,1968-10-05,CLE,PIT,W,31,24,Home
1968,1968-10-05,NYJ,LAC,W,23,20,Home
1968,1968-10-06,ARI,DAL,L,10,27,Home
1968,1968-10-06,ATL,GB,L,7,38,Home
1968,1968-10-06,DEN,CIN,W,10,7,Home
1968,1968-10-06,IND,CHI,W,28,7,Home
1968,1968-10-06,LAR,SF,W,24,10,Home
1968,1968-10-06,LV,NE,W,41,10,Home
1968,1968-10-06,MIN,DET,W,24,10,Home
1968,1968-10-06,NYG,NO,W,38,21,Home
1968,1968-10-06,TEN,MIA,L,7,24,Home
1968,1968-10-06,WAS,PHI,W,17,14,Home
1968,1968-10-12,MIA,BUF,T,14,14,Home
1968,1968-10-13,ATL,NYG,W,24,21,Home
1968,1968-10-13,CHI,DET,L,10,28,Home
1968,1968-10-13,CLE,ARI,L,21,27,Home
1968,1968-10-13,DAL,PHI,W,34,14,Home
1968,1968-10-13,GB,LAR,L,14,16,Home
1968,1968-10-13,KC,CIN,W,13,3,Home
1968,1968-10-13,LV,LAC,L,14,23,Home
1968,1968-10-13,NE,TEN,L,0,16,Home
1968,1968-10-13,NO,MIN,W,20,17,Home
1968,1968-10-13,NYJ,DEN,L,13,21,Home
1968,1968-10-13,SF,IND,L,14,42,Home
1968,1968-10-13,WAS,PIT,W,16,13,Home
1968,1968-10-20,ARI,WAS,W,41,14,Home
1968,1968-10-20,CIN,MIA,L,22,24,Home
1968,1968-10-20,DET,GB,T,14,14,Home
1968,1968-10-20,IND,CLE,L,20,30,Home
1968,1968-10-20,KC,LV,W,24,10,Home
1968,1968-10-20,LAC,DEN,W,55,24,Home
1968,1968-10-20,LAR,ATL,W,27,14,Home
1968,1968-10-20,MIN,DAL,L,7,20,Home
1968,1968-10-20,NE,BUF,W,23,6,Home
1968,1968-10-20,NYG,SF,L,10,26,Home
1968,1968-10-20,PHI,CHI,L,16,29,Home
1968,1968-10-20,PIT,NO,L,12,16,Home
1968,1968-10-20,TEN,NYJ,L,14,20,Home
1968,1968-10-27,ARI,NO,W,31,17,Home
1968,1968-10-27,BUF,TEN,L,7,30,Home
1968,1968-10-27,CHI,MIN,W,26,24,Home
1968,1968-10-27,CLE,ATL,W,30,7,Home
1968,1968-10-27,DEN,MIA,W,21,14,Home
1968,1968-10-27,DET,SF,L,7,14,Home
1968,1968-10-27,IND,LAR,W,27,10,Home
1968,1968-10-27,KC,LAC,W,27,20,Home
1968,1968-10-27,LV,CIN,W,31,10,Home
1968,1968-10-27,NYJ,NE,W,48,14,Home
1968,1968-10-27,PIT,PHI,W,6,3,Home
1968,1968-10-27,WAS,NYG,L,10,13,Home
1968,1968-10-28,DAL,GB,L,17,28,Home
1968,1968-11-03,ATL,PIT,L,21,41,Home
1968,1968-11-03,CIN,TEN,L,17,27,Home
1968,1968-11-03,GB,CHI,L,10,13,Home
1968,1968-11-03,LAC,MIA,W,34,28,Home
1968,1968-11-03,LAR,DET,W,10,7,Home
1968,1968-11-03,LV,KC,W,38,21,Home
1968,1968-11-03,MIN,WAS,W,27,14,Home
1968,1968-11-03,NE,DEN,L,14,35,Home
1968,1968-11-03,NO,DAL,L,3,17,Home
1968,1968-11-03,NYG,IND,L,0,26,Home
1968,1968-11-03,NYJ,BUF,W,25,21,Home
1968,1968-11-03,PHI,ARI,L,17,45,Home
1968,1968-11-03,SF,CLE,L,21,33,Home
1968,1968-11-10,ARI,PIT,T,28,28,Home
1968,1968-11-10,ATL,LAR,L,10,17,Home
1968,1968-11-10,BUF,MIA,L,17,21,Home
1968,1968-11-10,CHI,SF,W,27,19,Home
1968,1968-11-10,CIN,KC,L,9,16,Home
1968,1968-11-10,CLE,NO,W,35,17,Home
1968,1968-11-10,DAL,NYG,L,21,27,Home
1968,1968-11-10,DEN,LV,L,7,43,Home
1968,1968-11-10,DET,IND,L,10,27,Home
1968,1968-11-10,MIN,GB,W,14,10,Home
1968,1968-11-10,NE,LAC,L,17,27,Home
1968,1968-11-10,NYJ,TEN,W,26,7,Home
1968,1968-11-10,PHI,WAS,L,10,16,Home
1968,1968-11-17,BUF,LAC,L,6,21,Home
1968,1968-11-17,CHI,ATL,L,13,16,Home
1968,1968-11-17,DET,MIN,L,6,13,Home
1968,1968-11-17,GB,NO,W,29,7,Home
1968,1968-11-17,IND,ARI,W,27,0,Home
1968,1968-11-17,KC,NE,W,31,17,Home
1968,1968-11-17,LV,NYJ,W,43,32,Home
1968,1968-11-17,MIA,CIN,L,21,38,Home
1968,1968-11-17,NYG,PHI,W,7,6,Home
1968,1968-11-17,PIT,CLE,L,24,45,Home
1968,1968-11-17,SF,LAR,T,20,20,Home
1968,1968-11-17,TEN,DEN,W,38,17,Home
1968,1968-11-17,WAS,DAL,L,24,44,Home
1968,1968-11-24,ARI,ATL,W,17,12,Home
1968,1968-11-24,CHI,DAL,L,3,34,Home
1968,1968-11-24,CIN,LV,L,0,34,Home
1968,1968-11-24,CLE,PHI,W,47,13,Home
1968,1968-11-24,DEN,BUF,W,34,32,Home
1968,1968-11-24,DET,NO,T,20,20,Home
1968,1968-11-24,IND,MIN,W,21,9,Home
1968,1968-11-24,LAC,NYJ,L,15,37,Home
1968,1968-11-24,LAR,NYG,W,24,21,Home
1968,1968-11-24,NE,MIA,L,10,34,Home
1968,1968-11-24,PIT,SF,L,28,45,Home
1968,1968-11-24,WAS,GB,L,7,27,Home
1968,1968-11-28,DAL,WAS,W,29,20,Home
1968,1968-11-28,DET,PHI,L,0,12,Home
1968,1968-11-28,KC,TEN,W,24,10,Home
1968,1968-11-28,LV,BUF,W,13,10,Home
1968,1968-12-01,CLE,NYG,W,45,10,Home
1968,1968-12-01,DEN,LAC,L,23,47,Home
1968,1968-12-01,IND,ATL,W,44,0,Home
1968,1968-12-01,MIN,LAR,L,3,31,Home
1968,1968-12-01,NE,CIN,W,33,14,Home
1968,1968-12-01,NO,CHI,L,17,23,Home
1968,1968-12-01,NYJ,MIA,W,35,17,Home
1968,1968-12-01,PIT,ARI,L,10,20,Home
1968,1968-12-01,SF,GB,W,27,20,Home
1968,1968-12-07,GB,IND,L,3,16,Home
1968,1968-12-07,TEN,BUF,W,35,6,Home
1968,1968-12-08,ATL,DET,L,7,24,Home
1968,1968-12-08,DAL,PIT,W,28,7,Home
1968,1968-12-08,LAC,KC,L,3,40,Home
1968,1968-12-08,LAR,CHI,L,16,17,Home
1968,1968-12-08,LV,DEN,W,33,27,Home
1968,1968-12-08,MIA,NE,W,38,7,Home
1968,1968-12-08,NYG,ARI,L,21,28,Home
1968,1968-12-08,NYJ,CIN,W,27,14,Home
1968,1968-12-08,PHI,NO,W,29,17,Home
1968,1968-12-08,SF,MIN,L,20,30,Home
1968,1968-12-08,WAS,CLE,L,21,24,Home
1968,1968-12-14,ARI,CLE,W,27,16,Home
1968,1968-12-14,DEN,KC,L,7,30,Home
1968,1968-12-15,ATL,SF,L,12,14,Home
1968,1968-12-15,CHI,GB,L,27,28,Home
1968,1968-12-15,LAC,LV,L,27,34,Home
1968,1968-12-15,LAR,IND,L,24,28,Home
1968,1968-12-15,MIA,NYJ,L,7,31,Home
1968,1968-12-15,NO,PIT,W,24,14,Home
1968,1968-12-15,NYG,DAL,L,10,28,Home
1968,1968-12-15,PHI,MIN,L,17,24,Home
1968,1968-12-15,TEN,NE,W,45,17,Home
1968,1968-12-15,WAS,DET,W,14,3,Home
1969,1969-09-14,BUF,NYJ,L,19,33,Home
1969,1969-09-14,CIN,MIA,W,27,21,Home
1969,1969-09-14,DEN,NE,W,35,7,Home
1969,1969-09-14,LAC,KC,L,9,27,Home
1969,1969-09-14,LV,TEN,W,21,17,Home
1969,1969-09-20,LV,MIA,W,20,17,Home
1969,1969-09-21,ATL,SF,W,24,12,Home
1969,1969-09-21,BUF,TEN,L,3,17,Home
1969,1969-09-21,CIN,LAC,W,34,20,Home
1969,1969-09-21,DAL,ARI,W,24,3,Home
1969,1969-09-21,DEN,NYJ,W,21,19,Home
1969,1969-09-21,GB,CHI,W,17,0,Home
1969,1969-09-21,IND,LAR,L,20,27,Home
1969,1969-09-21,NE,KC,L,0,31,Home
1969,1969-09-21,NO,WAS,L,20,26,Home
1969,1969-09-21,NYG,MIN,W,24,23,Home
1969,1969-09-21,PHI,CLE,L,20,27,Home
1969,1969-09-21,PIT,DET,W,16,13,Home
1969,1969-09-28,ARI,CHI,W,20,17,Home
1969,1969-09-28,BUF,DEN,W,41,28,Home
1969,1969-09-28,CIN,KC,W,24,19,Home
1969,1969-09-28,CLE,WAS,W,27,23,Home
1969,1969-09-28,DET,NYG,W,24,0,Home
1969,1969-09-28,GB,SF,W,14,7,Home
1969,1969-09-28,LAC,NYJ,W,34,27,Home
1969,1969-09-28,LAR,ATL,W,17,7,Home
1969,1969-09-28,MIN,IND,W,52,14,Home
1969,1969-09-28,NE,LV,L,23,38,Home
1969,1969-09-28,NO,DAL,L,17,21,Home
1969,1969-09-28,PHI,PIT,W,41,27,Home
1969,1969-09-28,TEN,MIA,W,22,10,Home
1969,1969-10-04,LAC,CIN,W,21,14,Home
1969,1969-10-04,MIA,LV,T,20,20,Home
1969,1969-10-05,ATL,IND,L,14,21,Home
1969,1969-10-05,CLE,DET,L,21,28,Home
1969,1969-10-05,DEN,KC,L,13,26,Home
1969,1969-10-05,LAR,NO,W,36,17,Home
1969,1969-10-05,MIN,GB,W,19,7,Home
1969,1969-10-05,NE,NYJ,L,14,23,Home
1969,1969-10-05,NYG,CHI,W,28,24,Home
1969,1969-10-05,PHI,DAL,L,7,38,Home
1969,1969-10-05,PIT,ARI,L,14,27,Home
1969,1969-10-05,SF,WAS,T,17,17,Home
1969,1969-10-05,TEN,BUF,W,28,14,Home
1969,1969-10-11,BUF,NE,W,23,16,Home
1969,1969-10-11,MIA,LAC,L,14,21,Home
1969,1969-10-12,ATL,DAL,L,17,24,Home
1969,1969-10-12,CHI,MIN,L,0,31,Home
1969,1969-10-12,CIN,NYJ,L,7,21,Home
1969,1969-10-12,DEN,LV,L,14,24,Home
1969,1969-10-12,DET,GB,L,17,28,Home
1969,1969-10-12,KC,TEN,W,24,0,Home
1969,1969-10-12,NO,CLE,L,17,27,Home
1969,1969-10-12,NYG,PIT,W,10,7,Home
1969,1969-10-12,SF,LAR,L,21,27,Home
1969,1969-10-12,WAS,ARI,W,33,17,Home
1969,1969-10-13,IND,PHI,W,24,20,Home
1969,1969-10-18,CLE,PIT,W,42,31,Home
1969,1969-10-19,ARI,MIN,L,10,27,Home
1969,1969-10-19,CIN,DEN,L,23,30,Home
1969,1969-10-19,DAL,PHI,W,49,14,Home
1969,1969-10-19,DET,CHI,W,13,7,Home
1969,1969-10-19,KC,MIA,W,17,10,Home
1969,1969-10-19,LAR,GB,W,34,21,Home
1969,1969-10-19,LV,BUF,W,50,21,Home
1969,1969-10-19,NE,LAC,L,10,13,Home
1969,1969-10-19,NO,IND,L,10,30,Home
1969,1969-10-19,SF,ATL,L,7,21,Home
1969,1969-10-19,WAS,NYG,W,20,14,Home
1969,1969-10-20,NYJ,TEN,W,26,17,Home
1969,1969-10-26,CHI,LAR,L,7,9,Home
1969,1969-10-26,CLE,ARI,T,21,21,Home
1969,1969-10-26,GB,ATL,W,28,10,Home
1969,1969-10-26,IND,SF,L,21,24,Home
1969,1969-10-26,KC,CIN,W,42,22,Home
1969,1969-10-26,LAC,LV,L,12,24,Home
1969,1969-10-26,MIA,BUF,W,24,6,Home
1969,1969-10-26,MIN,DET,W,24,10,Home
1969,1969-10-26,NYJ,NE,W,23,17,Home
1969,1969-10-26,PHI,NO,W,13,10,Home
1969,1969-10-26,PIT,WAS,L,7,14,Home
1969,1969-10-26,TEN,DEN,W,24,21,Home
1969,1969-10-27,DAL,NYG,W,25,3,Home
1969,1969-11-02,ARI,NO,L,42,51,Home
1969,1969-11-02,ATL,LAR,L,6,38,Home
1969,1969-11-02,BUF,KC,L,7,29,Home
1969,1969-11-02,CIN,LV,W,31,17,Home
1969,1969-11-02,CLE,DAL,W,42,10,Home
1969,1969-11-02,DEN,LAC,W,13,0,Home
1969,1969-11-02,IND,WAS,W,41,17,Home
1969,1969-11-02,MIN,CHI,W,31,14,Home
1969,1969-11-02,NE,TEN,W,24,0,Home
1969,1969-11-02,NYG,PHI,L,20,23,Home
1969,1969-11-02,NYJ,MIA,W,34,31,Home
1969,1969-11-02,PIT,GB,L,34,38,Home
1969,1969-11-02,SF,DET,L,14,26,Home
1969,1969-11-09,ARI,NYG,W,42,17,Home
1969,1969-11-09,CHI,PIT,W,38,7,Home
1969,1969-11-09,DAL,NO,W,33,17,Home
1969,1969-11-09,DET,ATL,W,27,21,Home
1969,1969-11-09,IND,GB,W,14,6,Home
1969,1969-11-09,KC,LAC,W,27,3,Home
1969,1969-11-09,LAR,SF,W,41,30,Home
1969,1969-11-09,LV,DEN,W,41,10,Home
1969,1969-11-09,MIN,CLE,W,51,3,Home
1969,1969-11-09,NE,MIA,L,16,17,Home
1969,1969-11-09,NYJ,BUF,W,16,6,Home
1969,1969-11-09,TEN,CIN,T,31,31,Home
1969,1969-11-09,WAS,PHI,T,28,28,Home
1969,1969-11-16,ATL,CHI,W,48,31,Home
1969,1969-11-16,BUF,MIA,W,28,3,Home
1969,1969-11-16,CIN,NE,L,14,25,Home
1969,1969-11-16,DEN,TEN,T,20,20,Home
1969,1969-11-16,DET,ARI,W,20,0,Home
1969,1969-11-16,GB,MIN,L,7,9,Home
1969,1969-11-16,LV,LAC,W,21,16,Home
1969,1969-11-16,NYG,NO,L,24,25,Home
1969,1969-11-16,NYJ,KC,L,16,34,Home
1969,1969-11-16,PHI,LAR,L,17,23,Home
1969,1969-11-16,PIT,CLE,L,3,24,Home
1969,1969-11-16,SF,IND,W,20,17,Home
1969,1969-11-16,WAS,DAL,L,28,41,Home
1969,1969-11-23,ARI,PHI,L,30,34,Home
1969,1969-11-23,CHI,IND,L,21,24,Home
1969,1969-11-23,CLE,NYG,W,28,17,Home
1969,1969-11-23,GB,DET,L,10,16,Home
1969,1969-11-23,KC,LV,L,24,27,Home
1969,1969-11-23,LAC,DEN,W,45,24,Home
1969,1969-11-23,LAR,DAL,W,24,23,Home
1969,1969-11-23,MIA,TEN,L,7,32,Home
1969,1969-11-23,MIN,PIT,W,52,14,Home
1969,1969-11-23,NE,BUF,W,35,21,Home
1969,1969-11-23,NO,SF,W,43,38,Home
1969,1969-11-23,NYJ,CIN,W,40,7,Home
1969,1969-11-23,WAS,ATL,W,27,20,Home
1969,1969-11-27,DAL,SF,T,24,24,Home
1969,1969-11-27,DET,MIN,L,0,27,Home
1969,1969-11-27,KC,DEN,W,31,17,Home
1969,1969-11-27,TEN,LAC,L,17,21,Home
1969,1969-11-30,ARI,PIT,W,47,10,Home
1969,1969-11-30,BUF,CIN,W,16,13,Home
1969,1969-11-30,CHI,CLE,L,24,28,Home
1969,1969-11-30,GB,NYG,W,20,10,Home
1969,1969-11-30,IND,ATL,W,13,6,Home
1969,1969-11-30,MIA,NE,L,23,38,Home
1969,1969-11-30,NO,PHI,W,26,17,Home
1969,1969-11-30,NYJ,LV,L,14,27,Home
1969,1969-11-30,WAS,LAR,L,13,24,Home
1969,1969-12-06,SF,CHI,W,42,21,Home
1969,1969-12-06,TEN,NYJ,L,26,34,Home
1969,1969-12-07,ATL,NO,W,45,17,Home
1969,1969-12-07,CLE,GB,W,20,7,Home
1969,1969-12-07,IND,DET,T,17,17,Home
1969,1969-12-07,KC,BUF,W,22,19,Home
1969,1969-12-07,LAC,NE,W,28,18,Home
1969,1969-12-07,LAR,MIN,L,13,20,Home
1969,1969-12-07,LV,CIN,W,37,17,Home
1969,1969-12-07,MIA,DEN,W,27,24,Home
1969,1969-12-07,NYG,ARI,W,49,6,Home
1969,1969-12-07,PHI,WAS,L,29,34,Home
1969,1969-12-07,PIT,DAL,L,7,10,Home
1969,1969-12-13,DAL,IND,W,27,10,Home
1969,1969-12-13,LV,KC,W,10,6,Home
1969,1969-12-14,ARI,CLE,L,21,27,Home
1969,1969-12-14,CHI,GB,L,3,21,Home
1969,1969-12-14,DEN,CIN,W,27,16,Home
1969,1969-12-14,DET,LAR,W,28,0,Home
1969,1969-12-14,LAC,BUF,W,45,6,Home
1969,1969-12-14,MIA,NYJ,L,9,27,Home
1969,1969-12-14,MIN,SF,W,10,7,Home
1969,1969-12-14,PHI,ATL,L,3,27,Home
1969,1969-12-14,PIT,NYG,L,17,21,Home
1969,1969-12-14,TEN,NE,W,27,23,Home
1969,1969-12-14,WAS,NO,W,17,14,Home
1969,1969-12-21,ATL,MIN,W,10,3,Home
1969,1969-12-21,CHI,DET,L,3,20,Home
1969,1969-12-21,DAL,WAS,W,20,10,Home
1969,1969-12-21,GB,ARI,W,45,28,Home
1969,1969-12-21,LAR,IND,L,7,13,Home
1969,1969-12-21,NO,PIT,W,27,24,Home
1969,1969-12-21,NYG,CLE,W,27,14,Home
1969,1969-12-21,SF,PHI,W,14,13,Home
1970,1970-09-18,LAR,ARI,W,34,13,Home
1970,1970-09-19,NYG,CHI,L,16,24,Home
1970,1970-09-20,BUF,DEN,L,10,25,Home
1970,1970-09-20,CIN,LV,W,31,21,Home
1970,1970-09-20,GB,DET,L,0,40,Home
1970,1970-09-20,LAC,IND,L,14,16,Home
1970,1970-09-20,MIN,KC,W,27,10,Home
1970,1970-09-20,NE,MIA,W,27,14,Home
1970,1970-09-20,NO,ATL,L,3,14,Home
1970,1970-09-20,PHI,DAL,L,7,17,Home
1970,1970-09-20,PIT,TEN,L,7,19,Home
1970,1970-09-20,SF,WAS,W,26,17,Home
1970,1970-09-21,CLE,NYJ,W,31,21,Home
1970,1970-09-27,ARI,WAS,W,27,17,Home
1970,1970-09-27,BUF,LAR,L,0,19,Home
1970,1970-09-27,CHI,PHI,W,20,16,Home
1970,1970-09-27,DAL,NYG,W,28,10,Home
1970,1970-09-27,DEN,PIT,W,16,13,Home
1970,1970-09-27,DET,CIN,W,38,3,Home
1970,1970-09-27,GB,ATL,W,27,24,Home
1970,1970-09-27,LAC,LV,T,27,27,Home
1970,1970-09-27,MIN,NO,W,26,0,Home
1970,1970-09-27,NE,NYJ,L,21,31,Home
1970,1970-09-27,SF,CLE,W,34,31,Home
1970,1970-09-27,TEN,MIA,L,10,20,Home
1970,1970-09-28,IND,KC,L,24,44,Home
1970,1970-10-03,CLE,PIT,W,15,7,Home
1970,1970-10-03,MIA,LV,W,20,13,Home
1970,1970-10-04,ARI,DAL,W,20,7,Home
1970,1970-10-04,ATL,SF,W,21,20,Home
1970,1970-10-04,BUF,NYJ,W,34,31,Home
1970,1970-10-04,CIN,TEN,L,13,20,Home
1970,1970-10-04,DEN,KC,W,26,13,Home
1970,1970-10-04,GB,MIN,W,13,10,Home
1970,1970-10-04,LAR,LAC,W,37,10,Home
1970,1970-10-04,NE,IND,L,6,14,Home
1970,1970-10-04,NO,NYG,W,14,10,Home
1970,1970-10-04,PHI,WAS,L,21,33,Home
1970,1970-10-05,DET,CHI,W,28,14,Home
1970,1970-10-10,NYJ,MIA,L,6,20,Home
1970,1970-10-11,ARI,NO,W,24,17,Home
1970,1970-10-11,CHI,MIN,L,0,24,Home
1970,1970-10-11,CLE,CIN,W,30,27,Home
1970,1970-10-11,DAL,ATL,W,13,0,Home
1970,1970-10-11,KC,NE,W,23,10,Home
1970,1970-10-11,LAR,SF,L,6,20,Home
1970,1970-10-11,LV,DEN,W,35,23,Home
1970,1970-10-11,NYG,PHI,W,30,23,Home
1970,1970-10-11,PIT,BUF,W,23,10,Home
1970,1970-10-11,TEN,IND,L,20,24,Home
1970,1970-10-11,WAS,DET,W,31,10,Home
1970,1970-10-12,LAC,GB,L,20,22,Home
1970,1970-10-18,BUF,MIA,L,14,33,Home
1970,1970-10-18,CHI,LAC,L,7,20,Home
1970,1970-10-18,CIN,KC,L,19,27,Home
1970,1970-10-18,CLE,DET,L,24,41,Home
1970,1970-10-18,DEN,ATL,W,24,10,Home
1970,1970-10-18,GB,LAR,L,21,31,Home
1970,1970-10-18,MIN,DAL,W,54,13,Home
1970,1970-10-18,NE,NYG,L,0,16,Home
1970,1970-10-18,NYJ,IND,L,22,29,Home
1970,1970-10-18,PHI,ARI,L,20,35,Home
1970,1970-10-18,SF,NO,T,20,20,Home
1970,1970-10-18,TEN,PIT,L,3,7,Home
1970,1970-10-19,LV,WAS,W,34,20,Home
1970,1970-10-25,ATL,NO,W,32,14,Home
1970,1970-10-25,CHI,DET,L,10,16,Home
1970,1970-10-25,GB,PHI,W,30,17,Home
1970,1970-10-25,IND,NE,W,27,3,Home
1970,1970-10-25,KC,DAL,L,16,27,Home
1970,1970-10-25,LAC,TEN,T,31,31,Home
1970,1970-10-25,LV,PIT,W,31,14,Home
1970,1970-10-25,MIA,CLE,L,0,28,Home
1970,1970-10-25,NYG,ARI,W,35,17,Home
1970,1970-10-25,NYJ,BUF,L,6,10,Home
1970,1970-10-25,SF,DEN,W,19,14,Home
1970,1970-10-25,WAS,CIN,W,20,0,Home
1970,1970-10-26,MIN,LAR,W,13,3,Home
1970,1970-11-01,ARI,TEN,W,44,0,Home
1970,1970-11-01,ATL,CHI,L,14,23,Home
1970,1970-11-01,CLE,LAC,L,10,27,Home
1970,1970-11-01,DAL,PHI,W,21,17,Home
1970,1970-11-01,DEN,WAS,L,3,19,Home
1970,1970-11-01,DET,MIN,L,17,30,Home
1970,1970-11-01,IND,MIA,W,35,0,Home
1970,1970-11-01,KC,LV,T,17,17,Home
1970,1970-11-01,NE,BUF,L,10,45,Home
1970,1970-11-01,NO,LAR,L,17,30,Home
1970,1970-11-01,NYJ,NYG,L,10,22,Home
1970,1970-11-01,SF,GB,W,26,10,Home
1970,1970-11-02,PIT,CIN,W,21,10,Home
1970,1970-11-08,ARI,NE,W,31,0,Home
1970,1970-11-08,BUF,CIN,L,14,43,Home
1970,1970-11-08,CHI,SF,L,16,37,Home
1970,1970-11-08,KC,TEN,W,24,9,Home
1970,1970-11-08,LAC,DEN,W,24,21,Home
1970,1970-11-08,LAR,ATL,T,10,10,Home
1970,1970-11-08,LV,CLE,W,23,20,Home
1970,1970-11-08,NO,DET,W,19,17,Home
1970,1970-11-08,NYG,DAL,W,23,20,Home
1970,1970-11-08,PHI,MIA,W,24,17,Home
1970,1970-11-08,PIT,NYJ,W,21,17,Home
1970,1970-11-08,WAS,MIN,L,10,19,Home
1970,1970-11-09,GB,IND,L,10,13,Home
1970,1970-11-15,CIN,CLE,W,14,10,Home
1970,1970-11-15,DEN,LV,L,19,24,Home
1970,1970-11-15,GB,CHI,W,20,19,Home
1970,1970-11-15,IND,BUF,T,17,17,Home
1970,1970-11-15,LAR,NYJ,L,20,31,Home
1970,1970-11-15,MIA,NO,W,21,10,Home
1970,1970-11-15,MIN,DET,W,24,20,Home
1970,1970-11-15,NE,LAC,L,14,16,Home
1970,1970-11-15,NYG,WAS,W,35,33,Home
1970,1970-11-15,PHI,ATL,T,13,13,Home
1970,1970-11-15,PIT,KC,L,14,31,Home
1970,1970-11-15,TEN,SF,L,20,30,Home
1970,1970-11-16,DAL,ARI,L,0,38,Home
1970,1970-11-22,ATL,LAR,L,7,17,Home
1970,1970-11-22,CHI,BUF,W,31,13,Home
1970,1970-11-22,CIN,PIT,W,34,7,Home
1970,1970-11-22,CLE,TEN,W,28,14,Home
1970,1970-11-22,DET,SF,W,28,7,Home
1970,1970-11-22,KC,ARI,T,6,6,Home
1970,1970-11-22,LV,LAC,W,20,17,Home
1970,1970-11-22,MIA,IND,W,34,17,Home
1970,1970-11-22,MIN,GB,W,10,3,Home
1970,1970-11-22,NO,DEN,L,6,31,Home
1970,1970-11-22,NYJ,NE,W,17,3,Home
1970,1970-11-22,WAS,DAL,L,21,45,Home
1970,1970-11-23,PHI,NYG,W,23,20,Home
1970,1970-11-26,DAL,GB,W,16,3,Home
1970,1970-11-26,DET,LV,W,28,14,Home
1970,1970-11-29,ARI,PHI,W,23,14,Home
1970,1970-11-29,BUF,NE,L,10,14,Home
1970,1970-11-29,CIN,NO,W,26,6,Home
1970,1970-11-29,IND,CHI,W,21,20,Home
1970,1970-11-29,KC,LAC,W,26,14,Home
1970,1970-11-29,NYJ,MIN,W,20,10,Home
1970,1970-11-29,PIT,CLE,W,28,9,Home
1970,1970-11-29,SF,LAR,L,13,30,Home
1970,1970-11-29,TEN,DEN,W,31,21,Home
1970,1970-11-29,WAS,NYG,L,24,27,Home
1970,1970-11-30,ATL,MIA,L,7,20,Home
1970,1970-12-05,MIN,CHI,W,16,13,Home
1970,1970-12-06,DAL,WAS,W,34,0,Home
1970,1970-12-06,DET,ARI,W,16,3,Home
1970,1970-12-06,IND,PHI,W,29,10,Home
1970,1970-12-06,KC,DEN,W,16,0,Home
1970,1970-12-06,LAC,CIN,L,14,17,Home
1970,1970-12-06,LAR,NO,W,34,16,Home
1970,1970-12-06,MIA,NE,W,37,20,Home
1970,1970-12-06,NYG,BUF,W,20,6,Home
1970,1970-12-06,NYJ,LV,L,13,14,Home
1970,1970-12-06,PIT,GB,L,12,20,Home
1970,1970-12-06,SF,ATL,W,24,20,Home
1970,1970-12-07,TEN,CLE,L,10,21,Home
1970,1970-12-12,CLE,DAL,L,2,6,Home
1970,1970-12-12,LV,KC,W,20,6,Home
1970,1970-12-13,ARI,NYG,L,17,34,Home
1970,1970-12-13,ATL,PIT,W,27,16,Home
1970,1970-12-13,BUF,IND,L,14,20,Home
1970,1970-12-13,CHI,GB,W,35,17,Home
1970,1970-12-13,DEN,LAC,T,17,17,Home
1970,1970-12-13,MIA,NYJ,W,16,10,Home
1970,1970-12-13,NE,MIN,L,14,35,Home
1970,1970-12-13,NO,SF,L,27,38,Home
1970,1970-12-13,TEN,CIN,L,20,30,Home
1970,1970-12-13,WAS,PHI,W,24,6,Home
1970,1970-12-14,LAR,DET,L,23,28,Home
1970,1970-12-19,IND,NYJ,W,35,20,Home
1970,1970-12-20,ATL,MIN,L,7,37,Home
1970,1970-12-20,CIN,NE,W,45,7,Home
1970,1970-12-20,DAL,TEN,W,52,10,Home
1970,1970-12-20,DEN,CLE,L,13,27,Home
1970,1970-12-20,DET,GB,W,20,0,Home
1970,1970-12-20,LAC,KC,W,31,13,Home
1970,1970-12-20,LV,SF,L,7,38,Home
1970,1970-12-20,MIA,BUF,W,45,7,Home
1970,1970-12-20,NO,CHI,L,3,24,Home
1970,1970-12-20,NYG,LAR,L,3,31,Home
1970,1970-12-20,PHI,PIT,W,30,20,Home
1970,1970-12-20,WAS,ARI,W,28,27,Home
1971,1971-09-19,ARI,WAS,L,17,24,Home
1971,1971-09-19,ATL,SF,W,20,17,Home
1971,1971-09-19,BUF,DAL,L,37,49,Home
1971,1971-09-19,CHI,PIT,W,17,15,Home
1971,1971-09-19,CIN,PHI,W,37,14,Home
1971,1971-09-19,CLE,TEN,W,31,0,Home
1971,1971-09-19,DEN,MIA,T,10,10,Home
1971,1971-09-19,GB,NYG,L,40,42,Home
1971,1971-09-19,IND,NYJ,W,22,0,Home
1971,1971-09-19,LAC,KC,W,21,14,Home
1971,1971-09-19,NE,LV,W,20,6,Home
1971,1971-09-19,NO,LAR,W,24,20,Home
1971,1971-09-20,DET,MIN,L,13,16,Home
1971,1971-09-26,BUF,MIA,L,14,29,Home
1971,1971-09-26,GB,DEN,W,34,13,Home
1971,1971-09-26,IND,CLE,L,13,14,Home
1971,1971-09-26,LAC,LV,L,0,34,Home
1971,1971-09-26,LAR,ATL,T,20,20,Home
1971,1971-09-26,MIN,CHI,L,17,20,Home
1971,1971-09-26,NE,DET,L,7,34,Home
1971,1971-09-26,NO,SF,L,20,38,Home
1971,1971-09-26,NYG,WAS,L,3,30,Home
1971,1971-09-26,PHI,DAL,L,7,42,Home
1971,1971-09-26,PIT,CIN,W,21,10,Home
1971,1971-09-26,TEN,KC,L,16,20,Home
1971,1971-09-27,ARI,NYJ,W,17,10,Home
1971,1971-10-03,ARI,NYG,L,20,21,Home
1971,1971-10-03,DAL,WAS,L,16,20,Home
1971,1971-10-03,DEN,KC,L,3,16,Home
1971,1971-10-03,DET,ATL,W,41,38,Home
1971,1971-10-03,GB,CIN,W,20,17,Home
1971,1971-10-03,LAR,CHI,W,17,3,Home
1971,1971-10-03,MIA,NYJ,L,10,14,Home
1971,1971-10-03,MIN,BUF,W,19,0,Home
1971,1971-10-03,NE,IND,L,3,23,Home
1971,1971-10-03,PHI,SF,L,3,31,Home
1971,1971-10-03,PIT,LAC,W,21,17,Home
1971,1971-10-03,TEN,NO,T,13,13,Home
1971,1971-10-04,CLE,LV,L,20,34,Home
1971,1971-10-10,ATL,ARI,L,9,26,Home
1971,1971-10-10,BUF,IND,L,0,43,Home
1971,1971-10-10,CHI,NO,W,35,14,Home
1971,1971-10-10,CIN,MIA,L,13,23,Home
1971,1971-10-10,CLE,PIT,W,27,17,Home
1971,1971-10-10,DEN,LV,L,16,27,Home
1971,1971-10-10,DET,GB,W,31,28,Home
1971,1971-10-10,KC,LAC,W,31,10,Home
1971,1971-10-10,NE,NYJ,W,20,0,Home
1971,1971-10-10,PHI,MIN,L,0,13,Home
1971,1971-10-10,SF,LAR,L,13,20,Home
1971,1971-10-10,WAS,TEN,W,22,13,Home
1971,1971-10-11,DAL,NYG,W,20,13,Home
1971,1971-10-17,ATL,LAR,L,16,24,Home
1971,1971-10-17,CIN,CLE,L,24,27,Home
1971,1971-10-17,DEN,LAC,W,20,16,Home
1971,1971-10-17,GB,MIN,L,13,24,Home
1971,1971-10-17,LV,PHI,W,34,10,Home
1971,1971-10-17,MIA,NE,W,41,3,Home
1971,1971-10-17,NO,DAL,W,24,14,Home
1971,1971-10-17,NYG,IND,L,7,31,Home
1971,1971-10-17,NYJ,BUF,W,28,17,Home
1971,1971-10-17,SF,CHI,W,13,0,Home
1971,1971-10-17,TEN,DET,L,7,31,Home
1971,1971-10-17,WAS,ARI,W,20,0,Home
1971,1971-10-18,KC,PIT,W,38,16,Home
1971,1971-10-23,LAC,BUF,W,20,3,Home
1971,1971-10-24,ARI,SF,L,14,26,Home
1971,1971-10-24,ATL,NO,W,28,6,Home
1971,1971-10-24,CLE,DEN,L,0,27,Home
1971,1971-10-24,DAL,NE,W,44,21,Home
1971,1971-10-24,DET,CHI,L,23,28,Home
1971,1971-10-24,KC,WAS,W,27,20,Home
1971,1971-10-24,LAR,GB,W,30,13,Home
1971,1971-10-24,LV,CIN,W,31,27,Home
1971,1971-10-24,NYJ,MIA,L,14,30,Home
1971,1971-10-24,PHI,NYG,W,23,7,Home
1971,1971-10-24,PIT,TEN,W,23,16,Home
1971,1971-10-25,MIN,IND,W,10,3,Home
1971,1971-10-31,BUF,ARI,L,23,28,Home
1971,1971-10-31,CHI,DAL,W,23,19,Home
1971,1971-10-31,CLE,ATL,L,14,31,Home
1971,1971-10-31,IND,PIT,W,34,21,Home
1971,1971-10-31,LAC,NYJ,W,49,21,Home
1971,1971-10-31,LAR,MIA,L,14,20,Home
1971,1971-10-31,LV,KC,T,20,20,Home
1971,1971-10-31,NYG,MIN,L,10,17,Home
1971,1971-10-31,PHI,DEN,W,17,16,Home
1971,1971-10-31,SF,NE,W,27,10,Home
1971,1971-10-31,TEN,CIN,W,10,6,Home
1971,1971-10-31,WAS,NO,W,24,14,Home
1971,1971-11-01,GB,DET,T,14,14,Home
1971,1971-11-07,ARI,DAL,L,13,16,Home
1971,1971-11-07,CHI,GB,L,14,17,Home
1971,1971-11-07,CIN,ATL,L,6,9,Home
1971,1971-11-07,DEN,DET,L,20,24,Home
1971,1971-11-07,MIA,BUF,W,34,0,Home
1971,1971-11-07,MIN,SF,L,9,13,Home
1971,1971-11-07,NE,TEN,W,28,20,Home
1971,1971-11-07,NO,LV,T,21,21,Home
1971,1971-11-07,NYG,LAC,W,35,17,Home
1971,1971-11-07,NYJ,KC,W,13,10,Home
1971,1971-11-07,PIT,CLE,W,26,9,Home
1971,1971-11-07,WAS,PHI,T,7,7,Home
1971,1971-11-08,IND,LAR,W,24,17,Home
1971,1971-11-14,ATL,NYG,L,17,21,Home
1971,1971-11-14,CHI,WAS,W,16,15,Home
1971,1971-11-14,DAL,PHI,W,20,7,Home
1971,1971-11-14,DEN,CIN,L,10,24,Home
1971,1971-11-14,DET,LAR,L,13,21,Home
1971,1971-11-14,KC,CLE,W,13,7,Home
1971,1971-11-14,LV,TEN,W,41,21,Home
1971,1971-11-14,MIA,PIT,W,24,21,Home
1971,1971-11-14,MIN,GB,W,3,0,Home
1971,1971-11-14,NE,BUF,W,38,33,Home
1971,1971-11-14,NYJ,IND,L,13,14,Home
1971,1971-11-14,SF,NO,L,20,26,Home
1971,1971-11-15,LAC,ARI,W,20,17,Home
1971,1971-11-21,ARI,PHI,L,20,37,Home
1971,1971-11-21,BUF,NYJ,L,7,20,Home
1971,1971-11-21,CHI,DET,L,3,28,Home
1971,1971-11-21,CIN,TEN,W,28,13,Home
1971,1971-11-21,CLE,NE,W,27,7,Home
1971,1971-11-21,KC,DEN,W,28,10,Home
1971,1971-11-21,LAR,SF,W,17,6,Home
1971,1971-11-21,LV,LAC,W,34,33,Home
1971,1971-11-21,MIA,IND,W,17,14,Home
1971,1971-11-21,NO,MIN,L,10,23,Home
1971,1971-11-21,PIT,NYG,W,17,13,Home
1971,1971-11-21,WAS,DAL,L,0,13,Home
1971,1971-11-22,ATL,GB,W,28,21,Home
1971,1971-11-25,DAL,LAR,W,28,21,Home
1971,1971-11-25,DET,KC,W,32,21,Home
1971,1971-11-28,BUF,NE,W,27,20,Home
1971,1971-11-28,CIN,LAC,W,31,0,Home
1971,1971-11-28,GB,NO,L,21,29,Home
1971,1971-11-28,LV,IND,L,14,37,Home
1971,1971-11-28,MIN,ATL,W,24,7,Home
1971,1971-11-28,NYG,ARI,L,7,24,Home
1971,1971-11-28,NYJ,SF,L,21,24,Home
1971,1971-11-28,PHI,WAS,L,13,20,Home
1971,1971-11-28,PIT,DEN,L,10,22,Home
1971,1971-11-28,TEN,CLE,L,24,37,Home
1971,1971-11-29,MIA,CHI,W,34,3,Home
1971,1971-12-04,DAL,NYJ,W,52,10,Home
1971,1971-12-05,ARI,GB,T,16,16,Home
1971,1971-12-05,ATL,LV,W,24,13,Home
1971,1971-12-05,CLE,CIN,W,31,27,Home
1971,1971-12-05,DEN,CHI,W,6,3,Home
1971,1971-12-05,DET,PHI,L,20,23,Home
1971,1971-12-05,IND,BUF,W,24,0,Home
1971,1971-12-05,LAC,MIN,W,30,14,Home
1971,1971-12-05,LAR,NO,W,45,28,Home
1971,1971-12-05,NE,MIA,W,34,13,Home
1971,1971-12-05,TEN,PIT,W,29,3,Home
1971,1971-12-05,WAS,NYG,W,23,7,Home
1971,1971-12-06,SF,KC,L,17,26,Home
1971,1971-12-11,IND,MIA,W,14,3,Home
1971,1971-12-11,MIN,DET,W,29,10,Home
1971,1971-12-12,BUF,TEN,L,14,20,Home
1971,1971-12-12,CIN,PIT,L,13,21,Home
1971,1971-12-12,GB,CHI,W,31,10,Home
1971,1971-12-12,KC,LV,W,16,14,Home
1971,1971-12-12,LAC,DEN,W,45,17,Home
1971,1971-12-12,NO,CLE,L,17,21,Home
1971,1971-12-12,NYG,DAL,L,14,42,Home
1971,1971-12-12,NYJ,NE,W,13,6,Home
1971,1971-12-12,PHI,ARI,W,19,7,Home
1971,1971-12-12,SF,ATL,W,24,3,Home
1971,1971-12-13,LAR,WAS,L,24,38,Home
1971,1971-12-18,DAL,ARI,W,31,12,Home
1971,1971-12-19,CHI,MIN,L,10,27,Home
1971,1971-12-19,IND,NE,L,17,21,Home
1971,1971-12-19,KC,BUF,W,22,9,Home
1971,1971-12-19,LV,DEN,W,21,13,Home
1971,1971-12-19,MIA,GB,W,27,6,Home
1971,1971-12-19,NO,ATL,L,20,24,Home
1971,1971-12-19,NYG,PHI,L,28,41,Home
1971,1971-12-19,NYJ,CIN,W,35,21,Home
1971,1971-12-19,PIT,LAR,L,14,23,Home
1971,1971-12-19,SF,DET,W,31,27,Home
1971,1971-12-19,TEN,LAC,W,49,33,Home
1971,1971-12-19,WAS,CLE,L,13,20,Home
1972,1972-09-17,BUF,NYJ,L,24,41,Home
1972,1972-09-17,CHI,ATL,L,21,37,Home
1972,1972-09-17,CLE,GB,L,10,26,Home
1972,1972-09-17,DAL,PHI,W,28,6,Home
1972,1972-09-17,DEN,TEN,W,30,17,Home
1972,1972-09-17,DET,NYG,W,30,16,Home
1972,1972-09-17,IND,ARI,L,3,10,Home
1972,1972-09-17,KC,MIA,L,10,20,Home
1972,1972-09-17,LAR,NO,W,34,14,Home
1972,1972-09-17,NE,CIN,L,7,31,Home
1972,1972-09-17,PIT,LV,W,34,28,Home
1972,1972-09-17,SF,LAC,W,34,3,Home
1972,1972-09-18,MIN,WAS,L,21,24,Home
1972,1972-09-24,BUF,SF,W,27,20,Home
1972,1972-09-24,CHI,LAR,T,13,13,Home
1972,1972-09-24,CIN,PIT,W,15,10,Home
1972,1972-09-24,DET,MIN,L,10,34,Home
1972,1972-09-24,GB,LV,L,14,20,Home
1972,1972-09-24,IND,NYJ,L,34,44,Home
1972,1972-09-24,LAC,DEN,W,37,14,Home
1972,1972-09-24,MIA,TEN,W,34,13,Home
1972,1972-09-24,NE,ATL,W,21,20,Home
1972,1972-09-24,NYG,DAL,L,14,23,Home
1972,1972-09-24,PHI,CLE,L,17,27,Home
1972,1972-09-24,WAS,ARI,W,24,10,Home
1972,1972-09-25,NO,KC,L,17,20,Home
1972,1972-10-01,ARI,PIT,L,19,25,Home
1972,1972-10-01,ATL,LAR,W,31,3,Home
1972,1972-10-01,BUF,IND,L,0,17,Home
1972,1972-10-01,CHI,DET,L,24,38,Home
1972,1972-10-01,CLE,CIN,W,27,6,Home
1972,1972-10-01,DEN,KC,L,24,45,Home
1972,1972-10-01,GB,DAL,W,16,13,Home
1972,1972-10-01,LV,LAC,T,17,17,Home
1972,1972-10-01,MIN,MIA,L,14,16,Home
1972,1972-10-01,NE,WAS,W,24,23,Home
1972,1972-10-01,NO,SF,L,2,37,Home
1972,1972-10-01,TEN,NYJ,W,26,20,Home
1972,1972-10-02,PHI,NYG,L,12,27,Home
1972,1972-10-08,ATL,DET,L,23,26,Home
1972,1972-10-08,BUF,NE,W,38,14,Home
1972,1972-10-08,CIN,DEN,W,21,10,Home
1972,1972-10-08,CLE,KC,L,7,31,Home
1972,1972-10-08,DAL,PIT,W,17,13,Home
1972,1972-10-08,GB,CHI,W,20,17,Home
1972,1972-10-08,IND,LAC,L,20,23,Home
1972,1972-10-08,LAR,SF,W,31,7,Home
1972,1972-10-08,MIN,ARI,L,17,19,Home
1972,1972-10-08,NYG,NO,W,45,21,Home
1972,1972-10-08,NYJ,MIA,L,17,27,Home
1972,1972-10-08,WAS,PHI,W,14,0,Home
1972,1972-10-09,TEN,LV,L,0,34,Home
1972,1972-10-15,ARI,WAS,L,3,33,Home
1972,1972-10-15,CLE,CHI,L,0,17,Home
1972,1972-10-15,DEN,MIN,L,20,23,Home
1972,1972-10-15,IND,DAL,L,0,21,Home
1972,1972-10-15,KC,CIN,L,16,23,Home
1972,1972-10-15,LV,BUF,W,28,16,Home
1972,1972-10-15,MIA,LAC,W,24,10,Home
1972,1972-10-15,NE,NYJ,L,13,41,Home
1972,1972-10-15,NO,ATL,L,14,21,Home
1972,1972-10-15,PHI,LAR,L,3,34,Home
1972,1972-10-15,PIT,TEN,W,24,7,Home
1972,1972-10-15,SF,NYG,L,17,23,Home
1972,1972-10-16,DET,GB,L,23,24,Home
1972,1972-10-22,DET,LAC,W,34,20,Home
1972,1972-10-22,GB,ATL,L,9,10,Home
1972,1972-10-22,KC,PHI,L,20,21,Home
1972,1972-10-22,LAR,CIN,W,15,12,Home
1972,1972-10-22,LV,DEN,L,23,30,Home
1972,1972-10-22,MIA,BUF,W,24,23,Home
1972,1972-10-22,NYG,ARI,W,27,21,Home
1972,1972-10-22,NYJ,IND,W,24,20,Home
1972,1972-10-22,PIT,NE,W,33,3,Home
1972,1972-10-22,SF,NO,T,20,20,Home
1972,1972-10-22,TEN,CLE,L,17,23,Home
1972,1972-10-22,WAS,DAL,W,24,20,Home
1972,1972-10-23,CHI,MIN,W,13,10,Home
1972,1972-10-29,ARI,CHI,L,10,27,Home
1972,1972-10-29,ATL,SF,L,14,49,Home
1972,1972-10-29,BUF,PIT,L,21,38,Home
1972,1972-10-29,CIN,TEN,W,30,7,Home
1972,1972-10-29,DEN,CLE,L,20,27,Home
1972,1972-10-29,GB,MIN,L,13,27,Home
1972,1972-10-29,IND,MIA,L,0,23,Home
1972,1972-10-29,LAC,KC,L,14,26,Home
1972,1972-10-29,LV,LAR,W,45,17,Home
1972,1972-10-29,NO,PHI,W,21,3,Home
1972,1972-10-29,NYG,WAS,L,16,23,Home
1972,1972-10-29,NYJ,NE,W,34,10,Home
1972,1972-10-30,DAL,DET,W,28,24,Home
1972,1972-11-05,BUF,MIA,L,16,30,Home
1972,1972-11-05,CLE,TEN,W,20,0,Home
1972,1972-11-05,DET,CHI,W,14,0,Home
1972,1972-11-05,GB,SF,W,34,24,Home
1972,1972-11-05,KC,LV,W,27,14,Home
1972,1972-11-05,LAC,DAL,L,28,34,Home
1972,1972-11-05,LAR,ATL,W,20,7,Home
1972,1972-11-05,MIN,NO,W,37,6,Home
1972,1972-11-05,NYG,DEN,W,29,17,Home
1972,1972-11-05,NYJ,WAS,L,17,35,Home
1972,1972-11-05,PHI,ARI,T,6,6,Home
1972,1972-11-05,PIT,CIN,W,40,17,Home
1972,1972-11-06,NE,IND,L,17,24,Home
1972,1972-11-12,ATL,NO,W,36,20,Home
1972,1972-11-12,CHI,GB,L,17,23,Home
1972,1972-11-12,CIN,LV,L,14,20,Home
1972,1972-11-12,DAL,ARI,W,33,24,Home
1972,1972-11-12,LAR,DEN,L,10,16,Home
1972,1972-11-12,MIA,NE,W,52,0,Home
1972,1972-11-12,MIN,DET,W,16,14,Home
1972,1972-11-12,NYJ,BUF,W,41,3,Home
1972,1972-11-12,PIT,KC,W,16,7,Home
1972,1972-11-12,SF,IND,W,24,21,Home
1972,1972-11-12,TEN,PHI,L,17,18,Home
1972,1972-11-12,WAS,NYG,W,27,13,Home
1972,1972-11-13,LAC,CLE,L,17,21,Home
1972,1972-11-19,ARI,NYG,L,7,13,Home
1972,1972-11-19,CHI,SF,L,21,34,Home
1972,1972-11-19,CIN,IND,L,19,20,Home
1972,1972-11-19,CLE,PIT,W,26,24,Home
1972,1972-11-19,DEN,LV,L,20,37,Home
1972,1972-11-19,DET,NO,W,27,14,Home
1972,1972-11-19,KC,LAC,L,17,27,Home
1972,1972-11-19,LAR,MIN,L,41,45,Home
1972,1972-11-19,MIA,NYJ,W,28,24,Home
1972,1972-11-19,NE,BUF,L,24,27,Home
1972,1972-11-19,PHI,DAL,L,7,28,Home
1972,1972-11-19,TEN,GB,L,10,23,Home
1972,1972-11-20,WAS,ATL,W,24,13,Home
1972,1972-11-23,DAL,SF,L,10,31,Home
1972,1972-11-23,DET,NYJ,W,37,20,Home
1972,1972-11-26,ATL,DEN,W,23,20,Home
1972,1972-11-26,CHI,CIN,L,3,13,Home
1972,1972-11-26,CLE,BUF,W,27,10,Home
1972,1972-11-26,IND,NE,W,31,0,Home
1972,1972-11-26,LAC,TEN,W,34,20,Home
1972,1972-11-26,LV,KC,W,26,3,Home
1972,1972-11-26,NO,LAR,W,19,16,Home
1972,1972-11-26,NYG,PHI,W,62,10,Home
1972,1972-11-26,PIT,MIN,W,23,10,Home
1972,1972-11-26,WAS,GB,W,21,16,Home
1972,1972-11-27,MIA,ARI,W,31,10,Home
1972,1972-12-03,ARI,DAL,L,6,27,Home
1972,1972-12-03,ATL,TEN,W,20,10,Home
1972,1972-12-03,CIN,NYG,W,13,10,Home
1972,1972-12-03,GB,DET,W,33,7,Home
1972,1972-12-03,IND,BUF,W,35,7,Home
1972,1972-12-03,KC,DEN,W,24,21,Home
1972,1972-12-03,LAC,LV,L,19,21,Home
1972,1972-12-03,MIN,CHI,W,23,10,Home
1972,1972-12-03,NE,MIA,L,21,37,Home
1972,1972-12-03,NYJ,NO,W,18,17,Home
1972,1972-12-03,PHI,WAS,L,7,23,Home
1972,1972-12-03,PIT,CLE,W,30,0,Home
1972,1972-12-04,SF,LAR,L,16,26,Home
1972,1972-12-09,CIN,CLE,L,24,27,Home
1972,1972-12-09,DAL,WAS,W,34,24,Home
1972,1972-12-10,ARI,LAR,W,24,14,Home
1972,1972-12-10,BUF,DET,T,21,21,Home
1972,1972-12-10,DEN,LAC,W,38,13,Home
1972,1972-12-10,KC,IND,W,24,10,Home
1972,1972-12-10,MIN,GB,L,7,23,Home
1972,1972-12-10,NO,NE,L,10,17,Home
1972,1972-12-10,NYG,MIA,L,13,23,Home
1972,1972-12-10,PHI,CHI,L,12,21,Home
1972,1972-12-10,SF,ATL,W,20,0,Home
1972,1972-12-10,TEN,PIT,L,3,9,Home
1972,1972-12-11,LV,NYJ,W,24,16,Home
1972,1972-12-16,MIA,IND,W,16,0,Home
1972,1972-12-16,SF,MIN,W,20,17,Home
1972,1972-12-17,ARI,PHI,W,24,23,Home
1972,1972-12-17,ATL,KC,L,14,17,Home
1972,1972-12-17,DAL,NYG,L,3,23,Home
1972,1972-12-17,DEN,NE,W,45,21,Home
1972,1972-12-17,LAC,PIT,L,2,24,Home
1972,1972-12-17,LAR,DET,L,17,34,Home
1972,1972-12-17,LV,CHI,W,28,21,Home
1972,1972-12-17,NO,GB,L,20,30,Home
1972,1972-12-17,NYJ,CLE,L,10,26,Home
1972,1972-12-17,TEN,CIN,L,17,61,Home
1972,1972-12-17,WAS,BUF,L,17,24,Home
1973,1973-09-16,CHI,DAL,L,17,20,Home
1973,1973-09-16,CLE,IND,W,24,14,Home
1973,1973-09-16,DEN,CIN,W,28,10,Home
1973,1973-09-16,KC,LAR,L,13,23,Home
1973,1973-09-16,MIA,SF,W,21,13,Home
1973,1973-09-16,MIN,LV,W,24,16,Home
1973,1973-09-16,NE,BUF,L,13,31,Home
1973,1973-09-16,NO,ATL,L,7,62,Home
1973,1973-09-16,NYG,TEN,W,34,14,Home
1973,1973-09-16,PHI,ARI,L,23,34,Home
1973,1973-09-16,PIT,DET,W,24,10,Home
1973,1973-09-16,WAS,LAC,W,38,0,Home
1973,1973-09-17,GB,NYJ,W,23,7,Home
1973,1973-09-23,ARI,WAS,W,34,27,Home
1973,1973-09-23,CHI,MIN,L,13,22,Home
1973,1973-09-23,CIN,TEN,W,24,10,Home
1973,1973-09-23,DEN,SF,L,34,36,Home
1973,1973-09-23,GB,DET,T,13,13,Home
1973,1973-09-23,IND,NYJ,L,10,34,Home
1973,1973-09-23,LAC,BUF,W,34,7,Home
1973,1973-09-23,LAR,ATL,W,31,0,Home
1973,1973-09-23,LV,MIA,W,12,7,Home
1973,1973-09-23,NE,KC,L,7,10,Home
1973,1973-09-23,NYG,PHI,T,23,23,Home
1973,1973-09-23,PIT,CLE,W,33,6,Home
1973,1973-09-24,DAL,NO,W,40,3,Home
1973,1973-09-30,BUF,NYJ,W,9,7,Home
1973,1973-09-30,CLE,NYG,W,12,10,Home
1973,1973-09-30,DAL,ARI,W,45,10,Home
1973,1973-09-30,DEN,CHI,L,14,33,Home
1973,1973-09-30,IND,NO,W,14,10,Home
1973,1973-09-30,KC,LV,W,16,3,Home
1973,1973-09-30,LAC,CIN,L,13,20,Home
1973,1973-09-30,MIA,NE,W,44,23,Home
1973,1973-09-30,MIN,GB,W,11,3,Home
1973,1973-09-30,PHI,WAS,L,7,28,Home
1973,1973-09-30,SF,LAR,L,20,40,Home
1973,1973-09-30,TEN,PIT,L,7,36,Home
1973,1973-10-01,DET,ATL,W,31,6,Home
1973,1973-10-07,ARI,LV,L,10,17,Home
1973,1973-10-07,ATL,SF,L,9,13,Home
1973,1973-10-07,BUF,PHI,W,27,26,Home
1973,1973-10-07,CLE,CIN,W,17,10,Home
1973,1973-10-07,DET,MIN,L,9,23,Home
1973,1973-10-07,KC,DEN,W,16,14,Home
1973,1973-10-07,MIA,NYJ,W,31,3,Home
1973,1973-10-07,NE,IND,W,24,16,Home
1973,1973-10-07,NO,CHI,W,21,16,Home
1973,1973-10-07,NYG,GB,L,14,16,Home
1973,1973-10-07,PIT,LAC,W,38,21,Home
1973,1973-10-07,TEN,LAR,L,26,31,Home
1973,1973-10-08,WAS,DAL,W,14,7,Home
1973,1973-10-14,ARI,PHI,L,24,27,Home
1973,1973-10-14,ATL,CHI,W,46,6,Home
1973,1973-10-14,BUF,IND,W,31,13,Home
1973,1973-10-14,CIN,PIT,W,19,7,Home
1973,1973-10-14,GB,KC,T,10,10,Home
1973,1973-10-14,LAC,LV,L,17,27,Home
1973,1973-10-14,LAR,DAL,W,37,31,Home
1973,1973-10-14,NE,NYJ,L,7,9,Home
1973,1973-10-14,NO,DET,W,20,13,Home
1973,1973-10-14,NYG,WAS,L,3,21,Home
1973,1973-10-14,SF,MIN,L,13,17,Home
1973,1973-10-14,TEN,DEN,L,20,48,Home
1973,1973-10-15,CLE,MIA,L,9,17,Home
1973,1973-10-21,CHI,NE,L,10,13,Home
1973,1973-10-21,CIN,KC,W,14,6,Home
1973,1973-10-21,CLE,TEN,W,42,13,Home
1973,1973-10-21,DAL,NYG,W,45,28,Home
1973,1973-10-21,DET,IND,L,27,29,Home
1973,1973-10-21,LAC,ATL,L,0,41,Home
1973,1973-10-21,LAR,GB,W,24,7,Home
1973,1973-10-21,MIA,BUF,W,27,6,Home
1973,1973-10-21,MIN,PHI,W,28,21,Home
1973,1973-10-21,PIT,NYJ,W,26,14,Home
1973,1973-10-21,SF,NO,W,40,0,Home
1973,1973-10-21,WAS,ARI,W,31,13,Home
1973,1973-10-22,DEN,LV,T,23,23,Home
1973,1973-10-28,ARI,NYG,W,35,27,Home
1973,1973-10-28,CHI,TEN,W,35,14,Home
1973,1973-10-28,CLE,LAC,T,16,16,Home
1973,1973-10-28,DET,GB,W,34,0,Home
1973,1973-10-28,IND,LV,L,21,34,Home
1973,1973-10-28,MIN,LAR,W,10,9,Home
1973,1973-10-28,NE,MIA,L,14,30,Home
1973,1973-10-28,NO,WAS,W,19,3,Home
1973,1973-10-28,NYJ,DEN,L,28,40,Home
1973,1973-10-28,PHI,DAL,W,30,16,Home
1973,1973-10-28,PIT,CIN,W,20,13,Home
1973,1973-10-28,SF,ATL,L,3,17,Home
1973,1973-10-29,BUF,KC,W,23,14,Home
1973,1973-11-04,ARI,DEN,T,17,17,Home
1973,1973-11-04,ATL,LAR,W,15,13,Home
1973,1973-11-04,DAL,CIN,W,38,10,Home
1973,1973-11-04,DET,SF,W,30,20,Home
1973,1973-11-04,GB,CHI,L,17,31,Home
1973,1973-11-04,IND,TEN,L,27,31,Home
1973,1973-11-04,LAC,KC,L,0,19,Home
1973,1973-11-04,LV,NYG,W,42,0,Home
1973,1973-11-04,MIN,CLE,W,26,3,Home
1973,1973-11-04,NO,BUF,W,13,0,Home
1973,1973-11-04,NYJ,MIA,L,14,24,Home
1973,1973-11-04,PHI,NE,W,24,23,Home
1973,1973-11-05,PIT,WAS,W,21,16,Home
1973,1973-11-11,BUF,CIN,L,13,16,Home
1973,1973-11-11,DEN,LAC,W,30,19,Home
1973,1973-11-11,GB,ARI,W,25,21,Home
1973,1973-11-11,LAR,NO,W,29,7,Home
1973,1973-11-11,LV,PIT,L,9,17,Home
1973,1973-11-11,MIA,IND,W,44,0,Home
1973,1973-11-11,MIN,DET,W,28,7,Home
1973,1973-11-11,NYG,DAL,L,10,23,Home
1973,1973-11-11,NYJ,NE,W,33,13,Home
1973,1973-11-11,PHI,ATL,L,27,44,Home
1973,1973-11-11,TEN,CLE,L,13,23,Home
1973,1973-11-11,WAS,SF,W,33,9,Home
1973,1973-11-12,KC,CHI,W,19,7,Home
1973,1973-11-18,BUF,MIA,L,0,17,Home
1973,1973-11-18,CHI,DET,L,7,30,Home
1973,1973-11-18,CIN,NYJ,W,20,14,Home
1973,1973-11-18,DAL,PHI,W,31,10,Home
1973,1973-11-18,KC,TEN,W,38,14,Home
1973,1973-11-18,LAC,NO,W,17,14,Home
1973,1973-11-18,LAR,SF,W,31,13,Home
1973,1973-11-18,LV,CLE,L,3,7,Home
1973,1973-11-18,NE,GB,W,33,24,Home
1973,1973-11-18,NYG,ARI,W,24,13,Home
1973,1973-11-18,PIT,DEN,L,13,23,Home
1973,1973-11-18,WAS,IND,W,22,14,Home
1973,1973-11-19,ATL,MIN,W,20,14,Home
1973,1973-11-22,DAL,MIA,L,7,14,Home
1973,1973-11-22,DET,WAS,L,0,20,Home
1973,1973-11-25,CIN,ARI,W,42,24,Home
1973,1973-11-25,CLE,PIT,W,21,16,Home
1973,1973-11-25,DEN,KC,W,14,10,Home
1973,1973-11-25,IND,BUF,L,17,24,Home
1973,1973-11-25,LV,LAC,W,31,3,Home
1973,1973-11-25,MIN,CHI,W,31,13,Home
1973,1973-11-25,NO,LAR,L,13,24,Home
1973,1973-11-25,NYJ,ATL,L,20,28,Home
1973,1973-11-25,PHI,NYG,W,20,16,Home
1973,1973-11-25,TEN,NE,L,0,32,Home
1973,1973-11-26,SF,GB,W,20,6,Home
1973,1973-12-02,ARI,DET,L,16,20,Home
1973,1973-12-02,ATL,BUF,L,6,17,Home
1973,1973-12-02,CHI,LAR,L,0,26,Home
1973,1973-12-02,CIN,MIN,W,27,0,Home
1973,1973-12-02,DEN,DAL,L,10,22,Home
1973,1973-12-02,GB,NO,W,30,10,Home
1973,1973-12-02,KC,CLE,T,20,20,Home
1973,1973-12-02,NE,LAC,W,30,14,Home
1973,1973-12-02,NYJ,IND,W,20,17,Home
1973,1973-12-02,SF,PHI,W,38,28,Home
1973,1973-12-02,TEN,LV,L,6,17,Home
1973,1973-12-02,WAS,NYG,W,27,24,Home
1973,1973-12-03,MIA,PIT,W,30,26,Home
1973,1973-12-08,GB,MIN,L,7,31,Home
1973,1973-12-08,LV,KC,W,37,7,Home
1973,1973-12-09,ATL,ARI,L,10,32,Home
1973,1973-12-09,BUF,NE,W,37,13,Home
1973,1973-12-09,CIN,CLE,W,34,17,Home
1973,1973-12-09,DAL,WAS,W,27,7,Home
1973,1973-12-09,DET,CHI,W,40,7,Home
1973,1973-12-09,IND,MIA,W,16,3,Home
1973,1973-12-09,LAC,DEN,L,28,42,Home
1973,1973-12-09,NO,SF,W,16,10,Home
1973,1973-12-09,PHI,NYJ,W,24,23,Home
1973,1973-12-09,PIT,TEN,W,33,7,Home
1973,1973-12-10,LAR,NYG,W,40,6,Home
1973,1973-12-15,MIA,DET,W,34,7,Home
1973,1973-12-15,SF,PIT,L,14,37,Home
1973,1973-12-16,ARI,DAL,L,3,30,Home
1973,1973-12-16,ATL,NO,W,14,10,Home
1973,1973-12-16,CHI,GB,L,0,21,Home
1973,1973-12-16,IND,NE,W,18,13,Home
1973,1973-12-16,KC,LAC,W,33,6,Home
1973,1973-12-16,LAR,CLE,W,30,17,Home
1973,1973-12-16,LV,DEN,W,21,17,Home
1973,1973-12-16,NYG,MIN,L,7,31,Home
1973,1973-12-16,NYJ,BUF,L,14,34,Home
1973,1973-12-16,TEN,CIN,L,24,27,Home
1973,1973-12-16,WAS,PHI,W,38,20,Home
1974,1974-09-15,ARI,PHI,W,7,3,Home
1974,1974-09-15,ATL,DAL,L,0,24,Home
1974,1974-09-15,CHI,DET,W,17,9,Home
1974,1974-09-15,CIN,CLE,W,33,7,Home
1974,1974-09-15,DEN,LAR,L,10,17,Home
1974,1974-09-15,GB,MIN,L,17,32,Home
1974,1974-09-15,KC,NYJ,W,24,16,Home
1974,1974-09-15,NE,MIA,W,34,24,Home
1974,1974-09-15,NO,SF,L,13,17,Home
1974,1974-09-15,NYG,WAS,L,10,13,Home
1974,1974-09-15,PIT,IND,W,30,0,Home
1974,1974-09-15,TEN,LAC,W,21,14,Home
1974,1974-09-16,BUF,LV,W,21,20,Home
1974,1974-09-22,ATL,SF,L,10,16,Home
1974,1974-09-22,BUF,MIA,L,16,24,Home
1974,1974-09-22,CHI,NYJ,L,21,23,Home
1974,1974-09-22,CIN,LAC,L,17,20,Home
1974,1974-09-22,CLE,TEN,W,20,7,Home
1974,1974-09-22,DEN,PIT,T,35,35,Home
1974,1974-09-22,DET,MIN,L,6,7,Home
1974,1974-09-22,IND,GB,L,13,20,Home
1974,1974-09-22,LAR,NO,W,24,0,Home
1974,1974-09-22,LV,KC,W,27,7,Home
1974,1974-09-22,NYG,NE,L,20,28,Home
1974,1974-09-22,WAS,ARI,L,10,17,Home
1974,1974-09-23,PHI,DAL,W,13,10,Home
1974,1974-09-29,ARI,CLE,W,29,7,Home
1974,1974-09-29,BUF,NYJ,W,16,12,Home
1974,1974-09-29,DAL,NYG,L,6,14,Home
1974,1974-09-29,GB,DET,W,21,19,Home
1974,1974-09-29,LAC,MIA,L,21,28,Home
1974,1974-09-29,MIN,CHI,W,11,7,Home
1974,1974-09-29,NE,LAR,W,20,14,Home
1974,1974-09-29,NO,ATL,W,14,13,Home
1974,1974-09-29,PHI,IND,W,30,10,Home
1974,1974-09-29,PIT,LV,L,0,17,Home
1974,1974-09-29,SF,CIN,L,3,21,Home
1974,1974-09-29,TEN,KC,L,7,17,Home
1974,1974-09-30,WAS,DEN,W,30,3,Home
1974,1974-10-06,CHI,NO,W,24,10,Home
1974,1974-10-06,CIN,WAS,W,28,17,Home
1974,1974-10-06,CLE,LV,L,24,40,Home
1974,1974-10-06,DAL,MIN,L,21,23,Home
1974,1974-10-06,GB,BUF,L,7,27,Home
1974,1974-10-06,KC,DEN,L,14,17,Home
1974,1974-10-06,LAC,PHI,L,7,13,Home
1974,1974-10-06,LAR,DET,W,16,13,Home
1974,1974-10-06,NE,IND,W,42,3,Home
1974,1974-10-06,NYG,ATL,L,7,14,Home
1974,1974-10-06,SF,ARI,L,9,34,Home
1974,1974-10-06,TEN,PIT,L,7,13,Home
1974,1974-10-07,MIA,NYJ,W,21,17,Home
1974,1974-10-13,ARI,DAL,W,31,28,Home
1974,1974-10-13,ATL,CHI,W,13,10,Home
1974,1974-10-13,CLE,CIN,L,24,34,Home
1974,1974-10-13,DEN,NO,W,33,17,Home
1974,1974-10-13,GB,LAR,W,17,6,Home
1974,1974-10-13,IND,BUF,L,14,27,Home
1974,1974-10-13,KC,PIT,L,24,34,Home
1974,1974-10-13,LAC,LV,L,10,14,Home
1974,1974-10-13,MIN,TEN,W,51,10,Home
1974,1974-10-13,NYJ,NE,L,0,24,Home
1974,1974-10-13,PHI,NYG,W,35,7,Home
1974,1974-10-13,WAS,MIA,W,20,17,Home
1974,1974-10-14,DET,SF,W,17,13,Home
1974,1974-10-20,ATL,NO,L,3,13,Home
1974,1974-10-20,BUF,NE,W,30,28,Home
1974,1974-10-20,DAL,PHI,W,31,24,Home
1974,1974-10-20,DEN,LAC,W,27,7,Home
1974,1974-10-20,LAR,SF,W,37,14,Home
1974,1974-10-20,LV,CIN,W,30,27,Home
1974,1974-10-20,MIA,KC,W,9,3,Home
1974,1974-10-20,MIN,DET,L,16,20,Home
1974,1974-10-20,NYJ,IND,L,20,35,Home
1974,1974-10-20,PIT,CLE,W,20,16,Home
1974,1974-10-20,TEN,ARI,L,27,31,Home
1974,1974-10-20,WAS,NYG,W,24,3,Home
1974,1974-10-21,CHI,GB,W,10,9,Home
1974,1974-10-27,ARI,WAS,W,23,20,Home
1974,1974-10-27,BUF,CHI,W,16,6,Home
1974,1974-10-27,CIN,TEN,L,21,34,Home
1974,1974-10-27,CLE,DEN,W,23,21,Home
1974,1974-10-27,DET,GB,W,19,17,Home
1974,1974-10-27,LAC,KC,L,14,24,Home
1974,1974-10-27,MIA,IND,W,17,7,Home
1974,1974-10-27,MIN,NE,L,14,17,Home
1974,1974-10-27,NO,PHI,W,14,10,Home
1974,1974-10-27,NYG,DAL,L,7,21,Home
1974,1974-10-27,NYJ,LAR,L,13,20,Home
1974,1974-10-27,SF,LV,L,24,35,Home
1974,1974-10-28,PIT,ATL,W,24,17,Home
1974,1974-11-03,CHI,MIN,L,0,17,Home
1974,1974-11-03,DAL,ARI,W,17,14,Home
1974,1974-11-03,DEN,LV,L,17,28,Home
1974,1974-11-03,DET,NO,W,19,14,Home
1974,1974-11-03,GB,WAS,L,6,17,Home
1974,1974-11-03,IND,CIN,L,14,24,Home
1974,1974-11-03,KC,NYG,L,27,33,Home
1974,1974-11-03,LAC,CLE,W,36,35,Home
1974,1974-11-03,MIA,ATL,W,42,7,Home
1974,1974-11-03,NE,BUF,L,28,29,Home
1974,1974-11-03,NYJ,TEN,L,22,27,Home
1974,1974-11-03,PIT,PHI,W,27,0,Home
1974,1974-11-04,SF,LAR,L,13,15,Home
1974,1974-11-10,BUF,TEN,L,9,21,Home
1974,1974-11-10,CIN,PIT,W,17,10,Home
1974,1974-11-10,DAL,SF,W,20,14,Home
1974,1974-11-10,GB,CHI,W,20,3,Home
1974,1974-11-10,IND,DEN,L,6,17,Home
1974,1974-11-10,KC,LAC,L,7,14,Home
1974,1974-11-10,LAR,ATL,W,21,0,Home
1974,1974-11-10,LV,DET,W,35,13,Home
1974,1974-11-10,NE,CLE,L,14,21,Home
1974,1974-11-10,NO,MIA,L,0,21,Home
1974,1974-11-10,NYG,NYJ,L,20,26,Home
1974,1974-11-10,PHI,WAS,L,20,27,Home
1974,1974-11-11,ARI,MIN,L,24,28,Home
1974,1974-11-17,ATL,IND,L,7,17,Home
1974,1974-11-17,CHI,SF,L,0,34,Home
1974,1974-11-17,CLE,PIT,L,16,26,Home
1974,1974-11-17,DET,NYG,W,20,19,Home
1974,1974-11-17,LV,LAC,W,17,10,Home
1974,1974-11-17,MIA,BUF,W,35,28,Home
1974,1974-11-17,MIN,GB,L,7,19,Home
1974,1974-11-17,NE,NYJ,L,16,21,Home
1974,1974-11-17,NO,LAR,W,20,7,Home
1974,1974-11-17,PHI,ARI,L,3,13,Home
1974,1974-11-17,TEN,CIN,W,20,3,Home
1974,1974-11-17,WAS,DAL,W,28,21,Home
1974,1974-11-18,DEN,KC,L,34,42,Home
1974,1974-11-24,CIN,KC,W,33,6,Home
1974,1974-11-24,CLE,BUF,L,10,15,Home
1974,1974-11-24,DET,CHI,W,34,17,Home
1974,1974-11-24,GB,LAC,W,34,0,Home
1974,1974-11-24,IND,NE,L,17,27,Home
1974,1974-11-24,LAR,MIN,W,20,17,Home
1974,1974-11-24,LV,DEN,L,17,20,Home
1974,1974-11-24,NYG,ARI,L,21,23,Home
1974,1974-11-24,NYJ,MIA,W,17,14,Home
1974,1974-11-24,SF,ATL,W,27,0,Home
1974,1974-11-24,TEN,DAL,L,0,10,Home
1974,1974-11-24,WAS,PHI,W,26,7,Home
1974,1974-11-25,NO,PIT,L,7,28,Home
1974,1974-11-28,DAL,WAS,W,24,23,Home
1974,1974-11-28,DET,DEN,L,27,31,Home
1974,1974-12-01,ARI,KC,L,13,17,Home
1974,1974-12-01,ATL,LAR,L,7,30,Home
1974,1974-12-01,BUF,IND,W,6,0,Home
1974,1974-12-01,CHI,NYG,W,16,13,Home
1974,1974-12-01,CLE,SF,W,7,0,Home
1974,1974-12-01,LV,NE,W,41,26,Home
1974,1974-12-01,MIN,NO,W,29,9,Home
1974,1974-12-01,NYJ,LAC,W,27,14,Home
1974,1974-12-01,PHI,GB,W,36,14,Home
1974,1974-12-01,PIT,TEN,L,10,13,Home
1974,1974-12-02,MIA,CIN,W,24,3,Home
1974,1974-12-07,DAL,CLE,W,41,17,Home
1974,1974-12-07,MIN,ATL,W,23,10,Home
1974,1974-12-08,CIN,DET,L,19,23,Home
1974,1974-12-08,DEN,TEN,W,37,14,Home
1974,1974-12-08,IND,MIA,L,16,17,Home
1974,1974-12-08,KC,LV,L,6,7,Home
1974,1974-12-08,LAC,CHI,W,28,21,Home
1974,1974-12-08,NE,PIT,L,17,21,Home
1974,1974-12-08,NO,ARI,W,14,0,Home
1974,1974-12-08,NYG,PHI,L,7,20,Home
1974,1974-12-08,NYJ,BUF,W,20,10,Home
1974,1974-12-08,SF,GB,W,7,6,Home
1974,1974-12-09,LAR,WAS,L,17,23,Home
1974,1974-12-14,KC,MIN,L,15,35,Home
1974,1974-12-14,LV,DAL,W,27,23,Home
1974,1974-12-14,PIT,CIN,W,27,3,Home
1974,1974-12-15,ARI,NYG,W,26,14,Home
1974,1974-12-15,ATL,GB,W,10,3,Home
1974,1974-12-15,IND,NYJ,L,38,45,Home
1974,1974-12-15,LAC,DEN,W,17,0,Home
1974,1974-12-15,LAR,BUF,W,19,14,Home
1974,1974-12-15,MIA,NE,W,34,27,Home
1974,1974-12-15,PHI,DET,W,28,17,Home
1974,1974-12-15,SF,NO,W,35,21,Home
1974,1974-12-15,TEN,CLE,W,28,24,Home
1974,1974-12-15,WAS,CHI,W,42,0,Home
1975,1975-09-21,ARI,ATL,W,23,20,Home
1975,1975-09-21,BUF,NYJ,W,42,14,Home
1975,1975-09-21,CHI,IND,L,7,35,Home
1975,1975-09-21,CIN,CLE,W,24,17,Home
1975,1975-09-21,DAL,LAR,W,18,7,Home
1975,1975-09-21,DEN,KC,W,37,33,Home
1975,1975-09-21,GB,DET,L,16,30,Home
1975,1975-09-21,LAC,PIT,L,0,37,Home
1975,1975-09-21,MIN,SF,W,27,17,Home
1975,1975-09-21,NE,TEN,L,0,7,Home
1975,1975-09-21,PHI,NYG,L,14,23,Home
1975,1975-09-21,WAS,NO,W,41,3,Home
1975,1975-09-22,MIA,LV,L,21,31,Home
1975,1975-09-28,ATL,DET,L,14,17,Home
1975,1975-09-28,CHI,PHI,W,15,13,Home
1975,1975-09-28,CLE,MIN,L,10,42,Home
1975,1975-09-28,DAL,ARI,W,37,31,Home
1975,1975-09-28,IND,LV,L,20,31,Home
1975,1975-09-28,KC,NYJ,L,24,30,Home
1975,1975-09-28,NE,MIA,L,14,22,Home
1975,1975-09-28,NO,CIN,L,0,21,Home
1975,1975-09-28,PIT,BUF,L,21,30,Home
1975,1975-09-28,SF,LAR,L,14,23,Home
1975,1975-09-28,TEN,LAC,W,33,17,Home
1975,1975-09-28,WAS,NYG,W,49,13,Home
1975,1975-09-29,DEN,GB,W,23,13,Home
1975,1975-10-05,ARI,NYG,W,26,14,Home
1975,1975-10-05,ATL,NO,W,14,7,Home
1975,1975-10-05,BUF,DEN,W,38,14,Home
1975,1975-10-05,CLE,PIT,L,6,42,Home
1975,1975-10-05,GB,MIA,L,7,31,Home
1975,1975-10-05,KC,SF,L,3,20,Home
1975,1975-10-05,LAC,LV,L,0,6,Home
1975,1975-10-05,LAR,IND,W,24,13,Home
1975,1975-10-05,MIN,CHI,W,28,3,Home
1975,1975-10-05,NYJ,NE,W,36,7,Home
1975,1975-10-05,PHI,WAS,W,26,10,Home
1975,1975-10-05,TEN,CIN,L,19,21,Home
1975,1975-10-06,DET,DAL,L,10,36,Home
1975,1975-10-12,CIN,NE,W,27,10,Home
1975,1975-10-12,CLE,TEN,L,10,40,Home
1975,1975-10-12,DET,CHI,W,27,7,Home
1975,1975-10-12,IND,BUF,L,31,38,Home
1975,1975-10-12,KC,LV,W,42,10,Home
1975,1975-10-12,LAC,LAR,L,10,13,Home
1975,1975-10-12,MIA,PHI,W,24,16,Home
1975,1975-10-12,MIN,NYJ,W,29,21,Home
1975,1975-10-12,NO,GB,W,20,19,Home
1975,1975-10-12,NYG,DAL,L,7,13,Home
1975,1975-10-12,PIT,DEN,W,20,9,Home
1975,1975-10-12,SF,ATL,L,3,17,Home
1975,1975-10-13,WAS,ARI,W,27,17,Home
1975,1975-10-19,ARI,PHI,W,31,20,Home
1975,1975-10-19,CIN,LV,W,14,10,Home
1975,1975-10-19,DAL,GB,L,17,19,Home
1975,1975-10-19,DEN,CLE,W,16,15,Home
1975,1975-10-19,LAC,KC,L,10,12,Home
1975,1975-10-19,LAR,ATL,W,22,7,Home
1975,1975-10-19,MIN,DET,W,25,19,Home
1975,1975-10-19,NE,IND,W,21,10,Home
1975,1975-10-19,NYJ,MIA,L,0,43,Home
1975,1975-10-19,PIT,CHI,W,34,3,Home
1975,1975-10-19,SF,NO,W,35,21,Home
1975,1975-10-19,TEN,WAS,W,13,10,Home
1975,1975-10-20,BUF,NYG,L,14,17,Home
1975,1975-10-25,NYG,ARI,L,13,20,Home
1975,1975-10-26,ATL,CIN,L,14,21,Home
1975,1975-10-26,BUF,MIA,L,30,35,Home
1975,1975-10-26,CLE,WAS,L,7,23,Home
1975,1975-10-26,GB,PIT,L,13,16,Home
1975,1975-10-26,KC,DEN,W,26,13,Home
1975,1975-10-26,LAR,NO,W,38,14,Home
1975,1975-10-26,LV,LAC,W,25,0,Home
1975,1975-10-26,NE,SF,W,24,16,Home
1975,1975-10-26,NYJ,IND,L,28,45,Home
1975,1975-10-26,PHI,DAL,L,17,20,Home
1975,1975-10-26,TEN,DET,W,24,8,Home
1975,1975-10-27,CHI,MIN,L,9,13,Home
1975,1975-11-01,NYG,LAC,W,35,24,Home
1975,1975-11-02,ARI,NE,W,24,17,Home
1975,1975-11-02,CHI,MIA,L,13,46,Home
1975,1975-11-02,CIN,PIT,L,24,30,Home
1975,1975-11-02,DEN,LV,L,17,42,Home
1975,1975-11-02,GB,MIN,L,17,28,Home
1975,1975-11-02,IND,CLE,W,21,7,Home
1975,1975-11-02,KC,TEN,L,13,17,Home
1975,1975-11-02,NO,ATL,W,23,7,Home
1975,1975-11-02,NYJ,BUF,L,23,24,Home
1975,1975-11-02,SF,DET,L,17,28,Home
1975,1975-11-02,WAS,DAL,W,30,24,Home
1975,1975-11-03,PHI,LAR,L,3,42,Home
1975,1975-11-09,BUF,IND,L,35,42,Home
1975,1975-11-09,CHI,GB,W,27,14,Home
1975,1975-11-09,DEN,CIN,L,16,17,Home
1975,1975-11-09,DET,CLE,W,21,10,Home
1975,1975-11-09,LAC,NE,L,19,33,Home
1975,1975-11-09,LAR,SF,L,23,24,Home
1975,1975-11-09,LV,NO,W,48,10,Home
1975,1975-11-09,MIA,NYJ,W,27,7,Home
1975,1975-11-09,MIN,ATL,W,38,0,Home
1975,1975-11-09,NYG,WAS,L,13,21,Home
1975,1975-11-09,PHI,ARI,L,23,24,Home
1975,1975-11-09,PIT,TEN,W,24,17,Home
1975,1975-11-10,DAL,KC,L,31,34,Home
1975,1975-11-16,ARI,WAS,W,20,17,Home
1975,1975-11-16,ATL,LAR,L,7,16,Home
1975,1975-11-16,DET,GB,W,13,10,Home
1975,1975-11-16,IND,NYJ,W,52,19,Home
1975,1975-11-16,LAC,DEN,L,17,27,Home
1975,1975-11-16,LV,CLE,W,38,17,Home
1975,1975-11-16,NE,DAL,L,31,34,Home
1975,1975-11-16,NO,MIN,L,7,20,Home
1975,1975-11-16,NYG,PHI,L,10,13,Home
1975,1975-11-16,PIT,KC,W,28,3,Home
1975,1975-11-16,SF,CHI,W,31,3,Home
1975,1975-11-16,TEN,MIA,W,20,19,Home
1975,1975-11-17,CIN,BUF,W,33,24,Home
1975,1975-11-23,ATL,DEN,W,35,21,Home
1975,1975-11-23,BUF,NE,W,45,31,Home
1975,1975-11-23,CLE,CIN,W,35,23,Home
1975,1975-11-23,DAL,PHI,W,27,17,Home
1975,1975-11-23,GB,NYG,W,40,14,Home
1975,1975-11-23,KC,DET,W,24,21,Home
1975,1975-11-23,LAR,CHI,W,38,10,Home
1975,1975-11-23,MIA,IND,L,17,33,Home
1975,1975-11-23,MIN,LAC,W,28,13,Home
1975,1975-11-23,NO,SF,L,6,16,Home
1975,1975-11-23,NYJ,ARI,L,6,37,Home
1975,1975-11-23,WAS,LV,L,23,26,Home
1975,1975-11-24,TEN,PIT,L,9,32,Home
1975,1975-11-27,ARI,BUF,L,14,32,Home
1975,1975-11-27,DET,LAR,L,0,20,Home
1975,1975-11-30,CIN,TEN,W,23,19,Home
1975,1975-11-30,CLE,NO,W,17,16,Home
1975,1975-11-30,DAL,NYG,W,14,3,Home
1975,1975-11-30,DEN,LAC,W,13,10,Home
1975,1975-11-30,GB,CHI,W,28,7,Home
1975,1975-11-30,IND,KC,W,28,14,Home
1975,1975-11-30,LV,ATL,W,37,34,Home
1975,1975-11-30,NYJ,PIT,L,7,20,Home
1975,1975-11-30,PHI,SF,W,27,17,Home
1975,1975-11-30,WAS,MIN,W,31,30,Home
1975,1975-12-01,MIA,NE,W,20,7,Home
1975,1975-12-07,ARI,DAL,W,31,17,Home
1975,1975-12-07,ATL,WAS,L,27,30,Home
1975,1975-12-07,CHI,DET,W,25,21,Home
1975,1975-12-07,KC,LAC,L,20,28,Home
1975,1975-12-07,MIA,BUF,W,31,21,Home
1975,1975-12-07,MIN,GB,W,24,3,Home
1975,1975-12-07,NE,NYJ,L,28,30,Home
1975,1975-12-07,NO,LAR,L,7,14,Home
1975,1975-12-07,NYG,IND,L,0,21,Home
1975,1975-12-07,PHI,CIN,L,0,31,Home
1975,1975-12-07,PIT,CLE,W,31,17,Home
1975,1975-12-07,SF,TEN,L,13,27,Home
1975,1975-12-08,LV,DEN,W,17,10,Home
1975,1975-12-13,DAL,WAS,W,31,10,Home
1975,1975-12-13,PIT,CIN,W,35,14,Home
1975,1975-12-14,ATL,SF,W,31,9,Home
1975,1975-12-14,CHI,ARI,L,20,34,Home
1975,1975-12-14,CLE,KC,W,40,14,Home
1975,1975-12-14,DEN,PHI,W,25,10,Home
1975,1975-12-14,DET,MIN,W,17,10,Home
1975,1975-12-14,IND,MIA,W,10,7,Home
1975,1975-12-14,LAR,GB,W,22,5,Home
1975,1975-12-14,LV,TEN,L,26,27,Home
1975,1975-12-14,NE,BUF,L,14,34,Home
1975,1975-12-14,NYG,NO,W,28,14,Home
1975,1975-12-15,LAC,NYJ,W,24,16,Home
1975,1975-12-20,BUF,MIN,L,13,35,Home
1975,1975-12-20,LAR,PIT,W,10,3,Home
1975,1975-12-20,MIA,DEN,W,14,13,Home
1975,1975-12-21,CIN,LAC,W,47,17,Home
1975,1975-12-21,DET,ARI,L,13,24,Home
1975,1975-12-21,GB,ATL,W,22,13,Home
1975,1975-12-21,IND,NE,W,34,21,Home
1975,1975-12-21,LV,KC,W,28,20,Home
1975,1975-12-21,NO,CHI,L,17,42,Home
1975,1975-12-21,NYJ,DAL,L,21,31,Home
1975,1975-12-21,SF,NYG,L,23,26,Home
1975,1975-12-21,TEN,CLE,W,21,10,Home
1975,1975-12-21,WAS,PHI,L,3,26,Home
1976,1976-09-12,ATL,LAR,L,14,30,Home
1976,1976-09-12,CHI,DET,W,10,3,Home
1976,1976-09-12,CIN,DEN,W,17,7,Home
1976,1976-09-12,CLE,NYJ,W,38,17,Home
1976,1976-09-12,DAL,PHI,W,27,7,Home
1976,1976-09-12,GB,SF,L,14,26,Home
1976,1976-09-12,KC,LAC,L,16,30,Home
1976,1976-09-12,LV,PIT,W,31,28,Home
1976,1976-09-12,NE,IND,L,13,27,Home
1976,1976-09-12,NO,MIN,L,9,40,Home
1976,1976-09-12,SEA,ARI,L,24,30,Home
1976,1976-09-12,TEN,TB,W,20,0,Home
1976,1976-09-12,WAS,NYG,W,19,17,Home
1976,1976-09-13,BUF,MIA,L,21,30,Home
1976,1976-09-19,ARI,GB,W,29,0,Home
1976,1976-09-19,BUF,TEN,L,3,13,Home
1976,1976-09-19,DEN,NYJ,W,46,3,Home
1976,1976-09-19,DET,ATL,W,24,10,Home
1976,1976-09-19,IND,CIN,W,28,27,Home
1976,1976-09-19,MIN,LAR,T,10,10,Home
1976,1976-09-19,NE,MIA,W,30,14,Home
1976,1976-09-19,NO,DAL,L,6,24,Home
1976,1976-09-19,PHI,NYG,W,20,7,Home
1976,1976-09-19,PIT,CLE,W,31,14,Home
1976,1976-09-19,SF,CHI,L,12,19,Home
1976,1976-09-19,TB,LAC,L,0,23,Home
1976,1976-09-19,WAS,SEA,W,31,7,Home
1976,1976-09-20,KC,LV,L,21,24,Home
1976,1976-09-26,CHI,ATL,L,0,10,Home
1976,1976-09-26,CIN,GB,W,28,7,Home
1976,1976-09-26,DAL,IND,W,30,27,Home
1976,1976-09-26,DEN,CLE,W,44,13,Home
1976,1976-09-26,DET,MIN,L,9,10,Home
1976,1976-09-26,KC,NO,L,17,27,Home
1976,1976-09-26,LAC,ARI,W,43,24,Home
1976,1976-09-26,LAR,NYG,W,24,10,Home
1976,1976-09-26,MIA,NYJ,W,16,0,Home
1976,1976-09-26,PIT,NE,L,27,30,Home
1976,1976-09-26,SEA,SF,L,21,37,Home
1976,1976-09-26,TB,BUF,L,9,14,Home
1976,1976-09-26,TEN,LV,L,13,14,Home
1976,1976-09-27,PHI,WAS,L,17,20,Home
1976,1976-10-03,ARI,NYG,W,27,21,Home
1976,1976-10-03,ATL,PHI,L,13,14,Home
1976,1976-10-03,BUF,KC,W,50,17,Home
1976,1976-10-03,CHI,WAS,W,33,7,Home
1976,1976-10-03,CLE,CIN,L,24,45,Home
1976,1976-10-03,DEN,LAC,W,26,0,Home
1976,1976-10-03,GB,DET,W,24,14,Home
1976,1976-10-03,IND,TB,W,42,17,Home
1976,1976-10-03,MIA,LAR,L,28,31,Home
1976,1976-10-03,NE,LV,W,48,17,Home
1976,1976-10-03,NO,TEN,L,26,31,Home
1976,1976-10-03,SEA,DAL,L,13,28,Home
1976,1976-10-03,SF,NYJ,W,17,6,Home
1976,1976-10-04,MIN,PIT,W,17,6,Home
1976,1976-10-10,ARI,PHI,W,33,14,Home
1976,1976-10-10,CIN,TB,W,21,0,Home
1976,1976-10-10,CLE,PIT,W,18,16,Home
1976,1976-10-10,DET,NE,W,30,10,Home
1976,1976-10-10,GB,SEA,W,27,20,Home
1976,1976-10-10,IND,MIA,W,28,14,Home
1976,1976-10-10,LAC,LV,L,17,27,Home
1976,1976-10-10,MIN,CHI,W,20,19,Home
1976,1976-10-10,NO,ATL,W,30,0,Home
1976,1976-10-10,NYG,DAL,L,14,24,Home
1976,1976-10-10,NYJ,BUF,W,17,14,Home
1976,1976-10-10,TEN,DEN,W,17,3,Home
1976,1976-10-10,WAS,KC,L,30,33,Home
1976,1976-10-11,LAR,SF,L,0,16,Home
1976,1976-10-17,ARI,DAL,W,21,17,Home
1976,1976-10-17,ATL,CLE,L,17,20,Home
1976,1976-10-17,BUF,IND,L,13,31,Home
1976,1976-10-17,DEN,LV,L,10,17,Home
1976,1976-10-17,GB,PHI,W,28,13,Home
1976,1976-10-17,LAC,TEN,W,30,27,Home
1976,1976-10-17,LAR,CHI,W,20,12,Home
1976,1976-10-17,MIA,KC,L,17,20,Home
1976,1976-10-17,MIN,NYG,W,24,7,Home
1976,1976-10-17,PIT,CIN,W,23,6,Home
1976,1976-10-17,SF,NO,W,33,3,Home
1976,1976-10-17,TB,SEA,L,10,13,Home
1976,1976-10-17,WAS,DET,W,20,7,Home
1976,1976-10-18,NE,NYJ,W,41,7,Home
1976,1976-10-23,SF,ATL,W,15,0,Home
1976,1976-10-24,BUF,NE,L,22,26,Home
1976,1976-10-24,CLE,LAC,W,21,17,Home
1976,1976-10-24,DAL,CHI,W,31,21,Home
1976,1976-10-24,KC,DEN,L,26,35,Home
1976,1976-10-24,LV,GB,W,18,14,Home
1976,1976-10-24,NO,LAR,L,10,16,Home
1976,1976-10-24,NYG,PIT,L,0,27,Home
1976,1976-10-24,NYJ,IND,L,0,20,Home
1976,1976-10-24,PHI,MIN,L,12,31,Home
1976,1976-10-24,SEA,DET,L,14,41,Home
1976,1976-10-24,TB,MIA,L,20,23,Home
1976,1976-10-24,TEN,CIN,L,7,27,Home
1976,1976-10-25,WAS,ARI,W,20,10,Home
1976,1976-10-31,ARI,SF,W,23,20,Home
1976,1976-10-31,ATL,NO,W,23,20,Home
1976,1976-10-31,BUF,NYJ,L,14,19,Home
1976,1976-10-31,CHI,MIN,W,14,13,Home
1976,1976-10-31,CIN,CLE,W,21,6,Home
1976,1976-10-31,DET,GB,W,27,6,Home
1976,1976-10-31,LAR,SEA,W,45,6,Home
1976,1976-10-31,LV,DEN,W,19,6,Home
1976,1976-10-31,MIA,NE,W,10,3,Home
1976,1976-10-31,NYG,PHI,L,0,10,Home
1976,1976-10-31,PIT,LAC,W,23,0,Home
1976,1976-10-31,TB,KC,L,19,28,Home
1976,1976-10-31,WAS,DAL,L,7,20,Home
1976,1976-11-01,IND,TEN,W,38,14,Home
1976,1976-11-07,CHI,LV,L,27,28,Home
1976,1976-11-07,DAL,NYG,W,9,3,Home
1976,1976-11-07,DEN,TB,W,48,13,Home
1976,1976-11-07,GB,NO,W,32,27,Home
1976,1976-11-07,KC,PIT,L,0,45,Home
1976,1976-11-07,LAC,IND,L,21,37,Home
1976,1976-11-07,MIN,DET,W,31,23,Home
1976,1976-11-07,NE,BUF,W,20,10,Home
1976,1976-11-07,NYJ,MIA,L,7,27,Home
1976,1976-11-07,PHI,ARI,L,14,17,Home
1976,1976-11-07,SEA,ATL,W,30,13,Home
1976,1976-11-07,SF,WAS,L,21,24,Home
1976,1976-11-07,TEN,CLE,L,7,21,Home
1976,1976-11-08,CIN,LAR,W,20,12,Home
1976,1976-11-14,ATL,SF,W,21,16,Home
1976,1976-11-14,CHI,GB,W,24,13,Home
1976,1976-11-14,CIN,TEN,W,31,27,Home
1976,1976-11-14,CLE,PHI,W,24,3,Home
1976,1976-11-14,IND,NE,L,14,21,Home
1976,1976-11-14,LAC,DEN,L,0,17,Home
1976,1976-11-14,LAR,ARI,L,28,30,Home
1976,1976-11-14,LV,KC,W,21,10,Home
1976,1976-11-14,MIN,SEA,W,27,21,Home
1976,1976-11-14,NO,DET,W,17,16,Home
1976,1976-11-14,NYG,WAS,W,12,9,Home
1976,1976-11-14,NYJ,TB,W,34,0,Home
1976,1976-11-14,PIT,MIA,W,14,3,Home
1976,1976-11-15,DAL,BUF,W,17,10,Home
1976,1976-11-21,ARI,WAS,L,10,16,Home
1976,1976-11-21,ATL,DAL,W,17,10,Home
1976,1976-11-21,BUF,LAC,L,13,34,Home
1976,1976-11-21,DEN,NYG,W,14,13,Home
1976,1976-11-21,DET,CHI,W,14,10,Home
1976,1976-11-21,GB,MIN,L,10,17,Home
1976,1976-11-21,KC,CIN,L,24,27,Home
1976,1976-11-21,NYJ,NE,L,24,38,Home
1976,1976-11-21,PHI,LV,L,7,26,Home
1976,1976-11-21,PIT,TEN,W,32,16,Home
1976,1976-11-21,SEA,NO,L,27,51,Home
1976,1976-11-21,SF,LAR,L,3,23,Home
1976,1976-11-21,TB,CLE,L,7,24,Home
1976,1976-11-22,MIA,IND,L,16,17,Home
1976,1976-11-25,DAL,ARI,W,19,14,Home
1976,1976-11-25,DET,BUF,W,27,14,Home
1976,1976-11-28,CIN,PIT,L,3,7,Home
1976,1976-11-28,CLE,MIA,W,17,13,Home
1976,1976-11-28,GB,CHI,L,10,16,Home
1976,1976-11-28,IND,NYJ,W,33,16,Home
1976,1976-11-28,LAC,KC,L,20,23,Home
1976,1976-11-28,LAR,NO,W,33,14,Home
1976,1976-11-28,LV,TB,W,49,16,Home
1976,1976-11-28,NE,DEN,W,38,14,Home
1976,1976-11-28,NYG,SEA,W,28,16,Home
1976,1976-11-28,TEN,ATL,W,20,14,Home
1976,1976-11-28,WAS,PHI,W,24,0,Home
1976,1976-11-29,SF,MIN,W,20,16,Home
1976,1976-12-04,ARI,IND,W,24,17,Home
1976,1976-12-04,LAR,ATL,W,59,0,Home
1976,1976-12-05,CLE,TEN,W,13,10,Home
1976,1976-12-05,DEN,KC,W,17,16,Home
1976,1976-12-05,LAC,SF,W,13,7,Home
1976,1976-12-05,MIA,BUF,W,45,27,Home
1976,1976-12-05,MIN,GB,W,20,9,Home
1976,1976-12-05,NE,NO,W,27,6,Home
1976,1976-12-05,NYG,DET,W,24,10,Home
1976,1976-12-05,NYJ,WAS,L,16,37,Home
1976,1976-12-05,PHI,DAL,L,7,26,Home
1976,1976-12-05,PIT,TB,W,42,0,Home
1976,1976-12-05,SEA,CHI,L,7,34,Home
1976,1976-12-06,LV,CIN,W,35,20,Home
1976,1976-12-11,DET,LAR,L,17,20,Home
1976,1976-12-11,MIA,MIN,L,7,29,Home
1976,1976-12-11,TEN,PIT,L,0,21,Home
1976,1976-12-12,ATL,GB,L,20,24,Home
1976,1976-12-12,CHI,DEN,L,14,28,Home
1976,1976-12-12,DAL,WAS,L,14,27,Home
1976,1976-12-12,IND,BUF,W,58,20,Home
1976,1976-12-12,KC,CLE,W,39,14,Home
1976,1976-12-12,LV,LAC,W,24,0,Home
1976,1976-12-12,NO,SF,L,7,27,Home
1976,1976-12-12,NYG,ARI,L,14,17,Home
1976,1976-12-12,NYJ,CIN,L,3,42,Home
1976,1976-12-12,PHI,SEA,W,27,10,Home
1976,1976-12-12,TB,NE,L,14,31,Home
1977,1977-09-18,ATL,LAR,W,17,6,Home
1977,1977-09-18,BUF,MIA,L,0,13,Home
1977,1977-09-18,CHI,DET,W,30,20,Home
1977,1977-09-18,CIN,CLE,L,3,13,Home
1977,1977-09-18,DEN,ARI,W,7,0,Home
1977,1977-09-18,LV,LAC,W,24,0,Home
1977,1977-09-18,MIN,DAL,L,10,16,Home
1977,1977-09-18,NE,KC,W,21,17,Home
1977,1977-09-18,NO,GB,L,20,24,Home
1977,1977-09-18,NYG,WAS,W,20,17,Home
1977,1977-09-18,PHI,TB,W,13,3,Home
1977,1977-09-18,SEA,IND,L,14,29,Home
1977,1977-09-18,TEN,NYJ,W,20,0,Home
1977,1977-09-19,PIT,SF,W,27,0,Home
1977,1977-09-24,TB,MIN,L,3,9,Home
1977,1977-09-25,ARI,CHI,W,16,13,Home
1977,1977-09-25,CIN,SEA,W,42,20,Home
1977,1977-09-25,DAL,NYG,W,41,21,Home
1977,1977-09-25,DEN,BUF,W,26,6,Home
1977,1977-09-25,DET,NO,W,23,19,Home
1977,1977-09-25,GB,TEN,L,10,16,Home
1977,1977-09-25,KC,LAC,L,7,23,Home
1977,1977-09-25,LAR,PHI,W,20,0,Home
1977,1977-09-25,NYJ,IND,L,12,20,Home
1977,1977-09-25,PIT,LV,L,7,16,Home
1977,1977-09-25,SF,MIA,L,15,19,Home
1977,1977-09-25,WAS,ATL,W,10,6,Home
1977,1977-09-26,CLE,NE,W,30,27,Home
1977,1977-10-02,ATL,NYG,W,17,3,Home
1977,1977-10-02,CHI,NO,L,24,42,Home
1977,1977-10-02,CLE,PIT,L,14,28,Home
1977,1977-10-02,DAL,TB,W,23,7,Home
1977,1977-10-02,DET,PHI,W,17,13,Home
1977,1977-10-02,IND,BUF,W,17,14,Home
1977,1977-10-02,LAC,CIN,W,24,3,Home
1977,1977-10-02,LAR,SF,W,34,14,Home
1977,1977-10-02,MIA,TEN,W,27,7,Home
1977,1977-10-02,MIN,GB,W,19,7,Home
1977,1977-10-02,NYJ,NE,W,30,27,Home
1977,1977-10-02,SEA,DEN,L,13,24,Home
1977,1977-10-02,WAS,ARI,W,24,14,Home
1977,1977-10-03,KC,LV,L,28,37,Home
1977,1977-10-09,ARI,DAL,L,24,30,Home
1977,1977-10-09,BUF,NYJ,L,19,24,Home
1977,1977-10-09,CLE,LV,L,10,26,Home
1977,1977-10-09,DEN,KC,W,23,7,Home
1977,1977-10-09,GB,CIN,L,7,17,Home
1977,1977-10-09,IND,MIA,W,45,28,Home
1977,1977-10-09,MIN,DET,W,14,7,Home
1977,1977-10-09,NE,SEA,W,31,0,Home
1977,1977-10-09,NO,LAC,L,0,14,Home
1977,1977-10-09,NYG,PHI,L,10,28,Home
1977,1977-10-09,SF,ATL,L,0,7,Home
1977,1977-10-09,TB,WAS,L,0,10,Home
1977,1977-10-09,TEN,PIT,W,27,10,Home
1977,1977-10-10,CHI,LAR,W,24,23,Home
1977,1977-10-16,BUF,ATL,W,3,0,Home
1977,1977-10-16,DAL,WAS,W,34,16,Home
1977,1977-10-16,DET,GB,W,10,6,Home
1977,1977-10-16,KC,IND,L,6,17,Home
1977,1977-10-16,LAC,NE,L,20,24,Home
1977,1977-10-16,LAR,NO,W,14,7,Home
1977,1977-10-16,LV,DEN,L,7,30,Home
1977,1977-10-16,MIA,NYJ,W,21,17,Home
1977,1977-10-16,MIN,CHI,W,22,16,Home
1977,1977-10-16,NYG,SF,W,20,17,Home
1977,1977-10-16,PHI,ARI,L,17,21,Home
1977,1977-10-16,SEA,TB,W,30,23,Home
1977,1977-10-16,TEN,CLE,L,23,24,Home
1977,1977-10-17,PIT,CIN,W,20,14,Home
1977,1977-10-23,ARI,NO,W,49,31,Home
1977,1977-10-23,BUF,CLE,L,16,27,Home
1977,1977-10-23,CHI,ATL,L,10,16,Home
1977,1977-10-23,CIN,DEN,L,13,24,Home
1977,1977-10-23,LAC,KC,L,16,21,Home
1977,1977-10-23,MIA,SEA,W,31,13,Home
1977,1977-10-23,NE,IND,W,17,3,Home
1977,1977-10-23,NYJ,LV,L,27,28,Home
1977,1977-10-23,PHI,DAL,L,10,16,Home
1977,1977-10-23,PIT,TEN,W,27,10,Home
1977,1977-10-23,SF,DET,W,28,7,Home
1977,1977-10-23,TB,GB,L,0,13,Home
1977,1977-10-23,WAS,NYG,L,6,17,Home
1977,1977-10-24,LAR,MIN,W,35,3,Home
1977,1977-10-30,ATL,MIN,L,7,14,Home
1977,1977-10-30,CIN,TEN,W,13,10,Home
1977,1977-10-30,CLE,KC,W,44,7,Home
1977,1977-10-30,DAL,DET,W,37,0,Home
1977,1977-10-30,DEN,LV,L,14,24,Home
1977,1977-10-30,GB,CHI,L,0,26,Home
1977,1977-10-30,IND,PIT,W,31,21,Home
1977,1977-10-30,MIA,LAC,L,13,14,Home
1977,1977-10-30,NE,NYJ,W,24,13,Home
1977,1977-10-30,NO,LAR,W,27,26,Home
1977,1977-10-30,SEA,BUF,W,56,17,Home
1977,1977-10-30,SF,TB,W,20,10,Home
1977,1977-10-30,WAS,PHI,W,23,17,Home
1977,1977-10-31,ARI,NYG,W,28,0,Home
1977,1977-11-06,ATL,SF,L,3,10,Home
1977,1977-11-06,CLE,CIN,L,7,10,Home
1977,1977-11-06,DEN,PIT,W,21,7,Home
1977,1977-11-06,DET,LAC,W,20,0,Home
1977,1977-11-06,KC,GB,W,20,10,Home
1977,1977-11-06,LAR,TB,W,31,0,Home
1977,1977-11-06,LV,SEA,W,44,7,Home
1977,1977-11-06,MIN,ARI,L,7,27,Home
1977,1977-11-06,NE,BUF,L,14,24,Home
1977,1977-11-06,NYG,DAL,L,10,24,Home
1977,1977-11-06,NYJ,MIA,L,10,14,Home
1977,1977-11-06,PHI,NO,W,28,7,Home
1977,1977-11-06,TEN,CHI,W,47,0,Home
1977,1977-11-07,IND,WAS,W,10,3,Home
1977,1977-11-13,ATL,DET,W,17,6,Home
1977,1977-11-13,BUF,IND,L,13,31,Home
1977,1977-11-13,CHI,KC,W,28,27,Home
1977,1977-11-13,GB,LAR,L,6,24,Home
1977,1977-11-13,LAC,DEN,L,14,17,Home
1977,1977-11-13,LV,TEN,W,34,29,Home
1977,1977-11-13,MIA,NE,W,17,5,Home
1977,1977-11-13,MIN,CIN,W,42,10,Home
1977,1977-11-13,NO,SF,L,7,10,Home
1977,1977-11-13,NYJ,SEA,L,0,17,Home
1977,1977-11-13,PHI,WAS,L,14,17,Home
1977,1977-11-13,PIT,CLE,W,35,31,Home
1977,1977-11-13,TB,NYG,L,0,10,Home
1977,1977-11-14,DAL,ARI,L,17,24,Home
1977,1977-11-20,ARI,PHI,W,21,16,Home
1977,1977-11-20,BUF,NE,L,7,20,Home
1977,1977-11-20,CHI,MIN,W,10,7,Home
1977,1977-11-20,CIN,MIA,W,23,17,Home
1977,1977-11-20,DET,TB,W,16,7,Home
1977,1977-11-20,IND,NYJ,W,33,12,Home
1977,1977-11-20,KC,DEN,L,7,14,Home
1977,1977-11-20,LAC,LV,W,12,7,Home
1977,1977-11-20,NO,ATL,W,21,20,Home
1977,1977-11-20,NYG,CLE,L,7,21,Home
1977,1977-11-20,PIT,DAL,W,28,13,Home
1977,1977-11-20,SEA,TEN,L,10,22,Home
1977,1977-11-20,SF,LAR,L,10,23,Home
1977,1977-11-21,WAS,GB,W,10,9,Home
1977,1977-11-24,ARI,MIA,L,14,55,Home
1977,1977-11-24,DET,CHI,L,14,31,Home
1977,1977-11-27,CIN,NYG,W,30,13,Home
1977,1977-11-27,CLE,LAR,L,0,9,Home
1977,1977-11-27,DEN,IND,W,27,13,Home
1977,1977-11-27,GB,MIN,L,6,13,Home
1977,1977-11-27,NE,PHI,W,14,6,Home
1977,1977-11-27,NYJ,PIT,L,20,23,Home
1977,1977-11-27,SEA,LAC,L,28,30,Home
1977,1977-11-27,SF,NO,W,20,17,Home
1977,1977-11-27,TB,ATL,L,0,17,Home
1977,1977-11-27,TEN,KC,W,34,20,Home
1977,1977-11-27,WAS,DAL,L,7,14,Home
1977,1977-11-28,LV,BUF,W,34,13,Home
1977,1977-12-04,ATL,NE,L,10,16,Home
1977,1977-12-04,BUF,WAS,L,0,10,Home
1977,1977-12-04,DAL,PHI,W,24,14,Home
1977,1977-12-04,GB,DET,W,10,9,Home
1977,1977-12-04,KC,CIN,L,7,27,Home
1977,1977-12-04,LAC,CLE,W,37,14,Home
1977,1977-12-04,LAR,LV,W,20,14,Home
1977,1977-12-04,MIN,SF,W,28,27,Home
1977,1977-12-04,NO,NYJ,L,13,16,Home
1977,1977-12-04,NYG,ARI,W,27,7,Home
1977,1977-12-04,PIT,SEA,W,30,20,Home
1977,1977-12-04,TB,CHI,L,0,10,Home
1977,1977-12-04,TEN,DEN,L,14,24,Home
1977,1977-12-05,MIA,IND,W,17,6,Home
1977,1977-12-10,ARI,WAS,L,20,26,Home
1977,1977-12-10,CIN,PIT,W,17,10,Home
1977,1977-12-11,CHI,GB,W,21,10,Home
1977,1977-12-11,CLE,TEN,L,15,19,Home
1977,1977-12-11,DEN,LAC,W,17,9,Home
1977,1977-12-11,IND,DET,L,10,13,Home
1977,1977-12-11,KC,SEA,L,31,34,Home
1977,1977-12-11,LAR,ATL,W,23,7,Home
1977,1977-12-11,LV,MIN,W,35,13,Home
1977,1977-12-11,NE,MIA,W,14,10,Home
1977,1977-12-11,NO,TB,L,14,33,Home
1977,1977-12-11,NYJ,BUF,L,10,14,Home
1977,1977-12-11,PHI,NYG,W,17,14,Home
1977,1977-12-12,SF,DAL,L,35,42,Home
1977,1977-12-17,DET,MIN,L,21,30,Home
1977,1977-12-17,MIA,BUF,W,31,14,Home
1977,1977-12-17,WAS,LAR,W,17,14,Home
1977,1977-12-18,ATL,NO,W,35,7,Home
1977,1977-12-18,DAL,DEN,W,14,6,Home
1977,1977-12-18,GB,SF,W,16,14,Home
1977,1977-12-18,IND,NE,W,30,24,Home
1977,1977-12-18,LAC,PIT,L,9,10,Home
1977,1977-12-18,LV,KC,W,21,20,Home
1977,1977-12-18,NYG,CHI,L,9,12,Home
1977,1977-12-18,PHI,NYJ,W,27,0,Home
1977,1977-12-18,SEA,CLE,W,20,19,Home
1977,1977-12-18,TB,ARI,W,17,7,Home
1977,1977-12-18,TEN,CIN,W,21,16,Home
1978,1978-09-02,TB,NYG,L,13,19,Home
1978,1978-09-03,ATL,TEN,W,20,14,Home
1978,1978-09-03,BUF,PIT,L,17,28,Home
1978,1978-09-03,CHI,ARI,W,17,10,Home
1978,1978-09-03,CIN,KC,L,23,24,Home
1978,1978-09-03,CLE,SF,W,24,7,Home
1978,1978-09-03,DEN,LV,W,14,6,Home
1978,1978-09-03,DET,GB,L,7,13,Home
1978,1978-09-03,NE,WAS,L,14,16,Home
1978,1978-09-03,NO,MIN,W,31,24,Home
1978,1978-09-03,NYJ,MIA,W,33,20,Home
1978,1978-09-03,PHI,LAR,L,14,16,Home
1978,1978-09-03,SEA,LAC,L,20,24,Home
1978,1978-09-04,DAL,IND,W,38,0,Home
1978,1978-09-09,TB,DET,L,7,15,Home
1978,1978-09-10,ARI,NE,L,6,16,Home
1978,1978-09-10,BUF,NYJ,L,20,21,Home
1978,1978-09-10,CLE,CIN,W,13,10,Home
1978,1978-09-10,GB,NO,W,28,17,Home
1978,1978-09-10,IND,MIA,L,0,42,Home
1978,1978-09-10,KC,TEN,L,17,20,Home
1978,1978-09-10,LAC,LV,L,20,21,Home
1978,1978-09-10,LAR,ATL,W,10,0,Home
1978,1978-09-10,NYG,DAL,L,24,34,Home
1978,1978-09-10,PIT,SEA,W,21,10,Home
1978,1978-09-10,SF,CHI,L,13,16,Home
1978,1978-09-10,WAS,PHI,W,35,30,Home
1978,1978-09-11,MIN,DEN,W,12,9,Home
1978,1978-09-17,ARI,WAS,L,10,28,Home
1978,1978-09-17,ATL,CLE,L,16,24,Home
1978,1978-09-17,CIN,PIT,L,3,28,Home
1978,1978-09-17,DEN,LAC,W,27,14,Home
1978,1978-09-17,DET,CHI,L,0,19,Home
1978,1978-09-17,GB,LV,L,3,28,Home
1978,1978-09-17,LAR,DAL,W,27,14,Home
1978,1978-09-17,MIA,BUF,W,31,24,Home
1978,1978-09-17,MIN,TB,L,10,16,Home
1978,1978-09-17,NO,PHI,L,17,24,Home
1978,1978-09-17,NYG,KC,W,26,10,Home
1978,1978-09-17,NYJ,SEA,L,17,24,Home
1978,1978-09-17,TEN,SF,W,20,19,Home
1978,1978-09-18,NE,IND,L,27,34,Home
1978,1978-09-24,BUF,IND,W,24,17,Home
1978,1978-09-24,CIN,NO,L,18,20,Home
1978,1978-09-24,DAL,ARI,W,21,12,Home
1978,1978-09-24,KC,DEN,L,17,23,Home
1978,1978-09-24,LAC,GB,L,3,24,Home
1978,1978-09-24,LV,NE,L,14,21,Home
1978,1978-09-24,NYG,SF,W,27,10,Home
1978,1978-09-24,PHI,MIA,W,17,3,Home
1978,1978-09-24,PIT,CLE,W,15,9,Home
1978,1978-09-24,SEA,DET,W,28,16,Home
1978,1978-09-24,TB,ATL,W,14,9,Home
1978,1978-09-24,TEN,LAR,L,6,10,Home
1978,1978-09-24,WAS,NYJ,W,23,3,Home
1978,1978-09-25,CHI,MIN,L,20,24,Home
1978,1978-10-01,ATL,NYG,W,23,20,Home
1978,1978-10-01,BUF,KC,W,28,13,Home
1978,1978-10-01,CHI,LV,L,19,25,Home
1978,1978-10-01,CLE,TEN,L,13,16,Home
1978,1978-10-01,DEN,SEA,W,28,7,Home
1978,1978-10-01,GB,DET,W,35,14,Home
1978,1978-10-01,IND,PHI,L,14,17,Home
1978,1978-10-01,MIA,ARI,W,24,10,Home
1978,1978-10-01,NE,LAC,W,28,23,Home
1978,1978-10-01,NO,LAR,L,20,26,Home
1978,1978-10-01,NYJ,PIT,L,17,28,Home
1978,1978-10-01,SF,CIN,W,28,12,Home
1978,1978-10-01,TB,MIN,L,7,24,Home
1978,1978-10-02,WAS,DAL,W,9,5,Home
1978,1978-10-08,ARI,IND,L,17,30,Home
1978,1978-10-08,DAL,NYG,W,24,3,Home
1978,1978-10-08,DET,WAS,L,19,21,Home
1978,1978-10-08,GB,CHI,W,24,14,Home
1978,1978-10-08,KC,TB,L,13,30,Home
1978,1978-10-08,LAC,DEN,W,23,0,Home
1978,1978-10-08,LAR,SF,W,27,10,Home
1978,1978-10-08,LV,TEN,W,21,17,Home
1978,1978-10-08,NE,PHI,W,24,14,Home
1978,1978-10-08,NO,CLE,L,16,24,Home
1978,1978-10-08,NYJ,BUF,W,45,14,Home
1978,1978-10-08,PIT,ATL,W,31,7,Home
1978,1978-10-08,SEA,MIN,W,29,28,Home
1978,1978-10-09,MIA,CIN,W,21,0,Home
1978,1978-10-15,ARI,DAL,L,21,24,Home
1978,1978-10-15,ATL,DET,W,14,0,Home
1978,1978-10-15,CIN,NE,L,3,10,Home
1978,1978-10-15,CLE,PIT,L,14,34,Home
1978,1978-10-15,GB,SEA,W,45,28,Home
1978,1978-10-15,IND,NYJ,L,10,33,Home
1978,1978-10-15,LAC,MIA,L,21,28,Home
1978,1978-10-15,LV,KC,W,28,6,Home
1978,1978-10-15,MIN,LAR,L,17,34,Home
1978,1978-10-15,NYG,TB,W,17,14,Home
1978,1978-10-15,PHI,WAS,W,17,10,Home
1978,1978-10-15,SF,NO,L,7,14,Home
1978,1978-10-15,TEN,BUF,W,17,10,Home
1978,1978-10-16,DEN,CHI,W,16,7,Home
1978,1978-10-22,BUF,CIN,W,5,0,Home
1978,1978-10-22,DAL,PHI,W,14,7,Home
1978,1978-10-22,DET,LAC,W,31,14,Home
1978,1978-10-22,IND,DEN,W,7,6,Home
1978,1978-10-22,KC,CLE,W,17,3,Home
1978,1978-10-22,LAR,NO,L,3,10,Home
1978,1978-10-22,MIN,GB,W,21,7,Home
1978,1978-10-22,NE,MIA,W,33,24,Home
1978,1978-10-22,NYG,WAS,W,17,6,Home
1978,1978-10-22,NYJ,ARI,W,23,10,Home
1978,1978-10-22,SEA,LV,W,27,7,Home
1978,1978-10-22,SF,ATL,L,17,20,Home
1978,1978-10-22,TB,CHI,W,33,19,Home
1978,1978-10-23,PIT,TEN,L,17,24,Home
1978,1978-10-26,DAL,MIN,L,10,21,Home
1978,1978-10-29,CHI,DET,L,17,21,Home
1978,1978-10-29,CIN,TEN,W,28,13,Home
1978,1978-10-29,CLE,BUF,W,41,20,Home
1978,1978-10-29,GB,TB,W,9,7,Home
1978,1978-10-29,LV,LAC,L,23,27,Home
1978,1978-10-29,MIA,IND,W,26,8,Home
1978,1978-10-29,NE,NYJ,W,55,21,Home
1978,1978-10-29,NO,NYG,W,28,17,Home
1978,1978-10-29,PHI,ARI,L,10,16,Home
1978,1978-10-29,PIT,KC,W,27,24,Home
1978,1978-10-29,SEA,DEN,L,17,20,Home
1978,1978-10-29,WAS,SF,W,38,20,Home
1978,1978-10-30,ATL,LAR,W,15,7,Home
1978,1978-11-05,ARI,NYG,W,20,10,Home
1978,1978-11-05,ATL,SF,W,21,10,Home
1978,1978-11-05,BUF,NE,L,10,14,Home
1978,1978-11-05,CHI,SEA,L,29,31,Home
1978,1978-11-05,DEN,NYJ,L,28,31,Home
1978,1978-11-05,KC,LV,L,10,20,Home
1978,1978-11-05,LAC,CIN,W,22,13,Home
1978,1978-11-05,LAR,TB,W,26,23,Home
1978,1978-11-05,MIA,DAL,W,23,16,Home
1978,1978-11-05,MIN,DET,W,17,7,Home
1978,1978-11-05,PHI,GB,W,10,3,Home
1978,1978-11-05,PIT,NO,W,20,14,Home
1978,1978-11-05,TEN,CLE,W,14,10,Home
1978,1978-11-06,IND,WAS,W,21,17,Home
1978,1978-11-12,BUF,MIA,L,24,25,Home
1978,1978-11-12,CLE,DEN,L,7,19,Home
1978,1978-11-12,DET,TB,W,34,23,Home
1978,1978-11-12,GB,DAL,L,14,42,Home
1978,1978-11-12,LAC,KC,W,29,23,Home
1978,1978-11-12,LAR,PIT,W,10,7,Home
1978,1978-11-12,MIN,CHI,W,17,14,Home
1978,1978-11-12,NE,TEN,L,23,26,Home
1978,1978-11-12,NO,ATL,L,17,20,Home
1978,1978-11-12,PHI,NYJ,W,17,9,Home
1978,1978-11-12,SEA,IND,L,14,17,Home
1978,1978-11-12,SF,ARI,L,10,16,Home
1978,1978-11-12,WAS,NYG,W,16,13,Home
1978,1978-11-13,CIN,LV,L,21,34,Home
1978,1978-11-19,CHI,ATL,W,13,7,Home
1978,1978-11-19,DAL,NO,W,27,7,Home
1978,1978-11-19,DEN,GB,W,16,3,Home
1978,1978-11-19,IND,CLE,L,24,45,Home
1978,1978-11-19,KC,SEA,L,10,13,Home
1978,1978-11-19,LV,DET,W,29,17,Home
1978,1978-11-19,MIN,LAC,L,7,13,Home
1978,1978-11-19,NYG,PHI,L,17,19,Home
1978,1978-11-19,NYJ,NE,L,17,19,Home
1978,1978-11-19,PIT,CIN,W,7,6,Home
1978,1978-11-19,SF,LAR,L,28,31,Home
1978,1978-11-19,TB,BUF,W,31,10,Home
1978,1978-11-19,WAS,ARI,L,17,27,Home
1978,1978-11-20,TEN,MIA,W,35,30,Home
1978,1978-11-23,DAL,WAS,W,37,10,Home
1978,1978-11-23,DET,DEN,W,17,14,Home
1978,1978-11-26,ARI,PHI,L,10,14,Home
1978,1978-11-26,ATL,NO,W,20,17,Home
1978,1978-11-26,BUF,NYG,W,41,17,Home
1978,1978-11-26,CHI,TB,W,14,3,Home
1978,1978-11-26,CLE,LAR,W,30,19,Home
1978,1978-11-26,GB,MIN,T,10,10,Home
1978,1978-11-26,IND,NE,L,14,35,Home
1978,1978-11-26,KC,LAC,W,23,0,Home
1978,1978-11-26,LV,SEA,L,16,17,Home
1978,1978-11-26,MIA,NYJ,L,13,24,Home
1978,1978-11-26,TEN,CIN,W,17,10,Home
1978,1978-11-27,SF,PIT,L,7,24,Home
1978,1978-12-03,ARI,DET,W,21,14,Home
1978,1978-12-03,CIN,ATL,W,37,7,Home
1978,1978-12-03,DAL,NE,W,17,10,Home
1978,1978-12-03,KC,BUF,W,14,10,Home
1978,1978-12-03,LV,DEN,L,6,21,Home
1978,1978-12-03,MIN,PHI,W,28,27,Home
1978,1978-12-03,NO,SF,W,24,13,Home
1978,1978-12-03,NYG,LAR,L,17,20,Home
1978,1978-12-03,NYJ,IND,W,24,16,Home
1978,1978-12-03,SEA,CLE,W,47,24,Home
1978,1978-12-03,TB,GB,L,7,17,Home
1978,1978-12-03,TEN,PIT,L,3,13,Home
1978,1978-12-03,WAS,MIA,L,0,16,Home
1978,1978-12-04,LAC,CHI,W,40,7,Home
1978,1978-12-09,DET,MIN,W,45,14,Home
1978,1978-12-09,PIT,IND,W,35,13,Home
1978,1978-12-10,ATL,WAS,W,20,17,Home
1978,1978-12-10,CHI,GB,W,14,0,Home
1978,1978-12-10,CLE,NYJ,W,37,34,Home
1978,1978-12-10,DEN,KC,W,24,3,Home
1978,1978-12-10,LAC,SEA,W,37,10,Home
1978,1978-12-10,MIA,LV,W,23,6,Home
1978,1978-12-10,NE,BUF,W,26,24,Home
1978,1978-12-10,NO,TEN,L,12,17,Home
1978,1978-12-10,NYG,ARI,W,17,0,Home
1978,1978-12-10,PHI,DAL,L,13,31,Home
1978,1978-12-10,SF,TB,W,6,3,Home
1978,1978-12-11,LAR,CIN,L,19,20,Home
1978,1978-12-16,DEN,PIT,L,17,21,Home
1978,1978-12-16,WAS,CHI,L,10,14,Home
1978,1978-12-17,ARI,ATL,W,42,21,Home
1978,1978-12-17,CIN,CLE,W,48,16,Home
1978,1978-12-17,DET,SF,W,33,14,Home
1978,1978-12-17,IND,BUF,L,14,21,Home
1978,1978-12-17,LAR,GB,W,31,14,Home
1978,1978-12-17,LV,MIN,W,27,20,Home
1978,1978-12-17,NYJ,DAL,L,7,30,Home
1978,1978-12-17,PHI,NYG,W,20,3,Home
1978,1978-12-17,SEA,KC,W,23,19,Home
1978,1978-12-17,TB,NO,L,10,17,Home
1978,1978-12-17,TEN,LAC,L,24,45,Home
1978,1978-12-18,MIA,NE,W,23,3,Home
1979,1979-09-01,TB,DET,W,31,16,Home
1979,1979-09-02,ARI,DAL,L,21,22,Home
1979,1979-09-02,BUF,MIA,L,7,9,Home
1979,1979-09-02,CHI,GB,W,6,3,Home
1979,1979-09-02,DEN,CIN,W,10,0,Home
1979,1979-09-02,KC,IND,W,14,0,Home
1979,1979-09-02,LAR,LV,L,17,24,Home
1979,1979-09-02,MIN,SF,W,28,22,Home
1979,1979-09-02,NO,ATL,L,34,40,Home
1979,1979-09-02,NYJ,CLE,L,22,25,Home
1979,1979-09-02,PHI,NYG,W,23,17,Home
1979,1979-09-02,SEA,LAC,L,16,33,Home
1979,1979-09-02,WAS,TEN,L,27,29,Home
1979,1979-09-03,NE,PIT,L,13,16,Home
1979,1979-09-06,DEN,LAR,L,9,13,Home
1979,1979-09-09,BUF,CIN,W,51,24,Home
1979,1979-09-09,CHI,MIN,W,26,7,Home
1979,1979-09-09,DET,WAS,L,24,27,Home
1979,1979-09-09,GB,NO,W,28,19,Home
1979,1979-09-09,IND,TB,L,26,29,Home
1979,1979-09-09,KC,CLE,L,24,27,Home
1979,1979-09-09,LAC,LV,W,30,10,Home
1979,1979-09-09,MIA,SEA,W,19,10,Home
1979,1979-09-09,NE,NYJ,W,56,3,Home
1979,1979-09-09,NYG,ARI,L,14,27,Home
1979,1979-09-09,PIT,TEN,W,38,7,Home
1979,1979-09-09,SF,DAL,L,13,21,Home
1979,1979-09-10,PHI,ATL,L,10,14,Home
1979,1979-09-16,ARI,PIT,L,21,24,Home
1979,1979-09-16,ATL,DEN,L,17,20,Home
1979,1979-09-16,CIN,NE,L,14,20,Home
1979,1979-09-16,CLE,IND,W,13,10,Home
1979,1979-09-16,DAL,CHI,W,24,20,Home
1979,1979-09-16,GB,TB,L,10,21,Home
1979,1979-09-16,LAC,BUF,W,27,19,Home
1979,1979-09-16,LAR,SF,W,27,24,Home
1979,1979-09-16,MIN,MIA,L,12,27,Home
1979,1979-09-16,NO,PHI,L,14,26,Home
1979,1979-09-16,NYJ,DET,W,31,10,Home
1979,1979-09-16,SEA,LV,W,27,10,Home
1979,1979-09-16,TEN,KC,W,20,6,Home
1979,1979-09-17,WAS,NYG,W,27,0,Home
1979,1979-09-23,ARI,WAS,L,7,17,Home
1979,1979-09-23,BUF,NYJ,W,46,31,Home
1979,1979-09-23,CIN,TEN,L,27,30,Home
1979,1979-09-23,DEN,SEA,W,37,34,Home
1979,1979-09-23,DET,ATL,W,24,23,Home
1979,1979-09-23,KC,LV,W,35,7,Home
1979,1979-09-23,MIA,CHI,W,31,16,Home
1979,1979-09-23,MIN,GB,W,27,21,Home
1979,1979-09-23,NE,LAC,W,27,21,Home
1979,1979-09-23,NYG,PHI,L,13,17,Home
1979,1979-09-23,PIT,IND,W,17,13,Home
1979,1979-09-23,SF,NO,L,21,30,Home
1979,1979-09-23,TB,LAR,W,21,6,Home
1979,1979-09-24,CLE,DAL,W,26,7,Home
1979,1979-09-30,ATL,WAS,L,7,16,Home
1979,1979-09-30,CHI,TB,L,13,17,Home
1979,1979-09-30,DAL,CIN,W,38,13,Home
1979,1979-09-30,DET,MIN,L,10,13,Home
1979,1979-09-30,IND,BUF,L,13,31,Home
1979,1979-09-30,LAC,SF,W,31,9,Home
1979,1979-09-30,LAR,ARI,W,21,0,Home
1979,1979-09-30,LV,DEN,W,27,3,Home
1979,1979-09-30,NO,NYG,W,24,14,Home
1979,1979-09-30,NYJ,MIA,W,33,27,Home
1979,1979-09-30,PHI,PIT,W,17,14,Home
1979,1979-09-30,SEA,KC,L,6,24,Home
1979,1979-09-30,TEN,CLE,W,31,10,Home
1979,1979-10-01,GB,NE,W,27,14,Home
1979,1979-10-07,ATL,GB,W,25,7,Home
1979,1979-10-07,BUF,CHI,L,0,7,Home
1979,1979-10-07,CIN,KC,L,7,10,Home
1979,1979-10-07,CLE,PIT,L,35,51,Home
1979,1979-10-07,DEN,LAC,W,7,0,Home
1979,1979-10-07,IND,NYJ,W,10,8,Home
1979,1979-10-07,MIN,DAL,L,20,36,Home
1979,1979-10-07,NE,DET,W,24,17,Home
1979,1979-10-07,NO,LAR,L,17,35,Home
1979,1979-10-07,NYG,TB,W,17,14,Home
1979,1979-10-07,PHI,WAS,W,28,17,Home
1979,1979-10-07,SF,SEA,L,24,35,Home
1979,1979-10-07,TEN,ARI,L,17,24,Home
1979,1979-10-08,LV,MIA,W,13,3,Home
1979,1979-10-14,ARI,PHI,L,20,24,Home
1979,1979-10-14,CHI,NE,L,7,27,Home
1979,1979-10-14,CIN,PIT,W,34,10,Home
1979,1979-10-14,CLE,WAS,L,9,13,Home
1979,1979-10-14,DAL,LAR,W,30,6,Home
1979,1979-10-14,GB,DET,W,24,16,Home
1979,1979-10-14,IND,TEN,L,16,28,Home
1979,1979-10-14,KC,DEN,L,10,24,Home
1979,1979-10-14,LAC,SEA,W,20,10,Home
1979,1979-10-14,LV,ATL,W,50,19,Home
1979,1979-10-14,MIA,BUF,W,17,7,Home
1979,1979-10-14,NYG,SF,W,32,16,Home
1979,1979-10-14,TB,NO,L,14,42,Home
1979,1979-10-15,NYJ,MIN,W,14,7,Home
1979,1979-10-21,BUF,IND,L,13,14,Home
1979,1979-10-21,CLE,CIN,W,28,27,Home
1979,1979-10-21,DAL,ARI,W,22,13,Home
1979,1979-10-21,KC,NYG,L,17,21,Home
1979,1979-10-21,LAR,LAC,L,16,40,Home
1979,1979-10-21,MIN,CHI,W,30,27,Home
1979,1979-10-21,NE,MIA,W,28,13,Home
1979,1979-10-21,NO,DET,W,17,7,Home
1979,1979-10-21,NYJ,LV,W,28,19,Home
1979,1979-10-21,SEA,TEN,W,34,14,Home
1979,1979-10-21,SF,ATL,W,20,15,Home
1979,1979-10-21,TB,GB,W,21,3,Home
1979,1979-10-21,WAS,PHI,W,17,7,Home
1979,1979-10-22,PIT,DEN,W,42,7,Home
1979,1979-10-25,LV,LAC,W,45,22,Home
1979,1979-10-28,ARI,CLE,L,20,38,Home
1979,1979-10-28,CIN,PHI,W,37,13,Home
1979,1979-10-28,DEN,KC,W,20,3,Home
1979,1979-10-28,DET,BUF,L,17,20,Home
1979,1979-10-28,IND,NE,W,31,26,Home
1979,1979-10-28,LAR,NYG,L,14,20,Home
1979,1979-10-28,MIA,GB,W,27,7,Home
1979,1979-10-28,MIN,TB,L,10,12,Home
1979,1979-10-28,PIT,DAL,W,14,3,Home
1979,1979-10-28,SF,CHI,L,27,28,Home
1979,1979-10-28,TEN,NYJ,W,27,24,Home
1979,1979-10-28,WAS,NO,L,10,14,Home
1979,1979-10-29,ATL,SEA,L,28,31,Home
1979,1979-11-04,ARI,MIN,W,37,7,Home
1979,1979-11-04,ATL,TB,W,17,14,Home
1979,1979-11-04,BUF,NE,L,6,26,Home
1979,1979-11-04,CHI,DET,W,35,7,Home
1979,1979-11-04,DEN,NO,W,10,3,Home
1979,1979-11-04,GB,NYJ,L,22,27,Home
1979,1979-11-04,IND,CIN,W,38,28,Home
1979,1979-11-04,KC,LAC,L,14,20,Home
1979,1979-11-04,LV,SF,W,23,10,Home
1979,1979-11-04,NYG,DAL,L,14,16,Home
1979,1979-11-04,PHI,CLE,L,19,24,Home
1979,1979-11-04,PIT,WAS,W,38,7,Home
1979,1979-11-04,SEA,LAR,L,0,24,Home
1979,1979-11-05,MIA,TEN,L,6,9,Home
1979,1979-11-11,CHI,LAR,W,27,23,Home
1979,1979-11-11,CIN,LAC,L,24,26,Home
1979,1979-11-11,CLE,SEA,L,24,29,Home
1979,1979-11-11,DEN,NE,W,45,10,Home
1979,1979-11-11,DET,TB,L,14,16,Home
1979,1979-11-11,GB,MIN,W,19,7,Home
1979,1979-11-11,KC,PIT,L,3,30,Home
1979,1979-11-11,MIA,IND,W,19,0,Home
1979,1979-11-11,NO,SF,W,31,20,Home
1979,1979-11-11,NYG,ATL,W,24,3,Home
1979,1979-11-11,NYJ,BUF,L,12,14,Home
1979,1979-11-11,TEN,LV,W,31,17,Home
1979,1979-11-11,WAS,ARI,W,30,28,Home
1979,1979-11-12,DAL,PHI,L,21,31,Home
1979,1979-11-18,BUF,GB,W,19,12,Home
1979,1979-11-18,CHI,NYJ,W,23,13,Home
1979,1979-11-18,CLE,MIA,W,30,24,Home
1979,1979-11-18,LAC,PIT,W,35,7,Home
1979,1979-11-18,LV,KC,L,21,24,Home
1979,1979-11-18,MIN,DET,W,14,7,Home
1979,1979-11-18,NE,IND,W,50,21,Home
1979,1979-11-18,PHI,ARI,W,16,13,Home
1979,1979-11-18,SEA,NO,W,38,24,Home
1979,1979-11-18,SF,DEN,L,28,38,Home
1979,1979-11-18,TB,NYG,W,31,3,Home
1979,1979-11-18,TEN,CIN,W,42,21,Home
1979,1979-11-18,WAS,DAL,W,34,20,Home
1979,1979-11-19,LAR,ATL,W,20,14,Home
1979,1979-11-22,DAL,TEN,L,24,30,Home
1979,1979-11-22,DET,CHI,W,20,0,Home
1979,1979-11-25,ATL,NO,L,6,37,Home
1979,1979-11-25,CIN,ARI,W,34,28,Home
1979,1979-11-25,DEN,LV,L,10,14,Home
1979,1979-11-25,GB,PHI,L,10,21,Home
1979,1979-11-25,IND,MIA,L,24,28,Home
1979,1979-11-25,LAC,KC,W,28,7,Home
1979,1979-11-25,NE,BUF,L,13,16,Home
1979,1979-11-25,NYG,WAS,W,14,6,Home
1979,1979-11-25,PIT,CLE,W,33,30,Home
1979,1979-11-25,SF,LAR,L,20,26,Home
1979,1979-11-25,TB,MIN,L,22,23,Home
1979,1979-11-26,SEA,NYJ,W,30,7,Home
1979,1979-11-29,MIA,NE,W,39,24,Home
1979,1979-12-02,ARI,SF,W,13,10,Home
1979,1979-12-02,BUF,DEN,L,16,19,Home
1979,1979-12-02,CLE,TEN,W,14,7,Home
1979,1979-12-02,DAL,NYG,W,28,7,Home
1979,1979-12-02,KC,SEA,W,37,21,Home
1979,1979-12-02,LAC,ATL,L,26,28,Home
1979,1979-12-02,LAR,MIN,W,27,21,Home
1979,1979-12-02,NYJ,IND,W,30,17,Home
1979,1979-12-02,PHI,DET,W,44,7,Home
1979,1979-12-02,PIT,CIN,W,37,17,Home
1979,1979-12-02,TB,CHI,L,0,14,Home
1979,1979-12-02,WAS,GB,W,38,21,Home
1979,1979-12-03,NO,LV,L,35,42,Home
1979,1979-12-08,PHI,DAL,L,17,24,Home
1979,1979-12-08,SEA,DEN,W,28,23,Home
1979,1979-12-09,ARI,NYG,W,29,20,Home
1979,1979-12-09,ATL,LAR,L,13,34,Home
1979,1979-12-09,DET,MIA,L,10,28,Home
1979,1979-12-09,GB,CHI,L,14,15,Home
1979,1979-12-09,IND,KC,L,7,10,Home
1979,1979-12-09,LV,CLE,W,19,14,Home
1979,1979-12-09,MIN,BUF,W,10,3,Home
1979,1979-12-09,NO,LAC,L,0,35,Home
1979,1979-12-09,NYJ,NE,W,27,26,Home
1979,1979-12-09,SF,TB,W,23,7,Home
1979,1979-12-09,WAS,CIN,W,28,14,Home
1979,1979-12-10,TEN,PIT,W,20,17,Home
1979,1979-12-15,DET,GB,L,13,18,Home
1979,1979-12-15,MIA,NYJ,L,24,27,Home
1979,1979-12-16,ATL,SF,W,31,21,Home
1979,1979-12-16,CHI,ARI,W,42,6,Home
1979,1979-12-16,CIN,CLE,W,16,12,Home
1979,1979-12-16,DAL,WAS,W,35,34,Home
1979,1979-12-16,LAR,NO,L,14,29,Home
1979,1979-12-16,LV,SEA,L,24,29,Home
1979,1979-12-16,NE,MIN,W,27,23,Home
1979,1979-12-16,NYG,IND,L,7,31,Home
1979,1979-12-16,PIT,BUF,W,28,0,Home
1979,1979-12-16,TB,KC,W,3,0,Home
1979,1979-12-16,TEN,PHI,L,20,26,Home
1979,1979-12-17,LAC,DEN,W,17,7,Home
1980,1980-09-07,ARI,NYG,L,35,41,Home
1980,1980-09-07,BUF,MIA,W,17,7,Home
1980,1980-09-07,CIN,TB,L,12,17,Home
1980,1980-09-07,GB,CHI,W,12,6,Home
1980,1980-09-07,KC,LV,L,14,27,Home
1980,1980-09-07,LAR,DET,L,20,41,Home
1980,1980-09-07,MIN,ATL,W,24,23,Home
1980,1980-09-07,NE,CLE,W,34,17,Home
1980,1980-09-07,NO,SF,L,23,26,Home
1980,1980-09-07,NYJ,IND,L,14,17,Home
1980,1980-09-07,PHI,DEN,W,27,6,Home
1980,1980-09-07,PIT,TEN,W,31,17,Home
1980,1980-09-07,SEA,LAC,L,13,34,Home
1980,1980-09-08,WAS,DAL,L,3,17,Home
1980,1980-09-11,TB,LAR,W,10,9,Home
1980,1980-09-14,BUF,NYJ,W,20,10,Home
1980,1980-09-14,CHI,NO,W,22,3,Home
1980,1980-09-14,DEN,DAL,W,41,20,Home
1980,1980-09-14,GB,DET,L,7,29,Home
1980,1980-09-14,IND,PIT,L,17,20,Home
1980,1980-09-14,KC,SEA,L,16,17,Home
1980,1980-09-14,LAC,LV,W,30,24,Home
1980,1980-09-14,MIA,CIN,W,17,16,Home
1980,1980-09-14,MIN,PHI,L,7,42,Home
1980,1980-09-14,NE,ATL,L,21,37,Home
1980,1980-09-14,NYG,WAS,L,21,23,Home
1980,1980-09-14,SF,ARI,W,24,21,Home
1980,1980-09-15,CLE,TEN,L,7,16,Home
1980,1980-09-21,ATL,MIA,L,17,20,Home
1980,1980-09-21,CHI,MIN,L,14,34,Home
1980,1980-09-21,CIN,PIT,W,30,28,Home
1980,1980-09-21,CLE,KC,W,20,13,Home
1980,1980-09-21,DAL,TB,W,28,17,Home
1980,1980-09-21,DEN,LAC,L,13,30,Home
1980,1980-09-21,DET,ARI,W,20,7,Home
1980,1980-09-21,LAR,GB,W,51,21,Home
1980,1980-09-21,LV,WAS,W,24,21,Home
1980,1980-09-21,NO,BUF,L,26,35,Home
1980,1980-09-21,NYJ,SF,L,27,37,Home
1980,1980-09-21,SEA,NE,L,31,37,Home
1980,1980-09-21,TEN,IND,W,21,16,Home
1980,1980-09-22,PHI,NYG,W,35,3,Home
1980,1980-09-28,ARI,PHI,W,24,14,Home
1980,1980-09-28,BUF,LV,W,24,7,Home
1980,1980-09-28,CIN,TEN,L,10,13,Home
1980,1980-09-28,DET,MIN,W,27,7,Home
1980,1980-09-28,GB,DAL,L,7,28,Home
1980,1980-09-28,IND,NYJ,W,35,21,Home
1980,1980-09-28,KC,LAC,L,7,24,Home
1980,1980-09-28,MIA,NO,W,21,16,Home
1980,1980-09-28,NYG,LAR,L,7,28,Home
1980,1980-09-28,PIT,CHI,W,38,3,Home
1980,1980-09-28,SF,ATL,L,17,20,Home
1980,1980-09-28,TB,CLE,L,27,34,Home
1980,1980-09-28,WAS,SEA,L,0,14,Home
1980,1980-09-29,NE,DEN,W,23,14,Home
1980,1980-10-05,ATL,DET,W,43,28,Home
1980,1980-10-05,CLE,DEN,L,16,19,Home
1980,1980-10-05,DAL,NYG,W,24,3,Home
1980,1980-10-05,GB,CIN,W,14,9,Home
1980,1980-10-05,LAC,BUF,L,24,26,Home
1980,1980-10-05,LAR,SF,W,48,26,Home
1980,1980-10-05,LV,KC,L,17,31,Home
1980,1980-10-05,MIA,IND,L,17,30,Home
1980,1980-10-05,MIN,PIT,L,17,23,Home
1980,1980-10-05,NO,ARI,L,7,40,Home
1980,1980-10-05,NYJ,NE,L,11,21,Home
1980,1980-10-05,PHI,WAS,W,24,14,Home
1980,1980-10-05,TEN,SEA,L,7,26,Home
1980,1980-10-06,CHI,TB,W,23,0,Home
1980,1980-10-12,ARI,LAR,L,13,21,Home
1980,1980-10-12,ATL,NYJ,L,7,14,Home
1980,1980-10-12,BUF,IND,L,12,17,Home
1980,1980-10-12,DAL,SF,W,59,14,Home
1980,1980-10-12,DET,NO,W,24,13,Home
1980,1980-10-12,KC,TEN,W,21,20,Home
1980,1980-10-12,LV,LAC,W,38,24,Home
1980,1980-10-12,MIN,CHI,W,13,7,Home
1980,1980-10-12,NE,MIA,W,34,0,Home
1980,1980-10-12,NYG,PHI,L,16,31,Home
1980,1980-10-12,PIT,CIN,L,16,17,Home
1980,1980-10-12,SEA,CLE,L,3,27,Home
1980,1980-10-12,TB,GB,T,14,14,Home
1980,1980-10-13,DEN,WAS,W,20,17,Home
1980,1980-10-19,CHI,DET,W,24,7,Home
1980,1980-10-19,CIN,MIN,W,14,0,Home
1980,1980-10-19,CLE,GB,W,26,21,Home
1980,1980-10-19,DEN,KC,L,17,23,Home
1980,1980-10-19,IND,NE,L,21,37,Home
1980,1980-10-19,LAC,NYG,W,44,7,Home
1980,1980-10-19,MIA,BUF,W,17,14,Home
1980,1980-10-19,NO,ATL,L,14,41,Home
1980,1980-10-19,NYJ,SEA,L,17,27,Home
1980,1980-10-19,PHI,DAL,W,17,10,Home
1980,1980-10-19,SF,LAR,L,17,31,Home
1980,1980-10-19,TEN,TB,W,20,14,Home
1980,1980-10-19,WAS,ARI,W,23,0,Home
1980,1980-10-20,PIT,LV,L,34,45,Home
1980,1980-10-26,ATL,LAR,W,13,10,Home
1980,1980-10-26,BUF,NE,W,31,13,Home
1980,1980-10-26,CLE,PIT,W,27,26,Home
1980,1980-10-26,DAL,LAC,W,42,31,Home
1980,1980-10-26,GB,MIN,W,16,3,Home
1980,1980-10-26,IND,ARI,L,10,17,Home
1980,1980-10-26,KC,DET,W,20,17,Home
1980,1980-10-26,LV,SEA,W,33,14,Home
1980,1980-10-26,NYG,DEN,L,9,14,Home
1980,1980-10-26,PHI,CHI,W,17,14,Home
1980,1980-10-26,SF,TB,L,23,24,Home
1980,1980-10-26,TEN,CIN,W,23,3,Home
1980,1980-10-26,WAS,NO,W,22,14,Home
1980,1980-10-27,NYJ,MIA,W,17,14,Home
1980,1980-11-02,ARI,DAL,L,24,27,Home
1980,1980-11-02,BUF,ATL,L,14,30,Home
1980,1980-11-02,CIN,LAC,L,14,31,Home
1980,1980-11-02,DEN,TEN,L,16,20,Home
1980,1980-11-02,DET,SF,W,17,13,Home
1980,1980-11-02,KC,IND,L,24,31,Home
1980,1980-11-02,LAR,NO,W,45,31,Home
1980,1980-11-02,LV,MIA,W,16,10,Home
1980,1980-11-02,NE,NYJ,W,34,21,Home
1980,1980-11-02,PIT,GB,W,22,20,Home
1980,1980-11-02,SEA,PHI,L,20,27,Home
1980,1980-11-02,TB,NYG,W,30,13,Home
1980,1980-11-02,WAS,MIN,L,14,39,Home
1980,1980-11-03,CLE,CHI,W,27,21,Home
1980,1980-11-09,ARI,ATL,L,27,33,Home
1980,1980-11-09,CHI,WAS,W,35,21,Home
1980,1980-11-09,GB,SF,W,23,16,Home
1980,1980-11-09,IND,CLE,L,27,28,Home
1980,1980-11-09,LAC,DEN,L,13,20,Home
1980,1980-11-09,LAR,MIA,L,14,35,Home
1980,1980-11-09,LV,CIN,W,28,17,Home
1980,1980-11-09,MIN,DET,W,34,0,Home
1980,1980-11-09,NO,PHI,L,21,34,Home
1980,1980-11-09,NYG,DAL,W,38,35,Home
1980,1980-11-09,NYJ,BUF,L,24,31,Home
1980,1980-11-09,SEA,KC,L,30,31,Home
1980,1980-11-09,TB,PIT,L,21,24,Home
1980,1980-11-10,TEN,NE,W,38,34,Home
1980,1980-11-16,ATL,NO,W,31,13,Home
1980,1980-11-16,CHI,TEN,L,6,10,Home
1980,1980-11-16,CIN,BUF,L,0,14,Home
1980,1980-11-16,DAL,ARI,W,31,21,Home
1980,1980-11-16,DEN,NYJ,W,31,24,Home
1980,1980-11-16,DET,IND,L,9,10,Home
1980,1980-11-16,LAC,KC,W,20,7,Home
1980,1980-11-16,MIA,SF,W,17,13,Home
1980,1980-11-16,MIN,TB,W,38,30,Home
1980,1980-11-16,NE,LAR,L,14,17,Home
1980,1980-11-16,NYG,GB,W,27,21,Home
1980,1980-11-16,PIT,CLE,W,16,13,Home
1980,1980-11-16,WAS,PHI,L,0,24,Home
1980,1980-11-17,SEA,LV,L,17,19,Home
1980,1980-11-20,MIA,LAC,L,24,27,Home
1980,1980-11-23,ARI,KC,L,13,21,Home
1980,1980-11-23,ATL,CHI,W,28,17,Home
1980,1980-11-23,BUF,PIT,W,28,13,Home
1980,1980-11-23,CLE,CIN,W,31,7,Home
1980,1980-11-23,DAL,WAS,W,14,10,Home
1980,1980-11-23,DEN,SEA,W,36,20,Home
1980,1980-11-23,MIN,GB,L,13,25,Home
1980,1980-11-23,NE,IND,W,47,21,Home
1980,1980-11-23,NYJ,TEN,W,31,28,Home
1980,1980-11-23,PHI,LV,W,10,7,Home
1980,1980-11-23,SF,NYG,W,12,0,Home
1980,1980-11-23,TB,DET,L,10,24,Home
1980,1980-11-24,NO,LAR,L,7,27,Home
1980,1980-11-27,DAL,SEA,W,51,7,Home
1980,1980-11-27,DET,CHI,L,17,23,Home
1980,1980-11-30,ATL,WAS,W,10,6,Home
1980,1980-11-30,GB,TB,L,17,20,Home
1980,1980-11-30,IND,BUF,W,28,24,Home
1980,1980-11-30,KC,CIN,L,6,20,Home
1980,1980-11-30,LAC,PHI,W,22,21,Home
1980,1980-11-30,LAR,NYJ,W,38,13,Home
1980,1980-11-30,NO,MIN,L,20,23,Home
1980,1980-11-30,NYG,ARI,L,7,23,Home
1980,1980-11-30,PIT,MIA,W,23,10,Home
1980,1980-11-30,SF,NE,W,21,17,Home
1980,1980-11-30,TEN,CLE,L,14,17,Home
1980,1980-12-01,LV,DEN,W,9,3,Home
1980,1980-12-04,TEN,PIT,W,6,0,Home
1980,1980-12-07,ARI,DET,W,24,23,Home
1980,1980-12-07,BUF,LAR,W,10,7,Home
1980,1980-12-07,CHI,GB,W,61,7,Home
1980,1980-12-07,CIN,IND,W,34,33,Home
1980,1980-12-07,CLE,NYJ,W,17,14,Home
1980,1980-12-07,KC,DEN,W,31,14,Home
1980,1980-12-07,LV,DAL,L,13,19,Home
1980,1980-12-07,PHI,ATL,L,17,20,Home
1980,1980-12-07,SEA,NYG,L,21,27,Home
1980,1980-12-07,SF,NO,W,38,35,Home
1980,1980-12-07,TB,MIN,L,10,21,Home
1980,1980-12-07,WAS,LAC,W,40,17,Home
1980,1980-12-08,MIA,NE,W,16,13,Home
1980,1980-12-13,LAC,SEA,W,21,14,Home
1980,1980-12-13,WAS,NYG,W,16,13,Home
1980,1980-12-14,ATL,SF,W,35,10,Home
1980,1980-12-14,CHI,CIN,L,14,17,Home
1980,1980-12-14,DEN,LV,L,21,24,Home
1980,1980-12-14,DET,TB,W,27,14,Home
1980,1980-12-14,GB,TEN,L,3,22,Home
1980,1980-12-14,IND,MIA,L,14,24,Home
1980,1980-12-14,MIN,CLE,W,28,23,Home
1980,1980-12-14,NE,BUF,W,24,2,Home
1980,1980-12-14,NYJ,NO,L,20,21,Home
1980,1980-12-14,PHI,ARI,W,17,3,Home
1980,1980-12-14,PIT,KC,W,21,16,Home
1980,1980-12-15,LAR,DAL,W,38,14,Home
1980,1980-12-20,MIA,NYJ,L,17,24,Home
1980,1980-12-20,TB,CHI,L,13,14,Home
1980,1980-12-21,ARI,WAS,L,7,31,Home
1980,1980-12-21,CIN,CLE,L,24,27,Home
1980,1980-12-21,DAL,PHI,W,35,27,Home
1980,1980-12-21,DET,GB,W,24,3,Home
1980,1980-12-21,IND,KC,L,28,38,Home
1980,1980-12-21,LAR,ATL,W,20,17,Home
1980,1980-12-21,NO,NE,L,27,38,Home
1980,1980-12-21,NYG,LV,L,17,33,Home
1980,1980-12-21,SEA,DEN,L,17,25,Home
1980,1980-12-21,SF,BUF,L,13,18,Home
1980,1980-12-21,TEN,MIN,W,20,16,Home
1980,1980-12-22,LAC,PIT,W,26,17,Home
1981,1981-09-05,TB,MIN,W,21,13,Home
1981,1981-09-06,ARI,MIA,L,7,20,Home
1981,1981-09-06,ATL,NO,W,27,0,Home
1981,1981-09-06,BUF,NYJ,W,31,0,Home
1981,1981-09-06,CHI,GB,L,9,16,Home
1981,1981-09-06,CIN,SEA,W,27,21,Home
1981,1981-09-06,DEN,LV,W,9,7,Home
1981,1981-09-06,DET,SF,W,24,17,Home
1981,1981-09-06,LAR,TEN,L,20,27,Home
1981,1981-09-06,NE,IND,L,28,29,Home
1981,1981-09-06,NYG,PHI,L,10,24,Home
1981,1981-09-06,PIT,KC,L,33,37,Home
1981,1981-09-06,WAS,DAL,L,10,26,Home
1981,1981-09-07,CLE,LAC,L,14,44,Home
1981,1981-09-10,MIA,PIT,W,30,10,Home
1981,1981-09-13,CLE,TEN,L,3,9,Home
1981,1981-09-13,DAL,ARI,W,30,17,Home
1981,1981-09-13,GB,ATL,L,17,31,Home
1981,1981-09-13,IND,BUF,L,3,35,Home
1981,1981-09-13,KC,TB,W,19,10,Home
1981,1981-09-13,LAC,DET,W,28,23,Home
1981,1981-09-13,NO,LAR,W,23,17,Home
1981,1981-09-13,NYJ,CIN,L,30,31,Home
1981,1981-09-13,PHI,NE,W,13,3,Home
1981,1981-09-13,SEA,DEN,W,13,10,Home
1981,1981-09-13,SF,CHI,W,28,17,Home
1981,1981-09-13,WAS,NYG,L,7,17,Home
1981,1981-09-14,MIN,LV,L,10,36,Home
1981,1981-09-17,BUF,PHI,L,14,20,Home
1981,1981-09-20,ARI,WAS,W,40,30,Home
1981,1981-09-20,ATL,SF,W,34,17,Home
1981,1981-09-20,CHI,TB,W,28,17,Home
1981,1981-09-20,CIN,CLE,L,17,20,Home
1981,1981-09-20,DEN,IND,W,28,10,Home
1981,1981-09-20,KC,LAC,L,31,42,Home
1981,1981-09-20,LAR,GB,W,35,23,Home
1981,1981-09-20,LV,SEA,W,20,10,Home
1981,1981-09-20,MIN,DET,W,26,24,Home
1981,1981-09-20,NYG,NO,W,20,7,Home
1981,1981-09-20,PIT,NYJ,W,38,10,Home
1981,1981-09-20,TEN,MIA,L,10,16,Home
1981,1981-09-21,NE,DAL,L,21,35,Home
1981,1981-09-27,CIN,BUF,W,27,24,Home
1981,1981-09-27,CLE,ATL,W,28,17,Home
1981,1981-09-27,DAL,NYG,W,18,10,Home
1981,1981-09-27,DEN,LAC,W,42,24,Home
1981,1981-09-27,DET,LV,W,16,0,Home
1981,1981-09-27,GB,MIN,L,13,30,Home
1981,1981-09-27,IND,MIA,L,28,31,Home
1981,1981-09-27,NYJ,TEN,W,33,17,Home
1981,1981-09-27,PHI,WAS,W,36,13,Home
1981,1981-09-27,PIT,NE,W,27,21,Home
1981,1981-09-27,SEA,KC,L,14,20,Home
1981,1981-09-27,SF,NO,W,21,14,Home
1981,1981-09-27,TB,ARI,W,20,10,Home
1981,1981-09-28,CHI,LAR,L,7,24,Home
1981,1981-10-04,ARI,DAL,W,20,17,Home
1981,1981-10-04,BUF,IND,W,23,17,Home
1981,1981-10-04,LAC,SEA,W,24,10,Home
1981,1981-10-04,LAR,CLE,W,27,16,Home
1981,1981-10-04,LV,DEN,L,0,17,Home
1981,1981-10-04,MIA,NYJ,T,28,28,Home
1981,1981-10-04,MIN,CHI,W,24,21,Home
1981,1981-10-04,NE,KC,W,33,17,Home
1981,1981-10-04,NO,PIT,L,6,20,Home
1981,1981-10-04,NYG,GB,L,14,27,Home
1981,1981-10-04,TB,DET,W,28,10,Home
1981,1981-10-04,TEN,CIN,W,17,10,Home
1981,1981-10-04,WAS,SF,L,17,30,Home
1981,1981-10-05,PHI,ATL,W,16,13,Home
1981,1981-10-11,ATL,LAR,L,35,37,Home
1981,1981-10-11,CHI,WAS,L,7,24,Home
1981,1981-10-11,DEN,DET,W,27,21,Home
1981,1981-10-11,GB,TB,L,10,21,Home
1981,1981-10-11,IND,CIN,L,19,41,Home
1981,1981-10-11,KC,LV,W,27,0,Home
1981,1981-10-11,LAC,MIN,L,31,33,Home
1981,1981-10-11,NO,PHI,L,14,31,Home
1981,1981-10-11,NYG,ARI,W,34,14,Home
1981,1981-10-11,NYJ,NE,W,28,24,Home
1981,1981-10-11,PIT,CLE,W,13,7,Home
1981,1981-10-11,SF,DAL,W,45,14,Home
1981,1981-10-11,TEN,SEA,W,35,17,Home
1981,1981-10-12,BUF,MIA,W,31,21,Home
1981,1981-10-18,ATL,ARI,W,41,20,Home
1981,1981-10-18,CIN,PIT,W,34,7,Home
1981,1981-10-18,CLE,NO,W,20,17,Home
1981,1981-10-18,DAL,LAR,W,29,17,Home
1981,1981-10-18,GB,SF,L,3,13,Home
1981,1981-10-18,IND,LAC,L,14,43,Home
1981,1981-10-18,KC,DEN,W,28,14,Home
1981,1981-10-18,LV,TB,W,18,16,Home
1981,1981-10-18,MIA,WAS,W,13,10,Home
1981,1981-10-18,MIN,PHI,W,35,23,Home
1981,1981-10-18,NE,TEN,W,38,10,Home
1981,1981-10-18,NYJ,BUF,W,33,14,Home
1981,1981-10-18,SEA,NYG,L,0,32,Home
1981,1981-10-19,DET,CHI,W,48,17,Home
1981,1981-10-25,ARI,MIN,W,30,17,Home
1981,1981-10-25,ATL,NYG,L,24,27,Home
1981,1981-10-25,BUF,DEN,W,9,7,Home
1981,1981-10-25,CHI,LAC,W,20,17,Home
1981,1981-10-25,CLE,IND,W,42,28,Home
1981,1981-10-25,DAL,MIA,W,28,27,Home
1981,1981-10-25,DET,GB,W,31,27,Home
1981,1981-10-25,LV,KC,L,17,28,Home
1981,1981-10-25,NO,CIN,W,17,7,Home
1981,1981-10-25,NYJ,SEA,L,3,19,Home
1981,1981-10-25,PHI,TB,W,20,10,Home
1981,1981-10-25,SF,LAR,W,20,17,Home
1981,1981-10-25,WAS,NE,W,24,22,Home
1981,1981-10-26,PIT,TEN,W,26,13,Home
1981,1981-11-01,BUF,CLE,W,22,13,Home
1981,1981-11-01,CIN,TEN,W,34,21,Home
1981,1981-11-01,GB,SEA,W,34,24,Home
1981,1981-11-01,LAC,KC,W,22,20,Home
1981,1981-11-01,LAR,DET,W,20,13,Home
1981,1981-11-01,LV,NE,W,27,17,Home
1981,1981-11-01,MIA,IND,W,27,10,Home
1981,1981-11-01,NO,ATL,L,10,41,Home
1981,1981-11-01,NYG,NYJ,L,7,26,Home
1981,1981-11-01,PHI,DAL,L,14,17,Home
1981,1981-11-01,PIT,SF,L,14,17,Home
1981,1981-11-01,TB,CHI,W,20,10,Home
1981,1981-11-01,WAS,ARI,W,42,21,Home
1981,1981-11-02,DEN,MIN,W,19,17,Home
1981,1981-11-08,ARI,PHI,L,10,52,Home
1981,1981-11-08,DEN,CLE,W,23,20,Home
1981,1981-11-08,GB,NYG,W,26,24,Home
1981,1981-11-08,IND,NYJ,L,14,41,Home
1981,1981-11-08,KC,CHI,L,13,16,Home
1981,1981-11-08,LAC,CIN,L,17,40,Home
1981,1981-11-08,LAR,NO,L,13,21,Home
1981,1981-11-08,MIN,TB,W,25,10,Home
1981,1981-11-08,NE,MIA,L,27,30,Home
1981,1981-11-08,SEA,PIT,W,24,21,Home
1981,1981-11-08,SF,ATL,W,17,14,Home
1981,1981-11-08,TEN,LV,W,17,16,Home
1981,1981-11-08,WAS,DET,W,33,31,Home
1981,1981-11-09,DAL,BUF,W,27,14,Home
1981,1981-11-15,ARI,BUF,W,24,0,Home
1981,1981-11-15,ATL,PIT,L,20,34,Home
1981,1981-11-15,CIN,LAR,W,24,10,Home
1981,1981-11-15,DET,DAL,W,27,24,Home
1981,1981-11-15,GB,CHI,W,21,17,Home
1981,1981-11-15,KC,TEN,W,23,10,Home
1981,1981-11-15,MIA,LV,L,17,33,Home
1981,1981-11-15,MIN,NO,W,20,10,Home
1981,1981-11-15,NE,NYJ,L,6,17,Home
1981,1981-11-15,NYG,WAS,L,27,30,Home
1981,1981-11-15,PHI,IND,W,38,13,Home
1981,1981-11-15,SF,CLE,L,12,15,Home
1981,1981-11-15,TB,DEN,L,7,24,Home
1981,1981-11-16,SEA,LAC,W,44,23,Home
1981,1981-11-22,BUF,NE,W,20,17,Home
1981,1981-11-22,CHI,DET,L,7,23,Home
1981,1981-11-22,CIN,DEN,W,38,21,Home
1981,1981-11-22,CLE,PIT,L,10,32,Home
1981,1981-11-22,DAL,WAS,W,24,10,Home
1981,1981-11-22,IND,ARI,L,24,35,Home
1981,1981-11-22,KC,SEA,W,40,13,Home
1981,1981-11-22,LAR,SF,L,31,33,Home
1981,1981-11-22,LV,LAC,L,21,55,Home
1981,1981-11-22,NYJ,MIA,W,16,15,Home
1981,1981-11-22,PHI,NYG,L,10,20,Home
1981,1981-11-22,TB,GB,W,37,3,Home
1981,1981-11-22,TEN,NO,L,24,27,Home
1981,1981-11-23,ATL,MIN,W,31,30,Home
1981,1981-11-26,DAL,CHI,W,10,9,Home
1981,1981-11-26,DET,KC,W,27,10,Home
1981,1981-11-29,BUF,WAS,W,21,14,Home
1981,1981-11-29,CLE,CIN,L,21,41,Home
1981,1981-11-29,LAC,DEN,W,34,17,Home
1981,1981-11-29,MIN,GB,L,23,35,Home
1981,1981-11-29,NE,ARI,L,20,27,Home
1981,1981-11-29,NO,TB,L,14,31,Home
1981,1981-11-29,NYJ,IND,W,25,0,Home
1981,1981-11-29,PIT,LAR,W,24,0,Home
1981,1981-11-29,SEA,LV,L,31,32,Home
1981,1981-11-29,SF,NYG,W,17,10,Home
1981,1981-11-29,TEN,ATL,L,27,31,Home
1981,1981-11-30,MIA,PHI,W,13,10,Home
1981,1981-12-03,TEN,CLE,W,17,13,Home
1981,1981-12-06,ARI,NO,W,30,3,Home
1981,1981-12-06,CHI,MIN,W,10,9,Home
1981,1981-12-06,CIN,SF,L,3,21,Home
1981,1981-12-06,DEN,KC,W,16,13,Home
1981,1981-12-06,GB,DET,W,31,17,Home
1981,1981-12-06,IND,DAL,L,13,37,Home
1981,1981-12-06,LAC,BUF,L,27,28,Home
1981,1981-12-06,MIA,NE,W,24,14,Home
1981,1981-12-06,NYG,LAR,W,10,7,Home
1981,1981-12-06,SEA,NYJ,W,27,23,Home
1981,1981-12-06,TB,ATL,W,24,23,Home
1981,1981-12-06,WAS,PHI,W,15,13,Home
1981,1981-12-07,LV,PIT,W,30,27,Home
1981,1981-12-12,CLE,NYJ,L,13,14,Home
1981,1981-12-12,DET,MIN,W,45,7,Home
1981,1981-12-13,ARI,NYG,L,10,20,Home
1981,1981-12-13,DAL,PHI,W,21,10,Home
1981,1981-12-13,DEN,SEA,W,23,13,Home
1981,1981-12-13,KC,MIA,L,7,17,Home
1981,1981-12-13,LV,CHI,L,6,23,Home
1981,1981-12-13,NE,BUF,L,10,19,Home
1981,1981-12-13,NO,GB,L,7,35,Home
1981,1981-12-13,PIT,CIN,L,10,17,Home
1981,1981-12-13,SF,TEN,W,28,6,Home
1981,1981-12-13,TB,LAC,L,23,24,Home
1981,1981-12-13,WAS,IND,W,38,14,Home
1981,1981-12-14,LAR,ATL,W,21,16,Home
1981,1981-12-19,MIA,BUF,W,16,6,Home
1981,1981-12-19,NYG,DAL,W,13,10,Home
1981,1981-12-20,ATL,CIN,L,28,30,Home
1981,1981-12-20,CHI,DEN,W,35,24,Home
1981,1981-12-20,DET,TB,L,17,20,Home
1981,1981-12-20,IND,NE,W,23,21,Home
1981,1981-12-20,LAR,WAS,L,7,30,Home
1981,1981-12-20,MIN,KC,L,6,10,Home
1981,1981-12-20,NO,SF,L,17,21,Home
1981,1981-12-20,NYJ,GB,W,28,3,Home
1981,1981-12-20,PHI,ARI,W,38,0,Home
1981,1981-12-20,SEA,CLE,W,42,21,Home
1981,1981-12-20,TEN,PIT,W,21,20,Home
1981,1981-12-21,LAC,LV,W,23,10,Home
1982,1982-09-12,BUF,KC,W,14,9,Home
1982,1982-09-12,CIN,TEN,W,27,6,Home
1982,1982-09-12,DEN,LAC,L,3,23,Home
1982,1982-09-12,DET,CHI,W,17,10,Home
1982,1982-09-12,GB,LAR,W,35,23,Home
1982,1982-09-12,IND,NE,L,13,24,Home
1982,1982-09-12,MIN,TB,W,17,10,Home
1982,1982-09-12,NO,ARI,L,7,21,Home
1982,1982-09-12,NYG,ATL,L,14,16,Home
1982,1982-09-12,NYJ,MIA,L,28,45,Home
1982,1982-09-12,PHI,WAS,L,34,37,Home
1982,1982-09-12,SEA,CLE,L,7,21,Home
1982,1982-09-12,SF,LV,L,17,23,Home
1982,1982-09-13,DAL,PIT,L,28,36,Home
1982,1982-09-16,BUF,MIN,W,23,22,Home
1982,1982-09-19,ARI,DAL,L,7,24,Home
1982,1982-09-19,ATL,LV,L,14,38,Home
1982,1982-09-19,CHI,NO,L,0,10,Home
1982,1982-09-19,CLE,PHI,L,21,24,Home
1982,1982-09-19,DEN,SF,W,24,21,Home
1982,1982-09-19,KC,LAC,W,19,12,Home
1982,1982-09-19,LAR,DET,L,14,19,Home
1982,1982-09-19,MIA,IND,W,24,20,Home
1982,1982-09-19,NE,NYJ,L,7,31,Home
1982,1982-09-19,PIT,CIN,W,26,20,Home
1982,1982-09-19,TB,WAS,L,13,21,Home
1982,1982-09-19,TEN,SEA,W,23,21,Home
1982,1982-09-20,NYG,GB,L,19,27,Home
1982,1982-11-21,ARI,SF,L,20,31,Home
1982,1982-11-21,ATL,LAR,W,34,17,Home
1982,1982-11-21,BUF,MIA,L,7,9,Home
1982,1982-11-21,CHI,DET,W,20,17,Home
1982,1982-11-21,CLE,NE,W,10,7,Home
1982,1982-11-21,DAL,TB,W,14,9,Home
1982,1982-11-21,DEN,SEA,L,10,17,Home
1982,1982-11-21,GB,MIN,W,26,7,Home
1982,1982-11-21,NO,KC,W,27,17,Home
1982,1982-11-21,NYG,WAS,L,17,27,Home
1982,1982-11-21,NYJ,IND,W,37,0,Home
1982,1982-11-21,PHI,CIN,L,14,18,Home
1982,1982-11-21,TEN,PIT,L,10,24,Home
1982,1982-11-22,LV,LAC,W,28,24,Home
1982,1982-11-25,DAL,CLE,W,31,14,Home
1982,1982-11-25,DET,NYG,L,6,13,Home
1982,1982-11-28,ATL,ARI,L,20,23,Home
1982,1982-11-28,BUF,IND,W,20,0,Home
1982,1982-11-28,CIN,LV,W,31,17,Home
1982,1982-11-28,LAC,DEN,W,30,20,Home
1982,1982-11-28,LAR,KC,W,20,14,Home
1982,1982-11-28,MIN,CHI,W,35,7,Home
1982,1982-11-28,NE,TEN,W,29,21,Home
1982,1982-11-28,NYJ,GB,W,15,13,Home
1982,1982-11-28,SEA,PIT,W,16,0,Home
1982,1982-11-28,SF,NO,L,20,23,Home
1982,1982-11-28,WAS,PHI,W,13,9,Home
1982,1982-11-29,TB,MIA,W,23,17,Home
1982,1982-12-02,LAR,SF,L,24,30,Home
1982,1982-12-05,CHI,NE,W,26,13,Home
1982,1982-12-05,CLE,LAC,L,13,30,Home
1982,1982-12-05,DEN,ATL,L,27,34,Home
1982,1982-12-05,GB,BUF,W,33,21,Home
1982,1982-12-05,IND,CIN,L,17,20,Home
1982,1982-12-05,LV,SEA,W,28,23,Home
1982,1982-12-05,MIA,MIN,W,22,14,Home
1982,1982-12-05,NO,TB,L,10,13,Home
1982,1982-12-05,NYG,TEN,W,17,14,Home
1982,1982-12-05,PHI,ARI,L,20,23,Home
1982,1982-12-05,PIT,KC,W,35,14,Home
1982,1982-12-05,WAS,DAL,L,10,24,Home
1982,1982-12-06,DET,NYJ,L,13,28,Home
1982,1982-12-11,NYG,PHI,W,23,7,Home
1982,1982-12-11,SF,LAC,L,37,41,Home
1982,1982-12-12,ARI,WAS,L,7,12,Home
1982,1982-12-12,ATL,NO,W,35,0,Home
1982,1982-12-12,BUF,PIT,W,13,0,Home
1982,1982-12-12,CIN,CLE,W,23,10,Home
1982,1982-12-12,GB,DET,L,10,30,Home
1982,1982-12-12,KC,LV,L,16,21,Home
1982,1982-12-12,LAR,DEN,L,24,27,Home
1982,1982-12-12,MIN,IND,W,13,10,Home
1982,1982-12-12,NE,MIA,W,3,0,Home
1982,1982-12-12,NYJ,TB,W,32,17,Home
1982,1982-12-12,SEA,CHI,W,20,14,Home
1982,1982-12-13,TEN,DAL,L,7,37,Home
1982,1982-12-18,LV,LAR,W,37,31,Home
1982,1982-12-18,MIA,NYJ,W,20,19,Home
1982,1982-12-19,CHI,ARI,L,7,10,Home
1982,1982-12-19,CLE,PIT,W,10,9,Home
1982,1982-12-19,DAL,NO,W,21,7,Home
1982,1982-12-19,DEN,KC,L,16,37,Home
1982,1982-12-19,DET,MIN,L,31,34,Home
1982,1982-12-19,IND,GB,T,20,20,Home
1982,1982-12-19,PHI,TEN,W,35,14,Home
1982,1982-12-19,SEA,NE,L,0,16,Home
1982,1982-12-19,SF,ATL,L,7,17,Home
1982,1982-12-19,TB,BUF,W,24,23,Home
1982,1982-12-19,WAS,NYG,W,15,14,Home
1982,1982-12-20,LAC,CIN,W,50,34,Home
1982,1982-12-26,ARI,NYG,W,24,21,Home
1982,1982-12-26,ATL,GB,L,7,38,Home
1982,1982-12-26,CIN,SEA,W,24,10,Home
1982,1982-12-26,DAL,PHI,L,20,24,Home
1982,1982-12-26,KC,SF,L,13,26,Home
1982,1982-12-26,LAC,IND,W,44,26,Home
1982,1982-12-26,LAR,CHI,L,26,34,Home
1982,1982-12-26,LV,DEN,W,27,10,Home
1982,1982-12-26,MIN,NYJ,L,14,42,Home
1982,1982-12-26,NO,WAS,L,10,27,Home
1982,1982-12-26,PIT,NE,W,37,14,Home
1982,1982-12-26,TB,DET,W,23,21,Home
1982,1982-12-26,TEN,CLE,L,14,20,Home
1982,1982-12-27,MIA,BUF,W,27,10,Home
1982,1983-01-02,DET,GB,W,27,24,Home
1982,1983-01-02,IND,MIA,L,7,34,Home
1982,1983-01-02,KC,NYJ,W,37,13,Home
1982,1983-01-02,LAC,LV,L,34,41,Home
1982,1983-01-02,NE,BUF,W,30,19,Home
1982,1983-01-02,NO,ATL,W,35,6,Home
1982,1983-01-02,PHI,NYG,L,24,26,Home
1982,1983-01-02,PIT,CLE,W,37,21,Home
1982,1983-01-02,SEA,DEN,W,13,11,Home
1982,1983-01-02,SF,LAR,L,20,21,Home
1982,1983-01-02,TB,CHI,W,26,23,Home
1982,1983-01-02,TEN,CIN,L,27,35,Home
1982,1983-01-02,WAS,ARI,W,28,0,Home
1982,1983-01-03,MIN,DAL,W,31,27,Home
1983,1983-09-03,SF,PHI,L,17,22,Home
1983,1983-09-04,BUF,MIA,L,0,12,Home
1983,1983-09-04,CHI,ATL,L,17,20,Home
1983,1983-09-04,CIN,LV,L,10,20,Home
1983,1983-09-04,CLE,MIN,L,21,27,Home
1983,1983-09-04,KC,SEA,W,17,13,Home
1983,1983-09-04,LAC,NYJ,L,29,41,Home
1983,1983-09-04,NE,IND,L,23,29,Home
1983,1983-09-04,NO,ARI,W,28,17,Home
1983,1983-09-04,NYG,LAR,L,6,16,Home
1983,1983-09-04,PIT,DEN,L,10,14,Home
1983,1983-09-04,TB,DET,L,0,11,Home
1983,1983-09-04,TEN,GB,L,38,41,Home
1983,1983-09-05,WAS,DAL,L,30,31,Home
1983,1983-09-08,MIN,SF,L,17,48,Home
1983,1983-09-11,ARI,DAL,L,17,34,Home
1983,1983-09-11,ATL,NYG,L,13,16,Home
1983,1983-09-11,CHI,TB,W,17,10,Home
1983,1983-09-11,CIN,BUF,L,6,10,Home
1983,1983-09-11,DET,CLE,L,26,31,Home
1983,1983-09-11,GB,PIT,L,21,25,Home
1983,1983-09-11,IND,DEN,L,10,17,Home
1983,1983-09-11,LAR,NO,W,30,27,Home
1983,1983-09-11,LV,TEN,W,20,6,Home
1983,1983-09-11,MIA,NE,W,34,24,Home
1983,1983-09-11,NYJ,SEA,L,10,17,Home
1983,1983-09-11,PHI,WAS,L,13,23,Home
1983,1983-09-12,KC,LAC,L,14,17,Home
1983,1983-09-15,CLE,CIN,W,17,7,Home
1983,1983-09-18,ARI,SF,L,27,42,Home
1983,1983-09-18,BUF,IND,W,28,23,Home
1983,1983-09-18,DAL,NYG,W,28,13,Home
1983,1983-09-18,DEN,PHI,L,10,13,Home
1983,1983-09-18,DET,ATL,L,14,30,Home
1983,1983-09-18,GB,LAR,W,27,24,Home
1983,1983-09-18,NE,NYJ,W,23,13,Home
1983,1983-09-18,NO,CHI,W,34,31,Home
1983,1983-09-18,SEA,LAC,W,34,31,Home
1983,1983-09-18,TB,MIN,L,16,19,Home
1983,1983-09-18,TEN,PIT,L,28,40,Home
1983,1983-09-18,WAS,KC,W,27,12,Home
1983,1983-09-19,LV,MIA,W,27,14,Home
1983,1983-09-25,BUF,TEN,W,30,13,Home
1983,1983-09-25,DAL,NO,W,21,20,Home
1983,1983-09-25,DEN,LV,L,7,22,Home
1983,1983-09-25,IND,CHI,W,22,19,Home
1983,1983-09-25,LAC,CLE,L,24,30,Home
1983,1983-09-25,MIA,KC,W,14,6,Home
1983,1983-09-25,MIN,DET,W,20,17,Home
1983,1983-09-25,NYJ,LAR,W,27,24,Home
1983,1983-09-25,PHI,ARI,L,11,14,Home
1983,1983-09-25,PIT,NE,L,23,28,Home
1983,1983-09-25,SEA,WAS,L,17,27,Home
1983,1983-09-25,SF,ATL,W,24,20,Home
1983,1983-09-25,TB,CIN,L,17,23,Home
1983,1983-09-26,NYG,GB,W,27,3,Home
1983,1983-10-02,ATL,PHI,L,24,28,Home
1983,1983-10-02,CHI,DEN,W,31,14,Home
1983,1983-10-02,CIN,IND,L,31,34,Home
1983,1983-10-02,CLE,SEA,L,9,24,Home
1983,1983-10-02,GB,TB,W,55,14,Home
1983,1983-10-02,KC,ARI,W,38,14,Home
1983,1983-10-02,LAR,DET,W,21,10,Home
1983,1983-10-02,MIN,DAL,L,24,37,Home
1983,1983-10-02,NE,SF,L,13,33,Home
1983,1983-10-02,NO,MIA,W,17,7,Home
1983,1983-10-02,NYG,LAC,L,34,41,Home
1983,1983-10-02,PIT,TEN,W,17,10,Home
1983,1983-10-02,WAS,LV,W,37,35,Home
1983,1983-10-03,BUF,NYJ,L,10,34,Home
1983,1983-10-09,ARI,WAS,L,14,38,Home
1983,1983-10-09,ATL,NO,L,17,19,Home
1983,1983-10-09,CHI,MIN,L,14,23,Home
1983,1983-10-09,CLE,NYJ,W,10,7,Home
1983,1983-10-09,DAL,TB,W,27,24,Home
1983,1983-10-09,DET,GB,W,38,14,Home
1983,1983-10-09,IND,NE,W,12,7,Home
1983,1983-10-09,LAC,SEA,W,28,21,Home
1983,1983-10-09,LV,KC,W,21,20,Home
1983,1983-10-09,MIA,BUF,L,35,38,Home
1983,1983-10-09,NYG,PHI,L,13,17,Home
1983,1983-10-09,SF,LAR,L,7,10,Home
1983,1983-10-09,TEN,DEN,L,14,26,Home
1983,1983-10-10,CIN,PIT,L,14,24,Home
1983,1983-10-16,DAL,PHI,W,37,7,Home
1983,1983-10-16,DEN,CIN,W,24,17,Home
1983,1983-10-16,DET,CHI,W,31,17,Home
1983,1983-10-16,IND,BUF,L,7,30,Home
1983,1983-10-16,KC,NYG,W,38,17,Home
1983,1983-10-16,LAR,ATL,W,27,21,Home
1983,1983-10-16,MIN,TEN,W,34,14,Home
1983,1983-10-16,NE,LAC,W,37,21,Home
1983,1983-10-16,NO,SF,L,13,32,Home
1983,1983-10-16,NYJ,MIA,L,14,32,Home
1983,1983-10-16,PIT,CLE,W,44,17,Home
1983,1983-10-16,SEA,LV,W,38,36,Home
1983,1983-10-16,TB,ARI,L,27,34,Home
1983,1983-10-17,GB,WAS,W,48,47,Home
1983,1983-10-23,BUF,NE,L,0,31,Home
1983,1983-10-23,CIN,CLE,W,28,21,Home
1983,1983-10-23,DAL,LV,L,38,40,Home
1983,1983-10-23,DEN,LAC,W,14,6,Home
1983,1983-10-23,GB,MIN,L,17,20,Home
1983,1983-10-23,IND,MIA,L,7,21,Home
1983,1983-10-23,LAR,SF,L,35,45,Home
1983,1983-10-23,NYJ,ATL,L,21,27,Home
1983,1983-10-23,PHI,CHI,L,6,7,Home
1983,1983-10-23,SEA,PIT,L,21,27,Home
1983,1983-10-23,TB,NO,L,21,24,Home
1983,1983-10-23,TEN,KC,L,10,13,Home
1983,1983-10-23,WAS,DET,W,38,17,Home
1983,1983-10-24,ARI,NYG,T,20,20,Home
1983,1983-10-30,ARI,MIN,W,41,31,Home
1983,1983-10-30,ATL,NE,W,24,13,Home
1983,1983-10-30,BUF,NO,W,27,21,Home
1983,1983-10-30,CHI,DET,L,17,38,Home
1983,1983-10-30,CIN,GB,W,34,14,Home
1983,1983-10-30,CLE,TEN,W,25,19,Home
1983,1983-10-30,DEN,KC,W,27,24,Home
1983,1983-10-30,LV,SEA,L,21,34,Home
1983,1983-10-30,MIA,LAR,W,30,14,Home
1983,1983-10-30,NYG,DAL,L,20,38,Home
1983,1983-10-30,PHI,IND,L,21,22,Home
1983,1983-10-30,PIT,TB,W,17,12,Home
1983,1983-10-30,SF,NYJ,L,13,27,Home
1983,1983-10-31,LAC,WAS,L,24,27,Home
1983,1983-11-06,GB,CLE,W,35,21,Home
1983,1983-11-06,KC,LV,L,20,28,Home
1983,1983-11-06,LAR,CHI,W,21,14,Home
1983,1983-11-06,MIN,TB,L,12,17,Home
1983,1983-11-06,NE,BUF,W,21,7,Home
1983,1983-11-06,NO,ATL,W,27,10,Home
1983,1983-11-06,NYJ,IND,L,14,17,Home
1983,1983-11-06,PHI,DAL,L,20,27,Home
1983,1983-11-06,PIT,LAC,W,26,3,Home
1983,1983-11-06,SEA,DEN,W,27,19,Home
1983,1983-11-06,SF,MIA,L,17,20,Home
1983,1983-11-06,TEN,CIN,L,14,55,Home
1983,1983-11-06,WAS,ARI,W,45,7,Home
1983,1983-11-07,DET,NYG,W,15,9,Home
1983,1983-11-13,ARI,SEA,W,33,28,Home
1983,1983-11-13,CHI,PHI,W,17,14,Home
1983,1983-11-13,CLE,TB,W,20,0,Home
1983,1983-11-13,IND,PIT,L,13,24,Home
1983,1983-11-13,KC,CIN,W,20,15,Home
1983,1983-11-13,LAC,DAL,W,24,23,Home
1983,1983-11-13,LV,DEN,W,22,20,Home
1983,1983-11-13,MIN,GB,L,21,29,Home
1983,1983-11-13,NE,MIA,W,17,6,Home
1983,1983-11-13,NYG,WAS,L,17,33,Home
1983,1983-11-13,NYJ,BUF,L,17,24,Home
1983,1983-11-13,SF,NO,W,27,0,Home
1983,1983-11-13,TEN,DET,W,27,17,Home
1983,1983-11-14,ATL,LAR,L,13,36,Home
1983,1983-11-20,ARI,LAC,W,44,14,Home
1983,1983-11-20,ATL,SF,W,28,24,Home
1983,1983-11-20,BUF,LV,L,24,27,Home
1983,1983-11-20,CIN,TEN,W,38,10,Home
1983,1983-11-20,DAL,KC,W,41,21,Home
1983,1983-11-20,DEN,SEA,W,38,27,Home
1983,1983-11-20,GB,DET,L,20,23,Home
1983,1983-11-20,LAR,WAS,L,20,42,Home
1983,1983-11-20,MIA,IND,W,37,0,Home
1983,1983-11-20,NE,CLE,L,0,30,Home
1983,1983-11-20,PHI,NYG,L,0,23,Home
1983,1983-11-20,PIT,MIN,L,14,17,Home
1983,1983-11-20,TB,CHI,L,0,27,Home
1983,1983-11-21,NO,NYJ,L,28,31,Home
1983,1983-11-24,DAL,ARI,W,35,17,Home
1983,1983-11-24,DET,PIT,W,45,3,Home
1983,1983-11-27,ATL,GB,W,47,41,Home
1983,1983-11-27,CHI,SF,W,13,3,Home
1983,1983-11-27,CLE,IND,W,41,23,Home
1983,1983-11-27,LAC,DEN,W,31,7,Home
1983,1983-11-27,LAR,BUF,W,41,17,Home
1983,1983-11-27,LV,NYG,W,27,12,Home
1983,1983-11-27,NO,MIN,W,17,16,Home
1983,1983-11-27,NYJ,NE,W,26,3,Home
1983,1983-11-27,SEA,KC,W,51,48,Home
1983,1983-11-27,TB,TEN,W,33,24,Home
1983,1983-11-27,WAS,PHI,W,28,24,Home
1983,1983-11-28,MIA,CIN,W,38,14,Home
1983,1983-12-01,LAC,LV,L,10,42,Home
1983,1983-12-04,DEN,CLE,W,27,6,Home
1983,1983-12-04,GB,CHI,W,31,28,Home
1983,1983-12-04,IND,NYJ,L,6,10,Home
1983,1983-12-04,KC,BUF,L,9,14,Home
1983,1983-12-04,NE,NO,W,7,0,Home
1983,1983-12-04,NYG,ARI,L,6,10,Home
1983,1983-12-04,PHI,LAR,W,13,9,Home
1983,1983-12-04,PIT,CIN,L,10,23,Home
1983,1983-12-04,SEA,DAL,L,10,35,Home
1983,1983-12-04,SF,TB,W,35,21,Home
1983,1983-12-04,TEN,MIA,L,17,24,Home
1983,1983-12-04,WAS,ATL,W,37,21,Home
1983,1983-12-05,DET,MIN,W,13,2,Home
1983,1983-12-10,MIA,ATL,W,31,24,Home
1983,1983-12-10,NYJ,PIT,L,7,34,Home
1983,1983-12-11,BUF,SF,L,10,23,Home
1983,1983-12-11,CIN,DET,W,17,9,Home
1983,1983-12-11,DAL,WAS,L,10,31,Home
1983,1983-12-11,DEN,IND,W,21,19,Home
1983,1983-12-11,LAC,KC,W,41,38,Home
1983,1983-12-11,LAR,NE,L,7,21,Home
1983,1983-12-11,LV,ARI,L,24,34,Home
1983,1983-12-11,MIN,CHI,L,13,19,Home
1983,1983-12-11,NYG,SEA,L,12,17,Home
1983,1983-12-11,PHI,NO,L,17,20,Home
1983,1983-12-11,TEN,CLE,W,34,27,Home
1983,1983-12-12,TB,GB,L,9,12,Home
1983,1983-12-16,MIA,NYJ,W,34,14,Home
1983,1983-12-17,MIN,CIN,W,20,14,Home
1983,1983-12-17,WAS,NYG,W,31,22,Home
1983,1983-12-18,ARI,PHI,W,31,7,Home
1983,1983-12-18,ATL,BUF,W,31,14,Home
1983,1983-12-18,CHI,GB,W,23,21,Home
1983,1983-12-18,CLE,PIT,W,30,17,Home
1983,1983-12-18,DET,TB,W,23,20,Home
1983,1983-12-18,IND,TEN,W,20,10,Home
1983,1983-12-18,KC,DEN,W,48,17,Home
1983,1983-12-18,LV,LAC,W,30,14,Home
1983,1983-12-18,NO,LAR,L,24,26,Home
1983,1983-12-18,SEA,NE,W,24,6,Home
1983,1983-12-19,SF,DAL,W,42,17,Home
1984,1984-09-02,BUF,NE,L,17,21,Home
1984,1984-09-02,CHI,TB,W,34,14,Home
1984,1984-09-02,DEN,CIN,W,20,17,Home
1984,1984-09-02,DET,SF,L,27,30,Home
1984,1984-09-02,GB,ARI,W,24,23,Home
1984,1984-09-02,IND,NYJ,L,14,23,Home
1984,1984-09-02,MIN,LAC,L,13,42,Home
1984,1984-09-02,NO,ATL,L,28,36,Home
1984,1984-09-02,NYG,PHI,W,28,27,Home
1984,1984-09-02,PIT,KC,L,27,37,Home
1984,1984-09-02,TEN,LV,L,14,24,Home
1984,1984-09-02,WAS,MIA,L,17,35,Home
1984,1984-09-03,LAR,DAL,L,13,20,Home
1984,1984-09-03,SEA,CLE,W,33,0,Home
1984,1984-09-06,NYJ,PIT,L,17,23,Home
1984,1984-09-09,ARI,BUF,W,37,7,Home
1984,1984-09-09,ATL,DET,L,24,27,Home
1984,1984-09-09,CHI,DEN,W,27,0,Home
1984,1984-09-09,CIN,KC,L,22,27,Home
1984,1984-09-09,LAR,CLE,W,20,17,Home
1984,1984-09-09,LV,GB,W,28,7,Home
1984,1984-09-09,MIA,NE,W,28,7,Home
1984,1984-09-09,NO,TB,W,17,13,Home
1984,1984-09-09,NYG,DAL,W,28,7,Home
1984,1984-09-09,PHI,MIN,W,19,17,Home
1984,1984-09-09,SEA,LAC,W,31,17,Home
1984,1984-09-09,TEN,IND,L,21,35,Home
1984,1984-09-10,SF,WAS,W,37,31,Home
1984,1984-09-16,CLE,DEN,L,14,24,Home
1984,1984-09-16,DAL,PHI,W,23,17,Home
1984,1984-09-16,GB,CHI,L,7,9,Home
1984,1984-09-16,IND,ARI,L,33,34,Home
1984,1984-09-16,KC,LV,L,20,22,Home
1984,1984-09-16,LAC,TEN,W,31,14,Home
1984,1984-09-16,MIN,ATL,W,27,20,Home
1984,1984-09-16,NE,SEA,W,38,23,Home
1984,1984-09-16,NYJ,CIN,W,43,23,Home
1984,1984-09-16,PIT,LAR,W,24,14,Home
1984,1984-09-16,SF,NO,W,30,20,Home
1984,1984-09-16,TB,DET,W,21,17,Home
1984,1984-09-16,WAS,NYG,W,30,14,Home
1984,1984-09-17,BUF,MIA,L,17,21,Home
1984,1984-09-23,ATL,TEN,W,42,10,Home
1984,1984-09-23,BUF,NYJ,L,26,28,Home
1984,1984-09-23,CIN,LAR,L,14,24,Home
1984,1984-09-23,CLE,PIT,W,20,10,Home
1984,1984-09-23,DAL,GB,W,20,6,Home
1984,1984-09-23,DEN,KC,W,21,0,Home
1984,1984-09-23,DET,MIN,L,28,29,Home
1984,1984-09-23,MIA,IND,W,44,7,Home
1984,1984-09-23,NE,WAS,L,10,26,Home
1984,1984-09-23,NO,ARI,W,34,24,Home
1984,1984-09-23,NYG,TB,W,17,14,Home
1984,1984-09-23,PHI,SF,L,9,21,Home
1984,1984-09-23,SEA,CHI,W,38,9,Home
1984,1984-09-24,LV,LAC,W,33,30,Home
1984,1984-09-30,ARI,MIA,L,28,36,Home
1984,1984-09-30,CHI,DAL,L,14,23,Home
1984,1984-09-30,DEN,LV,W,16,13,Home
1984,1984-09-30,IND,BUF,W,31,17,Home
1984,1984-09-30,KC,CLE,W,10,6,Home
1984,1984-09-30,LAC,DET,W,27,24,Home
1984,1984-09-30,LAR,NYG,W,33,12,Home
1984,1984-09-30,MIN,SEA,L,12,20,Home
1984,1984-09-30,NYJ,NE,L,21,28,Home
1984,1984-09-30,SF,ATL,W,14,5,Home
1984,1984-09-30,TB,GB,W,30,27,Home
1984,1984-09-30,TEN,NO,L,10,27,Home
1984,1984-09-30,WAS,PHI,W,20,0,Home
1984,1984-10-01,PIT,CIN,W,38,17,Home
1984,1984-10-07,BUF,PHI,L,17,27,Home
1984,1984-10-07,CHI,NO,W,20,7,Home
1984,1984-10-07,CIN,TEN,W,13,3,Home
1984,1984-10-07,CLE,NE,L,16,17,Home
1984,1984-10-07,DAL,ARI,L,20,31,Home
1984,1984-10-07,DET,DEN,L,7,28,Home
1984,1984-10-07,GB,LAC,L,28,34,Home
1984,1984-10-07,IND,WAS,L,7,35,Home
1984,1984-10-07,KC,NYJ,L,16,17,Home
1984,1984-10-07,LAR,ATL,L,28,30,Home
1984,1984-10-07,LV,SEA,W,28,14,Home
1984,1984-10-07,PIT,MIA,L,7,31,Home
1984,1984-10-07,TB,MIN,W,35,31,Home
1984,1984-10-08,NYG,SF,L,10,31,Home
1984,1984-10-14,ARI,CHI,W,38,21,Home
1984,1984-10-14,ATL,NYG,L,7,19,Home
1984,1984-10-14,CLE,NYJ,L,20,24,Home
1984,1984-10-14,DET,TB,W,13,7,Home
1984,1984-10-14,KC,LAC,W,31,13,Home
1984,1984-10-14,LV,MIN,W,23,20,Home
1984,1984-10-14,MIA,TEN,W,28,10,Home
1984,1984-10-14,NE,CIN,W,20,14,Home
1984,1984-10-14,NO,LAR,L,10,28,Home
1984,1984-10-14,PHI,IND,W,16,7,Home
1984,1984-10-14,SEA,BUF,W,31,28,Home
1984,1984-10-14,SF,PIT,L,17,20,Home
1984,1984-10-14,WAS,DAL,W,34,14,Home
1984,1984-10-15,DEN,GB,W,17,14,Home
1984,1984-10-21,ARI,WAS,W,26,24,Home
1984,1984-10-21,BUF,DEN,L,7,37,Home
1984,1984-10-21,CIN,CLE,W,12,9,Home
1984,1984-10-21,DAL,NO,W,30,27,Home
1984,1984-10-21,GB,SEA,L,24,30,Home
1984,1984-10-21,IND,PIT,W,17,16,Home
1984,1984-10-21,LAC,LV,L,37,44,Home
1984,1984-10-21,MIN,DET,L,14,16,Home
1984,1984-10-21,NE,MIA,L,24,44,Home
1984,1984-10-21,NYJ,KC,W,28,7,Home
1984,1984-10-21,PHI,NYG,W,24,10,Home
1984,1984-10-21,TB,CHI,L,9,44,Home
1984,1984-10-21,TEN,SF,L,21,34,Home
1984,1984-10-22,ATL,LAR,L,10,24,Home
1984,1984-10-28,CHI,MIN,W,16,7,Home
1984,1984-10-28,CLE,NO,L,14,16,Home
1984,1984-10-28,DAL,IND,W,22,3,Home
1984,1984-10-28,GB,DET,W,41,9,Home
1984,1984-10-28,KC,TB,W,24,20,Home
1984,1984-10-28,LAR,SF,L,0,33,Home
1984,1984-10-28,LV,DEN,L,19,22,Home
1984,1984-10-28,MIA,BUF,W,38,7,Home
1984,1984-10-28,NE,NYJ,W,30,20,Home
1984,1984-10-28,NYG,WAS,W,37,13,Home
1984,1984-10-28,PHI,ARI,L,14,34,Home
1984,1984-10-28,PIT,ATL,W,35,10,Home
1984,1984-10-28,TEN,CIN,L,13,31,Home
1984,1984-10-29,LAC,SEA,L,0,24,Home
1984,1984-11-04,ARI,LAR,L,13,16,Home
1984,1984-11-04,BUF,CLE,L,10,13,Home
1984,1984-11-04,CHI,LV,W,17,6,Home
1984,1984-11-04,DAL,NYG,L,7,19,Home
1984,1984-11-04,DEN,NE,W,26,19,Home
1984,1984-11-04,DET,PHI,T,23,23,Home
1984,1984-11-04,IND,LAC,L,10,38,Home
1984,1984-11-04,MIN,TB,W,27,24,Home
1984,1984-11-04,NO,GB,L,13,23,Home
1984,1984-11-04,NYJ,MIA,L,17,31,Home
1984,1984-11-04,PIT,TEN,W,35,7,Home
1984,1984-11-04,SEA,KC,W,45,0,Home
1984,1984-11-04,SF,CIN,W,23,17,Home
1984,1984-11-05,WAS,ATL,W,27,14,Home
1984,1984-11-11,ARI,DAL,L,17,24,Home
1984,1984-11-11,ATL,NO,L,13,17,Home
1984,1984-11-11,CIN,PIT,W,22,20,Home
1984,1984-11-11,CLE,SF,L,7,41,Home
1984,1984-11-11,GB,MIN,W,45,17,Home
1984,1984-11-11,KC,TEN,L,16,17,Home
1984,1984-11-11,LAC,DEN,L,13,16,Home
1984,1984-11-11,LAR,CHI,W,29,13,Home
1984,1984-11-11,MIA,PHI,W,24,23,Home
1984,1984-11-11,NE,BUF,W,38,10,Home
1984,1984-11-11,NYJ,IND,L,5,9,Home
1984,1984-11-11,TB,NYG,W,20,17,Home
1984,1984-11-11,WAS,DET,W,28,14,Home
1984,1984-11-12,SEA,LV,W,17,14,Home
1984,1984-11-18,ATL,CLE,L,7,23,Home
1984,1984-11-18,BUF,DAL,W,14,3,Home
1984,1984-11-18,CHI,DET,W,16,14,Home
1984,1984-11-18,CIN,SEA,L,6,26,Home
1984,1984-11-18,DEN,MIN,W,42,21,Home
1984,1984-11-18,GB,LAR,W,31,6,Home
1984,1984-11-18,IND,NE,L,17,50,Home
1984,1984-11-18,LAC,MIA,W,34,28,Home
1984,1984-11-18,LV,KC,W,17,7,Home
1984,1984-11-18,NYG,ARI,W,16,10,Home
1984,1984-11-18,PHI,WAS,W,16,10,Home
1984,1984-11-18,SF,TB,W,24,17,Home
1984,1984-11-18,TEN,NYJ,W,31,20,Home
1984,1984-11-19,NO,PIT,W,27,24,Home
1984,1984-11-22,DAL,NE,W,20,17,Home
1984,1984-11-22,DET,GB,W,31,28,Home
1984,1984-11-25,ARI,PHI,W,17,16,Home
1984,1984-11-25,CIN,ATL,W,35,14,Home
1984,1984-11-25,CLE,TEN,W,27,10,Home
1984,1984-11-25,DEN,SEA,L,24,27,Home
1984,1984-11-25,LV,IND,W,21,7,Home
1984,1984-11-25,MIN,CHI,L,3,34,Home
1984,1984-11-25,NO,SF,L,3,35,Home
1984,1984-11-25,NYG,KC,W,28,27,Home
1984,1984-11-25,PIT,LAC,W,52,24,Home
1984,1984-11-25,TB,LAR,L,33,34,Home
1984,1984-11-25,WAS,BUF,W,41,14,Home
1984,1984-11-26,MIA,NYJ,W,28,17,Home
1984,1984-11-29,MIN,WAS,L,17,31,Home
1984,1984-12-02,ATL,SF,L,17,35,Home
1984,1984-12-02,BUF,IND,W,21,15,Home
1984,1984-12-02,CLE,CIN,L,17,20,Home
1984,1984-12-02,GB,TB,W,27,14,Home
1984,1984-12-02,KC,DEN,W,16,13,Home
1984,1984-12-02,LAR,NO,W,34,21,Home
1984,1984-12-02,MIA,LV,L,34,45,Home
1984,1984-12-02,NE,ARI,L,10,33,Home
1984,1984-12-02,NYJ,NYG,L,10,20,Home
1984,1984-12-02,PHI,DAL,L,10,26,Home
1984,1984-12-02,SEA,DET,W,38,17,Home
1984,1984-12-02,TEN,PIT,W,23,20,Home
1984,1984-12-03,LAC,CHI,W,20,7,Home
1984,1984-12-08,NYJ,BUF,W,21,17,Home
1984,1984-12-08,SF,MIN,W,51,7,Home
1984,1984-12-09,ARI,NYG,W,31,21,Home
1984,1984-12-09,CHI,GB,L,14,20,Home
1984,1984-12-09,DAL,WAS,L,28,30,Home
1984,1984-12-09,DEN,LAC,W,16,13,Home
1984,1984-12-09,IND,MIA,L,17,35,Home
1984,1984-12-09,KC,SEA,W,34,7,Home
1984,1984-12-09,LAR,TEN,W,27,16,Home
1984,1984-12-09,NO,CIN,L,21,24,Home
1984,1984-12-09,PHI,NE,W,27,17,Home
1984,1984-12-09,PIT,CLE,W,23,20,Home
1984,1984-12-09,TB,ATL,W,23,6,Home
1984,1984-12-10,DET,LV,L,3,24,Home
1984,1984-12-14,SF,LAR,W,19,16,Home
1984,1984-12-15,NYG,NO,L,3,10,Home
1984,1984-12-15,SEA,DEN,L,14,31,Home
1984,1984-12-16,ATL,PHI,W,26,10,Home
1984,1984-12-16,CIN,BUF,W,52,21,Home
1984,1984-12-16,DET,CHI,L,13,30,Home
1984,1984-12-16,LAC,KC,L,21,42,Home
1984,1984-12-16,LV,PIT,L,7,13,Home
1984,1984-12-16,MIN,GB,L,14,38,Home
1984,1984-12-16,NE,IND,W,16,10,Home
1984,1984-12-16,TB,NYJ,W,41,21,Home
1984,1984-12-16,TEN,CLE,L,20,27,Home
1984,1984-12-16,WAS,ARI,W,29,27,Home
1984,1984-12-17,MIA,DAL,W,28,21,Home
1985,1985-09-08,ATL,DET,L,27,28,Home
1985,1985-09-08,BUF,LAC,L,9,14,Home
1985,1985-09-08,CHI,TB,W,38,28,Home
1985,1985-09-08,CIN,SEA,L,24,28,Home
1985,1985-09-08,CLE,ARI,L,24,27,Home
1985,1985-09-08,LAR,DEN,W,20,16,Home
1985,1985-09-08,LV,NYJ,W,31,0,Home
1985,1985-09-08,MIN,SF,W,28,21,Home
1985,1985-09-08,NE,GB,W,26,20,Home
1985,1985-09-08,NO,KC,L,27,47,Home
1985,1985-09-08,NYG,PHI,W,21,0,Home
1985,1985-09-08,PIT,IND,W,45,3,Home
1985,1985-09-08,TEN,MIA,W,26,23,Home
1985,1985-09-09,DAL,WAS,W,44,14,Home
1985,1985-09-12,KC,LV,W,36,20,Home
1985,1985-09-15,ARI,CIN,W,41,27,Home
1985,1985-09-15,CHI,NE,W,20,7,Home
1985,1985-09-15,DEN,NO,W,34,23,Home
1985,1985-09-15,DET,DAL,W,26,21,Home
1985,1985-09-15,GB,NYG,W,23,20,Home
1985,1985-09-15,LAC,SEA,L,35,49,Home
1985,1985-09-15,MIA,IND,W,30,13,Home
1985,1985-09-15,NYJ,BUF,W,42,3,Home
1985,1985-09-15,PHI,LAR,L,6,17,Home
1985,1985-09-15,SF,ATL,W,35,16,Home
1985,1985-09-15,TB,MIN,L,16,31,Home
1985,1985-09-15,WAS,TEN,W,16,13,Home
1985,1985-09-16,CLE,PIT,W,17,7,Home
1985,1985-09-19,MIN,CHI,L,24,33,Home
1985,1985-09-22,ATL,DEN,L,28,44,Home
1985,1985-09-22,BUF,NE,L,14,17,Home
1985,1985-09-22,CIN,LAC,L,41,44,Home
1985,1985-09-22,DAL,CLE,W,20,7,Home
1985,1985-09-22,GB,NYJ,L,3,24,Home
1985,1985-09-22,IND,DET,W,14,6,Home
1985,1985-09-22,LV,SF,L,10,34,Home
1985,1985-09-22,MIA,KC,W,31,0,Home
1985,1985-09-22,NO,TB,W,20,13,Home
1985,1985-09-22,NYG,ARI,W,27,17,Home
1985,1985-09-22,PIT,TEN,W,20,0,Home
1985,1985-09-22,WAS,PHI,L,6,19,Home
1985,1985-09-23,SEA,LAR,L,24,35,Home
1985,1985-09-29,ARI,GB,W,43,28,Home
1985,1985-09-29,BUF,MIN,L,20,27,Home
1985,1985-09-29,CHI,WAS,W,45,10,Home
1985,1985-09-29,DEN,MIA,L,26,30,Home
1985,1985-09-29,DET,TB,W,30,9,Home
1985,1985-09-29,KC,SEA,W,28,7,Home
1985,1985-09-29,LAC,CLE,L,7,21,Home
1985,1985-09-29,LAR,ATL,W,17,6,Home
1985,1985-09-29,NE,LV,L,20,35,Home
1985,1985-09-29,NYJ,IND,W,25,20,Home
1985,1985-09-29,PHI,NYG,L,10,16,Home
1985,1985-09-29,SF,NO,L,17,20,Home
1985,1985-09-29,TEN,DAL,L,10,17,Home
1985,1985-09-30,PIT,CIN,L,24,37,Home
1985,1985-10-06,ATL,SF,L,17,38,Home
1985,1985-10-06,CIN,NYJ,L,20,29,Home
1985,1985-10-06,CLE,NE,W,24,20,Home
1985,1985-10-06,DEN,TEN,W,31,20,Home
1985,1985-10-06,GB,DET,W,43,10,Home
1985,1985-10-06,IND,BUF,W,49,17,Home
1985,1985-10-06,LAR,MIN,W,13,10,Home
1985,1985-10-06,LV,KC,W,19,10,Home
1985,1985-10-06,MIA,PIT,W,24,20,Home
1985,1985-10-06,NO,PHI,W,23,21,Home
1985,1985-10-06,NYG,DAL,L,29,30,Home
1985,1985-10-06,SEA,LAC,W,26,21,Home
1985,1985-10-06,TB,CHI,L,19,27,Home
1985,1985-10-07,WAS,ARI,W,27,10,Home
1985,1985-10-13,CIN,NYG,W,35,30,Home
1985,1985-10-13,DAL,PIT,W,27,13,Home
1985,1985-10-13,GB,MIN,W,20,17,Home
1985,1985-10-13,IND,DEN,L,10,15,Home
1985,1985-10-13,LAC,KC,W,31,20,Home
1985,1985-10-13,LV,NO,W,23,13,Home
1985,1985-10-13,NE,BUF,W,14,3,Home
1985,1985-10-13,PHI,ARI,W,30,7,Home
1985,1985-10-13,SEA,ATL,W,30,26,Home
1985,1985-10-13,SF,CHI,L,10,26,Home
1985,1985-10-13,TB,LAR,L,27,31,Home
1985,1985-10-13,TEN,CLE,L,6,21,Home
1985,1985-10-13,WAS,DET,W,24,3,Home
1985,1985-10-14,NYJ,MIA,W,23,7,Home
1985,1985-10-20,ATL,NO,W,31,24,Home
1985,1985-10-20,BUF,IND,W,21,9,Home
1985,1985-10-20,CLE,LV,L,20,21,Home
1985,1985-10-20,DEN,SEA,W,13,10,Home
1985,1985-10-20,DET,SF,W,23,21,Home
1985,1985-10-20,KC,LAR,L,0,16,Home
1985,1985-10-20,MIA,TB,W,41,38,Home
1985,1985-10-20,MIN,LAC,W,21,17,Home
1985,1985-10-20,NE,NYJ,W,20,13,Home
1985,1985-10-20,NYG,WAS,W,17,3,Home
1985,1985-10-20,PHI,DAL,W,16,14,Home
1985,1985-10-20,PIT,ARI,W,23,10,Home
1985,1985-10-20,TEN,CIN,W,44,27,Home
1985,1985-10-21,CHI,GB,W,23,7,Home
1985,1985-10-27,ARI,TEN,L,10,20,Home
1985,1985-10-27,CHI,MIN,W,27,9,Home
1985,1985-10-27,CIN,PIT,W,26,21,Home
1985,1985-10-27,CLE,WAS,L,7,14,Home
1985,1985-10-27,DAL,ATL,W,24,10,Home
1985,1985-10-27,DET,MIA,W,31,21,Home
1985,1985-10-27,IND,GB,W,37,10,Home
1985,1985-10-27,KC,DEN,L,10,30,Home
1985,1985-10-27,LAR,SF,L,14,28,Home
1985,1985-10-27,NO,NYG,L,13,21,Home
1985,1985-10-27,NYJ,SEA,W,17,14,Home
1985,1985-10-27,PHI,BUF,W,21,17,Home
1985,1985-10-27,TB,NE,L,14,32,Home
1985,1985-10-28,LV,LAC,W,34,21,Home
1985,1985-11-03,ATL,WAS,L,10,44,Home
1985,1985-11-03,BUF,CIN,L,17,23,Home
1985,1985-11-03,GB,CHI,L,10,16,Home
1985,1985-11-03,IND,NYJ,L,17,35,Home
1985,1985-11-03,LAC,DEN,W,30,10,Home
1985,1985-11-03,LAR,NO,W,28,10,Home
1985,1985-11-03,MIN,DET,W,16,13,Home
1985,1985-11-03,NE,MIA,W,17,13,Home
1985,1985-11-03,NYG,TB,W,22,20,Home
1985,1985-11-03,PIT,CLE,W,10,9,Home
1985,1985-11-03,SEA,LV,W,33,3,Home
1985,1985-11-03,SF,PHI,W,24,13,Home
1985,1985-11-03,TEN,KC,W,23,20,Home
1985,1985-11-04,ARI,DAL,W,21,10,Home
1985,1985-11-10,BUF,TEN,W,20,0,Home
1985,1985-11-10,CHI,DET,W,24,3,Home
1985,1985-11-10,CIN,CLE,W,27,10,Home
1985,1985-11-10,KC,PIT,L,28,36,Home
1985,1985-11-10,LAC,LV,W,40,34,Home
1985,1985-11-10,MIA,NYJ,W,21,17,Home
1985,1985-11-10,MIN,GB,L,17,27,Home
1985,1985-11-10,NE,IND,W,34,15,Home
1985,1985-11-10,NO,SEA,L,3,27,Home
1985,1985-11-10,NYG,LAR,W,24,19,Home
1985,1985-11-10,PHI,ATL,W,23,17,Home
1985,1985-11-10,TB,ARI,W,16,0,Home
1985,1985-11-10,WAS,DAL,L,7,13,Home
1985,1985-11-11,DEN,SF,W,17,16,Home
1985,1985-11-17,ARI,PHI,L,14,24,Home
1985,1985-11-17,ATL,LAR,W,30,14,Home
1985,1985-11-17,CLE,BUF,W,17,7,Home
1985,1985-11-17,DAL,CHI,L,0,44,Home
1985,1985-11-17,DEN,LAC,W,30,24,Home
1985,1985-11-17,DET,MIN,W,41,21,Home
1985,1985-11-17,GB,NO,W,38,14,Home
1985,1985-11-17,IND,MIA,L,20,34,Home
1985,1985-11-17,LV,CIN,W,13,6,Home
1985,1985-11-17,NYJ,TB,W,62,28,Home
1985,1985-11-17,SEA,NE,L,13,20,Home
1985,1985-11-17,SF,KC,W,31,3,Home
1985,1985-11-17,TEN,PIT,L,7,30,Home
1985,1985-11-18,WAS,NYG,W,23,21,Home
1985,1985-11-24,ARI,NYG,L,3,34,Home
1985,1985-11-24,BUF,MIA,L,14,23,Home
1985,1985-11-24,CHI,ATL,W,36,0,Home
1985,1985-11-24,CLE,CIN,W,24,6,Home
1985,1985-11-24,DAL,PHI,W,34,17,Home
1985,1985-11-24,KC,IND,W,20,7,Home
1985,1985-11-24,LAR,GB,W,34,17,Home
1985,1985-11-24,LV,DEN,W,31,28,Home
1985,1985-11-24,MIN,NO,L,23,30,Home
1985,1985-11-24,NYJ,NE,W,16,13,Home
1985,1985-11-24,PIT,WAS,L,23,30,Home
1985,1985-11-24,TB,DET,W,19,16,Home
1985,1985-11-24,TEN,LAC,W,37,35,Home
1985,1985-11-25,SF,SEA,W,19,6,Home
1985,1985-11-28,DAL,ARI,W,35,17,Home
1985,1985-11-28,DET,NYJ,W,31,20,Home
1985,1985-12-01,ATL,LV,L,24,34,Home
1985,1985-12-01,CIN,TEN,W,45,27,Home
1985,1985-12-01,GB,TB,W,21,0,Home
1985,1985-12-01,IND,NE,L,31,38,Home
1985,1985-12-01,LAC,BUF,W,40,7,Home
1985,1985-12-01,NO,LAR,W,29,3,Home
1985,1985-12-01,NYG,CLE,L,33,35,Home
1985,1985-12-01,PHI,MIN,L,23,28,Home
1985,1985-12-01,PIT,DEN,L,23,31,Home
1985,1985-12-01,SEA,KC,W,24,6,Home
1985,1985-12-01,WAS,SF,L,8,35,Home
1985,1985-12-02,MIA,CHI,W,38,24,Home
1985,1985-12-08,ARI,NO,W,28,16,Home
1985,1985-12-08,BUF,NYJ,L,7,27,Home
1985,1985-12-08,CHI,IND,W,17,10,Home
1985,1985-12-08,CIN,DAL,W,50,24,Home
1985,1985-12-08,DEN,LV,L,14,17,Home
1985,1985-12-08,GB,MIA,L,24,34,Home
1985,1985-12-08,KC,ATL,W,38,10,Home
1985,1985-12-08,LAC,PIT,W,54,44,Home
1985,1985-12-08,MIN,TB,W,26,7,Home
1985,1985-12-08,NE,DET,W,23,6,Home
1985,1985-12-08,PHI,WAS,L,12,17,Home
1985,1985-12-08,SEA,CLE,W,31,13,Home
1985,1985-12-08,TEN,NYG,L,14,35,Home
1985,1985-12-09,SF,LAR,L,20,27,Home
1985,1985-12-14,DEN,KC,W,14,13,Home
1985,1985-12-14,NYJ,CHI,L,6,19,Home
1985,1985-12-15,ATL,MIN,W,14,13,Home
1985,1985-12-15,CLE,TEN,W,28,21,Home
1985,1985-12-15,DAL,NYG,W,28,21,Home
1985,1985-12-15,DET,GB,L,23,26,Home
1985,1985-12-15,LAC,PHI,W,20,14,Home
1985,1985-12-15,LAR,ARI,W,46,14,Home
1985,1985-12-15,LV,SEA,W,13,3,Home
1985,1985-12-15,NO,SF,L,19,31,Home
1985,1985-12-15,PIT,BUF,W,30,24,Home
1985,1985-12-15,TB,IND,L,23,31,Home
1985,1985-12-15,WAS,CIN,W,27,24,Home
1985,1985-12-16,MIA,NE,W,30,27,Home
1985,1985-12-20,SEA,DEN,L,24,27,Home
1985,1985-12-21,ARI,WAS,L,16,27,Home
1985,1985-12-21,NYG,PIT,W,28,10,Home
1985,1985-12-22,DET,CHI,L,17,37,Home
1985,1985-12-22,IND,TEN,W,34,16,Home
1985,1985-12-22,KC,LAC,W,38,34,Home
1985,1985-12-22,MIA,BUF,W,28,0,Home
1985,1985-12-22,MIN,PHI,L,35,37,Home
1985,1985-12-22,NE,CIN,W,34,23,Home
1985,1985-12-22,NO,ATL,L,10,16,Home
1985,1985-12-22,NYJ,CLE,W,37,10,Home
1985,1985-12-22,SF,DAL,W,31,16,Home
1985,1985-12-22,TB,GB,L,17,20,Home
1985,1985-12-23,LAR,LV,L,6,16,Home
1986,1986-09-07,ARI,LAR,L,10,16,Home
1986,1986-09-07,BUF,NYJ,L,24,28,Home
1986,1986-09-07,CHI,CLE,W,41,31,Home
1986,1986-09-07,DEN,LV,W,38,36,Home
1986,1986-09-07,GB,TEN,L,3,31,Home
1986,1986-09-07,KC,CIN,W,24,14,Home
1986,1986-09-07,LAC,MIA,W,50,28,Home
1986,1986-09-07,MIN,DET,L,10,13,Home
1986,1986-09-07,NE,IND,W,33,3,Home
1986,1986-09-07,NO,ATL,L,10,31,Home
1986,1986-09-07,SEA,PIT,W,30,0,Home
1986,1986-09-07,TB,SF,L,7,31,Home
1986,1986-09-07,WAS,PHI,W,41,14,Home
1986,1986-09-08,DAL,NYG,W,31,28,Home
1986,1986-09-11,NYJ,NE,L,6,20,Home
1986,1986-09-14,ATL,ARI,W,33,13,Home
1986,1986-09-14,CHI,PHI,W,13,10,Home
1986,1986-09-14,CIN,BUF,W,36,33,Home
1986,1986-09-14,DET,DAL,L,7,31,Home
1986,1986-09-14,LAR,SF,W,16,13,Home
1986,1986-09-14,MIA,IND,W,30,10,Home
1986,1986-09-14,NO,GB,W,24,10,Home
1986,1986-09-14,NYG,LAC,W,20,7,Home
1986,1986-09-14,SEA,KC,W,23,17,Home
1986,1986-09-14,TB,MIN,L,10,23,Home
1986,1986-09-14,TEN,CLE,L,20,23,Home
1986,1986-09-14,WAS,LV,W,10,6,Home
1986,1986-09-15,PIT,DEN,L,10,21,Home
1986,1986-09-18,CLE,CIN,L,13,30,Home
1986,1986-09-21,BUF,ARI,W,17,10,Home
1986,1986-09-21,DAL,ATL,L,35,37,Home
1986,1986-09-21,DET,TB,L,20,24,Home
1986,1986-09-21,IND,LAR,L,7,24,Home
1986,1986-09-21,KC,TEN,W,27,13,Home
1986,1986-09-21,LAC,WAS,L,27,30,Home
1986,1986-09-21,LV,NYG,L,9,14,Home
1986,1986-09-21,MIN,PIT,W,31,7,Home
1986,1986-09-21,NE,SEA,L,31,38,Home
1986,1986-09-21,NYJ,MIA,W,51,45,Home
1986,1986-09-21,PHI,DEN,L,7,33,Home
1986,1986-09-21,SF,NO,W,26,17,Home
1986,1986-09-22,GB,CHI,L,12,25,Home
1986,1986-09-28,BUF,KC,L,17,20,Home
1986,1986-09-28,CIN,CHI,L,7,44,Home
1986,1986-09-28,CLE,DET,W,24,21,Home
1986,1986-09-28,DEN,NE,W,27,20,Home
1986,1986-09-28,IND,NYJ,L,7,26,Home
1986,1986-09-28,LV,LAC,W,17,13,Home
1986,1986-09-28,MIA,SF,L,16,31,Home
1986,1986-09-28,MIN,GB,W,42,7,Home
1986,1986-09-28,NYG,NO,W,20,17,Home
1986,1986-09-28,PHI,LAR,W,34,20,Home
1986,1986-09-28,TB,ATL,L,20,23,Home
1986,1986-09-28,TEN,PIT,L,16,22,Home
1986,1986-09-28,WAS,SEA,W,19,14,Home
1986,1986-09-29,ARI,DAL,L,7,31,Home
1986,1986-10-05,ARI,NYG,L,6,13,Home
1986,1986-10-05,ATL,PHI,L,0,16,Home
1986,1986-10-05,CHI,MIN,W,23,0,Home
1986,1986-10-05,DEN,DAL,W,29,14,Home
1986,1986-10-05,DET,TEN,W,24,13,Home
1986,1986-10-05,GB,CIN,L,28,34,Home
1986,1986-10-05,KC,LV,L,17,24,Home
1986,1986-10-05,LAR,TB,W,26,20,Home
1986,1986-10-05,NE,MIA,W,34,7,Home
1986,1986-10-05,NO,WAS,L,6,14,Home
1986,1986-10-05,NYJ,BUF,W,14,13,Home
1986,1986-10-05,PIT,CLE,L,24,27,Home
1986,1986-10-05,SF,IND,W,35,14,Home
1986,1986-10-06,SEA,LAC,W,33,7,Home
1986,1986-10-12,ATL,LAR,W,26,14,Home
1986,1986-10-12,CLE,KC,W,20,7,Home
1986,1986-10-12,DAL,WAS,W,30,6,Home
1986,1986-10-12,GB,DET,L,14,21,Home
1986,1986-10-12,IND,NO,L,14,17,Home
1986,1986-10-12,LAC,DEN,L,14,31,Home
1986,1986-10-12,LV,SEA,W,14,10,Home
1986,1986-10-12,MIA,BUF,W,27,14,Home
1986,1986-10-12,NE,NYJ,L,24,31,Home
1986,1986-10-12,NYG,PHI,W,35,3,Home
1986,1986-10-12,SF,MIN,L,24,27,Home
1986,1986-10-12,TB,ARI,L,19,30,Home
1986,1986-10-12,TEN,CHI,L,7,20,Home
1986,1986-10-13,CIN,PIT,W,24,22,Home
1986,1986-10-19,ATL,SF,T,10,10,Home
1986,1986-10-19,BUF,IND,W,24,13,Home
1986,1986-10-19,CIN,TEN,W,31,28,Home
1986,1986-10-19,CLE,GB,L,14,17,Home
1986,1986-10-19,KC,LAC,W,42,41,Home
1986,1986-10-19,LAR,DET,W,14,10,Home
1986,1986-10-19,MIA,LV,L,28,30,Home
1986,1986-10-19,MIN,CHI,W,23,7,Home
1986,1986-10-19,NO,TB,W,38,7,Home
1986,1986-10-19,PHI,DAL,L,14,17,Home
1986,1986-10-19,PIT,NE,L,0,34,Home
1986,1986-10-19,SEA,NYG,W,17,12,Home
1986,1986-10-19,WAS,ARI,W,28,21,Home
1986,1986-10-20,NYJ,DEN,W,22,10,Home
1986,1986-10-26,BUF,NE,L,3,23,Home
1986,1986-10-26,CHI,DET,W,13,7,Home
1986,1986-10-26,DAL,ARI,W,37,6,Home
1986,1986-10-26,DEN,SEA,W,20,13,Home
1986,1986-10-26,GB,SF,L,17,31,Home
1986,1986-10-26,IND,MIA,L,13,17,Home
1986,1986-10-26,KC,TB,W,27,20,Home
1986,1986-10-26,LAR,ATL,W,14,7,Home
1986,1986-10-26,MIN,CLE,L,20,23,Home
1986,1986-10-26,NYJ,NO,W,28,23,Home
1986,1986-10-26,PHI,LAC,W,23,7,Home
1986,1986-10-26,PIT,CIN,W,30,9,Home
1986,1986-10-26,TEN,LV,L,17,28,Home
1986,1986-10-27,NYG,WAS,W,27,20,Home
1986,1986-11-02,ARI,PHI,W,13,10,Home
1986,1986-11-02,DET,CIN,L,17,24,Home
1986,1986-11-02,IND,CLE,L,9,24,Home
1986,1986-11-02,LAC,KC,L,23,24,Home
1986,1986-11-02,LV,DEN,L,10,21,Home
1986,1986-11-02,MIA,TEN,W,28,7,Home
1986,1986-11-02,NE,ATL,W,25,17,Home
1986,1986-11-02,NO,SF,W,23,10,Home
1986,1986-11-02,NYG,DAL,W,17,14,Home
1986,1986-11-02,PIT,GB,W,27,3,Home
1986,1986-11-02,SEA,NYJ,L,7,38,Home
1986,1986-11-02,TB,BUF,W,34,28,Home
1986,1986-11-02,WAS,MIN,W,44,38,Home
1986,1986-11-03,CHI,LAR,L,17,20,Home
1986,1986-11-09,ATL,NYJ,L,14,28,Home
1986,1986-11-09,BUF,PIT,W,16,12,Home
1986,1986-11-09,DAL,LV,L,13,17,Home
1986,1986-11-09,DEN,LAC,L,3,9,Home
1986,1986-11-09,DET,MIN,L,10,24,Home
1986,1986-11-09,GB,WAS,L,7,16,Home
1986,1986-11-09,IND,NE,L,21,30,Home
1986,1986-11-09,KC,SEA,W,27,7,Home
1986,1986-11-09,NO,LAR,W,6,0,Home
1986,1986-11-09,PHI,NYG,L,14,17,Home
1986,1986-11-09,SF,ARI,W,43,17,Home
1986,1986-11-09,TB,CHI,L,3,23,Home
1986,1986-11-09,TEN,CIN,W,32,28,Home
1986,1986-11-10,CLE,MIA,W,26,16,Home
1986,1986-11-16,ARI,NO,L,7,16,Home
1986,1986-11-16,ATL,CHI,L,10,13,Home
1986,1986-11-16,BUF,MIA,L,24,34,Home
1986,1986-11-16,CIN,SEA,W,34,7,Home
1986,1986-11-16,DEN,KC,W,38,17,Home
1986,1986-11-16,GB,TB,W,31,7,Home
1986,1986-11-16,LAC,DAL,L,21,24,Home
1986,1986-11-16,LAR,NE,L,28,30,Home
1986,1986-11-16,LV,CLE,W,27,14,Home
1986,1986-11-16,MIN,NYG,L,20,22,Home
1986,1986-11-16,NYJ,IND,W,31,16,Home
1986,1986-11-16,PHI,DET,L,11,13,Home
1986,1986-11-16,PIT,TEN,W,21,10,Home
1986,1986-11-17,WAS,SF,W,14,6,Home
1986,1986-11-20,LAC,LV,L,31,37,Home
1986,1986-11-23,ARI,KC,W,23,14,Home
1986,1986-11-23,CHI,GB,W,12,10,Home
1986,1986-11-23,CIN,MIN,W,24,20,Home
1986,1986-11-23,CLE,PIT,W,37,31,Home
1986,1986-11-23,LAR,NO,W,26,13,Home
1986,1986-11-23,NE,BUF,W,22,19,Home
1986,1986-11-23,NYG,DEN,W,19,16,Home
1986,1986-11-23,SEA,PHI,W,24,20,Home
1986,1986-11-23,SF,ATL,W,20,0,Home
1986,1986-11-23,TB,DET,L,17,38,Home
1986,1986-11-23,TEN,IND,W,31,17,Home
1986,1986-11-23,WAS,DAL,W,41,14,Home
1986,1986-11-24,MIA,NYJ,W,45,3,Home
1986,1986-11-27,DAL,SEA,L,14,31,Home
1986,1986-11-27,DET,GB,L,40,44,Home
1986,1986-11-30,ARI,WAS,L,17,20,Home
1986,1986-11-30,CHI,PIT,W,13,10,Home
1986,1986-11-30,CLE,TEN,W,13,10,Home
1986,1986-11-30,DEN,CIN,W,34,28,Home
1986,1986-11-30,IND,LAC,L,3,17,Home
1986,1986-11-30,KC,BUF,L,14,17,Home
1986,1986-11-30,LV,PHI,L,27,33,Home
1986,1986-11-30,MIA,ATL,L,14,20,Home
1986,1986-11-30,MIN,TB,W,45,13,Home
1986,1986-11-30,NO,NE,L,20,21,Home
1986,1986-11-30,NYJ,LAR,L,3,17,Home
1986,1986-12-01,SF,NYG,L,17,21,Home
1986,1986-12-07,ATL,IND,L,23,28,Home
1986,1986-12-07,BUF,CLE,L,17,21,Home
1986,1986-12-07,CHI,TB,W,48,14,Home
1986,1986-12-07,GB,MIN,L,6,32,Home
1986,1986-12-07,KC,DEN,W,37,10,Home
1986,1986-12-07,LAC,TEN,W,27,0,Home
1986,1986-12-07,LAR,DAL,W,29,10,Home
1986,1986-12-07,NE,CIN,L,7,31,Home
1986,1986-12-07,NO,MIA,L,27,31,Home
1986,1986-12-07,PHI,ARI,T,10,10,Home
1986,1986-12-07,PIT,DET,W,27,17,Home
1986,1986-12-07,SF,NYJ,W,24,10,Home
1986,1986-12-07,WAS,NYG,L,14,24,Home
1986,1986-12-08,SEA,LV,W,37,0,Home
1986,1986-12-13,DEN,WAS,W,31,30,Home
1986,1986-12-13,NYJ,PIT,L,24,45,Home
1986,1986-12-14,ATL,NO,L,9,14,Home
1986,1986-12-14,CIN,CLE,L,3,34,Home
1986,1986-12-14,DAL,PHI,L,21,23,Home
1986,1986-12-14,IND,BUF,W,24,14,Home
1986,1986-12-14,LAC,SEA,L,24,34,Home
1986,1986-12-14,LAR,MIA,L,31,37,Home
1986,1986-12-14,LV,KC,L,17,20,Home
1986,1986-12-14,NE,SF,L,24,29,Home
1986,1986-12-14,NYG,ARI,W,27,7,Home
1986,1986-12-14,TB,GB,L,7,21,Home
1986,1986-12-14,TEN,MIN,W,23,10,Home
1986,1986-12-15,DET,CHI,L,13,16,Home
1986,1986-12-19,SF,LAR,W,24,14,Home
1986,1986-12-20,NYG,GB,W,55,24,Home
1986,1986-12-20,SEA,DEN,W,41,16,Home
1986,1986-12-21,ARI,TB,W,21,17,Home
1986,1986-12-21,CIN,NYJ,W,52,21,Home
1986,1986-12-21,CLE,LAC,W,47,17,Home
1986,1986-12-21,DAL,CHI,L,10,24,Home
1986,1986-12-21,DET,ATL,L,6,20,Home
1986,1986-12-21,LV,IND,L,24,30,Home
1986,1986-12-21,MIN,NO,W,33,17,Home
1986,1986-12-21,PHI,WAS,L,14,21,Home
1986,1986-12-21,PIT,KC,L,19,24,Home
1986,1986-12-21,TEN,BUF,W,16,7,Home
1986,1986-12-22,MIA,NE,L,27,34,Home
1987,1987-09-13,ARI,DAL,W,24,13,Home
1987,1987-09-13,BUF,NYJ,L,28,31,Home
1987,1987-09-13,DEN,SEA,W,40,17,Home
1987,1987-09-13,GB,LV,L,0,20,Home
1987,1987-09-13,IND,CIN,L,21,23,Home
1987,1987-09-13,KC,LAC,W,20,13,Home
1987,1987-09-13,MIN,DET,W,34,19,Home
1987,1987-09-13,NE,MIA,W,28,21,Home
1987,1987-09-13,NO,CLE,W,28,21,Home
1987,1987-09-13,PIT,SF,W,30,17,Home
1987,1987-09-13,TB,ATL,W,48,10,Home
1987,1987-09-13,TEN,LAR,W,20,16,Home
1987,1987-09-13,WAS,PHI,W,34,24,Home
1987,1987-09-14,CHI,NYG,W,34,19,Home
1987,1987-09-20,ATL,WAS,W,21,20,Home
1987,1987-09-20,BUF,TEN,W,34,30,Home
1987,1987-09-20,CHI,TB,W,20,3,Home
1987,1987-09-20,CIN,SF,L,26,27,Home
1987,1987-09-20,CLE,PIT,W,34,10,Home
1987,1987-09-20,GB,DEN,T,17,17,Home
1987,1987-09-20,IND,MIA,L,10,23,Home
1987,1987-09-20,LAC,ARI,W,28,24,Home
1987,1987-09-20,LAR,MIN,L,16,21,Home
1987,1987-09-20,LV,DET,W,27,7,Home
1987,1987-09-20,NYG,DAL,L,14,16,Home
1987,1987-09-20,PHI,NO,W,27,17,Home
1987,1987-09-20,SEA,KC,W,43,14,Home
1987,1987-09-21,NYJ,NE,W,43,24,Home
1987,1987-10-25,DET,GB,L,33,34,Home
1987,1987-10-25,IND,NE,W,30,16,Home
1987,1987-10-25,LAC,KC,W,42,21,Home
1987,1987-10-25,LV,SEA,L,13,35,Home
1987,1987-10-25,MIA,BUF,L,31,34,Home
1987,1987-10-25,NO,SF,L,22,24,Home
1987,1987-10-25,NYG,ARI,W,30,7,Home
1987,1987-10-25,PHI,DAL,W,37,20,Home
1987,1987-10-25,PIT,CIN,W,23,20,Home
1987,1987-10-25,TB,CHI,L,26,27,Home
1987,1987-10-25,TEN,ATL,W,37,33,Home
1987,1987-10-25,WAS,NYJ,W,17,16,Home
1987,1987-10-26,CLE,LAR,W,30,17,Home
1987,1987-10-26,MIN,DEN,W,34,27,Home
1987,1987-11-01,ARI,PHI,L,23,28,Home
1987,1987-11-01,ATL,NO,L,0,38,Home
1987,1987-11-01,BUF,WAS,L,7,27,Home
1987,1987-11-01,CHI,KC,W,31,28,Home
1987,1987-11-01,CIN,TEN,L,29,31,Home
1987,1987-11-01,DEN,DET,W,34,0,Home
1987,1987-11-01,GB,TB,L,17,23,Home
1987,1987-11-01,LAC,CLE,W,27,24,Home
1987,1987-11-01,LAR,SF,L,10,31,Home
1987,1987-11-01,MIA,PIT,W,35,24,Home
1987,1987-11-01,NE,LV,W,26,23,Home
1987,1987-11-01,NYJ,IND,L,14,19,Home
1987,1987-11-01,SEA,MIN,W,28,17,Home
1987,1987-11-02,DAL,NYG,W,33,24,Home
1987,1987-11-08,ARI,TB,W,31,28,Home
1987,1987-11-08,BUF,DEN,W,21,14,Home
1987,1987-11-08,CIN,MIA,L,14,20,Home
1987,1987-11-08,CLE,ATL,W,38,3,Home
1987,1987-11-08,DET,DAL,W,27,17,Home
1987,1987-11-08,GB,CHI,L,24,26,Home
1987,1987-11-08,IND,LAC,L,13,16,Home
1987,1987-11-08,KC,PIT,L,16,17,Home
1987,1987-11-08,LAR,NO,L,14,31,Home
1987,1987-11-08,MIN,LV,W,31,20,Home
1987,1987-11-08,NYG,NE,W,17,10,Home
1987,1987-11-08,PHI,WAS,W,31,27,Home
1987,1987-11-08,SF,TEN,W,27,20,Home
1987,1987-11-09,NYJ,SEA,W,30,14,Home
1987,1987-11-15,ARI,LAR,L,24,27,Home
1987,1987-11-15,ATL,CIN,L,10,16,Home
1987,1987-11-15,CLE,BUF,W,27,21,Home
1987,1987-11-15,KC,NYJ,L,9,16,Home
1987,1987-11-15,LAC,LV,W,16,14,Home
1987,1987-11-15,MIA,IND,L,21,40,Home
1987,1987-11-15,MIN,TB,W,23,17,Home
1987,1987-11-15,NE,DAL,L,17,23,Home
1987,1987-11-15,PHI,NYG,L,17,20,Home
1987,1987-11-15,PIT,TEN,L,3,23,Home
1987,1987-11-15,SEA,GB,W,24,13,Home
1987,1987-11-15,SF,NO,L,24,26,Home
1987,1987-11-15,WAS,DET,W,20,13,Home
1987,1987-11-16,DEN,CHI,W,31,29,Home
1987,1987-11-22,CHI,DET,W,30,10,Home
1987,1987-11-22,CIN,PIT,L,16,30,Home
1987,1987-11-22,DAL,MIA,L,14,20,Home
1987,1987-11-22,KC,GB,L,3,23,Home
1987,1987-11-22,LV,DEN,L,17,23,Home
1987,1987-11-22,MIN,ATL,W,24,13,Home
1987,1987-11-22,NE,IND,W,24,0,Home
1987,1987-11-22,NO,NYG,W,23,14,Home
1987,1987-11-22,NYJ,BUF,L,14,17,Home
1987,1987-11-22,PHI,ARI,L,19,31,Home
1987,1987-11-22,SEA,LAC,W,34,3,Home
1987,1987-11-22,TB,SF,L,10,24,Home
1987,1987-11-22,TEN,CLE,L,7,40,Home
1987,1987-11-23,WAS,LAR,L,26,30,Home
1987,1987-11-26,DAL,MIN,L,38,44,Home
1987,1987-11-26,DET,KC,L,20,27,Home
1987,1987-11-29,ATL,ARI,L,21,34,Home
1987,1987-11-29,BUF,MIA,W,27,0,Home
1987,1987-11-29,CHI,GB,W,23,10,Home
1987,1987-11-29,IND,TEN,W,51,27,Home
1987,1987-11-29,LAC,DEN,L,17,31,Home
1987,1987-11-29,LAR,TB,W,35,3,Home
1987,1987-11-29,NE,PHI,L,31,34,Home
1987,1987-11-29,NYJ,CIN,W,27,20,Home
1987,1987-11-29,PIT,NO,L,16,20,Home
1987,1987-11-29,SF,CLE,W,38,24,Home
1987,1987-11-29,WAS,NYG,W,23,19,Home
1987,1987-11-30,SEA,LV,L,14,37,Home
1987,1987-12-06,ARI,WAS,L,17,34,Home
1987,1987-12-06,CIN,KC,W,30,27,Home
1987,1987-12-06,CLE,IND,L,7,9,Home
1987,1987-12-06,DAL,ATL,L,10,21,Home
1987,1987-12-06,DEN,NE,W,31,20,Home
1987,1987-12-06,DET,LAR,L,16,37,Home
1987,1987-12-06,GB,SF,L,12,23,Home
1987,1987-12-06,LV,BUF,W,34,21,Home
1987,1987-12-06,MIN,CHI,L,24,30,Home
1987,1987-12-06,NO,TB,W,44,34,Home
1987,1987-12-06,NYG,PHI,W,23,20,Home
1987,1987-12-06,PIT,SEA,W,13,9,Home
1987,1987-12-06,TEN,LAC,W,33,18,Home
1987,1987-12-07,MIA,NYJ,W,37,28,Home
1987,1987-12-13,ARI,NYG,W,27,24,Home
1987,1987-12-13,CLE,CIN,W,38,24,Home
1987,1987-12-13,GB,MIN,W,16,10,Home
1987,1987-12-13,IND,BUF,L,3,27,Home
1987,1987-12-13,KC,LV,W,16,10,Home
1987,1987-12-13,LAC,PIT,L,16,20,Home
1987,1987-12-13,LAR,ATL,W,33,0,Home
1987,1987-12-13,NE,NYJ,W,42,20,Home
1987,1987-12-13,NO,TEN,W,24,10,Home
1987,1987-12-13,PHI,MIA,L,10,28,Home
1987,1987-12-13,SEA,DEN,W,28,21,Home
1987,1987-12-13,TB,DET,L,10,20,Home
1987,1987-12-13,WAS,DAL,W,24,20,Home
1987,1987-12-14,SF,CHI,W,41,0,Home
1987,1987-12-19,DEN,KC,W,20,17,Home
1987,1987-12-19,NYG,GB,W,20,10,Home
1987,1987-12-20,BUF,NE,L,7,13,Home
1987,1987-12-20,CHI,SEA,L,21,34,Home
1987,1987-12-20,CIN,NO,L,24,41,Home
1987,1987-12-20,DET,MIN,L,14,17,Home
1987,1987-12-20,LAC,IND,L,7,20,Home
1987,1987-12-20,LV,CLE,L,17,24,Home
1987,1987-12-20,MIA,WAS,W,23,21,Home
1987,1987-12-20,NYJ,PHI,L,27,38,Home
1987,1987-12-20,SF,ATL,W,35,7,Home
1987,1987-12-20,TB,ARI,L,14,31,Home
1987,1987-12-20,TEN,PIT,W,24,16,Home
1987,1987-12-21,LAR,DAL,L,21,29,Home
1987,1987-12-26,MIN,WAS,L,24,27,Home
1987,1987-12-26,PIT,CLE,L,13,19,Home
1987,1987-12-27,ATL,DET,L,13,30,Home
1987,1987-12-27,DAL,ARI,W,21,16,Home
1987,1987-12-27,DEN,LAC,W,24,0,Home
1987,1987-12-27,IND,TB,W,24,6,Home
1987,1987-12-27,KC,SEA,W,41,20,Home
1987,1987-12-27,LV,CHI,L,3,6,Home
1987,1987-12-27,NO,GB,W,33,24,Home
1987,1987-12-27,NYG,NYJ,W,20,7,Home
1987,1987-12-27,PHI,BUF,W,17,7,Home
1987,1987-12-27,SF,LAR,W,48,0,Home
1987,1987-12-27,TEN,CIN,W,21,17,Home
1987,1987-12-28,MIA,NE,L,10,24,Home
1988,1988-09-04,BUF,MIN,W,13,10,Home
1988,1988-09-04,CHI,MIA,W,34,7,Home
1988,1988-09-04,CIN,ARI,W,21,14,Home
1988,1988-09-04,DEN,SEA,L,14,21,Home
1988,1988-09-04,DET,ATL,W,31,17,Home
1988,1988-09-04,GB,LAR,L,7,34,Home
1988,1988-09-04,IND,TEN,L,14,17,Home
1988,1988-09-04,KC,CLE,L,3,6,Home
1988,1988-09-04,LV,LAC,W,24,13,Home
1988,1988-09-04,NE,NYJ,W,28,3,Home
1988,1988-09-04,NO,SF,L,33,34,Home
1988,1988-09-04,PIT,DAL,W,24,21,Home
1988,1988-09-04,TB,PHI,L,14,41,Home
1988,1988-09-05,NYG,WAS,W,27,20,Home
1988,1988-09-11,ATL,NO,L,21,29,Home
1988,1988-09-11,BUF,MIA,W,9,6,Home
1988,1988-09-11,CLE,NYJ,L,3,23,Home
1988,1988-09-11,DEN,LAC,W,34,3,Home
1988,1988-09-11,GB,TB,L,10,13,Home
1988,1988-09-11,IND,CHI,L,13,17,Home
1988,1988-09-11,LAR,DET,W,17,10,Home
1988,1988-09-11,MIN,NE,W,36,6,Home
1988,1988-09-11,NYG,SF,L,17,20,Home
1988,1988-09-11,PHI,CIN,L,24,28,Home
1988,1988-09-11,SEA,KC,W,31,10,Home
1988,1988-09-11,TEN,LV,W,38,35,Home
1988,1988-09-11,WAS,PIT,W,30,29,Home
1988,1988-09-12,ARI,DAL,L,14,17,Home
1988,1988-09-18,CHI,MIN,L,7,31,Home
1988,1988-09-18,DAL,NYG,L,10,12,Home
1988,1988-09-18,DET,NO,L,14,22,Home
1988,1988-09-18,KC,DEN,W,20,13,Home
1988,1988-09-18,LAC,SEA,W,17,6,Home
1988,1988-09-18,LV,LAR,L,17,22,Home
1988,1988-09-18,MIA,GB,W,24,17,Home
1988,1988-09-18,NE,BUF,L,14,16,Home
1988,1988-09-18,NYJ,TEN,W,45,3,Home
1988,1988-09-18,PIT,CIN,L,12,17,Home
1988,1988-09-18,SF,ATL,L,17,34,Home
1988,1988-09-18,TB,ARI,L,24,30,Home
1988,1988-09-18,WAS,PHI,W,17,10,Home
1988,1988-09-19,CLE,IND,W,23,17,Home
1988,1988-09-25,ARI,WAS,W,30,21,Home
1988,1988-09-25,BUF,PIT,W,36,28,Home
1988,1988-09-25,CIN,CLE,W,24,17,Home
1988,1988-09-25,DAL,ATL,W,26,20,Home
1988,1988-09-25,DET,NYJ,L,10,17,Home
1988,1988-09-25,GB,CHI,L,6,24,Home
1988,1988-09-25,IND,MIA,W,15,13,Home
1988,1988-09-25,KC,LAC,L,23,24,Home
1988,1988-09-25,MIN,PHI,W,23,21,Home
1988,1988-09-25,NO,TB,W,13,9,Home
1988,1988-09-25,NYG,LAR,L,31,45,Home
1988,1988-09-25,SEA,SF,L,7,38,Home
1988,1988-09-25,TEN,NE,W,31,6,Home
1988,1988-09-26,DEN,LV,L,27,30,Home
1988,1988-10-02,ATL,SEA,L,20,31,Home
1988,1988-10-02,CHI,BUF,W,24,3,Home
1988,1988-10-02,LAC,DEN,L,0,12,Home
1988,1988-10-02,LAR,ARI,L,27,41,Home
1988,1988-10-02,LV,CIN,L,21,45,Home
1988,1988-10-02,MIA,MIN,W,24,7,Home
1988,1988-10-02,NE,IND,W,21,17,Home
1988,1988-10-02,NYJ,KC,T,17,17,Home
1988,1988-10-02,PHI,TEN,W,32,23,Home
1988,1988-10-02,PIT,CLE,L,9,23,Home
1988,1988-10-02,SF,DET,W,20,13,Home
1988,1988-10-02,TB,GB,W,27,24,Home
1988,1988-10-02,WAS,NYG,L,23,24,Home
1988,1988-10-03,NO,DAL,W,20,17,Home
1988,1988-10-09,ARI,PIT,W,31,14,Home
1988,1988-10-09,ATL,LAR,L,0,33,Home
1988,1988-10-09,BUF,IND,W,34,23,Home
1988,1988-10-09,CIN,NYJ,W,36,19,Home
1988,1988-10-09,CLE,SEA,L,10,16,Home
1988,1988-10-09,DAL,WAS,L,17,35,Home
1988,1988-10-09,DET,CHI,L,7,24,Home
1988,1988-10-09,GB,NE,W,45,3,Home
1988,1988-10-09,LAC,NO,L,17,23,Home
1988,1988-10-09,LV,MIA,L,14,24,Home
1988,1988-10-09,MIN,TB,W,14,13,Home
1988,1988-10-09,SF,DEN,L,13,16,Home
1988,1988-10-09,TEN,KC,W,7,6,Home
1988,1988-10-10,PHI,NYG,W,24,13,Home
1988,1988-10-16,CHI,DAL,W,17,7,Home
1988,1988-10-16,CLE,PHI,W,19,3,Home
1988,1988-10-16,DEN,ATL,W,30,14,Home
1988,1988-10-16,IND,TB,W,35,31,Home
1988,1988-10-16,KC,LV,L,17,27,Home
1988,1988-10-16,LAR,SF,L,21,24,Home
1988,1988-10-16,MIA,LAC,W,31,28,Home
1988,1988-10-16,MIN,GB,L,14,34,Home
1988,1988-10-16,NE,CIN,W,27,21,Home
1988,1988-10-16,NYG,DET,W,30,10,Home
1988,1988-10-16,PIT,TEN,L,14,34,Home
1988,1988-10-16,SEA,NO,L,19,20,Home
1988,1988-10-16,WAS,ARI,W,33,17,Home
1988,1988-10-17,NYJ,BUF,L,14,37,Home
1988,1988-10-23,ARI,CLE,L,21,29,Home
1988,1988-10-23,ATL,NYG,L,16,23,Home
1988,1988-10-23,BUF,NE,W,23,20,Home
1988,1988-10-23,CIN,TEN,W,44,21,Home
1988,1988-10-23,GB,WAS,L,17,20,Home
1988,1988-10-23,KC,DET,L,6,7,Home
1988,1988-10-23,LAC,IND,L,0,16,Home
1988,1988-10-23,LAR,SEA,W,31,10,Home
1988,1988-10-23,MIA,NYJ,L,30,44,Home
1988,1988-10-23,NO,LV,W,20,6,Home
1988,1988-10-23,PHI,DAL,W,24,23,Home
1988,1988-10-23,PIT,DEN,W,39,21,Home
1988,1988-10-23,TB,MIN,L,20,49,Home
1988,1988-10-24,CHI,SF,W,10,9,Home
1988,1988-10-30,BUF,GB,W,28,0,Home
1988,1988-10-30,CLE,CIN,W,23,16,Home
1988,1988-10-30,DAL,ARI,L,10,16,Home
1988,1988-10-30,DET,NYG,L,10,13,Home
1988,1988-10-30,LV,KC,W,17,10,Home
1988,1988-10-30,NE,CHI,W,30,7,Home
1988,1988-10-30,NO,LAR,L,10,12,Home
1988,1988-10-30,NYJ,PIT,W,24,20,Home
1988,1988-10-30,PHI,ATL,L,24,27,Home
1988,1988-10-30,SEA,LAC,W,17,14,Home
1988,1988-10-30,SF,MIN,W,24,21,Home
1988,1988-10-30,TB,MIA,L,14,17,Home
1988,1988-10-30,TEN,WAS,W,41,17,Home
1988,1988-10-31,IND,DEN,W,55,23,Home
1988,1988-11-06,ARI,SF,W,24,23,Home
1988,1988-11-06,ATL,GB,W,20,0,Home
1988,1988-11-06,CHI,TB,W,28,10,Home
1988,1988-11-06,CIN,PIT,W,42,7,Home
1988,1988-11-06,DEN,KC,W,17,11,Home
1988,1988-11-06,IND,NYJ,W,38,14,Home
1988,1988-11-06,LAC,LV,L,3,13,Home
1988,1988-11-06,MIN,DET,W,44,17,Home
1988,1988-11-06,NE,MIA,W,21,10,Home
1988,1988-11-06,NYG,DAL,W,29,21,Home
1988,1988-11-06,PHI,LAR,W,30,24,Home
1988,1988-11-06,SEA,BUF,L,3,13,Home
1988,1988-11-06,WAS,NO,W,27,24,Home
1988,1988-11-07,TEN,CLE,W,24,17,Home
1988,1988-11-13,ARI,NYG,W,24,17,Home
1988,1988-11-13,ATL,LAC,L,7,10,Home
1988,1988-11-13,DAL,MIN,L,3,43,Home
1988,1988-11-13,DEN,CLE,W,30,7,Home
1988,1988-11-13,DET,TB,L,20,23,Home
1988,1988-11-13,GB,IND,L,13,20,Home
1988,1988-11-13,KC,CIN,W,31,28,Home
1988,1988-11-13,LAR,NO,L,10,14,Home
1988,1988-11-13,NYJ,NE,L,13,14,Home
1988,1988-11-13,PIT,PHI,L,26,27,Home
1988,1988-11-13,SEA,TEN,W,27,24,Home
1988,1988-11-13,SF,LV,L,3,9,Home
1988,1988-11-13,WAS,CHI,L,14,34,Home
1988,1988-11-14,MIA,BUF,L,6,31,Home
1988,1988-11-20,BUF,NYJ,W,9,6,Home
1988,1988-11-20,CLE,PIT,W,27,7,Home
1988,1988-11-20,DAL,CIN,L,24,38,Home
1988,1988-11-20,GB,DET,L,9,19,Home
1988,1988-11-20,KC,SEA,W,27,24,Home
1988,1988-11-20,LAR,LAC,L,24,38,Home
1988,1988-11-20,LV,ATL,L,6,12,Home
1988,1988-11-20,MIA,NE,L,3,6,Home
1988,1988-11-20,MIN,IND,W,12,3,Home
1988,1988-11-20,NO,DEN,W,42,0,Home
1988,1988-11-20,NYG,PHI,L,17,23,Home
1988,1988-11-20,TB,CHI,L,15,27,Home
1988,1988-11-20,TEN,ARI,W,38,20,Home
1988,1988-11-21,SF,WAS,W,37,21,Home
1988,1988-11-24,DAL,TEN,L,17,25,Home
1988,1988-11-24,DET,MIN,L,0,23,Home
1988,1988-11-27,ATL,TB,W,17,10,Home
1988,1988-11-27,CHI,GB,W,16,0,Home
1988,1988-11-27,CIN,BUF,W,35,21,Home
1988,1988-11-27,DEN,LAR,W,35,24,Home
1988,1988-11-27,IND,NE,W,24,21,Home
1988,1988-11-27,LAC,SF,L,10,48,Home
1988,1988-11-27,NO,NYG,L,12,13,Home
1988,1988-11-27,NYJ,MIA,W,38,34,Home
1988,1988-11-27,PHI,ARI,W,31,21,Home
1988,1988-11-27,PIT,KC,W,16,10,Home
1988,1988-11-27,WAS,CLE,L,13,17,Home
1988,1988-11-28,SEA,LV,W,35,27,Home
1988,1988-12-04,ATL,SF,L,3,13,Home
1988,1988-12-04,CIN,LAC,W,27,10,Home
1988,1988-12-04,CLE,DAL,W,24,21,Home
1988,1988-12-04,DET,GB,W,30,14,Home
1988,1988-12-04,KC,NYJ,W,38,34,Home
1988,1988-12-04,LV,DEN,W,21,20,Home
1988,1988-12-04,MIA,IND,L,28,31,Home
1988,1988-12-04,MIN,NO,W,45,3,Home
1988,1988-12-04,NE,SEA,W,13,7,Home
1988,1988-12-04,NYG,ARI,W,44,7,Home
1988,1988-12-04,PHI,WAS,L,19,20,Home
1988,1988-12-04,TB,BUF,W,10,5,Home
1988,1988-12-04,TEN,PIT,L,34,37,Home
1988,1988-12-05,LAR,CHI,W,23,3,Home
1988,1988-12-10,ARI,PHI,L,17,23,Home
1988,1988-12-10,NYJ,IND,W,34,16,Home
1988,1988-12-11,BUF,LV,W,37,21,Home
1988,1988-12-11,CHI,DET,W,13,12,Home
1988,1988-12-11,GB,MIN,W,18,6,Home
1988,1988-12-11,LAC,PIT,W,20,14,Home
1988,1988-12-11,LAR,ATL,W,22,7,Home
1988,1988-12-11,NE,TB,W,10,7,Home
1988,1988-12-11,NYG,KC,W,28,12,Home
1988,1988-12-11,SEA,DEN,W,42,14,Home
1988,1988-12-11,SF,NO,W,30,17,Home
1988,1988-12-11,TEN,CIN,W,41,6,Home
1988,1988-12-11,WAS,DAL,L,17,24,Home
1988,1988-12-12,MIA,CLE,W,38,31,Home
1988,1988-12-17,CIN,WAS,W,20,17,Home
1988,1988-12-17,DEN,NE,W,21,10,Home
1988,1988-12-18,ARI,GB,L,17,26,Home
1988,1988-12-18,CLE,TEN,W,28,23,Home
1988,1988-12-18,DAL,PHI,L,7,23,Home
1988,1988-12-18,IND,BUF,W,17,14,Home
1988,1988-12-18,LAC,KC,W,24,13,Home
1988,1988-12-18,LV,SEA,L,37,43,Home
1988,1988-12-18,NO,ATL,W,10,9,Home
1988,1988-12-18,NYJ,NYG,W,27,21,Home
1988,1988-12-18,PIT,MIA,W,40,24,Home
1988,1988-12-18,SF,LAR,L,16,38,Home
1988,1988-12-18,TB,DET,W,21,10,Home
1988,1988-12-19,MIN,CHI,W,28,27,Home
1989,1989-09-10,ATL,LAR,L,21,31,Home
1989,1989-09-10,CHI,CIN,W,17,14,Home
1989,1989-09-10,DEN,KC,W,34,20,Home
1989,1989-09-10,DET,ARI,L,13,16,Home
1989,1989-09-10,GB,TB,L,21,23,Home
1989,1989-09-10,IND,SF,L,24,30,Home
1989,1989-09-10,LV,LAC,W,40,14,Home
1989,1989-09-10,MIA,BUF,L,24,27,Home
1989,1989-09-10,MIN,TEN,W,38,7,Home
1989,1989-09-10,NO,DAL,W,28,0,Home
1989,1989-09-10,NYJ,NE,L,24,27,Home
1989,1989-09-10,PHI,SEA,W,31,7,Home
1989,1989-09-10,PIT,CLE,L,0,51,Home
1989,1989-09-11,WAS,NYG,L,24,27,Home
1989,1989-09-17,ATL,DAL,W,27,21,Home
1989,1989-09-17,CHI,MIN,W,38,7,Home
1989,1989-09-17,CIN,PIT,W,41,10,Home
1989,1989-09-17,CLE,NYJ,W,38,24,Home
1989,1989-09-17,GB,NO,W,35,34,Home
1989,1989-09-17,KC,LV,W,24,19,Home
1989,1989-09-17,LAC,TEN,L,27,34,Home
1989,1989-09-17,LAR,IND,W,31,17,Home
1989,1989-09-17,NE,MIA,L,10,24,Home
1989,1989-09-17,NYG,DET,W,24,14,Home
1989,1989-09-17,SEA,ARI,L,24,34,Home
1989,1989-09-17,TB,SF,L,16,20,Home
1989,1989-09-17,WAS,PHI,L,37,42,Home
1989,1989-09-18,BUF,DEN,L,14,28,Home
1989,1989-09-24,DAL,WAS,L,7,30,Home
1989,1989-09-24,DEN,LV,W,31,21,Home
1989,1989-09-24,DET,CHI,L,27,47,Home
1989,1989-09-24,IND,ATL,W,13,9,Home
1989,1989-09-24,LAC,KC,W,21,6,Home
1989,1989-09-24,LAR,GB,W,41,38,Home
1989,1989-09-24,MIA,NYJ,L,33,40,Home
1989,1989-09-24,NE,SEA,L,3,24,Home
1989,1989-09-24,NYG,ARI,W,35,7,Home
1989,1989-09-24,PHI,SF,L,28,38,Home
1989,1989-09-24,PIT,MIN,W,27,14,Home
1989,1989-09-24,TB,NO,W,20,10,Home
1989,1989-09-24,TEN,BUF,L,41,47,Home
1989,1989-09-25,CIN,CLE,W,21,14,Home
1989,1989-10-01,ARI,LAC,L,13,24,Home
1989,1989-10-01,BUF,NE,W,31,10,Home
1989,1989-10-01,CLE,DEN,W,16,13,Home
1989,1989-10-01,DAL,NYG,L,13,30,Home
1989,1989-10-01,DET,PIT,L,3,23,Home
1989,1989-10-01,GB,ATL,W,23,21,Home
1989,1989-10-01,KC,CIN,L,17,21,Home
1989,1989-10-01,LV,SEA,L,20,24,Home
1989,1989-10-01,MIN,TB,W,17,3,Home
1989,1989-10-01,NO,WAS,L,14,16,Home
1989,1989-10-01,NYJ,IND,L,10,17,Home
1989,1989-10-01,SF,LAR,L,12,13,Home
1989,1989-10-01,TEN,MIA,W,39,7,Home
1989,1989-10-02,CHI,PHI,W,27,13,Home
1989,1989-10-08,DEN,LAC,W,16,10,Home
1989,1989-10-08,GB,DAL,W,31,13,Home
1989,1989-10-08,IND,BUF,W,37,14,Home
1989,1989-10-08,LAR,ATL,W,26,14,Home
1989,1989-10-08,MIA,CLE,W,13,10,Home
1989,1989-10-08,MIN,DET,W,24,17,Home
1989,1989-10-08,NE,TEN,W,23,13,Home
1989,1989-10-08,NO,SF,L,20,24,Home
1989,1989-10-08,PHI,NYG,W,21,19,Home
1989,1989-10-08,PIT,CIN,L,16,26,Home
1989,1989-10-08,SEA,KC,L,16,20,Home
1989,1989-10-08,TB,CHI,W,42,35,Home
1989,1989-10-08,WAS,ARI,W,30,28,Home
1989,1989-10-09,NYJ,LV,L,7,14,Home
1989,1989-10-15,ARI,PHI,L,5,17,Home
1989,1989-10-15,ATL,NE,W,16,15,Home
1989,1989-10-15,CHI,TEN,L,28,33,Home
1989,1989-10-15,CIN,MIA,L,13,20,Home
1989,1989-10-15,CLE,PIT,L,7,17,Home
1989,1989-10-15,DAL,SF,L,14,31,Home
1989,1989-10-15,DEN,IND,W,14,3,Home
1989,1989-10-15,LAC,SEA,L,16,17,Home
1989,1989-10-15,LV,KC,W,20,14,Home
1989,1989-10-15,MIN,GB,W,26,14,Home
1989,1989-10-15,NO,NYJ,W,29,14,Home
1989,1989-10-15,NYG,WAS,W,20,17,Home
1989,1989-10-15,TB,DET,L,16,17,Home
1989,1989-10-16,BUF,LAR,W,23,20,Home
1989,1989-10-22,ARI,ATL,W,34,20,Home
1989,1989-10-22,BUF,NYJ,W,34,3,Home
1989,1989-10-22,CIN,IND,L,12,23,Home
1989,1989-10-22,DET,MIN,L,7,20,Home
1989,1989-10-22,KC,DAL,W,36,28,Home
1989,1989-10-22,LAC,NYG,L,13,20,Home
1989,1989-10-22,LAR,NO,L,21,40,Home
1989,1989-10-22,MIA,GB,W,23,20,Home
1989,1989-10-22,PHI,LV,W,10,7,Home
1989,1989-10-22,SEA,DEN,L,21,24,Home
1989,1989-10-22,SF,NE,W,37,20,Home
1989,1989-10-22,TEN,PIT,W,27,0,Home
1989,1989-10-22,WAS,TB,W,32,28,Home
1989,1989-10-23,CLE,CHI,W,27,7,Home
1989,1989-10-29,BUF,MIA,W,31,17,Home
1989,1989-10-29,CHI,LAR,W,20,10,Home
1989,1989-10-29,CIN,TB,W,56,23,Home
1989,1989-10-29,CLE,TEN,W,28,17,Home
1989,1989-10-29,DAL,ARI,L,10,19,Home
1989,1989-10-29,DEN,PHI,L,24,28,Home
1989,1989-10-29,GB,DET,W,23,20,Home
1989,1989-10-29,IND,NE,L,20,23,Home
1989,1989-10-29,LV,WAS,W,37,24,Home
1989,1989-10-29,NO,ATL,W,20,13,Home
1989,1989-10-29,NYJ,SF,L,10,23,Home
1989,1989-10-29,PIT,KC,W,23,17,Home
1989,1989-10-29,SEA,LAC,W,10,7,Home
1989,1989-10-30,NYG,MIN,W,24,14,Home
1989,1989-11-05,ARI,NYG,L,13,20,Home
1989,1989-11-05,ATL,BUF,W,30,28,Home
1989,1989-11-05,DEN,PIT,W,34,7,Home
1989,1989-11-05,GB,CHI,W,14,13,Home
1989,1989-11-05,KC,SEA,W,20,10,Home
1989,1989-11-05,LAC,PHI,W,20,17,Home
1989,1989-11-05,LV,CIN,W,28,7,Home
1989,1989-11-05,MIA,IND,W,19,13,Home
1989,1989-11-05,MIN,LAR,W,23,21,Home
1989,1989-11-05,NE,NYJ,L,26,27,Home
1989,1989-11-05,TB,CLE,L,31,42,Home
1989,1989-11-05,TEN,DET,W,35,31,Home
1989,1989-11-05,WAS,DAL,L,3,13,Home
1989,1989-11-06,SF,NO,W,31,13,Home
1989,1989-11-12,ARI,DAL,W,24,20,Home
1989,1989-11-12,BUF,IND,W,30,7,Home
1989,1989-11-12,DET,GB,W,31,22,Home
1989,1989-11-12,KC,DEN,L,13,16,Home
1989,1989-11-12,LAC,LV,W,14,12,Home
1989,1989-11-12,LAR,NYG,W,31,10,Home
1989,1989-11-12,NE,NO,L,24,28,Home
1989,1989-11-12,NYJ,MIA,L,23,31,Home
1989,1989-11-12,PHI,WAS,L,3,10,Home
1989,1989-11-12,PIT,CHI,L,0,20,Home
1989,1989-11-12,SEA,CLE,L,7,17,Home
1989,1989-11-12,SF,ATL,W,45,3,Home
1989,1989-11-12,TB,MIN,L,10,24,Home
1989,1989-11-13,TEN,CIN,W,26,24,Home
1989,1989-11-19,ATL,NO,L,17,26,Home
1989,1989-11-19,CHI,TB,L,31,32,Home
1989,1989-11-19,CIN,DET,W,42,7,Home
1989,1989-11-19,CLE,KC,T,10,10,Home
1989,1989-11-19,DAL,MIA,L,14,17,Home
1989,1989-11-19,IND,NYJ,W,27,10,Home
1989,1989-11-19,LAR,ARI,W,37,14,Home
1989,1989-11-19,NE,BUF,W,33,24,Home
1989,1989-11-19,NYG,SEA,W,15,3,Home
1989,1989-11-19,PHI,MIN,W,10,9,Home
1989,1989-11-19,PIT,LAC,W,20,17,Home
1989,1989-11-19,SF,GB,L,17,21,Home
1989,1989-11-19,TEN,LV,W,23,7,Home
1989,1989-11-20,WAS,DEN,L,10,14,Home
1989,1989-11-23,DAL,PHI,L,0,27,Home
1989,1989-11-23,DET,CLE,W,13,10,Home
1989,1989-11-26,ARI,TB,L,13,14,Home
1989,1989-11-26,BUF,CIN,W,24,7,Home
1989,1989-11-26,DEN,SEA,W,41,14,Home
1989,1989-11-26,GB,MIN,W,20,19,Home
1989,1989-11-26,IND,LAC,W,10,6,Home
1989,1989-11-26,KC,TEN,W,34,0,Home
1989,1989-11-26,LV,NE,W,24,21,Home
1989,1989-11-26,MIA,PIT,L,14,34,Home
1989,1989-11-26,NO,LAR,L,17,20,Home
1989,1989-11-26,NYJ,ATL,W,27,7,Home
1989,1989-11-26,WAS,CHI,W,38,14,Home
1989,1989-11-27,SF,NYG,W,34,24,Home
1989,1989-12-03,ARI,WAS,L,10,29,Home
1989,1989-12-03,ATL,SF,L,10,23,Home
1989,1989-12-03,CLE,CIN,L,0,21,Home
1989,1989-12-03,DAL,LAR,L,31,35,Home
1989,1989-12-03,DET,NO,W,21,14,Home
1989,1989-12-03,KC,MIA,W,26,21,Home
1989,1989-12-03,LAC,NYJ,L,17,20,Home
1989,1989-12-03,LV,DEN,W,16,13,Home
1989,1989-12-03,MIN,CHI,W,27,16,Home
1989,1989-12-03,NE,IND,W,22,16,Home
1989,1989-12-03,NYG,PHI,L,17,24,Home
1989,1989-12-03,PIT,TEN,L,16,23,Home
1989,1989-12-03,TB,GB,L,16,17,Home
1989,1989-12-04,SEA,BUF,W,17,16,Home
1989,1989-12-10,BUF,NO,L,19,22,Home
1989,1989-12-10,CHI,DET,L,17,27,Home
1989,1989-12-10,CIN,SEA,L,17,24,Home
1989,1989-12-10,DEN,NYG,L,7,14,Home
1989,1989-12-10,GB,KC,L,3,21,Home
1989,1989-12-10,IND,CLE,W,23,17,Home
1989,1989-12-10,LV,ARI,W,16,14,Home
1989,1989-12-10,MIA,NE,W,31,10,Home
1989,1989-12-10,MIN,ATL,W,43,17,Home
1989,1989-12-10,NYJ,PIT,L,0,13,Home
1989,1989-12-10,PHI,DAL,W,20,10,Home
1989,1989-12-10,TEN,TB,W,20,17,Home
1989,1989-12-10,WAS,LAC,W,26,21,Home
1989,1989-12-11,LAR,SF,L,27,30,Home
1989,1989-12-16,ARI,DEN,L,0,37,Home
1989,1989-12-16,NYG,DAL,W,15,0,Home
1989,1989-12-17,ATL,WAS,L,30,31,Home
1989,1989-12-17,CHI,GB,L,28,40,Home
1989,1989-12-17,CIN,TEN,W,61,7,Home
1989,1989-12-17,CLE,MIN,W,23,17,Home
1989,1989-12-17,DET,TB,W,33,7,Home
1989,1989-12-17,IND,MIA,W,42,13,Home
1989,1989-12-17,KC,LAC,L,13,20,Home
1989,1989-12-17,LAR,NYJ,W,38,14,Home
1989,1989-12-17,PIT,NE,W,28,10,Home
1989,1989-12-17,SEA,LV,W,23,17,Home
1989,1989-12-17,SF,BUF,W,21,10,Home
1989,1989-12-18,NO,PHI,W,30,20,Home
1989,1989-12-23,NYJ,BUF,L,0,37,Home
1989,1989-12-23,SEA,WAS,L,0,29,Home
1989,1989-12-23,TEN,CLE,L,20,24,Home
1989,1989-12-24,ATL,DET,L,24,31,Home
1989,1989-12-24,DAL,GB,L,10,20,Home
1989,1989-12-24,LAC,DEN,W,19,16,Home
1989,1989-12-24,MIA,KC,L,24,27,Home
1989,1989-12-24,NE,LAR,L,20,24,Home
1989,1989-12-24,NO,IND,W,41,6,Home
1989,1989-12-24,NYG,LV,W,34,17,Home
1989,1989-12-24,PHI,ARI,W,31,14,Home
1989,1989-12-24,SF,CHI,W,26,0,Home
1989,1989-12-24,TB,PIT,L,22,31,Home
1989,1989-12-25,MIN,CIN,W,29,21,Home
1990,1990-09-09,ATL,TEN,W,47,27,Home
1990,1990-09-09,BUF,IND,W,26,10,Home
1990,1990-09-09,CHI,SEA,W,17,0,Home
1990,1990-09-09,CIN,NYJ,W,25,20,Home
1990,1990-09-09,CLE,PIT,W,13,3,Home
1990,1990-09-09,DAL,LAC,W,17,14,Home
1990,1990-09-09,DET,TB,L,21,38,Home
1990,1990-09-09,GB,LAR,W,36,24,Home
1990,1990-09-09,KC,MIN,W,24,21,Home
1990,1990-09-09,LV,DEN,W,14,9,Home
1990,1990-09-09,NE,MIA,L,24,27,Home
1990,1990-09-09,NYG,PHI,W,27,20,Home
1990,1990-09-09,WAS,ARI,W,31,0,Home
1990,1990-09-10,NO,SF,L,12,13,Home
1990,1990-09-16,DAL,NYG,L,7,28,Home
1990,1990-09-16,DET,ATL,W,21,14,Home
1990,1990-09-16,GB,CHI,L,13,31,Home
1990,1990-09-16,IND,NE,L,14,16,Home
1990,1990-09-16,LAC,CIN,L,16,21,Home
1990,1990-09-16,MIA,BUF,W,30,7,Home
1990,1990-09-16,MIN,NO,W,32,3,Home
1990,1990-09-16,NYJ,CLE,W,24,21,Home
1990,1990-09-16,PHI,ARI,L,21,23,Home
1990,1990-09-16,PIT,TEN,W,20,9,Home
1990,1990-09-16,SEA,LV,L,13,17,Home
1990,1990-09-16,SF,WAS,W,26,13,Home
1990,1990-09-16,TB,LAR,L,14,35,Home
1990,1990-09-17,DEN,KC,W,24,23,Home
1990,1990-09-23,CHI,MIN,W,19,16,Home
1990,1990-09-23,CIN,NE,W,41,7,Home
1990,1990-09-23,CLE,LAC,L,14,24,Home
1990,1990-09-23,DEN,SEA,W,34,31,Home
1990,1990-09-23,GB,KC,L,3,17,Home
1990,1990-09-23,LAR,PHI,L,21,27,Home
1990,1990-09-23,LV,PIT,W,20,3,Home
1990,1990-09-23,NO,ARI,W,28,7,Home
1990,1990-09-23,NYG,MIA,W,20,3,Home
1990,1990-09-23,SF,ATL,W,19,13,Home
1990,1990-09-23,TB,DET,W,23,20,Home
1990,1990-09-23,TEN,IND,W,24,10,Home
1990,1990-09-23,WAS,DAL,W,19,15,Home
1990,1990-09-24,NYJ,BUF,L,7,30,Home
1990,1990-09-30,ARI,WAS,L,10,38,Home
1990,1990-09-30,BUF,DEN,W,29,28,Home
1990,1990-09-30,DET,GB,L,21,24,Home
1990,1990-09-30,KC,CLE,W,34,0,Home
1990,1990-09-30,LAC,TEN,L,7,17,Home
1990,1990-09-30,LV,CHI,W,24,10,Home
1990,1990-09-30,MIN,TB,L,20,23,Home
1990,1990-09-30,NE,NYJ,L,13,37,Home
1990,1990-09-30,NYG,DAL,W,31,17,Home
1990,1990-09-30,PHI,IND,L,23,24,Home
1990,1990-09-30,PIT,MIA,L,6,28,Home
1990,1990-10-01,SEA,CIN,W,31,16,Home
1990,1990-10-07,ATL,NO,W,28,27,Home
1990,1990-10-07,BUF,LV,W,38,24,Home
1990,1990-10-07,CHI,GB,W,27,13,Home
1990,1990-10-07,DAL,TB,W,14,10,Home
1990,1990-10-07,IND,KC,W,23,19,Home
1990,1990-10-07,LAR,CIN,L,31,34,Home
1990,1990-10-07,MIA,NYJ,W,20,16,Home
1990,1990-10-07,MIN,DET,L,27,34,Home
1990,1990-10-07,NE,SEA,L,20,33,Home
1990,1990-10-07,PIT,LAC,W,36,14,Home
1990,1990-10-07,TEN,SF,L,21,24,Home
1990,1990-10-08,DEN,CLE,L,29,30,Home
1990,1990-10-14,ARI,DAL,W,20,3,Home
1990,1990-10-14,ATL,SF,L,35,45,Home
1990,1990-10-14,CHI,LAR,W,38,9,Home
1990,1990-10-14,DEN,PIT,L,17,34,Home
1990,1990-10-14,KC,DET,W,43,24,Home
1990,1990-10-14,LV,SEA,W,24,17,Home
1990,1990-10-14,NO,CLE,W,25,20,Home
1990,1990-10-14,NYJ,LAC,L,3,39,Home
1990,1990-10-14,TB,GB,W,26,14,Home
1990,1990-10-14,TEN,CIN,W,48,17,Home
1990,1990-10-14,WAS,NYG,L,20,24,Home
1990,1990-10-15,PHI,MIN,W,32,24,Home
1990,1990-10-18,MIA,NE,W,17,10,Home
1990,1990-10-21,BUF,NYJ,W,30,27,Home
1990,1990-10-21,IND,DEN,L,17,27,Home
1990,1990-10-21,LAC,LV,L,9,24,Home
1990,1990-10-21,LAR,ATL,W,44,24,Home
1990,1990-10-21,NYG,ARI,W,20,19,Home
1990,1990-10-21,SEA,KC,W,19,7,Home
1990,1990-10-21,SF,PIT,W,27,7,Home
1990,1990-10-21,TB,DAL,L,13,17,Home
1990,1990-10-21,TEN,NO,W,23,10,Home
1990,1990-10-21,WAS,PHI,W,13,7,Home
1990,1990-10-22,CLE,CIN,L,13,34,Home
1990,1990-10-28,ARI,CHI,L,21,31,Home
1990,1990-10-28,ATL,CIN,W,38,17,Home
1990,1990-10-28,DAL,PHI,L,20,21,Home
1990,1990-10-28,GB,MIN,W,24,10,Home
1990,1990-10-28,IND,MIA,L,7,27,Home
1990,1990-10-28,LAC,TB,W,41,10,Home
1990,1990-10-28,NE,BUF,L,10,27,Home
1990,1990-10-28,NO,DET,L,10,27,Home
1990,1990-10-28,NYG,WAS,W,21,10,Home
1990,1990-10-28,SF,CLE,W,20,17,Home
1990,1990-10-28,TEN,NYJ,L,12,17,Home
1990,1990-10-29,PIT,LAR,W,41,10,Home
1990,1990-11-04,CIN,NO,L,7,21,Home
1990,1990-11-04,CLE,BUF,L,0,42,Home
1990,1990-11-04,DET,WAS,L,38,41,Home
1990,1990-11-04,GB,SF,L,20,24,Home
1990,1990-11-04,KC,LV,W,9,7,Home
1990,1990-11-04,LAR,TEN,W,17,13,Home
1990,1990-11-04,MIA,ARI,W,23,3,Home
1990,1990-11-04,MIN,DEN,W,27,22,Home
1990,1990-11-04,NYJ,DAL,W,24,9,Home
1990,1990-11-04,PHI,NE,W,48,20,Home
1990,1990-11-04,PIT,ATL,W,21,9,Home
1990,1990-11-04,SEA,LAC,L,14,31,Home
1990,1990-11-04,TB,CHI,L,6,26,Home
1990,1990-11-05,IND,NYG,L,7,24,Home
1990,1990-11-11,BUF,ARI,W,45,14,Home
1990,1990-11-11,CHI,ATL,W,30,24,Home
1990,1990-11-11,DAL,SF,L,6,24,Home
1990,1990-11-11,DET,MIN,L,7,17,Home
1990,1990-11-11,KC,SEA,L,16,17,Home
1990,1990-11-11,LAC,DEN,W,19,7,Home
1990,1990-11-11,LAR,NYG,L,7,31,Home
1990,1990-11-11,LV,GB,L,16,29,Home
1990,1990-11-11,NE,IND,L,10,13,Home
1990,1990-11-11,NO,TB,W,35,7,Home
1990,1990-11-11,NYJ,MIA,L,3,17,Home
1990,1990-11-12,PHI,WAS,W,28,14,Home
1990,1990-11-18,ARI,GB,L,21,24,Home
1990,1990-11-18,ATL,PHI,L,23,24,Home
1990,1990-11-18,BUF,NE,W,14,0,Home
1990,1990-11-18,CIN,PIT,W,27,3,Home
1990,1990-11-18,CLE,TEN,L,23,35,Home
1990,1990-11-18,DEN,CHI,L,13,16,Home
1990,1990-11-18,IND,NYJ,W,17,14,Home
1990,1990-11-18,KC,LAC,W,27,10,Home
1990,1990-11-18,LAR,DAL,L,21,24,Home
1990,1990-11-18,NYG,DET,W,20,0,Home
1990,1990-11-18,SEA,MIN,L,21,24,Home
1990,1990-11-18,SF,TB,W,31,7,Home
1990,1990-11-18,WAS,NO,W,31,17,Home
1990,1990-11-19,MIA,LV,L,10,13,Home
1990,1990-11-22,DAL,WAS,W,27,17,Home
1990,1990-11-22,DET,DEN,W,40,27,Home
1990,1990-11-25,ARI,NE,W,34,14,Home
1990,1990-11-25,CIN,IND,L,20,34,Home
1990,1990-11-25,CLE,MIA,L,13,30,Home
1990,1990-11-25,GB,TB,W,20,10,Home
1990,1990-11-25,LAC,SEA,L,10,13,Home
1990,1990-11-25,LV,KC,L,24,27,Home
1990,1990-11-25,MIN,CHI,W,41,13,Home
1990,1990-11-25,NO,ATL,W,10,7,Home
1990,1990-11-25,NYJ,PIT,L,7,24,Home
1990,1990-11-25,PHI,NYG,W,31,13,Home
1990,1990-11-25,SF,LAR,L,17,28,Home
1990,1990-11-26,TEN,BUF,W,27,24,Home
1990,1990-12-02,ARI,IND,W,20,17,Home
1990,1990-12-02,BUF,PHI,W,30,23,Home
1990,1990-12-02,CHI,DET,W,23,17,Home
1990,1990-12-02,CLE,LAR,L,23,38,Home
1990,1990-12-02,DAL,NO,W,17,13,Home
1990,1990-12-02,DEN,LV,L,20,23,Home
1990,1990-12-02,LAC,NYJ,W,38,17,Home
1990,1990-12-02,MIN,GB,W,23,7,Home
1990,1990-12-02,NE,KC,L,7,37,Home
1990,1990-12-02,PIT,CIN,L,12,16,Home
1990,1990-12-02,SEA,TEN,W,13,10,Home
1990,1990-12-02,TB,ATL,W,23,17,Home
1990,1990-12-02,WAS,MIA,W,42,20,Home
1990,1990-12-03,SF,NYG,W,7,3,Home
1990,1990-12-09,ATL,ARI,L,13,24,Home
1990,1990-12-09,CIN,SF,L,17,20,Home
1990,1990-12-09,GB,SEA,L,14,20,Home
1990,1990-12-09,IND,BUF,L,7,31,Home
1990,1990-12-09,KC,DEN,W,31,20,Home
1990,1990-12-09,LAR,NO,L,20,24,Home
1990,1990-12-09,MIA,PHI,W,23,20,Home
1990,1990-12-09,NYG,MIN,W,23,15,Home
1990,1990-12-09,PIT,NE,W,24,3,Home
1990,1990-12-09,TEN,CLE,W,58,14,Home
1990,1990-12-09,WAS,CHI,W,10,9,Home
1990,1990-12-10,DET,LV,L,31,38,Home
1990,1990-12-15,NE,WAS,L,10,25,Home
1990,1990-12-15,NYG,BUF,L,13,17,Home
1990,1990-12-16,CLE,ATL,W,13,10,Home
1990,1990-12-16,DAL,ARI,W,41,10,Home
1990,1990-12-16,DEN,LAC,W,20,10,Home
1990,1990-12-16,DET,CHI,W,38,21,Home
1990,1990-12-16,KC,TEN,L,10,27,Home
1990,1990-12-16,LV,CIN,W,24,7,Home
1990,1990-12-16,MIA,SEA,W,24,17,Home
1990,1990-12-16,NO,PIT,L,6,9,Home
1990,1990-12-16,NYJ,IND,L,21,29,Home
1990,1990-12-16,PHI,GB,W,31,0,Home
1990,1990-12-16,TB,MIN,W,26,13,Home
1990,1990-12-17,LAR,SF,L,10,26,Home
1990,1990-12-22,GB,DET,L,17,24,Home
1990,1990-12-22,IND,WAS,W,35,28,Home
1990,1990-12-22,MIN,LV,L,24,28,Home
1990,1990-12-23,ARI,NYG,L,21,24,Home
1990,1990-12-23,ATL,LAR,W,20,13,Home
1990,1990-12-23,BUF,MIA,W,24,14,Home
1990,1990-12-23,CHI,TB,W,27,14,Home
1990,1990-12-23,CIN,TEN,W,40,20,Home
1990,1990-12-23,LAC,KC,L,21,24,Home
1990,1990-12-23,NYJ,NE,W,42,7,Home
1990,1990-12-23,PHI,DAL,W,17,3,Home
1990,1990-12-23,PIT,CLE,W,35,0,Home
1990,1990-12-23,SEA,DEN,W,17,12,Home
1990,1990-12-23,SF,NO,L,10,13,Home
1990,1990-12-29,ARI,PHI,L,21,23,Home
1990,1990-12-29,CHI,KC,L,10,21,Home
1990,1990-12-30,ATL,DAL,W,26,7,Home
1990,1990-12-30,CIN,CLE,W,21,14,Home
1990,1990-12-30,DEN,GB,W,22,13,Home
1990,1990-12-30,LV,LAC,W,17,12,Home
1990,1990-12-30,MIA,IND,W,23,17,Home
1990,1990-12-30,MIN,SF,L,17,20,Home
1990,1990-12-30,NE,NYG,L,10,13,Home
1990,1990-12-30,SEA,DET,W,30,10,Home
1990,1990-12-30,TB,NYJ,L,14,16,Home
1990,1990-12-30,TEN,PIT,W,34,14,Home
1990,1990-12-30,WAS,BUF,W,29,14,Home
1990,1990-12-31,NO,LAR,W,20,17,Home
1991,1991-09-01,BUF,MIA,W,35,31,Home
1991,1991-09-01,CHI,MIN,W,10,6,Home
1991,1991-09-01,CLE,DAL,L,14,26,Home
1991,1991-09-01,DEN,CIN,W,45,14,Home
1991,1991-09-01,GB,PHI,L,3,20,Home
1991,1991-09-01,IND,NE,L,7,16,Home
1991,1991-09-01,KC,ATL,W,14,3,Home
1991,1991-09-01,LAR,ARI,L,14,24,Home
1991,1991-09-01,NO,SEA,W,27,24,Home
1991,1991-09-01,NYJ,TB,W,16,13,Home
1991,1991-09-01,PIT,LAC,W,26,20,Home
1991,1991-09-01,TEN,LV,W,47,17,Home
1991,1991-09-01,WAS,DET,W,45,0,Home
1991,1991-09-02,NYG,SF,W,16,14,Home
1991,1991-09-08,ATL,MIN,L,19,20,Home
1991,1991-09-08,BUF,PIT,W,52,34,Home
1991,1991-09-08,CIN,TEN,L,7,30,Home
1991,1991-09-08,DET,GB,W,23,14,Home
1991,1991-09-08,KC,NO,L,10,17,Home
1991,1991-09-08,LV,DEN,W,16,13,Home
1991,1991-09-08,MIA,IND,W,17,6,Home
1991,1991-09-08,NE,CLE,L,0,20,Home
1991,1991-09-08,NYG,LAR,L,13,19,Home
1991,1991-09-08,PHI,ARI,L,10,26,Home
1991,1991-09-08,SEA,NYJ,W,20,13,Home
1991,1991-09-08,SF,LAC,W,34,14,Home
1991,1991-09-08,TB,CHI,L,20,21,Home
1991,1991-09-09,DAL,WAS,L,31,33,Home
1991,1991-09-15,CHI,NYG,W,20,17,Home
1991,1991-09-15,CLE,CIN,W,14,13,Home
1991,1991-09-15,DAL,PHI,L,0,24,Home
1991,1991-09-15,DEN,SEA,W,16,10,Home
1991,1991-09-15,DET,MIA,W,17,13,Home
1991,1991-09-15,GB,TB,W,15,13,Home
1991,1991-09-15,LAC,ATL,L,10,13,Home
1991,1991-09-15,LV,IND,W,16,0,Home
1991,1991-09-15,MIN,SF,W,17,14,Home
1991,1991-09-15,NO,LAR,W,24,7,Home
1991,1991-09-15,NYJ,BUF,L,20,23,Home
1991,1991-09-15,PIT,NE,W,20,6,Home
1991,1991-09-15,WAS,ARI,W,34,0,Home
1991,1991-09-16,TEN,KC,W,17,7,Home
1991,1991-09-22,ARI,DAL,L,9,17,Home
1991,1991-09-22,ATL,LV,W,21,17,Home
1991,1991-09-22,CIN,WAS,L,27,34,Home
1991,1991-09-22,DEN,LAC,W,27,19,Home
1991,1991-09-22,IND,DET,L,24,33,Home
1991,1991-09-22,KC,SEA,W,20,13,Home
1991,1991-09-22,MIA,GB,W,16,13,Home
1991,1991-09-22,NE,TEN,W,24,20,Home
1991,1991-09-22,NO,MIN,W,26,0,Home
1991,1991-09-22,NYG,CLE,W,13,10,Home
1991,1991-09-22,PHI,PIT,W,23,14,Home
1991,1991-09-22,SF,LAR,W,27,10,Home
1991,1991-09-22,TB,BUF,L,10,17,Home
1991,1991-09-23,CHI,NYJ,W,19,13,Home
1991,1991-09-29,ARI,NE,W,24,10,Home
1991,1991-09-29,ATL,NO,L,6,27,Home
1991,1991-09-29,BUF,CHI,W,35,20,Home
1991,1991-09-29,DAL,NYG,W,21,16,Home
1991,1991-09-29,DET,TB,W,31,3,Home
1991,1991-09-29,LAC,KC,L,13,14,Home
1991,1991-09-29,LAR,GB,W,23,21,Home
1991,1991-09-29,LV,SF,W,12,6,Home
1991,1991-09-29,MIN,DEN,L,6,13,Home
1991,1991-09-29,NYJ,MIA,W,41,23,Home
1991,1991-09-29,SEA,IND,W,31,3,Home
1991,1991-09-30,WAS,PHI,W,23,0,Home
1991,1991-10-06,CHI,WAS,L,7,20,Home
1991,1991-10-06,CIN,SEA,L,7,13,Home
1991,1991-10-06,CLE,NYJ,L,14,17,Home
1991,1991-10-06,DET,MIN,W,24,20,Home
1991,1991-10-06,GB,DAL,L,17,20,Home
1991,1991-10-06,IND,PIT,L,3,21,Home
1991,1991-10-06,LV,LAC,L,13,21,Home
1991,1991-10-06,NE,MIA,L,10,20,Home
1991,1991-10-06,NYG,ARI,W,20,9,Home
1991,1991-10-06,TB,PHI,W,14,13,Home
1991,1991-10-06,TEN,DEN,W,42,14,Home
1991,1991-10-07,KC,BUF,W,33,6,Home
1991,1991-10-13,BUF,IND,W,42,6,Home
1991,1991-10-13,DAL,CIN,W,35,23,Home
1991,1991-10-13,KC,MIA,W,42,7,Home
1991,1991-10-13,LAR,LAC,W,30,24,Home
1991,1991-10-13,MIN,ARI,W,34,7,Home
1991,1991-10-13,NYJ,TEN,L,20,23,Home
1991,1991-10-13,PHI,NO,L,6,13,Home
1991,1991-10-13,SEA,LV,L,20,23,Home
1991,1991-10-13,SF,ATL,L,34,39,Home
1991,1991-10-13,WAS,CLE,W,42,17,Home
1991,1991-10-14,PIT,NYG,L,20,23,Home
1991,1991-10-17,GB,CHI,L,0,10,Home
1991,1991-10-20,ARI,ATL,W,16,10,Home
1991,1991-10-20,DEN,KC,W,19,16,Home
1991,1991-10-20,IND,NYJ,L,6,17,Home
1991,1991-10-20,LAC,CLE,L,24,30,Home
1991,1991-10-20,LV,LAR,W,20,17,Home
1991,1991-10-20,MIA,TEN,L,13,17,Home
1991,1991-10-20,NE,MIN,W,26,23,Home
1991,1991-10-20,NO,TB,W,23,7,Home
1991,1991-10-20,PIT,SEA,L,7,27,Home
1991,1991-10-20,SF,DET,W,35,3,Home
1991,1991-10-21,BUF,CIN,W,35,16,Home
1991,1991-10-27,ARI,MIN,L,0,28,Home
1991,1991-10-27,ATL,LAR,W,31,14,Home
1991,1991-10-27,CLE,PIT,W,17,14,Home
1991,1991-10-27,DET,DAL,W,34,10,Home
1991,1991-10-27,NE,DEN,L,6,9,Home
1991,1991-10-27,NO,CHI,L,17,20,Home
1991,1991-10-27,NYG,WAS,L,13,17,Home
1991,1991-10-27,PHI,SF,L,7,23,Home
1991,1991-10-27,SEA,LAC,W,20,9,Home
1991,1991-10-27,TB,GB,L,0,27,Home
1991,1991-10-27,TEN,CIN,W,35,3,Home
1991,1991-10-28,KC,LV,W,24,21,Home
1991,1991-11-03,ATL,SF,W,17,14,Home
1991,1991-11-03,BUF,NE,W,22,17,Home
1991,1991-11-03,CHI,DET,W,20,10,Home
1991,1991-11-03,CIN,CLE,W,23,21,Home
1991,1991-11-03,DAL,ARI,W,27,7,Home
1991,1991-11-03,DEN,PIT,W,20,13,Home
1991,1991-11-03,IND,MIA,L,6,10,Home
1991,1991-11-03,LAR,NO,L,17,24,Home
1991,1991-11-03,MIN,TB,W,28,13,Home
1991,1991-11-03,NYJ,GB,W,19,16,Home
1991,1991-11-03,WAS,TEN,W,16,13,Home
1991,1991-11-04,PHI,NYG,W,30,7,Home
1991,1991-11-10,ARI,NYG,L,14,21,Home
1991,1991-11-10,CIN,PIT,L,27,33,Home
1991,1991-11-10,CLE,PHI,L,30,32,Home
1991,1991-11-10,DEN,LV,L,16,17,Home
1991,1991-11-10,GB,BUF,L,24,34,Home
1991,1991-11-10,LAC,SEA,W,17,14,Home
1991,1991-11-10,LAR,KC,L,20,27,Home
1991,1991-11-10,MIA,NE,W,30,20,Home
1991,1991-11-10,NO,SF,W,10,3,Home
1991,1991-11-10,NYJ,IND,L,27,28,Home
1991,1991-11-10,TB,DET,W,30,21,Home
1991,1991-11-10,TEN,DAL,W,26,23,Home
1991,1991-11-10,WAS,ATL,W,56,17,Home
1991,1991-11-11,MIN,CHI,L,17,34,Home
1991,1991-11-17,ATL,TB,W,43,7,Home
1991,1991-11-17,DET,LAR,W,21,10,Home
1991,1991-11-17,GB,MIN,L,21,35,Home
1991,1991-11-17,IND,CHI,L,17,31,Home
1991,1991-11-17,KC,DEN,L,20,24,Home
1991,1991-11-17,LAC,NO,W,24,21,Home
1991,1991-11-17,LV,SEA,W,31,7,Home
1991,1991-11-17,NE,NYJ,L,21,28,Home
1991,1991-11-17,NYG,DAL,W,22,9,Home
1991,1991-11-17,PHI,CIN,W,17,10,Home
1991,1991-11-17,PIT,WAS,L,14,41,Home
1991,1991-11-17,SF,ARI,W,14,10,Home
1991,1991-11-17,TEN,CLE,W,28,24,Home
1991,1991-11-18,MIA,BUF,L,27,41,Home
1991,1991-11-24,ARI,PHI,L,14,34,Home
1991,1991-11-24,CHI,MIA,L,13,16,Home
1991,1991-11-24,CIN,LV,L,14,38,Home
1991,1991-11-24,CLE,KC,W,20,15,Home
1991,1991-11-24,GB,IND,W,14,10,Home
1991,1991-11-24,MIN,DET,L,14,34,Home
1991,1991-11-24,NE,BUF,W,16,13,Home
1991,1991-11-24,NO,ATL,L,20,23,Home
1991,1991-11-24,NYJ,LAC,W,24,3,Home
1991,1991-11-24,PIT,TEN,W,26,14,Home
1991,1991-11-24,SEA,DEN,W,13,10,Home
1991,1991-11-24,TB,NYG,L,14,21,Home
1991,1991-11-24,WAS,DAL,L,21,24,Home
1991,1991-11-25,LAR,SF,L,10,33,Home
1991,1991-11-28,DAL,PIT,W,20,10,Home
1991,1991-11-28,DET,CHI,W,16,6,Home
1991,1991-12-01,ATL,GB,W,35,31,Home
1991,1991-12-01,BUF,NYJ,W,24,13,Home
1991,1991-12-01,CIN,NYG,W,27,24,Home
1991,1991-12-01,DEN,NE,W,20,3,Home
1991,1991-12-01,IND,CLE,L,0,31,Home
1991,1991-12-01,LAC,LV,L,7,9,Home
1991,1991-12-01,LAR,WAS,L,6,27,Home
1991,1991-12-01,MIA,TB,W,33,14,Home
1991,1991-12-01,SEA,KC,L,6,19,Home
1991,1991-12-01,SF,NO,W,38,24,Home
1991,1991-12-02,TEN,PHI,L,6,13,Home
1991,1991-12-08,ARI,WAS,L,14,20,Home
1991,1991-12-08,CHI,GB,W,27,13,Home
1991,1991-12-08,CLE,DEN,L,7,17,Home
1991,1991-12-08,DAL,NO,W,23,14,Home
1991,1991-12-08,DET,NYJ,W,34,20,Home
1991,1991-12-08,KC,LAC,W,20,17,Home
1991,1991-12-08,LAR,ATL,L,14,31,Home
1991,1991-12-08,LV,BUF,L,27,30,Home
1991,1991-12-08,NE,IND,W,23,17,Home
1991,1991-12-08,NYG,PHI,L,14,19,Home
1991,1991-12-08,SEA,SF,L,22,24,Home
1991,1991-12-08,TB,MIN,L,24,26,Home
1991,1991-12-08,TEN,PIT,W,31,6,Home
1991,1991-12-09,MIA,CIN,W,37,13,Home
1991,1991-12-14,CHI,TB,W,27,0,Home
1991,1991-12-14,SF,KC,W,28,14,Home
1991,1991-12-15,ATL,SEA,W,26,13,Home
1991,1991-12-15,CLE,TEN,L,14,17,Home
1991,1991-12-15,DEN,ARI,W,24,19,Home
1991,1991-12-15,GB,DET,L,17,21,Home
1991,1991-12-15,IND,BUF,L,7,35,Home
1991,1991-12-15,LAC,MIA,W,38,30,Home
1991,1991-12-15,MIN,LAR,W,20,14,Home
1991,1991-12-15,NYJ,NE,L,3,6,Home
1991,1991-12-15,PHI,DAL,L,13,25,Home
1991,1991-12-15,PIT,CIN,W,17,10,Home
1991,1991-12-15,WAS,NYG,W,34,17,Home
1991,1991-12-16,NO,LV,W,27,0,Home
1991,1991-12-21,MIN,GB,L,7,27,Home
1991,1991-12-21,NYG,TEN,W,24,20,Home
1991,1991-12-22,ARI,NO,L,3,27,Home
1991,1991-12-22,BUF,DET,L,14,17,Home
1991,1991-12-22,CIN,NE,W,29,7,Home
1991,1991-12-22,DAL,ATL,W,31,27,Home
1991,1991-12-22,LAC,DEN,L,14,17,Home
1991,1991-12-22,LV,KC,L,21,27,Home
1991,1991-12-22,MIA,NYJ,L,20,23,Home
1991,1991-12-22,PHI,WAS,W,24,22,Home
1991,1991-12-22,PIT,CLE,W,17,10,Home
1991,1991-12-22,SEA,LAR,W,23,9,Home
1991,1991-12-22,TB,IND,W,17,3,Home
1991,1991-12-23,SF,CHI,W,52,14,Home
1992,1992-09-06,ATL,NYJ,W,20,17,Home
1992,1992-09-06,BUF,LAR,W,40,7,Home
1992,1992-09-06,CHI,DET,W,27,24,Home
1992,1992-09-06,DEN,LV,W,17,13,Home
1992,1992-09-06,GB,MIN,L,20,23,Home
1992,1992-09-06,IND,CLE,W,14,3,Home
1992,1992-09-06,LAC,KC,L,10,24,Home
1992,1992-09-06,NYG,SF,L,14,31,Home
1992,1992-09-06,PHI,NO,W,15,13,Home
1992,1992-09-06,SEA,CIN,L,3,21,Home
1992,1992-09-06,TB,ARI,W,23,7,Home
1992,1992-09-06,TEN,PIT,L,24,29,Home
1992,1992-09-07,DAL,WAS,W,23,10,Home
1992,1992-09-13,ARI,PHI,L,14,31,Home
1992,1992-09-13,CIN,LV,W,24,21,Home
1992,1992-09-13,DEN,LAC,W,21,13,Home
1992,1992-09-13,DET,MIN,W,31,17,Home
1992,1992-09-13,IND,TEN,L,10,20,Home
1992,1992-09-13,KC,SEA,W,26,7,Home
1992,1992-09-13,LAR,NE,W,14,0,Home
1992,1992-09-13,NO,CHI,W,28,6,Home
1992,1992-09-13,NYG,DAL,L,28,34,Home
1992,1992-09-13,PIT,NYJ,W,27,10,Home
1992,1992-09-13,SF,BUF,L,31,34,Home
1992,1992-09-13,TB,GB,W,31,3,Home
1992,1992-09-13,WAS,ATL,W,24,17,Home
1992,1992-09-14,CLE,MIA,L,23,27,Home
1992,1992-09-20,ATL,NO,L,7,10,Home
1992,1992-09-20,BUF,IND,W,38,0,Home
1992,1992-09-20,DAL,ARI,W,31,20,Home
1992,1992-09-20,GB,CIN,W,24,23,Home
1992,1992-09-20,LAC,PIT,L,6,23,Home
1992,1992-09-20,LV,CLE,L,16,28,Home
1992,1992-09-20,MIA,LAR,W,26,10,Home
1992,1992-09-20,MIN,TB,W,26,20,Home
1992,1992-09-20,NE,SEA,L,6,10,Home
1992,1992-09-20,NYJ,SF,L,14,31,Home
1992,1992-09-20,PHI,DEN,W,30,0,Home
1992,1992-09-20,TEN,KC,W,23,20,Home
1992,1992-09-20,WAS,DET,W,13,10,Home
1992,1992-09-21,CHI,NYG,L,14,27,Home
1992,1992-09-27,CHI,ATL,W,41,31,Home
1992,1992-09-27,CIN,MIN,L,7,42,Home
1992,1992-09-27,CLE,DEN,L,0,12,Home
1992,1992-09-27,DET,TB,L,23,27,Home
1992,1992-09-27,GB,PIT,W,17,3,Home
1992,1992-09-27,LAR,NYJ,W,18,10,Home
1992,1992-09-27,NE,BUF,L,7,41,Home
1992,1992-09-27,NO,SF,L,10,16,Home
1992,1992-09-27,SEA,MIA,L,17,19,Home
1992,1992-09-27,TEN,LAC,W,27,0,Home
1992,1992-09-28,KC,LV,W,27,7,Home
1992,1992-10-04,ARI,WAS,W,27,24,Home
1992,1992-10-04,ATL,GB,W,24,10,Home
1992,1992-10-04,BUF,MIA,L,10,37,Home
1992,1992-10-04,DEN,KC,W,20,19,Home
1992,1992-10-04,DET,NO,L,7,13,Home
1992,1992-10-04,LAC,SEA,W,17,6,Home
1992,1992-10-04,LV,NYG,W,13,10,Home
1992,1992-10-04,MIN,CHI,W,21,20,Home
1992,1992-10-04,NYJ,NE,W,30,21,Home
1992,1992-10-04,SF,LAR,W,27,24,Home
1992,1992-10-04,TB,IND,L,14,24,Home
1992,1992-10-05,PHI,DAL,W,31,7,Home
1992,1992-10-11,CIN,TEN,L,24,38,Home
1992,1992-10-11,CLE,PIT,W,17,9,Home
1992,1992-10-11,DAL,SEA,W,27,0,Home
1992,1992-10-11,IND,NYJ,W,6,3,Home
1992,1992-10-11,KC,PHI,W,24,17,Home
1992,1992-10-11,LV,BUF,W,20,3,Home
1992,1992-10-11,MIA,ATL,W,21,17,Home
1992,1992-10-11,NE,SF,L,12,24,Home
1992,1992-10-11,NO,LAR,W,13,10,Home
1992,1992-10-11,NYG,ARI,W,31,21,Home
1992,1992-10-12,WAS,DEN,W,34,3,Home
1992,1992-10-15,MIN,DET,W,31,14,Home
1992,1992-10-18,ARI,NO,L,21,30,Home
1992,1992-10-18,CHI,TB,W,31,14,Home
1992,1992-10-18,CLE,GB,W,17,6,Home
1992,1992-10-18,DAL,KC,W,17,10,Home
1992,1992-10-18,DEN,TEN,W,27,21,Home
1992,1992-10-18,IND,LAC,L,14,34,Home
1992,1992-10-18,LAR,NYG,W,38,17,Home
1992,1992-10-18,MIA,NE,W,38,17,Home
1992,1992-10-18,SEA,LV,L,0,19,Home
1992,1992-10-18,SF,ATL,W,56,17,Home
1992,1992-10-18,WAS,PHI,W,16,12,Home
1992,1992-10-19,PIT,CIN,W,20,0,Home
1992,1992-10-25,GB,CHI,L,10,30,Home
1992,1992-10-25,KC,PIT,L,3,27,Home
1992,1992-10-25,LAC,DEN,W,24,21,Home
1992,1992-10-25,LV,DAL,L,13,28,Home
1992,1992-10-25,MIA,IND,L,20,31,Home
1992,1992-10-25,MIN,WAS,L,13,15,Home
1992,1992-10-25,NE,CLE,L,17,19,Home
1992,1992-10-25,NYG,SEA,W,23,10,Home
1992,1992-10-25,PHI,ARI,W,7,3,Home
1992,1992-10-25,TB,DET,L,7,38,Home
1992,1992-10-25,TEN,CIN,W,26,10,Home
1992,1992-10-26,NYJ,BUF,L,20,24,Home
1992,1992-11-01,ARI,SF,W,24,14,Home
1992,1992-11-01,ATL,LAR,W,30,28,Home
1992,1992-11-01,BUF,NE,W,16,7,Home
1992,1992-11-01,CIN,CLE,W,30,10,Home
1992,1992-11-01,DAL,PHI,W,20,10,Home
1992,1992-11-01,DET,GB,L,13,27,Home
1992,1992-11-01,LAC,IND,W,26,0,Home
1992,1992-11-01,NO,TB,W,23,21,Home
1992,1992-11-01,NYJ,MIA,W,26,14,Home
1992,1992-11-01,PIT,TEN,W,21,20,Home
1992,1992-11-01,WAS,NYG,L,7,24,Home
1992,1992-11-02,CHI,MIN,L,10,38,Home
1992,1992-11-08,BUF,PIT,W,28,20,Home
1992,1992-11-08,CHI,CIN,L,28,31,Home
1992,1992-11-08,DEN,NYJ,W,27,16,Home
1992,1992-11-08,DET,DAL,L,3,37,Home
1992,1992-11-08,IND,MIA,L,0,28,Home
1992,1992-11-08,KC,LAC,W,16,14,Home
1992,1992-11-08,LAR,ARI,L,14,20,Home
1992,1992-11-08,NE,NO,L,14,31,Home
1992,1992-11-08,NYG,GB,W,27,7,Home
1992,1992-11-08,PHI,LV,W,31,10,Home
1992,1992-11-08,SEA,WAS,L,3,16,Home
1992,1992-11-08,TB,MIN,L,7,35,Home
1992,1992-11-08,TEN,CLE,L,14,24,Home
1992,1992-11-09,ATL,SF,L,3,41,Home
1992,1992-11-15,ATL,ARI,W,20,17,Home
1992,1992-11-15,CLE,LAC,L,13,14,Home
1992,1992-11-15,DAL,LAR,L,23,27,Home
1992,1992-11-15,DEN,NYG,W,27,13,Home
1992,1992-11-15,GB,PHI,W,27,24,Home
1992,1992-11-15,IND,NE,L,34,37,Home
1992,1992-11-15,KC,WAS,W,35,16,Home
1992,1992-11-15,LV,SEA,W,20,3,Home
1992,1992-11-15,MIN,TEN,L,13,17,Home
1992,1992-11-15,NYJ,CIN,W,17,14,Home
1992,1992-11-15,PIT,DET,W,17,14,Home
1992,1992-11-15,SF,NO,W,21,20,Home
1992,1992-11-15,TB,CHI,W,20,17,Home
1992,1992-11-16,MIA,BUF,L,20,26,Home
1992,1992-11-22,ARI,DAL,L,10,16,Home
1992,1992-11-22,BUF,ATL,W,41,14,Home
1992,1992-11-22,CHI,GB,L,3,17,Home
1992,1992-11-22,CIN,DET,L,13,19,Home
1992,1992-11-22,LAC,TB,W,29,14,Home
1992,1992-11-22,LAR,SF,L,10,27,Home
1992,1992-11-22,LV,DEN,W,24,0,Home
1992,1992-11-22,MIA,TEN,W,19,16,Home
1992,1992-11-22,MIN,CLE,W,17,13,Home
1992,1992-11-22,NE,NYJ,W,24,3,Home
1992,1992-11-22,NYG,PHI,L,34,47,Home
1992,1992-11-22,PIT,IND,W,30,14,Home
1992,1992-11-22,SEA,KC,L,14,24,Home
1992,1992-11-23,NO,WAS,W,20,3,Home
1992,1992-11-26,DAL,NYG,W,30,3,Home
1992,1992-11-26,DET,TEN,L,21,24,Home
1992,1992-11-29,ATL,NE,W,34,0,Home
1992,1992-11-29,CIN,PIT,L,9,21,Home
1992,1992-11-29,CLE,CHI,W,27,14,Home
1992,1992-11-29,GB,TB,W,19,14,Home
1992,1992-11-29,IND,BUF,W,16,13,Home
1992,1992-11-29,LAC,LV,W,27,3,Home
1992,1992-11-29,LAR,MIN,L,17,31,Home
1992,1992-11-29,NO,MIA,W,24,13,Home
1992,1992-11-29,NYJ,KC,L,7,23,Home
1992,1992-11-29,SF,PHI,W,20,14,Home
1992,1992-11-29,WAS,ARI,W,41,3,Home
1992,1992-11-30,SEA,DEN,W,16,13,Home
1992,1992-12-03,NO,ATL,W,22,14,Home
1992,1992-12-06,ARI,LAC,L,21,27,Home
1992,1992-12-06,BUF,NYJ,L,17,24,Home
1992,1992-12-06,CLE,CIN,W,37,21,Home
1992,1992-12-06,DEN,DAL,L,27,31,Home
1992,1992-12-06,GB,DET,W,38,10,Home
1992,1992-12-06,LV,KC,W,28,7,Home
1992,1992-12-06,NE,IND,L,0,6,Home
1992,1992-12-06,NYG,WAS,L,10,28,Home
1992,1992-12-06,PHI,MIN,W,28,17,Home
1992,1992-12-06,PIT,SEA,W,20,14,Home
1992,1992-12-06,SF,MIA,W,27,3,Home
1992,1992-12-06,TB,LAR,L,27,31,Home
1992,1992-12-07,TEN,CHI,W,24,7,Home
1992,1992-12-12,ARI,NYG,W,19,0,Home
1992,1992-12-12,BUF,DEN,W,27,17,Home
1992,1992-12-13,CHI,PIT,W,30,6,Home
1992,1992-12-13,DET,CLE,W,24,14,Home
1992,1992-12-13,KC,NE,W,27,20,Home
1992,1992-12-13,LAC,CIN,W,27,10,Home
1992,1992-12-13,LAR,NO,L,14,37,Home
1992,1992-12-13,MIN,SF,L,17,20,Home
1992,1992-12-13,NYJ,IND,L,6,10,Home
1992,1992-12-13,SEA,PHI,L,17,20,Home
1992,1992-12-13,TB,ATL,L,7,35,Home
1992,1992-12-13,TEN,GB,L,14,16,Home
1992,1992-12-13,WAS,DAL,W,20,17,Home
1992,1992-12-14,MIA,LV,W,20,7,Home
1992,1992-12-19,NYG,KC,W,35,21,Home
1992,1992-12-19,SF,TB,W,21,14,Home
1992,1992-12-20,CIN,NE,W,20,10,Home
1992,1992-12-20,CLE,TEN,L,14,17,Home
1992,1992-12-20,DEN,SEA,W,10,6,Home
1992,1992-12-20,DET,CHI,W,16,3,Home
1992,1992-12-20,GB,LAR,W,28,13,Home
1992,1992-12-20,IND,ARI,W,16,13,Home
1992,1992-12-20,LV,LAC,L,14,36,Home
1992,1992-12-20,MIA,NYJ,W,19,17,Home
1992,1992-12-20,NO,BUF,L,16,20,Home
1992,1992-12-20,PHI,WAS,W,17,13,Home
1992,1992-12-20,PIT,MIN,L,3,6,Home
1992,1992-12-21,ATL,DAL,L,17,41,Home
1992,1992-12-26,NYJ,NO,L,0,20,Home
1992,1992-12-26,WAS,LV,L,20,21,Home
1992,1992-12-27,ARI,TB,L,3,7,Home
1992,1992-12-27,CIN,IND,L,17,21,Home
1992,1992-12-27,DAL,CHI,W,27,14,Home
1992,1992-12-27,KC,DEN,W,42,20,Home
1992,1992-12-27,LAR,ATL,W,38,27,Home
1992,1992-12-27,MIN,GB,W,27,7,Home
1992,1992-12-27,NE,MIA,L,13,16,Home
1992,1992-12-27,PHI,NYG,W,20,10,Home
1992,1992-12-27,PIT,CLE,W,23,13,Home
1992,1992-12-27,SEA,LAC,L,14,31,Home
1992,1992-12-27,TEN,BUF,W,27,3,Home
1992,1992-12-28,SF,DET,W,24,6,Home
1993,1993-09-05,BUF,NE,W,38,14,Home
1993,1993-09-05,CHI,NYG,L,20,26,Home
1993,1993-09-05,CLE,CIN,W,27,14,Home
1993,1993-09-05,DET,ATL,W,30,13,Home
1993,1993-09-05,GB,LAR,W,36,6,Home
1993,1993-09-05,IND,MIA,L,20,24,Home
1993,1993-09-05,LAC,SEA,W,18,12,Home
1993,1993-09-05,LV,MIN,W,24,7,Home
1993,1993-09-05,NO,TEN,W,33,21,Home
1993,1993-09-05,NYJ,DEN,L,20,26,Home
1993,1993-09-05,PHI,ARI,W,23,17,Home
1993,1993-09-05,PIT,SF,L,13,24,Home
1993,1993-09-05,TB,KC,L,3,27,Home
1993,1993-09-06,WAS,DAL,W,35,16,Home
1993,1993-09-12,ATL,NO,L,31,34,Home
1993,1993-09-12,CIN,IND,L,6,9,Home
1993,1993-09-12,DAL,BUF,L,10,13,Home
1993,1993-09-12,DEN,LAC,W,34,17,Home
1993,1993-09-12,GB,PHI,L,17,20,Home
1993,1993-09-12,LAR,PIT,W,27,0,Home
1993,1993-09-12,MIA,NYJ,L,14,24,Home
1993,1993-09-12,MIN,CHI,W,10,7,Home
1993,1993-09-12,NE,DET,L,16,19,Home
1993,1993-09-12,NYG,TB,W,23,7,Home
1993,1993-09-12,SEA,LV,L,13,17,Home
1993,1993-09-12,TEN,KC,W,30,0,Home
1993,1993-09-12,WAS,ARI,L,10,17,Home
1993,1993-09-13,CLE,SF,W,23,13,Home
1993,1993-09-19,ARI,DAL,L,10,17,Home
1993,1993-09-19,LAC,TEN,W,18,17,Home
1993,1993-09-19,LV,CLE,L,16,19,Home
1993,1993-09-19,NE,SEA,L,14,17,Home
1993,1993-09-19,NO,DET,W,14,3,Home
1993,1993-09-19,NYG,LAR,W,20,10,Home
1993,1993-09-19,PHI,WAS,W,34,31,Home
1993,1993-09-19,PIT,CIN,W,34,7,Home
1993,1993-09-19,SF,ATL,W,37,30,Home
1993,1993-09-20,KC,DEN,W,15,7,Home
1993,1993-09-26,BUF,MIA,L,13,22,Home
1993,1993-09-26,CHI,TB,W,47,17,Home
1993,1993-09-26,CIN,SEA,L,10,19,Home
1993,1993-09-26,DET,ARI,W,26,20,Home
1993,1993-09-26,IND,CLE,W,23,10,Home
1993,1993-09-26,MIN,GB,W,15,13,Home
1993,1993-09-26,NO,SF,W,16,13,Home
1993,1993-09-26,NYJ,NE,W,45,7,Home
1993,1993-09-26,TEN,LAR,L,13,28,Home
1993,1993-09-27,ATL,PIT,L,17,45,Home
1993,1993-10-03,BUF,NYG,W,17,14,Home
1993,1993-10-03,CHI,ATL,W,6,0,Home
1993,1993-10-03,DAL,GB,W,36,14,Home
1993,1993-10-03,DEN,IND,W,35,13,Home
1993,1993-10-03,KC,LV,W,24,9,Home
1993,1993-10-03,LAR,NO,L,6,37,Home
1993,1993-10-03,NYJ,PHI,L,30,35,Home
1993,1993-10-03,SEA,LAC,W,31,14,Home
1993,1993-10-03,SF,MIN,W,38,19,Home
1993,1993-10-03,TB,DET,W,27,10,Home
1993,1993-10-04,MIA,WAS,W,17,10,Home
1993,1993-10-10,ARI,NE,L,21,23,Home
1993,1993-10-10,CLE,MIA,L,14,24,Home
1993,1993-10-10,GB,DEN,W,30,27,Home
1993,1993-10-10,IND,DAL,L,3,27,Home
1993,1993-10-10,KC,CIN,W,17,15,Home
1993,1993-10-10,LV,NYJ,W,24,20,Home
1993,1993-10-10,MIN,TB,W,15,0,Home
1993,1993-10-10,PHI,CHI,L,6,17,Home
1993,1993-10-10,PIT,LAC,W,16,3,Home
1993,1993-10-10,WAS,NYG,L,7,41,Home
1993,1993-10-11,BUF,TEN,W,35,7,Home
1993,1993-10-14,ATL,LAR,W,30,24,Home
1993,1993-10-17,ARI,WAS,W,36,6,Home
1993,1993-10-17,CIN,CLE,L,17,28,Home
1993,1993-10-17,DAL,SF,W,26,17,Home
1993,1993-10-17,DET,SEA,W,30,10,Home
1993,1993-10-17,LAC,KC,L,14,17,Home
1993,1993-10-17,NE,TEN,L,14,28,Home
1993,1993-10-17,NYG,PHI,W,21,10,Home
1993,1993-10-17,PIT,NO,W,37,14,Home
1993,1993-10-18,DEN,LV,L,20,23,Home
1993,1993-10-24,CLE,PIT,W,28,23,Home
1993,1993-10-24,LAR,DET,L,13,16,Home
1993,1993-10-24,MIA,IND,W,41,27,Home
1993,1993-10-24,NO,ATL,L,15,26,Home
1993,1993-10-24,NYJ,BUF,L,10,19,Home
1993,1993-10-24,SEA,NE,W,10,9,Home
1993,1993-10-24,SF,ARI,W,28,14,Home
1993,1993-10-24,TB,GB,L,14,37,Home
1993,1993-10-24,TEN,CIN,W,28,12,Home
1993,1993-10-25,CHI,MIN,L,12,19,Home
1993,1993-10-31,ARI,NO,L,17,20,Home
1993,1993-10-31,ATL,TB,L,24,31,Home
1993,1993-10-31,DEN,SEA,W,28,17,Home
1993,1993-10-31,GB,CHI,W,17,3,Home
1993,1993-10-31,IND,NE,W,9,6,Home
1993,1993-10-31,LV,LAC,L,23,30,Home
1993,1993-10-31,MIA,KC,W,30,10,Home
1993,1993-10-31,MIN,DET,L,27,30,Home
1993,1993-10-31,NYG,NYJ,L,6,10,Home
1993,1993-10-31,PHI,DAL,L,10,23,Home
1993,1993-10-31,SF,LAR,W,40,17,Home
1993,1993-11-01,BUF,WAS,W,24,10,Home
1993,1993-11-07,ARI,PHI,W,16,3,Home
1993,1993-11-07,CHI,LV,L,14,16,Home
1993,1993-11-07,CIN,PIT,L,16,24,Home
1993,1993-11-07,CLE,DEN,L,14,29,Home
1993,1993-11-07,DAL,NYG,W,31,9,Home
1993,1993-11-07,DET,TB,W,23,0,Home
1993,1993-11-07,MIN,LAC,L,17,30,Home
1993,1993-11-07,NE,BUF,L,10,13,Home
1993,1993-11-07,NYJ,MIA,W,27,10,Home
1993,1993-11-07,TEN,SEA,W,24,14,Home
1993,1993-11-07,WAS,IND,W,30,24,Home
1993,1993-11-08,KC,GB,W,23,16,Home
1993,1993-11-14,CIN,TEN,L,3,38,Home
1993,1993-11-14,DAL,ARI,W,20,15,Home
1993,1993-11-14,DEN,MIN,L,23,26,Home
1993,1993-11-14,IND,NYJ,L,17,31,Home
1993,1993-11-14,LAC,CHI,L,13,16,Home
1993,1993-11-14,LAR,ATL,L,0,13,Home
1993,1993-11-14,LV,KC,L,20,31,Home
1993,1993-11-14,NO,GB,L,17,19,Home
1993,1993-11-14,NYG,WAS,W,20,6,Home
1993,1993-11-14,PHI,MIA,L,14,19,Home
1993,1993-11-14,SEA,CLE,W,22,5,Home
1993,1993-11-14,TB,SF,L,21,45,Home
1993,1993-11-15,PIT,BUF,W,23,0,Home
1993,1993-11-21,ATL,DAL,W,27,14,Home
1993,1993-11-21,BUF,IND,W,23,9,Home
1993,1993-11-21,CLE,TEN,L,20,27,Home
1993,1993-11-21,DEN,PIT,W,37,13,Home
1993,1993-11-21,GB,DET,W,26,17,Home
1993,1993-11-21,KC,CHI,L,17,19,Home
1993,1993-11-21,LAC,LV,L,7,12,Home
1993,1993-11-21,LAR,WAS,W,10,6,Home
1993,1993-11-21,MIA,NE,W,17,13,Home
1993,1993-11-21,NYJ,CIN,W,17,12,Home
1993,1993-11-21,PHI,NYG,L,3,7,Home
1993,1993-11-21,TB,MIN,W,23,10,Home
1993,1993-11-22,SF,NO,W,42,7,Home
1993,1993-11-25,DAL,MIA,L,14,16,Home
1993,1993-11-25,DET,CHI,L,6,10,Home
1993,1993-11-28,ATL,CLE,W,17,14,Home
1993,1993-11-28,CIN,LV,W,16,10,Home
1993,1993-11-28,GB,TB,W,13,10,Home
1993,1993-11-28,KC,BUF,W,23,7,Home
1993,1993-11-28,LAR,SF,L,10,35,Home
1993,1993-11-28,MIN,NO,L,14,17,Home
1993,1993-11-28,NE,NYJ,L,0,6,Home
1993,1993-11-28,NYG,ARI,W,19,17,Home
1993,1993-11-28,SEA,DEN,L,9,17,Home
1993,1993-11-28,TEN,PIT,W,23,3,Home
1993,1993-11-28,WAS,PHI,L,14,17,Home
1993,1993-11-29,IND,LAC,L,0,31,Home
1993,1993-12-05,ARI,LAR,W,38,10,Home
1993,1993-12-05,BUF,LV,L,24,25,Home
1993,1993-12-05,CHI,GB,W,30,17,Home
1993,1993-12-05,CLE,NO,W,17,13,Home
1993,1993-12-05,DET,MIN,L,0,13,Home
1993,1993-12-05,LAC,DEN,W,13,10,Home
1993,1993-12-05,MIA,NYG,L,14,19,Home
1993,1993-12-05,NYJ,IND,L,6,9,Home
1993,1993-12-05,PIT,NE,W,17,14,Home
1993,1993-12-05,SEA,KC,L,16,31,Home
1993,1993-12-05,SF,CIN,W,21,8,Home
1993,1993-12-05,TB,WAS,L,17,23,Home
1993,1993-12-05,TEN,ATL,W,33,17,Home
1993,1993-12-06,DAL,PHI,W,23,17,Home
1993,1993-12-11,ATL,SF,W,27,24,Home
1993,1993-12-11,WAS,NYJ,L,0,3,Home
1993,1993-12-12,ARI,DET,L,14,21,Home
1993,1993-12-12,DEN,KC,W,27,21,Home
1993,1993-12-12,LAC,GB,L,13,20,Home
1993,1993-12-12,LV,SEA,W,27,23,Home
1993,1993-12-12,MIN,DAL,L,20,37,Home
1993,1993-12-12,NE,CIN,W,7,2,Home
1993,1993-12-12,NO,LAR,L,20,23,Home
1993,1993-12-12,NYG,IND,W,20,6,Home
1993,1993-12-12,PHI,BUF,L,7,10,Home
1993,1993-12-12,TB,CHI,W,13,10,Home
1993,1993-12-12,TEN,CLE,W,19,17,Home
1993,1993-12-13,MIA,PIT,L,20,21,Home
1993,1993-12-18,CHI,DEN,L,3,13,Home
1993,1993-12-18,NYJ,DAL,L,7,28,Home
1993,1993-12-19,CIN,LAR,W,15,3,Home
1993,1993-12-19,CLE,NE,L,17,20,Home
1993,1993-12-19,DET,SF,L,17,55,Home
1993,1993-12-19,GB,MIN,L,17,21,Home
1993,1993-12-19,IND,PHI,L,10,20,Home
1993,1993-12-19,KC,LAC,W,28,24,Home
1993,1993-12-19,LV,TB,W,27,20,Home
1993,1993-12-19,MIA,BUF,L,34,47,Home
1993,1993-12-19,PIT,TEN,L,17,26,Home
1993,1993-12-19,SEA,ARI,L,27,30,Home
1993,1993-12-19,WAS,ATL,W,30,17,Home
1993,1993-12-20,NO,NYG,L,14,24,Home
1993,1993-12-25,SF,TEN,L,7,10,Home
1993,1993-12-26,ARI,NYG,W,17,6,Home
1993,1993-12-26,BUF,NYJ,W,16,14,Home
1993,1993-12-26,CHI,DET,L,14,20,Home
1993,1993-12-26,CIN,ATL,W,21,17,Home
1993,1993-12-26,DAL,WAS,W,38,3,Home
1993,1993-12-26,DEN,TB,L,10,17,Home
1993,1993-12-26,GB,LV,W,28,0,Home
1993,1993-12-26,LAR,CLE,L,14,42,Home
1993,1993-12-26,MIN,KC,W,30,10,Home
1993,1993-12-26,NE,IND,W,38,0,Home
1993,1993-12-26,PHI,NO,W,37,26,Home
1993,1993-12-26,SEA,PIT,W,16,6,Home
1993,1993-12-27,LAC,MIA,W,45,20,Home
1993,1993-12-31,WAS,MIN,L,9,14,Home
1993,1994-01-02,ATL,ARI,L,10,27,Home
1993,1994-01-02,DET,GB,W,30,20,Home
1993,1994-01-02,IND,BUF,L,10,30,Home
1993,1994-01-02,KC,SEA,W,34,24,Home
1993,1994-01-02,LAR,CHI,W,20,6,Home
1993,1994-01-02,LV,DEN,W,33,30,Home
1993,1994-01-02,NE,MIA,W,33,27,Home
1993,1994-01-02,NO,CIN,W,20,13,Home
1993,1994-01-02,NYG,DAL,L,13,16,Home
1993,1994-01-02,PIT,CLE,W,16,9,Home
1993,1994-01-02,TB,LAC,L,17,32,Home
1993,1994-01-02,TEN,NYJ,W,24,0,Home
1993,1994-01-03,SF,PHI,L,34,37,Home
1994,1994-09-04,BUF,NYJ,L,3,23,Home
1994,1994-09-04,CHI,TB,W,21,9,Home
1994,1994-09-04,CIN,CLE,L,20,28,Home
1994,1994-09-04,DEN,LAC,L,34,37,Home
1994,1994-09-04,DET,ATL,W,31,28,Home
1994,1994-09-04,GB,MIN,W,16,10,Home
1994,1994-09-04,IND,TEN,W,45,21,Home
1994,1994-09-04,LAR,ARI,W,14,12,Home
1994,1994-09-04,MIA,NE,W,39,35,Home
1994,1994-09-04,NO,KC,L,17,30,Home
1994,1994-09-04,NYG,PHI,W,28,23,Home
1994,1994-09-04,PIT,DAL,L,9,26,Home
1994,1994-09-04,WAS,SEA,L,7,28,Home
1994,1994-09-05,SF,LV,W,44,14,Home
1994,1994-09-11,ARI,NYG,L,17,20,Home
1994,1994-09-11,ATL,LAR,W,31,13,Home
1994,1994-09-11,CLE,PIT,L,10,17,Home
1994,1994-09-11,DAL,TEN,W,20,17,Home
1994,1994-09-11,GB,MIA,L,14,24,Home
1994,1994-09-11,KC,SF,W,24,17,Home
1994,1994-09-11,LAC,CIN,W,27,10,Home
1994,1994-09-11,LV,SEA,L,9,38,Home
1994,1994-09-11,MIN,DET,W,10,3,Home
1994,1994-09-11,NE,BUF,L,35,38,Home
1994,1994-09-11,NO,WAS,L,24,38,Home
1994,1994-09-11,NYJ,DEN,W,25,22,Home
1994,1994-09-11,TB,IND,W,24,10,Home
1994,1994-09-12,PHI,CHI,W,30,22,Home
1994,1994-09-18,ATL,KC,L,10,30,Home
1994,1994-09-18,CHI,MIN,L,14,42,Home
1994,1994-09-18,CIN,NE,L,28,31,Home
1994,1994-09-18,CLE,ARI,W,32,0,Home
1994,1994-09-18,DEN,LV,L,16,48,Home
1994,1994-09-18,LAR,SF,L,19,34,Home
1994,1994-09-18,MIA,NYJ,W,28,14,Home
1994,1994-09-18,NYG,WAS,W,31,23,Home
1994,1994-09-18,PHI,GB,W,13,7,Home
1994,1994-09-18,PIT,IND,W,31,21,Home
1994,1994-09-18,SEA,LAC,L,10,24,Home
1994,1994-09-18,TB,NO,L,7,9,Home
1994,1994-09-18,TEN,BUF,L,7,15,Home
1994,1994-09-19,DAL,DET,L,17,20,Home
1994,1994-09-25,DET,NE,L,17,23,Home
1994,1994-09-25,GB,TB,W,30,3,Home
1994,1994-09-25,IND,CLE,L,14,21,Home
1994,1994-09-25,KC,LAR,L,0,16,Home
1994,1994-09-25,LV,LAC,L,24,26,Home
1994,1994-09-25,MIN,MIA,W,38,35,Home
1994,1994-09-25,NYJ,CHI,L,7,19,Home
1994,1994-09-25,SEA,PIT,W,30,13,Home
1994,1994-09-25,SF,NO,W,24,13,Home
1994,1994-09-25,TEN,CIN,W,20,13,Home
1994,1994-09-25,WAS,ATL,L,20,27,Home
1994,1994-09-26,BUF,DEN,W,27,20,Home
1994,1994-10-02,ARI,MIN,W,17,7,Home
1994,1994-10-02,CHI,BUF,W,20,13,Home
1994,1994-10-02,CIN,MIA,L,7,23,Home
1994,1994-10-02,CLE,NYJ,W,27,7,Home
1994,1994-10-02,IND,SEA,W,17,15,Home
1994,1994-10-02,LAR,ATL,L,5,8,Home
1994,1994-10-02,NE,GB,W,17,16,Home
1994,1994-10-02,NO,NYG,W,27,22,Home
1994,1994-10-02,SF,PHI,L,8,40,Home
1994,1994-10-02,TB,DET,W,24,14,Home
1994,1994-10-02,WAS,DAL,L,7,34,Home
1994,1994-10-03,PIT,TEN,W,30,14,Home
1994,1994-10-09,ATL,TB,W,34,13,Home
1994,1994-10-09,BUF,MIA,W,21,11,Home
1994,1994-10-09,CHI,NO,W,17,7,Home
1994,1994-10-09,DAL,ARI,W,38,3,Home
1994,1994-10-09,DET,SF,L,21,27,Home
1994,1994-10-09,GB,LAR,W,24,17,Home
1994,1994-10-09,LAC,KC,W,20,6,Home
1994,1994-10-09,NE,LV,L,17,21,Home
1994,1994-10-09,NYJ,IND,W,16,6,Home
1994,1994-10-09,PHI,WAS,W,21,17,Home
1994,1994-10-09,SEA,DEN,L,9,16,Home
1994,1994-10-10,NYG,MIN,L,10,27,Home
1994,1994-10-13,TEN,CLE,L,8,11,Home
1994,1994-10-16,ATL,SF,L,3,42,Home
1994,1994-10-16,BUF,IND,L,17,27,Home
1994,1994-10-16,DAL,PHI,W,24,13,Home
1994,1994-10-16,LAR,NYG,W,17,10,Home
1994,1994-10-16,MIA,LV,W,20,17,Home
1994,1994-10-16,NO,LAC,L,22,36,Home
1994,1994-10-16,NYJ,NE,W,24,17,Home
1994,1994-10-16,PIT,CIN,W,14,10,Home
1994,1994-10-16,WAS,ARI,L,16,19,Home
1994,1994-10-17,DEN,KC,L,28,31,Home
1994,1994-10-20,MIN,GB,W,13,10,Home
1994,1994-10-23,ARI,DAL,L,21,28,Home
1994,1994-10-23,CLE,CIN,W,37,13,Home
1994,1994-10-23,DET,CHI,W,21,16,Home
1994,1994-10-23,IND,WAS,L,27,41,Home
1994,1994-10-23,KC,SEA,W,38,23,Home
1994,1994-10-23,LAC,DEN,L,15,20,Home
1994,1994-10-23,LV,ATL,W,30,17,Home
1994,1994-10-23,NO,LAR,W,37,34,Home
1994,1994-10-23,NYG,PIT,L,6,10,Home
1994,1994-10-23,SF,TB,W,41,16,Home
1994,1994-10-24,PHI,TEN,W,21,6,Home
1994,1994-10-30,ARI,PIT,W,20,17,Home
1994,1994-10-30,BUF,KC,W,44,10,Home
1994,1994-10-30,CIN,DAL,L,20,23,Home
1994,1994-10-30,DEN,CLE,W,26,14,Home
1994,1994-10-30,IND,NYJ,W,28,25,Home
1994,1994-10-30,LAC,SEA,W,35,15,Home
1994,1994-10-30,LV,TEN,W,17,14,Home
1994,1994-10-30,NE,MIA,L,3,23,Home
1994,1994-10-30,NYG,DET,L,25,28,Home
1994,1994-10-30,TB,MIN,L,13,36,Home
1994,1994-10-30,WAS,PHI,L,29,31,Home
1994,1994-10-31,CHI,GB,L,6,33,Home
1994,1994-11-06,ATL,LAC,W,10,9,Home
1994,1994-11-06,CLE,NE,W,13,6,Home
1994,1994-11-06,GB,DET,W,38,30,Home
1994,1994-11-06,KC,LV,W,13,3,Home
1994,1994-11-06,LAR,DEN,W,27,21,Home
1994,1994-11-06,MIA,IND,W,22,21,Home
1994,1994-11-06,MIN,NO,W,21,20,Home
1994,1994-11-06,NYJ,BUF,W,22,17,Home
1994,1994-11-06,PHI,ARI,W,17,7,Home
1994,1994-11-06,SEA,CIN,L,17,20,Home
1994,1994-11-06,TB,CHI,L,6,20,Home
1994,1994-11-06,TEN,PIT,L,9,12,Home
1994,1994-11-06,WAS,SF,L,22,37,Home
1994,1994-11-07,DAL,NYG,W,38,10,Home
1994,1994-11-13,CIN,TEN,W,34,31,Home
1994,1994-11-13,DEN,SEA,W,17,10,Home
1994,1994-11-13,DET,TB,W,14,9,Home
1994,1994-11-13,GB,NYJ,W,17,10,Home
1994,1994-11-13,KC,LAC,L,13,14,Home
1994,1994-11-13,LAR,LV,L,17,20,Home
1994,1994-11-13,MIA,CHI,L,14,17,Home
1994,1994-11-13,NE,MIN,W,26,20,Home
1994,1994-11-13,NO,ATL,W,33,32,Home
1994,1994-11-13,NYG,ARI,L,9,10,Home
1994,1994-11-13,PHI,CLE,L,7,26,Home
1994,1994-11-13,SF,DAL,W,21,14,Home
1994,1994-11-14,PIT,BUF,W,23,10,Home
1994,1994-11-20,ARI,PHI,W,12,6,Home
1994,1994-11-20,BUF,GB,W,29,20,Home
1994,1994-11-20,CHI,DET,W,20,10,Home
1994,1994-11-20,CIN,IND,L,13,17,Home
1994,1994-11-20,DAL,WAS,W,31,7,Home
1994,1994-11-20,DEN,ATL,W,32,28,Home
1994,1994-11-20,KC,CLE,W,20,13,Home
1994,1994-11-20,LV,NO,W,24,19,Home
1994,1994-11-20,MIN,NYJ,L,21,31,Home
1994,1994-11-20,NE,LAC,W,23,17,Home
1994,1994-11-20,PIT,MIA,W,16,13,Home
1994,1994-11-20,SEA,TB,W,22,21,Home
1994,1994-11-20,SF,LAR,W,31,27,Home
1994,1994-11-21,TEN,NYG,L,10,13,Home
1994,1994-11-24,DAL,GB,W,42,31,Home
1994,1994-11-24,DET,BUF,W,35,21,Home
1994,1994-11-27,ARI,CHI,L,16,19,Home
1994,1994-11-27,ATL,PHI,W,28,21,Home
1994,1994-11-27,CLE,TEN,W,34,10,Home
1994,1994-11-27,DEN,CIN,W,15,13,Home
1994,1994-11-27,IND,NE,L,10,12,Home
1994,1994-11-27,LAC,LAR,W,31,17,Home
1994,1994-11-27,LV,PIT,L,3,21,Home
1994,1994-11-27,MIN,TB,L,17,20,Home
1994,1994-11-27,NYJ,MIA,L,24,28,Home
1994,1994-11-27,SEA,KC,W,10,9,Home
1994,1994-11-27,WAS,NYG,L,19,21,Home
1994,1994-11-28,NO,SF,L,14,35,Home
1994,1994-12-01,MIN,CHI,W,33,27,Home
1994,1994-12-04,CIN,PIT,L,15,38,Home
1994,1994-12-04,CLE,NYG,L,13,16,Home
1994,1994-12-04,DET,GB,W,34,31,Home
1994,1994-12-04,KC,DEN,L,17,20,Home
1994,1994-12-04,LAR,NO,L,15,31,Home
1994,1994-12-04,MIA,BUF,L,31,42,Home
1994,1994-12-04,NE,NYJ,W,24,13,Home
1994,1994-12-04,PHI,DAL,L,19,31,Home
1994,1994-12-04,SEA,IND,L,19,31,Home
1994,1994-12-04,SF,ATL,W,50,14,Home
1994,1994-12-04,TB,WAS,W,26,21,Home
1994,1994-12-04,TEN,ARI,L,12,30,Home
1994,1994-12-05,LAC,LV,L,17,24,Home
1994,1994-12-10,DAL,CLE,L,14,19,Home
1994,1994-12-10,NYJ,DET,L,7,18,Home
1994,1994-12-11,ARI,WAS,W,17,15,Home
1994,1994-12-11,ATL,NO,L,20,29,Home
1994,1994-12-11,BUF,MIN,L,17,21,Home
1994,1994-12-11,GB,CHI,W,40,3,Home
1994,1994-12-11,LAC,SF,L,15,38,Home
1994,1994-12-11,LV,DEN,W,23,13,Home
1994,1994-12-11,NE,IND,W,28,13,Home
1994,1994-12-11,NYG,CIN,W,27,20,Home
1994,1994-12-11,PIT,PHI,W,14,3,Home
1994,1994-12-11,TB,LAR,W,24,14,Home
1994,1994-12-11,TEN,SEA,L,14,16,Home
1994,1994-12-12,MIA,KC,W,45,28,Home
1994,1994-12-17,DET,MIN,W,41,19,Home
1994,1994-12-17,SF,DEN,W,42,19,Home
1994,1994-12-18,ARI,CIN,W,28,7,Home
1994,1994-12-18,BUF,NE,L,17,41,Home
1994,1994-12-18,CHI,LAR,W,27,13,Home
1994,1994-12-18,GB,ATL,W,21,17,Home
1994,1994-12-18,IND,MIA,W,10,6,Home
1994,1994-12-18,KC,TEN,W,31,9,Home
1994,1994-12-18,NYJ,LAC,L,6,21,Home
1994,1994-12-18,PHI,NYG,L,13,16,Home
1994,1994-12-18,PIT,CLE,W,17,7,Home
1994,1994-12-18,SEA,LV,L,16,17,Home
1994,1994-12-18,WAS,TB,L,14,17,Home
1994,1994-12-19,NO,DAL,L,16,24,Home
1994,1994-12-24,ATL,ARI,W,10,6,Home
1994,1994-12-24,CHI,NE,L,3,13,Home
1994,1994-12-24,CIN,PHI,W,33,30,Home
1994,1994-12-24,CLE,SEA,W,35,9,Home
1994,1994-12-24,DEN,NO,L,28,30,Home
1994,1994-12-24,IND,BUF,W,10,9,Home
1994,1994-12-24,LAC,PIT,W,37,34,Home
1994,1994-12-24,LAR,WAS,L,21,24,Home
1994,1994-12-24,LV,KC,L,9,19,Home
1994,1994-12-24,NYG,DAL,W,15,10,Home
1994,1994-12-24,TB,GB,L,19,34,Home
1994,1994-12-24,TEN,NYJ,W,24,10,Home
1994,1994-12-25,MIA,DET,W,27,20,Home
1994,1994-12-26,MIN,SF,W,21,14,Home
1995,1995-09-03,ATL,CAR,W,23,20,Home
1995,1995-09-03,CHI,MIN,W,31,14,Home
1995,1995-09-03,DEN,BUF,W,22,7,Home
1995,1995-09-03,GB,LAR,L,14,17,Home
1995,1995-09-03,IND,CIN,L,21,24,Home
1995,1995-09-03,JAX,TEN,L,3,10,Home
1995,1995-09-03,LV,LAC,W,17,7,Home
1995,1995-09-03,MIA,NYJ,W,52,14,Home
1995,1995-09-03,NE,CLE,W,17,14,Home
1995,1995-09-03,NO,SF,L,22,24,Home
1995,1995-09-03,PHI,TB,L,6,21,Home
1995,1995-09-03,PIT,DET,W,23,20,Home
1995,1995-09-03,SEA,KC,L,10,34,Home
1995,1995-09-03,WAS,ARI,W,27,7,Home
1995,1995-09-04,NYG,DAL,L,0,35,Home
1995,1995-09-10,ARI,PHI,L,19,31,Home
1995,1995-09-10,BUF,CAR,W,31,9,Home
1995,1995-09-10,CIN,JAX,W,24,17,Home
1995,1995-09-10,CLE,TB,W,22,6,Home
1995,1995-09-10,DAL,DEN,W,31,21,Home
1995,1995-09-10,KC,NYG,W,20,17,Home
1995,1995-09-10,LAC,SEA,W,14,10,Home
1995,1995-09-10,LAR,NO,W,17,13,Home
1995,1995-09-10,MIN,DET,W,20,10,Home
1995,1995-09-10,NE,MIA,L,3,20,Home
1995,1995-09-10,NYJ,IND,L,24,27,Home
1995,1995-09-10,SF,ATL,W,41,10,Home
1995,1995-09-10,TEN,PIT,L,17,34,Home
1995,1995-09-10,WAS,LV,L,8,20,Home
1995,1995-09-11,CHI,GB,L,24,27,Home
1995,1995-09-17,BUF,IND,W,20,14,Home
1995,1995-09-17,CAR,LAR,L,10,31,Home
1995,1995-09-17,DEN,WAS,W,38,31,Home
1995,1995-09-17,DET,ARI,L,17,20,Home
1995,1995-09-17,GB,NYG,W,14,6,Home
1995,1995-09-17,KC,LV,W,23,17,Home
1995,1995-09-17,MIN,DAL,L,17,23,Home
1995,1995-09-17,NO,ATL,L,24,27,Home
1995,1995-09-17,NYJ,JAX,W,27,10,Home
1995,1995-09-17,PHI,LAC,L,21,27,Home
1995,1995-09-17,SEA,CIN,W,24,21,Home
1995,1995-09-17,SF,NE,W,28,3,Home
1995,1995-09-17,TB,CHI,L,6,25,Home
1995,1995-09-17,TEN,CLE,L,7,14,Home
1995,1995-09-18,MIA,PIT,W,23,10,Home
1995,1995-09-24,ATL,NYJ,W,13,3,Home
1995,1995-09-24,CIN,TEN,L,28,38,Home
1995,1995-09-24,CLE,KC,W,35,17,Home
1995,1995-09-24,DAL,ARI,W,34,20,Home
1995,1995-09-24,JAX,GB,L,14,24,Home
1995,1995-09-24,LAC,DEN,W,17,6,Home
1995,1995-09-24,LAR,CHI,W,34,28,Home
1995,1995-09-24,LV,PHI,W,48,17,Home
1995,1995-09-24,NYG,NO,W,45,29,Home
1995,1995-09-24,PIT,MIN,L,24,44,Home
1995,1995-09-24,TB,WAS,W,14,6,Home
1995,1995-09-25,DET,SF,W,27,24,Home
1995,1995-10-01,ARI,KC,L,3,24,Home
1995,1995-10-01,ATL,NE,W,30,17,Home
1995,1995-10-01,CAR,TB,L,13,20,Home
1995,1995-10-01,CIN,MIA,L,23,26,Home
1995,1995-10-01,IND,LAR,W,21,18,Home
1995,1995-10-01,NO,PHI,L,10,15,Home
1995,1995-10-01,NYJ,LV,L,10,47,Home
1995,1995-10-01,PIT,LAC,W,31,16,Home
1995,1995-10-01,SEA,DEN,W,27,10,Home
1995,1995-10-01,SF,NYG,W,20,6,Home
1995,1995-10-01,TEN,JAX,L,16,17,Home
1995,1995-10-01,WAS,DAL,W,27,23,Home
1995,1995-10-02,CLE,BUF,L,19,22,Home
1995,1995-10-08,BUF,NYJ,W,29,10,Home
1995,1995-10-08,CHI,CAR,W,31,27,Home
1995,1995-10-08,DAL,GB,W,34,24,Home
1995,1995-10-08,DET,CLE,W,38,20,Home
1995,1995-10-08,JAX,PIT,W,20,16,Home
1995,1995-10-08,LV,SEA,W,34,14,Home
1995,1995-10-08,MIA,IND,L,24,27,Home
1995,1995-10-08,MIN,TEN,W,23,17,Home
1995,1995-10-08,NE,DEN,L,3,37,Home
1995,1995-10-08,NYG,ARI,W,27,21,Home
1995,1995-10-08,PHI,WAS,W,37,34,Home
1995,1995-10-08,TB,CIN,W,19,16,Home
1995,1995-10-09,KC,LAC,W,29,23,Home
1995,1995-10-12,LAR,ATL,W,21,19,Home
1995,1995-10-15,ARI,WAS,W,24,20,Home
1995,1995-10-15,BUF,SEA,W,27,21,Home
1995,1995-10-15,CAR,NYJ,W,26,15,Home
1995,1995-10-15,GB,DET,W,30,21,Home
1995,1995-10-15,IND,SF,W,18,17,Home
1995,1995-10-15,JAX,CHI,L,27,30,Home
1995,1995-10-15,KC,NE,W,31,26,Home
1995,1995-10-15,LAC,DAL,L,9,23,Home
1995,1995-10-15,NO,MIA,W,33,30,Home
1995,1995-10-15,NYG,PHI,L,14,17,Home
1995,1995-10-15,TB,MIN,W,20,17,Home
1995,1995-10-16,DEN,LV,W,27,0,Home
1995,1995-10-19,PIT,CIN,L,9,27,Home
1995,1995-10-22,CAR,NO,W,20,3,Home
1995,1995-10-22,CHI,TEN,W,35,32,Home
1995,1995-10-22,CLE,JAX,L,15,23,Home
1995,1995-10-22,DEN,KC,L,7,21,Home
1995,1995-10-22,GB,MIN,W,38,21,Home
1995,1995-10-22,LAR,SF,L,10,44,Home
1995,1995-10-22,LV,IND,W,30,17,Home
1995,1995-10-22,NYJ,MIA,W,17,16,Home
1995,1995-10-22,SEA,LAC,L,25,35,Home
1995,1995-10-22,TB,ATL,L,21,24,Home
1995,1995-10-22,WAS,DET,W,36,30,Home
1995,1995-10-23,NE,BUF,W,27,14,Home
1995,1995-10-29,ARI,SEA,W,20,14,Home
1995,1995-10-29,ATL,DAL,L,13,28,Home
1995,1995-10-29,CIN,CLE,L,26,29,Home
1995,1995-10-29,DET,GB,W,24,16,Home
1995,1995-10-29,IND,NYJ,W,17,10,Home
1995,1995-10-29,MIA,BUF,W,23,6,Home
1995,1995-10-29,NE,CAR,L,17,20,Home
1995,1995-10-29,PHI,LAR,W,20,9,Home
1995,1995-10-29,PIT,JAX,W,24,7,Home
1995,1995-10-29,SF,NO,L,7,11,Home
1995,1995-10-29,TEN,TB,W,19,7,Home
1995,1995-10-29,WAS,NYG,L,15,24,Home
1995,1995-10-30,MIN,CHI,L,6,14,Home
1995,1995-11-05,ATL,DET,W,34,22,Home
1995,1995-11-05,CHI,PIT,L,34,37,Home
1995,1995-11-05,CIN,LV,L,17,20,Home
1995,1995-11-05,CLE,TEN,L,10,37,Home
1995,1995-11-05,DEN,ARI,W,38,6,Home
1995,1995-11-05,IND,BUF,L,10,16,Home
1995,1995-11-05,KC,WAS,W,24,3,Home
1995,1995-11-05,LAC,MIA,L,14,24,Home
1995,1995-11-05,MIN,GB,W,27,24,Home
1995,1995-11-05,NO,LAR,W,19,10,Home
1995,1995-11-05,NYJ,NE,L,7,20,Home
1995,1995-11-05,SEA,NYG,W,30,28,Home
1995,1995-11-05,SF,CAR,L,7,13,Home
1995,1995-11-06,DAL,PHI,W,34,12,Home
1995,1995-11-12,ARI,MIN,L,24,30,Home
1995,1995-11-12,BUF,ATL,W,23,17,Home
1995,1995-11-12,DAL,SF,L,20,38,Home
1995,1995-11-12,DET,TB,W,27,24,Home
1995,1995-11-12,GB,CHI,W,35,28,Home
1995,1995-11-12,JAX,SEA,L,30,47,Home
1995,1995-11-12,LAC,KC,L,7,22,Home
1995,1995-11-12,LAR,CAR,W,28,17,Home
1995,1995-11-12,MIA,NE,L,17,34,Home
1995,1995-11-12,NO,IND,W,17,14,Home
1995,1995-11-12,NYG,LV,L,13,17,Home
1995,1995-11-12,PHI,DEN,W,31,13,Home
1995,1995-11-12,TEN,CIN,L,25,32,Home
1995,1995-11-13,PIT,CLE,W,20,3,Home
1995,1995-11-19,ATL,LAR,W,31,6,Home
1995,1995-11-19,CAR,ARI,W,27,7,Home
1995,1995-11-19,CHI,DET,L,17,24,Home
1995,1995-11-19,CIN,PIT,L,31,49,Home
1995,1995-11-19,CLE,GB,L,20,31,Home
1995,1995-11-19,DEN,LAC,W,30,27,Home
1995,1995-11-19,KC,TEN,W,20,13,Home
1995,1995-11-19,LV,DAL,L,21,34,Home
1995,1995-11-19,MIN,NO,W,43,24,Home
1995,1995-11-19,NE,IND,L,10,24,Home
1995,1995-11-19,NYJ,BUF,L,26,28,Home
1995,1995-11-19,PHI,NYG,W,28,19,Home
1995,1995-11-19,TB,JAX,W,17,16,Home
1995,1995-11-19,WAS,SEA,L,20,27,Home
1995,1995-11-20,MIA,SF,L,20,44,Home
1995,1995-11-23,DAL,KC,W,24,12,Home
1995,1995-11-23,DET,MIN,W,44,38,Home
1995,1995-11-26,ARI,ATL,W,40,37,Home
1995,1995-11-26,BUF,NE,L,25,35,Home
1995,1995-11-26,CLE,PIT,L,17,20,Home
1995,1995-11-26,GB,TB,W,35,13,Home
1995,1995-11-26,IND,MIA,W,36,28,Home
1995,1995-11-26,JAX,CIN,L,13,17,Home
1995,1995-11-26,NO,CAR,W,34,26,Home
1995,1995-11-26,NYG,CHI,L,24,27,Home
1995,1995-11-26,SEA,NYJ,L,10,16,Home
1995,1995-11-26,SF,LAR,W,41,13,Home
1995,1995-11-26,TEN,DEN,W,42,33,Home
1995,1995-11-26,WAS,PHI,L,7,14,Home
1995,1995-11-27,LAC,LV,W,12,6,Home
1995,1995-11-30,ARI,NYG,L,6,10,Home
1995,1995-12-03,CAR,IND,W,13,10,Home
1995,1995-12-03,DAL,WAS,L,17,24,Home
1995,1995-12-03,DEN,JAX,W,31,23,Home
1995,1995-12-03,GB,CIN,W,24,10,Home
1995,1995-12-03,LAC,CLE,W,31,13,Home
1995,1995-12-03,LV,KC,L,23,29,Home
1995,1995-12-03,MIA,ATL,W,21,20,Home
1995,1995-12-03,MIN,TB,W,31,17,Home
1995,1995-12-03,NE,NO,L,17,31,Home
1995,1995-12-03,NYJ,LAR,L,20,23,Home
1995,1995-12-03,PIT,TEN,W,21,7,Home
1995,1995-12-03,SEA,PHI,W,26,14,Home
1995,1995-12-03,SF,BUF,W,27,17,Home
1995,1995-12-04,DET,CHI,W,27,7,Home
1995,1995-12-09,LAC,ARI,W,28,25,Home
1995,1995-12-09,MIN,CLE,W,27,11,Home
1995,1995-12-10,ATL,NO,W,19,14,Home
1995,1995-12-10,CAR,SF,L,10,31,Home
1995,1995-12-10,CIN,CHI,W,16,10,Home
1995,1995-12-10,DEN,SEA,L,27,31,Home
1995,1995-12-10,JAX,IND,L,31,41,Home
1995,1995-12-10,LAR,BUF,L,27,45,Home
1995,1995-12-10,LV,PIT,L,10,29,Home
1995,1995-12-10,NE,NYJ,W,31,28,Home
1995,1995-12-10,NYG,WAS,W,20,13,Home
1995,1995-12-10,PHI,DAL,W,20,17,Home
1995,1995-12-10,TB,GB,W,13,10,Home
1995,1995-12-10,TEN,DET,L,17,24,Home
1995,1995-12-11,MIA,KC,W,13,6,Home
1995,1995-12-16,NO,GB,L,23,34,Home
1995,1995-12-16,PIT,NE,W,41,27,Home
1995,1995-12-17,BUF,MIA,W,23,20,Home
1995,1995-12-17,CAR,ATL,W,21,17,Home
1995,1995-12-17,CHI,TB,W,31,10,Home
1995,1995-12-17,CLE,CIN,W,26,10,Home
1995,1995-12-17,DAL,NYG,W,21,20,Home
1995,1995-12-17,DET,JAX,W,44,0,Home
1995,1995-12-17,IND,LAC,L,24,27,Home
1995,1995-12-17,KC,DEN,W,20,17,Home
1995,1995-12-17,LAR,WAS,L,23,35,Home
1995,1995-12-17,PHI,ARI,W,21,20,Home
1995,1995-12-17,SEA,LV,W,44,10,Home
1995,1995-12-17,TEN,NYJ,W,23,6,Home
1995,1995-12-18,SF,MIN,W,37,30,Home
1995,1995-12-23,IND,NE,W,10,7,Home
1995,1995-12-23,NYG,LAC,L,17,27,Home
1995,1995-12-23,TB,DET,L,10,37,Home
1995,1995-12-24,ATL,SF,W,28,27,Home
1995,1995-12-24,BUF,TEN,L,17,28,Home
1995,1995-12-24,CHI,PHI,W,20,14,Home
1995,1995-12-24,CIN,MIN,W,27,24,Home
1995,1995-12-24,GB,PIT,W,24,19,Home
1995,1995-12-24,JAX,CLE,W,24,21,Home
1995,1995-12-24,KC,SEA,W,26,3,Home
1995,1995-12-24,LAR,MIA,L,22,41,Home
1995,1995-12-24,LV,DEN,L,28,31,Home
1995,1995-12-24,NYJ,NO,L,0,12,Home
1995,1995-12-24,WAS,CAR,W,20,17,Home
1995,1995-12-25,ARI,DAL,L,13,37,Home
1996,1996-09-01,BAL,LV,W,19,14,Home
1996,1996-09-01,CAR,ATL,W,29,6,Home
1996,1996-09-01,DEN,NYJ,W,31,6,Home
1996,1996-09-01,IND,ARI,W,20,13,Home
1996,1996-09-01,JAX,PIT,W,24,9,Home
1996,1996-09-01,LAC,SEA,W,29,7,Home
1996,1996-09-01,LAR,CIN,W,26,16,Home
1996,1996-09-01,MIA,NE,W,24,10,Home
1996,1996-09-01,MIN,DET,W,17,13,Home
1996,1996-09-01,NYG,BUF,L,20,23,Home
1996,1996-09-01,SF,NO,W,27,11,Home
1996,1996-09-01,TB,GB,L,3,34,Home
1996,1996-09-01,TEN,KC,L,19,20,Home
1996,1996-09-01,WAS,PHI,L,14,17,Home
1996,1996-09-02,CHI,DAL,W,22,6,Home
1996,1996-09-08,ARI,MIA,L,10,38,Home
1996,1996-09-08,ATL,MIN,L,17,23,Home
1996,1996-09-08,BUF,NE,W,17,10,Home
1996,1996-09-08,DAL,NYG,W,27,0,Home
1996,1996-09-08,DET,TB,W,21,6,Home
1996,1996-09-08,JAX,TEN,L,27,34,Home
1996,1996-09-08,KC,LV,W,19,3,Home
1996,1996-09-08,LAC,CIN,W,27,14,Home
1996,1996-09-08,NO,CAR,L,20,22,Home
1996,1996-09-08,NYJ,IND,L,7,21,Home
1996,1996-09-08,PIT,BAL,W,31,17,Home
1996,1996-09-08,SEA,DEN,L,20,30,Home
1996,1996-09-08,SF,LAR,W,34,0,Home
1996,1996-09-08,WAS,CHI,W,10,3,Home
1996,1996-09-09,GB,PHI,W,39,13,Home
1996,1996-09-15,CHI,MIN,L,14,20,Home
1996,1996-09-15,CIN,NO,W,30,15,Home
1996,1996-09-15,DAL,IND,L,24,25,Home
1996,1996-09-15,DEN,TB,W,27,23,Home
1996,1996-09-15,GB,LAC,W,42,10,Home
1996,1996-09-15,LV,JAX,W,17,3,Home
1996,1996-09-15,MIA,NYJ,W,36,27,Home
1996,1996-09-15,NE,ARI,W,31,0,Home
1996,1996-09-15,NYG,WAS,L,10,31,Home
1996,1996-09-15,PHI,DET,W,24,17,Home
1996,1996-09-15,SEA,KC,L,17,35,Home
1996,1996-09-15,TEN,BAL,W,29,13,Home
1996,1996-09-16,PIT,BUF,W,24,6,Home
1996,1996-09-22,ATL,PHI,L,18,33,Home
1996,1996-09-22,BUF,DAL,W,10,7,Home
1996,1996-09-22,CAR,SF,W,23,7,Home
1996,1996-09-22,DET,CHI,W,35,16,Home
1996,1996-09-22,KC,DEN,W,17,14,Home
1996,1996-09-22,LAR,WAS,L,10,17,Home
1996,1996-09-22,LV,LAC,L,34,40,Home
1996,1996-09-22,MIN,GB,W,30,21,Home
1996,1996-09-22,NE,JAX,W,28,25,Home
1996,1996-09-22,NO,ARI,L,14,28,Home
1996,1996-09-22,NYJ,NYG,L,6,13,Home
1996,1996-09-22,TB,SEA,L,13,17,Home
1996,1996-09-23,IND,MIA,W,10,6,Home
1996,1996-09-29,ARI,LAR,W,31,28,Home
1996,1996-09-29,BAL,NO,W,17,10,Home
1996,1996-09-29,CHI,LV,W,19,17,Home
1996,1996-09-29,CIN,DEN,L,10,14,Home
1996,1996-09-29,JAX,CAR,W,24,14,Home
1996,1996-09-29,LAC,KC,W,22,19,Home
1996,1996-09-29,NYG,MIN,W,15,10,Home
1996,1996-09-29,PIT,TEN,W,30,16,Home
1996,1996-09-29,SEA,GB,L,10,31,Home
1996,1996-09-29,SF,ATL,W,39,17,Home
1996,1996-09-29,TB,DET,L,0,27,Home
1996,1996-09-29,WAS,NYJ,W,31,16,Home
1996,1996-09-30,PHI,DAL,L,19,23,Home
1996,1996-10-06,BAL,NE,L,38,46,Home
1996,1996-10-06,BUF,IND,W,16,13,Home
1996,1996-10-06,CHI,GB,L,6,37,Home
1996,1996-10-06,CIN,TEN,L,27,30,Home
1996,1996-10-06,DEN,LAC,W,28,17,Home
1996,1996-10-06,DET,ATL,W,28,24,Home
1996,1996-10-06,LAR,SF,L,11,28,Home
1996,1996-10-06,MIA,SEA,L,15,22,Home
1996,1996-10-06,MIN,CAR,W,14,12,Home
1996,1996-10-06,NO,JAX,W,17,13,Home
1996,1996-10-06,NYJ,LV,L,13,34,Home
1996,1996-10-07,KC,PIT,L,7,17,Home
1996,1996-10-13,ATL,TEN,L,13,23,Home
1996,1996-10-13,BUF,MIA,L,7,21,Home
1996,1996-10-13,CAR,LAR,W,45,13,Home
1996,1996-10-13,DAL,ARI,W,17,3,Home
1996,1996-10-13,IND,BAL,W,26,21,Home
1996,1996-10-13,JAX,NYJ,W,21,17,Home
1996,1996-10-13,LV,DET,W,37,21,Home
1996,1996-10-13,NE,WAS,L,22,27,Home
1996,1996-10-13,NO,CHI,W,27,24,Home
1996,1996-10-13,NYG,PHI,L,10,19,Home
1996,1996-10-13,PIT,CIN,W,20,10,Home
1996,1996-10-13,TB,MIN,W,24,13,Home
1996,1996-10-14,GB,SF,W,23,20,Home
1996,1996-10-17,KC,SEA,W,34,16,Home
1996,1996-10-20,ARI,TB,W,13,9,Home
1996,1996-10-20,CAR,NO,W,19,7,Home
1996,1996-10-20,DAL,ATL,W,32,28,Home
1996,1996-10-20,DEN,BAL,W,45,34,Home
1996,1996-10-20,IND,NE,L,9,27,Home
1996,1996-10-20,LAR,JAX,W,17,14,Home
1996,1996-10-20,NYJ,BUF,L,22,25,Home
1996,1996-10-20,PHI,MIA,W,35,28,Home
1996,1996-10-20,SF,CIN,W,28,21,Home
1996,1996-10-20,TEN,PIT,W,23,13,Home
1996,1996-10-20,WAS,NYG,W,31,21,Home
1996,1996-10-21,LAC,LV,L,14,23,Home
1996,1996-10-27,ARI,NYJ,L,21,31,Home
1996,1996-10-27,ATL,PIT,L,17,20,Home
1996,1996-10-27,BAL,LAR,W,37,31,Home
1996,1996-10-27,CIN,JAX,W,28,21,Home
1996,1996-10-27,DEN,KC,W,34,7,Home
1996,1996-10-27,DET,NYG,L,7,35,Home
1996,1996-10-27,GB,TB,W,13,7,Home
1996,1996-10-27,MIA,DAL,L,10,29,Home
1996,1996-10-27,NE,BUF,W,28,25,Home
1996,1996-10-27,PHI,CAR,W,20,9,Home
1996,1996-10-27,SEA,LAC,W,32,13,Home
1996,1996-10-27,TEN,SF,L,9,10,Home
1996,1996-10-27,WAS,IND,W,31,16,Home
1996,1996-10-28,MIN,CHI,L,13,15,Home
1996,1996-11-03,ATL,CAR,W,20,17,Home
1996,1996-11-03,BAL,CIN,L,21,24,Home
1996,1996-11-03,BUF,WAS,W,38,13,Home
1996,1996-11-03,CHI,TB,W,13,10,Home
1996,1996-11-03,DAL,PHI,L,21,31,Home
1996,1996-11-03,GB,DET,W,28,18,Home
1996,1996-11-03,IND,LAC,L,19,26,Home
1996,1996-11-03,MIN,KC,L,6,21,Home
1996,1996-11-03,NE,MIA,W,42,23,Home
1996,1996-11-03,NO,SF,L,17,24,Home
1996,1996-11-03,NYG,ARI,W,16,8,Home
1996,1996-11-03,PIT,LAR,W,42,6,Home
1996,1996-11-03,SEA,TEN,W,23,16,Home
1996,1996-11-04,LV,DEN,L,21,22,Home
1996,1996-11-10,CAR,NYG,W,27,17,Home
1996,1996-11-10,CIN,PIT,W,34,24,Home
1996,1996-11-10,DEN,CHI,W,17,12,Home
1996,1996-11-10,JAX,BAL,W,30,27,Home
1996,1996-11-10,KC,GB,W,27,20,Home
1996,1996-11-10,LAR,ATL,W,59,16,Home
1996,1996-11-10,MIA,IND,W,37,13,Home
1996,1996-11-10,NO,TEN,L,14,31,Home
1996,1996-11-10,NYJ,NE,L,27,31,Home
1996,1996-11-10,PHI,BUF,L,17,24,Home
1996,1996-11-10,SEA,MIN,W,42,23,Home
1996,1996-11-10,SF,DAL,L,17,20,Home
1996,1996-11-10,TB,LV,W,20,17,Home
1996,1996-11-10,WAS,ARI,L,34,37,Home
1996,1996-11-11,LAC,DET,W,27,21,Home
1996,1996-11-17,ARI,NYG,W,31,23,Home
1996,1996-11-17,ATL,NO,W,17,15,Home
1996,1996-11-17,BUF,CIN,W,31,17,Home
1996,1996-11-17,DET,SEA,W,17,16,Home
1996,1996-11-17,IND,NYJ,W,34,29,Home
1996,1996-11-17,KC,CHI,W,14,10,Home
1996,1996-11-17,LAC,TB,L,17,25,Home
1996,1996-11-17,LAR,CAR,L,10,20,Home
1996,1996-11-17,LV,MIN,L,13,16,Home
1996,1996-11-17,NE,DEN,L,8,34,Home
1996,1996-11-17,PHI,WAS,L,21,26,Home
1996,1996-11-17,PIT,JAX,W,28,3,Home
1996,1996-11-17,SF,BAL,W,38,20,Home
1996,1996-11-17,TEN,MIA,L,20,23,Home
1996,1996-11-18,DAL,GB,W,21,6,Home
1996,1996-11-24,ARI,PHI,W,36,30,Home
1996,1996-11-24,BAL,JAX,L,25,28,Home
1996,1996-11-24,BUF,NYJ,W,35,10,Home
1996,1996-11-24,CHI,DET,W,31,14,Home
1996,1996-11-24,CIN,ATL,W,41,31,Home
1996,1996-11-24,KC,LAC,L,14,28,Home
1996,1996-11-24,LAR,GB,L,9,24,Home
1996,1996-11-24,MIN,DEN,L,17,21,Home
1996,1996-11-24,NE,IND,W,27,13,Home
1996,1996-11-24,NYG,DAL,W,20,6,Home
1996,1996-11-24,SEA,LV,L,21,27,Home
1996,1996-11-24,TB,NO,W,13,7,Home
1996,1996-11-24,TEN,CAR,L,6,31,Home
1996,1996-11-24,WAS,SF,L,16,19,Home
1996,1996-11-25,MIA,PIT,L,17,24,Home
1996,1996-11-28,DAL,WAS,W,21,10,Home
1996,1996-11-28,DET,KC,L,24,28,Home
1996,1996-12-01,BAL,PIT,W,31,17,Home
1996,1996-12-01,CAR,TB,W,24,0,Home
1996,1996-12-01,DEN,SEA,W,34,7,Home
1996,1996-12-01,GB,CHI,W,28,17,Home
1996,1996-12-01,IND,BUF,W,13,10,Home
1996,1996-12-01,JAX,CIN,W,30,27,Home
1996,1996-12-01,LAC,NE,L,7,45,Home
1996,1996-12-01,LV,MIA,W,17,7,Home
1996,1996-12-01,MIN,ARI,W,41,17,Home
1996,1996-12-01,NO,LAR,L,10,26,Home
1996,1996-12-01,NYJ,TEN,L,10,35,Home
1996,1996-12-01,PHI,NYG,W,24,0,Home
1996,1996-12-02,ATL,SF,L,10,34,Home
1996,1996-12-05,IND,PHI,W,37,10,Home
1996,1996-12-08,ARI,DAL,L,6,10,Home
1996,1996-12-08,CHI,LAR,W,35,9,Home
1996,1996-12-08,CIN,BAL,W,21,14,Home
1996,1996-12-08,DET,MIN,L,22,24,Home
1996,1996-12-08,GB,DEN,W,41,6,Home
1996,1996-12-08,MIA,NYG,L,7,17,Home
1996,1996-12-08,NE,NYJ,W,34,10,Home
1996,1996-12-08,NO,ATL,L,15,31,Home
1996,1996-12-08,PIT,LAC,W,16,3,Home
1996,1996-12-08,SEA,BUF,W,26,18,Home
1996,1996-12-08,SF,CAR,L,24,30,Home
1996,1996-12-08,TB,WAS,W,24,10,Home
1996,1996-12-08,TEN,JAX,L,17,23,Home
1996,1996-12-09,LV,KC,W,26,7,Home
1996,1996-12-14,CHI,LAC,W,27,14,Home
1996,1996-12-14,NYJ,PHI,L,20,21,Home
1996,1996-12-15,ARI,WAS,W,27,26,Home
1996,1996-12-15,ATL,LAR,L,27,34,Home
1996,1996-12-15,CAR,BAL,W,27,16,Home
1996,1996-12-15,DAL,NE,W,12,6,Home
1996,1996-12-15,DEN,LV,W,24,19,Home
1996,1996-12-15,DET,GB,L,3,31,Home
1996,1996-12-15,JAX,SEA,W,20,13,Home
1996,1996-12-15,KC,IND,L,19,24,Home
1996,1996-12-15,MIN,TB,W,21,10,Home
1996,1996-12-15,NYG,NO,L,3,17,Home
1996,1996-12-15,PIT,SF,L,15,25,Home
1996,1996-12-15,TEN,CIN,L,13,21,Home
1996,1996-12-16,MIA,BUF,W,16,14,Home
1996,1996-12-21,LAR,NO,W,14,13,Home
1996,1996-12-21,NYG,NE,L,22,23,Home
1996,1996-12-22,BAL,TEN,L,21,24,Home
1996,1996-12-22,BUF,KC,W,20,9,Home
1996,1996-12-22,CAR,PIT,W,18,14,Home
1996,1996-12-22,CIN,IND,W,31,24,Home
1996,1996-12-22,GB,MIN,W,38,10,Home
1996,1996-12-22,JAX,ATL,W,19,17,Home
1996,1996-12-22,LAC,DEN,W,16,10,Home
1996,1996-12-22,LV,SEA,L,21,28,Home
1996,1996-12-22,NYJ,MIA,L,28,31,Home
1996,1996-12-22,PHI,ARI,W,29,19,Home
1996,1996-12-22,TB,CHI,W,34,19,Home
1996,1996-12-22,WAS,DAL,W,37,10,Home
1996,1996-12-23,SF,DET,W,24,14,Home
1997,1997-08-31,BAL,JAX,L,27,28,Home
1997,1997-08-31,BUF,MIN,L,13,34,Home
1997,1997-08-31,CAR,WAS,L,10,24,Home
1997,1997-08-31,CIN,ARI,W,24,21,Home
1997,1997-08-31,DEN,KC,W,19,3,Home
1997,1997-08-31,DET,ATL,W,28,17,Home
1997,1997-08-31,LAR,NO,W,38,24,Home
1997,1997-08-31,MIA,IND,W,16,10,Home
1997,1997-08-31,NE,LAC,W,41,7,Home
1997,1997-08-31,NYG,PHI,W,31,17,Home
1997,1997-08-31,PIT,DAL,L,7,37,Home
1997,1997-08-31,SEA,NYJ,L,3,41,Home
1997,1997-08-31,TB,SF,W,13,6,Home
1997,1997-08-31,TEN,LV,W,24,21,Home
1997,1997-09-01,GB,CHI,W,38,24,Home
1997,1997-09-07,ARI,DAL,W,25,22,Home
1997,1997-09-07,ATL,CAR,L,6,9,Home
1997,1997-09-07,BAL,CIN,W,23,10,Home
1997,1997-09-07,CHI,MIN,L,24,27,Home
1997,1997-09-07,DET,TB,L,17,24,Home
1997,1997-09-07,IND,NE,L,6,31,Home
1997,1997-09-07,JAX,NYG,W,40,13,Home
1997,1997-09-07,LAR,SF,L,12,15,Home
1997,1997-09-07,MIA,TEN,W,16,13,Home
1997,1997-09-07,NO,LAC,L,6,20,Home
1997,1997-09-07,NYJ,BUF,L,22,28,Home
1997,1997-09-07,PHI,GB,W,10,9,Home
1997,1997-09-07,PIT,WAS,W,14,13,Home
1997,1997-09-07,SEA,DEN,L,14,35,Home
1997,1997-09-08,LV,KC,L,27,28,Home
1997,1997-09-14,ATL,LV,L,31,36,Home
1997,1997-09-14,CHI,DET,L,7,32,Home
1997,1997-09-14,DEN,LAR,W,35,14,Home
1997,1997-09-14,GB,MIA,W,23,18,Home
1997,1997-09-14,IND,SEA,L,3,31,Home
1997,1997-09-14,KC,BUF,W,22,16,Home
1997,1997-09-14,LAC,CAR,L,7,26,Home
1997,1997-09-14,MIN,TB,L,14,28,Home
1997,1997-09-14,NE,NYJ,W,27,24,Home
1997,1997-09-14,NYG,BAL,L,23,24,Home
1997,1997-09-14,SF,NO,W,33,7,Home
1997,1997-09-14,WAS,ARI,W,19,13,Home
1997,1997-09-15,DAL,PHI,W,21,20,Home
1997,1997-09-21,BUF,IND,W,37,35,Home
1997,1997-09-21,CAR,KC,L,14,35,Home
1997,1997-09-21,DEN,CIN,W,38,20,Home
1997,1997-09-21,GB,MIN,W,38,32,Home
1997,1997-09-21,LAR,NYG,W,13,3,Home
1997,1997-09-21,NE,CHI,W,31,3,Home
1997,1997-09-21,NO,DET,W,35,17,Home
1997,1997-09-21,NYJ,LV,W,23,22,Home
1997,1997-09-21,SEA,LAC,W,26,22,Home
1997,1997-09-21,SF,ATL,W,34,7,Home
1997,1997-09-21,TB,MIA,W,31,21,Home
1997,1997-09-21,TEN,BAL,L,10,36,Home
1997,1997-09-22,JAX,PIT,W,30,21,Home
1997,1997-09-28,ATL,DEN,L,21,29,Home
1997,1997-09-28,CIN,NYJ,L,14,31,Home
1997,1997-09-28,DAL,CHI,W,27,3,Home
1997,1997-09-28,DET,GB,W,26,15,Home
1997,1997-09-28,KC,SEA,W,20,17,Home
1997,1997-09-28,LAC,BAL,W,21,17,Home
1997,1997-09-28,LV,LAR,W,35,17,Home
1997,1997-09-28,MIN,PHI,W,28,19,Home
1997,1997-09-28,NYG,NO,W,14,9,Home
1997,1997-09-28,PIT,TEN,W,37,24,Home
1997,1997-09-28,TB,ARI,W,19,18,Home
1997,1997-09-28,WAS,JAX,W,24,12,Home
1997,1997-09-29,CAR,SF,L,21,34,Home
1997,1997-10-05,ARI,MIN,L,19,20,Home
1997,1997-10-05,BAL,PIT,L,34,42,Home
1997,1997-10-05,BUF,DET,W,22,13,Home
1997,1997-10-05,CHI,NO,L,17,20,Home
1997,1997-10-05,GB,TB,W,21,16,Home
1997,1997-10-05,IND,NYJ,L,12,16,Home
1997,1997-10-05,JAX,CIN,W,21,13,Home
1997,1997-10-05,LV,LAC,L,10,25,Home
1997,1997-10-05,MIA,KC,W,17,14,Home
1997,1997-10-05,NYG,DAL,W,20,17,Home
1997,1997-10-05,PHI,WAS,W,24,10,Home
1997,1997-10-05,SEA,TEN,W,16,13,Home
1997,1997-10-06,DEN,NE,W,34,13,Home
1997,1997-10-12,ARI,NYG,L,13,27,Home
1997,1997-10-12,CHI,GB,L,23,24,Home
1997,1997-10-12,JAX,PHI,W,38,21,Home
1997,1997-10-12,MIN,CAR,W,21,14,Home
1997,1997-10-12,NE,BUF,W,33,6,Home
1997,1997-10-12,NO,ATL,L,17,23,Home
1997,1997-10-12,NYJ,MIA,L,20,31,Home
1997,1997-10-12,PIT,IND,W,24,22,Home
1997,1997-10-12,SF,LAR,W,30,10,Home
1997,1997-10-12,TB,DET,L,9,27,Home
1997,1997-10-12,TEN,CIN,W,30,7,Home
1997,1997-10-13,WAS,DAL,W,21,16,Home
1997,1997-10-16,KC,LAC,W,31,3,Home
1997,1997-10-19,ATL,SF,L,28,35,Home
1997,1997-10-19,BAL,MIA,L,13,24,Home
1997,1997-10-19,CIN,PIT,L,10,26,Home
1997,1997-10-19,DAL,JAX,W,26,22,Home
1997,1997-10-19,DET,NYG,L,20,26,Home
1997,1997-10-19,LAR,SEA,L,9,17,Home
1997,1997-10-19,LV,DEN,W,28,25,Home
1997,1997-10-19,NO,CAR,L,0,13,Home
1997,1997-10-19,NYJ,NE,W,24,19,Home
1997,1997-10-19,PHI,ARI,W,13,10,Home
1997,1997-10-19,TEN,WAS,W,28,14,Home
1997,1997-10-20,IND,BUF,L,6,9,Home
1997,1997-10-26,ARI,TEN,L,14,41,Home
1997,1997-10-26,BUF,DEN,L,20,23,Home
1997,1997-10-26,CAR,ATL,W,21,12,Home
1997,1997-10-26,LAC,IND,W,35,19,Home
1997,1997-10-26,LAR,KC,L,20,28,Home
1997,1997-10-26,NO,SF,L,0,23,Home
1997,1997-10-26,NYG,CIN,W,29,27,Home
1997,1997-10-26,PHI,DAL,W,13,12,Home
1997,1997-10-26,PIT,JAX,W,23,17,Home
1997,1997-10-26,SEA,LV,W,45,34,Home
1997,1997-10-26,TB,MIN,L,6,10,Home
1997,1997-10-26,WAS,BAL,L,17,20,Home
1997,1997-10-27,MIA,CHI,L,33,36,Home
1997,1997-10-27,NE,GB,L,10,28,Home
1997,1997-11-02,ARI,PHI,W,31,21,Home
1997,1997-11-02,ATL,LAR,W,34,31,Home
1997,1997-11-02,BUF,MIA,W,9,6,Home
1997,1997-11-02,CAR,LV,W,38,14,Home
1997,1997-11-02,CHI,WAS,L,8,31,Home
1997,1997-11-02,CIN,LAC,W,38,31,Home
1997,1997-11-02,DEN,SEA,W,30,27,Home
1997,1997-11-02,GB,DET,W,20,10,Home
1997,1997-11-02,IND,TB,L,28,31,Home
1997,1997-11-02,MIN,NE,W,23,18,Home
1997,1997-11-02,NYJ,BAL,W,19,16,Home
1997,1997-11-02,SF,DAL,W,17,10,Home
1997,1997-11-02,TEN,JAX,L,24,30,Home
1997,1997-11-03,KC,PIT,W,13,10,Home
1997,1997-11-09,ATL,TB,L,10,31,Home
1997,1997-11-09,BUF,NE,L,10,31,Home
1997,1997-11-09,DAL,ARI,W,24,6,Home
1997,1997-11-09,DEN,CAR,W,34,0,Home
1997,1997-11-09,GB,LAR,W,17,7,Home
1997,1997-11-09,IND,CIN,L,13,28,Home
1997,1997-11-09,JAX,KC,W,24,10,Home
1997,1997-11-09,LAC,SEA,L,31,37,Home
1997,1997-11-09,LV,NO,L,10,13,Home
1997,1997-11-09,MIA,NYJ,W,24,17,Home
1997,1997-11-09,MIN,CHI,W,29,22,Home
1997,1997-11-09,PIT,BAL,W,37,0,Home
1997,1997-11-09,TEN,NYG,W,10,6,Home
1997,1997-11-09,WAS,DET,W,30,7,Home
1997,1997-11-10,PHI,SF,L,12,24,Home
1997,1997-11-16,BAL,PHI,T,10,10,Home
1997,1997-11-16,CHI,NYJ,L,15,23,Home
1997,1997-11-16,DAL,WAS,W,17,14,Home
1997,1997-11-16,DET,MIN,W,38,15,Home
1997,1997-11-16,IND,GB,W,41,38,Home
1997,1997-11-16,JAX,TEN,W,17,9,Home
1997,1997-11-16,KC,DEN,W,24,22,Home
1997,1997-11-16,LAC,LV,L,13,38,Home
1997,1997-11-16,LAR,ATL,L,21,27,Home
1997,1997-11-16,NO,SEA,W,20,17,Home
1997,1997-11-16,NYG,ARI,W,19,10,Home
1997,1997-11-16,PIT,CIN,W,20,3,Home
1997,1997-11-16,SF,CAR,W,27,19,Home
1997,1997-11-16,TB,NE,W,27,7,Home
1997,1997-11-17,MIA,BUF,W,30,13,Home
1997,1997-11-23,ATL,NO,W,20,3,Home
1997,1997-11-23,BAL,ARI,L,13,16,Home
1997,1997-11-23,CHI,TB,W,13,7,Home
1997,1997-11-23,CIN,JAX,W,31,26,Home
1997,1997-11-23,DET,IND,W,32,10,Home
1997,1997-11-23,GB,DAL,W,45,17,Home
1997,1997-11-23,LAR,CAR,L,10,16,Home
1997,1997-11-23,NE,MIA,W,27,24,Home
1997,1997-11-23,NYJ,MIN,W,23,21,Home
1997,1997-11-23,PHI,PIT,W,23,20,Home
1997,1997-11-23,SEA,KC,L,14,19,Home
1997,1997-11-23,SF,LAC,W,17,10,Home
1997,1997-11-23,TEN,BUF,W,31,14,Home
1997,1997-11-23,WAS,NYG,T,7,7,Home
1997,1997-11-24,DEN,LV,W,31,3,Home
1997,1997-11-27,DAL,TEN,L,14,27,Home
1997,1997-11-27,DET,CHI,W,55,20,Home
1997,1997-11-30,ARI,PIT,L,20,26,Home
1997,1997-11-30,BUF,NYJ,W,20,10,Home
1997,1997-11-30,CAR,NO,L,13,16,Home
1997,1997-11-30,JAX,BAL,W,29,27,Home
1997,1997-11-30,KC,SF,W,44,9,Home
1997,1997-11-30,LAC,DEN,L,28,38,Home
1997,1997-11-30,LV,MIA,L,16,34,Home
1997,1997-11-30,NE,IND,W,20,17,Home
1997,1997-11-30,NYG,TB,L,8,20,Home
1997,1997-11-30,PHI,CIN,W,44,42,Home
1997,1997-11-30,SEA,ATL,L,17,24,Home
1997,1997-11-30,WAS,LAR,L,20,23,Home
1997,1997-12-01,MIN,GB,L,11,27,Home
1997,1997-12-04,CIN,TEN,W,41,14,Home
1997,1997-12-07,ARI,WAS,L,28,38,Home
1997,1997-12-07,BAL,SEA,W,31,24,Home
1997,1997-12-07,CHI,BUF,W,20,3,Home
1997,1997-12-07,JAX,NE,L,20,26,Home
1997,1997-12-07,KC,LV,W,30,0,Home
1997,1997-12-07,LAC,ATL,L,3,14,Home
1997,1997-12-07,MIA,DET,W,33,30,Home
1997,1997-12-07,NO,LAR,L,27,34,Home
1997,1997-12-07,NYJ,IND,L,14,22,Home
1997,1997-12-07,PHI,NYG,L,21,31,Home
1997,1997-12-07,PIT,DEN,W,35,24,Home
1997,1997-12-07,SF,MIN,W,28,17,Home
1997,1997-12-07,TB,GB,L,6,17,Home
1997,1997-12-08,DAL,CAR,L,13,23,Home
1997,1997-12-13,NE,PIT,L,21,24,Home
1997,1997-12-13,NYG,WAS,W,30,10,Home
1997,1997-12-14,ATL,PHI,W,20,17,Home
1997,1997-12-14,BAL,TEN,W,21,19,Home
1997,1997-12-14,BUF,JAX,L,14,20,Home
1997,1997-12-14,CAR,GB,L,10,31,Home
1997,1997-12-14,CIN,DAL,W,31,24,Home
1997,1997-12-14,IND,MIA,W,41,0,Home
1997,1997-12-14,LAC,KC,L,7,29,Home
1997,1997-12-14,LAR,CHI,L,10,13,Home
1997,1997-12-14,LV,SEA,L,21,22,Home
1997,1997-12-14,MIN,DET,L,13,14,Home
1997,1997-12-14,NO,ARI,W,27,10,Home
1997,1997-12-14,NYJ,TB,W,31,0,Home
1997,1997-12-15,SF,DEN,W,34,17,Home
1997,1997-12-20,CAR,LAR,L,18,30,Home
1997,1997-12-20,GB,BUF,W,31,21,Home
1997,1997-12-21,ARI,ATL,W,29,26,Home
1997,1997-12-21,CIN,BAL,W,16,14,Home
1997,1997-12-21,DAL,NYG,L,7,20,Home
1997,1997-12-21,DEN,LAC,W,38,3,Home
1997,1997-12-21,DET,NYJ,W,13,10,Home
1997,1997-12-21,KC,NO,W,25,13,Home
1997,1997-12-21,LV,JAX,L,9,20,Home
1997,1997-12-21,MIN,IND,W,39,28,Home
1997,1997-12-21,SEA,SF,W,38,9,Home
1997,1997-12-21,TB,CHI,W,31,15,Home
1997,1997-12-21,TEN,PIT,W,16,6,Home
1997,1997-12-21,WAS,PHI,W,35,32,Home
1997,1997-12-22,MIA,NE,L,12,14,Home
1998,1998-09-06,BAL,PIT,L,13,20,Home
1998,1998-09-06,CAR,ATL,L,14,19,Home
1998,1998-09-06,CHI,JAX,L,23,24,Home
1998,1998-09-06,CIN,TEN,L,14,23,Home
1998,1998-09-06,DAL,ARI,W,38,10,Home
1998,1998-09-06,GB,DET,W,38,19,Home
1998,1998-09-06,IND,MIA,L,15,24,Home
1998,1998-09-06,KC,LV,W,28,8,Home
1998,1998-09-06,LAC,BUF,W,16,14,Home
1998,1998-09-06,LAR,NO,L,17,24,Home
1998,1998-09-06,MIN,TB,W,31,7,Home
1998,1998-09-06,NYG,WAS,W,31,24,Home
1998,1998-09-06,PHI,SEA,L,0,38,Home
1998,1998-09-06,SF,NYJ,W,36,30,Home
1998,1998-09-07,DEN,NE,W,27,21,Home
1998,1998-09-13,ATL,PHI,W,17,12,Home
1998,1998-09-13,DEN,DAL,W,42,23,Home
1998,1998-09-13,DET,CIN,L,28,34,Home
1998,1998-09-13,GB,TB,W,23,15,Home
1998,1998-09-13,JAX,KC,W,21,16,Home
1998,1998-09-13,LAR,MIN,L,31,38,Home
1998,1998-09-13,LV,NYG,W,20,17,Home
1998,1998-09-13,MIA,BUF,W,13,7,Home
1998,1998-09-13,NE,IND,W,29,6,Home
1998,1998-09-13,NO,CAR,W,19,14,Home
1998,1998-09-13,NYJ,BAL,L,10,24,Home
1998,1998-09-13,PIT,CHI,W,17,12,Home
1998,1998-09-13,SEA,ARI,W,33,14,Home
1998,1998-09-13,TEN,LAC,L,7,13,Home
1998,1998-09-14,WAS,SF,L,10,45,Home
1998,1998-09-20,ARI,PHI,W,17,3,Home
1998,1998-09-20,BUF,LAR,L,33,34,Home
1998,1998-09-20,CIN,GB,L,6,13,Home
1998,1998-09-20,JAX,BAL,W,24,10,Home
1998,1998-09-20,KC,LAC,W,23,7,Home
1998,1998-09-20,LV,DEN,L,17,34,Home
1998,1998-09-20,MIA,PIT,W,21,0,Home
1998,1998-09-20,MIN,DET,W,29,6,Home
1998,1998-09-20,NE,TEN,W,27,16,Home
1998,1998-09-20,NYJ,IND,W,44,6,Home
1998,1998-09-20,SEA,WAS,W,24,14,Home
1998,1998-09-20,TB,CHI,W,27,15,Home
1998,1998-09-21,NYG,DAL,L,7,31,Home
1998,1998-09-27,BAL,CIN,W,31,24,Home
1998,1998-09-27,CAR,GB,L,30,37,Home
1998,1998-09-27,CHI,MIN,L,28,31,Home
1998,1998-09-27,DAL,LV,L,12,13,Home
1998,1998-09-27,IND,NO,L,13,19,Home
1998,1998-09-27,LAC,NYG,L,16,34,Home
1998,1998-09-27,LAR,ARI,L,17,20,Home
1998,1998-09-27,PHI,KC,L,21,24,Home
1998,1998-09-27,PIT,SEA,W,13,10,Home
1998,1998-09-27,SF,ATL,W,31,20,Home
1998,1998-09-27,TEN,JAX,L,22,27,Home
1998,1998-09-27,WAS,DEN,L,16,38,Home
1998,1998-09-28,DET,TB,W,27,6,Home
1998,1998-10-04,ARI,LV,L,20,23,Home
1998,1998-10-04,ATL,CAR,W,51,23,Home
1998,1998-10-04,BUF,SF,W,26,21,Home
1998,1998-10-04,CHI,DET,W,31,27,Home
1998,1998-10-04,DEN,PHI,W,41,16,Home
1998,1998-10-04,IND,LAC,W,17,12,Home
1998,1998-10-04,KC,SEA,W,17,6,Home
1998,1998-10-04,NO,NE,L,27,30,Home
1998,1998-10-04,NYJ,MIA,W,20,9,Home
1998,1998-10-04,TB,NYG,W,20,3,Home
1998,1998-10-04,WAS,DAL,L,10,31,Home
1998,1998-10-05,GB,MIN,L,24,37,Home
1998,1998-10-11,ARI,CHI,W,20,7,Home
1998,1998-10-11,BAL,TEN,L,8,12,Home
1998,1998-10-11,CIN,PIT,W,25,20,Home
1998,1998-10-11,DAL,CAR,W,27,20,Home
1998,1998-10-11,IND,BUF,L,24,31,Home
1998,1998-10-11,LAR,NYJ,W,30,10,Home
1998,1998-10-11,LV,LAC,W,7,6,Home
1998,1998-10-11,NE,KC,W,40,10,Home
1998,1998-10-11,NO,SF,L,0,31,Home
1998,1998-10-11,NYG,ATL,L,20,34,Home
1998,1998-10-11,PHI,WAS,W,17,12,Home
1998,1998-10-11,SEA,DEN,L,16,21,Home
1998,1998-10-12,JAX,MIA,W,28,21,Home
1998,1998-10-15,DET,GB,W,27,20,Home
1998,1998-10-18,ATL,NO,W,31,23,Home
1998,1998-10-18,BUF,JAX,W,17,16,Home
1998,1998-10-18,CHI,DAL,W,13,12,Home
1998,1998-10-18,LAC,PHI,W,13,10,Home
1998,1998-10-18,MIA,LAR,W,14,0,Home
1998,1998-10-18,MIN,WAS,W,41,7,Home
1998,1998-10-18,NYG,ARI,W,34,7,Home
1998,1998-10-18,PIT,BAL,W,16,6,Home
1998,1998-10-18,SF,IND,W,34,31,Home
1998,1998-10-18,TB,CAR,W,16,13,Home
1998,1998-10-18,TEN,CIN,W,44,14,Home
1998,1998-10-19,NE,NYJ,L,14,24,Home
1998,1998-10-25,CAR,BUF,L,14,30,Home
1998,1998-10-25,DEN,JAX,W,37,24,Home
1998,1998-10-25,DET,MIN,L,13,34,Home
1998,1998-10-25,GB,BAL,W,28,10,Home
1998,1998-10-25,LAC,SEA,L,20,27,Home
1998,1998-10-25,LAR,SF,L,10,28,Home
1998,1998-10-25,LV,CIN,W,27,10,Home
1998,1998-10-25,MIA,NE,W,12,9,Home
1998,1998-10-25,NO,TB,W,9,3,Home
1998,1998-10-25,NYJ,ATL,W,28,3,Home
1998,1998-10-25,TEN,CHI,L,20,23,Home
1998,1998-10-26,KC,PIT,L,13,20,Home
1998,1998-11-01,ATL,LAR,W,37,15,Home
1998,1998-11-01,BAL,JAX,L,19,45,Home
1998,1998-11-01,BUF,MIA,W,30,24,Home
1998,1998-11-01,CAR,NO,W,31,17,Home
1998,1998-11-01,CIN,DEN,L,26,33,Home
1998,1998-11-01,DET,ARI,L,15,17,Home
1998,1998-11-01,GB,SF,W,36,22,Home
1998,1998-11-01,IND,NE,L,16,21,Home
1998,1998-11-01,KC,NYJ,L,17,20,Home
1998,1998-11-01,PIT,TEN,L,31,41,Home
1998,1998-11-01,SEA,LV,L,18,31,Home
1998,1998-11-01,TB,MIN,W,27,24,Home
1998,1998-11-01,WAS,NYG,W,21,14,Home
1998,1998-11-02,PHI,DAL,L,0,34,Home
1998,1998-11-08,ARI,WAS,W,29,27,Home
1998,1998-11-08,BAL,LV,W,13,10,Home
1998,1998-11-08,CHI,LAR,L,12,20,Home
1998,1998-11-08,DAL,NYG,W,16,6,Home
1998,1998-11-08,DEN,LAC,W,27,10,Home
1998,1998-11-08,JAX,CIN,W,24,11,Home
1998,1998-11-08,MIA,IND,W,27,14,Home
1998,1998-11-08,MIN,NO,W,31,24,Home
1998,1998-11-08,NE,ATL,L,10,41,Home
1998,1998-11-08,NYJ,BUF,W,34,12,Home
1998,1998-11-08,PHI,DET,W,10,9,Home
1998,1998-11-08,SEA,KC,W,24,12,Home
1998,1998-11-08,SF,CAR,W,25,23,Home
1998,1998-11-08,TB,TEN,L,22,31,Home
1998,1998-11-09,PIT,GB,W,27,20,Home
1998,1998-11-15,ARI,DAL,L,28,35,Home
1998,1998-11-15,ATL,SF,W,31,19,Home
1998,1998-11-15,BUF,NE,W,13,10,Home
1998,1998-11-15,CAR,MIA,L,9,13,Home
1998,1998-11-15,DET,CHI,W,26,3,Home
1998,1998-11-15,IND,NYJ,W,24,23,Home
1998,1998-11-15,JAX,TB,W,29,24,Home
1998,1998-11-15,LAC,BAL,W,14,13,Home
1998,1998-11-15,LV,SEA,W,20,17,Home
1998,1998-11-15,MIN,CIN,W,24,3,Home
1998,1998-11-15,NO,LAR,W,24,3,Home
1998,1998-11-15,NYG,GB,L,3,37,Home
1998,1998-11-15,TEN,PIT,W,23,14,Home
1998,1998-11-15,WAS,PHI,W,28,3,Home
1998,1998-11-16,KC,DEN,L,7,30,Home
1998,1998-11-22,ATL,CHI,W,20,13,Home
1998,1998-11-22,BUF,IND,W,34,11,Home
1998,1998-11-22,CIN,BAL,L,13,20,Home
1998,1998-11-22,DAL,SEA,W,30,22,Home
1998,1998-11-22,DEN,LV,W,40,14,Home
1998,1998-11-22,LAC,KC,W,38,37,Home
1998,1998-11-22,LAR,CAR,L,20,24,Home
1998,1998-11-22,MIN,GB,W,28,14,Home
1998,1998-11-22,NYG,PHI,W,20,0,Home
1998,1998-11-22,PIT,JAX,W,30,15,Home
1998,1998-11-22,SF,NO,W,31,20,Home
1998,1998-11-22,TB,DET,L,25,28,Home
1998,1998-11-22,TEN,NYJ,L,3,24,Home
1998,1998-11-22,WAS,ARI,L,42,45,Home
1998,1998-11-23,NE,MIA,W,26,23,Home
1998,1998-11-26,DAL,MIN,L,36,46,Home
1998,1998-11-26,DET,PIT,W,19,16,Home
1998,1998-11-29,BAL,IND,W,38,31,Home
1998,1998-11-29,CHI,TB,L,17,31,Home
1998,1998-11-29,CIN,JAX,L,17,34,Home
1998,1998-11-29,GB,PHI,W,24,16,Home
1998,1998-11-29,KC,ARI,W,34,24,Home
1998,1998-11-29,LAC,DEN,L,16,31,Home
1998,1998-11-29,LAR,ATL,L,10,21,Home
1998,1998-11-29,LV,WAS,L,19,29,Home
1998,1998-11-29,MIA,NO,W,30,10,Home
1998,1998-11-29,NE,BUF,W,25,21,Home
1998,1998-11-29,NYJ,CAR,W,48,21,Home
1998,1998-11-29,SEA,TEN,W,20,18,Home
1998,1998-11-30,SF,NYG,W,31,7,Home
1998,1998-12-03,PHI,LAR,W,17,14,Home
1998,1998-12-06,ARI,NYG,L,19,23,Home
1998,1998-12-06,ATL,IND,W,28,21,Home
1998,1998-12-06,CAR,SF,L,28,31,Home
1998,1998-12-06,CIN,BUF,L,20,33,Home
1998,1998-12-06,DEN,KC,W,35,31,Home
1998,1998-12-06,JAX,DET,W,37,22,Home
1998,1998-12-06,LV,MIA,L,17,27,Home
1998,1998-12-06,MIN,CHI,W,48,22,Home
1998,1998-12-06,NO,DAL,W,22,3,Home
1998,1998-12-06,NYJ,SEA,W,32,31,Home
1998,1998-12-06,PIT,NE,L,9,23,Home
1998,1998-12-06,TEN,BAL,W,16,14,Home
1998,1998-12-06,WAS,LAC,W,24,20,Home
1998,1998-12-07,TB,GB,W,24,22,Home
1998,1998-12-13,BAL,MIN,L,28,38,Home
1998,1998-12-13,BUF,LV,W,44,21,Home
1998,1998-12-13,CAR,WAS,L,25,28,Home
1998,1998-12-13,GB,CHI,W,26,20,Home
1998,1998-12-13,IND,CIN,W,39,26,Home
1998,1998-12-13,JAX,TEN,L,13,16,Home
1998,1998-12-13,KC,DAL,W,20,17,Home
1998,1998-12-13,LAR,NE,W,32,18,Home
1998,1998-12-13,MIA,NYJ,L,16,21,Home
1998,1998-12-13,NO,ATL,L,17,27,Home
1998,1998-12-13,NYG,DEN,W,20,16,Home
1998,1998-12-13,PHI,ARI,L,17,20,Home
1998,1998-12-13,SEA,LAC,W,38,17,Home
1998,1998-12-13,TB,PIT,W,16,3,Home
1998,1998-12-14,SF,DET,W,35,13,Home
1998,1998-12-19,BUF,NYJ,L,10,17,Home
1998,1998-12-19,WAS,TB,W,20,16,Home
1998,1998-12-20,ARI,NO,W,19,17,Home
1998,1998-12-20,CAR,LAR,W,20,13,Home
1998,1998-12-20,CHI,BAL,W,24,3,Home
1998,1998-12-20,DAL,PHI,W,13,9,Home
1998,1998-12-20,DET,ATL,L,17,24,Home
1998,1998-12-20,GB,TEN,W,30,22,Home
1998,1998-12-20,LAC,LV,L,10,17,Home
1998,1998-12-20,MIN,JAX,W,50,10,Home
1998,1998-12-20,NE,SF,W,24,21,Home
1998,1998-12-20,NYG,KC,W,28,7,Home
1998,1998-12-20,PIT,CIN,L,24,25,Home
1998,1998-12-20,SEA,IND,W,27,23,Home
1998,1998-12-21,MIA,DEN,W,31,21,Home
1998,1998-12-26,LV,KC,L,24,31,Home
1998,1998-12-26,TEN,MIN,L,16,26,Home
1998,1998-12-27,ARI,LAC,W,16,13,Home
1998,1998-12-27,ATL,MIA,W,38,16,Home
1998,1998-12-27,BAL,DET,W,19,10,Home
1998,1998-12-27,CHI,GB,L,13,16,Home
1998,1998-12-27,CIN,TB,L,0,35,Home
1998,1998-12-27,DAL,WAS,W,23,7,Home
1998,1998-12-27,DEN,SEA,W,28,21,Home
1998,1998-12-27,IND,CAR,L,19,27,Home
1998,1998-12-27,NO,BUF,L,33,45,Home
1998,1998-12-27,NYJ,NE,W,31,10,Home
1998,1998-12-27,PHI,NYG,L,10,20,Home
1998,1998-12-27,SF,LAR,W,38,19,Home
1998,1998-12-28,JAX,PIT,W,21,3,Home
1999,1999-09-12,ATL,MIN,L,14,17,Home
1999,1999-09-12,CHI,KC,W,20,17,Home
1999,1999-09-12,CLE,PIT,L,0,43,Home
1999,1999-09-12,GB,LV,W,28,24,Home
1999,1999-09-12,IND,BUF,W,31,14,Home
1999,1999-09-12,JAX,SF,W,41,3,Home
1999,1999-09-12,LAR,BAL,W,27,10,Home
1999,1999-09-12,NO,CAR,W,19,10,Home
1999,1999-09-12,NYJ,NE,L,28,30,Home
1999,1999-09-12,PHI,ARI,L,24,25,Home
1999,1999-09-12,SEA,DET,L,20,28,Home
1999,1999-09-12,TB,NYG,L,13,17,Home
1999,1999-09-12,TEN,CIN,W,36,35,Home
1999,1999-09-12,WAS,DAL,L,35,41,Home
1999,1999-09-13,DEN,MIA,L,21,38,Home
1999,1999-09-19,BAL,PIT,L,20,23,Home
1999,1999-09-19,BUF,NYJ,W,17,3,Home
1999,1999-09-19,CAR,JAX,L,20,22,Home
1999,1999-09-19,CHI,SEA,L,13,14,Home
1999,1999-09-19,CIN,LAC,L,7,34,Home
1999,1999-09-19,DET,GB,W,23,15,Home
1999,1999-09-19,KC,DEN,W,26,10,Home
1999,1999-09-19,MIA,ARI,W,19,16,Home
1999,1999-09-19,MIN,LV,L,17,22,Home
1999,1999-09-19,NE,IND,W,31,28,Home
1999,1999-09-19,NYG,WAS,L,21,50,Home
1999,1999-09-19,PHI,TB,L,5,19,Home
1999,1999-09-19,SF,NO,W,28,21,Home
1999,1999-09-19,TEN,CLE,W,26,9,Home
1999,1999-09-20,DAL,ATL,W,24,7,Home
1999,1999-09-26,BAL,CLE,W,17,10,Home
1999,1999-09-26,BUF,PHI,W,26,0,Home
1999,1999-09-26,CAR,CIN,W,27,3,Home
1999,1999-09-26,GB,MIN,W,23,20,Home
1999,1999-09-26,JAX,TEN,L,19,20,Home
1999,1999-09-26,KC,DET,W,31,21,Home
1999,1999-09-26,LAC,IND,L,19,27,Home
1999,1999-09-26,LAR,ATL,W,35,7,Home
1999,1999-09-26,LV,CHI,W,24,17,Home
1999,1999-09-26,NE,NYG,W,16,14,Home
1999,1999-09-26,NYJ,WAS,L,20,27,Home
1999,1999-09-26,PIT,SEA,L,10,29,Home
1999,1999-09-26,TB,DEN,W,13,10,Home
1999,1999-09-27,ARI,SF,L,10,24,Home
1999,1999-10-03,ATL,BAL,L,13,19,Home
1999,1999-10-03,CHI,NO,W,14,10,Home
1999,1999-10-03,CIN,LAR,L,10,38,Home
1999,1999-10-03,CLE,NE,L,7,19,Home
1999,1999-10-03,DAL,ARI,W,35,7,Home
1999,1999-10-03,DEN,NYJ,L,13,21,Home
1999,1999-10-03,LAC,KC,W,21,14,Home
1999,1999-10-03,MIN,TB,W,21,14,Home
1999,1999-10-03,NYG,PHI,W,16,15,Home
1999,1999-10-03,PIT,JAX,L,3,17,Home
1999,1999-10-03,SEA,LV,W,22,21,Home
1999,1999-10-03,SF,TEN,W,24,22,Home
1999,1999-10-03,WAS,CAR,W,38,36,Home
1999,1999-10-04,MIA,BUF,L,18,23,Home
1999,1999-10-10,ARI,NYG,W,14,3,Home
1999,1999-10-10,BUF,PIT,W,24,21,Home
1999,1999-10-10,CLE,CIN,L,17,18,Home
1999,1999-10-10,DET,LAC,L,10,20,Home
1999,1999-10-10,GB,TB,W,26,23,Home
1999,1999-10-10,IND,MIA,L,31,34,Home
1999,1999-10-10,KC,NE,W,16,14,Home
1999,1999-10-10,LAR,SF,W,42,20,Home
1999,1999-10-10,LV,DEN,L,13,16,Home
1999,1999-10-10,MIN,CHI,L,22,24,Home
1999,1999-10-10,NO,ATL,L,17,20,Home
1999,1999-10-10,PHI,DAL,W,13,10,Home
1999,1999-10-10,TEN,BAL,W,14,11,Home
1999,1999-10-11,NYJ,JAX,L,6,16,Home
1999,1999-10-17,ARI,WAS,L,10,24,Home
1999,1999-10-17,ATL,LAR,L,13,41,Home
1999,1999-10-17,BUF,LV,L,14,20,Home
1999,1999-10-17,CHI,PHI,L,16,20,Home
1999,1999-10-17,CIN,PIT,L,3,17,Home
1999,1999-10-17,DEN,GB,W,31,10,Home
1999,1999-10-17,DET,MIN,W,25,23,Home
1999,1999-10-17,JAX,CLE,W,24,7,Home
1999,1999-10-17,LAC,SEA,W,13,10,Home
1999,1999-10-17,NE,MIA,L,30,31,Home
1999,1999-10-17,NO,TEN,L,21,24,Home
1999,1999-10-17,NYJ,IND,L,13,16,Home
1999,1999-10-17,SF,CAR,L,29,31,Home
1999,1999-10-18,NYG,DAL,W,13,10,Home
1999,1999-10-21,BAL,KC,L,8,35,Home
1999,1999-10-24,CAR,DET,L,9,24,Home
1999,1999-10-24,DAL,WAS,W,38,20,Home
1999,1999-10-24,IND,CIN,W,31,10,Home
1999,1999-10-24,LAC,GB,L,3,31,Home
1999,1999-10-24,LAR,CLE,W,34,3,Home
1999,1999-10-24,LV,NYJ,W,24,23,Home
1999,1999-10-24,MIA,PHI,W,16,13,Home
1999,1999-10-24,MIN,SF,W,40,16,Home
1999,1999-10-24,NE,DEN,W,24,23,Home
1999,1999-10-24,NYG,NO,W,31,3,Home
1999,1999-10-24,SEA,BUF,W,26,16,Home
1999,1999-10-24,TB,CHI,W,6,3,Home
1999,1999-10-25,PIT,ATL,W,13,9,Home
1999,1999-10-31,ARI,NE,L,3,27,Home
1999,1999-10-31,ATL,CAR,W,27,20,Home
1999,1999-10-31,BAL,BUF,L,10,13,Home
1999,1999-10-31,CIN,JAX,L,10,41,Home
1999,1999-10-31,DEN,MIN,L,20,23,Home
1999,1999-10-31,DET,TB,W,20,3,Home
1999,1999-10-31,IND,DAL,W,34,24,Home
1999,1999-10-31,KC,LAC,W,34,0,Home
1999,1999-10-31,LV,MIA,L,9,16,Home
1999,1999-10-31,NO,CLE,L,16,21,Home
1999,1999-10-31,PHI,NYG,L,17,23,Home
1999,1999-10-31,TEN,LAR,W,24,21,Home
1999,1999-10-31,WAS,CHI,W,48,22,Home
1999,1999-11-01,GB,SEA,L,7,27,Home
1999,1999-11-07,ATL,JAX,L,7,30,Home
1999,1999-11-07,CAR,PHI,W,33,7,Home
1999,1999-11-07,CLE,BAL,L,9,41,Home
1999,1999-11-07,DET,LAR,W,31,27,Home
1999,1999-11-07,GB,CHI,L,13,14,Home
1999,1999-11-07,IND,KC,W,25,17,Home
1999,1999-11-07,LAC,DEN,L,17,33,Home
1999,1999-11-07,MIA,TEN,W,17,0,Home
1999,1999-11-07,NO,TB,L,16,31,Home
1999,1999-11-07,NYJ,ARI,W,12,7,Home
1999,1999-11-07,SEA,CIN,W,37,20,Home
1999,1999-11-07,SF,PIT,L,6,27,Home
1999,1999-11-07,WAS,BUF,L,17,34,Home
1999,1999-11-08,MIN,DAL,W,27,17,Home
1999,1999-11-14,ARI,DET,W,23,19,Home
1999,1999-11-14,BUF,MIA,W,23,3,Home
1999,1999-11-14,CHI,MIN,L,24,27,Home
1999,1999-11-14,CIN,TEN,L,14,24,Home
1999,1999-11-14,DAL,GB,W,27,13,Home
1999,1999-11-14,JAX,BAL,W,6,3,Home
1999,1999-11-14,LAR,CAR,W,35,10,Home
1999,1999-11-14,LV,LAC,W,28,9,Home
1999,1999-11-14,NO,SF,W,24,6,Home
1999,1999-11-14,NYG,IND,L,19,27,Home
1999,1999-11-14,PHI,WAS,W,35,28,Home
1999,1999-11-14,PIT,CLE,L,15,16,Home
1999,1999-11-14,SEA,DEN,W,20,17,Home
1999,1999-11-14,TB,KC,W,17,10,Home
1999,1999-11-15,NE,NYJ,L,17,24,Home
1999,1999-11-21,ARI,DAL,W,13,9,Home
1999,1999-11-21,CIN,BAL,L,31,34,Home
1999,1999-11-21,CLE,CAR,L,17,31,Home
1999,1999-11-21,GB,DET,W,26,17,Home
1999,1999-11-21,JAX,NO,W,41,23,Home
1999,1999-11-21,KC,SEA,L,19,31,Home
1999,1999-11-21,LAC,CHI,L,20,23,Home
1999,1999-11-21,MIA,NE,W,27,17,Home
1999,1999-11-21,NYJ,BUF,W,17,7,Home
1999,1999-11-21,PHI,IND,L,17,44,Home
1999,1999-11-21,SF,LAR,L,7,23,Home
1999,1999-11-21,TB,ATL,W,19,10,Home
1999,1999-11-21,TEN,PIT,W,16,10,Home
1999,1999-11-21,WAS,NYG,W,23,13,Home
1999,1999-11-22,DEN,LV,W,27,21,Home
1999,1999-11-25,DAL,MIA,W,20,0,Home
1999,1999-11-25,DET,CHI,W,21,17,Home
1999,1999-11-28,BAL,JAX,L,23,30,Home
1999,1999-11-28,BUF,NE,W,17,7,Home
1999,1999-11-28,CAR,ATL,W,34,28,Home
1999,1999-11-28,CLE,TEN,L,21,33,Home
1999,1999-11-28,IND,NYJ,W,13,6,Home
1999,1999-11-28,LAR,NO,W,43,12,Home
1999,1999-11-28,LV,KC,L,34,37,Home
1999,1999-11-28,MIN,LAC,W,35,27,Home
1999,1999-11-28,NYG,ARI,L,24,34,Home
1999,1999-11-28,PIT,CIN,L,20,27,Home
1999,1999-11-28,SEA,TB,L,3,16,Home
1999,1999-11-28,WAS,PHI,W,20,17,Home
1999,1999-11-29,SF,GB,L,3,20,Home
1999,1999-12-02,JAX,PIT,W,20,6,Home
1999,1999-12-05,ARI,PHI,W,21,17,Home
1999,1999-12-05,ATL,NO,W,35,12,Home
1999,1999-12-05,BAL,TEN,W,41,14,Home
1999,1999-12-05,CAR,LAR,L,21,34,Home
1999,1999-12-05,CHI,GB,L,19,35,Home
1999,1999-12-05,CIN,SF,W,44,30,Home
1999,1999-12-05,DEN,KC,L,10,16,Home
1999,1999-12-05,DET,WAS,W,33,17,Home
1999,1999-12-05,LAC,CLE,W,23,10,Home
1999,1999-12-05,LV,SEA,W,30,21,Home
1999,1999-12-05,MIA,IND,L,34,37,Home
1999,1999-12-05,NE,DAL,W,13,6,Home
1999,1999-12-05,NYG,NYJ,W,41,28,Home
1999,1999-12-06,TB,MIN,W,24,17,Home
1999,1999-12-09,TEN,LV,W,21,14,Home
1999,1999-12-12,BUF,NYG,L,17,19,Home
1999,1999-12-12,CIN,CLE,W,44,28,Home
1999,1999-12-12,DAL,PHI,W,20,10,Home
1999,1999-12-12,GB,CAR,L,31,33,Home
1999,1999-12-12,IND,NE,W,20,15,Home
1999,1999-12-12,KC,MIN,W,31,28,Home
1999,1999-12-12,NO,LAR,L,14,30,Home
1999,1999-12-12,NYJ,MIA,W,28,20,Home
1999,1999-12-12,PIT,BAL,L,24,31,Home
1999,1999-12-12,SEA,LAC,L,16,19,Home
1999,1999-12-12,SF,ATL,W,26,7,Home
1999,1999-12-12,TB,DET,W,23,16,Home
1999,1999-12-12,WAS,ARI,W,28,3,Home
1999,1999-12-13,JAX,DEN,W,27,24,Home
1999,1999-12-18,CAR,SF,W,41,24,Home
1999,1999-12-18,KC,PIT,W,35,19,Home
1999,1999-12-19,ARI,BUF,L,21,31,Home
1999,1999-12-19,BAL,NO,W,31,8,Home
1999,1999-12-19,CHI,DET,W,28,10,Home
1999,1999-12-19,CLE,JAX,L,14,24,Home
1999,1999-12-19,DAL,NYJ,L,21,22,Home
1999,1999-12-19,DEN,SEA,W,36,30,Home
1999,1999-12-19,IND,WAS,W,24,21,Home
1999,1999-12-19,LAR,NYG,W,31,10,Home
1999,1999-12-19,LV,TB,W,45,0,Home
1999,1999-12-19,MIA,LAC,W,12,9,Home
1999,1999-12-19,PHI,NE,W,24,9,Home
1999,1999-12-19,TEN,ATL,W,30,17,Home
1999,1999-12-20,MIN,GB,W,24,20,Home
1999,1999-12-24,NO,DAL,W,31,24,Home
1999,1999-12-25,DET,DEN,L,7,17,Home
1999,1999-12-26,ATL,ARI,W,37,14,Home
1999,1999-12-26,BAL,CIN,W,22,0,Home
1999,1999-12-26,CLE,IND,L,28,29,Home
1999,1999-12-26,LAC,LV,W,23,20,Home
1999,1999-12-26,LAR,CHI,W,34,12,Home
1999,1999-12-26,NE,BUF,L,10,13,Home
1999,1999-12-26,NYG,MIN,L,17,34,Home
1999,1999-12-26,PIT,CAR,W,30,20,Home
1999,1999-12-26,SEA,KC,W,23,14,Home
1999,1999-12-26,SF,WAS,L,20,26,Home
1999,1999-12-26,TB,GB,W,29,10,Home
1999,1999-12-26,TEN,JAX,W,41,14,Home
1999,1999-12-27,MIA,NYJ,L,31,38,Home
1999,2000-01-02,BUF,IND,W,31,6,Home
1999,2000-01-02,CAR,NO,W,45,13,Home
1999,2000-01-02,CHI,TB,L,6,20,Home
1999,2000-01-02,DAL,NYG,W,26,18,Home
1999,2000-01-02,DEN,LAC,L,6,12,Home
1999,2000-01-02,GB,ARI,W,49,24,Home
1999,2000-01-02,JAX,CIN,W,24,7,Home
1999,2000-01-02,KC,LV,L,38,41,Home
1999,2000-01-02,MIN,DET,W,24,17,Home
1999,2000-01-02,NE,BAL,W,20,3,Home
1999,2000-01-02,NYJ,SEA,W,19,9,Home
1999,2000-01-02,PHI,LAR,W,38,31,Home
1999,2000-01-02,PIT,TEN,L,36,47,Home
1999,2000-01-02,WAS,MIA,W,21,10,Home
1999,2000-01-03,ATL,SF,W,34,29,Home
2000,2000-09-03,ATL,SF,W,36,28,Home
2000,2000-09-03,BUF,TEN,W,16,13,Home
2000,2000-09-03,CLE,JAX,L,7,27,Home
2000,2000-09-03,DAL,PHI,L,14,41,Home
2000,2000-09-03,GB,NYJ,L,16,20,Home
2000,2000-09-03,KC,IND,L,14,27,Home
2000,2000-09-03,LV,LAC,W,9,6,Home
2000,2000-09-03,MIA,SEA,W,23,0,Home
2000,2000-09-03,MIN,CHI,W,30,27,Home
2000,2000-09-03,NE,TB,L,16,21,Home
2000,2000-09-03,NO,DET,L,10,14,Home
2000,2000-09-03,NYG,ARI,W,21,16,Home
2000,2000-09-03,PIT,BAL,L,0,16,Home
2000,2000-09-03,WAS,CAR,W,20,17,Home
2000,2000-09-04,LAR,DEN,W,41,36,Home
2000,2000-09-10,ARI,DAL,W,32,31,Home
2000,2000-09-10,BAL,JAX,W,39,36,Home
2000,2000-09-10,BUF,GB,W,27,18,Home
2000,2000-09-10,CIN,CLE,L,7,24,Home
2000,2000-09-10,DEN,ATL,W,42,14,Home
2000,2000-09-10,DET,WAS,W,15,10,Home
2000,2000-09-10,IND,LV,L,31,38,Home
2000,2000-09-10,LAC,NO,L,27,28,Home
2000,2000-09-10,MIN,MIA,W,13,7,Home
2000,2000-09-10,PHI,NYG,L,18,33,Home
2000,2000-09-10,SEA,LAR,L,34,37,Home
2000,2000-09-10,SF,CAR,L,22,38,Home
2000,2000-09-10,TB,CHI,W,41,0,Home
2000,2000-09-10,TEN,KC,W,17,14,Home
2000,2000-09-11,NYJ,NE,W,20,19,Home
2000,2000-09-17,CAR,ATL,L,10,15,Home
2000,2000-09-17,CHI,NYG,L,7,14,Home
2000,2000-09-17,CLE,PIT,W,23,20,Home
2000,2000-09-17,DET,TB,L,10,31,Home
2000,2000-09-17,GB,PHI,W,6,3,Home
2000,2000-09-17,JAX,CIN,W,13,0,Home
2000,2000-09-17,KC,LAC,W,42,10,Home
2000,2000-09-17,LAR,SF,W,41,24,Home
2000,2000-09-17,LV,DEN,L,24,33,Home
2000,2000-09-17,MIA,BAL,W,19,6,Home
2000,2000-09-17,NE,MIN,L,13,21,Home
2000,2000-09-17,NYJ,BUF,W,27,14,Home
2000,2000-09-17,SEA,NO,W,20,10,Home
2000,2000-09-18,WAS,DAL,L,21,27,Home
2000,2000-09-24,ARI,GB,L,3,29,Home
2000,2000-09-24,ATL,LAR,L,20,41,Home
2000,2000-09-24,BAL,CIN,W,37,0,Home
2000,2000-09-24,CHI,DET,L,14,21,Home
2000,2000-09-24,DAL,SF,L,24,41,Home
2000,2000-09-24,DEN,KC,L,22,23,Home
2000,2000-09-24,LAC,SEA,L,12,20,Home
2000,2000-09-24,LV,CLE,W,36,10,Home
2000,2000-09-24,MIA,NE,W,10,3,Home
2000,2000-09-24,NO,PHI,L,7,21,Home
2000,2000-09-24,NYG,WAS,L,6,16,Home
2000,2000-09-24,PIT,TEN,L,20,23,Home
2000,2000-09-24,TB,NYJ,L,17,21,Home
2000,2000-09-25,IND,JAX,W,43,14,Home
2000,2000-10-01,BUF,IND,L,16,18,Home
2000,2000-10-01,CAR,DAL,L,13,16,Home
2000,2000-10-01,CIN,MIA,L,16,31,Home
2000,2000-10-01,CLE,BAL,L,0,12,Home
2000,2000-10-01,DEN,NE,L,19,28,Home
2000,2000-10-01,DET,MIN,L,24,31,Home
2000,2000-10-01,GB,CHI,L,24,27,Home
2000,2000-10-01,JAX,PIT,L,13,24,Home
2000,2000-10-01,LAR,LAC,W,57,31,Home
2000,2000-10-01,PHI,ATL,W,38,10,Home
2000,2000-10-01,SF,ARI,W,27,20,Home
2000,2000-10-01,TEN,NYG,W,28,14,Home
2000,2000-10-01,WAS,TB,W,20,17,Home
2000,2000-10-02,KC,SEA,W,24,17,Home
2000,2000-10-08,ARI,CLE,W,29,21,Home
2000,2000-10-08,ATL,NYG,L,6,13,Home
2000,2000-10-08,CAR,SEA,W,26,3,Home
2000,2000-10-08,CHI,NO,L,10,31,Home
2000,2000-10-08,CIN,TEN,L,14,23,Home
2000,2000-10-08,DET,GB,W,31,24,Home
2000,2000-10-08,JAX,BAL,L,10,15,Home
2000,2000-10-08,LAC,DEN,L,7,21,Home
2000,2000-10-08,MIA,BUF,W,22,13,Home
2000,2000-10-08,NE,IND,W,24,16,Home
2000,2000-10-08,NYJ,PIT,L,3,20,Home
2000,2000-10-08,PHI,WAS,L,14,17,Home
2000,2000-10-08,SF,LV,L,28,34,Home
2000,2000-10-09,MIN,TB,W,30,23,Home
2000,2000-10-15,ARI,PHI,L,14,33,Home
2000,2000-10-15,BUF,LAC,W,27,24,Home
2000,2000-10-15,CHI,MIN,L,16,28,Home
2000,2000-10-15,DEN,CLE,W,44,10,Home
2000,2000-10-15,GB,SF,W,31,28,Home
2000,2000-10-15,KC,LV,L,17,20,Home
2000,2000-10-15,LAR,ATL,W,45,29,Home
2000,2000-10-15,NE,NYJ,L,17,34,Home
2000,2000-10-15,NO,CAR,W,24,6,Home
2000,2000-10-15,NYG,DAL,W,19,14,Home
2000,2000-10-15,PIT,CIN,W,15,0,Home
2000,2000-10-15,SEA,IND,L,24,37,Home
2000,2000-10-15,WAS,BAL,W,10,3,Home
2000,2000-10-16,TEN,JAX,W,27,13,Home
2000,2000-10-19,TB,DET,L,14,28,Home
2000,2000-10-22,ATL,NO,L,19,21,Home
2000,2000-10-22,BAL,TEN,L,6,14,Home
2000,2000-10-22,CAR,SF,W,34,16,Home
2000,2000-10-22,CIN,DEN,W,31,21,Home
2000,2000-10-22,DAL,ARI,W,48,7,Home
2000,2000-10-22,IND,NE,W,30,23,Home
2000,2000-10-22,JAX,WAS,L,16,35,Home
2000,2000-10-22,KC,LAR,W,54,34,Home
2000,2000-10-22,LV,SEA,W,31,3,Home
2000,2000-10-22,MIN,BUF,W,31,27,Home
2000,2000-10-22,PHI,CHI,W,13,9,Home
2000,2000-10-22,PIT,CLE,W,22,0,Home
2000,2000-10-23,NYJ,MIA,W,40,37,Home
2000,2000-10-29,ARI,NO,L,10,21,Home
2000,2000-10-29,ATL,CAR,W,13,12,Home
2000,2000-10-29,BAL,PIT,L,6,9,Home
2000,2000-10-29,BUF,NYJ,W,23,20,Home
2000,2000-10-29,CLE,CIN,L,3,12,Home
2000,2000-10-29,DAL,JAX,L,17,23,Home
2000,2000-10-29,IND,DET,W,30,18,Home
2000,2000-10-29,LAC,LV,L,13,15,Home
2000,2000-10-29,MIA,GB,W,28,20,Home
2000,2000-10-29,NYG,PHI,W,24,7,Home
2000,2000-10-29,SEA,KC,L,19,24,Home
2000,2000-10-29,SF,LAR,L,24,34,Home
2000,2000-10-29,TB,MIN,W,41,13,Home
2000,2000-10-30,WAS,TEN,L,21,27,Home
2000,2000-11-05,ARI,WAS,W,16,15,Home
2000,2000-11-05,ATL,TB,L,14,27,Home
2000,2000-11-05,CHI,IND,W,27,24,Home
2000,2000-11-05,CIN,BAL,L,7,27,Home
2000,2000-11-05,CLE,NYG,L,3,24,Home
2000,2000-11-05,DET,MIA,L,8,23,Home
2000,2000-11-05,LAR,CAR,L,24,27,Home
2000,2000-11-05,LV,KC,W,49,31,Home
2000,2000-11-05,NE,BUF,L,13,16,Home
2000,2000-11-05,NO,SF,W,31,15,Home
2000,2000-11-05,NYJ,DEN,L,23,30,Home
2000,2000-11-05,PHI,DAL,W,16,13,Home
2000,2000-11-05,SEA,LAC,W,17,15,Home
2000,2000-11-05,TEN,PIT,W,9,7,Home
2000,2000-11-06,GB,MIN,W,26,20,Home
2000,2000-11-12,BUF,CHI,W,20,3,Home
2000,2000-11-12,CAR,NO,L,10,20,Home
2000,2000-11-12,CLE,NE,W,19,11,Home
2000,2000-11-12,DAL,CIN,W,23,6,Home
2000,2000-11-12,DET,ATL,W,13,10,Home
2000,2000-11-12,IND,NYJ,W,23,15,Home
2000,2000-11-12,JAX,SEA,L,21,28,Home
2000,2000-11-12,LAC,MIA,L,7,17,Home
2000,2000-11-12,MIN,ARI,W,31,14,Home
2000,2000-11-12,NYG,LAR,L,24,38,Home
2000,2000-11-12,PIT,PHI,L,23,26,Home
2000,2000-11-12,SF,KC,W,21,7,Home
2000,2000-11-12,TB,GB,W,20,15,Home
2000,2000-11-12,TEN,BAL,L,23,24,Home
2000,2000-11-13,DEN,LV,W,27,24,Home
2000,2000-11-19,BAL,DAL,W,27,0,Home
2000,2000-11-19,CHI,TB,W,13,10,Home
2000,2000-11-19,DEN,LAC,W,38,37,Home
2000,2000-11-19,GB,IND,W,26,24,Home
2000,2000-11-19,KC,BUF,L,17,21,Home
2000,2000-11-19,MIA,NYJ,L,3,20,Home
2000,2000-11-19,MIN,CAR,W,31,17,Home
2000,2000-11-19,NE,CIN,W,16,13,Home
2000,2000-11-19,NO,LV,L,22,31,Home
2000,2000-11-19,NYG,DET,L,21,31,Home
2000,2000-11-19,PHI,ARI,W,34,9,Home
2000,2000-11-19,PIT,JAX,L,24,34,Home
2000,2000-11-19,SF,ATL,W,16,6,Home
2000,2000-11-19,TEN,CLE,W,24,10,Home
2000,2000-11-20,LAR,WAS,L,20,33,Home
2000,2000-11-23,DAL,MIN,L,15,27,Home
2000,2000-11-23,DET,NE,W,34,9,Home
2000,2000-11-26,ARI,NYG,L,7,31,Home
2000,2000-11-26,BAL,CLE,W,44,7,Home
2000,2000-11-26,CIN,PIT,L,28,48,Home
2000,2000-11-26,IND,MIA,L,14,17,Home
2000,2000-11-26,JAX,TEN,W,16,13,Home
2000,2000-11-26,LAC,KC,W,17,16,Home
2000,2000-11-26,LAR,NO,L,24,31,Home
2000,2000-11-26,LV,ATL,W,41,14,Home
2000,2000-11-26,NYJ,CHI,W,17,10,Home
2000,2000-11-26,SEA,DEN,L,31,38,Home
2000,2000-11-26,TB,BUF,W,31,17,Home
2000,2000-11-26,WAS,PHI,L,20,23,Home
2000,2000-11-27,CAR,GB,W,31,14,Home
2000,2000-11-30,MIN,DET,W,24,17,Home
2000,2000-12-03,ATL,SEA,L,10,30,Home
2000,2000-12-03,BUF,MIA,L,6,33,Home
2000,2000-12-03,CAR,LAR,W,16,3,Home
2000,2000-12-03,CHI,GB,L,6,28,Home
2000,2000-12-03,CIN,ARI,W,24,13,Home
2000,2000-12-03,JAX,CLE,W,48,0,Home
2000,2000-12-03,LAC,SF,L,17,45,Home
2000,2000-12-03,NO,DEN,L,23,38,Home
2000,2000-12-03,NYJ,IND,W,27,17,Home
2000,2000-12-03,PHI,TEN,L,13,15,Home
2000,2000-12-03,PIT,LV,W,21,20,Home
2000,2000-12-03,TB,DAL,W,27,7,Home
2000,2000-12-03,WAS,NYG,L,7,9,Home
2000,2000-12-04,NE,KC,W,30,24,Home
2000,2000-12-10,BAL,LAC,W,24,3,Home
2000,2000-12-10,CHI,NE,W,24,17,Home
2000,2000-12-10,CLE,PHI,L,24,35,Home
2000,2000-12-10,DAL,WAS,W,32,13,Home
2000,2000-12-10,DEN,SEA,W,31,24,Home
2000,2000-12-10,GB,DET,W,26,13,Home
2000,2000-12-10,JAX,ARI,W,44,10,Home
2000,2000-12-10,KC,CAR,W,15,14,Home
2000,2000-12-10,LAR,MIN,W,40,29,Home
2000,2000-12-10,LV,NYJ,W,31,7,Home
2000,2000-12-10,MIA,TB,L,13,16,Home
2000,2000-12-10,NYG,PIT,W,30,10,Home
2000,2000-12-10,SF,NO,L,27,31,Home
2000,2000-12-10,TEN,CIN,W,35,3,Home
2000,2000-12-11,IND,BUF,W,44,20,Home
2000,2000-12-16,PIT,WAS,W,24,3,Home
2000,2000-12-16,SEA,LV,W,27,24,Home
2000,2000-12-17,ARI,BAL,L,7,13,Home
2000,2000-12-17,BUF,NE,L,10,13,Home
2000,2000-12-17,CAR,LAC,W,30,22,Home
2000,2000-12-17,CIN,JAX,W,17,14,Home
2000,2000-12-17,CLE,TEN,L,0,24,Home
2000,2000-12-17,DAL,NYG,L,13,17,Home
2000,2000-12-17,KC,DEN,W,20,7,Home
2000,2000-12-17,MIA,IND,L,13,20,Home
2000,2000-12-17,MIN,GB,L,28,33,Home
2000,2000-12-17,NO,ATL,W,23,7,Home
2000,2000-12-17,NYJ,DET,L,7,10,Home
2000,2000-12-17,SF,CHI,W,17,0,Home
2000,2000-12-18,TB,LAR,W,38,35,Home
2000,2000-12-23,DEN,SF,W,38,9,Home
2000,2000-12-23,NYG,JAX,W,28,25,Home
2000,2000-12-23,SEA,BUF,L,23,42,Home
2000,2000-12-24,ATL,KC,W,29,13,Home
2000,2000-12-24,BAL,NYJ,W,34,20,Home
2000,2000-12-24,DET,CHI,L,20,23,Home
2000,2000-12-24,GB,TB,W,17,14,Home
2000,2000-12-24,IND,MIN,W,31,10,Home
2000,2000-12-24,LAC,PIT,L,21,34,Home
2000,2000-12-24,LV,CAR,W,52,9,Home
2000,2000-12-24,NE,MIA,L,24,27,Home
2000,2000-12-24,NO,LAR,L,21,26,Home
2000,2000-12-24,PHI,CIN,W,16,7,Home
2000,2000-12-24,WAS,ARI,W,20,3,Home
2000,2000-12-25,TEN,DAL,W,31,0,Home
2001,2001-09-09,BAL,CHI,W,17,6,Home
2001,2001-09-09,BUF,NO,L,6,24,Home
2001,2001-09-09,CIN,NE,W,23,17,Home
2001,2001-09-09,CLE,SEA,L,6,9,Home
2001,2001-09-09,DAL,TB,L,6,10,Home
2001,2001-09-09,GB,DET,W,28,6,Home
2001,2001-09-09,JAX,PIT,W,21,3,Home
2001,2001-09-09,KC,LV,L,24,27,Home
2001,2001-09-09,LAC,WAS,W,30,3,Home
2001,2001-09-09,MIN,CAR,L,13,24,Home
2001,2001-09-09,NYJ,IND,L,24,45,Home
2001,2001-09-09,PHI,LAR,L,17,20,Home
2001,2001-09-09,SF,ATL,W,16,13,Home
2001,2001-09-09,TEN,MIA,L,23,31,Home
2001,2001-09-10,DEN,NYG,W,31,20,Home
2001,2001-09-23,ARI,DEN,L,17,38,Home
2001,2001-09-23,ATL,CAR,W,24,16,Home
2001,2001-09-23,CHI,MIN,W,17,10,Home
2001,2001-09-23,CIN,BAL,W,21,10,Home
2001,2001-09-23,CLE,DET,W,24,14,Home
2001,2001-09-23,DAL,LAC,L,21,32,Home
2001,2001-09-23,IND,BUF,W,42,26,Home
2001,2001-09-23,JAX,TEN,W,13,6,Home
2001,2001-09-23,KC,NYG,L,3,13,Home
2001,2001-09-23,MIA,LV,W,18,15,Home
2001,2001-09-23,NE,NYJ,L,3,10,Home
2001,2001-09-23,SEA,PHI,L,3,27,Home
2001,2001-09-23,SF,LAR,L,26,30,Home
2001,2001-09-24,GB,WAS,W,37,0,Home
2001,2001-09-30,ARI,ATL,L,14,34,Home
2001,2001-09-30,BUF,PIT,L,3,20,Home
2001,2001-09-30,CAR,GB,L,7,28,Home
2001,2001-09-30,DEN,BAL,L,13,20,Home
2001,2001-09-30,JAX,CLE,L,14,23,Home
2001,2001-09-30,LAC,CIN,W,28,14,Home
2001,2001-09-30,LAR,MIA,W,42,10,Home
2001,2001-09-30,LV,SEA,W,38,14,Home
2001,2001-09-30,MIN,TB,W,20,16,Home
2001,2001-09-30,NE,IND,W,44,13,Home
2001,2001-09-30,NYG,NO,W,21,13,Home
2001,2001-09-30,PHI,DAL,W,40,18,Home
2001,2001-09-30,WAS,KC,L,13,45,Home
2001,2001-10-01,NYJ,SF,L,17,19,Home
2001,2001-10-07,ATL,CHI,L,3,31,Home
2001,2001-10-07,BAL,TEN,W,26,7,Home
2001,2001-10-07,BUF,NYJ,L,36,42,Home
2001,2001-10-07,CLE,LAC,W,20,16,Home
2001,2001-10-07,DEN,KC,W,20,6,Home
2001,2001-10-07,LV,DAL,W,28,21,Home
2001,2001-10-07,MIA,NE,W,30,10,Home
2001,2001-10-07,NO,MIN,W,28,15,Home
2001,2001-10-07,NYG,WAS,W,23,9,Home
2001,2001-10-07,PHI,ARI,L,20,21,Home
2001,2001-10-07,PIT,CIN,W,16,7,Home
2001,2001-10-07,SEA,JAX,W,24,15,Home
2001,2001-10-07,SF,CAR,W,24,14,Home
2001,2001-10-07,TB,GB,W,14,10,Home
2001,2001-10-08,DET,LAR,L,0,35,Home
2001,2001-10-14,ATL,SF,L,31,37,Home
2001,2001-10-14,CAR,NO,L,25,27,Home
2001,2001-10-14,CHI,ARI,W,20,13,Home
2001,2001-10-14,CIN,CLE,W,24,14,Home
2001,2001-10-14,GB,BAL,W,31,23,Home
2001,2001-10-14,IND,LV,L,18,23,Home
2001,2001-10-14,KC,PIT,L,17,20,Home
2001,2001-10-14,LAR,NYG,W,15,14,Home
2001,2001-10-14,MIN,DET,W,31,26,Home
2001,2001-10-14,NE,LAC,W,29,26,Home
2001,2001-10-14,NYJ,MIA,W,21,17,Home
2001,2001-10-14,SEA,DEN,W,34,21,Home
2001,2001-10-14,TEN,TB,W,31,28,Home
2001,2001-10-15,DAL,WAS,W,9,7,Home
2001,2001-10-18,JAX,BUF,L,10,13,Home
2001,2001-10-21,ARI,KC,W,24,16,Home
2001,2001-10-21,CIN,CHI,L,0,24,Home
2001,2001-10-21,CLE,BAL,W,24,14,Home
2001,2001-10-21,DET,TEN,L,24,27,Home
2001,2001-10-21,IND,NE,L,17,38,Home
2001,2001-10-21,LAC,DEN,W,27,10,Home
2001,2001-10-21,MIN,GB,W,35,13,Home
2001,2001-10-21,NO,ATL,L,13,20,Home
2001,2001-10-21,NYJ,LAR,L,14,34,Home
2001,2001-10-21,TB,PIT,L,10,17,Home
2001,2001-10-21,WAS,CAR,W,17,14,Home
2001,2001-10-22,NYG,PHI,L,9,10,Home
2001,2001-10-25,KC,IND,L,28,35,Home
2001,2001-10-28,BAL,JAX,W,18,17,Home
2001,2001-10-28,CAR,NYJ,L,12,13,Home
2001,2001-10-28,CHI,SF,W,37,31,Home
2001,2001-10-28,DAL,ARI,W,17,3,Home
2001,2001-10-28,DEN,NE,W,31,20,Home
2001,2001-10-28,DET,CIN,L,27,31,Home
2001,2001-10-28,LAC,BUF,W,27,24,Home
2001,2001-10-28,LAR,NO,L,31,34,Home
2001,2001-10-28,PHI,LV,L,10,20,Home
2001,2001-10-28,SEA,MIA,L,20,24,Home
2001,2001-10-28,TB,MIN,W,41,14,Home
2001,2001-10-28,WAS,NYG,W,35,21,Home
2001,2001-10-29,PIT,TEN,W,34,7,Home
2001,2001-11-04,ARI,PHI,L,7,21,Home
2001,2001-11-04,ATL,NE,L,10,24,Home
2001,2001-11-04,BUF,IND,L,14,30,Home
2001,2001-11-04,CHI,CLE,W,27,21,Home
2001,2001-11-04,GB,TB,W,21,20,Home
2001,2001-11-04,LAC,KC,L,20,25,Home
2001,2001-11-04,MIA,CAR,W,23,6,Home
2001,2001-11-04,NO,NYJ,L,9,16,Home
2001,2001-11-04,NYG,DAL,W,27,24,Home
2001,2001-11-04,PIT,BAL,L,10,13,Home
2001,2001-11-04,SF,DET,W,21,13,Home
2001,2001-11-04,TEN,JAX,W,28,24,Home
2001,2001-11-04,WAS,SEA,W,27,14,Home
2001,2001-11-05,LV,DEN,W,38,28,Home
2001,2001-11-11,ARI,NYG,L,10,17,Home
2001,2001-11-11,ATL,DAL,W,20,13,Home
2001,2001-11-11,CHI,GB,L,12,20,Home
2001,2001-11-11,CLE,PIT,L,12,15,Home
2001,2001-11-11,DEN,LAC,W,26,16,Home
2001,2001-11-11,DET,TB,L,17,20,Home
2001,2001-11-11,IND,MIA,L,24,27,Home
2001,2001-11-11,JAX,CIN,W,30,13,Home
2001,2001-11-11,LAR,CAR,W,48,14,Home
2001,2001-11-11,NE,BUF,W,21,11,Home
2001,2001-11-11,NYJ,KC,W,27,7,Home
2001,2001-11-11,PHI,MIN,W,48,17,Home
2001,2001-11-11,SEA,LV,W,34,27,Home
2001,2001-11-11,SF,NO,W,28,27,Home
2001,2001-11-12,TEN,BAL,L,10,16,Home
2001,2001-11-18,ARI,DET,W,45,38,Home
2001,2001-11-18,BAL,CLE,L,17,27,Home
2001,2001-11-18,BUF,SEA,L,20,23,Home
2001,2001-11-18,CAR,SF,L,22,25,Home
2001,2001-11-18,CIN,TEN,L,7,20,Home
2001,2001-11-18,DAL,PHI,L,3,36,Home
2001,2001-11-18,DEN,WAS,L,10,17,Home
2001,2001-11-18,GB,ATL,L,20,23,Home
2001,2001-11-18,LV,LAC,W,34,24,Home
2001,2001-11-18,MIA,NYJ,L,0,24,Home
2001,2001-11-18,NE,LAR,L,17,24,Home
2001,2001-11-18,NO,IND,W,34,20,Home
2001,2001-11-18,PIT,JAX,W,20,7,Home
2001,2001-11-18,TB,CHI,L,24,27,Home
2001,2001-11-19,MIN,NYG,W,28,16,Home
2001,2001-11-22,DAL,DEN,L,24,26,Home
2001,2001-11-22,DET,GB,L,27,29,Home
2001,2001-11-25,BUF,MIA,L,27,34,Home
2001,2001-11-25,CAR,ATL,L,7,10,Home
2001,2001-11-25,CLE,CIN,W,18,0,Home
2001,2001-11-25,IND,SF,L,21,40,Home
2001,2001-11-25,JAX,BAL,L,21,24,Home
2001,2001-11-25,KC,SEA,W,19,7,Home
2001,2001-11-25,LAC,ARI,L,17,20,Home
2001,2001-11-25,MIN,CHI,L,6,13,Home
2001,2001-11-25,NE,NO,W,34,17,Home
2001,2001-11-25,NYG,LV,L,10,28,Home
2001,2001-11-25,PHI,WAS,L,3,13,Home
2001,2001-11-25,TEN,PIT,L,24,34,Home
2001,2001-11-26,LAR,TB,L,17,24,Home
2001,2001-11-29,KC,PHI,L,10,23,Home
2001,2001-12-02,ATL,LAR,L,6,35,Home
2001,2001-12-02,BAL,IND,W,39,27,Home
2001,2001-12-02,CHI,DET,W,13,10,Home
2001,2001-12-02,CIN,TB,L,13,16,Home
2001,2001-12-02,CLE,TEN,L,15,31,Home
2001,2001-12-02,LV,ARI,L,31,34,Home
2001,2001-12-02,MIA,DEN,W,21,10,Home
2001,2001-12-02,NO,CAR,W,27,23,Home
2001,2001-12-02,NYJ,NE,L,16,17,Home
2001,2001-12-02,PIT,MIN,W,21,16,Home
2001,2001-12-02,SEA,LAC,W,13,10,Home
2001,2001-12-02,SF,BUF,W,35,0,Home
2001,2001-12-02,WAS,DAL,L,14,20,Home
2001,2001-12-03,JAX,GB,L,21,28,Home
2001,2001-12-09,ARI,WAS,L,10,20,Home
2001,2001-12-09,ATL,NO,L,10,28,Home
2001,2001-12-09,BUF,CAR,W,25,24,Home
2001,2001-12-09,CIN,JAX,L,10,14,Home
2001,2001-12-09,DAL,NYG,W,20,13,Home
2001,2001-12-09,DEN,SEA,W,20,7,Home
2001,2001-12-09,GB,CHI,W,17,7,Home
2001,2001-12-09,LAR,SF,W,27,14,Home
2001,2001-12-09,LV,KC,W,28,26,Home
2001,2001-12-09,MIN,TEN,W,42,24,Home
2001,2001-12-09,NE,CLE,W,27,16,Home
2001,2001-12-09,PHI,LAC,W,24,14,Home
2001,2001-12-09,PIT,NYJ,W,18,7,Home
2001,2001-12-09,TB,DET,W,15,12,Home
2001,2001-12-10,MIA,IND,W,41,6,Home
2001,2001-12-15,LAC,LV,L,6,13,Home
2001,2001-12-15,NYG,ARI,W,17,13,Home
2001,2001-12-16,BAL,PIT,L,21,26,Home
2001,2001-12-16,BUF,NE,L,9,12,Home
2001,2001-12-16,CHI,TB,W,27,3,Home
2001,2001-12-16,CLE,JAX,L,10,15,Home
2001,2001-12-16,DET,MIN,W,27,24,Home
2001,2001-12-16,IND,ATL,W,41,27,Home
2001,2001-12-16,KC,DEN,W,26,23,Home
2001,2001-12-16,NYJ,CIN,W,15,14,Home
2001,2001-12-16,SEA,DAL,W,29,3,Home
2001,2001-12-16,SF,MIA,W,21,0,Home
2001,2001-12-16,TEN,GB,W,26,20,Home
2001,2001-12-16,WAS,PHI,L,6,20,Home
2001,2001-12-17,NO,LAR,L,21,34,Home
2001,2001-12-22,LV,TEN,L,10,13,Home
2001,2001-12-22,NE,MIA,W,20,13,Home
2001,2001-12-22,SF,PHI,W,13,3,Home
2001,2001-12-23,ARI,DAL,W,17,10,Home
2001,2001-12-23,ATL,BUF,W,33,30,Home
2001,2001-12-23,BAL,CIN,W,16,0,Home
2001,2001-12-23,CAR,LAR,L,32,38,Home
2001,2001-12-23,GB,CLE,W,30,7,Home
2001,2001-12-23,IND,NYJ,L,28,29,Home
2001,2001-12-23,KC,LAC,W,20,17,Home
2001,2001-12-23,MIN,JAX,L,3,33,Home
2001,2001-12-23,NYG,SEA,W,27,24,Home
2001,2001-12-23,PIT,DET,W,47,14,Home
2001,2001-12-23,TB,NO,W,48,21,Home
2001,2001-12-23,WAS,CHI,L,15,20,Home
2001,2001-12-29,TB,BAL,W,22,10,Home
2001,2001-12-30,CAR,ARI,L,7,30,Home
2001,2001-12-30,CIN,PIT,W,26,23,Home
2001,2001-12-30,DAL,SF,W,27,21,Home
2001,2001-12-30,DEN,LV,W,23,17,Home
2001,2001-12-30,DET,CHI,L,0,24,Home
2001,2001-12-30,GB,MIN,W,24,13,Home
2001,2001-12-30,JAX,KC,L,26,30,Home
2001,2001-12-30,LAC,SEA,L,22,25,Home
2001,2001-12-30,LAR,IND,W,42,17,Home
2001,2001-12-30,MIA,ATL,W,21,14,Home
2001,2001-12-30,NO,WAS,L,10,40,Home
2001,2001-12-30,NYJ,BUF,L,9,14,Home
2001,2001-12-30,PHI,NYG,W,24,21,Home
2001,2001-12-30,TEN,CLE,L,38,41,Home
2001,2002-01-06,CAR,NE,L,6,38,Home
2001,2002-01-06,CHI,JAX,W,33,13,Home
2001,2002-01-06,DET,DAL,W,15,10,Home
2001,2002-01-06,IND,DEN,W,29,10,Home
2001,2002-01-06,LAR,ATL,W,31,13,Home
2001,2002-01-06,LV,NYJ,L,22,24,Home
2001,2002-01-06,MIA,BUF,W,34,7,Home
2001,2002-01-06,NO,SF,L,0,38,Home
2001,2002-01-06,NYG,GB,L,25,34,Home
2001,2002-01-06,PIT,CLE,W,28,7,Home
2001,2002-01-06,SEA,KC,W,21,18,Home
2001,2002-01-06,TB,PHI,L,13,17,Home
2001,2002-01-06,TEN,CIN,L,21,23,Home
2001,2002-01-06,WAS,ARI,W,20,17,Home
2001,2002-01-07,BAL,MIN,W,19,3,Home
2002,2002-09-05,NYG,SF,L,13,16,Home
2002,2002-09-08,BUF,NYJ,L,31,37,Home
2002,2002-09-08,CAR,BAL,W,10,7,Home
2002,2002-09-08,CHI,MIN,W,27,23,Home
2002,2002-09-08,CIN,LAC,L,6,34,Home
2002,2002-09-08,CLE,KC,L,39,40,Home
2002,2002-09-08,DEN,LAR,W,23,16,Home
2002,2002-09-08,GB,ATL,W,37,34,Home
2002,2002-09-08,HOU,DAL,W,19,10,Home
2002,2002-09-08,JAX,IND,L,25,28,Home
2002,2002-09-08,LV,SEA,W,31,17,Home
2002,2002-09-08,MIA,DET,W,49,21,Home
2002,2002-09-08,TB,NO,L,20,26,Home
2002,2002-09-08,TEN,PHI,W,27,24,Home
2002,2002-09-08,WAS,ARI,W,31,23,Home
2002,2002-09-09,NE,PIT,W,30,14,Home
2002,2002-09-15,ATL,CHI,L,13,14,Home
2002,2002-09-15,BAL,TB,L,0,25,Home
2002,2002-09-15,CAR,DET,W,31,7,Home
2002,2002-09-15,CLE,CIN,W,20,7,Home
2002,2002-09-15,DAL,TEN,W,21,13,Home
2002,2002-09-15,IND,MIA,L,13,21,Home
2002,2002-09-15,KC,JAX,L,16,23,Home
2002,2002-09-15,LAC,HOU,W,24,3,Home
2002,2002-09-15,LAR,NYG,L,21,26,Home
2002,2002-09-15,MIN,BUF,L,39,45,Home
2002,2002-09-15,NO,GB,W,35,20,Home
2002,2002-09-15,NYJ,NE,L,7,44,Home
2002,2002-09-15,PIT,LV,L,17,30,Home
2002,2002-09-15,SEA,ARI,L,13,24,Home
2002,2002-09-15,SF,DEN,L,14,24,Home
2002,2002-09-16,WAS,PHI,L,7,37,Home
2002,2002-09-22,ARI,LAC,L,15,23,Home
2002,2002-09-22,ATL,CIN,W,30,3,Home
2002,2002-09-22,CHI,NO,L,23,29,Home
2002,2002-09-22,DEN,BUF,W,28,23,Home
2002,2002-09-22,DET,GB,L,31,37,Home
2002,2002-09-22,HOU,IND,L,3,23,Home
2002,2002-09-22,MIA,NYJ,W,30,3,Home
2002,2002-09-22,MIN,CAR,L,14,21,Home
2002,2002-09-22,NE,KC,W,41,38,Home
2002,2002-09-22,NYG,SEA,W,9,6,Home
2002,2002-09-22,PHI,DAL,W,44,13,Home
2002,2002-09-22,SF,WAS,W,20,10,Home
2002,2002-09-22,TEN,CLE,L,28,31,Home
2002,2002-09-23,TB,LAR,W,26,14,Home
2002,2002-09-29,ARI,NYG,W,21,7,Home
2002,2002-09-29,BUF,CHI,W,33,27,Home
2002,2002-09-29,CIN,TB,L,7,35,Home
2002,2002-09-29,DET,NO,W,26,21,Home
2002,2002-09-29,GB,CAR,W,17,14,Home
2002,2002-09-29,JAX,NYJ,W,28,3,Home
2002,2002-09-29,KC,MIA,W,48,30,Home
2002,2002-09-29,LAC,NE,W,21,14,Home
2002,2002-09-29,LAR,DAL,L,10,13,Home
2002,2002-09-29,LV,TEN,W,52,25,Home
2002,2002-09-29,PHI,HOU,W,35,17,Home
2002,2002-09-29,PIT,CLE,W,16,13,Home
2002,2002-09-29,SEA,MIN,W,48,23,Home
2002,2002-09-30,BAL,DEN,W,34,23,Home
2002,2002-10-06,ATL,TB,L,6,20,Home
2002,2002-10-06,BUF,LV,L,31,49,Home
2002,2002-10-06,CAR,ARI,L,13,16,Home
2002,2002-10-06,CLE,BAL,L,21,26,Home
2002,2002-10-06,DAL,NYG,L,17,21,Home
2002,2002-10-06,DEN,LAC,W,26,9,Home
2002,2002-10-06,IND,CIN,W,28,21,Home
2002,2002-10-06,JAX,PHI,W,28,25,Home
2002,2002-10-06,MIA,NE,W,26,13,Home
2002,2002-10-06,NO,PIT,W,32,29,Home
2002,2002-10-06,NYJ,KC,L,25,29,Home
2002,2002-10-06,SF,LAR,W,37,13,Home
2002,2002-10-06,TEN,WAS,L,14,31,Home
2002,2002-10-07,CHI,GB,L,21,34,Home
2002,2002-10-13,CIN,PIT,L,7,34,Home
2002,2002-10-13,DAL,CAR,W,14,13,Home
2002,2002-10-13,DEN,MIA,L,22,24,Home
2002,2002-10-13,HOU,BUF,L,24,31,Home
2002,2002-10-13,IND,BAL,W,22,20,Home
2002,2002-10-13,LAC,KC,W,35,34,Home
2002,2002-10-13,LAR,LV,W,28,13,Home
2002,2002-10-13,MIN,DET,W,31,24,Home
2002,2002-10-13,NE,GB,L,10,28,Home
2002,2002-10-13,NYG,ATL,L,10,17,Home
2002,2002-10-13,TB,CLE,W,17,3,Home
2002,2002-10-13,TEN,JAX,W,23,14,Home
2002,2002-10-13,WAS,NO,L,27,43,Home
2002,2002-10-14,SEA,SF,L,21,28,Home
2002,2002-10-20,ARI,DAL,W,9,6,Home
2002,2002-10-20,ATL,CAR,W,30,0,Home
2002,2002-10-20,BAL,JAX,W,17,10,Home
2002,2002-10-20,CLE,HOU,W,34,17,Home
2002,2002-10-20,DET,CHI,W,23,20,Home
2002,2002-10-20,GB,WAS,W,30,9,Home
2002,2002-10-20,KC,DEN,L,34,37,Home
2002,2002-10-20,LAR,SEA,W,37,20,Home
2002,2002-10-20,LV,LAC,L,21,27,Home
2002,2002-10-20,MIA,BUF,L,10,23,Home
2002,2002-10-20,NO,SF,W,35,27,Home
2002,2002-10-20,NYJ,MIN,W,20,7,Home
2002,2002-10-20,PHI,TB,W,20,10,Home
2002,2002-10-21,PIT,IND,W,28,10,Home
2002,2002-10-27,BAL,PIT,L,18,31,Home
2002,2002-10-27,BUF,DET,W,24,17,Home
2002,2002-10-27,CAR,TB,L,9,12,Home
2002,2002-10-27,CIN,TEN,L,24,30,Home
2002,2002-10-27,DAL,SEA,L,14,17,Home
2002,2002-10-27,JAX,HOU,L,19,21,Home
2002,2002-10-27,KC,LV,W,20,10,Home
2002,2002-10-27,MIN,CHI,W,25,7,Home
2002,2002-10-27,NE,DEN,L,16,24,Home
2002,2002-10-27,NO,ATL,L,35,37,Home
2002,2002-10-27,NYJ,CLE,L,21,24,Home
2002,2002-10-27,SF,ARI,W,38,28,Home
2002,2002-10-27,WAS,IND,W,26,21,Home
2002,2002-10-28,PHI,NYG,W,17,3,Home
2002,2002-11-03,ARI,LAR,L,14,27,Home
2002,2002-11-03,ATL,BAL,W,20,17,Home
2002,2002-11-03,BUF,NE,L,7,38,Home
2002,2002-11-03,CHI,PHI,L,13,19,Home
2002,2002-11-03,CLE,PIT,L,20,23,Home
2002,2002-11-03,DET,DAL,W,9,7,Home
2002,2002-11-03,HOU,CIN,L,3,38,Home
2002,2002-11-03,IND,TEN,L,15,23,Home
2002,2002-11-03,LAC,NYJ,L,13,44,Home
2002,2002-11-03,LV,SF,L,20,23,Home
2002,2002-11-03,NYG,JAX,W,24,17,Home
2002,2002-11-03,SEA,WAS,L,3,14,Home
2002,2002-11-03,TB,MIN,W,38,24,Home
2002,2002-11-04,GB,MIA,W,24,10,Home
2002,2002-11-10,ARI,SEA,L,6,27,Home
2002,2002-11-10,BAL,CIN,W,38,27,Home
2002,2002-11-10,CAR,NO,L,24,34,Home
2002,2002-11-10,CHI,NE,L,30,33,Home
2002,2002-11-10,GB,DET,W,40,14,Home
2002,2002-11-10,JAX,WAS,W,26,7,Home
2002,2002-11-10,LAR,LAC,W,28,24,Home
2002,2002-11-10,MIN,NYG,L,20,27,Home
2002,2002-11-10,NYJ,MIA,W,13,10,Home
2002,2002-11-10,PHI,IND,L,13,35,Home
2002,2002-11-10,PIT,ATL,T,34,34,Home
2002,2002-11-10,SF,KC,W,17,13,Home
2002,2002-11-10,TEN,HOU,W,17,10,Home
2002,2002-11-11,DEN,LV,L,10,34,Home
2002,2002-11-17,ATL,NO,W,24,17,Home
2002,2002-11-17,CIN,CLE,L,20,27,Home
2002,2002-11-17,DET,NYJ,L,14,31,Home
2002,2002-11-17,HOU,JAX,L,21,24,Home
2002,2002-11-17,IND,DAL,W,20,3,Home
2002,2002-11-17,KC,BUF,W,17,16,Home
2002,2002-11-17,LAC,SF,W,20,17,Home
2002,2002-11-17,LV,NE,W,27,20,Home
2002,2002-11-17,MIA,BAL,W,26,7,Home
2002,2002-11-17,MIN,GB,W,31,21,Home
2002,2002-11-17,NYG,WAS,W,19,17,Home
2002,2002-11-17,PHI,ARI,W,38,14,Home
2002,2002-11-17,SEA,DEN,L,9,31,Home
2002,2002-11-17,TB,CAR,W,23,10,Home
2002,2002-11-17,TEN,PIT,W,31,23,Home
2002,2002-11-18,LAR,CHI,W,21,16,Home
2002,2002-11-24,ARI,LV,L,20,41,Home
2002,2002-11-24,BAL,TEN,W,13,12,Home
2002,2002-11-24,CAR,ATL,L,0,41,Home
2002,2002-11-24,CHI,DET,W,20,17,Home
2002,2002-11-24,DAL,JAX,W,21,19,Home
2002,2002-11-24,DEN,IND,L,20,23,Home
2002,2002-11-24,HOU,NYG,W,16,14,Home
2002,2002-11-24,MIA,LAC,W,30,3,Home
2002,2002-11-24,NE,MIN,W,24,17,Home
2002,2002-11-24,NO,CLE,L,15,24,Home
2002,2002-11-24,NYJ,BUF,W,31,13,Home
2002,2002-11-24,PIT,CIN,W,29,21,Home
2002,2002-11-24,SEA,KC,W,39,32,Home
2002,2002-11-24,TB,GB,W,21,7,Home
2002,2002-11-24,WAS,LAR,W,20,17,Home
2002,2002-11-25,SF,PHI,L,17,38,Home
2002,2002-11-28,DAL,WAS,W,27,20,Home
2002,2002-11-28,DET,NE,L,12,20,Home
2002,2002-12-01,BUF,MIA,W,38,21,Home
2002,2002-12-01,CIN,BAL,L,23,27,Home
2002,2002-12-01,CLE,CAR,L,6,13,Home
2002,2002-12-01,GB,CHI,W,30,20,Home
2002,2002-12-01,IND,HOU,W,19,3,Home
2002,2002-12-01,JAX,PIT,L,23,25,Home
2002,2002-12-01,KC,ARI,W,49,0,Home
2002,2002-12-01,LAC,DEN,W,30,27,Home
2002,2002-12-01,MIN,ATL,L,24,30,Home
2002,2002-12-01,NO,TB,W,23,20,Home
2002,2002-12-01,NYG,TEN,L,29,32,Home
2002,2002-12-01,PHI,LAR,W,10,3,Home
2002,2002-12-01,SF,SEA,W,31,24,Home
2002,2002-12-02,LV,NYJ,W,26,20,Home
2002,2002-12-08,ARI,DET,W,23,20,Home
2002,2002-12-08,BAL,NO,L,25,37,Home
2002,2002-12-08,CAR,CIN,W,52,31,Home
2002,2002-12-08,DAL,SF,L,27,31,Home
2002,2002-12-08,GB,MIN,W,26,22,Home
2002,2002-12-08,JAX,CLE,L,20,21,Home
2002,2002-12-08,KC,LAR,W,49,10,Home
2002,2002-12-08,LAC,LV,L,7,27,Home
2002,2002-12-08,NE,BUF,W,27,17,Home
2002,2002-12-08,NYJ,DEN,W,19,13,Home
2002,2002-12-08,PIT,HOU,L,6,24,Home
2002,2002-12-08,SEA,PHI,L,20,27,Home
2002,2002-12-08,TB,ATL,W,34,10,Home
2002,2002-12-08,TEN,IND,W,27,17,Home
2002,2002-12-08,WAS,NYG,L,21,27,Home
2002,2002-12-09,MIA,CHI,W,27,9,Home
2002,2002-12-15,ATL,SEA,L,24,30,Home
2002,2002-12-15,BUF,LAC,W,20,13,Home
2002,2002-12-15,CHI,NYJ,W,20,13,Home
2002,2002-12-15,CIN,JAX,L,15,29,Home
2002,2002-12-15,CLE,IND,L,23,28,Home
2002,2002-12-15,DEN,KC,W,31,24,Home
2002,2002-12-15,DET,TB,L,20,23,Home
2002,2002-12-15,HOU,BAL,L,19,23,Home
2002,2002-12-15,LAR,ARI,W,30,28,Home
2002,2002-12-15,MIA,LV,W,23,17,Home
2002,2002-12-15,NO,MIN,L,31,32,Home
2002,2002-12-15,NYG,DAL,W,37,7,Home
2002,2002-12-15,PHI,WAS,W,34,21,Home
2002,2002-12-15,PIT,CAR,W,30,14,Home
2002,2002-12-15,SF,GB,L,14,20,Home
2002,2002-12-16,TEN,NE,W,24,7,Home
2002,2002-12-21,ARI,SF,L,14,17,Home
2002,2002-12-21,DAL,PHI,L,3,27,Home
2002,2002-12-21,MIN,MIA,W,20,17,Home
2002,2002-12-22,ATL,DET,W,36,15,Home
2002,2002-12-22,BAL,CLE,L,13,14,Home
2002,2002-12-22,CAR,CHI,W,24,14,Home
2002,2002-12-22,CIN,NO,W,20,13,Home
2002,2002-12-22,GB,BUF,W,10,0,Home
2002,2002-12-22,IND,NYG,L,27,44,Home
2002,2002-12-22,JAX,TEN,L,10,28,Home
2002,2002-12-22,KC,LAC,W,24,22,Home
2002,2002-12-22,LV,DEN,W,28,16,Home
2002,2002-12-22,NE,NYJ,L,17,30,Home
2002,2002-12-22,SEA,LAR,W,30,10,Home
2002,2002-12-22,WAS,HOU,W,26,10,Home
2002,2002-12-23,TB,PIT,L,7,17,Home
2002,2002-12-28,LV,KC,W,24,0,Home
2002,2002-12-28,NYG,PHI,W,10,7,Home
2002,2002-12-29,BUF,CIN,W,27,9,Home
2002,2002-12-29,CHI,TB,L,0,15,Home
2002,2002-12-29,CLE,ATL,W,24,16,Home
2002,2002-12-29,DEN,ARI,W,37,7,Home
2002,2002-12-29,DET,MIN,L,36,38,Home
2002,2002-12-29,HOU,TEN,L,3,13,Home
2002,2002-12-29,IND,JAX,W,20,13,Home
2002,2002-12-29,LAC,SEA,L,28,31,Home
2002,2002-12-29,NE,MIA,W,27,24,Home
2002,2002-12-29,NO,CAR,L,6,10,Home
2002,2002-12-29,NYJ,GB,W,42,17,Home
2002,2002-12-29,PIT,BAL,W,34,31,Home
2002,2002-12-29,WAS,DAL,W,20,14,Home
2002,2002-12-30,LAR,SF,W,31,20,Home
2003,2003-09-04,WAS,NYJ,W,16,13,Home
2003,2003-09-07,BUF,NE,W,31,0,Home
2003,2003-09-07,CAR,JAX,W,24,23,Home
2003,2003-09-07,CIN,DEN,L,10,30,Home
2003,2003-09-07,CLE,IND,L,6,9,Home
2003,2003-09-07,DAL,ATL,L,13,27,Home
2003,2003-09-07,DET,ARI,W,42,24,Home
2003,2003-09-07,GB,MIN,L,25,30,Home
2003,2003-09-07,KC,LAC,W,27,14,Home
2003,2003-09-07,MIA,HOU,L,20,21,Home
2003,2003-09-07,NYG,LAR,W,23,13,Home
2003,2003-09-07,PIT,BAL,W,34,15,Home
2003,2003-09-07,SEA,NO,W,27,10,Home
2003,2003-09-07,SF,CHI,W,49,7,Home
2003,2003-09-07,TEN,LV,W,25,20,Home
2003,2003-09-08,PHI,TB,L,0,17,Home
2003,2003-09-14,ARI,SEA,L,0,38,Home
2003,2003-09-14,ATL,WAS,L,31,33,Home
2003,2003-09-14,BAL,CLE,W,33,13,Home
2003,2003-09-14,GB,DET,W,31,6,Home
2003,2003-09-14,IND,TEN,W,33,7,Home
2003,2003-09-14,JAX,BUF,L,17,38,Home
2003,2003-09-14,KC,PIT,W,41,20,Home
2003,2003-09-14,LAC,DEN,L,13,37,Home
2003,2003-09-14,LAR,SF,W,27,24,Home
2003,2003-09-14,LV,CIN,W,23,20,Home
2003,2003-09-14,MIN,CHI,W,24,13,Home
2003,2003-09-14,NO,HOU,W,31,10,Home
2003,2003-09-14,NYJ,MIA,L,10,21,Home
2003,2003-09-14,PHI,NE,L,10,31,Home
2003,2003-09-14,TB,CAR,L,9,12,Home
2003,2003-09-15,NYG,DAL,L,32,35,Home
2003,2003-09-21,ARI,GB,W,20,13,Home
2003,2003-09-21,ATL,TB,L,10,31,Home
2003,2003-09-21,CIN,PIT,L,10,17,Home
2003,2003-09-21,DET,MIN,L,13,23,Home
2003,2003-09-21,HOU,KC,L,14,42,Home
2003,2003-09-21,IND,JAX,W,23,13,Home
2003,2003-09-21,LAC,BAL,L,10,24,Home
2003,2003-09-21,MIA,BUF,W,17,7,Home
2003,2003-09-21,NE,NYJ,W,23,16,Home
2003,2003-09-21,SEA,LAR,W,24,23,Home
2003,2003-09-21,SF,CLE,L,12,13,Home
2003,2003-09-21,TEN,NO,W,27,12,Home
2003,2003-09-21,WAS,NYG,L,21,24,Home
2003,2003-09-22,DEN,LV,W,31,10,Home
2003,2003-09-28,BAL,KC,L,10,17,Home
2003,2003-09-28,BUF,PHI,L,13,23,Home
2003,2003-09-28,CAR,ATL,W,23,3,Home
2003,2003-09-28,CLE,CIN,L,14,21,Home
2003,2003-09-28,DEN,DET,W,20,16,Home
2003,2003-09-28,HOU,JAX,W,24,20,Home
2003,2003-09-28,LAR,ARI,W,37,13,Home
2003,2003-09-28,LV,LAC,W,34,31,Home
2003,2003-09-28,MIN,SF,W,35,7,Home
2003,2003-09-28,NO,IND,L,21,55,Home
2003,2003-09-28,NYJ,DAL,L,6,17,Home
2003,2003-09-28,PIT,TEN,L,13,30,Home
2003,2003-09-28,WAS,NE,W,20,17,Home
2003,2003-09-29,CHI,GB,L,23,38,Home
2003,2003-10-05,ATL,MIN,L,26,39,Home
2003,2003-10-05,BUF,CIN,W,22,16,Home
2003,2003-10-05,CAR,NO,W,19,13,Home
2003,2003-10-05,CHI,LV,W,24,21,Home
2003,2003-10-05,DAL,ARI,W,24,7,Home
2003,2003-10-05,GB,SEA,W,35,13,Home
2003,2003-10-05,JAX,LAC,W,27,21,Home
2003,2003-10-05,KC,DEN,W,24,23,Home
2003,2003-10-05,NE,TEN,W,38,30,Home
2003,2003-10-05,NYG,MIA,L,10,23,Home
2003,2003-10-05,PHI,WAS,W,27,25,Home
2003,2003-10-05,PIT,CLE,L,13,33,Home
2003,2003-10-05,SF,DET,W,24,17,Home
2003,2003-10-06,TB,IND,L,35,38,Home
2003,2003-10-12,ARI,BAL,L,18,26,Home
2003,2003-10-12,CLE,LV,W,13,7,Home
2003,2003-10-12,DAL,PHI,W,23,21,Home
2003,2003-10-12,DEN,PIT,W,17,14,Home
2003,2003-10-12,GB,KC,L,34,40,Home
2003,2003-10-12,IND,CAR,L,20,23,Home
2003,2003-10-12,JAX,MIA,L,10,24,Home
2003,2003-10-12,NE,NYG,W,17,6,Home
2003,2003-10-12,NO,CHI,W,20,13,Home
2003,2003-10-12,NYJ,BUF,W,30,3,Home
2003,2003-10-12,SEA,SF,W,20,19,Home
2003,2003-10-12,TEN,HOU,W,38,17,Home
2003,2003-10-12,WAS,TB,L,13,35,Home
2003,2003-10-13,LAR,ATL,W,36,0,Home
2003,2003-10-19,ATL,NO,L,17,45,Home
2003,2003-10-19,BUF,WAS,W,24,7,Home
2003,2003-10-19,CAR,TEN,L,17,37,Home
2003,2003-10-19,CIN,BAL,W,34,26,Home
2003,2003-10-19,CLE,LAC,L,20,26,Home
2003,2003-10-19,DET,DAL,L,7,38,Home
2003,2003-10-19,HOU,NYJ,L,14,19,Home
2003,2003-10-19,LAR,GB,W,34,24,Home
2003,2003-10-19,MIA,NE,L,13,19,Home
2003,2003-10-19,MIN,DEN,W,28,20,Home
2003,2003-10-19,NYG,PHI,L,10,14,Home
2003,2003-10-19,SEA,CHI,W,24,17,Home
2003,2003-10-19,SF,TB,W,24,7,Home
2003,2003-10-20,LV,KC,L,10,17,Home
2003,2003-10-26,ARI,SF,W,16,13,Home
2003,2003-10-26,BAL,DEN,W,26,6,Home
2003,2003-10-26,CHI,DET,W,24,16,Home
2003,2003-10-26,CIN,SEA,W,27,24,Home
2003,2003-10-26,IND,HOU,W,30,21,Home
2003,2003-10-26,JAX,TEN,L,17,30,Home
2003,2003-10-26,KC,BUF,W,38,5,Home
2003,2003-10-26,MIN,NYG,L,17,29,Home
2003,2003-10-26,NE,CLE,W,9,3,Home
2003,2003-10-26,NO,CAR,L,20,23,Home
2003,2003-10-26,PHI,NYJ,W,24,17,Home
2003,2003-10-26,PIT,LAR,L,21,33,Home
2003,2003-10-26,TB,DAL,W,16,0,Home
2003,2003-10-27,LAC,MIA,L,10,26,Home
2003,2003-11-02,ARI,CIN,W,17,14,Home
2003,2003-11-02,ATL,PHI,L,16,23,Home
2003,2003-11-02,BAL,JAX,W,24,17,Home
2003,2003-11-02,CHI,LAC,W,20,7,Home
2003,2003-11-02,DAL,WAS,W,21,14,Home
2003,2003-11-02,DET,LV,W,23,13,Home
2003,2003-11-02,HOU,CAR,W,14,10,Home
2003,2003-11-02,MIA,IND,L,17,23,Home
2003,2003-11-02,MIN,GB,L,27,30,Home
2003,2003-11-02,NYJ,NYG,L,28,31,Home
2003,2003-11-02,SEA,PIT,W,23,16,Home
2003,2003-11-02,SF,LAR,W,30,10,Home
2003,2003-11-02,TB,NO,L,14,17,Home
2003,2003-11-03,DEN,NE,L,26,30,Home
2003,2003-11-09,CAR,TB,W,27,24,Home
2003,2003-11-09,CIN,HOU,W,34,27,Home
2003,2003-11-09,DAL,BUF,W,10,6,Home
2003,2003-11-09,DET,CHI,W,12,10,Home
2003,2003-11-09,JAX,IND,W,28,23,Home
2003,2003-11-09,KC,CLE,W,41,20,Home
2003,2003-11-09,LAC,MIN,W,42,28,Home
2003,2003-11-09,LAR,BAL,W,33,22,Home
2003,2003-11-09,LV,NYJ,L,24,27,Home
2003,2003-11-09,NYG,ATL,L,7,27,Home
2003,2003-11-09,PIT,ARI,W,28,15,Home
2003,2003-11-09,TEN,MIA,W,31,7,Home
2003,2003-11-09,WAS,SEA,W,27,20,Home
2003,2003-11-10,GB,PHI,L,14,17,Home
2003,2003-11-16,BUF,HOU,L,10,12,Home
2003,2003-11-16,CAR,WAS,W,20,17,Home
2003,2003-11-16,CHI,LAR,L,21,23,Home
2003,2003-11-16,CIN,KC,W,24,19,Home
2003,2003-11-16,CLE,ARI,W,44,6,Home
2003,2003-11-16,DEN,LAC,W,37,8,Home
2003,2003-11-16,IND,NYJ,W,38,31,Home
2003,2003-11-16,LV,MIN,W,28,18,Home
2003,2003-11-16,MIA,BAL,W,9,6,Home
2003,2003-11-16,NE,DAL,W,12,0,Home
2003,2003-11-16,NO,ATL,W,23,20,Home
2003,2003-11-16,PHI,NYG,W,28,10,Home
2003,2003-11-16,SEA,DET,W,35,14,Home
2003,2003-11-16,TB,GB,L,13,20,Home
2003,2003-11-16,TEN,JAX,W,10,3,Home
2003,2003-11-17,SF,PIT,W,30,14,Home
2003,2003-11-23,ARI,LAR,L,27,30,Home
2003,2003-11-23,ATL,TEN,L,31,38,Home
2003,2003-11-23,BAL,SEA,W,44,41,Home
2003,2003-11-23,BUF,IND,L,14,17,Home
2003,2003-11-23,CLE,PIT,L,6,13,Home
2003,2003-11-23,DAL,CAR,W,24,20,Home
2003,2003-11-23,DEN,CHI,L,10,19,Home
2003,2003-11-23,GB,SF,W,20,10,Home
2003,2003-11-23,HOU,NE,L,20,23,Home
2003,2003-11-23,KC,LV,W,27,24,Home
2003,2003-11-23,LAC,CIN,L,27,34,Home
2003,2003-11-23,MIA,WAS,W,24,23,Home
2003,2003-11-23,MIN,DET,W,24,14,Home
2003,2003-11-23,NYJ,JAX,W,13,10,Home
2003,2003-11-23,PHI,NO,W,33,20,Home
2003,2003-11-24,TB,NYG,W,19,13,Home
2003,2003-11-27,DAL,MIA,L,21,40,Home
2003,2003-11-27,DET,GB,W,22,14,Home
2003,2003-11-30,BAL,SF,W,44,6,Home
2003,2003-11-30,CAR,PHI,L,16,25,Home
2003,2003-11-30,CHI,ARI,W,28,3,Home
2003,2003-11-30,HOU,ATL,W,17,13,Home
2003,2003-11-30,IND,NE,L,34,38,Home
2003,2003-11-30,JAX,TB,W,17,10,Home
2003,2003-11-30,LAC,KC,L,24,28,Home
2003,2003-11-30,LAR,MIN,W,48,17,Home
2003,2003-11-30,LV,DEN,L,8,22,Home
2003,2003-11-30,NYG,BUF,L,7,24,Home
2003,2003-11-30,PIT,CIN,L,20,24,Home
2003,2003-11-30,SEA,CLE,W,34,7,Home
2003,2003-11-30,WAS,NO,L,20,24,Home
2003,2003-12-01,NYJ,TEN,W,24,17,Home
2003,2003-12-07,ATL,CAR,W,20,14,Home
2003,2003-12-07,BAL,CIN,W,31,13,Home
2003,2003-12-07,BUF,NYJ,W,17,6,Home
2003,2003-12-07,DEN,KC,W,45,27,Home
2003,2003-12-07,DET,LAC,L,7,14,Home
2003,2003-12-07,GB,CHI,W,34,21,Home
2003,2003-12-07,JAX,HOU,W,27,0,Home
2003,2003-12-07,MIN,SEA,W,34,7,Home
2003,2003-12-07,NE,MIA,W,12,0,Home
2003,2003-12-07,NO,TB,L,7,14,Home
2003,2003-12-07,NYG,WAS,L,7,20,Home
2003,2003-12-07,PHI,DAL,W,36,10,Home
2003,2003-12-07,PIT,LV,W,27,7,Home
2003,2003-12-07,SF,ARI,W,50,14,Home
2003,2003-12-07,TEN,IND,L,27,29,Home
2003,2003-12-08,CLE,LAR,L,20,26,Home
2003,2003-12-14,ARI,CAR,L,17,20,Home
2003,2003-12-14,CHI,MIN,W,13,10,Home
2003,2003-12-14,CIN,SF,W,41,38,Home
2003,2003-12-14,DEN,CLE,W,23,20,Home
2003,2003-12-14,IND,ATL,W,38,7,Home
2003,2003-12-14,KC,DET,W,45,17,Home
2003,2003-12-14,LAC,GB,L,21,38,Home
2003,2003-12-14,LAR,SEA,W,27,22,Home
2003,2003-12-14,LV,BAL,W,20,12,Home
2003,2003-12-14,NE,JAX,W,27,13,Home
2003,2003-12-14,NO,NYG,W,45,7,Home
2003,2003-12-14,NYJ,PIT,W,6,0,Home
2003,2003-12-14,TB,HOU,W,16,3,Home
2003,2003-12-14,TEN,BUF,W,28,26,Home
2003,2003-12-14,WAS,DAL,L,0,27,Home
2003,2003-12-15,MIA,PHI,L,27,34,Home
2003,2003-12-20,MIN,KC,W,45,20,Home
2003,2003-12-20,NYJ,NE,L,16,21,Home
2003,2003-12-20,TB,ATL,L,28,30,Home
2003,2003-12-21,BUF,MIA,L,3,20,Home
2003,2003-12-21,CAR,DET,W,20,14,Home
2003,2003-12-21,CHI,WAS,W,27,24,Home
2003,2003-12-21,CLE,BAL,L,0,35,Home
2003,2003-12-21,DAL,NYG,W,19,3,Home
2003,2003-12-21,HOU,TEN,L,24,27,Home
2003,2003-12-21,IND,DEN,L,17,31,Home
2003,2003-12-21,JAX,NO,W,20,19,Home
2003,2003-12-21,LAR,CIN,W,27,10,Home
2003,2003-12-21,PHI,SF,L,28,31,Home
2003,2003-12-21,PIT,LAC,W,40,24,Home
2003,2003-12-21,SEA,ARI,W,28,10,Home
2003,2003-12-22,LV,GB,L,7,41,Home
2003,2003-12-27,NE,BUF,W,31,0,Home
2003,2003-12-27,SF,SEA,L,17,24,Home
2003,2003-12-27,WAS,PHI,L,7,31,Home
2003,2003-12-28,ARI,MIN,W,18,17,Home
2003,2003-12-28,ATL,JAX,W,21,14,Home
2003,2003-12-28,BAL,PIT,W,13,10,Home
2003,2003-12-28,CIN,CLE,L,14,22,Home
2003,2003-12-28,DET,LAR,W,30,20,Home
2003,2003-12-28,GB,DEN,W,31,3,Home
2003,2003-12-28,HOU,IND,L,17,20,Home
2003,2003-12-28,KC,CHI,W,31,3,Home
2003,2003-12-28,LAC,LV,W,21,14,Home
2003,2003-12-28,MIA,NYJ,W,23,21,Home
2003,2003-12-28,NO,DAL,W,13,7,Home
2003,2003-12-28,NYG,CAR,L,24,37,Home
2003,2003-12-28,TEN,TB,W,33,13,Home
2004,2004-09-09,NE,IND,W,27,24,Home
2004,2004-09-11,MIA,TEN,L,7,17,Home
2004,2004-09-12,BUF,JAX,L,10,13,Home
2004,2004-09-12,CHI,DET,L,16,20,Home
2004,2004-09-12,CLE,BAL,W,20,3,Home
2004,2004-09-12,DEN,KC,W,34,24,Home
2004,2004-09-12,HOU,LAC,L,20,27,Home
2004,2004-09-12,LAR,ARI,W,17,10,Home
2004,2004-09-12,MIN,DAL,W,35,17,Home
2004,2004-09-12,NO,SEA,L,7,21,Home
2004,2004-09-12,NYJ,CIN,W,31,24,Home
2004,2004-09-12,PHI,NYG,W,31,17,Home
2004,2004-09-12,PIT,LV,W,24,21,Home
2004,2004-09-12,SF,ATL,L,19,21,Home
2004,2004-09-12,WAS,TB,W,16,10,Home
2004,2004-09-13,CAR,GB,L,14,24,Home
2004,2004-09-19,ARI,NE,L,12,23,Home
2004,2004-09-19,ATL,LAR,W,34,17,Home
2004,2004-09-19,BAL,PIT,W,30,13,Home
2004,2004-09-19,CIN,MIA,W,16,13,Home
2004,2004-09-19,DAL,CLE,W,19,12,Home
2004,2004-09-19,DET,HOU,W,28,16,Home
2004,2004-09-19,GB,CHI,L,10,21,Home
2004,2004-09-19,JAX,DEN,W,7,6,Home
2004,2004-09-19,KC,CAR,L,17,28,Home
2004,2004-09-19,LAC,NYJ,L,28,34,Home
2004,2004-09-19,LV,BUF,W,13,10,Home
2004,2004-09-19,NO,SF,W,30,27,Home
2004,2004-09-19,NYG,WAS,W,20,14,Home
2004,2004-09-19,TB,SEA,L,6,10,Home
2004,2004-09-19,TEN,IND,L,17,31,Home
2004,2004-09-20,PHI,MIN,W,27,16,Home
2004,2004-09-26,ATL,ARI,W,6,3,Home
2004,2004-09-26,CIN,BAL,L,9,23,Home
2004,2004-09-26,DEN,LAC,W,23,13,Home
2004,2004-09-26,DET,PHI,L,13,30,Home
2004,2004-09-26,IND,GB,W,45,31,Home
2004,2004-09-26,KC,HOU,L,21,24,Home
2004,2004-09-26,LAR,NO,L,25,28,Home
2004,2004-09-26,LV,TB,W,30,20,Home
2004,2004-09-26,MIA,PIT,L,3,13,Home
2004,2004-09-26,MIN,CHI,W,27,22,Home
2004,2004-09-26,NYG,CLE,W,27,10,Home
2004,2004-09-26,SEA,SF,W,34,0,Home
2004,2004-09-26,TEN,JAX,L,12,15,Home
2004,2004-09-27,WAS,DAL,L,18,21,Home
2004,2004-10-03,ARI,NO,W,34,10,Home
2004,2004-10-03,BUF,NE,L,17,31,Home
2004,2004-10-03,CAR,ATL,L,10,27,Home
2004,2004-10-03,CHI,PHI,L,9,19,Home
2004,2004-10-03,CLE,WAS,W,17,13,Home
2004,2004-10-03,GB,NYG,L,7,14,Home
2004,2004-10-03,HOU,LV,W,30,17,Home
2004,2004-10-03,JAX,IND,L,17,24,Home
2004,2004-10-03,LAC,TEN,W,38,17,Home
2004,2004-10-03,MIA,NYJ,L,9,17,Home
2004,2004-10-03,PIT,CIN,W,28,17,Home
2004,2004-10-03,SF,LAR,L,14,24,Home
2004,2004-10-03,TB,DEN,L,13,16,Home
2004,2004-10-04,BAL,KC,L,24,27,Home
2004,2004-10-10,ATL,DET,L,10,17,Home
2004,2004-10-10,DAL,NYG,L,10,26,Home
2004,2004-10-10,DEN,CAR,W,20,17,Home
2004,2004-10-10,HOU,MIN,L,28,34,Home
2004,2004-10-10,IND,LV,W,35,14,Home
2004,2004-10-10,LAC,JAX,W,34,21,Home
2004,2004-10-10,NE,MIA,W,24,10,Home
2004,2004-10-10,NO,TB,L,17,20,Home
2004,2004-10-10,NYJ,BUF,W,16,14,Home
2004,2004-10-10,PIT,CLE,W,34,23,Home
2004,2004-10-10,SEA,LAR,L,27,33,Home
2004,2004-10-10,SF,ARI,W,31,28,Home
2004,2004-10-10,WAS,BAL,L,10,17,Home
2004,2004-10-11,GB,TEN,L,27,48,Home
2004,2004-10-17,ATL,LAC,W,21,20,Home
2004,2004-10-17,BUF,MIA,W,20,13,Home
2004,2004-10-17,CHI,WAS,L,10,13,Home
2004,2004-10-17,CLE,CIN,W,34,17,Home
2004,2004-10-17,DAL,PIT,L,20,24,Home
2004,2004-10-17,DET,GB,L,10,38,Home
2004,2004-10-17,JAX,KC,W,22,16,Home
2004,2004-10-17,LV,DEN,L,3,31,Home
2004,2004-10-17,NE,SEA,W,30,20,Home
2004,2004-10-17,NO,MIN,L,31,38,Home
2004,2004-10-17,NYJ,SF,W,22,14,Home
2004,2004-10-17,PHI,CAR,W,30,8,Home
2004,2004-10-17,TEN,HOU,L,10,20,Home
2004,2004-10-18,LAR,TB,W,28,21,Home
2004,2004-10-24,ARI,SEA,W,25,17,Home
2004,2004-10-24,BAL,BUF,W,20,6,Home
2004,2004-10-24,CAR,LAC,L,6,17,Home
2004,2004-10-24,CLE,PHI,L,31,34,Home
2004,2004-10-24,GB,DAL,W,41,20,Home
2004,2004-10-24,IND,JAX,L,24,27,Home
2004,2004-10-24,KC,ATL,W,56,10,Home
2004,2004-10-24,LV,NO,L,26,31,Home
2004,2004-10-24,MIA,LAR,W,31,14,Home
2004,2004-10-24,MIN,TEN,W,20,3,Home
2004,2004-10-24,NE,NYJ,W,13,7,Home
2004,2004-10-24,NYG,DET,L,13,28,Home
2004,2004-10-24,TB,CHI,W,19,7,Home
2004,2004-10-25,CIN,DEN,W,23,10,Home
2004,2004-10-31,BUF,ARI,W,38,14,Home
2004,2004-10-31,CHI,SF,W,23,13,Home
2004,2004-10-31,DAL,DET,W,31,21,Home
2004,2004-10-31,DEN,ATL,L,28,41,Home
2004,2004-10-31,HOU,JAX,W,20,6,Home
2004,2004-10-31,KC,IND,W,45,35,Home
2004,2004-10-31,LAC,LV,W,42,14,Home
2004,2004-10-31,MIN,NYG,L,13,34,Home
2004,2004-10-31,PHI,BAL,W,15,10,Home
2004,2004-10-31,PIT,NE,W,34,20,Home
2004,2004-10-31,SEA,CAR,W,23,17,Home
2004,2004-10-31,TEN,CIN,W,27,20,Home
2004,2004-10-31,WAS,GB,L,14,28,Home
2004,2004-11-01,NYJ,MIA,W,41,14,Home
2004,2004-11-07,BAL,CLE,W,27,13,Home
2004,2004-11-07,BUF,NYJ,W,22,17,Home
2004,2004-11-07,CAR,LV,L,24,27,Home
2004,2004-11-07,CIN,DAL,W,26,3,Home
2004,2004-11-07,DEN,HOU,W,31,13,Home
2004,2004-11-07,DET,WAS,L,10,17,Home
2004,2004-11-07,LAC,NO,W,43,17,Home
2004,2004-11-07,LAR,NE,L,22,40,Home
2004,2004-11-07,MIA,ARI,L,23,24,Home
2004,2004-11-07,NYG,CHI,L,21,28,Home
2004,2004-11-07,PIT,PHI,W,27,3,Home
2004,2004-11-07,SF,SEA,L,27,42,Home
2004,2004-11-07,TB,KC,W,34,31,Home
2004,2004-11-08,IND,MIN,W,31,28,Home
2004,2004-11-14,ARI,NYG,W,17,14,Home
2004,2004-11-14,ATL,TB,W,24,14,Home
2004,2004-11-14,CLE,PIT,L,10,24,Home
2004,2004-11-14,GB,MIN,W,34,31,Home
2004,2004-11-14,IND,HOU,W,49,14,Home
2004,2004-11-14,JAX,DET,W,23,17,Home
2004,2004-11-14,LAR,SEA,W,23,12,Home
2004,2004-11-14,NE,BUF,W,29,6,Home
2004,2004-11-14,NO,KC,W,27,20,Home
2004,2004-11-14,NYJ,BAL,L,17,20,Home
2004,2004-11-14,SF,CAR,L,27,37,Home
2004,2004-11-14,TEN,CHI,L,17,19,Home
2004,2004-11-14,WAS,CIN,L,10,17,Home
2004,2004-11-15,DAL,PHI,L,21,49,Home
2004,2004-11-21,BAL,DAL,W,30,10,Home
2004,2004-11-21,BUF,LAR,W,37,17,Home
2004,2004-11-21,CAR,ARI,W,35,10,Home
2004,2004-11-21,CHI,IND,L,10,41,Home
2004,2004-11-21,CIN,PIT,L,14,19,Home
2004,2004-11-21,CLE,NYJ,L,7,10,Home
2004,2004-11-21,HOU,GB,L,13,16,Home
2004,2004-11-21,JAX,TEN,L,15,18,Home
2004,2004-11-21,LV,LAC,L,17,23,Home
2004,2004-11-21,MIN,DET,W,22,19,Home
2004,2004-11-21,NO,DEN,L,13,34,Home
2004,2004-11-21,NYG,ATL,L,10,14,Home
2004,2004-11-21,PHI,WAS,W,28,6,Home
2004,2004-11-21,SEA,MIA,W,24,17,Home
2004,2004-11-21,TB,SF,W,35,3,Home
2004,2004-11-22,KC,NE,L,19,27,Home
2004,2004-11-25,DAL,CHI,W,21,7,Home
2004,2004-11-25,DET,IND,L,9,41,Home
2004,2004-11-28,ARI,NYJ,L,3,13,Home
2004,2004-11-28,ATL,NO,W,24,21,Home
2004,2004-11-28,CAR,TB,W,21,14,Home
2004,2004-11-28,CIN,CLE,W,58,48,Home
2004,2004-11-28,DEN,LV,L,24,25,Home
2004,2004-11-28,HOU,TEN,W,31,21,Home
2004,2004-11-28,KC,LAC,L,31,34,Home
2004,2004-11-28,MIN,JAX,W,27,16,Home
2004,2004-11-28,NE,BAL,W,24,3,Home
2004,2004-11-28,NYG,PHI,L,6,27,Home
2004,2004-11-28,PIT,WAS,W,16,7,Home
2004,2004-11-28,SEA,BUF,L,9,38,Home
2004,2004-11-28,SF,MIA,L,17,24,Home
2004,2004-11-29,GB,LAR,W,45,17,Home
2004,2004-12-05,BAL,CIN,L,26,27,Home
2004,2004-12-05,CHI,MIN,W,24,14,Home
2004,2004-12-05,CLE,NE,L,15,42,Home
2004,2004-12-05,DET,ARI,W,26,12,Home
2004,2004-12-05,IND,TEN,W,51,24,Home
2004,2004-12-05,JAX,PIT,L,16,17,Home
2004,2004-12-05,LAC,DEN,W,20,17,Home
2004,2004-12-05,LAR,SF,W,16,6,Home
2004,2004-12-05,LV,KC,L,27,34,Home
2004,2004-12-05,MIA,BUF,L,32,42,Home
2004,2004-12-05,NO,CAR,L,21,32,Home
2004,2004-12-05,NYJ,HOU,W,29,7,Home
2004,2004-12-05,PHI,GB,W,47,17,Home
2004,2004-12-05,TB,ATL,W,27,0,Home
2004,2004-12-05,WAS,NYG,W,31,7,Home
2004,2004-12-06,SEA,DAL,L,39,43,Home
2004,2004-12-12,ARI,SF,L,28,31,Home
2004,2004-12-12,ATL,LV,W,35,10,Home
2004,2004-12-12,BAL,NYG,W,37,14,Home
2004,2004-12-12,BUF,CLE,W,37,7,Home
2004,2004-12-12,CAR,LAR,W,20,7,Home
2004,2004-12-12,DAL,NO,L,13,27,Home
2004,2004-12-12,DEN,MIA,W,20,17,Home
2004,2004-12-12,GB,DET,W,16,13,Home
2004,2004-12-12,HOU,IND,L,14,23,Home
2004,2004-12-12,JAX,CHI,W,22,3,Home
2004,2004-12-12,LAC,TB,W,31,24,Home
2004,2004-12-12,MIN,SEA,L,23,27,Home
2004,2004-12-12,NE,CIN,W,35,28,Home
2004,2004-12-12,PIT,NYJ,W,17,6,Home
2004,2004-12-12,WAS,PHI,L,14,17,Home
2004,2004-12-13,TEN,KC,L,38,49,Home
2004,2004-12-18,ATL,CAR,W,34,31,Home
2004,2004-12-18,NYG,PIT,L,30,33,Home
2004,2004-12-18,SF,WAS,L,16,26,Home
2004,2004-12-19,ARI,LAR,W,31,7,Home
2004,2004-12-19,CHI,HOU,L,5,24,Home
2004,2004-12-19,CIN,BUF,L,17,33,Home
2004,2004-12-19,CLE,LAC,L,0,21,Home
2004,2004-12-19,DET,MIN,L,27,28,Home
2004,2004-12-19,GB,JAX,L,25,28,Home
2004,2004-12-19,IND,BAL,W,20,10,Home
2004,2004-12-19,KC,DEN,W,45,17,Home
2004,2004-12-19,LV,TEN,W,40,35,Home
2004,2004-12-19,NYJ,SEA,W,37,14,Home
2004,2004-12-19,PHI,DAL,W,12,7,Home
2004,2004-12-19,TB,NO,L,17,21,Home
2004,2004-12-20,MIA,NE,W,29,28,Home
2004,2004-12-24,MIN,GB,L,31,34,Home
2004,2004-12-25,KC,LV,W,31,30,Home
2004,2004-12-25,TEN,DEN,L,16,37,Home
2004,2004-12-26,CIN,NYG,W,23,22,Home
2004,2004-12-26,DAL,WAS,W,13,10,Home
2004,2004-12-26,DET,CHI,W,19,13,Home
2004,2004-12-26,IND,LAC,W,34,31,Home
2004,2004-12-26,JAX,HOU,L,0,21,Home
2004,2004-12-26,MIA,CLE,W,10,7,Home
2004,2004-12-26,NO,ATL,W,26,13,Home
2004,2004-12-26,NYJ,NE,L,7,23,Home
2004,2004-12-26,PIT,BAL,W,20,7,Home
2004,2004-12-26,SEA,ARI,W,24,21,Home
2004,2004-12-26,SF,BUF,L,7,41,Home
2004,2004-12-26,TB,CAR,L,20,37,Home
2004,2004-12-27,LAR,PHI,W,20,7,Home
2004,2005-01-02,ARI,TB,W,12,7,Home
2004,2005-01-02,BAL,MIA,W,30,23,Home
2004,2005-01-02,BUF,PIT,L,24,29,Home
2004,2005-01-02,CAR,NO,L,18,21,Home
2004,2005-01-02,CHI,GB,L,14,31,Home
2004,2005-01-02,DEN,IND,W,33,14,Home
2004,2005-01-02,HOU,CLE,L,14,22,Home
2004,2005-01-02,LAC,KC,W,24,17,Home
2004,2005-01-02,LAR,NYJ,W,32,29,Home
2004,2005-01-02,LV,JAX,L,6,13,Home
2004,2005-01-02,NE,SF,W,21,7,Home
2004,2005-01-02,NYG,DAL,W,28,24,Home
2004,2005-01-02,PHI,CIN,L,10,38,Home
2004,2005-01-02,SEA,ATL,W,28,26,Home
2004,2005-01-02,TEN,DET,W,24,19,Home
2004,2005-01-02,WAS,MIN,W,21,18,Home
2005,2005-09-08,NE,LV,W,30,20,Home
2005,2005-09-11,BAL,IND,L,7,24,Home
2005,2005-09-11,BUF,HOU,W,22,7,Home
2005,2005-09-11,CAR,NO,L,20,23,Home
2005,2005-09-11,CLE,CIN,L,13,27,Home
2005,2005-09-11,DET,GB,W,17,3,Home
2005,2005-09-11,JAX,SEA,W,26,14,Home
2005,2005-09-11,KC,NYJ,W,27,7,Home
2005,2005-09-11,LAC,DAL,L,24,28,Home
2005,2005-09-11,MIA,DEN,W,34,10,Home
2005,2005-09-11,MIN,TB,L,13,24,Home
2005,2005-09-11,NYG,ARI,W,42,19,Home
2005,2005-09-11,PIT,TEN,W,34,7,Home
2005,2005-09-11,SF,LAR,W,28,25,Home
2005,2005-09-11,WAS,CHI,W,9,7,Home
2005,2005-09-12,ATL,PHI,W,14,10,Home
2005,2005-09-18,ARI,LAR,L,12,17,Home
2005,2005-09-18,CAR,NE,W,27,17,Home
2005,2005-09-18,CHI,DET,W,38,6,Home
2005,2005-09-18,CIN,MIN,W,37,8,Home
2005,2005-09-18,DEN,LAC,W,20,17,Home
2005,2005-09-18,GB,CLE,L,24,26,Home
2005,2005-09-18,HOU,PIT,L,7,27,Home
2005,2005-09-18,IND,JAX,W,10,3,Home
2005,2005-09-18,LV,KC,L,17,23,Home
2005,2005-09-18,NYJ,MIA,W,17,7,Home
2005,2005-09-18,PHI,SF,W,42,3,Home
2005,2005-09-18,SEA,ATL,W,21,18,Home
2005,2005-09-18,TB,BUF,W,19,3,Home
2005,2005-09-18,TEN,BAL,W,25,10,Home
2005,2005-09-19,DAL,WAS,L,13,14,Home
2005,2005-09-19,NYG,NO,W,27,10,Home
2005,2005-09-25,BUF,ATL,L,16,24,Home
2005,2005-09-25,CHI,CIN,L,7,24,Home
2005,2005-09-25,GB,TB,L,16,17,Home
2005,2005-09-25,IND,CLE,W,13,6,Home
2005,2005-09-25,LAC,NYG,W,45,23,Home
2005,2005-09-25,LAR,TEN,W,31,27,Home
2005,2005-09-25,MIA,CAR,W,27,24,Home
2005,2005-09-25,MIN,NO,W,33,16,Home
2005,2005-09-25,NYJ,JAX,L,20,26,Home
2005,2005-09-25,PHI,LV,W,23,20,Home
2005,2005-09-25,PIT,NE,L,20,23,Home
2005,2005-09-25,SEA,ARI,W,37,12,Home
2005,2005-09-25,SF,DAL,L,31,34,Home
2005,2005-09-26,DEN,KC,W,30,10,Home
2005,2005-10-02,ARI,SF,W,31,14,Home
2005,2005-10-02,ATL,MIN,W,30,10,Home
2005,2005-10-02,BAL,NYJ,W,13,3,Home
2005,2005-10-02,CIN,HOU,W,16,10,Home
2005,2005-10-02,JAX,DEN,L,7,20,Home
2005,2005-10-02,KC,PHI,L,31,37,Home
2005,2005-10-02,LV,DAL,W,19,13,Home
2005,2005-10-02,NE,LAC,L,17,41,Home
2005,2005-10-02,NO,BUF,W,19,7,Home
2005,2005-10-02,NYG,LAR,W,44,24,Home
2005,2005-10-02,TB,DET,W,17,13,Home
2005,2005-10-02,TEN,IND,L,10,31,Home
2005,2005-10-02,WAS,SEA,W,20,17,Home
2005,2005-10-03,CAR,GB,W,32,29,Home
2005,2005-10-09,ARI,CAR,L,20,24,Home
2005,2005-10-09,ATL,NE,L,28,31,Home
2005,2005-10-09,BUF,MIA,W,20,14,Home
2005,2005-10-09,CLE,CHI,W,20,10,Home
2005,2005-10-09,DAL,PHI,W,33,10,Home
2005,2005-10-09,DEN,WAS,W,21,19,Home
2005,2005-10-09,DET,BAL,W,35,17,Home
2005,2005-10-09,GB,NO,W,52,3,Home
2005,2005-10-09,HOU,TEN,L,20,34,Home
2005,2005-10-09,JAX,CIN,W,23,20,Home
2005,2005-10-09,LAR,SEA,L,31,37,Home
2005,2005-10-09,NYJ,TB,W,14,12,Home
2005,2005-10-09,SF,IND,L,3,28,Home
2005,2005-10-10,LAC,PIT,L,22,24,Home
2005,2005-10-16,BAL,CLE,W,16,3,Home
2005,2005-10-16,BUF,NYJ,W,27,17,Home
2005,2005-10-16,CHI,MIN,W,28,3,Home
2005,2005-10-16,DAL,NYG,W,16,13,Home
2005,2005-10-16,DEN,NE,W,28,20,Home
2005,2005-10-16,DET,CAR,L,20,21,Home
2005,2005-10-16,KC,WAS,W,28,21,Home
2005,2005-10-16,LV,LAC,L,14,27,Home
2005,2005-10-16,NO,ATL,L,31,34,Home
2005,2005-10-16,PIT,JAX,L,17,23,Home
2005,2005-10-16,SEA,HOU,W,42,10,Home
2005,2005-10-16,TB,MIA,W,27,13,Home
2005,2005-10-16,TEN,CIN,L,23,31,Home
2005,2005-10-17,IND,LAR,W,45,28,Home
2005,2005-10-21,MIA,KC,L,20,30,Home
2005,2005-10-23,ARI,TEN,W,20,10,Home
2005,2005-10-23,CHI,BAL,W,10,6,Home
2005,2005-10-23,CIN,PIT,L,13,27,Home
2005,2005-10-23,CLE,DET,L,10,13,Home
2005,2005-10-23,HOU,IND,L,20,38,Home
2005,2005-10-23,LAR,NO,W,28,17,Home
2005,2005-10-23,LV,BUF,W,38,17,Home
2005,2005-10-23,MIN,GB,W,23,20,Home
2005,2005-10-23,NYG,DEN,W,24,23,Home
2005,2005-10-23,PHI,LAC,W,20,17,Home
2005,2005-10-23,SEA,DAL,W,13,10,Home
2005,2005-10-23,WAS,SF,W,52,17,Home
2005,2005-10-24,ATL,NYJ,W,27,14,Home
2005,2005-10-30,CAR,MIN,W,38,13,Home
2005,2005-10-30,CIN,GB,W,21,14,Home
2005,2005-10-30,DAL,ARI,W,34,13,Home
2005,2005-10-30,DEN,PHI,W,49,21,Home
2005,2005-10-30,DET,CHI,L,13,19,Home
2005,2005-10-30,HOU,CLE,W,19,16,Home
2005,2005-10-30,LAC,KC,W,28,20,Home
2005,2005-10-30,LAR,JAX,W,24,21,Home
2005,2005-10-30,NE,BUF,W,21,16,Home
2005,2005-10-30,NO,MIA,L,6,21,Home
2005,2005-10-30,NYG,WAS,W,36,0,Home
2005,2005-10-30,SF,TB,W,15,10,Home
2005,2005-10-30,TEN,LV,L,25,34,Home
2005,2005-10-31,PIT,BAL,W,20,19,Home
2005,2005-11-06,ARI,SEA,L,19,33,Home
2005,2005-11-06,BAL,CIN,L,9,21,Home
2005,2005-11-06,CLE,TEN,W,20,14,Home
2005,2005-11-06,GB,PIT,L,10,20,Home
2005,2005-11-06,JAX,HOU,W,21,14,Home
2005,2005-11-06,KC,LV,W,27,23,Home
2005,2005-11-06,MIA,ATL,L,10,17,Home
2005,2005-11-06,MIN,DET,W,27,14,Home
2005,2005-11-06,NO,CHI,L,17,20,Home
2005,2005-11-06,NYJ,LAC,L,26,31,Home
2005,2005-11-06,SF,NYG,L,6,24,Home
2005,2005-11-06,TB,CAR,L,14,34,Home
2005,2005-11-06,WAS,PHI,W,17,10,Home
2005,2005-11-07,NE,IND,L,21,40,Home
2005,2005-11-13,ATL,GB,L,25,33,Home
2005,2005-11-13,BUF,KC,W,14,3,Home
2005,2005-11-13,CAR,NYJ,W,30,3,Home
2005,2005-11-13,CHI,SF,W,17,9,Home
2005,2005-11-13,DET,ARI,W,29,21,Home
2005,2005-11-13,IND,HOU,W,31,17,Home
2005,2005-11-13,JAX,BAL,W,30,3,Home
2005,2005-11-13,LV,DEN,L,17,31,Home
2005,2005-11-13,MIA,NE,L,16,23,Home
2005,2005-11-13,NYG,MIN,L,21,24,Home
2005,2005-11-13,PIT,CLE,W,34,21,Home
2005,2005-11-13,SEA,LAR,W,31,16,Home
2005,2005-11-13,TB,WAS,W,36,35,Home
2005,2005-11-14,PHI,DAL,L,20,21,Home
2005,2005-11-20,ATL,TB,L,27,30,Home
2005,2005-11-20,BAL,PIT,W,16,13,Home
2005,2005-11-20,CHI,CAR,W,13,3,Home
2005,2005-11-20,CIN,IND,L,37,45,Home
2005,2005-11-20,CLE,MIA,W,22,0,Home
2005,2005-11-20,DAL,DET,W,20,7,Home
2005,2005-11-20,DEN,NYJ,W,27,0,Home
2005,2005-11-20,HOU,KC,L,17,45,Home
2005,2005-11-20,LAC,BUF,W,48,10,Home
2005,2005-11-20,LAR,ARI,L,28,38,Home
2005,2005-11-20,NE,NO,W,24,17,Home
2005,2005-11-20,NYG,PHI,W,27,17,Home
2005,2005-11-20,SF,SEA,L,25,27,Home
2005,2005-11-20,TEN,JAX,L,28,31,Home
2005,2005-11-20,WAS,LV,L,13,16,Home
2005,2005-11-21,GB,MIN,L,17,20,Home
2005,2005-11-24,DAL,DEN,L,21,24,Home
2005,2005-11-24,DET,ATL,L,7,27,Home
2005,2005-11-27,ARI,JAX,L,17,24,Home
2005,2005-11-27,BUF,CAR,L,9,13,Home
2005,2005-11-27,CIN,BAL,W,42,29,Home
2005,2005-11-27,HOU,LAR,L,27,33,Home
2005,2005-11-27,KC,NE,W,26,16,Home
2005,2005-11-27,LV,MIA,L,21,33,Home
2005,2005-11-27,MIN,CLE,W,24,12,Home
2005,2005-11-27,NYJ,NO,L,19,21,Home
2005,2005-11-27,PHI,GB,W,19,14,Home
2005,2005-11-27,SEA,NYG,W,24,21,Home
2005,2005-11-27,TB,CHI,L,10,13,Home
2005,2005-11-27,TEN,SF,W,33,22,Home
2005,2005-11-27,WAS,LAC,L,17,23,Home
2005,2005-11-28,IND,PIT,W,26,7,Home
2005,2005-12-04,BAL,HOU,W,16,15,Home
2005,2005-12-04,CAR,ATL,W,24,6,Home
2005,2005-12-04,CHI,GB,W,19,7,Home
2005,2005-12-04,CLE,JAX,L,14,20,Home
2005,2005-12-04,DET,MIN,L,16,21,Home
2005,2005-12-04,IND,TEN,W,35,3,Home
2005,2005-12-04,KC,DEN,W,31,27,Home
2005,2005-12-04,LAC,LV,W,34,10,Home
2005,2005-12-04,LAR,WAS,L,9,24,Home
2005,2005-12-04,MIA,BUF,W,24,23,Home
2005,2005-12-04,NE,NYJ,W,16,3,Home
2005,2005-12-04,NO,TB,L,3,10,Home
2005,2005-12-04,NYG,DAL,W,17,10,Home
2005,2005-12-04,PIT,CIN,L,31,38,Home
2005,2005-12-04,SF,ARI,L,10,17,Home
2005,2005-12-05,PHI,SEA,L,0,42,Home
2005,2005-12-11,ARI,WAS,L,13,17,Home
2005,2005-12-11,BUF,NE,L,7,35,Home
2005,2005-12-11,CAR,TB,L,10,20,Home
2005,2005-12-11,CIN,CLE,W,23,20,Home
2005,2005-12-11,DAL,KC,W,31,28,Home
2005,2005-12-11,DEN,BAL,W,12,10,Home
2005,2005-12-11,GB,DET,W,16,13,Home
2005,2005-12-11,JAX,IND,L,18,26,Home
2005,2005-12-11,LAC,MIA,L,21,23,Home
2005,2005-12-11,MIN,LAR,W,27,13,Home
2005,2005-12-11,NYJ,LV,W,26,10,Home
2005,2005-12-11,PHI,NYG,L,23,26,Home
2005,2005-12-11,PIT,CHI,W,21,9,Home
2005,2005-12-11,SEA,SF,W,41,3,Home
2005,2005-12-11,TEN,HOU,W,13,10,Home
2005,2005-12-12,ATL,NO,W,36,17,Home
2005,2005-12-17,BUF,DEN,L,17,28,Home
2005,2005-12-17,NE,TB,W,28,0,Home
2005,2005-12-17,NYG,KC,W,27,17,Home
2005,2005-12-18,CHI,ATL,W,16,3,Home
2005,2005-12-18,DET,CIN,L,17,41,Home
2005,2005-12-18,HOU,ARI,W,30,19,Home
2005,2005-12-18,IND,LAC,L,17,26,Home
2005,2005-12-18,JAX,SF,W,10,9,Home
2005,2005-12-18,LAR,PHI,L,16,17,Home
2005,2005-12-18,LV,CLE,L,7,9,Home
2005,2005-12-18,MIA,NYJ,W,24,20,Home
2005,2005-12-18,MIN,PIT,L,3,18,Home
2005,2005-12-18,NO,CAR,L,10,27,Home
2005,2005-12-18,TEN,SEA,L,24,28,Home
2005,2005-12-18,WAS,DAL,W,35,7,Home
2005,2005-12-19,BAL,GB,W,48,3,Home
2005,2005-12-24,ARI,PHI,W,27,21,Home
2005,2005-12-24,CAR,DAL,L,20,24,Home
2005,2005-12-24,CIN,BUF,L,27,37,Home
2005,2005-12-24,CLE,PIT,L,0,41,Home
2005,2005-12-24,DEN,LV,W,22,3,Home
2005,2005-12-24,HOU,JAX,L,20,38,Home
2005,2005-12-24,KC,LAC,W,20,7,Home
2005,2005-12-24,LAR,SF,L,20,24,Home
2005,2005-12-24,MIA,TEN,W,24,10,Home
2005,2005-12-24,NO,DET,L,12,13,Home
2005,2005-12-24,SEA,IND,W,28,13,Home
2005,2005-12-24,TB,ATL,W,27,24,Home
2005,2005-12-24,WAS,NYG,W,35,20,Home
2005,2005-12-25,BAL,MIN,W,30,23,Home
2005,2005-12-25,GB,CHI,L,17,24,Home
2005,2005-12-26,NYJ,NE,L,21,31,Home
2005,2005-12-31,LAC,DEN,L,7,23,Home
2005,2005-12-31,LV,NYG,L,21,30,Home
2005,2006-01-01,ATL,CAR,L,11,44,Home
2005,2006-01-01,CLE,BAL,W,20,16,Home
2005,2006-01-01,DAL,LAR,L,10,20,Home
2005,2006-01-01,GB,SEA,W,23,17,Home
2005,2006-01-01,IND,ARI,W,17,13,Home
2005,2006-01-01,JAX,TEN,W,40,13,Home
2005,2006-01-01,KC,CIN,W,37,3,Home
2005,2006-01-01,MIN,CHI,W,34,10,Home
2005,2006-01-01,NE,MIA,L,26,28,Home
2005,2006-01-01,NYJ,BUF,W,30,26,Home
2005,2006-01-01,PHI,WAS,L,20,31,Home
2005,2006-01-01,PIT,DET,W,35,21,Home
2005,2006-01-01,SF,HOU,W,20,17,Home
2005,2006-01-01,TB,NO,W,27,13,Home
2006,2006-09-07,PIT,MIA,W,28,17,Home
2006,2006-09-10,ARI,SF,W,34,27,Home
2006,2006-09-10,CAR,ATL,L,6,20,Home
2006,2006-09-10,CLE,NO,L,14,19,Home
2006,2006-09-10,DET,SEA,L,6,9,Home
2006,2006-09-10,GB,CHI,L,0,26,Home
2006,2006-09-10,HOU,PHI,L,10,24,Home
2006,2006-09-10,JAX,DAL,W,24,17,Home
2006,2006-09-10,KC,CIN,L,10,23,Home
2006,2006-09-10,LAR,DEN,W,18,10,Home
2006,2006-09-10,NE,BUF,W,19,17,Home
2006,2006-09-10,NYG,IND,L,21,26,Home
2006,2006-09-10,TB,BAL,L,0,27,Home
2006,2006-09-10,TEN,NYJ,L,16,23,Home
2006,2006-09-11,LV,LAC,L,0,27,Home
2006,2006-09-11,WAS,MIN,L,16,19,Home
2006,2006-09-17,ATL,TB,W,14,3,Home
2006,2006-09-17,BAL,LV,W,28,6,Home
2006,2006-09-17,CHI,DET,W,34,7,Home
2006,2006-09-17,CIN,CLE,W,34,17,Home
2006,2006-09-17,DAL,WAS,W,27,10,Home
2006,2006-09-17,DEN,KC,W,9,6,Home
2006,2006-09-17,GB,NO,L,27,34,Home
2006,2006-09-17,IND,HOU,W,43,24,Home
2006,2006-09-17,LAC,TEN,W,40,7,Home
2006,2006-09-17,MIA,BUF,L,6,16,Home
2006,2006-09-17,MIN,CAR,W,16,13,Home
2006,2006-09-17,NYJ,NE,L,17,24,Home
2006,2006-09-17,PHI,NYG,L,24,30,Home
2006,2006-09-17,SEA,ARI,W,21,10,Home
2006,2006-09-17,SF,LAR,W,20,13,Home
2006,2006-09-18,JAX,PIT,W,9,0,Home
2006,2006-09-24,ARI,LAR,L,14,16,Home
2006,2006-09-24,BUF,NYJ,L,20,28,Home
2006,2006-09-24,CLE,BAL,L,14,15,Home
2006,2006-09-24,DET,GB,L,24,31,Home
2006,2006-09-24,HOU,WAS,L,15,31,Home
2006,2006-09-24,IND,JAX,W,21,14,Home
2006,2006-09-24,MIA,TEN,W,13,10,Home
2006,2006-09-24,MIN,CHI,L,16,19,Home
2006,2006-09-24,NE,DEN,L,7,17,Home
2006,2006-09-24,PIT,CIN,L,20,28,Home
2006,2006-09-24,SEA,NYG,W,42,30,Home
2006,2006-09-24,SF,PHI,L,24,38,Home
2006,2006-09-24,TB,CAR,L,24,26,Home
2006,2006-09-25,NO,ATL,W,23,3,Home
2006,2006-10-01,ATL,ARI,W,32,10,Home
2006,2006-10-01,BAL,LAC,W,16,13,Home
2006,2006-10-01,BUF,MIN,W,17,12,Home
2006,2006-10-01,CAR,NO,W,21,18,Home
2006,2006-10-01,CHI,SEA,W,37,6,Home
2006,2006-10-01,CIN,NE,L,13,38,Home
2006,2006-10-01,HOU,MIA,W,17,15,Home
2006,2006-10-01,KC,SF,W,41,0,Home
2006,2006-10-01,LAR,DET,W,41,34,Home
2006,2006-10-01,LV,CLE,L,21,24,Home
2006,2006-10-01,NYJ,IND,L,28,31,Home
2006,2006-10-01,TEN,DAL,L,14,45,Home
2006,2006-10-01,WAS,JAX,W,36,30,Home
2006,2006-10-02,PHI,GB,W,31,9,Home
2006,2006-10-08,ARI,KC,L,20,23,Home
2006,2006-10-08,CAR,CLE,W,20,12,Home
2006,2006-10-08,CHI,BUF,W,40,7,Home
2006,2006-10-08,GB,LAR,L,20,23,Home
2006,2006-10-08,IND,TEN,W,14,13,Home
2006,2006-10-08,JAX,NYJ,W,41,0,Home
2006,2006-10-08,LAC,PIT,W,23,13,Home
2006,2006-10-08,MIN,DET,W,26,17,Home
2006,2006-10-08,NE,MIA,W,20,10,Home
2006,2006-10-08,NO,TB,W,24,21,Home
2006,2006-10-08,NYG,WAS,W,19,3,Home
2006,2006-10-08,PHI,DAL,W,38,24,Home
2006,2006-10-08,SF,LV,W,34,20,Home
2006,2006-10-09,DEN,BAL,W,13,3,Home
2006,2006-10-15,ATL,NYG,L,14,27,Home
2006,2006-10-15,BAL,CAR,L,21,23,Home
2006,2006-10-15,DAL,HOU,W,34,6,Home
2006,2006-10-15,DEN,LV,W,13,3,Home
2006,2006-10-15,DET,BUF,W,20,17,Home
2006,2006-10-15,LAR,SEA,L,28,30,Home
2006,2006-10-15,NO,PHI,W,27,24,Home
2006,2006-10-15,NYJ,MIA,W,20,17,Home
2006,2006-10-15,PIT,KC,W,45,7,Home
2006,2006-10-15,SF,LAC,L,19,48,Home
2006,2006-10-15,TB,CIN,W,14,13,Home
2006,2006-10-15,WAS,TEN,L,22,25,Home
2006,2006-10-16,ARI,CHI,L,23,24,Home
2006,2006-10-22,ATL,PIT,W,41,38,Home
2006,2006-10-22,BUF,NE,L,6,28,Home
2006,2006-10-22,CIN,CAR,W,17,14,Home
2006,2006-10-22,CLE,DEN,L,7,17,Home
2006,2006-10-22,HOU,JAX,W,27,7,Home
2006,2006-10-22,IND,WAS,W,36,22,Home
2006,2006-10-22,KC,LAC,W,30,27,Home
2006,2006-10-22,LV,ARI,W,22,9,Home
2006,2006-10-22,MIA,GB,L,24,34,Home
2006,2006-10-22,NYJ,DET,W,31,24,Home
2006,2006-10-22,SEA,MIN,L,13,31,Home
2006,2006-10-22,TB,PHI,W,23,21,Home
2006,2006-10-23,DAL,NYG,L,22,36,Home
2006,2006-10-29,CAR,DAL,L,14,35,Home
2006,2006-10-29,CHI,SF,W,41,10,Home
2006,2006-10-29,CIN,ATL,L,27,29,Home
2006,2006-10-29,CLE,NYJ,W,20,13,Home
2006,2006-10-29,DEN,IND,L,31,34,Home
2006,2006-10-29,GB,ARI,W,31,14,Home
2006,2006-10-29,KC,SEA,W,35,28,Home
2006,2006-10-29,LAC,LAR,W,38,24,Home
2006,2006-10-29,LV,PIT,W,20,13,Home
2006,2006-10-29,NO,BAL,L,22,35,Home
2006,2006-10-29,NYG,TB,W,17,3,Home
2006,2006-10-29,PHI,JAX,L,6,13,Home
2006,2006-10-29,TEN,HOU,W,28,22,Home
2006,2006-10-30,MIN,NE,L,7,31,Home
2006,2006-11-05,BAL,CIN,W,26,20,Home
2006,2006-11-05,BUF,GB,W,24,10,Home
2006,2006-11-05,CHI,MIA,L,13,31,Home
2006,2006-11-05,DET,ATL,W,30,14,Home
2006,2006-11-05,JAX,TEN,W,37,7,Home
2006,2006-11-05,LAC,CLE,W,32,25,Home
2006,2006-11-05,LAR,KC,L,17,31,Home
2006,2006-11-05,NE,IND,L,20,27,Home
2006,2006-11-05,NYG,HOU,W,14,10,Home
2006,2006-11-05,PIT,DEN,L,20,31,Home
2006,2006-11-05,SF,MIN,W,9,3,Home
2006,2006-11-05,TB,NO,L,14,31,Home
2006,2006-11-05,WAS,DAL,W,22,19,Home
2006,2006-11-06,SEA,LV,W,16,0,Home
2006,2006-11-12,ARI,DAL,L,10,27,Home
2006,2006-11-12,ATL,CLE,L,13,17,Home
2006,2006-11-12,CIN,LAC,L,41,49,Home
2006,2006-11-12,DET,SF,L,13,19,Home
2006,2006-11-12,IND,BUF,W,17,16,Home
2006,2006-11-12,JAX,HOU,L,10,13,Home
2006,2006-11-12,LV,DEN,L,13,17,Home
2006,2006-11-12,MIA,KC,W,13,10,Home
2006,2006-11-12,MIN,GB,L,17,23,Home
2006,2006-11-12,NE,NYJ,L,14,17,Home
2006,2006-11-12,NYG,CHI,L,20,38,Home
2006,2006-11-12,PHI,WAS,W,27,3,Home
2006,2006-11-12,PIT,NO,W,38,31,Home
2006,2006-11-12,SEA,LAR,W,24,22,Home
2006,2006-11-12,TEN,BAL,L,26,27,Home
2006,2006-11-13,CAR,TB,W,24,10,Home
2006,2006-11-19,ARI,DET,W,17,10,Home
2006,2006-11-19,BAL,ATL,W,24,10,Home
2006,2006-11-19,CAR,LAR,W,15,0,Home
2006,2006-11-19,CLE,PIT,L,20,24,Home
2006,2006-11-19,DAL,IND,W,21,14,Home
2006,2006-11-19,DEN,LAC,L,27,35,Home
2006,2006-11-19,GB,NE,L,0,35,Home
2006,2006-11-19,HOU,BUF,L,21,24,Home
2006,2006-11-19,KC,LV,W,17,13,Home
2006,2006-11-19,MIA,MIN,W,24,20,Home
2006,2006-11-19,NO,CIN,L,16,31,Home
2006,2006-11-19,NYJ,CHI,L,0,10,Home
2006,2006-11-19,PHI,TEN,L,13,31,Home
2006,2006-11-19,SF,SEA,W,20,14,Home
2006,2006-11-19,TB,WAS,W,20,17,Home
2006,2006-11-20,JAX,NYG,W,26,10,Home
2006,2006-11-23,DAL,TB,W,38,10,Home
2006,2006-11-23,DET,MIA,L,10,27,Home
2006,2006-11-23,KC,DEN,W,19,10,Home
2006,2006-11-26,ATL,NO,L,13,31,Home
2006,2006-11-26,BAL,PIT,W,27,0,Home
2006,2006-11-26,BUF,JAX,W,27,24,Home
2006,2006-11-26,CLE,CIN,L,0,30,Home
2006,2006-11-26,IND,PHI,W,45,21,Home
2006,2006-11-26,LAC,LV,W,21,14,Home
2006,2006-11-26,LAR,SF,W,20,17,Home
2006,2006-11-26,MIN,ARI,W,31,26,Home
2006,2006-11-26,NE,CHI,W,17,13,Home
2006,2006-11-26,NYJ,HOU,W,26,11,Home
2006,2006-11-26,TEN,NYG,W,24,21,Home
2006,2006-11-26,WAS,CAR,W,17,13,Home
2006,2006-11-27,SEA,GB,W,34,24,Home
2006,2006-11-30,CIN,BAL,W,13,7,Home
2006,2006-12-03,BUF,LAC,L,21,24,Home
2006,2006-12-03,CHI,MIN,W,23,13,Home
2006,2006-12-03,CLE,KC,W,31,28,Home
2006,2006-12-03,DEN,SEA,L,20,23,Home
2006,2006-12-03,GB,NYJ,L,10,38,Home
2006,2006-12-03,LAR,ARI,L,20,34,Home
2006,2006-12-03,LV,HOU,L,14,23,Home
2006,2006-12-03,MIA,JAX,L,10,24,Home
2006,2006-12-03,NE,DET,W,28,21,Home
2006,2006-12-03,NO,SF,W,34,10,Home
2006,2006-12-03,NYG,DAL,L,20,23,Home
2006,2006-12-03,PIT,TB,W,20,3,Home
2006,2006-12-03,TEN,IND,W,20,17,Home
2006,2006-12-03,WAS,ATL,L,14,24,Home
2006,2006-12-04,PHI,CAR,W,27,24,Home
2006,2006-12-07,PIT,CLE,W,27,7,Home
2006,2006-12-10,ARI,SEA,W,27,21,Home
2006,2006-12-10,CAR,NYG,L,13,27,Home
2006,2006-12-10,CIN,LV,W,27,10,Home
2006,2006-12-10,DAL,NO,L,17,42,Home
2006,2006-12-10,DET,MIN,L,20,30,Home
2006,2006-12-10,HOU,TEN,L,20,26,Home
2006,2006-12-10,JAX,IND,W,44,17,Home
2006,2006-12-10,KC,BAL,L,10,20,Home
2006,2006-12-10,LAC,DEN,W,48,20,Home
2006,2006-12-10,MIA,NE,W,21,0,Home
2006,2006-12-10,NYJ,BUF,L,13,31,Home
2006,2006-12-10,SF,GB,L,19,30,Home
2006,2006-12-10,TB,ATL,L,6,17,Home
2006,2006-12-10,WAS,PHI,L,19,21,Home
2006,2006-12-11,LAR,CHI,L,27,42,Home
2006,2006-12-14,SEA,SF,L,14,24,Home
2006,2006-12-16,ATL,DAL,L,28,38,Home
2006,2006-12-17,ARI,DEN,L,20,37,Home
2006,2006-12-17,BAL,CLE,W,27,17,Home
2006,2006-12-17,BUF,MIA,W,21,0,Home
2006,2006-12-17,CAR,PIT,L,3,37,Home
2006,2006-12-17,CHI,TB,W,34,31,Home
2006,2006-12-17,GB,DET,W,17,9,Home
2006,2006-12-17,LAC,KC,W,20,9,Home
2006,2006-12-17,LV,LAR,L,0,20,Home
2006,2006-12-17,MIN,NYJ,L,13,26,Home
2006,2006-12-17,NE,HOU,W,40,7,Home
2006,2006-12-17,NO,WAS,L,10,16,Home
2006,2006-12-17,NYG,PHI,L,22,36,Home
2006,2006-12-17,TEN,JAX,W,24,17,Home
2006,2006-12-18,IND,CIN,W,34,16,Home
2006,2006-12-21,GB,MIN,W,9,7,Home
2006,2006-12-23,LV,KC,L,9,20,Home
2006,2006-12-24,ATL,CAR,L,3,10,Home
2006,2006-12-24,BUF,TEN,L,29,30,Home
2006,2006-12-24,CLE,TB,L,7,22,Home
2006,2006-12-24,DEN,CIN,W,24,23,Home
2006,2006-12-24,DET,CHI,L,21,26,Home
2006,2006-12-24,HOU,IND,W,27,24,Home
2006,2006-12-24,JAX,NE,L,21,24,Home
2006,2006-12-24,LAR,WAS,W,37,31,Home
2006,2006-12-24,NYG,NO,L,7,30,Home
2006,2006-12-24,PIT,BAL,L,7,31,Home
2006,2006-12-24,SEA,LAC,L,17,20,Home
2006,2006-12-24,SF,ARI,L,20,26,Home
2006,2006-12-25,DAL,PHI,L,7,23,Home
2006,2006-12-25,MIA,NYJ,L,10,13,Home
2006,2006-12-30,WAS,NYG,L,28,34,Home
2006,2006-12-31,BAL,BUF,W,19,7,Home
2006,2006-12-31,CHI,GB,L,7,26,Home
2006,2006-12-31,CIN,PIT,L,17,23,Home
2006,2006-12-31,DAL,DET,L,31,39,Home
2006,2006-12-31,DEN,SF,L,23,26,Home
2006,2006-12-31,HOU,CLE,W,14,6,Home
2006,2006-12-31,IND,MIA,W,27,22,Home
2006,2006-12-31,KC,JAX,W,35,30,Home
2006,2006-12-31,LAC,ARI,W,27,20,Home
2006,2006-12-31,MIN,LAR,L,21,41,Home
2006,2006-12-31,NO,CAR,L,21,31,Home
2006,2006-12-31,NYJ,LV,W,23,3,Home
2006,2006-12-31,PHI,ATL,W,24,17,Home
2006,2006-12-31,TB,SEA,L,7,23,Home
2006,2006-12-31,TEN,NE,L,23,40,Home
2007,2007-09-06,IND,NO,W,41,10,Home
2007,2007-09-09,BUF,DEN,L,14,15,Home
2007,2007-09-09,CLE,PIT,L,7,34,Home
2007,2007-09-09,DAL,NYG,W,45,35,Home
2007,2007-09-09,GB,PHI,W,16,13,Home
2007,2007-09-09,HOU,KC,W,20,3,Home
2007,2007-09-09,JAX,TEN,L,10,13,Home
2007,2007-09-09,LAC,CHI,W,14,3,Home
2007,2007-09-09,LAR,CAR,L,13,27,Home
2007,2007-09-09,LV,DET,L,21,36,Home
2007,2007-09-09,MIN,ATL,W,24,3,Home
2007,2007-09-09,NYJ,NE,L,14,38,Home
2007,2007-09-09,SEA,TB,W,20,6,Home
2007,2007-09-09,WAS,MIA,W,16,13,Home
2007,2007-09-10,CIN,BAL,W,27,20,Home
2007,2007-09-10,SF,ARI,W,20,17,Home
2007,2007-09-16,ARI,SEA,W,23,20,Home
2007,2007-09-16,BAL,NYJ,W,20,13,Home
2007,2007-09-16,CAR,HOU,L,21,34,Home
2007,2007-09-16,CHI,KC,W,20,10,Home
2007,2007-09-16,CLE,CIN,W,51,45,Home
2007,2007-09-16,DEN,LV,W,23,20,Home
2007,2007-09-16,DET,MIN,W,20,17,Home
2007,2007-09-16,JAX,ATL,W,13,7,Home
2007,2007-09-16,LAR,SF,L,16,17,Home
2007,2007-09-16,MIA,DAL,L,20,37,Home
2007,2007-09-16,NE,LAC,W,38,14,Home
2007,2007-09-16,NYG,GB,L,13,35,Home
2007,2007-09-16,PIT,BUF,W,26,3,Home
2007,2007-09-16,TB,NO,W,31,14,Home
2007,2007-09-16,TEN,IND,L,20,22,Home
2007,2007-09-17,PHI,WAS,L,12,20,Home
2007,2007-09-23,ATL,CAR,L,20,27,Home
2007,2007-09-23,BAL,ARI,W,26,23,Home
2007,2007-09-23,CHI,DAL,L,10,34,Home
2007,2007-09-23,DEN,JAX,L,14,23,Home
2007,2007-09-23,GB,LAC,W,31,24,Home
2007,2007-09-23,HOU,IND,L,24,30,Home
2007,2007-09-23,KC,MIN,W,13,10,Home
2007,2007-09-23,LV,CLE,W,26,24,Home
2007,2007-09-23,NE,BUF,W,38,7,Home
2007,2007-09-23,NYJ,MIA,W,31,28,Home
2007,2007-09-23,PHI,DET,W,56,21,Home
2007,2007-09-23,PIT,SF,W,37,16,Home
2007,2007-09-23,SEA,CIN,W,24,21,Home
2007,2007-09-23,TB,LAR,W,24,3,Home
2007,2007-09-23,WAS,NYG,L,17,24,Home
2007,2007-09-24,NO,TEN,L,14,31,Home
2007,2007-09-30,ARI,PIT,W,21,14,Home
2007,2007-09-30,ATL,HOU,W,26,16,Home
2007,2007-09-30,BUF,NYJ,W,17,14,Home
2007,2007-09-30,CAR,TB,L,7,20,Home
2007,2007-09-30,CLE,BAL,W,27,13,Home
2007,2007-09-30,DAL,LAR,W,35,7,Home
2007,2007-09-30,DET,CHI,W,37,27,Home
2007,2007-09-30,IND,DEN,W,38,20,Home
2007,2007-09-30,LAC,KC,L,16,30,Home
2007,2007-09-30,MIA,LV,L,17,35,Home
2007,2007-09-30,MIN,GB,L,16,23,Home
2007,2007-09-30,NYG,PHI,W,16,3,Home
2007,2007-09-30,SF,SEA,L,3,23,Home
2007,2007-10-01,CIN,NE,L,13,34,Home
2007,2007-10-07,DEN,LAC,L,3,41,Home
2007,2007-10-07,GB,CHI,L,20,27,Home
2007,2007-10-07,HOU,MIA,W,22,19,Home
2007,2007-10-07,IND,TB,W,33,14,Home
2007,2007-10-07,KC,JAX,L,7,17,Home
2007,2007-10-07,LAR,ARI,L,31,34,Home
2007,2007-10-07,NE,CLE,W,34,17,Home
2007,2007-10-07,NO,CAR,L,13,16,Home
2007,2007-10-07,NYG,NYJ,W,35,24,Home
2007,2007-10-07,PIT,SEA,W,21,0,Home
2007,2007-10-07,SF,BAL,L,7,9,Home
2007,2007-10-07,TEN,ATL,W,20,13,Home
2007,2007-10-07,WAS,DET,W,34,3,Home
2007,2007-10-08,BUF,DAL,L,24,25,Home
2007,2007-10-14,ARI,CAR,L,10,25,Home
2007,2007-10-14,BAL,LAR,W,22,3,Home
2007,2007-10-14,CHI,MIN,L,31,34,Home
2007,2007-10-14,CLE,MIA,W,41,31,Home
2007,2007-10-14,DAL,NE,L,27,48,Home
2007,2007-10-14,GB,WAS,W,17,14,Home
2007,2007-10-14,JAX,HOU,W,37,17,Home
2007,2007-10-14,KC,CIN,W,27,20,Home
2007,2007-10-14,LAC,LV,W,28,14,Home
2007,2007-10-14,NYJ,PHI,L,9,16,Home
2007,2007-10-14,SEA,NO,L,17,28,Home
2007,2007-10-14,TB,TEN,W,13,10,Home
2007,2007-10-15,ATL,NYG,L,10,31,Home
2007,2007-10-21,BUF,BAL,W,19,14,Home
2007,2007-10-21,CIN,NYJ,W,38,31,Home
2007,2007-10-21,DAL,MIN,W,24,14,Home
2007,2007-10-21,DEN,PIT,W,31,28,Home
2007,2007-10-21,DET,TB,W,23,16,Home
2007,2007-10-21,HOU,TEN,L,36,38,Home
2007,2007-10-21,LV,KC,L,10,12,Home
2007,2007-10-21,MIA,NE,L,28,49,Home
2007,2007-10-21,NO,ATL,W,22,16,Home
2007,2007-10-21,NYG,SF,W,33,15,Home
2007,2007-10-21,PHI,CHI,L,16,19,Home
2007,2007-10-21,SEA,LAR,W,33,6,Home
2007,2007-10-21,WAS,ARI,W,21,19,Home
2007,2007-10-22,JAX,IND,L,7,29,Home
2007,2007-10-28,CAR,IND,L,7,31,Home
2007,2007-10-28,CHI,DET,L,7,16,Home
2007,2007-10-28,CIN,PIT,L,13,24,Home
2007,2007-10-28,LAC,HOU,W,35,10,Home
2007,2007-10-28,LAR,CLE,L,20,27,Home
2007,2007-10-28,MIA,NYG,L,10,13,Home
2007,2007-10-28,MIN,PHI,L,16,23,Home
2007,2007-10-28,NE,WAS,W,52,7,Home
2007,2007-10-28,NYJ,BUF,L,3,13,Home
2007,2007-10-28,SF,NO,L,10,31,Home
2007,2007-10-28,TB,JAX,L,23,24,Home
2007,2007-10-28,TEN,LV,W,13,9,Home
2007,2007-10-29,DEN,GB,L,13,19,Home
2007,2007-11-04,ATL,SF,W,20,16,Home
2007,2007-11-04,BUF,CIN,W,33,21,Home
2007,2007-11-04,CLE,SEA,W,33,30,Home
2007,2007-11-04,DET,DEN,W,44,7,Home
2007,2007-11-04,IND,NE,L,20,24,Home
2007,2007-11-04,KC,GB,L,22,33,Home
2007,2007-11-04,LV,HOU,L,17,24,Home
2007,2007-11-04,MIN,LAC,W,35,17,Home
2007,2007-11-04,NO,JAX,W,41,24,Home
2007,2007-11-04,NYJ,WAS,L,20,23,Home
2007,2007-11-04,PHI,DAL,L,17,38,Home
2007,2007-11-04,TB,ARI,W,17,10,Home
2007,2007-11-04,TEN,CAR,W,20,7,Home
2007,2007-11-05,PIT,BAL,W,38,7,Home
2007,2007-11-11,ARI,DET,W,31,21,Home
2007,2007-11-11,BAL,CIN,L,7,21,Home
2007,2007-11-11,CAR,ATL,L,13,20,Home
2007,2007-11-11,GB,MIN,W,34,0,Home
2007,2007-11-11,KC,DEN,L,11,27,Home
2007,2007-11-11,LAC,IND,W,23,21,Home
2007,2007-11-11,LV,CHI,L,6,17,Home
2007,2007-11-11,MIA,BUF,L,10,13,Home
2007,2007-11-11,NO,LAR,L,29,37,Home
2007,2007-11-11,NYG,DAL,L,20,31,Home
2007,2007-11-11,PIT,CLE,W,31,28,Home
2007,2007-11-11,TEN,JAX,L,13,28,Home
2007,2007-11-11,WAS,PHI,L,25,33,Home
2007,2007-11-12,SEA,SF,W,24,0,Home
2007,2007-11-18,ATL,TB,L,7,31,Home
2007,2007-11-18,BAL,CLE,L,30,33,Home
2007,2007-11-18,BUF,NE,L,10,56,Home
2007,2007-11-18,CIN,ARI,L,27,35,Home
2007,2007-11-18,DAL,WAS,W,28,23,Home
2007,2007-11-18,DET,NYG,L,10,16,Home
2007,2007-11-18,GB,CAR,W,31,17,Home
2007,2007-11-18,HOU,NO,W,23,10,Home
2007,2007-11-18,IND,KC,W,13,10,Home
2007,2007-11-18,JAX,LAC,W,24,17,Home
2007,2007-11-18,MIN,LV,W,29,22,Home
2007,2007-11-18,NYJ,PIT,W,19,16,Home
2007,2007-11-18,PHI,MIA,W,17,7,Home
2007,2007-11-18,SEA,CHI,W,30,23,Home
2007,2007-11-18,SF,LAR,L,9,13,Home
2007,2007-11-19,DEN,TEN,W,34,20,Home
2007,2007-11-22,ATL,IND,L,13,31,Home
2007,2007-11-22,DAL,NYJ,W,34,3,Home
2007,2007-11-22,DET,GB,L,26,37,Home
2007,2007-11-25,ARI,SF,L,31,37,Home
2007,2007-11-25,CAR,NO,L,6,31,Home
2007,2007-11-25,CHI,DEN,W,37,34,Home
2007,2007-11-25,CIN,TEN,W,35,6,Home
2007,2007-11-25,CLE,HOU,W,27,17,Home
2007,2007-11-25,JAX,BUF,W,36,14,Home
2007,2007-11-25,KC,LV,L,17,20,Home
2007,2007-11-25,LAC,BAL,W,32,14,Home
2007,2007-11-25,LAR,SEA,L,19,24,Home
2007,2007-11-25,NE,PHI,W,31,28,Home
2007,2007-11-25,NYG,MIN,L,17,41,Home
2007,2007-11-25,TB,WAS,W,19,13,Home
2007,2007-11-26,PIT,MIA,W,3,0,Home
2007,2007-11-29,DAL,GB,W,37,27,Home
2007,2007-12-02,ARI,CLE,W,27,21,Home
2007,2007-12-02,CAR,SF,W,31,14,Home
2007,2007-12-02,CHI,NYG,L,16,21,Home
2007,2007-12-02,IND,JAX,W,28,25,Home
2007,2007-12-02,KC,LAC,L,10,24,Home
2007,2007-12-02,LAR,ATL,W,28,16,Home
2007,2007-12-02,LV,DEN,W,34,20,Home
2007,2007-12-02,MIA,NYJ,L,13,40,Home
2007,2007-12-02,MIN,DET,W,42,10,Home
2007,2007-12-02,NO,TB,L,23,27,Home
2007,2007-12-02,PHI,SEA,L,24,28,Home
2007,2007-12-02,PIT,CIN,W,24,10,Home
2007,2007-12-02,TEN,HOU,W,28,20,Home
2007,2007-12-02,WAS,BUF,L,16,17,Home
2007,2007-12-03,BAL,NE,L,24,27,Home
2007,2007-12-06,WAS,CHI,W,24,16,Home
2007,2007-12-09,BAL,IND,L,20,44,Home
2007,2007-12-09,BUF,MIA,W,38,17,Home
2007,2007-12-09,CIN,LAR,W,19,10,Home
2007,2007-12-09,DEN,KC,W,41,7,Home
2007,2007-12-09,DET,DAL,L,27,28,Home
2007,2007-12-09,GB,LV,W,38,7,Home
2007,2007-12-09,HOU,TB,W,28,14,Home
2007,2007-12-09,JAX,CAR,W,37,6,Home
2007,2007-12-09,NE,PIT,W,34,13,Home
2007,2007-12-09,NYJ,CLE,L,18,24,Home
2007,2007-12-09,PHI,NYG,L,13,16,Home
2007,2007-12-09,SEA,ARI,W,42,21,Home
2007,2007-12-09,SF,MIN,L,7,27,Home
2007,2007-12-09,TEN,LAC,L,17,23,Home
2007,2007-12-10,ATL,NO,L,14,34,Home
2007,2007-12-13,HOU,DEN,W,31,13,Home
2007,2007-12-15,SF,CIN,W,20,13,Home
2007,2007-12-16,CAR,SEA,W,13,10,Home
2007,2007-12-16,CLE,BUF,W,8,0,Home
2007,2007-12-16,DAL,PHI,L,6,10,Home
2007,2007-12-16,KC,TEN,L,17,26,Home
2007,2007-12-16,LAC,DET,W,51,14,Home
2007,2007-12-16,LAR,GB,L,14,33,Home
2007,2007-12-16,LV,IND,L,14,21,Home
2007,2007-12-16,MIA,BAL,W,22,16,Home
2007,2007-12-16,NE,NYJ,W,20,10,Home
2007,2007-12-16,NO,ARI,W,31,24,Home
2007,2007-12-16,NYG,WAS,L,10,22,Home
2007,2007-12-16,PIT,JAX,L,22,29,Home
2007,2007-12-16,TB,ATL,W,37,3,Home
2007,2007-12-17,MIN,CHI,W,20,13,Home
2007,2007-12-20,LAR,PIT,L,24,41,Home
2007,2007-12-22,CAR,DAL,L,13,20,Home
2007,2007-12-23,ARI,ATL,W,30,27,Home
2007,2007-12-23,BUF,NYG,L,21,38,Home
2007,2007-12-23,CHI,GB,W,35,7,Home
2007,2007-12-23,CIN,CLE,W,19,14,Home
2007,2007-12-23,DET,KC,W,25,20,Home
2007,2007-12-23,IND,HOU,W,38,15,Home
2007,2007-12-23,JAX,LV,W,49,11,Home
2007,2007-12-23,MIN,WAS,L,21,32,Home
2007,2007-12-23,NE,MIA,W,28,7,Home
2007,2007-12-23,NO,PHI,L,23,38,Home
2007,2007-12-23,SEA,BAL,W,27,6,Home
2007,2007-12-23,SF,TB,W,21,19,Home
2007,2007-12-23,TEN,NYJ,W,10,6,Home
2007,2007-12-24,LAC,DEN,W,23,3,Home
2007,2007-12-29,NYG,NE,L,35,38,Home
2007,2007-12-30,ARI,LAR,W,48,19,Home
2007,2007-12-30,ATL,SEA,W,44,41,Home
2007,2007-12-30,BAL,PIT,W,27,21,Home
2007,2007-12-30,CHI,NO,W,33,25,Home
2007,2007-12-30,CLE,SF,W,20,7,Home
2007,2007-12-30,DEN,MIN,W,22,19,Home
2007,2007-12-30,GB,DET,W,34,13,Home
2007,2007-12-30,HOU,JAX,W,42,28,Home
2007,2007-12-30,IND,TEN,L,10,16,Home
2007,2007-12-30,LV,LAC,L,17,30,Home
2007,2007-12-30,MIA,CIN,L,25,38,Home
2007,2007-12-30,NYJ,KC,W,13,10,Home
2007,2007-12-30,PHI,BUF,W,17,9,Home
2007,2007-12-30,TB,CAR,L,23,31,Home
2007,2007-12-30,WAS,DAL,W,27,6,Home
2008,2008-09-04,NYG,WAS,W,16,7,Home
2008,2008-09-07,ATL,DET,W,34,21,Home
2008,2008-09-07,BAL,CIN,W,17,10,Home
2008,2008-09-07,BUF,SEA,W,34,10,Home
2008,2008-09-07,CLE,DAL,L,10,28,Home
2008,2008-09-07,IND,CHI,L,13,29,Home
2008,2008-09-07,LAC,CAR,L,24,26,Home
2008,2008-09-07,MIA,NYJ,L,14,20,Home
2008,2008-09-07,NE,KC,W,17,10,Home
2008,2008-09-07,NO,TB,W,24,20,Home
2008,2008-09-07,PHI,LAR,W,38,3,Home
2008,2008-09-07,PIT,HOU,W,38,17,Home
2008,2008-09-07,SF,ARI,L,13,23,Home
2008,2008-09-07,TEN,JAX,W,17,10,Home
2008,2008-09-08,GB,MIN,W,24,19,Home
2008,2008-09-08,LV,DEN,L,14,41,Home
2008,2008-09-14,ARI,MIA,W,31,10,Home
2008,2008-09-14,CAR,CHI,W,20,17,Home
2008,2008-09-14,CIN,TEN,L,7,24,Home
2008,2008-09-14,CLE,PIT,L,6,10,Home
2008,2008-09-14,DEN,LAC,W,39,38,Home
2008,2008-09-14,DET,GB,L,25,48,Home
2008,2008-09-14,JAX,BUF,L,16,20,Home
2008,2008-09-14,KC,LV,L,8,23,Home
2008,2008-09-14,LAR,NYG,L,13,41,Home
2008,2008-09-14,MIN,IND,L,15,18,Home
2008,2008-09-14,NYJ,NE,L,10,19,Home
2008,2008-09-14,SEA,SF,L,30,33,Home
2008,2008-09-14,TB,ATL,W,24,9,Home
2008,2008-09-14,WAS,NO,W,29,24,Home
2008,2008-09-15,DAL,PHI,W,41,37,Home
2008,2008-09-21,ATL,KC,W,38,14,Home
2008,2008-09-21,BAL,CLE,W,28,10,Home
2008,2008-09-21,BUF,LV,W,24,23,Home
2008,2008-09-21,CHI,TB,L,24,27,Home
2008,2008-09-21,DEN,NO,W,34,32,Home
2008,2008-09-21,GB,DAL,L,16,27,Home
2008,2008-09-21,IND,JAX,L,21,23,Home
2008,2008-09-21,MIN,CAR,W,20,10,Home
2008,2008-09-21,NE,MIA,L,13,38,Home
2008,2008-09-21,NYG,CIN,W,26,23,Home
2008,2008-09-21,PHI,PIT,W,15,6,Home
2008,2008-09-21,SEA,LAR,W,37,13,Home
2008,2008-09-21,SF,DET,W,31,13,Home
2008,2008-09-21,TEN,HOU,W,31,12,Home
2008,2008-09-21,WAS,ARI,W,24,17,Home
2008,2008-09-22,LAC,NYJ,W,48,29,Home
2008,2008-09-28,CAR,ATL,W,24,9,Home
2008,2008-09-28,CHI,PHI,W,24,20,Home
2008,2008-09-28,CIN,CLE,L,12,20,Home
2008,2008-09-28,DAL,WAS,L,24,26,Home
2008,2008-09-28,JAX,HOU,W,30,27,Home
2008,2008-09-28,KC,DEN,W,33,19,Home
2008,2008-09-28,LAR,BUF,L,14,31,Home
2008,2008-09-28,LV,LAC,L,18,28,Home
2008,2008-09-28,NO,SF,W,31,17,Home
2008,2008-09-28,NYJ,ARI,W,56,35,Home
2008,2008-09-28,TB,GB,W,30,21,Home
2008,2008-09-28,TEN,MIN,W,30,17,Home
2008,2008-09-29,PIT,BAL,W,23,20,Home
2008,2008-10-05,ARI,BUF,W,41,17,Home
2008,2008-10-05,BAL,TEN,L,10,13,Home
2008,2008-10-05,CAR,KC,W,34,0,Home
2008,2008-10-05,DAL,CIN,W,31,22,Home
2008,2008-10-05,DEN,TB,W,16,13,Home
2008,2008-10-05,DET,CHI,L,7,34,Home
2008,2008-10-05,GB,ATL,L,24,27,Home
2008,2008-10-05,HOU,IND,L,27,31,Home
2008,2008-10-05,JAX,PIT,L,21,26,Home
2008,2008-10-05,MIA,LAC,W,17,10,Home
2008,2008-10-05,NYG,SEA,W,44,6,Home
2008,2008-10-05,PHI,WAS,L,17,23,Home
2008,2008-10-05,SF,NE,L,21,30,Home
2008,2008-10-06,NO,MIN,L,27,30,Home
2008,2008-10-12,ARI,DAL,W,30,24,Home
2008,2008-10-12,ATL,CHI,W,22,20,Home
2008,2008-10-12,DEN,JAX,L,17,24,Home
2008,2008-10-12,HOU,MIA,W,29,28,Home
2008,2008-10-12,IND,BAL,W,31,3,Home
2008,2008-10-12,LAC,NE,W,30,10,Home
2008,2008-10-12,MIN,DET,W,12,10,Home
2008,2008-10-12,NO,LV,W,34,3,Home
2008,2008-10-12,NYJ,CIN,W,26,14,Home
2008,2008-10-12,SEA,GB,L,17,27,Home
2008,2008-10-12,SF,PHI,L,26,40,Home
2008,2008-10-12,TB,CAR,W,27,3,Home
2008,2008-10-12,WAS,LAR,L,17,19,Home
2008,2008-10-13,CLE,NYG,W,35,14,Home
2008,2008-10-19,BUF,LAC,W,23,14,Home
2008,2008-10-19,CAR,NO,W,30,7,Home
2008,2008-10-19,CHI,MIN,W,48,41,Home
2008,2008-10-19,CIN,PIT,L,10,38,Home
2008,2008-10-19,GB,IND,W,34,14,Home
2008,2008-10-19,HOU,DET,W,28,21,Home
2008,2008-10-19,KC,TEN,L,10,34,Home
2008,2008-10-19,LAR,DAL,W,34,14,Home
2008,2008-10-19,LV,NYJ,W,16,13,Home
2008,2008-10-19,MIA,BAL,L,13,27,Home
2008,2008-10-19,NYG,SF,W,29,17,Home
2008,2008-10-19,TB,SEA,W,20,10,Home
2008,2008-10-19,WAS,CLE,W,14,11,Home
2008,2008-10-20,NE,DEN,W,41,7,Home
2008,2008-10-26,BAL,LV,W,29,10,Home
2008,2008-10-26,CAR,ARI,W,27,23,Home
2008,2008-10-26,DAL,TB,W,13,9,Home
2008,2008-10-26,DET,WAS,L,17,25,Home
2008,2008-10-26,HOU,CIN,W,35,6,Home
2008,2008-10-26,JAX,CLE,L,17,23,Home
2008,2008-10-26,MIA,BUF,W,25,16,Home
2008,2008-10-26,NE,LAR,W,23,16,Home
2008,2008-10-26,NO,LAC,W,37,32,Home
2008,2008-10-26,NYJ,KC,W,28,24,Home
2008,2008-10-26,PHI,ATL,W,27,14,Home
2008,2008-10-26,PIT,NYG,L,14,21,Home
2008,2008-10-26,SF,SEA,L,13,34,Home
2008,2008-10-27,TEN,IND,W,31,21,Home
2008,2008-11-02,BUF,NYJ,L,17,26,Home
2008,2008-11-02,CHI,DET,W,27,23,Home
2008,2008-11-02,CIN,JAX,W,21,19,Home
2008,2008-11-02,CLE,BAL,L,27,37,Home
2008,2008-11-02,DEN,MIA,L,17,26,Home
2008,2008-11-02,IND,NE,W,18,15,Home
2008,2008-11-02,KC,TB,L,27,30,Home
2008,2008-11-02,LAR,ARI,L,13,34,Home
2008,2008-11-02,LV,ATL,L,0,24,Home
2008,2008-11-02,MIN,HOU,W,28,21,Home
2008,2008-11-02,NYG,DAL,W,35,14,Home
2008,2008-11-02,SEA,PHI,L,7,26,Home
2008,2008-11-02,TEN,GB,W,19,16,Home
2008,2008-11-03,WAS,PIT,L,6,23,Home
2008,2008-11-06,CLE,DEN,L,30,34,Home
2008,2008-11-09,ATL,NO,W,34,20,Home
2008,2008-11-09,CHI,TEN,L,14,21,Home
2008,2008-11-09,DET,JAX,L,14,38,Home
2008,2008-11-09,HOU,BAL,L,13,41,Home
2008,2008-11-09,LAC,KC,W,20,19,Home
2008,2008-11-09,LV,CAR,L,6,17,Home
2008,2008-11-09,MIA,SEA,W,21,19,Home
2008,2008-11-09,MIN,GB,W,28,27,Home
2008,2008-11-09,NE,BUF,W,20,10,Home
2008,2008-11-09,NYJ,LAR,W,47,3,Home
2008,2008-11-09,PHI,NYG,L,31,36,Home
2008,2008-11-09,PIT,IND,L,20,24,Home
2008,2008-11-10,ARI,SF,W,29,24,Home
2008,2008-11-13,NE,NYJ,L,31,34,Home
2008,2008-11-16,ATL,DEN,L,20,24,Home
2008,2008-11-16,CAR,DET,W,31,22,Home
2008,2008-11-16,CIN,PHI,T,13,13,Home
2008,2008-11-16,GB,CHI,W,37,3,Home
2008,2008-11-16,IND,HOU,W,33,27,Home
2008,2008-11-16,JAX,TEN,L,14,24,Home
2008,2008-11-16,KC,NO,L,20,30,Home
2008,2008-11-16,MIA,LV,W,17,15,Home
2008,2008-11-16,NYG,BAL,W,30,10,Home
2008,2008-11-16,PIT,LAC,W,11,10,Home
2008,2008-11-16,SEA,ARI,L,20,26,Home
2008,2008-11-16,SF,LAR,W,35,16,Home
2008,2008-11-16,TB,MIN,W,19,13,Home
2008,2008-11-16,WAS,DAL,L,10,14,Home
2008,2008-11-17,BUF,CLE,L,27,29,Home
2008,2008-11-20,PIT,CIN,W,27,10,Home
2008,2008-11-23,ARI,NYG,L,29,37,Home
2008,2008-11-23,ATL,CAR,W,45,28,Home
2008,2008-11-23,BAL,PHI,W,36,7,Home
2008,2008-11-23,CLE,HOU,L,6,16,Home
2008,2008-11-23,DAL,SF,W,35,22,Home
2008,2008-11-23,DEN,LV,L,10,31,Home
2008,2008-11-23,DET,TB,L,20,38,Home
2008,2008-11-23,JAX,MIN,L,12,30,Home
2008,2008-11-23,KC,BUF,L,31,54,Home
2008,2008-11-23,LAC,IND,L,20,23,Home
2008,2008-11-23,LAR,CHI,L,3,27,Home
2008,2008-11-23,MIA,NE,L,28,48,Home
2008,2008-11-23,SEA,WAS,L,17,20,Home
2008,2008-11-23,TEN,NYJ,L,13,34,Home
2008,2008-11-24,NO,GB,W,51,29,Home
2008,2008-11-27,DAL,SEA,W,34,9,Home
2008,2008-11-27,DET,TEN,L,10,47,Home
2008,2008-11-27,PHI,ARI,W,48,20,Home
2008,2008-11-30,BUF,SF,L,3,10,Home
2008,2008-11-30,CIN,BAL,L,3,34,Home
2008,2008-11-30,CLE,IND,L,6,10,Home
2008,2008-11-30,GB,CAR,L,31,35,Home
2008,2008-11-30,LAC,ATL,L,16,22,Home
2008,2008-11-30,LAR,MIA,L,12,16,Home
2008,2008-11-30,LV,KC,L,13,20,Home
2008,2008-11-30,MIN,CHI,W,34,14,Home
2008,2008-11-30,NE,PIT,L,10,33,Home
2008,2008-11-30,NYJ,DEN,L,17,34,Home
2008,2008-11-30,TB,NO,W,23,20,Home
2008,2008-11-30,WAS,NYG,L,7,23,Home
2008,2008-12-01,HOU,JAX,W,30,17,Home
2008,2008-12-04,LAC,LV,W,34,7,Home
2008,2008-12-07,ARI,LAR,W,34,10,Home
2008,2008-12-07,BAL,WAS,W,24,10,Home
2008,2008-12-07,BUF,MIA,L,3,16,Home
2008,2008-12-07,CHI,JAX,W,23,10,Home
2008,2008-12-07,DEN,KC,W,24,17,Home
2008,2008-12-07,DET,MIN,L,16,20,Home
2008,2008-12-07,GB,HOU,L,21,24,Home
2008,2008-12-07,IND,CIN,W,35,3,Home
2008,2008-12-07,NO,ATL,W,29,25,Home
2008,2008-12-07,NYG,PHI,L,14,20,Home
2008,2008-12-07,PIT,DAL,W,20,13,Home
2008,2008-12-07,SEA,NE,L,21,24,Home
2008,2008-12-07,SF,NYJ,W,24,14,Home
2008,2008-12-07,TEN,CLE,W,28,9,Home
2008,2008-12-08,CAR,TB,W,38,23,Home
2008,2008-12-11,CHI,NO,W,27,24,Home
2008,2008-12-14,ARI,MIN,L,14,35,Home
2008,2008-12-14,ATL,TB,W,13,10,Home
2008,2008-12-14,BAL,PIT,L,9,13,Home
2008,2008-12-14,CAR,DEN,W,30,10,Home
2008,2008-12-14,CIN,WAS,W,20,13,Home
2008,2008-12-14,DAL,NYG,W,20,8,Home
2008,2008-12-14,HOU,TEN,W,13,12,Home
2008,2008-12-14,IND,DET,W,31,21,Home
2008,2008-12-14,JAX,GB,W,20,16,Home
2008,2008-12-14,KC,LAC,L,21,22,Home
2008,2008-12-14,LAR,SEA,L,20,23,Home
2008,2008-12-14,LV,NE,L,26,49,Home
2008,2008-12-14,MIA,SF,W,14,9,Home
2008,2008-12-14,NYJ,BUF,W,31,27,Home
2008,2008-12-15,PHI,CLE,W,30,10,Home
2008,2008-12-18,JAX,IND,L,24,31,Home
2008,2008-12-20,DAL,BAL,L,24,33,Home
2008,2008-12-21,CLE,CIN,L,0,14,Home
2008,2008-12-21,DEN,BUF,L,23,30,Home
2008,2008-12-21,DET,NO,L,7,42,Home
2008,2008-12-21,KC,MIA,L,31,38,Home
2008,2008-12-21,LAR,SF,L,16,17,Home
2008,2008-12-21,LV,HOU,W,27,16,Home
2008,2008-12-21,MIN,ATL,L,17,24,Home
2008,2008-12-21,NE,ARI,W,47,7,Home
2008,2008-12-21,NYG,CAR,W,34,28,Home
2008,2008-12-21,SEA,NYJ,W,13,3,Home
2008,2008-12-21,TB,LAC,L,24,41,Home
2008,2008-12-21,TEN,PIT,W,31,14,Home
2008,2008-12-21,WAS,PHI,W,10,3,Home
2008,2008-12-22,CHI,GB,W,20,17,Home
2008,2008-12-28,ARI,SEA,W,34,21,Home
2008,2008-12-28,ATL,LAR,W,31,27,Home
2008,2008-12-28,BAL,JAX,W,27,7,Home
2008,2008-12-28,BUF,NE,L,0,13,Home
2008,2008-12-28,CIN,KC,W,16,6,Home
2008,2008-12-28,GB,DET,W,31,21,Home
2008,2008-12-28,HOU,CHI,W,31,24,Home
2008,2008-12-28,IND,TEN,W,23,0,Home
2008,2008-12-28,LAC,DEN,W,52,21,Home
2008,2008-12-28,MIN,NYG,W,20,19,Home
2008,2008-12-28,NO,CAR,L,31,33,Home
2008,2008-12-28,NYJ,MIA,L,17,24,Home
2008,2008-12-28,PHI,DAL,W,44,6,Home
2008,2008-12-28,PIT,CLE,W,31,0,Home
2008,2008-12-28,SF,WAS,W,27,24,Home
2008,2008-12-28,TB,LV,L,24,31,Home
2009,2009-09-10,PIT,TEN,W,13,10,Home
2009,2009-09-13,ARI,SF,L,16,20,Home
2009,2009-09-13,ATL,MIA,W,19,7,Home
2009,2009-09-13,BAL,KC,W,38,24,Home
2009,2009-09-13,CAR,PHI,L,10,38,Home
2009,2009-09-13,CIN,DEN,L,7,12,Home
2009,2009-09-13,CLE,MIN,L,20,34,Home
2009,2009-09-13,GB,CHI,W,21,15,Home
2009,2009-09-13,HOU,NYJ,L,7,24,Home
2009,2009-09-13,IND,JAX,W,14,12,Home
2009,2009-09-13,NO,DET,W,45,27,Home
2009,2009-09-13,NYG,WAS,W,23,17,Home
2009,2009-09-13,SEA,LAR,W,28,0,Home
2009,2009-09-13,TB,DAL,L,21,34,Home
2009,2009-09-14,LV,LAC,L,20,24,Home
2009,2009-09-14,NE,BUF,W,25,24,Home
2009,2009-09-20,ATL,CAR,W,28,20,Home
2009,2009-09-20,BUF,TB,W,33,20,Home
2009,2009-09-20,CHI,PIT,W,17,14,Home
2009,2009-09-20,DAL,NYG,L,31,33,Home
2009,2009-09-20,DEN,CLE,W,27,6,Home
2009,2009-09-20,DET,MIN,L,13,27,Home
2009,2009-09-20,GB,CIN,L,24,31,Home
2009,2009-09-20,JAX,ARI,L,17,31,Home
2009,2009-09-20,KC,LV,L,10,13,Home
2009,2009-09-20,LAC,BAL,L,26,31,Home
2009,2009-09-20,NYJ,NE,W,16,9,Home
2009,2009-09-20,PHI,NO,L,22,48,Home
2009,2009-09-20,SF,SEA,W,23,10,Home
2009,2009-09-20,TEN,HOU,L,31,34,Home
2009,2009-09-20,WAS,LAR,W,9,7,Home
2009,2009-09-21,MIA,IND,L,23,27,Home
2009,2009-09-27,ARI,IND,L,10,31,Home
2009,2009-09-27,BAL,CLE,W,34,3,Home
2009,2009-09-27,BUF,NO,L,7,27,Home
2009,2009-09-27,CIN,PIT,W,23,20,Home
2009,2009-09-27,DET,WAS,W,19,14,Home
2009,2009-09-27,HOU,JAX,L,24,31,Home
2009,2009-09-27,LAC,MIA,W,23,13,Home
2009,2009-09-27,LAR,GB,L,17,36,Home
2009,2009-09-27,LV,DEN,L,3,23,Home
2009,2009-09-27,MIN,SF,W,27,24,Home
2009,2009-09-27,NE,ATL,W,26,10,Home
2009,2009-09-27,NYJ,TEN,W,24,17,Home
2009,2009-09-27,PHI,KC,W,34,14,Home
2009,2009-09-27,SEA,CHI,L,19,25,Home
2009,2009-09-27,TB,NYG,L,0,24,Home
2009,2009-09-28,DAL,CAR,W,21,7,Home
2009,2009-10-04,CHI,DET,W,48,24,Home
2009,2009-10-04,CLE,CIN,L,20,23,Home
2009,2009-10-04,DEN,DAL,W,17,10,Home
2009,2009-10-04,HOU,LV,W,29,6,Home
2009,2009-10-04,IND,SEA,W,34,17,Home
2009,2009-10-04,JAX,TEN,W,37,17,Home
2009,2009-10-04,KC,NYG,L,16,27,Home
2009,2009-10-04,MIA,BUF,W,38,10,Home
2009,2009-10-04,NE,BAL,W,27,21,Home
2009,2009-10-04,NO,NYJ,W,24,10,Home
2009,2009-10-04,PIT,LAC,W,38,28,Home
2009,2009-10-04,SF,LAR,W,35,0,Home
2009,2009-10-04,WAS,TB,W,16,13,Home
2009,2009-10-05,MIN,GB,W,30,23,Home
2009,2009-10-11,ARI,HOU,W,28,21,Home
2009,2009-10-11,BAL,CIN,L,14,17,Home
2009,2009-10-11,BUF,CLE,L,3,6,Home
2009,2009-10-11,CAR,WAS,W,20,17,Home
2009,2009-10-11,DEN,NE,W,20,17,Home
2009,2009-10-11,DET,PIT,L,20,28,Home
2009,2009-10-11,KC,DAL,L,20,26,Home
2009,2009-10-11,LAR,MIN,L,10,38,Home
2009,2009-10-11,NYG,LV,W,44,7,Home
2009,2009-10-11,PHI,TB,W,33,14,Home
2009,2009-10-11,SEA,JAX,W,41,0,Home
2009,2009-10-11,SF,ATL,L,10,45,Home
2009,2009-10-11,TEN,IND,L,9,31,Home
2009,2009-10-12,MIA,NYJ,W,31,27,Home
2009,2009-10-18,ATL,CHI,W,21,14,Home
2009,2009-10-18,CIN,HOU,L,17,28,Home
2009,2009-10-18,GB,DET,W,26,0,Home
2009,2009-10-18,JAX,LAR,W,23,20,Home
2009,2009-10-18,LV,PHI,W,13,9,Home
2009,2009-10-18,MIN,BAL,W,33,31,Home
2009,2009-10-18,NE,TEN,W,59,0,Home
2009,2009-10-18,NO,NYG,W,48,27,Home
2009,2009-10-18,NYJ,BUF,L,13,16,Home
2009,2009-10-18,PIT,CLE,W,27,14,Home
2009,2009-10-18,SEA,ARI,L,3,27,Home
2009,2009-10-18,TB,CAR,L,21,28,Home
2009,2009-10-18,WAS,KC,L,6,14,Home
2009,2009-10-19,LAC,DEN,L,23,34,Home
2009,2009-10-25,CAR,BUF,L,9,20,Home
2009,2009-10-25,CIN,CHI,W,45,10,Home
2009,2009-10-25,CLE,GB,L,3,31,Home
2009,2009-10-25,DAL,ATL,W,37,21,Home
2009,2009-10-25,HOU,SF,W,24,21,Home
2009,2009-10-25,KC,LAC,L,7,37,Home
2009,2009-10-25,LAR,IND,L,6,42,Home
2009,2009-10-25,LV,NYJ,L,0,38,Home
2009,2009-10-25,MIA,NO,L,34,46,Home
2009,2009-10-25,NYG,ARI,L,17,24,Home
2009,2009-10-25,PIT,MIN,W,27,17,Home
2009,2009-10-25,TB,NE,L,7,35,Home
2009,2009-10-26,WAS,PHI,L,17,27,Home
2009,2009-11-01,ARI,CAR,L,21,34,Home
2009,2009-11-01,BAL,DEN,W,30,7,Home
2009,2009-11-01,BUF,HOU,L,10,31,Home
2009,2009-11-01,CHI,CLE,W,30,6,Home
2009,2009-11-01,DAL,SEA,W,38,17,Home
2009,2009-11-01,DET,LAR,L,10,17,Home
2009,2009-11-01,GB,MIN,L,26,38,Home
2009,2009-11-01,IND,SF,W,18,14,Home
2009,2009-11-01,LAC,LV,W,24,16,Home
2009,2009-11-01,NYJ,MIA,L,25,30,Home
2009,2009-11-01,PHI,NYG,W,40,17,Home
2009,2009-11-01,TEN,JAX,W,30,13,Home
2009,2009-11-02,NO,ATL,W,35,27,Home
2009,2009-11-08,ATL,WAS,W,31,17,Home
2009,2009-11-08,CHI,ARI,L,21,41,Home
2009,2009-11-08,CIN,BAL,W,17,7,Home
2009,2009-11-08,IND,HOU,W,20,17,Home
2009,2009-11-08,JAX,KC,W,24,21,Home
2009,2009-11-08,NE,MIA,W,27,17,Home
2009,2009-11-08,NO,CAR,W,30,20,Home
2009,2009-11-08,NYG,LAC,L,20,21,Home
2009,2009-11-08,PHI,DAL,L,16,20,Home
2009,2009-11-08,SEA,DET,W,32,20,Home
2009,2009-11-08,SF,TEN,L,27,34,Home
2009,2009-11-08,TB,GB,W,38,28,Home
2009,2009-11-09,DEN,PIT,L,10,28,Home
2009,2009-11-12,SF,CHI,W,10,6,Home
2009,2009-11-15,ARI,SEA,W,31,20,Home
2009,2009-11-15,CAR,ATL,W,28,19,Home
2009,2009-11-15,GB,DAL,W,17,7,Home
2009,2009-11-15,IND,NE,W,35,34,Home
2009,2009-11-15,LAC,PHI,W,31,23,Home
2009,2009-11-15,LAR,NO,L,23,28,Home
2009,2009-11-15,LV,KC,L,10,16,Home
2009,2009-11-15,MIA,TB,W,25,23,Home
2009,2009-11-15,MIN,DET,W,27,10,Home
2009,2009-11-15,NYJ,JAX,L,22,24,Home
2009,2009-11-15,PIT,CIN,L,12,18,Home
2009,2009-11-15,TEN,BUF,W,41,17,Home
2009,2009-11-15,WAS,DEN,W,27,17,Home
2009,2009-11-16,CLE,BAL,L,0,16,Home
2009,2009-11-19,CAR,MIA,L,17,24,Home
2009,2009-11-22,BAL,IND,L,15,17,Home
2009,2009-11-22,CHI,PHI,L,20,24,Home
2009,2009-11-22,DAL,WAS,W,7,6,Home
2009,2009-11-22,DEN,LAC,L,3,32,Home
2009,2009-11-22,DET,CLE,W,38,37,Home
2009,2009-11-22,GB,SF,W,30,24,Home
2009,2009-11-22,JAX,BUF,W,18,15,Home
2009,2009-11-22,KC,PIT,W,27,24,Home
2009,2009-11-22,LAR,ARI,L,13,21,Home
2009,2009-11-22,LV,CIN,W,20,17,Home
2009,2009-11-22,MIN,SEA,W,35,9,Home
2009,2009-11-22,NE,NYJ,W,31,14,Home
2009,2009-11-22,NYG,ATL,W,34,31,Home
2009,2009-11-22,TB,NO,L,7,38,Home
2009,2009-11-23,HOU,TEN,L,17,20,Home
2009,2009-11-26,DAL,LV,W,24,7,Home
2009,2009-11-26,DEN,NYG,W,26,6,Home
2009,2009-11-26,DET,GB,L,12,34,Home
2009,2009-11-29,ATL,TB,W,20,17,Home
2009,2009-11-29,BAL,PIT,W,20,17,Home
2009,2009-11-29,BUF,MIA,W,31,14,Home
2009,2009-11-29,CIN,CLE,W,16,7,Home
2009,2009-11-29,HOU,IND,L,27,35,Home
2009,2009-11-29,LAC,KC,W,43,14,Home
2009,2009-11-29,LAR,SEA,L,17,27,Home
2009,2009-11-29,MIN,CHI,W,36,10,Home
2009,2009-11-29,NYJ,CAR,W,17,6,Home
2009,2009-11-29,PHI,WAS,W,27,24,Home
2009,2009-11-29,SF,JAX,W,20,3,Home
2009,2009-11-29,TEN,ARI,W,20,17,Home
2009,2009-11-30,NO,NE,W,38,17,Home
2009,2009-12-03,BUF,NYJ,L,13,19,Home
2009,2009-12-06,ARI,MIN,W,30,17,Home
2009,2009-12-06,ATL,PHI,L,7,34,Home
2009,2009-12-06,CAR,TB,W,16,6,Home
2009,2009-12-06,CHI,LAR,W,17,9,Home
2009,2009-12-06,CIN,DET,W,23,13,Home
2009,2009-12-06,CLE,LAC,L,23,30,Home
2009,2009-12-06,IND,TEN,W,27,17,Home
2009,2009-12-06,JAX,HOU,W,23,18,Home
2009,2009-12-06,KC,DEN,L,13,44,Home
2009,2009-12-06,MIA,NE,W,22,21,Home
2009,2009-12-06,NYG,DAL,W,31,24,Home
2009,2009-12-06,PIT,LV,L,24,27,Home
2009,2009-12-06,SEA,SF,W,20,17,Home
2009,2009-12-06,WAS,NO,L,30,33,Home
2009,2009-12-07,GB,BAL,W,27,14,Home
2009,2009-12-10,CLE,PIT,W,13,6,Home
2009,2009-12-13,ATL,NO,L,23,26,Home
2009,2009-12-13,BAL,DET,W,48,3,Home
2009,2009-12-13,CHI,GB,L,14,21,Home
2009,2009-12-13,DAL,LAC,L,17,20,Home
2009,2009-12-13,HOU,SEA,W,34,7,Home
2009,2009-12-13,IND,DEN,W,28,16,Home
2009,2009-12-13,JAX,MIA,L,10,14,Home
2009,2009-12-13,KC,BUF,L,10,16,Home
2009,2009-12-13,LV,WAS,L,13,34,Home
2009,2009-12-13,MIN,CIN,W,30,10,Home
2009,2009-12-13,NE,CAR,W,20,10,Home
2009,2009-12-13,NYG,PHI,L,38,45,Home
2009,2009-12-13,TB,NYJ,L,3,26,Home
2009,2009-12-13,TEN,LAR,W,47,7,Home
2009,2009-12-14,SF,ARI,W,24,9,Home
2009,2009-12-17,JAX,IND,L,31,35,Home
2009,2009-12-19,NO,DAL,L,17,24,Home
2009,2009-12-20,BAL,CHI,W,31,7,Home
2009,2009-12-20,BUF,NE,L,10,17,Home
2009,2009-12-20,CAR,MIN,W,26,7,Home
2009,2009-12-20,DEN,LV,L,19,20,Home
2009,2009-12-20,DET,ARI,L,24,31,Home
2009,2009-12-20,KC,CLE,L,34,41,Home
2009,2009-12-20,LAC,CIN,W,27,24,Home
2009,2009-12-20,LAR,HOU,L,13,16,Home
2009,2009-12-20,NYJ,ATL,L,7,10,Home
2009,2009-12-20,PHI,SF,W,27,13,Home
2009,2009-12-20,PIT,GB,W,37,36,Home
2009,2009-12-20,SEA,TB,L,7,24,Home
2009,2009-12-20,TEN,MIA,W,27,24,Home
2009,2009-12-21,WAS,NYG,L,12,45,Home
2009,2009-12-25,TEN,LAC,L,17,42,Home
2009,2009-12-27,ARI,LAR,W,31,10,Home
2009,2009-12-27,ATL,BUF,W,31,3,Home
2009,2009-12-27,CIN,KC,W,17,10,Home
2009,2009-12-27,CLE,LV,W,23,9,Home
2009,2009-12-27,GB,SEA,W,48,10,Home
2009,2009-12-27,IND,NYJ,L,15,29,Home
2009,2009-12-27,MIA,HOU,L,20,27,Home
2009,2009-12-27,NE,JAX,W,35,7,Home
2009,2009-12-27,NO,TB,L,17,20,Home
2009,2009-12-27,NYG,CAR,L,9,41,Home
2009,2009-12-27,PHI,DEN,W,30,27,Home
2009,2009-12-27,PIT,BAL,W,23,20,Home
2009,2009-12-27,SF,DET,W,20,6,Home
2009,2009-12-27,WAS,DAL,L,0,17,Home
2009,2009-12-28,CHI,MIN,W,36,30,Home
2009,2010-01-03,ARI,GB,L,7,33,Home
2009,2010-01-03,BUF,IND,W,30,7,Home
2009,2010-01-03,CAR,NO,W,23,10,Home
2009,2010-01-03,CLE,JAX,W,23,17,Home
2009,2010-01-03,DAL,PHI,W,24,0,Home
2009,2010-01-03,DEN,KC,L,24,44,Home
2009,2010-01-03,DET,CHI,L,23,37,Home
2009,2010-01-03,HOU,NE,W,34,27,Home
2009,2010-01-03,LAC,WAS,W,23,20,Home
2009,2010-01-03,LAR,SF,L,6,28,Home
2009,2010-01-03,LV,BAL,L,13,21,Home
2009,2010-01-03,MIA,PIT,L,24,30,Home
2009,2010-01-03,MIN,NYG,W,44,7,Home
2009,2010-01-03,NYJ,CIN,W,37,0,Home
2009,2010-01-03,SEA,TEN,L,13,17,Home
2009,2010-01-03,TB,ATL,L,10,20,Home
2010,2010-09-09,NO,MIN,W,14,9,Home
2010,2010-09-12,BUF,MIA,L,10,15,Home
2010,2010-09-12,CHI,DET,W,19,14,Home
2010,2010-09-12,HOU,IND,W,34,24,Home
2010,2010-09-12,JAX,DEN,W,24,17,Home
2010,2010-09-12,LAR,ARI,L,13,17,Home
2010,2010-09-12,NE,CIN,W,38,24,Home
2010,2010-09-12,NYG,CAR,W,31,18,Home
2010,2010-09-12,PHI,GB,L,20,27,Home
2010,2010-09-12,PIT,ATL,W,15,9,Home
2010,2010-09-12,SEA,SF,W,31,6,Home
2010,2010-09-12,TB,CLE,W,17,14,Home
2010,2010-09-12,TEN,LV,W,38,13,Home
2010,2010-09-12,WAS,DAL,W,13,7,Home
2010,2010-09-13,KC,LAC,W,21,14,Home
2010,2010-09-13,NYJ,BAL,L,9,10,Home
2010,2010-09-19,ATL,ARI,W,41,7,Home
2010,2010-09-19,CAR,TB,L,7,20,Home
2010,2010-09-19,CIN,BAL,W,15,10,Home
2010,2010-09-19,CLE,KC,L,14,16,Home
2010,2010-09-19,DAL,CHI,L,20,27,Home
2010,2010-09-19,DEN,SEA,W,31,14,Home
2010,2010-09-19,DET,PHI,L,32,35,Home
2010,2010-09-19,GB,BUF,W,34,7,Home
2010,2010-09-19,IND,NYG,W,38,14,Home
2010,2010-09-19,LAC,JAX,W,38,13,Home
2010,2010-09-19,LV,LAR,W,16,14,Home
2010,2010-09-19,MIN,MIA,L,10,14,Home
2010,2010-09-19,NYJ,NE,W,28,14,Home
2010,2010-09-19,TEN,PIT,L,11,19,Home
2010,2010-09-19,WAS,HOU,L,27,30,Home
2010,2010-09-20,SF,NO,L,22,25,Home
2010,2010-09-26,ARI,LV,W,24,23,Home
2010,2010-09-26,BAL,CLE,W,24,17,Home
2010,2010-09-26,CAR,CIN,L,7,20,Home
2010,2010-09-26,DEN,IND,L,13,27,Home
2010,2010-09-26,HOU,DAL,L,13,27,Home
2010,2010-09-26,JAX,PHI,L,3,28,Home
2010,2010-09-26,KC,SF,W,31,10,Home
2010,2010-09-26,LAR,WAS,W,30,16,Home
2010,2010-09-26,MIA,NYJ,L,23,31,Home
2010,2010-09-26,MIN,DET,W,24,10,Home
2010,2010-09-26,NE,BUF,W,38,30,Home
2010,2010-09-26,NO,ATL,L,24,27,Home
2010,2010-09-26,NYG,TEN,L,10,29,Home
2010,2010-09-26,SEA,LAC,W,27,20,Home
2010,2010-09-26,TB,PIT,L,13,38,Home
2010,2010-09-27,CHI,GB,W,20,17,Home
2010,2010-10-03,ATL,SF,W,16,14,Home
2010,2010-10-03,BUF,NYJ,L,14,38,Home
2010,2010-10-03,CLE,CIN,W,23,20,Home
2010,2010-10-03,GB,DET,W,28,26,Home
2010,2010-10-03,JAX,IND,W,31,28,Home
2010,2010-10-03,LAC,ARI,W,41,10,Home
2010,2010-10-03,LAR,SEA,W,20,3,Home
2010,2010-10-03,LV,HOU,L,24,31,Home
2010,2010-10-03,NO,CAR,W,16,14,Home
2010,2010-10-03,NYG,CHI,W,17,3,Home
2010,2010-10-03,PHI,WAS,L,12,17,Home
2010,2010-10-03,PIT,BAL,L,14,17,Home
2010,2010-10-03,TEN,DEN,L,20,26,Home
2010,2010-10-04,MIA,NE,L,14,41,Home
2010,2010-10-10,ARI,NO,W,30,20,Home
2010,2010-10-10,BAL,DEN,W,31,17,Home
2010,2010-10-10,BUF,JAX,L,26,36,Home
2010,2010-10-10,CAR,CHI,L,6,23,Home
2010,2010-10-10,CIN,TB,L,21,24,Home
2010,2010-10-10,CLE,ATL,L,10,20,Home
2010,2010-10-10,DAL,TEN,L,27,34,Home
2010,2010-10-10,DET,LAR,W,44,6,Home
2010,2010-10-10,HOU,NYG,L,10,34,Home
2010,2010-10-10,IND,KC,W,19,9,Home
2010,2010-10-10,LV,LAC,W,35,27,Home
2010,2010-10-10,SF,PHI,L,24,27,Home
2010,2010-10-10,WAS,GB,W,16,13,Home
2010,2010-10-11,NYJ,MIN,W,29,20,Home
2010,2010-10-17,CHI,SEA,L,20,23,Home
2010,2010-10-17,DEN,NYJ,L,20,24,Home
2010,2010-10-17,GB,MIA,L,20,23,Home
2010,2010-10-17,HOU,KC,W,35,31,Home
2010,2010-10-17,LAR,LAC,W,20,17,Home
2010,2010-10-17,MIN,DAL,W,24,21,Home
2010,2010-10-17,NE,BAL,W,23,20,Home
2010,2010-10-17,NYG,DET,W,28,20,Home
2010,2010-10-17,PHI,ATL,W,31,17,Home
2010,2010-10-17,PIT,CLE,W,28,10,Home
2010,2010-10-17,SF,LV,W,17,9,Home
2010,2010-10-17,TB,NO,L,6,31,Home
2010,2010-10-17,WAS,IND,L,24,27,Home
2010,2010-10-18,JAX,TEN,L,3,30,Home
2010,2010-10-24,ATL,CIN,W,39,32,Home
2010,2010-10-24,BAL,BUF,W,37,34,Home
2010,2010-10-24,CAR,SF,W,23,20,Home
2010,2010-10-24,CHI,WAS,L,14,17,Home
2010,2010-10-24,DEN,LV,L,14,59,Home
2010,2010-10-24,GB,MIN,W,28,24,Home
2010,2010-10-24,KC,JAX,W,42,20,Home
2010,2010-10-24,LAC,NE,L,20,23,Home
2010,2010-10-24,MIA,PIT,L,22,23,Home
2010,2010-10-24,NO,CLE,L,17,30,Home
2010,2010-10-24,SEA,ARI,W,22,10,Home
2010,2010-10-24,TB,LAR,W,18,17,Home
2010,2010-10-24,TEN,PHI,W,37,19,Home
2010,2010-10-25,DAL,NYG,L,35,41,Home
2010,2010-10-31,ARI,TB,L,35,38,Home
2010,2010-10-31,CIN,MIA,L,14,22,Home
2010,2010-10-31,DAL,JAX,L,17,35,Home
2010,2010-10-31,DET,WAS,W,37,25,Home
2010,2010-10-31,KC,BUF,W,13,10,Home
2010,2010-10-31,LAC,TEN,W,33,25,Home
2010,2010-10-31,LAR,CAR,W,20,10,Home
2010,2010-10-31,LV,SEA,W,33,3,Home
2010,2010-10-31,NE,MIN,W,28,18,Home
2010,2010-10-31,NO,PIT,W,20,10,Home
2010,2010-10-31,NYJ,GB,L,0,9,Home
2010,2010-10-31,SF,DEN,W,24,16,Home
2010,2010-11-01,IND,HOU,W,30,17,Home
2010,2010-11-07,ATL,TB,W,27,21,Home
2010,2010-11-07,BAL,MIA,W,26,10,Home
2010,2010-11-07,BUF,CHI,L,19,22,Home
2010,2010-11-07,CAR,NO,L,3,34,Home
2010,2010-11-07,CLE,NE,W,34,14,Home
2010,2010-11-07,DET,NYJ,L,20,23,Home
2010,2010-11-07,GB,DAL,W,45,7,Home
2010,2010-11-07,HOU,LAC,L,23,29,Home
2010,2010-11-07,LV,KC,W,23,20,Home
2010,2010-11-07,MIN,ARI,W,27,24,Home
2010,2010-11-07,PHI,IND,W,26,24,Home
2010,2010-11-07,SEA,NYG,L,7,41,Home
2010,2010-11-08,CIN,PIT,L,21,27,Home
2010,2010-11-11,ATL,BAL,W,26,21,Home
2010,2010-11-14,ARI,SEA,L,18,36,Home
2010,2010-11-14,BUF,DET,W,14,12,Home
2010,2010-11-14,CHI,MIN,W,27,13,Home
2010,2010-11-14,CLE,NYJ,L,20,26,Home
2010,2010-11-14,DEN,KC,W,49,29,Home
2010,2010-11-14,IND,CIN,W,23,17,Home
2010,2010-11-14,JAX,HOU,W,31,24,Home
2010,2010-11-14,MIA,TEN,W,29,17,Home
2010,2010-11-14,NYG,DAL,L,20,33,Home
2010,2010-11-14,PIT,NE,L,26,39,Home
2010,2010-11-14,SF,LAR,W,23,20,Home
2010,2010-11-14,TB,CAR,W,31,16,Home
2010,2010-11-15,WAS,PHI,L,28,59,Home
2010,2010-11-18,MIA,CHI,L,0,16,Home
2010,2010-11-21,CAR,BAL,L,13,37,Home
2010,2010-11-21,CIN,BUF,L,31,49,Home
2010,2010-11-21,DAL,DET,W,35,19,Home
2010,2010-11-21,JAX,CLE,W,24,20,Home
2010,2010-11-21,KC,ARI,W,31,13,Home
2010,2010-11-21,LAR,ATL,L,17,34,Home
2010,2010-11-21,MIN,GB,L,3,31,Home
2010,2010-11-21,NE,IND,W,31,28,Home
2010,2010-11-21,NO,SEA,W,34,19,Home
2010,2010-11-21,NYJ,HOU,W,30,27,Home
2010,2010-11-21,PHI,NYG,W,27,17,Home
2010,2010-11-21,PIT,LV,W,35,3,Home
2010,2010-11-21,SF,TB,L,0,21,Home
2010,2010-11-21,TEN,WAS,L,16,19,Home
2010,2010-11-22,LAC,DEN,W,35,14,Home
2010,2010-11-25,DAL,NO,L,27,30,Home
2010,2010-11-25,DET,NE,L,24,45,Home
2010,2010-11-25,NYJ,CIN,W,26,10,Home
2010,2010-11-28,ATL,GB,W,20,17,Home
2010,2010-11-28,BAL,TB,W,17,10,Home
2010,2010-11-28,BUF,PIT,L,16,19,Home
2010,2010-11-28,CHI,PHI,W,31,26,Home
2010,2010-11-28,CLE,CAR,W,24,23,Home
2010,2010-11-28,DEN,LAR,L,33,36,Home
2010,2010-11-28,HOU,TEN,W,20,0,Home
2010,2010-11-28,IND,LAC,L,14,36,Home
2010,2010-11-28,LV,MIA,L,17,33,Home
2010,2010-11-28,NYG,JAX,W,24,20,Home
2010,2010-11-28,SEA,KC,L,24,42,Home
2010,2010-11-28,WAS,MIN,L,13,17,Home
2010,2010-11-29,ARI,SF,L,6,27,Home
2010,2010-12-02,PHI,HOU,W,34,24,Home
2010,2010-12-05,ARI,LAR,L,6,19,Home
2010,2010-12-05,BAL,PIT,L,10,13,Home
2010,2010-12-05,CIN,NO,L,30,34,Home
2010,2010-12-05,DET,CHI,L,20,24,Home
2010,2010-12-05,GB,SF,W,34,16,Home
2010,2010-12-05,IND,DAL,L,35,38,Home
2010,2010-12-05,KC,DEN,W,10,6,Home
2010,2010-12-05,LAC,LV,L,13,28,Home
2010,2010-12-05,MIA,CLE,L,10,13,Home
2010,2010-12-05,MIN,BUF,W,38,14,Home
2010,2010-12-05,NYG,WAS,W,31,7,Home
2010,2010-12-05,SEA,CAR,W,31,14,Home
2010,2010-12-05,TB,ATL,L,24,28,Home
2010,2010-12-05,TEN,JAX,L,6,17,Home
2010,2010-12-06,NE,NYJ,W,45,3,Home
2010,2010-12-09,TEN,IND,L,28,30,Home
2010,2010-12-12,ARI,DEN,W,43,13,Home
2010,2010-12-12,BUF,CLE,W,13,6,Home
2010,2010-12-12,CAR,ATL,L,10,31,Home
2010,2010-12-12,CHI,NE,L,7,36,Home
2010,2010-12-12,DAL,PHI,L,27,30,Home
2010,2010-12-12,DET,GB,W,7,3,Home
2010,2010-12-12,JAX,LV,W,38,31,Home
2010,2010-12-12,LAC,KC,W,31,0,Home
2010,2010-12-12,NO,LAR,W,31,13,Home
2010,2010-12-12,NYJ,MIA,L,6,10,Home
2010,2010-12-12,PIT,CIN,W,23,7,Home
2010,2010-12-12,SF,SEA,W,40,21,Home
2010,2010-12-12,WAS,TB,L,16,17,Home
2010,2010-12-13,HOU,BAL,L,28,34,Home
2010,2010-12-13,MIN,NYG,L,3,21,Home
2010,2010-12-16,LAC,SF,W,34,7,Home
2010,2010-12-19,BAL,NO,W,30,24,Home
2010,2010-12-19,CAR,ARI,W,19,12,Home
2010,2010-12-19,CIN,CLE,W,19,17,Home
2010,2010-12-19,DAL,WAS,W,33,30,Home
2010,2010-12-19,IND,JAX,W,34,24,Home
2010,2010-12-19,LAR,KC,L,13,27,Home
2010,2010-12-19,LV,DEN,W,39,23,Home
2010,2010-12-19,MIA,BUF,L,14,17,Home
2010,2010-12-19,NE,GB,W,31,27,Home
2010,2010-12-19,NYG,PHI,L,31,38,Home
2010,2010-12-19,PIT,NYJ,L,17,22,Home
2010,2010-12-19,SEA,ATL,L,18,34,Home
2010,2010-12-19,TB,DET,L,20,23,Home
2010,2010-12-19,TEN,HOU,W,31,17,Home
2010,2010-12-20,MIN,CHI,L,14,40,Home
2010,2010-12-23,PIT,CAR,W,27,3,Home
2010,2010-12-25,ARI,DAL,W,27,26,Home
2010,2010-12-26,BUF,NE,L,3,34,Home
2010,2010-12-26,CHI,NYJ,W,38,34,Home
2010,2010-12-26,CIN,LAC,W,34,20,Home
2010,2010-12-26,CLE,BAL,L,10,20,Home
2010,2010-12-26,DEN,HOU,W,24,23,Home
2010,2010-12-26,GB,NYG,W,45,17,Home
2010,2010-12-26,JAX,WAS,L,17,20,Home
2010,2010-12-26,KC,TEN,W,34,14,Home
2010,2010-12-26,LAR,SF,W,25,17,Home
2010,2010-12-26,LV,IND,L,26,31,Home
2010,2010-12-26,MIA,DET,L,27,34,Home
2010,2010-12-26,TB,SEA,W,38,15,Home
2010,2010-12-27,ATL,NO,L,14,17,Home
2010,2010-12-28,PHI,MIN,L,14,24,Home
2010,2011-01-02,ATL,CAR,W,31,10,Home
2010,2011-01-02,BAL,CIN,W,13,7,Home
2010,2011-01-02,CLE,PIT,L,9,41,Home
2010,2011-01-02,DEN,LAC,L,28,33,Home
2010,2011-01-02,DET,MIN,W,20,13,Home
2010,2011-01-02,GB,CHI,W,10,3,Home
2010,2011-01-02,HOU,JAX,W,34,17,Home
2010,2011-01-02,IND,TEN,W,23,20,Home
2010,2011-01-02,KC,LV,L,10,31,Home
2010,2011-01-02,NE,MIA,W,38,7,Home
2010,2011-01-02,NO,TB,L,13,23,Home
2010,2011-01-02,NYJ,BUF,W,38,7,Home
2010,2011-01-02,PHI,DAL,L,13,14,Home
2010,2011-01-02,SEA,LAR,W,16,6,Home
2010,2011-01-02,SF,ARI,W,38,7,Home
2010,2011-01-02,WAS,NYG,L,14,17,Home
2011,2011-09-08,GB,NO,W,42,34,Home
2011,2011-09-11,ARI,CAR,W,28,21,Home
2011,2011-09-11,BAL,PIT,W,35,7,Home
2011,2011-09-11,CHI,ATL,W,30,12,Home
2011,2011-09-11,CLE,CIN,L,17,27,Home
2011,2011-09-11,HOU,IND,W,34,7,Home
2011,2011-09-11,JAX,TEN,W,16,14,Home
2011,2011-09-11,KC,BUF,L,7,41,Home
2011,2011-09-11,LAC,MIN,W,24,17,Home
2011,2011-09-11,LAR,PHI,L,13,31,Home
2011,2011-09-11,NYJ,DAL,W,27,24,Home
2011,2011-09-11,SF,SEA,W,33,17,Home
2011,2011-09-11,TB,DET,L,20,27,Home
2011,2011-09-11,WAS,NYG,W,28,14,Home
2011,2011-09-12,DEN,LV,L,20,23,Home
2011,2011-09-12,MIA,NE,L,24,38,Home
2011,2011-09-18,ATL,PHI,W,35,31,Home
2011,2011-09-18,BUF,LV,W,38,35,Home
2011,2011-09-18,CAR,GB,L,23,30,Home
2011,2011-09-18,DEN,CIN,W,24,22,Home
2011,2011-09-18,DET,KC,W,48,3,Home
2011,2011-09-18,IND,CLE,L,19,27,Home
2011,2011-09-18,MIA,HOU,L,13,23,Home
2011,2011-09-18,MIN,TB,L,20,24,Home
2011,2011-09-18,NE,LAC,W,35,21,Home
2011,2011-09-18,NO,CHI,W,30,13,Home
2011,2011-09-18,NYJ,JAX,W,32,3,Home
2011,2011-09-18,PIT,SEA,W,24,0,Home
2011,2011-09-18,SF,DAL,L,24,27,Home
2011,2011-09-18,TEN,BAL,W,26,13,Home
2011,2011-09-18,WAS,ARI,W,22,21,Home
2011,2011-09-19,NYG,LAR,W,28,16,Home
2011,2011-09-25,BUF,NE,W,34,31,Home
2011,2011-09-25,CAR,JAX,W,16,10,Home
2011,2011-09-25,CHI,GB,L,17,27,Home
2011,2011-09-25,CIN,SF,L,8,13,Home
2011,2011-09-25,CLE,MIA,W,17,16,Home
2011,2011-09-25,IND,PIT,L,20,23,Home
2011,2011-09-25,LAC,KC,W,20,17,Home
2011,2011-09-25,LAR,BAL,L,7,37,Home
2011,2011-09-25,LV,NYJ,W,34,24,Home
2011,2011-09-25,MIN,DET,L,23,26,Home
2011,2011-09-25,NO,HOU,W,40,33,Home
2011,2011-09-25,PHI,NYG,L,16,29,Home
2011,2011-09-25,SEA,ARI,W,13,10,Home
2011,2011-09-25,TB,ATL,W,16,13,Home
2011,2011-09-25,TEN,DEN,W,17,14,Home
2011,2011-09-26,DAL,WAS,W,18,16,Home
2011,2011-10-02,ARI,NYG,L,27,31,Home
2011,2011-10-02,BAL,NYJ,W,34,17,Home
2011,2011-10-02,CHI,CAR,W,34,29,Home
2011,2011-10-02,CIN,BUF,W,23,20,Home
2011,2011-10-02,CLE,TEN,L,13,31,Home
2011,2011-10-02,DAL,DET,L,30,34,Home
2011,2011-10-02,GB,DEN,W,49,23,Home
2011,2011-10-02,HOU,PIT,W,17,10,Home
2011,2011-10-02,JAX,NO,L,10,23,Home
2011,2011-10-02,KC,MIN,W,22,17,Home
2011,2011-10-02,LAC,MIA,W,26,16,Home
2011,2011-10-02,LAR,WAS,L,10,17,Home
2011,2011-10-02,LV,NE,L,19,31,Home
2011,2011-10-02,PHI,SF,L,23,24,Home
2011,2011-10-02,SEA,ATL,L,28,30,Home
2011,2011-10-03,TB,IND,W,24,17,Home
2011,2011-10-09,ATL,GB,L,14,25,Home
2011,2011-10-09,BUF,PHI,W,31,24,Home
2011,2011-10-09,CAR,NO,L,27,30,Home
2011,2011-10-09,DEN,LAC,L,24,29,Home
2011,2011-10-09,HOU,LV,L,20,25,Home
2011,2011-10-09,IND,KC,L,24,28,Home
2011,2011-10-09,JAX,CIN,L,20,30,Home
2011,2011-10-09,MIN,ARI,W,34,10,Home
2011,2011-10-09,NE,NYJ,W,30,21,Home
2011,2011-10-09,NYG,SEA,L,25,36,Home
2011,2011-10-09,PIT,TEN,W,38,17,Home
2011,2011-10-09,SF,TB,W,48,3,Home
2011,2011-10-10,DET,CHI,W,24,13,Home
2011,2011-10-16,ATL,CAR,W,31,17,Home
2011,2011-10-16,BAL,HOU,W,29,14,Home
2011,2011-10-16,CHI,MIN,W,39,10,Home
2011,2011-10-16,CIN,IND,W,27,17,Home
2011,2011-10-16,DET,SF,L,19,25,Home
2011,2011-10-16,GB,LAR,W,24,3,Home
2011,2011-10-16,LV,CLE,W,24,17,Home
2011,2011-10-16,NE,DAL,W,20,16,Home
2011,2011-10-16,NYG,BUF,W,27,24,Home
2011,2011-10-16,PIT,JAX,W,17,13,Home
2011,2011-10-16,TB,NO,W,26,20,Home
2011,2011-10-16,WAS,PHI,L,13,20,Home
2011,2011-10-17,NYJ,MIA,W,24,6,Home
2011,2011-10-23,ARI,PIT,L,20,32,Home
2011,2011-10-23,CAR,WAS,W,33,20,Home
2011,2011-10-23,CLE,SEA,W,6,3,Home
2011,2011-10-23,DAL,LAR,W,34,7,Home
2011,2011-10-23,DET,ATL,L,16,23,Home
2011,2011-10-23,LV,KC,L,0,28,Home
2011,2011-10-23,MIA,DEN,L,15,18,Home
2011,2011-10-23,MIN,GB,L,27,33,Home
2011,2011-10-23,NO,IND,W,62,7,Home
2011,2011-10-23,NYJ,LAC,W,27,21,Home
2011,2011-10-23,TB,CHI,L,18,24,Home
2011,2011-10-23,TEN,HOU,L,7,41,Home
2011,2011-10-24,JAX,BAL,W,12,7,Home
2011,2011-10-30,BAL,ARI,W,30,27,Home
2011,2011-10-30,BUF,WAS,W,23,0,Home
2011,2011-10-30,CAR,MIN,L,21,24,Home
2011,2011-10-30,DEN,DET,L,10,45,Home
2011,2011-10-30,HOU,JAX,W,24,14,Home
2011,2011-10-30,LAR,NO,W,31,21,Home
2011,2011-10-30,NYG,MIA,W,20,17,Home
2011,2011-10-30,PHI,DAL,W,34,7,Home
2011,2011-10-30,PIT,NE,W,25,17,Home
2011,2011-10-30,SEA,CIN,L,12,34,Home
2011,2011-10-30,SF,CLE,W,20,10,Home
2011,2011-10-30,TEN,IND,W,27,10,Home
2011,2011-10-31,KC,LAC,W,23,20,Home
2011,2011-11-06,ARI,LAR,W,19,13,Home
2011,2011-11-06,BUF,NYJ,L,11,27,Home
2011,2011-11-06,DAL,SEA,W,23,13,Home
2011,2011-11-06,HOU,CLE,W,30,12,Home
2011,2011-11-06,IND,ATL,L,7,31,Home
2011,2011-11-06,KC,MIA,L,3,31,Home
2011,2011-11-06,LAC,GB,L,38,45,Home
2011,2011-11-06,LV,DEN,L,24,38,Home
2011,2011-11-06,NE,NYG,L,20,24,Home
2011,2011-11-06,NO,TB,W,27,16,Home
2011,2011-11-06,PIT,BAL,L,20,23,Home
2011,2011-11-06,TEN,CIN,L,17,24,Home
2011,2011-11-06,WAS,SF,L,11,19,Home
2011,2011-11-07,PHI,CHI,L,24,30,Home
2011,2011-11-10,LAC,LV,L,17,24,Home
2011,2011-11-13,ATL,NO,L,23,26,Home
2011,2011-11-13,CAR,TEN,L,3,30,Home
2011,2011-11-13,CHI,DET,W,37,13,Home
2011,2011-11-13,CIN,PIT,L,17,24,Home
2011,2011-11-13,CLE,LAR,L,12,13,Home
2011,2011-11-13,DAL,BUF,W,44,7,Home
2011,2011-11-13,IND,JAX,L,3,17,Home
2011,2011-11-13,KC,DEN,L,10,17,Home
2011,2011-11-13,MIA,WAS,W,20,9,Home
2011,2011-11-13,NYJ,NE,L,16,37,Home
2011,2011-11-13,PHI,ARI,L,17,21,Home
2011,2011-11-13,SEA,BAL,W,22,17,Home
2011,2011-11-13,SF,NYG,W,27,20,Home
2011,2011-11-13,TB,HOU,L,9,37,Home
2011,2011-11-14,GB,MIN,W,45,7,Home
2011,2011-11-17,DEN,NYJ,W,17,13,Home
2011,2011-11-20,ATL,TEN,W,23,17,Home
2011,2011-11-20,BAL,CIN,W,31,24,Home
2011,2011-11-20,CHI,LAC,W,31,20,Home
2011,2011-11-20,CLE,JAX,W,14,10,Home
2011,2011-11-20,DET,CAR,W,49,35,Home
2011,2011-11-20,GB,TB,W,35,26,Home
2011,2011-11-20,LAR,SEA,L,7,24,Home
2011,2011-11-20,MIA,BUF,W,35,8,Home
2011,2011-11-20,MIN,LV,L,21,27,Home
2011,2011-11-20,NYG,PHI,L,10,17,Home
2011,2011-11-20,SF,ARI,W,23,7,Home
2011,2011-11-20,WAS,DAL,L,24,27,Home
2011,2011-11-21,NE,KC,W,34,3,Home
2011,2011-11-24,BAL,SF,W,16,6,Home
2011,2011-11-24,DAL,MIA,W,20,19,Home
2011,2011-11-24,DET,GB,L,15,27,Home
2011,2011-11-27,ATL,MIN,W,24,14,Home
2011,2011-11-27,CIN,CLE,W,23,20,Home
2011,2011-11-27,IND,CAR,L,19,27,Home
2011,2011-11-27,JAX,HOU,L,13,20,Home
2011,2011-11-27,KC,PIT,L,9,13,Home
2011,2011-11-27,LAC,DEN,L,13,16,Home
2011,2011-11-27,LAR,ARI,L,20,23,Home
2011,2011-11-27,LV,CHI,W,25,20,Home
2011,2011-11-27,NYJ,BUF,W,28,24,Home
2011,2011-11-27,PHI,NE,L,20,38,Home
2011,2011-11-27,SEA,WAS,L,17,23,Home
2011,2011-11-27,TEN,TB,W,23,17,Home
2011,2011-11-28,NO,NYG,W,49,24,Home
2011,2011-12-01,SEA,PHI,W,31,14,Home
2011,2011-12-04,ARI,DAL,W,19,13,Home
2011,2011-12-04,BUF,TEN,L,17,23,Home
2011,2011-12-04,CHI,KC,L,3,10,Home
2011,2011-12-04,CLE,BAL,L,10,24,Home
2011,2011-12-04,HOU,ATL,W,17,10,Home
2011,2011-12-04,MIA,LV,W,34,14,Home
2011,2011-12-04,MIN,DEN,L,32,35,Home
2011,2011-12-04,NE,IND,W,31,24,Home
2011,2011-12-04,NO,DET,W,31,17,Home
2011,2011-12-04,NYG,GB,L,35,38,Home
2011,2011-12-04,PIT,CIN,W,35,7,Home
2011,2011-12-04,SF,LAR,W,26,0,Home
2011,2011-12-04,TB,CAR,L,19,38,Home
2011,2011-12-04,WAS,NYJ,L,19,34,Home
2011,2011-12-05,JAX,LAC,L,14,38,Home
2011,2011-12-08,PIT,CLE,W,14,3,Home
2011,2011-12-11,ARI,SF,W,21,19,Home
2011,2011-12-11,BAL,IND,W,24,10,Home
2011,2011-12-11,CAR,ATL,L,23,31,Home
2011,2011-12-11,CIN,HOU,L,19,20,Home
2011,2011-12-11,DAL,NYG,L,34,37,Home
2011,2011-12-11,DEN,CHI,W,13,10,Home
2011,2011-12-11,DET,MIN,W,34,28,Home
2011,2011-12-11,GB,LV,W,46,16,Home
2011,2011-12-11,JAX,TB,W,41,14,Home
2011,2011-12-11,LAC,BUF,W,37,10,Home
2011,2011-12-11,MIA,PHI,L,10,26,Home
2011,2011-12-11,NYJ,KC,W,37,10,Home
2011,2011-12-11,TEN,NO,L,17,22,Home
2011,2011-12-11,WAS,NE,L,27,34,Home
2011,2011-12-12,SEA,LAR,W,30,13,Home
2011,2011-12-15,ATL,JAX,W,41,14,Home
2011,2011-12-17,TB,DAL,L,15,31,Home
2011,2011-12-18,ARI,CLE,W,20,17,Home
2011,2011-12-18,BUF,MIA,L,23,30,Home
2011,2011-12-18,CHI,SEA,L,14,38,Home
2011,2011-12-18,DEN,NE,L,23,41,Home
2011,2011-12-18,HOU,CAR,L,13,28,Home
2011,2011-12-18,IND,TEN,W,27,13,Home
2011,2011-12-18,KC,GB,W,19,14,Home
2011,2011-12-18,LAC,BAL,W,34,14,Home
2011,2011-12-18,LAR,CIN,L,13,20,Home
2011,2011-12-18,LV,DET,L,27,28,Home
2011,2011-12-18,MIN,NO,L,20,42,Home
2011,2011-12-18,NYG,WAS,L,10,23,Home
2011,2011-12-18,PHI,NYJ,W,45,19,Home
2011,2011-12-19,SF,PIT,W,20,3,Home
2011,2011-12-22,IND,HOU,W,19,16,Home
2011,2011-12-24,BAL,CLE,W,20,14,Home
2011,2011-12-24,BUF,DEN,W,40,14,Home
2011,2011-12-24,CAR,TB,W,48,16,Home
2011,2011-12-24,CIN,ARI,W,23,16,Home
2011,2011-12-24,DAL,PHI,L,7,20,Home
2011,2011-12-24,DET,LAC,W,38,10,Home
2011,2011-12-24,KC,LV,L,13,16,Home
2011,2011-12-24,NE,MIA,W,27,24,Home
2011,2011-12-24,NYJ,NYG,L,14,29,Home
2011,2011-12-24,PIT,LAR,W,27,0,Home
2011,2011-12-24,SEA,SF,L,17,19,Home
2011,2011-12-24,TEN,JAX,W,23,17,Home
2011,2011-12-24,WAS,MIN,L,26,33,Home
2011,2011-12-25,GB,CHI,W,35,21,Home
2011,2011-12-26,NO,ATL,W,45,16,Home
2011,2012-01-01,ARI,SEA,W,23,20,Home
2011,2012-01-01,ATL,TB,W,45,24,Home
2011,2012-01-01,CIN,BAL,L,16,24,Home
2011,2012-01-01,CLE,PIT,L,9,13,Home
2011,2012-01-01,DEN,KC,L,3,7,Home
2011,2012-01-01,GB,DET,W,45,41,Home
2011,2012-01-01,HOU,TEN,L,22,23,Home
2011,2012-01-01,JAX,IND,W,19,13,Home
2011,2012-01-01,LAR,SF,L,27,34,Home
2011,2012-01-01,LV,LAC,L,26,38,Home
2011,2012-01-01,MIA,NYJ,W,19,17,Home
2011,2012-01-01,MIN,CHI,L,13,17,Home
2011,2012-01-01,NE,BUF,W,49,21,Home
2011,2012-01-01,NO,CAR,W,45,17,Home
2011,2012-01-01,NYG,DAL,W,31,14,Home
2011,2012-01-01,PHI,WAS,W,34,10,Home
2012,2012-09-05,NYG,DAL,L,17,24,Home
2012,2012-09-09,ARI,SEA,W,20,16,Home
2012,2012-09-09,CHI,IND,W,41,21,Home
2012,2012-09-09,CLE,PHI,L,16,17,Home
2012,2012-09-09,DEN,PIT,W,31,19,Home
2012,2012-09-09,DET,LAR,W,27,23,Home
2012,2012-09-09,GB,SF,L,22,30,Home
2012,2012-09-09,HOU,MIA,W,30,10,Home
2012,2012-09-09,KC,ATL,L,24,40,Home
2012,2012-09-09,MIN,JAX,W,26,23,Home
2012,2012-09-09,NO,WAS,L,32,40,Home
2012,2012-09-09,NYJ,BUF,W,48,28,Home
2012,2012-09-09,TB,CAR,W,16,10,Home
2012,2012-09-09,TEN,NE,L,13,34,Home
2012,2012-09-10,BAL,CIN,W,44,13,Home
2012,2012-09-10,LV,LAC,L,14,22,Home
2012,2012-09-13,GB,CHI,W,23,10,Home
2012,2012-09-16,BUF,KC,W,35,17,Home
2012,2012-09-16,CAR,NO,W,35,27,Home
2012,2012-09-16,CIN,CLE,W,34,27,Home
2012,2012-09-16,IND,MIN,W,23,20,Home
2012,2012-09-16,JAX,HOU,L,7,27,Home
2012,2012-09-16,LAC,TEN,W,38,10,Home
2012,2012-09-16,LAR,WAS,W,31,28,Home
2012,2012-09-16,MIA,LV,W,35,13,Home
2012,2012-09-16,NE,ARI,L,18,20,Home
2012,2012-09-16,NYG,TB,W,41,34,Home
2012,2012-09-16,PHI,BAL,W,24,23,Home
2012,2012-09-16,PIT,NYJ,W,27,10,Home
2012,2012-09-16,SEA,DAL,W,27,7,Home
2012,2012-09-16,SF,DET,W,27,19,Home
2012,2012-09-17,ATL,DEN,W,27,21,Home
2012,2012-09-20,CAR,NYG,L,7,36,Home
2012,2012-09-23,ARI,PHI,W,27,6,Home
2012,2012-09-23,BAL,NE,W,31,30,Home
2012,2012-09-23,CHI,LAR,W,23,6,Home
2012,2012-09-23,CLE,BUF,L,14,24,Home
2012,2012-09-23,DAL,TB,W,16,10,Home
2012,2012-09-23,DEN,HOU,L,25,31,Home
2012,2012-09-23,IND,JAX,L,17,22,Home
2012,2012-09-23,LAC,ATL,L,3,27,Home
2012,2012-09-23,LV,PIT,W,34,31,Home
2012,2012-09-23,MIA,NYJ,L,20,23,Home
2012,2012-09-23,MIN,SF,W,24,13,Home
2012,2012-09-23,NO,KC,L,24,27,Home
2012,2012-09-23,TEN,DET,W,44,41,Home
2012,2012-09-23,WAS,CIN,L,31,38,Home
2012,2012-09-24,SEA,GB,W,14,12,Home
2012,2012-09-27,BAL,CLE,W,23,16,Home
2012,2012-09-30,ARI,MIA,W,24,21,Home
2012,2012-09-30,ATL,CAR,W,30,28,Home
2012,2012-09-30,BUF,NE,L,28,52,Home
2012,2012-09-30,DEN,LV,W,37,6,Home
2012,2012-09-30,DET,MIN,L,13,20,Home
2012,2012-09-30,GB,NO,W,28,27,Home
2012,2012-09-30,HOU,TEN,W,38,14,Home
2012,2012-09-30,JAX,CIN,L,10,27,Home
2012,2012-09-30,KC,LAC,L,20,37,Home
2012,2012-09-30,LAR,SEA,W,19,13,Home
2012,2012-09-30,NYJ,SF,L,0,34,Home
2012,2012-09-30,PHI,NYG,W,19,17,Home
2012,2012-09-30,TB,WAS,L,22,24,Home
2012,2012-10-01,DAL,CHI,L,18,34,Home
2012,2012-10-04,LAR,ARI,W,17,3,Home
2012,2012-10-07,CAR,SEA,L,12,16,Home
2012,2012-10-07,CIN,MIA,L,13,17,Home
2012,2012-10-07,IND,GB,W,30,27,Home
2012,2012-10-07,JAX,CHI,L,3,41,Home
2012,2012-10-07,KC,BAL,L,6,9,Home
2012,2012-10-07,MIN,TEN,W,30,7,Home
2012,2012-10-07,NE,DEN,W,31,21,Home
2012,2012-10-07,NO,LAC,W,31,24,Home
2012,2012-10-07,NYG,CLE,W,41,27,Home
2012,2012-10-07,PIT,PHI,W,16,14,Home
2012,2012-10-07,SF,BUF,W,45,3,Home
2012,2012-10-07,WAS,ATL,L,17,24,Home
2012,2012-10-08,NYJ,HOU,L,17,23,Home
2012,2012-10-11,TEN,PIT,W,26,23,Home
2012,2012-10-14,ARI,BUF,L,16,19,Home
2012,2012-10-14,ATL,LV,W,23,20,Home
2012,2012-10-14,BAL,DAL,W,31,29,Home
2012,2012-10-14,CLE,CIN,W,34,24,Home
2012,2012-10-14,HOU,GB,L,24,42,Home
2012,2012-10-14,MIA,LAR,W,17,14,Home
2012,2012-10-14,NYJ,IND,W,35,9,Home
2012,2012-10-14,PHI,DET,L,23,26,Home
2012,2012-10-14,SEA,NE,W,24,23,Home
2012,2012-10-14,SF,NYG,L,3,26,Home
2012,2012-10-14,TB,KC,W,38,10,Home
2012,2012-10-14,WAS,MIN,W,38,26,Home
2012,2012-10-15,LAC,DEN,L,24,35,Home
2012,2012-10-18,SF,SEA,W,13,6,Home
2012,2012-10-21,BUF,TEN,L,34,35,Home
2012,2012-10-21,CAR,DAL,L,14,19,Home
2012,2012-10-21,CIN,PIT,L,17,24,Home
2012,2012-10-21,HOU,BAL,W,43,13,Home
2012,2012-10-21,IND,CLE,W,17,13,Home
2012,2012-10-21,LAR,GB,L,20,30,Home
2012,2012-10-21,LV,JAX,W,26,23,Home
2012,2012-10-21,MIN,ARI,W,21,14,Home
2012,2012-10-21,NE,NYJ,W,29,26,Home
2012,2012-10-21,NYG,WAS,W,27,23,Home
2012,2012-10-21,TB,NO,L,28,35,Home
2012,2012-10-22,CHI,DET,W,13,7,Home
2012,2012-10-25,MIN,TB,L,17,36,Home
2012,2012-10-28,CHI,CAR,W,23,22,Home
2012,2012-10-28,CLE,LAC,W,7,6,Home
2012,2012-10-28,DAL,NYG,L,24,29,Home
2012,2012-10-28,DEN,NO,W,34,14,Home
2012,2012-10-28,DET,SEA,W,28,24,Home
2012,2012-10-28,GB,JAX,W,24,15,Home
2012,2012-10-28,KC,LV,L,16,26,Home
2012,2012-10-28,LAR,NE,L,7,45,Home
2012,2012-10-28,NYJ,MIA,L,9,30,Home
2012,2012-10-28,PHI,ATL,L,17,30,Home
2012,2012-10-28,PIT,WAS,W,27,12,Home
2012,2012-10-28,TEN,IND,L,13,19,Home
2012,2012-10-29,ARI,SF,L,3,24,Home
2012,2012-11-01,LAC,KC,W,31,13,Home
2012,2012-11-04,ATL,DAL,W,19,13,Home
2012,2012-11-04,CIN,DEN,L,23,31,Home
2012,2012-11-04,CLE,BAL,L,15,25,Home
2012,2012-11-04,GB,ARI,W,31,17,Home
2012,2012-11-04,HOU,BUF,W,21,9,Home
2012,2012-11-04,IND,MIA,W,23,20,Home
2012,2012-11-04,JAX,DET,L,14,31,Home
2012,2012-11-04,LV,TB,L,32,42,Home
2012,2012-11-04,NYG,PIT,L,20,24,Home
2012,2012-11-04,SEA,MIN,W,30,20,Home
2012,2012-11-04,TEN,CHI,L,20,51,Home
2012,2012-11-04,WAS,CAR,L,13,21,Home
2012,2012-11-05,NO,PHI,W,28,13,Home
2012,2012-11-08,JAX,IND,L,10,27,Home
2012,2012-11-11,BAL,LV,W,55,20,Home
2012,2012-11-11,CAR,DEN,L,14,36,Home
2012,2012-11-11,CHI,HOU,L,6,13,Home
2012,2012-11-11,CIN,NYG,W,31,13,Home
2012,2012-11-11,MIA,TEN,L,3,37,Home
2012,2012-11-11,MIN,DET,W,34,24,Home
2012,2012-11-11,NE,BUF,W,37,31,Home
2012,2012-11-11,NO,ATL,W,31,27,Home
2012,2012-11-11,PHI,DAL,L,23,38,Home
2012,2012-11-11,SEA,NYJ,W,28,7,Home
2012,2012-11-11,SF,LAR,T,24,24,Home
2012,2012-11-11,TB,LAC,W,34,24,Home
2012,2012-11-12,PIT,KC,W,16,13,Home
2012,2012-11-15,BUF,MIA,W,19,14,Home
2012,2012-11-18,ATL,ARI,W,23,19,Home
2012,2012-11-18,CAR,TB,L,21,27,Home
2012,2012-11-18,DAL,CLE,W,23,20,Home
2012,2012-11-18,DEN,LAC,W,30,23,Home
2012,2012-11-18,DET,GB,L,20,24,Home
2012,2012-11-18,HOU,JAX,W,43,37,Home
2012,2012-11-18,KC,CIN,L,6,28,Home
2012,2012-11-18,LAR,NYJ,L,13,27,Home
2012,2012-11-18,LV,NO,L,17,38,Home
2012,2012-11-18,NE,IND,W,59,24,Home
2012,2012-11-18,PIT,BAL,L,10,13,Home
2012,2012-11-18,WAS,PHI,W,31,6,Home
2012,2012-11-19,SF,CHI,W,32,7,Home
2012,2012-11-22,DAL,WAS,L,31,38,Home
2012,2012-11-22,DET,HOU,L,31,34,Home
2012,2012-11-22,NYJ,NE,L,19,49,Home
2012,2012-11-25,ARI,LAR,L,17,31,Home
2012,2012-11-25,CHI,MIN,W,28,10,Home
2012,2012-11-25,CIN,LV,W,34,10,Home
2012,2012-11-25,CLE,PIT,W,20,14,Home
2012,2012-11-25,IND,BUF,W,20,13,Home
2012,2012-11-25,JAX,TEN,W,24,19,Home
2012,2012-11-25,KC,DEN,L,9,17,Home
2012,2012-11-25,LAC,BAL,L,13,16,Home
2012,2012-11-25,MIA,SEA,W,24,21,Home
2012,2012-11-25,NO,SF,L,21,31,Home
2012,2012-11-25,NYG,GB,W,38,10,Home
2012,2012-11-25,TB,ATL,L,23,24,Home
2012,2012-11-26,PHI,CAR,L,22,30,Home
2012,2012-11-29,ATL,NO,W,23,13,Home
2012,2012-12-02,BAL,PIT,L,20,23,Home
2012,2012-12-02,BUF,JAX,W,34,18,Home
2012,2012-12-02,CHI,SEA,L,17,23,Home
2012,2012-12-02,DAL,PHI,W,38,33,Home
2012,2012-12-02,DEN,TB,W,31,23,Home
2012,2012-12-02,DET,IND,L,33,35,Home
2012,2012-12-02,GB,MIN,W,23,14,Home
2012,2012-12-02,KC,CAR,W,27,21,Home
2012,2012-12-02,LAC,CIN,L,13,20,Home
2012,2012-12-02,LAR,SF,W,16,13,Home
2012,2012-12-02,LV,CLE,L,17,20,Home
2012,2012-12-02,MIA,NE,L,16,23,Home
2012,2012-12-02,NYJ,ARI,W,7,6,Home
2012,2012-12-02,TEN,HOU,L,10,24,Home
2012,2012-12-03,WAS,NYG,W,17,16,Home
2012,2012-12-06,LV,DEN,L,13,26,Home
2012,2012-12-09,BUF,LAR,L,12,15,Home
2012,2012-12-09,CAR,ATL,W,30,20,Home
2012,2012-12-09,CIN,DAL,L,19,20,Home
2012,2012-12-09,CLE,KC,W,30,7,Home
2012,2012-12-09,GB,DET,W,27,20,Home
2012,2012-12-09,IND,TEN,W,27,23,Home
2012,2012-12-09,JAX,NYJ,L,10,17,Home
2012,2012-12-09,MIN,CHI,W,21,14,Home
2012,2012-12-09,NYG,NO,W,52,27,Home
2012,2012-12-09,PIT,LAC,L,24,34,Home
2012,2012-12-09,SEA,ARI,W,58,0,Home
2012,2012-12-09,SF,MIA,W,27,13,Home
2012,2012-12-09,TB,PHI,L,21,23,Home
2012,2012-12-09,WAS,BAL,W,31,28,Home
2012,2012-12-10,NE,HOU,W,42,14,Home
2012,2012-12-13,PHI,CIN,L,13,34,Home
2012,2012-12-16,ARI,DET,W,38,10,Home
2012,2012-12-16,ATL,NYG,W,34,0,Home
2012,2012-12-16,BAL,DEN,L,17,34,Home
2012,2012-12-16,BUF,SEA,L,17,50,Home
2012,2012-12-16,CHI,GB,L,13,21,Home
2012,2012-12-16,CLE,WAS,L,21,38,Home
2012,2012-12-16,DAL,PIT,W,27,24,Home
2012,2012-12-16,HOU,IND,W,29,17,Home
2012,2012-12-16,LAC,CAR,L,7,31,Home
2012,2012-12-16,LAR,MIN,L,22,36,Home
2012,2012-12-16,LV,KC,W,15,0,Home
2012,2012-12-16,MIA,JAX,W,24,3,Home
2012,2012-12-16,NE,SF,L,34,41,Home
2012,2012-12-16,NO,TB,W,41,0,Home
2012,2012-12-17,TEN,NYJ,W,14,10,Home
2012,2012-12-22,DET,ATL,L,18,31,Home
2012,2012-12-23,ARI,CHI,L,13,28,Home
2012,2012-12-23,BAL,NYG,W,33,14,Home
2012,2012-12-23,CAR,LV,W,17,6,Home
2012,2012-12-23,DAL,NO,L,31,34,Home
2012,2012-12-23,DEN,CLE,W,34,12,Home
2012,2012-12-23,GB,TEN,W,55,7,Home
2012,2012-12-23,HOU,MIN,L,6,23,Home
2012,2012-12-23,JAX,NE,L,16,23,Home
2012,2012-12-23,KC,IND,L,13,20,Home
2012,2012-12-23,MIA,BUF,W,24,10,Home
2012,2012-12-23,NYJ,LAC,L,17,27,Home
2012,2012-12-23,PHI,WAS,L,20,27,Home
2012,2012-12-23,PIT,CIN,L,10,13,Home
2012,2012-12-23,SEA,SF,W,42,13,Home
2012,2012-12-23,TB,LAR,L,13,28,Home
2012,2012-12-30,ATL,TB,L,17,22,Home
2012,2012-12-30,BUF,NYJ,W,28,9,Home
2012,2012-12-30,CIN,BAL,W,23,17,Home
2012,2012-12-30,DEN,KC,W,38,3,Home
2012,2012-12-30,DET,CHI,L,24,26,Home
2012,2012-12-30,IND,HOU,W,28,16,Home
2012,2012-12-30,LAC,LV,W,24,21,Home
2012,2012-12-30,MIN,GB,W,37,34,Home
2012,2012-12-30,NE,MIA,W,28,0,Home
2012,2012-12-30,NO,CAR,L,38,44,Home
2012,2012-12-30,NYG,PHI,W,42,7,Home
2012,2012-12-30,PIT,CLE,W,24,10,Home
2012,2012-12-30,SEA,LAR,W,20,13,Home
2012,2012-12-30,SF,ARI,W,27,13,Home
2012,2012-12-30,TEN,JAX,W,38,20,Home
2012,2012-12-30,WAS,DAL,W,28,18,Home
2013,2013-09-05,DEN,BAL,W,49,27,Home
2013,2013-09-08,BUF,NE,L,21,23,Home
2013,2013-09-08,CAR,SEA,L,7,12,Home
2013,2013-09-08,CHI,CIN,W,24,21,Home
2013,2013-09-08,CLE,MIA,L,10,23,Home
2013,2013-09-08,DAL,NYG,W,36,31,Home
2013,2013-09-08,DET,MIN,W,34,24,Home
2013,2013-09-08,IND,LV,W,21,17,Home
2013,2013-09-08,JAX,KC,L,2,28,Home
2013,2013-09-08,LAR,ARI,W,27,24,Home
2013,2013-09-08,NO,ATL,W,23,17,Home
2013,2013-09-08,NYJ,TB,W,18,17,Home
2013,2013-09-08,PIT,TEN,L,9,16,Home
2013,2013-09-08,SF,GB,W,34,28,Home
2013,2013-09-09,LAC,HOU,L,28,31,Home
2013,2013-09-09,WAS,PHI,L,27,33,Home
2013,2013-09-12,NE,NYJ,W,13,10,Home
2013,2013-09-15,ARI,DET,W,25,21,Home
2013,2013-09-15,ATL,LAR,W,31,24,Home
2013,2013-09-15,BAL,CLE,W,14,6,Home
2013,2013-09-15,BUF,CAR,W,24,23,Home
2013,2013-09-15,CHI,MIN,W,31,30,Home
2013,2013-09-15,GB,WAS,W,38,20,Home
2013,2013-09-15,HOU,TEN,W,30,24,Home
2013,2013-09-15,IND,MIA,L,20,24,Home
2013,2013-09-15,KC,DAL,W,17,16,Home
2013,2013-09-15,LV,JAX,W,19,9,Home
2013,2013-09-15,NYG,DEN,L,23,41,Home
2013,2013-09-15,PHI,LAC,L,30,33,Home
2013,2013-09-15,SEA,SF,W,29,3,Home
2013,2013-09-15,TB,NO,L,14,16,Home
2013,2013-09-16,CIN,PIT,W,20,10,Home
2013,2013-09-19,PHI,KC,L,16,26,Home
2013,2013-09-22,BAL,HOU,W,30,9,Home
2013,2013-09-22,CAR,NYG,W,38,0,Home
2013,2013-09-22,CIN,GB,W,34,30,Home
2013,2013-09-22,DAL,LAR,W,31,7,Home
2013,2013-09-22,MIA,ATL,W,27,23,Home
2013,2013-09-22,MIN,CLE,L,27,31,Home
2013,2013-09-22,NE,TB,W,23,3,Home
2013,2013-09-22,NO,ARI,W,31,7,Home
2013,2013-09-22,NYJ,BUF,W,27,20,Home
2013,2013-09-22,PIT,CHI,L,23,40,Home
2013,2013-09-22,SEA,JAX,W,45,17,Home
2013,2013-09-22,SF,IND,L,7,27,Home
2013,2013-09-22,TEN,LAC,W,20,17,Home
2013,2013-09-22,WAS,DET,L,20,27,Home
2013,2013-09-23,DEN,LV,W,37,21,Home
2013,2013-09-26,LAR,SF,L,11,35,Home
2013,2013-09-29,ATL,NE,L,23,30,Home
2013,2013-09-29,BUF,BAL,W,23,20,Home
2013,2013-09-29,CLE,CIN,W,17,6,Home
2013,2013-09-29,DEN,PHI,W,52,20,Home
2013,2013-09-29,DET,CHI,W,40,32,Home
2013,2013-09-29,HOU,SEA,L,20,23,Home
2013,2013-09-29,JAX,IND,L,3,37,Home
2013,2013-09-29,KC,NYG,W,31,7,Home
2013,2013-09-29,LAC,DAL,W,30,21,Home
2013,2013-09-29,LV,WAS,L,14,24,Home
2013,2013-09-29,MIN,PIT,W,34,27,Home
2013,2013-09-29,TB,ARI,L,10,13,Home
2013,2013-09-29,TEN,NYJ,W,38,13,Home
2013,2013-09-30,NO,MIA,W,38,17,Home
2013,2013-10-03,CLE,BUF,W,37,24,Home
2013,2013-10-06,ARI,CAR,W,22,6,Home
2013,2013-10-06,CHI,NO,L,18,26,Home
2013,2013-10-06,CIN,NE,W,13,6,Home
2013,2013-10-06,DAL,DEN,L,48,51,Home
2013,2013-10-06,GB,DET,W,22,9,Home
2013,2013-10-06,IND,SEA,W,34,28,Home
2013,2013-10-06,LAR,JAX,W,34,20,Home
2013,2013-10-06,LV,LAC,W,27,17,Home
2013,2013-10-06,MIA,BAL,L,23,26,Home
2013,2013-10-06,NYG,PHI,L,21,36,Home
2013,2013-10-06,SF,HOU,W,34,3,Home
2013,2013-10-06,TEN,KC,L,17,26,Home
2013,2013-10-07,ATL,NYJ,L,28,30,Home
2013,2013-10-10,CHI,NYG,W,27,21,Home
2013,2013-10-13,BAL,GB,L,17,19,Home
2013,2013-10-13,BUF,CIN,L,24,27,Home
2013,2013-10-13,CLE,DET,L,17,31,Home
2013,2013-10-13,DAL,WAS,W,31,16,Home
2013,2013-10-13,DEN,JAX,W,35,19,Home
2013,2013-10-13,HOU,LAR,L,13,38,Home
2013,2013-10-13,KC,LV,W,24,7,Home
2013,2013-10-13,MIN,CAR,L,10,35,Home
2013,2013-10-13,NE,NO,W,30,27,Home
2013,2013-10-13,NYJ,PIT,L,6,19,Home
2013,2013-10-13,SEA,TEN,W,20,13,Home
2013,2013-10-13,SF,ARI,W,32,20,Home
2013,2013-10-13,TB,PHI,L,20,31,Home
2013,2013-10-14,LAC,IND,W,19,9,Home
2013,2013-10-17,ARI,SEA,L,22,34,Home
2013,2013-10-20,ATL,TB,W,31,23,Home
2013,2013-10-20,CAR,LAR,W,30,15,Home
2013,2013-10-20,DET,CIN,L,24,27,Home
2013,2013-10-20,GB,CLE,W,31,13,Home
2013,2013-10-20,IND,DEN,W,39,33,Home
2013,2013-10-20,JAX,LAC,L,6,24,Home
2013,2013-10-20,KC,HOU,W,17,16,Home
2013,2013-10-20,MIA,BUF,L,21,23,Home
2013,2013-10-20,NYJ,NE,W,30,27,Home
2013,2013-10-20,PHI,DAL,L,3,17,Home
2013,2013-10-20,PIT,BAL,W,19,16,Home
2013,2013-10-20,TEN,SF,L,17,31,Home
2013,2013-10-20,WAS,CHI,W,45,41,Home
2013,2013-10-21,NYG,MIN,W,23,7,Home
2013,2013-10-24,TB,CAR,L,13,31,Home
2013,2013-10-27,ARI,ATL,W,27,13,Home
2013,2013-10-27,CIN,NYJ,W,49,9,Home
2013,2013-10-27,DEN,WAS,W,45,21,Home
2013,2013-10-27,DET,DAL,W,31,30,Home
2013,2013-10-27,JAX,SF,L,10,42,Home
2013,2013-10-27,KC,CLE,W,23,17,Home
2013,2013-10-27,LV,PIT,W,21,18,Home
2013,2013-10-27,MIN,GB,L,31,44,Home
2013,2013-10-27,NE,MIA,W,27,17,Home
2013,2013-10-27,NO,BUF,W,35,17,Home
2013,2013-10-27,PHI,NYG,L,7,15,Home
2013,2013-10-28,LAR,SEA,L,9,14,Home
2013,2013-10-31,MIA,CIN,W,22,20,Home
2013,2013-11-03,BUF,KC,L,13,23,Home
2013,2013-11-03,CAR,ATL,W,34,10,Home
2013,2013-11-03,CLE,BAL,W,24,18,Home
2013,2013-11-03,DAL,MIN,W,27,23,Home
2013,2013-11-03,HOU,IND,L,24,27,Home
2013,2013-11-03,LAR,TEN,L,21,28,Home
2013,2013-11-03,LV,PHI,L,20,49,Home
2013,2013-11-03,NE,PIT,W,55,31,Home
2013,2013-11-03,NYJ,NO,W,26,20,Home
2013,2013-11-03,SEA,TB,W,27,24,Home
2013,2013-11-03,WAS,LAC,W,30,24,Home
2013,2013-11-04,GB,CHI,L,20,27,Home
2013,2013-11-07,MIN,WAS,W,34,27,Home
2013,2013-11-10,ARI,HOU,W,27,24,Home
2013,2013-11-10,ATL,SEA,L,10,33,Home
2013,2013-11-10,BAL,CIN,W,20,17,Home
2013,2013-11-10,CHI,DET,L,19,21,Home
2013,2013-11-10,GB,PHI,L,13,27,Home
2013,2013-11-10,IND,LAR,L,8,38,Home
2013,2013-11-10,LAC,DEN,L,20,28,Home
2013,2013-11-10,NO,DAL,W,49,17,Home
2013,2013-11-10,NYG,LV,W,24,20,Home
2013,2013-11-10,PIT,BUF,W,23,10,Home
2013,2013-11-10,SF,CAR,L,9,10,Home
2013,2013-11-10,TEN,JAX,L,27,29,Home
2013,2013-11-11,TB,MIA,W,22,19,Home
2013,2013-11-14,TEN,IND,L,27,30,Home
2013,2013-11-17,BUF,NYJ,W,37,14,Home
2013,2013-11-17,CHI,BAL,W,23,20,Home
2013,2013-11-17,CIN,CLE,W,41,20,Home
2013,2013-11-17,DEN,KC,W,27,17,Home
2013,2013-11-17,HOU,LV,L,23,28,Home
2013,2013-11-17,JAX,ARI,L,14,27,Home
2013,2013-11-17,MIA,LAC,W,20,16,Home
2013,2013-11-17,NO,SF,W,23,20,Home
2013,2013-11-17,NYG,GB,W,27,13,Home
2013,2013-11-17,PHI,WAS,W,24,16,Home
2013,2013-11-17,PIT,DET,W,37,27,Home
2013,2013-11-17,SEA,MIN,W,41,20,Home
2013,2013-11-17,TB,ATL,W,41,28,Home
2013,2013-11-18,CAR,NE,W,24,20,Home
2013,2013-11-21,ATL,NO,L,13,17,Home
2013,2013-11-24,ARI,IND,W,40,11,Home
2013,2013-11-24,BAL,NYJ,W,19,3,Home
2013,2013-11-24,CLE,PIT,L,11,27,Home
2013,2013-11-24,DET,TB,L,21,24,Home
2013,2013-11-24,GB,MIN,T,26,26,Home
2013,2013-11-24,HOU,JAX,L,6,13,Home
2013,2013-11-24,KC,LAC,L,38,41,Home
2013,2013-11-24,LAR,CHI,W,42,21,Home
2013,2013-11-24,LV,TEN,L,19,23,Home
2013,2013-11-24,MIA,CAR,L,16,20,Home
2013,2013-11-24,NE,DEN,W,34,31,Home
2013,2013-11-24,NYG,DAL,L,21,24,Home
2013,2013-11-25,WAS,SF,L,6,27,Home
2013,2013-11-28,BAL,PIT,W,22,20,Home
2013,2013-11-28,DAL,LV,W,31,24,Home
2013,2013-11-28,DET,GB,W,40,10,Home
2013,2013-12-01,BUF,ATL,L,31,34,Home
2013,2013-12-01,CAR,TB,W,27,6,Home
2013,2013-12-01,CLE,JAX,L,28,32,Home
2013,2013-12-01,HOU,NE,L,31,34,Home
2013,2013-12-01,IND,TEN,W,22,14,Home
2013,2013-12-01,KC,DEN,L,28,35,Home
2013,2013-12-01,LAC,CIN,L,10,17,Home
2013,2013-12-01,MIN,CHI,W,23,20,Home
2013,2013-12-01,NYJ,MIA,L,3,23,Home
2013,2013-12-01,PHI,ARI,W,24,21,Home
2013,2013-12-01,SF,LAR,W,23,13,Home
2013,2013-12-01,WAS,NYG,L,17,24,Home
2013,2013-12-02,SEA,NO,W,34,7,Home
2013,2013-12-05,JAX,HOU,W,27,20,Home
2013,2013-12-08,ARI,LAR,W,30,10,Home
2013,2013-12-08,BAL,MIN,W,29,26,Home
2013,2013-12-08,CIN,IND,W,42,28,Home
2013,2013-12-08,DEN,TEN,W,51,28,Home
2013,2013-12-08,GB,ATL,W,22,21,Home
2013,2013-12-08,LAC,NYG,W,37,14,Home
2013,2013-12-08,NE,CLE,W,27,26,Home
2013,2013-12-08,NO,CAR,W,31,13,Home
2013,2013-12-08,NYJ,LV,W,37,27,Home
2013,2013-12-08,PHI,DET,W,34,20,Home
2013,2013-12-08,PIT,MIA,L,28,34,Home
2013,2013-12-08,SF,SEA,W,19,17,Home
2013,2013-12-08,TB,BUF,W,27,6,Home
2013,2013-12-08,WAS,KC,L,10,45,Home
2013,2013-12-09,CHI,DAL,W,45,28,Home
2013,2013-12-12,DEN,LAC,L,20,27,Home
2013,2013-12-15,ATL,WAS,W,27,26,Home
2013,2013-12-15,CAR,NYJ,W,30,20,Home
2013,2013-12-15,CLE,CHI,L,31,38,Home
2013,2013-12-15,DAL,GB,L,36,37,Home
2013,2013-12-15,IND,HOU,W,25,3,Home
2013,2013-12-15,JAX,BUF,L,20,27,Home
2013,2013-12-15,LAR,NO,W,27,16,Home
2013,2013-12-15,LV,KC,L,31,56,Home
2013,2013-12-15,MIA,NE,W,24,20,Home
2013,2013-12-15,MIN,PHI,W,48,30,Home
2013,2013-12-15,NYG,SEA,L,0,23,Home
2013,2013-12-15,PIT,CIN,W,30,20,Home
2013,2013-12-15,TB,SF,L,14,33,Home
2013,2013-12-15,TEN,ARI,L,34,37,Home
2013,2013-12-16,DET,BAL,L,16,18,Home
2013,2013-12-22,BAL,NE,L,7,41,Home
2013,2013-12-22,BUF,MIA,W,19,0,Home
2013,2013-12-22,CAR,NO,W,17,13,Home
2013,2013-12-22,CIN,MIN,W,42,14,Home
2013,2013-12-22,DET,NYG,L,20,23,Home
2013,2013-12-22,GB,PIT,L,31,38,Home
2013,2013-12-22,HOU,DEN,L,13,37,Home
2013,2013-12-22,JAX,TEN,L,16,20,Home
2013,2013-12-22,KC,IND,L,7,23,Home
2013,2013-12-22,LAC,LV,W,26,13,Home
2013,2013-12-22,LAR,TB,W,23,13,Home
2013,2013-12-22,NYJ,CLE,W,24,13,Home
2013,2013-12-22,PHI,CHI,W,54,11,Home
2013,2013-12-22,SEA,ARI,L,10,17,Home
2013,2013-12-22,WAS,DAL,L,23,24,Home
2013,2013-12-23,SF,ATL,W,34,24,Home
2013,2013-12-29,ARI,SF,L,20,23,Home
2013,2013-12-29,ATL,CAR,L,20,21,Home
2013,2013-12-29,CHI,GB,L,28,33,Home
2013,2013-12-29,CIN,BAL,W,34,17,Home
2013,2013-12-29,DAL,PHI,L,22,24,Home
2013,2013-12-29,IND,JAX,W,30,10,Home
2013,2013-12-29,LAC,KC,W,27,24,Home
2013,2013-12-29,LV,DEN,L,14,34,Home
2013,2013-12-29,MIA,NYJ,L,7,20,Home
2013,2013-12-29,MIN,DET,W,14,13,Home
2013,2013-12-29,NE,BUF,W,34,20,Home
2013,2013-12-29,NO,TB,W,42,17,Home
2013,2013-12-29,NYG,WAS,W,20,6,Home
2013,2013-12-29,PIT,CLE,W,20,7,Home
2013,2013-12-29,SEA,LAR,W,27,9,Home
2013,2013-12-29,TEN,HOU,W,16,10,Home
2014,2014-09-04,SEA,GB,W,36,16,Home
2014,2014-09-07,ATL,NO,W,37,34,Home
2014,2014-09-07,BAL,CIN,L,16,23,Home
2014,2014-09-07,CHI,BUF,L,20,23,Home
2014,2014-09-07,DAL,SF,L,17,28,Home
2014,2014-09-07,DEN,IND,W,31,24,Home
2014,2014-09-07,HOU,WAS,W,17,6,Home
2014,2014-09-07,KC,TEN,L,10,26,Home
2014,2014-09-07,LAR,MIN,L,6,34,Home
2014,2014-09-07,MIA,NE,W,33,20,Home
2014,2014-09-07,NYJ,LV,W,19,14,Home
2014,2014-09-07,PHI,JAX,W,34,17,Home
2014,2014-09-07,PIT,CLE,W,30,27,Home
2014,2014-09-07,TB,CAR,L,14,20,Home
2014,2014-09-08,ARI,LAC,W,18,17,Home
2014,2014-09-08,DET,NYG,W,35,14,Home
2014,2014-09-11,BAL,PIT,W,26,6,Home
2014,2014-09-14,BUF,MIA,W,29,10,Home
2014,2014-09-14,CAR,DET,W,24,7,Home
2014,2014-09-14,CIN,ATL,W,24,10,Home
2014,2014-09-14,CLE,NO,W,26,24,Home
2014,2014-09-14,DEN,KC,W,24,17,Home
2014,2014-09-14,GB,NYJ,W,31,24,Home
2014,2014-09-14,LAC,SEA,W,30,21,Home
2014,2014-09-14,LV,HOU,L,14,30,Home
2014,2014-09-14,MIN,NE,L,7,30,Home
2014,2014-09-14,NYG,ARI,L,14,25,Home
2014,2014-09-14,SF,CHI,L,20,28,Home
2014,2014-09-14,TB,LAR,L,17,19,Home
2014,2014-09-14,TEN,DAL,L,10,26,Home
2014,2014-09-14,WAS,JAX,W,41,10,Home
2014,2014-09-15,IND,PHI,L,27,30,Home
2014,2014-09-18,ATL,TB,W,56,14,Home
2014,2014-09-21,ARI,SF,W,23,14,Home
2014,2014-09-21,BUF,LAC,L,10,22,Home
2014,2014-09-21,CAR,PIT,L,19,37,Home
2014,2014-09-21,CIN,TEN,W,33,7,Home
2014,2014-09-21,CLE,BAL,L,21,23,Home
2014,2014-09-21,DET,GB,W,19,7,Home
2014,2014-09-21,JAX,IND,L,17,44,Home
2014,2014-09-21,LAR,DAL,L,31,34,Home
2014,2014-09-21,MIA,KC,L,15,34,Home
2014,2014-09-21,NE,LV,W,16,9,Home
2014,2014-09-21,NO,MIN,W,20,9,Home
2014,2014-09-21,NYG,HOU,W,30,17,Home
2014,2014-09-21,PHI,WAS,W,37,34,Home
2014,2014-09-21,SEA,DEN,W,26,20,Home
2014,2014-09-22,NYJ,CHI,L,19,27,Home
2014,2014-09-25,WAS,NYG,L,14,45,Home
2014,2014-09-28,BAL,CAR,W,38,10,Home
2014,2014-09-28,CHI,GB,L,17,38,Home
2014,2014-09-28,DAL,NO,W,38,17,Home
2014,2014-09-28,HOU,BUF,W,23,17,Home
2014,2014-09-28,IND,TEN,W,41,17,Home
2014,2014-09-28,LAC,JAX,W,33,14,Home
2014,2014-09-28,LV,MIA,L,14,38,Home
2014,2014-09-28,MIN,ATL,W,41,28,Home
2014,2014-09-28,NYJ,DET,L,17,24,Home
2014,2014-09-28,PIT,TB,L,24,27,Home
2014,2014-09-28,SF,PHI,W,26,21,Home
2014,2014-09-29,KC,NE,W,41,14,Home
2014,2014-10-02,GB,MIN,W,42,10,Home
2014,2014-10-05,CAR,CHI,W,31,24,Home
2014,2014-10-05,DAL,HOU,W,20,17,Home
2014,2014-10-05,DEN,ARI,W,41,20,Home
2014,2014-10-05,DET,BUF,L,14,17,Home
2014,2014-10-05,IND,BAL,W,20,13,Home
2014,2014-10-05,JAX,PIT,L,9,17,Home
2014,2014-10-05,LAC,NYJ,W,31,0,Home
2014,2014-10-05,NE,CIN,W,43,17,Home
2014,2014-10-05,NO,TB,W,37,31,Home
2014,2014-10-05,NYG,ATL,W,30,20,Home
2014,2014-10-05,PHI,LAR,W,34,28,Home
2014,2014-10-05,SF,KC,W,22,17,Home
2014,2014-10-05,TEN,CLE,L,28,29,Home
2014,2014-10-06,WAS,SEA,L,17,27,Home
2014,2014-10-09,HOU,IND,L,28,33,Home
2014,2014-10-12,ARI,WAS,W,30,20,Home
2014,2014-10-12,ATL,CHI,L,13,27,Home
2014,2014-10-12,BUF,NE,L,22,37,Home
2014,2014-10-12,CIN,CAR,T,37,37,Home
2014,2014-10-12,CLE,PIT,W,31,10,Home
2014,2014-10-12,LV,LAC,L,28,31,Home
2014,2014-10-12,MIA,GB,L,24,27,Home
2014,2014-10-12,MIN,DET,L,3,17,Home
2014,2014-10-12,NYJ,DEN,L,17,31,Home
2014,2014-10-12,PHI,NYG,W,27,0,Home
2014,2014-10-12,SEA,DAL,L,23,30,Home
2014,2014-10-12,TB,BAL,L,17,48,Home
2014,2014-10-12,TEN,JAX,W,16,14,Home
2014,2014-10-13,LAR,SF,L,17,31,Home
2014,2014-10-16,NE,NYJ,W,27,25,Home
2014,2014-10-19,BAL,ATL,W,29,7,Home
2014,2014-10-19,BUF,MIN,W,17,16,Home
2014,2014-10-19,CHI,MIA,L,14,27,Home
2014,2014-10-19,DAL,NYG,W,31,21,Home
2014,2014-10-19,DEN,SF,W,42,17,Home
2014,2014-10-19,DET,NO,W,24,23,Home
2014,2014-10-19,GB,CAR,W,38,17,Home
2014,2014-10-19,IND,CIN,W,27,0,Home
2014,2014-10-19,JAX,CLE,W,24,6,Home
2014,2014-10-19,LAC,KC,L,20,23,Home
2014,2014-10-19,LAR,SEA,W,28,26,Home
2014,2014-10-19,LV,ARI,L,13,24,Home
2014,2014-10-19,WAS,TEN,W,19,17,Home
2014,2014-10-20,PIT,HOU,W,30,23,Home
2014,2014-10-23,DEN,LAC,W,35,21,Home
2014,2014-10-26,ARI,PHI,W,24,20,Home
2014,2014-10-26,ATL,DET,L,21,22,Home
2014,2014-10-26,CAR,SEA,L,9,13,Home
2014,2014-10-26,CIN,BAL,W,27,24,Home
2014,2014-10-26,CLE,LV,W,23,13,Home
2014,2014-10-26,JAX,MIA,L,13,27,Home
2014,2014-10-26,KC,LAR,W,34,7,Home
2014,2014-10-26,NE,CHI,W,51,23,Home
2014,2014-10-26,NO,GB,W,44,23,Home
2014,2014-10-26,NYJ,BUF,L,23,43,Home
2014,2014-10-26,PIT,IND,W,51,34,Home
2014,2014-10-26,TB,MIN,L,13,19,Home
2014,2014-10-26,TEN,HOU,L,16,30,Home
2014,2014-10-27,DAL,WAS,L,17,20,Home
2014,2014-10-30,CAR,NO,L,10,28,Home
2014,2014-11-02,CIN,JAX,W,33,23,Home
2014,2014-11-02,CLE,TB,W,22,17,Home
2014,2014-11-02,DAL,ARI,L,17,28,Home
2014,2014-11-02,HOU,PHI,L,21,31,Home
2014,2014-11-02,KC,NYJ,W,24,10,Home
2014,2014-11-02,MIA,LAC,W,37,0,Home
2014,2014-11-02,MIN,WAS,W,29,26,Home
2014,2014-11-02,NE,DEN,W,43,21,Home
2014,2014-11-02,PIT,BAL,W,43,23,Home
2014,2014-11-02,SEA,LV,W,30,24,Home
2014,2014-11-02,SF,LAR,L,10,13,Home
2014,2014-11-03,NYG,IND,L,24,40,Home
2014,2014-11-06,CIN,CLE,L,3,24,Home
2014,2014-11-09,ARI,LAR,W,31,14,Home
2014,2014-11-09,BAL,TEN,W,21,7,Home
2014,2014-11-09,BUF,KC,L,13,17,Home
2014,2014-11-09,DET,MIA,W,20,16,Home
2014,2014-11-09,GB,CHI,W,55,14,Home
2014,2014-11-09,JAX,DAL,L,17,31,Home
2014,2014-11-09,LV,DEN,L,17,41,Home
2014,2014-11-09,NO,SF,L,24,27,Home
2014,2014-11-09,NYJ,PIT,W,20,13,Home
2014,2014-11-09,SEA,NYG,W,38,17,Home
2014,2014-11-09,TB,ATL,L,17,27,Home
2014,2014-11-10,PHI,CAR,W,45,21,Home
2014,2014-11-13,MIA,BUF,W,22,9,Home
2014,2014-11-16,ARI,DET,W,14,6,Home
2014,2014-11-16,CAR,ATL,L,17,19,Home
2014,2014-11-16,CHI,MIN,W,21,13,Home
2014,2014-11-16,CLE,HOU,L,7,23,Home
2014,2014-11-16,GB,PHI,W,53,20,Home
2014,2014-11-16,IND,NE,L,20,42,Home
2014,2014-11-16,KC,SEA,W,24,20,Home
2014,2014-11-16,LAC,LV,W,13,6,Home
2014,2014-11-16,LAR,DEN,W,22,7,Home
2014,2014-11-16,NO,CIN,L,10,27,Home
2014,2014-11-16,NYG,SF,L,10,16,Home
2014,2014-11-16,WAS,TB,L,7,27,Home
2014,2014-11-17,TEN,PIT,L,24,27,Home
2014,2014-11-20,LV,KC,W,24,20,Home
2014,2014-11-23,ATL,CLE,L,24,26,Home
2014,2014-11-23,CHI,TB,W,21,13,Home
2014,2014-11-23,DEN,MIA,W,39,36,Home
2014,2014-11-23,HOU,CIN,L,13,22,Home
2014,2014-11-23,IND,JAX,W,23,3,Home
2014,2014-11-23,LAC,LAR,W,27,24,Home
2014,2014-11-23,MIN,GB,L,21,24,Home
2014,2014-11-23,NE,DET,W,34,9,Home
2014,2014-11-23,NYG,DAL,L,28,31,Home
2014,2014-11-23,PHI,TEN,W,43,24,Home
2014,2014-11-23,SEA,ARI,W,19,3,Home
2014,2014-11-23,SF,WAS,W,17,13,Home
2014,2014-11-24,BUF,NYJ,W,38,3,Home
2014,2014-11-24,NO,BAL,L,27,34,Home
2014,2014-11-27,DAL,PHI,L,10,33,Home
2014,2014-11-27,DET,CHI,W,34,17,Home
2014,2014-11-27,SF,SEA,L,3,19,Home
2014,2014-11-30,ATL,ARI,W,29,18,Home
2014,2014-11-30,BAL,LAC,L,33,34,Home
2014,2014-11-30,BUF,CLE,W,26,10,Home
2014,2014-11-30,GB,NE,W,26,21,Home
2014,2014-11-30,HOU,TEN,W,45,21,Home
2014,2014-11-30,IND,WAS,W,49,27,Home
2014,2014-11-30,JAX,NYG,W,25,24,Home
2014,2014-11-30,KC,DEN,L,16,29,Home
2014,2014-11-30,LAR,LV,W,52,0,Home
2014,2014-11-30,MIN,CAR,W,31,13,Home
2014,2014-11-30,PIT,NO,L,32,35,Home
2014,2014-11-30,TB,CIN,L,13,14,Home
2014,2014-12-01,NYJ,MIA,L,13,16,Home
2014,2014-12-04,CHI,DAL,L,28,41,Home
2014,2014-12-07,ARI,KC,W,17,14,Home
2014,2014-12-07,CIN,PIT,L,21,42,Home
2014,2014-12-07,CLE,IND,L,24,25,Home
2014,2014-12-07,DEN,BUF,W,24,17,Home
2014,2014-12-07,DET,TB,W,34,17,Home
2014,2014-12-07,JAX,HOU,L,13,27,Home
2014,2014-12-07,LAC,NE,L,14,23,Home
2014,2014-12-07,LV,SF,W,24,13,Home
2014,2014-12-07,MIA,BAL,L,13,28,Home
2014,2014-12-07,MIN,NYJ,W,30,24,Home
2014,2014-12-07,NO,CAR,L,10,41,Home
2014,2014-12-07,PHI,SEA,L,14,24,Home
2014,2014-12-07,TEN,NYG,L,7,36,Home
2014,2014-12-07,WAS,LAR,L,0,24,Home
2014,2014-12-08,GB,ATL,W,43,37,Home
2014,2014-12-11,LAR,ARI,L,6,12,Home
2014,2014-12-14,ATL,PIT,L,20,27,Home
2014,2014-12-14,BAL,JAX,W,20,12,Home
2014,2014-12-14,BUF,GB,W,21,13,Home
2014,2014-12-14,CAR,TB,W,19,17,Home
2014,2014-12-14,CLE,CIN,L,0,30,Home
2014,2014-12-14,DET,MIN,W,16,14,Home
2014,2014-12-14,IND,HOU,W,17,10,Home
2014,2014-12-14,KC,LV,W,31,13,Home
2014,2014-12-14,LAC,DEN,L,10,22,Home
2014,2014-12-14,NE,MIA,W,41,13,Home
2014,2014-12-14,NYG,WAS,W,24,13,Home
2014,2014-12-14,PHI,DAL,L,27,38,Home
2014,2014-12-14,SEA,SF,W,17,7,Home
2014,2014-12-14,TEN,NYJ,L,11,16,Home
2014,2014-12-15,CHI,NO,L,15,31,Home
2014,2014-12-18,JAX,TEN,W,21,13,Home
2014,2014-12-20,SF,LAC,L,35,38,Home
2014,2014-12-20,WAS,PHI,W,27,24,Home
2014,2014-12-21,ARI,SEA,L,6,35,Home
2014,2014-12-21,CAR,CLE,W,17,13,Home
2014,2014-12-21,CHI,DET,L,14,20,Home
2014,2014-12-21,DAL,IND,W,42,7,Home
2014,2014-12-21,HOU,BAL,W,25,13,Home
2014,2014-12-21,LAR,NYG,L,27,37,Home
2014,2014-12-21,LV,BUF,W,26,24,Home
2014,2014-12-21,MIA,MIN,W,37,35,Home
2014,2014-12-21,NO,ATL,L,14,30,Home
2014,2014-12-21,NYJ,NE,L,16,17,Home
2014,2014-12-21,PIT,KC,W,20,12,Home
2014,2014-12-21,TB,GB,L,3,20,Home
2014,2014-12-22,CIN,DEN,W,37,28,Home
2014,2014-12-28,ATL,CAR,L,3,34,Home
2014,2014-12-28,BAL,CLE,W,20,10,Home
2014,2014-12-28,DEN,LV,W,47,14,Home
2014,2014-12-28,GB,DET,W,30,20,Home
2014,2014-12-28,HOU,JAX,W,23,17,Home
2014,2014-12-28,KC,LAC,W,19,7,Home
2014,2014-12-28,MIA,NYJ,L,24,37,Home
2014,2014-12-28,MIN,CHI,W,13,9,Home
2014,2014-12-28,NE,BUF,L,9,17,Home
2014,2014-12-28,NYG,PHI,L,26,34,Home
2014,2014-12-28,PIT,CIN,W,27,17,Home
2014,2014-12-28,SEA,LAR,W,20,6,Home
2014,2014-12-28,SF,ARI,W,20,17,Home
2014,2014-12-28,TB,NO,L,20,23,Home
2014,2014-12-28,TEN,IND,L,10,27,Home
2014,2014-12-28,WAS,DAL,L,17,44,Home
2015,2015-09-10,NE,PIT,W,28,21,Home
2015,2015-09-13,ARI,NO,W,31,19,Home
2015,2015-09-13,BUF,IND,W,27,14,Home
2015,2015-09-13,CHI,GB,L,23,31,Home
2015,2015-09-13,DAL,NYG,W,27,26,Home
2015,2015-09-13,DEN,BAL,W,19,13,Home
2015,2015-09-13,HOU,KC,L,20,27,Home
2015,2015-09-13,JAX,CAR,L,9,20,Home
2015,2015-09-13,LAC,DET,W,33,28,Home
2015,2015-09-13,LAR,SEA,W,34,31,Home
2015,2015-09-13,LV,CIN,L,13,33,Home
2015,2015-09-13,NYJ,CLE,W,31,10,Home
2015,2015-09-13,TB,TEN,L,14,42,Home
2015,2015-09-13,WAS,MIA,L,10,17,Home
2015,2015-09-14,ATL,PHI,W,26,24,Home
2015,2015-09-14,SF,MIN,W,20,3,Home
2015,2015-09-17,KC,DEN,L,24,31,Home
2015,2015-09-20,BUF,NE,L,32,40,Home
2015,2015-09-20,CAR,HOU,W,24,17,Home
2015,2015-09-20,CHI,ARI,L,23,48,Home
2015,2015-09-20,CIN,LAC,W,24,19,Home
2015,2015-09-20,CLE,TEN,W,28,14,Home
2015,2015-09-20,GB,SEA,W,27,17,Home
2015,2015-09-20,JAX,MIA,W,23,20,Home
2015,2015-09-20,LV,BAL,W,37,33,Home
2015,2015-09-20,MIN,DET,W,26,16,Home
2015,2015-09-20,NO,TB,L,19,26,Home
2015,2015-09-20,NYG,ATL,L,20,24,Home
2015,2015-09-20,PHI,DAL,L,10,20,Home
2015,2015-09-20,PIT,SF,W,43,18,Home
2015,2015-09-20,WAS,LAR,W,24,10,Home
2015,2015-09-21,IND,NYJ,L,7,20,Home
2015,2015-09-24,NYG,WAS,W,32,21,Home
2015,2015-09-27,ARI,SF,W,47,7,Home
2015,2015-09-27,BAL,CIN,L,24,28,Home
2015,2015-09-27,CAR,NO,W,27,22,Home
2015,2015-09-27,CLE,LV,L,20,27,Home
2015,2015-09-27,DAL,ATL,L,28,39,Home
2015,2015-09-27,DET,DEN,L,12,24,Home
2015,2015-09-27,HOU,TB,W,19,9,Home
2015,2015-09-27,LAR,PIT,L,6,12,Home
2015,2015-09-27,MIA,BUF,L,14,41,Home
2015,2015-09-27,MIN,LAC,W,31,14,Home
2015,2015-09-27,NE,JAX,W,51,17,Home
2015,2015-09-27,NYJ,PHI,L,17,24,Home
2015,2015-09-27,SEA,CHI,W,26,0,Home
2015,2015-09-27,TEN,IND,L,33,35,Home
2015,2015-09-28,GB,KC,W,38,28,Home
2015,2015-10-01,PIT,BAL,L,20,23,Home
2015,2015-10-04,ARI,LAR,L,22,24,Home
2015,2015-10-04,ATL,HOU,W,48,21,Home
2015,2015-10-04,BUF,NYG,L,10,24,Home
2015,2015-10-04,CHI,LV,W,22,20,Home
2015,2015-10-04,CIN,KC,W,36,21,Home
2015,2015-10-04,DEN,MIN,W,23,20,Home
2015,2015-10-04,IND,JAX,W,16,13,Home
2015,2015-10-04,LAC,CLE,W,30,27,Home
2015,2015-10-04,MIA,NYJ,L,14,27,Home
2015,2015-10-04,NO,DAL,W,26,20,Home
2015,2015-10-04,SF,GB,L,3,17,Home
2015,2015-10-04,TB,CAR,L,23,37,Home
2015,2015-10-04,WAS,PHI,W,23,20,Home
2015,2015-10-05,SEA,DET,W,13,10,Home
2015,2015-10-08,HOU,IND,L,20,27,Home
2015,2015-10-11,ATL,WAS,W,25,19,Home
2015,2015-10-11,BAL,CLE,L,30,33,Home
2015,2015-10-11,CIN,SEA,W,27,24,Home
2015,2015-10-11,DAL,NE,L,6,30,Home
2015,2015-10-11,DET,ARI,L,17,42,Home
2015,2015-10-11,GB,LAR,W,24,10,Home
2015,2015-10-11,KC,CHI,L,17,18,Home
2015,2015-10-11,LV,DEN,L,10,16,Home
2015,2015-10-11,NYG,SF,W,30,27,Home
2015,2015-10-11,PHI,NO,W,39,17,Home
2015,2015-10-11,TB,JAX,W,38,31,Home
2015,2015-10-11,TEN,BUF,L,13,14,Home
2015,2015-10-12,LAC,PIT,L,20,24,Home
2015,2015-10-15,NO,ATL,W,31,21,Home
2015,2015-10-18,BUF,CIN,L,21,34,Home
2015,2015-10-18,CLE,DEN,L,23,26,Home
2015,2015-10-18,DET,CHI,W,37,34,Home
2015,2015-10-18,GB,LAC,W,27,20,Home
2015,2015-10-18,IND,NE,L,27,34,Home
2015,2015-10-18,JAX,HOU,L,20,31,Home
2015,2015-10-18,MIN,KC,W,16,10,Home
2015,2015-10-18,NYJ,WAS,W,34,20,Home
2015,2015-10-18,PIT,ARI,W,25,13,Home
2015,2015-10-18,SEA,CAR,L,23,27,Home
2015,2015-10-18,SF,BAL,W,25,20,Home
2015,2015-10-18,TEN,MIA,L,10,38,Home
2015,2015-10-19,PHI,NYG,W,27,7,Home
2015,2015-10-22,SF,SEA,L,3,20,Home
2015,2015-10-25,CAR,PHI,W,27,16,Home
2015,2015-10-25,DET,MIN,L,19,28,Home
2015,2015-10-25,IND,NO,L,21,27,Home
2015,2015-10-25,JAX,BUF,W,34,31,Home
2015,2015-10-25,KC,PIT,W,23,13,Home
2015,2015-10-25,LAC,LV,L,29,37,Home
2015,2015-10-25,LAR,CLE,W,24,6,Home
2015,2015-10-25,MIA,HOU,W,44,26,Home
2015,2015-10-25,NE,NYJ,W,30,23,Home
2015,2015-10-25,NYG,DAL,W,27,20,Home
2015,2015-10-25,TEN,ATL,L,7,10,Home
2015,2015-10-25,WAS,TB,W,31,30,Home
2015,2015-10-26,ARI,BAL,W,26,18,Home
2015,2015-10-29,NE,MIA,W,36,7,Home
2015,2015-11-01,ATL,TB,L,20,23,Home
2015,2015-11-01,BAL,LAC,W,29,26,Home
2015,2015-11-01,CHI,MIN,L,20,23,Home
2015,2015-11-01,CLE,ARI,L,20,34,Home
2015,2015-11-01,DAL,SEA,L,12,13,Home
2015,2015-11-01,DEN,GB,W,29,10,Home
2015,2015-11-01,HOU,TEN,W,20,6,Home
2015,2015-11-01,KC,DET,W,45,10,Home
2015,2015-11-01,LAR,SF,W,27,6,Home
2015,2015-11-01,LV,NYJ,W,34,20,Home
2015,2015-11-01,NO,NYG,W,52,49,Home
2015,2015-11-01,PIT,CIN,L,10,16,Home
2015,2015-11-02,CAR,IND,W,29,26,Home
2015,2015-11-05,CIN,CLE,W,31,10,Home
2015,2015-11-08,BUF,MIA,W,33,17,Home
2015,2015-11-08,CAR,GB,W,37,29,Home
2015,2015-11-08,DAL,PHI,L,27,33,Home
2015,2015-11-08,IND,DEN,W,27,24,Home
2015,2015-11-08,MIN,LAR,W,21,18,Home
2015,2015-11-08,NE,WAS,W,27,10,Home
2015,2015-11-08,NO,TEN,L,28,34,Home
2015,2015-11-08,NYJ,JAX,W,28,23,Home
2015,2015-11-08,PIT,LV,W,38,35,Home
2015,2015-11-08,SF,ATL,W,17,16,Home
2015,2015-11-08,TB,NYG,L,18,32,Home
2015,2015-11-09,LAC,CHI,L,19,22,Home
2015,2015-11-12,NYJ,BUF,L,17,22,Home
2015,2015-11-15,BAL,JAX,L,20,22,Home
2015,2015-11-15,DEN,KC,L,13,29,Home
2015,2015-11-15,GB,DET,L,16,18,Home
2015,2015-11-15,LAR,CHI,L,13,37,Home
2015,2015-11-15,LV,MIN,L,14,30,Home
2015,2015-11-15,NYG,NE,L,26,27,Home
2015,2015-11-15,PHI,MIA,L,19,20,Home
2015,2015-11-15,PIT,CLE,W,30,9,Home
2015,2015-11-15,SEA,ARI,L,32,39,Home
2015,2015-11-15,TB,DAL,W,10,6,Home
2015,2015-11-15,TEN,CAR,L,10,27,Home
2015,2015-11-15,WAS,NO,W,47,14,Home
2015,2015-11-16,CIN,HOU,L,6,10,Home
2015,2015-11-19,JAX,TEN,W,19,13,Home
2015,2015-11-22,ARI,CIN,W,34,31,Home
2015,2015-11-22,ATL,IND,L,21,24,Home
2015,2015-11-22,BAL,LAR,W,16,13,Home
2015,2015-11-22,CAR,WAS,W,44,16,Home
2015,2015-11-22,CHI,DEN,L,15,17,Home
2015,2015-11-22,DET,LV,W,18,13,Home
2015,2015-11-22,HOU,NYJ,W,24,17,Home
2015,2015-11-22,LAC,KC,L,3,33,Home
2015,2015-11-22,MIA,DAL,L,14,24,Home
2015,2015-11-22,MIN,GB,L,13,30,Home
2015,2015-11-22,PHI,TB,L,17,45,Home
2015,2015-11-22,SEA,SF,W,29,13,Home
2015,2015-11-23,NE,BUF,W,20,13,Home
2015,2015-11-26,DAL,CAR,L,14,33,Home
2015,2015-11-26,DET,PHI,W,45,14,Home
2015,2015-11-26,GB,CHI,L,13,17,Home
2015,2015-11-29,ATL,MIN,L,10,20,Home
2015,2015-11-29,CIN,LAR,W,31,7,Home
2015,2015-11-29,DEN,NE,W,30,24,Home
2015,2015-11-29,HOU,NO,W,24,6,Home
2015,2015-11-29,IND,TB,W,25,12,Home
2015,2015-11-29,JAX,LAC,L,25,31,Home
2015,2015-11-29,KC,BUF,W,30,22,Home
2015,2015-11-29,NYJ,MIA,W,38,20,Home
2015,2015-11-29,SEA,PIT,W,39,30,Home
2015,2015-11-29,SF,ARI,L,13,19,Home
2015,2015-11-29,TEN,LV,L,21,24,Home
2015,2015-11-29,WAS,NYG,W,20,14,Home
2015,2015-11-30,CLE,BAL,L,27,33,Home
2015,2015-12-03,DET,GB,L,23,27,Home
2015,2015-12-06,BUF,HOU,W,30,21,Home
2015,2015-12-06,CHI,SF,L,20,26,Home
2015,2015-12-06,CLE,CIN,L,3,37,Home
2015,2015-12-06,LAC,DEN,L,3,17,Home
2015,2015-12-06,LAR,ARI,L,3,27,Home
2015,2015-12-06,LV,KC,L,20,34,Home
2015,2015-12-06,MIA,BAL,W,15,13,Home
2015,2015-12-06,MIN,SEA,L,7,38,Home
2015,2015-12-06,NE,PHI,L,28,35,Home
2015,2015-12-06,NO,CAR,L,38,41,Home
2015,2015-12-06,NYG,NYJ,L,20,23,Home
2015,2015-12-06,PIT,IND,W,45,10,Home
2015,2015-12-06,TB,ATL,W,23,19,Home
2015,2015-12-06,TEN,JAX,W,42,39,Home
2015,2015-12-07,WAS,DAL,L,16,19,Home
2015,2015-12-10,ARI,MIN,W,23,20,Home
2015,2015-12-13,BAL,SEA,L,6,35,Home
2015,2015-12-13,CAR,ATL,W,38,0,Home
2015,2015-12-13,CHI,WAS,L,21,24,Home
2015,2015-12-13,CIN,PIT,L,20,33,Home
2015,2015-12-13,CLE,SF,W,24,10,Home
2015,2015-12-13,DEN,LV,L,12,15,Home
2015,2015-12-13,GB,DAL,W,28,7,Home
2015,2015-12-13,HOU,NE,L,6,27,Home
2015,2015-12-13,JAX,IND,W,51,16,Home
2015,2015-12-13,KC,LAC,W,10,3,Home
2015,2015-12-13,LAR,DET,W,21,14,Home
2015,2015-12-13,NYJ,TEN,W,30,8,Home
2015,2015-12-13,PHI,BUF,W,23,20,Home
2015,2015-12-13,TB,NO,L,17,24,Home
2015,2015-12-14,MIA,NYG,L,24,31,Home
2015,2015-12-17,LAR,TB,W,31,23,Home
2015,2015-12-19,DAL,NYJ,L,16,19,Home
2015,2015-12-20,BAL,KC,L,14,34,Home
2015,2015-12-20,IND,HOU,L,10,16,Home
2015,2015-12-20,JAX,ATL,L,17,23,Home
2015,2015-12-20,LAC,MIA,W,30,14,Home
2015,2015-12-20,LV,GB,L,20,30,Home
2015,2015-12-20,MIN,CHI,W,38,17,Home
2015,2015-12-20,NE,TEN,W,33,16,Home
2015,2015-12-20,NYG,CAR,L,35,38,Home
2015,2015-12-20,PHI,ARI,L,17,40,Home
2015,2015-12-20,PIT,DEN,W,34,27,Home
2015,2015-12-20,SEA,CLE,W,30,13,Home
2015,2015-12-20,SF,CIN,L,14,24,Home
2015,2015-12-20,WAS,BUF,W,35,25,Home
2015,2015-12-21,NO,DET,L,27,35,Home
2015,2015-12-24,LV,LAC,W,23,20,Home
2015,2015-12-26,PHI,WAS,L,24,38,Home
2015,2015-12-27,ARI,GB,W,38,8,Home
2015,2015-12-27,ATL,CAR,W,20,13,Home
2015,2015-12-27,BAL,PIT,W,20,17,Home
2015,2015-12-27,BUF,DAL,W,16,6,Home
2015,2015-12-27,DET,SF,W,32,17,Home
2015,2015-12-27,KC,CLE,W,17,13,Home
2015,2015-12-27,MIA,IND,L,12,18,Home
2015,2015-12-27,MIN,NYG,W,49,17,Home
2015,2015-12-27,NO,JAX,W,38,27,Home
2015,2015-12-27,NYJ,NE,W,26,20,Home
2015,2015-12-27,SEA,LAR,L,17,23,Home
2015,2015-12-27,TB,CHI,L,21,26,Home
2015,2015-12-27,TEN,HOU,L,6,34,Home
2015,2015-12-28,DEN,CIN,W,20,17,Home
2015,2016-01-03,ARI,SEA,L,6,36,Home
2015,2016-01-03,ATL,NO,L,17,20,Home
2015,2016-01-03,BUF,NYJ,W,22,17,Home
2015,2016-01-03,CAR,TB,W,38,10,Home
2015,2016-01-03,CHI,DET,L,20,24,Home
2015,2016-01-03,CIN,BAL,W,24,16,Home
2015,2016-01-03,CLE,PIT,L,12,28,Home
2015,2016-01-03,DAL,WAS,L,23,34,Home
2015,2016-01-03,DEN,LAC,W,27,20,Home
2015,2016-01-03,GB,MIN,L,13,20,Home
2015,2016-01-03,HOU,JAX,W,30,6,Home
2015,2016-01-03,IND,TEN,W,30,24,Home
2015,2016-01-03,KC,LV,W,23,17,Home
2015,2016-01-03,MIA,NE,W,20,10,Home
2015,2016-01-03,NYG,PHI,L,30,35,Home
2015,2016-01-03,SF,LAR,W,19,16,Home
2016,2016-09-08,DEN,CAR,W,21,20,Home
2016,2016-09-11,ARI,NE,L,21,23,Home
2016,2016-09-11,ATL,TB,L,24,31,Home
2016,2016-09-11,BAL,BUF,W,13,7,Home
2016,2016-09-11,DAL,NYG,L,19,20,Home
2016,2016-09-11,HOU,CHI,W,23,14,Home
2016,2016-09-11,IND,DET,L,35,39,Home
2016,2016-09-11,JAX,GB,L,23,27,Home
2016,2016-09-11,KC,LAC,W,33,27,Home
2016,2016-09-11,NO,LV,L,34,35,Home
2016,2016-09-11,NYJ,CIN,L,22,23,Home
2016,2016-09-11,PHI,CLE,W,29,10,Home
2016,2016-09-11,SEA,MIA,W,12,10,Home
2016,2016-09-11,TEN,MIN,L,16,25,Home
2016,2016-09-12,SF,LAR,W,28,0,Home
2016,2016-09-12,WAS,PIT,L,16,38,Home
2016,2016-09-15,BUF,NYJ,L,31,37,Home
2016,2016-09-18,ARI,TB,W,40,7,Home
2016,2016-09-18,CAR,SF,W,46,27,Home
2016,2016-09-18,CLE,BAL,L,20,25,Home
2016,2016-09-18,DEN,IND,W,34,20,Home
2016,2016-09-18,DET,TEN,L,15,16,Home
2016,2016-09-18,HOU,KC,W,19,12,Home
2016,2016-09-18,LAC,JAX,W,38,14,Home
2016,2016-09-18,LAR,SEA,W,9,3,Home
2016,2016-09-18,LV,ATL,L,28,35,Home
2016,2016-09-18,MIN,GB,W,17,14,Home
2016,2016-09-18,NE,MIA,W,31,24,Home
2016,2016-09-18,NYG,NO,W,16,13,Home
2016,2016-09-18,PIT,CIN,W,24,16,Home
2016,2016-09-18,WAS,DAL,L,23,27,Home
2016,2016-09-19,CHI,PHI,L,14,29,Home
2016,2016-09-22,NE,HOU,W,27,0,Home
2016,2016-09-25,BUF,ARI,W,33,18,Home
2016,2016-09-25,CAR,MIN,L,10,22,Home
2016,2016-09-25,CIN,DEN,L,17,29,Home
2016,2016-09-25,DAL,CHI,W,31,17,Home
2016,2016-09-25,GB,DET,W,34,27,Home
2016,2016-09-25,IND,LAC,W,26,22,Home
2016,2016-09-25,JAX,BAL,L,17,19,Home
2016,2016-09-25,KC,NYJ,W,24,3,Home
2016,2016-09-25,MIA,CLE,W,30,24,Home
2016,2016-09-25,NYG,WAS,L,27,29,Home
2016,2016-09-25,PHI,PIT,W,34,3,Home
2016,2016-09-25,SEA,SF,W,37,18,Home
2016,2016-09-25,TB,LAR,L,32,37,Home
2016,2016-09-25,TEN,LV,L,10,17,Home
2016,2016-09-26,NO,ATL,L,32,45,Home
2016,2016-09-29,CIN,MIA,W,22,7,Home
2016,2016-10-02,ARI,LAR,L,13,17,Home
2016,2016-10-02,ATL,CAR,W,48,33,Home
2016,2016-10-02,BAL,LV,L,27,28,Home
2016,2016-10-02,CHI,DET,W,17,14,Home
2016,2016-10-02,HOU,TEN,W,27,20,Home
2016,2016-10-02,JAX,IND,W,30,27,Home
2016,2016-10-02,LAC,NO,L,34,35,Home
2016,2016-10-02,NE,BUF,L,0,16,Home
2016,2016-10-02,NYJ,SEA,L,17,27,Home
2016,2016-10-02,PIT,KC,W,43,14,Home
2016,2016-10-02,SF,DAL,L,17,24,Home
2016,2016-10-02,TB,DEN,L,7,27,Home
2016,2016-10-02,WAS,CLE,W,31,20,Home
2016,2016-10-03,MIN,NYG,W,24,10,Home
2016,2016-10-06,SF,ARI,L,21,33,Home
2016,2016-10-09,BAL,WAS,L,10,16,Home
2016,2016-10-09,CLE,NE,L,13,33,Home
2016,2016-10-09,DAL,CIN,W,28,14,Home
2016,2016-10-09,DEN,ATL,L,16,23,Home
2016,2016-10-09,DET,PHI,W,24,23,Home
2016,2016-10-09,GB,NYG,W,23,16,Home
2016,2016-10-09,IND,CHI,W,29,23,Home
2016,2016-10-09,LAR,BUF,L,19,30,Home
2016,2016-10-09,LV,LAC,W,34,31,Home
2016,2016-10-09,MIA,TEN,L,17,30,Home
2016,2016-10-09,MIN,HOU,W,31,13,Home
2016,2016-10-09,PIT,NYJ,W,31,13,Home
2016,2016-10-10,CAR,TB,L,14,17,Home
2016,2016-10-13,LAC,DEN,W,21,13,Home
2016,2016-10-16,BUF,SF,W,45,16,Home
2016,2016-10-16,CHI,JAX,L,16,17,Home
2016,2016-10-16,DET,LAR,W,31,28,Home
2016,2016-10-16,GB,DAL,L,16,30,Home
2016,2016-10-16,HOU,IND,W,26,23,Home
2016,2016-10-16,LV,KC,L,10,26,Home
2016,2016-10-16,MIA,PIT,W,30,15,Home
2016,2016-10-16,NE,CIN,W,35,17,Home
2016,2016-10-16,NO,CAR,W,41,38,Home
2016,2016-10-16,NYG,BAL,W,27,23,Home
2016,2016-10-16,SEA,ATL,W,26,24,Home
2016,2016-10-16,TEN,CLE,W,28,26,Home
2016,2016-10-16,WAS,PHI,W,27,20,Home
2016,2016-10-17,ARI,NYJ,W,28,3,Home
2016,2016-10-20,GB,CHI,W,26,10,Home
2016,2016-10-23,ARI,SEA,T,6,6,Home
2016,2016-10-23,ATL,LAC,L,30,33,Home
2016,2016-10-23,CIN,CLE,W,31,17,Home
2016,2016-10-23,DET,WAS,W,20,17,Home
2016,2016-10-23,JAX,LV,L,16,33,Home
2016,2016-10-23,KC,NO,W,27,21,Home
2016,2016-10-23,LAR,NYG,L,10,17,Home
2016,2016-10-23,MIA,BUF,W,28,25,Home
2016,2016-10-23,NYJ,BAL,W,24,16,Home
2016,2016-10-23,PHI,MIN,W,21,10,Home
2016,2016-10-23,PIT,NE,L,16,27,Home
2016,2016-10-23,SF,TB,L,17,34,Home
2016,2016-10-23,TEN,IND,L,26,34,Home
2016,2016-10-24,DEN,HOU,W,27,9,Home
2016,2016-10-27,TEN,JAX,W,36,22,Home
2016,2016-10-30,ATL,GB,W,33,32,Home
2016,2016-10-30,BUF,NE,L,25,41,Home
2016,2016-10-30,CAR,ARI,W,30,20,Home
2016,2016-10-30,CIN,WAS,T,27,27,Home
2016,2016-10-30,CLE,NYJ,L,28,31,Home
2016,2016-10-30,DAL,PHI,W,29,23,Home
2016,2016-10-30,DEN,LAC,W,27,19,Home
2016,2016-10-30,HOU,DET,W,20,13,Home
2016,2016-10-30,IND,KC,L,14,30,Home
2016,2016-10-30,NO,SEA,W,25,20,Home
2016,2016-10-30,TB,LV,L,24,30,Home
2016,2016-10-31,CHI,MIN,W,20,10,Home
2016,2016-11-03,TB,ATL,L,28,43,Home
2016,2016-11-06,BAL,PIT,W,21,14,Home
2016,2016-11-06,CLE,DAL,L,10,35,Home
2016,2016-11-06,GB,IND,L,26,31,Home
2016,2016-11-06,KC,JAX,W,19,14,Home
2016,2016-11-06,LAC,TEN,W,43,35,Home
2016,2016-11-06,LAR,CAR,L,10,13,Home
2016,2016-11-06,LV,DEN,W,30,20,Home
2016,2016-11-06,MIA,NYJ,W,27,23,Home
2016,2016-11-06,MIN,DET,L,16,22,Home
2016,2016-11-06,NYG,PHI,W,28,23,Home
2016,2016-11-06,SF,NO,L,23,41,Home
2016,2016-11-07,SEA,BUF,W,31,25,Home
2016,2016-11-10,BAL,CLE,W,28,7,Home
2016,2016-11-13,ARI,SF,W,23,20,Home
2016,2016-11-13,CAR,KC,L,17,20,Home
2016,2016-11-13,JAX,HOU,L,21,24,Home
2016,2016-11-13,LAC,MIA,L,24,31,Home
2016,2016-11-13,NE,SEA,L,24,31,Home
2016,2016-11-13,NO,DEN,L,23,25,Home
2016,2016-11-13,NYJ,LAR,L,6,9,Home
2016,2016-11-13,PHI,ATL,W,24,15,Home
2016,2016-11-13,PIT,DAL,L,30,35,Home
2016,2016-11-13,TB,CHI,W,36,10,Home
2016,2016-11-13,TEN,GB,W,47,25,Home
2016,2016-11-13,WAS,MIN,W,26,20,Home
2016,2016-11-14,NYG,CIN,W,21,20,Home
2016,2016-11-17,CAR,NO,W,23,20,Home
2016,2016-11-20,CIN,BUF,L,12,16,Home
2016,2016-11-20,CLE,PIT,L,9,24,Home
2016,2016-11-20,DAL,BAL,W,27,17,Home
2016,2016-11-20,DET,JAX,W,26,19,Home
2016,2016-11-20,IND,TEN,W,24,17,Home
2016,2016-11-20,KC,TB,L,17,19,Home
2016,2016-11-20,LAR,MIA,L,10,14,Home
2016,2016-11-20,MIN,ARI,W,30,24,Home
2016,2016-11-20,NYG,CHI,W,22,16,Home
2016,2016-11-20,SEA,PHI,W,26,15,Home
2016,2016-11-20,SF,NE,L,17,30,Home
2016,2016-11-20,WAS,GB,W,42,24,Home
2016,2016-11-21,LV,HOU,W,27,20,Home
2016,2016-11-24,DAL,WAS,W,31,26,Home
2016,2016-11-24,DET,MIN,W,16,13,Home
2016,2016-11-24,IND,PIT,L,7,28,Home
2016,2016-11-27,ATL,ARI,W,38,19,Home
2016,2016-11-27,BAL,CIN,W,19,14,Home
2016,2016-11-27,BUF,JAX,W,28,21,Home
2016,2016-11-27,CHI,TEN,L,21,27,Home
2016,2016-11-27,CLE,NYG,L,13,27,Home
2016,2016-11-27,DEN,KC,L,27,30,Home
2016,2016-11-27,HOU,LAC,L,13,21,Home
2016,2016-11-27,LV,CAR,W,35,32,Home
2016,2016-11-27,MIA,SF,W,31,24,Home
2016,2016-11-27,NO,LAR,W,49,21,Home
2016,2016-11-27,NYJ,NE,L,17,22,Home
2016,2016-11-27,TB,SEA,W,14,5,Home
2016,2016-11-28,PHI,GB,L,13,27,Home
2016,2016-12-01,MIN,DAL,L,15,17,Home
2016,2016-12-04,ARI,WAS,W,31,23,Home
2016,2016-12-04,ATL,KC,L,28,29,Home
2016,2016-12-04,BAL,MIA,W,38,6,Home
2016,2016-12-04,CHI,SF,W,26,6,Home
2016,2016-12-04,CIN,PHI,W,32,14,Home
2016,2016-12-04,GB,HOU,W,21,13,Home
2016,2016-12-04,JAX,DEN,L,10,20,Home
2016,2016-12-04,LAC,TB,L,21,28,Home
2016,2016-12-04,LV,BUF,W,38,24,Home
2016,2016-12-04,NE,LAR,W,26,10,Home
2016,2016-12-04,NO,DET,L,13,28,Home
2016,2016-12-04,PIT,NYG,W,24,14,Home
2016,2016-12-04,SEA,CAR,W,40,7,Home
2016,2016-12-05,NYJ,IND,L,10,41,Home
2016,2016-12-08,KC,LV,W,21,13,Home
2016,2016-12-11,BUF,PIT,L,20,27,Home
2016,2016-12-11,CAR,LAC,W,28,16,Home
2016,2016-12-11,CLE,CIN,L,10,23,Home
2016,2016-12-11,DET,CHI,W,20,17,Home
2016,2016-12-11,GB,SEA,W,38,10,Home
2016,2016-12-11,IND,HOU,L,17,22,Home
2016,2016-12-11,JAX,MIN,L,16,25,Home
2016,2016-12-11,LAR,ATL,L,14,42,Home
2016,2016-12-11,MIA,ARI,W,26,23,Home
2016,2016-12-11,NYG,DAL,W,10,7,Home
2016,2016-12-11,PHI,WAS,L,22,27,Home
2016,2016-12-11,SF,NYJ,L,17,23,Home
2016,2016-12-11,TB,NO,W,16,11,Home
2016,2016-12-11,TEN,DEN,W,13,10,Home
2016,2016-12-12,NE,BAL,W,30,23,Home
2016,2016-12-15,SEA,LAR,W,24,3,Home
2016,2016-12-17,NYJ,MIA,L,13,34,Home
2016,2016-12-18,ARI,NO,L,41,48,Home
2016,2016-12-18,ATL,SF,W,41,13,Home
2016,2016-12-18,BAL,PHI,W,27,26,Home
2016,2016-12-18,BUF,CLE,W,33,13,Home
2016,2016-12-18,CHI,GB,L,27,30,Home
2016,2016-12-18,CIN,PIT,L,20,24,Home
2016,2016-12-18,DAL,TB,W,26,20,Home
2016,2016-12-18,DEN,NE,L,3,16,Home
2016,2016-12-18,HOU,JAX,W,21,20,Home
2016,2016-12-18,KC,TEN,L,17,19,Home
2016,2016-12-18,LAC,LV,L,16,19,Home
2016,2016-12-18,MIN,IND,L,6,34,Home
2016,2016-12-18,NYG,DET,W,17,6,Home
2016,2016-12-19,WAS,CAR,L,15,26,Home
2016,2016-12-22,PHI,NYG,W,24,19,Home
2016,2016-12-24,BUF,MIA,L,31,34,Home
2016,2016-12-24,CAR,ATL,L,16,33,Home
2016,2016-12-24,CHI,WAS,L,21,41,Home
2016,2016-12-24,CLE,LAC,W,20,17,Home
2016,2016-12-24,GB,MIN,W,38,25,Home
2016,2016-12-24,HOU,CIN,W,12,10,Home
2016,2016-12-24,JAX,TEN,W,38,17,Home
2016,2016-12-24,LAR,SF,L,21,22,Home
2016,2016-12-24,LV,IND,W,33,25,Home
2016,2016-12-24,NE,NYJ,W,41,3,Home
2016,2016-12-24,NO,TB,W,31,24,Home
2016,2016-12-24,SEA,ARI,L,31,34,Home
2016,2016-12-25,KC,DEN,W,33,10,Home
2016,2016-12-25,PIT,BAL,W,31,27,Home
2016,2016-12-26,DAL,DET,W,42,21,Home
2016,2017-01-01,ATL,NO,W,38,32,Home
2016,2017-01-01,CIN,BAL,W,27,10,Home
2016,2017-01-01,DEN,LV,W,24,6,Home
2016,2017-01-01,DET,GB,L,24,31,Home
2016,2017-01-01,IND,JAX,W,24,20,Home
2016,2017-01-01,LAC,KC,L,27,37,Home
2016,2017-01-01,LAR,ARI,L,6,44,Home
2016,2017-01-01,MIA,NE,L,14,35,Home
2016,2017-01-01,MIN,CHI,W,38,10,Home
2016,2017-01-01,NYJ,BUF,W,30,10,Home
2016,2017-01-01,PHI,DAL,W,27,13,Home
2016,2017-01-01,PIT,CLE,W,27,24,Home
2016,2017-01-01,SF,SEA,L,23,25,Home
2016,2017-01-01,TB,CAR,W,17,16,Home
2016,2017-01-01,TEN,HOU,W,24,17,Home
2016,2017-01-01,WAS,NYG,L,10,19,Home
2017,2017-09-07,NE,KC,L,27,42,Home
2017,2017-09-10,BUF,NYJ,W,21,12,Home
2017,2017-09-10,CHI,ATL,L,17,23,Home
2017,2017-09-10,CIN,BAL,L,0,20,Home
2017,2017-09-10,CLE,PIT,L,18,21,Home
2017,2017-09-10,DAL,NYG,W,19,3,Home
2017,2017-09-10,DET,ARI,W,35,23,Home
2017,2017-09-10,GB,SEA,W,17,9,Home
2017,2017-09-10,HOU,JAX,L,7,29,Home
2017,2017-09-10,LAR,IND,W,46,9,Home
2017,2017-09-10,SF,CAR,L,3,23,Home
2017,2017-09-10,TEN,LV,L,16,26,Home
2017,2017-09-10,WAS,PHI,L,17,30,Home
2017,2017-09-11,DEN,LAC,W,24,21,Home
2017,2017-09-11,MIN,NO,W,29,19,Home
2017,2017-09-14,CIN,HOU,L,9,13,Home
2017,2017-09-17,ATL,GB,W,34,23,Home
2017,2017-09-17,BAL,CLE,W,24,10,Home
2017,2017-09-17,CAR,BUF,W,9,3,Home
2017,2017-09-17,DEN,DAL,W,42,17,Home
2017,2017-09-17,IND,ARI,L,13,16,Home
2017,2017-09-17,JAX,TEN,L,16,37,Home
2017,2017-09-17,KC,PHI,W,27,20,Home
2017,2017-09-17,LAC,MIA,L,17,19,Home
2017,2017-09-17,LAR,WAS,L,20,27,Home
2017,2017-09-17,LV,NYJ,W,45,20,Home
2017,2017-09-17,NO,NE,L,20,36,Home
2017,2017-09-17,PIT,MIN,W,26,9,Home
2017,2017-09-17,SEA,SF,W,12,9,Home
2017,2017-09-17,TB,CHI,W,29,7,Home
2017,2017-09-18,NYG,DET,L,10,24,Home
2017,2017-09-21,SF,LAR,L,39,41,Home
2017,2017-09-24,BUF,DEN,W,26,16,Home
2017,2017-09-24,CAR,NO,L,13,34,Home
2017,2017-09-24,CHI,PIT,W,23,17,Home
2017,2017-09-24,DET,ATL,L,26,30,Home
2017,2017-09-24,GB,CIN,W,27,24,Home
2017,2017-09-24,IND,CLE,W,31,28,Home
2017,2017-09-24,JAX,BAL,W,44,7,Home
2017,2017-09-24,LAC,KC,L,10,24,Home
2017,2017-09-24,MIN,TB,W,34,17,Home
2017,2017-09-24,NE,HOU,W,36,33,Home
2017,2017-09-24,NYJ,MIA,W,20,6,Home
2017,2017-09-24,PHI,NYG,W,27,24,Home
2017,2017-09-24,TEN,SEA,W,33,27,Home
2017,2017-09-24,WAS,LV,W,27,10,Home
2017,2017-09-25,ARI,DAL,L,17,28,Home
2017,2017-09-28,GB,CHI,W,35,14,Home
2017,2017-10-01,ARI,SF,W,18,15,Home
2017,2017-10-01,ATL,BUF,L,17,23,Home
2017,2017-10-01,BAL,PIT,L,9,26,Home
2017,2017-10-01,CLE,CIN,L,7,31,Home
2017,2017-10-01,DAL,LAR,L,30,35,Home
2017,2017-10-01,DEN,LV,W,16,10,Home
2017,2017-10-01,HOU,TEN,W,57,14,Home
2017,2017-10-01,LAC,PHI,L,24,26,Home
2017,2017-10-01,MIA,NO,L,0,20,Home
2017,2017-10-01,MIN,DET,L,7,14,Home
2017,2017-10-01,NE,CAR,L,30,33,Home
2017,2017-10-01,NYJ,JAX,W,23,20,Home
2017,2017-10-01,SEA,IND,W,46,17,Home
2017,2017-10-01,TB,NYG,W,25,23,Home
2017,2017-10-02,KC,WAS,W,29,20,Home
2017,2017-10-05,TB,NE,L,14,19,Home
2017,2017-10-08,CIN,BUF,W,20,16,Home
2017,2017-10-08,CLE,NYJ,L,14,17,Home
2017,2017-10-08,DAL,GB,L,31,35,Home
2017,2017-10-08,DET,CAR,L,24,27,Home
2017,2017-10-08,HOU,KC,L,34,42,Home
2017,2017-10-08,IND,SF,W,26,23,Home
2017,2017-10-08,LAR,SEA,L,10,16,Home
2017,2017-10-08,LV,BAL,L,17,30,Home
2017,2017-10-08,MIA,TEN,W,16,10,Home
2017,2017-10-08,NYG,LAC,L,22,27,Home
2017,2017-10-08,PHI,ARI,W,34,7,Home
2017,2017-10-08,PIT,JAX,L,9,30,Home
2017,2017-10-09,CHI,MIN,L,17,20,Home
2017,2017-10-12,CAR,PHI,L,23,28,Home
2017,2017-10-15,ARI,TB,W,38,33,Home
2017,2017-10-15,ATL,MIA,L,17,20,Home
2017,2017-10-15,BAL,CHI,L,24,27,Home
2017,2017-10-15,DEN,NYG,L,10,23,Home
2017,2017-10-15,HOU,CLE,W,33,17,Home
2017,2017-10-15,JAX,LAR,L,17,27,Home
2017,2017-10-15,KC,PIT,L,13,19,Home
2017,2017-10-15,LV,LAC,L,16,17,Home
2017,2017-10-15,MIN,GB,W,23,10,Home
2017,2017-10-15,NO,DET,W,52,38,Home
2017,2017-10-15,NYJ,NE,L,17,24,Home
2017,2017-10-15,WAS,SF,W,26,24,Home
2017,2017-10-16,TEN,IND,W,36,22,Home
2017,2017-10-19,LV,KC,W,31,30,Home
2017,2017-10-22,BUF,TB,W,30,27,Home
2017,2017-10-22,CHI,CAR,W,17,3,Home
2017,2017-10-22,CLE,TEN,L,9,12,Home
2017,2017-10-22,GB,NO,L,17,26,Home
2017,2017-10-22,IND,JAX,L,0,27,Home
2017,2017-10-22,LAC,DEN,W,21,0,Home
2017,2017-10-22,LAR,ARI,W,33,0,Home
2017,2017-10-22,MIA,NYJ,W,31,28,Home
2017,2017-10-22,MIN,BAL,W,24,16,Home
2017,2017-10-22,NE,ATL,W,23,7,Home
2017,2017-10-22,NYG,SEA,L,7,24,Home
2017,2017-10-22,PIT,CIN,W,29,14,Home
2017,2017-10-22,SF,DAL,L,10,40,Home
2017,2017-10-23,PHI,WAS,W,34,24,Home
2017,2017-10-26,BAL,MIA,W,40,0,Home
2017,2017-10-29,BUF,LV,W,34,14,Home
2017,2017-10-29,CIN,IND,W,24,23,Home
2017,2017-10-29,CLE,MIN,L,16,33,Home
2017,2017-10-29,DET,PIT,L,15,20,Home
2017,2017-10-29,NE,LAC,W,21,13,Home
2017,2017-10-29,NO,CHI,W,20,12,Home
2017,2017-10-29,NYJ,ATL,L,20,25,Home
2017,2017-10-29,PHI,SF,W,33,10,Home
2017,2017-10-29,SEA,HOU,W,41,38,Home
2017,2017-10-29,TB,CAR,L,3,17,Home
2017,2017-10-29,WAS,DAL,L,19,33,Home
2017,2017-10-30,KC,DEN,W,29,19,Home
2017,2017-11-02,NYJ,BUF,W,34,21,Home
2017,2017-11-05,CAR,ATL,W,20,17,Home
2017,2017-11-05,DAL,KC,W,28,17,Home
2017,2017-11-05,HOU,IND,L,14,20,Home
2017,2017-11-05,JAX,CIN,W,23,7,Home
2017,2017-11-05,MIA,LV,L,24,27,Home
2017,2017-11-05,NO,TB,W,30,10,Home
2017,2017-11-05,NYG,LAR,L,17,51,Home
2017,2017-11-05,PHI,DEN,W,51,23,Home
2017,2017-11-05,SEA,WAS,L,14,17,Home
2017,2017-11-05,SF,ARI,L,10,20,Home
2017,2017-11-05,TEN,BAL,W,23,20,Home
2017,2017-11-06,GB,DET,L,17,30,Home
2017,2017-11-09,ARI,SEA,L,16,22,Home
2017,2017-11-12,ATL,DAL,W,27,7,Home
2017,2017-11-12,BUF,NO,L,10,47,Home
2017,2017-11-12,CHI,GB,L,16,23,Home
2017,2017-11-12,DEN,NE,L,16,41,Home
2017,2017-11-12,DET,CLE,W,38,24,Home
2017,2017-11-12,IND,PIT,L,17,20,Home
2017,2017-11-12,JAX,LAC,W,20,17,Home
2017,2017-11-12,LAR,HOU,W,33,7,Home
2017,2017-11-12,SF,NYG,W,31,21,Home
2017,2017-11-12,TB,NYJ,W,15,10,Home
2017,2017-11-12,TEN,CIN,W,24,20,Home
2017,2017-11-12,WAS,MIN,L,30,38,Home
2017,2017-11-13,CAR,MIA,W,45,21,Home
2017,2017-11-16,PIT,TEN,W,40,17,Home
2017,2017-11-19,CHI,DET,L,24,27,Home
2017,2017-11-19,CLE,JAX,L,7,19,Home
2017,2017-11-19,DAL,PHI,L,9,37,Home
2017,2017-11-19,DEN,CIN,L,17,20,Home
2017,2017-11-19,GB,BAL,L,0,23,Home
2017,2017-11-19,HOU,ARI,W,31,21,Home
2017,2017-11-19,LAC,BUF,W,54,24,Home
2017,2017-11-19,LV,NE,L,8,33,Home
2017,2017-11-19,MIA,TB,L,20,30,Home
2017,2017-11-19,MIN,LAR,W,24,7,Home
2017,2017-11-19,NO,WAS,W,34,31,Home
2017,2017-11-19,NYG,KC,W,12,9,Home
2017,2017-11-20,SEA,ATL,L,31,34,Home
2017,2017-11-23,DAL,LAC,L,6,28,Home
2017,2017-11-23,DET,MIN,L,23,30,Home
2017,2017-11-23,WAS,NYG,W,20,10,Home
2017,2017-11-26,ARI,JAX,W,27,24,Home
2017,2017-11-26,ATL,TB,W,34,20,Home
2017,2017-11-26,CIN,CLE,W,30,16,Home
2017,2017-11-26,IND,TEN,L,16,20,Home
2017,2017-11-26,KC,BUF,L,10,16,Home
2017,2017-11-26,LAR,NO,W,26,20,Home
2017,2017-11-26,LV,DEN,W,21,14,Home
2017,2017-11-26,NE,MIA,W,35,17,Home
2017,2017-11-26,NYJ,CAR,L,27,35,Home
2017,2017-11-26,PHI,CHI,W,31,3,Home
2017,2017-11-26,PIT,GB,W,31,28,Home
2017,2017-11-26,SF,SEA,L,13,24,Home
2017,2017-11-27,BAL,HOU,W,23,16,Home
2017,2017-11-30,DAL,WAS,W,38,14,Home
2017,2017-12-03,ARI,LAR,L,16,32,Home
2017,2017-12-03,ATL,MIN,L,9,14,Home
2017,2017-12-03,BAL,DET,W,44,20,Home
2017,2017-12-03,BUF,NE,L,3,23,Home
2017,2017-12-03,CHI,SF,L,14,15,Home
2017,2017-12-03,GB,TB,W,26,20,Home
2017,2017-12-03,JAX,IND,W,30,10,Home
2017,2017-12-03,LAC,CLE,W,19,10,Home
2017,2017-12-03,LV,NYG,W,24,17,Home
2017,2017-12-03,MIA,DEN,W,35,9,Home
2017,2017-12-03,NO,CAR,W,31,21,Home
2017,2017-12-03,NYJ,KC,W,38,31,Home
2017,2017-12-03,SEA,PHI,W,24,10,Home
2017,2017-12-03,TEN,HOU,W,24,13,Home
2017,2017-12-04,CIN,PIT,L,20,23,Home
2017,2017-12-07,ATL,NO,W,20,17,Home
2017,2017-12-10,ARI,TEN,W,12,7,Home
2017,2017-12-10,BUF,IND,W,13,7,Home
2017,2017-12-10,CAR,MIN,W,31,24,Home
2017,2017-12-10,CIN,CHI,L,7,33,Home
2017,2017-12-10,CLE,GB,L,21,27,Home
2017,2017-12-10,DEN,NYJ,W,23,0,Home
2017,2017-12-10,HOU,SF,L,16,26,Home
2017,2017-12-10,JAX,SEA,W,30,24,Home
2017,2017-12-10,KC,LV,W,26,15,Home
2017,2017-12-10,LAC,WAS,W,30,13,Home
2017,2017-12-10,LAR,PHI,L,35,43,Home
2017,2017-12-10,NYG,DAL,L,10,30,Home
2017,2017-12-10,PIT,BAL,W,39,38,Home
2017,2017-12-10,TB,DET,L,21,24,Home
2017,2017-12-11,MIA,NE,W,27,20,Home
2017,2017-12-14,IND,DEN,L,13,25,Home
2017,2017-12-16,DET,CHI,W,20,10,Home
2017,2017-12-16,KC,LAC,W,30,13,Home
2017,2017-12-17,BUF,MIA,W,24,16,Home
2017,2017-12-17,CAR,GB,W,31,24,Home
2017,2017-12-17,CLE,BAL,L,10,27,Home
2017,2017-12-17,JAX,HOU,W,45,7,Home
2017,2017-12-17,LV,DAL,L,17,20,Home
2017,2017-12-17,MIN,CIN,W,34,7,Home
2017,2017-12-17,NO,NYJ,W,31,19,Home
2017,2017-12-17,NYG,PHI,L,29,34,Home
2017,2017-12-17,PIT,NE,L,24,27,Home
2017,2017-12-17,SEA,LAR,L,7,42,Home
2017,2017-12-17,SF,TEN,W,25,23,Home
2017,2017-12-17,WAS,ARI,W,20,15,Home
2017,2017-12-18,TB,ATL,L,21,24,Home
2017,2017-12-23,BAL,IND,W,23,16,Home
2017,2017-12-23,GB,MIN,L,0,16,Home
2017,2017-12-24,ARI,NYG,W,23,0,Home
2017,2017-12-24,CAR,TB,W,22,19,Home
2017,2017-12-24,CHI,CLE,W,20,3,Home
2017,2017-12-24,CIN,DET,W,26,17,Home
2017,2017-12-24,DAL,SEA,L,12,21,Home
2017,2017-12-24,KC,MIA,W,29,13,Home
2017,2017-12-24,NE,BUF,W,37,16,Home
2017,2017-12-24,NO,ATL,W,23,13,Home
2017,2017-12-24,NYJ,LAC,L,7,14,Home
2017,2017-12-24,SF,JAX,W,44,33,Home
2017,2017-12-24,TEN,LAR,L,23,27,Home
2017,2017-12-24,WAS,DEN,W,27,11,Home
2017,2017-12-25,HOU,PIT,L,6,34,Home
2017,2017-12-25,PHI,LV,W,19,10,Home
2017,2017-12-31,ATL,CAR,W,22,10,Home
2017,2017-12-31,BAL,CIN,L,27,31,Home
2017,2017-12-31,DEN,KC,L,24,27,Home
2017,2017-12-31,DET,GB,W,35,11,Home
2017,2017-12-31,IND,HOU,W,22,13,Home
2017,2017-12-31,LAC,LV,W,30,10,Home
2017,2017-12-31,LAR,SF,L,13,34,Home
2017,2017-12-31,MIA,BUF,L,16,22,Home
2017,2017-12-31,MIN,CHI,W,23,10,Home
2017,2017-12-31,NE,NYJ,W,26,6,Home
2017,2017-12-31,NYG,WAS,W,18,10,Home
2017,2017-12-31,PHI,DAL,L,0,6,Home
2017,2017-12-31,PIT,CLE,W,28,24,Home
2017,2017-12-31,SEA,ARI,L,24,26,Home
2017,2017-12-31,TB,NO,W,31,24,Home
2017,2017-12-31,TEN,JAX,W,15,10,Home
2018,2018-09-06,PHI,ATL,W,18,12,Home
2018,2018-09-09,ARI,WAS,L,6,24,Home
2018,2018-09-09,BAL,BUF,W,47,3,Home
2018,2018-09-09,CAR,DAL,W,16,8,Home
2018,2018-09-09,CLE,PIT,T,21,21,Home
2018,2018-09-09,DEN,SEA,W,27,24,Home
2018,2018-09-09,GB,CHI,W,24,23,Home
2018,2018-09-09,IND,CIN,L,23,34,Home
2018,2018-09-09,LAC,KC,L,28,38,Home
2018,2018-09-09,MIA,TEN,W,27,20,Home
2018,2018-09-09,MIN,SF,W,24,16,Home
2018,2018-09-09,NE,HOU,W,27,20,Home
2018,2018-09-09,NO,TB,L,40,48,Home
2018,2018-09-09,NYG,JAX,L,15,20,Home
2018,2018-09-10,DET,NYJ,L,17,48,Home
2018,2018-09-10,LV,LAR,L,13,33,Home
2018,2018-09-13,CIN,BAL,W,34,23,Home
2018,2018-09-16,ATL,CAR,W,31,24,Home
2018,2018-09-16,BUF,LAC,L,20,31,Home
2018,2018-09-16,DAL,NYG,W,20,13,Home
2018,2018-09-16,DEN,LV,W,20,19,Home
2018,2018-09-16,GB,MIN,T,29,29,Home
2018,2018-09-16,JAX,NE,W,31,20,Home
2018,2018-09-16,LAR,ARI,W,34,0,Home
2018,2018-09-16,NO,CLE,W,21,18,Home
2018,2018-09-16,NYJ,MIA,L,12,20,Home
2018,2018-09-16,PIT,KC,L,37,42,Home
2018,2018-09-16,SF,DET,W,30,27,Home
2018,2018-09-16,TB,PHI,W,27,21,Home
2018,2018-09-16,TEN,HOU,W,20,17,Home
2018,2018-09-16,WAS,IND,L,9,21,Home
2018,2018-09-17,CHI,SEA,W,24,17,Home
2018,2018-09-20,CLE,NYJ,W,21,17,Home
2018,2018-09-23,ARI,CHI,L,14,16,Home
2018,2018-09-23,ATL,NO,L,37,43,Home
2018,2018-09-23,BAL,DEN,W,27,14,Home
2018,2018-09-23,CAR,CIN,W,31,21,Home
2018,2018-09-23,DET,NE,W,26,10,Home
2018,2018-09-23,HOU,NYG,L,22,27,Home
2018,2018-09-23,JAX,TEN,L,6,9,Home
2018,2018-09-23,KC,SF,W,38,27,Home
2018,2018-09-23,LAR,LAC,W,35,23,Home
2018,2018-09-23,MIA,LV,W,28,20,Home
2018,2018-09-23,MIN,BUF,L,6,27,Home
2018,2018-09-23,PHI,IND,W,20,16,Home
2018,2018-09-23,SEA,DAL,W,24,13,Home
2018,2018-09-23,WAS,GB,W,31,17,Home
2018,2018-09-24,TB,PIT,L,27,30,Home
2018,2018-09-27,LAR,MIN,W,38,31,Home
2018,2018-09-30,ARI,SEA,L,17,20,Home
2018,2018-09-30,ATL,CIN,L,36,37,Home
2018,2018-09-30,CHI,TB,W,48,10,Home
2018,2018-09-30,DAL,DET,W,26,24,Home
2018,2018-09-30,GB,BUF,W,22,0,Home
2018,2018-09-30,IND,HOU,L,34,37,Home
2018,2018-09-30,JAX,NYJ,W,31,12,Home
2018,2018-09-30,LAC,SF,W,29,27,Home
2018,2018-09-30,LV,CLE,W,45,42,Home
2018,2018-09-30,NE,MIA,W,38,7,Home
2018,2018-09-30,NYG,NO,L,18,33,Home
2018,2018-09-30,PIT,BAL,L,14,26,Home
2018,2018-09-30,TEN,PHI,W,26,23,Home
2018,2018-10-01,DEN,KC,L,23,27,Home
2018,2018-10-04,NE,IND,W,38,24,Home
2018,2018-10-07,BUF,TEN,W,13,12,Home
2018,2018-10-07,CAR,NYG,W,33,31,Home
2018,2018-10-07,CIN,MIA,W,27,17,Home
2018,2018-10-07,CLE,BAL,W,12,9,Home
2018,2018-10-07,DET,GB,W,31,23,Home
2018,2018-10-07,HOU,DAL,W,19,16,Home
2018,2018-10-07,KC,JAX,W,30,14,Home
2018,2018-10-07,LAC,LV,W,26,10,Home
2018,2018-10-07,NYJ,DEN,W,34,16,Home
2018,2018-10-07,PHI,MIN,L,21,23,Home
2018,2018-10-07,PIT,ATL,W,41,17,Home
2018,2018-10-07,SEA,LAR,L,31,33,Home
2018,2018-10-07,SF,ARI,L,18,28,Home
2018,2018-10-08,NO,WAS,W,43,19,Home
2018,2018-10-11,NYG,PHI,L,13,34,Home
2018,2018-10-14,ATL,TB,W,34,29,Home
2018,2018-10-14,CIN,PIT,L,21,28,Home
2018,2018-10-14,CLE,LAC,L,14,38,Home
2018,2018-10-14,DAL,JAX,W,40,7,Home
2018,2018-10-14,DEN,LAR,L,20,23,Home
2018,2018-10-14,HOU,BUF,W,20,13,Home
2018,2018-10-14,LV,SEA,L,3,27,Home
2018,2018-10-14,MIA,CHI,W,31,28,Home
2018,2018-10-14,MIN,ARI,W,27,17,Home
2018,2018-10-14,NE,KC,W,43,40,Home
2018,2018-10-14,NYJ,IND,W,42,34,Home
2018,2018-10-14,TEN,BAL,L,0,21,Home
2018,2018-10-14,WAS,CAR,W,23,17,Home
2018,2018-10-15,GB,SF,W,33,30,Home
2018,2018-10-18,ARI,DEN,L,10,45,Home
2018,2018-10-21,BAL,NO,L,23,24,Home
2018,2018-10-21,CHI,NE,L,31,38,Home
2018,2018-10-21,IND,BUF,W,37,5,Home
2018,2018-10-21,JAX,HOU,L,7,20,Home
2018,2018-10-21,KC,CIN,W,45,10,Home
2018,2018-10-21,LAC,TEN,W,20,19,Home
2018,2018-10-21,MIA,DET,L,21,32,Home
2018,2018-10-21,NYJ,MIN,L,17,37,Home
2018,2018-10-21,PHI,CAR,L,17,21,Home
2018,2018-10-21,SF,LAR,L,10,39,Home
2018,2018-10-21,TB,CLE,W,26,23,Home
2018,2018-10-21,WAS,DAL,W,20,17,Home
2018,2018-10-22,ATL,NYG,W,23,20,Home
2018,2018-10-25,HOU,MIA,W,42,23,Home
2018,2018-10-28,ARI,SF,W,18,15,Home
2018,2018-10-28,CAR,BAL,W,36,21,Home
2018,2018-10-28,CHI,NYJ,W,24,10,Home
2018,2018-10-28,CIN,TB,W,37,34,Home
2018,2018-10-28,DET,SEA,L,14,28,Home
2018,2018-10-28,JAX,PHI,L,18,24,Home
2018,2018-10-28,KC,DEN,W,30,23,Home
2018,2018-10-28,LAR,GB,W,29,27,Home
2018,2018-10-28,LV,IND,L,28,42,Home
2018,2018-10-28,MIN,NO,L,20,30,Home
2018,2018-10-28,NYG,WAS,L,13,20,Home
2018,2018-10-28,PIT,CLE,W,33,18,Home
2018,2018-10-29,BUF,NE,L,6,25,Home
2018,2018-11-01,SF,LV,W,34,3,Home
2018,2018-11-04,BAL,PIT,L,16,23,Home
2018,2018-11-04,BUF,CHI,L,9,41,Home
2018,2018-11-04,CAR,TB,W,42,28,Home
2018,2018-11-04,CLE,KC,L,21,37,Home
2018,2018-11-04,DEN,HOU,L,17,19,Home
2018,2018-11-04,MIA,NYJ,W,13,6,Home
2018,2018-11-04,MIN,DET,W,24,9,Home
2018,2018-11-04,NE,GB,W,31,17,Home
2018,2018-11-04,NO,LAR,W,45,35,Home
2018,2018-11-04,SEA,LAC,L,17,25,Home
2018,2018-11-04,WAS,ATL,L,14,38,Home
2018,2018-11-05,DAL,TEN,L,14,28,Home
2018,2018-11-08,PIT,CAR,W,52,21,Home
2018,2018-11-11,CHI,DET,W,34,22,Home
2018,2018-11-11,CIN,NO,L,14,51,Home
2018,2018-11-11,CLE,ATL,W,28,16,Home
2018,2018-11-11,GB,MIA,W,31,12,Home
2018,2018-11-11,IND,JAX,W,29,26,Home
2018,2018-11-11,KC,ARI,W,26,14,Home
2018,2018-11-11,LAR,SEA,W,36,31,Home
2018,2018-11-11,LV,LAC,L,6,20,Home
2018,2018-11-11,NYJ,BUF,L,10,41,Home
2018,2018-11-11,PHI,DAL,L,20,27,Home
2018,2018-11-11,TB,WAS,L,3,16,Home
2018,2018-11-11,TEN,NE,W,34,10,Home
2018,2018-11-12,SF,NYG,L,23,27,Home
2018,2018-11-15,SEA,GB,W,27,24,Home
2018,2018-11-18,ARI,LV,L,21,23,Home
2018,2018-11-18,ATL,DAL,L,19,22,Home
2018,2018-11-18,BAL,CIN,W,24,21,Home
2018,2018-11-18,CHI,MIN,W,25,20,Home
2018,2018-11-18,DET,CAR,W,20,19,Home
2018,2018-11-18,IND,TEN,W,38,10,Home
2018,2018-11-18,JAX,PIT,L,16,20,Home
2018,2018-11-18,LAC,DEN,L,22,23,Home
2018,2018-11-18,NO,PHI,W,48,7,Home
2018,2018-11-18,NYG,TB,W,38,35,Home
2018,2018-11-18,WAS,HOU,L,21,23,Home
2018,2018-11-19,LAR,KC,W,54,51,Home
2018,2018-11-22,DAL,WAS,W,31,23,Home
2018,2018-11-22,DET,CHI,L,16,23,Home
2018,2018-11-22,NO,ATL,W,31,17,Home
2018,2018-11-25,BAL,LV,W,34,17,Home
2018,2018-11-25,BUF,JAX,W,24,21,Home
2018,2018-11-25,CAR,SEA,L,27,30,Home
2018,2018-11-25,CIN,CLE,L,20,35,Home
2018,2018-11-25,DEN,PIT,W,24,17,Home
2018,2018-11-25,IND,MIA,W,27,24,Home
2018,2018-11-25,LAC,ARI,W,45,10,Home
2018,2018-11-25,MIN,GB,W,24,17,Home
2018,2018-11-25,NYJ,NE,L,13,27,Home
2018,2018-11-25,PHI,NYG,W,25,22,Home
2018,2018-11-25,TB,SF,W,27,9,Home
2018,2018-11-26,HOU,TEN,W,34,17,Home
2018,2018-11-29,DAL,NO,W,13,10,Home
2018,2018-12-02,ATL,BAL,L,16,26,Home
2018,2018-12-02,CIN,DEN,L,10,24,Home
2018,2018-12-02,DET,LAR,L,16,30,Home
2018,2018-12-02,GB,ARI,L,17,20,Home
2018,2018-12-02,HOU,CLE,W,29,13,Home
2018,2018-12-02,JAX,IND,W,6,0,Home
2018,2018-12-02,LV,KC,L,33,40,Home
2018,2018-12-02,MIA,BUF,W,21,17,Home
2018,2018-12-02,NE,MIN,W,24,10,Home
2018,2018-12-02,NYG,CHI,W,30,27,Home
2018,2018-12-02,PIT,LAC,L,30,33,Home
2018,2018-12-02,SEA,SF,W,43,16,Home
2018,2018-12-02,TB,CAR,W,24,17,Home
2018,2018-12-02,TEN,NYJ,W,26,22,Home
2018,2018-12-03,PHI,WAS,W,28,13,Home
2018,2018-12-06,TEN,JAX,W,30,9,Home
2018,2018-12-09,ARI,DET,L,3,17,Home
2018,2018-12-09,BUF,NYJ,L,23,27,Home
2018,2018-12-09,CHI,LAR,W,15,6,Home
2018,2018-12-09,CLE,CAR,W,26,20,Home
2018,2018-12-09,DAL,PHI,W,29,23,Home
2018,2018-12-09,GB,ATL,W,34,20,Home
2018,2018-12-09,HOU,IND,L,21,24,Home
2018,2018-12-09,KC,BAL,W,27,24,Home
2018,2018-12-09,LAC,CIN,W,26,21,Home
2018,2018-12-09,LV,PIT,W,24,21,Home
2018,2018-12-09,MIA,NE,W,34,33,Home
2018,2018-12-09,SF,DEN,W,20,14,Home
2018,2018-12-09,TB,NO,L,14,28,Home
2018,2018-12-09,WAS,NYG,L,16,40,Home
2018,2018-12-10,SEA,MIN,W,21,7,Home
2018,2018-12-13,KC,LAC,L,28,29,Home
2018,2018-12-15,DEN,CLE,L,16,17,Home
2018,2018-12-15,NYJ,HOU,L,22,29,Home
2018,2018-12-16,ATL,ARI,W,40,14,Home
2018,2018-12-16,BAL,TB,W,20,12,Home
2018,2018-12-16,BUF,DET,W,14,13,Home
2018,2018-12-16,CHI,GB,W,24,17,Home
2018,2018-12-16,CIN,LV,W,30,16,Home
2018,2018-12-16,IND,DAL,W,23,0,Home
2018,2018-12-16,JAX,WAS,L,13,16,Home
2018,2018-12-16,LAR,PHI,L,23,30,Home
2018,2018-12-16,MIN,MIA,W,41,17,Home
2018,2018-12-16,NYG,TEN,L,0,17,Home
2018,2018-12-16,PIT,NE,W,17,10,Home
2018,2018-12-16,SF,SEA,W,26,23,Home
2018,2018-12-17,CAR,NO,L,9,12,Home
2018,2018-12-22,LAC,BAL,L,10,22,Home
2018,2018-12-22,TEN,WAS,W,25,16,Home
2018,2018-12-23,ARI,LAR,L,9,31,Home
2018,2018-12-23,CAR,ATL,L,10,24,Home
2018,2018-12-23,CLE,CIN,W,26,18,Home
2018,2018-12-23,DAL,TB,W,27,20,Home
2018,2018-12-23,DET,MIN,L,9,27,Home
2018,2018-12-23,IND,NYG,W,28,27,Home
2018,2018-12-23,MIA,JAX,L,7,17,Home
2018,2018-12-23,NE,BUF,W,24,12,Home
2018,2018-12-23,NO,PIT,W,31,28,Home
2018,2018-12-23,NYJ,GB,L,38,44,Home
2018,2018-12-23,PHI,HOU,W,32,30,Home
2018,2018-12-23,SEA,KC,W,38,31,Home
2018,2018-12-23,SF,CHI,L,9,14,Home
2018,2018-12-24,LV,DEN,W,27,14,Home
2018,2018-12-30,BAL,CLE,W,26,24,Home
2018,2018-12-30,BUF,MIA,W,42,17,Home
2018,2018-12-30,DEN,LAC,L,9,23,Home
2018,2018-12-30,GB,DET,L,0,31,Home
2018,2018-12-30,HOU,JAX,W,20,3,Home
2018,2018-12-30,KC,LV,W,35,3,Home
2018,2018-12-30,LAR,SF,W,48,32,Home
2018,2018-12-30,MIN,CHI,L,10,24,Home
2018,2018-12-30,NE,NYJ,W,38,3,Home
2018,2018-12-30,NO,CAR,L,14,33,Home
2018,2018-12-30,NYG,DAL,L,35,36,Home
2018,2018-12-30,PIT,CIN,W,16,13,Home
2018,2018-12-30,SEA,ARI,W,27,24,Home
2018,2018-12-30,TB,ATL,L,32,34,Home
2018,2018-12-30,TEN,IND,L,17,33,Home
2018,2018-12-30,WAS,PHI,L,0,24,Home
2019,2019-09-05,CHI,GB,L,3,10,Home
2019,2019-09-08,ARI,DET,T,27,27,Home
2019,2019-09-08,CAR,LAR,L,27,30,Home
2019,2019-09-08,CLE,TEN,L,13,43,Home
2019,2019-09-08,DAL,NYG,W,35,17,Home
2019,2019-09-08,JAX,KC,L,26,40,Home
2019,2019-09-08,LAC,IND,W,30,24,Home
2019,2019-09-08,MIA,BAL,L,10,59,Home
2019,2019-09-08,MIN,ATL,W,28,12,Home
2019,2019-09-08,NE,PIT,W,33,3,Home
2019,2019-09-08,NYJ,BUF,L,16,17,Home
2019,2019-09-08,PHI,WAS,W,32,27,Home
2019,2019-09-08,SEA,CIN,W,21,20,Home
2019,2019-09-08,TB,SF,L,17,31,Home
2019,2019-09-09,LV,DEN,W,24,16,Home
2019,2019-09-09,NO,HOU,W,30,28,Home
2019,2019-09-12,CAR,TB,L,14,20,Home
2019,2019-09-15,ATL,PHI,W,24,20,Home
2019,2019-09-15,BAL,ARI,W,23,17,Home
2019,2019-09-15,CIN,SF,L,17,41,Home
2019,2019-09-15,DEN,CHI,L,14,16,Home
2019,2019-09-15,DET,LAC,W,13,10,Home
2019,2019-09-15,GB,MIN,W,21,16,Home
2019,2019-09-15,HOU,JAX,W,13,12,Home
2019,2019-09-15,LAR,NO,W,27,9,Home
2019,2019-09-15,LV,KC,L,10,28,Home
2019,2019-09-15,MIA,NE,L,0,43,Home
2019,2019-09-15,NYG,BUF,L,14,28,Home
2019,2019-09-15,PIT,SEA,L,26,28,Home
2019,2019-09-15,TEN,IND,L,17,19,Home
2019,2019-09-15,WAS,DAL,L,21,31,Home
2019,2019-09-16,NYJ,CLE,L,3,23,Home
2019,2019-09-19,JAX,TEN,W,20,7,Home
2019,2019-09-22,ARI,CAR,L,20,38,Home
2019,2019-09-22,BUF,CIN,W,21,17,Home
2019,2019-09-22,CLE,LAR,L,13,20,Home
2019,2019-09-22,DAL,MIA,W,31,6,Home
2019,2019-09-22,GB,DEN,W,27,16,Home
2019,2019-09-22,IND,ATL,W,27,24,Home
2019,2019-09-22,KC,BAL,W,33,28,Home
2019,2019-09-22,LAC,HOU,L,20,27,Home
2019,2019-09-22,MIN,LV,W,34,14,Home
2019,2019-09-22,NE,NYJ,W,30,14,Home
2019,2019-09-22,PHI,DET,L,24,27,Home
2019,2019-09-22,SEA,NO,L,27,33,Home
2019,2019-09-22,SF,PIT,W,24,20,Home
2019,2019-09-22,TB,NYG,L,31,32,Home
2019,2019-09-23,WAS,CHI,L,15,31,Home
2019,2019-09-26,GB,PHI,L,27,34,Home
2019,2019-09-29,ARI,SEA,L,10,27,Home
2019,2019-09-29,ATL,TEN,L,10,24,Home
2019,2019-09-29,BAL,CLE,L,25,40,Home
2019,2019-09-29,BUF,NE,L,10,16,Home
2019,2019-09-29,CHI,MIN,W,16,6,Home
2019,2019-09-29,DEN,JAX,L,24,26,Home
2019,2019-09-29,DET,KC,L,30,34,Home
2019,2019-09-29,HOU,CAR,L,10,16,Home
2019,2019-09-29,IND,LV,L,24,31,Home
2019,2019-09-29,LAR,TB,L,40,55,Home
2019,2019-09-29,MIA,LAC,L,10,30,Home
2019,2019-09-29,NO,DAL,W,12,10,Home
2019,2019-09-29,NYG,WAS,W,24,3,Home
2019,2019-09-30,PIT,CIN,W,27,3,Home
2019,2019-10-03,SEA,LAR,W,30,29,Home
2019,2019-10-06,CAR,JAX,W,34,27,Home
2019,2019-10-06,CIN,ARI,L,23,26,Home
2019,2019-10-06,DAL,GB,L,24,34,Home
2019,2019-10-06,HOU,ATL,W,53,32,Home
2019,2019-10-06,KC,IND,L,13,19,Home
2019,2019-10-06,LAC,DEN,L,13,20,Home
2019,2019-10-06,LV,CHI,W,24,21,Home
2019,2019-10-06,NO,TB,W,31,24,Home
2019,2019-10-06,NYG,MIN,L,10,28,Home
2019,2019-10-06,PHI,NYJ,W,31,6,Home
2019,2019-10-06,PIT,BAL,L,23,26,Home
2019,2019-10-06,TEN,BUF,L,7,14,Home
2019,2019-10-06,WAS,NE,L,7,33,Home
2019,2019-10-07,SF,CLE,W,31,3,Home
2019,2019-10-10,NE,NYG,W,35,14,Home
2019,2019-10-13,ARI,ATL,W,34,33,Home
2019,2019-10-13,BAL,CIN,W,23,17,Home
2019,2019-10-13,CLE,SEA,L,28,32,Home
2019,2019-10-13,DEN,TEN,W,16,0,Home
2019,2019-10-13,JAX,NO,L,6,13,Home
2019,2019-10-13,KC,HOU,L,24,31,Home
2019,2019-10-13,LAC,PIT,L,17,24,Home
2019,2019-10-13,LAR,SF,L,7,20,Home
2019,2019-10-13,MIA,WAS,L,16,17,Home
2019,2019-10-13,MIN,PHI,W,38,20,Home
2019,2019-10-13,NYJ,DAL,W,24,22,Home
2019,2019-10-13,TB,CAR,L,26,37,Home
2019,2019-10-14,GB,DET,W,23,22,Home
2019,2019-10-17,DEN,KC,L,6,30,Home
2019,2019-10-20,ATL,LAR,L,10,37,Home
2019,2019-10-20,BUF,MIA,W,31,21,Home
2019,2019-10-20,CHI,NO,L,25,36,Home
2019,2019-10-20,CIN,JAX,L,17,27,Home
2019,2019-10-20,DAL,PHI,W,37,10,Home
2019,2019-10-20,DET,MIN,L,30,42,Home
2019,2019-10-20,GB,LV,W,42,24,Home
2019,2019-10-20,IND,HOU,W,30,23,Home
2019,2019-10-20,NYG,ARI,L,21,27,Home
2019,2019-10-20,SEA,BAL,L,16,30,Home
2019,2019-10-20,TEN,LAC,W,23,20,Home
2019,2019-10-20,WAS,SF,L,0,9,Home
2019,2019-10-21,NYJ,NE,L,0,33,Home
2019,2019-10-24,MIN,WAS,W,19,9,Home
2019,2019-10-27,ATL,SEA,L,20,27,Home
2019,2019-10-27,BUF,PHI,L,13,31,Home
2019,2019-10-27,CHI,LAC,L,16,17,Home
2019,2019-10-27,DET,NYG,W,31,26,Home
2019,2019-10-27,HOU,LV,W,27,24,Home
2019,2019-10-27,IND,DEN,W,15,13,Home
2019,2019-10-27,JAX,NYJ,W,29,15,Home
2019,2019-10-27,KC,GB,L,24,31,Home
2019,2019-10-27,LAR,CIN,W,24,10,Home
2019,2019-10-27,NE,CLE,W,27,13,Home
2019,2019-10-27,NO,ARI,W,31,9,Home
2019,2019-10-27,SF,CAR,W,51,13,Home
2019,2019-10-27,TEN,TB,W,27,23,Home
2019,2019-10-28,PIT,MIA,W,27,14,Home
2019,2019-10-31,ARI,SF,L,25,28,Home
2019,2019-11-03,BAL,NE,W,37,20,Home
2019,2019-11-03,BUF,WAS,W,24,9,Home
2019,2019-11-03,CAR,TEN,W,30,20,Home
2019,2019-11-03,DEN,CLE,W,24,19,Home
2019,2019-11-03,JAX,HOU,L,3,26,Home
2019,2019-11-03,KC,MIN,W,26,23,Home
2019,2019-11-03,LAC,GB,W,26,11,Home
2019,2019-11-03,LV,DET,W,31,24,Home
2019,2019-11-03,MIA,NYJ,W,26,18,Home
2019,2019-11-03,PHI,CHI,W,22,14,Home
2019,2019-11-03,PIT,IND,W,26,24,Home
2019,2019-11-03,SEA,TB,W,40,34,Home
2019,2019-11-04,NYG,DAL,L,18,37,Home
2019,2019-11-07,LV,LAC,W,26,24,Home
2019,2019-11-10,CHI,DET,W,20,13,Home
2019,2019-11-10,CIN,BAL,L,13,49,Home
2019,2019-11-10,CLE,BUF,W,19,16,Home
2019,2019-11-10,DAL,MIN,L,24,28,Home
2019,2019-11-10,GB,CAR,W,24,16,Home
2019,2019-11-10,IND,MIA,L,12,16,Home
2019,2019-11-10,NO,ATL,L,9,26,Home
2019,2019-11-10,NYJ,NYG,W,34,27,Home
2019,2019-11-10,PIT,LAR,W,17,12,Home
2019,2019-11-10,TB,ARI,W,30,27,Home
2019,2019-11-10,TEN,KC,W,35,32,Home
2019,2019-11-11,SF,SEA,L,24,27,Home
2019,2019-11-14,CLE,PIT,W,21,7,Home
2019,2019-11-17,BAL,HOU,W,41,7,Home
2019,2019-11-17,CAR,ATL,L,3,29,Home
2019,2019-11-17,DET,DAL,L,27,35,Home
2019,2019-11-17,IND,JAX,W,33,13,Home
2019,2019-11-17,LAR,CHI,W,17,7,Home
2019,2019-11-17,LV,CIN,W,17,10,Home
2019,2019-11-17,MIA,BUF,L,20,37,Home
2019,2019-11-17,MIN,DEN,W,27,23,Home
2019,2019-11-17,PHI,NE,L,10,17,Home
2019,2019-11-17,SF,ARI,W,36,26,Home
2019,2019-11-17,TB,NO,L,17,34,Home
2019,2019-11-17,WAS,NYJ,L,17,34,Home
2019,2019-11-18,LAC,KC,L,17,24,Home
2019,2019-11-21,HOU,IND,W,20,17,Home
2019,2019-11-24,ATL,TB,L,22,35,Home
2019,2019-11-24,BUF,DEN,W,20,3,Home
2019,2019-11-24,CHI,NYG,W,19,14,Home
2019,2019-11-24,CIN,PIT,L,10,16,Home
2019,2019-11-24,CLE,MIA,W,41,24,Home
2019,2019-11-24,NE,DAL,W,13,9,Home
2019,2019-11-24,NO,CAR,W,34,31,Home
2019,2019-11-24,NYJ,LV,W,34,3,Home
2019,2019-11-24,PHI,SEA,L,9,17,Home
2019,2019-11-24,SF,GB,W,37,8,Home
2019,2019-11-24,TEN,JAX,W,42,20,Home
2019,2019-11-24,WAS,DET,W,19,16,Home
2019,2019-11-25,LAR,BAL,L,6,45,Home
2019,2019-11-28,ATL,NO,L,18,26,Home
2019,2019-11-28,DAL,BUF,L,15,26,Home
2019,2019-11-28,DET,CHI,L,20,24,Home
2019,2019-12-01,ARI,LAR,L,7,34,Home
2019,2019-12-01,BAL,SF,W,20,17,Home
2019,2019-12-01,CAR,WAS,L,21,29,Home
2019,2019-12-01,CIN,NYJ,W,22,6,Home
2019,2019-12-01,DEN,LAC,W,23,20,Home
2019,2019-12-01,HOU,NE,W,28,22,Home
2019,2019-12-01,IND,TEN,L,17,31,Home
2019,2019-12-01,JAX,TB,L,11,28,Home
2019,2019-12-01,KC,LV,W,40,9,Home
2019,2019-12-01,MIA,PHI,W,37,31,Home
2019,2019-12-01,NYG,GB,L,13,31,Home
2019,2019-12-01,PIT,CLE,W,20,13,Home
2019,2019-12-02,SEA,MIN,W,37,30,Home
2019,2019-12-05,CHI,DAL,W,31,24,Home
2019,2019-12-08,ARI,PIT,L,17,23,Home
2019,2019-12-08,ATL,CAR,W,40,20,Home
2019,2019-12-08,BUF,BAL,L,17,24,Home
2019,2019-12-08,CLE,CIN,W,27,19,Home
2019,2019-12-08,GB,WAS,W,20,15,Home
2019,2019-12-08,HOU,DEN,L,24,38,Home
2019,2019-12-08,JAX,LAC,L,10,45,Home
2019,2019-12-08,LAR,SEA,W,28,12,Home
2019,2019-12-08,LV,TEN,L,21,42,Home
2019,2019-12-08,MIN,DET,W,20,7,Home
2019,2019-12-08,NE,KC,L,16,23,Home
2019,2019-12-08,NO,SF,L,46,48,Home
2019,2019-12-08,NYJ,MIA,W,22,21,Home
2019,2019-12-08,TB,IND,W,38,35,Home
2019,2019-12-09,PHI,NYG,W,23,17,Home
2019,2019-12-12,BAL,NYJ,W,42,21,Home
2019,2019-12-15,ARI,CLE,W,38,24,Home
2019,2019-12-15,CAR,SEA,L,24,30,Home
2019,2019-12-15,CIN,NE,L,13,34,Home
2019,2019-12-15,DAL,LAR,W,44,21,Home
2019,2019-12-15,DET,TB,L,17,38,Home
2019,2019-12-15,GB,CHI,W,21,13,Home
2019,2019-12-15,KC,DEN,W,23,3,Home
2019,2019-12-15,LAC,MIN,L,10,39,Home
2019,2019-12-15,LV,JAX,L,16,20,Home
2019,2019-12-15,NYG,MIA,W,36,20,Home
2019,2019-12-15,PIT,BUF,L,10,17,Home
2019,2019-12-15,SF,ATL,L,22,29,Home
2019,2019-12-15,TEN,HOU,L,21,24,Home
2019,2019-12-15,WAS,PHI,L,27,37,Home
2019,2019-12-16,NO,IND,W,34,7,Home
2019,2019-12-21,NE,BUF,W,24,17,Home
2019,2019-12-21,SF,LAR,W,34,31,Home
2019,2019-12-21,TB,HOU,L,20,23,Home
2019,2019-12-22,ATL,JAX,W,24,12,Home
2019,2019-12-22,CHI,KC,L,3,26,Home
2019,2019-12-22,CLE,BAL,L,15,31,Home
2019,2019-12-22,DEN,DET,W,27,17,Home
2019,2019-12-22,IND,CAR,W,38,6,Home
2019,2019-12-22,LAC,LV,L,17,24,Home
2019,2019-12-22,MIA,CIN,W,38,35,Home
2019,2019-12-22,NYJ,PIT,W,16,10,Home
2019,2019-12-22,PHI,DAL,W,17,9,Home
2019,2019-12-22,SEA,ARI,L,13,27,Home
2019,2019-12-22,TEN,NO,L,28,38,Home
2019,2019-12-22,WAS,NYG,L,35,41,Home
2019,2019-12-23,MIN,GB,L,10,23,Home
2019,2019-12-29,BAL,PIT,W,28,10,Home
2019,2019-12-29,BUF,NYJ,L,6,13,Home
2019,2019-12-29,CAR,NO,L,10,42,Home
2019,2019-12-29,CIN,CLE,W,33,23,Home
2019,2019-12-29,DAL,WAS,W,47,16,Home
2019,2019-12-29,DEN,LV,W,16,15,Home
2019,2019-12-29,DET,GB,L,20,23,Home
2019,2019-12-29,HOU,TEN,L,14,35,Home
2019,2019-12-29,JAX,IND,W,38,20,Home
2019,2019-12-29,KC,LAC,W,31,21,Home
2019,2019-12-29,LAR,ARI,W,31,24,Home
2019,2019-12-29,MIN,CHI,L,19,21,Home
2019,2019-12-29,NE,MIA,L,24,27,Home
2019,2019-12-29,NYG,PHI,L,17,34,Home
2019,2019-12-29,SEA,SF,L,21,26,Home
2019,2019-12-29,TB,ATL,L,22,28,Home
2020,2020-09-10,KC,HOU,W,34,20,Home
2020,2020-09-13,ATL,SEA,L,25,38,Home
2020,2020-09-13,BAL,CLE,W,38,6,Home
2020,2020-09-13,BUF,NYJ,W,27,17,Home
2020,2020-09-13,CAR,LV,L,30,34,Home
2020,2020-09-13,CIN,LAC,L,13,16,Home
2020,2020-09-13,DET,CHI,L,23,27,Home
2020,2020-09-13,JAX,IND,W,27,20,Home
2020,2020-09-13,LAR,DAL,W,20,17,Home
2020,2020-09-13,MIN,GB,L,34,43,Home
2020,2020-09-13,NE,MIA,W,21,11,Home
2020,2020-09-13,NO,TB,W,34,23,Home
2020,2020-09-13,SF,ARI,L,20,24,Home
2020,2020-09-13,WAS,PHI,W,27,17,Home
2020,2020-09-14,DEN,TEN,L,14,16,Home
2020,2020-09-14,NYG,PIT,L,16,26,Home
2020,2020-09-17,CLE,CIN,W,35,30,Home
2020,2020-09-20,ARI,WAS,W,30,15,Home
2020,2020-09-20,CHI,NYG,W,17,13,Home
2020,2020-09-20,DAL,ATL,W,40,39,Home
2020,2020-09-20,GB,DET,W,42,21,Home
2020,2020-09-20,HOU,BAL,L,16,33,Home
2020,2020-09-20,IND,MIN,W,28,11,Home
2020,2020-09-20,LAC,KC,L,20,23,Home
2020,2020-09-20,MIA,BUF,L,28,31,Home
2020,2020-09-20,NYJ,SF,L,13,31,Home
2020,2020-09-20,PHI,LAR,L,19,37,Home
2020,2020-09-20,PIT,DEN,W,26,21,Home
2020,2020-09-20,SEA,NE,W,35,30,Home
2020,2020-09-20,TB,CAR,W,31,17,Home
2020,2020-09-20,TEN,JAX,W,33,30,Home
2020,2020-09-21,LV,NO,W,34,24,Home
2020,2020-09-24,JAX,MIA,L,13,31,Home
2020,2020-09-27,ARI,DET,L,23,26,Home
2020,2020-09-27,ATL,CHI,L,26,30,Home
2020,2020-09-27,BUF,LAR,W,35,32,Home
2020,2020-09-27,CLE,WAS,W,34,20,Home
2020,2020-09-27,DEN,TB,L,10,28,Home
2020,2020-09-27,IND,NYJ,W,36,7,Home
2020,2020-09-27,LAC,CAR,L,16,21,Home
2020,2020-09-27,MIN,TEN,L,30,31,Home
2020,2020-09-27,NE,LV,W,36,20,Home
2020,2020-09-27,NO,GB,L,30,37,Home
2020,2020-09-27,NYG,SF,L,9,36,Home
2020,2020-09-27,PHI,CIN,T,23,23,Home
2020,2020-09-27,PIT,HOU,W,28,21,Home
2020,2020-09-27,SEA,DAL,W,38,31,Home
2020,2020-09-28,BAL,KC,L,20,34,Home
2020,2020-10-01,NYJ,DEN,L,28,37,Home
2020,2020-10-04,CAR,ARI,W,31,21,Home
2020,2020-10-04,CHI,IND,L,11,19,Home
2020,2020-10-04,CIN,JAX,W,33,25,Home
2020,2020-10-04,DAL,CLE,L,38,49,Home
2020,2020-10-04,DET,NO,L,29,35,Home
2020,2020-10-04,HOU,MIN,L,23,31,Home
2020,2020-10-04,LAR,NYG,W,17,9,Home
2020,2020-10-04,LV,BUF,L,23,30,Home
2020,2020-10-04,MIA,SEA,L,23,31,Home
2020,2020-10-04,SF,PHI,L,20,25,Home
2020,2020-10-04,TB,LAC,W,38,31,Home
2020,2020-10-04,WAS,BAL,L,17,31,Home
2020,2020-10-05,GB,ATL,W,30,16,Home
2020,2020-10-05,KC,NE,W,26,10,Home
2020,2020-10-08,CHI,TB,W,20,19,Home
2020,2020-10-11,ATL,CAR,L,16,23,Home
2020,2020-10-11,BAL,CIN,W,27,3,Home
2020,2020-10-11,CLE,IND,W,32,23,Home
2020,2020-10-11,DAL,NYG,W,37,34,Home
2020,2020-10-11,HOU,JAX,W,30,14,Home
2020,2020-10-11,KC,LV,L,32,40,Home
2020,2020-10-11,NYJ,ARI,L,10,30,Home
2020,2020-10-11,PIT,PHI,W,38,29,Home
2020,2020-10-11,SEA,MIN,W,27,26,Home
2020,2020-10-11,SF,MIA,L,17,43,Home
2020,2020-10-11,WAS,LAR,L,10,30,Home
2020,2020-10-12,NO,LAC,W,30,27,Home
2020,2020-10-13,TEN,BUF,W,42,16,Home
2020,2020-10-18,CAR,CHI,L,16,23,Home
2020,2020-10-18,IND,CIN,W,31,27,Home
2020,2020-10-18,JAX,DET,L,16,34,Home
2020,2020-10-18,MIA,NYJ,W,24,0,Home
2020,2020-10-18,MIN,ATL,L,23,40,Home
2020,2020-10-18,NE,DEN,L,12,18,Home
2020,2020-10-18,NYG,WAS,W,20,19,Home
2020,2020-10-18,PHI,BAL,L,28,30,Home
2020,2020-10-18,PIT,CLE,W,38,7,Home
2020,2020-10-18,SF,LAR,W,24,16,Home
2020,2020-10-18,TB,GB,W,38,10,Home
2020,2020-10-18,TEN,HOU,W,42,36,Home
2020,2020-10-19,BUF,KC,L,17,26,Home
2020,2020-10-19,DAL,ARI,L,10,38,Home
2020,2020-10-22,PHI,NYG,W,22,21,Home
2020,2020-10-25,ARI,SEA,W,37,34,Home
2020,2020-10-25,ATL,DET,L,22,23,Home
2020,2020-10-25,CIN,CLE,L,34,37,Home
2020,2020-10-25,DEN,KC,L,16,43,Home
2020,2020-10-25,HOU,GB,L,20,35,Home
2020,2020-10-25,LAC,JAX,W,39,29,Home
2020,2020-10-25,LV,TB,L,20,45,Home
2020,2020-10-25,NE,SF,L,6,33,Home
2020,2020-10-25,NO,CAR,W,27,24,Home
2020,2020-10-25,NYJ,BUF,L,10,18,Home
2020,2020-10-25,TEN,PIT,L,24,27,Home
2020,2020-10-25,WAS,DAL,W,25,3,Home
2020,2020-10-26,LAR,CHI,W,24,10,Home
2020,2020-10-29,CAR,ATL,L,17,25,Home
2020,2020-11-01,BAL,PIT,L,24,28,Home
2020,2020-11-01,BUF,NE,W,24,21,Home
2020,2020-11-01,CHI,NO,L,23,26,Home
2020,2020-11-01,CIN,TEN,W,31,20,Home
2020,2020-11-01,CLE,LV,L,6,16,Home
2020,2020-11-01,DEN,LAC,W,31,30,Home
2020,2020-11-01,DET,IND,L,21,41,Home
2020,2020-11-01,GB,MIN,L,22,28,Home
2020,2020-11-01,KC,NYJ,W,35,9,Home
2020,2020-11-01,MIA,LAR,W,28,17,Home
2020,2020-11-01,PHI,DAL,W,23,9,Home
2020,2020-11-01,SEA,SF,W,37,27,Home
2020,2020-11-02,NYG,TB,L,23,25,Home
2020,2020-11-05,SF,GB,L,17,34,Home
2020,2020-11-08,ARI,MIA,L,31,34,Home
2020,2020-11-08,ATL,DEN,W,34,27,Home
2020,2020-11-08,BUF,SEA,W,44,34,Home
2020,2020-11-08,DAL,PIT,L,19,24,Home
2020,2020-11-08,IND,BAL,L,10,24,Home
2020,2020-11-08,JAX,HOU,L,25,27,Home
2020,2020-11-08,KC,CAR,W,33,31,Home
2020,2020-11-08,LAC,LV,L,26,31,Home
2020,2020-11-08,MIN,DET,W,34,20,Home
2020,2020-11-08,TB,NO,L,3,38,Home
2020,2020-11-08,TEN,CHI,W,24,17,Home
2020,2020-11-08,WAS,NYG,L,20,23,Home
2020,2020-11-09,NYJ,NE,L,27,30,Home
2020,2020-11-12,TEN,IND,L,17,34,Home
2020,2020-11-15,ARI,BUF,W,32,30,Home
2020,2020-11-15,CAR,TB,L,23,46,Home
2020,2020-11-15,CLE,HOU,W,10,7,Home
2020,2020-11-15,DET,WAS,W,30,27,Home
2020,2020-11-15,GB,JAX,W,24,20,Home
2020,2020-11-15,LAR,SEA,W,23,16,Home
2020,2020-11-15,LV,DEN,W,37,12,Home
2020,2020-11-15,MIA,LAC,W,29,21,Home
2020,2020-11-15,NE,BAL,W,23,17,Home
2020,2020-11-15,NO,SF,W,27,13,Home
2020,2020-11-15,NYG,PHI,W,27,17,Home
2020,2020-11-15,PIT,CIN,W,36,10,Home
2020,2020-11-16,CHI,MIN,L,13,19,Home
2020,2020-11-19,SEA,ARI,W,28,21,Home
2020,2020-11-22,BAL,TEN,L,24,30,Home
2020,2020-11-22,CAR,DET,W,20,0,Home
2020,2020-11-22,CLE,PHI,W,22,17,Home
2020,2020-11-22,DEN,MIA,W,20,13,Home
2020,2020-11-22,HOU,NE,W,27,20,Home
2020,2020-11-22,IND,GB,W,34,31,Home
2020,2020-11-22,JAX,PIT,L,3,27,Home
2020,2020-11-22,LAC,NYJ,W,34,28,Home
2020,2020-11-22,LV,KC,L,31,35,Home
2020,2020-11-22,MIN,DAL,L,28,31,Home
2020,2020-11-22,NO,ATL,W,24,9,Home
2020,2020-11-22,WAS,CIN,W,20,9,Home
2020,2020-11-23,TB,LAR,L,24,27,Home
2020,2020-11-26,DAL,WAS,L,16,41,Home
2020,2020-11-26,DET,HOU,L,25,41,Home
2020,2020-11-29,ATL,LV,W,43,6,Home
2020,2020-11-29,BUF,LAC,W,27,17,Home
2020,2020-11-29,CIN,NYG,L,17,19,Home
2020,2020-11-29,DEN,NO,L,3,31,Home
2020,2020-11-29,GB,CHI,W,41,25,Home
2020,2020-11-29,IND,TEN,L,26,45,Home
2020,2020-11-29,JAX,CLE,L,25,27,Home
2020,2020-11-29,LAR,SF,L,20,23,Home
2020,2020-11-29,MIN,CAR,W,28,27,Home
2020,2020-11-29,NE,ARI,W,20,17,Home
2020,2020-11-29,NYJ,MIA,L,3,20,Home
2020,2020-11-29,TB,KC,L,24,27,Home
2020,2020-11-30,PHI,SEA,L,17,23,Home
2020,2020-12-02,PIT,BAL,W,19,14,Home
2020,2020-12-06,ARI,LAR,L,28,38,Home
2020,2020-12-06,ATL,NO,L,16,21,Home
2020,2020-12-06,CHI,DET,L,30,34,Home
2020,2020-12-06,GB,PHI,W,30,16,Home
2020,2020-12-06,HOU,IND,L,20,26,Home
2020,2020-12-06,KC,DEN,W,22,16,Home
2020,2020-12-06,LAC,NE,L,0,45,Home
2020,2020-12-06,MIA,CIN,W,19,7,Home
2020,2020-12-06,MIN,JAX,W,27,24,Home
2020,2020-12-06,NYJ,LV,L,28,31,Home
2020,2020-12-06,SEA,NYG,L,12,17,Home
2020,2020-12-06,TEN,CLE,L,35,41,Home
2020,2020-12-07,PIT,WAS,L,17,23,Home
2020,2020-12-07,SF,BUF,L,24,34,Home
2020,2020-12-08,BAL,DAL,W,34,17,Home
2020,2020-12-10,LAR,NE,W,24,3,Home
2020,2020-12-13,BUF,PIT,W,26,15,Home
2020,2020-12-13,CAR,DEN,L,27,32,Home
2020,2020-12-13,CHI,HOU,W,36,7,Home
2020,2020-12-13,CIN,DAL,L,7,30,Home
2020,2020-12-13,DET,GB,L,24,31,Home
2020,2020-12-13,JAX,TEN,L,10,31,Home
2020,2020-12-13,LAC,ATL,W,20,17,Home
2020,2020-12-13,LV,IND,L,27,44,Home
2020,2020-12-13,MIA,KC,L,27,33,Home
2020,2020-12-13,NYG,ARI,L,7,26,Home
2020,2020-12-13,PHI,NO,W,24,21,Home
2020,2020-12-13,SEA,NYJ,W,40,3,Home
2020,2020-12-13,SF,WAS,L,15,23,Home
2020,2020-12-13,TB,MIN,W,26,14,Home
2020,2020-12-14,CLE,BAL,L,42,47,Home
2020,2020-12-17,LV,LAC,L,27,30,Home
2020,2020-12-19,DEN,BUF,L,19,48,Home
2020,2020-12-19,GB,CAR,W,24,16,Home
2020,2020-12-20,ARI,PHI,W,33,26,Home
2020,2020-12-20,ATL,TB,L,27,31,Home
2020,2020-12-20,BAL,JAX,W,40,14,Home
2020,2020-12-20,DAL,SF,W,41,33,Home
2020,2020-12-20,IND,HOU,W,27,20,Home
2020,2020-12-20,LAR,NYJ,L,20,23,Home
2020,2020-12-20,MIA,NE,W,22,12,Home
2020,2020-12-20,MIN,CHI,L,27,33,Home
2020,2020-12-20,NO,KC,L,29,32,Home
2020,2020-12-20,NYG,CLE,L,6,20,Home
2020,2020-12-20,TEN,DET,W,46,25,Home
2020,2020-12-20,WAS,SEA,L,15,20,Home
2020,2020-12-21,CIN,PIT,W,27,17,Home
2020,2020-12-25,NO,MIN,W,52,33,Home
2020,2020-12-26,ARI,SF,L,12,20,Home
2020,2020-12-26,DET,TB,L,7,47,Home
2020,2020-12-26,LV,MIA,L,25,26,Home
2020,2020-12-27,BAL,NYG,W,27,13,Home
2020,2020-12-27,DAL,PHI,W,37,17,Home
2020,2020-12-27,GB,TEN,W,40,14,Home
2020,2020-12-27,HOU,CIN,L,31,37,Home
2020,2020-12-27,JAX,CHI,L,17,41,Home
2020,2020-12-27,KC,ATL,W,17,14,Home
2020,2020-12-27,LAC,DEN,W,19,16,Home
2020,2020-12-27,NYJ,CLE,W,23,16,Home
2020,2020-12-27,PIT,IND,W,28,24,Home
2020,2020-12-27,SEA,LAR,W,20,9,Home
2020,2020-12-27,WAS,CAR,L,13,20,Home
2020,2020-12-28,NE,BUF,L,9,38,Home
2020,2021-01-03,BUF,MIA,W,56,26,Home
2020,2021-01-03,CAR,NO,L,7,33,Home
2020,2021-01-03,CHI,GB,L,16,35,Home
2020,2021-01-03,CIN,BAL,L,3,38,Home
2020,2021-01-03,CLE,PIT,W,24,22,Home
2020,2021-01-03,DEN,LV,L,31,32,Home
2020,2021-01-03,DET,MIN,L,35,37,Home
2020,2021-01-03,HOU,TEN,L,38,41,Home
2020,2021-01-03,IND,JAX,W,28,14,Home
2020,2021-01-03,KC,LAC,L,21,38,Home
2020,2021-01-03,LAR,ARI,W,18,7,Home
2020,2021-01-03,NE,NYJ,W,28,14,Home
2020,2021-01-03,NYG,DAL,W,23,19,Home
2020,2021-01-03,PHI,WAS,L,14,20,Home
2020,2021-01-03,SF,SEA,L,23,26,Home
2020,2021-01-03,TB,ATL,W,44,27,Home
2021,2021-09-09,TB,DAL,W,31,29,Home
2021,2021-09-12,ATL,PHI,L,6,32,Home
2021,2021-09-12,BUF,PIT,L,16,23,Home
2021,2021-09-12,CAR,NYJ,W,19,14,Home
2021,2021-09-12,CIN,MIN,W,27,24,Home
2021,2021-09-12,DET,SF,L,33,41,Home
2021,2021-09-12,HOU,JAX,W,37,21,Home
2021,2021-09-12,IND,SEA,L,16,28,Home
2021,2021-09-12,KC,CLE,W,33,29,Home
2021,2021-09-12,LAR,CHI,W,34,14,Home
2021,2021-09-12,NE,MIA,L,16,17,Home
2021,2021-09-12,NO,GB,W,38,3,Home
2021,2021-09-12,NYG,DEN,L,13,27,Home
2021,2021-09-12,TEN,ARI,L,13,38,Home
2021,2021-09-12,WAS,LAC,L,16,20,Home
2021,2021-09-13,LV,BAL,W,33,27,Home
2021,2021-09-16,WAS,NYG,W,30,29,Home
2021,2021-09-19,ARI,MIN,W,34,33,Home
2021,2021-09-19,BAL,KC,W,36,35,Home
2021,2021-09-19,CAR,NO,W,26,7,Home
2021,2021-09-19,CHI,CIN,W,20,17,Home
2021,2021-09-19,CLE,HOU,W,31,21,Home
2021,2021-09-19,IND,LAR,L,24,27,Home
2021,2021-09-19,JAX,DEN,L,13,23,Home
2021,2021-09-19,LAC,DAL,L,17,20,Home
2021,2021-09-19,MIA,BUF,L,0,35,Home
2021,2021-09-19,NYJ,NE,L,6,25,Home
2021,2021-09-19,PHI,SF,L,11,17,Home
2021,2021-09-19,PIT,LV,L,17,26,Home
2021,2021-09-19,SEA,TEN,L,30,33,Home
2021,2021-09-19,TB,ATL,W,48,25,Home
2021,2021-09-20,GB,DET,W,35,17,Home
2021,2021-09-23,HOU,CAR,L,9,24,Home
2021,2021-09-26,BUF,WAS,W,43,21,Home
2021,2021-09-26,CLE,CHI,W,26,6,Home
2021,2021-09-26,DEN,NYJ,W,26,0,Home
2021,2021-09-26,DET,BAL,L,17,19,Home
2021,2021-09-26,JAX,ARI,L,19,31,Home
2021,2021-09-26,KC,LAC,L,24,30,Home
2021,2021-09-26,LAR,TB,W,34,24,Home
2021,2021-09-26,LV,MIA,W,31,28,Home
2021,2021-09-26,MIN,SEA,W,30,17,Home
2021,2021-09-26,NE,NO,L,13,28,Home
2021,2021-09-26,NYG,ATL,L,14,17,Home
2021,2021-09-26,PIT,CIN,L,10,24,Home
2021,2021-09-26,SF,GB,L,28,30,Home
2021,2021-09-26,TEN,IND,W,25,16,Home
2021,2021-09-27,DAL,PHI,W,41,21,Home
2021,2021-09-30,CIN,JAX,W,24,21,Home
2021,2021-10-03,ATL,WAS,L,30,34,Home
2021,2021-10-03,BUF,HOU,W,40,0,Home
2021,2021-10-03,CHI,DET,W,24,14,Home
2021,2021-10-03,DAL,CAR,W,36,28,Home
2021,2021-10-03,DEN,BAL,L,7,23,Home
2021,2021-10-03,GB,PIT,W,27,17,Home
2021,2021-10-03,LAR,ARI,L,20,37,Home
2021,2021-10-03,MIA,IND,L,17,27,Home
2021,2021-10-03,MIN,CLE,L,7,14,Home
2021,2021-10-03,NE,TB,L,17,19,Home
2021,2021-10-03,NO,NYG,L,21,27,Home
2021,2021-10-03,NYJ,TEN,W,27,24,Home
2021,2021-10-03,PHI,KC,L,30,42,Home
2021,2021-10-03,SF,SEA,L,21,28,Home
2021,2021-10-04,LAC,LV,W,28,14,Home
2021,2021-10-07,SEA,LAR,L,17,26,Home
2021,2021-10-10,ARI,SF,W,17,10,Home
2021,2021-10-10,ATL,NYJ,W,27,20,Home
2021,2021-10-10,CAR,PHI,L,18,21,Home
2021,2021-10-10,CIN,GB,L,22,25,Home
2021,2021-10-10,DAL,NYG,W,44,20,Home
2021,2021-10-10,HOU,NE,L,22,25,Home
2021,2021-10-10,JAX,TEN,L,19,37,Home
2021,2021-10-10,KC,BUF,L,20,38,Home
2021,2021-10-10,LAC,CLE,W,47,42,Home
2021,2021-10-10,LV,CHI,L,9,20,Home
2021,2021-10-10,MIN,DET,W,19,17,Home
2021,2021-10-10,PIT,DEN,W,27,19,Home
2021,2021-10-10,TB,MIA,W,45,17,Home
2021,2021-10-10,WAS,NO,L,22,33,Home
2021,2021-10-11,BAL,IND,W,31,25,Home
2021,2021-10-14,PHI,TB,L,22,28,Home
2021,2021-10-17,BAL,LAC,W,34,6,Home
2021,2021-10-17,CAR,MIN,L,28,34,Home
2021,2021-10-17,CHI,GB,L,14,24,Home
2021,2021-10-17,CLE,ARI,L,14,37,Home
2021,2021-10-17,DEN,LV,L,24,34,Home
2021,2021-10-17,DET,CIN,L,11,34,Home
2021,2021-10-17,IND,HOU,W,31,3,Home
2021,2021-10-17,JAX,MIA,W,23,20,Home
2021,2021-10-17,NE,DAL,L,29,35,Home
2021,2021-10-17,NYG,LAR,L,11,38,Home
2021,2021-10-17,PIT,SEA,W,23,20,Home
2021,2021-10-17,WAS,KC,L,13,31,Home
2021,2021-10-18,TEN,BUF,W,34,31,Home
2021,2021-10-21,CLE,DEN,W,17,14,Home
2021,2021-10-24,ARI,HOU,W,31,5,Home
2021,2021-10-24,BAL,CIN,L,17,41,Home
2021,2021-10-24,GB,WAS,W,24,10,Home
2021,2021-10-24,LAR,DET,W,28,19,Home
2021,2021-10-24,LV,PHI,W,33,22,Home
2021,2021-10-24,MIA,ATL,L,28,30,Home
2021,2021-10-24,NE,NYJ,W,54,13,Home
2021,2021-10-24,NYG,CAR,W,25,3,Home
2021,2021-10-24,SF,IND,L,18,30,Home
2021,2021-10-24,TB,CHI,W,38,3,Home
2021,2021-10-24,TEN,KC,W,27,3,Home
2021,2021-10-25,SEA,NO,L,10,13,Home
2021,2021-10-28,ARI,GB,L,21,24,Home
2021,2021-10-31,ATL,CAR,L,13,19,Home
2021,2021-10-31,BUF,MIA,W,26,11,Home
2021,2021-10-31,CHI,SF,L,22,33,Home
2021,2021-10-31,CLE,PIT,L,10,15,Home
2021,2021-10-31,DEN,WAS,W,17,10,Home
2021,2021-10-31,DET,PHI,L,6,44,Home
2021,2021-10-31,HOU,LAR,L,22,38,Home
2021,2021-10-31,IND,TEN,L,31,34,Home
2021,2021-10-31,LAC,NE,L,24,27,Home
2021,2021-10-31,MIN,DAL,L,16,20,Home
2021,2021-10-31,NO,TB,W,36,27,Home
2021,2021-10-31,NYJ,CIN,W,34,31,Home
2021,2021-10-31,SEA,JAX,W,31,7,Home
2021,2021-11-01,KC,NYG,W,20,17,Home
2021,2021-11-04,IND,NYJ,W,45,30,Home
2021,2021-11-07,BAL,MIN,W,34,31,Home
2021,2021-11-07,CAR,NE,L,6,24,Home
2021,2021-11-07,CIN,CLE,L,16,41,Home
2021,2021-11-07,DAL,DEN,L,16,30,Home
2021,2021-11-07,JAX,BUF,W,9,6,Home
2021,2021-11-07,KC,GB,W,13,7,Home
2021,2021-11-07,LAR,TEN,L,16,28,Home
2021,2021-11-07,MIA,HOU,W,17,9,Home
2021,2021-11-07,NO,ATL,L,25,27,Home
2021,2021-11-07,NYG,LV,W,23,16,Home
2021,2021-11-07,PHI,LAC,L,24,27,Home
2021,2021-11-07,SF,ARI,L,17,31,Home
2021,2021-11-08,PIT,CHI,W,29,27,Home
2021,2021-11-11,MIA,BAL,W,22,10,Home
2021,2021-11-14,ARI,CAR,L,10,34,Home
2021,2021-11-14,DAL,ATL,W,43,3,Home
2021,2021-11-14,DEN,PHI,L,13,30,Home
2021,2021-11-14,GB,SEA,W,17,0,Home
2021,2021-11-14,IND,JAX,W,23,17,Home
2021,2021-11-14,LAC,MIN,L,20,27,Home
2021,2021-11-14,LV,KC,L,14,41,Home
2021,2021-11-14,NE,CLE,W,45,7,Home
2021,2021-11-14,NYJ,BUF,L,17,45,Home
2021,2021-11-14,PIT,DET,T,16,16,Home
2021,2021-11-14,TEN,NO,W,23,21,Home
2021,2021-11-14,WAS,TB,W,29,19,Home
2021,2021-11-15,SF,LAR,W,31,10,Home
2021,2021-11-18,ATL,NE,L,0,25,Home
2021,2021-11-21,BUF,IND,L,15,41,Home
2021,2021-11-21,CAR,WAS,L,21,27,Home
2021,2021-11-21,CHI,BAL,L,13,16,Home
2021,2021-11-21,CLE,DET,W,13,10,Home
2021,2021-11-21,JAX,SF,L,10,30,Home
2021,2021-11-21,KC,DAL,W,19,9,Home
2021,2021-11-21,LAC,PIT,W,41,37,Home
2021,2021-11-21,LV,CIN,L,13,32,Home
2021,2021-11-21,MIN,GB,W,34,31,Home
2021,2021-11-21,NYJ,MIA,L,17,24,Home
2021,2021-11-21,PHI,NO,W,40,29,Home
2021,2021-11-21,SEA,ARI,L,13,23,Home
2021,2021-11-21,TEN,HOU,L,13,22,Home
2021,2021-11-22,TB,NYG,W,30,10,Home
2021,2021-11-25,DAL,LV,L,33,36,Home
2021,2021-11-25,DET,CHI,L,14,16,Home
2021,2021-11-25,NO,BUF,L,6,31,Home
2021,2021-11-28,BAL,CLE,W,16,10,Home
2021,2021-11-28,CIN,PIT,W,41,10,Home
2021,2021-11-28,DEN,LAC,W,28,13,Home
2021,2021-11-28,GB,LAR,W,36,28,Home
2021,2021-11-28,HOU,NYJ,L,14,21,Home
2021,2021-11-28,IND,TB,L,31,38,Home
2021,2021-11-28,JAX,ATL,L,14,21,Home
2021,2021-11-28,MIA,CAR,W,33,10,Home
2021,2021-11-28,NE,TEN,W,36,13,Home
2021,2021-11-28,NYG,PHI,W,13,7,Home
2021,2021-11-28,SF,MIN,W,34,26,Home
2021,2021-11-29,WAS,SEA,W,17,15,Home
2021,2021-12-02,NO,DAL,L,17,27,Home
2021,2021-12-05,ATL,TB,L,17,30,Home
2021,2021-12-05,CHI,ARI,L,22,33,Home
2021,2021-12-05,CIN,LAC,L,22,41,Home
2021,2021-12-05,DET,MIN,W,29,27,Home
2021,2021-12-05,HOU,IND,L,0,31,Home
2021,2021-12-05,KC,DEN,W,22,9,Home
2021,2021-12-05,LAR,JAX,W,37,7,Home
2021,2021-12-05,LV,WAS,L,15,17,Home
2021,2021-12-05,MIA,NYG,W,20,9,Home
2021,2021-12-05,NYJ,PHI,L,18,33,Home
2021,2021-12-05,PIT,BAL,W,20,19,Home
2021,2021-12-05,SEA,SF,W,30,23,Home
2021,2021-12-06,BUF,NE,L,10,14,Home
2021,2021-12-09,MIN,PIT,W,36,28,Home
2021,2021-12-12,CAR,ATL,L,21,29,Home
2021,2021-12-12,CIN,SF,L,23,26,Home
2021,2021-12-12,CLE,BAL,W,24,22,Home
2021,2021-12-12,DEN,DET,W,38,10,Home
2021,2021-12-12,GB,CHI,W,45,30,Home
2021,2021-12-12,HOU,SEA,L,13,33,Home
2021,2021-12-12,KC,LV,W,48,9,Home
2021,2021-12-12,LAC,NYG,W,37,21,Home
2021,2021-12-12,NYJ,NO,L,9,30,Home
2021,2021-12-12,TB,BUF,W,33,27,Home
2021,2021-12-12,TEN,JAX,W,20,0,Home
2021,2021-12-12,WAS,DAL,L,20,27,Home
2021,2021-12-13,ARI,LAR,L,23,30,Home
2021,2021-12-16,LAC,KC,L,28,34,Home
2021,2021-12-18,IND,NE,W,27,17,Home
2021,2021-12-19,BAL,GB,L,30,31,Home
2021,2021-12-19,BUF,CAR,W,31,14,Home
2021,2021-12-19,DEN,CIN,L,10,15,Home
2021,2021-12-19,DET,ARI,W,30,12,Home
2021,2021-12-19,JAX,HOU,L,16,30,Home
2021,2021-12-19,MIA,NYJ,W,31,24,Home
2021,2021-12-19,NYG,DAL,L,6,21,Home
2021,2021-12-19,PIT,TEN,W,19,13,Home
2021,2021-12-19,SF,ATL,W,31,13,Home
2021,2021-12-19,TB,NO,L,0,9,Home
2021,2021-12-20,CHI,MIN,L,9,17,Home
2021,2021-12-20,CLE,LV,L,14,16,Home
2021,2021-12-21,LAR,SEA,W,20,10,Home
2021,2021-12-21,PHI,WAS,W,27,17,Home
2021,2021-12-23,TEN,SF,W,20,17,Home
2021,2021-12-25,ARI,IND,L,16,22,Home
2021,2021-12-25,GB,CLE,W,24,22,Home
2021,2021-12-26,ATL,DET,W,20,16,Home
2021,2021-12-26,CAR,TB,L,6,32,Home
2021,2021-12-26,CIN,BAL,W,41,21,Home
2021,2021-12-26,DAL,WAS,W,56,14,Home
2021,2021-12-26,HOU,LAC,W,41,29,Home
2021,2021-12-26,KC,PIT,W,36,10,Home
2021,2021-12-26,LV,DEN,W,17,13,Home
2021,2021-12-26,MIN,LAR,L,23,30,Home
2021,2021-12-26,NE,BUF,L,21,33,Home
2021,2021-12-26,NYJ,JAX,W,26,21,Home
2021,2021-12-26,PHI,NYG,W,34,10,Home
2021,2021-12-26,SEA,CHI,L,24,25,Home
2021,2021-12-27,NO,MIA,L,3,20,Home
2021,2022-01-02,BAL,LAR,L,19,20,Home
2021,2022-01-02,BUF,ATL,W,29,15,Home
2021,2022-01-02,CHI,NYG,W,29,3,Home
2021,2022-01-02,CIN,KC,W,34,31,Home
2021,2022-01-02,DAL,ARI,L,22,25,Home
2021,2022-01-02,GB,MIN,W,37,10,Home
2021,2022-01-02,IND,LV,L,20,23,Home
2021,2022-01-02,LAC,DEN,W,34,13,Home
2021,2022-01-02,NE,JAX,W,50,10,Home
2021,2022-01-02,NO,CAR,W,18,10,Home
2021,2022-01-02,NYJ,TB,L,24,28,Home
2021,2022-01-02,SEA,DET,W,51,29,Home
2021,2022-01-02,SF,HOU,W,23,7,Home
2021,2022-01-02,TEN,MIA,W,34,3,Home
2021,2022-01-02,WAS,PHI,L,16,20,Home
2021,2022-01-03,PIT,CLE,W,26,14,Home
2021,2022-01-08,DEN,KC,L,24,28,Home
2021,2022-01-08,PHI,DAL,L,26,51,Home
2021,2022-01-09,ARI,SEA,L,30,38,Home
2021,2022-01-09,ATL,NO,L,20,30,Home
2021,2022-01-09,BAL,PIT,L,13,16,Home
2021,2022-01-09,BUF,NYJ,W,27,10,Home
2021,2022-01-09,CLE,CIN,W,21,16,Home
2021,2022-01-09,DET,GB,W,37,30,Home
2021,2022-01-09,HOU,TEN,L,25,28,Home
2021,2022-01-09,JAX,IND,W,26,11,Home
2021,2022-01-09,LAR,SF,L,24,27,Home
2021,2022-01-09,LV,LAC,W,35,32,Home
2021,2022-01-09,MIA,NE,W,33,24,Home
2021,2022-01-09,MIN,CHI,W,31,17,Home
2021,2022-01-09,NYG,WAS,L,7,22,Home
2021,2022-01-09,TB,CAR,W,41,17,Home
2022,2022-09-08,LAR,BUF,L,10,31,Home
2022,2022-09-11,ARI,KC,L,21,44,Home
2022,2022-09-11,ATL,NO,L,26,27,Home
2022,2022-09-11,CAR,CLE,L,24,26,Home
2022,2022-09-11,CHI,SF,W,19,10,Home
2022,2022-09-11,CIN,PIT,L,20,23,Home
2022,2022-09-11,DAL,TB,L,3,19,Home
2022,2022-09-11,DET,PHI,L,35,38,Home
2022,2022-09-11,HOU,IND,T,20,20,Home
2022,2022-09-11,LAC,LV,W,24,19,Home
2022,2022-09-11,MIA,NE,W,20,7,Home
2022,2022-09-11,MIN,GB,W,23,7,Home
2022,2022-09-11,NYJ,BAL,L,9,24,Home
2022,2022-09-11,TEN,NYG,L,20,21,Home
2022,2022-09-11,WAS,JAX,W,28,22,Home
2022,2022-09-12,SEA,DEN,W,17,16,Home
2022,2022-09-15,KC,LAC,W,27,24,Home
2022,2022-09-18,BAL,MIA,L,38,42,Home
2022,2022-09-18,CLE,NYJ,L,30,31,Home
2022,2022-09-18,DAL,CIN,W,20,17,Home
2022,2022-09-18,DEN,HOU,W,16,9,Home
2022,2022-09-18,DET,WAS,W,36,27,Home
2022,2022-09-18,GB,CHI,W,27,10,Home
2022,2022-09-18,JAX,IND,W,24,0,Home
2022,2022-09-18,LAR,ATL,W,31,27,Home
2022,2022-09-18,LV,ARI,L,23,29,Home
2022,2022-09-18,NO,TB,L,10,20,Home
2022,2022-09-18,NYG,CAR,W,19,16,Home
2022,2022-09-18,PIT,NE,L,14,17,Home
2022,2022-09-18,SF,SEA,W,27,7,Home
2022,2022-09-19,BUF,TEN,W,41,7,Home
2022,2022-09-19,PHI,MIN,W,24,7,Home
2022,2022-09-22,CLE,PIT,W,29,17,Home
2022,2022-09-25,ARI,LAR,L,12,20,Home
2022,2022-09-25,CAR,NO,W,22,14,Home
2022,2022-09-25,CHI,HOU,W,23,20,Home
2022,2022-09-25,DEN,SF,W,11,10,Home
2022,2022-09-25,IND,KC,W,20,17,Home
2022,2022-09-25,LAC,JAX,L,10,38,Home
2022,2022-09-25,MIA,BUF,W,21,19,Home
2022,2022-09-25,MIN,DET,W,28,24,Home
2022,2022-09-25,NE,BAL,L,26,37,Home
2022,2022-09-25,NYJ,CIN,L,12,27,Home
2022,2022-09-25,SEA,ATL,L,23,27,Home
2022,2022-09-25,TB,GB,L,12,14,Home
2022,2022-09-25,TEN,LV,W,24,22,Home
2022,2022-09-25,WAS,PHI,L,8,24,Home
2022,2022-09-26,NYG,DAL,L,16,23,Home
2022,2022-09-29,CIN,MIA,W,27,15,Home
2022,2022-10-02,ATL,CLE,W,23,20,Home
2022,2022-10-02,BAL,BUF,L,20,23,Home
2022,2022-10-02,CAR,ARI,L,16,26,Home
2022,2022-10-02,DAL,WAS,W,25,10,Home
2022,2022-10-02,DET,SEA,L,45,48,Home
2022,2022-10-02,GB,NE,W,27,24,Home
2022,2022-10-02,HOU,LAC,L,24,34,Home
2022,2022-10-02,IND,TEN,L,17,24,Home
2022,2022-10-02,LV,DEN,W,32,23,Home
2022,2022-10-02,NO,MIN,L,25,28,Home
2022,2022-10-02,NYG,CHI,W,20,12,Home
2022,2022-10-02,PHI,JAX,W,29,21,Home
2022,2022-10-02,PIT,NYJ,L,20,24,Home
2022,2022-10-02,TB,KC,L,31,41,Home
2022,2022-10-03,SF,LAR,W,24,9,Home
2022,2022-10-06,DEN,IND,L,9,12,Home
2022,2022-10-09,ARI,PHI,L,17,20,Home
2022,2022-10-09,BAL,CIN,W,19,17,Home
2022,2022-10-09,BUF,PIT,W,38,3,Home
2022,2022-10-09,CAR,SF,L,15,37,Home
2022,2022-10-09,CLE,LAC,L,28,30,Home
2022,2022-10-09,GB,NYG,L,22,27,Home
2022,2022-10-09,JAX,HOU,L,6,13,Home
2022,2022-10-09,LAR,DAL,L,10,22,Home
2022,2022-10-09,MIN,CHI,W,29,22,Home
2022,2022-10-09,NE,DET,W,29,0,Home
2022,2022-10-09,NO,SEA,W,39,32,Home
2022,2022-10-09,NYJ,MIA,W,40,17,Home
2022,2022-10-09,TB,ATL,W,21,15,Home
2022,2022-10-09,WAS,TEN,L,17,21,Home
2022,2022-10-10,KC,LV,W,30,29,Home
2022,2022-10-13,CHI,WAS,L,7,12,Home
2022,2022-10-16,ATL,SF,W,28,14,Home
2022,2022-10-16,CLE,NE,L,15,38,Home
2022,2022-10-16,GB,NYJ,L,10,27,Home
2022,2022-10-16,IND,JAX,W,34,27,Home
2022,2022-10-16,KC,BUF,L,20,24,Home
2022,2022-10-16,LAR,CAR,W,24,10,Home
2022,2022-10-16,MIA,MIN,L,16,24,Home
2022,2022-10-16,NO,CIN,L,26,30,Home
2022,2022-10-16,NYG,BAL,W,24,20,Home
2022,2022-10-16,PHI,DAL,W,26,17,Home
2022,2022-10-16,PIT,TB,W,20,18,Home
2022,2022-10-16,SEA,ARI,W,19,9,Home
2022,2022-10-17,LAC,DEN,W,19,16,Home
2022,2022-10-20,ARI,NO,W,42,34,Home
2022,2022-10-23,BAL,CLE,W,23,20,Home
2022,2022-10-23,CAR,TB,W,21,3,Home
2022,2022-10-23,CIN,ATL,W,35,17,Home
2022,2022-10-23,DAL,DET,W,24,6,Home
2022,2022-10-23,DEN,NYJ,L,9,16,Home
2022,2022-10-23,JAX,NYG,L,17,23,Home
2022,2022-10-23,LAC,SEA,L,23,37,Home
2022,2022-10-23,LV,HOU,W,38,20,Home
2022,2022-10-23,MIA,PIT,W,16,10,Home
2022,2022-10-23,SF,KC,L,23,44,Home
2022,2022-10-23,TEN,IND,W,19,10,Home
2022,2022-10-23,WAS,GB,W,23,21,Home
2022,2022-10-24,NE,CHI,L,14,33,Home
2022,2022-10-27,TB,BAL,L,22,27,Home
2022,2022-10-30,ATL,CAR,W,37,34,Home
2022,2022-10-30,BUF,GB,W,27,17,Home
2022,2022-10-30,DAL,CHI,W,49,29,Home
2022,2022-10-30,DET,MIA,L,27,31,Home
2022,2022-10-30,HOU,TEN,L,10,17,Home
2022,2022-10-30,IND,WAS,L,16,17,Home
2022,2022-10-30,JAX,DEN,L,17,21,Home
2022,2022-10-30,LAR,SF,L,14,31,Home
2022,2022-10-30,MIN,ARI,W,34,26,Home
2022,2022-10-30,NO,LV,W,24,0,Home
2022,2022-10-30,NYJ,NE,L,17,22,Home
2022,2022-10-30,PHI,PIT,W,35,13,Home
2022,2022-10-30,SEA,NYG,W,27,13,Home
2022,2022-10-31,CLE,CIN,W,32,13,Home
2022,2022-11-03,HOU,PHI,L,17,29,Home
2022,2022-11-06,ARI,SEA,L,21,31,Home
2022,2022-11-06,ATL,LAC,L,17,20,Home
2022,2022-11-06,CHI,MIA,L,32,35,Home
2022,2022-11-06,CIN,CAR,W,42,21,Home
2022,2022-11-06,DET,GB,W,15,9,Home
2022,2022-11-06,JAX,LV,W,27,20,Home
2022,2022-11-06,KC,TEN,W,20,17,Home
2022,2022-11-06,NE,IND,W,26,3,Home
2022,2022-11-06,NYJ,BUF,W,20,17,Home
2022,2022-11-06,TB,LAR,W,16,13,Home
2022,2022-11-06,WAS,MIN,L,17,20,Home
2022,2022-11-07,NO,BAL,L,13,27,Home
2022,2022-11-10,CAR,ATL,W,25,15,Home
2022,2022-11-13,BUF,MIN,L,30,33,Home
2022,2022-11-13,CHI,DET,L,30,31,Home
2022,2022-11-13,GB,DAL,W,31,28,Home
2022,2022-11-13,KC,JAX,W,27,17,Home
2022,2022-11-13,LAR,ARI,L,17,27,Home
2022,2022-11-13,LV,IND,L,20,25,Home
2022,2022-11-13,MIA,CLE,W,39,17,Home
2022,2022-11-13,NYG,HOU,W,24,16,Home
2022,2022-11-13,PIT,NO,W,20,10,Home
2022,2022-11-13,SF,LAC,W,22,16,Home
2022,2022-11-13,TB,SEA,W,21,16,Home
2022,2022-11-13,TEN,DEN,W,17,10,Home
2022,2022-11-14,PHI,WAS,L,21,32,Home
2022,2022-11-17,GB,TEN,L,17,27,Home
2022,2022-11-20,ATL,CHI,W,27,24,Home
2022,2022-11-20,BAL,CAR,W,13,3,Home
2022,2022-11-20,BUF,CLE,W,31,23,Home
2022,2022-11-20,DEN,LV,L,16,22,Home
2022,2022-11-20,HOU,WAS,L,10,23,Home
2022,2022-11-20,IND,PHI,L,16,17,Home
2022,2022-11-20,LAC,KC,L,27,30,Home
2022,2022-11-20,MIN,DAL,L,3,40,Home
2022,2022-11-20,NE,NYJ,W,10,3,Home
2022,2022-11-20,NO,LAR,W,27,20,Home
2022,2022-11-20,NYG,DET,L,18,31,Home
2022,2022-11-20,PIT,CIN,L,30,37,Home
2022,2022-11-21,ARI,SF,L,10,38,Home
2022,2022-11-24,DAL,NYG,W,28,20,Home
2022,2022-11-24,DET,BUF,L,25,28,Home
2022,2022-11-24,MIN,NE,W,33,26,Home
2022,2022-11-27,ARI,LAC,L,24,25,Home
2022,2022-11-27,CAR,DEN,W,23,10,Home
2022,2022-11-27,CLE,TB,W,23,17,Home
2022,2022-11-27,JAX,BAL,W,28,27,Home
2022,2022-11-27,KC,LAR,W,26,10,Home
2022,2022-11-27,MIA,HOU,W,30,15,Home
2022,2022-11-27,NYJ,CHI,W,31,10,Home
2022,2022-11-27,PHI,GB,W,40,33,Home
2022,2022-11-27,SEA,LV,L,34,40,Home
2022,2022-11-27,SF,NO,W,13,0,Home
2022,2022-11-27,TEN,CIN,L,16,20,Home
2022,2022-11-27,WAS,ATL,W,19,13,Home
2022,2022-11-28,IND,PIT,L,17,24,Home
2022,2022-12-01,NE,BUF,L,10,24,Home
2022,2022-12-04,ATL,PIT,L,16,19,Home
2022,2022-12-04,BAL,DEN,W,10,9,Home
2022,2022-12-04,CHI,GB,L,19,28,Home
2022,2022-12-04,CIN,KC,W,27,24,Home
2022,2022-12-04,DAL,IND,W,54,19,Home
2022,2022-12-04,DET,JAX,W,40,14,Home
2022,2022-12-04,HOU,CLE,L,14,27,Home
2022,2022-12-04,LAR,SEA,L,23,27,Home
2022,2022-12-04,LV,LAC,W,27,20,Home
2022,2022-12-04,MIN,NYJ,W,27,22,Home
2022,2022-12-04,NYG,WAS,T,20,20,Home
2022,2022-12-04,PHI,TEN,W,35,10,Home
2022,2022-12-04,SF,MIA,W,33,17,Home
2022,2022-12-05,TB,NO,W,17,16,Home
2022,2022-12-08,LAR,LV,W,17,16,Home
2022,2022-12-11,BUF,NYJ,W,20,12,Home
2022,2022-12-11,CIN,CLE,W,23,10,Home
2022,2022-12-11,DAL,HOU,W,27,23,Home
2022,2022-12-11,DEN,KC,L,28,34,Home
2022,2022-12-11,DET,MIN,W,34,23,Home
2022,2022-12-11,LAC,MIA,W,23,17,Home
2022,2022-12-11,NYG,PHI,L,22,48,Home
2022,2022-12-11,PIT,BAL,L,14,16,Home
2022,2022-12-11,SEA,CAR,L,24,30,Home
2022,2022-12-11,SF,TB,W,35,7,Home
2022,2022-12-11,TEN,JAX,L,22,36,Home
2022,2022-12-12,ARI,NE,L,13,27,Home
2022,2022-12-15,SEA,SF,L,13,21,Home
2022,2022-12-17,BUF,MIA,W,32,29,Home
2022,2022-12-17,CLE,BAL,W,13,3,Home
2022,2022-12-17,MIN,IND,W,39,36,Home
2022,2022-12-18,CAR,PIT,L,16,24,Home
2022,2022-12-18,CHI,PHI,L,20,25,Home
2022,2022-12-18,DEN,ARI,W,24,15,Home
2022,2022-12-18,HOU,KC,L,24,30,Home
2022,2022-12-18,JAX,DAL,W,40,34,Home
2022,2022-12-18,LAC,TEN,W,17,14,Home
2022,2022-12-18,LV,NE,W,30,24,Home
2022,2022-12-18,NO,ATL,W,21,18,Home
2022,2022-12-18,NYJ,DET,L,17,20,Home
2022,2022-12-18,TB,CIN,L,23,34,Home
2022,2022-12-18,WAS,NYG,L,12,20,Home
2022,2022-12-19,GB,LAR,W,24,12,Home
2022,2022-12-22,NYJ,JAX,L,3,19,Home
2022,2022-12-24,BAL,ATL,W,17,9,Home
2022,2022-12-24,CAR,DET,W,37,23,Home
2022,2022-12-24,CHI,BUF,L,13,35,Home
2022,2022-12-24,CLE,NO,L,10,17,Home
2022,2022-12-24,DAL,PHI,W,40,34,Home
2022,2022-12-24,KC,SEA,W,24,10,Home
2022,2022-12-24,MIN,NYG,W,27,24,Home
2022,2022-12-24,NE,CIN,L,18,22,Home
2022,2022-12-24,PIT,LV,W,13,10,Home
2022,2022-12-24,SF,WAS,W,37,20,Home
2022,2022-12-24,TEN,HOU,L,14,19,Home
2022,2022-12-25,ARI,TB,L,16,19,Home
2022,2022-12-25,LAR,DEN,W,51,14,Home
2022,2022-12-25,MIA,GB,L,20,26,Home
2022,2022-12-26,IND,LAC,L,3,20,Home
2022,2022-12-29,TEN,DAL,L,13,27,Home
2022,2023-01-01,ATL,ARI,W,20,19,Home
2022,2023-01-01,BAL,PIT,L,13,16,Home
2022,2023-01-01,DET,CHI,W,41,10,Home
2022,2023-01-01,GB,MIN,W,41,17,Home
2022,2023-01-01,HOU,JAX,L,3,31,Home
2022,2023-01-01,KC,DEN,W,27,24,Home
2022,2023-01-01,LAC,LAR,W,31,10,Home
2022,2023-01-01,LV,SF,L,34,37,Home
2022,2023-01-01,NE,MIA,W,23,21,Home
2022,2023-01-01,NYG,IND,W,38,10,Home
2022,2023-01-01,PHI,NO,L,10,20,Home
2022,2023-01-01,SEA,NYJ,W,23,6,Home
2022,2023-01-01,TB,CAR,W,30,24,Home
2022,2023-01-01,WAS,CLE,L,10,24,Home
2022,2023-01-07,JAX,TEN,W,20,16,Home
2022,2023-01-07,LV,KC,L,13,31,Home
2022,2023-01-08,ATL,TB,W,30,17,Home
2022,2023-01-08,BUF,NE,W,35,23,Home
2022,2023-01-08,CHI,MIN,L,13,29,Home
2022,2023-01-08,CIN,BAL,W,27,16,Home
2022,2023-01-08,DEN,LAC,W,31,28,Home
2022,2023-01-08,GB,DET,L,16,20,Home
2022,2023-01-08,IND,HOU,L,31,32,Home
2022,2023-01-08,MIA,NYJ,W,11,6,Home
2022,2023-01-08,NO,CAR,L,7,10,Home
2022,2023-01-08,PHI,NYG,W,22,16,Home
2022,2023-01-08,PIT,CLE,W,28,14,Home
2022,2023-01-08,SEA,LAR,W,19,16,Home
2022,2023-01-08,SF,ARI,W,38,13,Home
2022,2023-01-08,WAS,DAL,W,26,6,Home
2023,2023-09-07,KC,DET,L,20,21,Home
2023,2023-09-10,ATL,CAR,W,24,10,Home
2023,2023-09-10,BAL,HOU,W,25,9,Home
2023,2023-09-10,CHI,GB,L,20,38,Home
2023,2023-09-10,CLE,CIN,W,24,3,Home
2023,2023-09-10,DEN,LV,L,16,17,Home
2023,2023-09-10,IND,JAX,L,21,31,Home
2023,2023-09-10,LAC,MIA,L,34,36,Home
2023,2023-09-10,MIN,TB,L,17,20,Home
2023,2023-09-10,NE,PHI,L,20,25,Home
2023,2023-09-10,NO,TEN,W,16,15,Home
2023,2023-09-10,NYG,DAL,L,0,40,Home
2023,2023-09-10,PIT,SF,L,7,30,Home
2023,2023-09-10,SEA,LAR,L,13,30,Home
2023,2023-09-10,WAS,ARI,W,20,16,Home
2023,2023-09-11,NYJ,BUF,W,22,16,Home
2023,2023-09-14,PHI,MIN,W,34,28,Home
2023,2023-09-17,ARI,NYG,L,28,31,Home
2023,2023-09-17,ATL,GB,W,25,24,Home
2023,2023-09-17,BUF,LV,W,38,10,Home
2023,2023-09-17,CIN,BAL,L,24,27,Home
2023,2023-09-17,DAL,NYJ,W,30,10,Home
2023,2023-09-17,DEN,WAS,L,33,35,Home
2023,2023-09-17,DET,SEA,L,31,37,Home
2023,2023-09-17,HOU,IND,L,20,31,Home
2023,2023-09-17,JAX,KC,L,9,17,Home
2023,2023-09-17,LAR,SF,L,23,30,Home
2023,2023-09-17,NE,MIA,L,17,24,Home
2023,2023-09-17,TB,CHI,W,27,17,Home
2023,2023-09-17,TEN,LAC,W,27,24,Home
2023,2023-09-18,CAR,NO,L,17,20,Home
2023,2023-09-18,PIT,CLE,W,26,22,Home
2023,2023-09-21,SF,NYG,W,30,12,Home
2023,2023-09-24,ARI,DAL,W,28,16,Home
2023,2023-09-24,BAL,IND,L,19,22,Home
2023,2023-09-24,CLE,TEN,W,27,3,Home
2023,2023-09-24,DET,ATL,W,20,6,Home
2023,2023-09-24,GB,NO,W,18,17,Home
2023,2023-09-24,JAX,HOU,L,17,37,Home
2023,2023-09-24,KC,CHI,W,41,10,Home
2023,2023-09-24,LV,PIT,L,18,23,Home
2023,2023-09-24,MIA,DEN,W,70,20,Home
2023,2023-09-24,MIN,LAC,L,24,28,Home
2023,2023-09-24,NYJ,NE,L,10,15,Home
2023,2023-09-24,SEA,CAR,W,37,27,Home
2023,2023-09-24,WAS,BUF,L,3,37,Home
2023,2023-09-25,CIN,LAR,W,19,16,Home
2023,2023-09-25,TB,PHI,L,11,25,Home
2023,2023-09-28,GB,DET,L,20,34,Home
2023,2023-10-01,BUF,MIA,W,48,20,Home
2023,2023-10-01,CAR,MIN,L,13,21,Home
2023,2023-10-01,CHI,DEN,L,28,31,Home
2023,2023-10-01,CLE,BAL,L,3,28,Home
2023,2023-10-01,DAL,NE,W,38,3,Home
2023,2023-10-01,HOU,PIT,W,30,6,Home
2023,2023-10-01,IND,LAR,L,23,29,Home
2023,2023-10-01,JAX,ATL,W,23,7,Home
2023,2023-10-01,LAC,LV,W,24,17,Home
2023,2023-10-01,NO,TB,L,9,26,Home
2023,2023-10-01,NYJ,KC,L,20,23,Home
2023,2023-10-01,PHI,WAS,W,34,31,Home
2023,2023-10-01,SF,ARI,W,35,16,Home
2023,2023-10-01,TEN,CIN,W,27,3,Home
2023,2023-10-02,NYG,SEA,L,3,24,Home
2023,2023-10-05,WAS,CHI,L,20,40,Home
2023,2023-10-08,ARI,CIN,L,20,34,Home
2023,2023-10-08,ATL,HOU,W,21,19,Home
2023,2023-10-08,BUF,JAX,L,20,25,Home
2023,2023-10-08,DEN,NYJ,L,21,31,Home
2023,2023-10-08,DET,CAR,W,42,24,Home
2023,2023-10-08,IND,TEN,W,23,16,Home
2023,2023-10-08,LAR,PHI,L,14,23,Home
2023,2023-10-08,MIA,NYG,W,31,16,Home
2023,2023-10-08,MIN,KC,L,20,27,Home
2023,2023-10-08,NE,NO,L,0,34,Home
2023,2023-10-08,PIT,BAL,W,17,10,Home
2023,2023-10-08,SF,DAL,W,42,10,Home
2023,2023-10-09,LV,GB,W,17,13,Home
2023,2023-10-12,KC,DEN,W,19,8,Home
2023,2023-10-15,ATL,WAS,L,16,24,Home
2023,2023-10-15,BUF,NYG,W,14,9,Home
2023,2023-10-15,CHI,MIN,L,13,19,Home
2023,2023-10-15,CIN,SEA,W,17,13,Home
2023,2023-10-15,CLE,SF,W,19,17,Home
2023,2023-10-15,HOU,NO,W,20,13,Home
2023,2023-10-15,JAX,IND,W,37,20,Home
2023,2023-10-15,LAR,ARI,W,26,9,Home
2023,2023-10-15,LV,NE,W,21,17,Home
2023,2023-10-15,MIA,CAR,W,42,21,Home
2023,2023-10-15,NYJ,PHI,W,20,14,Home
2023,2023-10-15,TB,DET,L,6,20,Home
2023,2023-10-15,TEN,BAL,L,16,24,Home
2023,2023-10-16,LAC,DAL,L,17,20,Home
2023,2023-10-19,NO,JAX,L,24,31,Home
2023,2023-10-22,BAL,DET,W,38,6,Home
2023,2023-10-22,CHI,LV,W,30,12,Home
2023,2023-10-22,DEN,GB,W,19,17,Home
2023,2023-10-22,IND,CLE,L,38,39,Home
2023,2023-10-22,KC,LAC,W,31,17,Home
2023,2023-10-22,LAR,PIT,L,17,24,Home
2023,2023-10-22,NE,BUF,W,29,25,Home
2023,2023-10-22,NYG,WAS,W,14,7,Home
2023,2023-10-22,PHI,MIA,W,31,17,Home
2023,2023-10-22,SEA,ARI,W,20,10,Home
2023,2023-10-22,TB,ATL,L,13,16,Home
2023,2023-10-23,MIN,SF,W,22,17,Home
2023,2023-10-26,BUF,TB,W,24,18,Home
2023,2023-10-29,ARI,BAL,L,24,31,Home
2023,2023-10-29,CAR,HOU,W,15,13,Home
2023,2023-10-29,DAL,LAR,W,43,20,Home
2023,2023-10-29,DEN,KC,W,24,9,Home
2023,2023-10-29,GB,MIN,L,10,24,Home
2023,2023-10-29,IND,NO,L,27,38,Home
2023,2023-10-29,LAC,CHI,W,30,13,Home
2023,2023-10-29,MIA,NE,W,31,17,Home
2023,2023-10-29,NYG,NYJ,L,10,13,Home
2023,2023-10-29,PIT,JAX,L,10,20,Home
2023,2023-10-29,SEA,CLE,W,24,20,Home
2023,2023-10-29,SF,CIN,L,17,31,Home
2023,2023-10-29,TEN,ATL,W,28,23,Home
2023,2023-10-29,WAS,PHI,L,31,38,Home
2023,2023-10-30,DET,LV,W,26,14,Home
2023,2023-11-02,PIT,TEN,W,20,16,Home
2023,2023-11-05,ATL,MIN,L,28,31,Home
2023,2023-11-05,BAL,SEA,W,37,3,Home
2023,2023-11-05,CAR,IND,L,13,27,Home
2023,2023-11-05,CIN,BUF,W,24,18,Home
2023,2023-11-05,CLE,ARI,W,27,0,Home
2023,2023-11-05,GB,LAR,W,20,3,Home
2023,2023-11-05,HOU,TB,W,39,37,Home
2023,2023-11-05,KC,MIA,W,21,14,Home
2023,2023-11-05,LV,NYG,W,30,6,Home
2023,2023-11-05,NE,WAS,L,17,20,Home
2023,2023-11-05,NO,CHI,W,24,17,Home
2023,2023-11-05,PHI,DAL,W,28,23,Home
2023,2023-11-06,NYJ,LAC,L,6,27,Home
2023,2023-11-09,CHI,CAR,W,16,13,Home
2023,2023-11-12,ARI,ATL,W,25,23,Home
2023,2023-11-12,BAL,CLE,L,31,33,Home
2023,2023-11-12,CIN,HOU,L,27,30,Home
2023,2023-11-12,DAL,NYG,W,49,17,Home
2023,2023-11-12,JAX,SF,L,3,34,Home
2023,2023-11-12,LAC,DET,L,38,41,Home
2023,2023-11-12,LV,NYJ,W,16,12,Home
2023,2023-11-12,MIN,NO,W,27,19,Home
2023,2023-11-12,NE,IND,L,6,10,Home
2023,2023-11-12,PIT,GB,W,23,19,Home
2023,2023-11-12,SEA,WAS,W,29,26,Home
2023,2023-11-12,TB,TEN,W,20,6,Home
2023,2023-11-13,BUF,DEN,L,22,24,Home
2023,2023-11-16,BAL,CIN,W,34,20,Home
2023,2023-11-19,BUF,NYJ,W,32,6,Home
2023,2023-11-19,CAR,DAL,L,10,33,Home
2023,2023-11-19,CLE,PIT,W,13,10,Home
2023,2023-11-19,DEN,MIN,W,21,20,Home
2023,2023-11-19,DET,CHI,W,31,26,Home
2023,2023-11-19,GB,LAC,W,23,20,Home
2023,2023-11-19,HOU,ARI,W,21,16,Home
2023,2023-11-19,JAX,TEN,W,34,14,Home
2023,2023-11-19,LAR,SEA,W,17,16,Home
2023,2023-11-19,MIA,LV,W,20,13,Home
2023,2023-11-19,SF,TB,W,27,14,Home
2023,2023-11-19,WAS,NYG,L,19,31,Home
2023,2023-11-20,KC,PHI,L,17,21,Home
2023,2023-11-23,DAL,WAS,W,45,10,Home
2023,2023-11-23,DET,GB,L,22,29,Home
2023,2023-11-23,SEA,SF,L,13,31,Home
2023,2023-11-24,NYJ,MIA,L,13,34,Home
2023,2023-11-26,ARI,LAR,L,14,37,Home
2023,2023-11-26,ATL,NO,W,24,15,Home
2023,2023-11-26,CIN,PIT,L,10,16,Home
2023,2023-11-26,DEN,CLE,W,29,12,Home
2023,2023-11-26,HOU,JAX,L,21,24,Home
2023,2023-11-26,IND,TB,W,27,20,Home
2023,2023-11-26,LAC,BAL,L,10,20,Home
2023,2023-11-26,LV,KC,L,17,31,Home
2023,2023-11-26,NYG,NE,W,10,7,Home
2023,2023-11-26,PHI,BUF,W,37,34,Home
2023,2023-11-26,TEN,CAR,W,17,10,Home
2023,2023-11-27,MIN,CHI,L,10,12,Home
2023,2023-11-30,DAL,SEA,W,41,35,Home
2023,2023-12-03,GB,KC,W,27,19,Home
2023,2023-12-03,HOU,DEN,W,22,17,Home
2023,2023-12-03,LAR,CLE,W,36,19,Home
2023,2023-12-03,NE,LAC,L,0,6,Home
2023,2023-12-03,NO,DET,L,28,33,Home
2023,2023-12-03,NYJ,ATL,L,8,13,Home
2023,2023-12-03,PHI,SF,L,19,42,Home
2023,2023-12-03,PIT,ARI,L,10,24,Home
2023,2023-12-03,TB,CAR,W,14,10,Home
2023,2023-12-03,TEN,IND,L,28,31,Home
2023,2023-12-03,WAS,MIA,L,15,45,Home
2023,2023-12-04,JAX,CIN,L,31,34,Home
2023,2023-12-07,PIT,NE,L,18,21,Home
2023,2023-12-10,ATL,TB,L,25,29,Home
2023,2023-12-10,BAL,LAR,W,37,31,Home
2023,2023-12-10,CHI,DET,W,28,13,Home
2023,2023-12-10,CIN,IND,W,34,14,Home
2023,2023-12-10,CLE,JAX,W,31,27,Home
2023,2023-12-10,DAL,PHI,W,33,13,Home
2023,2023-12-10,KC,BUF,L,17,20,Home
2023,2023-12-10,LAC,DEN,L,7,24,Home
2023,2023-12-10,LV,MIN,L,0,3,Home
2023,2023-12-10,NO,CAR,W,28,6,Home
2023,2023-12-10,NYJ,HOU,W,30,6,Home
2023,2023-12-10,SF,SEA,W,28,16,Home
2023,2023-12-11,MIA,TEN,L,27,28,Home
2023,2023-12-11,NYG,GB,W,24,22,Home
2023,2023-12-14,LV,LAC,W,63,21,Home
2023,2023-12-16,CIN,MIN,W,27,24,Home
2023,2023-12-16,DET,DEN,W,42,17,Home
2023,2023-12-16,IND,PIT,W,30,13,Home
2023,2023-12-17,ARI,SF,L,29,45,Home
2023,2023-12-17,BUF,DAL,W,31,10,Home
2023,2023-12-17,CAR,ATL,W,9,7,Home
2023,2023-12-17,CLE,CHI,W,20,17,Home
2023,2023-12-17,GB,TB,L,20,34,Home
2023,2023-12-17,JAX,BAL,L,7,23,Home
2023,2023-12-17,LAR,WAS,W,28,20,Home
2023,2023-12-17,MIA,NYJ,W,30,0,Home
2023,2023-12-17,NE,KC,L,17,27,Home
2023,2023-12-17,NO,NYG,W,24,6,Home
2023,2023-12-17,TEN,HOU,L,16,19,Home
2023,2023-12-18,SEA,PHI,W,20,17,Home
2023,2023-12-21,LAR,NO,W,30,22,Home
2023,2023-12-23,LAC,BUF,L,22,24,Home
2023,2023-12-23,PIT,CIN,W,34,11,Home
2023,2023-12-24,ATL,IND,W,29,10,Home
2023,2023-12-24,CAR,GB,L,30,33,Home
2023,2023-12-24,CHI,ARI,W,27,16,Home
2023,2023-12-24,DEN,NE,L,23,26,Home
2023,2023-12-24,HOU,CLE,L,22,36,Home
2023,2023-12-24,MIA,DAL,W,22,20,Home
2023,2023-12-24,MIN,DET,L,24,30,Home
2023,2023-12-24,NYJ,WAS,W,30,28,Home
2023,2023-12-24,TB,JAX,W,30,12,Home
2023,2023-12-24,TEN,SEA,L,17,20,Home
2023,2023-12-25,KC,LV,L,14,20,Home
2023,2023-12-25,PHI,NYG,W,33,25,Home
2023,2023-12-25,SF,BAL,L,19,33,Home
2023,2023-12-28,CLE,NYJ,W,37,20,Home
2023,2023-12-30,DAL,DET,W,20,19,Home
2023,2023-12-31,BAL,MIA,W,56,19,Home
2023,2023-12-31,BUF,NE,W,27,21,Home
2023,2023-12-31,CHI,ATL,W,37,17,Home
2023,2023-12-31,DEN,LAC,W,16,9,Home
2023,2023-12-31,HOU,TEN,W,26,3,Home
2023,2023-12-31,IND,LV,W,23,20,Home
2023,2023-12-31,JAX,CAR,W,26,0,Home
2023,2023-12-31,KC,CIN,W,25,17,Home
2023,2023-12-31,MIN,GB,L,10,33,Home
2023,2023-12-31,NYG,LAR,L,25,26,Home
2023,2023-12-31,PHI,ARI,L,31,35,Home
2023,2023-12-31,SEA,PIT,L,23,30,Home
2023,2023-12-31,TB,NO,L,13,23,Home
2023,2023-12-31,WAS,SF,L,10,27,Home
2023,2024-01-06,BAL,PIT,L,10,17,Home
2023,2024-01-07,ARI,SEA,L,20,21,Home
2023,2024-01-07,CAR,TB,L,0,9,Home
2023,2024-01-07,CIN,CLE,W,31,14,Home
2023,2024-01-07,DET,MIN,W,30,20,Home
2023,2024-01-07,GB,CHI,W,17,9,Home
2023,2024-01-07,IND,HOU,L,19,23,Home
2023,2024-01-07,LAC,KC,L,12,13,Home
2023,2024-01-07,LV,DEN,W,27,14,Home
2023,2024-01-07,MIA,BUF,L,14,21,Home
2023,2024-01-07,NE,NYJ,L,3,17,Home
2023,2024-01-07,NO,ATL,W,48,17,Home
2023,2024-01-07,NYG,PHI,W,27,10,Home
2023,2024-01-07,SF,LAR,L,20,21,Home
2023,2024-01-07,TEN,JAX,W,28,20,Home
2023,2024-01-07,WAS,DAL,L,10,38,Home
2024,2024-09-05,KC,BAL,W,27,20,Home
2024,2024-09-06,PHI,GB,W,34,29,Home
2024,2024-09-08,ATL,PIT,L,10,18,Home
2024,2024-09-08,BUF,ARI,W,34,28,Home
2024,2024-09-08,CHI,TEN,W,24,17,Home
2024,2024-09-08,CIN,NE,L,10,16,Home
2024,2024-09-08,CLE,DAL,L,17,33,Home
2024,2024-09-08,DET,LAR,W,26,20,Home
2024,2024-09-08,IND,HOU,L,27,29,Home
2024,2024-09-08,LAC,LV,W,22,10,Home
2024,2024-09-08,MIA,JAX,W,20,17,Home
2024,2024-09-08,NO,CAR,W,47,10,Home
2024,2024-09-08,NYG,MIN,L,6,28,Home
2024,2024-09-08,SEA,DEN,W,26,20,Home
2024,2024-09-08,TB,WAS,W,37,20,Home
2024,2024-09-09,SF,NYJ,W,32,19,Home
2024,2024-09-12,MIA,BUF,L,10,31,Home
2024,2024-09-15,ARI,LAR,W,41,10,Home
2024,2024-09-15,BAL,LV,L,23,26,Home
2024,2024-09-15,CAR,LAC,L,3,26,Home
2024,2024-09-15,DAL,NO,L,19,44,Home
2024,2024-09-15,DEN,PIT,L,6,13,Home
2024,2024-09-15,DET,TB,L,16,20,Home
2024,2024-09-15,GB,IND,W,16,10,Home
2024,2024-09-15,HOU,CHI,W,19,13,Home
2024,2024-09-15,JAX,CLE,L,13,18,Home
2024,2024-09-15,KC,CIN,W,26,25,Home
2024,2024-09-15,MIN,SF,W,23,17,Home
2024,2024-09-15,NE,SEA,L,20,23,Home
2024,2024-09-15,TEN,NYJ,L,17,24,Home
2024,2024-09-15,WAS,NYG,W,21,18,Home
2024,2024-09-16,PHI,ATL,L,21,22,Home
2024,2024-09-19,NYJ,NE,W,24,3,Home
2024,2024-09-22,ARI,DET,L,13,20,Home
2024,2024-09-22,ATL,KC,L,17,22,Home
2024,2024-09-22,CLE,NYG,L,15,21,Home
2024,2024-09-22,DAL,BAL,L,25,28,Home
2024,2024-09-22,IND,CHI,W,21,16,Home
2024,2024-09-22,LAR,SF,W,27,24,Home
2024,2024-09-22,LV,CAR,L,22,36,Home
2024,2024-09-22,MIN,HOU,W,34,7,Home
2024,2024-09-22,NO,PHI,L,12,15,Home
2024,2024-09-22,PIT,LAC,W,20,10,Home
2024,2024-09-22,SEA,MIA,W,24,3,Home
2024,2024-09-22,TB,DEN,L,7,26,Home
2024,2024-09-22,TEN,GB,L,14,30,Home
2024,2024-09-23,BUF,JAX,W,47,10,Home
2024,2024-09-23,CIN,WAS,L,33,38,Home
2024,2024-09-26,NYG,DAL,L,15,20,Home
2024,2024-09-29,ARI,WAS,L,14,42,Home
2024,2024-09-29,ATL,NO,W,26,24,Home
2024,2024-09-29,BAL,BUF,W,35,10,Home
2024,2024-09-29,CAR,CIN,L,24,34,Home
2024,2024-09-29,CHI,LAR,W,24,18,Home
2024,2024-09-29,GB,MIN,L,29,31,Home
2024,2024-09-29,HOU,JAX,W,24,20,Home
2024,2024-09-29,IND,PIT,W,27,24,Home
2024,2024-09-29,LAC,KC,L,10,17,Home
2024,2024-09-29,LV,CLE,W,20,16,Home
2024,2024-09-29,NYJ,DEN,L,9,10,Home
2024,2024-09-29,SF,NE,W,30,13,Home
2024,2024-09-29,TB,PHI,W,33,16,Home
2024,2024-09-30,DET,SEA,W,42,29,Home
2024,2024-09-30,MIA,TEN,L,12,31,Home
2024,2024-10-03,ATL,TB,W,36,30,Home
2024,2024-10-06,CHI,CAR,W,36,10,Home
2024,2024-10-06,CIN,BAL,L,38,41,Home
2024,2024-10-06,DEN,LV,W,34,18,Home
2024,2024-10-06,HOU,BUF,W,23,20,Home
2024,2024-10-06,JAX,IND,W,37,34,Home
2024,2024-10-06,LAR,GB,L,19,24,Home
2024,2024-10-06,MIN,NYJ,W,23,17,Home
2024,2024-10-06,NE,MIA,L,10,15,Home
2024,2024-10-06,PIT,DAL,L,17,20,Home
2024,2024-10-06,SEA,NYG,L,20,29,Home
2024,2024-10-06,SF,ARI,L,23,24,Home
2024,2024-10-06,WAS,CLE,W,34,13,Home
2024,2024-10-07,KC,NO,W,26,13,Home
2024,2024-10-10,SEA,SF,L,24,36,Home
2024,2024-10-13,BAL,WAS,W,30,23,Home
2024,2024-10-13,CAR,ATL,L,20,38,Home
2024,2024-10-13,CHI,JAX,W,35,16,Home
2024,2024-10-13,DAL,DET,L,9,47,Home
2024,2024-10-13,DEN,LAC,L,16,23,Home
2024,2024-10-13,GB,ARI,W,34,13,Home
2024,2024-10-13,LV,PIT,L,13,32,Home
2024,2024-10-13,NE,HOU,L,21,41,Home
2024,2024-10-13,NO,TB,L,27,51,Home
2024,2024-10-13,NYG,CIN,L,7,17,Home
2024,2024-10-13,PHI,CLE,W,20,16,Home
2024,2024-10-13,TEN,IND,L,17,20,Home
2024,2024-10-14,NYJ,BUF,L,20,23,Home
2024,2024-10-17,NO,DEN,L,10,33,Home
2024,2024-10-20,ATL,SEA,L,14,34,Home
2024,2024-10-20,BUF,TEN,W,34,10,Home
2024,2024-10-20,CLE,CIN,L,14,21,Home
2024,2024-10-20,GB,HOU,W,24,22,Home
2024,2024-10-20,IND,MIA,W,16,10,Home
2024,2024-10-20,JAX,NE,W,32,16,Home
2024,2024-10-20,LAR,LV,W,20,15,Home
2024,2024-10-20,MIN,DET,L,29,31,Home
2024,2024-10-20,NYG,PHI,L,3,28,Home
2024,2024-10-20,PIT,NYJ,W,37,15,Home
2024,2024-10-20,SF,KC,L,18,28,Home
2024,2024-10-20,WAS,CAR,W,40,7,Home
2024,2024-10-21,ARI,LAC,W,17,15,Home
2024,2024-10-21,TB,BAL,L,31,41,Home
2024,2024-10-24,LAR,MIN,W,30,20,Home
2024,2024-10-27,CIN,PHI,L,17,37,Home
2024,2024-10-27,CLE,BAL,W,29,24,Home
2024,2024-10-27,DEN,CAR,W,28,14,Home
2024,2024-10-27,DET,TEN,W,52,14,Home
2024,2024-10-27,HOU,IND,W,23,20,Home
2024,2024-10-27,JAX,GB,L,27,30,Home
2024,2024-10-27,LAC,NO,W,26,8,Home
2024,2024-10-27,LV,KC,L,20,27,Home
2024,2024-10-27,MIA,ARI,L,27,28,Home
2024,2024-10-27,NE,NYJ,W,25,22,Home
2024,2024-10-27,SEA,BUF,L,10,31,Home
2024,2024-10-27,SF,DAL,W,30,24,Home
2024,2024-10-27,TB,ATL,L,26,31,Home
2024,2024-10-27,WAS,CHI,W,18,15,Home
2024,2024-10-28,PIT,NYG,W,26,18,Home
2024,2024-10-31,NYJ,HOU,W,21,13,Home
2024,2024-11-03,ARI,CHI,W,29,9,Home
2024,2024-11-03,ATL,DAL,W,27,21,Home
2024,2024-11-03,BAL,DEN,W,41,10,Home
2024,2024-11-03,BUF,MIA,W,30,27,Home
2024,2024-11-03,CAR,NO,W,23,22,Home
2024,2024-11-03,CIN,LV,W,41,24,Home
2024,2024-11-03,CLE,LAC,L,10,27,Home
2024,2024-11-03,GB,DET,L,14,24,Home
2024,2024-11-03,MIN,IND,W,21,13,Home
2024,2024-11-03,NYG,WAS,L,22,27,Home
2024,2024-11-03,PHI,JAX,W,28,23,Home
2024,2024-11-03,SEA,LAR,L,20,26,Home
2024,2024-11-03,TEN,NE,W,20,17,Home
2024,2024-11-04,KC,TB,W,30,24,Home
2024,2024-11-07,BAL,CIN,W,35,34,Home
2024,2024-11-10,ARI,NYJ,W,31,6,Home
2024,2024-11-10,CAR,NYG,W,20,17,Home
2024,2024-11-10,CHI,NE,L,3,19,Home
2024,2024-11-10,DAL,PHI,L,6,34,Home
2024,2024-11-10,HOU,DET,L,23,26,Home
2024,2024-11-10,IND,BUF,L,20,30,Home
2024,2024-11-10,JAX,MIN,L,7,12,Home
2024,2024-11-10,KC,DEN,W,16,14,Home
2024,2024-11-10,LAC,TEN,W,27,17,Home
2024,2024-11-10,NO,ATL,W,20,17,Home
2024,2024-11-10,TB,SF,L,20,23,Home
2024,2024-11-10,WAS,PIT,L,27,28,Home
2024,2024-11-11,LAR,MIA,L,15,23,Home
2024,2024-11-14,PHI,WAS,W,26,18,Home
2024,2024-11-17,BUF,KC,W,30,21,Home
2024,2024-11-17,CHI,GB,L,19,20,Home
2024,2024-11-17,DEN,ATL,W,38,6,Home
2024,2024-11-17,DET,JAX,W,52,6,Home
2024,2024-11-17,LAC,CIN,W,34,27,Home
2024,2024-11-17,MIA,LV,W,34,19,Home
2024,2024-11-17,NE,LAR,L,22,28,Home
2024,2024-11-17,NO,CLE,W,35,14,Home
2024,2024-11-17,NYJ,IND,L,27,28,Home
2024,2024-11-17,PIT,BAL,W,18,16,Home
2024,2024-11-17,SF,SEA,L,17,20,Home
2024,2024-11-17,TEN,MIN,L,13,23,Home
2024,2024-11-18,DAL,HOU,L,10,34,Home
2024,2024-11-21,CLE,PIT,W,24,19,Home
2024,2024-11-24,CAR,KC,L,27,30,Home
2024,2024-11-24,CHI,MIN,L,27,30,Home
2024,2024-11-24,GB,SF,W,38,10,Home
2024,2024-11-24,HOU,TEN,L,27,32,Home
2024,2024-11-24,IND,DET,L,6,24,Home
2024,2024-11-24,LAR,PHI,L,20,37,Home
2024,2024-11-24,LV,DEN,L,19,29,Home
2024,2024-11-24,MIA,NE,W,34,15,Home
2024,2024-11-24,NYG,TB,L,7,30,Home
2024,2024-11-24,SEA,ARI,W,16,6,Home
2024,2024-11-24,WAS,DAL,L,26,34,Home
2024,2024-11-25,LAC,BAL,L,23,30,Home
2024,2024-11-28,DAL,NYG,W,27,20,Home
2024,2024-11-28,DET,CHI,W,23,20,Home
2024,2024-11-28,GB,MIA,W,30,17,Home
2024,2024-11-29,KC,LV,W,19,17,Home
2024,2024-12-01,ATL,LAC,L,13,17,Home
2024,2024-12-01,BAL,PHI,L,19,24,Home
2024,2024-12-01,BUF,SF,W,35,10,Home
2024,2024-12-01,CAR,TB,L,23,26,Home
2024,2024-12-01,CIN,PIT,L,38,44,Home
2024,2024-12-01,JAX,HOU,L,20,23,Home
2024,2024-12-01,MIN,ARI,W,23,22,Home
2024,2024-12-01,NE,IND,L,24,25,Home
2024,2024-12-01,NO,LAR,L,14,21,Home
2024,2024-12-01,NYJ,SEA,L,21,26,Home
2024,2024-12-01,WAS,TEN,W,42,19,Home
2024,2024-12-02,DEN,CLE,W,41,32,Home
2024,2024-12-05,DET,GB,W,34,31,Home
2024,2024-12-08,ARI,SEA,L,18,30,Home
2024,2024-12-08,KC,LAC,W,19,17,Home
2024,2024-12-08,LAR,BUF,W,44,42,Home
2024,2024-12-08,MIA,NYJ,W,32,26,Home
2024,2024-12-08,MIN,ATL,W,42,21,Home
2024,2024-12-08,NYG,NO,L,11,14,Home
2024,2024-12-08,PHI,CAR,W,22,16,Home
2024,2024-12-08,PIT,CLE,W,27,14,Home
2024,2024-12-08,SF,CHI,W,38,13,Home
2024,2024-12-08,TB,LV,W,28,13,Home
2024,2024-12-08,TEN,JAX,L,6,10,Home
2024,2024-12-09,DAL,CIN,L,20,27,Home
2024,2024-12-12,SF,LAR,L,6,12,Home
2024,2024-12-15,ARI,NE,W,30,17,Home
2024,2024-12-15,CAR,DAL,L,14,30,Home
2024,2024-12-15,CLE,KC,L,7,21,Home
2024,2024-12-15,DEN,IND,W,31,13,Home
2024,2024-12-15,DET,BUF,L,42,48,Home
2024,2024-12-15,HOU,MIA,W,20,12,Home
2024,2024-12-15,JAX,NYJ,L,25,32,Home
2024,2024-12-15,LAC,TB,L,17,40,Home
2024,2024-12-15,NO,WAS,L,19,20,Home
2024,2024-12-15,NYG,BAL,L,14,35,Home
2024,2024-12-15,PHI,PIT,W,27,13,Home
2024,2024-12-15,SEA,GB,L,13,30,Home
2024,2024-12-15,TEN,CIN,L,27,37,Home
2024,2024-12-16,LV,ATL,L,9,15,Home
2024,2024-12-16,MIN,CHI,W,30,12,Home
2024,2024-12-19,LAC,DEN,W,34,27,Home
2024,2024-12-21,BAL,PIT,W,34,17,Home
2024,2024-12-21,KC,HOU,W,27,19,Home
2024,2024-12-22,ATL,NYG,W,34,7,Home
2024,2024-12-22,BUF,NE,W,24,21,Home
2024,2024-12-22,CAR,ARI,W,36,30,Home
2024,2024-12-22,CHI,DET,L,17,34,Home
2024,2024-12-22,CIN,CLE,W,24,6,Home
2024,2024-12-22,DAL,TB,W,26,24,Home
2024,2024-12-22,IND,TEN,W,38,30,Home
2024,2024-12-22,LV,JAX,W,19,14,Home
2024,2024-12-22,MIA,SF,W,29,17,Home
2024,2024-12-22,NYJ,LAR,L,9,19,Home
2024,2024-12-22,SEA,MIN,L,24,27,Home
2024,2024-12-22,WAS,PHI,W,36,33,Home
2024,2024-12-23,GB,NO,W,34,0,Home
2024,2024-12-25,HOU,BAL,L,2,31,Home
2024,2024-12-25,PIT,KC,L,10,29,Home
2024,2024-12-26,CHI,SEA,L,3,6,Home
2024,2024-12-28,BUF,NYJ,W,40,14,Home
2024,2024-12-28,CIN,DEN,W,30,24,Home
2024,2024-12-28,LAR,ARI,W,13,9,Home
2024,2024-12-28,NE,LAC,L,7,40,Home
2024,2024-12-29,CLE,MIA,L,3,20,Home
2024,2024-12-29,JAX,TEN,W,20,13,Home
2024,2024-12-29,MIN,GB,W,27,25,Home
2024,2024-12-29,NO,LV,L,10,25,Home
2024,2024-12-29,NYG,IND,W,45,33,Home
2024,2024-12-29,PHI,DAL,W,41,7,Home
2024,2024-12-29,TB,CAR,W,48,14,Home
2024,2024-12-29,WAS,ATL,W,30,24,Home
2024,2024-12-30,SF,DET,L,34,40,Home
2024,2025-01-04,BAL,CLE,W,35,10,Home
2024,2025-01-05,ARI,SF,W,47,24,Home
2024,2025-01-05,ATL,CAR,L,38,44,Home
2024,2025-01-05,DAL,WAS,L,19,23,Home
2024,2025-01-05,DEN,KC,W,38,0,Home
2024,2025-01-05,DET,MIN,W,31,9,Home
2024,2025-01-05,GB,CHI,L,22,24,Home
2024,2025-01-05,IND,JAX,W,26,23,Home
2024,2025-01-05,LAR,SEA,L,25,30,Home
2024,2025-01-05,LV,LAC,L,20,34,Home
2024,2025-01-05,NE,BUF,W,23,16,Home
2024,2025-01-05,NYJ,MIA,W,32,20,Home
2024,2025-01-05,PHI,NYG,W,20,13,Home
2024,2025-01-05,PIT,CIN,L,17,19,Home
2024,2025-01-05,TB,NO,W,27,19,Home
2024,2025-01-05,TEN,HOU,L,14,23,Home
