season,date,team1,team2,result,score1,score2,home_away,home_rank,away_rank,is_upset
1966,1966-09-02,MIA,LV,0,14,23,1,22,9,0
1966,1966-09-03,TEN,DEN,3,45,7,1,21,20,1
1966,1966-09-04,LAC,BUF,3,27,7,1,12,4,1
1966,1966-09-09,MIA,NYJ,0,14,19,1,22,13,0
1966,1966-09-10,GB,IND,3,24,3,1,1,6,0
1966,1966-09-10,LAC,NE,3,24,0,1,12,7,1
1966,1966-09-10,TEN,LV,3,31,0,1,21,9,1
1966,1966-09-11,ARI,PHI,3,16,13,1,10,8,1
1966,1966-09-11,ATL,LAR,0,14,19,1,23,11,0
1966,1966-09-11,BUF,KC,0,20,42,1,4,2,0
1966,1966-09-11,DET,CHI,3,14,3,1,19,16,1
1966,1966-09-11,PIT,NYG,1,34,34,1,17,24,0
1966,1966-09-11,SF,MIN,1,20,20,1,15,18,0
1966,1966-09-11,WAS,CLE,0,14,38,1,14,5,0
1966,1966-09-16,LAR,CHI,3,31,17,1,11,16,0
1966,1966-09-18,ARI,WAS,3,23,7,1,10,14,0
1966,1966-09-18,BUF,MIA,3,58,24,1,4,22,0
1966,1966-09-18,CLE,GB,0,20,21,1,5,1,0
1966,1966-09-18,DAL,NYG,3,52,7,1,3,24,0
1966,1966-09-18,DEN,NE,0,10,24,1,20,7,0
1966,1966-09-18,LV,KC,0,10,32,1,9,2,0
1966,1966-09-18,MIN,IND,0,23,38,1,18,6,0
1966,1966-09-18,NYJ,TEN,3,52,13,1,13,21,0
1966,1966-09-18,PHI,ATL,3,23,10,1,8,23,0
1966,1966-09-18,PIT,DET,3,17,3,1,17,19,0
1966,1966-09-25,BUF,TEN,3,27,20,1,4,21,0
1966,1966-09-25,CLE,ARI,0,28,34,1,5,10,1
1966,1966-09-25,DAL,MIN,3,28,17,1,3,18,0
1966,1966-09-25,DEN,NYJ,0,7,16,1,20,13,0
1966,1966-09-25,DET,ATL,3,28,10,1,19,23,0
1966,1966-09-25,GB,LAR,3,24,13,1,1,11,0
1966,1966-09-25,IND,SF,3,36,14,1,6,15,0
1966,1966-09-25,LV,LAC,0,20,29,1,9,12,1
1966,1966-09-25,NE,KC,0,24,43,1,7,2,0
1966,1966-09-25,PHI,NYG,3,35,17,1,8,24,0
1966,1966-09-25,PIT,WAS,0,27,33,1,17,14,0
1966,1966-09-30,LAR,SF,3,34,3,1,11,15,0
1966,1966-10-02,ATL,DAL,0,14,47,1,23,3,0
1966,1966-10-02,DEN,TEN,3,40,38,1,20,21,0
1966,1966-10-02,GB,DET,3,23,14,1,1,19,0
1966,1966-10-02,KC,BUF,0,14,29,1,2,4,1
1966,1966-10-02,LAC,MIA,3,44,10,1,12,22,0
1966,1966-10-02,MIN,CHI,0,10,13,1,18,16,0
1966,1966-10-02,NE,NYJ,1,24,24,1,7,13,0
1966,1966-10-02,NYG,CLE,0,7,28,1,24,5,0
1966,1966-10-02,PHI,ARI,0,10,41,1,8,10,1
1966,1966-10-02,WAS,PIT,3,24,10,1,14,17,0
1966,1966-10-08,BUF,NE,0,10,20,1,4,7,1
1966,1966-10-08,CLE,PIT,3,41,10,1,5,17,0
1966,1966-10-08,KC,DEN,3,37,10,1,2,20,0
1966,1966-10-08,NYJ,LAC,3,17,16,1,13,12,1
1966,1966-10-09,ARI,NYG,3,24,19,1,10,24,0
1966,1966-10-09,CHI,IND,3,27,17,1,16,6,1
1966,1966-10-09,DAL,PHI,3,56,7,1,3,8,0
1966,1966-10-09,DET,LAR,0,7,14,1,19,11,0
1966,1966-10-09,LV,MIA,3,21,10,1,9,22,0
1966,1966-10-09,SF,GB,3,21,20,1,15,1,1
1966,1966-10-09,WAS,ATL,3,33,20,1,14,23,0
1966,1966-10-16,ARI,DAL,1,10,10,1,10,3,0
1966,1966-10-16,ATL,SF,0,7,44,1,23,15,0
1966,1966-10-16,BUF,LAC,1,17,17,1,4,12,0
1966,1966-10-16,CHI,GB,0,0,17,1,16,1,0
1966,1966-10-16,IND,DET,3,45,14,1,6,19,0
1966,1966-10-16,KC,LV,0,13,34,1,2,9,1
1966,1966-10-16,MIA,DEN,3,24,7,1,22,20,1
1966,1966-10-16,MIN,LAR,3,35,7,1,18,11,1
1966,1966-10-16,NYG,WAS,3,13,10,1,24,14,1
1966,1966-10-16,PIT,PHI,0,14,31,1,17,8,0
1966,1966-10-16,TEN,NYJ,3,24,0,1,21,13,1
1966,1966-10-23,CHI,LAR,3,17,10,1,16,11,1
1966,1966-10-23,CLE,DAL,3,30,21,1,5,3,1
1966,1966-10-23,DEN,KC,0,10,56,1,20,2,0
1966,1966-10-23,GB,ATL,3,56,3,1,1,23,0
1966,1966-10-23,IND,MIN,3,20,17,1,6,18,0
1966,1966-10-23,NE,LAC,3,35,17,1,7,12,0
1966,1966-10-23,NYG,PHI,0,3,31,1,24,8,0
1966,1966-10-23,NYJ,LV,0,21,24,1,13,9,0
1966,1966-10-23,SF,DET,3,27,24,1,15,19,0
1966,1966-10-23,TEN,MIA,0,13,20,1,21,22,1
1966,1966-10-23,WAS,ARI,3,26,20,1,14,10,1
1966,1966-10-30,ATL,CLE,0,17,49,1,23,5,0
1966,1966-10-30,DAL,PIT,3,52,21,1,3,17,0
1966,1966-10-30,DET,GB,0,7,31,1,19,1,0
1966,1966-10-30,KC,TEN,3,48,23,1,2,21,0
1966,1966-10-30,LAC,DEN,3,24,17,1,12,20,0
1966,1966-10-30,LAR,IND,0,3,17,1,11,6,0
1966,1966-10-30,MIN,SF,3,28,3,1,18,15,1
1966,1966-10-30,NE,LV,3,24,21,1,7,9,0
1966,1966-10-30,NYJ,BUF,0,23,33,1,13,4,0
1966,1966-10-30,PHI,WAS,0,13,27,1,8,14,1
1966,1966-10-31,ARI,CHI,3,24,17,1,10,16,0
1966,1966-11-06,CHI,DET,1,10,10,1,16,19,0
1966,1966-11-06,GB,MIN,0,17,20,1,1,18,1
1966,1966-11-06,IND,WAS,3,37,10,1,6,14,0
1966,1966-11-06,KC,LAC,3,24,14,1,2,12,0
1966,1966-11-06,LV,TEN,3,38,23,1,9,21,0
1966,1966-11-06,MIA,BUF,0,0,29,1,22,4,0
1966,1966-11-06,NE,DEN,0,10,17,1,7,20,1
1966,1966-11-06,NYG,ARI,0,17,20,1,24,10,0
1966,1966-11-06,PHI,DAL,3,24,23,1,8,3,1
1966,1966-11-06,PIT,CLE,3,16,6,1,17,5,1
1966,1966-11-06,SF,LAR,3,21,13,1,15,11,1
1966,1966-11-13,ATL,IND,0,7,19,1,23,6,0
1966,1966-11-13,BUF,NYJ,3,14,3,1,4,13,0
1966,1966-11-13,CHI,SF,1,30,30,1,16,15,0
1966,1966-11-13,CLE,PHI,3,27,7,1,5,8,0
1966,1966-11-13,KC,MIA,3,34,16,1,2,22,0
1966,1966-11-13,LAC,LV,0,19,41,1,12,9,0
1966,1966-11-13,LAR,NYG,3,55,14,1,11,24,0
1966,1966-11-13,MIN,DET,0,31,32,1,18,19,1
1966,1966-11-13,NE,TEN,3,27,21,1,7,21,0
1966,1966-11-13,PIT,ARI,3,30,9,1,17,10,1
1966,1966-11-13,WAS,DAL,0,30,31,1,14,3,0
1966,1966-11-20,CLE,WAS,3,14,3,1,5,14,0
1966,1966-11-20,DEN,LV,0,3,17,1,20,9,0
1966,1966-11-20,DET,IND,3,20,14,1,19,6,1
1966,1966-11-20,GB,CHI,3,13,6,1,1,16,0
1966,1966-11-20,KC,NE,1,27,27,1,2,7,0
1966,1966-11-20,LAR,MIN,3,21,6,1,11,18,0
1966,1966-11-20,NYG,ATL,0,16,27,1,24,23,0
1966,1966-11-20,NYJ,MIA,3,30,13,1,13,22,0
1966,1966-11-20,PIT,DAL,0,7,20,1,17,3,0
1966,1966-11-20,SF,PHI,0,34,35,1,15,8,0
1966,1966-11-20,TEN,BUF,0,20,42,1,21,4,0
1966,1966-11-24,DAL,CLE,3,26,14,1,3,5,0
1966,1966-11-24,DET,SF,0,14,41,1,19,15,0
1966,1966-11-24,LV,BUF,0,10,31,1,9,4,0
1966,1966-11-27,ARI,PIT,3,6,3,1,10,17,0
1966,1966-11-27,CHI,ATL,3,23,6,1,16,23,0
1966,1966-11-27,DEN,LAC,3,20,17,1,20,12,1
1966,1966-11-27,IND,LAR,0,7,23,1,6,11,1
1966,1966-11-27,MIA,NE,0,14,20,1,22,7,0
1966,1966-11-27,MIN,GB,0,16,28,1,18,1,0
1966,1966-11-27,NYJ,KC,0,24,32,1,13,2,0
1966,1966-11-27,WAS,NYG,3,72,41,1,14,24,0
1966,1966-12-03,LV,NYJ,1,28,28,1,9,13,0
1966,1966-12-04,CLE,NYG,3,49,40,1,5,24,0
1966,1966-12-04,DAL,ARI,3,31,17,1,3,10,0
1966,1966-12-04,DEN,MIA,3,17,7,1,20,22,0
1966,1966-12-04,GB,SF,3,20,7,1,1,15,0
1966,1966-12-04,IND,CHI,3,21,16,1,6,16,0
1966,1966-12-04,LAR,DET,3,23,3,1,11,19,0
1966,1966-12-04,MIN,ATL,0,13,20,1,18,23,1
1966,1966-12-04,NE,BUF,3,14,3,1,7,4,1
1966,1966-12-04,PHI,PIT,3,27,23,1,8,17,0
1966,1966-12-04,TEN,LAC,0,22,28,1,21,12,0
1966,1966-12-10,IND,GB,0,10,14,1,6,1,0
1966,1966-12-11,ATL,ARI,3,16,10,1,23,10,1
1966,1966-12-11,DAL,WAS,0,31,34,1,3,14,1
1966,1966-12-11,DET,MIN,0,16,28,1,19,18,0
1966,1966-12-11,LAC,NYJ,3,42,27,1,12,13,0
1966,1966-12-11,LV,DEN,3,28,10,1,9,20,0
1966,1966-12-11,MIA,KC,0,18,19,1,22,2,0
1966,1966-12-11,NYG,PIT,0,28,47,1,24,17,0
1966,1966-12-11,PHI,CLE,3,33,21,1,8,5,1
1966,1966-12-11,SF,CHI,3,41,14,1,15,16,0
1966,1966-12-11,TEN,NE,0,14,38,1,21,7,0
1966,1966-12-17,ARI,CLE,0,10,38,1,10,5,0
1966,1966-12-17,NYJ,NE,3,38,28,1,13,7,1
1966,1966-12-18,ATL,PIT,0,33,57,1,23,17,0
1966,1966-12-18,BUF,DEN,3,38,21,1,4,20,0
1966,1966-12-18,CHI,MIN,3,41,28,1,16,18,0
1966,1966-12-18,LAC,KC,0,17,27,1,12,2,0
1966,1966-12-18,LAR,GB,0,23,27,1,11,1,0
1966,1966-12-18,MIA,TEN,3,29,28,1,22,21,1
1966,1966-12-18,NYG,DAL,0,7,17,1,24,3,0
1966,1966-12-18,SF,IND,0,14,30,1,15,6,0
1966,1966-12-18,WAS,PHI,0,28,37,1,14,8,0
1967,1967-09-03,DEN,NE,3,26,21,1,24,22,1
1967,1967-09-09,LAC,NE,3,28,14,1,10,22,0
1967,1967-09-09,TEN,KC,0,20,25,1,5,6,1
1967,1967-09-10,BUF,NYJ,3,20,17,1,20,9,1
1967,1967-09-10,LV,DEN,3,51,0,1,1,24,0
1967,1967-09-17,ARI,NYG,0,20,37,1,15,12,0
1967,1967-09-17,BUF,TEN,0,3,20,1,20,5,0
1967,1967-09-17,CLE,DAL,0,14,21,1,8,7,0
1967,1967-09-17,GB,DET,1,17,17,1,4,17,0
1967,1967-09-17,IND,ATL,3,38,31,1,3,25,0
1967,1967-09-17,LV,NE,3,35,7,1,1,22,0
1967,1967-09-17,MIA,DEN,3,35,21,1,21,24,0
1967,1967-09-17,MIN,SF,0,21,27,1,19,13,0
1967,1967-09-17,NO,LAR,0,13,27,1,23,2,0
1967,1967-09-17,PHI,WAS,3,35,24,1,16,14,1
1967,1967-09-17,PIT,CHI,3,41,13,1,18,11,1
1967,1967-09-22,LAR,MIN,3,39,3,1,2,19,0
1967,1967-09-24,BUF,NE,0,0,23,1,20,22,1
1967,1967-09-24,DAL,NYG,3,38,24,1,7,12,0
1967,1967-09-24,DEN,NYJ,0,24,38,1,24,9,0
1967,1967-09-24,DET,CLE,3,31,14,1,17,8,1
1967,1967-09-24,GB,CHI,3,13,10,1,4,11,0
1967,1967-09-24,LAC,TEN,3,13,3,1,10,5,1
1967,1967-09-24,MIA,KC,0,0,24,1,21,6,0
1967,1967-09-24,NO,WAS,0,10,30,1,23,14,0
1967,1967-09-24,PHI,IND,0,6,38,1,16,3,0
1967,1967-09-24,PIT,ARI,0,14,28,1,18,15,0
1967,1967-09-24,SF,ATL,3,38,7,1,13,25,0
1967,1967-10-01,ARI,DET,3,38,28,1,15,17,0
1967,1967-10-01,BUF,LAC,0,17,37,1,20,10,0
1967,1967-10-01,DAL,LAR,0,13,35,1,7,2,0
1967,1967-10-01,GB,ATL,3,23,0,1,4,25,0
1967,1967-10-01,IND,SF,3,41,7,1,3,13,0
1967,1967-10-01,LV,KC,3,23,21,1,1,6,0
1967,1967-10-01,MIN,CHI,0,7,17,1,19,11,0
1967,1967-10-01,NO,CLE,0,7,42,1,23,8,0
1967,1967-10-01,NYJ,MIA,3,29,7,1,9,21,0
1967,1967-10-01,PHI,PIT,3,34,24,1,16,18,0
1967,1967-10-01,TEN,DEN,3,10,6,1,5,24,0
1967,1967-10-01,WAS,NYG,3,38,34,1,14,12,1
1967,1967-10-07,CLE,PIT,3,21,10,1,8,18,0
1967,1967-10-07,NYJ,LV,3,27,14,1,9,1,1
1967,1967-10-08,ATL,PHI,0,7,38,1,25,16,0
1967,1967-10-08,CHI,IND,0,3,24,1,11,3,0
1967,1967-10-08,DEN,BUF,0,16,17,1,24,20,0
1967,1967-10-08,DET,GB,0,17,27,1,17,4,0
1967,1967-10-08,KC,MIA,3,41,0,1,6,21,0
1967,1967-10-08,LAC,NE,1,31,31,1,10,22,0
1967,1967-10-08,LAR,SF,0,24,27,1,2,13,1
1967,1967-10-08,MIN,ARI,0,24,34,1,19,15,0
1967,1967-10-08,NYG,NO,3,27,21,1,12,23,0
1967,1967-10-08,WAS,DAL,0,14,17,1,14,7,0
1967,1967-10-15,ATL,WAS,1,20,20,1,25,14,0
1967,1967-10-15,BUF,LV,0,20,24,1,20,1,0
1967,1967-10-15,CHI,DET,3,14,3,1,11,17,0
1967,1967-10-15,CLE,ARI,3,20,16,1,8,15,0
1967,1967-10-15,DAL,NO,3,14,10,1,7,23,0
1967,1967-10-15,GB,MIN,0,7,10,1,4,19,1
1967,1967-10-15,IND,LAR,1,24,24,1,3,2,0
1967,1967-10-15,LAC,KC,3,45,31,1,10,6,1
1967,1967-10-15,NE,MIA,3,41,10,1,22,21,1
1967,1967-10-15,NYJ,TEN,1,28,28,1,9,5,0
1967,1967-10-15,PHI,SF,0,27,28,1,16,13,0
1967,1967-10-15,PIT,NYG,0,24,27,1,18,12,0
1967,1967-10-22,ARI,PHI,3,48,14,1,15,16,0
1967,1967-10-22,CLE,CHI,3,24,0,1,8,11,0
1967,1967-10-22,DEN,LAC,0,21,38,1,24,10,0
1967,1967-10-22,DET,ATL,3,24,3,1,17,25,0
1967,1967-10-22,KC,TEN,0,19,24,1,6,5,0
1967,1967-10-22,LAR,WAS,1,28,28,1,2,14,0
1967,1967-10-22,MIA,NYJ,0,14,33,1,21,9,0
1967,1967-10-22,MIN,IND,1,20,20,1,19,3,0
1967,1967-10-22,NE,LV,0,14,48,1,22,1,0
1967,1967-10-22,NYG,GB,0,21,48,1,12,4,0
1967,1967-10-22,PIT,DAL,0,21,24,1,18,7,0
1967,1967-10-22,SF,NO,3,27,13,1,13,23,0
1967,1967-10-29,ATL,MIN,3,21,20,1,25,19,1
1967,1967-10-29,CHI,LAR,0,17,28,1,11,2,0
1967,1967-10-29,KC,DEN,3,52,9,1,6,24,0
1967,1967-10-29,LV,LAC,3,51,10,1,1,10,0
1967,1967-10-29,NO,PIT,0,10,14,1,23,18,0
1967,1967-10-29,NYG,CLE,3,38,34,1,12,8,1
1967,1967-10-29,NYJ,NE,3,30,23,1,9,22,0
1967,1967-10-29,PHI,DAL,3,21,14,1,16,7,1
1967,1967-10-29,SF,DET,0,3,45,1,13,17,1
1967,1967-10-29,TEN,BUF,3,10,3,1,5,20,0
1967,1967-10-29,WAS,IND,0,13,17,1,14,3,0
1967,1967-10-30,ARI,GB,0,23,31,1,15,4,0
1967,1967-11-05,BUF,MIA,3,35,13,1,20,21,0
1967,1967-11-05,DAL,ATL,3,37,7,1,7,25,0
1967,1967-11-05,DEN,LV,0,17,21,1,24,1,0
1967,1967-11-05,DET,CHI,0,13,27,1,17,11,0
1967,1967-11-05,IND,GB,3,13,10,1,3,4,0
1967,1967-11-05,KC,NYJ,3,42,18,1,6,9,0
1967,1967-11-05,MIN,NYG,3,27,24,1,19,12,1
1967,1967-11-05,NE,TEN,3,18,7,1,22,5,1
1967,1967-11-05,NO,PHI,3,31,24,1,23,16,1
1967,1967-11-05,PIT,CLE,0,14,34,1,18,8,0
1967,1967-11-05,SF,LAR,0,7,17,1,13,2,0
1967,1967-11-05,WAS,ARI,0,21,27,1,14,15,1
1967,1967-11-12,ARI,PIT,1,14,14,1,15,18,0
1967,1967-11-12,ATL,IND,0,7,49,1,25,3,0
1967,1967-11-12,CHI,NYG,3,34,7,1,11,12,0
1967,1967-11-12,DEN,TEN,0,18,20,1,24,5,0
1967,1967-11-12,GB,CLE,3,55,7,1,4,8,0
1967,1967-11-12,LAC,MIA,3,24,0,1,10,21,0
1967,1967-11-12,LAR,PHI,3,33,17,1,2,16,0
1967,1967-11-12,MIN,DET,1,10,10,1,19,17,0
1967,1967-11-12,NE,KC,0,10,33,1,22,6,0
1967,1967-11-12,NO,DAL,0,10,27,1,23,7,0
1967,1967-11-12,NYJ,BUF,3,20,10,1,9,20,0
1967,1967-11-12,WAS,SF,3,31,28,1,14,13,1
1967,1967-11-19,ATL,LAR,0,3,31,1,25,2,0
1967,1967-11-19,BUF,DEN,0,20,21,1,20,24,1
1967,1967-11-19,CHI,ARI,3,30,3,1,11,15,0
1967,1967-11-19,CLE,MIN,3,14,10,1,8,19,0
1967,1967-11-19,DAL,WAS,0,20,27,1,7,14,1
1967,1967-11-19,GB,SF,3,13,0,1,4,13,0
1967,1967-11-19,IND,DET,3,41,7,1,3,17,0
1967,1967-11-19,KC,LAC,0,16,17,1,6,10,1
1967,1967-11-19,LV,MIA,3,31,17,1,1,21,0
1967,1967-11-19,NE,NYJ,0,24,29,1,22,9,0
1967,1967-11-19,NYG,PIT,3,28,20,1,12,18,0
1967,1967-11-19,PHI,NO,3,48,21,1,16,23,0
1967,1967-11-23,DAL,ARI,3,46,21,1,7,15,0
1967,1967-11-23,DET,LAR,0,7,31,1,17,2,0
1967,1967-11-23,KC,LV,0,22,44,1,6,1,0
1967,1967-11-23,LAC,DEN,3,24,20,1,10,24,0
1967,1967-11-26,CHI,GB,0,13,17,1,11,4,0
1967,1967-11-26,CLE,WAS,3,42,37,1,8,14,0
1967,1967-11-26,MIA,BUF,3,17,14,1,21,20,1
1967,1967-11-26,NO,ATL,3,27,24,1,23,25,0
1967,1967-11-26,NYG,PHI,3,44,7,1,12,16,0
1967,1967-11-26,PIT,MIN,0,27,41,1,18,19,1
1967,1967-11-26,SF,IND,0,9,26,1,13,3,0
1967,1967-11-26,TEN,NE,3,27,6,1,5,22,0
1967,1967-12-03,ARI,NO,3,31,20,1,15,23,0
1967,1967-12-03,CLE,NYG,3,24,14,1,8,12,0
1967,1967-12-03,DET,PIT,0,14,24,1,17,18,1
1967,1967-12-03,IND,DAL,3,23,17,1,3,7,0
1967,1967-12-03,KC,BUF,3,23,13,1,6,20,0
1967,1967-12-03,LAC,LV,0,21,41,1,10,1,0
1967,1967-12-03,LAR,ATL,3,20,3,1,2,25,0
1967,1967-12-03,MIN,GB,0,27,30,1,19,4,0
1967,1967-12-03,NYJ,DEN,0,24,33,1,9,24,1
1967,1967-12-03,SF,CHI,0,14,28,1,13,11,0
1967,1967-12-03,TEN,MIA,3,17,14,1,5,21,0
1967,1967-12-03,WAS,PHI,1,35,35,1,14,16,0
1967,1967-12-09,LAR,GB,3,27,24,1,2,4,0
1967,1967-12-09,NE,BUF,0,16,44,1,22,20,0
1967,1967-12-10,ARI,CLE,0,16,20,1,15,8,0
1967,1967-12-10,ATL,SF,0,28,34,1,25,13,0
1967,1967-12-10,CHI,MIN,1,10,10,1,11,19,0
1967,1967-12-10,DAL,PHI,3,38,17,1,7,16,0
1967,1967-12-10,IND,NO,3,30,10,1,3,23,0
1967,1967-12-10,MIA,LAC,3,41,24,1,21,10,1
1967,1967-12-10,NYG,DET,0,7,30,1,12,17,1
1967,1967-12-10,NYJ,KC,0,7,21,1,9,6,0
1967,1967-12-10,PIT,WAS,0,10,15,1,18,14,0
1967,1967-12-10,TEN,LV,0,7,19,1,5,1,0
1967,1967-12-16,SF,DAL,3,24,16,1,13,7,1
1967,1967-12-16,TEN,LAC,3,24,17,1,5,10,0
1967,1967-12-17,ATL,CHI,0,14,23,1,25,11,0
1967,1967-12-17,DEN,KC,0,24,38,1,24,6,0
1967,1967-12-17,DET,MIN,3,14,3,1,17,19,0
1967,1967-12-17,GB,PIT,0,17,24,1,4,18,1
1967,1967-12-17,LAR,IND,3,34,10,1,2,3,0
1967,1967-12-17,LV,NYJ,3,38,29,1,1,9,0
1967,1967-12-17,MIA,NE,3,41,32,1,21,22,0
1967,1967-12-17,NYG,ARI,3,37,14,1,12,15,0
1967,1967-12-17,PHI,CLE,3,28,24,1,16,8,1
1967,1967-12-17,WAS,NO,0,14,30,1,14,23,1
1967,1967-12-23,MIA,TEN,0,10,41,1,21,5,0
1967,1967-12-24,LAC,NYJ,0,31,42,1,10,9,0
1967,1967-12-24,LV,BUF,3,28,21,1,1,20,0
1968,1968-09-06,LAC,CIN,3,29,13,1,9,22,0
1968,1968-09-08,BUF,NE,0,7,16,1,26,21,0
1968,1968-09-09,TEN,KC,0,21,26,1,12,4,0
1968,1968-09-14,MIA,TEN,0,10,24,1,16,12,0
1968,1968-09-14,MIN,ATL,3,47,7,1,10,25,0
1968,1968-09-15,BUF,LV,0,6,48,1,26,3,0
1968,1968-09-15,CHI,WAS,0,28,38,1,14,18,1
1968,1968-09-15,CIN,DEN,3,24,10,1,22,19,1
1968,1968-09-15,DAL,DET,3,59,13,1,2,17,0
1968,1968-09-15,GB,PHI,3,30,13,1,15,24,0
1968,1968-09-15,IND,SF,3,27,10,1,1,11,0
1968,1968-09-15,KC,NYJ,0,19,20,1,4,5,1
1968,1968-09-15,NO,CLE,0,10,24,1,20,7,0
1968,1968-09-15,PIT,NYG,0,20,34,1,23,13,0
1968,1968-09-16,ARI,LAR,0,13,24,1,8,6,0
1968,1968-09-21,LAC,TEN,3,30,14,1,9,12,0
1968,1968-09-21,MIA,LV,0,21,47,1,16,3,0
1968,1968-09-22,ATL,IND,0,20,28,1,25,1,0
1968,1968-09-22,CIN,BUF,3,34,23,1,22,26,0
1968,1968-09-22,DAL,CLE,3,28,7,1,2,7,0
1968,1968-09-22,DET,CHI,3,42,0,1,17,14,1
1968,1968-09-22,GB,MIN,0,13,26,1,15,10,0
1968,1968-09-22,KC,DEN,3,34,2,1,4,19,0
1968,1968-09-22,LAR,PIT,3,45,10,1,6,23,0
1968,1968-09-22,NE,NYJ,0,31,47,1,21,5,0
1968,1968-09-22,NO,WAS,3,37,17,1,20,18,1
1968,1968-09-22,PHI,NYG,0,25,34,1,24,13,0
1968,1968-09-22,SF,ARI,3,35,17,1,11,8,1
1968,1968-09-28,MIA,KC,0,3,48,1,16,4,0
1968,1968-09-29,BUF,NYJ,3,37,35,1,26,5,1
1968,1968-09-29,CIN,LAC,0,10,31,1,22,9,0
1968,1968-09-29,CLE,LAR,0,6,24,1,7,6,0
1968,1968-09-29,DEN,NE,0,17,20,1,19,21,1
1968,1968-09-29,GB,DET,0,17,23,1,15,17,1
1968,1968-09-29,MIN,CHI,0,17,27,1,10,14,1
1968,1968-09-29,NO,ARI,0,20,21,1,20,8,0
1968,1968-09-29,NYG,WAS,3,48,21,1,13,18,0
1968,1968-09-29,PHI,DAL,0,13,45,1,24,2,0
1968,1968-09-29,PIT,IND,0,7,41,1,23,1,0
1968,1968-09-29,SF,ATL,3,28,13,1,11,25,0
1968,1968-09-29,TEN,LV,0,15,24,1,12,3,0
1968,1968-10-05,BUF,KC,0,7,18,1,26,4,0
1968,1968-10-05,CLE,PIT,3,31,24,1,7,23,0
1968,1968-10-05,NYJ,LAC,3,23,20,1,5,9,0
1968,1968-10-06,ARI,DAL,0,10,27,1,8,2,0
1968,1968-10-06,ATL,GB,0,7,38,1,25,15,0
1968,1968-10-06,DEN,CIN,3,10,7,1,19,22,0
1968,1968-10-06,IND,CHI,3,28,7,1,1,14,0
1968,1968-10-06,LAR,SF,3,24,10,1,6,11,0
1968,1968-10-06,LV,NE,3,41,10,1,3,21,0
1968,1968-10-06,MIN,DET,3,24,10,1,10,17,0
1968,1968-10-06,NYG,NO,3,38,21,1,13,20,0
1968,1968-10-06,TEN,MIA,0,7,24,1,12,16,1
1968,1968-10-06,WAS,PHI,3,17,14,1,18,24,0
1968,1968-10-12,MIA,BUF,1,14,14,1,16,26,0
1968,1968-10-13,ATL,NYG,3,24,21,1,25,13,1
1968,1968-10-13,CHI,DET,0,10,28,1,14,17,1
1968,1968-10-13,CLE,ARI,0,21,27,1,7,8,1
1968,1968-10-13,DAL,PHI,3,34,14,1,2,24,0
1968,1968-10-13,GB,LAR,0,14,16,1,15,6,0
1968,1968-10-13,KC,CIN,3,13,3,1,4,22,0
1968,1968-10-13,LV,LAC,0,14,23,1,3,9,1
1968,1968-10-13,NE,TEN,0,0,16,1,21,12,0
1968,1968-10-13,NO,MIN,3,20,17,1,20,10,1
1968,1968-10-13,NYJ,DEN,0,13,21,1,5,19,1
1968,1968-10-13,SF,IND,0,14,42,1,11,1,0
1968,1968-10-13,WAS,PIT,3,16,13,1,18,23,0
1968,1968-10-20,ARI,WAS,3,41,14,1,8,18,0
1968,1968-10-20,CIN,MIA,0,22,24,1,22,16,0
1968,1968-10-20,DET,GB,1,14,14,1,17,15,0
1968,1968-10-20,IND,CLE,0,20,30,1,1,7,1
1968,1968-10-20,KC,LV,3,24,10,1,4,3,1
1968,1968-10-20,LAC,DEN,3,55,24,1,9,19,0
1968,1968-10-20,LAR,ATL,3,27,14,1,6,25,0
1968,1968-10-20,MIN,DAL,0,7,20,1,10,2,0
1968,1968-10-20,NE,BUF,3,23,6,1,21,26,0
1968,1968-10-20,NYG,SF,0,10,26,1,13,11,0
1968,1968-10-20,PHI,CHI,0,16,29,1,24,14,0
1968,1968-10-20,PIT,NO,0,12,16,1,23,20,0
1968,1968-10-20,TEN,NYJ,0,14,20,1,12,5,0
1968,1968-10-27,ARI,NO,3,31,17,1,8,20,0
1968,1968-10-27,BUF,TEN,0,7,30,1,26,12,0
1968,1968-10-27,CHI,MIN,3,26,24,1,14,10,1
1968,1968-10-27,CLE,ATL,3,30,7,1,7,25,0
1968,1968-10-27,DEN,MIA,3,21,14,1,19,16,1
1968,1968-10-27,DET,SF,0,7,14,1,17,11,0
1968,1968-10-27,IND,LAR,3,27,10,1,1,6,0
1968,1968-10-27,KC,LAC,3,27,20,1,4,9,0
1968,1968-10-27,LV,CIN,3,31,10,1,3,22,0
1968,1968-10-27,NYJ,NE,3,48,14,1,5,21,0
1968,1968-10-27,PIT,PHI,3,6,3,1,23,24,0
1968,1968-10-27,WAS,NYG,0,10,13,1,18,13,0
1968,1968-10-28,DAL,GB,0,17,28,1,2,15,1
1968,1968-11-03,ATL,PIT,0,21,41,1,25,23,0
1968,1968-11-03,CIN,TEN,0,17,27,1,22,12,0
1968,1968-11-03,GB,CHI,0,10,13,1,15,14,0
1968,1968-11-03,LAC,MIA,3,34,28,1,9,16,0
1968,1968-11-03,LAR,DET,3,10,7,1,6,17,0
1968,1968-11-03,LV,KC,3,38,21,1,3,4,0
1968,1968-11-03,MIN,WAS,3,27,14,1,10,18,0
1968,1968-11-03,NE,DEN,0,14,35,1,21,19,0
1968,1968-11-03,NO,DAL,0,3,17,1,20,2,0
1968,1968-11-03,NYG,IND,0,0,26,1,13,1,0
1968,1968-11-03,NYJ,BUF,3,25,21,1,5,26,0
1968,1968-11-03,PHI,ARI,0,17,45,1,24,8,0
1968,1968-11-03,SF,CLE,0,21,33,1,11,7,0
1968,1968-11-10,ARI,PIT,1,28,28,1,8,23,0
1968,1968-11-10,ATL,LAR,0,10,17,1,25,6,0
1968,1968-11-10,BUF,MIA,0,17,21,1,26,16,0
1968,1968-11-10,CHI,SF,3,27,19,1,14,11,1
1968,1968-11-10,CIN,KC,0,9,16,1,22,4,0
1968,1968-11-10,CLE,NO,3,35,17,1,7,20,0
1968,1968-11-10,DAL,NYG,0,21,27,1,2,13,1
1968,1968-11-10,DEN,LV,0,7,43,1,19,3,0
1968,1968-11-10,DET,IND,0,10,27,1,17,1,0
1968,1968-11-10,MIN,GB,3,14,10,1,10,15,0
1968,1968-11-10,NE,LAC,0,17,27,1,21,9,0
1968,1968-11-10,NYJ,TEN,3,26,7,1,5,12,0
1968,1968-11-10,PHI,WAS,0,10,16,1,24,18,0
1968,1968-11-17,BUF,LAC,0,6,21,1,26,9,0
1968,1968-11-17,CHI,ATL,0,13,16,1,14,25,1
1968,1968-11-17,DET,MIN,0,6,13,1,17,10,0
1968,1968-11-17,GB,NO,3,29,7,1,15,20,0
1968,1968-11-17,IND,ARI,3,27,0,1,1,8,0
1968,1968-11-17,KC,NE,3,31,17,1,4,21,0
1968,1968-11-17,LV,NYJ,3,43,32,1,3,5,0
1968,1968-11-17,MIA,CIN,0,21,38,1,16,22,1
1968,1968-11-17,NYG,PHI,3,7,6,1,13,24,0
1968,1968-11-17,PIT,CLE,0,24,45,1,23,7,0
1968,1968-11-17,SF,LAR,1,20,20,1,11,6,0
1968,1968-11-17,TEN,DEN,3,38,17,1,12,19,0
1968,1968-11-17,WAS,DAL,0,24,44,1,18,2,0
1968,1968-11-24,ARI,ATL,3,17,12,1,8,25,0
1968,1968-11-24,CHI,DAL,0,3,34,1,14,2,0
1968,1968-11-24,CIN,LV,0,0,34,1,22,3,0
1968,1968-11-24,CLE,PHI,3,47,13,1,7,24,0
1968,1968-11-24,DEN,BUF,3,34,32,1,19,26,0
1968,1968-11-24,DET,NO,1,20,20,1,17,20,0
1968,1968-11-24,IND,MIN,3,21,9,1,1,10,0
1968,1968-11-24,LAC,NYJ,0,15,37,1,9,5,0
1968,1968-11-24,LAR,NYG,3,24,21,1,6,13,0
1968,1968-11-24,NE,MIA,0,10,34,1,21,16,0
1968,1968-11-24,PIT,SF,0,28,45,1,23,11,0
1968,1968-11-24,WAS,GB,0,7,27,1,18,15,0
1968,1968-11-28,DAL,WAS,3,29,20,1,2,18,0
1968,1968-11-28,DET,PHI,0,0,12,1,17,24,1
1968,1968-11-28,KC,TEN,3,24,10,1,4,12,0
1968,1968-11-28,LV,BUF,3,13,10,1,3,26,0
1968,1968-12-01,CLE,NYG,3,45,10,1,7,13,0
1968,1968-12-01,DEN,LAC,0,23,47,1,19,9,0
1968,1968-12-01,IND,ATL,3,44,0,1,1,25,0
1968,1968-12-01,MIN,LAR,0,3,31,1,10,6,0
1968,1968-12-01,NE,CIN,3,33,14,1,21,22,0
1968,1968-12-01,NO,CHI,0,17,23,1,20,14,0
1968,1968-12-01,NYJ,MIA,3,35,17,1,5,16,0
1968,1968-12-01,PIT,ARI,0,10,20,1,23,8,0
1968,1968-12-01,SF,GB,3,27,20,1,11,15,0
1968,1968-12-07,GB,IND,0,3,16,1,15,1,0
1968,1968-12-07,TEN,BUF,3,35,6,1,12,26,0
1968,1968-12-08,ATL,DET,0,7,24,1,25,17,0
1968,1968-12-08,DAL,PIT,3,28,7,1,2,23,0
1968,1968-12-08,LAC,KC,0,3,40,1,9,4,0
1968,1968-12-08,LAR,CHI,0,16,17,1,6,14,1
1968,1968-12-08,LV,DEN,3,33,27,1,3,19,0
1968,1968-12-08,MIA,NE,3,38,7,1,16,21,0
1968,1968-12-08,NYG,ARI,0,21,28,1,13,8,0
1968,1968-12-08,NYJ,CIN,3,27,14,1,5,22,0
1968,1968-12-08,PHI,NO,3,29,17,1,24,20,1
1968,1968-12-08,SF,MIN,0,20,30,1,11,10,0
1968,1968-12-08,WAS,CLE,0,21,24,1,18,7,0
1968,1968-12-14,ARI,CLE,3,27,16,1,8,7,1
1968,1968-12-14,DEN,KC,0,7,30,1,19,4,0
1968,1968-12-15,ATL,SF,0,12,14,1,25,11,0
1968,1968-12-15,CHI,GB,0,27,28,1,14,15,1
1968,1968-12-15,LAC,LV,0,27,34,1,9,3,0
1968,1968-12-15,LAR,IND,0,24,28,1,6,1,0
1968,1968-12-15,MIA,NYJ,0,7,31,1,16,5,0
1968,1968-12-15,NO,PIT,3,24,14,1,20,23,0
1968,1968-12-15,NYG,DAL,0,10,28,1,13,2,0
1968,1968-12-15,PHI,MIN,0,17,24,1,24,10,0
1968,1968-12-15,TEN,NE,3,45,17,1,12,21,0
1968,1968-12-15,WAS,DET,3,14,3,1,18,17,1
1969,1969-09-14,BUF,NYJ,0,19,33,1,23,7,0
1969,1969-09-14,CIN,MIA,3,27,21,1,20,24,0
1969,1969-09-14,DEN,NE,3,35,7,1,16,22,0
1969,1969-09-14,LAC,KC,0,9,27,1,11,4,0
1969,1969-09-14,LV,TEN,3,21,17,1,1,13,0
1969,1969-09-20,LV,MIA,3,20,17,1,1,24,0
1969,1969-09-21,ATL,SF,3,24,12,1,14,17,0
1969,1969-09-21,BUF,TEN,0,3,17,1,23,13,0
1969,1969-09-21,CIN,LAC,3,34,20,1,20,11,1
1969,1969-09-21,DAL,ARI,3,24,3,1,3,19,0
1969,1969-09-21,DEN,NYJ,3,21,19,1,16,7,1
1969,1969-09-21,GB,CHI,3,17,0,1,10,25,0
1969,1969-09-21,IND,LAR,0,20,27,1,9,5,0
1969,1969-09-21,NE,KC,0,0,31,1,22,4,0
1969,1969-09-21,NO,WAS,0,20,26,1,18,12,0
1969,1969-09-21,NYG,MIN,3,24,23,1,15,2,1
1969,1969-09-21,PHI,CLE,0,20,27,1,21,6,0
1969,1969-09-21,PIT,DET,3,16,13,1,26,8,1
1969,1969-09-28,ARI,CHI,3,20,17,1,19,25,0
1969,1969-09-28,BUF,DEN,3,41,28,1,23,16,1
1969,1969-09-28,CIN,KC,3,24,19,1,20,4,1
1969,1969-09-28,CLE,WAS,3,27,23,1,6,12,0
1969,1969-09-28,DET,NYG,3,24,0,1,8,15,0
1969,1969-09-28,GB,SF,3,14,7,1,10,17,0
1969,1969-09-28,LAC,NYJ,3,34,27,1,11,7,1
1969,1969-09-28,LAR,ATL,3,17,7,1,5,14,0
1969,1969-09-28,MIN,IND,3,52,14,1,2,9,0
1969,1969-09-28,NE,LV,0,23,38,1,22,1,0
1969,1969-09-28,NO,DAL,0,17,21,1,18,3,0
1969,1969-09-28,PHI,PIT,3,41,27,1,21,26,0
1969,1969-09-28,TEN,MIA,3,22,10,1,13,24,0
1969,1969-10-04,LAC,CIN,3,21,14,1,11,20,0
1969,1969-10-04,MIA,LV,1,20,20,1,24,1,0
1969,1969-10-05,ATL,IND,0,14,21,1,14,9,0
1969,1969-10-05,CLE,DET,0,21,28,1,6,8,1
1969,1969-10-05,DEN,KC,0,13,26,1,16,4,0
1969,1969-10-05,LAR,NO,3,36,17,1,5,18,0
1969,1969-10-05,MIN,GB,3,19,7,1,2,10,0
1969,1969-10-05,NE,NYJ,0,14,23,1,22,7,0
1969,1969-10-05,NYG,CHI,3,28,24,1,15,25,0
1969,1969-10-05,PHI,DAL,0,7,38,1,21,3,0
1969,1969-10-05,PIT,ARI,0,14,27,1,26,19,0
1969,1969-10-05,SF,WAS,1,17,17,1,17,12,0
1969,1969-10-05,TEN,BUF,3,28,14,1,13,23,0
1969,1969-10-11,BUF,NE,3,23,16,1,23,22,1
1969,1969-10-11,MIA,LAC,0,14,21,1,24,11,0
1969,1969-10-12,ATL,DAL,0,17,24,1,14,3,0
1969,1969-10-12,CHI,MIN,0,0,31,1,25,2,0
1969,1969-10-12,CIN,NYJ,0,7,21,1,20,7,0
1969,1969-10-12,DEN,LV,0,14,24,1,16,1,0
1969,1969-10-12,DET,GB,0,17,28,1,8,10,1
1969,1969-10-12,KC,TEN,3,24,0,1,4,13,0
1969,1969-10-12,NO,CLE,0,17,27,1,18,6,0
1969,1969-10-12,NYG,PIT,3,10,7,1,15,26,0
1969,1969-10-12,SF,LAR,0,21,27,1,17,5,0
1969,1969-10-12,WAS,ARI,3,33,17,1,12,19,0
1969,1969-10-13,IND,PHI,3,24,20,1,9,21,0
1969,1969-10-18,CLE,PIT,3,42,31,1,6,26,0
1969,1969-10-19,ARI,MIN,0,10,27,1,19,2,0
1969,1969-10-19,CIN,DEN,0,23,30,1,20,16,0
1969,1969-10-19,DAL,PHI,3,49,14,1,3,21,0
1969,1969-10-19,DET,CHI,3,13,7,1,8,25,0
1969,1969-10-19,KC,MIA,3,17,10,1,4,24,0
1969,1969-10-19,LAR,GB,3,34,21,1,5,10,0
1969,1969-10-19,LV,BUF,3,50,21,1,1,23,0
1969,1969-10-19,NE,LAC,0,10,13,1,22,11,0
1969,1969-10-19,NO,IND,0,10,30,1,18,9,0
1969,1969-10-19,SF,ATL,0,7,21,1,17,14,0
1969,1969-10-19,WAS,NYG,3,20,14,1,12,15,0
1969,1969-10-20,NYJ,TEN,3,26,17,1,7,13,0
1969,1969-10-26,CHI,LAR,0,7,9,1,25,5,0
1969,1969-10-26,CLE,ARI,1,21,21,1,6,19,0
1969,1969-10-26,GB,ATL,3,28,10,1,10,14,0
1969,1969-10-26,IND,SF,0,21,24,1,9,17,1
1969,1969-10-26,KC,CIN,3,42,22,1,4,20,0
1969,1969-10-26,LAC,LV,0,12,24,1,11,1,0
1969,1969-10-26,MIA,BUF,3,24,6,1,24,23,1
1969,1969-10-26,MIN,DET,3,24,10,1,2,8,0
1969,1969-10-26,NYJ,NE,3,23,17,1,7,22,0
1969,1969-10-26,PHI,NO,3,13,10,1,21,18,1
1969,1969-10-26,PIT,WAS,0,7,14,1,26,12,0
1969,1969-10-26,TEN,DEN,3,24,21,1,13,16,0
1969,1969-10-27,DAL,NYG,3,25,3,1,3,15,0
1969,1969-11-02,ARI,NO,0,42,51,1,19,18,0
1969,1969-11-02,ATL,LAR,0,6,38,1,14,5,0
1969,1969-11-02,BUF,KC,0,7,29,1,23,4,0
1969,1969-11-02,CIN,LV,3,31,17,1,20,1,1
1969,1969-11-02,CLE,DAL,3,42,10,1,6,3,1
1969,1969-11-02,DEN,LAC,3,13,0,1,16,11,1
1969,1969-11-02,IND,WAS,3,41,17,1,9,12,0
1969,1969-11-02,MIN,CHI,3,31,14,1,2,25,0
1969,1969-11-02,NE,TEN,3,24,0,1,22,13,1
1969,1969-11-02,NYG,PHI,0,20,23,1,15,21,1
1969,1969-11-02,NYJ,MIA,3,34,31,1,7,24,0
1969,1969-11-02,PIT,GB,0,34,38,1,26,10,0
1969,1969-11-02,SF,DET,0,14,26,1,17,8,0
1969,1969-11-09,ARI,NYG,3,42,17,1,19,15,1
1969,1969-11-09,CHI,PIT,3,38,7,1,25,26,0
1969,1969-11-09,DAL,NO,3,33,17,1,3,18,0
1969,1969-11-09,DET,ATL,3,27,21,1,8,14,0
1969,1969-11-09,IND,GB,3,14,6,1,9,10,0
1969,1969-11-09,KC,LAC,3,27,3,1,4,11,0
1969,1969-11-09,LAR,SF,3,41,30,1,5,17,0
1969,1969-11-09,LV,DEN,3,41,10,1,1,16,0
1969,1969-11-09,MIN,CLE,3,51,3,1,2,6,0
1969,1969-11-09,NE,MIA,0,16,17,1,22,24,1
1969,1969-11-09,NYJ,BUF,3,16,6,1,7,23,0
1969,1969-11-09,TEN,CIN,1,31,31,1,13,20,0
1969,1969-11-09,WAS,PHI,1,28,28,1,12,21,0
1969,1969-11-16,ATL,CHI,3,48,31,1,14,25,0
1969,1969-11-16,BUF,MIA,3,28,3,1,23,24,0
1969,1969-11-16,CIN,NE,0,14,25,1,20,22,1
1969,1969-11-16,DEN,TEN,1,20,20,1,16,13,0
1969,1969-11-16,DET,ARI,3,20,0,1,8,19,0
1969,1969-11-16,GB,MIN,0,7,9,1,10,2,0
1969,1969-11-16,LV,LAC,3,21,16,1,1,11,0
1969,1969-11-16,NYG,NO,0,24,25,1,15,18,1
1969,1969-11-16,NYJ,KC,0,16,34,1,7,4,0
1969,1969-11-16,PHI,LAR,0,17,23,1,21,5,0
1969,1969-11-16,PIT,CLE,0,3,24,1,26,6,0
1969,1969-11-16,SF,IND,3,20,17,1,17,9,1
1969,1969-11-16,WAS,DAL,0,28,41,1,12,3,0
1969,1969-11-23,ARI,PHI,0,30,34,1,19,21,1
1969,1969-11-23,CHI,IND,0,21,24,1,25,9,0
1969,1969-11-23,CLE,NYG,3,28,17,1,6,15,0
1969,1969-11-23,GB,DET,0,10,16,1,10,8,0
1969,1969-11-23,KC,LV,0,24,27,1,4,1,0
1969,1969-11-23,LAC,DEN,3,45,24,1,11,16,0
1969,1969-11-23,LAR,DAL,3,24,23,1,5,3,1
1969,1969-11-23,MIA,TEN,0,7,32,1,24,13,0
1969,1969-11-23,MIN,PIT,3,52,14,1,2,26,0
1969,1969-11-23,NE,BUF,3,35,21,1,22,23,0
1969,1969-11-23,NO,SF,3,43,38,1,18,17,1
1969,1969-11-23,NYJ,CIN,3,40,7,1,7,20,0
1969,1969-11-23,WAS,ATL,3,27,20,1,12,14,0
1969,1969-11-27,DAL,SF,1,24,24,1,3,17,0
1969,1969-11-27,DET,MIN,0,0,27,1,8,2,0
1969,1969-11-27,KC,DEN,3,31,17,1,4,16,0
1969,1969-11-27,TEN,LAC,0,17,21,1,13,11,0
1969,1969-11-30,ARI,PIT,3,47,10,1,19,26,0
1969,1969-11-30,BUF,CIN,3,16,13,1,23,20,1
1969,1969-11-30,CHI,CLE,0,24,28,1,25,6,0
1969,1969-11-30,GB,NYG,3,20,10,1,10,15,0
1969,1969-11-30,IND,ATL,3,13,6,1,9,14,0
1969,1969-11-30,MIA,NE,0,23,38,1,24,22,0
1969,1969-11-30,NO,PHI,3,26,17,1,18,21,0
1969,1969-11-30,NYJ,LV,0,14,27,1,7,1,0
1969,1969-11-30,WAS,LAR,0,13,24,1,12,5,0
1969,1969-12-06,SF,CHI,3,42,21,1,17,25,0
1969,1969-12-06,TEN,NYJ,0,26,34,1,13,7,0
1969,1969-12-07,ATL,NO,3,45,17,1,14,18,0
1969,1969-12-07,CLE,GB,3,20,7,1,6,10,0
1969,1969-12-07,IND,DET,1,17,17,1,9,8,0
1969,1969-12-07,KC,BUF,3,22,19,1,4,23,0
1969,1969-12-07,LAC,NE,3,28,18,1,11,22,0
1969,1969-12-07,LAR,MIN,0,13,20,1,5,2,0
1969,1969-12-07,LV,CIN,3,37,17,1,1,20,0
1969,1969-12-07,MIA,DEN,3,27,24,1,24,16,1
1969,1969-12-07,NYG,ARI,3,49,6,1,15,19,0
1969,1969-12-07,PHI,WAS,0,29,34,1,21,12,0
1969,1969-12-07,PIT,DAL,0,7,10,1,26,3,0
1969,1969-12-13,DAL,IND,3,27,10,1,3,9,0
1969,1969-12-13,LV,KC,3,10,6,1,1,4,0
1969,1969-12-14,ARI,CLE,0,21,27,1,19,6,0
1969,1969-12-14,CHI,GB,0,3,21,1,25,10,0
1969,1969-12-14,DEN,CIN,3,27,16,1,16,20,0
1969,1969-12-14,DET,LAR,3,28,0,1,8,5,1
1969,1969-12-14,LAC,BUF,3,45,6,1,11,23,0
1969,1969-12-14,MIA,NYJ,0,9,27,1,24,7,0
1969,1969-12-14,MIN,SF,3,10,7,1,2,17,0
1969,1969-12-14,PHI,ATL,0,3,27,1,21,14,0
1969,1969-12-14,PIT,NYG,0,17,21,1,26,15,0
1969,1969-12-14,TEN,NE,3,27,23,1,13,22,0
1969,1969-12-14,WAS,NO,3,17,14,1,12,18,0
1969,1969-12-21,ATL,MIN,3,10,3,1,14,2,1
1969,1969-12-21,CHI,DET,0,3,20,1,25,8,0
1969,1969-12-21,DAL,WAS,3,20,10,1,3,12,0
1969,1969-12-21,GB,ARI,3,45,28,1,10,19,0
1969,1969-12-21,LAR,IND,0,7,13,1,5,9,1
1969,1969-12-21,NO,PIT,3,27,24,1,18,26,0
1969,1969-12-21,NYG,CLE,3,27,14,1,15,6,1
1969,1969-12-21,SF,PHI,3,14,13,1,17,21,0
1970,1970-09-18,LAR,ARI,3,34,13,1,7,10,0
1970,1970-09-19,NYG,CHI,0,16,24,1,8,15,1
1970,1970-09-20,BUF,DEN,0,10,25,1,23,18,0
1970,1970-09-20,CIN,LV,3,31,21,1,11,9,1
1970,1970-09-20,GB,DET,0,0,40,1,17,4,0
1970,1970-09-20,LAC,IND,0,14,16,1,14,2,0
1970,1970-09-20,MIN,KC,3,27,10,1,1,12,0
1970,1970-09-20,NE,MIA,3,27,14,1,26,6,1
1970,1970-09-20,NO,ATL,0,3,14,1,25,19,0
1970,1970-09-20,PHI,DAL,0,7,17,1,22,5,0
1970,1970-09-20,PIT,TEN,0,7,19,1,20,24,1
1970,1970-09-20,SF,WAS,3,26,17,1,3,16,0
1970,1970-09-21,CLE,NYJ,3,31,21,1,13,21,0
1970,1970-09-27,ARI,WAS,3,27,17,1,10,16,0
1970,1970-09-27,BUF,LAR,0,0,19,1,23,7,0
1970,1970-09-27,CHI,PHI,3,20,16,1,15,22,0
1970,1970-09-27,DAL,NYG,3,28,10,1,5,8,0
1970,1970-09-27,DEN,PIT,3,16,13,1,18,20,0
1970,1970-09-27,DET,CIN,3,38,3,1,4,11,0
1970,1970-09-27,GB,ATL,3,27,24,1,17,19,0
1970,1970-09-27,LAC,LV,1,27,27,1,14,9,0
1970,1970-09-27,MIN,NO,3,26,0,1,1,25,0
1970,1970-09-27,NE,NYJ,0,21,31,1,26,21,0
1970,1970-09-27,SF,CLE,3,34,31,1,3,13,0
1970,1970-09-27,TEN,MIA,0,10,20,1,24,6,0
1970,1970-09-28,IND,KC,0,24,44,1,2,12,1
1970,1970-10-03,CLE,PIT,3,15,7,1,13,20,0
1970,1970-10-03,MIA,LV,3,20,13,1,6,9,0
1970,1970-10-04,ARI,DAL,3,20,7,1,10,5,1
1970,1970-10-04,ATL,SF,3,21,20,1,19,3,1
1970,1970-10-04,BUF,NYJ,3,34,31,1,23,21,1
1970,1970-10-04,CIN,TEN,0,13,20,1,11,24,1
1970,1970-10-04,DEN,KC,3,26,13,1,18,12,1
1970,1970-10-04,GB,MIN,3,13,10,1,17,1,1
1970,1970-10-04,LAR,LAC,3,37,10,1,7,14,0
1970,1970-10-04,NE,IND,0,6,14,1,26,2,0
1970,1970-10-04,NO,NYG,3,14,10,1,25,8,1
1970,1970-10-04,PHI,WAS,0,21,33,1,22,16,0
1970,1970-10-05,DET,CHI,3,28,14,1,4,15,0
1970,1970-10-10,NYJ,MIA,0,6,20,1,21,6,0
1970,1970-10-11,ARI,NO,3,24,17,1,10,25,0
1970,1970-10-11,CHI,MIN,0,0,24,1,15,1,0
1970,1970-10-11,CLE,CIN,3,30,27,1,13,11,1
1970,1970-10-11,DAL,ATL,3,13,0,1,5,19,0
1970,1970-10-11,KC,NE,3,23,10,1,12,26,0
1970,1970-10-11,LAR,SF,0,6,20,1,7,3,0
1970,1970-10-11,LV,DEN,3,35,23,1,9,18,0
1970,1970-10-11,NYG,PHI,3,30,23,1,8,22,0
1970,1970-10-11,PIT,BUF,3,23,10,1,20,23,0
1970,1970-10-11,TEN,IND,0,20,24,1,24,2,0
1970,1970-10-11,WAS,DET,3,31,10,1,16,4,1
1970,1970-10-12,LAC,GB,0,20,22,1,14,17,1
1970,1970-10-18,BUF,MIA,0,14,33,1,23,6,0
1970,1970-10-18,CHI,LAC,0,7,20,1,15,14,0
1970,1970-10-18,CIN,KC,0,19,27,1,11,12,1
1970,1970-10-18,CLE,DET,0,24,41,1,13,4,0
1970,1970-10-18,DEN,ATL,3,24,10,1,18,19,0
1970,1970-10-18,GB,LAR,0,21,31,1,17,7,0
1970,1970-10-18,MIN,DAL,3,54,13,1,1,5,0
1970,1970-10-18,NE,NYG,0,0,16,1,26,8,0
1970,1970-10-18,NYJ,IND,0,22,29,1,21,2,0
1970,1970-10-18,PHI,ARI,0,20,35,1,22,10,0
1970,1970-10-18,SF,NO,1,20,20,1,3,25,0
1970,1970-10-18,TEN,PIT,0,3,7,1,24,20,0
1970,1970-10-19,LV,WAS,3,34,20,1,9,16,0
1970,1970-10-25,ATL,NO,3,32,14,1,19,25,0
1970,1970-10-25,CHI,DET,0,10,16,1,15,4,0
1970,1970-10-25,GB,PHI,3,30,17,1,17,22,0
1970,1970-10-25,IND,NE,3,27,3,1,2,26,0
1970,1970-10-25,KC,DAL,0,16,27,1,12,5,0
1970,1970-10-25,LAC,TEN,1,31,31,1,14,24,0
1970,1970-10-25,LV,PIT,3,31,14,1,9,20,0
1970,1970-10-25,MIA,CLE,0,0,28,1,6,13,1
1970,1970-10-25,NYG,ARI,3,35,17,1,8,10,0
1970,1970-10-25,NYJ,BUF,0,6,10,1,21,23,1
1970,1970-10-25,SF,DEN,3,19,14,1,3,18,0
1970,1970-10-25,WAS,CIN,3,20,0,1,16,11,1
1970,1970-10-26,MIN,LAR,3,13,3,1,1,7,0
1970,1970-11-01,ARI,TEN,3,44,0,1,10,24,0
1970,1970-11-01,ATL,CHI,0,14,23,1,19,15,0
1970,1970-11-01,CLE,LAC,0,10,27,1,13,14,1
1970,1970-11-01,DAL,PHI,3,21,17,1,5,22,0
1970,1970-11-01,DEN,WAS,0,3,19,1,18,16,0
1970,1970-11-01,DET,MIN,0,17,30,1,4,1,0
1970,1970-11-01,IND,MIA,3,35,0,1,2,6,0
1970,1970-11-01,KC,LV,1,17,17,1,12,9,0
1970,1970-11-01,NE,BUF,0,10,45,1,26,23,0
1970,1970-11-01,NO,LAR,0,17,30,1,25,7,0
1970,1970-11-01,NYJ,NYG,0,10,22,1,21,8,0
1970,1970-11-01,SF,GB,3,26,10,1,3,17,0
1970,1970-11-02,PIT,CIN,3,21,10,1,20,11,1
1970,1970-11-08,ARI,NE,3,31,0,1,10,26,0
1970,1970-11-08,BUF,CIN,0,14,43,1,23,11,0
1970,1970-11-08,CHI,SF,0,16,37,1,15,3,0
1970,1970-11-08,KC,TEN,3,24,9,1,12,24,0
1970,1970-11-08,LAC,DEN,3,24,21,1,14,18,0
1970,1970-11-08,LAR,ATL,1,10,10,1,7,19,0
1970,1970-11-08,LV,CLE,3,23,20,1,9,13,0
1970,1970-11-08,NO,DET,3,19,17,1,25,4,1
1970,1970-11-08,NYG,DAL,3,23,20,1,8,5,1
1970,1970-11-08,PHI,MIA,3,24,17,1,22,6,1
1970,1970-11-08,PIT,NYJ,3,21,17,1,20,21,0
1970,1970-11-08,WAS,MIN,0,10,19,1,16,1,0
1970,1970-11-09,GB,IND,0,10,13,1,17,2,0
1970,1970-11-15,CIN,CLE,3,14,10,1,11,13,0
1970,1970-11-15,DEN,LV,0,19,24,1,18,9,0
1970,1970-11-15,GB,CHI,3,20,19,1,17,15,1
1970,1970-11-15,IND,BUF,1,17,17,1,2,23,0
1970,1970-11-15,LAR,NYJ,0,20,31,1,7,21,1
1970,1970-11-15,MIA,NO,3,21,10,1,6,25,0
1970,1970-11-15,MIN,DET,3,24,20,1,1,4,0
1970,1970-11-15,NE,LAC,0,14,16,1,26,14,0
1970,1970-11-15,NYG,WAS,3,35,33,1,8,16,0
1970,1970-11-15,PHI,ATL,1,13,13,1,22,19,0
1970,1970-11-15,PIT,KC,0,14,31,1,20,12,0
1970,1970-11-15,TEN,SF,0,20,30,1,24,3,0
1970,1970-11-16,DAL,ARI,0,0,38,1,5,10,1
1970,1970-11-22,ATL,LAR,0,7,17,1,19,7,0
1970,1970-11-22,CHI,BUF,3,31,13,1,15,23,0
1970,1970-11-22,CIN,PIT,3,34,7,1,11,20,0
1970,1970-11-22,CLE,TEN,3,28,14,1,13,24,0
1970,1970-11-22,DET,SF,3,28,7,1,4,3,1
1970,1970-11-22,KC,ARI,1,6,6,1,12,10,0
1970,1970-11-22,LV,LAC,3,20,17,1,9,14,0
1970,1970-11-22,MIA,IND,3,34,17,1,6,2,1
1970,1970-11-22,MIN,GB,3,10,3,1,1,17,0
1970,1970-11-22,NO,DEN,0,6,31,1,25,18,0
1970,1970-11-22,NYJ,NE,3,17,3,1,21,26,0
1970,1970-11-22,WAS,DAL,0,21,45,1,16,5,0
1970,1970-11-23,PHI,NYG,3,23,20,1,22,8,1
1970,1970-11-26,DAL,GB,3,16,3,1,5,17,0
1970,1970-11-26,DET,LV,3,28,14,1,4,9,0
1970,1970-11-29,ARI,PHI,3,23,14,1,10,22,0
1970,1970-11-29,BUF,NE,0,10,14,1,23,26,1
1970,1970-11-29,CIN,NO,3,26,6,1,11,25,0
1970,1970-11-29,IND,CHI,3,21,20,1,2,15,0
1970,1970-11-29,KC,LAC,3,26,14,1,12,14,0
1970,1970-11-29,NYJ,MIN,3,20,10,1,21,1,1
1970,1970-11-29,PIT,CLE,3,28,9,1,20,13,1
1970,1970-11-29,SF,LAR,0,13,30,1,3,7,1
1970,1970-11-29,TEN,DEN,3,31,21,1,24,18,1
1970,1970-11-29,WAS,NYG,0,24,27,1,16,8,0
1970,1970-11-30,ATL,MIA,0,7,20,1,19,6,0
1970,1970-12-05,MIN,CHI,3,16,13,1,1,15,0
1970,1970-12-06,DAL,WAS,3,34,0,1,5,16,0
1970,1970-12-06,DET,ARI,3,16,3,1,4,10,0
1970,1970-12-06,IND,PHI,3,29,10,1,2,22,0
1970,1970-12-06,KC,DEN,3,16,0,1,12,18,0
1970,1970-12-06,LAC,CIN,0,14,17,1,14,11,0
1970,1970-12-06,LAR,NO,3,34,16,1,7,25,0
1970,1970-12-06,MIA,NE,3,37,20,1,6,26,0
1970,1970-12-06,NYG,BUF,3,20,6,1,8,23,0
1970,1970-12-06,NYJ,LV,0,13,14,1,21,9,0
1970,1970-12-06,PIT,GB,0,12,20,1,20,17,0
1970,1970-12-06,SF,ATL,3,24,20,1,3,19,0
1970,1970-12-07,TEN,CLE,0,10,21,1,24,13,0
1970,1970-12-12,CLE,DAL,0,2,6,1,13,5,0
1970,1970-12-12,LV,KC,3,20,6,1,9,12,0
1970,1970-12-13,ARI,NYG,0,17,34,1,10,8,0
1970,1970-12-13,ATL,PIT,3,27,16,1,19,20,0
1970,1970-12-13,BUF,IND,0,14,20,1,23,2,0
1970,1970-12-13,CHI,GB,3,35,17,1,15,17,0
1970,1970-12-13,DEN,LAC,1,17,17,1,18,14,0
1970,1970-12-13,MIA,NYJ,3,16,10,1,6,21,0
1970,1970-12-13,NE,MIN,0,14,35,1,26,1,0
1970,1970-12-13,NO,SF,0,27,38,1,25,3,0
1970,1970-12-13,TEN,CIN,0,20,30,1,24,11,0
1970,1970-12-13,WAS,PHI,3,24,6,1,16,22,0
1970,1970-12-14,LAR,DET,0,23,28,1,7,4,0
1970,1970-12-19,IND,NYJ,3,35,20,1,2,21,0
1970,1970-12-20,ATL,MIN,0,7,37,1,19,1,0
1970,1970-12-20,CIN,NE,3,45,7,1,11,26,0
1970,1970-12-20,DAL,TEN,3,52,10,1,5,24,0
1970,1970-12-20,DEN,CLE,0,13,27,1,18,13,0
1970,1970-12-20,DET,GB,3,20,0,1,4,17,0
1970,1970-12-20,LAC,KC,3,31,13,1,14,12,1
1970,1970-12-20,LV,SF,0,7,38,1,9,3,0
1970,1970-12-20,MIA,BUF,3,45,7,1,6,23,0
1970,1970-12-20,NO,CHI,0,3,24,1,25,15,0
1970,1970-12-20,NYG,LAR,0,3,31,1,8,7,0
1970,1970-12-20,PHI,PIT,3,30,20,1,22,20,1
1970,1970-12-20,WAS,ARI,3,28,27,1,16,10,1
1971,1971-09-19,ARI,WAS,0,17,24,1,21,6,0
1971,1971-09-19,ATL,SF,3,20,17,1,12,7,1
1971,1971-09-19,BUF,DAL,0,37,49,1,26,1,0
1971,1971-09-19,CHI,PIT,3,17,15,1,18,15,1
1971,1971-09-19,CIN,PHI,3,37,14,1,24,13,1
1971,1971-09-19,CLE,TEN,3,31,0,1,9,23,0
1971,1971-09-19,DEN,MIA,1,10,10,1,22,3,0
1971,1971-09-19,GB,NYG,0,40,42,1,19,25,1
1971,1971-09-19,IND,NYJ,3,22,0,1,5,17,0
1971,1971-09-19,LAC,KC,3,21,14,1,14,4,1
1971,1971-09-19,NE,LV,3,20,6,1,16,8,1
1971,1971-09-19,NO,LAR,3,24,20,1,20,10,1
1971,1971-09-20,DET,MIN,0,13,16,1,11,2,0
1971,1971-09-26,BUF,MIA,0,14,29,1,26,3,0
1971,1971-09-26,GB,DEN,3,34,13,1,19,22,0
1971,1971-09-26,IND,CLE,0,13,14,1,5,9,1
1971,1971-09-26,LAC,LV,0,0,34,1,14,8,0
1971,1971-09-26,LAR,ATL,1,20,20,1,10,12,0
1971,1971-09-26,MIN,CHI,0,17,20,1,2,18,1
1971,1971-09-26,NE,DET,0,7,34,1,16,11,0
1971,1971-09-26,NO,SF,0,20,38,1,20,7,0
1971,1971-09-26,NYG,WAS,0,3,30,1,25,6,0
1971,1971-09-26,PHI,DAL,0,7,42,1,13,1,0
1971,1971-09-26,PIT,CIN,3,21,10,1,15,24,0
1971,1971-09-26,TEN,KC,0,16,20,1,23,4,0
1971,1971-09-27,ARI,NYJ,3,17,10,1,21,17,1
1971,1971-10-03,ARI,NYG,0,20,21,1,21,25,1
1971,1971-10-03,DAL,WAS,0,16,20,1,1,6,1
1971,1971-10-03,DEN,KC,0,3,16,1,22,4,0
1971,1971-10-03,DET,ATL,3,41,38,1,11,12,0
1971,1971-10-03,GB,CIN,3,20,17,1,19,24,0
1971,1971-10-03,LAR,CHI,3,17,3,1,10,18,0
1971,1971-10-03,MIA,NYJ,0,10,14,1,3,17,1
1971,1971-10-03,MIN,BUF,3,19,0,1,2,26,0
1971,1971-10-03,NE,IND,0,3,23,1,16,5,0
1971,1971-10-03,PHI,SF,0,3,31,1,13,7,0
1971,1971-10-03,PIT,LAC,3,21,17,1,15,14,1
1971,1971-10-03,TEN,NO,1,13,13,1,23,20,0
1971,1971-10-04,CLE,LV,0,20,34,1,9,8,0
1971,1971-10-10,ATL,ARI,0,9,26,1,12,21,1
1971,1971-10-10,BUF,IND,0,0,43,1,26,5,0
1971,1971-10-10,CHI,NO,3,35,14,1,18,20,0
1971,1971-10-10,CIN,MIA,0,13,23,1,24,3,0
1971,1971-10-10,CLE,PIT,3,27,17,1,9,15,0
1971,1971-10-10,DEN,LV,0,16,27,1,22,8,0
1971,1971-10-10,DET,GB,3,31,28,1,11,19,0
1971,1971-10-10,KC,LAC,3,31,10,1,4,14,0
1971,1971-10-10,NE,NYJ,3,20,0,1,16,17,0
1971,1971-10-10,PHI,MIN,0,0,13,1,13,2,0
1971,1971-10-10,SF,LAR,0,13,20,1,7,10,1
1971,1971-10-10,WAS,TEN,3,22,13,1,6,23,0
1971,1971-10-11,DAL,NYG,3,20,13,1,1,25,0
1971,1971-10-17,ATL,LAR,0,16,24,1,12,10,0
1971,1971-10-17,CIN,CLE,0,24,27,1,24,9,0
1971,1971-10-17,DEN,LAC,3,20,16,1,22,14,1
1971,1971-10-17,GB,MIN,0,13,24,1,19,2,0
1971,1971-10-17,LV,PHI,3,34,10,1,8,13,0
1971,1971-10-17,MIA,NE,3,41,3,1,3,16,0
1971,1971-10-17,NO,DAL,3,24,14,1,20,1,1
1971,1971-10-17,NYG,IND,0,7,31,1,25,5,0
1971,1971-10-17,NYJ,BUF,3,28,17,1,17,26,0
1971,1971-10-17,SF,CHI,3,13,0,1,7,18,0
1971,1971-10-17,TEN,DET,0,7,31,1,23,11,0
1971,1971-10-17,WAS,ARI,3,20,0,1,6,21,0
1971,1971-10-18,KC,PIT,3,38,16,1,4,15,0
1971,1971-10-23,LAC,BUF,3,20,3,1,14,26,0
1971,1971-10-24,ARI,SF,0,14,26,1,21,7,0
1971,1971-10-24,ATL,NO,3,28,6,1,12,20,0
1971,1971-10-24,CLE,DEN,0,0,27,1,9,22,1
1971,1971-10-24,DAL,NE,3,44,21,1,1,16,0
1971,1971-10-24,DET,CHI,0,23,28,1,11,18,1
1971,1971-10-24,KC,WAS,3,27,20,1,4,6,0
1971,1971-10-24,LAR,GB,3,30,13,1,10,19,0
1971,1971-10-24,LV,CIN,3,31,27,1,8,24,0
1971,1971-10-24,NYJ,MIA,0,14,30,1,17,3,0
1971,1971-10-24,PHI,NYG,3,23,7,1,13,25,0
1971,1971-10-24,PIT,TEN,3,23,16,1,15,23,0
1971,1971-10-25,MIN,IND,3,10,3,1,2,5,0
1971,1971-10-31,BUF,ARI,0,23,28,1,26,21,0
1971,1971-10-31,CHI,DAL,3,23,19,1,18,1,1
1971,1971-10-31,CLE,ATL,0,14,31,1,9,12,1
1971,1971-10-31,IND,PIT,3,34,21,1,5,15,0
1971,1971-10-31,LAC,NYJ,3,49,21,1,14,17,0
1971,1971-10-31,LAR,MIA,0,14,20,1,10,3,0
1971,1971-10-31,LV,KC,1,20,20,1,8,4,0
1971,1971-10-31,NYG,MIN,0,10,17,1,25,2,0
1971,1971-10-31,PHI,DEN,3,17,16,1,13,22,0
1971,1971-10-31,SF,NE,3,27,10,1,7,16,0
1971,1971-10-31,TEN,CIN,3,10,6,1,23,24,0
1971,1971-10-31,WAS,NO,3,24,14,1,6,20,0
1971,1971-11-01,GB,DET,1,14,14,1,19,11,0
1971,1971-11-07,ARI,DAL,0,13,16,1,21,1,0
1971,1971-11-07,CHI,GB,0,14,17,1,18,19,1
1971,1971-11-07,CIN,ATL,0,6,9,1,24,12,0
1971,1971-11-07,DEN,DET,0,20,24,1,22,11,0
1971,1971-11-07,MIA,BUF,3,34,0,1,3,26,0
1971,1971-11-07,MIN,SF,0,9,13,1,2,7,1
1971,1971-11-07,NE,TEN,3,28,20,1,16,23,0
1971,1971-11-07,NO,LV,1,21,21,1,20,8,0
1971,1971-11-07,NYG,LAC,3,35,17,1,25,14,1
1971,1971-11-07,NYJ,KC,3,13,10,1,17,4,1
1971,1971-11-07,PIT,CLE,3,26,9,1,15,9,1
1971,1971-11-07,WAS,PHI,1,7,7,1,6,13,0
1971,1971-11-08,IND,LAR,3,24,17,1,5,10,0
1971,1971-11-14,ATL,NYG,0,17,21,1,12,25,1
1971,1971-11-14,CHI,WAS,3,16,15,1,18,6,1
1971,1971-11-14,DAL,PHI,3,20,7,1,1,13,0
1971,1971-11-14,DEN,CIN,0,10,24,1,22,24,1
1971,1971-11-14,DET,LAR,0,13,21,1,11,10,0
1971,1971-11-14,KC,CLE,3,13,7,1,4,9,0
1971,1971-11-14,LV,TEN,3,41,21,1,8,23,0
1971,1971-11-14,MIA,PIT,3,24,21,1,3,15,0
1971,1971-11-14,MIN,GB,3,3,0,1,2,19,0
1971,1971-11-14,NE,BUF,3,38,33,1,16,26,0
1971,1971-11-14,NYJ,IND,0,13,14,1,17,5,0
1971,1971-11-14,SF,NO,0,20,26,1,7,20,1
1971,1971-11-15,LAC,ARI,3,20,17,1,14,21,0
1971,1971-11-21,ARI,PHI,0,20,37,1,21,13,0
1971,1971-11-21,BUF,NYJ,0,7,20,1,26,17,0
1971,1971-11-21,CHI,DET,0,3,28,1,18,11,0
1971,1971-11-21,CIN,TEN,3,28,13,1,24,23,1
1971,1971-11-21,CLE,NE,3,27,7,1,9,16,0
1971,1971-11-21,KC,DEN,3,28,10,1,4,22,0
1971,1971-11-21,LAR,SF,3,17,6,1,10,7,1
1971,1971-11-21,LV,LAC,3,34,33,1,8,14,0
1971,1971-11-21,MIA,IND,3,17,14,1,3,5,0
1971,1971-11-21,NO,MIN,0,10,23,1,20,2,0
1971,1971-11-21,PIT,NYG,3,17,13,1,15,25,0
1971,1971-11-21,WAS,DAL,0,0,13,1,6,1,0
1971,1971-11-22,ATL,GB,3,28,21,1,12,19,0
1971,1971-11-25,DAL,LAR,3,28,21,1,1,10,0
1971,1971-11-25,DET,KC,3,32,21,1,11,4,1
1971,1971-11-28,BUF,NE,3,27,20,1,26,16,1
1971,1971-11-28,CIN,LAC,3,31,0,1,24,14,1
1971,1971-11-28,GB,NO,0,21,29,1,19,20,1
1971,1971-11-28,LV,IND,0,14,37,1,8,5,0
1971,1971-11-28,MIN,ATL,3,24,7,1,2,12,0
1971,1971-11-28,NYG,ARI,0,7,24,1,25,21,0
1971,1971-11-28,NYJ,SF,0,21,24,1,17,7,0
1971,1971-11-28,PHI,WAS,0,13,20,1,13,6,0
1971,1971-11-28,PIT,DEN,0,10,22,1,15,22,1
1971,1971-11-28,TEN,CLE,0,24,37,1,23,9,0
1971,1971-11-29,MIA,CHI,3,34,3,1,3,18,0
1971,1971-12-04,DAL,NYJ,3,52,10,1,1,17,0
1971,1971-12-05,ARI,GB,1,16,16,1,21,19,0
1971,1971-12-05,ATL,LV,3,24,13,1,12,8,1
1971,1971-12-05,CLE,CIN,3,31,27,1,9,24,0
1971,1971-12-05,DEN,CHI,3,6,3,1,22,18,1
1971,1971-12-05,DET,PHI,0,20,23,1,11,13,1
1971,1971-12-05,IND,BUF,3,24,0,1,5,26,0
1971,1971-12-05,LAC,MIN,3,30,14,1,14,2,1
1971,1971-12-05,LAR,NO,3,45,28,1,10,20,0
1971,1971-12-05,NE,MIA,3,34,13,1,16,3,1
1971,1971-12-05,TEN,PIT,3,29,3,1,23,15,1
1971,1971-12-05,WAS,NYG,3,23,7,1,6,25,0
1971,1971-12-06,SF,KC,0,17,26,1,7,4,0
1971,1971-12-11,IND,MIA,3,14,3,1,5,3,1
1971,1971-12-11,MIN,DET,3,29,10,1,2,11,0
1971,1971-12-12,BUF,TEN,0,14,20,1,26,23,0
1971,1971-12-12,CIN,PIT,0,13,21,1,24,15,0
1971,1971-12-12,GB,CHI,3,31,10,1,19,18,1
1971,1971-12-12,KC,LV,3,16,14,1,4,8,0
1971,1971-12-12,LAC,DEN,3,45,17,1,14,22,0
1971,1971-12-12,NO,CLE,0,17,21,1,20,9,0
1971,1971-12-12,NYG,DAL,0,14,42,1,25,1,0
1971,1971-12-12,NYJ,NE,3,13,6,1,17,16,1
1971,1971-12-12,PHI,ARI,3,19,7,1,13,21,0
1971,1971-12-12,SF,ATL,3,24,3,1,7,12,0
1971,1971-12-13,LAR,WAS,0,24,38,1,10,6,0
1971,1971-12-18,DAL,ARI,3,31,12,1,1,21,0
1971,1971-12-19,CHI,MIN,0,10,27,1,18,2,0
1971,1971-12-19,IND,NE,0,17,21,1,5,16,1
1971,1971-12-19,KC,BUF,3,22,9,1,4,26,0
1971,1971-12-19,LV,DEN,3,21,13,1,8,22,0
1971,1971-12-19,MIA,GB,3,27,6,1,3,19,0
1971,1971-12-19,NO,ATL,0,20,24,1,20,12,0
1971,1971-12-19,NYG,PHI,0,28,41,1,25,13,0
1971,1971-12-19,NYJ,CIN,3,35,21,1,17,24,0
1971,1971-12-19,PIT,LAR,0,14,23,1,15,10,0
1971,1971-12-19,SF,DET,3,31,27,1,7,11,0
1971,1971-12-19,TEN,LAC,3,49,33,1,23,14,1
1971,1971-12-19,WAS,CLE,0,13,20,1,6,9,1
1972,1972-09-17,BUF,NYJ,0,24,41,1,22,14,0
1972,1972-09-17,CHI,ATL,0,21,37,1,19,15,0
1972,1972-09-17,CLE,GB,0,10,26,1,7,6,0
1972,1972-09-17,DAL,PHI,3,28,6,1,5,25,0
1972,1972-09-17,DEN,TEN,3,30,17,1,18,26,0
1972,1972-09-17,DET,NYG,3,30,16,1,9,10,0
1972,1972-09-17,IND,ARI,0,3,10,1,17,21,1
1972,1972-09-17,KC,MIA,0,10,20,1,12,1,0
1972,1972-09-17,LAR,NO,3,34,14,1,16,24,0
1972,1972-09-17,NE,CIN,0,7,31,1,23,11,0
1972,1972-09-17,PIT,LV,3,34,28,1,2,4,0
1972,1972-09-17,SF,LAC,3,34,3,1,8,20,0
1972,1972-09-18,MIN,WAS,0,21,24,1,13,3,0
1972,1972-09-24,BUF,SF,3,27,20,1,22,8,1
1972,1972-09-24,CHI,LAR,1,13,13,1,19,16,0
1972,1972-09-24,CIN,PIT,3,15,10,1,11,2,1
1972,1972-09-24,DET,MIN,0,10,34,1,9,13,1
1972,1972-09-24,GB,LV,0,14,20,1,6,4,0
1972,1972-09-24,IND,NYJ,0,34,44,1,17,14,0
1972,1972-09-24,LAC,DEN,3,37,14,1,20,18,1
1972,1972-09-24,MIA,TEN,3,34,13,1,1,26,0
1972,1972-09-24,NE,ATL,3,21,20,1,23,15,1
1972,1972-09-24,NYG,DAL,0,14,23,1,10,5,0
1972,1972-09-24,PHI,CLE,0,17,27,1,25,7,0
1972,1972-09-24,WAS,ARI,3,24,10,1,3,21,0
1972,1972-09-25,NO,KC,0,17,20,1,24,12,0
1972,1972-10-01,ARI,PIT,0,19,25,1,21,2,0
1972,1972-10-01,ATL,LAR,3,31,3,1,15,16,0
1972,1972-10-01,BUF,IND,0,0,17,1,22,17,0
1972,1972-10-01,CHI,DET,0,24,38,1,19,9,0
1972,1972-10-01,CLE,CIN,3,27,6,1,7,11,0
1972,1972-10-01,DEN,KC,0,24,45,1,18,12,0
1972,1972-10-01,GB,DAL,3,16,13,1,6,5,1
1972,1972-10-01,LV,LAC,1,17,17,1,4,20,0
1972,1972-10-01,MIN,MIA,0,14,16,1,13,1,0
1972,1972-10-01,NE,WAS,3,24,23,1,23,3,1
1972,1972-10-01,NO,SF,0,2,37,1,24,8,0
1972,1972-10-01,TEN,NYJ,3,26,20,1,26,14,1
1972,1972-10-02,PHI,NYG,0,12,27,1,25,10,0
1972,1972-10-08,ATL,DET,0,23,26,1,15,9,0
1972,1972-10-08,BUF,NE,3,38,14,1,22,23,0
1972,1972-10-08,CIN,DEN,3,21,10,1,11,18,0
1972,1972-10-08,CLE,KC,0,7,31,1,7,12,1
1972,1972-10-08,DAL,PIT,3,17,13,1,5,2,1
1972,1972-10-08,GB,CHI,3,20,17,1,6,19,0
1972,1972-10-08,IND,LAC,0,20,23,1,17,20,1
1972,1972-10-08,LAR,SF,3,31,7,1,16,8,1
1972,1972-10-08,MIN,ARI,0,17,19,1,13,21,1
1972,1972-10-08,NYG,NO,3,45,21,1,10,24,0
1972,1972-10-08,NYJ,MIA,0,17,27,1,14,1,0
1972,1972-10-08,WAS,PHI,3,14,0,1,3,25,0
1972,1972-10-09,TEN,LV,0,0,34,1,26,4,0
1972,1972-10-15,ARI,WAS,0,3,33,1,21,3,0
1972,1972-10-15,CLE,CHI,0,0,17,1,7,19,1
1972,1972-10-15,DEN,MIN,0,20,23,1,18,13,0
1972,1972-10-15,IND,DAL,0,0,21,1,17,5,0
1972,1972-10-15,KC,CIN,0,16,23,1,12,11,0
1972,1972-10-15,LV,BUF,3,28,16,1,4,22,0
1972,1972-10-15,MIA,LAC,3,24,10,1,1,20,0
1972,1972-10-15,NE,NYJ,0,13,41,1,23,14,0
1972,1972-10-15,NO,ATL,0,14,21,1,24,15,0
1972,1972-10-15,PHI,LAR,0,3,34,1,25,16,0
1972,1972-10-15,PIT,TEN,3,24,7,1,2,26,0
1972,1972-10-15,SF,NYG,0,17,23,1,8,10,1
1972,1972-10-16,DET,GB,0,23,24,1,9,6,0
1972,1972-10-22,DET,LAC,3,34,20,1,9,20,0
1972,1972-10-22,GB,ATL,0,9,10,1,6,15,1
1972,1972-10-22,KC,PHI,0,20,21,1,12,25,1
1972,1972-10-22,LAR,CIN,3,15,12,1,16,11,1
1972,1972-10-22,LV,DEN,0,23,30,1,4,18,1
1972,1972-10-22,MIA,BUF,3,24,23,1,1,22,0
1972,1972-10-22,NYG,ARI,3,27,21,1,10,21,0
1972,1972-10-22,NYJ,IND,3,24,20,1,14,17,0
1972,1972-10-22,PIT,NE,3,33,3,1,2,23,0
1972,1972-10-22,SF,NO,1,20,20,1,8,24,0
1972,1972-10-22,TEN,CLE,0,17,23,1,26,7,0
1972,1972-10-22,WAS,DAL,3,24,20,1,3,5,0
1972,1972-10-23,CHI,MIN,3,13,10,1,19,13,1
1972,1972-10-29,ARI,CHI,0,10,27,1,21,19,0
1972,1972-10-29,ATL,SF,0,14,49,1,15,8,0
1972,1972-10-29,BUF,PIT,0,21,38,1,22,2,0
1972,1972-10-29,CIN,TEN,3,30,7,1,11,26,0
1972,1972-10-29,DEN,CLE,0,20,27,1,18,7,0
1972,1972-10-29,GB,MIN,0,13,27,1,6,13,1
1972,1972-10-29,IND,MIA,0,0,23,1,17,1,0
1972,1972-10-29,LAC,KC,0,14,26,1,20,12,0
1972,1972-10-29,LV,LAR,3,45,17,1,4,16,0
1972,1972-10-29,NO,PHI,3,21,3,1,24,25,0
1972,1972-10-29,NYG,WAS,0,16,23,1,10,3,0
1972,1972-10-29,NYJ,NE,3,34,10,1,14,23,0
1972,1972-10-30,DAL,DET,3,28,24,1,5,9,0
1972,1972-11-05,BUF,MIA,0,16,30,1,22,1,0
1972,1972-11-05,CLE,TEN,3,20,0,1,7,26,0
1972,1972-11-05,DET,CHI,3,14,0,1,9,19,0
1972,1972-11-05,GB,SF,3,34,24,1,6,8,0
1972,1972-11-05,KC,LV,3,27,14,1,12,4,1
1972,1972-11-05,LAC,DAL,0,28,34,1,20,5,0
1972,1972-11-05,LAR,ATL,3,20,7,1,16,15,1
1972,1972-11-05,MIN,NO,3,37,6,1,13,24,0
1972,1972-11-05,NYG,DEN,3,29,17,1,10,18,0
1972,1972-11-05,NYJ,WAS,0,17,35,1,14,3,0
1972,1972-11-05,PHI,ARI,1,6,6,1,25,21,0
1972,1972-11-05,PIT,CIN,3,40,17,1,2,11,0
1972,1972-11-06,NE,IND,0,17,24,1,23,17,0
1972,1972-11-12,ATL,NO,3,36,20,1,15,24,0
1972,1972-11-12,CHI,GB,0,17,23,1,19,6,0
1972,1972-11-12,CIN,LV,0,14,20,1,11,4,0
1972,1972-11-12,DAL,ARI,3,33,24,1,5,21,0
1972,1972-11-12,LAR,DEN,0,10,16,1,16,18,1
1972,1972-11-12,MIA,NE,3,52,0,1,1,23,0
1972,1972-11-12,MIN,DET,3,16,14,1,13,9,1
1972,1972-11-12,NYJ,BUF,3,41,3,1,14,22,0
1972,1972-11-12,PIT,KC,3,16,7,1,2,12,0
1972,1972-11-12,SF,IND,3,24,21,1,8,17,0
1972,1972-11-12,TEN,PHI,0,17,18,1,26,25,0
1972,1972-11-12,WAS,NYG,3,27,13,1,3,10,0
1972,1972-11-13,LAC,CLE,0,17,21,1,20,7,0
1972,1972-11-19,ARI,NYG,0,7,13,1,21,10,0
1972,1972-11-19,CHI,SF,0,21,34,1,19,8,0
1972,1972-11-19,CIN,IND,0,19,20,1,11,17,1
1972,1972-11-19,CLE,PIT,3,26,24,1,7,2,1
1972,1972-11-19,DEN,LV,0,20,37,1,18,4,0
1972,1972-11-19,DET,NO,3,27,14,1,9,24,0
1972,1972-11-19,KC,LAC,0,17,27,1,12,20,1
1972,1972-11-19,LAR,MIN,0,41,45,1,16,13,0
1972,1972-11-19,MIA,NYJ,3,28,24,1,1,14,0
1972,1972-11-19,NE,BUF,0,24,27,1,23,22,0
1972,1972-11-19,PHI,DAL,0,7,28,1,25,5,0
1972,1972-11-19,TEN,GB,0,10,23,1,26,6,0
1972,1972-11-20,WAS,ATL,3,24,13,1,3,15,0
1972,1972-11-23,DAL,SF,0,10,31,1,5,8,1
1972,1972-11-23,DET,NYJ,3,37,20,1,9,14,0
1972,1972-11-26,ATL,DEN,3,23,20,1,15,18,0
1972,1972-11-26,CHI,CIN,0,3,13,1,19,11,0
1972,1972-11-26,CLE,BUF,3,27,10,1,7,22,0
1972,1972-11-26,IND,NE,3,31,0,1,17,23,0
1972,1972-11-26,LAC,TEN,3,34,20,1,20,26,0
1972,1972-11-26,LV,KC,3,26,3,1,4,12,0
1972,1972-11-26,NO,LAR,3,19,16,1,24,16,1
1972,1972-11-26,NYG,PHI,3,62,10,1,10,25,0
1972,1972-11-26,PIT,MIN,3,23,10,1,2,13,0
1972,1972-11-26,WAS,GB,3,21,16,1,3,6,0
1972,1972-11-27,MIA,ARI,3,31,10,1,1,21,0
1972,1972-12-03,ARI,DAL,0,6,27,1,21,5,0
1972,1972-12-03,ATL,TEN,3,20,10,1,15,26,0
1972,1972-12-03,CIN,NYG,3,13,10,1,11,10,1
1972,1972-12-03,GB,DET,3,33,7,1,6,9,0
1972,1972-12-03,IND,BUF,3,35,7,1,17,22,0
1972,1972-12-03,KC,DEN,3,24,21,1,12,18,0
1972,1972-12-03,LAC,LV,0,19,21,1,20,4,0
1972,1972-12-03,MIN,CHI,3,23,10,1,13,19,0
1972,1972-12-03,NE,MIA,0,21,37,1,23,1,0
1972,1972-12-03,NYJ,NO,3,18,17,1,14,24,0
1972,1972-12-03,PHI,WAS,0,7,23,1,25,3,0
1972,1972-12-03,PIT,CLE,3,30,0,1,2,7,0
1972,1972-12-04,SF,LAR,0,16,26,1,8,16,1
1972,1972-12-09,CIN,CLE,0,24,27,1,11,7,0
1972,1972-12-09,DAL,WAS,3,34,24,1,5,3,1
1972,1972-12-10,ARI,LAR,3,24,14,1,21,16,1
1972,1972-12-10,BUF,DET,1,21,21,1,22,9,0
1972,1972-12-10,DEN,LAC,3,38,13,1,18,20,0
1972,1972-12-10,KC,IND,3,24,10,1,12,17,0
1972,1972-12-10,MIN,GB,0,7,23,1,13,6,0
1972,1972-12-10,NO,NE,0,10,17,1,24,23,0
1972,1972-12-10,NYG,MIA,0,13,23,1,10,1,0
1972,1972-12-10,PHI,CHI,0,12,21,1,25,19,0
1972,1972-12-10,SF,ATL,3,20,0,1,8,15,0
1972,1972-12-10,TEN,PIT,0,3,9,1,26,2,0
1972,1972-12-11,LV,NYJ,3,24,16,1,4,14,0
1972,1972-12-16,MIA,IND,3,16,0,1,1,17,0
1972,1972-12-16,SF,MIN,3,20,17,1,8,13,0
1972,1972-12-17,ARI,PHI,3,24,23,1,21,25,0
1972,1972-12-17,ATL,KC,0,14,17,1,15,12,0
1972,1972-12-17,DAL,NYG,0,3,23,1,5,10,1
1972,1972-12-17,DEN,NE,3,45,21,1,18,23,0
1972,1972-12-17,LAC,PIT,0,2,24,1,20,2,0
1972,1972-12-17,LAR,DET,0,17,34,1,16,9,0
1972,1972-12-17,LV,CHI,3,28,21,1,4,19,0
1972,1972-12-17,NO,GB,0,20,30,1,24,6,0
1972,1972-12-17,NYJ,CLE,0,10,26,1,14,7,0
1972,1972-12-17,TEN,CIN,0,17,61,1,26,11,0
1972,1972-12-17,WAS,BUF,0,17,24,1,3,22,1
1973,1973-09-16,CHI,DAL,0,17,20,1,23,4,0
1973,1973-09-16,CLE,IND,3,24,14,1,13,22,0
1973,1973-09-16,DEN,CIN,3,28,10,1,11,7,1
1973,1973-09-16,KC,LAR,0,13,23,1,12,1,0
1973,1973-09-16,MIA,SF,3,21,13,1,2,18,0
1973,1973-09-16,MIN,LV,3,24,16,1,3,8,0
1973,1973-09-16,NE,BUF,0,13,31,1,17,10,0
1973,1973-09-16,NO,ATL,0,7,62,1,19,9,0
1973,1973-09-16,NYG,TEN,3,34,14,1,24,26,0
1973,1973-09-16,PHI,ARI,0,23,34,1,16,20,1
1973,1973-09-16,PIT,DET,3,24,10,1,5,14,0
1973,1973-09-16,WAS,LAC,3,38,0,1,6,25,0
1973,1973-09-17,GB,NYJ,3,23,7,1,15,21,0
1973,1973-09-23,ARI,WAS,3,34,27,1,20,6,1
1973,1973-09-23,CHI,MIN,0,13,22,1,23,3,0
1973,1973-09-23,CIN,TEN,3,24,10,1,7,26,0
1973,1973-09-23,DEN,SF,0,34,36,1,11,18,1
1973,1973-09-23,GB,DET,1,13,13,1,15,14,0
1973,1973-09-23,IND,NYJ,0,10,34,1,22,21,0
1973,1973-09-23,LAC,BUF,3,34,7,1,25,10,1
1973,1973-09-23,LAR,ATL,3,31,0,1,1,9,0
1973,1973-09-23,LV,MIA,3,12,7,1,8,2,1
1973,1973-09-23,NE,KC,0,7,10,1,17,12,0
1973,1973-09-23,NYG,PHI,1,23,23,1,24,16,0
1973,1973-09-23,PIT,CLE,3,33,6,1,5,13,0
1973,1973-09-24,DAL,NO,3,40,3,1,4,19,0
1973,1973-09-30,BUF,NYJ,3,9,7,1,10,21,0
1973,1973-09-30,CLE,NYG,3,12,10,1,13,24,0
1973,1973-09-30,DAL,ARI,3,45,10,1,4,20,0
1973,1973-09-30,DEN,CHI,0,14,33,1,11,23,1
1973,1973-09-30,IND,NO,3,14,10,1,22,19,1
1973,1973-09-30,KC,LV,3,16,3,1,12,8,1
1973,1973-09-30,LAC,CIN,0,13,20,1,25,7,0
1973,1973-09-30,MIA,NE,3,44,23,1,2,17,0
1973,1973-09-30,MIN,GB,3,11,3,1,3,15,0
1973,1973-09-30,PHI,WAS,0,7,28,1,16,6,0
1973,1973-09-30,SF,LAR,0,20,40,1,18,1,0
1973,1973-09-30,TEN,PIT,0,7,36,1,26,5,0
1973,1973-10-01,DET,ATL,3,31,6,1,14,9,1
1973,1973-10-07,ARI,LV,0,10,17,1,20,8,0
1973,1973-10-07,ATL,SF,0,9,13,1,9,18,1
1973,1973-10-07,BUF,PHI,3,27,26,1,10,16,0
1973,1973-10-07,CLE,CIN,3,17,10,1,13,7,1
1973,1973-10-07,DET,MIN,0,9,23,1,14,3,0
1973,1973-10-07,KC,DEN,3,16,14,1,12,11,1
1973,1973-10-07,MIA,NYJ,3,31,3,1,2,21,0
1973,1973-10-07,NE,IND,3,24,16,1,17,22,0
1973,1973-10-07,NO,CHI,3,21,16,1,19,23,0
1973,1973-10-07,NYG,GB,0,14,16,1,24,15,0
1973,1973-10-07,PIT,LAC,3,38,21,1,5,25,0
1973,1973-10-07,TEN,LAR,0,26,31,1,26,1,0
1973,1973-10-08,WAS,DAL,3,14,7,1,6,4,1
1973,1973-10-14,ARI,PHI,0,24,27,1,20,16,0
1973,1973-10-14,ATL,CHI,3,46,6,1,9,23,0
1973,1973-10-14,BUF,IND,3,31,13,1,10,22,0
1973,1973-10-14,CIN,PIT,3,19,7,1,7,5,1
1973,1973-10-14,GB,KC,1,10,10,1,15,12,0
1973,1973-10-14,LAC,LV,0,17,27,1,25,8,0
1973,1973-10-14,LAR,DAL,3,37,31,1,1,4,0
1973,1973-10-14,NE,NYJ,0,7,9,1,17,21,1
1973,1973-10-14,NO,DET,3,20,13,1,19,14,1
1973,1973-10-14,NYG,WAS,0,3,21,1,24,6,0
1973,1973-10-14,SF,MIN,0,13,17,1,18,3,0
1973,1973-10-14,TEN,DEN,0,20,48,1,26,11,0
1973,1973-10-15,CLE,MIA,0,9,17,1,13,2,0
1973,1973-10-21,CHI,NE,0,10,13,1,23,17,0
1973,1973-10-21,CIN,KC,3,14,6,1,7,12,0
1973,1973-10-21,CLE,TEN,3,42,13,1,13,26,0
1973,1973-10-21,DAL,NYG,3,45,28,1,4,24,0
1973,1973-10-21,DET,IND,0,27,29,1,14,22,1
1973,1973-10-21,LAC,ATL,0,0,41,1,25,9,0
1973,1973-10-21,LAR,GB,3,24,7,1,1,15,0
1973,1973-10-21,MIA,BUF,3,27,6,1,2,10,0
1973,1973-10-21,MIN,PHI,3,28,21,1,3,16,0
1973,1973-10-21,PIT,NYJ,3,26,14,1,5,21,0
1973,1973-10-21,SF,NO,3,40,0,1,18,19,0
1973,1973-10-21,WAS,ARI,3,31,13,1,6,20,0
1973,1973-10-22,DEN,LV,1,23,23,1,11,8,0
1973,1973-10-28,ARI,NYG,3,35,27,1,20,24,0
1973,1973-10-28,CHI,TEN,3,35,14,1,23,26,0
1973,1973-10-28,CLE,LAC,1,16,16,1,13,25,0
1973,1973-10-28,DET,GB,3,34,0,1,14,15,0
1973,1973-10-28,IND,LV,0,21,34,1,22,8,0
1973,1973-10-28,MIN,LAR,3,10,9,1,3,1,1
1973,1973-10-28,NE,MIA,0,14,30,1,17,2,0
1973,1973-10-28,NO,WAS,3,19,3,1,19,6,1
1973,1973-10-28,NYJ,DEN,0,28,40,1,21,11,0
1973,1973-10-28,PHI,DAL,3,30,16,1,16,4,1
1973,1973-10-28,PIT,CIN,3,20,13,1,5,7,0
1973,1973-10-28,SF,ATL,0,3,17,1,18,9,0
1973,1973-10-29,BUF,KC,3,23,14,1,10,12,0
1973,1973-11-04,ARI,DEN,1,17,17,1,20,11,0
1973,1973-11-04,ATL,LAR,3,15,13,1,9,1,1
1973,1973-11-04,DAL,CIN,3,38,10,1,4,7,0
1973,1973-11-04,DET,SF,3,30,20,1,14,18,0
1973,1973-11-04,GB,CHI,0,17,31,1,15,23,1
1973,1973-11-04,IND,TEN,0,27,31,1,22,26,1
1973,1973-11-04,LAC,KC,0,0,19,1,25,12,0
1973,1973-11-04,LV,NYG,3,42,0,1,8,24,0
1973,1973-11-04,MIN,CLE,3,26,3,1,3,13,0
1973,1973-11-04,NO,BUF,3,13,0,1,19,10,1
1973,1973-11-04,NYJ,MIA,0,14,24,1,21,2,0
1973,1973-11-04,PHI,NE,3,24,23,1,16,17,0
1973,1973-11-05,PIT,WAS,3,21,16,1,5,6,0
1973,1973-11-11,BUF,CIN,0,13,16,1,10,7,0
1973,1973-11-11,DEN,LAC,3,30,19,1,11,25,0
1973,1973-11-11,GB,ARI,3,25,21,1,15,20,0
1973,1973-11-11,LAR,NO,3,29,7,1,1,19,0
1973,1973-11-11,LV,PIT,0,9,17,1,8,5,0
1973,1973-11-11,MIA,IND,3,44,0,1,2,22,0
1973,1973-11-11,MIN,DET,3,28,7,1,3,14,0
1973,1973-11-11,NYG,DAL,0,10,23,1,24,4,0
1973,1973-11-11,NYJ,NE,3,33,13,1,21,17,1
1973,1973-11-11,PHI,ATL,0,27,44,1,16,9,0
1973,1973-11-11,TEN,CLE,0,13,23,1,26,13,0
1973,1973-11-11,WAS,SF,3,33,9,1,6,18,0
1973,1973-11-12,KC,CHI,3,19,7,1,12,23,0
1973,1973-11-18,BUF,MIA,0,0,17,1,10,2,0
1973,1973-11-18,CHI,DET,0,7,30,1,23,14,0
1973,1973-11-18,CIN,NYJ,3,20,14,1,7,21,0
1973,1973-11-18,DAL,PHI,3,31,10,1,4,16,0
1973,1973-11-18,KC,TEN,3,38,14,1,12,26,0
1973,1973-11-18,LAC,NO,3,17,14,1,25,19,1
1973,1973-11-18,LAR,SF,3,31,13,1,1,18,0
1973,1973-11-18,LV,CLE,0,3,7,1,8,13,1
1973,1973-11-18,NE,GB,3,33,24,1,17,15,1
1973,1973-11-18,NYG,ARI,3,24,13,1,24,20,1
1973,1973-11-18,PIT,DEN,0,13,23,1,5,11,1
1973,1973-11-18,WAS,IND,3,22,14,1,6,22,0
1973,1973-11-19,ATL,MIN,3,20,14,1,9,3,1
1973,1973-11-22,DAL,MIA,0,7,14,1,4,2,0
1973,1973-11-22,DET,WAS,0,0,20,1,14,6,0
1973,1973-11-25,CIN,ARI,3,42,24,1,7,20,0
1973,1973-11-25,CLE,PIT,3,21,16,1,13,5,1
1973,1973-11-25,DEN,KC,3,14,10,1,11,12,0
1973,1973-11-25,IND,BUF,0,17,24,1,22,10,0
1973,1973-11-25,LV,LAC,3,31,3,1,8,25,0
1973,1973-11-25,MIN,CHI,3,31,13,1,3,23,0
1973,1973-11-25,NO,LAR,0,13,24,1,19,1,0
1973,1973-11-25,NYJ,ATL,0,20,28,1,21,9,0
1973,1973-11-25,PHI,NYG,3,20,16,1,16,24,0
1973,1973-11-25,TEN,NE,0,0,32,1,26,17,0
1973,1973-11-26,SF,GB,3,20,6,1,18,15,1
1973,1973-12-02,ARI,DET,0,16,20,1,20,14,0
1973,1973-12-02,ATL,BUF,0,6,17,1,9,10,1
1973,1973-12-02,CHI,LAR,0,0,26,1,23,1,0
1973,1973-12-02,CIN,MIN,3,27,0,1,7,3,1
1973,1973-12-02,DEN,DAL,0,10,22,1,11,4,0
1973,1973-12-02,GB,NO,3,30,10,1,15,19,0
1973,1973-12-02,KC,CLE,1,20,20,1,12,13,0
1973,1973-12-02,NE,LAC,3,30,14,1,17,25,0
1973,1973-12-02,NYJ,IND,3,20,17,1,21,22,0
1973,1973-12-02,SF,PHI,3,38,28,1,18,16,1
1973,1973-12-02,TEN,LV,0,6,17,1,26,8,0
1973,1973-12-02,WAS,NYG,3,27,24,1,6,24,0
1973,1973-12-03,MIA,PIT,3,30,26,1,2,5,0
1973,1973-12-08,GB,MIN,0,7,31,1,15,3,0
1973,1973-12-08,LV,KC,3,37,7,1,8,12,0
1973,1973-12-09,ATL,ARI,0,10,32,1,9,20,1
1973,1973-12-09,BUF,NE,3,37,13,1,10,17,0
1973,1973-12-09,CIN,CLE,3,34,17,1,7,13,0
1973,1973-12-09,DAL,WAS,3,27,7,1,4,6,0
1973,1973-12-09,DET,CHI,3,40,7,1,14,23,0
1973,1973-12-09,IND,MIA,3,16,3,1,22,2,1
1973,1973-12-09,LAC,DEN,0,28,42,1,25,11,0
1973,1973-12-09,NO,SF,3,16,10,1,19,18,1
1973,1973-12-09,PHI,NYJ,3,24,23,1,16,21,0
1973,1973-12-09,PIT,TEN,3,33,7,1,5,26,0
1973,1973-12-10,LAR,NYG,3,40,6,1,1,24,0
1973,1973-12-15,MIA,DET,3,34,7,1,2,14,0
1973,1973-12-15,SF,PIT,0,14,37,1,18,5,0
1973,1973-12-16,ARI,DAL,0,3,30,1,20,4,0
1973,1973-12-16,ATL,NO,3,14,10,1,9,19,0
1973,1973-12-16,CHI,GB,0,0,21,1,23,15,0
1973,1973-12-16,IND,NE,3,18,13,1,22,17,1
1973,1973-12-16,KC,LAC,3,33,6,1,12,25,0
1973,1973-12-16,LAR,CLE,3,30,17,1,1,13,0
1973,1973-12-16,LV,DEN,3,21,17,1,8,11,0
1973,1973-12-16,NYG,MIN,0,7,31,1,24,3,0
1973,1973-12-16,NYJ,BUF,0,14,34,1,21,10,0
1973,1973-12-16,TEN,CIN,0,24,27,1,26,7,0
1973,1973-12-16,WAS,PHI,3,38,20,1,6,16,0
1974,1974-09-15,ARI,PHI,3,7,3,1,7,12,0
1974,1974-09-15,ATL,DAL,0,0,24,1,24,9,0
1974,1974-09-15,CHI,DET,3,17,9,1,23,14,1
1974,1974-09-15,CIN,CLE,3,33,7,1,13,22,0
1974,1974-09-15,DEN,LAR,0,10,17,1,10,6,0
1974,1974-09-15,GB,MIN,0,17,32,1,17,5,0
1974,1974-09-15,KC,NYJ,3,24,16,1,19,15,1
1974,1974-09-15,NE,MIA,3,34,24,1,11,2,1
1974,1974-09-15,NO,SF,0,13,17,1,21,18,0
1974,1974-09-15,NYG,WAS,0,10,13,1,25,4,0
1974,1974-09-15,PIT,IND,3,30,0,1,3,26,0
1974,1974-09-15,TEN,LAC,3,21,14,1,16,20,0
1974,1974-09-16,BUF,LV,3,21,20,1,8,1,1
1974,1974-09-22,ATL,SF,0,10,16,1,24,18,0
1974,1974-09-22,BUF,MIA,0,16,24,1,8,2,0
1974,1974-09-22,CHI,NYJ,0,21,23,1,23,15,0
1974,1974-09-22,CIN,LAC,0,17,20,1,13,20,1
1974,1974-09-22,CLE,TEN,3,20,7,1,22,16,1
1974,1974-09-22,DEN,PIT,1,35,35,1,10,3,0
1974,1974-09-22,DET,MIN,0,6,7,1,14,5,0
1974,1974-09-22,IND,GB,0,13,20,1,26,17,0
1974,1974-09-22,LAR,NO,3,24,0,1,6,21,0
1974,1974-09-22,LV,KC,3,27,7,1,1,19,0
1974,1974-09-22,NYG,NE,0,20,28,1,25,11,0
1974,1974-09-22,WAS,ARI,0,10,17,1,4,7,1
1974,1974-09-23,PHI,DAL,3,13,10,1,12,9,1
1974,1974-09-29,ARI,CLE,3,29,7,1,7,22,0
1974,1974-09-29,BUF,NYJ,3,16,12,1,8,15,0
1974,1974-09-29,DAL,NYG,0,6,14,1,9,25,1
1974,1974-09-29,GB,DET,3,21,19,1,17,14,1
1974,1974-09-29,LAC,MIA,0,21,28,1,20,2,0
1974,1974-09-29,MIN,CHI,3,11,7,1,5,23,0
1974,1974-09-29,NE,LAR,3,20,14,1,11,6,1
1974,1974-09-29,NO,ATL,3,14,13,1,21,24,0
1974,1974-09-29,PHI,IND,3,30,10,1,12,26,0
1974,1974-09-29,PIT,LV,0,0,17,1,3,1,0
1974,1974-09-29,SF,CIN,0,3,21,1,18,13,0
1974,1974-09-29,TEN,KC,0,7,17,1,16,19,1
1974,1974-09-30,WAS,DEN,3,30,3,1,4,10,0
1974,1974-10-06,CHI,NO,3,24,10,1,23,21,1
1974,1974-10-06,CIN,WAS,3,28,17,1,13,4,1
1974,1974-10-06,CLE,LV,0,24,40,1,22,1,0
1974,1974-10-06,DAL,MIN,0,21,23,1,9,5,0
1974,1974-10-06,GB,BUF,0,7,27,1,17,8,0
1974,1974-10-06,KC,DEN,0,14,17,1,19,10,0
1974,1974-10-06,LAC,PHI,0,7,13,1,20,12,0
1974,1974-10-06,LAR,DET,3,16,13,1,6,14,0
1974,1974-10-06,NE,IND,3,42,3,1,11,26,0
1974,1974-10-06,NYG,ATL,0,7,14,1,25,24,0
1974,1974-10-06,SF,ARI,0,9,34,1,18,7,0
1974,1974-10-06,TEN,PIT,0,7,13,1,16,3,0
1974,1974-10-07,MIA,NYJ,3,21,17,1,2,15,0
1974,1974-10-13,ARI,DAL,3,31,28,1,7,9,0
1974,1974-10-13,ATL,CHI,3,13,10,1,24,23,1
1974,1974-10-13,CLE,CIN,0,24,34,1,22,13,0
1974,1974-10-13,DEN,NO,3,33,17,1,10,21,0
1974,1974-10-13,GB,LAR,3,17,6,1,17,6,1
1974,1974-10-13,IND,BUF,0,14,27,1,26,8,0
1974,1974-10-13,KC,PIT,0,24,34,1,19,3,0
1974,1974-10-13,LAC,LV,0,10,14,1,20,1,0
1974,1974-10-13,MIN,TEN,3,51,10,1,5,16,0
1974,1974-10-13,NYJ,NE,0,0,24,1,15,11,0
1974,1974-10-13,PHI,NYG,3,35,7,1,12,25,0
1974,1974-10-13,WAS,MIA,3,20,17,1,4,2,1
1974,1974-10-14,DET,SF,3,17,13,1,14,18,0
1974,1974-10-20,ATL,NO,0,3,13,1,24,21,0
1974,1974-10-20,BUF,NE,3,30,28,1,8,11,0
1974,1974-10-20,DAL,PHI,3,31,24,1,9,12,0
1974,1974-10-20,DEN,LAC,3,27,7,1,10,20,0
1974,1974-10-20,LAR,SF,3,37,14,1,6,18,0
1974,1974-10-20,LV,CIN,3,30,27,1,1,13,0
1974,1974-10-20,MIA,KC,3,9,3,1,2,19,0
1974,1974-10-20,MIN,DET,0,16,20,1,5,14,1
1974,1974-10-20,NYJ,IND,0,20,35,1,15,26,1
1974,1974-10-20,PIT,CLE,3,20,16,1,3,22,0
1974,1974-10-20,TEN,ARI,0,27,31,1,16,7,0
1974,1974-10-20,WAS,NYG,3,24,3,1,4,25,0
1974,1974-10-21,CHI,GB,3,10,9,1,23,17,1
1974,1974-10-27,ARI,WAS,3,23,20,1,7,4,1
1974,1974-10-27,BUF,CHI,3,16,6,1,8,23,0
1974,1974-10-27,CIN,TEN,0,21,34,1,13,16,1
1974,1974-10-27,CLE,DEN,3,23,21,1,22,10,1
1974,1974-10-27,DET,GB,3,19,17,1,14,17,0
1974,1974-10-27,LAC,KC,0,14,24,1,20,19,0
1974,1974-10-27,MIA,IND,3,17,7,1,2,26,0
1974,1974-10-27,MIN,NE,0,14,17,1,5,11,1
1974,1974-10-27,NO,PHI,3,14,10,1,21,12,1
1974,1974-10-27,NYG,DAL,0,7,21,1,25,9,0
1974,1974-10-27,NYJ,LAR,0,13,20,1,15,6,0
1974,1974-10-27,SF,LV,0,24,35,1,18,1,0
1974,1974-10-28,PIT,ATL,3,24,17,1,3,24,0
1974,1974-11-03,CHI,MIN,0,0,17,1,23,5,0
1974,1974-11-03,DAL,ARI,3,17,14,1,9,7,1
1974,1974-11-03,DEN,LV,0,17,28,1,10,1,0
1974,1974-11-03,DET,NO,3,19,14,1,14,21,0
1974,1974-11-03,GB,WAS,0,6,17,1,17,4,0
1974,1974-11-03,IND,CIN,0,14,24,1,26,13,0
1974,1974-11-03,KC,NYG,0,27,33,1,19,25,1
1974,1974-11-03,LAC,CLE,3,36,35,1,20,22,0
1974,1974-11-03,MIA,ATL,3,42,7,1,2,24,0
1974,1974-11-03,NE,BUF,0,28,29,1,11,8,0
1974,1974-11-03,NYJ,TEN,0,22,27,1,15,16,1
1974,1974-11-03,PIT,PHI,3,27,0,1,3,12,0
1974,1974-11-04,SF,LAR,0,13,15,1,18,6,0
1974,1974-11-10,BUF,TEN,0,9,21,1,8,16,1
1974,1974-11-10,CIN,PIT,3,17,10,1,13,3,1
1974,1974-11-10,DAL,SF,3,20,14,1,9,18,0
1974,1974-11-10,GB,CHI,3,20,3,1,17,23,0
1974,1974-11-10,IND,DEN,0,6,17,1,26,10,0
1974,1974-11-10,KC,LAC,0,7,14,1,19,20,1
1974,1974-11-10,LAR,ATL,3,21,0,1,6,24,0
1974,1974-11-10,LV,DET,3,35,13,1,1,14,0
1974,1974-11-10,NE,CLE,0,14,21,1,11,22,1
1974,1974-11-10,NO,MIA,0,0,21,1,21,2,0
1974,1974-11-10,NYG,NYJ,0,20,26,1,25,15,0
1974,1974-11-10,PHI,WAS,0,20,27,1,12,4,0
1974,1974-11-11,ARI,MIN,0,24,28,1,7,5,0
1974,1974-11-17,ATL,IND,0,7,17,1,24,26,1
1974,1974-11-17,CHI,SF,0,0,34,1,23,18,0
1974,1974-11-17,CLE,PIT,0,16,26,1,22,3,0
1974,1974-11-17,DET,NYG,3,20,19,1,14,25,0
1974,1974-11-17,LV,LAC,3,17,10,1,1,20,0
1974,1974-11-17,MIA,BUF,3,35,28,1,2,8,0
1974,1974-11-17,MIN,GB,0,7,19,1,5,17,1
1974,1974-11-17,NE,NYJ,0,16,21,1,11,15,1
1974,1974-11-17,NO,LAR,3,20,7,1,21,6,1
1974,1974-11-17,PHI,ARI,0,3,13,1,12,7,0
1974,1974-11-17,TEN,CIN,3,20,3,1,16,13,1
1974,1974-11-17,WAS,DAL,3,28,21,1,4,9,0
1974,1974-11-18,DEN,KC,0,34,42,1,10,19,1
1974,1974-11-24,CIN,KC,3,33,6,1,13,19,0
1974,1974-11-24,CLE,BUF,0,10,15,1,22,8,0
1974,1974-11-24,DET,CHI,3,34,17,1,14,23,0
1974,1974-11-24,GB,LAC,3,34,0,1,17,20,0
1974,1974-11-24,IND,NE,0,17,27,1,26,11,0
1974,1974-11-24,LAR,MIN,3,20,17,1,6,5,1
1974,1974-11-24,LV,DEN,0,17,20,1,1,10,1
1974,1974-11-24,NYG,ARI,0,21,23,1,25,7,0
1974,1974-11-24,NYJ,MIA,3,17,14,1,15,2,1
1974,1974-11-24,SF,ATL,3,27,0,1,18,24,0
1974,1974-11-24,TEN,DAL,0,0,10,1,16,9,0
1974,1974-11-24,WAS,PHI,3,26,7,1,4,12,0
1974,1974-11-25,NO,PIT,0,7,28,1,21,3,0
1974,1974-11-28,DAL,WAS,3,24,23,1,9,4,1
1974,1974-11-28,DET,DEN,0,27,31,1,14,10,0
1974,1974-12-01,ARI,KC,0,13,17,1,7,19,1
1974,1974-12-01,ATL,LAR,0,7,30,1,24,6,0
1974,1974-12-01,BUF,IND,3,6,0,1,8,26,0
1974,1974-12-01,CHI,NYG,3,16,13,1,23,25,0
1974,1974-12-01,CLE,SF,3,7,0,1,22,18,1
1974,1974-12-01,LV,NE,3,41,26,1,1,11,0
1974,1974-12-01,MIN,NO,3,29,9,1,5,21,0
1974,1974-12-01,NYJ,LAC,3,27,14,1,15,20,0
1974,1974-12-01,PHI,GB,3,36,14,1,12,17,0
1974,1974-12-01,PIT,TEN,0,10,13,1,3,16,1
1974,1974-12-02,MIA,CIN,3,24,3,1,2,13,0
1974,1974-12-07,DAL,CLE,3,41,17,1,9,22,0
1974,1974-12-07,MIN,ATL,3,23,10,1,5,24,0
1974,1974-12-08,CIN,DET,0,19,23,1,13,14,1
1974,1974-12-08,DEN,TEN,3,37,14,1,10,16,0
1974,1974-12-08,IND,MIA,0,16,17,1,26,2,0
1974,1974-12-08,KC,LV,0,6,7,1,19,1,0
1974,1974-12-08,LAC,CHI,3,28,21,1,20,23,0
1974,1974-12-08,NE,PIT,0,17,21,1,11,3,0
1974,1974-12-08,NO,ARI,3,14,0,1,21,7,1
1974,1974-12-08,NYG,PHI,0,7,20,1,25,12,0
1974,1974-12-08,NYJ,BUF,3,20,10,1,15,8,1
1974,1974-12-08,SF,GB,3,7,6,1,18,17,1
1974,1974-12-09,LAR,WAS,0,17,23,1,6,4,0
1974,1974-12-14,KC,MIN,0,15,35,1,19,5,0
1974,1974-12-14,LV,DAL,3,27,23,1,1,9,0
1974,1974-12-14,PIT,CIN,3,27,3,1,3,13,0
1974,1974-12-15,ARI,NYG,3,26,14,1,7,25,0
1974,1974-12-15,ATL,GB,3,10,3,1,24,17,1
1974,1974-12-15,IND,NYJ,0,38,45,1,26,15,0
1974,1974-12-15,LAC,DEN,3,17,0,1,20,10,1
1974,1974-12-15,LAR,BUF,3,19,14,1,6,8,0
1974,1974-12-15,MIA,NE,3,34,27,1,2,11,0
1974,1974-12-15,PHI,DET,3,28,17,1,12,14,0
1974,1974-12-15,SF,NO,3,35,21,1,18,21,0
1974,1974-12-15,TEN,CLE,3,28,24,1,16,22,0
1974,1974-12-15,WAS,CHI,3,42,0,1,4,23,0
1975,1975-09-21,ARI,ATL,3,23,20,1,6,18,0
1975,1975-09-21,BUF,NYJ,3,42,14,1,11,24,0
1975,1975-09-21,CHI,IND,0,7,35,1,21,8,0
1975,1975-09-21,CIN,CLE,3,24,17,1,5,23,0
1975,1975-09-21,DAL,LAR,3,18,7,1,9,3,1
1975,1975-09-21,DEN,KC,3,37,33,1,14,16,0
1975,1975-09-21,GB,DET,0,16,30,1,19,13,0
1975,1975-09-21,LAC,PIT,0,0,37,1,25,1,0
1975,1975-09-21,MIN,SF,3,27,17,1,2,15,0
1975,1975-09-21,NE,TEN,0,0,7,1,22,10,0
1975,1975-09-21,PHI,NYG,0,14,23,1,20,17,0
1975,1975-09-21,WAS,NO,3,41,3,1,12,26,0
1975,1975-09-22,MIA,LV,0,21,31,1,7,4,0
1975,1975-09-28,ATL,DET,0,14,17,1,18,13,0
1975,1975-09-28,CHI,PHI,3,15,13,1,21,20,1
1975,1975-09-28,CLE,MIN,0,10,42,1,23,2,0
1975,1975-09-28,DAL,ARI,3,37,31,1,9,6,1
1975,1975-09-28,IND,LV,0,20,31,1,8,4,0
1975,1975-09-28,KC,NYJ,0,24,30,1,16,24,1
1975,1975-09-28,NE,MIA,0,14,22,1,22,7,0
1975,1975-09-28,NO,CIN,0,0,21,1,26,5,0
1975,1975-09-28,PIT,BUF,0,21,30,1,1,11,1
1975,1975-09-28,SF,LAR,0,14,23,1,15,3,0
1975,1975-09-28,TEN,LAC,3,33,17,1,10,25,0
1975,1975-09-28,WAS,NYG,3,49,13,1,12,17,0
1975,1975-09-29,DEN,GB,3,23,13,1,14,19,0
1975,1975-10-05,ARI,NYG,3,26,14,1,6,17,0
1975,1975-10-05,ATL,NO,3,14,7,1,18,26,0
1975,1975-10-05,BUF,DEN,3,38,14,1,11,14,0
1975,1975-10-05,CLE,PIT,0,6,42,1,23,1,0
1975,1975-10-05,GB,MIA,0,7,31,1,19,7,0
1975,1975-10-05,KC,SF,0,3,20,1,16,15,0
1975,1975-10-05,LAC,LV,0,0,6,1,25,4,0
1975,1975-10-05,LAR,IND,3,24,13,1,3,8,0
1975,1975-10-05,MIN,CHI,3,28,3,1,2,21,0
1975,1975-10-05,NYJ,NE,3,36,7,1,24,22,1
1975,1975-10-05,PHI,WAS,3,26,10,1,20,12,1
1975,1975-10-05,TEN,CIN,0,19,21,1,10,5,0
1975,1975-10-06,DET,DAL,0,10,36,1,13,9,0
1975,1975-10-12,CIN,NE,3,27,10,1,5,22,0
1975,1975-10-12,CLE,TEN,0,10,40,1,23,10,0
1975,1975-10-12,DET,CHI,3,27,7,1,13,21,0
1975,1975-10-12,IND,BUF,0,31,38,1,8,11,1
1975,1975-10-12,KC,LV,3,42,10,1,16,4,1
1975,1975-10-12,LAC,LAR,0,10,13,1,25,3,0
1975,1975-10-12,MIA,PHI,3,24,16,1,7,20,0
1975,1975-10-12,MIN,NYJ,3,29,21,1,2,24,0
1975,1975-10-12,NO,GB,3,20,19,1,26,19,1
1975,1975-10-12,NYG,DAL,0,7,13,1,17,9,0
1975,1975-10-12,PIT,DEN,3,20,9,1,1,14,0
1975,1975-10-12,SF,ATL,0,3,17,1,15,18,1
1975,1975-10-13,WAS,ARI,3,27,17,1,12,6,1
1975,1975-10-19,ARI,PHI,3,31,20,1,6,20,0
1975,1975-10-19,CIN,LV,3,14,10,1,5,4,1
1975,1975-10-19,DAL,GB,0,17,19,1,9,19,1
1975,1975-10-19,DEN,CLE,3,16,15,1,14,23,0
1975,1975-10-19,LAC,KC,0,10,12,1,25,16,0
1975,1975-10-19,LAR,ATL,3,22,7,1,3,18,0
1975,1975-10-19,MIN,DET,3,25,19,1,2,13,0
1975,1975-10-19,NE,IND,3,21,10,1,22,8,1
1975,1975-10-19,NYJ,MIA,0,0,43,1,24,7,0
1975,1975-10-19,PIT,CHI,3,34,3,1,1,21,0
1975,1975-10-19,SF,NO,3,35,21,1,15,26,0
1975,1975-10-19,TEN,WAS,3,13,10,1,10,12,0
1975,1975-10-20,BUF,NYG,0,14,17,1,11,17,1
1975,1975-10-25,NYG,ARI,0,13,20,1,17,6,0
1975,1975-10-26,ATL,CIN,0,14,21,1,18,5,0
1975,1975-10-26,BUF,MIA,0,30,35,1,11,7,0
1975,1975-10-26,CLE,WAS,0,7,23,1,23,12,0
1975,1975-10-26,GB,PIT,0,13,16,1,19,1,0
1975,1975-10-26,KC,DEN,3,26,13,1,16,14,1
1975,1975-10-26,LAR,NO,3,38,14,1,3,26,0
1975,1975-10-26,LV,LAC,3,25,0,1,4,25,0
1975,1975-10-26,NE,SF,3,24,16,1,22,15,1
1975,1975-10-26,NYJ,IND,0,28,45,1,24,8,0
1975,1975-10-26,PHI,DAL,0,17,20,1,20,9,0
1975,1975-10-26,TEN,DET,3,24,8,1,10,13,0
1975,1975-10-27,CHI,MIN,0,9,13,1,21,2,0
1975,1975-11-01,NYG,LAC,3,35,24,1,17,25,0
1975,1975-11-02,ARI,NE,3,24,17,1,6,22,0
1975,1975-11-02,CHI,MIA,0,13,46,1,21,7,0
1975,1975-11-02,CIN,PIT,0,24,30,1,5,1,0
1975,1975-11-02,DEN,LV,0,17,42,1,14,4,0
1975,1975-11-02,GB,MIN,0,17,28,1,19,2,0
1975,1975-11-02,IND,CLE,3,21,7,1,8,23,0
1975,1975-11-02,KC,TEN,0,13,17,1,16,10,0
1975,1975-11-02,NO,ATL,3,23,7,1,26,18,1
1975,1975-11-02,NYJ,BUF,0,23,24,1,24,11,0
1975,1975-11-02,SF,DET,0,17,28,1,15,13,0
1975,1975-11-02,WAS,DAL,3,30,24,1,12,9,1
1975,1975-11-03,PHI,LAR,0,3,42,1,20,3,0
1975,1975-11-09,BUF,IND,0,35,42,1,11,8,0
1975,1975-11-09,CHI,GB,3,27,14,1,21,19,1
1975,1975-11-09,DEN,CIN,0,16,17,1,14,5,0
1975,1975-11-09,DET,CLE,3,21,10,1,13,23,0
1975,1975-11-09,LAC,NE,0,19,33,1,25,22,0
1975,1975-11-09,LAR,SF,0,23,24,1,3,15,1
1975,1975-11-09,LV,NO,3,48,10,1,4,26,0
1975,1975-11-09,MIA,NYJ,3,27,7,1,7,24,0
1975,1975-11-09,MIN,ATL,3,38,0,1,2,18,0
1975,1975-11-09,NYG,WAS,0,13,21,1,17,12,0
1975,1975-11-09,PHI,ARI,0,23,24,1,20,6,0
1975,1975-11-09,PIT,TEN,3,24,17,1,1,10,0
1975,1975-11-10,DAL,KC,0,31,34,1,9,16,1
1975,1975-11-16,ARI,WAS,3,20,17,1,6,12,0
1975,1975-11-16,ATL,LAR,0,7,16,1,18,3,0
1975,1975-11-16,DET,GB,3,13,10,1,13,19,0
1975,1975-11-16,IND,NYJ,3,52,19,1,8,24,0
1975,1975-11-16,LAC,DEN,0,17,27,1,25,14,0
1975,1975-11-16,LV,CLE,3,38,17,1,4,23,0
1975,1975-11-16,NE,DAL,0,31,34,1,22,9,0
1975,1975-11-16,NO,MIN,0,7,20,1,26,2,0
1975,1975-11-16,NYG,PHI,0,10,13,1,17,20,1
1975,1975-11-16,PIT,KC,3,28,3,1,1,16,0
1975,1975-11-16,SF,CHI,3,31,3,1,15,21,0
1975,1975-11-16,TEN,MIA,3,20,19,1,10,7,1
1975,1975-11-17,CIN,BUF,3,33,24,1,5,11,0
1975,1975-11-23,ATL,DEN,3,35,21,1,18,14,1
1975,1975-11-23,BUF,NE,3,45,31,1,11,22,0
1975,1975-11-23,CLE,CIN,3,35,23,1,23,5,1
1975,1975-11-23,DAL,PHI,3,27,17,1,9,20,0
1975,1975-11-23,GB,NYG,3,40,14,1,19,17,1
1975,1975-11-23,KC,DET,3,24,21,1,16,13,1
1975,1975-11-23,LAR,CHI,3,38,10,1,3,21,0
1975,1975-11-23,MIA,IND,0,17,33,1,7,8,1
1975,1975-11-23,MIN,LAC,3,28,13,1,2,25,0
1975,1975-11-23,NO,SF,0,6,16,1,26,15,0
1975,1975-11-23,NYJ,ARI,0,6,37,1,24,6,0
1975,1975-11-23,WAS,LV,0,23,26,1,12,4,0
1975,1975-11-24,TEN,PIT,0,9,32,1,10,1,0
1975,1975-11-27,ARI,BUF,0,14,32,1,6,11,1
1975,1975-11-27,DET,LAR,0,0,20,1,13,3,0
1975,1975-11-30,CIN,TEN,3,23,19,1,5,10,0
1975,1975-11-30,CLE,NO,3,17,16,1,23,26,0
1975,1975-11-30,DAL,NYG,3,14,3,1,9,17,0
1975,1975-11-30,DEN,LAC,3,13,10,1,14,25,0
1975,1975-11-30,GB,CHI,3,28,7,1,19,21,0
1975,1975-11-30,IND,KC,3,28,14,1,8,16,0
1975,1975-11-30,LV,ATL,3,37,34,1,4,18,0
1975,1975-11-30,NYJ,PIT,0,7,20,1,24,1,0
1975,1975-11-30,PHI,SF,3,27,17,1,20,15,1
1975,1975-11-30,WAS,MIN,3,31,30,1,12,2,1
1975,1975-12-01,MIA,NE,3,20,7,1,7,22,0
1975,1975-12-07,ARI,DAL,3,31,17,1,6,9,0
1975,1975-12-07,ATL,WAS,0,27,30,1,18,12,0
1975,1975-12-07,CHI,DET,3,25,21,1,21,13,1
1975,1975-12-07,KC,LAC,0,20,28,1,16,25,1
1975,1975-12-07,MIA,BUF,3,31,21,1,7,11,0
1975,1975-12-07,MIN,GB,3,24,3,1,2,19,0
1975,1975-12-07,NE,NYJ,0,28,30,1,22,24,1
1975,1975-12-07,NO,LAR,0,7,14,1,26,3,0
1975,1975-12-07,NYG,IND,0,0,21,1,17,8,0
1975,1975-12-07,PHI,CIN,0,0,31,1,20,5,0
1975,1975-12-07,PIT,CLE,3,31,17,1,1,23,0
1975,1975-12-07,SF,TEN,0,13,27,1,15,10,0
1975,1975-12-08,LV,DEN,3,17,10,1,4,14,0
1975,1975-12-13,DAL,WAS,3,31,10,1,9,12,0
1975,1975-12-13,PIT,CIN,3,35,14,1,1,5,0
1975,1975-12-14,ATL,SF,3,31,9,1,18,15,1
1975,1975-12-14,CHI,ARI,0,20,34,1,21,6,0
1975,1975-12-14,CLE,KC,3,40,14,1,23,16,1
1975,1975-12-14,DEN,PHI,3,25,10,1,14,20,0
1975,1975-12-14,DET,MIN,3,17,10,1,13,2,1
1975,1975-12-14,IND,MIA,3,10,7,1,8,7,1
1975,1975-12-14,LAR,GB,3,22,5,1,3,19,0
1975,1975-12-14,LV,TEN,0,26,27,1,4,10,1
1975,1975-12-14,NE,BUF,0,14,34,1,22,11,0
1975,1975-12-14,NYG,NO,3,28,14,1,17,26,0
1975,1975-12-15,LAC,NYJ,3,24,16,1,25,24,1
1975,1975-12-20,BUF,MIN,0,13,35,1,11,2,0
1975,1975-12-20,LAR,PIT,3,10,3,1,3,1,1
1975,1975-12-20,MIA,DEN,3,14,13,1,7,14,0
1975,1975-12-21,CIN,LAC,3,47,17,1,5,25,0
1975,1975-12-21,DET,ARI,0,13,24,1,13,6,0
1975,1975-12-21,GB,ATL,3,22,13,1,19,18,1
1975,1975-12-21,IND,NE,3,34,21,1,8,22,0
1975,1975-12-21,LV,KC,3,28,20,1,4,16,0
1975,1975-12-21,NO,CHI,0,17,42,1,26,21,0
1975,1975-12-21,NYJ,DAL,0,21,31,1,24,9,0
1975,1975-12-21,SF,NYG,0,23,26,1,15,17,1
1975,1975-12-21,TEN,CLE,3,21,10,1,10,23,0
1975,1975-12-21,WAS,PHI,0,3,26,1,12,20,1
1976,1976-09-12,ATL,LAR,0,14,30,1,23,6,0
1976,1976-09-12,CHI,DET,3,10,3,1,14,15,0
1976,1976-09-12,CIN,DEN,3,17,7,1,8,11,0
1976,1976-09-12,CLE,NYJ,3,38,17,1,12,25,0
1976,1976-09-12,DAL,PHI,3,27,7,1,5,22,0
1976,1976-09-12,GB,SF,0,14,26,1,19,13,0
1976,1976-09-12,KC,LAC,0,16,30,1,20,17,0
1976,1976-09-12,LV,PIT,3,31,28,1,1,7,0
1976,1976-09-12,NE,IND,0,13,27,1,4,3,0
1976,1976-09-12,NO,MIN,0,9,40,1,21,2,0
1976,1976-09-12,SEA,ARI,0,24,30,1,27,10,0
1976,1976-09-12,TEN,TB,3,20,0,1,18,28,0
1976,1976-09-12,WAS,NYG,3,19,17,1,9,24,0
1976,1976-09-13,BUF,MIA,0,21,30,1,26,16,0
1976,1976-09-19,ARI,GB,3,29,0,1,10,19,0
1976,1976-09-19,BUF,TEN,0,3,13,1,26,18,0
1976,1976-09-19,DEN,NYJ,3,46,3,1,11,25,0
1976,1976-09-19,DET,ATL,3,24,10,1,15,23,0
1976,1976-09-19,IND,CIN,3,28,27,1,3,8,0
1976,1976-09-19,MIN,LAR,1,10,10,1,2,6,0
1976,1976-09-19,NE,MIA,3,30,14,1,4,16,0
1976,1976-09-19,NO,DAL,0,6,24,1,21,5,0
1976,1976-09-19,PHI,NYG,3,20,7,1,22,24,0
1976,1976-09-19,PIT,CLE,3,31,14,1,7,12,0
1976,1976-09-19,SF,CHI,0,12,19,1,13,14,1
1976,1976-09-19,TB,LAC,0,0,23,1,28,17,0
1976,1976-09-19,WAS,SEA,3,31,7,1,9,27,0
1976,1976-09-20,KC,LV,0,21,24,1,20,1,0
1976,1976-09-26,CHI,ATL,0,0,10,1,14,23,1
1976,1976-09-26,CIN,GB,3,28,7,1,8,19,0
1976,1976-09-26,DAL,IND,3,30,27,1,5,3,1
1976,1976-09-26,DEN,CLE,3,44,13,1,11,12,0
1976,1976-09-26,DET,MIN,0,9,10,1,15,2,0
1976,1976-09-26,KC,NO,0,17,27,1,20,21,1
1976,1976-09-26,LAC,ARI,3,43,24,1,17,10,1
1976,1976-09-26,LAR,NYG,3,24,10,1,6,24,0
1976,1976-09-26,MIA,NYJ,3,16,0,1,16,25,0
1976,1976-09-26,PIT,NE,0,27,30,1,7,4,0
1976,1976-09-26,SEA,SF,0,21,37,1,27,13,0
1976,1976-09-26,TB,BUF,0,9,14,1,28,26,0
1976,1976-09-26,TEN,LV,0,13,14,1,18,1,0
1976,1976-09-27,PHI,WAS,0,17,20,1,22,9,0
1976,1976-10-03,ARI,NYG,3,27,21,1,10,24,0
1976,1976-10-03,ATL,PHI,0,13,14,1,23,22,0
1976,1976-10-03,BUF,KC,3,50,17,1,26,20,1
1976,1976-10-03,CHI,WAS,3,33,7,1,14,9,1
1976,1976-10-03,CLE,CIN,0,24,45,1,12,8,0
1976,1976-10-03,DEN,LAC,3,26,0,1,11,17,0
1976,1976-10-03,GB,DET,3,24,14,1,19,15,1
1976,1976-10-03,IND,TB,3,42,17,1,3,28,0
1976,1976-10-03,MIA,LAR,0,28,31,1,16,6,0
1976,1976-10-03,NE,LV,3,48,17,1,4,1,1
1976,1976-10-03,NO,TEN,0,26,31,1,21,18,0
1976,1976-10-03,SEA,DAL,0,13,28,1,27,5,0
1976,1976-10-03,SF,NYJ,3,17,6,1,13,25,0
1976,1976-10-04,MIN,PIT,3,17,6,1,2,7,0
1976,1976-10-10,ARI,PHI,3,33,14,1,10,22,0
1976,1976-10-10,CIN,TB,3,21,0,1,8,28,0
1976,1976-10-10,CLE,PIT,3,18,16,1,12,7,1
1976,1976-10-10,DET,NE,3,30,10,1,15,4,1
1976,1976-10-10,GB,SEA,3,27,20,1,19,27,0
1976,1976-10-10,IND,MIA,3,28,14,1,3,16,0
1976,1976-10-10,LAC,LV,0,17,27,1,17,1,0
1976,1976-10-10,MIN,CHI,3,20,19,1,2,14,0
1976,1976-10-10,NO,ATL,3,30,0,1,21,23,0
1976,1976-10-10,NYG,DAL,0,14,24,1,24,5,0
1976,1976-10-10,NYJ,BUF,3,17,14,1,25,26,0
1976,1976-10-10,TEN,DEN,3,17,3,1,18,11,1
1976,1976-10-10,WAS,KC,0,30,33,1,9,20,1
1976,1976-10-11,LAR,SF,0,0,16,1,6,13,1
1976,1976-10-17,ARI,DAL,3,21,17,1,10,5,1
1976,1976-10-17,ATL,CLE,0,17,20,1,23,12,0
1976,1976-10-17,BUF,IND,0,13,31,1,26,3,0
1976,1976-10-17,DEN,LV,0,10,17,1,11,1,0
1976,1976-10-17,GB,PHI,3,28,13,1,19,22,0
1976,1976-10-17,LAC,TEN,3,30,27,1,17,18,0
1976,1976-10-17,LAR,CHI,3,20,12,1,6,14,0
1976,1976-10-17,MIA,KC,0,17,20,1,16,20,1
1976,1976-10-17,MIN,NYG,3,24,7,1,2,24,0
1976,1976-10-17,PIT,CIN,3,23,6,1,7,8,0
1976,1976-10-17,SF,NO,3,33,3,1,13,21,0
1976,1976-10-17,TB,SEA,0,10,13,1,28,27,0
1976,1976-10-17,WAS,DET,3,20,7,1,9,15,0
1976,1976-10-18,NE,NYJ,3,41,7,1,4,25,0
1976,1976-10-23,SF,ATL,3,15,0,1,13,23,0
1976,1976-10-24,BUF,NE,0,22,26,1,26,4,0
1976,1976-10-24,CLE,LAC,3,21,17,1,12,17,0
1976,1976-10-24,DAL,CHI,3,31,21,1,5,14,0
1976,1976-10-24,KC,DEN,0,26,35,1,20,11,0
1976,1976-10-24,LV,GB,3,18,14,1,1,19,0
1976,1976-10-24,NO,LAR,0,10,16,1,21,6,0
1976,1976-10-24,NYG,PIT,0,0,27,1,24,7,0
1976,1976-10-24,NYJ,IND,0,0,20,1,25,3,0
1976,1976-10-24,PHI,MIN,0,12,31,1,22,2,0
1976,1976-10-24,SEA,DET,0,14,41,1,27,15,0
1976,1976-10-24,TB,MIA,0,20,23,1,28,16,0
1976,1976-10-24,TEN,CIN,0,7,27,1,18,8,0
1976,1976-10-25,WAS,ARI,3,20,10,1,9,10,0
1976,1976-10-31,ARI,SF,3,23,20,1,10,13,0
1976,1976-10-31,ATL,NO,3,23,20,1,23,21,1
1976,1976-10-31,BUF,NYJ,0,14,19,1,26,25,0
1976,1976-10-31,CHI,MIN,3,14,13,1,14,2,1
1976,1976-10-31,CIN,CLE,3,21,6,1,8,12,0
1976,1976-10-31,DET,GB,3,27,6,1,15,19,0
1976,1976-10-31,LAR,SEA,3,45,6,1,6,27,0
1976,1976-10-31,LV,DEN,3,19,6,1,1,11,0
1976,1976-10-31,MIA,NE,3,10,3,1,16,4,1
1976,1976-10-31,NYG,PHI,0,0,10,1,24,22,0
1976,1976-10-31,PIT,LAC,3,23,0,1,7,17,0
1976,1976-10-31,TB,KC,0,19,28,1,28,20,0
1976,1976-10-31,WAS,DAL,0,7,20,1,9,5,0
1976,1976-11-01,IND,TEN,3,38,14,1,3,18,0
1976,1976-11-07,CHI,LV,0,27,28,1,14,1,0
1976,1976-11-07,DAL,NYG,3,9,3,1,5,24,0
1976,1976-11-07,DEN,TB,3,48,13,1,11,28,0
1976,1976-11-07,GB,NO,3,32,27,1,19,21,0
1976,1976-11-07,KC,PIT,0,0,45,1,20,7,0
1976,1976-11-07,LAC,IND,0,21,37,1,17,3,0
1976,1976-11-07,MIN,DET,3,31,23,1,2,15,0
1976,1976-11-07,NE,BUF,3,20,10,1,4,26,0
1976,1976-11-07,NYJ,MIA,0,7,27,1,25,16,0
1976,1976-11-07,PHI,ARI,0,14,17,1,22,10,0
1976,1976-11-07,SEA,ATL,3,30,13,1,27,23,1
1976,1976-11-07,SF,WAS,0,21,24,1,13,9,0
1976,1976-11-07,TEN,CLE,0,7,21,1,18,12,0
1976,1976-11-08,CIN,LAR,3,20,12,1,8,6,1
1976,1976-11-14,ATL,SF,3,21,16,1,23,13,1
1976,1976-11-14,CHI,GB,3,24,13,1,14,19,0
1976,1976-11-14,CIN,TEN,3,31,27,1,8,18,0
1976,1976-11-14,CLE,PHI,3,24,3,1,12,22,0
1976,1976-11-14,IND,NE,0,14,21,1,3,4,1
1976,1976-11-14,LAC,DEN,0,0,17,1,17,11,0
1976,1976-11-14,LAR,ARI,0,28,30,1,6,10,1
1976,1976-11-14,LV,KC,3,21,10,1,1,20,0
1976,1976-11-14,MIN,SEA,3,27,21,1,2,27,0
1976,1976-11-14,NO,DET,3,17,16,1,21,15,1
1976,1976-11-14,NYG,WAS,3,12,9,1,24,9,1
1976,1976-11-14,NYJ,TB,3,34,0,1,25,28,0
1976,1976-11-14,PIT,MIA,3,14,3,1,7,16,0
1976,1976-11-15,DAL,BUF,3,17,10,1,5,26,0
1976,1976-11-21,ARI,WAS,0,10,16,1,10,9,0
1976,1976-11-21,ATL,DAL,3,17,10,1,23,5,1
1976,1976-11-21,BUF,LAC,0,13,34,1,26,17,0
1976,1976-11-21,DEN,NYG,3,14,13,1,11,24,0
1976,1976-11-21,DET,CHI,3,14,10,1,15,14,1
1976,1976-11-21,GB,MIN,0,10,17,1,19,2,0
1976,1976-11-21,KC,CIN,0,24,27,1,20,8,0
1976,1976-11-21,NYJ,NE,0,24,38,1,25,4,0
1976,1976-11-21,PHI,LV,0,7,26,1,22,1,0
1976,1976-11-21,PIT,TEN,3,32,16,1,7,18,0
1976,1976-11-21,SEA,NO,0,27,51,1,27,21,0
1976,1976-11-21,SF,LAR,0,3,23,1,13,6,0
1976,1976-11-21,TB,CLE,0,7,24,1,28,12,0
1976,1976-11-22,MIA,IND,0,16,17,1,16,3,0
1976,1976-11-25,DAL,ARI,3,19,14,1,5,10,0
1976,1976-11-25,DET,BUF,3,27,14,1,15,26,0
1976,1976-11-28,CIN,PIT,0,3,7,1,8,7,0
1976,1976-11-28,CLE,MIA,3,17,13,1,12,16,0
1976,1976-11-28,GB,CHI,0,10,16,1,19,14,0
1976,1976-11-28,IND,NYJ,3,33,16,1,3,25,0
1976,1976-11-28,LAC,KC,0,20,23,1,17,20,1
1976,1976-11-28,LAR,NO,3,33,14,1,6,21,0
1976,1976-11-28,LV,TB,3,49,16,1,1,28,0
1976,1976-11-28,NE,DEN,3,38,14,1,4,11,0
1976,1976-11-28,NYG,SEA,3,28,16,1,24,27,0
1976,1976-11-28,TEN,ATL,3,20,14,1,18,23,0
1976,1976-11-28,WAS,PHI,3,24,0,1,9,22,0
1976,1976-11-29,SF,MIN,3,20,16,1,13,2,1
1976,1976-12-04,ARI,IND,3,24,17,1,10,3,1
1976,1976-12-04,LAR,ATL,3,59,0,1,6,23,0
1976,1976-12-05,CLE,TEN,3,13,10,1,12,18,0
1976,1976-12-05,DEN,KC,3,17,16,1,11,20,0
1976,1976-12-05,LAC,SF,3,13,7,1,17,13,1
1976,1976-12-05,MIA,BUF,3,45,27,1,16,26,0
1976,1976-12-05,MIN,GB,3,20,9,1,2,19,0
1976,1976-12-05,NE,NO,3,27,6,1,4,21,0
1976,1976-12-05,NYG,DET,3,24,10,1,24,15,1
1976,1976-12-05,NYJ,WAS,0,16,37,1,25,9,0
1976,1976-12-05,PHI,DAL,0,7,26,1,22,5,0
1976,1976-12-05,PIT,TB,3,42,0,1,7,28,0
1976,1976-12-05,SEA,CHI,0,7,34,1,27,14,0
1976,1976-12-06,LV,CIN,3,35,20,1,1,8,0
1976,1976-12-11,DET,LAR,0,17,20,1,15,6,0
1976,1976-12-11,MIA,MIN,0,7,29,1,16,2,0
1976,1976-12-11,TEN,PIT,0,0,21,1,18,7,0
1976,1976-12-12,ATL,GB,0,20,24,1,23,19,0
1976,1976-12-12,CHI,DEN,0,14,28,1,14,11,0
1976,1976-12-12,DAL,WAS,0,14,27,1,5,9,1
1976,1976-12-12,IND,BUF,3,58,20,1,3,26,0
1976,1976-12-12,KC,CLE,3,39,14,1,20,12,1
1976,1976-12-12,LV,LAC,3,24,0,1,1,17,0
1976,1976-12-12,NO,SF,0,7,27,1,21,13,0
1976,1976-12-12,NYG,ARI,0,14,17,1,24,10,0
1976,1976-12-12,NYJ,CIN,0,3,42,1,25,8,0
1976,1976-12-12,PHI,SEA,3,27,10,1,22,27,0
1976,1976-12-12,TB,NE,0,14,31,1,28,4,0
1977,1977-09-18,ATL,LAR,3,17,6,1,14,4,1
1977,1977-09-18,BUF,MIA,0,0,13,1,26,5,0
1977,1977-09-18,CHI,DET,3,30,20,1,11,18,0
1977,1977-09-18,CIN,CLE,0,3,13,1,13,17,1
1977,1977-09-18,DEN,ARI,3,7,0,1,2,16,0
1977,1977-09-18,LV,LAC,3,24,0,1,3,15,0
1977,1977-09-18,MIN,DAL,0,10,16,1,10,1,0
1977,1977-09-18,NE,KC,3,21,17,1,7,28,0
1977,1977-09-18,NO,GB,0,20,24,1,24,23,0
1977,1977-09-18,NYG,WAS,3,20,17,1,21,9,1
1977,1977-09-18,PHI,TB,3,13,3,1,19,27,0
1977,1977-09-18,SEA,IND,0,14,29,1,22,6,0
1977,1977-09-18,TEN,NYJ,3,20,0,1,12,25,0
1977,1977-09-19,PIT,SF,3,27,0,1,8,20,0
1977,1977-09-24,TB,MIN,0,3,9,1,27,10,0
1977,1977-09-25,ARI,CHI,3,16,13,1,16,11,1
1977,1977-09-25,CIN,SEA,3,42,20,1,13,22,0
1977,1977-09-25,DAL,NYG,3,41,21,1,1,21,0
1977,1977-09-25,DEN,BUF,3,26,6,1,2,26,0
1977,1977-09-25,DET,NO,3,23,19,1,18,24,0
1977,1977-09-25,GB,TEN,0,10,16,1,23,12,0
1977,1977-09-25,KC,LAC,0,7,23,1,28,15,0
1977,1977-09-25,LAR,PHI,3,20,0,1,4,19,0
1977,1977-09-25,NYJ,IND,0,12,20,1,25,6,0
1977,1977-09-25,PIT,LV,0,7,16,1,8,3,0
1977,1977-09-25,SF,MIA,0,15,19,1,20,5,0
1977,1977-09-25,WAS,ATL,3,10,6,1,9,14,0
1977,1977-09-26,CLE,NE,3,30,27,1,17,7,1
1977,1977-10-02,ATL,NYG,3,17,3,1,14,21,0
1977,1977-10-02,CHI,NO,0,24,42,1,11,24,1
1977,1977-10-02,CLE,PIT,0,14,28,1,17,8,0
1977,1977-10-02,DAL,TB,3,23,7,1,1,27,0
1977,1977-10-02,DET,PHI,3,17,13,1,18,19,0
1977,1977-10-02,IND,BUF,3,17,14,1,6,26,0
1977,1977-10-02,LAC,CIN,3,24,3,1,15,13,1
1977,1977-10-02,LAR,SF,3,34,14,1,4,20,0
1977,1977-10-02,MIA,TEN,3,27,7,1,5,12,0
1977,1977-10-02,MIN,GB,3,19,7,1,10,23,0
1977,1977-10-02,NYJ,NE,3,30,27,1,25,7,1
1977,1977-10-02,SEA,DEN,0,13,24,1,22,2,0
1977,1977-10-02,WAS,ARI,3,24,14,1,9,16,0
1977,1977-10-03,KC,LV,0,28,37,1,28,3,0
1977,1977-10-09,ARI,DAL,0,24,30,1,16,1,0
1977,1977-10-09,BUF,NYJ,0,19,24,1,26,25,0
1977,1977-10-09,CLE,LV,0,10,26,1,17,3,0
1977,1977-10-09,DEN,KC,3,23,7,1,2,28,0
1977,1977-10-09,GB,CIN,0,7,17,1,23,13,0
1977,1977-10-09,IND,MIA,3,45,28,1,6,5,1
1977,1977-10-09,MIN,DET,3,14,7,1,10,18,0
1977,1977-10-09,NE,SEA,3,31,0,1,7,22,0
1977,1977-10-09,NO,LAC,0,0,14,1,24,15,0
1977,1977-10-09,NYG,PHI,0,10,28,1,21,19,0
1977,1977-10-09,SF,ATL,0,0,7,1,20,14,0
1977,1977-10-09,TB,WAS,0,0,10,1,27,9,0
1977,1977-10-09,TEN,PIT,3,27,10,1,12,8,1
1977,1977-10-10,CHI,LAR,3,24,23,1,11,4,1
1977,1977-10-16,BUF,ATL,3,3,0,1,26,14,1
1977,1977-10-16,DAL,WAS,3,34,16,1,1,9,0
1977,1977-10-16,DET,GB,3,10,6,1,18,23,0
1977,1977-10-16,KC,IND,0,6,17,1,28,6,0
1977,1977-10-16,LAC,NE,0,20,24,1,15,7,0
1977,1977-10-16,LAR,NO,3,14,7,1,4,24,0
1977,1977-10-16,LV,DEN,0,7,30,1,3,2,0
1977,1977-10-16,MIA,NYJ,3,21,17,1,5,25,0
1977,1977-10-16,MIN,CHI,3,22,16,1,10,11,0
1977,1977-10-16,NYG,SF,3,20,17,1,21,20,1
1977,1977-10-16,PHI,ARI,0,17,21,1,19,16,0
1977,1977-10-16,SEA,TB,3,30,23,1,22,27,0
1977,1977-10-16,TEN,CLE,0,23,24,1,12,17,1
1977,1977-10-17,PIT,CIN,3,20,14,1,8,13,0
1977,1977-10-23,ARI,NO,3,49,31,1,16,24,0
1977,1977-10-23,BUF,CLE,0,16,27,1,26,17,0
1977,1977-10-23,CHI,ATL,0,10,16,1,11,14,1
1977,1977-10-23,CIN,DEN,0,13,24,1,13,2,0
1977,1977-10-23,LAC,KC,0,16,21,1,15,28,1
1977,1977-10-23,MIA,SEA,3,31,13,1,5,22,0
1977,1977-10-23,NE,IND,3,17,3,1,7,6,1
1977,1977-10-23,NYJ,LV,0,27,28,1,25,3,0
1977,1977-10-23,PHI,DAL,0,10,16,1,19,1,0
1977,1977-10-23,PIT,TEN,3,27,10,1,8,12,0
1977,1977-10-23,SF,DET,3,28,7,1,20,18,1
1977,1977-10-23,TB,GB,0,0,13,1,27,23,0
1977,1977-10-23,WAS,NYG,0,6,17,1,9,21,1
1977,1977-10-24,LAR,MIN,3,35,3,1,4,10,0
1977,1977-10-30,ATL,MIN,0,7,14,1,14,10,0
1977,1977-10-30,CIN,TEN,3,13,10,1,13,12,1
1977,1977-10-30,CLE,KC,3,44,7,1,17,28,0
1977,1977-10-30,DAL,DET,3,37,0,1,1,18,0
1977,1977-10-30,DEN,LV,0,14,24,1,2,3,1
1977,1977-10-30,GB,CHI,0,0,26,1,23,11,0
1977,1977-10-30,IND,PIT,3,31,21,1,6,8,0
1977,1977-10-30,MIA,LAC,0,13,14,1,5,15,1
1977,1977-10-30,NE,NYJ,3,24,13,1,7,25,0
1977,1977-10-30,NO,LAR,3,27,26,1,24,4,1
1977,1977-10-30,SEA,BUF,3,56,17,1,22,26,0
1977,1977-10-30,SF,TB,3,20,10,1,20,27,0
1977,1977-10-30,WAS,PHI,3,23,17,1,9,19,0
1977,1977-10-31,ARI,NYG,3,28,0,1,16,21,0
1977,1977-11-06,ATL,SF,0,3,10,1,14,20,1
1977,1977-11-06,CLE,CIN,0,7,10,1,17,13,0
1977,1977-11-06,DEN,PIT,3,21,7,1,2,8,0
1977,1977-11-06,DET,LAC,3,20,0,1,18,15,1
1977,1977-11-06,KC,GB,3,20,10,1,28,23,1
1977,1977-11-06,LAR,TB,3,31,0,1,4,27,0
1977,1977-11-06,LV,SEA,3,44,7,1,3,22,0
1977,1977-11-06,MIN,ARI,0,7,27,1,10,16,1
1977,1977-11-06,NE,BUF,0,14,24,1,7,26,1
1977,1977-11-06,NYG,DAL,0,10,24,1,21,1,0
1977,1977-11-06,NYJ,MIA,0,10,14,1,25,5,0
1977,1977-11-06,PHI,NO,3,28,7,1,19,24,0
1977,1977-11-06,TEN,CHI,3,47,0,1,12,11,1
1977,1977-11-07,IND,WAS,3,10,3,1,6,9,0
1977,1977-11-13,ATL,DET,3,17,6,1,14,18,0
1977,1977-11-13,BUF,IND,0,13,31,1,26,6,0
1977,1977-11-13,CHI,KC,3,28,27,1,11,28,0
1977,1977-11-13,GB,LAR,0,6,24,1,23,4,0
1977,1977-11-13,LAC,DEN,0,14,17,1,15,2,0
1977,1977-11-13,LV,TEN,3,34,29,1,3,12,0
1977,1977-11-13,MIA,NE,3,17,5,1,5,7,0
1977,1977-11-13,MIN,CIN,3,42,10,1,10,13,0
1977,1977-11-13,NO,SF,0,7,10,1,24,20,0
1977,1977-11-13,NYJ,SEA,0,0,17,1,25,22,0
1977,1977-11-13,PHI,WAS,0,14,17,1,19,9,0
1977,1977-11-13,PIT,CLE,3,35,31,1,8,17,0
1977,1977-11-13,TB,NYG,0,0,10,1,27,21,0
1977,1977-11-14,DAL,ARI,0,17,24,1,1,16,1
1977,1977-11-20,ARI,PHI,3,21,16,1,16,19,0
1977,1977-11-20,BUF,NE,0,7,20,1,26,7,0
1977,1977-11-20,CHI,MIN,3,10,7,1,11,10,1
1977,1977-11-20,CIN,MIA,3,23,17,1,13,5,1
1977,1977-11-20,DET,TB,3,16,7,1,18,27,0
1977,1977-11-20,IND,NYJ,3,33,12,1,6,25,0
1977,1977-11-20,KC,DEN,0,7,14,1,28,2,0
1977,1977-11-20,LAC,LV,3,12,7,1,15,3,1
1977,1977-11-20,NO,ATL,3,21,20,1,24,14,1
1977,1977-11-20,NYG,CLE,0,7,21,1,21,17,0
1977,1977-11-20,PIT,DAL,3,28,13,1,8,1,1
1977,1977-11-20,SEA,TEN,0,10,22,1,22,12,0
1977,1977-11-20,SF,LAR,0,10,23,1,20,4,0
1977,1977-11-21,WAS,GB,3,10,9,1,9,23,0
1977,1977-11-24,ARI,MIA,0,14,55,1,16,5,0
1977,1977-11-24,DET,CHI,0,14,31,1,18,11,0
1977,1977-11-27,CIN,NYG,3,30,13,1,13,21,0
1977,1977-11-27,CLE,LAR,0,0,9,1,17,4,0
1977,1977-11-27,DEN,IND,3,27,13,1,2,6,0
1977,1977-11-27,GB,MIN,0,6,13,1,23,10,0
1977,1977-11-27,NE,PHI,3,14,6,1,7,19,0
1977,1977-11-27,NYJ,PIT,0,20,23,1,25,8,0
1977,1977-11-27,SEA,LAC,0,28,30,1,22,15,0
1977,1977-11-27,SF,NO,3,20,17,1,20,24,0
1977,1977-11-27,TB,ATL,0,0,17,1,27,14,0
1977,1977-11-27,TEN,KC,3,34,20,1,12,28,0
1977,1977-11-27,WAS,DAL,0,7,14,1,9,1,0
1977,1977-11-28,LV,BUF,3,34,13,1,3,26,0
1977,1977-12-04,ATL,NE,0,10,16,1,14,7,0
1977,1977-12-04,BUF,WAS,0,0,10,1,26,9,0
1977,1977-12-04,DAL,PHI,3,24,14,1,1,19,0
1977,1977-12-04,GB,DET,3,10,9,1,23,18,1
1977,1977-12-04,KC,CIN,0,7,27,1,28,13,0
1977,1977-12-04,LAC,CLE,3,37,14,1,15,17,0
1977,1977-12-04,LAR,LV,3,20,14,1,4,3,1
1977,1977-12-04,MIN,SF,3,28,27,1,10,20,0
1977,1977-12-04,NO,NYJ,0,13,16,1,24,25,1
1977,1977-12-04,NYG,ARI,3,27,7,1,21,16,1
1977,1977-12-04,PIT,SEA,3,30,20,1,8,22,0
1977,1977-12-04,TB,CHI,0,0,10,1,27,11,0
1977,1977-12-04,TEN,DEN,0,14,24,1,12,2,0
1977,1977-12-05,MIA,IND,3,17,6,1,5,6,0
1977,1977-12-10,ARI,WAS,0,20,26,1,16,9,0
1977,1977-12-10,CIN,PIT,3,17,10,1,13,8,1
1977,1977-12-11,CHI,GB,3,21,10,1,11,23,0
1977,1977-12-11,CLE,TEN,0,15,19,1,17,12,0
1977,1977-12-11,DEN,LAC,3,17,9,1,2,15,0
1977,1977-12-11,IND,DET,0,10,13,1,6,18,1
1977,1977-12-11,KC,SEA,0,31,34,1,28,22,0
1977,1977-12-11,LAR,ATL,3,23,7,1,4,14,0
1977,1977-12-11,LV,MIN,3,35,13,1,3,10,0
1977,1977-12-11,NE,MIA,3,14,10,1,7,5,1
1977,1977-12-11,NO,TB,0,14,33,1,24,27,1
1977,1977-12-11,NYJ,BUF,0,10,14,1,25,26,1
1977,1977-12-11,PHI,NYG,3,17,14,1,19,21,0
1977,1977-12-12,SF,DAL,0,35,42,1,20,1,0
1977,1977-12-17,DET,MIN,0,21,30,1,18,10,0
1977,1977-12-17,MIA,BUF,3,31,14,1,5,26,0
1977,1977-12-17,WAS,LAR,3,17,14,1,9,4,1
1977,1977-12-18,ATL,NO,3,35,7,1,14,24,0
1977,1977-12-18,DAL,DEN,3,14,6,1,1,2,0
1977,1977-12-18,GB,SF,3,16,14,1,23,20,1
1977,1977-12-18,IND,NE,3,30,24,1,6,7,0
1977,1977-12-18,LAC,PIT,0,9,10,1,15,8,0
1977,1977-12-18,LV,KC,3,21,20,1,3,28,0
1977,1977-12-18,NYG,CHI,0,9,12,1,21,11,0
1977,1977-12-18,PHI,NYJ,3,27,0,1,19,25,0
1977,1977-12-18,SEA,CLE,3,20,19,1,22,17,1
1977,1977-12-18,TB,ARI,3,17,7,1,27,16,1
1977,1977-12-18,TEN,CIN,3,21,16,1,12,13,0
1978,1978-09-02,TB,NYG,0,13,19,1,23,21,0
1978,1978-09-03,ATL,TEN,3,20,14,1,12,7,1
1978,1978-09-03,BUF,PIT,0,17,28,1,24,1,0
1978,1978-09-03,CHI,ARI,3,17,10,1,20,22,0
1978,1978-09-03,CIN,KC,0,23,24,1,26,27,1
1978,1978-09-03,CLE,SF,3,24,7,1,17,28,0
1978,1978-09-03,DEN,LV,3,14,6,1,6,9,0
1978,1978-09-03,DET,GB,0,7,13,1,18,14,0
1978,1978-09-03,NE,WAS,0,14,16,1,5,16,1
1978,1978-09-03,NO,MIN,3,31,24,1,19,13,1
1978,1978-09-03,NYJ,MIA,3,33,20,1,15,4,1
1978,1978-09-03,PHI,LAR,0,14,16,1,10,3,0
1978,1978-09-03,SEA,LAC,0,20,24,1,11,8,0
1978,1978-09-04,DAL,IND,3,38,0,1,2,25,0
1978,1978-09-09,TB,DET,0,7,15,1,23,18,0
1978,1978-09-10,ARI,NE,0,6,16,1,22,5,0
1978,1978-09-10,BUF,NYJ,0,20,21,1,24,15,0
1978,1978-09-10,CLE,CIN,3,13,10,1,17,26,0
1978,1978-09-10,GB,NO,3,28,17,1,14,19,0
1978,1978-09-10,IND,MIA,0,0,42,1,25,4,0
1978,1978-09-10,KC,TEN,0,17,20,1,27,7,0
1978,1978-09-10,LAC,LV,0,20,21,1,8,9,1
1978,1978-09-10,LAR,ATL,3,10,0,1,3,12,0
1978,1978-09-10,NYG,DAL,0,24,34,1,21,2,0
1978,1978-09-10,PIT,SEA,3,21,10,1,1,11,0
1978,1978-09-10,SF,CHI,0,13,16,1,28,20,0
1978,1978-09-10,WAS,PHI,3,35,30,1,16,10,1
1978,1978-09-11,MIN,DEN,3,12,9,1,13,6,1
1978,1978-09-17,ARI,WAS,0,10,28,1,22,16,0
1978,1978-09-17,ATL,CLE,0,16,24,1,12,17,1
1978,1978-09-17,CIN,PIT,0,3,28,1,26,1,0
1978,1978-09-17,DEN,LAC,3,27,14,1,6,8,0
1978,1978-09-17,DET,CHI,0,0,19,1,18,20,1
1978,1978-09-17,GB,LV,0,3,28,1,14,9,0
1978,1978-09-17,LAR,DAL,3,27,14,1,3,2,1
1978,1978-09-17,MIA,BUF,3,31,24,1,4,24,0
1978,1978-09-17,MIN,TB,0,10,16,1,13,23,1
1978,1978-09-17,NO,PHI,0,17,24,1,19,10,0
1978,1978-09-17,NYG,KC,3,26,10,1,21,27,0
1978,1978-09-17,NYJ,SEA,0,17,24,1,15,11,0
1978,1978-09-17,TEN,SF,3,20,19,1,7,28,0
1978,1978-09-18,NE,IND,0,27,34,1,5,25,1
1978,1978-09-24,BUF,IND,3,24,17,1,24,25,0
1978,1978-09-24,CIN,NO,0,18,20,1,26,19,0
1978,1978-09-24,DAL,ARI,3,21,12,1,2,22,0
1978,1978-09-24,KC,DEN,0,17,23,1,27,6,0
1978,1978-09-24,LAC,GB,0,3,24,1,8,14,1
1978,1978-09-24,LV,NE,0,14,21,1,9,5,0
1978,1978-09-24,NYG,SF,3,27,10,1,21,28,0
1978,1978-09-24,PHI,MIA,3,17,3,1,10,4,1
1978,1978-09-24,PIT,CLE,3,15,9,1,1,17,0
1978,1978-09-24,SEA,DET,3,28,16,1,11,18,0
1978,1978-09-24,TB,ATL,3,14,9,1,23,12,1
1978,1978-09-24,TEN,LAR,0,6,10,1,7,3,0
1978,1978-09-24,WAS,NYJ,3,23,3,1,16,15,1
1978,1978-09-25,CHI,MIN,0,20,24,1,20,13,0
1978,1978-10-01,ATL,NYG,3,23,20,1,12,21,0
1978,1978-10-01,BUF,KC,3,28,13,1,24,27,0
1978,1978-10-01,CHI,LV,0,19,25,1,20,9,0
1978,1978-10-01,CLE,TEN,0,13,16,1,17,7,0
1978,1978-10-01,DEN,SEA,3,28,7,1,6,11,0
1978,1978-10-01,GB,DET,3,35,14,1,14,18,0
1978,1978-10-01,IND,PHI,0,14,17,1,25,10,0
1978,1978-10-01,MIA,ARI,3,24,10,1,4,22,0
1978,1978-10-01,NE,LAC,3,28,23,1,5,8,0
1978,1978-10-01,NO,LAR,0,20,26,1,19,3,0
1978,1978-10-01,NYJ,PIT,0,17,28,1,15,1,0
1978,1978-10-01,SF,CIN,3,28,12,1,28,26,1
1978,1978-10-01,TB,MIN,0,7,24,1,23,13,0
1978,1978-10-02,WAS,DAL,3,9,5,1,16,2,1
1978,1978-10-08,ARI,IND,0,17,30,1,22,25,1
1978,1978-10-08,DAL,NYG,3,24,3,1,2,21,0
1978,1978-10-08,DET,WAS,0,19,21,1,18,16,0
1978,1978-10-08,GB,CHI,3,24,14,1,14,20,0
1978,1978-10-08,KC,TB,0,13,30,1,27,23,0
1978,1978-10-08,LAC,DEN,3,23,0,1,8,6,1
1978,1978-10-08,LAR,SF,3,27,10,1,3,28,0
1978,1978-10-08,LV,TEN,3,21,17,1,9,7,1
1978,1978-10-08,NE,PHI,3,24,14,1,5,10,0
1978,1978-10-08,NO,CLE,0,16,24,1,19,17,0
1978,1978-10-08,NYJ,BUF,3,45,14,1,15,24,0
1978,1978-10-08,PIT,ATL,3,31,7,1,1,12,0
1978,1978-10-08,SEA,MIN,3,29,28,1,11,13,0
1978,1978-10-09,MIA,CIN,3,21,0,1,4,26,0
1978,1978-10-15,ARI,DAL,0,21,24,1,22,2,0
1978,1978-10-15,ATL,DET,3,14,0,1,12,18,0
1978,1978-10-15,CIN,NE,0,3,10,1,26,5,0
1978,1978-10-15,CLE,PIT,0,14,34,1,17,1,0
1978,1978-10-15,GB,SEA,3,45,28,1,14,11,1
1978,1978-10-15,IND,NYJ,0,10,33,1,25,15,0
1978,1978-10-15,LAC,MIA,0,21,28,1,8,4,0
1978,1978-10-15,LV,KC,3,28,6,1,9,27,0
1978,1978-10-15,MIN,LAR,0,17,34,1,13,3,0
1978,1978-10-15,NYG,TB,3,17,14,1,21,23,0
1978,1978-10-15,PHI,WAS,3,17,10,1,10,16,0
1978,1978-10-15,SF,NO,0,7,14,1,28,19,0
1978,1978-10-15,TEN,BUF,3,17,10,1,7,24,0
1978,1978-10-16,DEN,CHI,3,16,7,1,6,20,0
1978,1978-10-22,BUF,CIN,3,5,0,1,24,26,0
1978,1978-10-22,DAL,PHI,3,14,7,1,2,10,0
1978,1978-10-22,DET,LAC,3,31,14,1,18,8,1
1978,1978-10-22,IND,DEN,3,7,6,1,25,6,1
1978,1978-10-22,KC,CLE,3,17,3,1,27,17,1
1978,1978-10-22,LAR,NO,0,3,10,1,3,19,1
1978,1978-10-22,MIN,GB,3,21,7,1,13,14,0
1978,1978-10-22,NE,MIA,3,33,24,1,5,4,1
1978,1978-10-22,NYG,WAS,3,17,6,1,21,16,1
1978,1978-10-22,NYJ,ARI,3,23,10,1,15,22,0
1978,1978-10-22,SEA,LV,3,27,7,1,11,9,1
1978,1978-10-22,SF,ATL,0,17,20,1,28,12,0
1978,1978-10-22,TB,CHI,3,33,19,1,23,20,1
1978,1978-10-23,PIT,TEN,0,17,24,1,1,7,1
1978,1978-10-26,DAL,MIN,0,10,21,1,2,13,1
1978,1978-10-29,CHI,DET,0,17,21,1,20,18,0
1978,1978-10-29,CIN,TEN,3,28,13,1,26,7,1
1978,1978-10-29,CLE,BUF,3,41,20,1,17,24,0
1978,1978-10-29,GB,TB,3,9,7,1,14,23,0
1978,1978-10-29,LV,LAC,0,23,27,1,9,8,0
1978,1978-10-29,MIA,IND,3,26,8,1,4,25,0
1978,1978-10-29,NE,NYJ,3,55,21,1,5,15,0
1978,1978-10-29,NO,NYG,3,28,17,1,19,21,0
1978,1978-10-29,PHI,ARI,0,10,16,1,10,22,1
1978,1978-10-29,PIT,KC,3,27,24,1,1,27,0
1978,1978-10-29,SEA,DEN,0,17,20,1,11,6,0
1978,1978-10-29,WAS,SF,3,38,20,1,16,28,0
1978,1978-10-30,ATL,LAR,3,15,7,1,12,3,1
1978,1978-11-05,ARI,NYG,3,20,10,1,22,21,1
1978,1978-11-05,ATL,SF,3,21,10,1,12,28,0
1978,1978-11-05,BUF,NE,0,10,14,1,24,5,0
1978,1978-11-05,CHI,SEA,0,29,31,1,20,11,0
1978,1978-11-05,DEN,NYJ,0,28,31,1,6,15,1
1978,1978-11-05,KC,LV,0,10,20,1,27,9,0
1978,1978-11-05,LAC,CIN,3,22,13,1,8,26,0
1978,1978-11-05,LAR,TB,3,26,23,1,3,23,0
1978,1978-11-05,MIA,DAL,3,23,16,1,4,2,1
1978,1978-11-05,MIN,DET,3,17,7,1,13,18,0
1978,1978-11-05,PHI,GB,3,10,3,1,10,14,0
1978,1978-11-05,PIT,NO,3,20,14,1,1,19,0
1978,1978-11-05,TEN,CLE,3,14,10,1,7,17,0
1978,1978-11-06,IND,WAS,3,21,17,1,25,16,1
1978,1978-11-12,BUF,MIA,0,24,25,1,24,4,0
1978,1978-11-12,CLE,DEN,0,7,19,1,17,6,0
1978,1978-11-12,DET,TB,3,34,23,1,18,23,0
1978,1978-11-12,GB,DAL,0,14,42,1,14,2,0
1978,1978-11-12,LAC,KC,3,29,23,1,8,27,0
1978,1978-11-12,LAR,PIT,3,10,7,1,3,1,1
1978,1978-11-12,MIN,CHI,3,17,14,1,13,20,0
1978,1978-11-12,NE,TEN,0,23,26,1,5,7,1
1978,1978-11-12,NO,ATL,0,17,20,1,19,12,0
1978,1978-11-12,PHI,NYJ,3,17,9,1,10,15,0
1978,1978-11-12,SEA,IND,0,14,17,1,11,25,1
1978,1978-11-12,SF,ARI,0,10,16,1,28,22,0
1978,1978-11-12,WAS,NYG,3,16,13,1,16,21,0
1978,1978-11-13,CIN,LV,0,21,34,1,26,9,0
1978,1978-11-19,CHI,ATL,3,13,7,1,20,12,1
1978,1978-11-19,DAL,NO,3,27,7,1,2,19,0
1978,1978-11-19,DEN,GB,3,16,3,1,6,14,0
1978,1978-11-19,IND,CLE,0,24,45,1,25,17,0
1978,1978-11-19,KC,SEA,0,10,13,1,27,11,0
1978,1978-11-19,LV,DET,3,29,17,1,9,18,0
1978,1978-11-19,MIN,LAC,0,7,13,1,13,8,0
1978,1978-11-19,NYG,PHI,0,17,19,1,21,10,0
1978,1978-11-19,NYJ,NE,0,17,19,1,15,5,0
1978,1978-11-19,PIT,CIN,3,7,6,1,1,26,0
1978,1978-11-19,SF,LAR,0,28,31,1,28,3,0
1978,1978-11-19,TB,BUF,3,31,10,1,23,24,0
1978,1978-11-19,WAS,ARI,0,17,27,1,16,22,1
1978,1978-11-20,TEN,MIA,3,35,30,1,7,4,1
1978,1978-11-23,DAL,WAS,3,37,10,1,2,16,0
1978,1978-11-23,DET,DEN,3,17,14,1,18,6,1
1978,1978-11-26,ARI,PHI,0,10,14,1,22,10,0
1978,1978-11-26,ATL,NO,3,20,17,1,12,19,0
1978,1978-11-26,BUF,NYG,3,41,17,1,24,21,1
1978,1978-11-26,CHI,TB,3,14,3,1,20,23,0
1978,1978-11-26,CLE,LAR,3,30,19,1,17,3,1
1978,1978-11-26,GB,MIN,1,10,10,1,14,13,0
1978,1978-11-26,IND,NE,0,14,35,1,25,5,0
1978,1978-11-26,KC,LAC,3,23,0,1,27,8,1
1978,1978-11-26,LV,SEA,0,16,17,1,9,11,1
1978,1978-11-26,MIA,NYJ,0,13,24,1,4,15,1
1978,1978-11-26,TEN,CIN,3,17,10,1,7,26,0
1978,1978-11-27,SF,PIT,0,7,24,1,28,1,0
1978,1978-12-03,ARI,DET,3,21,14,1,22,18,1
1978,1978-12-03,CIN,ATL,3,37,7,1,26,12,1
1978,1978-12-03,DAL,NE,3,17,10,1,2,5,0
1978,1978-12-03,KC,BUF,3,14,10,1,27,24,1
1978,1978-12-03,LV,DEN,0,6,21,1,9,6,0
1978,1978-12-03,MIN,PHI,3,28,27,1,13,10,1
1978,1978-12-03,NO,SF,3,24,13,1,19,28,0
1978,1978-12-03,NYG,LAR,0,17,20,1,21,3,0
1978,1978-12-03,NYJ,IND,3,24,16,1,15,25,0
1978,1978-12-03,SEA,CLE,3,47,24,1,11,17,0
1978,1978-12-03,TB,GB,0,7,17,1,23,14,0
1978,1978-12-03,TEN,PIT,0,3,13,1,7,1,0
1978,1978-12-03,WAS,MIA,0,0,16,1,16,4,0
1978,1978-12-04,LAC,CHI,3,40,7,1,8,20,0
1978,1978-12-09,DET,MIN,3,45,14,1,18,13,1
1978,1978-12-09,PIT,IND,3,35,13,1,1,25,0
1978,1978-12-10,ATL,WAS,3,20,17,1,12,16,0
1978,1978-12-10,CHI,GB,3,14,0,1,20,14,1
1978,1978-12-10,CLE,NYJ,3,37,34,1,17,15,1
1978,1978-12-10,DEN,KC,3,24,3,1,6,27,0
1978,1978-12-10,LAC,SEA,3,37,10,1,8,11,0
1978,1978-12-10,MIA,LV,3,23,6,1,4,9,0
1978,1978-12-10,NE,BUF,3,26,24,1,5,24,0
1978,1978-12-10,NO,TEN,0,12,17,1,19,7,0
1978,1978-12-10,NYG,ARI,3,17,0,1,21,22,0
1978,1978-12-10,PHI,DAL,0,13,31,1,10,2,0
1978,1978-12-10,SF,TB,3,6,3,1,28,23,1
1978,1978-12-11,LAR,CIN,0,19,20,1,3,26,1
1978,1978-12-16,DEN,PIT,0,17,21,1,6,1,0
1978,1978-12-16,WAS,CHI,0,10,14,1,16,20,1
1978,1978-12-17,ARI,ATL,3,42,21,1,22,12,1
1978,1978-12-17,CIN,CLE,3,48,16,1,26,17,1
1978,1978-12-17,DET,SF,3,33,14,1,18,28,0
1978,1978-12-17,IND,BUF,0,14,21,1,25,24,0
1978,1978-12-17,LAR,GB,3,31,14,1,3,14,0
1978,1978-12-17,LV,MIN,3,27,20,1,9,13,0
1978,1978-12-17,NYJ,DAL,0,7,30,1,15,2,0
1978,1978-12-17,PHI,NYG,3,20,3,1,10,21,0
1978,1978-12-17,SEA,KC,3,23,19,1,11,27,0
1978,1978-12-17,TB,NO,0,10,17,1,23,19,0
1978,1978-12-17,TEN,LAC,0,24,45,1,7,8,1
1978,1978-12-18,MIA,NE,3,23,3,1,4,5,0
1979,1979-09-01,TB,DET,3,31,16,1,9,28,0
1979,1979-09-02,ARI,DAL,0,21,22,1,23,3,0
1979,1979-09-02,BUF,MIA,0,7,9,1,18,6,0
1979,1979-09-02,CHI,GB,3,6,3,1,7,24,0
1979,1979-09-02,DEN,CIN,3,10,0,1,10,26,0
1979,1979-09-02,KC,IND,3,14,0,1,19,25,0
1979,1979-09-02,LAR,LV,0,17,24,1,13,12,0
1979,1979-09-02,MIN,SF,3,28,22,1,20,27,0
1979,1979-09-02,NO,ATL,0,34,40,1,16,22,1
1979,1979-09-02,NYJ,CLE,0,22,25,1,17,14,0
1979,1979-09-02,PHI,NYG,3,23,17,1,4,21,0
1979,1979-09-02,SEA,LAC,0,16,33,1,15,1,0
1979,1979-09-02,WAS,TEN,0,27,29,1,8,5,0
1979,1979-09-03,NE,PIT,0,13,16,1,11,2,0
1979,1979-09-06,DEN,LAR,0,9,13,1,10,13,1
1979,1979-09-09,BUF,CIN,3,51,24,1,18,26,0
1979,1979-09-09,CHI,MIN,3,26,7,1,7,20,0
1979,1979-09-09,DET,WAS,0,24,27,1,28,8,0
1979,1979-09-09,GB,NO,3,28,19,1,24,16,1
1979,1979-09-09,IND,TB,0,26,29,1,25,9,0
1979,1979-09-09,KC,CLE,0,24,27,1,19,14,0
1979,1979-09-09,LAC,LV,3,30,10,1,1,12,0
1979,1979-09-09,MIA,SEA,3,19,10,1,6,15,0
1979,1979-09-09,NE,NYJ,3,56,3,1,11,17,0
1979,1979-09-09,NYG,ARI,0,14,27,1,21,23,1
1979,1979-09-09,PIT,TEN,3,38,7,1,2,5,0
1979,1979-09-09,SF,DAL,0,13,21,1,27,3,0
1979,1979-09-10,PHI,ATL,0,10,14,1,4,22,1
1979,1979-09-16,ARI,PIT,0,21,24,1,23,2,0
1979,1979-09-16,ATL,DEN,0,17,20,1,22,10,0
1979,1979-09-16,CIN,NE,0,14,20,1,26,11,0
1979,1979-09-16,CLE,IND,3,13,10,1,14,25,0
1979,1979-09-16,DAL,CHI,3,24,20,1,3,7,0
1979,1979-09-16,GB,TB,0,10,21,1,24,9,0
1979,1979-09-16,LAC,BUF,3,27,19,1,1,18,0
1979,1979-09-16,LAR,SF,3,27,24,1,13,27,0
1979,1979-09-16,MIN,MIA,0,12,27,1,20,6,0
1979,1979-09-16,NO,PHI,0,14,26,1,16,4,0
1979,1979-09-16,NYJ,DET,3,31,10,1,17,28,0
1979,1979-09-16,SEA,LV,3,27,10,1,15,12,1
1979,1979-09-16,TEN,KC,3,20,6,1,5,19,0
1979,1979-09-17,WAS,NYG,3,27,0,1,8,21,0
1979,1979-09-23,ARI,WAS,0,7,17,1,23,8,0
1979,1979-09-23,BUF,NYJ,3,46,31,1,18,17,1
1979,1979-09-23,CIN,TEN,0,27,30,1,26,5,0
1979,1979-09-23,DEN,SEA,3,37,34,1,10,15,0
1979,1979-09-23,DET,ATL,3,24,23,1,28,22,1
1979,1979-09-23,KC,LV,3,35,7,1,19,12,1
1979,1979-09-23,MIA,CHI,3,31,16,1,6,7,0
1979,1979-09-23,MIN,GB,3,27,21,1,20,24,0
1979,1979-09-23,NE,LAC,3,27,21,1,11,1,1
1979,1979-09-23,NYG,PHI,0,13,17,1,21,4,0
1979,1979-09-23,PIT,IND,3,17,13,1,2,25,0
1979,1979-09-23,SF,NO,0,21,30,1,27,16,0
1979,1979-09-23,TB,LAR,3,21,6,1,9,13,0
1979,1979-09-24,CLE,DAL,3,26,7,1,14,3,1
1979,1979-09-30,ATL,WAS,0,7,16,1,22,8,0
1979,1979-09-30,CHI,TB,0,13,17,1,7,9,1
1979,1979-09-30,DAL,CIN,3,38,13,1,3,26,0
1979,1979-09-30,DET,MIN,0,10,13,1,28,20,0
1979,1979-09-30,IND,BUF,0,13,31,1,25,18,0
1979,1979-09-30,LAC,SF,3,31,9,1,1,27,0
1979,1979-09-30,LAR,ARI,3,21,0,1,13,23,0
1979,1979-09-30,LV,DEN,3,27,3,1,12,10,1
1979,1979-09-30,NO,NYG,3,24,14,1,16,21,0
1979,1979-09-30,NYJ,MIA,3,33,27,1,17,6,1
1979,1979-09-30,PHI,PIT,3,17,14,1,4,2,1
1979,1979-09-30,SEA,KC,0,6,24,1,15,19,1
1979,1979-09-30,TEN,CLE,3,31,10,1,5,14,0
1979,1979-10-01,GB,NE,3,27,14,1,24,11,1
1979,1979-10-07,ATL,GB,3,25,7,1,22,24,0
1979,1979-10-07,BUF,CHI,0,0,7,1,18,7,0
1979,1979-10-07,CIN,KC,0,7,10,1,26,19,0
1979,1979-10-07,CLE,PIT,0,35,51,1,14,2,0
1979,1979-10-07,DEN,LAC,3,7,0,1,10,1,1
1979,1979-10-07,IND,NYJ,3,10,8,1,25,17,1
1979,1979-10-07,MIN,DAL,0,20,36,1,20,3,0
1979,1979-10-07,NE,DET,3,24,17,1,11,28,0
1979,1979-10-07,NO,LAR,0,17,35,1,16,13,0
1979,1979-10-07,NYG,TB,3,17,14,1,21,9,1
1979,1979-10-07,PHI,WAS,3,28,17,1,4,8,0
1979,1979-10-07,SF,SEA,0,24,35,1,27,15,0
1979,1979-10-07,TEN,ARI,0,17,24,1,5,23,1
1979,1979-10-08,LV,MIA,3,13,3,1,12,6,1
1979,1979-10-14,ARI,PHI,0,20,24,1,23,4,0
1979,1979-10-14,CHI,NE,0,7,27,1,7,11,1
1979,1979-10-14,CIN,PIT,3,34,10,1,26,2,1
1979,1979-10-14,CLE,WAS,0,9,13,1,14,8,0
1979,1979-10-14,DAL,LAR,3,30,6,1,3,13,0
1979,1979-10-14,GB,DET,3,24,16,1,24,28,0
1979,1979-10-14,IND,TEN,0,16,28,1,25,5,0
1979,1979-10-14,KC,DEN,0,10,24,1,19,10,0
1979,1979-10-14,LAC,SEA,3,20,10,1,1,15,0
1979,1979-10-14,LV,ATL,3,50,19,1,12,22,0
1979,1979-10-14,MIA,BUF,3,17,7,1,6,18,0
1979,1979-10-14,NYG,SF,3,32,16,1,21,27,0
1979,1979-10-14,TB,NO,0,14,42,1,9,16,1
1979,1979-10-15,NYJ,MIN,3,14,7,1,17,20,0
1979,1979-10-21,BUF,IND,0,13,14,1,18,25,1
1979,1979-10-21,CLE,CIN,3,28,27,1,14,26,0
1979,1979-10-21,DAL,ARI,3,22,13,1,3,23,0
1979,1979-10-21,KC,NYG,0,17,21,1,19,21,1
1979,1979-10-21,LAR,LAC,0,16,40,1,13,1,0
1979,1979-10-21,MIN,CHI,3,30,27,1,20,7,1
1979,1979-10-21,NE,MIA,3,28,13,1,11,6,1
1979,1979-10-21,NO,DET,3,17,7,1,16,28,0
1979,1979-10-21,NYJ,LV,3,28,19,1,17,12,1
1979,1979-10-21,SEA,TEN,3,34,14,1,15,5,1
1979,1979-10-21,SF,ATL,3,20,15,1,27,22,1
1979,1979-10-21,TB,GB,3,21,3,1,9,24,0
1979,1979-10-21,WAS,PHI,3,17,7,1,8,4,1
1979,1979-10-22,PIT,DEN,3,42,7,1,2,10,0
1979,1979-10-25,LV,LAC,3,45,22,1,12,1,1
1979,1979-10-28,ARI,CLE,0,20,38,1,23,14,0
1979,1979-10-28,CIN,PHI,3,37,13,1,26,4,1
1979,1979-10-28,DEN,KC,3,20,3,1,10,19,0
1979,1979-10-28,DET,BUF,0,17,20,1,28,18,0
1979,1979-10-28,IND,NE,3,31,26,1,25,11,1
1979,1979-10-28,LAR,NYG,0,14,20,1,13,21,1
1979,1979-10-28,MIA,GB,3,27,7,1,6,24,0
1979,1979-10-28,MIN,TB,0,10,12,1,20,9,0
1979,1979-10-28,PIT,DAL,3,14,3,1,2,3,0
1979,1979-10-28,SF,CHI,0,27,28,1,27,7,0
1979,1979-10-28,TEN,NYJ,3,27,24,1,5,17,0
1979,1979-10-28,WAS,NO,0,10,14,1,8,16,1
1979,1979-10-29,ATL,SEA,0,28,31,1,22,15,0
1979,1979-11-04,ARI,MIN,3,37,7,1,23,20,1
1979,1979-11-04,ATL,TB,3,17,14,1,22,9,1
1979,1979-11-04,BUF,NE,0,6,26,1,18,11,0
1979,1979-11-04,CHI,DET,3,35,7,1,7,28,0
1979,1979-11-04,DEN,NO,3,10,3,1,10,16,0
1979,1979-11-04,GB,NYJ,0,22,27,1,24,17,0
1979,1979-11-04,IND,CIN,3,38,28,1,25,26,0
1979,1979-11-04,KC,LAC,0,14,20,1,19,1,0
1979,1979-11-04,LV,SF,3,23,10,1,12,27,0
1979,1979-11-04,NYG,DAL,0,14,16,1,21,3,0
1979,1979-11-04,PHI,CLE,0,19,24,1,4,14,1
1979,1979-11-04,PIT,WAS,3,38,7,1,2,8,0
1979,1979-11-04,SEA,LAR,0,0,24,1,15,13,0
1979,1979-11-05,MIA,TEN,0,6,9,1,6,5,0
1979,1979-11-11,CHI,LAR,3,27,23,1,7,13,0
1979,1979-11-11,CIN,LAC,0,24,26,1,26,1,0
1979,1979-11-11,CLE,SEA,0,24,29,1,14,15,1
1979,1979-11-11,DEN,NE,3,45,10,1,10,11,0
1979,1979-11-11,DET,TB,0,14,16,1,28,9,0
1979,1979-11-11,GB,MIN,3,19,7,1,24,20,1
1979,1979-11-11,KC,PIT,0,3,30,1,19,2,0
1979,1979-11-11,MIA,IND,3,19,0,1,6,25,0
1979,1979-11-11,NO,SF,3,31,20,1,16,27,0
1979,1979-11-11,NYG,ATL,3,24,3,1,21,22,0
1979,1979-11-11,NYJ,BUF,0,12,14,1,17,18,1
1979,1979-11-11,TEN,LV,3,31,17,1,5,12,0
1979,1979-11-11,WAS,ARI,3,30,28,1,8,23,0
1979,1979-11-12,DAL,PHI,0,21,31,1,3,4,1
1979,1979-11-18,BUF,GB,3,19,12,1,18,24,0
1979,1979-11-18,CHI,NYJ,3,23,13,1,7,17,0
1979,1979-11-18,CLE,MIA,3,30,24,1,14,6,1
1979,1979-11-18,LAC,PIT,3,35,7,1,1,2,0
1979,1979-11-18,LV,KC,0,21,24,1,12,19,1
1979,1979-11-18,MIN,DET,3,14,7,1,20,28,0
1979,1979-11-18,NE,IND,3,50,21,1,11,25,0
1979,1979-11-18,PHI,ARI,3,16,13,1,4,23,0
1979,1979-11-18,SEA,NO,3,38,24,1,15,16,0
1979,1979-11-18,SF,DEN,0,28,38,1,27,10,0
1979,1979-11-18,TB,NYG,3,31,3,1,9,21,0
1979,1979-11-18,TEN,CIN,3,42,21,1,5,26,0
1979,1979-11-18,WAS,DAL,3,34,20,1,8,3,1
1979,1979-11-19,LAR,ATL,3,20,14,1,13,22,0
1979,1979-11-22,DAL,TEN,0,24,30,1,3,5,1
1979,1979-11-22,DET,CHI,3,20,0,1,28,7,1
1979,1979-11-25,ATL,NO,0,6,37,1,22,16,0
1979,1979-11-25,CIN,ARI,3,34,28,1,26,23,1
1979,1979-11-25,DEN,LV,0,10,14,1,10,12,1
1979,1979-11-25,GB,PHI,0,10,21,1,24,4,0
1979,1979-11-25,IND,MIA,0,24,28,1,25,6,0
1979,1979-11-25,LAC,KC,3,28,7,1,1,19,0
1979,1979-11-25,NE,BUF,0,13,16,1,11,18,1
1979,1979-11-25,NYG,WAS,3,14,6,1,21,8,1
1979,1979-11-25,PIT,CLE,3,33,30,1,2,14,0
1979,1979-11-25,SF,LAR,0,20,26,1,27,13,0
1979,1979-11-25,TB,MIN,0,22,23,1,9,20,1
1979,1979-11-26,SEA,NYJ,3,30,7,1,15,17,0
1979,1979-11-29,MIA,NE,3,39,24,1,6,11,0
1979,1979-12-02,ARI,SF,3,13,10,1,23,27,0
1979,1979-12-02,BUF,DEN,0,16,19,1,18,10,0
1979,1979-12-02,CLE,TEN,3,14,7,1,14,5,1
1979,1979-12-02,DAL,NYG,3,28,7,1,3,21,0
1979,1979-12-02,KC,SEA,3,37,21,1,19,15,1
1979,1979-12-02,LAC,ATL,0,26,28,1,1,22,1
1979,1979-12-02,LAR,MIN,3,27,21,1,13,20,0
1979,1979-12-02,NYJ,IND,3,30,17,1,17,25,0
1979,1979-12-02,PHI,DET,3,44,7,1,4,28,0
1979,1979-12-02,PIT,CIN,3,37,17,1,2,26,0
1979,1979-12-02,TB,CHI,0,0,14,1,9,7,0
1979,1979-12-02,WAS,GB,3,38,21,1,8,24,0
1979,1979-12-03,NO,LV,0,35,42,1,16,12,0
1979,1979-12-08,PHI,DAL,0,17,24,1,4,3,0
1979,1979-12-08,SEA,DEN,3,28,23,1,15,10,1
1979,1979-12-09,ARI,NYG,3,29,20,1,23,21,1
1979,1979-12-09,ATL,LAR,0,13,34,1,22,13,0
1979,1979-12-09,DET,MIA,0,10,28,1,28,6,0
1979,1979-12-09,GB,CHI,0,14,15,1,24,7,0
1979,1979-12-09,IND,KC,0,7,10,1,25,19,0
1979,1979-12-09,LV,CLE,3,19,14,1,12,14,0
1979,1979-12-09,MIN,BUF,3,10,3,1,20,18,1
1979,1979-12-09,NO,LAC,0,0,35,1,16,1,0
1979,1979-12-09,NYJ,NE,3,27,26,1,17,11,1
1979,1979-12-09,SF,TB,3,23,7,1,27,9,1
1979,1979-12-09,WAS,CIN,3,28,14,1,8,26,0
1979,1979-12-10,TEN,PIT,3,20,17,1,5,2,1
1979,1979-12-15,DET,GB,0,13,18,1,28,24,0
1979,1979-12-15,MIA,NYJ,0,24,27,1,6,17,1
1979,1979-12-16,ATL,SF,3,31,21,1,22,27,0
1979,1979-12-16,CHI,ARI,3,42,6,1,7,23,0
1979,1979-12-16,CIN,CLE,3,16,12,1,26,14,1
1979,1979-12-16,DAL,WAS,3,35,34,1,3,8,0
1979,1979-12-16,LAR,NO,0,14,29,1,13,16,1
1979,1979-12-16,LV,SEA,0,24,29,1,12,15,1
1979,1979-12-16,NE,MIN,3,27,23,1,11,20,0
1979,1979-12-16,NYG,IND,0,7,31,1,21,25,1
1979,1979-12-16,PIT,BUF,3,28,0,1,2,18,0
1979,1979-12-16,TB,KC,3,3,0,1,9,19,0
1979,1979-12-16,TEN,PHI,0,20,26,1,5,4,0
1979,1979-12-17,LAC,DEN,3,17,7,1,1,10,0
1980,1980-09-07,ARI,NYG,0,35,41,1,24,27,1
1980,1980-09-07,BUF,MIA,3,17,7,1,6,16,0
1980,1980-09-07,CIN,TB,0,12,17,1,20,22,1
1980,1980-09-07,GB,CHI,3,12,6,1,23,17,1
1980,1980-09-07,KC,LV,0,14,27,1,15,7,0
1980,1980-09-07,LAR,DET,0,20,41,1,4,11,1
1980,1980-09-07,MIN,ATL,3,24,23,1,13,3,1
1980,1980-09-07,NE,CLE,3,34,17,1,10,8,1
1980,1980-09-07,NO,SF,0,23,26,1,28,21,0
1980,1980-09-07,NYJ,IND,0,14,17,1,25,18,0
1980,1980-09-07,PHI,DEN,3,27,6,1,1,14,0
1980,1980-09-07,PIT,TEN,3,31,17,1,12,9,1
1980,1980-09-07,SEA,LAC,0,13,34,1,26,5,0
1980,1980-09-08,WAS,DAL,0,3,17,1,19,2,0
1980,1980-09-11,TB,LAR,3,10,9,1,22,4,1
1980,1980-09-14,BUF,NYJ,3,20,10,1,6,25,0
1980,1980-09-14,CHI,NO,3,22,3,1,17,28,0
1980,1980-09-14,DEN,DAL,3,41,20,1,14,2,1
1980,1980-09-14,GB,DET,0,7,29,1,23,11,0
1980,1980-09-14,IND,PIT,0,17,20,1,18,12,0
1980,1980-09-14,KC,SEA,0,16,17,1,15,26,1
1980,1980-09-14,LAC,LV,3,30,24,1,5,7,0
1980,1980-09-14,MIA,CIN,3,17,16,1,16,20,0
1980,1980-09-14,MIN,PHI,0,7,42,1,13,1,0
1980,1980-09-14,NE,ATL,0,21,37,1,10,3,0
1980,1980-09-14,NYG,WAS,0,21,23,1,27,19,0
1980,1980-09-14,SF,ARI,3,24,21,1,21,24,0
1980,1980-09-15,CLE,TEN,0,7,16,1,8,9,1
1980,1980-09-21,ATL,MIA,0,17,20,1,3,16,1
1980,1980-09-21,CHI,MIN,0,14,34,1,17,13,0
1980,1980-09-21,CIN,PIT,3,30,28,1,20,12,1
1980,1980-09-21,CLE,KC,3,20,13,1,8,15,0
1980,1980-09-21,DAL,TB,3,28,17,1,2,22,0
1980,1980-09-21,DEN,LAC,0,13,30,1,14,5,0
1980,1980-09-21,DET,ARI,3,20,7,1,11,24,0
1980,1980-09-21,LAR,GB,3,51,21,1,4,23,0
1980,1980-09-21,LV,WAS,3,24,21,1,7,19,0
1980,1980-09-21,NO,BUF,0,26,35,1,28,6,0
1980,1980-09-21,NYJ,SF,0,27,37,1,25,21,0
1980,1980-09-21,SEA,NE,0,31,37,1,26,10,0
1980,1980-09-21,TEN,IND,3,21,16,1,9,18,0
1980,1980-09-22,PHI,NYG,3,35,3,1,1,27,0
1980,1980-09-28,ARI,PHI,3,24,14,1,24,1,1
1980,1980-09-28,BUF,LV,3,24,7,1,6,7,0
1980,1980-09-28,CIN,TEN,0,10,13,1,20,9,0
1980,1980-09-28,DET,MIN,3,27,7,1,11,13,0
1980,1980-09-28,GB,DAL,0,7,28,1,23,2,0
1980,1980-09-28,IND,NYJ,3,35,21,1,18,25,0
1980,1980-09-28,KC,LAC,0,7,24,1,15,5,0
1980,1980-09-28,MIA,NO,3,21,16,1,16,28,0
1980,1980-09-28,NYG,LAR,0,7,28,1,27,4,0
1980,1980-09-28,PIT,CHI,3,38,3,1,12,17,0
1980,1980-09-28,SF,ATL,0,17,20,1,21,3,0
1980,1980-09-28,TB,CLE,0,27,34,1,22,8,0
1980,1980-09-28,WAS,SEA,0,0,14,1,19,26,1
1980,1980-09-29,NE,DEN,3,23,14,1,10,14,0
1980,1980-10-05,ATL,DET,3,43,28,1,3,11,0
1980,1980-10-05,CLE,DEN,0,16,19,1,8,14,1
1980,1980-10-05,DAL,NYG,3,24,3,1,2,27,0
1980,1980-10-05,GB,CIN,3,14,9,1,23,20,1
1980,1980-10-05,LAC,BUF,0,24,26,1,5,6,1
1980,1980-10-05,LAR,SF,3,48,26,1,4,21,0
1980,1980-10-05,LV,KC,0,17,31,1,7,15,1
1980,1980-10-05,MIA,IND,0,17,30,1,16,18,1
1980,1980-10-05,MIN,PIT,0,17,23,1,13,12,0
1980,1980-10-05,NO,ARI,0,7,40,1,28,24,0
1980,1980-10-05,NYJ,NE,0,11,21,1,25,10,0
1980,1980-10-05,PHI,WAS,3,24,14,1,1,19,0
1980,1980-10-05,TEN,SEA,0,7,26,1,9,26,1
1980,1980-10-06,CHI,TB,3,23,0,1,17,22,0
1980,1980-10-12,ARI,LAR,0,13,21,1,24,4,0
1980,1980-10-12,ATL,NYJ,0,7,14,1,3,25,1
1980,1980-10-12,BUF,IND,0,12,17,1,6,18,1
1980,1980-10-12,DAL,SF,3,59,14,1,2,21,0
1980,1980-10-12,DET,NO,3,24,13,1,11,28,0
1980,1980-10-12,KC,TEN,3,21,20,1,15,9,1
1980,1980-10-12,LV,LAC,3,38,24,1,7,5,1
1980,1980-10-12,MIN,CHI,3,13,7,1,13,17,0
1980,1980-10-12,NE,MIA,3,34,0,1,10,16,0
1980,1980-10-12,NYG,PHI,0,16,31,1,27,1,0
1980,1980-10-12,PIT,CIN,0,16,17,1,12,20,1
1980,1980-10-12,SEA,CLE,0,3,27,1,26,8,0
1980,1980-10-12,TB,GB,1,14,14,1,22,23,0
1980,1980-10-13,DEN,WAS,3,20,17,1,14,19,0
1980,1980-10-19,CHI,DET,3,24,7,1,17,11,1
1980,1980-10-19,CIN,MIN,3,14,0,1,20,13,1
1980,1980-10-19,CLE,GB,3,26,21,1,8,23,0
1980,1980-10-19,DEN,KC,0,17,23,1,14,15,1
1980,1980-10-19,IND,NE,0,21,37,1,18,10,0
1980,1980-10-19,LAC,NYG,3,44,7,1,5,27,0
1980,1980-10-19,MIA,BUF,3,17,14,1,16,6,1
1980,1980-10-19,NO,ATL,0,14,41,1,28,3,0
1980,1980-10-19,NYJ,SEA,0,17,27,1,25,26,1
1980,1980-10-19,PHI,DAL,3,17,10,1,1,2,0
1980,1980-10-19,SF,LAR,0,17,31,1,21,4,0
1980,1980-10-19,TEN,TB,3,20,14,1,9,22,0
1980,1980-10-19,WAS,ARI,3,23,0,1,19,24,0
1980,1980-10-20,PIT,LV,0,34,45,1,12,7,0
1980,1980-10-26,ATL,LAR,3,13,10,1,3,4,0
1980,1980-10-26,BUF,NE,3,31,13,1,6,10,0
1980,1980-10-26,CLE,PIT,3,27,26,1,8,12,0
1980,1980-10-26,DAL,LAC,3,42,31,1,2,5,0
1980,1980-10-26,GB,MIN,3,16,3,1,23,13,1
1980,1980-10-26,IND,ARI,0,10,17,1,18,24,1
1980,1980-10-26,KC,DET,3,20,17,1,15,11,1
1980,1980-10-26,LV,SEA,3,33,14,1,7,26,0
1980,1980-10-26,NYG,DEN,0,9,14,1,27,14,0
1980,1980-10-26,PHI,CHI,3,17,14,1,1,17,0
1980,1980-10-26,SF,TB,0,23,24,1,21,22,1
1980,1980-10-26,TEN,CIN,3,23,3,1,9,20,0
1980,1980-10-26,WAS,NO,3,22,14,1,19,28,0
1980,1980-10-27,NYJ,MIA,3,17,14,1,25,16,1
1980,1980-11-02,ARI,DAL,0,24,27,1,24,2,0
1980,1980-11-02,BUF,ATL,0,14,30,1,6,3,0
1980,1980-11-02,CIN,LAC,0,14,31,1,20,5,0
1980,1980-11-02,DEN,TEN,0,16,20,1,14,9,0
1980,1980-11-02,DET,SF,3,17,13,1,11,21,0
1980,1980-11-02,KC,IND,0,24,31,1,15,18,1
1980,1980-11-02,LAR,NO,3,45,31,1,4,28,0
1980,1980-11-02,LV,MIA,3,16,10,1,7,16,0
1980,1980-11-02,NE,NYJ,3,34,21,1,10,25,0
1980,1980-11-02,PIT,GB,3,22,20,1,12,23,0
1980,1980-11-02,SEA,PHI,0,20,27,1,26,1,0
1980,1980-11-02,TB,NYG,3,30,13,1,22,27,0
1980,1980-11-02,WAS,MIN,0,14,39,1,19,13,0
1980,1980-11-03,CLE,CHI,3,27,21,1,8,17,0
1980,1980-11-09,ARI,ATL,0,27,33,1,24,3,0
1980,1980-11-09,CHI,WAS,3,35,21,1,17,19,0
1980,1980-11-09,GB,SF,3,23,16,1,23,21,1
1980,1980-11-09,IND,CLE,0,27,28,1,18,8,0
1980,1980-11-09,LAC,DEN,0,13,20,1,5,14,1
1980,1980-11-09,LAR,MIA,0,14,35,1,4,16,1
1980,1980-11-09,LV,CIN,3,28,17,1,7,20,0
1980,1980-11-09,MIN,DET,3,34,0,1,13,11,1
1980,1980-11-09,NO,PHI,0,21,34,1,28,1,0
1980,1980-11-09,NYG,DAL,3,38,35,1,27,2,1
1980,1980-11-09,NYJ,BUF,0,24,31,1,25,6,0
1980,1980-11-09,SEA,KC,0,30,31,1,26,15,0
1980,1980-11-09,TB,PIT,0,21,24,1,22,12,0
1980,1980-11-10,TEN,NE,3,38,34,1,9,10,0
1980,1980-11-16,ATL,NO,3,31,13,1,3,28,0
1980,1980-11-16,CHI,TEN,0,6,10,1,17,9,0
1980,1980-11-16,CIN,BUF,0,0,14,1,20,6,0
1980,1980-11-16,DAL,ARI,3,31,21,1,2,24,0
1980,1980-11-16,DEN,NYJ,3,31,24,1,14,25,0
1980,1980-11-16,DET,IND,0,9,10,1,11,18,1
1980,1980-11-16,LAC,KC,3,20,7,1,5,15,0
1980,1980-11-16,MIA,SF,3,17,13,1,16,21,0
1980,1980-11-16,MIN,TB,3,38,30,1,13,22,0
1980,1980-11-16,NE,LAR,0,14,17,1,10,4,0
1980,1980-11-16,NYG,GB,3,27,21,1,27,23,1
1980,1980-11-16,PIT,CLE,3,16,13,1,12,8,1
1980,1980-11-16,WAS,PHI,0,0,24,1,19,1,0
1980,1980-11-17,SEA,LV,0,17,19,1,26,7,0
1980,1980-11-20,MIA,LAC,0,24,27,1,16,5,0
1980,1980-11-23,ARI,KC,0,13,21,1,24,15,0
1980,1980-11-23,ATL,CHI,3,28,17,1,3,17,0
1980,1980-11-23,BUF,PIT,3,28,13,1,6,12,0
1980,1980-11-23,CLE,CIN,3,31,7,1,8,20,0
1980,1980-11-23,DAL,WAS,3,14,10,1,2,19,0
1980,1980-11-23,DEN,SEA,3,36,20,1,14,26,0
1980,1980-11-23,MIN,GB,0,13,25,1,13,23,1
1980,1980-11-23,NE,IND,3,47,21,1,10,18,0
1980,1980-11-23,NYJ,TEN,3,31,28,1,25,9,1
1980,1980-11-23,PHI,LV,3,10,7,1,1,7,0
1980,1980-11-23,SF,NYG,3,12,0,1,21,27,0
1980,1980-11-23,TB,DET,0,10,24,1,22,11,0
1980,1980-11-24,NO,LAR,0,7,27,1,28,4,0
1980,1980-11-27,DAL,SEA,3,51,7,1,2,26,0
1980,1980-11-27,DET,CHI,0,17,23,1,11,17,1
1980,1980-11-30,ATL,WAS,3,10,6,1,3,19,0
1980,1980-11-30,GB,TB,0,17,20,1,23,22,0
1980,1980-11-30,IND,BUF,3,28,24,1,18,6,1
1980,1980-11-30,KC,CIN,0,6,20,1,15,20,1
1980,1980-11-30,LAC,PHI,3,22,21,1,5,1,1
1980,1980-11-30,LAR,NYJ,3,38,13,1,4,25,0
1980,1980-11-30,NO,MIN,0,20,23,1,28,13,0
1980,1980-11-30,NYG,ARI,0,7,23,1,27,24,0
1980,1980-11-30,PIT,MIA,3,23,10,1,12,16,0
1980,1980-11-30,SF,NE,3,21,17,1,21,10,1
1980,1980-11-30,TEN,CLE,0,14,17,1,9,8,0
1980,1980-12-01,LV,DEN,3,9,3,1,7,14,0
1980,1980-12-04,TEN,PIT,3,6,0,1,9,12,0
1980,1980-12-07,ARI,DET,3,24,23,1,24,11,1
1980,1980-12-07,BUF,LAR,3,10,7,1,6,4,1
1980,1980-12-07,CHI,GB,3,61,7,1,17,23,0
1980,1980-12-07,CIN,IND,3,34,33,1,20,18,1
1980,1980-12-07,CLE,NYJ,3,17,14,1,8,25,0
1980,1980-12-07,KC,DEN,3,31,14,1,15,14,1
1980,1980-12-07,LV,DAL,0,13,19,1,7,2,0
1980,1980-12-07,PHI,ATL,0,17,20,1,1,3,1
1980,1980-12-07,SEA,NYG,0,21,27,1,26,27,1
1980,1980-12-07,SF,NO,3,38,35,1,21,28,0
1980,1980-12-07,TB,MIN,0,10,21,1,22,13,0
1980,1980-12-07,WAS,LAC,3,40,17,1,19,5,1
1980,1980-12-08,MIA,NE,3,16,13,1,16,10,1
1980,1980-12-13,LAC,SEA,3,21,14,1,5,26,0
1980,1980-12-13,WAS,NYG,3,16,13,1,19,27,0
1980,1980-12-14,ATL,SF,3,35,10,1,3,21,0
1980,1980-12-14,CHI,CIN,0,14,17,1,17,20,1
1980,1980-12-14,DEN,LV,0,21,24,1,14,7,0
1980,1980-12-14,DET,TB,3,27,14,1,11,22,0
1980,1980-12-14,GB,TEN,0,3,22,1,23,9,0
1980,1980-12-14,IND,MIA,0,14,24,1,18,16,0
1980,1980-12-14,MIN,CLE,3,28,23,1,13,8,1
1980,1980-12-14,NE,BUF,3,24,2,1,10,6,1
1980,1980-12-14,NYJ,NO,0,20,21,1,25,28,1
1980,1980-12-14,PHI,ARI,3,17,3,1,1,24,0
1980,1980-12-14,PIT,KC,3,21,16,1,12,15,0
1980,1980-12-15,LAR,DAL,3,38,14,1,4,2,1
1980,1980-12-20,MIA,NYJ,0,17,24,1,16,25,1
1980,1980-12-20,TB,CHI,0,13,14,1,22,17,0
1980,1980-12-21,ARI,WAS,0,7,31,1,24,19,0
1980,1980-12-21,CIN,CLE,0,24,27,1,20,8,0
1980,1980-12-21,DAL,PHI,3,35,27,1,2,1,1
1980,1980-12-21,DET,GB,3,24,3,1,11,23,0
1980,1980-12-21,IND,KC,0,28,38,1,18,15,0
1980,1980-12-21,LAR,ATL,3,20,17,1,4,3,1
1980,1980-12-21,NO,NE,0,27,38,1,28,10,0
1980,1980-12-21,NYG,LV,0,17,33,1,27,7,0
1980,1980-12-21,SEA,DEN,0,17,25,1,26,14,0
1980,1980-12-21,SF,BUF,0,13,18,1,21,6,0
1980,1980-12-21,TEN,MIN,3,20,16,1,9,13,0
1980,1980-12-22,LAC,PIT,3,26,17,1,5,12,0
1981,1981-09-05,TB,MIN,3,21,13,1,11,18,0
1981,1981-09-06,ARI,MIA,0,7,20,1,21,4,0
1981,1981-09-06,ATL,NO,3,27,0,1,17,26,0
1981,1981-09-06,BUF,NYJ,3,31,0,1,8,5,1
1981,1981-09-06,CHI,GB,0,9,16,1,24,16,0
1981,1981-09-06,CIN,SEA,3,27,21,1,2,23,0
1981,1981-09-06,DEN,LV,3,9,7,1,9,19,0
1981,1981-09-06,DET,SF,3,24,17,1,13,1,1
1981,1981-09-06,LAR,TEN,0,20,27,1,22,20,0
1981,1981-09-06,NE,IND,0,28,29,1,27,28,1
1981,1981-09-06,NYG,PHI,0,10,24,1,12,6,0
1981,1981-09-06,PIT,KC,0,33,37,1,14,10,0
1981,1981-09-06,WAS,DAL,0,10,26,1,15,3,0
1981,1981-09-07,CLE,LAC,0,14,44,1,25,7,0
1981,1981-09-10,MIA,PIT,3,30,10,1,4,14,0
1981,1981-09-13,CLE,TEN,0,3,9,1,25,20,0
1981,1981-09-13,DAL,ARI,3,30,17,1,3,21,0
1981,1981-09-13,GB,ATL,0,17,31,1,16,17,1
1981,1981-09-13,IND,BUF,0,3,35,1,28,8,0
1981,1981-09-13,KC,TB,3,19,10,1,10,11,0
1981,1981-09-13,LAC,DET,3,28,23,1,7,13,0
1981,1981-09-13,NO,LAR,3,23,17,1,26,22,1
1981,1981-09-13,NYJ,CIN,0,30,31,1,5,2,0
1981,1981-09-13,PHI,NE,3,13,3,1,6,27,0
1981,1981-09-13,SEA,DEN,3,13,10,1,23,9,1
1981,1981-09-13,SF,CHI,3,28,17,1,1,24,0
1981,1981-09-13,WAS,NYG,0,7,17,1,15,12,0
1981,1981-09-14,MIN,LV,0,10,36,1,18,19,1
1981,1981-09-17,BUF,PHI,0,14,20,1,8,6,0
1981,1981-09-20,ARI,WAS,3,40,30,1,21,15,1
1981,1981-09-20,ATL,SF,3,34,17,1,17,1,1
1981,1981-09-20,CHI,TB,3,28,17,1,24,11,1
1981,1981-09-20,CIN,CLE,0,17,20,1,2,25,1
1981,1981-09-20,DEN,IND,3,28,10,1,9,28,0
1981,1981-09-20,KC,LAC,0,31,42,1,10,7,0
1981,1981-09-20,LAR,GB,3,35,23,1,22,16,1
1981,1981-09-20,LV,SEA,3,20,10,1,19,23,0
1981,1981-09-20,MIN,DET,3,26,24,1,18,13,1
1981,1981-09-20,NYG,NO,3,20,7,1,12,26,0
1981,1981-09-20,PIT,NYJ,3,38,10,1,14,5,1
1981,1981-09-20,TEN,MIA,0,10,16,1,20,4,0
1981,1981-09-21,NE,DAL,0,21,35,1,27,3,0
1981,1981-09-27,CIN,BUF,3,27,24,1,2,8,0
1981,1981-09-27,CLE,ATL,3,28,17,1,25,17,1
1981,1981-09-27,DAL,NYG,3,18,10,1,3,12,0
1981,1981-09-27,DEN,LAC,3,42,24,1,9,7,1
1981,1981-09-27,DET,LV,3,16,0,1,13,19,0
1981,1981-09-27,GB,MIN,0,13,30,1,16,18,1
1981,1981-09-27,IND,MIA,0,28,31,1,28,4,0
1981,1981-09-27,NYJ,TEN,3,33,17,1,5,20,0
1981,1981-09-27,PHI,WAS,3,36,13,1,6,15,0
1981,1981-09-27,PIT,NE,3,27,21,1,14,27,0
1981,1981-09-27,SEA,KC,0,14,20,1,23,10,0
1981,1981-09-27,SF,NO,3,21,14,1,1,26,0
1981,1981-09-27,TB,ARI,3,20,10,1,11,21,0
1981,1981-09-28,CHI,LAR,0,7,24,1,24,22,0
1981,1981-10-04,ARI,DAL,3,20,17,1,21,3,1
1981,1981-10-04,BUF,IND,3,23,17,1,8,28,0
1981,1981-10-04,LAC,SEA,3,24,10,1,7,23,0
1981,1981-10-04,LAR,CLE,3,27,16,1,22,25,0
1981,1981-10-04,LV,DEN,0,0,17,1,19,9,0
1981,1981-10-04,MIA,NYJ,1,28,28,1,4,5,0
1981,1981-10-04,MIN,CHI,3,24,21,1,18,24,0
1981,1981-10-04,NE,KC,3,33,17,1,27,10,1
1981,1981-10-04,NO,PIT,0,6,20,1,26,14,0
1981,1981-10-04,NYG,GB,0,14,27,1,12,16,1
1981,1981-10-04,TB,DET,3,28,10,1,11,13,0
1981,1981-10-04,TEN,CIN,3,17,10,1,20,2,1
1981,1981-10-04,WAS,SF,0,17,30,1,15,1,0
1981,1981-10-05,PHI,ATL,3,16,13,1,6,17,0
1981,1981-10-11,ATL,LAR,0,35,37,1,17,22,1
1981,1981-10-11,CHI,WAS,0,7,24,1,24,15,0
1981,1981-10-11,DEN,DET,3,27,21,1,9,13,0
1981,1981-10-11,GB,TB,0,10,21,1,16,11,0
1981,1981-10-11,IND,CIN,0,19,41,1,28,2,0
1981,1981-10-11,KC,LV,3,27,0,1,10,19,0
1981,1981-10-11,LAC,MIN,0,31,33,1,7,18,1
1981,1981-10-11,NO,PHI,0,14,31,1,26,6,0
1981,1981-10-11,NYG,ARI,3,34,14,1,12,21,0
1981,1981-10-11,NYJ,NE,3,28,24,1,5,27,0
1981,1981-10-11,PIT,CLE,3,13,7,1,14,25,0
1981,1981-10-11,SF,DAL,3,45,14,1,1,3,0
1981,1981-10-11,TEN,SEA,3,35,17,1,20,23,0
1981,1981-10-12,BUF,MIA,3,31,21,1,8,4,1
1981,1981-10-18,ATL,ARI,3,41,20,1,17,21,0
1981,1981-10-18,CIN,PIT,3,34,7,1,2,14,0
1981,1981-10-18,CLE,NO,3,20,17,1,25,26,0
1981,1981-10-18,DAL,LAR,3,29,17,1,3,22,0
1981,1981-10-18,GB,SF,0,3,13,1,16,1,0
1981,1981-10-18,IND,LAC,0,14,43,1,28,7,0
1981,1981-10-18,KC,DEN,3,28,14,1,10,9,1
1981,1981-10-18,LV,TB,3,18,16,1,19,11,1
1981,1981-10-18,MIA,WAS,3,13,10,1,4,15,0
1981,1981-10-18,MIN,PHI,3,35,23,1,18,6,1
1981,1981-10-18,NE,TEN,3,38,10,1,27,20,1
1981,1981-10-18,NYJ,BUF,3,33,14,1,5,8,0
1981,1981-10-18,SEA,NYG,0,0,32,1,23,12,0
1981,1981-10-19,DET,CHI,3,48,17,1,13,24,0
1981,1981-10-25,ARI,MIN,3,30,17,1,21,18,1
1981,1981-10-25,ATL,NYG,0,24,27,1,17,12,0
1981,1981-10-25,BUF,DEN,3,9,7,1,8,9,0
1981,1981-10-25,CHI,LAC,3,20,17,1,24,7,1
1981,1981-10-25,CLE,IND,3,42,28,1,25,28,0
1981,1981-10-25,DAL,MIA,3,28,27,1,3,4,0
1981,1981-10-25,DET,GB,3,31,27,1,13,16,0
1981,1981-10-25,LV,KC,0,17,28,1,19,10,0
1981,1981-10-25,NO,CIN,3,17,7,1,26,2,1
1981,1981-10-25,NYJ,SEA,0,3,19,1,5,23,1
1981,1981-10-25,PHI,TB,3,20,10,1,6,11,0
1981,1981-10-25,SF,LAR,3,20,17,1,1,22,0
1981,1981-10-25,WAS,NE,3,24,22,1,15,27,0
1981,1981-10-26,PIT,TEN,3,26,13,1,14,20,0
1981,1981-11-01,BUF,CLE,3,22,13,1,8,25,0
1981,1981-11-01,CIN,TEN,3,34,21,1,2,20,0
1981,1981-11-01,GB,SEA,3,34,24,1,16,23,0
1981,1981-11-01,LAC,KC,3,22,20,1,7,10,0
1981,1981-11-01,LAR,DET,3,20,13,1,22,13,1
1981,1981-11-01,LV,NE,3,27,17,1,19,27,0
1981,1981-11-01,MIA,IND,3,27,10,1,4,28,0
1981,1981-11-01,NO,ATL,0,10,41,1,26,17,0
1981,1981-11-01,NYG,NYJ,0,7,26,1,12,5,0
1981,1981-11-01,PHI,DAL,0,14,17,1,6,3,0
1981,1981-11-01,PIT,SF,0,14,17,1,14,1,0
1981,1981-11-01,TB,CHI,3,20,10,1,11,24,0
1981,1981-11-01,WAS,ARI,3,42,21,1,15,21,0
1981,1981-11-02,DEN,MIN,3,19,17,1,9,18,0
1981,1981-11-08,ARI,PHI,0,10,52,1,21,6,0
1981,1981-11-08,DEN,CLE,3,23,20,1,9,25,0
1981,1981-11-08,GB,NYG,3,26,24,1,16,12,1
1981,1981-11-08,IND,NYJ,0,14,41,1,28,5,0
1981,1981-11-08,KC,CHI,0,13,16,1,10,24,1
1981,1981-11-08,LAC,CIN,0,17,40,1,7,2,0
1981,1981-11-08,LAR,NO,0,13,21,1,22,26,1
1981,1981-11-08,MIN,TB,3,25,10,1,18,11,1
1981,1981-11-08,NE,MIA,0,27,30,1,27,4,0
1981,1981-11-08,SEA,PIT,3,24,21,1,23,14,1
1981,1981-11-08,SF,ATL,3,17,14,1,1,17,0
1981,1981-11-08,TEN,LV,3,17,16,1,20,19,1
1981,1981-11-08,WAS,DET,3,33,31,1,15,13,1
1981,1981-11-09,DAL,BUF,3,27,14,1,3,8,0
1981,1981-11-15,ARI,BUF,3,24,0,1,21,8,1
1981,1981-11-15,ATL,PIT,0,20,34,1,17,14,0
1981,1981-11-15,CIN,LAR,3,24,10,1,2,22,0
1981,1981-11-15,DET,DAL,3,27,24,1,13,3,1
1981,1981-11-15,GB,CHI,3,21,17,1,16,24,0
1981,1981-11-15,KC,TEN,3,23,10,1,10,20,0
1981,1981-11-15,MIA,LV,0,17,33,1,4,19,1
1981,1981-11-15,MIN,NO,3,20,10,1,18,26,0
1981,1981-11-15,NE,NYJ,0,6,17,1,27,5,0
1981,1981-11-15,NYG,WAS,0,27,30,1,12,15,1
1981,1981-11-15,PHI,IND,3,38,13,1,6,28,0
1981,1981-11-15,SF,CLE,0,12,15,1,1,25,1
1981,1981-11-15,TB,DEN,0,7,24,1,11,9,0
1981,1981-11-16,SEA,LAC,3,44,23,1,23,7,1
1981,1981-11-22,BUF,NE,3,20,17,1,8,27,0
1981,1981-11-22,CHI,DET,0,7,23,1,24,13,0
1981,1981-11-22,CIN,DEN,3,38,21,1,2,9,0
1981,1981-11-22,CLE,PIT,0,10,32,1,25,14,0
1981,1981-11-22,DAL,WAS,3,24,10,1,3,15,0
1981,1981-11-22,IND,ARI,0,24,35,1,28,21,0
1981,1981-11-22,KC,SEA,3,40,13,1,10,23,0
1981,1981-11-22,LAR,SF,0,31,33,1,22,1,0
1981,1981-11-22,LV,LAC,0,21,55,1,19,7,0
1981,1981-11-22,NYJ,MIA,3,16,15,1,5,4,1
1981,1981-11-22,PHI,NYG,0,10,20,1,6,12,1
1981,1981-11-22,TB,GB,3,37,3,1,11,16,0
1981,1981-11-22,TEN,NO,0,24,27,1,20,26,1
1981,1981-11-23,ATL,MIN,3,31,30,1,17,18,0
1981,1981-11-26,DAL,CHI,3,10,9,1,3,24,0
1981,1981-11-26,DET,KC,3,27,10,1,13,10,1
1981,1981-11-29,BUF,WAS,3,21,14,1,8,15,0
1981,1981-11-29,CLE,CIN,0,21,41,1,25,2,0
1981,1981-11-29,LAC,DEN,3,34,17,1,7,9,0
1981,1981-11-29,MIN,GB,0,23,35,1,18,16,0
1981,1981-11-29,NE,ARI,0,20,27,1,27,21,0
1981,1981-11-29,NO,TB,0,14,31,1,26,11,0
1981,1981-11-29,NYJ,IND,3,25,0,1,5,28,0
1981,1981-11-29,PIT,LAR,3,24,0,1,14,22,0
1981,1981-11-29,SEA,LV,0,31,32,1,23,19,0
1981,1981-11-29,SF,NYG,3,17,10,1,1,12,0
1981,1981-11-29,TEN,ATL,0,27,31,1,20,17,0
1981,1981-11-30,MIA,PHI,3,13,10,1,4,6,0
1981,1981-12-03,TEN,CLE,3,17,13,1,20,25,0
1981,1981-12-06,ARI,NO,3,30,3,1,21,26,0
1981,1981-12-06,CHI,MIN,3,10,9,1,24,18,1
1981,1981-12-06,CIN,SF,0,3,21,1,2,1,0
1981,1981-12-06,DEN,KC,3,16,13,1,9,10,0
1981,1981-12-06,GB,DET,3,31,17,1,16,13,1
1981,1981-12-06,IND,DAL,0,13,37,1,28,3,0
1981,1981-12-06,LAC,BUF,0,27,28,1,7,8,1
1981,1981-12-06,MIA,NE,3,24,14,1,4,27,0
1981,1981-12-06,NYG,LAR,3,10,7,1,12,22,0
1981,1981-12-06,SEA,NYJ,3,27,23,1,23,5,1
1981,1981-12-06,TB,ATL,3,24,23,1,11,17,0
1981,1981-12-06,WAS,PHI,3,15,13,1,15,6,1
1981,1981-12-07,LV,PIT,3,30,27,1,19,14,1
1981,1981-12-12,CLE,NYJ,0,13,14,1,25,5,0
1981,1981-12-12,DET,MIN,3,45,7,1,13,18,0
1981,1981-12-13,ARI,NYG,0,10,20,1,21,12,0
1981,1981-12-13,DAL,PHI,3,21,10,1,3,6,0
1981,1981-12-13,DEN,SEA,3,23,13,1,9,23,0
1981,1981-12-13,KC,MIA,0,7,17,1,10,4,0
1981,1981-12-13,LV,CHI,0,6,23,1,19,24,1
1981,1981-12-13,NE,BUF,0,10,19,1,27,8,0
1981,1981-12-13,NO,GB,0,7,35,1,26,16,0
1981,1981-12-13,PIT,CIN,0,10,17,1,14,2,0
1981,1981-12-13,SF,TEN,3,28,6,1,1,20,0
1981,1981-12-13,TB,LAC,0,23,24,1,11,7,0
1981,1981-12-13,WAS,IND,3,38,14,1,15,28,0
1981,1981-12-14,LAR,ATL,3,21,16,1,22,17,1
1981,1981-12-19,MIA,BUF,3,16,6,1,4,8,0
1981,1981-12-19,NYG,DAL,3,13,10,1,12,3,1
1981,1981-12-20,ATL,CIN,0,28,30,1,17,2,0
1981,1981-12-20,CHI,DEN,3,35,24,1,24,9,1
1981,1981-12-20,DET,TB,0,17,20,1,13,11,0
1981,1981-12-20,IND,NE,3,23,21,1,28,27,1
1981,1981-12-20,LAR,WAS,0,7,30,1,22,15,0
1981,1981-12-20,MIN,KC,0,6,10,1,18,10,0
1981,1981-12-20,NO,SF,0,17,21,1,26,1,0
1981,1981-12-20,NYJ,GB,3,28,3,1,5,16,0
1981,1981-12-20,PHI,ARI,3,38,0,1,6,21,0
1981,1981-12-20,SEA,CLE,3,42,21,1,23,25,0
1981,1981-12-20,TEN,PIT,3,21,20,1,20,14,1
1981,1981-12-21,LAC,LV,3,23,10,1,7,19,0
1982,1982-09-12,BUF,KC,3,14,9,1,17,23,0
1982,1982-09-12,CIN,TEN,3,27,6,1,4,27,0
1982,1982-09-12,DEN,LAC,0,3,23,1,26,7,0
1982,1982-09-12,DET,CHI,3,17,10,1,15,24,0
1982,1982-09-12,GB,LAR,3,35,23,1,9,25,0
1982,1982-09-12,IND,NE,0,13,24,1,28,11,0
1982,1982-09-12,MIN,TB,3,17,10,1,10,13,0
1982,1982-09-12,NO,ARI,0,7,21,1,19,14,0
1982,1982-09-12,NYG,ATL,0,14,16,1,16,12,0
1982,1982-09-12,NYJ,MIA,0,28,45,1,6,3,0
1982,1982-09-12,PHI,WAS,0,34,37,1,22,1,0
1982,1982-09-12,SEA,CLE,0,7,21,1,18,20,1
1982,1982-09-12,SF,LV,0,17,23,1,21,2,0
1982,1982-09-13,DAL,PIT,0,28,36,1,5,8,1
1982,1982-09-16,BUF,MIN,3,23,22,1,17,10,1
1982,1982-09-19,ARI,DAL,0,7,24,1,14,5,0
1982,1982-09-19,ATL,LV,0,14,38,1,12,2,0
1982,1982-09-19,CHI,NO,0,0,10,1,24,19,0
1982,1982-09-19,CLE,PHI,0,21,24,1,20,22,1
1982,1982-09-19,DEN,SF,3,24,21,1,26,21,1
1982,1982-09-19,KC,LAC,3,19,12,1,23,7,1
1982,1982-09-19,LAR,DET,0,14,19,1,25,15,0
1982,1982-09-19,MIA,IND,3,24,20,1,3,28,0
1982,1982-09-19,NE,NYJ,0,7,31,1,11,6,0
1982,1982-09-19,PIT,CIN,3,26,20,1,8,4,1
1982,1982-09-19,TB,WAS,0,13,21,1,13,1,0
1982,1982-09-19,TEN,SEA,3,23,21,1,27,18,1
1982,1982-09-20,NYG,GB,0,19,27,1,16,9,0
1982,1982-11-21,ARI,SF,0,20,31,1,14,21,1
1982,1982-11-21,ATL,LAR,3,34,17,1,12,25,0
1982,1982-11-21,BUF,MIA,0,7,9,1,17,3,0
1982,1982-11-21,CHI,DET,3,20,17,1,24,15,1
1982,1982-11-21,CLE,NE,3,10,7,1,20,11,1
1982,1982-11-21,DAL,TB,3,14,9,1,5,13,0
1982,1982-11-21,DEN,SEA,0,10,17,1,26,18,0
1982,1982-11-21,GB,MIN,3,26,7,1,9,10,0
1982,1982-11-21,NO,KC,3,27,17,1,19,23,0
1982,1982-11-21,NYG,WAS,0,17,27,1,16,1,0
1982,1982-11-21,NYJ,IND,3,37,0,1,6,28,0
1982,1982-11-21,PHI,CIN,0,14,18,1,22,4,0
1982,1982-11-21,TEN,PIT,0,10,24,1,27,8,0
1982,1982-11-22,LV,LAC,3,28,24,1,2,7,0
1982,1982-11-25,DAL,CLE,3,31,14,1,5,20,0
1982,1982-11-25,DET,NYG,0,6,13,1,15,16,1
1982,1982-11-28,ATL,ARI,0,20,23,1,12,14,1
1982,1982-11-28,BUF,IND,3,20,0,1,17,28,0
1982,1982-11-28,CIN,LV,3,31,17,1,4,2,1
1982,1982-11-28,LAC,DEN,3,30,20,1,7,26,0
1982,1982-11-28,LAR,KC,3,20,14,1,25,23,1
1982,1982-11-28,MIN,CHI,3,35,7,1,10,24,0
1982,1982-11-28,NE,TEN,3,29,21,1,11,27,0
1982,1982-11-28,NYJ,GB,3,15,13,1,6,9,0
1982,1982-11-28,SEA,PIT,3,16,0,1,18,8,1
1982,1982-11-28,SF,NO,0,20,23,1,21,19,0
1982,1982-11-28,WAS,PHI,3,13,9,1,1,22,0
1982,1982-11-29,TB,MIA,3,23,17,1,13,3,1
1982,1982-12-02,LAR,SF,0,24,30,1,25,21,0
1982,1982-12-05,CHI,NE,3,26,13,1,24,11,1
1982,1982-12-05,CLE,LAC,0,13,30,1,20,7,0
1982,1982-12-05,DEN,ATL,0,27,34,1,26,12,0
1982,1982-12-05,GB,BUF,3,33,21,1,9,17,0
1982,1982-12-05,IND,CIN,0,17,20,1,28,4,0
1982,1982-12-05,LV,SEA,3,28,23,1,2,18,0
1982,1982-12-05,MIA,MIN,3,22,14,1,3,10,0
1982,1982-12-05,NO,TB,0,10,13,1,19,13,0
1982,1982-12-05,NYG,TEN,3,17,14,1,16,27,0
1982,1982-12-05,PHI,ARI,0,20,23,1,22,14,0
1982,1982-12-05,PIT,KC,3,35,14,1,8,23,0
1982,1982-12-05,WAS,DAL,0,10,24,1,1,5,1
1982,1982-12-06,DET,NYJ,0,13,28,1,15,6,0
1982,1982-12-11,NYG,PHI,3,23,7,1,16,22,0
1982,1982-12-11,SF,LAC,0,37,41,1,21,7,0
1982,1982-12-12,ARI,WAS,0,7,12,1,14,1,0
1982,1982-12-12,ATL,NO,3,35,0,1,12,19,0
1982,1982-12-12,BUF,PIT,3,13,0,1,17,8,1
1982,1982-12-12,CIN,CLE,3,23,10,1,4,20,0
1982,1982-12-12,GB,DET,0,10,30,1,9,15,1
1982,1982-12-12,KC,LV,0,16,21,1,23,2,0
1982,1982-12-12,LAR,DEN,0,24,27,1,25,26,1
1982,1982-12-12,MIN,IND,3,13,10,1,10,28,0
1982,1982-12-12,NE,MIA,3,3,0,1,11,3,1
1982,1982-12-12,NYJ,TB,3,32,17,1,6,13,0
1982,1982-12-12,SEA,CHI,3,20,14,1,18,24,0
1982,1982-12-13,TEN,DAL,0,7,37,1,27,5,0
1982,1982-12-18,LV,LAR,3,37,31,1,2,25,0
1982,1982-12-18,MIA,NYJ,3,20,19,1,3,6,0
1982,1982-12-19,CHI,ARI,0,7,10,1,24,14,0
1982,1982-12-19,CLE,PIT,3,10,9,1,20,8,1
1982,1982-12-19,DAL,NO,3,21,7,1,5,19,0
1982,1982-12-19,DEN,KC,0,16,37,1,26,23,0
1982,1982-12-19,DET,MIN,0,31,34,1,15,10,0
1982,1982-12-19,IND,GB,1,20,20,1,28,9,0
1982,1982-12-19,PHI,TEN,3,35,14,1,22,27,0
1982,1982-12-19,SEA,NE,0,0,16,1,18,11,0
1982,1982-12-19,SF,ATL,0,7,17,1,21,12,0
1982,1982-12-19,TB,BUF,3,24,23,1,13,17,0
1982,1982-12-19,WAS,NYG,3,15,14,1,1,16,0
1982,1982-12-20,LAC,CIN,3,50,34,1,7,4,1
1982,1982-12-26,ARI,NYG,3,24,21,1,14,16,0
1982,1982-12-26,ATL,GB,0,7,38,1,12,9,0
1982,1982-12-26,CIN,SEA,3,24,10,1,4,18,0
1982,1982-12-26,DAL,PHI,0,20,24,1,5,22,1
1982,1982-12-26,KC,SF,0,13,26,1,23,21,0
1982,1982-12-26,LAC,IND,3,44,26,1,7,28,0
1982,1982-12-26,LAR,CHI,0,26,34,1,25,24,0
1982,1982-12-26,LV,DEN,3,27,10,1,2,26,0
1982,1982-12-26,MIN,NYJ,0,14,42,1,10,6,0
1982,1982-12-26,NO,WAS,0,10,27,1,19,1,0
1982,1982-12-26,PIT,NE,3,37,14,1,8,11,0
1982,1982-12-26,TB,DET,3,23,21,1,13,15,0
1982,1982-12-26,TEN,CLE,0,14,20,1,27,20,0
1982,1982-12-27,MIA,BUF,3,27,10,1,3,17,0
1982,1983-01-02,DET,GB,3,27,24,1,15,9,1
1982,1983-01-02,IND,MIA,0,7,34,1,28,3,0
1982,1983-01-02,KC,NYJ,3,37,13,1,23,6,1
1982,1983-01-02,LAC,LV,0,34,41,1,7,2,0
1982,1983-01-02,NE,BUF,3,30,19,1,11,17,0
1982,1983-01-02,NO,ATL,3,35,6,1,19,12,1
1982,1983-01-02,PHI,NYG,0,24,26,1,22,16,0
1982,1983-01-02,PIT,CLE,3,37,21,1,8,20,0
1982,1983-01-02,SEA,DEN,3,13,11,1,18,26,0
1982,1983-01-02,SF,LAR,0,20,21,1,21,25,1
1982,1983-01-02,TB,CHI,3,26,23,1,13,24,0
1982,1983-01-02,TEN,CIN,0,27,35,1,27,4,0
1982,1983-01-02,WAS,ARI,3,28,0,1,1,14,0
1982,1983-01-03,MIN,DAL,3,31,27,1,10,5,1
1983,1983-09-03,SF,PHI,0,17,22,1,5,25,1
1983,1983-09-04,BUF,MIA,0,0,12,1,18,2,0
1983,1983-09-04,CHI,ATL,0,17,20,1,13,21,1
1983,1983-09-04,CIN,LV,0,10,20,1,19,4,0
1983,1983-09-04,CLE,MIN,0,21,27,1,9,17,1
1983,1983-09-04,KC,SEA,3,17,13,1,23,10,1
1983,1983-09-04,LAC,NYJ,0,29,41,1,24,20,0
1983,1983-09-04,NE,IND,0,23,29,1,15,22,1
1983,1983-09-04,NO,ARI,3,28,17,1,16,12,1
1983,1983-09-04,NYG,LAR,0,6,16,1,26,8,0
1983,1983-09-04,PIT,DEN,0,10,14,1,6,11,1
1983,1983-09-04,TB,DET,0,0,11,1,27,7,0
1983,1983-09-04,TEN,GB,0,38,41,1,28,14,0
1983,1983-09-05,WAS,DAL,0,30,31,1,1,3,1
1983,1983-09-08,MIN,SF,0,17,48,1,17,5,0
1983,1983-09-11,ARI,DAL,0,17,34,1,12,3,0
1983,1983-09-11,ATL,NYG,0,13,16,1,21,26,1
1983,1983-09-11,CHI,TB,3,17,10,1,13,27,0
1983,1983-09-11,CIN,BUF,0,6,10,1,19,18,0
1983,1983-09-11,DET,CLE,0,26,31,1,7,9,1
1983,1983-09-11,GB,PIT,0,21,25,1,14,6,0
1983,1983-09-11,IND,DEN,0,10,17,1,22,11,0
1983,1983-09-11,LAR,NO,3,30,27,1,8,16,0
1983,1983-09-11,LV,TEN,3,20,6,1,4,28,0
1983,1983-09-11,MIA,NE,3,34,24,1,2,15,0
1983,1983-09-11,NYJ,SEA,0,10,17,1,20,10,0
1983,1983-09-11,PHI,WAS,0,13,23,1,25,1,0
1983,1983-09-12,KC,LAC,0,14,17,1,23,24,1
1983,1983-09-15,CLE,CIN,3,17,7,1,9,19,0
1983,1983-09-18,ARI,SF,0,27,42,1,12,5,0
1983,1983-09-18,BUF,IND,3,28,23,1,18,22,0
1983,1983-09-18,DAL,NYG,3,28,13,1,3,26,0
1983,1983-09-18,DEN,PHI,0,10,13,1,11,25,1
1983,1983-09-18,DET,ATL,0,14,30,1,7,21,1
1983,1983-09-18,GB,LAR,3,27,24,1,14,8,1
1983,1983-09-18,NE,NYJ,3,23,13,1,15,20,0
1983,1983-09-18,NO,CHI,3,34,31,1,16,13,1
1983,1983-09-18,SEA,LAC,3,34,31,1,10,24,0
1983,1983-09-18,TB,MIN,0,16,19,1,27,17,0
1983,1983-09-18,TEN,PIT,0,28,40,1,28,6,0
1983,1983-09-18,WAS,KC,3,27,12,1,1,23,0
1983,1983-09-19,LV,MIA,3,27,14,1,4,2,1
1983,1983-09-25,BUF,TEN,3,30,13,1,18,28,0
1983,1983-09-25,DAL,NO,3,21,20,1,3,16,0
1983,1983-09-25,DEN,LV,0,7,22,1,11,4,0
1983,1983-09-25,IND,CHI,3,22,19,1,22,13,1
1983,1983-09-25,LAC,CLE,0,24,30,1,24,9,0
1983,1983-09-25,MIA,KC,3,14,6,1,2,23,0
1983,1983-09-25,MIN,DET,3,20,17,1,17,7,1
1983,1983-09-25,NYJ,LAR,3,27,24,1,20,8,1
1983,1983-09-25,PHI,ARI,0,11,14,1,25,12,0
1983,1983-09-25,PIT,NE,0,23,28,1,6,15,1
1983,1983-09-25,SEA,WAS,0,17,27,1,10,1,0
1983,1983-09-25,SF,ATL,3,24,20,1,5,21,0
1983,1983-09-25,TB,CIN,0,17,23,1,27,19,0
1983,1983-09-26,NYG,GB,3,27,3,1,26,14,1
1983,1983-10-02,ATL,PHI,0,24,28,1,21,25,1
1983,1983-10-02,CHI,DEN,3,31,14,1,13,11,1
1983,1983-10-02,CIN,IND,0,31,34,1,19,22,1
1983,1983-10-02,CLE,SEA,0,9,24,1,9,10,1
1983,1983-10-02,GB,TB,3,55,14,1,14,27,0
1983,1983-10-02,KC,ARI,3,38,14,1,23,12,1
1983,1983-10-02,LAR,DET,3,21,10,1,8,7,1
1983,1983-10-02,MIN,DAL,0,24,37,1,17,3,0
1983,1983-10-02,NE,SF,0,13,33,1,15,5,0
1983,1983-10-02,NO,MIA,3,17,7,1,16,2,1
1983,1983-10-02,NYG,LAC,0,34,41,1,26,24,0
1983,1983-10-02,PIT,TEN,3,17,10,1,6,28,0
1983,1983-10-02,WAS,LV,3,37,35,1,1,4,0
1983,1983-10-03,BUF,NYJ,0,10,34,1,18,20,1
1983,1983-10-09,ARI,WAS,0,14,38,1,12,1,0
1983,1983-10-09,ATL,NO,0,17,19,1,21,16,0
1983,1983-10-09,CHI,MIN,0,14,23,1,13,17,1
1983,1983-10-09,CLE,NYJ,3,10,7,1,9,20,0
1983,1983-10-09,DAL,TB,3,27,24,1,3,27,0
1983,1983-10-09,DET,GB,3,38,14,1,7,14,0
1983,1983-10-09,IND,NE,3,12,7,1,22,15,1
1983,1983-10-09,LAC,SEA,3,28,21,1,24,10,1
1983,1983-10-09,LV,KC,3,21,20,1,4,23,0
1983,1983-10-09,MIA,BUF,0,35,38,1,2,18,1
1983,1983-10-09,NYG,PHI,0,13,17,1,26,25,0
1983,1983-10-09,SF,LAR,0,7,10,1,5,8,1
1983,1983-10-09,TEN,DEN,0,14,26,1,28,11,0
1983,1983-10-10,CIN,PIT,0,14,24,1,19,6,0
1983,1983-10-16,DAL,PHI,3,37,7,1,3,25,0
1983,1983-10-16,DEN,CIN,3,24,17,1,11,19,0
1983,1983-10-16,DET,CHI,3,31,17,1,7,13,0
1983,1983-10-16,IND,BUF,0,7,30,1,22,18,0
1983,1983-10-16,KC,NYG,3,38,17,1,23,26,0
1983,1983-10-16,LAR,ATL,3,27,21,1,8,21,0
1983,1983-10-16,MIN,TEN,3,34,14,1,17,28,0
1983,1983-10-16,NE,LAC,3,37,21,1,15,24,0
1983,1983-10-16,NO,SF,0,13,32,1,16,5,0
1983,1983-10-16,NYJ,MIA,0,14,32,1,20,2,0
1983,1983-10-16,PIT,CLE,3,44,17,1,6,9,0
1983,1983-10-16,SEA,LV,3,38,36,1,10,4,1
1983,1983-10-16,TB,ARI,0,27,34,1,27,12,0
1983,1983-10-17,GB,WAS,3,48,47,1,14,1,1
1983,1983-10-23,BUF,NE,0,0,31,1,18,15,0
1983,1983-10-23,CIN,CLE,3,28,21,1,19,9,1
1983,1983-10-23,DAL,LV,0,38,40,1,3,4,1
1983,1983-10-23,DEN,LAC,3,14,6,1,11,24,0
1983,1983-10-23,GB,MIN,0,17,20,1,14,17,1
1983,1983-10-23,IND,MIA,0,7,21,1,22,2,0
1983,1983-10-23,LAR,SF,0,35,45,1,8,5,0
1983,1983-10-23,NYJ,ATL,0,21,27,1,20,21,1
1983,1983-10-23,PHI,CHI,0,6,7,1,25,13,0
1983,1983-10-23,SEA,PIT,0,21,27,1,10,6,0
1983,1983-10-23,TB,NO,0,21,24,1,27,16,0
1983,1983-10-23,TEN,KC,0,10,13,1,28,23,0
1983,1983-10-23,WAS,DET,3,38,17,1,1,7,0
1983,1983-10-24,ARI,NYG,1,20,20,1,12,26,0
1983,1983-10-30,ARI,MIN,3,41,31,1,12,17,0
1983,1983-10-30,ATL,NE,3,24,13,1,21,15,1
1983,1983-10-30,BUF,NO,3,27,21,1,18,16,1
1983,1983-10-30,CHI,DET,0,17,38,1,13,7,0
1983,1983-10-30,CIN,GB,3,34,14,1,19,14,1
1983,1983-10-30,CLE,TEN,3,25,19,1,9,28,0
1983,1983-10-30,DEN,KC,3,27,24,1,11,23,0
1983,1983-10-30,LV,SEA,0,21,34,1,4,10,1
1983,1983-10-30,MIA,LAR,3,30,14,1,2,8,0
1983,1983-10-30,NYG,DAL,0,20,38,1,26,3,0
1983,1983-10-30,PHI,IND,0,21,22,1,25,22,0
1983,1983-10-30,PIT,TB,3,17,12,1,6,27,0
1983,1983-10-30,SF,NYJ,0,13,27,1,5,20,1
1983,1983-10-31,LAC,WAS,0,24,27,1,24,1,0
1983,1983-11-06,GB,CLE,3,35,21,1,14,9,1
1983,1983-11-06,KC,LV,0,20,28,1,23,4,0
1983,1983-11-06,LAR,CHI,3,21,14,1,8,13,0
1983,1983-11-06,MIN,TB,0,12,17,1,17,27,1
1983,1983-11-06,NE,BUF,3,21,7,1,15,18,0
1983,1983-11-06,NO,ATL,3,27,10,1,16,21,0
1983,1983-11-06,NYJ,IND,0,14,17,1,20,22,1
1983,1983-11-06,PHI,DAL,0,20,27,1,25,3,0
1983,1983-11-06,PIT,LAC,3,26,3,1,6,24,0
1983,1983-11-06,SEA,DEN,3,27,19,1,10,11,0
1983,1983-11-06,SF,MIA,0,17,20,1,5,2,0
1983,1983-11-06,TEN,CIN,0,14,55,1,28,19,0
1983,1983-11-06,WAS,ARI,3,45,7,1,1,12,0
1983,1983-11-07,DET,NYG,3,15,9,1,7,26,0
1983,1983-11-13,ARI,SEA,3,33,28,1,12,10,1
1983,1983-11-13,CHI,PHI,3,17,14,1,13,25,0
1983,1983-11-13,CLE,TB,3,20,0,1,9,27,0
1983,1983-11-13,IND,PIT,0,13,24,1,22,6,0
1983,1983-11-13,KC,CIN,3,20,15,1,23,19,1
1983,1983-11-13,LAC,DAL,3,24,23,1,24,3,1
1983,1983-11-13,LV,DEN,3,22,20,1,4,11,0
1983,1983-11-13,MIN,GB,0,21,29,1,17,14,0
1983,1983-11-13,NE,MIA,3,17,6,1,15,2,1
1983,1983-11-13,NYG,WAS,0,17,33,1,26,1,0
1983,1983-11-13,NYJ,BUF,0,17,24,1,20,18,0
1983,1983-11-13,SF,NO,3,27,0,1,5,16,0
1983,1983-11-13,TEN,DET,3,27,17,1,28,7,1
1983,1983-11-14,ATL,LAR,0,13,36,1,21,8,0
1983,1983-11-20,ARI,LAC,3,44,14,1,12,24,0
1983,1983-11-20,ATL,SF,3,28,24,1,21,5,1
1983,1983-11-20,BUF,LV,0,24,27,1,18,4,0
1983,1983-11-20,CIN,TEN,3,38,10,1,19,28,0
1983,1983-11-20,DAL,KC,3,41,21,1,3,23,0
1983,1983-11-20,DEN,SEA,3,38,27,1,11,10,1
1983,1983-11-20,GB,DET,0,20,23,1,14,7,0
1983,1983-11-20,LAR,WAS,0,20,42,1,8,1,0
1983,1983-11-20,MIA,IND,3,37,0,1,2,22,0
1983,1983-11-20,NE,CLE,0,0,30,1,15,9,0
1983,1983-11-20,PHI,NYG,0,0,23,1,25,26,1
1983,1983-11-20,PIT,MIN,0,14,17,1,6,17,1
1983,1983-11-20,TB,CHI,0,0,27,1,27,13,0
1983,1983-11-21,NO,NYJ,0,28,31,1,16,20,1
1983,1983-11-24,DAL,ARI,3,35,17,1,3,12,0
1983,1983-11-24,DET,PIT,3,45,3,1,7,6,1
1983,1983-11-27,ATL,GB,3,47,41,1,21,14,1
1983,1983-11-27,CHI,SF,3,13,3,1,13,5,1
1983,1983-11-27,CLE,IND,3,41,23,1,9,22,0
1983,1983-11-27,LAC,DEN,3,31,7,1,24,11,1
1983,1983-11-27,LAR,BUF,3,41,17,1,8,18,0
1983,1983-11-27,LV,NYG,3,27,12,1,4,26,0
1983,1983-11-27,NO,MIN,3,17,16,1,16,17,0
1983,1983-11-27,NYJ,NE,3,26,3,1,20,15,1
1983,1983-11-27,SEA,KC,3,51,48,1,10,23,0
1983,1983-11-27,TB,TEN,3,33,24,1,27,28,0
1983,1983-11-27,WAS,PHI,3,28,24,1,1,25,0
1983,1983-11-28,MIA,CIN,3,38,14,1,2,19,0
1983,1983-12-01,LAC,LV,0,10,42,1,24,4,0
1983,1983-12-04,DEN,CLE,3,27,6,1,11,9,1
1983,1983-12-04,GB,CHI,3,31,28,1,14,13,1
1983,1983-12-04,IND,NYJ,0,6,10,1,22,20,0
1983,1983-12-04,KC,BUF,0,9,14,1,23,18,0
1983,1983-12-04,NE,NO,3,7,0,1,15,16,0
1983,1983-12-04,NYG,ARI,0,6,10,1,26,12,0
1983,1983-12-04,PHI,LAR,3,13,9,1,25,8,1
1983,1983-12-04,PIT,CIN,0,10,23,1,6,19,1
1983,1983-12-04,SEA,DAL,0,10,35,1,10,3,0
1983,1983-12-04,SF,TB,3,35,21,1,5,27,0
1983,1983-12-04,TEN,MIA,0,17,24,1,28,2,0
1983,1983-12-04,WAS,ATL,3,37,21,1,1,21,0
1983,1983-12-05,DET,MIN,3,13,2,1,7,17,0
1983,1983-12-10,MIA,ATL,3,31,24,1,2,21,0
1983,1983-12-10,NYJ,PIT,0,7,34,1,20,6,0
1983,1983-12-11,BUF,SF,0,10,23,1,18,5,0
1983,1983-12-11,CIN,DET,3,17,9,1,19,7,1
1983,1983-12-11,DAL,WAS,0,10,31,1,3,1,0
1983,1983-12-11,DEN,IND,3,21,19,1,11,22,0
1983,1983-12-11,LAC,KC,3,41,38,1,24,23,1
1983,1983-12-11,LAR,NE,0,7,21,1,8,15,1
1983,1983-12-11,LV,ARI,0,24,34,1,4,12,1
1983,1983-12-11,MIN,CHI,0,13,19,1,17,13,0
1983,1983-12-11,NYG,SEA,0,12,17,1,26,10,0
1983,1983-12-11,PHI,NO,0,17,20,1,25,16,0
1983,1983-12-11,TEN,CLE,3,34,27,1,28,9,1
1983,1983-12-12,TB,GB,0,9,12,1,27,14,0
1983,1983-12-16,MIA,NYJ,3,34,14,1,2,20,0
1983,1983-12-17,MIN,CIN,3,20,14,1,17,19,0
1983,1983-12-17,WAS,NYG,3,31,22,1,1,26,0
1983,1983-12-18,ARI,PHI,3,31,7,1,12,25,0
1983,1983-12-18,ATL,BUF,3,31,14,1,21,18,1
1983,1983-12-18,CHI,GB,3,23,21,1,13,14,0
1983,1983-12-18,CLE,PIT,3,30,17,1,9,6,1
1983,1983-12-18,DET,TB,3,23,20,1,7,27,0
1983,1983-12-18,IND,TEN,3,20,10,1,22,28,0
1983,1983-12-18,KC,DEN,3,48,17,1,23,11,1
1983,1983-12-18,LV,LAC,3,30,14,1,4,24,0
1983,1983-12-18,NO,LAR,0,24,26,1,16,8,0
1983,1983-12-18,SEA,NE,3,24,6,1,10,15,0
1983,1983-12-19,SF,DAL,3,42,17,1,5,3,1
1984,1984-09-02,BUF,NE,0,17,21,1,28,11,0
1984,1984-09-02,CHI,TB,3,34,14,1,7,21,0
1984,1984-09-02,DEN,CIN,3,20,17,1,3,15,0
1984,1984-09-02,DET,SF,0,27,30,1,23,1,0
1984,1984-09-02,GB,ARI,3,24,23,1,14,9,1
1984,1984-09-02,IND,NYJ,0,14,23,1,25,18,0
1984,1984-09-02,MIN,LAC,0,13,42,1,27,17,0
1984,1984-09-02,NO,ATL,0,28,36,1,19,24,1
1984,1984-09-02,NYG,PHI,3,28,27,1,13,20,0
1984,1984-09-02,PIT,KC,0,27,37,1,10,16,1
1984,1984-09-02,TEN,LV,0,14,24,1,26,6,0
1984,1984-09-02,WAS,MIA,0,17,35,1,5,2,0
1984,1984-09-03,LAR,DAL,0,13,20,1,8,12,1
1984,1984-09-03,SEA,CLE,3,33,0,1,4,22,0
1984,1984-09-06,NYJ,PIT,0,17,23,1,18,10,0
1984,1984-09-09,ARI,BUF,3,37,7,1,9,28,0
1984,1984-09-09,ATL,DET,0,24,27,1,24,23,0
1984,1984-09-09,CHI,DEN,3,27,0,1,7,3,1
1984,1984-09-09,CIN,KC,0,22,27,1,15,16,1
1984,1984-09-09,LAR,CLE,3,20,17,1,8,22,0
1984,1984-09-09,LV,GB,3,28,7,1,6,14,0
1984,1984-09-09,MIA,NE,3,28,7,1,2,11,0
1984,1984-09-09,NO,TB,3,17,13,1,19,21,0
1984,1984-09-09,NYG,DAL,3,28,7,1,13,12,1
1984,1984-09-09,PHI,MIN,3,19,17,1,20,27,0
1984,1984-09-09,SEA,LAC,3,31,17,1,4,17,0
1984,1984-09-09,TEN,IND,0,21,35,1,26,25,0
1984,1984-09-10,SF,WAS,3,37,31,1,1,5,0
1984,1984-09-16,CLE,DEN,0,14,24,1,22,3,0
1984,1984-09-16,DAL,PHI,3,23,17,1,12,20,0
1984,1984-09-16,GB,CHI,0,7,9,1,14,7,0
1984,1984-09-16,IND,ARI,0,33,34,1,25,9,0
1984,1984-09-16,KC,LV,0,20,22,1,16,6,0
1984,1984-09-16,LAC,TEN,3,31,14,1,17,26,0
1984,1984-09-16,MIN,ATL,3,27,20,1,27,24,1
1984,1984-09-16,NE,SEA,3,38,23,1,11,4,1
1984,1984-09-16,NYJ,CIN,3,43,23,1,18,15,1
1984,1984-09-16,PIT,LAR,3,24,14,1,10,8,1
1984,1984-09-16,SF,NO,3,30,20,1,1,19,0
1984,1984-09-16,TB,DET,3,21,17,1,21,23,0
1984,1984-09-16,WAS,NYG,3,30,14,1,5,13,0
1984,1984-09-17,BUF,MIA,0,17,21,1,28,2,0
1984,1984-09-23,ATL,TEN,3,42,10,1,24,26,0
1984,1984-09-23,BUF,NYJ,0,26,28,1,28,18,0
1984,1984-09-23,CIN,LAR,0,14,24,1,15,8,0
1984,1984-09-23,CLE,PIT,3,20,10,1,22,10,1
1984,1984-09-23,DAL,GB,3,20,6,1,12,14,0
1984,1984-09-23,DEN,KC,3,21,0,1,3,16,0
1984,1984-09-23,DET,MIN,0,28,29,1,23,27,1
1984,1984-09-23,MIA,IND,3,44,7,1,2,25,0
1984,1984-09-23,NE,WAS,0,10,26,1,11,5,0
1984,1984-09-23,NO,ARI,3,34,24,1,19,9,1
1984,1984-09-23,NYG,TB,3,17,14,1,13,21,0
1984,1984-09-23,PHI,SF,0,9,21,1,20,1,0
1984,1984-09-23,SEA,CHI,3,38,9,1,4,7,0
1984,1984-09-24,LV,LAC,3,33,30,1,6,17,0
1984,1984-09-30,ARI,MIA,0,28,36,1,9,2,0
1984,1984-09-30,CHI,DAL,0,14,23,1,7,12,1
1984,1984-09-30,DEN,LV,3,16,13,1,3,6,0
1984,1984-09-30,IND,BUF,3,31,17,1,25,28,0
1984,1984-09-30,KC,CLE,3,10,6,1,16,22,0
1984,1984-09-30,LAC,DET,3,27,24,1,17,23,0
1984,1984-09-30,LAR,NYG,3,33,12,1,8,13,0
1984,1984-09-30,MIN,SEA,0,12,20,1,27,4,0
1984,1984-09-30,NYJ,NE,0,21,28,1,18,11,0
1984,1984-09-30,SF,ATL,3,14,5,1,1,24,0
1984,1984-09-30,TB,GB,3,30,27,1,21,14,1
1984,1984-09-30,TEN,NO,0,10,27,1,26,19,0
1984,1984-09-30,WAS,PHI,3,20,0,1,5,20,0
1984,1984-10-01,PIT,CIN,3,38,17,1,10,15,0
1984,1984-10-07,BUF,PHI,0,17,27,1,28,20,0
1984,1984-10-07,CHI,NO,3,20,7,1,7,19,0
1984,1984-10-07,CIN,TEN,3,13,3,1,15,26,0
1984,1984-10-07,CLE,NE,0,16,17,1,22,11,0
1984,1984-10-07,DAL,ARI,0,20,31,1,12,9,0
1984,1984-10-07,DET,DEN,0,7,28,1,23,3,0
1984,1984-10-07,GB,LAC,0,28,34,1,14,17,1
1984,1984-10-07,IND,WAS,0,7,35,1,25,5,0
1984,1984-10-07,KC,NYJ,0,16,17,1,16,18,1
1984,1984-10-07,LAR,ATL,0,28,30,1,8,24,1
1984,1984-10-07,LV,SEA,3,28,14,1,6,4,1
1984,1984-10-07,PIT,MIA,0,7,31,1,10,2,0
1984,1984-10-07,TB,MIN,3,35,31,1,21,27,0
1984,1984-10-08,NYG,SF,0,10,31,1,13,1,0
1984,1984-10-14,ARI,CHI,3,38,21,1,9,7,1
1984,1984-10-14,ATL,NYG,0,7,19,1,24,13,0
1984,1984-10-14,CLE,NYJ,0,20,24,1,22,18,0
1984,1984-10-14,DET,TB,3,13,7,1,23,21,1
1984,1984-10-14,KC,LAC,3,31,13,1,16,17,0
1984,1984-10-14,LV,MIN,3,23,20,1,6,27,0
1984,1984-10-14,MIA,TEN,3,28,10,1,2,26,0
1984,1984-10-14,NE,CIN,3,20,14,1,11,15,0
1984,1984-10-14,NO,LAR,0,10,28,1,19,8,0
1984,1984-10-14,PHI,IND,3,16,7,1,20,25,0
1984,1984-10-14,SEA,BUF,3,31,28,1,4,28,0
1984,1984-10-14,SF,PIT,0,17,20,1,1,10,1
1984,1984-10-14,WAS,DAL,3,34,14,1,5,12,0
1984,1984-10-15,DEN,GB,3,17,14,1,3,14,0
1984,1984-10-21,ARI,WAS,3,26,24,1,9,5,1
1984,1984-10-21,BUF,DEN,0,7,37,1,28,3,0
1984,1984-10-21,CIN,CLE,3,12,9,1,15,22,0
1984,1984-10-21,DAL,NO,3,30,27,1,12,19,0
1984,1984-10-21,GB,SEA,0,24,30,1,14,4,0
1984,1984-10-21,IND,PIT,3,17,16,1,25,10,1
1984,1984-10-21,LAC,LV,0,37,44,1,17,6,0
1984,1984-10-21,MIN,DET,0,14,16,1,27,23,0
1984,1984-10-21,NE,MIA,0,24,44,1,11,2,0
1984,1984-10-21,NYJ,KC,3,28,7,1,18,16,1
1984,1984-10-21,PHI,NYG,3,24,10,1,20,13,1
1984,1984-10-21,TB,CHI,0,9,44,1,21,7,0
1984,1984-10-21,TEN,SF,0,21,34,1,26,1,0
1984,1984-10-22,ATL,LAR,0,10,24,1,24,8,0
1984,1984-10-28,CHI,MIN,3,16,7,1,7,27,0
1984,1984-10-28,CLE,NO,0,14,16,1,22,19,0
1984,1984-10-28,DAL,IND,3,22,3,1,12,25,0
1984,1984-10-28,GB,DET,3,41,9,1,14,23,0
1984,1984-10-28,KC,TB,3,24,20,1,16,21,0
1984,1984-10-28,LAR,SF,0,0,33,1,8,1,0
1984,1984-10-28,LV,DEN,0,19,22,1,6,3,0
1984,1984-10-28,MIA,BUF,3,38,7,1,2,28,0
1984,1984-10-28,NE,NYJ,3,30,20,1,11,18,0
1984,1984-10-28,NYG,WAS,3,37,13,1,13,5,1
1984,1984-10-28,PHI,ARI,0,14,34,1,20,9,0
1984,1984-10-28,PIT,ATL,3,35,10,1,10,24,0
1984,1984-10-28,TEN,CIN,0,13,31,1,26,15,0
1984,1984-10-29,LAC,SEA,0,0,24,1,17,4,0
1984,1984-11-04,ARI,LAR,0,13,16,1,9,8,0
1984,1984-11-04,BUF,CLE,0,10,13,1,28,22,0
1984,1984-11-04,CHI,LV,3,17,6,1,7,6,1
1984,1984-11-04,DAL,NYG,0,7,19,1,12,13,1
1984,1984-11-04,DEN,NE,3,26,19,1,3,11,0
1984,1984-11-04,DET,PHI,1,23,23,1,23,20,0
1984,1984-11-04,IND,LAC,0,10,38,1,25,17,0
1984,1984-11-04,MIN,TB,3,27,24,1,27,21,1
1984,1984-11-04,NO,GB,0,13,23,1,19,14,0
1984,1984-11-04,NYJ,MIA,0,17,31,1,18,2,0
1984,1984-11-04,PIT,TEN,3,35,7,1,10,26,0
1984,1984-11-04,SEA,KC,3,45,0,1,4,16,0
1984,1984-11-04,SF,CIN,3,23,17,1,1,15,0
1984,1984-11-05,WAS,ATL,3,27,14,1,5,24,0
1984,1984-11-11,ARI,DAL,0,17,24,1,9,12,1
1984,1984-11-11,ATL,NO,0,13,17,1,24,19,0
1984,1984-11-11,CIN,PIT,3,22,20,1,15,10,1
1984,1984-11-11,CLE,SF,0,7,41,1,22,1,0
1984,1984-11-11,GB,MIN,3,45,17,1,14,27,0
1984,1984-11-11,KC,TEN,0,16,17,1,16,26,1
1984,1984-11-11,LAC,DEN,0,13,16,1,17,3,0
1984,1984-11-11,LAR,CHI,3,29,13,1,8,7,1
1984,1984-11-11,MIA,PHI,3,24,23,1,2,20,0
1984,1984-11-11,NE,BUF,3,38,10,1,11,28,0
1984,1984-11-11,NYJ,IND,0,5,9,1,18,25,1
1984,1984-11-11,TB,NYG,3,20,17,1,21,13,1
1984,1984-11-11,WAS,DET,3,28,14,1,5,23,0
1984,1984-11-12,SEA,LV,3,17,14,1,4,6,0
1984,1984-11-18,ATL,CLE,0,7,23,1,24,22,0
1984,1984-11-18,BUF,DAL,3,14,3,1,28,12,1
1984,1984-11-18,CHI,DET,3,16,14,1,7,23,0
1984,1984-11-18,CIN,SEA,0,6,26,1,15,4,0
1984,1984-11-18,DEN,MIN,3,42,21,1,3,27,0
1984,1984-11-18,GB,LAR,3,31,6,1,14,8,1
1984,1984-11-18,IND,NE,0,17,50,1,25,11,0
1984,1984-11-18,LAC,MIA,3,34,28,1,17,2,1
1984,1984-11-18,LV,KC,3,17,7,1,6,16,0
1984,1984-11-18,NYG,ARI,3,16,10,1,13,9,1
1984,1984-11-18,PHI,WAS,3,16,10,1,20,5,1
1984,1984-11-18,SF,TB,3,24,17,1,1,21,0
1984,1984-11-18,TEN,NYJ,3,31,20,1,26,18,1
1984,1984-11-19,NO,PIT,3,27,24,1,19,10,1
1984,1984-11-22,DAL,NE,3,20,17,1,12,11,1
1984,1984-11-22,DET,GB,3,31,28,1,23,14,1
1984,1984-11-25,ARI,PHI,3,17,16,1,9,20,0
1984,1984-11-25,CIN,ATL,3,35,14,1,15,24,0
1984,1984-11-25,CLE,TEN,3,27,10,1,22,26,0
1984,1984-11-25,DEN,SEA,0,24,27,1,3,4,1
1984,1984-11-25,LV,IND,3,21,7,1,6,25,0
1984,1984-11-25,MIN,CHI,0,3,34,1,27,7,0
1984,1984-11-25,NO,SF,0,3,35,1,19,1,0
1984,1984-11-25,NYG,KC,3,28,27,1,13,16,0
1984,1984-11-25,PIT,LAC,3,52,24,1,10,17,0
1984,1984-11-25,TB,LAR,0,33,34,1,21,8,0
1984,1984-11-25,WAS,BUF,3,41,14,1,5,28,0
1984,1984-11-26,MIA,NYJ,3,28,17,1,2,18,0
1984,1984-11-29,MIN,WAS,0,17,31,1,27,5,0
1984,1984-12-02,ATL,SF,0,17,35,1,24,1,0
1984,1984-12-02,BUF,IND,3,21,15,1,28,25,1
1984,1984-12-02,CLE,CIN,0,17,20,1,22,15,0
1984,1984-12-02,GB,TB,3,27,14,1,14,21,0
1984,1984-12-02,KC,DEN,3,16,13,1,16,3,1
1984,1984-12-02,LAR,NO,3,34,21,1,8,19,0
1984,1984-12-02,MIA,LV,0,34,45,1,2,6,1
1984,1984-12-02,NE,ARI,0,10,33,1,11,9,0
1984,1984-12-02,NYJ,NYG,0,10,20,1,18,13,0
1984,1984-12-02,PHI,DAL,0,10,26,1,20,12,0
1984,1984-12-02,SEA,DET,3,38,17,1,4,23,0
1984,1984-12-02,TEN,PIT,3,23,20,1,26,10,1
1984,1984-12-03,LAC,CHI,3,20,7,1,17,7,1
1984,1984-12-08,NYJ,BUF,3,21,17,1,18,28,0
1984,1984-12-08,SF,MIN,3,51,7,1,1,27,0
1984,1984-12-09,ARI,NYG,3,31,21,1,9,13,0
1984,1984-12-09,CHI,GB,0,14,20,1,7,14,1
1984,1984-12-09,DAL,WAS,0,28,30,1,12,5,0
1984,1984-12-09,DEN,LAC,3,16,13,1,3,17,0
1984,1984-12-09,IND,MIA,0,17,35,1,25,2,0
1984,1984-12-09,KC,SEA,3,34,7,1,16,4,1
1984,1984-12-09,LAR,TEN,3,27,16,1,8,26,0
1984,1984-12-09,NO,CIN,0,21,24,1,19,15,0
1984,1984-12-09,PHI,NE,3,27,17,1,20,11,1
1984,1984-12-09,PIT,CLE,3,23,20,1,10,22,0
1984,1984-12-09,TB,ATL,3,23,6,1,21,24,0
1984,1984-12-10,DET,LV,0,3,24,1,23,6,0
1984,1984-12-14,SF,LAR,3,19,16,1,1,8,0
1984,1984-12-15,NYG,NO,0,3,10,1,13,19,1
1984,1984-12-15,SEA,DEN,0,14,31,1,4,3,0
1984,1984-12-16,ATL,PHI,3,26,10,1,24,20,1
1984,1984-12-16,CIN,BUF,3,52,21,1,15,28,0
1984,1984-12-16,DET,CHI,0,13,30,1,23,7,0
1984,1984-12-16,LAC,KC,0,21,42,1,17,16,0
1984,1984-12-16,LV,PIT,0,7,13,1,6,10,1
1984,1984-12-16,MIN,GB,0,14,38,1,27,14,0
1984,1984-12-16,NE,IND,3,16,10,1,11,25,0
1984,1984-12-16,TB,NYJ,3,41,21,1,21,18,1
1984,1984-12-16,TEN,CLE,0,20,27,1,26,22,0
1984,1984-12-16,WAS,ARI,3,29,27,1,5,9,0
1984,1984-12-17,MIA,DAL,3,28,21,1,2,12,0
1985,1985-09-08,ATL,DET,0,27,28,1,26,20,0
1985,1985-09-08,BUF,LAC,0,9,14,1,28,13,0
1985,1985-09-08,CHI,TB,3,38,28,1,1,27,0
1985,1985-09-08,CIN,SEA,0,24,28,1,17,12,0
1985,1985-09-08,CLE,ARI,0,24,27,1,14,25,1
1985,1985-09-08,LAR,DEN,3,20,16,1,6,7,0
1985,1985-09-08,LV,NYJ,3,31,0,1,3,4,0
1985,1985-09-08,MIN,SF,3,28,21,1,18,8,1
1985,1985-09-08,NE,GB,3,26,20,1,5,15,0
1985,1985-09-08,NO,KC,0,27,47,1,23,21,0
1985,1985-09-08,NYG,PHI,3,21,0,1,9,19,0
1985,1985-09-08,PIT,IND,3,45,3,1,16,22,0
1985,1985-09-08,TEN,MIA,3,26,23,1,24,2,1
1985,1985-09-09,DAL,WAS,3,44,14,1,10,11,0
1985,1985-09-12,KC,LV,3,36,20,1,21,3,1
1985,1985-09-15,ARI,CIN,3,41,27,1,25,17,1
1985,1985-09-15,CHI,NE,3,20,7,1,1,5,0
1985,1985-09-15,DEN,NO,3,34,23,1,7,23,0
1985,1985-09-15,DET,DAL,3,26,21,1,20,10,1
1985,1985-09-15,GB,NYG,3,23,20,1,15,9,1
1985,1985-09-15,LAC,SEA,0,35,49,1,13,12,0
1985,1985-09-15,MIA,IND,3,30,13,1,2,22,0
1985,1985-09-15,NYJ,BUF,3,42,3,1,4,28,0
1985,1985-09-15,PHI,LAR,0,6,17,1,19,6,0
1985,1985-09-15,SF,ATL,3,35,16,1,8,26,0
1985,1985-09-15,TB,MIN,0,16,31,1,27,18,0
1985,1985-09-15,WAS,TEN,3,16,13,1,11,24,0
1985,1985-09-16,CLE,PIT,3,17,7,1,14,16,0
1985,1985-09-19,MIN,CHI,0,24,33,1,18,1,0
1985,1985-09-22,ATL,DEN,0,28,44,1,26,7,0
1985,1985-09-22,BUF,NE,0,14,17,1,28,5,0
1985,1985-09-22,CIN,LAC,0,41,44,1,17,13,0
1985,1985-09-22,DAL,CLE,3,20,7,1,10,14,0
1985,1985-09-22,GB,NYJ,0,3,24,1,15,4,0
1985,1985-09-22,IND,DET,3,14,6,1,22,20,1
1985,1985-09-22,LV,SF,0,10,34,1,3,8,1
1985,1985-09-22,MIA,KC,3,31,0,1,2,21,0
1985,1985-09-22,NO,TB,3,20,13,1,23,27,0
1985,1985-09-22,NYG,ARI,3,27,17,1,9,25,0
1985,1985-09-22,PIT,TEN,3,20,0,1,16,24,0
1985,1985-09-22,WAS,PHI,0,6,19,1,11,19,1
1985,1985-09-23,SEA,LAR,0,24,35,1,12,6,0
1985,1985-09-29,ARI,GB,3,43,28,1,25,15,1
1985,1985-09-29,BUF,MIN,0,20,27,1,28,18,0
1985,1985-09-29,CHI,WAS,3,45,10,1,1,11,0
1985,1985-09-29,DEN,MIA,0,26,30,1,7,2,0
1985,1985-09-29,DET,TB,3,30,9,1,20,27,0
1985,1985-09-29,KC,SEA,3,28,7,1,21,12,1
1985,1985-09-29,LAC,CLE,0,7,21,1,13,14,1
1985,1985-09-29,LAR,ATL,3,17,6,1,6,26,0
1985,1985-09-29,NE,LV,0,20,35,1,5,3,0
1985,1985-09-29,NYJ,IND,3,25,20,1,4,22,0
1985,1985-09-29,PHI,NYG,0,10,16,1,19,9,0
1985,1985-09-29,SF,NO,0,17,20,1,8,23,1
1985,1985-09-29,TEN,DAL,0,10,17,1,24,10,0
1985,1985-09-30,PIT,CIN,0,24,37,1,16,17,1
1985,1985-10-06,ATL,SF,0,17,38,1,26,8,0
1985,1985-10-06,CIN,NYJ,0,20,29,1,17,4,0
1985,1985-10-06,CLE,NE,3,24,20,1,14,5,1
1985,1985-10-06,DEN,TEN,3,31,20,1,7,24,0
1985,1985-10-06,GB,DET,3,43,10,1,15,20,0
1985,1985-10-06,IND,BUF,3,49,17,1,22,28,0
1985,1985-10-06,LAR,MIN,3,13,10,1,6,18,0
1985,1985-10-06,LV,KC,3,19,10,1,3,21,0
1985,1985-10-06,MIA,PIT,3,24,20,1,2,16,0
1985,1985-10-06,NO,PHI,3,23,21,1,23,19,1
1985,1985-10-06,NYG,DAL,0,29,30,1,9,10,1
1985,1985-10-06,SEA,LAC,3,26,21,1,12,13,0
1985,1985-10-06,TB,CHI,0,19,27,1,27,1,0
1985,1985-10-07,WAS,ARI,3,27,10,1,11,25,0
1985,1985-10-13,CIN,NYG,3,35,30,1,17,9,1
1985,1985-10-13,DAL,PIT,3,27,13,1,10,16,0
1985,1985-10-13,GB,MIN,3,20,17,1,15,18,0
1985,1985-10-13,IND,DEN,0,10,15,1,22,7,0
1985,1985-10-13,LAC,KC,3,31,20,1,13,21,0
1985,1985-10-13,LV,NO,3,23,13,1,3,23,0
1985,1985-10-13,NE,BUF,3,14,3,1,5,28,0
1985,1985-10-13,PHI,ARI,3,30,7,1,19,25,0
1985,1985-10-13,SEA,ATL,3,30,26,1,12,26,0
1985,1985-10-13,SF,CHI,0,10,26,1,8,1,0
1985,1985-10-13,TB,LAR,0,27,31,1,27,6,0
1985,1985-10-13,TEN,CLE,0,6,21,1,24,14,0
1985,1985-10-13,WAS,DET,3,24,3,1,11,20,0
1985,1985-10-14,NYJ,MIA,3,23,7,1,4,2,1
1985,1985-10-20,ATL,NO,3,31,24,1,26,23,1
1985,1985-10-20,BUF,IND,3,21,9,1,28,22,1
1985,1985-10-20,CLE,LV,0,20,21,1,14,3,0
1985,1985-10-20,DEN,SEA,3,13,10,1,7,12,0
1985,1985-10-20,DET,SF,3,23,21,1,20,8,1
1985,1985-10-20,KC,LAR,0,0,16,1,21,6,0
1985,1985-10-20,MIA,TB,3,41,38,1,2,27,0
1985,1985-10-20,MIN,LAC,3,21,17,1,18,13,1
1985,1985-10-20,NE,NYJ,3,20,13,1,5,4,1
1985,1985-10-20,NYG,WAS,3,17,3,1,9,11,0
1985,1985-10-20,PHI,DAL,3,16,14,1,19,10,1
1985,1985-10-20,PIT,ARI,3,23,10,1,16,25,0
1985,1985-10-20,TEN,CIN,3,44,27,1,24,17,1
1985,1985-10-21,CHI,GB,3,23,7,1,1,15,0
1985,1985-10-27,ARI,TEN,0,10,20,1,25,24,0
1985,1985-10-27,CHI,MIN,3,27,9,1,1,18,0
1985,1985-10-27,CIN,PIT,3,26,21,1,17,16,1
1985,1985-10-27,CLE,WAS,0,7,14,1,14,11,0
1985,1985-10-27,DAL,ATL,3,24,10,1,10,26,0
1985,1985-10-27,DET,MIA,3,31,21,1,20,2,1
1985,1985-10-27,IND,GB,3,37,10,1,22,15,1
1985,1985-10-27,KC,DEN,0,10,30,1,21,7,0
1985,1985-10-27,LAR,SF,0,14,28,1,6,8,1
1985,1985-10-27,NO,NYG,0,13,21,1,23,9,0
1985,1985-10-27,NYJ,SEA,3,17,14,1,4,12,0
1985,1985-10-27,PHI,BUF,3,21,17,1,19,28,0
1985,1985-10-27,TB,NE,0,14,32,1,27,5,0
1985,1985-10-28,LV,LAC,3,34,21,1,3,13,0
1985,1985-11-03,ATL,WAS,0,10,44,1,26,11,0
1985,1985-11-03,BUF,CIN,0,17,23,1,28,17,0
1985,1985-11-03,GB,CHI,0,10,16,1,15,1,0
1985,1985-11-03,IND,NYJ,0,17,35,1,22,4,0
1985,1985-11-03,LAC,DEN,3,30,10,1,13,7,1
1985,1985-11-03,LAR,NO,3,28,10,1,6,23,0
1985,1985-11-03,MIN,DET,3,16,13,1,18,20,0
1985,1985-11-03,NE,MIA,3,17,13,1,5,2,1
1985,1985-11-03,NYG,TB,3,22,20,1,9,27,0
1985,1985-11-03,PIT,CLE,3,10,9,1,16,14,1
1985,1985-11-03,SEA,LV,3,33,3,1,12,3,1
1985,1985-11-03,SF,PHI,3,24,13,1,8,19,0
1985,1985-11-03,TEN,KC,3,23,20,1,24,21,1
1985,1985-11-04,ARI,DAL,3,21,10,1,25,10,1
1985,1985-11-10,BUF,TEN,3,20,0,1,28,24,1
1985,1985-11-10,CHI,DET,3,24,3,1,1,20,0
1985,1985-11-10,CIN,CLE,3,27,10,1,17,14,1
1985,1985-11-10,KC,PIT,0,28,36,1,21,16,0
1985,1985-11-10,LAC,LV,3,40,34,1,13,3,1
1985,1985-11-10,MIA,NYJ,3,21,17,1,2,4,0
1985,1985-11-10,MIN,GB,0,17,27,1,18,15,0
1985,1985-11-10,NE,IND,3,34,15,1,5,22,0
1985,1985-11-10,NO,SEA,0,3,27,1,23,12,0
1985,1985-11-10,NYG,LAR,3,24,19,1,9,6,1
1985,1985-11-10,PHI,ATL,3,23,17,1,19,26,0
1985,1985-11-10,TB,ARI,3,16,0,1,27,25,1
1985,1985-11-10,WAS,DAL,0,7,13,1,11,10,0
1985,1985-11-11,DEN,SF,3,17,16,1,7,8,0
1985,1985-11-17,ARI,PHI,0,14,24,1,25,19,0
1985,1985-11-17,ATL,LAR,3,30,14,1,26,6,1
1985,1985-11-17,CLE,BUF,3,17,7,1,14,28,0
1985,1985-11-17,DAL,CHI,0,0,44,1,10,1,0
1985,1985-11-17,DEN,LAC,3,30,24,1,7,13,0
1985,1985-11-17,DET,MIN,3,41,21,1,20,18,1
1985,1985-11-17,GB,NO,3,38,14,1,15,23,0
1985,1985-11-17,IND,MIA,0,20,34,1,22,2,0
1985,1985-11-17,LV,CIN,3,13,6,1,3,17,0
1985,1985-11-17,NYJ,TB,3,62,28,1,4,27,0
1985,1985-11-17,SEA,NE,0,13,20,1,12,5,0
1985,1985-11-17,SF,KC,3,31,3,1,8,21,0
1985,1985-11-17,TEN,PIT,0,7,30,1,24,16,0
1985,1985-11-18,WAS,NYG,3,23,21,1,11,9,1
1985,1985-11-24,ARI,NYG,0,3,34,1,25,9,0
1985,1985-11-24,BUF,MIA,0,14,23,1,28,2,0
1985,1985-11-24,CHI,ATL,3,36,0,1,1,26,0
1985,1985-11-24,CLE,CIN,3,24,6,1,14,17,0
1985,1985-11-24,DAL,PHI,3,34,17,1,10,19,0
1985,1985-11-24,KC,IND,3,20,7,1,21,22,0
1985,1985-11-24,LAR,GB,3,34,17,1,6,15,0
1985,1985-11-24,LV,DEN,3,31,28,1,3,7,0
1985,1985-11-24,MIN,NO,0,23,30,1,18,23,1
1985,1985-11-24,NYJ,NE,3,16,13,1,4,5,0
1985,1985-11-24,PIT,WAS,0,23,30,1,16,11,0
1985,1985-11-24,TB,DET,3,19,16,1,27,20,1
1985,1985-11-24,TEN,LAC,3,37,35,1,24,13,1
1985,1985-11-25,SF,SEA,3,19,6,1,8,12,0
1985,1985-11-28,DAL,ARI,3,35,17,1,10,25,0
1985,1985-11-28,DET,NYJ,3,31,20,1,20,4,1
1985,1985-12-01,ATL,LV,0,24,34,1,26,3,0
1985,1985-12-01,CIN,TEN,3,45,27,1,17,24,0
1985,1985-12-01,GB,TB,3,21,0,1,15,27,0
1985,1985-12-01,IND,NE,0,31,38,1,22,5,0
1985,1985-12-01,LAC,BUF,3,40,7,1,13,28,0
1985,1985-12-01,NO,LAR,3,29,3,1,23,6,1
1985,1985-12-01,NYG,CLE,0,33,35,1,9,14,1
1985,1985-12-01,PHI,MIN,0,23,28,1,19,18,0
1985,1985-12-01,PIT,DEN,0,23,31,1,16,7,0
1985,1985-12-01,SEA,KC,3,24,6,1,12,21,0
1985,1985-12-01,WAS,SF,0,8,35,1,11,8,0
1985,1985-12-02,MIA,CHI,3,38,24,1,2,1,1
1985,1985-12-08,ARI,NO,3,28,16,1,25,23,1
1985,1985-12-08,BUF,NYJ,0,7,27,1,28,4,0
1985,1985-12-08,CHI,IND,3,17,10,1,1,22,0
1985,1985-12-08,CIN,DAL,3,50,24,1,17,10,1
1985,1985-12-08,DEN,LV,0,14,17,1,7,3,0
1985,1985-12-08,GB,MIA,0,24,34,1,15,2,0
1985,1985-12-08,KC,ATL,3,38,10,1,21,26,0
1985,1985-12-08,LAC,PIT,3,54,44,1,13,16,0
1985,1985-12-08,MIN,TB,3,26,7,1,18,27,0
1985,1985-12-08,NE,DET,3,23,6,1,5,20,0
1985,1985-12-08,PHI,WAS,0,12,17,1,19,11,0
1985,1985-12-08,SEA,CLE,3,31,13,1,12,14,0
1985,1985-12-08,TEN,NYG,0,14,35,1,24,9,0
1985,1985-12-09,SF,LAR,0,20,27,1,8,6,0
1985,1985-12-14,DEN,KC,3,14,13,1,7,21,0
1985,1985-12-14,NYJ,CHI,0,6,19,1,4,1,0
1985,1985-12-15,ATL,MIN,3,14,13,1,26,18,1
1985,1985-12-15,CLE,TEN,3,28,21,1,14,24,0
1985,1985-12-15,DAL,NYG,3,28,21,1,10,9,1
1985,1985-12-15,DET,GB,0,23,26,1,20,15,0
1985,1985-12-15,LAC,PHI,3,20,14,1,13,19,0
1985,1985-12-15,LAR,ARI,3,46,14,1,6,25,0
1985,1985-12-15,LV,SEA,3,13,3,1,3,12,0
1985,1985-12-15,NO,SF,0,19,31,1,23,8,0
1985,1985-12-15,PIT,BUF,3,30,24,1,16,28,0
1985,1985-12-15,TB,IND,0,23,31,1,27,22,0
1985,1985-12-15,WAS,CIN,3,27,24,1,11,17,0
1985,1985-12-16,MIA,NE,3,30,27,1,2,5,0
1985,1985-12-20,SEA,DEN,0,24,27,1,12,7,0
1985,1985-12-21,ARI,WAS,0,16,27,1,25,11,0
1985,1985-12-21,NYG,PIT,3,28,10,1,9,16,0
1985,1985-12-22,DET,CHI,0,17,37,1,20,1,0
1985,1985-12-22,IND,TEN,3,34,16,1,22,24,0
1985,1985-12-22,KC,LAC,3,38,34,1,21,13,1
1985,1985-12-22,MIA,BUF,3,28,0,1,2,28,0
1985,1985-12-22,MIN,PHI,0,35,37,1,18,19,1
1985,1985-12-22,NE,CIN,3,34,23,1,5,17,0
1985,1985-12-22,NO,ATL,0,10,16,1,23,26,1
1985,1985-12-22,NYJ,CLE,3,37,10,1,4,14,0
1985,1985-12-22,SF,DAL,3,31,16,1,8,10,0
1985,1985-12-22,TB,GB,0,17,20,1,27,15,0
1985,1985-12-23,LAR,LV,0,6,16,1,6,3,0
1986,1986-09-07,ARI,LAR,0,10,16,1,23,9,0
1986,1986-09-07,BUF,NYJ,0,24,28,1,24,12,0
1986,1986-09-07,CHI,CLE,3,41,31,1,1,3,0
1986,1986-09-07,DEN,LV,3,38,36,1,6,15,0
1986,1986-09-07,GB,TEN,0,3,31,1,26,22,0
1986,1986-09-07,KC,CIN,3,24,14,1,10,11,0
1986,1986-09-07,LAC,MIA,3,50,28,1,25,14,1
1986,1986-09-07,MIN,DET,0,10,13,1,13,21,1
1986,1986-09-07,NE,IND,3,33,3,1,5,27,0
1986,1986-09-07,NO,ATL,0,10,31,1,18,16,0
1986,1986-09-07,SEA,PIT,3,30,0,1,8,19,0
1986,1986-09-07,TB,SF,0,7,31,1,28,7,0
1986,1986-09-07,WAS,PHI,3,41,14,1,4,20,0
1986,1986-09-08,DAL,NYG,3,31,28,1,17,2,1
1986,1986-09-11,NYJ,NE,0,6,20,1,12,5,0
1986,1986-09-14,ATL,ARI,3,33,13,1,16,23,0
1986,1986-09-14,CHI,PHI,3,13,10,1,1,20,0
1986,1986-09-14,CIN,BUF,3,36,33,1,11,24,0
1986,1986-09-14,DET,DAL,0,7,31,1,21,17,0
1986,1986-09-14,LAR,SF,3,16,13,1,9,7,1
1986,1986-09-14,MIA,IND,3,30,10,1,14,27,0
1986,1986-09-14,NO,GB,3,24,10,1,18,26,0
1986,1986-09-14,NYG,LAC,3,20,7,1,2,25,0
1986,1986-09-14,SEA,KC,3,23,17,1,8,10,0
1986,1986-09-14,TB,MIN,0,10,23,1,28,13,0
1986,1986-09-14,TEN,CLE,0,20,23,1,22,3,0
1986,1986-09-14,WAS,LV,3,10,6,1,4,15,0
1986,1986-09-15,PIT,DEN,0,10,21,1,19,6,0
1986,1986-09-18,CLE,CIN,0,13,30,1,3,11,1
1986,1986-09-21,BUF,ARI,3,17,10,1,24,23,1
1986,1986-09-21,DAL,ATL,0,35,37,1,17,16,0
1986,1986-09-21,DET,TB,0,20,24,1,21,28,1
1986,1986-09-21,IND,LAR,0,7,24,1,27,9,0
1986,1986-09-21,KC,TEN,3,27,13,1,10,22,0
1986,1986-09-21,LAC,WAS,0,27,30,1,25,4,0
1986,1986-09-21,LV,NYG,0,9,14,1,15,2,0
1986,1986-09-21,MIN,PIT,3,31,7,1,13,19,0
1986,1986-09-21,NE,SEA,0,31,38,1,5,8,1
1986,1986-09-21,NYJ,MIA,3,51,45,1,12,14,0
1986,1986-09-21,PHI,DEN,0,7,33,1,20,6,0
1986,1986-09-21,SF,NO,3,26,17,1,7,18,0
1986,1986-09-22,GB,CHI,0,12,25,1,26,1,0
1986,1986-09-28,BUF,KC,0,17,20,1,24,10,0
1986,1986-09-28,CIN,CHI,0,7,44,1,11,1,0
1986,1986-09-28,CLE,DET,3,24,21,1,3,21,0
1986,1986-09-28,DEN,NE,3,27,20,1,6,5,1
1986,1986-09-28,IND,NYJ,0,7,26,1,27,12,0
1986,1986-09-28,LV,LAC,3,17,13,1,15,25,0
1986,1986-09-28,MIA,SF,0,16,31,1,14,7,0
1986,1986-09-28,MIN,GB,3,42,7,1,13,26,0
1986,1986-09-28,NYG,NO,3,20,17,1,2,18,0
1986,1986-09-28,PHI,LAR,3,34,20,1,20,9,1
1986,1986-09-28,TB,ATL,0,20,23,1,28,16,0
1986,1986-09-28,TEN,PIT,0,16,22,1,22,19,0
1986,1986-09-28,WAS,SEA,3,19,14,1,4,8,0
1986,1986-09-29,ARI,DAL,0,7,31,1,23,17,0
1986,1986-10-05,ARI,NYG,0,6,13,1,23,2,0
1986,1986-10-05,ATL,PHI,0,0,16,1,16,20,1
1986,1986-10-05,CHI,MIN,3,23,0,1,1,13,0
1986,1986-10-05,DEN,DAL,3,29,14,1,6,17,0
1986,1986-10-05,DET,TEN,3,24,13,1,21,22,0
1986,1986-10-05,GB,CIN,0,28,34,1,26,11,0
1986,1986-10-05,KC,LV,0,17,24,1,10,15,1
1986,1986-10-05,LAR,TB,3,26,20,1,9,28,0
1986,1986-10-05,NE,MIA,3,34,7,1,5,14,0
1986,1986-10-05,NO,WAS,0,6,14,1,18,4,0
1986,1986-10-05,NYJ,BUF,3,14,13,1,12,24,0
1986,1986-10-05,PIT,CLE,0,24,27,1,19,3,0
1986,1986-10-05,SF,IND,3,35,14,1,7,27,0
1986,1986-10-06,SEA,LAC,3,33,7,1,8,25,0
1986,1986-10-12,ATL,LAR,3,26,14,1,16,9,1
1986,1986-10-12,CLE,KC,3,20,7,1,3,10,0
1986,1986-10-12,DAL,WAS,3,30,6,1,17,4,1
1986,1986-10-12,GB,DET,0,14,21,1,26,21,0
1986,1986-10-12,IND,NO,0,14,17,1,27,18,0
1986,1986-10-12,LAC,DEN,0,14,31,1,25,6,0
1986,1986-10-12,LV,SEA,3,14,10,1,15,8,1
1986,1986-10-12,MIA,BUF,3,27,14,1,14,24,0
1986,1986-10-12,NE,NYJ,0,24,31,1,5,12,1
1986,1986-10-12,NYG,PHI,3,35,3,1,2,20,0
1986,1986-10-12,SF,MIN,0,24,27,1,7,13,1
1986,1986-10-12,TB,ARI,0,19,30,1,28,23,0
1986,1986-10-12,TEN,CHI,0,7,20,1,22,1,0
1986,1986-10-13,CIN,PIT,3,24,22,1,11,19,0
1986,1986-10-19,ATL,SF,1,10,10,1,16,7,0
1986,1986-10-19,BUF,IND,3,24,13,1,24,27,0
1986,1986-10-19,CIN,TEN,3,31,28,1,11,22,0
1986,1986-10-19,CLE,GB,0,14,17,1,3,26,1
1986,1986-10-19,KC,LAC,3,42,41,1,10,25,0
1986,1986-10-19,LAR,DET,3,14,10,1,9,21,0
1986,1986-10-19,MIA,LV,0,28,30,1,14,15,1
1986,1986-10-19,MIN,CHI,3,23,7,1,13,1,1
1986,1986-10-19,NO,TB,3,38,7,1,18,28,0
1986,1986-10-19,PHI,DAL,0,14,17,1,20,17,0
1986,1986-10-19,PIT,NE,0,0,34,1,19,5,0
1986,1986-10-19,SEA,NYG,3,17,12,1,8,2,1
1986,1986-10-19,WAS,ARI,3,28,21,1,4,23,0
1986,1986-10-20,NYJ,DEN,3,22,10,1,12,6,1
1986,1986-10-26,BUF,NE,0,3,23,1,24,5,0
1986,1986-10-26,CHI,DET,3,13,7,1,1,21,0
1986,1986-10-26,DAL,ARI,3,37,6,1,17,23,0
1986,1986-10-26,DEN,SEA,3,20,13,1,6,8,0
1986,1986-10-26,GB,SF,0,17,31,1,26,7,0
1986,1986-10-26,IND,MIA,0,13,17,1,27,14,0
1986,1986-10-26,KC,TB,3,27,20,1,10,28,0
1986,1986-10-26,LAR,ATL,3,14,7,1,9,16,0
1986,1986-10-26,MIN,CLE,0,20,23,1,13,3,0
1986,1986-10-26,NYJ,NO,3,28,23,1,12,18,0
1986,1986-10-26,PHI,LAC,3,23,7,1,20,25,0
1986,1986-10-26,PIT,CIN,3,30,9,1,19,11,1
1986,1986-10-26,TEN,LV,0,17,28,1,22,15,0
1986,1986-10-27,NYG,WAS,3,27,20,1,2,4,0
1986,1986-11-02,ARI,PHI,3,13,10,1,23,20,1
1986,1986-11-02,DET,CIN,0,17,24,1,21,11,0
1986,1986-11-02,IND,CLE,0,9,24,1,27,3,0
1986,1986-11-02,LAC,KC,0,23,24,1,25,10,0
1986,1986-11-02,LV,DEN,0,10,21,1,15,6,0
1986,1986-11-02,MIA,TEN,3,28,7,1,14,22,0
1986,1986-11-02,NE,ATL,3,25,17,1,5,16,0
1986,1986-11-02,NO,SF,3,23,10,1,18,7,1
1986,1986-11-02,NYG,DAL,3,17,14,1,2,17,0
1986,1986-11-02,PIT,GB,3,27,3,1,19,26,0
1986,1986-11-02,SEA,NYJ,0,7,38,1,8,12,1
1986,1986-11-02,TB,BUF,3,34,28,1,28,24,1
1986,1986-11-02,WAS,MIN,3,44,38,1,4,13,0
1986,1986-11-03,CHI,LAR,0,17,20,1,1,9,1
1986,1986-11-09,ATL,NYJ,0,14,28,1,16,12,0
1986,1986-11-09,BUF,PIT,3,16,12,1,24,19,1
1986,1986-11-09,DAL,LV,0,13,17,1,17,15,0
1986,1986-11-09,DEN,LAC,0,3,9,1,6,25,1
1986,1986-11-09,DET,MIN,0,10,24,1,21,13,0
1986,1986-11-09,GB,WAS,0,7,16,1,26,4,0
1986,1986-11-09,IND,NE,0,21,30,1,27,5,0
1986,1986-11-09,KC,SEA,3,27,7,1,10,8,1
1986,1986-11-09,NO,LAR,3,6,0,1,18,9,1
1986,1986-11-09,PHI,NYG,0,14,17,1,20,2,0
1986,1986-11-09,SF,ARI,3,43,17,1,7,23,0
1986,1986-11-09,TB,CHI,0,3,23,1,28,1,0
1986,1986-11-09,TEN,CIN,3,32,28,1,22,11,1
1986,1986-11-10,CLE,MIA,3,26,16,1,3,14,0
1986,1986-11-16,ARI,NO,0,7,16,1,23,18,0
1986,1986-11-16,ATL,CHI,0,10,13,1,16,1,0
1986,1986-11-16,BUF,MIA,0,24,34,1,24,14,0
1986,1986-11-16,CIN,SEA,3,34,7,1,11,8,1
1986,1986-11-16,DEN,KC,3,38,17,1,6,10,0
1986,1986-11-16,GB,TB,3,31,7,1,26,28,0
1986,1986-11-16,LAC,DAL,0,21,24,1,25,17,0
1986,1986-11-16,LAR,NE,0,28,30,1,9,5,0
1986,1986-11-16,LV,CLE,3,27,14,1,15,3,1
1986,1986-11-16,MIN,NYG,0,20,22,1,13,2,0
1986,1986-11-16,NYJ,IND,3,31,16,1,12,27,0
1986,1986-11-16,PHI,DET,0,11,13,1,20,21,1
1986,1986-11-16,PIT,TEN,3,21,10,1,19,22,0
1986,1986-11-17,WAS,SF,3,14,6,1,4,7,0
1986,1986-11-20,LAC,LV,0,31,37,1,25,15,0
1986,1986-11-23,ARI,KC,3,23,14,1,23,10,1
1986,1986-11-23,CHI,GB,3,12,10,1,1,26,0
1986,1986-11-23,CIN,MIN,3,24,20,1,11,13,0
1986,1986-11-23,CLE,PIT,3,37,31,1,3,19,0
1986,1986-11-23,LAR,NO,3,26,13,1,9,18,0
1986,1986-11-23,NE,BUF,3,22,19,1,5,24,0
1986,1986-11-23,NYG,DEN,3,19,16,1,2,6,0
1986,1986-11-23,SEA,PHI,3,24,20,1,8,20,0
1986,1986-11-23,SF,ATL,3,20,0,1,7,16,0
1986,1986-11-23,TB,DET,0,17,38,1,28,21,0
1986,1986-11-23,TEN,IND,3,31,17,1,22,27,0
1986,1986-11-23,WAS,DAL,3,41,14,1,4,17,0
1986,1986-11-24,MIA,NYJ,3,45,3,1,14,12,1
1986,1986-11-27,DAL,SEA,0,14,31,1,17,8,0
1986,1986-11-27,DET,GB,0,40,44,1,21,26,1
1986,1986-11-30,ARI,WAS,0,17,20,1,23,4,0
1986,1986-11-30,CHI,PIT,3,13,10,1,1,19,0
1986,1986-11-30,CLE,TEN,3,13,10,1,3,22,0
1986,1986-11-30,DEN,CIN,3,34,28,1,6,11,0
1986,1986-11-30,IND,LAC,0,3,17,1,27,25,0
1986,1986-11-30,KC,BUF,0,14,17,1,10,24,1
1986,1986-11-30,LV,PHI,0,27,33,1,15,20,1
1986,1986-11-30,MIA,ATL,0,14,20,1,14,16,1
1986,1986-11-30,MIN,TB,3,45,13,1,13,28,0
1986,1986-11-30,NO,NE,0,20,21,1,18,5,0
1986,1986-11-30,NYJ,LAR,0,3,17,1,12,9,0
1986,1986-12-01,SF,NYG,0,17,21,1,7,2,0
1986,1986-12-07,ATL,IND,0,23,28,1,16,27,1
1986,1986-12-07,BUF,CLE,0,17,21,1,24,3,0
1986,1986-12-07,CHI,TB,3,48,14,1,1,28,0
1986,1986-12-07,GB,MIN,0,6,32,1,26,13,0
1986,1986-12-07,KC,DEN,3,37,10,1,10,6,1
1986,1986-12-07,LAC,TEN,3,27,0,1,25,22,1
1986,1986-12-07,LAR,DAL,3,29,10,1,9,17,0
1986,1986-12-07,NE,CIN,0,7,31,1,5,11,1
1986,1986-12-07,NO,MIA,0,27,31,1,18,14,0
1986,1986-12-07,PHI,ARI,1,10,10,1,20,23,0
1986,1986-12-07,PIT,DET,3,27,17,1,19,21,0
1986,1986-12-07,SF,NYJ,3,24,10,1,7,12,0
1986,1986-12-07,WAS,NYG,0,14,24,1,4,2,0
1986,1986-12-08,SEA,LV,3,37,0,1,8,15,0
1986,1986-12-13,DEN,WAS,3,31,30,1,6,4,1
1986,1986-12-13,NYJ,PIT,0,24,45,1,12,19,1
1986,1986-12-14,ATL,NO,0,9,14,1,16,18,1
1986,1986-12-14,CIN,CLE,0,3,34,1,11,3,0
1986,1986-12-14,DAL,PHI,0,21,23,1,17,20,1
1986,1986-12-14,IND,BUF,3,24,14,1,27,24,1
1986,1986-12-14,LAC,SEA,0,24,34,1,25,8,0
1986,1986-12-14,LAR,MIA,0,31,37,1,9,14,1
1986,1986-12-14,LV,KC,0,17,20,1,15,10,0
1986,1986-12-14,NE,SF,0,24,29,1,5,7,1
1986,1986-12-14,NYG,ARI,3,27,7,1,2,23,0
1986,1986-12-14,TB,GB,0,7,21,1,28,26,0
1986,1986-12-14,TEN,MIN,3,23,10,1,22,13,1
1986,1986-12-15,DET,CHI,0,13,16,1,21,1,0
1986,1986-12-19,SF,LAR,3,24,14,1,7,9,0
1986,1986-12-20,NYG,GB,3,55,24,1,2,26,0
1986,1986-12-20,SEA,DEN,3,41,16,1,8,6,1
1986,1986-12-21,ARI,TB,3,21,17,1,23,28,0
1986,1986-12-21,CIN,NYJ,3,52,21,1,11,12,0
1986,1986-12-21,CLE,LAC,3,47,17,1,3,25,0
1986,1986-12-21,DAL,CHI,0,10,24,1,17,1,0
1986,1986-12-21,DET,ATL,0,6,20,1,21,16,0
1986,1986-12-21,LV,IND,0,24,30,1,15,27,1
1986,1986-12-21,MIN,NO,3,33,17,1,13,18,0
1986,1986-12-21,PHI,WAS,0,14,21,1,20,4,0
1986,1986-12-21,PIT,KC,0,19,24,1,19,10,0
1986,1986-12-21,TEN,BUF,3,16,7,1,22,24,0
1986,1986-12-22,MIA,NE,0,27,34,1,14,5,0
1987,1987-09-13,ARI,DAL,3,24,13,1,16,20,0
1987,1987-09-13,BUF,NYJ,0,28,31,1,15,18,1
1987,1987-09-13,DEN,SEA,3,40,17,1,4,8,0
1987,1987-09-13,GB,LV,0,0,20,1,24,22,0
1987,1987-09-13,IND,CIN,0,21,23,1,9,25,1
1987,1987-09-13,KC,LAC,3,20,13,1,23,21,1
1987,1987-09-13,MIN,DET,3,34,19,1,7,26,0
1987,1987-09-13,NE,MIA,3,28,21,1,14,11,1
1987,1987-09-13,NO,CLE,3,28,21,1,2,5,0
1987,1987-09-13,PIT,SF,3,30,17,1,17,1,1
1987,1987-09-13,TB,ATL,3,48,10,1,27,28,0
1987,1987-09-13,TEN,LAR,3,20,16,1,12,19,0
1987,1987-09-13,WAS,PHI,3,34,24,1,6,10,0
1987,1987-09-14,CHI,NYG,3,34,19,1,3,13,0
1987,1987-09-20,ATL,WAS,3,21,20,1,28,6,1
1987,1987-09-20,BUF,TEN,3,34,30,1,15,12,1
1987,1987-09-20,CHI,TB,3,20,3,1,3,27,0
1987,1987-09-20,CIN,SF,0,26,27,1,25,1,0
1987,1987-09-20,CLE,PIT,3,34,10,1,5,17,0
1987,1987-09-20,GB,DEN,1,17,17,1,24,4,0
1987,1987-09-20,IND,MIA,0,10,23,1,9,11,1
1987,1987-09-20,LAC,ARI,3,28,24,1,21,16,1
1987,1987-09-20,LAR,MIN,0,16,21,1,19,7,0
1987,1987-09-20,LV,DET,3,27,7,1,22,26,0
1987,1987-09-20,NYG,DAL,0,14,16,1,13,20,1
1987,1987-09-20,PHI,NO,3,27,17,1,10,2,1
1987,1987-09-20,SEA,KC,3,43,14,1,8,23,0
1987,1987-09-21,NYJ,NE,3,43,24,1,18,14,1
1987,1987-10-25,DET,GB,0,33,34,1,26,24,0
1987,1987-10-25,IND,NE,3,30,16,1,9,14,0
1987,1987-10-25,LAC,KC,3,42,21,1,21,23,0
1987,1987-10-25,LV,SEA,0,13,35,1,22,8,0
1987,1987-10-25,MIA,BUF,0,31,34,1,11,15,1
1987,1987-10-25,NO,SF,0,22,24,1,2,1,0
1987,1987-10-25,NYG,ARI,3,30,7,1,13,16,0
1987,1987-10-25,PHI,DAL,3,37,20,1,10,20,0
1987,1987-10-25,PIT,CIN,3,23,20,1,17,25,0
1987,1987-10-25,TB,CHI,0,26,27,1,27,3,0
1987,1987-10-25,TEN,ATL,3,37,33,1,12,28,0
1987,1987-10-25,WAS,NYJ,3,17,16,1,6,18,0
1987,1987-10-26,CLE,LAR,3,30,17,1,5,19,0
1987,1987-10-26,MIN,DEN,3,34,27,1,7,4,1
1987,1987-11-01,ARI,PHI,0,23,28,1,16,10,0
1987,1987-11-01,ATL,NO,0,0,38,1,28,2,0
1987,1987-11-01,BUF,WAS,0,7,27,1,15,6,0
1987,1987-11-01,CHI,KC,3,31,28,1,3,23,0
1987,1987-11-01,CIN,TEN,0,29,31,1,25,12,0
1987,1987-11-01,DEN,DET,3,34,0,1,4,26,0
1987,1987-11-01,GB,TB,0,17,23,1,24,27,1
1987,1987-11-01,LAC,CLE,3,27,24,1,21,5,1
1987,1987-11-01,LAR,SF,0,10,31,1,19,1,0
1987,1987-11-01,MIA,PIT,3,35,24,1,11,17,0
1987,1987-11-01,NE,LV,3,26,23,1,14,22,0
1987,1987-11-01,NYJ,IND,0,14,19,1,18,9,0
1987,1987-11-01,SEA,MIN,3,28,17,1,8,7,1
1987,1987-11-02,DAL,NYG,3,33,24,1,20,13,1
1987,1987-11-08,ARI,TB,3,31,28,1,16,27,0
1987,1987-11-08,BUF,DEN,3,21,14,1,15,4,1
1987,1987-11-08,CIN,MIA,0,14,20,1,25,11,0
1987,1987-11-08,CLE,ATL,3,38,3,1,5,28,0
1987,1987-11-08,DET,DAL,3,27,17,1,26,20,1
1987,1987-11-08,GB,CHI,0,24,26,1,24,3,0
1987,1987-11-08,IND,LAC,0,13,16,1,9,21,1
1987,1987-11-08,KC,PIT,0,16,17,1,23,17,0
1987,1987-11-08,LAR,NO,0,14,31,1,19,2,0
1987,1987-11-08,MIN,LV,3,31,20,1,7,22,0
1987,1987-11-08,NYG,NE,3,17,10,1,13,14,0
1987,1987-11-08,PHI,WAS,3,31,27,1,10,6,1
1987,1987-11-08,SF,TEN,3,27,20,1,1,12,0
1987,1987-11-09,NYJ,SEA,3,30,14,1,18,8,1
1987,1987-11-15,ARI,LAR,0,24,27,1,16,19,1
1987,1987-11-15,ATL,CIN,0,10,16,1,28,25,0
1987,1987-11-15,CLE,BUF,3,27,21,1,5,15,0
1987,1987-11-15,KC,NYJ,0,9,16,1,23,18,0
1987,1987-11-15,LAC,LV,3,16,14,1,21,22,0
1987,1987-11-15,MIA,IND,0,21,40,1,11,9,0
1987,1987-11-15,MIN,TB,3,23,17,1,7,27,0
1987,1987-11-15,NE,DAL,0,17,23,1,14,20,1
1987,1987-11-15,PHI,NYG,0,17,20,1,10,13,1
1987,1987-11-15,PIT,TEN,0,3,23,1,17,12,0
1987,1987-11-15,SEA,GB,3,24,13,1,8,24,0
1987,1987-11-15,SF,NO,0,24,26,1,1,2,1
1987,1987-11-15,WAS,DET,3,20,13,1,6,26,0
1987,1987-11-16,DEN,CHI,3,31,29,1,4,3,1
1987,1987-11-22,CHI,DET,3,30,10,1,3,26,0
1987,1987-11-22,CIN,PIT,0,16,30,1,25,17,0
1987,1987-11-22,DAL,MIA,0,14,20,1,20,11,0
1987,1987-11-22,KC,GB,0,3,23,1,23,24,1
1987,1987-11-22,LV,DEN,0,17,23,1,22,4,0
1987,1987-11-22,MIN,ATL,3,24,13,1,7,28,0
1987,1987-11-22,NE,IND,3,24,0,1,14,9,1
1987,1987-11-22,NO,NYG,3,23,14,1,2,13,0
1987,1987-11-22,NYJ,BUF,0,14,17,1,18,15,0
1987,1987-11-22,PHI,ARI,0,19,31,1,10,16,1
1987,1987-11-22,SEA,LAC,3,34,3,1,8,21,0
1987,1987-11-22,TB,SF,0,10,24,1,27,1,0
1987,1987-11-22,TEN,CLE,0,7,40,1,12,5,0
1987,1987-11-23,WAS,LAR,0,26,30,1,6,19,1
1987,1987-11-26,DAL,MIN,0,38,44,1,20,7,0
1987,1987-11-26,DET,KC,0,20,27,1,26,23,0
1987,1987-11-29,ATL,ARI,0,21,34,1,28,16,0
1987,1987-11-29,BUF,MIA,3,27,0,1,15,11,1
1987,1987-11-29,CHI,GB,3,23,10,1,3,24,0
1987,1987-11-29,IND,TEN,3,51,27,1,9,12,0
1987,1987-11-29,LAC,DEN,0,17,31,1,21,4,0
1987,1987-11-29,LAR,TB,3,35,3,1,19,27,0
1987,1987-11-29,NE,PHI,0,31,34,1,14,10,0
1987,1987-11-29,NYJ,CIN,3,27,20,1,18,25,0
1987,1987-11-29,PIT,NO,0,16,20,1,17,2,0
1987,1987-11-29,SF,CLE,3,38,24,1,1,5,0
1987,1987-11-29,WAS,NYG,3,23,19,1,6,13,0
1987,1987-11-30,SEA,LV,0,14,37,1,8,22,1
1987,1987-12-06,ARI,WAS,0,17,34,1,16,6,0
1987,1987-12-06,CIN,KC,3,30,27,1,25,23,1
1987,1987-12-06,CLE,IND,0,7,9,1,5,9,1
1987,1987-12-06,DAL,ATL,0,10,21,1,20,28,1
1987,1987-12-06,DEN,NE,3,31,20,1,4,14,0
1987,1987-12-06,DET,LAR,0,16,37,1,26,19,0
1987,1987-12-06,GB,SF,0,12,23,1,24,1,0
1987,1987-12-06,LV,BUF,3,34,21,1,22,15,1
1987,1987-12-06,MIN,CHI,0,24,30,1,7,3,0
1987,1987-12-06,NO,TB,3,44,34,1,2,27,0
1987,1987-12-06,NYG,PHI,3,23,20,1,13,10,1
1987,1987-12-06,PIT,SEA,3,13,9,1,17,8,1
1987,1987-12-06,TEN,LAC,3,33,18,1,12,21,0
1987,1987-12-07,MIA,NYJ,3,37,28,1,11,18,0
1987,1987-12-13,ARI,NYG,3,27,24,1,16,13,1
1987,1987-12-13,CLE,CIN,3,38,24,1,5,25,0
1987,1987-12-13,GB,MIN,3,16,10,1,24,7,1
1987,1987-12-13,IND,BUF,0,3,27,1,9,15,1
1987,1987-12-13,KC,LV,3,16,10,1,23,22,1
1987,1987-12-13,LAC,PIT,0,16,20,1,21,17,0
1987,1987-12-13,LAR,ATL,3,33,0,1,19,28,0
1987,1987-12-13,NE,NYJ,3,42,20,1,14,18,0
1987,1987-12-13,NO,TEN,3,24,10,1,2,12,0
1987,1987-12-13,PHI,MIA,0,10,28,1,10,11,1
1987,1987-12-13,SEA,DEN,3,28,21,1,8,4,1
1987,1987-12-13,TB,DET,0,10,20,1,27,26,0
1987,1987-12-13,WAS,DAL,3,24,20,1,6,20,0
1987,1987-12-14,SF,CHI,3,41,0,1,1,3,0
1987,1987-12-19,DEN,KC,3,20,17,1,4,23,0
1987,1987-12-19,NYG,GB,3,20,10,1,13,24,0
1987,1987-12-20,BUF,NE,0,7,13,1,15,14,0
1987,1987-12-20,CHI,SEA,0,21,34,1,3,8,1
1987,1987-12-20,CIN,NO,0,24,41,1,25,2,0
1987,1987-12-20,DET,MIN,0,14,17,1,26,7,0
1987,1987-12-20,LAC,IND,0,7,20,1,21,9,0
1987,1987-12-20,LV,CLE,0,17,24,1,22,5,0
1987,1987-12-20,MIA,WAS,3,23,21,1,11,6,1
1987,1987-12-20,NYJ,PHI,0,27,38,1,18,10,0
1987,1987-12-20,SF,ATL,3,35,7,1,1,28,0
1987,1987-12-20,TB,ARI,0,14,31,1,27,16,0
1987,1987-12-20,TEN,PIT,3,24,16,1,12,17,0
1987,1987-12-21,LAR,DAL,0,21,29,1,19,20,1
1987,1987-12-26,MIN,WAS,0,24,27,1,7,6,0
1987,1987-12-26,PIT,CLE,0,13,19,1,17,5,0
1987,1987-12-27,ATL,DET,0,13,30,1,28,26,0
1987,1987-12-27,DAL,ARI,3,21,16,1,20,16,1
1987,1987-12-27,DEN,LAC,3,24,0,1,4,21,0
1987,1987-12-27,IND,TB,3,24,6,1,9,27,0
1987,1987-12-27,KC,SEA,3,41,20,1,23,8,1
1987,1987-12-27,LV,CHI,0,3,6,1,22,3,0
1987,1987-12-27,NO,GB,3,33,24,1,2,24,0
1987,1987-12-27,NYG,NYJ,3,20,7,1,13,18,0
1987,1987-12-27,PHI,BUF,3,17,7,1,10,15,0
1987,1987-12-27,SF,LAR,3,48,0,1,1,19,0
1987,1987-12-27,TEN,CIN,3,21,17,1,12,25,0
1987,1987-12-28,MIA,NE,0,10,24,1,11,14,1
1988,1988-09-04,BUF,MIN,3,13,10,1,3,4,0
1988,1988-09-04,CHI,MIA,3,34,7,1,2,20,0
1988,1988-09-04,CIN,ARI,3,21,14,1,1,19,0
1988,1988-09-04,DEN,SEA,0,14,21,1,16,13,0
1988,1988-09-04,DET,ATL,3,31,17,1,27,22,1
1988,1988-09-04,GB,LAR,0,7,34,1,26,5,0
1988,1988-09-04,IND,TEN,0,14,17,1,12,8,0
1988,1988-09-04,KC,CLE,0,3,6,1,25,11,0
1988,1988-09-04,LV,LAC,3,24,13,1,18,21,0
1988,1988-09-04,NE,NYJ,3,28,3,1,14,15,0
1988,1988-09-04,NO,SF,0,33,34,1,10,6,0
1988,1988-09-04,PIT,DAL,3,24,21,1,23,28,0
1988,1988-09-04,TB,PHI,0,14,41,1,24,7,0
1988,1988-09-05,NYG,WAS,3,27,20,1,9,17,0
1988,1988-09-11,ATL,NO,0,21,29,1,22,10,0
1988,1988-09-11,BUF,MIA,3,9,6,1,3,20,0
1988,1988-09-11,CLE,NYJ,0,3,23,1,11,15,1
1988,1988-09-11,DEN,LAC,3,34,3,1,16,21,0
1988,1988-09-11,GB,TB,0,10,13,1,26,24,0
1988,1988-09-11,IND,CHI,0,13,17,1,12,2,0
1988,1988-09-11,LAR,DET,3,17,10,1,5,27,0
1988,1988-09-11,MIN,NE,3,36,6,1,4,14,0
1988,1988-09-11,NYG,SF,0,17,20,1,9,6,0
1988,1988-09-11,PHI,CIN,0,24,28,1,7,1,0
1988,1988-09-11,SEA,KC,3,31,10,1,13,25,0
1988,1988-09-11,TEN,LV,3,38,35,1,8,18,0
1988,1988-09-11,WAS,PIT,3,30,29,1,17,23,0
1988,1988-09-12,ARI,DAL,0,14,17,1,19,28,1
1988,1988-09-18,CHI,MIN,0,7,31,1,2,4,1
1988,1988-09-18,DAL,NYG,0,10,12,1,28,9,0
1988,1988-09-18,DET,NO,0,14,22,1,27,10,0
1988,1988-09-18,KC,DEN,3,20,13,1,25,16,1
1988,1988-09-18,LAC,SEA,3,17,6,1,21,13,1
1988,1988-09-18,LV,LAR,0,17,22,1,18,5,0
1988,1988-09-18,MIA,GB,3,24,17,1,20,26,0
1988,1988-09-18,NE,BUF,0,14,16,1,14,3,0
1988,1988-09-18,NYJ,TEN,3,45,3,1,15,8,1
1988,1988-09-18,PIT,CIN,0,12,17,1,23,1,0
1988,1988-09-18,SF,ATL,0,17,34,1,6,22,1
1988,1988-09-18,TB,ARI,0,24,30,1,24,19,0
1988,1988-09-18,WAS,PHI,3,17,10,1,17,7,1
1988,1988-09-19,CLE,IND,3,23,17,1,11,12,0
1988,1988-09-25,ARI,WAS,3,30,21,1,19,17,1
1988,1988-09-25,BUF,PIT,3,36,28,1,3,23,0
1988,1988-09-25,CIN,CLE,3,24,17,1,1,11,0
1988,1988-09-25,DAL,ATL,3,26,20,1,28,22,1
1988,1988-09-25,DET,NYJ,0,10,17,1,27,15,0
1988,1988-09-25,GB,CHI,0,6,24,1,26,2,0
1988,1988-09-25,IND,MIA,3,15,13,1,12,20,0
1988,1988-09-25,KC,LAC,0,23,24,1,25,21,0
1988,1988-09-25,MIN,PHI,3,23,21,1,4,7,0
1988,1988-09-25,NO,TB,3,13,9,1,10,24,0
1988,1988-09-25,NYG,LAR,0,31,45,1,9,5,0
1988,1988-09-25,SEA,SF,0,7,38,1,13,6,0
1988,1988-09-25,TEN,NE,3,31,6,1,8,14,0
1988,1988-09-26,DEN,LV,0,27,30,1,16,18,1
1988,1988-10-02,ATL,SEA,0,20,31,1,22,13,0
1988,1988-10-02,CHI,BUF,3,24,3,1,2,3,0
1988,1988-10-02,LAC,DEN,0,0,12,1,21,16,0
1988,1988-10-02,LAR,ARI,0,27,41,1,5,19,1
1988,1988-10-02,LV,CIN,0,21,45,1,18,1,0
1988,1988-10-02,MIA,MIN,3,24,7,1,20,4,1
1988,1988-10-02,NE,IND,3,21,17,1,14,12,1
1988,1988-10-02,NYJ,KC,1,17,17,1,15,25,0
1988,1988-10-02,PHI,TEN,3,32,23,1,7,8,0
1988,1988-10-02,PIT,CLE,0,9,23,1,23,11,0
1988,1988-10-02,SF,DET,3,20,13,1,6,27,0
1988,1988-10-02,TB,GB,3,27,24,1,24,26,0
1988,1988-10-02,WAS,NYG,0,23,24,1,17,9,0
1988,1988-10-03,NO,DAL,3,20,17,1,10,28,0
1988,1988-10-09,ARI,PIT,3,31,14,1,19,23,0
1988,1988-10-09,ATL,LAR,0,0,33,1,22,5,0
1988,1988-10-09,BUF,IND,3,34,23,1,3,12,0
1988,1988-10-09,CIN,NYJ,3,36,19,1,1,15,0
1988,1988-10-09,CLE,SEA,0,10,16,1,11,13,1
1988,1988-10-09,DAL,WAS,0,17,35,1,28,17,0
1988,1988-10-09,DET,CHI,0,7,24,1,27,2,0
1988,1988-10-09,GB,NE,3,45,3,1,26,14,1
1988,1988-10-09,LAC,NO,0,17,23,1,21,10,0
1988,1988-10-09,LV,MIA,0,14,24,1,18,20,1
1988,1988-10-09,MIN,TB,3,14,13,1,4,24,0
1988,1988-10-09,SF,DEN,0,13,16,1,6,16,1
1988,1988-10-09,TEN,KC,3,7,6,1,8,25,0
1988,1988-10-10,PHI,NYG,3,24,13,1,7,9,0
1988,1988-10-16,CHI,DAL,3,17,7,1,2,28,0
1988,1988-10-16,CLE,PHI,3,19,3,1,11,7,1
1988,1988-10-16,DEN,ATL,3,30,14,1,16,22,0
1988,1988-10-16,IND,TB,3,35,31,1,12,24,0
1988,1988-10-16,KC,LV,0,17,27,1,25,18,0
1988,1988-10-16,LAR,SF,0,21,24,1,5,6,1
1988,1988-10-16,MIA,LAC,3,31,28,1,20,21,0
1988,1988-10-16,MIN,GB,0,14,34,1,4,26,1
1988,1988-10-16,NE,CIN,3,27,21,1,14,1,1
1988,1988-10-16,NYG,DET,3,30,10,1,9,27,0
1988,1988-10-16,PIT,TEN,0,14,34,1,23,8,0
1988,1988-10-16,SEA,NO,0,19,20,1,13,10,0
1988,1988-10-16,WAS,ARI,3,33,17,1,17,19,0
1988,1988-10-17,NYJ,BUF,0,14,37,1,15,3,0
1988,1988-10-23,ARI,CLE,0,21,29,1,19,11,0
1988,1988-10-23,ATL,NYG,0,16,23,1,22,9,0
1988,1988-10-23,BUF,NE,3,23,20,1,3,14,0
1988,1988-10-23,CIN,TEN,3,44,21,1,1,8,0
1988,1988-10-23,GB,WAS,0,17,20,1,26,17,0
1988,1988-10-23,KC,DET,0,6,7,1,25,27,1
1988,1988-10-23,LAC,IND,0,0,16,1,21,12,0
1988,1988-10-23,LAR,SEA,3,31,10,1,5,13,0
1988,1988-10-23,MIA,NYJ,0,30,44,1,20,15,0
1988,1988-10-23,NO,LV,3,20,6,1,10,18,0
1988,1988-10-23,PHI,DAL,3,24,23,1,7,28,0
1988,1988-10-23,PIT,DEN,3,39,21,1,23,16,1
1988,1988-10-23,TB,MIN,0,20,49,1,24,4,0
1988,1988-10-24,CHI,SF,3,10,9,1,2,6,0
1988,1988-10-30,BUF,GB,3,28,0,1,3,26,0
1988,1988-10-30,CLE,CIN,3,23,16,1,11,1,1
1988,1988-10-30,DAL,ARI,0,10,16,1,28,19,0
1988,1988-10-30,DET,NYG,0,10,13,1,27,9,0
1988,1988-10-30,LV,KC,3,17,10,1,18,25,0
1988,1988-10-30,NE,CHI,3,30,7,1,14,2,1
1988,1988-10-30,NO,LAR,0,10,12,1,10,5,0
1988,1988-10-30,NYJ,PIT,3,24,20,1,15,23,0
1988,1988-10-30,PHI,ATL,0,24,27,1,7,22,1
1988,1988-10-30,SEA,LAC,3,17,14,1,13,21,0
1988,1988-10-30,SF,MIN,3,24,21,1,6,4,1
1988,1988-10-30,TB,MIA,0,14,17,1,24,20,0
1988,1988-10-30,TEN,WAS,3,41,17,1,8,17,0
1988,1988-10-31,IND,DEN,3,55,23,1,12,16,0
1988,1988-11-06,ARI,SF,3,24,23,1,19,6,1
1988,1988-11-06,ATL,GB,3,20,0,1,22,26,0
1988,1988-11-06,CHI,TB,3,28,10,1,2,24,0
1988,1988-11-06,CIN,PIT,3,42,7,1,1,23,0
1988,1988-11-06,DEN,KC,3,17,11,1,16,25,0
1988,1988-11-06,IND,NYJ,3,38,14,1,12,15,0
1988,1988-11-06,LAC,LV,0,3,13,1,21,18,0
1988,1988-11-06,MIN,DET,3,44,17,1,4,27,0
1988,1988-11-06,NE,MIA,3,21,10,1,14,20,0
1988,1988-11-06,NYG,DAL,3,29,21,1,9,28,0
1988,1988-11-06,PHI,LAR,3,30,24,1,7,5,1
1988,1988-11-06,SEA,BUF,0,3,13,1,13,3,0
1988,1988-11-06,WAS,NO,3,27,24,1,17,10,1
1988,1988-11-07,TEN,CLE,3,24,17,1,8,11,0
1988,1988-11-13,ARI,NYG,3,24,17,1,19,9,1
1988,1988-11-13,ATL,LAC,0,7,10,1,22,21,0
1988,1988-11-13,DAL,MIN,0,3,43,1,28,4,0
1988,1988-11-13,DEN,CLE,3,30,7,1,16,11,1
1988,1988-11-13,DET,TB,0,20,23,1,27,24,0
1988,1988-11-13,GB,IND,0,13,20,1,26,12,0
1988,1988-11-13,KC,CIN,3,31,28,1,25,1,1
1988,1988-11-13,LAR,NO,0,10,14,1,5,10,1
1988,1988-11-13,NYJ,NE,0,13,14,1,15,14,0
1988,1988-11-13,PIT,PHI,0,26,27,1,23,7,0
1988,1988-11-13,SEA,TEN,3,27,24,1,13,8,1
1988,1988-11-13,SF,LV,0,3,9,1,6,18,1
1988,1988-11-13,WAS,CHI,0,14,34,1,17,2,0
1988,1988-11-14,MIA,BUF,0,6,31,1,20,3,0
1988,1988-11-20,BUF,NYJ,3,9,6,1,3,15,0
1988,1988-11-20,CLE,PIT,3,27,7,1,11,23,0
1988,1988-11-20,DAL,CIN,0,24,38,1,28,1,0
1988,1988-11-20,GB,DET,0,9,19,1,26,27,1
1988,1988-11-20,KC,SEA,3,27,24,1,25,13,1
1988,1988-11-20,LAR,LAC,0,24,38,1,5,21,1
1988,1988-11-20,LV,ATL,0,6,12,1,18,22,1
1988,1988-11-20,MIA,NE,0,3,6,1,20,14,0
1988,1988-11-20,MIN,IND,3,12,3,1,4,12,0
1988,1988-11-20,NO,DEN,3,42,0,1,10,16,0
1988,1988-11-20,NYG,PHI,0,17,23,1,9,7,0
1988,1988-11-20,TB,CHI,0,15,27,1,24,2,0
1988,1988-11-20,TEN,ARI,3,38,20,1,8,19,0
1988,1988-11-21,SF,WAS,3,37,21,1,6,17,0
1988,1988-11-24,DAL,TEN,0,17,25,1,28,8,0
1988,1988-11-24,DET,MIN,0,0,23,1,27,4,0
1988,1988-11-27,ATL,TB,3,17,10,1,22,24,0
1988,1988-11-27,CHI,GB,3,16,0,1,2,26,0
1988,1988-11-27,CIN,BUF,3,35,21,1,1,3,0
1988,1988-11-27,DEN,LAR,3,35,24,1,16,5,1
1988,1988-11-27,IND,NE,3,24,21,1,12,14,0
1988,1988-11-27,LAC,SF,0,10,48,1,21,6,0
1988,1988-11-27,NO,NYG,0,12,13,1,10,9,0
1988,1988-11-27,NYJ,MIA,3,38,34,1,15,20,0
1988,1988-11-27,PHI,ARI,3,31,21,1,7,19,0
1988,1988-11-27,PIT,KC,3,16,10,1,23,25,0
1988,1988-11-27,WAS,CLE,0,13,17,1,17,11,0
1988,1988-11-28,SEA,LV,3,35,27,1,13,18,0
1988,1988-12-04,ATL,SF,0,3,13,1,22,6,0
1988,1988-12-04,CIN,LAC,3,27,10,1,1,21,0
1988,1988-12-04,CLE,DAL,3,24,21,1,11,28,0
1988,1988-12-04,DET,GB,3,30,14,1,27,26,1
1988,1988-12-04,KC,NYJ,3,38,34,1,25,15,1
1988,1988-12-04,LV,DEN,3,21,20,1,18,16,1
1988,1988-12-04,MIA,IND,0,28,31,1,20,12,0
1988,1988-12-04,MIN,NO,3,45,3,1,4,10,0
1988,1988-12-04,NE,SEA,3,13,7,1,14,13,1
1988,1988-12-04,NYG,ARI,3,44,7,1,9,19,0
1988,1988-12-04,PHI,WAS,0,19,20,1,7,17,1
1988,1988-12-04,TB,BUF,3,10,5,1,24,3,1
1988,1988-12-04,TEN,PIT,0,34,37,1,8,23,1
1988,1988-12-05,LAR,CHI,3,23,3,1,5,2,1
1988,1988-12-10,ARI,PHI,0,17,23,1,19,7,0
1988,1988-12-10,NYJ,IND,3,34,16,1,15,12,1
1988,1988-12-11,BUF,LV,3,37,21,1,3,18,0
1988,1988-12-11,CHI,DET,3,13,12,1,2,27,0
1988,1988-12-11,GB,MIN,3,18,6,1,26,4,1
1988,1988-12-11,LAC,PIT,3,20,14,1,21,23,0
1988,1988-12-11,LAR,ATL,3,22,7,1,5,22,0
1988,1988-12-11,NE,TB,3,10,7,1,14,24,0
1988,1988-12-11,NYG,KC,3,28,12,1,9,25,0
1988,1988-12-11,SEA,DEN,3,42,14,1,13,16,0
1988,1988-12-11,SF,NO,3,30,17,1,6,10,0
1988,1988-12-11,TEN,CIN,3,41,6,1,8,1,1
1988,1988-12-11,WAS,DAL,0,17,24,1,17,28,1
1988,1988-12-12,MIA,CLE,3,38,31,1,20,11,1
1988,1988-12-17,CIN,WAS,3,20,17,1,1,17,0
1988,1988-12-17,DEN,NE,3,21,10,1,16,14,1
1988,1988-12-18,ARI,GB,0,17,26,1,19,26,1
1988,1988-12-18,CLE,TEN,3,28,23,1,11,8,1
1988,1988-12-18,DAL,PHI,0,7,23,1,28,7,0
1988,1988-12-18,IND,BUF,3,17,14,1,12,3,1
1988,1988-12-18,LAC,KC,3,24,13,1,21,25,0
1988,1988-12-18,LV,SEA,0,37,43,1,18,13,0
1988,1988-12-18,NO,ATL,3,10,9,1,10,22,0
1988,1988-12-18,NYJ,NYG,3,27,21,1,15,9,1
1988,1988-12-18,PIT,MIA,3,40,24,1,23,20,1
1988,1988-12-18,SF,LAR,0,16,38,1,6,5,0
1988,1988-12-18,TB,DET,3,21,10,1,24,27,0
1988,1988-12-19,MIN,CHI,3,28,27,1,4,2,1
1989,1989-09-10,ATL,LAR,0,21,31,1,27,4,0
1989,1989-09-10,CHI,CIN,3,17,14,1,21,15,1
1989,1989-09-10,DEN,KC,3,34,20,1,3,14,0
1989,1989-09-10,DET,ARI,0,13,16,1,19,25,1
1989,1989-09-10,GB,TB,0,21,23,1,8,24,1
1989,1989-09-10,IND,SF,0,24,30,1,17,1,0
1989,1989-09-10,LV,LAC,3,40,14,1,16,22,0
1989,1989-09-10,MIA,BUF,0,24,27,1,18,10,0
1989,1989-09-10,MIN,TEN,3,38,7,1,7,12,0
1989,1989-09-10,NO,DAL,3,28,0,1,11,28,0
1989,1989-09-10,NYJ,NE,0,24,27,1,26,23,0
1989,1989-09-10,PHI,SEA,3,31,7,1,5,20,0
1989,1989-09-10,PIT,CLE,0,0,51,1,13,9,0
1989,1989-09-11,WAS,NYG,0,24,27,1,6,2,0
1989,1989-09-17,ATL,DAL,3,27,21,1,27,28,0
1989,1989-09-17,CHI,MIN,3,38,7,1,21,7,1
1989,1989-09-17,CIN,PIT,3,41,10,1,15,13,1
1989,1989-09-17,CLE,NYJ,3,38,24,1,9,26,0
1989,1989-09-17,GB,NO,3,35,34,1,8,11,0
1989,1989-09-17,KC,LV,3,24,19,1,14,16,0
1989,1989-09-17,LAC,TEN,0,27,34,1,22,12,0
1989,1989-09-17,LAR,IND,3,31,17,1,4,17,0
1989,1989-09-17,NE,MIA,0,10,24,1,23,18,0
1989,1989-09-17,NYG,DET,3,24,14,1,2,19,0
1989,1989-09-17,SEA,ARI,0,24,34,1,20,25,1
1989,1989-09-17,TB,SF,0,16,20,1,24,1,0
1989,1989-09-17,WAS,PHI,0,37,42,1,6,5,0
1989,1989-09-18,BUF,DEN,0,14,28,1,10,3,0
1989,1989-09-24,DAL,WAS,0,7,30,1,28,6,0
1989,1989-09-24,DEN,LV,3,31,21,1,3,16,0
1989,1989-09-24,DET,CHI,0,27,47,1,19,21,1
1989,1989-09-24,IND,ATL,3,13,9,1,17,27,0
1989,1989-09-24,LAC,KC,3,21,6,1,22,14,1
1989,1989-09-24,LAR,GB,3,41,38,1,4,8,0
1989,1989-09-24,MIA,NYJ,0,33,40,1,18,26,1
1989,1989-09-24,NE,SEA,0,3,24,1,23,20,0
1989,1989-09-24,NYG,ARI,3,35,7,1,2,25,0
1989,1989-09-24,PHI,SF,0,28,38,1,5,1,0
1989,1989-09-24,PIT,MIN,3,27,14,1,13,7,1
1989,1989-09-24,TB,NO,3,20,10,1,24,11,1
1989,1989-09-24,TEN,BUF,0,41,47,1,12,10,0
1989,1989-09-25,CIN,CLE,3,21,14,1,15,9,1
1989,1989-10-01,ARI,LAC,0,13,24,1,25,22,0
1989,1989-10-01,BUF,NE,3,31,10,1,10,23,0
1989,1989-10-01,CLE,DEN,3,16,13,1,9,3,1
1989,1989-10-01,DAL,NYG,0,13,30,1,28,2,0
1989,1989-10-01,DET,PIT,0,3,23,1,19,13,0
1989,1989-10-01,GB,ATL,3,23,21,1,8,27,0
1989,1989-10-01,KC,CIN,0,17,21,1,14,15,1
1989,1989-10-01,LV,SEA,0,20,24,1,16,20,1
1989,1989-10-01,MIN,TB,3,17,3,1,7,24,0
1989,1989-10-01,NO,WAS,0,14,16,1,11,6,0
1989,1989-10-01,NYJ,IND,0,10,17,1,26,17,0
1989,1989-10-01,SF,LAR,0,12,13,1,1,4,1
1989,1989-10-01,TEN,MIA,3,39,7,1,12,18,0
1989,1989-10-02,CHI,PHI,3,27,13,1,21,5,1
1989,1989-10-08,DEN,LAC,3,16,10,1,3,22,0
1989,1989-10-08,GB,DAL,3,31,13,1,8,28,0
1989,1989-10-08,IND,BUF,3,37,14,1,17,10,1
1989,1989-10-08,LAR,ATL,3,26,14,1,4,27,0
1989,1989-10-08,MIA,CLE,3,13,10,1,18,9,1
1989,1989-10-08,MIN,DET,3,24,17,1,7,19,0
1989,1989-10-08,NE,TEN,3,23,13,1,23,12,1
1989,1989-10-08,NO,SF,0,20,24,1,11,1,0
1989,1989-10-08,PHI,NYG,3,21,19,1,5,2,1
1989,1989-10-08,PIT,CIN,0,16,26,1,13,15,1
1989,1989-10-08,SEA,KC,0,16,20,1,20,14,0
1989,1989-10-08,TB,CHI,3,42,35,1,24,21,1
1989,1989-10-08,WAS,ARI,3,30,28,1,6,25,0
1989,1989-10-09,NYJ,LV,0,7,14,1,26,16,0
1989,1989-10-15,ARI,PHI,0,5,17,1,25,5,0
1989,1989-10-15,ATL,NE,3,16,15,1,27,23,1
1989,1989-10-15,CHI,TEN,0,28,33,1,21,12,0
1989,1989-10-15,CIN,MIA,0,13,20,1,15,18,1
1989,1989-10-15,CLE,PIT,0,7,17,1,9,13,1
1989,1989-10-15,DAL,SF,0,14,31,1,28,1,0
1989,1989-10-15,DEN,IND,3,14,3,1,3,17,0
1989,1989-10-15,LAC,SEA,0,16,17,1,22,20,0
1989,1989-10-15,LV,KC,3,20,14,1,16,14,1
1989,1989-10-15,MIN,GB,3,26,14,1,7,8,0
1989,1989-10-15,NO,NYJ,3,29,14,1,11,26,0
1989,1989-10-15,NYG,WAS,3,20,17,1,2,6,0
1989,1989-10-15,TB,DET,0,16,17,1,24,19,0
1989,1989-10-16,BUF,LAR,3,23,20,1,10,4,1
1989,1989-10-22,ARI,ATL,3,34,20,1,25,27,0
1989,1989-10-22,BUF,NYJ,3,34,3,1,10,26,0
1989,1989-10-22,CIN,IND,0,12,23,1,15,17,1
1989,1989-10-22,DET,MIN,0,7,20,1,19,7,0
1989,1989-10-22,KC,DAL,3,36,28,1,14,28,0
1989,1989-10-22,LAC,NYG,0,13,20,1,22,2,0
1989,1989-10-22,LAR,NO,0,21,40,1,4,11,1
1989,1989-10-22,MIA,GB,3,23,20,1,18,8,1
1989,1989-10-22,PHI,LV,3,10,7,1,5,16,0
1989,1989-10-22,SEA,DEN,0,21,24,1,20,3,0
1989,1989-10-22,SF,NE,3,37,20,1,1,23,0
1989,1989-10-22,TEN,PIT,3,27,0,1,12,13,0
1989,1989-10-22,WAS,TB,3,32,28,1,6,24,0
1989,1989-10-23,CLE,CHI,3,27,7,1,9,21,0
1989,1989-10-29,BUF,MIA,3,31,17,1,10,18,0
1989,1989-10-29,CHI,LAR,3,20,10,1,21,4,1
1989,1989-10-29,CIN,TB,3,56,23,1,15,24,0
1989,1989-10-29,CLE,TEN,3,28,17,1,9,12,0
1989,1989-10-29,DAL,ARI,0,10,19,1,28,25,0
1989,1989-10-29,DEN,PHI,0,24,28,1,3,5,1
1989,1989-10-29,GB,DET,3,23,20,1,8,19,0
1989,1989-10-29,IND,NE,0,20,23,1,17,23,1
1989,1989-10-29,LV,WAS,3,37,24,1,16,6,1
1989,1989-10-29,NO,ATL,3,20,13,1,11,27,0
1989,1989-10-29,NYJ,SF,0,10,23,1,26,1,0
1989,1989-10-29,PIT,KC,3,23,17,1,13,14,0
1989,1989-10-29,SEA,LAC,3,10,7,1,20,22,0
1989,1989-10-30,NYG,MIN,3,24,14,1,2,7,0
1989,1989-11-05,ARI,NYG,0,13,20,1,25,2,0
1989,1989-11-05,ATL,BUF,3,30,28,1,27,10,1
1989,1989-11-05,DEN,PIT,3,34,7,1,3,13,0
1989,1989-11-05,GB,CHI,3,14,13,1,8,21,0
1989,1989-11-05,KC,SEA,3,20,10,1,14,20,0
1989,1989-11-05,LAC,PHI,3,20,17,1,22,5,1
1989,1989-11-05,LV,CIN,3,28,7,1,16,15,1
1989,1989-11-05,MIA,IND,3,19,13,1,18,17,1
1989,1989-11-05,MIN,LAR,3,23,21,1,7,4,1
1989,1989-11-05,NE,NYJ,0,26,27,1,23,26,1
1989,1989-11-05,TB,CLE,0,31,42,1,24,9,0
1989,1989-11-05,TEN,DET,3,35,31,1,12,19,0
1989,1989-11-05,WAS,DAL,0,3,13,1,6,28,1
1989,1989-11-06,SF,NO,3,31,13,1,1,11,0
1989,1989-11-12,ARI,DAL,3,24,20,1,25,28,0
1989,1989-11-12,BUF,IND,3,30,7,1,10,17,0
1989,1989-11-12,DET,GB,3,31,22,1,19,8,1
1989,1989-11-12,KC,DEN,0,13,16,1,14,3,0
1989,1989-11-12,LAC,LV,3,14,12,1,22,16,1
1989,1989-11-12,LAR,NYG,3,31,10,1,4,2,1
1989,1989-11-12,NE,NO,0,24,28,1,23,11,0
1989,1989-11-12,NYJ,MIA,0,23,31,1,26,18,0
1989,1989-11-12,PHI,WAS,0,3,10,1,5,6,1
1989,1989-11-12,PIT,CHI,0,0,20,1,13,21,1
1989,1989-11-12,SEA,CLE,0,7,17,1,20,9,0
1989,1989-11-12,SF,ATL,3,45,3,1,1,27,0
1989,1989-11-12,TB,MIN,0,10,24,1,24,7,0
1989,1989-11-13,TEN,CIN,3,26,24,1,12,15,0
1989,1989-11-19,ATL,NO,0,17,26,1,27,11,0
1989,1989-11-19,CHI,TB,0,31,32,1,21,24,1
1989,1989-11-19,CIN,DET,3,42,7,1,15,19,0
1989,1989-11-19,CLE,KC,1,10,10,1,9,14,0
1989,1989-11-19,DAL,MIA,0,14,17,1,28,18,0
1989,1989-11-19,IND,NYJ,3,27,10,1,17,26,0
1989,1989-11-19,LAR,ARI,3,37,14,1,4,25,0
1989,1989-11-19,NE,BUF,3,33,24,1,23,10,1
1989,1989-11-19,NYG,SEA,3,15,3,1,2,20,0
1989,1989-11-19,PHI,MIN,3,10,9,1,5,7,0
1989,1989-11-19,PIT,LAC,3,20,17,1,13,22,0
1989,1989-11-19,SF,GB,0,17,21,1,1,8,1
1989,1989-11-19,TEN,LV,3,23,7,1,12,16,0
1989,1989-11-20,WAS,DEN,0,10,14,1,6,3,0
1989,1989-11-23,DAL,PHI,0,0,27,1,28,5,0
1989,1989-11-23,DET,CLE,3,13,10,1,19,9,1
1989,1989-11-26,ARI,TB,0,13,14,1,25,24,0
1989,1989-11-26,BUF,CIN,3,24,7,1,10,15,0
1989,1989-11-26,DEN,SEA,3,41,14,1,3,20,0
1989,1989-11-26,GB,MIN,3,20,19,1,8,7,1
1989,1989-11-26,IND,LAC,3,10,6,1,17,22,0
1989,1989-11-26,KC,TEN,3,34,0,1,14,12,1
1989,1989-11-26,LV,NE,3,24,21,1,16,23,0
1989,1989-11-26,MIA,PIT,0,14,34,1,18,13,0
1989,1989-11-26,NO,LAR,0,17,20,1,11,4,0
1989,1989-11-26,NYJ,ATL,3,27,7,1,26,27,0
1989,1989-11-26,WAS,CHI,3,38,14,1,6,21,0
1989,1989-11-27,SF,NYG,3,34,24,1,1,2,0
1989,1989-12-03,ARI,WAS,0,10,29,1,25,6,0
1989,1989-12-03,ATL,SF,0,10,23,1,27,1,0
1989,1989-12-03,CLE,CIN,0,0,21,1,9,15,1
1989,1989-12-03,DAL,LAR,0,31,35,1,28,4,0
1989,1989-12-03,DET,NO,3,21,14,1,19,11,1
1989,1989-12-03,KC,MIA,3,26,21,1,14,18,0
1989,1989-12-03,LAC,NYJ,0,17,20,1,22,26,1
1989,1989-12-03,LV,DEN,3,16,13,1,16,3,1
1989,1989-12-03,MIN,CHI,3,27,16,1,7,21,0
1989,1989-12-03,NE,IND,3,22,16,1,23,17,1
1989,1989-12-03,NYG,PHI,0,17,24,1,2,5,1
1989,1989-12-03,PIT,TEN,0,16,23,1,13,12,0
1989,1989-12-03,TB,GB,0,16,17,1,24,8,0
1989,1989-12-04,SEA,BUF,3,17,16,1,20,10,1
1989,1989-12-10,BUF,NO,0,19,22,1,10,11,1
1989,1989-12-10,CHI,DET,0,17,27,1,21,19,0
1989,1989-12-10,CIN,SEA,0,17,24,1,15,20,1
1989,1989-12-10,DEN,NYG,0,7,14,1,3,2,0
1989,1989-12-10,GB,KC,0,3,21,1,8,14,1
1989,1989-12-10,IND,CLE,3,23,17,1,17,9,1
1989,1989-12-10,LV,ARI,3,16,14,1,16,25,0
1989,1989-12-10,MIA,NE,3,31,10,1,18,23,0
1989,1989-12-10,MIN,ATL,3,43,17,1,7,27,0
1989,1989-12-10,NYJ,PIT,0,0,13,1,26,13,0
1989,1989-12-10,PHI,DAL,3,20,10,1,5,28,0
1989,1989-12-10,TEN,TB,3,20,17,1,12,24,0
1989,1989-12-10,WAS,LAC,3,26,21,1,6,22,0
1989,1989-12-11,LAR,SF,0,27,30,1,4,1,0
1989,1989-12-16,ARI,DEN,0,0,37,1,25,3,0
1989,1989-12-16,NYG,DAL,3,15,0,1,2,28,0
1989,1989-12-17,ATL,WAS,0,30,31,1,27,6,0
1989,1989-12-17,CHI,GB,0,28,40,1,21,8,0
1989,1989-12-17,CIN,TEN,3,61,7,1,15,12,1
1989,1989-12-17,CLE,MIN,3,23,17,1,9,7,1
1989,1989-12-17,DET,TB,3,33,7,1,19,24,0
1989,1989-12-17,IND,MIA,3,42,13,1,17,18,0
1989,1989-12-17,KC,LAC,0,13,20,1,14,22,1
1989,1989-12-17,LAR,NYJ,3,38,14,1,4,26,0
1989,1989-12-17,PIT,NE,3,28,10,1,13,23,0
1989,1989-12-17,SEA,LV,3,23,17,1,20,16,1
1989,1989-12-17,SF,BUF,3,21,10,1,1,10,0
1989,1989-12-18,NO,PHI,3,30,20,1,11,5,1
1989,1989-12-23,NYJ,BUF,0,0,37,1,26,10,0
1989,1989-12-23,SEA,WAS,0,0,29,1,20,6,0
1989,1989-12-23,TEN,CLE,0,20,24,1,12,9,0
1989,1989-12-24,ATL,DET,0,24,31,1,27,19,0
1989,1989-12-24,DAL,GB,0,10,20,1,28,8,0
1989,1989-12-24,LAC,DEN,3,19,16,1,22,3,1
1989,1989-12-24,MIA,KC,0,24,27,1,18,14,0
1989,1989-12-24,NE,LAR,0,20,24,1,23,4,0
1989,1989-12-24,NO,IND,3,41,6,1,11,17,0
1989,1989-12-24,NYG,LV,3,34,17,1,2,16,0
1989,1989-12-24,PHI,ARI,3,31,14,1,5,25,0
1989,1989-12-24,SF,CHI,3,26,0,1,1,21,0
1989,1989-12-24,TB,PIT,0,22,31,1,24,13,0
1989,1989-12-25,MIN,CIN,3,29,21,1,7,15,0
1990,1990-09-09,ATL,TEN,3,47,27,1,23,10,1
1990,1990-09-09,BUF,IND,3,26,10,1,2,16,0
1990,1990-09-09,CHI,SEA,3,17,0,1,7,12,0
1990,1990-09-09,CIN,NYJ,3,25,20,1,13,20,0
1990,1990-09-09,CLE,PIT,3,13,3,1,27,11,1
1990,1990-09-09,DAL,LAC,3,17,14,1,15,17,0
1990,1990-09-09,DET,TB,0,21,38,1,19,22,1
1990,1990-09-09,GB,LAR,3,36,24,1,21,25,0
1990,1990-09-09,KC,MIN,3,24,21,1,6,18,0
1990,1990-09-09,LV,DEN,3,14,9,1,5,24,0
1990,1990-09-09,NE,MIA,0,24,27,1,28,4,0
1990,1990-09-09,NYG,PHI,3,27,20,1,3,8,0
1990,1990-09-09,WAS,ARI,3,31,0,1,9,26,0
1990,1990-09-10,NO,SF,0,12,13,1,14,1,0
1990,1990-09-16,DAL,NYG,0,7,28,1,15,3,0
1990,1990-09-16,DET,ATL,3,21,14,1,19,23,0
1990,1990-09-16,GB,CHI,0,13,31,1,21,7,0
1990,1990-09-16,IND,NE,0,14,16,1,16,28,1
1990,1990-09-16,LAC,CIN,0,16,21,1,17,13,0
1990,1990-09-16,MIA,BUF,3,30,7,1,4,2,1
1990,1990-09-16,MIN,NO,3,32,3,1,18,14,1
1990,1990-09-16,NYJ,CLE,3,24,21,1,20,27,0
1990,1990-09-16,PHI,ARI,0,21,23,1,8,26,1
1990,1990-09-16,PIT,TEN,3,20,9,1,11,10,1
1990,1990-09-16,SEA,LV,0,13,17,1,12,5,0
1990,1990-09-16,SF,WAS,3,26,13,1,1,9,0
1990,1990-09-16,TB,LAR,0,14,35,1,22,25,1
1990,1990-09-17,DEN,KC,3,24,23,1,24,6,1
1990,1990-09-23,CHI,MIN,3,19,16,1,7,18,0
1990,1990-09-23,CIN,NE,3,41,7,1,13,28,0
1990,1990-09-23,CLE,LAC,0,14,24,1,27,17,0
1990,1990-09-23,DEN,SEA,3,34,31,1,24,12,1
1990,1990-09-23,GB,KC,0,3,17,1,21,6,0
1990,1990-09-23,LAR,PHI,0,21,27,1,25,8,0
1990,1990-09-23,LV,PIT,3,20,3,1,5,11,0
1990,1990-09-23,NO,ARI,3,28,7,1,14,26,0
1990,1990-09-23,NYG,MIA,3,20,3,1,3,4,0
1990,1990-09-23,SF,ATL,3,19,13,1,1,23,0
1990,1990-09-23,TB,DET,3,23,20,1,22,19,1
1990,1990-09-23,TEN,IND,3,24,10,1,10,16,0
1990,1990-09-23,WAS,DAL,3,19,15,1,9,15,0
1990,1990-09-24,NYJ,BUF,0,7,30,1,20,2,0
1990,1990-09-30,ARI,WAS,0,10,38,1,26,9,0
1990,1990-09-30,BUF,DEN,3,29,28,1,2,24,0
1990,1990-09-30,DET,GB,0,21,24,1,19,21,1
1990,1990-09-30,KC,CLE,3,34,0,1,6,27,0
1990,1990-09-30,LAC,TEN,0,7,17,1,17,10,0
1990,1990-09-30,LV,CHI,3,24,10,1,5,7,0
1990,1990-09-30,MIN,TB,0,20,23,1,18,22,1
1990,1990-09-30,NE,NYJ,0,13,37,1,28,20,0
1990,1990-09-30,NYG,DAL,3,31,17,1,3,15,0
1990,1990-09-30,PHI,IND,0,23,24,1,8,16,1
1990,1990-09-30,PIT,MIA,0,6,28,1,11,4,0
1990,1990-10-01,SEA,CIN,3,31,16,1,12,13,0
1990,1990-10-07,ATL,NO,3,28,27,1,23,14,1
1990,1990-10-07,BUF,LV,3,38,24,1,2,5,0
1990,1990-10-07,CHI,GB,3,27,13,1,7,21,0
1990,1990-10-07,DAL,TB,3,14,10,1,15,22,0
1990,1990-10-07,IND,KC,3,23,19,1,16,6,1
1990,1990-10-07,LAR,CIN,0,31,34,1,25,13,0
1990,1990-10-07,MIA,NYJ,3,20,16,1,4,20,0
1990,1990-10-07,MIN,DET,0,27,34,1,18,19,1
1990,1990-10-07,NE,SEA,0,20,33,1,28,12,0
1990,1990-10-07,PIT,LAC,3,36,14,1,11,17,0
1990,1990-10-07,TEN,SF,0,21,24,1,10,1,0
1990,1990-10-08,DEN,CLE,0,29,30,1,24,27,1
1990,1990-10-14,ARI,DAL,3,20,3,1,26,15,1
1990,1990-10-14,ATL,SF,0,35,45,1,23,1,0
1990,1990-10-14,CHI,LAR,3,38,9,1,7,25,0
1990,1990-10-14,DEN,PIT,0,17,34,1,24,11,0
1990,1990-10-14,KC,DET,3,43,24,1,6,19,0
1990,1990-10-14,LV,SEA,3,24,17,1,5,12,0
1990,1990-10-14,NO,CLE,3,25,20,1,14,27,0
1990,1990-10-14,NYJ,LAC,0,3,39,1,20,17,0
1990,1990-10-14,TB,GB,3,26,14,1,22,21,1
1990,1990-10-14,TEN,CIN,3,48,17,1,10,13,0
1990,1990-10-14,WAS,NYG,0,20,24,1,9,3,0
1990,1990-10-15,PHI,MIN,3,32,24,1,8,18,0
1990,1990-10-18,MIA,NE,3,17,10,1,4,28,0
1990,1990-10-21,BUF,NYJ,3,30,27,1,2,20,0
1990,1990-10-21,IND,DEN,0,17,27,1,16,24,1
1990,1990-10-21,LAC,LV,0,9,24,1,17,5,0
1990,1990-10-21,LAR,ATL,3,44,24,1,25,23,1
1990,1990-10-21,NYG,ARI,3,20,19,1,3,26,0
1990,1990-10-21,SEA,KC,3,19,7,1,12,6,1
1990,1990-10-21,SF,PIT,3,27,7,1,1,11,0
1990,1990-10-21,TB,DAL,0,13,17,1,22,15,0
1990,1990-10-21,TEN,NO,3,23,10,1,10,14,0
1990,1990-10-21,WAS,PHI,3,13,7,1,9,8,1
1990,1990-10-22,CLE,CIN,0,13,34,1,27,13,0
1990,1990-10-28,ARI,CHI,0,21,31,1,26,7,0
1990,1990-10-28,ATL,CIN,3,38,17,1,23,13,1
1990,1990-10-28,DAL,PHI,0,20,21,1,15,8,0
1990,1990-10-28,GB,MIN,3,24,10,1,21,18,1
1990,1990-10-28,IND,MIA,0,7,27,1,16,4,0
1990,1990-10-28,LAC,TB,3,41,10,1,17,22,0
1990,1990-10-28,NE,BUF,0,10,27,1,28,2,0
1990,1990-10-28,NO,DET,0,10,27,1,14,19,1
1990,1990-10-28,NYG,WAS,3,21,10,1,3,9,0
1990,1990-10-28,SF,CLE,3,20,17,1,1,27,0
1990,1990-10-28,TEN,NYJ,0,12,17,1,10,20,1
1990,1990-10-29,PIT,LAR,3,41,10,1,11,25,0
1990,1990-11-04,CIN,NO,0,7,21,1,13,14,1
1990,1990-11-04,CLE,BUF,0,0,42,1,27,2,0
1990,1990-11-04,DET,WAS,0,38,41,1,19,9,0
1990,1990-11-04,GB,SF,0,20,24,1,21,1,0
1990,1990-11-04,KC,LV,3,9,7,1,6,5,1
1990,1990-11-04,LAR,TEN,3,17,13,1,25,10,1
1990,1990-11-04,MIA,ARI,3,23,3,1,4,26,0
1990,1990-11-04,MIN,DEN,3,27,22,1,18,24,0
1990,1990-11-04,NYJ,DAL,3,24,9,1,20,15,1
1990,1990-11-04,PHI,NE,3,48,20,1,8,28,0
1990,1990-11-04,PIT,ATL,3,21,9,1,11,23,0
1990,1990-11-04,SEA,LAC,0,14,31,1,12,17,1
1990,1990-11-04,TB,CHI,0,6,26,1,22,7,0
1990,1990-11-05,IND,NYG,0,7,24,1,16,3,0
1990,1990-11-11,BUF,ARI,3,45,14,1,2,26,0
1990,1990-11-11,CHI,ATL,3,30,24,1,7,23,0
1990,1990-11-11,DAL,SF,0,6,24,1,15,1,0
1990,1990-11-11,DET,MIN,0,7,17,1,19,18,0
1990,1990-11-11,KC,SEA,0,16,17,1,6,12,1
1990,1990-11-11,LAC,DEN,3,19,7,1,17,24,0
1990,1990-11-11,LAR,NYG,0,7,31,1,25,3,0
1990,1990-11-11,LV,GB,0,16,29,1,5,21,1
1990,1990-11-11,NE,IND,0,10,13,1,28,16,0
1990,1990-11-11,NO,TB,3,35,7,1,14,22,0
1990,1990-11-11,NYJ,MIA,0,3,17,1,20,4,0
1990,1990-11-12,PHI,WAS,3,28,14,1,8,9,0
1990,1990-11-18,ARI,GB,0,21,24,1,26,21,0
1990,1990-11-18,ATL,PHI,0,23,24,1,23,8,0
1990,1990-11-18,BUF,NE,3,14,0,1,2,28,0
1990,1990-11-18,CIN,PIT,3,27,3,1,13,11,1
1990,1990-11-18,CLE,TEN,0,23,35,1,27,10,0
1990,1990-11-18,DEN,CHI,0,13,16,1,24,7,0
1990,1990-11-18,IND,NYJ,3,17,14,1,16,20,0
1990,1990-11-18,KC,LAC,3,27,10,1,6,17,0
1990,1990-11-18,LAR,DAL,0,21,24,1,25,15,0
1990,1990-11-18,NYG,DET,3,20,0,1,3,19,0
1990,1990-11-18,SEA,MIN,0,21,24,1,12,18,1
1990,1990-11-18,SF,TB,3,31,7,1,1,22,0
1990,1990-11-18,WAS,NO,3,31,17,1,9,14,0
1990,1990-11-19,MIA,LV,0,10,13,1,4,5,1
1990,1990-11-22,DAL,WAS,3,27,17,1,15,9,1
1990,1990-11-22,DET,DEN,3,40,27,1,19,24,0
1990,1990-11-25,ARI,NE,3,34,14,1,26,28,0
1990,1990-11-25,CIN,IND,0,20,34,1,13,16,1
1990,1990-11-25,CLE,MIA,0,13,30,1,27,4,0
1990,1990-11-25,GB,TB,3,20,10,1,21,22,0
1990,1990-11-25,LAC,SEA,0,10,13,1,17,12,0
1990,1990-11-25,LV,KC,0,24,27,1,5,6,1
1990,1990-11-25,MIN,CHI,3,41,13,1,18,7,1
1990,1990-11-25,NO,ATL,3,10,7,1,14,23,0
1990,1990-11-25,NYJ,PIT,0,7,24,1,20,11,0
1990,1990-11-25,PHI,NYG,3,31,13,1,8,3,1
1990,1990-11-25,SF,LAR,0,17,28,1,1,25,1
1990,1990-11-26,TEN,BUF,3,27,24,1,10,2,1
1990,1990-12-02,ARI,IND,3,20,17,1,26,16,1
1990,1990-12-02,BUF,PHI,3,30,23,1,2,8,0
1990,1990-12-02,CHI,DET,3,23,17,1,7,19,0
1990,1990-12-02,CLE,LAR,0,23,38,1,27,25,0
1990,1990-12-02,DAL,NO,3,17,13,1,15,14,1
1990,1990-12-02,DEN,LV,0,20,23,1,24,5,0
1990,1990-12-02,LAC,NYJ,3,38,17,1,17,20,0
1990,1990-12-02,MIN,GB,3,23,7,1,18,21,0
1990,1990-12-02,NE,KC,0,7,37,1,28,6,0
1990,1990-12-02,PIT,CIN,0,12,16,1,11,13,1
1990,1990-12-02,SEA,TEN,3,13,10,1,12,10,1
1990,1990-12-02,TB,ATL,3,23,17,1,22,23,0
1990,1990-12-02,WAS,MIA,3,42,20,1,9,4,1
1990,1990-12-03,SF,NYG,3,7,3,1,1,3,0
1990,1990-12-09,ATL,ARI,0,13,24,1,23,26,1
1990,1990-12-09,CIN,SF,0,17,20,1,13,1,0
1990,1990-12-09,GB,SEA,0,14,20,1,21,12,0
1990,1990-12-09,IND,BUF,0,7,31,1,16,2,0
1990,1990-12-09,KC,DEN,3,31,20,1,6,24,0
1990,1990-12-09,LAR,NO,0,20,24,1,25,14,0
1990,1990-12-09,MIA,PHI,3,23,20,1,4,8,0
1990,1990-12-09,NYG,MIN,3,23,15,1,3,18,0
1990,1990-12-09,PIT,NE,3,24,3,1,11,28,0
1990,1990-12-09,TEN,CLE,3,58,14,1,10,27,0
1990,1990-12-09,WAS,CHI,3,10,9,1,9,7,1
1990,1990-12-10,DET,LV,0,31,38,1,19,5,0
1990,1990-12-15,NE,WAS,0,10,25,1,28,9,0
1990,1990-12-15,NYG,BUF,0,13,17,1,3,2,0
1990,1990-12-16,CLE,ATL,3,13,10,1,27,23,1
1990,1990-12-16,DAL,ARI,3,41,10,1,15,26,0
1990,1990-12-16,DEN,LAC,3,20,10,1,24,17,1
1990,1990-12-16,DET,CHI,3,38,21,1,19,7,1
1990,1990-12-16,KC,TEN,0,10,27,1,6,10,1
1990,1990-12-16,LV,CIN,3,24,7,1,5,13,0
1990,1990-12-16,MIA,SEA,3,24,17,1,4,12,0
1990,1990-12-16,NO,PIT,0,6,9,1,14,11,0
1990,1990-12-16,NYJ,IND,0,21,29,1,20,16,0
1990,1990-12-16,PHI,GB,3,31,0,1,8,21,0
1990,1990-12-16,TB,MIN,3,26,13,1,22,18,1
1990,1990-12-17,LAR,SF,0,10,26,1,25,1,0
1990,1990-12-22,GB,DET,0,17,24,1,21,19,0
1990,1990-12-22,IND,WAS,3,35,28,1,16,9,1
1990,1990-12-22,MIN,LV,0,24,28,1,18,5,0
1990,1990-12-23,ARI,NYG,0,21,24,1,26,3,0
1990,1990-12-23,ATL,LAR,3,20,13,1,23,25,0
1990,1990-12-23,BUF,MIA,3,24,14,1,2,4,0
1990,1990-12-23,CHI,TB,3,27,14,1,7,22,0
1990,1990-12-23,CIN,TEN,3,40,20,1,13,10,1
1990,1990-12-23,LAC,KC,0,21,24,1,17,6,0
1990,1990-12-23,NYJ,NE,3,42,7,1,20,28,0
1990,1990-12-23,PHI,DAL,3,17,3,1,8,15,0
1990,1990-12-23,PIT,CLE,3,35,0,1,11,27,0
1990,1990-12-23,SEA,DEN,3,17,12,1,12,24,0
1990,1990-12-23,SF,NO,0,10,13,1,1,14,1
1990,1990-12-29,ARI,PHI,0,21,23,1,26,8,0
1990,1990-12-29,CHI,KC,0,10,21,1,7,6,0
1990,1990-12-30,ATL,DAL,3,26,7,1,23,15,1
1990,1990-12-30,CIN,CLE,3,21,14,1,13,27,0
1990,1990-12-30,DEN,GB,3,22,13,1,24,21,1
1990,1990-12-30,LV,LAC,3,17,12,1,5,17,0
1990,1990-12-30,MIA,IND,3,23,17,1,4,16,0
1990,1990-12-30,MIN,SF,0,17,20,1,18,1,0
1990,1990-12-30,NE,NYG,0,10,13,1,28,3,0
1990,1990-12-30,SEA,DET,3,30,10,1,12,19,0
1990,1990-12-30,TB,NYJ,0,14,16,1,22,20,0
1990,1990-12-30,TEN,PIT,3,34,14,1,10,11,0
1990,1990-12-30,WAS,BUF,3,29,14,1,9,2,1
1990,1990-12-31,NO,LAR,3,20,17,1,14,25,0
1991,1991-09-01,BUF,MIA,3,35,31,1,2,16,0
1991,1991-09-01,CHI,MIN,3,10,6,1,8,15,0
1991,1991-09-01,CLE,DAL,0,14,26,1,20,7,0
1991,1991-09-01,DEN,CIN,3,45,14,1,3,27,0
1991,1991-09-01,GB,PHI,0,3,20,1,22,11,0
1991,1991-09-01,IND,NE,0,7,16,1,28,21,0
1991,1991-09-01,KC,ATL,3,14,3,1,10,12,0
1991,1991-09-01,LAR,ARI,0,14,24,1,25,24,0
1991,1991-09-01,NO,SEA,3,27,24,1,6,18,0
1991,1991-09-01,NYJ,TB,3,16,13,1,14,26,0
1991,1991-09-01,PIT,LAC,3,26,20,1,19,23,0
1991,1991-09-01,TEN,LV,3,47,17,1,5,13,0
1991,1991-09-01,WAS,DET,3,45,0,1,1,4,0
1991,1991-09-02,NYG,SF,3,16,14,1,17,9,1
1991,1991-09-08,ATL,MIN,0,19,20,1,12,15,1
1991,1991-09-08,BUF,PIT,3,52,34,1,2,19,0
1991,1991-09-08,CIN,TEN,0,7,30,1,27,5,0
1991,1991-09-08,DET,GB,3,23,14,1,4,22,0
1991,1991-09-08,KC,NO,0,10,17,1,10,6,0
1991,1991-09-08,LV,DEN,3,16,13,1,13,3,1
1991,1991-09-08,MIA,IND,3,17,6,1,16,28,0
1991,1991-09-08,NE,CLE,0,0,20,1,21,20,0
1991,1991-09-08,NYG,LAR,0,13,19,1,17,25,1
1991,1991-09-08,PHI,ARI,0,10,26,1,11,24,1
1991,1991-09-08,SEA,NYJ,3,20,13,1,18,14,1
1991,1991-09-08,SF,LAC,3,34,14,1,9,23,0
1991,1991-09-08,TB,CHI,0,20,21,1,26,8,0
1991,1991-09-09,DAL,WAS,0,31,33,1,7,1,0
1991,1991-09-15,CHI,NYG,3,20,17,1,8,17,0
1991,1991-09-15,CLE,CIN,3,14,13,1,20,27,0
1991,1991-09-15,DAL,PHI,0,0,24,1,7,11,1
1991,1991-09-15,DEN,SEA,3,16,10,1,3,18,0
1991,1991-09-15,DET,MIA,3,17,13,1,4,16,0
1991,1991-09-15,GB,TB,3,15,13,1,22,26,0
1991,1991-09-15,LAC,ATL,0,10,13,1,23,12,0
1991,1991-09-15,LV,IND,3,16,0,1,13,28,0
1991,1991-09-15,MIN,SF,3,17,14,1,15,9,1
1991,1991-09-15,NO,LAR,3,24,7,1,6,25,0
1991,1991-09-15,NYJ,BUF,0,20,23,1,14,2,0
1991,1991-09-15,PIT,NE,3,20,6,1,19,21,0
1991,1991-09-15,WAS,ARI,3,34,0,1,1,24,0
1991,1991-09-16,TEN,KC,3,17,7,1,5,10,0
1991,1991-09-22,ARI,DAL,0,9,17,1,24,7,0
1991,1991-09-22,ATL,LV,3,21,17,1,12,13,0
1991,1991-09-22,CIN,WAS,0,27,34,1,27,1,0
1991,1991-09-22,DEN,LAC,3,27,19,1,3,23,0
1991,1991-09-22,IND,DET,0,24,33,1,28,4,0
1991,1991-09-22,KC,SEA,3,20,13,1,10,18,0
1991,1991-09-22,MIA,GB,3,16,13,1,16,22,0
1991,1991-09-22,NE,TEN,3,24,20,1,21,5,1
1991,1991-09-22,NO,MIN,3,26,0,1,6,15,0
1991,1991-09-22,NYG,CLE,3,13,10,1,17,20,0
1991,1991-09-22,PHI,PIT,3,23,14,1,11,19,0
1991,1991-09-22,SF,LAR,3,27,10,1,9,25,0
1991,1991-09-22,TB,BUF,0,10,17,1,26,2,0
1991,1991-09-23,CHI,NYJ,3,19,13,1,8,14,0
1991,1991-09-29,ARI,NE,3,24,10,1,24,21,1
1991,1991-09-29,ATL,NO,0,6,27,1,12,6,0
1991,1991-09-29,BUF,CHI,3,35,20,1,2,8,0
1991,1991-09-29,DAL,NYG,3,21,16,1,7,17,0
1991,1991-09-29,DET,TB,3,31,3,1,4,26,0
1991,1991-09-29,LAC,KC,0,13,14,1,23,10,0
1991,1991-09-29,LAR,GB,3,23,21,1,25,22,1
1991,1991-09-29,LV,SF,3,12,6,1,13,9,1
1991,1991-09-29,MIN,DEN,0,6,13,1,15,3,0
1991,1991-09-29,NYJ,MIA,3,41,23,1,14,16,0
1991,1991-09-29,SEA,IND,3,31,3,1,18,28,0
1991,1991-09-30,WAS,PHI,3,23,0,1,1,11,0
1991,1991-10-06,CHI,WAS,0,7,20,1,8,1,0
1991,1991-10-06,CIN,SEA,0,7,13,1,27,18,0
1991,1991-10-06,CLE,NYJ,0,14,17,1,20,14,0
1991,1991-10-06,DET,MIN,3,24,20,1,4,15,0
1991,1991-10-06,GB,DAL,0,17,20,1,22,7,0
1991,1991-10-06,IND,PIT,0,3,21,1,28,19,0
1991,1991-10-06,LV,LAC,0,13,21,1,13,23,1
1991,1991-10-06,NE,MIA,0,10,20,1,21,16,0
1991,1991-10-06,NYG,ARI,3,20,9,1,17,24,0
1991,1991-10-06,TB,PHI,3,14,13,1,26,11,1
1991,1991-10-06,TEN,DEN,3,42,14,1,5,3,1
1991,1991-10-07,KC,BUF,3,33,6,1,10,2,1
1991,1991-10-13,BUF,IND,3,42,6,1,2,28,0
1991,1991-10-13,DAL,CIN,3,35,23,1,7,27,0
1991,1991-10-13,KC,MIA,3,42,7,1,10,16,0
1991,1991-10-13,LAR,LAC,3,30,24,1,25,23,1
1991,1991-10-13,MIN,ARI,3,34,7,1,15,24,0
1991,1991-10-13,NYJ,TEN,0,20,23,1,14,5,0
1991,1991-10-13,PHI,NO,0,6,13,1,11,6,0
1991,1991-10-13,SEA,LV,0,20,23,1,18,13,0
1991,1991-10-13,SF,ATL,0,34,39,1,9,12,1
1991,1991-10-13,WAS,CLE,3,42,17,1,1,20,0
1991,1991-10-14,PIT,NYG,0,20,23,1,19,17,0
1991,1991-10-17,GB,CHI,0,0,10,1,22,8,0
1991,1991-10-20,ARI,ATL,3,16,10,1,24,12,1
1991,1991-10-20,DEN,KC,3,19,16,1,3,10,0
1991,1991-10-20,IND,NYJ,0,6,17,1,28,14,0
1991,1991-10-20,LAC,CLE,0,24,30,1,23,20,0
1991,1991-10-20,LV,LAR,3,20,17,1,13,25,0
1991,1991-10-20,MIA,TEN,0,13,17,1,16,5,0
1991,1991-10-20,NE,MIN,3,26,23,1,21,15,1
1991,1991-10-20,NO,TB,3,23,7,1,6,26,0
1991,1991-10-20,PIT,SEA,0,7,27,1,19,18,0
1991,1991-10-20,SF,DET,3,35,3,1,9,4,1
1991,1991-10-21,BUF,CIN,3,35,16,1,2,27,0
1991,1991-10-27,ARI,MIN,0,0,28,1,24,15,0
1991,1991-10-27,ATL,LAR,3,31,14,1,12,25,0
1991,1991-10-27,CLE,PIT,3,17,14,1,20,19,1
1991,1991-10-27,DET,DAL,3,34,10,1,4,7,0
1991,1991-10-27,NE,DEN,0,6,9,1,21,3,0
1991,1991-10-27,NO,CHI,0,17,20,1,6,8,1
1991,1991-10-27,NYG,WAS,0,13,17,1,17,1,0
1991,1991-10-27,PHI,SF,0,7,23,1,11,9,0
1991,1991-10-27,SEA,LAC,3,20,9,1,18,23,0
1991,1991-10-27,TB,GB,0,0,27,1,26,22,0
1991,1991-10-27,TEN,CIN,3,35,3,1,5,27,0
1991,1991-10-28,KC,LV,3,24,21,1,10,13,0
1991,1991-11-03,ATL,SF,3,17,14,1,12,9,1
1991,1991-11-03,BUF,NE,3,22,17,1,2,21,0
1991,1991-11-03,CHI,DET,3,20,10,1,8,4,1
1991,1991-11-03,CIN,CLE,3,23,21,1,27,20,1
1991,1991-11-03,DAL,ARI,3,27,7,1,7,24,0
1991,1991-11-03,DEN,PIT,3,20,13,1,3,19,0
1991,1991-11-03,IND,MIA,0,6,10,1,28,16,0
1991,1991-11-03,LAR,NO,0,17,24,1,25,6,0
1991,1991-11-03,MIN,TB,3,28,13,1,15,26,0
1991,1991-11-03,NYJ,GB,3,19,16,1,14,22,0
1991,1991-11-03,WAS,TEN,3,16,13,1,1,5,0
1991,1991-11-04,PHI,NYG,3,30,7,1,11,17,0
1991,1991-11-10,ARI,NYG,0,14,21,1,24,17,0
1991,1991-11-10,CIN,PIT,0,27,33,1,27,19,0
1991,1991-11-10,CLE,PHI,0,30,32,1,20,11,0
1991,1991-11-10,DEN,LV,0,16,17,1,3,13,1
1991,1991-11-10,GB,BUF,0,24,34,1,22,2,0
1991,1991-11-10,LAC,SEA,3,17,14,1,23,18,1
1991,1991-11-10,LAR,KC,0,20,27,1,25,10,0
1991,1991-11-10,MIA,NE,3,30,20,1,16,21,0
1991,1991-11-10,NO,SF,3,10,3,1,6,9,0
1991,1991-11-10,NYJ,IND,0,27,28,1,14,28,1
1991,1991-11-10,TB,DET,3,30,21,1,26,4,1
1991,1991-11-10,TEN,DAL,3,26,23,1,5,7,0
1991,1991-11-10,WAS,ATL,3,56,17,1,1,12,0
1991,1991-11-11,MIN,CHI,0,17,34,1,15,8,0
1991,1991-11-17,ATL,TB,3,43,7,1,12,26,0
1991,1991-11-17,DET,LAR,3,21,10,1,4,25,0
1991,1991-11-17,GB,MIN,0,21,35,1,22,15,0
1991,1991-11-17,IND,CHI,0,17,31,1,28,8,0
1991,1991-11-17,KC,DEN,0,20,24,1,10,3,0
1991,1991-11-17,LAC,NO,3,24,21,1,23,6,1
1991,1991-11-17,LV,SEA,3,31,7,1,13,18,0
1991,1991-11-17,NE,NYJ,0,21,28,1,21,14,0
1991,1991-11-17,NYG,DAL,3,22,9,1,17,7,1
1991,1991-11-17,PHI,CIN,3,17,10,1,11,27,0
1991,1991-11-17,PIT,WAS,0,14,41,1,19,1,0
1991,1991-11-17,SF,ARI,3,14,10,1,9,24,0
1991,1991-11-17,TEN,CLE,3,28,24,1,5,20,0
1991,1991-11-18,MIA,BUF,0,27,41,1,16,2,0
1991,1991-11-24,ARI,PHI,0,14,34,1,24,11,0
1991,1991-11-24,CHI,MIA,0,13,16,1,8,16,1
1991,1991-11-24,CIN,LV,0,14,38,1,27,13,0
1991,1991-11-24,CLE,KC,3,20,15,1,20,10,1
1991,1991-11-24,GB,IND,3,14,10,1,22,28,0
1991,1991-11-24,MIN,DET,0,14,34,1,15,4,0
1991,1991-11-24,NE,BUF,3,16,13,1,21,2,1
1991,1991-11-24,NO,ATL,0,20,23,1,6,12,1
1991,1991-11-24,NYJ,LAC,3,24,3,1,14,23,0
1991,1991-11-24,PIT,TEN,3,26,14,1,19,5,1
1991,1991-11-24,SEA,DEN,3,13,10,1,18,3,1
1991,1991-11-24,TB,NYG,0,14,21,1,26,17,0
1991,1991-11-24,WAS,DAL,0,21,24,1,1,7,1
1991,1991-11-25,LAR,SF,0,10,33,1,25,9,0
1991,1991-11-28,DAL,PIT,3,20,10,1,7,19,0
1991,1991-11-28,DET,CHI,3,16,6,1,4,8,0
1991,1991-12-01,ATL,GB,3,35,31,1,12,22,0
1991,1991-12-01,BUF,NYJ,3,24,13,1,2,14,0
1991,1991-12-01,CIN,NYG,3,27,24,1,27,17,1
1991,1991-12-01,DEN,NE,3,20,3,1,3,21,0
1991,1991-12-01,IND,CLE,0,0,31,1,28,20,0
1991,1991-12-01,LAC,LV,0,7,9,1,23,13,0
1991,1991-12-01,LAR,WAS,0,6,27,1,25,1,0
1991,1991-12-01,MIA,TB,3,33,14,1,16,26,0
1991,1991-12-01,SEA,KC,0,6,19,1,18,10,0
1991,1991-12-01,SF,NO,3,38,24,1,9,6,1
1991,1991-12-02,TEN,PHI,0,6,13,1,5,11,1
1991,1991-12-08,ARI,WAS,0,14,20,1,24,1,0
1991,1991-12-08,CHI,GB,3,27,13,1,8,22,0
1991,1991-12-08,CLE,DEN,0,7,17,1,20,3,0
1991,1991-12-08,DAL,NO,3,23,14,1,7,6,1
1991,1991-12-08,DET,NYJ,3,34,20,1,4,14,0
1991,1991-12-08,KC,LAC,3,20,17,1,10,23,0
1991,1991-12-08,LAR,ATL,0,14,31,1,25,12,0
1991,1991-12-08,LV,BUF,0,27,30,1,13,2,0
1991,1991-12-08,NE,IND,3,23,17,1,21,28,0
1991,1991-12-08,NYG,PHI,0,14,19,1,17,11,0
1991,1991-12-08,SEA,SF,0,22,24,1,18,9,0
1991,1991-12-08,TB,MIN,0,24,26,1,26,15,0
1991,1991-12-08,TEN,PIT,3,31,6,1,5,19,0
1991,1991-12-09,MIA,CIN,3,37,13,1,16,27,0
1991,1991-12-14,CHI,TB,3,27,0,1,8,26,0
1991,1991-12-14,SF,KC,3,28,14,1,9,10,0
1991,1991-12-15,ATL,SEA,3,26,13,1,12,18,0
1991,1991-12-15,CLE,TEN,0,14,17,1,20,5,0
1991,1991-12-15,DEN,ARI,3,24,19,1,3,24,0
1991,1991-12-15,GB,DET,0,17,21,1,22,4,0
1991,1991-12-15,IND,BUF,0,7,35,1,28,2,0
1991,1991-12-15,LAC,MIA,3,38,30,1,23,16,1
1991,1991-12-15,MIN,LAR,3,20,14,1,15,25,0
1991,1991-12-15,NYJ,NE,0,3,6,1,14,21,1
1991,1991-12-15,PHI,DAL,0,13,25,1,11,7,0
1991,1991-12-15,PIT,CIN,3,17,10,1,19,27,0
1991,1991-12-15,WAS,NYG,3,34,17,1,1,17,0
1991,1991-12-16,NO,LV,3,27,0,1,6,13,0
1991,1991-12-21,MIN,GB,0,7,27,1,15,22,1
1991,1991-12-21,NYG,TEN,3,24,20,1,17,5,1
1991,1991-12-22,ARI,NO,0,3,27,1,24,6,0
1991,1991-12-22,BUF,DET,0,14,17,1,2,4,1
1991,1991-12-22,CIN,NE,3,29,7,1,27,21,1
1991,1991-12-22,DAL,ATL,3,31,27,1,7,12,0
1991,1991-12-22,LAC,DEN,0,14,17,1,23,3,0
1991,1991-12-22,LV,KC,0,21,27,1,13,10,0
1991,1991-12-22,MIA,NYJ,0,20,23,1,16,14,0
1991,1991-12-22,PHI,WAS,3,24,22,1,11,1,1
1991,1991-12-22,PIT,CLE,3,17,10,1,19,20,0
1991,1991-12-22,SEA,LAR,3,23,9,1,18,25,0
1991,1991-12-22,TB,IND,3,17,3,1,26,28,0
1991,1991-12-23,SF,CHI,3,52,14,1,9,8,1
1992,1992-09-06,ATL,NYJ,3,20,17,1,20,26,0
1992,1992-09-06,BUF,LAR,3,40,7,1,6,19,0
1992,1992-09-06,CHI,DET,3,27,24,1,22,21,1
1992,1992-09-06,DEN,LV,3,17,13,1,15,17,0
1992,1992-09-06,GB,MIN,0,20,23,1,13,4,0
1992,1992-09-06,IND,CLE,3,14,3,1,14,16,0
1992,1992-09-06,LAC,KC,0,10,24,1,7,11,1
1992,1992-09-06,NYG,SF,0,14,31,1,18,1,0
1992,1992-09-06,PHI,NO,3,15,13,1,5,3,1
1992,1992-09-06,SEA,CIN,0,3,21,1,28,23,0
1992,1992-09-06,TB,ARI,3,23,7,1,24,25,0
1992,1992-09-06,TEN,PIT,0,24,29,1,10,8,0
1992,1992-09-07,DAL,WAS,3,23,10,1,2,12,0
1992,1992-09-13,ARI,PHI,0,14,31,1,25,5,0
1992,1992-09-13,CIN,LV,3,24,21,1,23,17,1
1992,1992-09-13,DEN,LAC,3,21,13,1,15,7,1
1992,1992-09-13,DET,MIN,3,31,17,1,21,4,1
1992,1992-09-13,IND,TEN,0,10,20,1,14,10,0
1992,1992-09-13,KC,SEA,3,26,7,1,11,28,0
1992,1992-09-13,LAR,NE,3,14,0,1,19,27,0
1992,1992-09-13,NO,CHI,3,28,6,1,3,22,0
1992,1992-09-13,NYG,DAL,0,28,34,1,18,2,0
1992,1992-09-13,PIT,NYJ,3,27,10,1,8,26,0
1992,1992-09-13,SF,BUF,0,31,34,1,1,6,1
1992,1992-09-13,TB,GB,3,31,3,1,24,13,1
1992,1992-09-13,WAS,ATL,3,24,17,1,12,20,0
1992,1992-09-14,CLE,MIA,0,23,27,1,16,9,0
1992,1992-09-20,ATL,NO,0,7,10,1,20,3,0
1992,1992-09-20,BUF,IND,3,38,0,1,6,14,0
1992,1992-09-20,DAL,ARI,3,31,20,1,2,25,0
1992,1992-09-20,GB,CIN,3,24,23,1,13,23,0
1992,1992-09-20,LAC,PIT,0,6,23,1,7,8,1
1992,1992-09-20,LV,CLE,0,16,28,1,17,16,0
1992,1992-09-20,MIA,LAR,3,26,10,1,9,19,0
1992,1992-09-20,MIN,TB,3,26,20,1,4,24,0
1992,1992-09-20,NE,SEA,0,6,10,1,27,28,1
1992,1992-09-20,NYJ,SF,0,14,31,1,26,1,0
1992,1992-09-20,PHI,DEN,3,30,0,1,5,15,0
1992,1992-09-20,TEN,KC,3,23,20,1,10,11,0
1992,1992-09-20,WAS,DET,3,13,10,1,12,21,0
1992,1992-09-21,CHI,NYG,0,14,27,1,22,18,0
1992,1992-09-27,CHI,ATL,3,41,31,1,22,20,1
1992,1992-09-27,CIN,MIN,0,7,42,1,23,4,0
1992,1992-09-27,CLE,DEN,0,0,12,1,16,15,0
1992,1992-09-27,DET,TB,0,23,27,1,21,24,1
1992,1992-09-27,GB,PIT,3,17,3,1,13,8,1
1992,1992-09-27,LAR,NYJ,3,18,10,1,19,26,0
1992,1992-09-27,NE,BUF,0,7,41,1,27,6,0
1992,1992-09-27,NO,SF,0,10,16,1,3,1,0
1992,1992-09-27,SEA,MIA,0,17,19,1,28,9,0
1992,1992-09-27,TEN,LAC,3,27,0,1,10,7,1
1992,1992-09-28,KC,LV,3,27,7,1,11,17,0
1992,1992-10-04,ARI,WAS,3,27,24,1,25,12,1
1992,1992-10-04,ATL,GB,3,24,10,1,20,13,1
1992,1992-10-04,BUF,MIA,0,10,37,1,6,9,1
1992,1992-10-04,DEN,KC,3,20,19,1,15,11,1
1992,1992-10-04,DET,NO,0,7,13,1,21,3,0
1992,1992-10-04,LAC,SEA,3,17,6,1,7,28,0
1992,1992-10-04,LV,NYG,3,13,10,1,17,18,0
1992,1992-10-04,MIN,CHI,3,21,20,1,4,22,0
1992,1992-10-04,NYJ,NE,3,30,21,1,26,27,0
1992,1992-10-04,SF,LAR,3,27,24,1,1,19,0
1992,1992-10-04,TB,IND,0,14,24,1,24,14,0
1992,1992-10-05,PHI,DAL,3,31,7,1,5,2,1
1992,1992-10-11,CIN,TEN,0,24,38,1,23,10,0
1992,1992-10-11,CLE,PIT,3,17,9,1,16,8,1
1992,1992-10-11,DAL,SEA,3,27,0,1,2,28,0
1992,1992-10-11,IND,NYJ,3,6,3,1,14,26,0
1992,1992-10-11,KC,PHI,3,24,17,1,11,5,1
1992,1992-10-11,LV,BUF,3,20,3,1,17,6,1
1992,1992-10-11,MIA,ATL,3,21,17,1,9,20,0
1992,1992-10-11,NE,SF,0,12,24,1,27,1,0
1992,1992-10-11,NO,LAR,3,13,10,1,3,19,0
1992,1992-10-11,NYG,ARI,3,31,21,1,18,25,0
1992,1992-10-12,WAS,DEN,3,34,3,1,12,15,0
1992,1992-10-15,MIN,DET,3,31,14,1,4,21,0
1992,1992-10-18,ARI,NO,0,21,30,1,25,3,0
1992,1992-10-18,CHI,TB,3,31,14,1,22,24,0
1992,1992-10-18,CLE,GB,3,17,6,1,16,13,1
1992,1992-10-18,DAL,KC,3,17,10,1,2,11,0
1992,1992-10-18,DEN,TEN,3,27,21,1,15,10,1
1992,1992-10-18,IND,LAC,0,14,34,1,14,7,0
1992,1992-10-18,LAR,NYG,3,38,17,1,19,18,1
1992,1992-10-18,MIA,NE,3,38,17,1,9,27,0
1992,1992-10-18,SEA,LV,0,0,19,1,28,17,0
1992,1992-10-18,SF,ATL,3,56,17,1,1,20,0
1992,1992-10-18,WAS,PHI,3,16,12,1,12,5,1
1992,1992-10-19,PIT,CIN,3,20,0,1,8,23,0
1992,1992-10-25,GB,CHI,0,10,30,1,13,22,1
1992,1992-10-25,KC,PIT,0,3,27,1,11,8,0
1992,1992-10-25,LAC,DEN,3,24,21,1,7,15,0
1992,1992-10-25,LV,DAL,0,13,28,1,17,2,0
1992,1992-10-25,MIA,IND,0,20,31,1,9,14,1
1992,1992-10-25,MIN,WAS,0,13,15,1,4,12,1
1992,1992-10-25,NE,CLE,0,17,19,1,27,16,0
1992,1992-10-25,NYG,SEA,3,23,10,1,18,28,0
1992,1992-10-25,PHI,ARI,3,7,3,1,5,25,0
1992,1992-10-25,TB,DET,0,7,38,1,24,21,0
1992,1992-10-25,TEN,CIN,3,26,10,1,10,23,0
1992,1992-10-26,NYJ,BUF,0,20,24,1,26,6,0
1992,1992-11-01,ARI,SF,3,24,14,1,25,1,1
1992,1992-11-01,ATL,LAR,3,30,28,1,20,19,1
1992,1992-11-01,BUF,NE,3,16,7,1,6,27,0
1992,1992-11-01,CIN,CLE,3,30,10,1,23,16,1
1992,1992-11-01,DAL,PHI,3,20,10,1,2,5,0
1992,1992-11-01,DET,GB,0,13,27,1,21,13,0
1992,1992-11-01,LAC,IND,3,26,0,1,7,14,0
1992,1992-11-01,NO,TB,3,23,21,1,3,24,0
1992,1992-11-01,NYJ,MIA,3,26,14,1,26,9,1
1992,1992-11-01,PIT,TEN,3,21,20,1,8,10,0
1992,1992-11-01,WAS,NYG,0,7,24,1,12,18,1
1992,1992-11-02,CHI,MIN,0,10,38,1,22,4,0
1992,1992-11-08,BUF,PIT,3,28,20,1,6,8,0
1992,1992-11-08,CHI,CIN,0,28,31,1,22,23,1
1992,1992-11-08,DEN,NYJ,3,27,16,1,15,26,0
1992,1992-11-08,DET,DAL,0,3,37,1,21,2,0
1992,1992-11-08,IND,MIA,0,0,28,1,14,9,0
1992,1992-11-08,KC,LAC,3,16,14,1,11,7,1
1992,1992-11-08,LAR,ARI,0,14,20,1,19,25,1
1992,1992-11-08,NE,NO,0,14,31,1,27,3,0
1992,1992-11-08,NYG,GB,3,27,7,1,18,13,1
1992,1992-11-08,PHI,LV,3,31,10,1,5,17,0
1992,1992-11-08,SEA,WAS,0,3,16,1,28,12,0
1992,1992-11-08,TB,MIN,0,7,35,1,24,4,0
1992,1992-11-08,TEN,CLE,0,14,24,1,10,16,1
1992,1992-11-09,ATL,SF,0,3,41,1,20,1,0
1992,1992-11-15,ATL,ARI,3,20,17,1,20,25,0
1992,1992-11-15,CLE,LAC,0,13,14,1,16,7,0
1992,1992-11-15,DAL,LAR,0,23,27,1,2,19,1
1992,1992-11-15,DEN,NYG,3,27,13,1,15,18,0
1992,1992-11-15,GB,PHI,3,27,24,1,13,5,1
1992,1992-11-15,IND,NE,0,34,37,1,14,27,1
1992,1992-11-15,KC,WAS,3,35,16,1,11,12,0
1992,1992-11-15,LV,SEA,3,20,3,1,17,28,0
1992,1992-11-15,MIN,TEN,0,13,17,1,4,10,1
1992,1992-11-15,NYJ,CIN,3,17,14,1,26,23,1
1992,1992-11-15,PIT,DET,3,17,14,1,8,21,0
1992,1992-11-15,SF,NO,3,21,20,1,1,3,0
1992,1992-11-15,TB,CHI,3,20,17,1,24,22,1
1992,1992-11-16,MIA,BUF,0,20,26,1,9,6,0
1992,1992-11-22,ARI,DAL,0,10,16,1,25,2,0
1992,1992-11-22,BUF,ATL,3,41,14,1,6,20,0
1992,1992-11-22,CHI,GB,0,3,17,1,22,13,0
1992,1992-11-22,CIN,DET,0,13,19,1,23,21,0
1992,1992-11-22,LAC,TB,3,29,14,1,7,24,0
1992,1992-11-22,LAR,SF,0,10,27,1,19,1,0
1992,1992-11-22,LV,DEN,3,24,0,1,17,15,1
1992,1992-11-22,MIA,TEN,3,19,16,1,9,10,0
1992,1992-11-22,MIN,CLE,3,17,13,1,4,16,0
1992,1992-11-22,NE,NYJ,3,24,3,1,27,26,1
1992,1992-11-22,NYG,PHI,0,34,47,1,18,5,0
1992,1992-11-22,PIT,IND,3,30,14,1,8,14,0
1992,1992-11-22,SEA,KC,0,14,24,1,28,11,0
1992,1992-11-23,NO,WAS,3,20,3,1,3,12,0
1992,1992-11-26,DAL,NYG,3,30,3,1,2,18,0
1992,1992-11-26,DET,TEN,0,21,24,1,21,10,0
1992,1992-11-29,ATL,NE,3,34,0,1,20,27,0
1992,1992-11-29,CIN,PIT,0,9,21,1,23,8,0
1992,1992-11-29,CLE,CHI,3,27,14,1,16,22,0
1992,1992-11-29,GB,TB,3,19,14,1,13,24,0
1992,1992-11-29,IND,BUF,3,16,13,1,14,6,1
1992,1992-11-29,LAC,LV,3,27,3,1,7,17,0
1992,1992-11-29,LAR,MIN,0,17,31,1,19,4,0
1992,1992-11-29,NO,MIA,3,24,13,1,3,9,0
1992,1992-11-29,NYJ,KC,0,7,23,1,26,11,0
1992,1992-11-29,SF,PHI,3,20,14,1,1,5,0
1992,1992-11-29,WAS,ARI,3,41,3,1,12,25,0
1992,1992-11-30,SEA,DEN,3,16,13,1,28,15,1
1992,1992-12-03,NO,ATL,3,22,14,1,3,20,0
1992,1992-12-06,ARI,LAC,0,21,27,1,25,7,0
1992,1992-12-06,BUF,NYJ,0,17,24,1,6,26,1
1992,1992-12-06,CLE,CIN,3,37,21,1,16,23,0
1992,1992-12-06,DEN,DAL,0,27,31,1,15,2,0
1992,1992-12-06,GB,DET,3,38,10,1,13,21,0
1992,1992-12-06,LV,KC,3,28,7,1,17,11,1
1992,1992-12-06,NE,IND,0,0,6,1,27,14,0
1992,1992-12-06,NYG,WAS,0,10,28,1,18,12,0
1992,1992-12-06,PHI,MIN,3,28,17,1,5,4,1
1992,1992-12-06,PIT,SEA,3,20,14,1,8,28,0
1992,1992-12-06,SF,MIA,3,27,3,1,1,9,0
1992,1992-12-06,TB,LAR,0,27,31,1,24,19,0
1992,1992-12-07,TEN,CHI,3,24,7,1,10,22,0
1992,1992-12-12,ARI,NYG,3,19,0,1,25,18,1
1992,1992-12-12,BUF,DEN,3,27,17,1,6,15,0
1992,1992-12-13,CHI,PIT,3,30,6,1,22,8,1
1992,1992-12-13,DET,CLE,3,24,14,1,21,16,1
1992,1992-12-13,KC,NE,3,27,20,1,11,27,0
1992,1992-12-13,LAC,CIN,3,27,10,1,7,23,0
1992,1992-12-13,LAR,NO,0,14,37,1,19,3,0
1992,1992-12-13,MIN,SF,0,17,20,1,4,1,0
1992,1992-12-13,NYJ,IND,0,6,10,1,26,14,0
1992,1992-12-13,SEA,PHI,0,17,20,1,28,5,0
1992,1992-12-13,TB,ATL,0,7,35,1,24,20,0
1992,1992-12-13,TEN,GB,0,14,16,1,10,13,1
1992,1992-12-13,WAS,DAL,3,20,17,1,12,2,1
1992,1992-12-14,MIA,LV,3,20,7,1,9,17,0
1992,1992-12-19,NYG,KC,3,35,21,1,18,11,1
1992,1992-12-19,SF,TB,3,21,14,1,1,24,0
1992,1992-12-20,CIN,NE,3,20,10,1,23,27,0
1992,1992-12-20,CLE,TEN,0,14,17,1,16,10,0
1992,1992-12-20,DEN,SEA,3,10,6,1,15,28,0
1992,1992-12-20,DET,CHI,3,16,3,1,21,22,0
1992,1992-12-20,GB,LAR,3,28,13,1,13,19,0
1992,1992-12-20,IND,ARI,3,16,13,1,14,25,0
1992,1992-12-20,LV,LAC,0,14,36,1,17,7,0
1992,1992-12-20,MIA,NYJ,3,19,17,1,9,26,0
1992,1992-12-20,NO,BUF,0,16,20,1,3,6,1
1992,1992-12-20,PHI,WAS,3,17,13,1,5,12,0
1992,1992-12-20,PIT,MIN,0,3,6,1,8,4,0
1992,1992-12-21,ATL,DAL,0,17,41,1,20,2,0
1992,1992-12-26,NYJ,NO,0,0,20,1,26,3,0
1992,1992-12-26,WAS,LV,0,20,21,1,12,17,1
1992,1992-12-27,ARI,TB,0,3,7,1,25,24,0
1992,1992-12-27,CIN,IND,0,17,21,1,23,14,0
1992,1992-12-27,DAL,CHI,3,27,14,1,2,22,0
1992,1992-12-27,KC,DEN,3,42,20,1,11,15,0
1992,1992-12-27,LAR,ATL,3,38,27,1,19,20,0
1992,1992-12-27,MIN,GB,3,27,7,1,4,13,0
1992,1992-12-27,NE,MIA,0,13,16,1,27,9,0
1992,1992-12-27,PHI,NYG,3,20,10,1,5,18,0
1992,1992-12-27,PIT,CLE,3,23,13,1,8,16,0
1992,1992-12-27,SEA,LAC,0,14,31,1,28,7,0
1992,1992-12-27,TEN,BUF,3,27,3,1,10,6,1
1992,1992-12-28,SF,DET,3,24,6,1,1,21,0
1993,1993-09-05,BUF,NE,3,38,14,1,3,23,0
1993,1993-09-05,CHI,NYG,0,20,26,1,19,4,0
1993,1993-09-05,CLE,CIN,3,27,14,1,20,28,0
1993,1993-09-05,DET,ATL,3,30,13,1,7,22,0
1993,1993-09-05,GB,LAR,3,36,6,1,10,25,0
1993,1993-09-05,IND,MIA,0,20,24,1,27,12,0
1993,1993-09-05,LAC,SEA,3,18,12,1,14,21,0
1993,1993-09-05,LV,MIN,3,24,7,1,8,13,0
1993,1993-09-05,NO,TEN,3,33,21,1,17,2,1
1993,1993-09-05,NYJ,DEN,0,20,26,1,15,9,0
1993,1993-09-05,PHI,ARI,3,23,17,1,16,18,0
1993,1993-09-05,PIT,SF,0,13,24,1,11,6,0
1993,1993-09-05,TB,KC,0,3,27,1,24,5,0
1993,1993-09-06,WAS,DAL,3,35,16,1,26,1,1
1993,1993-09-12,ATL,NO,0,31,34,1,22,17,0
1993,1993-09-12,CIN,IND,0,6,9,1,28,27,0
1993,1993-09-12,DAL,BUF,0,10,13,1,1,3,1
1993,1993-09-12,DEN,LAC,3,34,17,1,9,14,0
1993,1993-09-12,GB,PHI,0,17,20,1,10,16,1
1993,1993-09-12,LAR,PIT,3,27,0,1,25,11,1
1993,1993-09-12,MIA,NYJ,0,14,24,1,12,15,1
1993,1993-09-12,MIN,CHI,3,10,7,1,13,19,0
1993,1993-09-12,NE,DET,0,16,19,1,23,7,0
1993,1993-09-12,NYG,TB,3,23,7,1,4,24,0
1993,1993-09-12,SEA,LV,0,13,17,1,21,8,0
1993,1993-09-12,TEN,KC,3,30,0,1,2,5,0
1993,1993-09-12,WAS,ARI,0,10,17,1,26,18,0
1993,1993-09-13,CLE,SF,3,23,13,1,20,6,1
1993,1993-09-19,ARI,DAL,0,10,17,1,18,1,0
1993,1993-09-19,LAC,TEN,3,18,17,1,14,2,1
1993,1993-09-19,LV,CLE,0,16,19,1,8,20,1
1993,1993-09-19,NE,SEA,0,14,17,1,23,21,0
1993,1993-09-19,NO,DET,3,14,3,1,17,7,1
1993,1993-09-19,NYG,LAR,3,20,10,1,4,25,0
1993,1993-09-19,PHI,WAS,3,34,31,1,16,26,0
1993,1993-09-19,PIT,CIN,3,34,7,1,11,28,0
1993,1993-09-19,SF,ATL,3,37,30,1,6,22,0
1993,1993-09-20,KC,DEN,3,15,7,1,5,9,0
1993,1993-09-26,BUF,MIA,0,13,22,1,3,12,1
1993,1993-09-26,CHI,TB,3,47,17,1,19,24,0
1993,1993-09-26,CIN,SEA,0,10,19,1,28,21,0
1993,1993-09-26,DET,ARI,3,26,20,1,7,18,0
1993,1993-09-26,IND,CLE,3,23,10,1,27,20,1
1993,1993-09-26,MIN,GB,3,15,13,1,13,10,1
1993,1993-09-26,NO,SF,3,16,13,1,17,6,1
1993,1993-09-26,NYJ,NE,3,45,7,1,15,23,0
1993,1993-09-26,TEN,LAR,0,13,28,1,2,25,1
1993,1993-09-27,ATL,PIT,0,17,45,1,22,11,0
1993,1993-10-03,BUF,NYG,3,17,14,1,3,4,0
1993,1993-10-03,CHI,ATL,3,6,0,1,19,22,0
1993,1993-10-03,DAL,GB,3,36,14,1,1,10,0
1993,1993-10-03,DEN,IND,3,35,13,1,9,27,0
1993,1993-10-03,KC,LV,3,24,9,1,5,8,0
1993,1993-10-03,LAR,NO,0,6,37,1,25,17,0
1993,1993-10-03,NYJ,PHI,0,30,35,1,15,16,1
1993,1993-10-03,SEA,LAC,3,31,14,1,21,14,1
1993,1993-10-03,SF,MIN,3,38,19,1,6,13,0
1993,1993-10-03,TB,DET,3,27,10,1,24,7,1
1993,1993-10-04,MIA,WAS,3,17,10,1,12,26,0
1993,1993-10-10,ARI,NE,0,21,23,1,18,23,1
1993,1993-10-10,CLE,MIA,0,14,24,1,20,12,0
1993,1993-10-10,GB,DEN,3,30,27,1,10,9,1
1993,1993-10-10,IND,DAL,0,3,27,1,27,1,0
1993,1993-10-10,KC,CIN,3,17,15,1,5,28,0
1993,1993-10-10,LV,NYJ,3,24,20,1,8,15,0
1993,1993-10-10,MIN,TB,3,15,0,1,13,24,0
1993,1993-10-10,PHI,CHI,0,6,17,1,16,19,1
1993,1993-10-10,PIT,LAC,3,16,3,1,11,14,0
1993,1993-10-10,WAS,NYG,0,7,41,1,26,4,0
1993,1993-10-11,BUF,TEN,3,35,7,1,3,2,1
1993,1993-10-14,ATL,LAR,3,30,24,1,22,25,0
1993,1993-10-17,ARI,WAS,3,36,6,1,18,26,0
1993,1993-10-17,CIN,CLE,0,17,28,1,28,20,0
1993,1993-10-17,DAL,SF,3,26,17,1,1,6,0
1993,1993-10-17,DET,SEA,3,30,10,1,7,21,0
1993,1993-10-17,LAC,KC,0,14,17,1,14,5,0
1993,1993-10-17,NE,TEN,0,14,28,1,23,2,0
1993,1993-10-17,NYG,PHI,3,21,10,1,4,16,0
1993,1993-10-17,PIT,NO,3,37,14,1,11,17,0
1993,1993-10-18,DEN,LV,0,20,23,1,9,8,0
1993,1993-10-24,CLE,PIT,3,28,23,1,20,11,1
1993,1993-10-24,LAR,DET,0,13,16,1,25,7,0
1993,1993-10-24,MIA,IND,3,41,27,1,12,27,0
1993,1993-10-24,NO,ATL,0,15,26,1,17,22,1
1993,1993-10-24,NYJ,BUF,0,10,19,1,15,3,0
1993,1993-10-24,SEA,NE,3,10,9,1,21,23,0
1993,1993-10-24,SF,ARI,3,28,14,1,6,18,0
1993,1993-10-24,TB,GB,0,14,37,1,24,10,0
1993,1993-10-24,TEN,CIN,3,28,12,1,2,28,0
1993,1993-10-25,CHI,MIN,0,12,19,1,19,13,0
1993,1993-10-31,ARI,NO,0,17,20,1,18,17,0
1993,1993-10-31,ATL,TB,0,24,31,1,22,24,1
1993,1993-10-31,DEN,SEA,3,28,17,1,9,21,0
1993,1993-10-31,GB,CHI,3,17,3,1,10,19,0
1993,1993-10-31,IND,NE,3,9,6,1,27,23,1
1993,1993-10-31,LV,LAC,0,23,30,1,8,14,1
1993,1993-10-31,MIA,KC,3,30,10,1,12,5,1
1993,1993-10-31,MIN,DET,0,27,30,1,13,7,0
1993,1993-10-31,NYG,NYJ,0,6,10,1,4,15,1
1993,1993-10-31,PHI,DAL,0,10,23,1,16,1,0
1993,1993-10-31,SF,LAR,3,40,17,1,6,25,0
1993,1993-11-01,BUF,WAS,3,24,10,1,3,26,0
1993,1993-11-07,ARI,PHI,3,16,3,1,18,16,1
1993,1993-11-07,CHI,LV,0,14,16,1,19,8,0
1993,1993-11-07,CIN,PIT,0,16,24,1,28,11,0
1993,1993-11-07,CLE,DEN,0,14,29,1,20,9,0
1993,1993-11-07,DAL,NYG,3,31,9,1,1,4,0
1993,1993-11-07,DET,TB,3,23,0,1,7,24,0
1993,1993-11-07,MIN,LAC,0,17,30,1,13,14,1
1993,1993-11-07,NE,BUF,0,10,13,1,23,3,0
1993,1993-11-07,NYJ,MIA,3,27,10,1,15,12,1
1993,1993-11-07,TEN,SEA,3,24,14,1,2,21,0
1993,1993-11-07,WAS,IND,3,30,24,1,26,27,0
1993,1993-11-08,KC,GB,3,23,16,1,5,10,0
1993,1993-11-14,CIN,TEN,0,3,38,1,28,2,0
1993,1993-11-14,DAL,ARI,3,20,15,1,1,18,0
1993,1993-11-14,DEN,MIN,0,23,26,1,9,13,1
1993,1993-11-14,IND,NYJ,0,17,31,1,27,15,0
1993,1993-11-14,LAC,CHI,0,13,16,1,14,19,1
1993,1993-11-14,LAR,ATL,0,0,13,1,25,22,0
1993,1993-11-14,LV,KC,0,20,31,1,8,5,0
1993,1993-11-14,NO,GB,0,17,19,1,17,10,0
1993,1993-11-14,NYG,WAS,3,20,6,1,4,26,0
1993,1993-11-14,PHI,MIA,0,14,19,1,16,12,0
1993,1993-11-14,SEA,CLE,3,22,5,1,21,20,1
1993,1993-11-14,TB,SF,0,21,45,1,24,6,0
1993,1993-11-15,PIT,BUF,3,23,0,1,11,3,1
1993,1993-11-21,ATL,DAL,3,27,14,1,22,1,1
1993,1993-11-21,BUF,IND,3,23,9,1,3,27,0
1993,1993-11-21,CLE,TEN,0,20,27,1,20,2,0
1993,1993-11-21,DEN,PIT,3,37,13,1,9,11,0
1993,1993-11-21,GB,DET,3,26,17,1,10,7,1
1993,1993-11-21,KC,CHI,0,17,19,1,5,19,1
1993,1993-11-21,LAC,LV,0,7,12,1,14,8,0
1993,1993-11-21,LAR,WAS,3,10,6,1,25,26,0
1993,1993-11-21,MIA,NE,3,17,13,1,12,23,0
1993,1993-11-21,NYJ,CIN,3,17,12,1,15,28,0
1993,1993-11-21,PHI,NYG,0,3,7,1,16,4,0
1993,1993-11-21,TB,MIN,3,23,10,1,24,13,1
1993,1993-11-22,SF,NO,3,42,7,1,6,17,0
1993,1993-11-25,DAL,MIA,0,14,16,1,1,12,1
1993,1993-11-25,DET,CHI,0,6,10,1,7,19,1
1993,1993-11-28,ATL,CLE,3,17,14,1,22,20,1
1993,1993-11-28,CIN,LV,3,16,10,1,28,8,1
1993,1993-11-28,GB,TB,3,13,10,1,10,24,0
1993,1993-11-28,KC,BUF,3,23,7,1,5,3,1
1993,1993-11-28,LAR,SF,0,10,35,1,25,6,0
1993,1993-11-28,MIN,NO,0,14,17,1,13,17,1
1993,1993-11-28,NE,NYJ,0,0,6,1,23,15,0
1993,1993-11-28,NYG,ARI,3,19,17,1,4,18,0
1993,1993-11-28,SEA,DEN,0,9,17,1,21,9,0
1993,1993-11-28,TEN,PIT,3,23,3,1,2,11,0
1993,1993-11-28,WAS,PHI,0,14,17,1,26,16,0
1993,1993-11-29,IND,LAC,0,0,31,1,27,14,0
1993,1993-12-05,ARI,LAR,3,38,10,1,18,25,0
1993,1993-12-05,BUF,LV,0,24,25,1,3,8,1
1993,1993-12-05,CHI,GB,3,30,17,1,19,10,1
1993,1993-12-05,CLE,NO,3,17,13,1,20,17,1
1993,1993-12-05,DET,MIN,0,0,13,1,7,13,1
1993,1993-12-05,LAC,DEN,3,13,10,1,14,9,1
1993,1993-12-05,MIA,NYG,0,14,19,1,12,4,0
1993,1993-12-05,NYJ,IND,0,6,9,1,15,27,1
1993,1993-12-05,PIT,NE,3,17,14,1,11,23,0
1993,1993-12-05,SEA,KC,0,16,31,1,21,5,0
1993,1993-12-05,SF,CIN,3,21,8,1,6,28,0
1993,1993-12-05,TB,WAS,0,17,23,1,24,26,1
1993,1993-12-05,TEN,ATL,3,33,17,1,2,22,0
1993,1993-12-06,DAL,PHI,3,23,17,1,1,16,0
1993,1993-12-11,ATL,SF,3,27,24,1,22,6,1
1993,1993-12-11,WAS,NYJ,0,0,3,1,26,15,0
1993,1993-12-12,ARI,DET,0,14,21,1,18,7,0
1993,1993-12-12,DEN,KC,3,27,21,1,9,5,1
1993,1993-12-12,LAC,GB,0,13,20,1,14,10,0
1993,1993-12-12,LV,SEA,3,27,23,1,8,21,0
1993,1993-12-12,MIN,DAL,0,20,37,1,13,1,0
1993,1993-12-12,NE,CIN,3,7,2,1,23,28,0
1993,1993-12-12,NO,LAR,0,20,23,1,17,25,1
1993,1993-12-12,NYG,IND,3,20,6,1,4,27,0
1993,1993-12-12,PHI,BUF,0,7,10,1,16,3,0
1993,1993-12-12,TB,CHI,3,13,10,1,24,19,1
1993,1993-12-12,TEN,CLE,3,19,17,1,2,20,0
1993,1993-12-13,MIA,PIT,0,20,21,1,12,11,0
1993,1993-12-18,CHI,DEN,0,3,13,1,19,9,0
1993,1993-12-18,NYJ,DAL,0,7,28,1,15,1,0
1993,1993-12-19,CIN,LAR,3,15,3,1,28,25,1
1993,1993-12-19,CLE,NE,0,17,20,1,20,23,1
1993,1993-12-19,DET,SF,0,17,55,1,7,6,0
1993,1993-12-19,GB,MIN,0,17,21,1,10,13,1
1993,1993-12-19,IND,PHI,0,10,20,1,27,16,0
1993,1993-12-19,KC,LAC,3,28,24,1,5,14,0
1993,1993-12-19,LV,TB,3,27,20,1,8,24,0
1993,1993-12-19,MIA,BUF,0,34,47,1,12,3,0
1993,1993-12-19,PIT,TEN,0,17,26,1,11,2,0
1993,1993-12-19,SEA,ARI,0,27,30,1,21,18,0
1993,1993-12-19,WAS,ATL,3,30,17,1,26,22,1
1993,1993-12-20,NO,NYG,0,14,24,1,17,4,0
1993,1993-12-25,SF,TEN,0,7,10,1,6,2,0
1993,1993-12-26,ARI,NYG,3,17,6,1,18,4,1
1993,1993-12-26,BUF,NYJ,3,16,14,1,3,15,0
1993,1993-12-26,CHI,DET,0,14,20,1,19,7,0
1993,1993-12-26,CIN,ATL,3,21,17,1,28,22,1
1993,1993-12-26,DAL,WAS,3,38,3,1,1,26,0
1993,1993-12-26,DEN,TB,0,10,17,1,9,24,1
1993,1993-12-26,GB,LV,3,28,0,1,10,8,1
1993,1993-12-26,LAR,CLE,0,14,42,1,25,20,0
1993,1993-12-26,MIN,KC,3,30,10,1,13,5,1
1993,1993-12-26,NE,IND,3,38,0,1,23,27,0
1993,1993-12-26,PHI,NO,3,37,26,1,16,17,0
1993,1993-12-26,SEA,PIT,3,16,6,1,21,11,1
1993,1993-12-27,LAC,MIA,3,45,20,1,14,12,1
1993,1993-12-31,WAS,MIN,0,9,14,1,26,13,0
1993,1994-01-02,ATL,ARI,0,10,27,1,22,18,0
1993,1994-01-02,DET,GB,3,30,20,1,7,10,0
1993,1994-01-02,IND,BUF,0,10,30,1,27,3,0
1993,1994-01-02,KC,SEA,3,34,24,1,5,21,0
1993,1994-01-02,LAR,CHI,3,20,6,1,25,19,1
1993,1994-01-02,LV,DEN,3,33,30,1,8,9,0
1993,1994-01-02,NE,MIA,3,33,27,1,23,12,1
1993,1994-01-02,NO,CIN,3,20,13,1,17,28,0
1993,1994-01-02,NYG,DAL,0,13,16,1,4,1,0
1993,1994-01-02,PIT,CLE,3,16,9,1,11,20,0
1993,1994-01-02,TB,LAC,0,17,32,1,24,14,0
1993,1994-01-02,TEN,NYJ,3,24,0,1,2,15,0
1993,1994-01-03,SF,PHI,0,34,37,1,6,16,1
1994,1994-09-04,BUF,NYJ,0,3,23,1,18,23,1
1994,1994-09-04,CHI,TB,3,21,9,1,14,24,0
1994,1994-09-04,CIN,CLE,0,20,28,1,27,4,0
1994,1994-09-04,DEN,LAC,0,34,37,1,19,5,0
1994,1994-09-04,DET,ATL,3,31,28,1,11,21,0
1994,1994-09-04,GB,MIN,3,16,10,1,9,7,1
1994,1994-09-04,IND,TEN,3,45,21,1,15,28,0
1994,1994-09-04,LAR,ARI,3,14,12,1,25,16,1
1994,1994-09-04,MIA,NE,3,39,35,1,6,8,0
1994,1994-09-04,NO,KC,0,17,30,1,20,10,0
1994,1994-09-04,NYG,PHI,3,28,23,1,13,17,0
1994,1994-09-04,PIT,DAL,0,9,26,1,3,2,0
1994,1994-09-04,WAS,SEA,0,7,28,1,26,22,0
1994,1994-09-05,SF,LV,3,44,14,1,1,12,0
1994,1994-09-11,ARI,NYG,0,17,20,1,16,13,0
1994,1994-09-11,ATL,LAR,3,31,13,1,21,25,0
1994,1994-09-11,CLE,PIT,0,10,17,1,4,3,0
1994,1994-09-11,DAL,TEN,3,20,17,1,2,28,0
1994,1994-09-11,GB,MIA,0,14,24,1,9,6,0
1994,1994-09-11,KC,SF,3,24,17,1,10,1,1
1994,1994-09-11,LAC,CIN,3,27,10,1,5,27,0
1994,1994-09-11,LV,SEA,0,9,38,1,12,22,1
1994,1994-09-11,MIN,DET,3,10,3,1,7,11,0
1994,1994-09-11,NE,BUF,0,35,38,1,8,18,1
1994,1994-09-11,NO,WAS,0,24,38,1,20,26,1
1994,1994-09-11,NYJ,DEN,3,25,22,1,23,19,1
1994,1994-09-11,TB,IND,3,24,10,1,24,15,1
1994,1994-09-12,PHI,CHI,3,30,22,1,17,14,1
1994,1994-09-18,ATL,KC,0,10,30,1,21,10,0
1994,1994-09-18,CHI,MIN,0,14,42,1,14,7,0
1994,1994-09-18,CIN,NE,0,28,31,1,27,8,0
1994,1994-09-18,CLE,ARI,3,32,0,1,4,16,0
1994,1994-09-18,DEN,LV,0,16,48,1,19,12,0
1994,1994-09-18,LAR,SF,0,19,34,1,25,1,0
1994,1994-09-18,MIA,NYJ,3,28,14,1,6,23,0
1994,1994-09-18,NYG,WAS,3,31,23,1,13,26,0
1994,1994-09-18,PHI,GB,3,13,7,1,17,9,1
1994,1994-09-18,PIT,IND,3,31,21,1,3,15,0
1994,1994-09-18,SEA,LAC,0,10,24,1,22,5,0
1994,1994-09-18,TB,NO,0,7,9,1,24,20,0
1994,1994-09-18,TEN,BUF,0,7,15,1,28,18,0
1994,1994-09-19,DAL,DET,0,17,20,1,2,11,1
1994,1994-09-25,DET,NE,0,17,23,1,11,8,0
1994,1994-09-25,GB,TB,3,30,3,1,9,24,0
1994,1994-09-25,IND,CLE,0,14,21,1,15,4,0
1994,1994-09-25,KC,LAR,0,0,16,1,10,25,1
1994,1994-09-25,LV,LAC,0,24,26,1,12,5,0
1994,1994-09-25,MIN,MIA,3,38,35,1,7,6,1
1994,1994-09-25,NYJ,CHI,0,7,19,1,23,14,0
1994,1994-09-25,SEA,PIT,3,30,13,1,22,3,1
1994,1994-09-25,SF,NO,3,24,13,1,1,20,0
1994,1994-09-25,TEN,CIN,3,20,13,1,28,27,1
1994,1994-09-25,WAS,ATL,0,20,27,1,26,21,0
1994,1994-09-26,BUF,DEN,3,27,20,1,18,19,0
1994,1994-10-02,ARI,MIN,3,17,7,1,16,7,1
1994,1994-10-02,CHI,BUF,3,20,13,1,14,18,0
1994,1994-10-02,CIN,MIA,0,7,23,1,27,6,0
1994,1994-10-02,CLE,NYJ,3,27,7,1,4,23,0
1994,1994-10-02,IND,SEA,3,17,15,1,15,22,0
1994,1994-10-02,LAR,ATL,0,5,8,1,25,21,0
1994,1994-10-02,NE,GB,3,17,16,1,8,9,0
1994,1994-10-02,NO,NYG,3,27,22,1,20,13,1
1994,1994-10-02,SF,PHI,0,8,40,1,1,17,1
1994,1994-10-02,TB,DET,3,24,14,1,24,11,1
1994,1994-10-02,WAS,DAL,0,7,34,1,26,2,0
1994,1994-10-03,PIT,TEN,3,30,14,1,3,28,0
1994,1994-10-09,ATL,TB,3,34,13,1,21,24,0
1994,1994-10-09,BUF,MIA,3,21,11,1,18,6,1
1994,1994-10-09,CHI,NO,3,17,7,1,14,20,0
1994,1994-10-09,DAL,ARI,3,38,3,1,2,16,0
1994,1994-10-09,DET,SF,0,21,27,1,11,1,0
1994,1994-10-09,GB,LAR,3,24,17,1,9,25,0
1994,1994-10-09,LAC,KC,3,20,6,1,5,10,0
1994,1994-10-09,NE,LV,0,17,21,1,8,12,1
1994,1994-10-09,NYJ,IND,3,16,6,1,23,15,1
1994,1994-10-09,PHI,WAS,3,21,17,1,17,26,0
1994,1994-10-09,SEA,DEN,0,9,16,1,22,19,0
1994,1994-10-10,NYG,MIN,0,10,27,1,13,7,0
1994,1994-10-13,TEN,CLE,0,8,11,1,28,4,0
1994,1994-10-16,ATL,SF,0,3,42,1,21,1,0
1994,1994-10-16,BUF,IND,0,17,27,1,18,15,0
1994,1994-10-16,DAL,PHI,3,24,13,1,2,17,0
1994,1994-10-16,LAR,NYG,3,17,10,1,25,13,1
1994,1994-10-16,MIA,LV,3,20,17,1,6,12,0
1994,1994-10-16,NO,LAC,0,22,36,1,20,5,0
1994,1994-10-16,NYJ,NE,3,24,17,1,23,8,1
1994,1994-10-16,PIT,CIN,3,14,10,1,3,27,0
1994,1994-10-16,WAS,ARI,0,16,19,1,26,16,0
1994,1994-10-17,DEN,KC,0,28,31,1,19,10,0
1994,1994-10-20,MIN,GB,3,13,10,1,7,9,0
1994,1994-10-23,ARI,DAL,0,21,28,1,16,2,0
1994,1994-10-23,CLE,CIN,3,37,13,1,4,27,0
1994,1994-10-23,DET,CHI,3,21,16,1,11,14,0
1994,1994-10-23,IND,WAS,0,27,41,1,15,26,1
1994,1994-10-23,KC,SEA,3,38,23,1,10,22,0
1994,1994-10-23,LAC,DEN,0,15,20,1,5,19,1
1994,1994-10-23,LV,ATL,3,30,17,1,12,21,0
1994,1994-10-23,NO,LAR,3,37,34,1,20,25,0
1994,1994-10-23,NYG,PIT,0,6,10,1,13,3,0
1994,1994-10-23,SF,TB,3,41,16,1,1,24,0
1994,1994-10-24,PHI,TEN,3,21,6,1,17,28,0
1994,1994-10-30,ARI,PIT,3,20,17,1,16,3,1
1994,1994-10-30,BUF,KC,3,44,10,1,18,10,1
1994,1994-10-30,CIN,DAL,0,20,23,1,27,2,0
1994,1994-10-30,DEN,CLE,3,26,14,1,19,4,1
1994,1994-10-30,IND,NYJ,3,28,25,1,15,23,0
1994,1994-10-30,LAC,SEA,3,35,15,1,5,22,0
1994,1994-10-30,LV,TEN,3,17,14,1,12,28,0
1994,1994-10-30,NE,MIA,0,3,23,1,8,6,0
1994,1994-10-30,NYG,DET,0,25,28,1,13,11,0
1994,1994-10-30,TB,MIN,0,13,36,1,24,7,0
1994,1994-10-30,WAS,PHI,0,29,31,1,26,17,0
1994,1994-10-31,CHI,GB,0,6,33,1,14,9,0
1994,1994-11-06,ATL,LAC,3,10,9,1,21,5,1
1994,1994-11-06,CLE,NE,3,13,6,1,4,8,0
1994,1994-11-06,GB,DET,3,38,30,1,9,11,0
1994,1994-11-06,KC,LV,3,13,3,1,10,12,0
1994,1994-11-06,LAR,DEN,3,27,21,1,25,19,1
1994,1994-11-06,MIA,IND,3,22,21,1,6,15,0
1994,1994-11-06,MIN,NO,3,21,20,1,7,20,0
1994,1994-11-06,NYJ,BUF,3,22,17,1,23,18,1
1994,1994-11-06,PHI,ARI,3,17,7,1,17,16,1
1994,1994-11-06,SEA,CIN,0,17,20,1,22,27,1
1994,1994-11-06,TB,CHI,0,6,20,1,24,14,0
1994,1994-11-06,TEN,PIT,0,9,12,1,28,3,0
1994,1994-11-06,WAS,SF,0,22,37,1,26,1,0
1994,1994-11-07,DAL,NYG,3,38,10,1,2,13,0
1994,1994-11-13,CIN,TEN,3,34,31,1,27,28,0
1994,1994-11-13,DEN,SEA,3,17,10,1,19,22,0
1994,1994-11-13,DET,TB,3,14,9,1,11,24,0
1994,1994-11-13,GB,NYJ,3,17,10,1,9,23,0
1994,1994-11-13,KC,LAC,0,13,14,1,10,5,0
1994,1994-11-13,LAR,LV,0,17,20,1,25,12,0
1994,1994-11-13,MIA,CHI,0,14,17,1,6,14,1
1994,1994-11-13,NE,MIN,3,26,20,1,8,7,1
1994,1994-11-13,NO,ATL,3,33,32,1,20,21,0
1994,1994-11-13,NYG,ARI,0,9,10,1,13,16,1
1994,1994-11-13,PHI,CLE,0,7,26,1,17,4,0
1994,1994-11-13,SF,DAL,3,21,14,1,1,2,0
1994,1994-11-14,PIT,BUF,3,23,10,1,3,18,0
1994,1994-11-20,ARI,PHI,3,12,6,1,16,17,0
1994,1994-11-20,BUF,GB,3,29,20,1,18,9,1
1994,1994-11-20,CHI,DET,3,20,10,1,14,11,1
1994,1994-11-20,CIN,IND,0,13,17,1,27,15,0
1994,1994-11-20,DAL,WAS,3,31,7,1,2,26,0
1994,1994-11-20,DEN,ATL,3,32,28,1,19,21,0
1994,1994-11-20,KC,CLE,3,20,13,1,10,4,1
1994,1994-11-20,LV,NO,3,24,19,1,12,20,0
1994,1994-11-20,MIN,NYJ,0,21,31,1,7,23,1
1994,1994-11-20,NE,LAC,3,23,17,1,8,5,1
1994,1994-11-20,PIT,MIA,3,16,13,1,3,6,0
1994,1994-11-20,SEA,TB,3,22,21,1,22,24,0
1994,1994-11-20,SF,LAR,3,31,27,1,1,25,0
1994,1994-11-21,TEN,NYG,0,10,13,1,28,13,0
1994,1994-11-24,DAL,GB,3,42,31,1,2,9,0
1994,1994-11-24,DET,BUF,3,35,21,1,11,18,0
1994,1994-11-27,ARI,CHI,0,16,19,1,16,14,0
1994,1994-11-27,ATL,PHI,3,28,21,1,21,17,1
1994,1994-11-27,CLE,TEN,3,34,10,1,4,28,0
1994,1994-11-27,DEN,CIN,3,15,13,1,19,27,0
1994,1994-11-27,IND,NE,0,10,12,1,15,8,0
1994,1994-11-27,LAC,LAR,3,31,17,1,5,25,0
1994,1994-11-27,LV,PIT,0,3,21,1,12,3,0
1994,1994-11-27,MIN,TB,0,17,20,1,7,24,1
1994,1994-11-27,NYJ,MIA,0,24,28,1,23,6,0
1994,1994-11-27,SEA,KC,3,10,9,1,22,10,1
1994,1994-11-27,WAS,NYG,0,19,21,1,26,13,0
1994,1994-11-28,NO,SF,0,14,35,1,20,1,0
1994,1994-12-01,MIN,CHI,3,33,27,1,7,14,0
1994,1994-12-04,CIN,PIT,0,15,38,1,27,3,0
1994,1994-12-04,CLE,NYG,0,13,16,1,4,13,1
1994,1994-12-04,DET,GB,3,34,31,1,11,9,1
1994,1994-12-04,KC,DEN,0,17,20,1,10,19,1
1994,1994-12-04,LAR,NO,0,15,31,1,25,20,0
1994,1994-12-04,MIA,BUF,0,31,42,1,6,18,1
1994,1994-12-04,NE,NYJ,3,24,13,1,8,23,0
1994,1994-12-04,PHI,DAL,0,19,31,1,17,2,0
1994,1994-12-04,SEA,IND,0,19,31,1,22,15,0
1994,1994-12-04,SF,ATL,3,50,14,1,1,21,0
1994,1994-12-04,TB,WAS,3,26,21,1,24,26,0
1994,1994-12-04,TEN,ARI,0,12,30,1,28,16,0
1994,1994-12-05,LAC,LV,0,17,24,1,5,12,1
1994,1994-12-10,DAL,CLE,0,14,19,1,2,4,1
1994,1994-12-10,NYJ,DET,0,7,18,1,23,11,0
1994,1994-12-11,ARI,WAS,3,17,15,1,16,26,0
1994,1994-12-11,ATL,NO,0,20,29,1,21,20,0
1994,1994-12-11,BUF,MIN,0,17,21,1,18,7,0
1994,1994-12-11,GB,CHI,3,40,3,1,9,14,0
1994,1994-12-11,LAC,SF,0,15,38,1,5,1,0
1994,1994-12-11,LV,DEN,3,23,13,1,12,19,0
1994,1994-12-11,NE,IND,3,28,13,1,8,15,0
1994,1994-12-11,NYG,CIN,3,27,20,1,13,27,0
1994,1994-12-11,PIT,PHI,3,14,3,1,3,17,0
1994,1994-12-11,TB,LAR,3,24,14,1,24,25,0
1994,1994-12-11,TEN,SEA,0,14,16,1,28,22,0
1994,1994-12-12,MIA,KC,3,45,28,1,6,10,0
1994,1994-12-17,DET,MIN,3,41,19,1,11,7,1
1994,1994-12-17,SF,DEN,3,42,19,1,1,19,0
1994,1994-12-18,ARI,CIN,3,28,7,1,16,27,0
1994,1994-12-18,BUF,NE,0,17,41,1,18,8,0
1994,1994-12-18,CHI,LAR,3,27,13,1,14,25,0
1994,1994-12-18,GB,ATL,3,21,17,1,9,21,0
1994,1994-12-18,IND,MIA,3,10,6,1,15,6,1
1994,1994-12-18,KC,TEN,3,31,9,1,10,28,0
1994,1994-12-18,NYJ,LAC,0,6,21,1,23,5,0
1994,1994-12-18,PHI,NYG,0,13,16,1,17,13,0
1994,1994-12-18,PIT,CLE,3,17,7,1,3,4,0
1994,1994-12-18,SEA,LV,0,16,17,1,22,12,0
1994,1994-12-18,WAS,TB,0,14,17,1,26,24,0
1994,1994-12-19,NO,DAL,0,16,24,1,20,2,0
1994,1994-12-24,ATL,ARI,3,10,6,1,21,16,1
1994,1994-12-24,CHI,NE,0,3,13,1,14,8,0
1994,1994-12-24,CIN,PHI,3,33,30,1,27,17,1
1994,1994-12-24,CLE,SEA,3,35,9,1,4,22,0
1994,1994-12-24,DEN,NO,0,28,30,1,19,20,1
1994,1994-12-24,IND,BUF,3,10,9,1,15,18,0
1994,1994-12-24,LAC,PIT,3,37,34,1,5,3,1
1994,1994-12-24,LAR,WAS,0,21,24,1,25,26,1
1994,1994-12-24,LV,KC,0,9,19,1,12,10,0
1994,1994-12-24,NYG,DAL,3,15,10,1,13,2,1
1994,1994-12-24,TB,GB,0,19,34,1,24,9,0
1994,1994-12-24,TEN,NYJ,3,24,10,1,28,23,1
1994,1994-12-25,MIA,DET,3,27,20,1,6,11,0
1994,1994-12-26,MIN,SF,3,21,14,1,7,1,1
1995,1995-09-03,ATL,CAR,3,23,20,1,12,21,0
1995,1995-09-03,CHI,MIN,3,31,14,1,10,15,0
1995,1995-09-03,DEN,BUF,3,22,7,1,14,7,1
1995,1995-09-03,GB,LAR,0,14,17,1,4,23,1
1995,1995-09-03,IND,CIN,0,21,24,1,11,19,1
1995,1995-09-03,JAX,TEN,0,3,10,1,28,18,0
1995,1995-09-03,LV,LAC,3,17,7,1,16,13,1
1995,1995-09-03,MIA,NYJ,3,52,14,1,9,30,0
1995,1995-09-03,NE,CLE,3,17,14,1,25,27,0
1995,1995-09-03,NO,SF,0,22,24,1,20,3,0
1995,1995-09-03,PHI,TB,0,6,21,1,8,22,1
1995,1995-09-03,PIT,DET,3,23,20,1,5,6,0
1995,1995-09-03,SEA,KC,0,10,34,1,17,1,0
1995,1995-09-03,WAS,ARI,3,27,7,1,24,29,0
1995,1995-09-04,NYG,DAL,0,0,35,1,26,2,0
1995,1995-09-10,ARI,PHI,0,19,31,1,29,8,0
1995,1995-09-10,BUF,CAR,3,31,9,1,7,21,0
1995,1995-09-10,CIN,JAX,3,24,17,1,19,28,0
1995,1995-09-10,CLE,TB,3,22,6,1,27,22,1
1995,1995-09-10,DAL,DEN,3,31,21,1,2,14,0
1995,1995-09-10,KC,NYG,3,20,17,1,1,26,0
1995,1995-09-10,LAC,SEA,3,14,10,1,13,17,0
1995,1995-09-10,LAR,NO,3,17,13,1,23,20,1
1995,1995-09-10,MIN,DET,3,20,10,1,15,6,1
1995,1995-09-10,NE,MIA,0,3,20,1,25,9,0
1995,1995-09-10,NYJ,IND,0,24,27,1,30,11,0
1995,1995-09-10,SF,ATL,3,41,10,1,3,12,0
1995,1995-09-10,TEN,PIT,0,17,34,1,18,5,0
1995,1995-09-10,WAS,LV,0,8,20,1,24,16,0
1995,1995-09-11,CHI,GB,0,24,27,1,10,4,0
1995,1995-09-17,BUF,IND,3,20,14,1,7,11,0
1995,1995-09-17,CAR,LAR,0,10,31,1,21,23,1
1995,1995-09-17,DEN,WAS,3,38,31,1,14,24,0
1995,1995-09-17,DET,ARI,0,17,20,1,6,29,1
1995,1995-09-17,GB,NYG,3,14,6,1,4,26,0
1995,1995-09-17,KC,LV,3,23,17,1,1,16,0
1995,1995-09-17,MIN,DAL,0,17,23,1,15,2,0
1995,1995-09-17,NO,ATL,0,24,27,1,20,12,0
1995,1995-09-17,NYJ,JAX,3,27,10,1,30,28,1
1995,1995-09-17,PHI,LAC,0,21,27,1,8,13,1
1995,1995-09-17,SEA,CIN,3,24,21,1,17,19,0
1995,1995-09-17,SF,NE,3,28,3,1,3,25,0
1995,1995-09-17,TB,CHI,0,6,25,1,22,10,0
1995,1995-09-17,TEN,CLE,0,7,14,1,18,27,1
1995,1995-09-18,MIA,PIT,3,23,10,1,9,5,1
1995,1995-09-24,ATL,NYJ,3,13,3,1,12,30,0
1995,1995-09-24,CIN,TEN,0,28,38,1,19,18,0
1995,1995-09-24,CLE,KC,3,35,17,1,27,1,1
1995,1995-09-24,DAL,ARI,3,34,20,1,2,29,0
1995,1995-09-24,JAX,GB,0,14,24,1,28,4,0
1995,1995-09-24,LAC,DEN,3,17,6,1,13,14,0
1995,1995-09-24,LAR,CHI,3,34,28,1,23,10,1
1995,1995-09-24,LV,PHI,3,48,17,1,16,8,1
1995,1995-09-24,NYG,NO,3,45,29,1,26,20,1
1995,1995-09-24,PIT,MIN,0,24,44,1,5,15,1
1995,1995-09-24,TB,WAS,3,14,6,1,22,24,0
1995,1995-09-25,DET,SF,3,27,24,1,6,3,1
1995,1995-10-01,ARI,KC,0,3,24,1,29,1,0
1995,1995-10-01,ATL,NE,3,30,17,1,12,25,0
1995,1995-10-01,CAR,TB,0,13,20,1,21,22,1
1995,1995-10-01,CIN,MIA,0,23,26,1,19,9,0
1995,1995-10-01,IND,LAR,3,21,18,1,11,23,0
1995,1995-10-01,NO,PHI,0,10,15,1,20,8,0
1995,1995-10-01,NYJ,LV,0,10,47,1,30,16,0
1995,1995-10-01,PIT,LAC,3,31,16,1,5,13,0
1995,1995-10-01,SEA,DEN,3,27,10,1,17,14,1
1995,1995-10-01,SF,NYG,3,20,6,1,3,26,0
1995,1995-10-01,TEN,JAX,0,16,17,1,18,28,1
1995,1995-10-01,WAS,DAL,3,27,23,1,24,2,1
1995,1995-10-02,CLE,BUF,0,19,22,1,27,7,0
1995,1995-10-08,BUF,NYJ,3,29,10,1,7,30,0
1995,1995-10-08,CHI,CAR,3,31,27,1,10,21,0
1995,1995-10-08,DAL,GB,3,34,24,1,2,4,0
1995,1995-10-08,DET,CLE,3,38,20,1,6,27,0
1995,1995-10-08,JAX,PIT,3,20,16,1,28,5,1
1995,1995-10-08,LV,SEA,3,34,14,1,16,17,0
1995,1995-10-08,MIA,IND,0,24,27,1,9,11,1
1995,1995-10-08,MIN,TEN,3,23,17,1,15,18,0
1995,1995-10-08,NE,DEN,0,3,37,1,25,14,0
1995,1995-10-08,NYG,ARI,3,27,21,1,26,29,0
1995,1995-10-08,PHI,WAS,3,37,34,1,8,24,0
1995,1995-10-08,TB,CIN,3,19,16,1,22,19,1
1995,1995-10-09,KC,LAC,3,29,23,1,1,13,0
1995,1995-10-12,LAR,ATL,3,21,19,1,23,12,1
1995,1995-10-15,ARI,WAS,3,24,20,1,29,24,1
1995,1995-10-15,BUF,SEA,3,27,21,1,7,17,0
1995,1995-10-15,CAR,NYJ,3,26,15,1,21,30,0
1995,1995-10-15,GB,DET,3,30,21,1,4,6,0
1995,1995-10-15,IND,SF,3,18,17,1,11,3,1
1995,1995-10-15,JAX,CHI,0,27,30,1,28,10,0
1995,1995-10-15,KC,NE,3,31,26,1,1,25,0
1995,1995-10-15,LAC,DAL,0,9,23,1,13,2,0
1995,1995-10-15,NO,MIA,3,33,30,1,20,9,1
1995,1995-10-15,NYG,PHI,0,14,17,1,26,8,0
1995,1995-10-15,TB,MIN,3,20,17,1,22,15,1
1995,1995-10-16,DEN,LV,3,27,0,1,14,16,0
1995,1995-10-19,PIT,CIN,0,9,27,1,5,19,1
1995,1995-10-22,CAR,NO,3,20,3,1,21,20,1
1995,1995-10-22,CHI,TEN,3,35,32,1,10,18,0
1995,1995-10-22,CLE,JAX,0,15,23,1,27,28,1
1995,1995-10-22,DEN,KC,0,7,21,1,14,1,0
1995,1995-10-22,GB,MIN,3,38,21,1,4,15,0
1995,1995-10-22,LAR,SF,0,10,44,1,23,3,0
1995,1995-10-22,LV,IND,3,30,17,1,16,11,1
1995,1995-10-22,NYJ,MIA,3,17,16,1,30,9,1
1995,1995-10-22,SEA,LAC,0,25,35,1,17,13,0
1995,1995-10-22,TB,ATL,0,21,24,1,22,12,0
1995,1995-10-22,WAS,DET,3,36,30,1,24,6,1
1995,1995-10-23,NE,BUF,3,27,14,1,25,7,1
1995,1995-10-29,ARI,SEA,3,20,14,1,29,17,1
1995,1995-10-29,ATL,DAL,0,13,28,1,12,2,0
1995,1995-10-29,CIN,CLE,0,26,29,1,19,27,1
1995,1995-10-29,DET,GB,3,24,16,1,6,4,1
1995,1995-10-29,IND,NYJ,3,17,10,1,11,30,0
1995,1995-10-29,MIA,BUF,3,23,6,1,9,7,1
1995,1995-10-29,NE,CAR,0,17,20,1,25,21,0
1995,1995-10-29,PHI,LAR,3,20,9,1,8,23,0
1995,1995-10-29,PIT,JAX,3,24,7,1,5,28,0
1995,1995-10-29,SF,NO,0,7,11,1,3,20,1
1995,1995-10-29,TEN,TB,3,19,7,1,18,22,0
1995,1995-10-29,WAS,NYG,0,15,24,1,24,26,1
1995,1995-10-30,MIN,CHI,0,6,14,1,15,10,0
1995,1995-11-05,ATL,DET,3,34,22,1,12,6,1
1995,1995-11-05,CHI,PIT,0,34,37,1,10,5,0
1995,1995-11-05,CIN,LV,0,17,20,1,19,16,0
1995,1995-11-05,CLE,TEN,0,10,37,1,27,18,0
1995,1995-11-05,DEN,ARI,3,38,6,1,14,29,0
1995,1995-11-05,IND,BUF,0,10,16,1,11,7,0
1995,1995-11-05,KC,WAS,3,24,3,1,1,24,0
1995,1995-11-05,LAC,MIA,0,14,24,1,13,9,0
1995,1995-11-05,MIN,GB,3,27,24,1,15,4,1
1995,1995-11-05,NO,LAR,3,19,10,1,20,23,0
1995,1995-11-05,NYJ,NE,0,7,20,1,30,25,0
1995,1995-11-05,SEA,NYG,3,30,28,1,17,26,0
1995,1995-11-05,SF,CAR,0,7,13,1,3,21,1
1995,1995-11-06,DAL,PHI,3,34,12,1,2,8,0
1995,1995-11-12,ARI,MIN,0,24,30,1,29,15,0
1995,1995-11-12,BUF,ATL,3,23,17,1,7,12,0
1995,1995-11-12,DAL,SF,0,20,38,1,2,3,1
1995,1995-11-12,DET,TB,3,27,24,1,6,22,0
1995,1995-11-12,GB,CHI,3,35,28,1,4,10,0
1995,1995-11-12,JAX,SEA,0,30,47,1,28,17,0
1995,1995-11-12,LAC,KC,0,7,22,1,13,1,0
1995,1995-11-12,LAR,CAR,3,28,17,1,23,21,1
1995,1995-11-12,MIA,NE,0,17,34,1,9,25,1
1995,1995-11-12,NO,IND,3,17,14,1,20,11,1
1995,1995-11-12,NYG,LV,0,13,17,1,26,16,0
1995,1995-11-12,PHI,DEN,3,31,13,1,8,14,0
1995,1995-11-12,TEN,CIN,0,25,32,1,18,19,1
1995,1995-11-13,PIT,CLE,3,20,3,1,5,27,0
1995,1995-11-19,ATL,LAR,3,31,6,1,12,23,0
1995,1995-11-19,CAR,ARI,3,27,7,1,21,29,0
1995,1995-11-19,CHI,DET,0,17,24,1,10,6,0
1995,1995-11-19,CIN,PIT,0,31,49,1,19,5,0
1995,1995-11-19,CLE,GB,0,20,31,1,27,4,0
1995,1995-11-19,DEN,LAC,3,30,27,1,14,13,1
1995,1995-11-19,KC,TEN,3,20,13,1,1,18,0
1995,1995-11-19,LV,DAL,0,21,34,1,16,2,0
1995,1995-11-19,MIN,NO,3,43,24,1,15,20,0
1995,1995-11-19,NE,IND,0,10,24,1,25,11,0
1995,1995-11-19,NYJ,BUF,0,26,28,1,30,7,0
1995,1995-11-19,PHI,NYG,3,28,19,1,8,26,0
1995,1995-11-19,TB,JAX,3,17,16,1,22,28,0
1995,1995-11-19,WAS,SEA,0,20,27,1,24,17,0
1995,1995-11-20,MIA,SF,0,20,44,1,9,3,0
1995,1995-11-23,DAL,KC,3,24,12,1,2,1,1
1995,1995-11-23,DET,MIN,3,44,38,1,6,15,0
1995,1995-11-26,ARI,ATL,3,40,37,1,29,12,1
1995,1995-11-26,BUF,NE,0,25,35,1,7,25,1
1995,1995-11-26,CLE,PIT,0,17,20,1,27,5,0
1995,1995-11-26,GB,TB,3,35,13,1,4,22,0
1995,1995-11-26,IND,MIA,3,36,28,1,11,9,1
1995,1995-11-26,JAX,CIN,0,13,17,1,28,19,0
1995,1995-11-26,NO,CAR,3,34,26,1,20,21,0
1995,1995-11-26,NYG,CHI,0,24,27,1,26,10,0
1995,1995-11-26,SEA,NYJ,0,10,16,1,17,30,1
1995,1995-11-26,SF,LAR,3,41,13,1,3,23,0
1995,1995-11-26,TEN,DEN,3,42,33,1,18,14,1
1995,1995-11-26,WAS,PHI,0,7,14,1,24,8,0
1995,1995-11-27,LAC,LV,3,12,6,1,13,16,0
1995,1995-11-30,ARI,NYG,0,6,10,1,29,26,0
1995,1995-12-03,CAR,IND,3,13,10,1,21,11,1
1995,1995-12-03,DAL,WAS,0,17,24,1,2,24,1
1995,1995-12-03,DEN,JAX,3,31,23,1,14,28,0
1995,1995-12-03,GB,CIN,3,24,10,1,4,19,0
1995,1995-12-03,LAC,CLE,3,31,13,1,13,27,0
1995,1995-12-03,LV,KC,0,23,29,1,16,1,0
1995,1995-12-03,MIA,ATL,3,21,20,1,9,12,0
1995,1995-12-03,MIN,TB,3,31,17,1,15,22,0
1995,1995-12-03,NE,NO,0,17,31,1,25,20,0
1995,1995-12-03,NYJ,LAR,0,20,23,1,30,23,0
1995,1995-12-03,PIT,TEN,3,21,7,1,5,18,0
1995,1995-12-03,SEA,PHI,3,26,14,1,17,8,1
1995,1995-12-03,SF,BUF,3,27,17,1,3,7,0
1995,1995-12-04,DET,CHI,3,27,7,1,6,10,0
1995,1995-12-09,LAC,ARI,3,28,25,1,13,29,0
1995,1995-12-09,MIN,CLE,3,27,11,1,15,27,0
1995,1995-12-10,ATL,NO,3,19,14,1,12,20,0
1995,1995-12-10,CAR,SF,0,10,31,1,21,3,0
1995,1995-12-10,CIN,CHI,3,16,10,1,19,10,1
1995,1995-12-10,DEN,SEA,0,27,31,1,14,17,1
1995,1995-12-10,JAX,IND,0,31,41,1,28,11,0
1995,1995-12-10,LAR,BUF,0,27,45,1,23,7,0
1995,1995-12-10,LV,PIT,0,10,29,1,16,5,0
1995,1995-12-10,NE,NYJ,3,31,28,1,25,30,0
1995,1995-12-10,NYG,WAS,3,20,13,1,26,24,1
1995,1995-12-10,PHI,DAL,3,20,17,1,8,2,1
1995,1995-12-10,TB,GB,3,13,10,1,22,4,1
1995,1995-12-10,TEN,DET,0,17,24,1,18,6,0
1995,1995-12-11,MIA,KC,3,13,6,1,9,1,1
1995,1995-12-16,NO,GB,0,23,34,1,20,4,0
1995,1995-12-16,PIT,NE,3,41,27,1,5,25,0
1995,1995-12-17,BUF,MIA,3,23,20,1,7,9,0
1995,1995-12-17,CAR,ATL,3,21,17,1,21,12,1
1995,1995-12-17,CHI,TB,3,31,10,1,10,22,0
1995,1995-12-17,CLE,CIN,3,26,10,1,27,19,1
1995,1995-12-17,DAL,NYG,3,21,20,1,2,26,0
1995,1995-12-17,DET,JAX,3,44,0,1,6,28,0
1995,1995-12-17,IND,LAC,0,24,27,1,11,13,1
1995,1995-12-17,KC,DEN,3,20,17,1,1,14,0
1995,1995-12-17,LAR,WAS,0,23,35,1,23,24,1
1995,1995-12-17,PHI,ARI,3,21,20,1,8,29,0
1995,1995-12-17,SEA,LV,3,44,10,1,17,16,1
1995,1995-12-17,TEN,NYJ,3,23,6,1,18,30,0
1995,1995-12-18,SF,MIN,3,37,30,1,3,15,0
1995,1995-12-23,IND,NE,3,10,7,1,11,25,0
1995,1995-12-23,NYG,LAC,0,17,27,1,26,13,0
1995,1995-12-23,TB,DET,0,10,37,1,22,6,0
1995,1995-12-24,ATL,SF,3,28,27,1,12,3,1
1995,1995-12-24,BUF,TEN,0,17,28,1,7,18,1
1995,1995-12-24,CHI,PHI,3,20,14,1,10,8,1
1995,1995-12-24,CIN,MIN,3,27,24,1,19,15,1
1995,1995-12-24,GB,PIT,3,24,19,1,4,5,0
1995,1995-12-24,JAX,CLE,3,24,21,1,28,27,1
1995,1995-12-24,KC,SEA,3,26,3,1,1,17,0
1995,1995-12-24,LAR,MIA,0,22,41,1,23,9,0
1995,1995-12-24,LV,DEN,0,28,31,1,16,14,0
1995,1995-12-24,NYJ,NO,0,0,12,1,30,20,0
1995,1995-12-24,WAS,CAR,3,20,17,1,24,21,1
1995,1995-12-25,ARI,DAL,0,13,37,1,29,2,0
1996,1996-09-01,BAL,LV,3,19,14,1,27,19,1
1996,1996-09-01,CAR,ATL,3,29,6,1,3,29,0
1996,1996-09-01,DEN,NYJ,3,31,6,1,2,30,0
1996,1996-09-01,IND,ARI,3,20,13,1,13,22,0
1996,1996-09-01,JAX,PIT,3,24,9,1,12,6,1
1996,1996-09-01,LAC,SEA,3,29,7,1,18,21,0
1996,1996-09-01,LAR,CIN,3,26,16,1,25,17,1
1996,1996-09-01,MIA,NE,3,24,10,1,16,5,1
1996,1996-09-01,MIN,DET,3,17,13,1,14,26,0
1996,1996-09-01,NYG,BUF,0,20,23,1,23,7,0
1996,1996-09-01,SF,NO,3,27,11,1,4,28,0
1996,1996-09-01,TB,GB,0,3,34,1,24,1,0
1996,1996-09-01,TEN,KC,0,19,20,1,15,11,0
1996,1996-09-01,WAS,PHI,0,14,17,1,10,9,0
1996,1996-09-02,CHI,DAL,3,22,6,1,20,8,1
1996,1996-09-08,ARI,MIA,0,10,38,1,22,16,0
1996,1996-09-08,ATL,MIN,0,17,23,1,29,14,0
1996,1996-09-08,BUF,NE,3,17,10,1,7,5,1
1996,1996-09-08,DAL,NYG,3,27,0,1,8,23,0
1996,1996-09-08,DET,TB,3,21,6,1,26,24,1
1996,1996-09-08,JAX,TEN,0,27,34,1,12,15,1
1996,1996-09-08,KC,LV,3,19,3,1,11,19,0
1996,1996-09-08,LAC,CIN,3,27,14,1,18,17,1
1996,1996-09-08,NO,CAR,0,20,22,1,28,3,0
1996,1996-09-08,NYJ,IND,0,7,21,1,30,13,0
1996,1996-09-08,PIT,BAL,3,31,17,1,6,27,0
1996,1996-09-08,SEA,DEN,0,20,30,1,21,2,0
1996,1996-09-08,SF,LAR,3,34,0,1,4,25,0
1996,1996-09-08,WAS,CHI,3,10,3,1,10,20,0
1996,1996-09-09,GB,PHI,3,39,13,1,1,9,0
1996,1996-09-15,CHI,MIN,0,14,20,1,20,14,0
1996,1996-09-15,CIN,NO,3,30,15,1,17,28,0
1996,1996-09-15,DAL,IND,0,24,25,1,8,13,1
1996,1996-09-15,DEN,TB,3,27,23,1,2,24,0
1996,1996-09-15,GB,LAC,3,42,10,1,1,18,0
1996,1996-09-15,LV,JAX,3,17,3,1,19,12,1
1996,1996-09-15,MIA,NYJ,3,36,27,1,16,30,0
1996,1996-09-15,NE,ARI,3,31,0,1,5,22,0
1996,1996-09-15,NYG,WAS,0,10,31,1,23,10,0
1996,1996-09-15,PHI,DET,3,24,17,1,9,26,0
1996,1996-09-15,SEA,KC,0,17,35,1,21,11,0
1996,1996-09-15,TEN,BAL,3,29,13,1,15,27,0
1996,1996-09-16,PIT,BUF,3,24,6,1,6,7,0
1996,1996-09-22,ATL,PHI,0,18,33,1,29,9,0
1996,1996-09-22,BUF,DAL,3,10,7,1,7,8,0
1996,1996-09-22,CAR,SF,3,23,7,1,3,4,0
1996,1996-09-22,DET,CHI,3,35,16,1,26,20,1
1996,1996-09-22,KC,DEN,3,17,14,1,11,2,1
1996,1996-09-22,LAR,WAS,0,10,17,1,25,10,0
1996,1996-09-22,LV,LAC,0,34,40,1,19,18,0
1996,1996-09-22,MIN,GB,3,30,21,1,14,1,1
1996,1996-09-22,NE,JAX,3,28,25,1,5,12,0
1996,1996-09-22,NO,ARI,0,14,28,1,28,22,0
1996,1996-09-22,NYJ,NYG,0,6,13,1,30,23,0
1996,1996-09-22,TB,SEA,0,13,17,1,24,21,0
1996,1996-09-23,IND,MIA,3,10,6,1,13,16,0
1996,1996-09-29,ARI,LAR,3,31,28,1,22,25,0
1996,1996-09-29,BAL,NO,3,17,10,1,27,28,0
1996,1996-09-29,CHI,LV,3,19,17,1,20,19,1
1996,1996-09-29,CIN,DEN,0,10,14,1,17,2,0
1996,1996-09-29,JAX,CAR,3,24,14,1,12,3,1
1996,1996-09-29,LAC,KC,3,22,19,1,18,11,1
1996,1996-09-29,NYG,MIN,3,15,10,1,23,14,1
1996,1996-09-29,PIT,TEN,3,30,16,1,6,15,0
1996,1996-09-29,SEA,GB,0,10,31,1,21,1,0
1996,1996-09-29,SF,ATL,3,39,17,1,4,29,0
1996,1996-09-29,TB,DET,0,0,27,1,24,26,1
1996,1996-09-29,WAS,NYJ,3,31,16,1,10,30,0
1996,1996-09-30,PHI,DAL,0,19,23,1,9,8,0
1996,1996-10-06,BAL,NE,0,38,46,1,27,5,0
1996,1996-10-06,BUF,IND,3,16,13,1,7,13,0
1996,1996-10-06,CHI,GB,0,6,37,1,20,1,0
1996,1996-10-06,CIN,TEN,0,27,30,1,17,15,0
1996,1996-10-06,DEN,LAC,3,28,17,1,2,18,0
1996,1996-10-06,DET,ATL,3,28,24,1,26,29,0
1996,1996-10-06,LAR,SF,0,11,28,1,25,4,0
1996,1996-10-06,MIA,SEA,0,15,22,1,16,21,1
1996,1996-10-06,MIN,CAR,3,14,12,1,14,3,1
1996,1996-10-06,NO,JAX,3,17,13,1,28,12,1
1996,1996-10-06,NYJ,LV,0,13,34,1,30,19,0
1996,1996-10-07,KC,PIT,0,7,17,1,11,6,0
1996,1996-10-13,ATL,TEN,0,13,23,1,29,15,0
1996,1996-10-13,BUF,MIA,0,7,21,1,7,16,1
1996,1996-10-13,CAR,LAR,3,45,13,1,3,25,0
1996,1996-10-13,DAL,ARI,3,17,3,1,8,22,0
1996,1996-10-13,IND,BAL,3,26,21,1,13,27,0
1996,1996-10-13,JAX,NYJ,3,21,17,1,12,30,0
1996,1996-10-13,LV,DET,3,37,21,1,19,26,0
1996,1996-10-13,NE,WAS,0,22,27,1,5,10,1
1996,1996-10-13,NO,CHI,3,27,24,1,28,20,1
1996,1996-10-13,NYG,PHI,0,10,19,1,23,9,0
1996,1996-10-13,PIT,CIN,3,20,10,1,6,17,0
1996,1996-10-13,TB,MIN,3,24,13,1,24,14,1
1996,1996-10-14,GB,SF,3,23,20,1,1,4,0
1996,1996-10-17,KC,SEA,3,34,16,1,11,21,0
1996,1996-10-20,ARI,TB,3,13,9,1,22,24,0
1996,1996-10-20,CAR,NO,3,19,7,1,3,28,0
1996,1996-10-20,DAL,ATL,3,32,28,1,8,29,0
1996,1996-10-20,DEN,BAL,3,45,34,1,2,27,0
1996,1996-10-20,IND,NE,0,9,27,1,13,5,0
1996,1996-10-20,LAR,JAX,3,17,14,1,25,12,1
1996,1996-10-20,NYJ,BUF,0,22,25,1,30,7,0
1996,1996-10-20,PHI,MIA,3,35,28,1,9,16,0
1996,1996-10-20,SF,CIN,3,28,21,1,4,17,0
1996,1996-10-20,TEN,PIT,3,23,13,1,15,6,1
1996,1996-10-20,WAS,NYG,3,31,21,1,10,23,0
1996,1996-10-21,LAC,LV,0,14,23,1,18,19,1
1996,1996-10-27,ARI,NYJ,0,21,31,1,22,30,1
1996,1996-10-27,ATL,PIT,0,17,20,1,29,6,0
1996,1996-10-27,BAL,LAR,3,37,31,1,27,25,1
1996,1996-10-27,CIN,JAX,3,28,21,1,17,12,1
1996,1996-10-27,DEN,KC,3,34,7,1,2,11,0
1996,1996-10-27,DET,NYG,0,7,35,1,26,23,0
1996,1996-10-27,GB,TB,3,13,7,1,1,24,0
1996,1996-10-27,MIA,DAL,0,10,29,1,16,8,0
1996,1996-10-27,NE,BUF,3,28,25,1,5,7,0
1996,1996-10-27,PHI,CAR,3,20,9,1,9,3,1
1996,1996-10-27,SEA,LAC,3,32,13,1,21,18,1
1996,1996-10-27,TEN,SF,0,9,10,1,15,4,0
1996,1996-10-27,WAS,IND,3,31,16,1,10,13,0
1996,1996-10-28,MIN,CHI,0,13,15,1,14,20,1
1996,1996-11-03,ATL,CAR,3,20,17,1,29,3,1
1996,1996-11-03,BAL,CIN,0,21,24,1,27,17,0
1996,1996-11-03,BUF,WAS,3,38,13,1,7,10,0
1996,1996-11-03,CHI,TB,3,13,10,1,20,24,0
1996,1996-11-03,DAL,PHI,0,21,31,1,8,9,1
1996,1996-11-03,GB,DET,3,28,18,1,1,26,0
1996,1996-11-03,IND,LAC,0,19,26,1,13,18,1
1996,1996-11-03,MIN,KC,0,6,21,1,14,11,0
1996,1996-11-03,NE,MIA,3,42,23,1,5,16,0
1996,1996-11-03,NO,SF,0,17,24,1,28,4,0
1996,1996-11-03,NYG,ARI,3,16,8,1,23,22,1
1996,1996-11-03,PIT,LAR,3,42,6,1,6,25,0
1996,1996-11-03,SEA,TEN,3,23,16,1,21,15,1
1996,1996-11-04,LV,DEN,0,21,22,1,19,2,0
1996,1996-11-10,CAR,NYG,3,27,17,1,3,23,0
1996,1996-11-10,CIN,PIT,3,34,24,1,17,6,1
1996,1996-11-10,DEN,CHI,3,17,12,1,2,20,0
1996,1996-11-10,JAX,BAL,3,30,27,1,12,27,0
1996,1996-11-10,KC,GB,3,27,20,1,11,1,1
1996,1996-11-10,LAR,ATL,3,59,16,1,25,29,0
1996,1996-11-10,MIA,IND,3,37,13,1,16,13,1
1996,1996-11-10,NO,TEN,0,14,31,1,28,15,0
1996,1996-11-10,NYJ,NE,0,27,31,1,30,5,0
1996,1996-11-10,PHI,BUF,0,17,24,1,9,7,0
1996,1996-11-10,SEA,MIN,3,42,23,1,21,14,1
1996,1996-11-10,SF,DAL,0,17,20,1,4,8,1
1996,1996-11-10,TB,LV,3,20,17,1,24,19,1
1996,1996-11-10,WAS,ARI,0,34,37,1,10,22,1
1996,1996-11-11,LAC,DET,3,27,21,1,18,26,0
1996,1996-11-17,ARI,NYG,3,31,23,1,22,23,0
1996,1996-11-17,ATL,NO,3,17,15,1,29,28,1
1996,1996-11-17,BUF,CIN,3,31,17,1,7,17,0
1996,1996-11-17,DET,SEA,3,17,16,1,26,21,1
1996,1996-11-17,IND,NYJ,3,34,29,1,13,30,0
1996,1996-11-17,KC,CHI,3,14,10,1,11,20,0
1996,1996-11-17,LAC,TB,0,17,25,1,18,24,1
1996,1996-11-17,LAR,CAR,0,10,20,1,25,3,0
1996,1996-11-17,LV,MIN,0,13,16,1,19,14,0
1996,1996-11-17,NE,DEN,0,8,34,1,5,2,0
1996,1996-11-17,PHI,WAS,0,21,26,1,9,10,1
1996,1996-11-17,PIT,JAX,3,28,3,1,6,12,0
1996,1996-11-17,SF,BAL,3,38,20,1,4,27,0
1996,1996-11-17,TEN,MIA,0,20,23,1,15,16,1
1996,1996-11-18,DAL,GB,3,21,6,1,8,1,1
1996,1996-11-24,ARI,PHI,3,36,30,1,22,9,1
1996,1996-11-24,BAL,JAX,0,25,28,1,27,12,0
1996,1996-11-24,BUF,NYJ,3,35,10,1,7,30,0
1996,1996-11-24,CHI,DET,3,31,14,1,20,26,0
1996,1996-11-24,CIN,ATL,3,41,31,1,17,29,0
1996,1996-11-24,KC,LAC,0,14,28,1,11,18,1
1996,1996-11-24,LAR,GB,0,9,24,1,25,1,0
1996,1996-11-24,MIN,DEN,0,17,21,1,14,2,0
1996,1996-11-24,NE,IND,3,27,13,1,5,13,0
1996,1996-11-24,NYG,DAL,3,20,6,1,23,8,1
1996,1996-11-24,SEA,LV,0,21,27,1,21,19,0
1996,1996-11-24,TB,NO,3,13,7,1,24,28,0
1996,1996-11-24,TEN,CAR,0,6,31,1,15,3,0
1996,1996-11-24,WAS,SF,0,16,19,1,10,4,0
1996,1996-11-25,MIA,PIT,0,17,24,1,16,6,0
1996,1996-11-28,DAL,WAS,3,21,10,1,8,10,0
1996,1996-11-28,DET,KC,0,24,28,1,26,11,0
1996,1996-12-01,BAL,PIT,3,31,17,1,27,6,1
1996,1996-12-01,CAR,TB,3,24,0,1,3,24,0
1996,1996-12-01,DEN,SEA,3,34,7,1,2,21,0
1996,1996-12-01,GB,CHI,3,28,17,1,1,20,0
1996,1996-12-01,IND,BUF,3,13,10,1,13,7,1
1996,1996-12-01,JAX,CIN,3,30,27,1,12,17,0
1996,1996-12-01,LAC,NE,0,7,45,1,18,5,0
1996,1996-12-01,LV,MIA,3,17,7,1,19,16,1
1996,1996-12-01,MIN,ARI,3,41,17,1,14,22,0
1996,1996-12-01,NO,LAR,0,10,26,1,28,25,0
1996,1996-12-01,NYJ,TEN,0,10,35,1,30,15,0
1996,1996-12-01,PHI,NYG,3,24,0,1,9,23,0
1996,1996-12-02,ATL,SF,0,10,34,1,29,4,0
1996,1996-12-05,IND,PHI,3,37,10,1,13,9,1
1996,1996-12-08,ARI,DAL,0,6,10,1,22,8,0
1996,1996-12-08,CHI,LAR,3,35,9,1,20,25,0
1996,1996-12-08,CIN,BAL,3,21,14,1,17,27,0
1996,1996-12-08,DET,MIN,0,22,24,1,26,14,0
1996,1996-12-08,GB,DEN,3,41,6,1,1,2,0
1996,1996-12-08,MIA,NYG,0,7,17,1,16,23,1
1996,1996-12-08,NE,NYJ,3,34,10,1,5,30,0
1996,1996-12-08,NO,ATL,0,15,31,1,28,29,1
1996,1996-12-08,PIT,LAC,3,16,3,1,6,18,0
1996,1996-12-08,SEA,BUF,3,26,18,1,21,7,1
1996,1996-12-08,SF,CAR,0,24,30,1,4,3,0
1996,1996-12-08,TB,WAS,3,24,10,1,24,10,1
1996,1996-12-08,TEN,JAX,0,17,23,1,15,12,0
1996,1996-12-09,LV,KC,3,26,7,1,19,11,1
1996,1996-12-14,CHI,LAC,3,27,14,1,20,18,1
1996,1996-12-14,NYJ,PHI,0,20,21,1,30,9,0
1996,1996-12-15,ARI,WAS,3,27,26,1,22,10,1
1996,1996-12-15,ATL,LAR,0,27,34,1,29,25,0
1996,1996-12-15,CAR,BAL,3,27,16,1,3,27,0
1996,1996-12-15,DAL,NE,3,12,6,1,8,5,1
1996,1996-12-15,DEN,LV,3,24,19,1,2,19,0
1996,1996-12-15,DET,GB,0,3,31,1,26,1,0
1996,1996-12-15,JAX,SEA,3,20,13,1,12,21,0
1996,1996-12-15,KC,IND,0,19,24,1,11,13,1
1996,1996-12-15,MIN,TB,3,21,10,1,14,24,0
1996,1996-12-15,NYG,NO,0,3,17,1,23,28,1
1996,1996-12-15,PIT,SF,0,15,25,1,6,4,0
1996,1996-12-15,TEN,CIN,0,13,21,1,15,17,1
1996,1996-12-16,MIA,BUF,3,16,14,1,16,7,1
1996,1996-12-21,LAR,NO,3,14,13,1,25,28,0
1996,1996-12-21,NYG,NE,0,22,23,1,23,5,0
1996,1996-12-22,BAL,TEN,0,21,24,1,27,15,0
1996,1996-12-22,BUF,KC,3,20,9,1,7,11,0
1996,1996-12-22,CAR,PIT,3,18,14,1,3,6,0
1996,1996-12-22,CIN,IND,3,31,24,1,17,13,1
1996,1996-12-22,GB,MIN,3,38,10,1,1,14,0
1996,1996-12-22,JAX,ATL,3,19,17,1,12,29,0
1996,1996-12-22,LAC,DEN,3,16,10,1,18,2,1
1996,1996-12-22,LV,SEA,0,21,28,1,19,21,1
1996,1996-12-22,NYJ,MIA,0,28,31,1,30,16,0
1996,1996-12-22,PHI,ARI,3,29,19,1,9,22,0
1996,1996-12-22,TB,CHI,3,34,19,1,24,20,1
1996,1996-12-22,WAS,DAL,3,37,10,1,10,8,1
1996,1996-12-23,SF,DET,3,24,14,1,4,26,0
1997,1997-08-31,BAL,JAX,0,27,28,1,20,5,0
1997,1997-08-31,BUF,MIN,0,13,34,1,24,13,0
1997,1997-08-31,CAR,WAS,0,10,24,1,18,14,0
1997,1997-08-31,CIN,ARI,3,24,21,1,19,27,0
1997,1997-08-31,DEN,KC,3,19,3,1,4,1,1
1997,1997-08-31,DET,ATL,3,28,17,1,10,17,0
1997,1997-08-31,LAR,NO,3,38,24,1,25,23,1
1997,1997-08-31,MIA,IND,3,16,10,1,12,30,0
1997,1997-08-31,NE,LAC,3,41,7,1,8,29,0
1997,1997-08-31,NYG,PHI,3,31,17,1,7,21,0
1997,1997-08-31,PIT,DAL,0,7,37,1,6,22,1
1997,1997-08-31,SEA,NYJ,0,3,41,1,16,11,0
1997,1997-08-31,TB,SF,3,13,6,1,9,3,1
1997,1997-08-31,TEN,LV,3,24,21,1,15,26,0
1997,1997-09-01,GB,CHI,3,38,24,1,2,28,0
1997,1997-09-07,ARI,DAL,3,25,22,1,27,22,1
1997,1997-09-07,ATL,CAR,0,6,9,1,17,18,1
1997,1997-09-07,BAL,CIN,3,23,10,1,20,19,1
1997,1997-09-07,CHI,MIN,0,24,27,1,28,13,0
1997,1997-09-07,DET,TB,0,17,24,1,10,9,0
1997,1997-09-07,IND,NE,0,6,31,1,30,8,0
1997,1997-09-07,JAX,NYG,3,40,13,1,5,7,0
1997,1997-09-07,LAR,SF,0,12,15,1,25,3,0
1997,1997-09-07,MIA,TEN,3,16,13,1,12,15,0
1997,1997-09-07,NO,LAC,0,6,20,1,23,29,1
1997,1997-09-07,NYJ,BUF,0,22,28,1,11,24,1
1997,1997-09-07,PHI,GB,3,10,9,1,21,2,1
1997,1997-09-07,PIT,WAS,3,14,13,1,6,14,0
1997,1997-09-07,SEA,DEN,0,14,35,1,16,4,0
1997,1997-09-08,LV,KC,0,27,28,1,26,1,0
1997,1997-09-14,ATL,LV,0,31,36,1,17,26,1
1997,1997-09-14,CHI,DET,0,7,32,1,28,10,0
1997,1997-09-14,DEN,LAR,3,35,14,1,4,25,0
1997,1997-09-14,GB,MIA,3,23,18,1,2,12,0
1997,1997-09-14,IND,SEA,0,3,31,1,30,16,0
1997,1997-09-14,KC,BUF,3,22,16,1,1,24,0
1997,1997-09-14,LAC,CAR,0,7,26,1,29,18,0
1997,1997-09-14,MIN,TB,0,14,28,1,13,9,0
1997,1997-09-14,NE,NYJ,3,27,24,1,8,11,0
1997,1997-09-14,NYG,BAL,0,23,24,1,7,20,1
1997,1997-09-14,SF,NO,3,33,7,1,3,23,0
1997,1997-09-14,WAS,ARI,3,19,13,1,14,27,0
1997,1997-09-15,DAL,PHI,3,21,20,1,22,21,1
1997,1997-09-21,BUF,IND,3,37,35,1,24,30,0
1997,1997-09-21,CAR,KC,0,14,35,1,18,1,0
1997,1997-09-21,DEN,CIN,3,38,20,1,4,19,0
1997,1997-09-21,GB,MIN,3,38,32,1,2,13,0
1997,1997-09-21,LAR,NYG,3,13,3,1,25,7,1
1997,1997-09-21,NE,CHI,3,31,3,1,8,28,0
1997,1997-09-21,NO,DET,3,35,17,1,23,10,1
1997,1997-09-21,NYJ,LV,3,23,22,1,11,26,0
1997,1997-09-21,SEA,LAC,3,26,22,1,16,29,0
1997,1997-09-21,SF,ATL,3,34,7,1,3,17,0
1997,1997-09-21,TB,MIA,3,31,21,1,9,12,0
1997,1997-09-21,TEN,BAL,0,10,36,1,15,20,1
1997,1997-09-22,JAX,PIT,3,30,21,1,5,6,0
1997,1997-09-28,ATL,DEN,0,21,29,1,17,4,0
1997,1997-09-28,CIN,NYJ,0,14,31,1,19,11,0
1997,1997-09-28,DAL,CHI,3,27,3,1,22,28,0
1997,1997-09-28,DET,GB,3,26,15,1,10,2,1
1997,1997-09-28,KC,SEA,3,20,17,1,1,16,0
1997,1997-09-28,LAC,BAL,3,21,17,1,29,20,1
1997,1997-09-28,LV,LAR,3,35,17,1,26,25,1
1997,1997-09-28,MIN,PHI,3,28,19,1,13,21,0
1997,1997-09-28,NYG,NO,3,14,9,1,7,23,0
1997,1997-09-28,PIT,TEN,3,37,24,1,6,15,0
1997,1997-09-28,TB,ARI,3,19,18,1,9,27,0
1997,1997-09-28,WAS,JAX,3,24,12,1,14,5,1
1997,1997-09-29,CAR,SF,0,21,34,1,18,3,0
1997,1997-10-05,ARI,MIN,0,19,20,1,27,13,0
1997,1997-10-05,BAL,PIT,0,34,42,1,20,6,0
1997,1997-10-05,BUF,DET,3,22,13,1,24,10,1
1997,1997-10-05,CHI,NO,0,17,20,1,28,23,0
1997,1997-10-05,GB,TB,3,21,16,1,2,9,0
1997,1997-10-05,IND,NYJ,0,12,16,1,30,11,0
1997,1997-10-05,JAX,CIN,3,21,13,1,5,19,0
1997,1997-10-05,LV,LAC,0,10,25,1,26,29,1
1997,1997-10-05,MIA,KC,3,17,14,1,12,1,1
1997,1997-10-05,NYG,DAL,3,20,17,1,7,22,0
1997,1997-10-05,PHI,WAS,3,24,10,1,21,14,1
1997,1997-10-05,SEA,TEN,3,16,13,1,16,15,1
1997,1997-10-06,DEN,NE,3,34,13,1,4,8,0
1997,1997-10-12,ARI,NYG,0,13,27,1,27,7,0
1997,1997-10-12,CHI,GB,0,23,24,1,28,2,0
1997,1997-10-12,JAX,PHI,3,38,21,1,5,21,0
1997,1997-10-12,MIN,CAR,3,21,14,1,13,18,0
1997,1997-10-12,NE,BUF,3,33,6,1,8,24,0
1997,1997-10-12,NO,ATL,0,17,23,1,23,17,0
1997,1997-10-12,NYJ,MIA,0,20,31,1,11,12,1
1997,1997-10-12,PIT,IND,3,24,22,1,6,30,0
1997,1997-10-12,SF,LAR,3,30,10,1,3,25,0
1997,1997-10-12,TB,DET,0,9,27,1,9,10,1
1997,1997-10-12,TEN,CIN,3,30,7,1,15,19,0
1997,1997-10-13,WAS,DAL,3,21,16,1,14,22,0
1997,1997-10-16,KC,LAC,3,31,3,1,1,29,0
1997,1997-10-19,ATL,SF,0,28,35,1,17,3,0
1997,1997-10-19,BAL,MIA,0,13,24,1,20,12,0
1997,1997-10-19,CIN,PIT,0,10,26,1,19,6,0
1997,1997-10-19,DAL,JAX,3,26,22,1,22,5,1
1997,1997-10-19,DET,NYG,0,20,26,1,10,7,0
1997,1997-10-19,LAR,SEA,0,9,17,1,25,16,0
1997,1997-10-19,LV,DEN,3,28,25,1,26,4,1
1997,1997-10-19,NO,CAR,0,0,13,1,23,18,0
1997,1997-10-19,NYJ,NE,3,24,19,1,11,8,1
1997,1997-10-19,PHI,ARI,3,13,10,1,21,27,0
1997,1997-10-19,TEN,WAS,3,28,14,1,15,14,1
1997,1997-10-20,IND,BUF,0,6,9,1,30,24,0
1997,1997-10-26,ARI,TEN,0,14,41,1,27,15,0
1997,1997-10-26,BUF,DEN,0,20,23,1,24,4,0
1997,1997-10-26,CAR,ATL,3,21,12,1,18,17,1
1997,1997-10-26,LAC,IND,3,35,19,1,29,30,0
1997,1997-10-26,LAR,KC,0,20,28,1,25,1,0
1997,1997-10-26,NO,SF,0,0,23,1,23,3,0
1997,1997-10-26,NYG,CIN,3,29,27,1,7,19,0
1997,1997-10-26,PHI,DAL,3,13,12,1,21,22,0
1997,1997-10-26,PIT,JAX,3,23,17,1,6,5,1
1997,1997-10-26,SEA,LV,3,45,34,1,16,26,0
1997,1997-10-26,TB,MIN,0,6,10,1,9,13,1
1997,1997-10-26,WAS,BAL,0,17,20,1,14,20,1
1997,1997-10-27,MIA,CHI,0,33,36,1,12,28,1
1997,1997-10-27,NE,GB,0,10,28,1,8,2,0
1997,1997-11-02,ARI,PHI,3,31,21,1,27,21,1
1997,1997-11-02,ATL,LAR,3,34,31,1,17,25,0
1997,1997-11-02,BUF,MIA,3,9,6,1,24,12,1
1997,1997-11-02,CAR,LV,3,38,14,1,18,26,0
1997,1997-11-02,CHI,WAS,0,8,31,1,28,14,0
1997,1997-11-02,CIN,LAC,3,38,31,1,19,29,0
1997,1997-11-02,DEN,SEA,3,30,27,1,4,16,0
1997,1997-11-02,GB,DET,3,20,10,1,2,10,0
1997,1997-11-02,IND,TB,0,28,31,1,30,9,0
1997,1997-11-02,MIN,NE,3,23,18,1,13,8,1
1997,1997-11-02,NYJ,BAL,3,19,16,1,11,20,0
1997,1997-11-02,SF,DAL,3,17,10,1,3,22,0
1997,1997-11-02,TEN,JAX,0,24,30,1,15,5,0
1997,1997-11-03,KC,PIT,3,13,10,1,1,6,0
1997,1997-11-09,ATL,TB,0,10,31,1,17,9,0
1997,1997-11-09,BUF,NE,0,10,31,1,24,8,0
1997,1997-11-09,DAL,ARI,3,24,6,1,22,27,0
1997,1997-11-09,DEN,CAR,3,34,0,1,4,18,0
1997,1997-11-09,GB,LAR,3,17,7,1,2,25,0
1997,1997-11-09,IND,CIN,0,13,28,1,30,19,0
1997,1997-11-09,JAX,KC,3,24,10,1,5,1,1
1997,1997-11-09,LAC,SEA,0,31,37,1,29,16,0
1997,1997-11-09,LV,NO,0,10,13,1,26,23,0
1997,1997-11-09,MIA,NYJ,3,24,17,1,12,11,1
1997,1997-11-09,MIN,CHI,3,29,22,1,13,28,0
1997,1997-11-09,PIT,BAL,3,37,0,1,6,20,0
1997,1997-11-09,TEN,NYG,3,10,6,1,15,7,1
1997,1997-11-09,WAS,DET,3,30,7,1,14,10,1
1997,1997-11-10,PHI,SF,0,12,24,1,21,3,0
1997,1997-11-16,BAL,PHI,1,10,10,1,20,21,0
1997,1997-11-16,CHI,NYJ,0,15,23,1,28,11,0
1997,1997-11-16,DAL,WAS,3,17,14,1,22,14,1
1997,1997-11-16,DET,MIN,3,38,15,1,10,13,0
1997,1997-11-16,IND,GB,3,41,38,1,30,2,1
1997,1997-11-16,JAX,TEN,3,17,9,1,5,15,0
1997,1997-11-16,KC,DEN,3,24,22,1,1,4,0
1997,1997-11-16,LAC,LV,0,13,38,1,29,26,0
1997,1997-11-16,LAR,ATL,0,21,27,1,25,17,0
1997,1997-11-16,NO,SEA,3,20,17,1,23,16,1
1997,1997-11-16,NYG,ARI,3,19,10,1,7,27,0
1997,1997-11-16,PIT,CIN,3,20,3,1,6,19,0
1997,1997-11-16,SF,CAR,3,27,19,1,3,18,0
1997,1997-11-16,TB,NE,3,27,7,1,9,8,1
1997,1997-11-17,MIA,BUF,3,30,13,1,12,24,0
1997,1997-11-23,ATL,NO,3,20,3,1,17,23,0
1997,1997-11-23,BAL,ARI,0,13,16,1,20,27,1
1997,1997-11-23,CHI,TB,3,13,7,1,28,9,1
1997,1997-11-23,CIN,JAX,3,31,26,1,19,5,1
1997,1997-11-23,DET,IND,3,32,10,1,10,30,0
1997,1997-11-23,GB,DAL,3,45,17,1,2,22,0
1997,1997-11-23,LAR,CAR,0,10,16,1,25,18,0
1997,1997-11-23,NE,MIA,3,27,24,1,8,12,0
1997,1997-11-23,NYJ,MIN,3,23,21,1,11,13,0
1997,1997-11-23,PHI,PIT,3,23,20,1,21,6,1
1997,1997-11-23,SEA,KC,0,14,19,1,16,1,0
1997,1997-11-23,SF,LAC,3,17,10,1,3,29,0
1997,1997-11-23,TEN,BUF,3,31,14,1,15,24,0
1997,1997-11-23,WAS,NYG,1,7,7,1,14,7,0
1997,1997-11-24,DEN,LV,3,31,3,1,4,26,0
1997,1997-11-27,DAL,TEN,0,14,27,1,22,15,0
1997,1997-11-27,DET,CHI,3,55,20,1,10,28,0
1997,1997-11-30,ARI,PIT,0,20,26,1,27,6,0
1997,1997-11-30,BUF,NYJ,3,20,10,1,24,11,1
1997,1997-11-30,CAR,NO,0,13,16,1,18,23,1
1997,1997-11-30,JAX,BAL,3,29,27,1,5,20,0
1997,1997-11-30,KC,SF,3,44,9,1,1,3,0
1997,1997-11-30,LAC,DEN,0,28,38,1,29,4,0
1997,1997-11-30,LV,MIA,0,16,34,1,26,12,0
1997,1997-11-30,NE,IND,3,20,17,1,8,30,0
1997,1997-11-30,NYG,TB,0,8,20,1,7,9,1
1997,1997-11-30,PHI,CIN,3,44,42,1,21,19,1
1997,1997-11-30,SEA,ATL,0,17,24,1,16,17,1
1997,1997-11-30,WAS,LAR,0,20,23,1,14,25,1
1997,1997-12-01,MIN,GB,0,11,27,1,13,2,0
1997,1997-12-04,CIN,TEN,3,41,14,1,19,15,1
1997,1997-12-07,ARI,WAS,0,28,38,1,27,14,0
1997,1997-12-07,BAL,SEA,3,31,24,1,20,16,1
1997,1997-12-07,CHI,BUF,3,20,3,1,28,24,1
1997,1997-12-07,JAX,NE,0,20,26,1,5,8,1
1997,1997-12-07,KC,LV,3,30,0,1,1,26,0
1997,1997-12-07,LAC,ATL,0,3,14,1,29,17,0
1997,1997-12-07,MIA,DET,3,33,30,1,12,10,1
1997,1997-12-07,NO,LAR,0,27,34,1,23,25,1
1997,1997-12-07,NYJ,IND,0,14,22,1,11,30,1
1997,1997-12-07,PHI,NYG,0,21,31,1,21,7,0
1997,1997-12-07,PIT,DEN,3,35,24,1,6,4,1
1997,1997-12-07,SF,MIN,3,28,17,1,3,13,0
1997,1997-12-07,TB,GB,0,6,17,1,9,2,0
1997,1997-12-08,DAL,CAR,0,13,23,1,22,18,0
1997,1997-12-13,NE,PIT,0,21,24,1,8,6,0
1997,1997-12-13,NYG,WAS,3,30,10,1,7,14,0
1997,1997-12-14,ATL,PHI,3,20,17,1,17,21,0
1997,1997-12-14,BAL,TEN,3,21,19,1,20,15,1
1997,1997-12-14,BUF,JAX,0,14,20,1,24,5,0
1997,1997-12-14,CAR,GB,0,10,31,1,18,2,0
1997,1997-12-14,CIN,DAL,3,31,24,1,19,22,0
1997,1997-12-14,IND,MIA,3,41,0,1,30,12,1
1997,1997-12-14,LAC,KC,0,7,29,1,29,1,0
1997,1997-12-14,LAR,CHI,0,10,13,1,25,28,1
1997,1997-12-14,LV,SEA,0,21,22,1,26,16,0
1997,1997-12-14,MIN,DET,0,13,14,1,13,10,0
1997,1997-12-14,NO,ARI,3,27,10,1,23,27,0
1997,1997-12-14,NYJ,TB,3,31,0,1,11,9,1
1997,1997-12-15,SF,DEN,3,34,17,1,3,4,0
1997,1997-12-20,CAR,LAR,0,18,30,1,18,25,1
1997,1997-12-20,GB,BUF,3,31,21,1,2,24,0
1997,1997-12-21,ARI,ATL,3,29,26,1,27,17,1
1997,1997-12-21,CIN,BAL,3,16,14,1,19,20,0
1997,1997-12-21,DAL,NYG,0,7,20,1,22,7,0
1997,1997-12-21,DEN,LAC,3,38,3,1,4,29,0
1997,1997-12-21,DET,NYJ,3,13,10,1,10,11,0
1997,1997-12-21,KC,NO,3,25,13,1,1,23,0
1997,1997-12-21,LV,JAX,0,9,20,1,26,5,0
1997,1997-12-21,MIN,IND,3,39,28,1,13,30,0
1997,1997-12-21,SEA,SF,3,38,9,1,16,3,1
1997,1997-12-21,TB,CHI,3,31,15,1,9,28,0
1997,1997-12-21,TEN,PIT,3,16,6,1,15,6,1
1997,1997-12-21,WAS,PHI,3,35,32,1,14,21,0
1997,1997-12-22,MIA,NE,0,12,14,1,12,8,0
1998,1998-09-06,BAL,PIT,0,13,20,1,21,19,0
1998,1998-09-06,CAR,ATL,0,14,19,1,25,3,0
1998,1998-09-06,CHI,JAX,0,23,24,1,26,7,0
1998,1998-09-06,CIN,TEN,0,14,23,1,30,15,0
1998,1998-09-06,DAL,ARI,3,38,10,1,8,12,0
1998,1998-09-06,GB,DET,3,38,19,1,6,23,0
1998,1998-09-06,IND,MIA,0,15,24,1,28,10,0
1998,1998-09-06,KC,LV,3,28,8,1,18,17,1
1998,1998-09-06,LAC,BUF,3,16,14,1,24,9,1
1998,1998-09-06,LAR,NO,0,17,24,1,27,20,0
1998,1998-09-06,MIN,TB,3,31,7,1,1,14,0
1998,1998-09-06,NYG,WAS,3,31,24,1,16,22,0
1998,1998-09-06,PHI,SEA,0,0,38,1,29,13,0
1998,1998-09-06,SF,NYJ,3,36,30,1,4,5,0
1998,1998-09-07,DEN,NE,3,27,21,1,2,11,0
1998,1998-09-13,ATL,PHI,3,17,12,1,3,29,0
1998,1998-09-13,DEN,DAL,3,42,23,1,2,8,0
1998,1998-09-13,DET,CIN,0,28,34,1,23,30,1
1998,1998-09-13,GB,TB,3,23,15,1,6,14,0
1998,1998-09-13,JAX,KC,3,21,16,1,7,18,0
1998,1998-09-13,LAR,MIN,0,31,38,1,27,1,0
1998,1998-09-13,LV,NYG,3,20,17,1,17,16,1
1998,1998-09-13,MIA,BUF,3,13,7,1,10,9,1
1998,1998-09-13,NE,IND,3,29,6,1,11,28,0
1998,1998-09-13,NO,CAR,3,19,14,1,20,25,0
1998,1998-09-13,NYJ,BAL,0,10,24,1,5,21,1
1998,1998-09-13,PIT,CHI,3,17,12,1,19,26,0
1998,1998-09-13,SEA,ARI,3,33,14,1,13,12,1
1998,1998-09-13,TEN,LAC,0,7,13,1,15,24,1
1998,1998-09-14,WAS,SF,0,10,45,1,22,4,0
1998,1998-09-20,ARI,PHI,3,17,3,1,12,29,0
1998,1998-09-20,BUF,LAR,0,33,34,1,9,27,1
1998,1998-09-20,CIN,GB,0,6,13,1,30,6,0
1998,1998-09-20,JAX,BAL,3,24,10,1,7,21,0
1998,1998-09-20,KC,LAC,3,23,7,1,18,24,0
1998,1998-09-20,LV,DEN,0,17,34,1,17,2,0
1998,1998-09-20,MIA,PIT,3,21,0,1,10,19,0
1998,1998-09-20,MIN,DET,3,29,6,1,1,23,0
1998,1998-09-20,NE,TEN,3,27,16,1,11,15,0
1998,1998-09-20,NYJ,IND,3,44,6,1,5,28,0
1998,1998-09-20,SEA,WAS,3,24,14,1,13,22,0
1998,1998-09-20,TB,CHI,3,27,15,1,14,26,0
1998,1998-09-21,NYG,DAL,0,7,31,1,16,8,0
1998,1998-09-27,BAL,CIN,3,31,24,1,21,30,0
1998,1998-09-27,CAR,GB,0,30,37,1,25,6,0
1998,1998-09-27,CHI,MIN,0,28,31,1,26,1,0
1998,1998-09-27,DAL,LV,0,12,13,1,8,17,1
1998,1998-09-27,IND,NO,0,13,19,1,28,20,0
1998,1998-09-27,LAC,NYG,0,16,34,1,24,16,0
1998,1998-09-27,LAR,ARI,0,17,20,1,27,12,0
1998,1998-09-27,PHI,KC,0,21,24,1,29,18,0
1998,1998-09-27,PIT,SEA,3,13,10,1,19,13,1
1998,1998-09-27,SF,ATL,3,31,20,1,4,3,1
1998,1998-09-27,TEN,JAX,0,22,27,1,15,7,0
1998,1998-09-27,WAS,DEN,0,16,38,1,22,2,0
1998,1998-09-28,DET,TB,3,27,6,1,23,14,1
1998,1998-10-04,ARI,LV,0,20,23,1,12,17,1
1998,1998-10-04,ATL,CAR,3,51,23,1,3,25,0
1998,1998-10-04,BUF,SF,3,26,21,1,9,4,1
1998,1998-10-04,CHI,DET,3,31,27,1,26,23,1
1998,1998-10-04,DEN,PHI,3,41,16,1,2,29,0
1998,1998-10-04,IND,LAC,3,17,12,1,28,24,1
1998,1998-10-04,KC,SEA,3,17,6,1,18,13,1
1998,1998-10-04,NO,NE,0,27,30,1,20,11,0
1998,1998-10-04,NYJ,MIA,3,20,9,1,5,10,0
1998,1998-10-04,TB,NYG,3,20,3,1,14,16,0
1998,1998-10-04,WAS,DAL,0,10,31,1,22,8,0
1998,1998-10-05,GB,MIN,0,24,37,1,6,1,0
1998,1998-10-11,ARI,CHI,3,20,7,1,12,26,0
1998,1998-10-11,BAL,TEN,0,8,12,1,21,15,0
1998,1998-10-11,CIN,PIT,3,25,20,1,30,19,1
1998,1998-10-11,DAL,CAR,3,27,20,1,8,25,0
1998,1998-10-11,IND,BUF,0,24,31,1,28,9,0
1998,1998-10-11,LAR,NYJ,3,30,10,1,27,5,1
1998,1998-10-11,LV,LAC,3,7,6,1,17,24,0
1998,1998-10-11,NE,KC,3,40,10,1,11,18,0
1998,1998-10-11,NO,SF,0,0,31,1,20,4,0
1998,1998-10-11,NYG,ATL,0,20,34,1,16,3,0
1998,1998-10-11,PHI,WAS,3,17,12,1,29,22,1
1998,1998-10-11,SEA,DEN,0,16,21,1,13,2,0
1998,1998-10-12,JAX,MIA,3,28,21,1,7,10,0
1998,1998-10-15,DET,GB,3,27,20,1,23,6,1
1998,1998-10-18,ATL,NO,3,31,23,1,3,20,0
1998,1998-10-18,BUF,JAX,3,17,16,1,9,7,1
1998,1998-10-18,CHI,DAL,3,13,12,1,26,8,1
1998,1998-10-18,LAC,PHI,3,13,10,1,24,29,0
1998,1998-10-18,MIA,LAR,3,14,0,1,10,27,0
1998,1998-10-18,MIN,WAS,3,41,7,1,1,22,0
1998,1998-10-18,NYG,ARI,3,34,7,1,16,12,1
1998,1998-10-18,PIT,BAL,3,16,6,1,19,21,0
1998,1998-10-18,SF,IND,3,34,31,1,4,28,0
1998,1998-10-18,TB,CAR,3,16,13,1,14,25,0
1998,1998-10-18,TEN,CIN,3,44,14,1,15,30,0
1998,1998-10-19,NE,NYJ,0,14,24,1,11,5,0
1998,1998-10-25,CAR,BUF,0,14,30,1,25,9,0
1998,1998-10-25,DEN,JAX,3,37,24,1,2,7,0
1998,1998-10-25,DET,MIN,0,13,34,1,23,1,0
1998,1998-10-25,GB,BAL,3,28,10,1,6,21,0
1998,1998-10-25,LAC,SEA,0,20,27,1,24,13,0
1998,1998-10-25,LAR,SF,0,10,28,1,27,4,0
1998,1998-10-25,LV,CIN,3,27,10,1,17,30,0
1998,1998-10-25,MIA,NE,3,12,9,1,10,11,0
1998,1998-10-25,NO,TB,3,9,3,1,20,14,1
1998,1998-10-25,NYJ,ATL,3,28,3,1,5,3,1
1998,1998-10-25,TEN,CHI,0,20,23,1,15,26,1
1998,1998-10-26,KC,PIT,0,13,20,1,18,19,1
1998,1998-11-01,ATL,LAR,3,37,15,1,3,27,0
1998,1998-11-01,BAL,JAX,0,19,45,1,21,7,0
1998,1998-11-01,BUF,MIA,3,30,24,1,9,10,0
1998,1998-11-01,CAR,NO,3,31,17,1,25,20,1
1998,1998-11-01,CIN,DEN,0,26,33,1,30,2,0
1998,1998-11-01,DET,ARI,0,15,17,1,23,12,0
1998,1998-11-01,GB,SF,3,36,22,1,6,4,1
1998,1998-11-01,IND,NE,0,16,21,1,28,11,0
1998,1998-11-01,KC,NYJ,0,17,20,1,18,5,0
1998,1998-11-01,PIT,TEN,0,31,41,1,19,15,0
1998,1998-11-01,SEA,LV,0,18,31,1,13,17,1
1998,1998-11-01,TB,MIN,3,27,24,1,14,1,1
1998,1998-11-01,WAS,NYG,3,21,14,1,22,16,1
1998,1998-11-02,PHI,DAL,0,0,34,1,29,8,0
1998,1998-11-08,ARI,WAS,3,29,27,1,12,22,0
1998,1998-11-08,BAL,LV,3,13,10,1,21,17,1
1998,1998-11-08,CHI,LAR,0,12,20,1,26,27,1
1998,1998-11-08,DAL,NYG,3,16,6,1,8,16,0
1998,1998-11-08,DEN,LAC,3,27,10,1,2,24,0
1998,1998-11-08,JAX,CIN,3,24,11,1,7,30,0
1998,1998-11-08,MIA,IND,3,27,14,1,10,28,0
1998,1998-11-08,MIN,NO,3,31,24,1,1,20,0
1998,1998-11-08,NE,ATL,0,10,41,1,11,3,0
1998,1998-11-08,NYJ,BUF,3,34,12,1,5,9,0
1998,1998-11-08,PHI,DET,3,10,9,1,29,23,1
1998,1998-11-08,SEA,KC,3,24,12,1,13,18,0
1998,1998-11-08,SF,CAR,3,25,23,1,4,25,0
1998,1998-11-08,TB,TEN,0,22,31,1,14,15,1
1998,1998-11-09,PIT,GB,3,27,20,1,19,6,1
1998,1998-11-15,ARI,DAL,0,28,35,1,12,8,0
1998,1998-11-15,ATL,SF,3,31,19,1,3,4,0
1998,1998-11-15,BUF,NE,3,13,10,1,9,11,0
1998,1998-11-15,CAR,MIA,0,9,13,1,25,10,0
1998,1998-11-15,DET,CHI,3,26,3,1,23,26,0
1998,1998-11-15,IND,NYJ,3,24,23,1,28,5,1
1998,1998-11-15,JAX,TB,3,29,24,1,7,14,0
1998,1998-11-15,LAC,BAL,3,14,13,1,24,21,1
1998,1998-11-15,LV,SEA,3,20,17,1,17,13,1
1998,1998-11-15,MIN,CIN,3,24,3,1,1,30,0
1998,1998-11-15,NO,LAR,3,24,3,1,20,27,0
1998,1998-11-15,NYG,GB,0,3,37,1,16,6,0
1998,1998-11-15,TEN,PIT,3,23,14,1,15,19,0
1998,1998-11-15,WAS,PHI,3,28,3,1,22,29,0
1998,1998-11-16,KC,DEN,0,7,30,1,18,2,0
1998,1998-11-22,ATL,CHI,3,20,13,1,3,26,0
1998,1998-11-22,BUF,IND,3,34,11,1,9,28,0
1998,1998-11-22,CIN,BAL,0,13,20,1,30,21,0
1998,1998-11-22,DAL,SEA,3,30,22,1,8,13,0
1998,1998-11-22,DEN,LV,3,40,14,1,2,17,0
1998,1998-11-22,LAC,KC,3,38,37,1,24,18,1
1998,1998-11-22,LAR,CAR,0,20,24,1,27,25,0
1998,1998-11-22,MIN,GB,3,28,14,1,1,6,0
1998,1998-11-22,NYG,PHI,3,20,0,1,16,29,0
1998,1998-11-22,PIT,JAX,3,30,15,1,19,7,1
1998,1998-11-22,SF,NO,3,31,20,1,4,20,0
1998,1998-11-22,TB,DET,0,25,28,1,14,23,1
1998,1998-11-22,TEN,NYJ,0,3,24,1,15,5,0
1998,1998-11-22,WAS,ARI,0,42,45,1,22,12,0
1998,1998-11-23,NE,MIA,3,26,23,1,11,10,1
1998,1998-11-26,DAL,MIN,0,36,46,1,8,1,0
1998,1998-11-26,DET,PIT,3,19,16,1,23,19,1
1998,1998-11-29,BAL,IND,3,38,31,1,21,28,0
1998,1998-11-29,CHI,TB,0,17,31,1,26,14,0
1998,1998-11-29,CIN,JAX,0,17,34,1,30,7,0
1998,1998-11-29,GB,PHI,3,24,16,1,6,29,0
1998,1998-11-29,KC,ARI,3,34,24,1,18,12,1
1998,1998-11-29,LAC,DEN,0,16,31,1,24,2,0
1998,1998-11-29,LAR,ATL,0,10,21,1,27,3,0
1998,1998-11-29,LV,WAS,0,19,29,1,17,22,1
1998,1998-11-29,MIA,NO,3,30,10,1,10,20,0
1998,1998-11-29,NE,BUF,3,25,21,1,11,9,1
1998,1998-11-29,NYJ,CAR,3,48,21,1,5,25,0
1998,1998-11-29,SEA,TEN,3,20,18,1,13,15,0
1998,1998-11-30,SF,NYG,3,31,7,1,4,16,0
1998,1998-12-03,PHI,LAR,3,17,14,1,29,27,1
1998,1998-12-06,ARI,NYG,0,19,23,1,12,16,1
1998,1998-12-06,ATL,IND,3,28,21,1,3,28,0
1998,1998-12-06,CAR,SF,0,28,31,1,25,4,0
1998,1998-12-06,CIN,BUF,0,20,33,1,30,9,0
1998,1998-12-06,DEN,KC,3,35,31,1,2,18,0
1998,1998-12-06,JAX,DET,3,37,22,1,7,23,0
1998,1998-12-06,LV,MIA,0,17,27,1,17,10,0
1998,1998-12-06,MIN,CHI,3,48,22,1,1,26,0
1998,1998-12-06,NO,DAL,3,22,3,1,20,8,1
1998,1998-12-06,NYJ,SEA,3,32,31,1,5,13,0
1998,1998-12-06,PIT,NE,0,9,23,1,19,11,0
1998,1998-12-06,TEN,BAL,3,16,14,1,15,21,0
1998,1998-12-06,WAS,LAC,3,24,20,1,22,24,0
1998,1998-12-07,TB,GB,3,24,22,1,14,6,1
1998,1998-12-13,BAL,MIN,0,28,38,1,21,1,0
1998,1998-12-13,BUF,LV,3,44,21,1,9,17,0
1998,1998-12-13,CAR,WAS,0,25,28,1,25,22,0
1998,1998-12-13,GB,CHI,3,26,20,1,6,26,0
1998,1998-12-13,IND,CIN,3,39,26,1,28,30,0
1998,1998-12-13,JAX,TEN,0,13,16,1,7,15,1
1998,1998-12-13,KC,DAL,3,20,17,1,18,8,1
1998,1998-12-13,LAR,NE,3,32,18,1,27,11,1
1998,1998-12-13,MIA,NYJ,0,16,21,1,10,5,0
1998,1998-12-13,NO,ATL,0,17,27,1,20,3,0
1998,1998-12-13,NYG,DEN,3,20,16,1,16,2,1
1998,1998-12-13,PHI,ARI,0,17,20,1,29,12,0
1998,1998-12-13,SEA,LAC,3,38,17,1,13,24,0
1998,1998-12-13,TB,PIT,3,16,3,1,14,19,0
1998,1998-12-14,SF,DET,3,35,13,1,4,23,0
1998,1998-12-19,BUF,NYJ,0,10,17,1,9,5,0
1998,1998-12-19,WAS,TB,3,20,16,1,22,14,1
1998,1998-12-20,ARI,NO,3,19,17,1,12,20,0
1998,1998-12-20,CAR,LAR,3,20,13,1,25,27,0
1998,1998-12-20,CHI,BAL,3,24,3,1,26,21,1
1998,1998-12-20,DAL,PHI,3,13,9,1,8,29,0
1998,1998-12-20,DET,ATL,0,17,24,1,23,3,0
1998,1998-12-20,GB,TEN,3,30,22,1,6,15,0
1998,1998-12-20,LAC,LV,0,10,17,1,24,17,0
1998,1998-12-20,MIN,JAX,3,50,10,1,1,7,0
1998,1998-12-20,NE,SF,3,24,21,1,11,4,1
1998,1998-12-20,NYG,KC,3,28,7,1,16,18,0
1998,1998-12-20,PIT,CIN,0,24,25,1,19,30,1
1998,1998-12-20,SEA,IND,3,27,23,1,13,28,0
1998,1998-12-21,MIA,DEN,3,31,21,1,10,2,1
1998,1998-12-26,LV,KC,0,24,31,1,17,18,1
1998,1998-12-26,TEN,MIN,0,16,26,1,15,1,0
1998,1998-12-27,ARI,LAC,3,16,13,1,12,24,0
1998,1998-12-27,ATL,MIA,3,38,16,1,3,10,0
1998,1998-12-27,BAL,DET,3,19,10,1,21,23,0
1998,1998-12-27,CHI,GB,0,13,16,1,26,6,0
1998,1998-12-27,CIN,TB,0,0,35,1,30,14,0
1998,1998-12-27,DAL,WAS,3,23,7,1,8,22,0
1998,1998-12-27,DEN,SEA,3,28,21,1,2,13,0
1998,1998-12-27,IND,CAR,0,19,27,1,28,25,0
1998,1998-12-27,NO,BUF,0,33,45,1,20,9,0
1998,1998-12-27,NYJ,NE,3,31,10,1,5,11,0
1998,1998-12-27,PHI,NYG,0,10,20,1,29,16,0
1998,1998-12-27,SF,LAR,3,38,19,1,4,27,0
1998,1998-12-28,JAX,PIT,3,21,3,1,7,19,0
1999,1999-09-12,ATL,MIN,0,14,17,1,27,8,0
1999,1999-09-12,CHI,KC,3,20,17,1,24,9,1
1999,1999-09-12,CLE,PIT,0,0,43,1,31,22,0
1999,1999-09-12,GB,LV,3,28,24,1,16,13,1
1999,1999-09-12,IND,BUF,3,31,14,1,3,5,0
1999,1999-09-12,JAX,SF,3,41,3,1,1,28,0
1999,1999-09-12,LAR,BAL,3,27,10,1,2,14,0
1999,1999-09-12,NO,CAR,3,19,10,1,30,15,1
1999,1999-09-12,NYJ,NE,0,28,30,1,19,17,0
1999,1999-09-12,PHI,ARI,0,24,25,1,26,25,0
1999,1999-09-12,SEA,DET,0,20,28,1,10,18,1
1999,1999-09-12,TB,NYG,0,13,17,1,6,21,1
1999,1999-09-12,TEN,CIN,3,36,35,1,4,29,0
1999,1999-09-12,WAS,DAL,0,35,41,1,7,12,1
1999,1999-09-13,DEN,MIA,0,21,38,1,23,11,0
1999,1999-09-19,BAL,PIT,0,20,23,1,14,22,1
1999,1999-09-19,BUF,NYJ,3,17,3,1,5,19,0
1999,1999-09-19,CAR,JAX,0,20,22,1,15,1,0
1999,1999-09-19,CHI,SEA,0,13,14,1,24,10,0
1999,1999-09-19,CIN,LAC,0,7,34,1,29,20,0
1999,1999-09-19,DET,GB,3,23,15,1,18,16,1
1999,1999-09-19,KC,DEN,3,26,10,1,9,23,0
1999,1999-09-19,MIA,ARI,3,19,16,1,11,25,0
1999,1999-09-19,MIN,LV,0,17,22,1,8,13,1
1999,1999-09-19,NE,IND,3,31,28,1,17,3,1
1999,1999-09-19,NYG,WAS,0,21,50,1,21,7,0
1999,1999-09-19,PHI,TB,0,5,19,1,26,6,0
1999,1999-09-19,SF,NO,3,28,21,1,28,30,0
1999,1999-09-19,TEN,CLE,3,26,9,1,4,31,0
1999,1999-09-20,DAL,ATL,3,24,7,1,12,27,0
1999,1999-09-26,BAL,CLE,3,17,10,1,14,31,0
1999,1999-09-26,BUF,PHI,3,26,0,1,5,26,0
1999,1999-09-26,CAR,CIN,3,27,3,1,15,29,0
1999,1999-09-26,GB,MIN,3,23,20,1,16,8,1
1999,1999-09-26,JAX,TEN,0,19,20,1,1,4,1
1999,1999-09-26,KC,DET,3,31,21,1,9,18,0
1999,1999-09-26,LAC,IND,0,19,27,1,20,3,0
1999,1999-09-26,LAR,ATL,3,35,7,1,2,27,0
1999,1999-09-26,LV,CHI,3,24,17,1,13,24,0
1999,1999-09-26,NE,NYG,3,16,14,1,17,21,0
1999,1999-09-26,NYJ,WAS,0,20,27,1,19,7,0
1999,1999-09-26,PIT,SEA,0,10,29,1,22,10,0
1999,1999-09-26,TB,DEN,3,13,10,1,6,23,0
1999,1999-09-27,ARI,SF,0,10,24,1,25,28,1
1999,1999-10-03,ATL,BAL,0,13,19,1,27,14,0
1999,1999-10-03,CHI,NO,3,14,10,1,24,30,0
1999,1999-10-03,CIN,LAR,0,10,38,1,29,2,0
1999,1999-10-03,CLE,NE,0,7,19,1,31,17,0
1999,1999-10-03,DAL,ARI,3,35,7,1,12,25,0
1999,1999-10-03,DEN,NYJ,0,13,21,1,23,19,0
1999,1999-10-03,LAC,KC,3,21,14,1,20,9,1
1999,1999-10-03,MIN,TB,3,21,14,1,8,6,1
1999,1999-10-03,NYG,PHI,3,16,15,1,21,26,0
1999,1999-10-03,PIT,JAX,0,3,17,1,22,1,0
1999,1999-10-03,SEA,LV,3,22,21,1,10,13,0
1999,1999-10-03,SF,TEN,3,24,22,1,28,4,1
1999,1999-10-03,WAS,CAR,3,38,36,1,7,15,0
1999,1999-10-04,MIA,BUF,0,18,23,1,11,5,0
1999,1999-10-10,ARI,NYG,3,14,3,1,25,21,1
1999,1999-10-10,BUF,PIT,3,24,21,1,5,22,0
1999,1999-10-10,CLE,CIN,0,17,18,1,31,29,0
1999,1999-10-10,DET,LAC,0,10,20,1,18,20,1
1999,1999-10-10,GB,TB,3,26,23,1,16,6,1
1999,1999-10-10,IND,MIA,0,31,34,1,3,11,1
1999,1999-10-10,KC,NE,3,16,14,1,9,17,0
1999,1999-10-10,LAR,SF,3,42,20,1,2,28,0
1999,1999-10-10,LV,DEN,0,13,16,1,13,23,1
1999,1999-10-10,MIN,CHI,0,22,24,1,8,24,1
1999,1999-10-10,NO,ATL,0,17,20,1,30,27,0
1999,1999-10-10,PHI,DAL,3,13,10,1,26,12,1
1999,1999-10-10,TEN,BAL,3,14,11,1,4,14,0
1999,1999-10-11,NYJ,JAX,0,6,16,1,19,1,0
1999,1999-10-17,ARI,WAS,0,10,24,1,25,7,0
1999,1999-10-17,ATL,LAR,0,13,41,1,27,2,0
1999,1999-10-17,BUF,LV,0,14,20,1,5,13,1
1999,1999-10-17,CHI,PHI,0,16,20,1,24,26,1
1999,1999-10-17,CIN,PIT,0,3,17,1,29,22,0
1999,1999-10-17,DEN,GB,3,31,10,1,23,16,1
1999,1999-10-17,DET,MIN,3,25,23,1,18,8,1
1999,1999-10-17,JAX,CLE,3,24,7,1,1,31,0
1999,1999-10-17,LAC,SEA,3,13,10,1,20,10,1
1999,1999-10-17,NE,MIA,0,30,31,1,17,11,0
1999,1999-10-17,NO,TEN,0,21,24,1,30,4,0
1999,1999-10-17,NYJ,IND,0,13,16,1,19,3,0
1999,1999-10-17,SF,CAR,0,29,31,1,28,15,0
1999,1999-10-18,NYG,DAL,3,13,10,1,21,12,1
1999,1999-10-21,BAL,KC,0,8,35,1,14,9,0
1999,1999-10-24,CAR,DET,0,9,24,1,15,18,1
1999,1999-10-24,DAL,WAS,3,38,20,1,12,7,1
1999,1999-10-24,IND,CIN,3,31,10,1,3,29,0
1999,1999-10-24,LAC,GB,0,3,31,1,20,16,0
1999,1999-10-24,LAR,CLE,3,34,3,1,2,31,0
1999,1999-10-24,LV,NYJ,3,24,23,1,13,19,0
1999,1999-10-24,MIA,PHI,3,16,13,1,11,26,0
1999,1999-10-24,MIN,SF,3,40,16,1,8,28,0
1999,1999-10-24,NE,DEN,3,24,23,1,17,23,0
1999,1999-10-24,NYG,NO,3,31,3,1,21,30,0
1999,1999-10-24,SEA,BUF,3,26,16,1,10,5,1
1999,1999-10-24,TB,CHI,3,6,3,1,6,24,0
1999,1999-10-25,PIT,ATL,3,13,9,1,22,27,0
1999,1999-10-31,ARI,NE,0,3,27,1,25,17,0
1999,1999-10-31,ATL,CAR,3,27,20,1,27,15,1
1999,1999-10-31,BAL,BUF,0,10,13,1,14,5,0
1999,1999-10-31,CIN,JAX,0,10,41,1,29,1,0
1999,1999-10-31,DEN,MIN,0,20,23,1,23,8,0
1999,1999-10-31,DET,TB,3,20,3,1,18,6,1
1999,1999-10-31,IND,DAL,3,34,24,1,3,12,0
1999,1999-10-31,KC,LAC,3,34,0,1,9,20,0
1999,1999-10-31,LV,MIA,0,9,16,1,13,11,0
1999,1999-10-31,NO,CLE,0,16,21,1,30,31,1
1999,1999-10-31,PHI,NYG,0,17,23,1,26,21,0
1999,1999-10-31,TEN,LAR,3,24,21,1,4,2,1
1999,1999-10-31,WAS,CHI,3,48,22,1,7,24,0
1999,1999-11-01,GB,SEA,0,7,27,1,16,10,0
1999,1999-11-07,ATL,JAX,0,7,30,1,27,1,0
1999,1999-11-07,CAR,PHI,3,33,7,1,15,26,0
1999,1999-11-07,CLE,BAL,0,9,41,1,31,14,0
1999,1999-11-07,DET,LAR,3,31,27,1,18,2,1
1999,1999-11-07,GB,CHI,0,13,14,1,16,24,1
1999,1999-11-07,IND,KC,3,25,17,1,3,9,0
1999,1999-11-07,LAC,DEN,0,17,33,1,20,23,1
1999,1999-11-07,MIA,TEN,3,17,0,1,11,4,1
1999,1999-11-07,NO,TB,0,16,31,1,30,6,0
1999,1999-11-07,NYJ,ARI,3,12,7,1,19,25,0
1999,1999-11-07,SEA,CIN,3,37,20,1,10,29,0
1999,1999-11-07,SF,PIT,0,6,27,1,28,22,0
1999,1999-11-07,WAS,BUF,0,17,34,1,7,5,0
1999,1999-11-08,MIN,DAL,3,27,17,1,8,12,0
1999,1999-11-14,ARI,DET,3,23,19,1,25,18,1
1999,1999-11-14,BUF,MIA,3,23,3,1,5,11,0
1999,1999-11-14,CHI,MIN,0,24,27,1,24,8,0
1999,1999-11-14,CIN,TEN,0,14,24,1,29,4,0
1999,1999-11-14,DAL,GB,3,27,13,1,12,16,0
1999,1999-11-14,JAX,BAL,3,6,3,1,1,14,0
1999,1999-11-14,LAR,CAR,3,35,10,1,2,15,0
1999,1999-11-14,LV,LAC,3,28,9,1,13,20,0
1999,1999-11-14,NO,SF,3,24,6,1,30,28,1
1999,1999-11-14,NYG,IND,0,19,27,1,21,3,0
1999,1999-11-14,PHI,WAS,3,35,28,1,26,7,1
1999,1999-11-14,PIT,CLE,0,15,16,1,22,31,1
1999,1999-11-14,SEA,DEN,3,20,17,1,10,23,0
1999,1999-11-14,TB,KC,3,17,10,1,6,9,0
1999,1999-11-15,NE,NYJ,0,17,24,1,17,19,1
1999,1999-11-21,ARI,DAL,3,13,9,1,25,12,1
1999,1999-11-21,CIN,BAL,0,31,34,1,29,14,0
1999,1999-11-21,CLE,CAR,0,17,31,1,31,15,0
1999,1999-11-21,GB,DET,3,26,17,1,16,18,0
1999,1999-11-21,JAX,NO,3,41,23,1,1,30,0
1999,1999-11-21,KC,SEA,0,19,31,1,9,10,1
1999,1999-11-21,LAC,CHI,0,20,23,1,20,24,1
1999,1999-11-21,MIA,NE,3,27,17,1,11,17,0
1999,1999-11-21,NYJ,BUF,3,17,7,1,19,5,1
1999,1999-11-21,PHI,IND,0,17,44,1,26,3,0
1999,1999-11-21,SF,LAR,0,7,23,1,28,2,0
1999,1999-11-21,TB,ATL,3,19,10,1,6,27,0
1999,1999-11-21,TEN,PIT,3,16,10,1,4,22,0
1999,1999-11-21,WAS,NYG,3,23,13,1,7,21,0
1999,1999-11-22,DEN,LV,3,27,21,1,23,13,1
1999,1999-11-25,DAL,MIA,3,20,0,1,12,11,1
1999,1999-11-25,DET,CHI,3,21,17,1,18,24,0
1999,1999-11-28,BAL,JAX,0,23,30,1,14,1,0
1999,1999-11-28,BUF,NE,3,17,7,1,5,17,0
1999,1999-11-28,CAR,ATL,3,34,28,1,15,27,0
1999,1999-11-28,CLE,TEN,0,21,33,1,31,4,0
1999,1999-11-28,IND,NYJ,3,13,6,1,3,19,0
1999,1999-11-28,LAR,NO,3,43,12,1,2,30,0
1999,1999-11-28,LV,KC,0,34,37,1,13,9,0
1999,1999-11-28,MIN,LAC,3,35,27,1,8,20,0
1999,1999-11-28,NYG,ARI,0,24,34,1,21,25,1
1999,1999-11-28,PIT,CIN,0,20,27,1,22,29,1
1999,1999-11-28,SEA,TB,0,3,16,1,10,6,0
1999,1999-11-28,WAS,PHI,3,20,17,1,7,26,0
1999,1999-11-29,SF,GB,0,3,20,1,28,16,0
1999,1999-12-02,JAX,PIT,3,20,6,1,1,22,0
1999,1999-12-05,ARI,PHI,3,21,17,1,25,26,0
1999,1999-12-05,ATL,NO,3,35,12,1,27,30,0
1999,1999-12-05,BAL,TEN,3,41,14,1,14,4,1
1999,1999-12-05,CAR,LAR,0,21,34,1,15,2,0
1999,1999-12-05,CHI,GB,0,19,35,1,24,16,0
1999,1999-12-05,CIN,SF,3,44,30,1,29,28,1
1999,1999-12-05,DEN,KC,0,10,16,1,23,9,0
1999,1999-12-05,DET,WAS,3,33,17,1,18,7,1
1999,1999-12-05,LAC,CLE,3,23,10,1,20,31,0
1999,1999-12-05,LV,SEA,3,30,21,1,13,10,1
1999,1999-12-05,MIA,IND,0,34,37,1,11,3,0
1999,1999-12-05,NE,DAL,3,13,6,1,17,12,1
1999,1999-12-05,NYG,NYJ,3,41,28,1,21,19,1
1999,1999-12-06,TB,MIN,3,24,17,1,6,8,0
1999,1999-12-09,TEN,LV,3,21,14,1,4,13,0
1999,1999-12-12,BUF,NYG,0,17,19,1,5,21,1
1999,1999-12-12,CIN,CLE,3,44,28,1,29,31,0
1999,1999-12-12,DAL,PHI,3,20,10,1,12,26,0
1999,1999-12-12,GB,CAR,0,31,33,1,16,15,0
1999,1999-12-12,IND,NE,3,20,15,1,3,17,0
1999,1999-12-12,KC,MIN,3,31,28,1,9,8,1
1999,1999-12-12,NO,LAR,0,14,30,1,30,2,0
1999,1999-12-12,NYJ,MIA,3,28,20,1,19,11,1
1999,1999-12-12,PIT,BAL,0,24,31,1,22,14,0
1999,1999-12-12,SEA,LAC,0,16,19,1,10,20,1
1999,1999-12-12,SF,ATL,3,26,7,1,28,27,1
1999,1999-12-12,TB,DET,3,23,16,1,6,18,0
1999,1999-12-12,WAS,ARI,3,28,3,1,7,25,0
1999,1999-12-13,JAX,DEN,3,27,24,1,1,23,0
1999,1999-12-18,CAR,SF,3,41,24,1,15,28,0
1999,1999-12-18,KC,PIT,3,35,19,1,9,22,0
1999,1999-12-19,ARI,BUF,0,21,31,1,25,5,0
1999,1999-12-19,BAL,NO,3,31,8,1,14,30,0
1999,1999-12-19,CHI,DET,3,28,10,1,24,18,1
1999,1999-12-19,CLE,JAX,0,14,24,1,31,1,0
1999,1999-12-19,DAL,NYJ,0,21,22,1,12,19,1
1999,1999-12-19,DEN,SEA,3,36,30,1,23,10,1
1999,1999-12-19,IND,WAS,3,24,21,1,3,7,0
1999,1999-12-19,LAR,NYG,3,31,10,1,2,21,0
1999,1999-12-19,LV,TB,3,45,0,1,13,6,1
1999,1999-12-19,MIA,LAC,3,12,9,1,11,20,0
1999,1999-12-19,PHI,NE,3,24,9,1,26,17,1
1999,1999-12-19,TEN,ATL,3,30,17,1,4,27,0
1999,1999-12-20,MIN,GB,3,24,20,1,8,16,0
1999,1999-12-24,NO,DAL,3,31,24,1,30,12,1
1999,1999-12-25,DET,DEN,0,7,17,1,18,23,1
1999,1999-12-26,ATL,ARI,3,37,14,1,27,25,1
1999,1999-12-26,BAL,CIN,3,22,0,1,14,29,0
1999,1999-12-26,CLE,IND,0,28,29,1,31,3,0
1999,1999-12-26,LAC,LV,3,23,20,1,20,13,1
1999,1999-12-26,LAR,CHI,3,34,12,1,2,24,0
1999,1999-12-26,NE,BUF,0,10,13,1,17,5,0
1999,1999-12-26,NYG,MIN,0,17,34,1,21,8,0
1999,1999-12-26,PIT,CAR,3,30,20,1,22,15,1
1999,1999-12-26,SEA,KC,3,23,14,1,10,9,1
1999,1999-12-26,SF,WAS,0,20,26,1,28,7,0
1999,1999-12-26,TB,GB,3,29,10,1,6,16,0
1999,1999-12-26,TEN,JAX,3,41,14,1,4,1,1
1999,1999-12-27,MIA,NYJ,0,31,38,1,11,19,1
1999,2000-01-02,BUF,IND,3,31,6,1,5,3,1
1999,2000-01-02,CAR,NO,3,45,13,1,15,30,0
1999,2000-01-02,CHI,TB,0,6,20,1,24,6,0
1999,2000-01-02,DAL,NYG,3,26,18,1,12,21,0
1999,2000-01-02,DEN,LAC,0,6,12,1,23,20,0
1999,2000-01-02,GB,ARI,3,49,24,1,16,25,0
1999,2000-01-02,JAX,CIN,3,24,7,1,1,29,0
1999,2000-01-02,KC,LV,0,38,41,1,9,13,1
1999,2000-01-02,MIN,DET,3,24,17,1,8,18,0
1999,2000-01-02,NE,BAL,3,20,3,1,17,14,1
1999,2000-01-02,NYJ,SEA,3,19,9,1,19,10,1
1999,2000-01-02,PHI,LAR,3,38,31,1,26,2,1
1999,2000-01-02,PIT,TEN,0,36,47,1,22,4,0
1999,2000-01-02,WAS,MIA,3,21,10,1,7,11,0
1999,2000-01-03,ATL,SF,3,34,29,1,27,28,0
2000,2000-09-03,ATL,SF,3,36,28,1,27,22,1
2000,2000-09-03,BUF,TEN,3,16,13,1,18,1,1
2000,2000-09-03,CLE,JAX,0,7,27,1,30,19,0
2000,2000-09-03,DAL,PHI,0,14,41,1,25,6,0
2000,2000-09-03,GB,NYJ,0,16,20,1,14,16,1
2000,2000-09-03,KC,IND,0,14,27,1,20,10,0
2000,2000-09-03,LV,LAC,3,9,6,1,2,31,0
2000,2000-09-03,MIA,SEA,3,23,0,1,7,23,0
2000,2000-09-03,MIN,CHI,3,30,27,1,8,26,0
2000,2000-09-03,NE,TB,0,16,21,1,24,9,0
2000,2000-09-03,NO,DET,0,10,14,1,12,15,1
2000,2000-09-03,NYG,ARI,3,21,16,1,4,29,0
2000,2000-09-03,PIT,BAL,0,0,16,1,13,3,0
2000,2000-09-03,WAS,CAR,3,20,17,1,17,21,0
2000,2000-09-04,LAR,DEN,3,41,36,1,11,5,1
2000,2000-09-10,ARI,DAL,3,32,31,1,29,25,1
2000,2000-09-10,BAL,JAX,3,39,36,1,3,19,0
2000,2000-09-10,BUF,GB,3,27,18,1,18,14,1
2000,2000-09-10,CIN,CLE,0,7,24,1,28,30,1
2000,2000-09-10,DEN,ATL,3,42,14,1,5,27,0
2000,2000-09-10,DET,WAS,3,15,10,1,15,17,0
2000,2000-09-10,IND,LV,0,31,38,1,10,2,0
2000,2000-09-10,LAC,NO,0,27,28,1,31,12,0
2000,2000-09-10,MIN,MIA,3,13,7,1,8,7,1
2000,2000-09-10,PHI,NYG,0,18,33,1,6,4,0
2000,2000-09-10,SEA,LAR,0,34,37,1,23,11,0
2000,2000-09-10,SF,CAR,0,22,38,1,22,21,0
2000,2000-09-10,TB,CHI,3,41,0,1,9,26,0
2000,2000-09-10,TEN,KC,3,17,14,1,1,20,0
2000,2000-09-11,NYJ,NE,3,20,19,1,16,24,0
2000,2000-09-17,CAR,ATL,0,10,15,1,21,27,1
2000,2000-09-17,CHI,NYG,0,7,14,1,26,4,0
2000,2000-09-17,CLE,PIT,3,23,20,1,30,13,1
2000,2000-09-17,DET,TB,0,10,31,1,15,9,0
2000,2000-09-17,GB,PHI,3,6,3,1,14,6,1
2000,2000-09-17,JAX,CIN,3,13,0,1,19,28,0
2000,2000-09-17,KC,LAC,3,42,10,1,20,31,0
2000,2000-09-17,LAR,SF,3,41,24,1,11,22,0
2000,2000-09-17,LV,DEN,0,24,33,1,2,5,1
2000,2000-09-17,MIA,BAL,3,19,6,1,7,3,1
2000,2000-09-17,NE,MIN,0,13,21,1,24,8,0
2000,2000-09-17,NYJ,BUF,3,27,14,1,16,18,0
2000,2000-09-17,SEA,NO,3,20,10,1,23,12,1
2000,2000-09-18,WAS,DAL,0,21,27,1,17,25,1
2000,2000-09-24,ARI,GB,0,3,29,1,29,14,0
2000,2000-09-24,ATL,LAR,0,20,41,1,27,11,0
2000,2000-09-24,BAL,CIN,3,37,0,1,3,28,0
2000,2000-09-24,CHI,DET,0,14,21,1,26,15,0
2000,2000-09-24,DAL,SF,0,24,41,1,25,22,0
2000,2000-09-24,DEN,KC,0,22,23,1,5,20,1
2000,2000-09-24,LAC,SEA,0,12,20,1,31,23,0
2000,2000-09-24,LV,CLE,3,36,10,1,2,30,0
2000,2000-09-24,MIA,NE,3,10,3,1,7,24,0
2000,2000-09-24,NO,PHI,0,7,21,1,12,6,0
2000,2000-09-24,NYG,WAS,0,6,16,1,4,17,1
2000,2000-09-24,PIT,TEN,0,20,23,1,13,1,0
2000,2000-09-24,TB,NYJ,0,17,21,1,9,16,1
2000,2000-09-25,IND,JAX,3,43,14,1,10,19,0
2000,2000-10-01,BUF,IND,0,16,18,1,18,10,0
2000,2000-10-01,CAR,DAL,0,13,16,1,21,25,1
2000,2000-10-01,CIN,MIA,0,16,31,1,28,7,0
2000,2000-10-01,CLE,BAL,0,0,12,1,30,3,0
2000,2000-10-01,DEN,NE,0,19,28,1,5,24,1
2000,2000-10-01,DET,MIN,0,24,31,1,15,8,0
2000,2000-10-01,GB,CHI,0,24,27,1,14,26,1
2000,2000-10-01,JAX,PIT,0,13,24,1,19,13,0
2000,2000-10-01,LAR,LAC,3,57,31,1,11,31,0
2000,2000-10-01,PHI,ATL,3,38,10,1,6,27,0
2000,2000-10-01,SF,ARI,3,27,20,1,22,29,0
2000,2000-10-01,TEN,NYG,3,28,14,1,1,4,0
2000,2000-10-01,WAS,TB,3,20,17,1,17,9,1
2000,2000-10-02,KC,SEA,3,24,17,1,20,23,0
2000,2000-10-08,ARI,CLE,3,29,21,1,29,30,0
2000,2000-10-08,ATL,NYG,0,6,13,1,27,4,0
2000,2000-10-08,CAR,SEA,3,26,3,1,21,23,0
2000,2000-10-08,CHI,NO,0,10,31,1,26,12,0
2000,2000-10-08,CIN,TEN,0,14,23,1,28,1,0
2000,2000-10-08,DET,GB,3,31,24,1,15,14,1
2000,2000-10-08,JAX,BAL,0,10,15,1,19,3,0
2000,2000-10-08,LAC,DEN,0,7,21,1,31,5,0
2000,2000-10-08,MIA,BUF,3,22,13,1,7,18,0
2000,2000-10-08,NE,IND,3,24,16,1,24,10,1
2000,2000-10-08,NYJ,PIT,0,3,20,1,16,13,0
2000,2000-10-08,PHI,WAS,0,14,17,1,6,17,1
2000,2000-10-08,SF,LV,0,28,34,1,22,2,0
2000,2000-10-09,MIN,TB,3,30,23,1,8,9,0
2000,2000-10-15,ARI,PHI,0,14,33,1,29,6,0
2000,2000-10-15,BUF,LAC,3,27,24,1,18,31,0
2000,2000-10-15,CHI,MIN,0,16,28,1,26,8,0
2000,2000-10-15,DEN,CLE,3,44,10,1,5,30,0
2000,2000-10-15,GB,SF,3,31,28,1,14,22,0
2000,2000-10-15,KC,LV,0,17,20,1,20,2,0
2000,2000-10-15,LAR,ATL,3,45,29,1,11,27,0
2000,2000-10-15,NE,NYJ,0,17,34,1,24,16,0
2000,2000-10-15,NO,CAR,3,24,6,1,12,21,0
2000,2000-10-15,NYG,DAL,3,19,14,1,4,25,0
2000,2000-10-15,PIT,CIN,3,15,0,1,13,28,0
2000,2000-10-15,SEA,IND,0,24,37,1,23,10,0
2000,2000-10-15,WAS,BAL,3,10,3,1,17,3,1
2000,2000-10-16,TEN,JAX,3,27,13,1,1,19,0
2000,2000-10-19,TB,DET,0,14,28,1,9,15,1
2000,2000-10-22,ATL,NO,0,19,21,1,27,12,0
2000,2000-10-22,BAL,TEN,0,6,14,1,3,1,0
2000,2000-10-22,CAR,SF,3,34,16,1,21,22,0
2000,2000-10-22,CIN,DEN,3,31,21,1,28,5,1
2000,2000-10-22,DAL,ARI,3,48,7,1,25,29,0
2000,2000-10-22,IND,NE,3,30,23,1,10,24,0
2000,2000-10-22,JAX,WAS,0,16,35,1,19,17,0
2000,2000-10-22,KC,LAR,3,54,34,1,20,11,1
2000,2000-10-22,LV,SEA,3,31,3,1,2,23,0
2000,2000-10-22,MIN,BUF,3,31,27,1,8,18,0
2000,2000-10-22,PHI,CHI,3,13,9,1,6,26,0
2000,2000-10-22,PIT,CLE,3,22,0,1,13,30,0
2000,2000-10-23,NYJ,MIA,3,40,37,1,16,7,1
2000,2000-10-29,ARI,NO,0,10,21,1,29,12,0
2000,2000-10-29,ATL,CAR,3,13,12,1,27,21,1
2000,2000-10-29,BAL,PIT,0,6,9,1,3,13,1
2000,2000-10-29,BUF,NYJ,3,23,20,1,18,16,1
2000,2000-10-29,CLE,CIN,0,3,12,1,30,28,0
2000,2000-10-29,DAL,JAX,0,17,23,1,25,19,0
2000,2000-10-29,IND,DET,3,30,18,1,10,15,0
2000,2000-10-29,LAC,LV,0,13,15,1,31,2,0
2000,2000-10-29,MIA,GB,3,28,20,1,7,14,0
2000,2000-10-29,NYG,PHI,3,24,7,1,4,6,0
2000,2000-10-29,SEA,KC,0,19,24,1,23,20,0
2000,2000-10-29,SF,LAR,0,24,34,1,22,11,0
2000,2000-10-29,TB,MIN,3,41,13,1,9,8,1
2000,2000-10-30,WAS,TEN,0,21,27,1,17,1,0
2000,2000-11-05,ARI,WAS,3,16,15,1,29,17,1
2000,2000-11-05,ATL,TB,0,14,27,1,27,9,0
2000,2000-11-05,CHI,IND,3,27,24,1,26,10,1
2000,2000-11-05,CIN,BAL,0,7,27,1,28,3,0
2000,2000-11-05,CLE,NYG,0,3,24,1,30,4,0
2000,2000-11-05,DET,MIA,0,8,23,1,15,7,0
2000,2000-11-05,LAR,CAR,0,24,27,1,11,21,1
2000,2000-11-05,LV,KC,3,49,31,1,2,20,0
2000,2000-11-05,NE,BUF,0,13,16,1,24,18,0
2000,2000-11-05,NO,SF,3,31,15,1,12,22,0
2000,2000-11-05,NYJ,DEN,0,23,30,1,16,5,0
2000,2000-11-05,PHI,DAL,3,16,13,1,6,25,0
2000,2000-11-05,SEA,LAC,3,17,15,1,23,31,0
2000,2000-11-05,TEN,PIT,3,9,7,1,1,13,0
2000,2000-11-06,GB,MIN,3,26,20,1,14,8,1
2000,2000-11-12,BUF,CHI,3,20,3,1,18,26,0
2000,2000-11-12,CAR,NO,0,10,20,1,21,12,0
2000,2000-11-12,CLE,NE,3,19,11,1,30,24,1
2000,2000-11-12,DAL,CIN,3,23,6,1,25,28,0
2000,2000-11-12,DET,ATL,3,13,10,1,15,27,0
2000,2000-11-12,IND,NYJ,3,23,15,1,10,16,0
2000,2000-11-12,JAX,SEA,0,21,28,1,19,23,1
2000,2000-11-12,LAC,MIA,0,7,17,1,31,7,0
2000,2000-11-12,MIN,ARI,3,31,14,1,8,29,0
2000,2000-11-12,NYG,LAR,0,24,38,1,4,11,1
2000,2000-11-12,PIT,PHI,0,23,26,1,13,6,0
2000,2000-11-12,SF,KC,3,21,7,1,22,20,1
2000,2000-11-12,TB,GB,3,20,15,1,9,14,0
2000,2000-11-12,TEN,BAL,0,23,24,1,1,3,1
2000,2000-11-13,DEN,LV,3,27,24,1,5,2,1
2000,2000-11-19,BAL,DAL,3,27,0,1,3,25,0
2000,2000-11-19,CHI,TB,3,13,10,1,26,9,1
2000,2000-11-19,DEN,LAC,3,38,37,1,5,31,0
2000,2000-11-19,GB,IND,3,26,24,1,14,10,1
2000,2000-11-19,KC,BUF,0,17,21,1,20,18,0
2000,2000-11-19,MIA,NYJ,0,3,20,1,7,16,1
2000,2000-11-19,MIN,CAR,3,31,17,1,8,21,0
2000,2000-11-19,NE,CIN,3,16,13,1,24,28,0
2000,2000-11-19,NO,LV,0,22,31,1,12,2,0
2000,2000-11-19,NYG,DET,0,21,31,1,4,15,1
2000,2000-11-19,PHI,ARI,3,34,9,1,6,29,0
2000,2000-11-19,PIT,JAX,0,24,34,1,13,19,1
2000,2000-11-19,SF,ATL,3,16,6,1,22,27,0
2000,2000-11-19,TEN,CLE,3,24,10,1,1,30,0
2000,2000-11-20,LAR,WAS,0,20,33,1,11,17,1
2000,2000-11-23,DAL,MIN,0,15,27,1,25,8,0
2000,2000-11-23,DET,NE,3,34,9,1,15,24,0
2000,2000-11-26,ARI,NYG,0,7,31,1,29,4,0
2000,2000-11-26,BAL,CLE,3,44,7,1,3,30,0
2000,2000-11-26,CIN,PIT,0,28,48,1,28,13,0
2000,2000-11-26,IND,MIA,0,14,17,1,10,7,0
2000,2000-11-26,JAX,TEN,3,16,13,1,19,1,1
2000,2000-11-26,LAC,KC,3,17,16,1,31,20,1
2000,2000-11-26,LAR,NO,0,24,31,1,11,12,1
2000,2000-11-26,LV,ATL,3,41,14,1,2,27,0
2000,2000-11-26,NYJ,CHI,3,17,10,1,16,26,0
2000,2000-11-26,SEA,DEN,0,31,38,1,23,5,0
2000,2000-11-26,TB,BUF,3,31,17,1,9,18,0
2000,2000-11-26,WAS,PHI,0,20,23,1,17,6,0
2000,2000-11-27,CAR,GB,3,31,14,1,21,14,1
2000,2000-11-30,MIN,DET,3,24,17,1,8,15,0
2000,2000-12-03,ATL,SEA,0,10,30,1,27,23,0
2000,2000-12-03,BUF,MIA,0,6,33,1,18,7,0
2000,2000-12-03,CAR,LAR,3,16,3,1,21,11,1
2000,2000-12-03,CHI,GB,0,6,28,1,26,14,0
2000,2000-12-03,CIN,ARI,3,24,13,1,28,29,0
2000,2000-12-03,JAX,CLE,3,48,0,1,19,30,0
2000,2000-12-03,LAC,SF,0,17,45,1,31,22,0
2000,2000-12-03,NO,DEN,0,23,38,1,12,5,0
2000,2000-12-03,NYJ,IND,3,27,17,1,16,10,1
2000,2000-12-03,PHI,TEN,0,13,15,1,6,1,0
2000,2000-12-03,PIT,LV,3,21,20,1,13,2,1
2000,2000-12-03,TB,DAL,3,27,7,1,9,25,0
2000,2000-12-03,WAS,NYG,0,7,9,1,17,4,0
2000,2000-12-04,NE,KC,3,30,24,1,24,20,1
2000,2000-12-10,BAL,LAC,3,24,3,1,3,31,0
2000,2000-12-10,CHI,NE,3,24,17,1,26,24,1
2000,2000-12-10,CLE,PHI,0,24,35,1,30,6,0
2000,2000-12-10,DAL,WAS,3,32,13,1,25,17,1
2000,2000-12-10,DEN,SEA,3,31,24,1,5,23,0
2000,2000-12-10,GB,DET,3,26,13,1,14,15,0
2000,2000-12-10,JAX,ARI,3,44,10,1,19,29,0
2000,2000-12-10,KC,CAR,3,15,14,1,20,21,0
2000,2000-12-10,LAR,MIN,3,40,29,1,11,8,1
2000,2000-12-10,LV,NYJ,3,31,7,1,2,16,0
2000,2000-12-10,MIA,TB,0,13,16,1,7,9,1
2000,2000-12-10,NYG,PIT,3,30,10,1,4,13,0
2000,2000-12-10,SF,NO,0,27,31,1,22,12,0
2000,2000-12-10,TEN,CIN,3,35,3,1,1,28,0
2000,2000-12-11,IND,BUF,3,44,20,1,10,18,0
2000,2000-12-16,PIT,WAS,3,24,3,1,13,17,0
2000,2000-12-16,SEA,LV,3,27,24,1,23,2,1
2000,2000-12-17,ARI,BAL,0,7,13,1,29,3,0
2000,2000-12-17,BUF,NE,0,10,13,1,18,24,1
2000,2000-12-17,CAR,LAC,3,30,22,1,21,31,0
2000,2000-12-17,CIN,JAX,3,17,14,1,28,19,1
2000,2000-12-17,CLE,TEN,0,0,24,1,30,1,0
2000,2000-12-17,DAL,NYG,0,13,17,1,25,4,0
2000,2000-12-17,KC,DEN,3,20,7,1,20,5,1
2000,2000-12-17,MIA,IND,0,13,20,1,7,10,1
2000,2000-12-17,MIN,GB,0,28,33,1,8,14,1
2000,2000-12-17,NO,ATL,3,23,7,1,12,27,0
2000,2000-12-17,NYJ,DET,0,7,10,1,16,15,0
2000,2000-12-17,SF,CHI,3,17,0,1,22,26,0
2000,2000-12-18,TB,LAR,3,38,35,1,9,11,0
2000,2000-12-23,DEN,SF,3,38,9,1,5,22,0
2000,2000-12-23,NYG,JAX,3,28,25,1,4,19,0
2000,2000-12-23,SEA,BUF,0,23,42,1,23,18,0
2000,2000-12-24,ATL,KC,3,29,13,1,27,20,1
2000,2000-12-24,BAL,NYJ,3,34,20,1,3,16,0
2000,2000-12-24,DET,CHI,0,20,23,1,15,26,1
2000,2000-12-24,GB,TB,3,17,14,1,14,9,1
2000,2000-12-24,IND,MIN,3,31,10,1,10,8,1
2000,2000-12-24,LAC,PIT,0,21,34,1,31,13,0
2000,2000-12-24,LV,CAR,3,52,9,1,2,21,0
2000,2000-12-24,NE,MIA,0,24,27,1,24,7,0
2000,2000-12-24,NO,LAR,0,21,26,1,12,11,0
2000,2000-12-24,PHI,CIN,3,16,7,1,6,28,0
2000,2000-12-24,WAS,ARI,3,20,3,1,17,29,0
2000,2000-12-25,TEN,DAL,3,31,0,1,1,25,0
2001,2001-09-09,BAL,CHI,3,17,6,1,10,3,1
2001,2001-09-09,BUF,NO,0,6,24,1,29,20,0
2001,2001-09-09,CIN,NE,3,23,17,1,25,7,1
2001,2001-09-09,CLE,SEA,0,6,9,1,17,13,0
2001,2001-09-09,DAL,TB,0,6,10,1,27,12,0
2001,2001-09-09,GB,DET,3,28,6,1,5,30,0
2001,2001-09-09,JAX,PIT,3,21,3,1,22,2,1
2001,2001-09-09,KC,LV,0,24,27,1,23,9,0
2001,2001-09-09,LAC,WAS,3,30,3,1,26,15,1
2001,2001-09-09,MIN,CAR,0,13,24,1,28,31,1
2001,2001-09-09,NYJ,IND,0,24,45,1,11,24,1
2001,2001-09-09,PHI,LAR,0,17,20,1,6,1,0
2001,2001-09-09,SF,ATL,3,16,13,1,4,21,0
2001,2001-09-09,TEN,MIA,0,23,31,1,19,8,0
2001,2001-09-10,DEN,NYG,3,31,20,1,14,16,0
2001,2001-09-23,ARI,DEN,0,17,38,1,18,14,0
2001,2001-09-23,ATL,CAR,3,24,16,1,21,31,0
2001,2001-09-23,CHI,MIN,3,17,10,1,3,28,0
2001,2001-09-23,CIN,BAL,3,21,10,1,25,10,1
2001,2001-09-23,CLE,DET,3,24,14,1,17,30,0
2001,2001-09-23,DAL,LAC,0,21,32,1,27,26,0
2001,2001-09-23,IND,BUF,3,42,26,1,24,29,0
2001,2001-09-23,JAX,TEN,3,13,6,1,22,19,1
2001,2001-09-23,KC,NYG,0,3,13,1,23,16,0
2001,2001-09-23,MIA,LV,3,18,15,1,8,9,0
2001,2001-09-23,NE,NYJ,0,3,10,1,7,11,1
2001,2001-09-23,SEA,PHI,0,3,27,1,13,6,0
2001,2001-09-23,SF,LAR,0,26,30,1,4,1,0
2001,2001-09-24,GB,WAS,3,37,0,1,5,15,0
2001,2001-09-30,ARI,ATL,0,14,34,1,18,21,1
2001,2001-09-30,BUF,PIT,0,3,20,1,29,2,0
2001,2001-09-30,CAR,GB,0,7,28,1,31,5,0
2001,2001-09-30,DEN,BAL,0,13,20,1,14,10,0
2001,2001-09-30,JAX,CLE,0,14,23,1,22,17,0
2001,2001-09-30,LAC,CIN,3,28,14,1,26,25,1
2001,2001-09-30,LAR,MIA,3,42,10,1,1,8,0
2001,2001-09-30,LV,SEA,3,38,14,1,9,13,0
2001,2001-09-30,MIN,TB,3,20,16,1,28,12,1
2001,2001-09-30,NE,IND,3,44,13,1,7,24,0
2001,2001-09-30,NYG,NO,3,21,13,1,16,20,0
2001,2001-09-30,PHI,DAL,3,40,18,1,6,27,0
2001,2001-09-30,WAS,KC,0,13,45,1,15,23,1
2001,2001-10-01,NYJ,SF,0,17,19,1,11,4,0
2001,2001-10-07,ATL,CHI,0,3,31,1,21,3,0
2001,2001-10-07,BAL,TEN,3,26,7,1,10,19,0
2001,2001-10-07,BUF,NYJ,0,36,42,1,29,11,0
2001,2001-10-07,CLE,LAC,3,20,16,1,17,26,0
2001,2001-10-07,DEN,KC,3,20,6,1,14,23,0
2001,2001-10-07,LV,DAL,3,28,21,1,9,27,0
2001,2001-10-07,MIA,NE,3,30,10,1,8,7,1
2001,2001-10-07,NO,MIN,3,28,15,1,20,28,0
2001,2001-10-07,NYG,WAS,3,23,9,1,16,15,1
2001,2001-10-07,PHI,ARI,0,20,21,1,6,18,1
2001,2001-10-07,PIT,CIN,3,16,7,1,2,25,0
2001,2001-10-07,SEA,JAX,3,24,15,1,13,22,0
2001,2001-10-07,SF,CAR,3,24,14,1,4,31,0
2001,2001-10-07,TB,GB,3,14,10,1,12,5,1
2001,2001-10-08,DET,LAR,0,0,35,1,30,1,0
2001,2001-10-14,ATL,SF,0,31,37,1,21,4,0
2001,2001-10-14,CAR,NO,0,25,27,1,31,20,0
2001,2001-10-14,CHI,ARI,3,20,13,1,3,18,0
2001,2001-10-14,CIN,CLE,3,24,14,1,25,17,1
2001,2001-10-14,GB,BAL,3,31,23,1,5,10,0
2001,2001-10-14,IND,LV,0,18,23,1,24,9,0
2001,2001-10-14,KC,PIT,0,17,20,1,23,2,0
2001,2001-10-14,LAR,NYG,3,15,14,1,1,16,0
2001,2001-10-14,MIN,DET,3,31,26,1,28,30,0
2001,2001-10-14,NE,LAC,3,29,26,1,7,26,0
2001,2001-10-14,NYJ,MIA,3,21,17,1,11,8,1
2001,2001-10-14,SEA,DEN,3,34,21,1,13,14,0
2001,2001-10-14,TEN,TB,3,31,28,1,19,12,1
2001,2001-10-15,DAL,WAS,3,9,7,1,27,15,1
2001,2001-10-18,JAX,BUF,0,10,13,1,22,29,1
2001,2001-10-21,ARI,KC,3,24,16,1,18,23,0
2001,2001-10-21,CIN,CHI,0,0,24,1,25,3,0
2001,2001-10-21,CLE,BAL,3,24,14,1,17,10,1
2001,2001-10-21,DET,TEN,0,24,27,1,30,19,0
2001,2001-10-21,IND,NE,0,17,38,1,24,7,0
2001,2001-10-21,LAC,DEN,3,27,10,1,26,14,1
2001,2001-10-21,MIN,GB,3,35,13,1,28,5,1
2001,2001-10-21,NO,ATL,0,13,20,1,20,21,1
2001,2001-10-21,NYJ,LAR,0,14,34,1,11,1,0
2001,2001-10-21,TB,PIT,0,10,17,1,12,2,0
2001,2001-10-21,WAS,CAR,3,17,14,1,15,31,0
2001,2001-10-22,NYG,PHI,0,9,10,1,16,6,0
2001,2001-10-25,KC,IND,0,28,35,1,23,24,1
2001,2001-10-28,BAL,JAX,3,18,17,1,10,22,0
2001,2001-10-28,CAR,NYJ,0,12,13,1,31,11,0
2001,2001-10-28,CHI,SF,3,37,31,1,3,4,0
2001,2001-10-28,DAL,ARI,3,17,3,1,27,18,1
2001,2001-10-28,DEN,NE,3,31,20,1,14,7,1
2001,2001-10-28,DET,CIN,0,27,31,1,30,25,0
2001,2001-10-28,LAC,BUF,3,27,24,1,26,29,0
2001,2001-10-28,LAR,NO,0,31,34,1,1,20,1
2001,2001-10-28,PHI,LV,0,10,20,1,6,9,1
2001,2001-10-28,SEA,MIA,0,20,24,1,13,8,0
2001,2001-10-28,TB,MIN,3,41,14,1,12,28,0
2001,2001-10-28,WAS,NYG,3,35,21,1,15,16,0
2001,2001-10-29,PIT,TEN,3,34,7,1,2,19,0
2001,2001-11-04,ARI,PHI,0,7,21,1,18,6,0
2001,2001-11-04,ATL,NE,0,10,24,1,21,7,0
2001,2001-11-04,BUF,IND,0,14,30,1,29,24,0
2001,2001-11-04,CHI,CLE,3,27,21,1,3,17,0
2001,2001-11-04,GB,TB,3,21,20,1,5,12,0
2001,2001-11-04,LAC,KC,0,20,25,1,26,23,0
2001,2001-11-04,MIA,CAR,3,23,6,1,8,31,0
2001,2001-11-04,NO,NYJ,0,9,16,1,20,11,0
2001,2001-11-04,NYG,DAL,3,27,24,1,16,27,0
2001,2001-11-04,PIT,BAL,0,10,13,1,2,10,1
2001,2001-11-04,SF,DET,3,21,13,1,4,30,0
2001,2001-11-04,TEN,JAX,3,28,24,1,19,22,0
2001,2001-11-04,WAS,SEA,3,27,14,1,15,13,1
2001,2001-11-05,LV,DEN,3,38,28,1,9,14,0
2001,2001-11-11,ARI,NYG,0,10,17,1,18,16,0
2001,2001-11-11,ATL,DAL,3,20,13,1,21,27,0
2001,2001-11-11,CHI,GB,0,12,20,1,3,5,1
2001,2001-11-11,CLE,PIT,0,12,15,1,17,2,0
2001,2001-11-11,DEN,LAC,3,26,16,1,14,26,0
2001,2001-11-11,DET,TB,0,17,20,1,30,12,0
2001,2001-11-11,IND,MIA,0,24,27,1,24,8,0
2001,2001-11-11,JAX,CIN,3,30,13,1,22,25,0
2001,2001-11-11,LAR,CAR,3,48,14,1,1,31,0
2001,2001-11-11,NE,BUF,3,21,11,1,7,29,0
2001,2001-11-11,NYJ,KC,3,27,7,1,11,23,0
2001,2001-11-11,PHI,MIN,3,48,17,1,6,28,0
2001,2001-11-11,SEA,LV,3,34,27,1,13,9,1
2001,2001-11-11,SF,NO,3,28,27,1,4,20,0
2001,2001-11-12,TEN,BAL,0,10,16,1,19,10,0
2001,2001-11-18,ARI,DET,3,45,38,1,18,30,0
2001,2001-11-18,BAL,CLE,0,17,27,1,10,17,1
2001,2001-11-18,BUF,SEA,0,20,23,1,29,13,0
2001,2001-11-18,CAR,SF,0,22,25,1,31,4,0
2001,2001-11-18,CIN,TEN,0,7,20,1,25,19,0
2001,2001-11-18,DAL,PHI,0,3,36,1,27,6,0
2001,2001-11-18,DEN,WAS,0,10,17,1,14,15,1
2001,2001-11-18,GB,ATL,0,20,23,1,5,21,1
2001,2001-11-18,LV,LAC,3,34,24,1,9,26,0
2001,2001-11-18,MIA,NYJ,0,0,24,1,8,11,1
2001,2001-11-18,NE,LAR,0,17,24,1,7,1,0
2001,2001-11-18,NO,IND,3,34,20,1,20,24,0
2001,2001-11-18,PIT,JAX,3,20,7,1,2,22,0
2001,2001-11-18,TB,CHI,0,24,27,1,12,3,0
2001,2001-11-19,MIN,NYG,3,28,16,1,28,16,1
2001,2001-11-22,DAL,DEN,0,24,26,1,27,14,0
2001,2001-11-22,DET,GB,0,27,29,1,30,5,0
2001,2001-11-25,BUF,MIA,0,27,34,1,29,8,0
2001,2001-11-25,CAR,ATL,0,7,10,1,31,21,0
2001,2001-11-25,CLE,CIN,3,18,0,1,17,25,0
2001,2001-11-25,IND,SF,0,21,40,1,24,4,0
2001,2001-11-25,JAX,BAL,0,21,24,1,22,10,0
2001,2001-11-25,KC,SEA,3,19,7,1,23,13,1
2001,2001-11-25,LAC,ARI,0,17,20,1,26,18,0
2001,2001-11-25,MIN,CHI,0,6,13,1,28,3,0
2001,2001-11-25,NE,NO,3,34,17,1,7,20,0
2001,2001-11-25,NYG,LV,0,10,28,1,16,9,0
2001,2001-11-25,PHI,WAS,0,3,13,1,6,15,1
2001,2001-11-25,TEN,PIT,0,24,34,1,19,2,0
2001,2001-11-26,LAR,TB,0,17,24,1,1,12,1
2001,2001-11-29,KC,PHI,0,10,23,1,23,6,0
2001,2001-12-02,ATL,LAR,0,6,35,1,21,1,0
2001,2001-12-02,BAL,IND,3,39,27,1,10,24,0
2001,2001-12-02,CHI,DET,3,13,10,1,3,30,0
2001,2001-12-02,CIN,TB,0,13,16,1,25,12,0
2001,2001-12-02,CLE,TEN,0,15,31,1,17,19,1
2001,2001-12-02,LV,ARI,0,31,34,1,9,18,1
2001,2001-12-02,MIA,DEN,3,21,10,1,8,14,0
2001,2001-12-02,NO,CAR,3,27,23,1,20,31,0
2001,2001-12-02,NYJ,NE,0,16,17,1,11,7,0
2001,2001-12-02,PIT,MIN,3,21,16,1,2,28,0
2001,2001-12-02,SEA,LAC,3,13,10,1,13,26,0
2001,2001-12-02,SF,BUF,3,35,0,1,4,29,0
2001,2001-12-02,WAS,DAL,0,14,20,1,15,27,1
2001,2001-12-03,JAX,GB,0,21,28,1,22,5,0
2001,2001-12-09,ARI,WAS,0,10,20,1,18,15,0
2001,2001-12-09,ATL,NO,0,10,28,1,21,20,0
2001,2001-12-09,BUF,CAR,3,25,24,1,29,31,0
2001,2001-12-09,CIN,JAX,0,10,14,1,25,22,0
2001,2001-12-09,DAL,NYG,3,20,13,1,27,16,1
2001,2001-12-09,DEN,SEA,3,20,7,1,14,13,1
2001,2001-12-09,GB,CHI,3,17,7,1,5,3,1
2001,2001-12-09,LAR,SF,3,27,14,1,1,4,0
2001,2001-12-09,LV,KC,3,28,26,1,9,23,0
2001,2001-12-09,MIN,TEN,3,42,24,1,28,19,1
2001,2001-12-09,NE,CLE,3,27,16,1,7,17,0
2001,2001-12-09,PHI,LAC,3,24,14,1,6,26,0
2001,2001-12-09,PIT,NYJ,3,18,7,1,2,11,0
2001,2001-12-09,TB,DET,3,15,12,1,12,30,0
2001,2001-12-10,MIA,IND,3,41,6,1,8,24,0
2001,2001-12-15,LAC,LV,0,6,13,1,26,9,0
2001,2001-12-15,NYG,ARI,3,17,13,1,16,18,0
2001,2001-12-16,BAL,PIT,0,21,26,1,10,2,0
2001,2001-12-16,BUF,NE,0,9,12,1,29,7,0
2001,2001-12-16,CHI,TB,3,27,3,1,3,12,0
2001,2001-12-16,CLE,JAX,0,10,15,1,17,22,1
2001,2001-12-16,DET,MIN,3,27,24,1,30,28,1
2001,2001-12-16,IND,ATL,3,41,27,1,24,21,1
2001,2001-12-16,KC,DEN,3,26,23,1,23,14,1
2001,2001-12-16,NYJ,CIN,3,15,14,1,11,25,0
2001,2001-12-16,SEA,DAL,3,29,3,1,13,27,0
2001,2001-12-16,SF,MIA,3,21,0,1,4,8,0
2001,2001-12-16,TEN,GB,3,26,20,1,19,5,1
2001,2001-12-16,WAS,PHI,0,6,20,1,15,6,0
2001,2001-12-17,NO,LAR,0,21,34,1,20,1,0
2001,2001-12-22,LV,TEN,0,10,13,1,9,19,1
2001,2001-12-22,NE,MIA,3,20,13,1,7,8,0
2001,2001-12-22,SF,PHI,3,13,3,1,4,6,0
2001,2001-12-23,ARI,DAL,3,17,10,1,18,27,0
2001,2001-12-23,ATL,BUF,3,33,30,1,21,29,0
2001,2001-12-23,BAL,CIN,3,16,0,1,10,25,0
2001,2001-12-23,CAR,LAR,0,32,38,1,31,1,0
2001,2001-12-23,GB,CLE,3,30,7,1,5,17,0
2001,2001-12-23,IND,NYJ,0,28,29,1,24,11,0
2001,2001-12-23,KC,LAC,3,20,17,1,23,26,0
2001,2001-12-23,MIN,JAX,0,3,33,1,28,22,0
2001,2001-12-23,NYG,SEA,3,27,24,1,16,13,1
2001,2001-12-23,PIT,DET,3,47,14,1,2,30,0
2001,2001-12-23,TB,NO,3,48,21,1,12,20,0
2001,2001-12-23,WAS,CHI,0,15,20,1,15,3,0
2001,2001-12-29,TB,BAL,3,22,10,1,12,10,1
2001,2001-12-30,CAR,ARI,0,7,30,1,31,18,0
2001,2001-12-30,CIN,PIT,3,26,23,1,25,2,1
2001,2001-12-30,DAL,SF,3,27,21,1,27,4,1
2001,2001-12-30,DEN,LV,3,23,17,1,14,9,1
2001,2001-12-30,DET,CHI,0,0,24,1,30,3,0
2001,2001-12-30,GB,MIN,3,24,13,1,5,28,0
2001,2001-12-30,JAX,KC,0,26,30,1,22,23,1
2001,2001-12-30,LAC,SEA,0,22,25,1,26,13,0
2001,2001-12-30,LAR,IND,3,42,17,1,1,24,0
2001,2001-12-30,MIA,ATL,3,21,14,1,8,21,0
2001,2001-12-30,NO,WAS,0,10,40,1,20,15,0
2001,2001-12-30,NYJ,BUF,0,9,14,1,11,29,1
2001,2001-12-30,PHI,NYG,3,24,21,1,6,16,0
2001,2001-12-30,TEN,CLE,0,38,41,1,19,17,0
2001,2002-01-06,CAR,NE,0,6,38,1,31,7,0
2001,2002-01-06,CHI,JAX,3,33,13,1,3,22,0
2001,2002-01-06,DET,DAL,3,15,10,1,30,27,1
2001,2002-01-06,IND,DEN,3,29,10,1,24,14,1
2001,2002-01-06,LAR,ATL,3,31,13,1,1,21,0
2001,2002-01-06,LV,NYJ,0,22,24,1,9,11,1
2001,2002-01-06,MIA,BUF,3,34,7,1,8,29,0
2001,2002-01-06,NO,SF,0,0,38,1,20,4,0
2001,2002-01-06,NYG,GB,0,25,34,1,16,5,0
2001,2002-01-06,PIT,CLE,3,28,7,1,2,17,0
2001,2002-01-06,SEA,KC,3,21,18,1,13,23,0
2001,2002-01-06,TB,PHI,0,13,17,1,12,6,0
2001,2002-01-06,TEN,CIN,0,21,23,1,19,25,1
2001,2002-01-06,WAS,ARI,3,20,17,1,15,18,0
2001,2002-01-07,BAL,MIN,3,19,3,1,10,28,0
2002,2002-09-05,NYG,SF,0,13,16,1,7,9,1
2002,2002-09-08,BUF,NYJ,0,31,37,1,18,16,0
2002,2002-09-08,CAR,BAL,3,10,7,1,22,21,1
2002,2002-09-08,CHI,MIN,3,27,23,1,29,26,1
2002,2002-09-08,CIN,LAC,0,6,34,1,32,19,0
2002,2002-09-08,CLE,KC,0,39,40,1,15,17,1
2002,2002-09-08,DEN,LAR,3,23,16,1,12,23,0
2002,2002-09-08,GB,ATL,3,37,34,1,3,10,0
2002,2002-09-08,HOU,DAL,3,19,10,1,30,27,1
2002,2002-09-08,JAX,IND,0,25,28,1,25,8,0
2002,2002-09-08,LV,SEA,3,31,17,1,4,20,0
2002,2002-09-08,MIA,DET,3,49,21,1,11,31,0
2002,2002-09-08,TB,NO,0,20,26,1,2,13,1
2002,2002-09-08,TEN,PHI,3,27,24,1,5,1,1
2002,2002-09-08,WAS,ARI,3,31,23,1,24,28,0
2002,2002-09-09,NE,PIT,3,30,14,1,14,6,1
2002,2002-09-15,ATL,CHI,0,13,14,1,10,29,1
2002,2002-09-15,BAL,TB,0,0,25,1,21,2,0
2002,2002-09-15,CAR,DET,3,31,7,1,22,31,0
2002,2002-09-15,CLE,CIN,3,20,7,1,15,32,0
2002,2002-09-15,DAL,TEN,3,21,13,1,27,5,1
2002,2002-09-15,IND,MIA,0,13,21,1,8,11,1
2002,2002-09-15,KC,JAX,0,16,23,1,17,25,1
2002,2002-09-15,LAC,HOU,3,24,3,1,19,30,0
2002,2002-09-15,LAR,NYG,0,21,26,1,23,7,0
2002,2002-09-15,MIN,BUF,0,39,45,1,26,18,0
2002,2002-09-15,NO,GB,3,35,20,1,13,3,1
2002,2002-09-15,NYJ,NE,0,7,44,1,16,14,0
2002,2002-09-15,PIT,LV,0,17,30,1,6,4,0
2002,2002-09-15,SEA,ARI,0,13,24,1,20,28,1
2002,2002-09-15,SF,DEN,0,14,24,1,9,12,1
2002,2002-09-16,WAS,PHI,0,7,37,1,24,1,0
2002,2002-09-22,ARI,LAC,0,15,23,1,28,19,0
2002,2002-09-22,ATL,CIN,3,30,3,1,10,32,0
2002,2002-09-22,CHI,NO,0,23,29,1,29,13,0
2002,2002-09-22,DEN,BUF,3,28,23,1,12,18,0
2002,2002-09-22,DET,GB,0,31,37,1,31,3,0
2002,2002-09-22,HOU,IND,0,3,23,1,30,8,0
2002,2002-09-22,MIA,NYJ,3,30,3,1,11,16,0
2002,2002-09-22,MIN,CAR,0,14,21,1,26,22,0
2002,2002-09-22,NE,KC,3,41,38,1,14,17,0
2002,2002-09-22,NYG,SEA,3,9,6,1,7,20,0
2002,2002-09-22,PHI,DAL,3,44,13,1,1,27,0
2002,2002-09-22,SF,WAS,3,20,10,1,9,24,0
2002,2002-09-22,TEN,CLE,0,28,31,1,5,15,1
2002,2002-09-23,TB,LAR,3,26,14,1,2,23,0
2002,2002-09-29,ARI,NYG,3,21,7,1,28,7,1
2002,2002-09-29,BUF,CHI,3,33,27,1,18,29,0
2002,2002-09-29,CIN,TB,0,7,35,1,32,2,0
2002,2002-09-29,DET,NO,3,26,21,1,31,13,1
2002,2002-09-29,GB,CAR,3,17,14,1,3,22,0
2002,2002-09-29,JAX,NYJ,3,28,3,1,25,16,1
2002,2002-09-29,KC,MIA,3,48,30,1,17,11,1
2002,2002-09-29,LAC,NE,3,21,14,1,19,14,1
2002,2002-09-29,LAR,DAL,0,10,13,1,23,27,1
2002,2002-09-29,LV,TEN,3,52,25,1,4,5,0
2002,2002-09-29,PHI,HOU,3,35,17,1,1,30,0
2002,2002-09-29,PIT,CLE,3,16,13,1,6,15,0
2002,2002-09-29,SEA,MIN,3,48,23,1,20,26,0
2002,2002-09-30,BAL,DEN,3,34,23,1,21,12,1
2002,2002-10-06,ATL,TB,0,6,20,1,10,2,0
2002,2002-10-06,BUF,LV,0,31,49,1,18,4,0
2002,2002-10-06,CAR,ARI,0,13,16,1,22,28,1
2002,2002-10-06,CLE,BAL,0,21,26,1,15,21,1
2002,2002-10-06,DAL,NYG,0,17,21,1,27,7,0
2002,2002-10-06,DEN,LAC,3,26,9,1,12,19,0
2002,2002-10-06,IND,CIN,3,28,21,1,8,32,0
2002,2002-10-06,JAX,PHI,3,28,25,1,25,1,1
2002,2002-10-06,MIA,NE,3,26,13,1,11,14,0
2002,2002-10-06,NO,PIT,3,32,29,1,13,6,1
2002,2002-10-06,NYJ,KC,0,25,29,1,16,17,1
2002,2002-10-06,SF,LAR,3,37,13,1,9,23,0
2002,2002-10-06,TEN,WAS,0,14,31,1,5,24,1
2002,2002-10-07,CHI,GB,0,21,34,1,29,3,0
2002,2002-10-13,CIN,PIT,0,7,34,1,32,6,0
2002,2002-10-13,DAL,CAR,3,14,13,1,27,22,1
2002,2002-10-13,DEN,MIA,0,22,24,1,12,11,0
2002,2002-10-13,HOU,BUF,0,24,31,1,30,18,0
2002,2002-10-13,IND,BAL,3,22,20,1,8,21,0
2002,2002-10-13,LAC,KC,3,35,34,1,19,17,1
2002,2002-10-13,LAR,LV,3,28,13,1,23,4,1
2002,2002-10-13,MIN,DET,3,31,24,1,26,31,0
2002,2002-10-13,NE,GB,0,10,28,1,14,3,0
2002,2002-10-13,NYG,ATL,0,10,17,1,7,10,1
2002,2002-10-13,TB,CLE,3,17,3,1,2,15,0
2002,2002-10-13,TEN,JAX,3,23,14,1,5,25,0
2002,2002-10-13,WAS,NO,0,27,43,1,24,13,0
2002,2002-10-14,SEA,SF,0,21,28,1,20,9,0
2002,2002-10-20,ARI,DAL,3,9,6,1,28,27,1
2002,2002-10-20,ATL,CAR,3,30,0,1,10,22,0
2002,2002-10-20,BAL,JAX,3,17,10,1,21,25,0
2002,2002-10-20,CLE,HOU,3,34,17,1,15,30,0
2002,2002-10-20,DET,CHI,3,23,20,1,31,29,1
2002,2002-10-20,GB,WAS,3,30,9,1,3,24,0
2002,2002-10-20,KC,DEN,0,34,37,1,17,12,0
2002,2002-10-20,LAR,SEA,3,37,20,1,23,20,1
2002,2002-10-20,LV,LAC,0,21,27,1,4,19,1
2002,2002-10-20,MIA,BUF,0,10,23,1,11,18,1
2002,2002-10-20,NO,SF,3,35,27,1,13,9,1
2002,2002-10-20,NYJ,MIN,3,20,7,1,16,26,0
2002,2002-10-20,PHI,TB,3,20,10,1,1,2,0
2002,2002-10-21,PIT,IND,3,28,10,1,6,8,0
2002,2002-10-27,BAL,PIT,0,18,31,1,21,6,0
2002,2002-10-27,BUF,DET,3,24,17,1,18,31,0
2002,2002-10-27,CAR,TB,0,9,12,1,22,2,0
2002,2002-10-27,CIN,TEN,0,24,30,1,32,5,0
2002,2002-10-27,DAL,SEA,0,14,17,1,27,20,0
2002,2002-10-27,JAX,HOU,0,19,21,1,25,30,1
2002,2002-10-27,KC,LV,3,20,10,1,17,4,1
2002,2002-10-27,MIN,CHI,3,25,7,1,26,29,0
2002,2002-10-27,NE,DEN,0,16,24,1,14,12,0
2002,2002-10-27,NO,ATL,0,35,37,1,13,10,0
2002,2002-10-27,NYJ,CLE,0,21,24,1,16,15,0
2002,2002-10-27,SF,ARI,3,38,28,1,9,28,0
2002,2002-10-27,WAS,IND,3,26,21,1,24,8,1
2002,2002-10-28,PHI,NYG,3,17,3,1,1,7,0
2002,2002-11-03,ARI,LAR,0,14,27,1,28,23,0
2002,2002-11-03,ATL,BAL,3,20,17,1,10,21,0
2002,2002-11-03,BUF,NE,0,7,38,1,18,14,0
2002,2002-11-03,CHI,PHI,0,13,19,1,29,1,0
2002,2002-11-03,CLE,PIT,0,20,23,1,15,6,0
2002,2002-11-03,DET,DAL,3,9,7,1,31,27,1
2002,2002-11-03,HOU,CIN,0,3,38,1,30,32,1
2002,2002-11-03,IND,TEN,0,15,23,1,8,5,0
2002,2002-11-03,LAC,NYJ,0,13,44,1,19,16,0
2002,2002-11-03,LV,SF,0,20,23,1,4,9,1
2002,2002-11-03,NYG,JAX,3,24,17,1,7,25,0
2002,2002-11-03,SEA,WAS,0,3,14,1,20,24,1
2002,2002-11-03,TB,MIN,3,38,24,1,2,26,0
2002,2002-11-04,GB,MIA,3,24,10,1,3,11,0
2002,2002-11-10,ARI,SEA,0,6,27,1,28,20,0
2002,2002-11-10,BAL,CIN,3,38,27,1,21,32,0
2002,2002-11-10,CAR,NO,0,24,34,1,22,13,0
2002,2002-11-10,CHI,NE,0,30,33,1,29,14,0
2002,2002-11-10,GB,DET,3,40,14,1,3,31,0
2002,2002-11-10,JAX,WAS,3,26,7,1,25,24,1
2002,2002-11-10,LAR,LAC,3,28,24,1,23,19,1
2002,2002-11-10,MIN,NYG,0,20,27,1,26,7,0
2002,2002-11-10,NYJ,MIA,3,13,10,1,16,11,1
2002,2002-11-10,PHI,IND,0,13,35,1,1,8,1
2002,2002-11-10,PIT,ATL,1,34,34,1,6,10,0
2002,2002-11-10,SF,KC,3,17,13,1,9,17,0
2002,2002-11-10,TEN,HOU,3,17,10,1,5,30,0
2002,2002-11-11,DEN,LV,0,10,34,1,12,4,0
2002,2002-11-17,ATL,NO,3,24,17,1,10,13,0
2002,2002-11-17,CIN,CLE,0,20,27,1,32,15,0
2002,2002-11-17,DET,NYJ,0,14,31,1,31,16,0
2002,2002-11-17,HOU,JAX,0,21,24,1,30,25,0
2002,2002-11-17,IND,DAL,3,20,3,1,8,27,0
2002,2002-11-17,KC,BUF,3,17,16,1,17,18,0
2002,2002-11-17,LAC,SF,3,20,17,1,19,9,1
2002,2002-11-17,LV,NE,3,27,20,1,4,14,0
2002,2002-11-17,MIA,BAL,3,26,7,1,11,21,0
2002,2002-11-17,MIN,GB,3,31,21,1,26,3,1
2002,2002-11-17,NYG,WAS,3,19,17,1,7,24,0
2002,2002-11-17,PHI,ARI,3,38,14,1,1,28,0
2002,2002-11-17,SEA,DEN,0,9,31,1,20,12,0
2002,2002-11-17,TB,CAR,3,23,10,1,2,22,0
2002,2002-11-17,TEN,PIT,3,31,23,1,5,6,0
2002,2002-11-18,LAR,CHI,3,21,16,1,23,29,0
2002,2002-11-24,ARI,LV,0,20,41,1,28,4,0
2002,2002-11-24,BAL,TEN,3,13,12,1,21,5,1
2002,2002-11-24,CAR,ATL,0,0,41,1,22,10,0
2002,2002-11-24,CHI,DET,3,20,17,1,29,31,0
2002,2002-11-24,DAL,JAX,3,21,19,1,27,25,1
2002,2002-11-24,DEN,IND,0,20,23,1,12,8,0
2002,2002-11-24,HOU,NYG,3,16,14,1,30,7,1
2002,2002-11-24,MIA,LAC,3,30,3,1,11,19,0
2002,2002-11-24,NE,MIN,3,24,17,1,14,26,0
2002,2002-11-24,NO,CLE,0,15,24,1,13,15,1
2002,2002-11-24,NYJ,BUF,3,31,13,1,16,18,0
2002,2002-11-24,PIT,CIN,3,29,21,1,6,32,0
2002,2002-11-24,SEA,KC,3,39,32,1,20,17,1
2002,2002-11-24,TB,GB,3,21,7,1,2,3,0
2002,2002-11-24,WAS,LAR,3,20,17,1,24,23,1
2002,2002-11-25,SF,PHI,0,17,38,1,9,1,0
2002,2002-11-28,DAL,WAS,3,27,20,1,27,24,1
2002,2002-11-28,DET,NE,0,12,20,1,31,14,0
2002,2002-12-01,BUF,MIA,3,38,21,1,18,11,1
2002,2002-12-01,CIN,BAL,0,23,27,1,32,21,0
2002,2002-12-01,CLE,CAR,0,6,13,1,15,22,1
2002,2002-12-01,GB,CHI,3,30,20,1,3,29,0
2002,2002-12-01,IND,HOU,3,19,3,1,8,30,0
2002,2002-12-01,JAX,PIT,0,23,25,1,25,6,0
2002,2002-12-01,KC,ARI,3,49,0,1,17,28,0
2002,2002-12-01,LAC,DEN,3,30,27,1,19,12,1
2002,2002-12-01,MIN,ATL,0,24,30,1,26,10,0
2002,2002-12-01,NO,TB,3,23,20,1,13,2,1
2002,2002-12-01,NYG,TEN,0,29,32,1,7,5,0
2002,2002-12-01,PHI,LAR,3,10,3,1,1,23,0
2002,2002-12-01,SF,SEA,3,31,24,1,9,20,0
2002,2002-12-02,LV,NYJ,3,26,20,1,4,16,0
2002,2002-12-08,ARI,DET,3,23,20,1,28,31,0
2002,2002-12-08,BAL,NO,0,25,37,1,21,13,0
2002,2002-12-08,CAR,CIN,3,52,31,1,22,32,0
2002,2002-12-08,DAL,SF,0,27,31,1,27,9,0
2002,2002-12-08,GB,MIN,3,26,22,1,3,26,0
2002,2002-12-08,JAX,CLE,0,20,21,1,25,15,0
2002,2002-12-08,KC,LAR,3,49,10,1,17,23,0
2002,2002-12-08,LAC,LV,0,7,27,1,19,4,0
2002,2002-12-08,NE,BUF,3,27,17,1,14,18,0
2002,2002-12-08,NYJ,DEN,3,19,13,1,16,12,1
2002,2002-12-08,PIT,HOU,0,6,24,1,6,30,1
2002,2002-12-08,SEA,PHI,0,20,27,1,20,1,0
2002,2002-12-08,TB,ATL,3,34,10,1,2,10,0
2002,2002-12-08,TEN,IND,3,27,17,1,5,8,0
2002,2002-12-08,WAS,NYG,0,21,27,1,24,7,0
2002,2002-12-09,MIA,CHI,3,27,9,1,11,29,0
2002,2002-12-15,ATL,SEA,0,24,30,1,10,20,1
2002,2002-12-15,BUF,LAC,3,20,13,1,18,19,0
2002,2002-12-15,CHI,NYJ,3,20,13,1,29,16,1
2002,2002-12-15,CIN,JAX,0,15,29,1,32,25,0
2002,2002-12-15,CLE,IND,0,23,28,1,15,8,0
2002,2002-12-15,DEN,KC,3,31,24,1,12,17,0
2002,2002-12-15,DET,TB,0,20,23,1,31,2,0
2002,2002-12-15,HOU,BAL,0,19,23,1,30,21,0
2002,2002-12-15,LAR,ARI,3,30,28,1,23,28,0
2002,2002-12-15,MIA,LV,3,23,17,1,11,4,1
2002,2002-12-15,NO,MIN,0,31,32,1,13,26,1
2002,2002-12-15,NYG,DAL,3,37,7,1,7,27,0
2002,2002-12-15,PHI,WAS,3,34,21,1,1,24,0
2002,2002-12-15,PIT,CAR,3,30,14,1,6,22,0
2002,2002-12-15,SF,GB,0,14,20,1,9,3,0
2002,2002-12-16,TEN,NE,3,24,7,1,5,14,0
2002,2002-12-21,ARI,SF,0,14,17,1,28,9,0
2002,2002-12-21,DAL,PHI,0,3,27,1,27,1,0
2002,2002-12-21,MIN,MIA,3,20,17,1,26,11,1
2002,2002-12-22,ATL,DET,3,36,15,1,10,31,0
2002,2002-12-22,BAL,CLE,0,13,14,1,21,15,0
2002,2002-12-22,CAR,CHI,3,24,14,1,22,29,0
2002,2002-12-22,CIN,NO,3,20,13,1,32,13,1
2002,2002-12-22,GB,BUF,3,10,0,1,3,18,0
2002,2002-12-22,IND,NYG,0,27,44,1,8,7,0
2002,2002-12-22,JAX,TEN,0,10,28,1,25,5,0
2002,2002-12-22,KC,LAC,3,24,22,1,17,19,0
2002,2002-12-22,LV,DEN,3,28,16,1,4,12,0
2002,2002-12-22,NE,NYJ,0,17,30,1,14,16,1
2002,2002-12-22,SEA,LAR,3,30,10,1,20,23,0
2002,2002-12-22,WAS,HOU,3,26,10,1,24,30,0
2002,2002-12-23,TB,PIT,0,7,17,1,2,6,1
2002,2002-12-28,LV,KC,3,24,0,1,4,17,0
2002,2002-12-28,NYG,PHI,3,10,7,1,7,1,1
2002,2002-12-29,BUF,CIN,3,27,9,1,18,32,0
2002,2002-12-29,CHI,TB,0,0,15,1,29,2,0
2002,2002-12-29,CLE,ATL,3,24,16,1,15,10,1
2002,2002-12-29,DEN,ARI,3,37,7,1,12,28,0
2002,2002-12-29,DET,MIN,0,36,38,1,31,26,0
2002,2002-12-29,HOU,TEN,0,3,13,1,30,5,0
2002,2002-12-29,IND,JAX,3,20,13,1,8,25,0
2002,2002-12-29,LAC,SEA,0,28,31,1,19,20,1
2002,2002-12-29,NE,MIA,3,27,24,1,14,11,1
2002,2002-12-29,NO,CAR,0,6,10,1,13,22,1
2002,2002-12-29,NYJ,GB,3,42,17,1,16,3,1
2002,2002-12-29,PIT,BAL,3,34,31,1,6,21,0
2002,2002-12-29,WAS,DAL,3,20,14,1,24,27,0
2002,2002-12-30,LAR,SF,3,31,20,1,23,9,1
2003,2003-09-04,WAS,NYJ,3,16,13,1,25,20,1
2003,2003-09-07,BUF,NE,3,31,0,1,22,1,1
2003,2003-09-07,CAR,JAX,3,24,23,1,7,23,0
2003,2003-09-07,CIN,DEN,0,10,30,1,16,10,0
2003,2003-09-07,CLE,IND,0,6,9,1,24,4,0
2003,2003-09-07,DAL,ATL,0,13,27,1,13,27,1
2003,2003-09-07,DET,ARI,3,42,24,1,26,32,0
2003,2003-09-07,GB,MIN,0,25,30,1,8,14,1
2003,2003-09-07,KC,LAC,3,27,14,1,2,30,0
2003,2003-09-07,MIA,HOU,0,20,21,1,12,28,1
2003,2003-09-07,NYG,LAR,3,23,13,1,31,3,1
2003,2003-09-07,PIT,BAL,3,34,15,1,21,9,1
2003,2003-09-07,SEA,NO,3,27,10,1,11,15,0
2003,2003-09-07,SF,CHI,3,49,7,1,17,19,0
2003,2003-09-07,TEN,LV,3,25,20,1,5,29,0
2003,2003-09-08,PHI,TB,0,0,17,1,6,18,1
2003,2003-09-14,ARI,SEA,0,0,38,1,32,11,0
2003,2003-09-14,ATL,WAS,0,31,33,1,27,25,0
2003,2003-09-14,BAL,CLE,3,33,13,1,9,24,0
2003,2003-09-14,GB,DET,3,31,6,1,8,26,0
2003,2003-09-14,IND,TEN,3,33,7,1,4,5,0
2003,2003-09-14,JAX,BUF,0,17,38,1,23,22,0
2003,2003-09-14,KC,PIT,3,41,20,1,2,21,0
2003,2003-09-14,LAC,DEN,0,13,37,1,30,10,0
2003,2003-09-14,LAR,SF,3,27,24,1,3,17,0
2003,2003-09-14,LV,CIN,3,23,20,1,29,16,1
2003,2003-09-14,MIN,CHI,3,24,13,1,14,19,0
2003,2003-09-14,NO,HOU,3,31,10,1,15,28,0
2003,2003-09-14,NYJ,MIA,0,10,21,1,20,12,0
2003,2003-09-14,PHI,NE,0,10,31,1,6,1,0
2003,2003-09-14,TB,CAR,0,9,12,1,18,7,0
2003,2003-09-15,NYG,DAL,0,32,35,1,31,13,0
2003,2003-09-21,ARI,GB,3,20,13,1,32,8,1
2003,2003-09-21,ATL,TB,0,10,31,1,27,18,0
2003,2003-09-21,CIN,PIT,0,10,17,1,16,21,1
2003,2003-09-21,DET,MIN,0,13,23,1,26,14,0
2003,2003-09-21,HOU,KC,0,14,42,1,28,2,0
2003,2003-09-21,IND,JAX,3,23,13,1,4,23,0
2003,2003-09-21,LAC,BAL,0,10,24,1,30,9,0
2003,2003-09-21,MIA,BUF,3,17,7,1,12,22,0
2003,2003-09-21,NE,NYJ,3,23,16,1,1,20,0
2003,2003-09-21,SEA,LAR,3,24,23,1,11,3,1
2003,2003-09-21,SF,CLE,0,12,13,1,17,24,1
2003,2003-09-21,TEN,NO,3,27,12,1,5,15,0
2003,2003-09-21,WAS,NYG,0,21,24,1,25,31,1
2003,2003-09-22,DEN,LV,3,31,10,1,10,29,0
2003,2003-09-28,BAL,KC,0,10,17,1,9,2,0
2003,2003-09-28,BUF,PHI,0,13,23,1,22,6,0
2003,2003-09-28,CAR,ATL,3,23,3,1,7,27,0
2003,2003-09-28,CLE,CIN,0,14,21,1,24,16,0
2003,2003-09-28,DEN,DET,3,20,16,1,10,26,0
2003,2003-09-28,HOU,JAX,3,24,20,1,28,23,1
2003,2003-09-28,LAR,ARI,3,37,13,1,3,32,0
2003,2003-09-28,LV,LAC,3,34,31,1,29,30,0
2003,2003-09-28,MIN,SF,3,35,7,1,14,17,0
2003,2003-09-28,NO,IND,0,21,55,1,15,4,0
2003,2003-09-28,NYJ,DAL,0,6,17,1,20,13,0
2003,2003-09-28,PIT,TEN,0,13,30,1,21,5,0
2003,2003-09-28,WAS,NE,3,20,17,1,25,1,1
2003,2003-09-29,CHI,GB,0,23,38,1,19,8,0
2003,2003-10-05,ATL,MIN,0,26,39,1,27,14,0
2003,2003-10-05,BUF,CIN,3,22,16,1,22,16,1
2003,2003-10-05,CAR,NO,3,19,13,1,7,15,0
2003,2003-10-05,CHI,LV,3,24,21,1,19,29,0
2003,2003-10-05,DAL,ARI,3,24,7,1,13,32,0
2003,2003-10-05,GB,SEA,3,35,13,1,8,11,0
2003,2003-10-05,JAX,LAC,3,27,21,1,23,30,0
2003,2003-10-05,KC,DEN,3,24,23,1,2,10,0
2003,2003-10-05,NE,TEN,3,38,30,1,1,5,0
2003,2003-10-05,NYG,MIA,0,10,23,1,31,12,0
2003,2003-10-05,PHI,WAS,3,27,25,1,6,25,0
2003,2003-10-05,PIT,CLE,0,13,33,1,21,24,1
2003,2003-10-05,SF,DET,3,24,17,1,17,26,0
2003,2003-10-06,TB,IND,0,35,38,1,18,4,0
2003,2003-10-12,ARI,BAL,0,18,26,1,32,9,0
2003,2003-10-12,CLE,LV,3,13,7,1,24,29,0
2003,2003-10-12,DAL,PHI,3,23,21,1,13,6,1
2003,2003-10-12,DEN,PIT,3,17,14,1,10,21,0
2003,2003-10-12,GB,KC,0,34,40,1,8,2,0
2003,2003-10-12,IND,CAR,0,20,23,1,4,7,1
2003,2003-10-12,JAX,MIA,0,10,24,1,23,12,0
2003,2003-10-12,NE,NYG,3,17,6,1,1,31,0
2003,2003-10-12,NO,CHI,3,20,13,1,15,19,0
2003,2003-10-12,NYJ,BUF,3,30,3,1,20,22,0
2003,2003-10-12,SEA,SF,3,20,19,1,11,17,0
2003,2003-10-12,TEN,HOU,3,38,17,1,5,28,0
2003,2003-10-12,WAS,TB,0,13,35,1,25,18,0
2003,2003-10-13,LAR,ATL,3,36,0,1,3,27,0
2003,2003-10-19,ATL,NO,0,17,45,1,27,15,0
2003,2003-10-19,BUF,WAS,3,24,7,1,22,25,0
2003,2003-10-19,CAR,TEN,0,17,37,1,7,5,0
2003,2003-10-19,CIN,BAL,3,34,26,1,16,9,1
2003,2003-10-19,CLE,LAC,0,20,26,1,24,30,1
2003,2003-10-19,DET,DAL,0,7,38,1,26,13,0
2003,2003-10-19,HOU,NYJ,0,14,19,1,28,20,0
2003,2003-10-19,LAR,GB,3,34,24,1,3,8,0
2003,2003-10-19,MIA,NE,0,13,19,1,12,1,0
2003,2003-10-19,MIN,DEN,3,28,20,1,14,10,1
2003,2003-10-19,NYG,PHI,0,10,14,1,31,6,0
2003,2003-10-19,SEA,CHI,3,24,17,1,11,19,0
2003,2003-10-19,SF,TB,3,24,7,1,17,18,0
2003,2003-10-20,LV,KC,0,10,17,1,29,2,0
2003,2003-10-26,ARI,SF,3,16,13,1,32,17,1
2003,2003-10-26,BAL,DEN,3,26,6,1,9,10,0
2003,2003-10-26,CHI,DET,3,24,16,1,19,26,0
2003,2003-10-26,CIN,SEA,3,27,24,1,16,11,1
2003,2003-10-26,IND,HOU,3,30,21,1,4,28,0
2003,2003-10-26,JAX,TEN,0,17,30,1,23,5,0
2003,2003-10-26,KC,BUF,3,38,5,1,2,22,0
2003,2003-10-26,MIN,NYG,0,17,29,1,14,31,1
2003,2003-10-26,NE,CLE,3,9,3,1,1,24,0
2003,2003-10-26,NO,CAR,0,20,23,1,15,7,0
2003,2003-10-26,PHI,NYJ,3,24,17,1,6,20,0
2003,2003-10-26,PIT,LAR,0,21,33,1,21,3,0
2003,2003-10-26,TB,DAL,3,16,0,1,18,13,1
2003,2003-10-27,LAC,MIA,0,10,26,1,30,12,0
2003,2003-11-02,ARI,CIN,3,17,14,1,32,16,1
2003,2003-11-02,ATL,PHI,0,16,23,1,27,6,0
2003,2003-11-02,BAL,JAX,3,24,17,1,9,23,0
2003,2003-11-02,CHI,LAC,3,20,7,1,19,30,0
2003,2003-11-02,DAL,WAS,3,21,14,1,13,25,0
2003,2003-11-02,DET,LV,3,23,13,1,26,29,0
2003,2003-11-02,HOU,CAR,3,14,10,1,28,7,1
2003,2003-11-02,MIA,IND,0,17,23,1,12,4,0
2003,2003-11-02,MIN,GB,0,27,30,1,14,8,0
2003,2003-11-02,NYJ,NYG,0,28,31,1,20,31,1
2003,2003-11-02,SEA,PIT,3,23,16,1,11,21,0
2003,2003-11-02,SF,LAR,3,30,10,1,17,3,1
2003,2003-11-02,TB,NO,0,14,17,1,18,15,0
2003,2003-11-03,DEN,NE,0,26,30,1,10,1,0
2003,2003-11-09,CAR,TB,3,27,24,1,7,18,0
2003,2003-11-09,CIN,HOU,3,34,27,1,16,28,0
2003,2003-11-09,DAL,BUF,3,10,6,1,13,22,0
2003,2003-11-09,DET,CHI,3,12,10,1,26,19,1
2003,2003-11-09,JAX,IND,3,28,23,1,23,4,1
2003,2003-11-09,KC,CLE,3,41,20,1,2,24,0
2003,2003-11-09,LAC,MIN,3,42,28,1,30,14,1
2003,2003-11-09,LAR,BAL,3,33,22,1,3,9,0
2003,2003-11-09,LV,NYJ,0,24,27,1,29,20,0
2003,2003-11-09,NYG,ATL,0,7,27,1,31,27,0
2003,2003-11-09,PIT,ARI,3,28,15,1,21,32,0
2003,2003-11-09,TEN,MIA,3,31,7,1,5,12,0
2003,2003-11-09,WAS,SEA,3,27,20,1,25,11,1
2003,2003-11-10,GB,PHI,0,14,17,1,8,6,0
2003,2003-11-16,BUF,HOU,0,10,12,1,22,28,1
2003,2003-11-16,CAR,WAS,3,20,17,1,7,25,0
2003,2003-11-16,CHI,LAR,0,21,23,1,19,3,0
2003,2003-11-16,CIN,KC,3,24,19,1,16,2,1
2003,2003-11-16,CLE,ARI,3,44,6,1,24,32,0
2003,2003-11-16,DEN,LAC,3,37,8,1,10,30,0
2003,2003-11-16,IND,NYJ,3,38,31,1,4,20,0
2003,2003-11-16,LV,MIN,3,28,18,1,29,14,1
2003,2003-11-16,MIA,BAL,3,9,6,1,12,9,1
2003,2003-11-16,NE,DAL,3,12,0,1,1,13,0
2003,2003-11-16,NO,ATL,3,23,20,1,15,27,0
2003,2003-11-16,PHI,NYG,3,28,10,1,6,31,0
2003,2003-11-16,SEA,DET,3,35,14,1,11,26,0
2003,2003-11-16,TB,GB,0,13,20,1,18,8,0
2003,2003-11-16,TEN,JAX,3,10,3,1,5,23,0
2003,2003-11-17,SF,PIT,3,30,14,1,17,21,0
2003,2003-11-23,ARI,LAR,0,27,30,1,32,3,0
2003,2003-11-23,ATL,TEN,0,31,38,1,27,5,0
2003,2003-11-23,BAL,SEA,3,44,41,1,9,11,0
2003,2003-11-23,BUF,IND,0,14,17,1,22,4,0
2003,2003-11-23,CLE,PIT,0,6,13,1,24,21,0
2003,2003-11-23,DAL,CAR,3,24,20,1,13,7,1
2003,2003-11-23,DEN,CHI,0,10,19,1,10,19,1
2003,2003-11-23,GB,SF,3,20,10,1,8,17,0
2003,2003-11-23,HOU,NE,0,20,23,1,28,1,0
2003,2003-11-23,KC,LV,3,27,24,1,2,29,0
2003,2003-11-23,LAC,CIN,0,27,34,1,30,16,0
2003,2003-11-23,MIA,WAS,3,24,23,1,12,25,0
2003,2003-11-23,MIN,DET,3,24,14,1,14,26,0
2003,2003-11-23,NYJ,JAX,3,13,10,1,20,23,0
2003,2003-11-23,PHI,NO,3,33,20,1,6,15,0
2003,2003-11-24,TB,NYG,3,19,13,1,18,31,0
2003,2003-11-27,DAL,MIA,0,21,40,1,13,12,0
2003,2003-11-27,DET,GB,3,22,14,1,26,8,1
2003,2003-11-30,BAL,SF,3,44,6,1,9,17,0
2003,2003-11-30,CAR,PHI,0,16,25,1,7,6,0
2003,2003-11-30,CHI,ARI,3,28,3,1,19,32,0
2003,2003-11-30,HOU,ATL,3,17,13,1,28,27,1
2003,2003-11-30,IND,NE,0,34,38,1,4,1,0
2003,2003-11-30,JAX,TB,3,17,10,1,23,18,1
2003,2003-11-30,LAC,KC,0,24,28,1,30,2,0
2003,2003-11-30,LAR,MIN,3,48,17,1,3,14,0
2003,2003-11-30,LV,DEN,0,8,22,1,29,10,0
2003,2003-11-30,NYG,BUF,0,7,24,1,31,22,0
2003,2003-11-30,PIT,CIN,0,20,24,1,21,16,0
2003,2003-11-30,SEA,CLE,3,34,7,1,11,24,0
2003,2003-11-30,WAS,NO,0,20,24,1,25,15,0
2003,2003-12-01,NYJ,TEN,3,24,17,1,20,5,1
2003,2003-12-07,ATL,CAR,3,20,14,1,27,7,1
2003,2003-12-07,BAL,CIN,3,31,13,1,9,16,0
2003,2003-12-07,BUF,NYJ,3,17,6,1,22,20,1
2003,2003-12-07,DEN,KC,3,45,27,1,10,2,1
2003,2003-12-07,DET,LAC,0,7,14,1,26,30,1
2003,2003-12-07,GB,CHI,3,34,21,1,8,19,0
2003,2003-12-07,JAX,HOU,3,27,0,1,23,28,0
2003,2003-12-07,MIN,SEA,3,34,7,1,14,11,1
2003,2003-12-07,NE,MIA,3,12,0,1,1,12,0
2003,2003-12-07,NO,TB,0,7,14,1,15,18,1
2003,2003-12-07,NYG,WAS,0,7,20,1,31,25,0
2003,2003-12-07,PHI,DAL,3,36,10,1,6,13,0
2003,2003-12-07,PIT,LV,3,27,7,1,21,29,0
2003,2003-12-07,SF,ARI,3,50,14,1,17,32,0
2003,2003-12-07,TEN,IND,0,27,29,1,5,4,0
2003,2003-12-08,CLE,LAR,0,20,26,1,24,3,0
2003,2003-12-14,ARI,CAR,0,17,20,1,32,7,0
2003,2003-12-14,CHI,MIN,3,13,10,1,19,14,1
2003,2003-12-14,CIN,SF,3,41,38,1,16,17,0
2003,2003-12-14,DEN,CLE,3,23,20,1,10,24,0
2003,2003-12-14,IND,ATL,3,38,7,1,4,27,0
2003,2003-12-14,KC,DET,3,45,17,1,2,26,0
2003,2003-12-14,LAC,GB,0,21,38,1,30,8,0
2003,2003-12-14,LAR,SEA,3,27,22,1,3,11,0
2003,2003-12-14,LV,BAL,3,20,12,1,29,9,1
2003,2003-12-14,NE,JAX,3,27,13,1,1,23,0
2003,2003-12-14,NO,NYG,3,45,7,1,15,31,0
2003,2003-12-14,NYJ,PIT,3,6,0,1,20,21,0
2003,2003-12-14,TB,HOU,3,16,3,1,18,28,0
2003,2003-12-14,TEN,BUF,3,28,26,1,5,22,0
2003,2003-12-14,WAS,DAL,0,0,27,1,25,13,0
2003,2003-12-15,MIA,PHI,0,27,34,1,12,6,0
2003,2003-12-20,MIN,KC,3,45,20,1,14,2,1
2003,2003-12-20,NYJ,NE,0,16,21,1,20,1,0
2003,2003-12-20,TB,ATL,0,28,30,1,18,27,1
2003,2003-12-21,BUF,MIA,0,3,20,1,22,12,0
2003,2003-12-21,CAR,DET,3,20,14,1,7,26,0
2003,2003-12-21,CHI,WAS,3,27,24,1,19,25,0
2003,2003-12-21,CLE,BAL,0,0,35,1,24,9,0
2003,2003-12-21,DAL,NYG,3,19,3,1,13,31,0
2003,2003-12-21,HOU,TEN,0,24,27,1,28,5,0
2003,2003-12-21,IND,DEN,0,17,31,1,4,10,1
2003,2003-12-21,JAX,NO,3,20,19,1,23,15,1
2003,2003-12-21,LAR,CIN,3,27,10,1,3,16,0
2003,2003-12-21,PHI,SF,0,28,31,1,6,17,1
2003,2003-12-21,PIT,LAC,3,40,24,1,21,30,0
2003,2003-12-21,SEA,ARI,3,28,10,1,11,32,0
2003,2003-12-22,LV,GB,0,7,41,1,29,8,0
2003,2003-12-27,NE,BUF,3,31,0,1,1,22,0
2003,2003-12-27,SF,SEA,0,17,24,1,17,11,0
2003,2003-12-27,WAS,PHI,0,7,31,1,25,6,0
2003,2003-12-28,ARI,MIN,3,18,17,1,32,14,1
2003,2003-12-28,ATL,JAX,3,21,14,1,27,23,1
2003,2003-12-28,BAL,PIT,3,13,10,1,9,21,0
2003,2003-12-28,CIN,CLE,0,14,22,1,16,24,1
2003,2003-12-28,DET,LAR,3,30,20,1,26,3,1
2003,2003-12-28,GB,DEN,3,31,3,1,8,10,0
2003,2003-12-28,HOU,IND,0,17,20,1,28,4,0
2003,2003-12-28,KC,CHI,3,31,3,1,2,19,0
2003,2003-12-28,LAC,LV,3,21,14,1,30,29,1
2003,2003-12-28,MIA,NYJ,3,23,21,1,12,20,0
2003,2003-12-28,NO,DAL,3,13,7,1,15,13,1
2003,2003-12-28,NYG,CAR,0,24,37,1,31,7,0
2003,2003-12-28,TEN,TB,3,33,13,1,5,18,0
2004,2004-09-09,NE,IND,3,27,24,1,2,4,0
2004,2004-09-11,MIA,TEN,0,7,17,1,30,27,0
2004,2004-09-12,BUF,JAX,0,10,13,1,10,13,1
2004,2004-09-12,CHI,DET,0,16,20,1,28,24,0
2004,2004-09-12,CLE,BAL,3,20,3,1,31,11,1
2004,2004-09-12,DEN,KC,3,34,24,1,7,18,0
2004,2004-09-12,HOU,LAC,0,20,27,1,20,5,0
2004,2004-09-12,LAR,ARI,3,17,10,1,17,22,0
2004,2004-09-12,MIN,DAL,3,35,17,1,14,25,0
2004,2004-09-12,NO,SEA,0,7,21,1,16,12,0
2004,2004-09-12,NYJ,CIN,3,31,24,1,8,15,0
2004,2004-09-12,PHI,NYG,3,31,17,1,3,23,0
2004,2004-09-12,PIT,LV,3,24,21,1,1,29,0
2004,2004-09-12,SF,ATL,0,19,21,1,32,6,0
2004,2004-09-12,WAS,TB,3,16,10,1,21,26,0
2004,2004-09-13,CAR,GB,0,14,24,1,19,9,0
2004,2004-09-19,ARI,NE,0,12,23,1,22,2,0
2004,2004-09-19,ATL,LAR,3,34,17,1,6,17,0
2004,2004-09-19,BAL,PIT,3,30,13,1,11,1,1
2004,2004-09-19,CIN,MIA,3,16,13,1,15,30,0
2004,2004-09-19,DAL,CLE,3,19,12,1,25,31,0
2004,2004-09-19,DET,HOU,3,28,16,1,24,20,1
2004,2004-09-19,GB,CHI,0,10,21,1,9,28,1
2004,2004-09-19,JAX,DEN,3,7,6,1,13,7,1
2004,2004-09-19,KC,CAR,0,17,28,1,18,19,1
2004,2004-09-19,LAC,NYJ,0,28,34,1,5,8,1
2004,2004-09-19,LV,BUF,3,13,10,1,29,10,1
2004,2004-09-19,NO,SF,3,30,27,1,16,32,0
2004,2004-09-19,NYG,WAS,3,20,14,1,23,21,1
2004,2004-09-19,TB,SEA,0,6,10,1,26,12,0
2004,2004-09-19,TEN,IND,0,17,31,1,27,4,0
2004,2004-09-20,PHI,MIN,3,27,16,1,3,14,0
2004,2004-09-26,ATL,ARI,3,6,3,1,6,22,0
2004,2004-09-26,CIN,BAL,0,9,23,1,15,11,0
2004,2004-09-26,DEN,LAC,3,23,13,1,7,5,1
2004,2004-09-26,DET,PHI,0,13,30,1,24,3,0
2004,2004-09-26,IND,GB,3,45,31,1,4,9,0
2004,2004-09-26,KC,HOU,0,21,24,1,18,20,1
2004,2004-09-26,LAR,NO,0,25,28,1,17,16,0
2004,2004-09-26,LV,TB,3,30,20,1,29,26,1
2004,2004-09-26,MIA,PIT,0,3,13,1,30,1,0
2004,2004-09-26,MIN,CHI,3,27,22,1,14,28,0
2004,2004-09-26,NYG,CLE,3,27,10,1,23,31,0
2004,2004-09-26,SEA,SF,3,34,0,1,12,32,0
2004,2004-09-26,TEN,JAX,0,12,15,1,27,13,0
2004,2004-09-27,WAS,DAL,0,18,21,1,21,25,1
2004,2004-10-03,ARI,NO,3,34,10,1,22,16,1
2004,2004-10-03,BUF,NE,0,17,31,1,10,2,0
2004,2004-10-03,CAR,ATL,0,10,27,1,19,6,0
2004,2004-10-03,CHI,PHI,0,9,19,1,28,3,0
2004,2004-10-03,CLE,WAS,3,17,13,1,31,21,1
2004,2004-10-03,GB,NYG,0,7,14,1,9,23,1
2004,2004-10-03,HOU,LV,3,30,17,1,20,29,0
2004,2004-10-03,JAX,IND,0,17,24,1,13,4,0
2004,2004-10-03,LAC,TEN,3,38,17,1,5,27,0
2004,2004-10-03,MIA,NYJ,0,9,17,1,30,8,0
2004,2004-10-03,PIT,CIN,3,28,17,1,1,15,0
2004,2004-10-03,SF,LAR,0,14,24,1,32,17,0
2004,2004-10-03,TB,DEN,0,13,16,1,26,7,0
2004,2004-10-04,BAL,KC,0,24,27,1,11,18,1
2004,2004-10-10,ATL,DET,0,10,17,1,6,24,1
2004,2004-10-10,DAL,NYG,0,10,26,1,25,23,0
2004,2004-10-10,DEN,CAR,3,20,17,1,7,19,0
2004,2004-10-10,HOU,MIN,0,28,34,1,20,14,0
2004,2004-10-10,IND,LV,3,35,14,1,4,29,0
2004,2004-10-10,LAC,JAX,3,34,21,1,5,13,0
2004,2004-10-10,NE,MIA,3,24,10,1,2,30,0
2004,2004-10-10,NO,TB,0,17,20,1,16,26,1
2004,2004-10-10,NYJ,BUF,3,16,14,1,8,10,0
2004,2004-10-10,PIT,CLE,3,34,23,1,1,31,0
2004,2004-10-10,SEA,LAR,0,27,33,1,12,17,1
2004,2004-10-10,SF,ARI,3,31,28,1,32,22,1
2004,2004-10-10,WAS,BAL,0,10,17,1,21,11,0
2004,2004-10-11,GB,TEN,0,27,48,1,9,27,1
2004,2004-10-17,ATL,LAC,3,21,20,1,6,5,1
2004,2004-10-17,BUF,MIA,3,20,13,1,10,30,0
2004,2004-10-17,CHI,WAS,0,10,13,1,28,21,0
2004,2004-10-17,CLE,CIN,3,34,17,1,31,15,1
2004,2004-10-17,DAL,PIT,0,20,24,1,25,1,0
2004,2004-10-17,DET,GB,0,10,38,1,24,9,0
2004,2004-10-17,JAX,KC,3,22,16,1,13,18,0
2004,2004-10-17,LV,DEN,0,3,31,1,29,7,0
2004,2004-10-17,NE,SEA,3,30,20,1,2,12,0
2004,2004-10-17,NO,MIN,0,31,38,1,16,14,0
2004,2004-10-17,NYJ,SF,3,22,14,1,8,32,0
2004,2004-10-17,PHI,CAR,3,30,8,1,3,19,0
2004,2004-10-17,TEN,HOU,0,10,20,1,27,20,0
2004,2004-10-18,LAR,TB,3,28,21,1,17,26,0
2004,2004-10-24,ARI,SEA,3,25,17,1,22,12,1
2004,2004-10-24,BAL,BUF,3,20,6,1,11,10,1
2004,2004-10-24,CAR,LAC,0,6,17,1,19,5,0
2004,2004-10-24,CLE,PHI,0,31,34,1,31,3,0
2004,2004-10-24,GB,DAL,3,41,20,1,9,25,0
2004,2004-10-24,IND,JAX,0,24,27,1,4,13,1
2004,2004-10-24,KC,ATL,3,56,10,1,18,6,1
2004,2004-10-24,LV,NO,0,26,31,1,29,16,0
2004,2004-10-24,MIA,LAR,3,31,14,1,30,17,1
2004,2004-10-24,MIN,TEN,3,20,3,1,14,27,0
2004,2004-10-24,NE,NYJ,3,13,7,1,2,8,0
2004,2004-10-24,NYG,DET,0,13,28,1,23,24,1
2004,2004-10-24,TB,CHI,3,19,7,1,26,28,0
2004,2004-10-25,CIN,DEN,3,23,10,1,15,7,1
2004,2004-10-31,BUF,ARI,3,38,14,1,10,22,0
2004,2004-10-31,CHI,SF,3,23,13,1,28,32,0
2004,2004-10-31,DAL,DET,3,31,21,1,25,24,1
2004,2004-10-31,DEN,ATL,0,28,41,1,7,6,0
2004,2004-10-31,HOU,JAX,3,20,6,1,20,13,1
2004,2004-10-31,KC,IND,3,45,35,1,18,4,1
2004,2004-10-31,LAC,LV,3,42,14,1,5,29,0
2004,2004-10-31,MIN,NYG,0,13,34,1,14,23,1
2004,2004-10-31,PHI,BAL,3,15,10,1,3,11,0
2004,2004-10-31,PIT,NE,3,34,20,1,1,2,0
2004,2004-10-31,SEA,CAR,3,23,17,1,12,19,0
2004,2004-10-31,TEN,CIN,3,27,20,1,27,15,1
2004,2004-10-31,WAS,GB,0,14,28,1,21,9,0
2004,2004-11-01,NYJ,MIA,3,41,14,1,8,30,0
2004,2004-11-07,BAL,CLE,3,27,13,1,11,31,0
2004,2004-11-07,BUF,NYJ,3,22,17,1,10,8,1
2004,2004-11-07,CAR,LV,0,24,27,1,19,29,1
2004,2004-11-07,CIN,DAL,3,26,3,1,15,25,0
2004,2004-11-07,DEN,HOU,3,31,13,1,7,20,0
2004,2004-11-07,DET,WAS,0,10,17,1,24,21,0
2004,2004-11-07,LAC,NO,3,43,17,1,5,16,0
2004,2004-11-07,LAR,NE,0,22,40,1,17,2,0
2004,2004-11-07,MIA,ARI,0,23,24,1,30,22,0
2004,2004-11-07,NYG,CHI,0,21,28,1,23,28,1
2004,2004-11-07,PIT,PHI,3,27,3,1,1,3,0
2004,2004-11-07,SF,SEA,0,27,42,1,32,12,0
2004,2004-11-07,TB,KC,3,34,31,1,26,18,1
2004,2004-11-08,IND,MIN,3,31,28,1,4,14,0
2004,2004-11-14,ARI,NYG,3,17,14,1,22,23,0
2004,2004-11-14,ATL,TB,3,24,14,1,6,26,0
2004,2004-11-14,CLE,PIT,0,10,24,1,31,1,0
2004,2004-11-14,GB,MIN,3,34,31,1,9,14,0
2004,2004-11-14,IND,HOU,3,49,14,1,4,20,0
2004,2004-11-14,JAX,DET,3,23,17,1,13,24,0
2004,2004-11-14,LAR,SEA,3,23,12,1,17,12,1
2004,2004-11-14,NE,BUF,3,29,6,1,2,10,0
2004,2004-11-14,NO,KC,3,27,20,1,16,18,0
2004,2004-11-14,NYJ,BAL,0,17,20,1,8,11,1
2004,2004-11-14,SF,CAR,0,27,37,1,32,19,0
2004,2004-11-14,TEN,CHI,0,17,19,1,27,28,1
2004,2004-11-14,WAS,CIN,0,10,17,1,21,15,0
2004,2004-11-15,DAL,PHI,0,21,49,1,25,3,0
2004,2004-11-21,BAL,DAL,3,30,10,1,11,25,0
2004,2004-11-21,BUF,LAR,3,37,17,1,10,17,0
2004,2004-11-21,CAR,ARI,3,35,10,1,19,22,0
2004,2004-11-21,CHI,IND,0,10,41,1,28,4,0
2004,2004-11-21,CIN,PIT,0,14,19,1,15,1,0
2004,2004-11-21,CLE,NYJ,0,7,10,1,31,8,0
2004,2004-11-21,HOU,GB,0,13,16,1,20,9,0
2004,2004-11-21,JAX,TEN,0,15,18,1,13,27,1
2004,2004-11-21,LV,LAC,0,17,23,1,29,5,0
2004,2004-11-21,MIN,DET,3,22,19,1,14,24,0
2004,2004-11-21,NO,DEN,0,13,34,1,16,7,0
2004,2004-11-21,NYG,ATL,0,10,14,1,23,6,0
2004,2004-11-21,PHI,WAS,3,28,6,1,3,21,0
2004,2004-11-21,SEA,MIA,3,24,17,1,12,30,0
2004,2004-11-21,TB,SF,3,35,3,1,26,32,0
2004,2004-11-22,KC,NE,0,19,27,1,18,2,0
2004,2004-11-25,DAL,CHI,3,21,7,1,25,28,0
2004,2004-11-25,DET,IND,0,9,41,1,24,4,0
2004,2004-11-28,ARI,NYJ,0,3,13,1,22,8,0
2004,2004-11-28,ATL,NO,3,24,21,1,6,16,0
2004,2004-11-28,CAR,TB,3,21,14,1,19,26,0
2004,2004-11-28,CIN,CLE,3,58,48,1,15,31,0
2004,2004-11-28,DEN,LV,0,24,25,1,7,29,1
2004,2004-11-28,HOU,TEN,3,31,21,1,20,27,0
2004,2004-11-28,KC,LAC,0,31,34,1,18,5,0
2004,2004-11-28,MIN,JAX,3,27,16,1,14,13,1
2004,2004-11-28,NE,BAL,3,24,3,1,2,11,0
2004,2004-11-28,NYG,PHI,0,6,27,1,23,3,0
2004,2004-11-28,PIT,WAS,3,16,7,1,1,21,0
2004,2004-11-28,SEA,BUF,0,9,38,1,12,10,0
2004,2004-11-28,SF,MIA,0,17,24,1,32,30,0
2004,2004-11-29,GB,LAR,3,45,17,1,9,17,0
2004,2004-12-05,BAL,CIN,0,26,27,1,11,15,1
2004,2004-12-05,CHI,MIN,3,24,14,1,28,14,1
2004,2004-12-05,CLE,NE,0,15,42,1,31,2,0
2004,2004-12-05,DET,ARI,3,26,12,1,24,22,1
2004,2004-12-05,IND,TEN,3,51,24,1,4,27,0
2004,2004-12-05,JAX,PIT,0,16,17,1,13,1,0
2004,2004-12-05,LAC,DEN,3,20,17,1,5,7,0
2004,2004-12-05,LAR,SF,3,16,6,1,17,32,0
2004,2004-12-05,LV,KC,0,27,34,1,29,18,0
2004,2004-12-05,MIA,BUF,0,32,42,1,30,10,0
2004,2004-12-05,NO,CAR,0,21,32,1,16,19,1
2004,2004-12-05,NYJ,HOU,3,29,7,1,8,20,0
2004,2004-12-05,PHI,GB,3,47,17,1,3,9,0
2004,2004-12-05,TB,ATL,3,27,0,1,26,6,1
2004,2004-12-05,WAS,NYG,3,31,7,1,21,23,0
2004,2004-12-06,SEA,DAL,0,39,43,1,12,25,1
2004,2004-12-12,ARI,SF,0,28,31,1,22,32,1
2004,2004-12-12,ATL,LV,3,35,10,1,6,29,0
2004,2004-12-12,BAL,NYG,3,37,14,1,11,23,0
2004,2004-12-12,BUF,CLE,3,37,7,1,10,31,0
2004,2004-12-12,CAR,LAR,3,20,7,1,19,17,1
2004,2004-12-12,DAL,NO,0,13,27,1,25,16,0
2004,2004-12-12,DEN,MIA,3,20,17,1,7,30,0
2004,2004-12-12,GB,DET,3,16,13,1,9,24,0
2004,2004-12-12,HOU,IND,0,14,23,1,20,4,0
2004,2004-12-12,JAX,CHI,3,22,3,1,13,28,0
2004,2004-12-12,LAC,TB,3,31,24,1,5,26,0
2004,2004-12-12,MIN,SEA,0,23,27,1,14,12,0
2004,2004-12-12,NE,CIN,3,35,28,1,2,15,0
2004,2004-12-12,PIT,NYJ,3,17,6,1,1,8,0
2004,2004-12-12,WAS,PHI,0,14,17,1,21,3,0
2004,2004-12-13,TEN,KC,0,38,49,1,27,18,0
2004,2004-12-18,ATL,CAR,3,34,31,1,6,19,0
2004,2004-12-18,NYG,PIT,0,30,33,1,23,1,0
2004,2004-12-18,SF,WAS,0,16,26,1,32,21,0
2004,2004-12-19,ARI,LAR,3,31,7,1,22,17,1
2004,2004-12-19,CHI,HOU,0,5,24,1,28,20,0
2004,2004-12-19,CIN,BUF,0,17,33,1,15,10,0
2004,2004-12-19,CLE,LAC,0,0,21,1,31,5,0
2004,2004-12-19,DET,MIN,0,27,28,1,24,14,0
2004,2004-12-19,GB,JAX,0,25,28,1,9,13,1
2004,2004-12-19,IND,BAL,3,20,10,1,4,11,0
2004,2004-12-19,KC,DEN,3,45,17,1,18,7,1
2004,2004-12-19,LV,TEN,3,40,35,1,29,27,1
2004,2004-12-19,NYJ,SEA,3,37,14,1,8,12,0
2004,2004-12-19,PHI,DAL,3,12,7,1,3,25,0
2004,2004-12-19,TB,NO,0,17,21,1,26,16,0
2004,2004-12-20,MIA,NE,3,29,28,1,30,2,1
2004,2004-12-24,MIN,GB,0,31,34,1,14,9,0
2004,2004-12-25,KC,LV,3,31,30,1,18,29,0
2004,2004-12-25,TEN,DEN,0,16,37,1,27,7,0
2004,2004-12-26,CIN,NYG,3,23,22,1,15,23,0
2004,2004-12-26,DAL,WAS,3,13,10,1,25,21,1
2004,2004-12-26,DET,CHI,3,19,13,1,24,28,0
2004,2004-12-26,IND,LAC,3,34,31,1,4,5,0
2004,2004-12-26,JAX,HOU,0,0,21,1,13,20,1
2004,2004-12-26,MIA,CLE,3,10,7,1,30,31,0
2004,2004-12-26,NO,ATL,3,26,13,1,16,6,1
2004,2004-12-26,NYJ,NE,0,7,23,1,8,2,0
2004,2004-12-26,PIT,BAL,3,20,7,1,1,11,0
2004,2004-12-26,SEA,ARI,3,24,21,1,12,22,0
2004,2004-12-26,SF,BUF,0,7,41,1,32,10,0
2004,2004-12-26,TB,CAR,0,20,37,1,26,19,0
2004,2004-12-27,LAR,PHI,3,20,7,1,17,3,1
2004,2005-01-02,ARI,TB,3,12,7,1,22,26,0
2004,2005-01-02,BAL,MIA,3,30,23,1,11,30,0
2004,2005-01-02,BUF,PIT,0,24,29,1,10,1,0
2004,2005-01-02,CAR,NO,0,18,21,1,19,16,0
2004,2005-01-02,CHI,GB,0,14,31,1,28,9,0
2004,2005-01-02,DEN,IND,3,33,14,1,7,4,1
2004,2005-01-02,HOU,CLE,0,14,22,1,20,31,1
2004,2005-01-02,LAC,KC,3,24,17,1,5,18,0
2004,2005-01-02,LAR,NYJ,3,32,29,1,17,8,1
2004,2005-01-02,LV,JAX,0,6,13,1,29,13,0
2004,2005-01-02,NE,SF,3,21,7,1,2,32,0
2004,2005-01-02,NYG,DAL,3,28,24,1,23,25,0
2004,2005-01-02,PHI,CIN,0,10,38,1,3,15,1
2004,2005-01-02,SEA,ATL,3,28,26,1,12,6,1
2004,2005-01-02,TEN,DET,3,24,19,1,27,24,1
2004,2005-01-02,WAS,MIN,3,21,18,1,21,14,1
2005,2005-09-08,NE,LV,3,30,20,1,13,27,0
2005,2005-09-11,BAL,IND,0,7,24,1,19,1,0
2005,2005-09-11,BUF,HOU,3,22,7,1,25,32,0
2005,2005-09-11,CAR,NO,0,20,23,1,5,31,1
2005,2005-09-11,CLE,CIN,0,13,27,1,21,8,0
2005,2005-09-11,DET,GB,3,17,3,1,24,26,0
2005,2005-09-11,JAX,SEA,3,26,14,1,4,2,1
2005,2005-09-11,KC,NYJ,3,27,7,1,11,28,0
2005,2005-09-11,LAC,DAL,0,24,28,1,14,15,1
2005,2005-09-11,MIA,DEN,3,34,10,1,16,3,1
2005,2005-09-11,MIN,TB,0,13,24,1,17,10,0
2005,2005-09-11,NYG,ARI,3,42,19,1,7,23,0
2005,2005-09-11,PIT,TEN,3,34,7,1,6,29,0
2005,2005-09-11,SF,LAR,3,28,25,1,30,20,1
2005,2005-09-11,WAS,CHI,3,9,7,1,12,9,1
2005,2005-09-12,ATL,PHI,3,14,10,1,18,22,0
2005,2005-09-18,ARI,LAR,0,12,17,1,23,20,0
2005,2005-09-18,CAR,NE,3,27,17,1,5,13,0
2005,2005-09-18,CHI,DET,3,38,6,1,9,24,0
2005,2005-09-18,CIN,MIN,3,37,8,1,8,17,0
2005,2005-09-18,DEN,LAC,3,20,17,1,3,14,0
2005,2005-09-18,GB,CLE,0,24,26,1,26,21,0
2005,2005-09-18,HOU,PIT,0,7,27,1,32,6,0
2005,2005-09-18,IND,JAX,3,10,3,1,1,4,0
2005,2005-09-18,LV,KC,0,17,23,1,27,11,0
2005,2005-09-18,NYJ,MIA,3,17,7,1,28,16,1
2005,2005-09-18,PHI,SF,3,42,3,1,22,30,0
2005,2005-09-18,SEA,ATL,3,21,18,1,2,18,0
2005,2005-09-18,TB,BUF,3,19,3,1,10,25,0
2005,2005-09-18,TEN,BAL,3,25,10,1,29,19,1
2005,2005-09-19,DAL,WAS,0,13,14,1,15,12,0
2005,2005-09-19,NYG,NO,3,27,10,1,7,31,0
2005,2005-09-25,BUF,ATL,0,16,24,1,25,18,0
2005,2005-09-25,CHI,CIN,0,7,24,1,9,8,0
2005,2005-09-25,GB,TB,0,16,17,1,26,10,0
2005,2005-09-25,IND,CLE,3,13,6,1,1,21,0
2005,2005-09-25,LAC,NYG,3,45,23,1,14,7,1
2005,2005-09-25,LAR,TEN,3,31,27,1,20,29,0
2005,2005-09-25,MIA,CAR,3,27,24,1,16,5,1
2005,2005-09-25,MIN,NO,3,33,16,1,17,31,0
2005,2005-09-25,NYJ,JAX,0,20,26,1,28,4,0
2005,2005-09-25,PHI,LV,3,23,20,1,22,27,0
2005,2005-09-25,PIT,NE,0,20,23,1,6,13,1
2005,2005-09-25,SEA,ARI,3,37,12,1,2,23,0
2005,2005-09-25,SF,DAL,0,31,34,1,30,15,0
2005,2005-09-26,DEN,KC,3,30,10,1,3,11,0
2005,2005-10-02,ARI,SF,3,31,14,1,23,30,0
2005,2005-10-02,ATL,MIN,3,30,10,1,18,17,1
2005,2005-10-02,BAL,NYJ,3,13,3,1,19,28,0
2005,2005-10-02,CIN,HOU,3,16,10,1,8,32,0
2005,2005-10-02,JAX,DEN,0,7,20,1,4,3,0
2005,2005-10-02,KC,PHI,0,31,37,1,11,22,1
2005,2005-10-02,LV,DAL,3,19,13,1,27,15,1
2005,2005-10-02,NE,LAC,0,17,41,1,13,14,1
2005,2005-10-02,NO,BUF,3,19,7,1,31,25,1
2005,2005-10-02,NYG,LAR,3,44,24,1,7,20,0
2005,2005-10-02,TB,DET,3,17,13,1,10,24,0
2005,2005-10-02,TEN,IND,0,10,31,1,29,1,0
2005,2005-10-02,WAS,SEA,3,20,17,1,12,2,1
2005,2005-10-03,CAR,GB,3,32,29,1,5,26,0
2005,2005-10-09,ARI,CAR,0,20,24,1,23,5,0
2005,2005-10-09,ATL,NE,0,28,31,1,18,13,0
2005,2005-10-09,BUF,MIA,3,20,14,1,25,16,1
2005,2005-10-09,CLE,CHI,3,20,10,1,21,9,1
2005,2005-10-09,DAL,PHI,3,33,10,1,15,22,0
2005,2005-10-09,DEN,WAS,3,21,19,1,3,12,0
2005,2005-10-09,DET,BAL,3,35,17,1,24,19,1
2005,2005-10-09,GB,NO,3,52,3,1,26,31,0
2005,2005-10-09,HOU,TEN,0,20,34,1,32,29,0
2005,2005-10-09,JAX,CIN,3,23,20,1,4,8,0
2005,2005-10-09,LAR,SEA,0,31,37,1,20,2,0
2005,2005-10-09,NYJ,TB,3,14,12,1,28,10,1
2005,2005-10-09,SF,IND,0,3,28,1,30,1,0
2005,2005-10-10,LAC,PIT,0,22,24,1,14,6,0
2005,2005-10-16,BAL,CLE,3,16,3,1,19,21,0
2005,2005-10-16,BUF,NYJ,3,27,17,1,25,28,0
2005,2005-10-16,CHI,MIN,3,28,3,1,9,17,0
2005,2005-10-16,DAL,NYG,3,16,13,1,15,7,1
2005,2005-10-16,DEN,NE,3,28,20,1,3,13,0
2005,2005-10-16,DET,CAR,0,20,21,1,24,5,0
2005,2005-10-16,KC,WAS,3,28,21,1,11,12,0
2005,2005-10-16,LV,LAC,0,14,27,1,27,14,0
2005,2005-10-16,NO,ATL,0,31,34,1,31,18,0
2005,2005-10-16,PIT,JAX,0,17,23,1,6,4,0
2005,2005-10-16,SEA,HOU,3,42,10,1,2,32,0
2005,2005-10-16,TB,MIA,3,27,13,1,10,16,0
2005,2005-10-16,TEN,CIN,0,23,31,1,29,8,0
2005,2005-10-17,IND,LAR,3,45,28,1,1,20,0
2005,2005-10-21,MIA,KC,0,20,30,1,16,11,0
2005,2005-10-23,ARI,TEN,3,20,10,1,23,29,0
2005,2005-10-23,CHI,BAL,3,10,6,1,9,19,0
2005,2005-10-23,CIN,PIT,0,13,27,1,8,6,0
2005,2005-10-23,CLE,DET,0,10,13,1,21,24,1
2005,2005-10-23,HOU,IND,0,20,38,1,32,1,0
2005,2005-10-23,LAR,NO,3,28,17,1,20,31,0
2005,2005-10-23,LV,BUF,3,38,17,1,27,25,1
2005,2005-10-23,MIN,GB,3,23,20,1,17,26,0
2005,2005-10-23,NYG,DEN,3,24,23,1,7,3,1
2005,2005-10-23,PHI,LAC,3,20,17,1,22,14,1
2005,2005-10-23,SEA,DAL,3,13,10,1,2,15,0
2005,2005-10-23,WAS,SF,3,52,17,1,12,30,0
2005,2005-10-24,ATL,NYJ,3,27,14,1,18,28,0
2005,2005-10-30,CAR,MIN,3,38,13,1,5,17,0
2005,2005-10-30,CIN,GB,3,21,14,1,8,26,0
2005,2005-10-30,DAL,ARI,3,34,13,1,15,23,0
2005,2005-10-30,DEN,PHI,3,49,21,1,3,22,0
2005,2005-10-30,DET,CHI,0,13,19,1,24,9,0
2005,2005-10-30,HOU,CLE,3,19,16,1,32,21,1
2005,2005-10-30,LAC,KC,3,28,20,1,14,11,1
2005,2005-10-30,LAR,JAX,3,24,21,1,20,4,1
2005,2005-10-30,NE,BUF,3,21,16,1,13,25,0
2005,2005-10-30,NO,MIA,0,6,21,1,31,16,0
2005,2005-10-30,NYG,WAS,3,36,0,1,7,12,0
2005,2005-10-30,SF,TB,3,15,10,1,30,10,1
2005,2005-10-30,TEN,LV,0,25,34,1,29,27,0
2005,2005-10-31,PIT,BAL,3,20,19,1,6,19,0
2005,2005-11-06,ARI,SEA,0,19,33,1,23,2,0
2005,2005-11-06,BAL,CIN,0,9,21,1,19,8,0
2005,2005-11-06,CLE,TEN,3,20,14,1,21,29,0
2005,2005-11-06,GB,PIT,0,10,20,1,26,6,0
2005,2005-11-06,JAX,HOU,3,21,14,1,4,32,0
2005,2005-11-06,KC,LV,3,27,23,1,11,27,0
2005,2005-11-06,MIA,ATL,0,10,17,1,16,18,1
2005,2005-11-06,MIN,DET,3,27,14,1,17,24,0
2005,2005-11-06,NO,CHI,0,17,20,1,31,9,0
2005,2005-11-06,NYJ,LAC,0,26,31,1,28,14,0
2005,2005-11-06,SF,NYG,0,6,24,1,30,7,0
2005,2005-11-06,TB,CAR,0,14,34,1,10,5,0
2005,2005-11-06,WAS,PHI,3,17,10,1,12,22,0
2005,2005-11-07,NE,IND,0,21,40,1,13,1,0
2005,2005-11-13,ATL,GB,0,25,33,1,18,26,1
2005,2005-11-13,BUF,KC,3,14,3,1,25,11,1
2005,2005-11-13,CAR,NYJ,3,30,3,1,5,28,0
2005,2005-11-13,CHI,SF,3,17,9,1,9,30,0
2005,2005-11-13,DET,ARI,3,29,21,1,24,23,1
2005,2005-11-13,IND,HOU,3,31,17,1,1,32,0
2005,2005-11-13,JAX,BAL,3,30,3,1,4,19,0
2005,2005-11-13,LV,DEN,0,17,31,1,27,3,0
2005,2005-11-13,MIA,NE,0,16,23,1,16,13,0
2005,2005-11-13,NYG,MIN,0,21,24,1,7,17,1
2005,2005-11-13,PIT,CLE,3,34,21,1,6,21,0
2005,2005-11-13,SEA,LAR,3,31,16,1,2,20,0
2005,2005-11-13,TB,WAS,3,36,35,1,10,12,0
2005,2005-11-14,PHI,DAL,0,20,21,1,22,15,0
2005,2005-11-20,ATL,TB,0,27,30,1,18,10,0
2005,2005-11-20,BAL,PIT,3,16,13,1,19,6,1
2005,2005-11-20,CHI,CAR,3,13,3,1,9,5,1
2005,2005-11-20,CIN,IND,0,37,45,1,8,1,0
2005,2005-11-20,CLE,MIA,3,22,0,1,21,16,1
2005,2005-11-20,DAL,DET,3,20,7,1,15,24,0
2005,2005-11-20,DEN,NYJ,3,27,0,1,3,28,0
2005,2005-11-20,HOU,KC,0,17,45,1,32,11,0
2005,2005-11-20,LAC,BUF,3,48,10,1,14,25,0
2005,2005-11-20,LAR,ARI,0,28,38,1,20,23,1
2005,2005-11-20,NE,NO,3,24,17,1,13,31,0
2005,2005-11-20,NYG,PHI,3,27,17,1,7,22,0
2005,2005-11-20,SF,SEA,0,25,27,1,30,2,0
2005,2005-11-20,TEN,JAX,0,28,31,1,29,4,0
2005,2005-11-20,WAS,LV,0,13,16,1,12,27,1
2005,2005-11-21,GB,MIN,0,17,20,1,26,17,0
2005,2005-11-24,DAL,DEN,0,21,24,1,15,3,0
2005,2005-11-24,DET,ATL,0,7,27,1,24,18,0
2005,2005-11-27,ARI,JAX,0,17,24,1,23,4,0
2005,2005-11-27,BUF,CAR,0,9,13,1,25,5,0
2005,2005-11-27,CIN,BAL,3,42,29,1,8,19,0
2005,2005-11-27,HOU,LAR,0,27,33,1,32,20,0
2005,2005-11-27,KC,NE,3,26,16,1,11,13,0
2005,2005-11-27,LV,MIA,0,21,33,1,27,16,0
2005,2005-11-27,MIN,CLE,3,24,12,1,17,21,0
2005,2005-11-27,NYJ,NO,0,19,21,1,28,31,1
2005,2005-11-27,PHI,GB,3,19,14,1,22,26,0
2005,2005-11-27,SEA,NYG,3,24,21,1,2,7,0
2005,2005-11-27,TB,CHI,0,10,13,1,10,9,0
2005,2005-11-27,TEN,SF,3,33,22,1,29,30,0
2005,2005-11-27,WAS,LAC,0,17,23,1,12,14,1
2005,2005-11-28,IND,PIT,3,26,7,1,1,6,0
2005,2005-12-04,BAL,HOU,3,16,15,1,19,32,0
2005,2005-12-04,CAR,ATL,3,24,6,1,5,18,0
2005,2005-12-04,CHI,GB,3,19,7,1,9,26,0
2005,2005-12-04,CLE,JAX,0,14,20,1,21,4,0
2005,2005-12-04,DET,MIN,0,16,21,1,24,17,0
2005,2005-12-04,IND,TEN,3,35,3,1,1,29,0
2005,2005-12-04,KC,DEN,3,31,27,1,11,3,1
2005,2005-12-04,LAC,LV,3,34,10,1,14,27,0
2005,2005-12-04,LAR,WAS,0,9,24,1,20,12,0
2005,2005-12-04,MIA,BUF,3,24,23,1,16,25,0
2005,2005-12-04,NE,NYJ,3,16,3,1,13,28,0
2005,2005-12-04,NO,TB,0,3,10,1,31,10,0
2005,2005-12-04,NYG,DAL,3,17,10,1,7,15,0
2005,2005-12-04,PIT,CIN,0,31,38,1,6,8,1
2005,2005-12-04,SF,ARI,0,10,17,1,30,23,0
2005,2005-12-05,PHI,SEA,0,0,42,1,22,2,0
2005,2005-12-11,ARI,WAS,0,13,17,1,23,12,0
2005,2005-12-11,BUF,NE,0,7,35,1,25,13,0
2005,2005-12-11,CAR,TB,0,10,20,1,5,10,1
2005,2005-12-11,CIN,CLE,3,23,20,1,8,21,0
2005,2005-12-11,DAL,KC,3,31,28,1,15,11,1
2005,2005-12-11,DEN,BAL,3,12,10,1,3,19,0
2005,2005-12-11,GB,DET,3,16,13,1,26,24,1
2005,2005-12-11,JAX,IND,0,18,26,1,4,1,0
2005,2005-12-11,LAC,MIA,0,21,23,1,14,16,1
2005,2005-12-11,MIN,LAR,3,27,13,1,17,20,0
2005,2005-12-11,NYJ,LV,3,26,10,1,28,27,1
2005,2005-12-11,PHI,NYG,0,23,26,1,22,7,0
2005,2005-12-11,PIT,CHI,3,21,9,1,6,9,0
2005,2005-12-11,SEA,SF,3,41,3,1,2,30,0
2005,2005-12-11,TEN,HOU,3,13,10,1,29,32,0
2005,2005-12-12,ATL,NO,3,36,17,1,18,31,0
2005,2005-12-17,BUF,DEN,0,17,28,1,25,3,0
2005,2005-12-17,NE,TB,3,28,0,1,13,10,1
2005,2005-12-17,NYG,KC,3,27,17,1,7,11,0
2005,2005-12-18,CHI,ATL,3,16,3,1,9,18,0
2005,2005-12-18,DET,CIN,0,17,41,1,24,8,0
2005,2005-12-18,HOU,ARI,3,30,19,1,32,23,1
2005,2005-12-18,IND,LAC,0,17,26,1,1,14,1
2005,2005-12-18,JAX,SF,3,10,9,1,4,30,0
2005,2005-12-18,LAR,PHI,0,16,17,1,20,22,1
2005,2005-12-18,LV,CLE,0,7,9,1,27,21,0
2005,2005-12-18,MIA,NYJ,3,24,20,1,16,28,0
2005,2005-12-18,MIN,PIT,0,3,18,1,17,6,0
2005,2005-12-18,NO,CAR,0,10,27,1,31,5,0
2005,2005-12-18,TEN,SEA,0,24,28,1,29,2,0
2005,2005-12-18,WAS,DAL,3,35,7,1,12,15,0
2005,2005-12-19,BAL,GB,3,48,3,1,19,26,0
2005,2005-12-24,ARI,PHI,3,27,21,1,23,22,1
2005,2005-12-24,CAR,DAL,0,20,24,1,5,15,1
2005,2005-12-24,CIN,BUF,0,27,37,1,8,25,1
2005,2005-12-24,CLE,PIT,0,0,41,1,21,6,0
2005,2005-12-24,DEN,LV,3,22,3,1,3,27,0
2005,2005-12-24,HOU,JAX,0,20,38,1,32,4,0
2005,2005-12-24,KC,LAC,3,20,7,1,11,14,0
2005,2005-12-24,LAR,SF,0,20,24,1,20,30,1
2005,2005-12-24,MIA,TEN,3,24,10,1,16,29,0
2005,2005-12-24,NO,DET,0,12,13,1,31,24,0
2005,2005-12-24,SEA,IND,3,28,13,1,2,1,1
2005,2005-12-24,TB,ATL,3,27,24,1,10,18,0
2005,2005-12-24,WAS,NYG,3,35,20,1,12,7,1
2005,2005-12-25,BAL,MIN,3,30,23,1,19,17,1
2005,2005-12-25,GB,CHI,0,17,24,1,26,9,0
2005,2005-12-26,NYJ,NE,0,21,31,1,28,13,0
2005,2005-12-31,LAC,DEN,0,7,23,1,14,3,0
2005,2005-12-31,LV,NYG,0,21,30,1,27,7,0
2005,2006-01-01,ATL,CAR,0,11,44,1,18,5,0
2005,2006-01-01,CLE,BAL,3,20,16,1,21,19,1
2005,2006-01-01,DAL,LAR,0,10,20,1,15,20,1
2005,2006-01-01,GB,SEA,3,23,17,1,26,2,1
2005,2006-01-01,IND,ARI,3,17,13,1,1,23,0
2005,2006-01-01,JAX,TEN,3,40,13,1,4,29,0
2005,2006-01-01,KC,CIN,3,37,3,1,11,8,1
2005,2006-01-01,MIN,CHI,3,34,10,1,17,9,1
2005,2006-01-01,NE,MIA,0,26,28,1,13,16,1
2005,2006-01-01,NYJ,BUF,3,30,26,1,28,25,1
2005,2006-01-01,PHI,WAS,0,20,31,1,22,12,0
2005,2006-01-01,PIT,DET,3,35,21,1,6,24,0
2005,2006-01-01,SF,HOU,3,20,17,1,30,32,0
2005,2006-01-01,TB,NO,3,27,13,1,10,31,0
2006,2006-09-07,PIT,MIA,3,28,17,1,15,24,0
2006,2006-09-10,ARI,SF,3,34,27,1,28,23,1
2006,2006-09-10,CAR,ATL,0,6,20,1,18,22,1
2006,2006-09-10,CLE,NO,0,14,19,1,29,6,0
2006,2006-09-10,DET,SEA,0,6,9,1,31,12,0
2006,2006-09-10,GB,CHI,0,0,26,1,19,2,0
2006,2006-09-10,HOU,PHI,0,10,24,1,26,7,0
2006,2006-09-10,JAX,DAL,3,24,17,1,13,9,1
2006,2006-09-10,KC,CIN,0,10,23,1,10,14,1
2006,2006-09-10,LAR,DEN,3,18,10,1,17,11,1
2006,2006-09-10,NE,BUF,3,19,17,1,4,21,0
2006,2006-09-10,NYG,IND,0,21,26,1,16,5,0
2006,2006-09-10,TB,BAL,0,0,27,1,30,3,0
2006,2006-09-10,TEN,NYJ,0,16,23,1,20,8,0
2006,2006-09-11,LV,LAC,0,0,27,1,32,1,0
2006,2006-09-11,WAS,MIN,0,16,19,1,27,25,0
2006,2006-09-17,ATL,TB,3,14,3,1,22,30,0
2006,2006-09-17,BAL,LV,3,28,6,1,3,32,0
2006,2006-09-17,CHI,DET,3,34,7,1,2,31,0
2006,2006-09-17,CIN,CLE,3,34,17,1,14,29,0
2006,2006-09-17,DAL,WAS,3,27,10,1,9,27,0
2006,2006-09-17,DEN,KC,3,9,6,1,11,10,1
2006,2006-09-17,GB,NO,0,27,34,1,19,6,0
2006,2006-09-17,IND,HOU,3,43,24,1,5,26,0
2006,2006-09-17,LAC,TEN,3,40,7,1,1,20,0
2006,2006-09-17,MIA,BUF,0,6,16,1,24,21,0
2006,2006-09-17,MIN,CAR,3,16,13,1,25,18,1
2006,2006-09-17,NYJ,NE,0,17,24,1,8,4,0
2006,2006-09-17,PHI,NYG,0,24,30,1,7,16,1
2006,2006-09-17,SEA,ARI,3,21,10,1,12,28,0
2006,2006-09-17,SF,LAR,3,20,13,1,23,17,1
2006,2006-09-18,JAX,PIT,3,9,0,1,13,15,0
2006,2006-09-24,ARI,LAR,0,14,16,1,28,17,0
2006,2006-09-24,BUF,NYJ,0,20,28,1,21,8,0
2006,2006-09-24,CLE,BAL,0,14,15,1,29,3,0
2006,2006-09-24,DET,GB,0,24,31,1,31,19,0
2006,2006-09-24,HOU,WAS,0,15,31,1,26,27,1
2006,2006-09-24,IND,JAX,3,21,14,1,5,13,0
2006,2006-09-24,MIA,TEN,3,13,10,1,24,20,1
2006,2006-09-24,MIN,CHI,0,16,19,1,25,2,0
2006,2006-09-24,NE,DEN,0,7,17,1,4,11,1
2006,2006-09-24,PIT,CIN,0,20,28,1,15,14,0
2006,2006-09-24,SEA,NYG,3,42,30,1,12,16,0
2006,2006-09-24,SF,PHI,0,24,38,1,23,7,0
2006,2006-09-24,TB,CAR,0,24,26,1,30,18,0
2006,2006-09-25,NO,ATL,3,23,3,1,6,22,0
2006,2006-10-01,ATL,ARI,3,32,10,1,22,28,0
2006,2006-10-01,BAL,LAC,3,16,13,1,3,1,1
2006,2006-10-01,BUF,MIN,3,17,12,1,21,25,0
2006,2006-10-01,CAR,NO,3,21,18,1,18,6,1
2006,2006-10-01,CHI,SEA,3,37,6,1,2,12,0
2006,2006-10-01,CIN,NE,0,13,38,1,14,4,0
2006,2006-10-01,HOU,MIA,3,17,15,1,26,24,1
2006,2006-10-01,KC,SF,3,41,0,1,10,23,0
2006,2006-10-01,LAR,DET,3,41,34,1,17,31,0
2006,2006-10-01,LV,CLE,0,21,24,1,32,29,0
2006,2006-10-01,NYJ,IND,0,28,31,1,8,5,0
2006,2006-10-01,TEN,DAL,0,14,45,1,20,9,0
2006,2006-10-01,WAS,JAX,3,36,30,1,27,13,1
2006,2006-10-02,PHI,GB,3,31,9,1,7,19,0
2006,2006-10-08,ARI,KC,0,20,23,1,28,10,0
2006,2006-10-08,CAR,CLE,3,20,12,1,18,29,0
2006,2006-10-08,CHI,BUF,3,40,7,1,2,21,0
2006,2006-10-08,GB,LAR,0,20,23,1,19,17,0
2006,2006-10-08,IND,TEN,3,14,13,1,5,20,0
2006,2006-10-08,JAX,NYJ,3,41,0,1,13,8,1
2006,2006-10-08,LAC,PIT,3,23,13,1,1,15,0
2006,2006-10-08,MIN,DET,3,26,17,1,25,31,0
2006,2006-10-08,NE,MIA,3,20,10,1,4,24,0
2006,2006-10-08,NO,TB,3,24,21,1,6,30,0
2006,2006-10-08,NYG,WAS,3,19,3,1,16,27,0
2006,2006-10-08,PHI,DAL,3,38,24,1,7,9,0
2006,2006-10-08,SF,LV,3,34,20,1,23,32,0
2006,2006-10-09,DEN,BAL,3,13,3,1,11,3,1
2006,2006-10-15,ATL,NYG,0,14,27,1,22,16,0
2006,2006-10-15,BAL,CAR,0,21,23,1,3,18,1
2006,2006-10-15,DAL,HOU,3,34,6,1,9,26,0
2006,2006-10-15,DEN,LV,3,13,3,1,11,32,0
2006,2006-10-15,DET,BUF,3,20,17,1,31,21,1
2006,2006-10-15,LAR,SEA,0,28,30,1,17,12,0
2006,2006-10-15,NO,PHI,3,27,24,1,6,7,0
2006,2006-10-15,NYJ,MIA,3,20,17,1,8,24,0
2006,2006-10-15,PIT,KC,3,45,7,1,15,10,1
2006,2006-10-15,SF,LAC,0,19,48,1,23,1,0
2006,2006-10-15,TB,CIN,3,14,13,1,30,14,1
2006,2006-10-15,WAS,TEN,0,22,25,1,27,20,0
2006,2006-10-16,ARI,CHI,0,23,24,1,28,2,0
2006,2006-10-22,ATL,PIT,3,41,38,1,22,15,1
2006,2006-10-22,BUF,NE,0,6,28,1,21,4,0
2006,2006-10-22,CIN,CAR,3,17,14,1,14,18,0
2006,2006-10-22,CLE,DEN,0,7,17,1,29,11,0
2006,2006-10-22,HOU,JAX,3,27,7,1,26,13,1
2006,2006-10-22,IND,WAS,3,36,22,1,5,27,0
2006,2006-10-22,KC,LAC,3,30,27,1,10,1,1
2006,2006-10-22,LV,ARI,3,22,9,1,32,28,1
2006,2006-10-22,MIA,GB,0,24,34,1,24,19,0
2006,2006-10-22,NYJ,DET,3,31,24,1,8,31,0
2006,2006-10-22,SEA,MIN,0,13,31,1,12,25,1
2006,2006-10-22,TB,PHI,3,23,21,1,30,7,1
2006,2006-10-23,DAL,NYG,0,22,36,1,9,16,1
2006,2006-10-29,CAR,DAL,0,14,35,1,18,9,0
2006,2006-10-29,CHI,SF,3,41,10,1,2,23,0
2006,2006-10-29,CIN,ATL,0,27,29,1,14,22,1
2006,2006-10-29,CLE,NYJ,3,20,13,1,29,8,1
2006,2006-10-29,DEN,IND,0,31,34,1,11,5,0
2006,2006-10-29,GB,ARI,3,31,14,1,19,28,0
2006,2006-10-29,KC,SEA,3,35,28,1,10,12,0
2006,2006-10-29,LAC,LAR,3,38,24,1,1,17,0
2006,2006-10-29,LV,PIT,3,20,13,1,32,15,1
2006,2006-10-29,NO,BAL,0,22,35,1,6,3,0
2006,2006-10-29,NYG,TB,3,17,3,1,16,30,0
2006,2006-10-29,PHI,JAX,0,6,13,1,7,13,1
2006,2006-10-29,TEN,HOU,3,28,22,1,20,26,0
2006,2006-10-30,MIN,NE,0,7,31,1,25,4,0
2006,2006-11-05,BAL,CIN,3,26,20,1,3,14,0
2006,2006-11-05,BUF,GB,3,24,10,1,21,19,1
2006,2006-11-05,CHI,MIA,0,13,31,1,2,24,1
2006,2006-11-05,DET,ATL,3,30,14,1,31,22,1
2006,2006-11-05,JAX,TEN,3,37,7,1,13,20,0
2006,2006-11-05,LAC,CLE,3,32,25,1,1,29,0
2006,2006-11-05,LAR,KC,0,17,31,1,17,10,0
2006,2006-11-05,NE,IND,0,20,27,1,4,5,1
2006,2006-11-05,NYG,HOU,3,14,10,1,16,26,0
2006,2006-11-05,PIT,DEN,0,20,31,1,15,11,0
2006,2006-11-05,SF,MIN,3,9,3,1,23,25,0
2006,2006-11-05,TB,NO,0,14,31,1,30,6,0
2006,2006-11-05,WAS,DAL,3,22,19,1,27,9,1
2006,2006-11-06,SEA,LV,3,16,0,1,12,32,0
2006,2006-11-12,ARI,DAL,0,10,27,1,28,9,0
2006,2006-11-12,ATL,CLE,0,13,17,1,22,29,1
2006,2006-11-12,CIN,LAC,0,41,49,1,14,1,0
2006,2006-11-12,DET,SF,0,13,19,1,31,23,0
2006,2006-11-12,IND,BUF,3,17,16,1,5,21,0
2006,2006-11-12,JAX,HOU,0,10,13,1,13,26,1
2006,2006-11-12,LV,DEN,0,13,17,1,32,11,0
2006,2006-11-12,MIA,KC,3,13,10,1,24,10,1
2006,2006-11-12,MIN,GB,0,17,23,1,25,19,0
2006,2006-11-12,NE,NYJ,0,14,17,1,4,8,1
2006,2006-11-12,NYG,CHI,0,20,38,1,16,2,0
2006,2006-11-12,PHI,WAS,3,27,3,1,7,27,0
2006,2006-11-12,PIT,NO,3,38,31,1,15,6,1
2006,2006-11-12,SEA,LAR,3,24,22,1,12,17,0
2006,2006-11-12,TEN,BAL,0,26,27,1,20,3,0
2006,2006-11-13,CAR,TB,3,24,10,1,18,30,0
2006,2006-11-19,ARI,DET,3,17,10,1,28,31,0
2006,2006-11-19,BAL,ATL,3,24,10,1,3,22,0
2006,2006-11-19,CAR,LAR,3,15,0,1,18,17,1
2006,2006-11-19,CLE,PIT,0,20,24,1,29,15,0
2006,2006-11-19,DAL,IND,3,21,14,1,9,5,1
2006,2006-11-19,DEN,LAC,0,27,35,1,11,1,0
2006,2006-11-19,GB,NE,0,0,35,1,19,4,0
2006,2006-11-19,HOU,BUF,0,21,24,1,26,21,0
2006,2006-11-19,KC,LV,3,17,13,1,10,32,0
2006,2006-11-19,MIA,MIN,3,24,20,1,24,25,0
2006,2006-11-19,NO,CIN,0,16,31,1,6,14,1
2006,2006-11-19,NYJ,CHI,0,0,10,1,8,2,0
2006,2006-11-19,PHI,TEN,0,13,31,1,7,20,1
2006,2006-11-19,SF,SEA,3,20,14,1,23,12,1
2006,2006-11-19,TB,WAS,3,20,17,1,30,27,1
2006,2006-11-20,JAX,NYG,3,26,10,1,13,16,0
2006,2006-11-23,DAL,TB,3,38,10,1,9,30,0
2006,2006-11-23,DET,MIA,0,10,27,1,31,24,0
2006,2006-11-23,KC,DEN,3,19,10,1,10,11,0
2006,2006-11-26,ATL,NO,0,13,31,1,22,6,0
2006,2006-11-26,BAL,PIT,3,27,0,1,3,15,0
2006,2006-11-26,BUF,JAX,3,27,24,1,21,13,1
2006,2006-11-26,CLE,CIN,0,0,30,1,29,14,0
2006,2006-11-26,IND,PHI,3,45,21,1,5,7,0
2006,2006-11-26,LAC,LV,3,21,14,1,1,32,0
2006,2006-11-26,LAR,SF,3,20,17,1,17,23,0
2006,2006-11-26,MIN,ARI,3,31,26,1,25,28,0
2006,2006-11-26,NE,CHI,3,17,13,1,4,2,1
2006,2006-11-26,NYJ,HOU,3,26,11,1,8,26,0
2006,2006-11-26,TEN,NYG,3,24,21,1,20,16,1
2006,2006-11-26,WAS,CAR,3,17,13,1,27,18,1
2006,2006-11-27,SEA,GB,3,34,24,1,12,19,0
2006,2006-11-30,CIN,BAL,3,13,7,1,14,3,1
2006,2006-12-03,BUF,LAC,0,21,24,1,21,1,0
2006,2006-12-03,CHI,MIN,3,23,13,1,2,25,0
2006,2006-12-03,CLE,KC,3,31,28,1,29,10,1
2006,2006-12-03,DEN,SEA,0,20,23,1,11,12,1
2006,2006-12-03,GB,NYJ,0,10,38,1,19,8,0
2006,2006-12-03,LAR,ARI,0,20,34,1,17,28,1
2006,2006-12-03,LV,HOU,0,14,23,1,32,26,0
2006,2006-12-03,MIA,JAX,0,10,24,1,24,13,0
2006,2006-12-03,NE,DET,3,28,21,1,4,31,0
2006,2006-12-03,NO,SF,3,34,10,1,6,23,0
2006,2006-12-03,NYG,DAL,0,20,23,1,16,9,0
2006,2006-12-03,PIT,TB,3,20,3,1,15,30,0
2006,2006-12-03,TEN,IND,3,20,17,1,20,5,1
2006,2006-12-03,WAS,ATL,0,14,24,1,27,22,0
2006,2006-12-04,PHI,CAR,3,27,24,1,7,18,0
2006,2006-12-07,PIT,CLE,3,27,7,1,15,29,0
2006,2006-12-10,ARI,SEA,3,27,21,1,28,12,1
2006,2006-12-10,CAR,NYG,0,13,27,1,18,16,0
2006,2006-12-10,CIN,LV,3,27,10,1,14,32,0
2006,2006-12-10,DAL,NO,0,17,42,1,9,6,0
2006,2006-12-10,DET,MIN,0,20,30,1,31,25,0
2006,2006-12-10,HOU,TEN,0,20,26,1,26,20,0
2006,2006-12-10,JAX,IND,3,44,17,1,13,5,1
2006,2006-12-10,KC,BAL,0,10,20,1,10,3,0
2006,2006-12-10,LAC,DEN,3,48,20,1,1,11,0
2006,2006-12-10,MIA,NE,3,21,0,1,24,4,1
2006,2006-12-10,NYJ,BUF,0,13,31,1,8,21,1
2006,2006-12-10,SF,GB,0,19,30,1,23,19,0
2006,2006-12-10,TB,ATL,0,6,17,1,30,22,0
2006,2006-12-10,WAS,PHI,0,19,21,1,27,7,0
2006,2006-12-11,LAR,CHI,0,27,42,1,17,2,0
2006,2006-12-14,SEA,SF,0,14,24,1,12,23,1
2006,2006-12-16,ATL,DAL,0,28,38,1,22,9,0
2006,2006-12-17,ARI,DEN,0,20,37,1,28,11,0
2006,2006-12-17,BAL,CLE,3,27,17,1,3,29,0
2006,2006-12-17,BUF,MIA,3,21,0,1,21,24,0
2006,2006-12-17,CAR,PIT,0,3,37,1,18,15,0
2006,2006-12-17,CHI,TB,3,34,31,1,2,30,0
2006,2006-12-17,GB,DET,3,17,9,1,19,31,0
2006,2006-12-17,LAC,KC,3,20,9,1,1,10,0
2006,2006-12-17,LV,LAR,0,0,20,1,32,17,0
2006,2006-12-17,MIN,NYJ,0,13,26,1,25,8,0
2006,2006-12-17,NE,HOU,3,40,7,1,4,26,0
2006,2006-12-17,NO,WAS,0,10,16,1,6,27,1
2006,2006-12-17,NYG,PHI,0,22,36,1,16,7,0
2006,2006-12-17,TEN,JAX,3,24,17,1,20,13,1
2006,2006-12-18,IND,CIN,3,34,16,1,5,14,0
2006,2006-12-21,GB,MIN,3,9,7,1,19,25,0
2006,2006-12-23,LV,KC,0,9,20,1,32,10,0
2006,2006-12-24,ATL,CAR,0,3,10,1,22,18,0
2006,2006-12-24,BUF,TEN,0,29,30,1,21,20,0
2006,2006-12-24,CLE,TB,0,7,22,1,29,30,1
2006,2006-12-24,DEN,CIN,3,24,23,1,11,14,0
2006,2006-12-24,DET,CHI,0,21,26,1,31,2,0
2006,2006-12-24,HOU,IND,3,27,24,1,26,5,1
2006,2006-12-24,JAX,NE,0,21,24,1,13,4,0
2006,2006-12-24,LAR,WAS,3,37,31,1,17,27,0
2006,2006-12-24,NYG,NO,0,7,30,1,16,6,0
2006,2006-12-24,PIT,BAL,0,7,31,1,15,3,0
2006,2006-12-24,SEA,LAC,0,17,20,1,12,1,0
2006,2006-12-24,SF,ARI,0,20,26,1,23,28,1
2006,2006-12-25,DAL,PHI,0,7,23,1,9,7,0
2006,2006-12-25,MIA,NYJ,0,10,13,1,24,8,0
2006,2006-12-30,WAS,NYG,0,28,34,1,27,16,0
2006,2006-12-31,BAL,BUF,3,19,7,1,3,21,0
2006,2006-12-31,CHI,GB,0,7,26,1,2,19,1
2006,2006-12-31,CIN,PIT,0,17,23,1,14,15,1
2006,2006-12-31,DAL,DET,0,31,39,1,9,31,1
2006,2006-12-31,DEN,SF,0,23,26,1,11,23,1
2006,2006-12-31,HOU,CLE,3,14,6,1,26,29,0
2006,2006-12-31,IND,MIA,3,27,22,1,5,24,0
2006,2006-12-31,KC,JAX,3,35,30,1,10,13,0
2006,2006-12-31,LAC,ARI,3,27,20,1,1,28,0
2006,2006-12-31,MIN,LAR,0,21,41,1,25,17,0
2006,2006-12-31,NO,CAR,0,21,31,1,6,18,1
2006,2006-12-31,NYJ,LV,3,23,3,1,8,32,0
2006,2006-12-31,PHI,ATL,3,24,17,1,7,22,0
2006,2006-12-31,TB,SEA,0,7,23,1,30,12,0
2006,2006-12-31,TEN,NE,0,23,40,1,20,4,0
2007,2007-09-06,IND,NO,3,41,10,1,2,19,0
2007,2007-09-09,BUF,DEN,0,14,15,1,24,22,0
2007,2007-09-09,CLE,PIT,0,7,34,1,10,7,0
2007,2007-09-09,DAL,NYG,3,45,35,1,4,9,0
2007,2007-09-09,GB,PHI,3,16,13,1,3,15,0
2007,2007-09-09,HOU,KC,3,20,3,1,17,28,0
2007,2007-09-09,JAX,TEN,0,10,13,1,6,11,1
2007,2007-09-09,LAC,CHI,3,14,3,1,5,20,0
2007,2007-09-09,LAR,CAR,0,13,27,1,31,21,0
2007,2007-09-09,LV,DET,0,21,36,1,29,23,0
2007,2007-09-09,MIN,ATL,3,24,3,1,14,30,0
2007,2007-09-09,NYJ,NE,0,14,38,1,27,1,0
2007,2007-09-09,SEA,TB,3,20,6,1,8,12,0
2007,2007-09-09,WAS,MIA,3,16,13,1,13,32,0
2007,2007-09-10,CIN,BAL,3,27,20,1,18,25,0
2007,2007-09-10,SF,ARI,3,20,17,1,26,16,1
2007,2007-09-16,ARI,SEA,3,23,20,1,16,8,1
2007,2007-09-16,BAL,NYJ,3,20,13,1,25,27,0
2007,2007-09-16,CAR,HOU,0,21,34,1,21,17,0
2007,2007-09-16,CHI,KC,3,20,10,1,20,28,0
2007,2007-09-16,CLE,CIN,3,51,45,1,10,18,0
2007,2007-09-16,DEN,LV,3,23,20,1,22,29,0
2007,2007-09-16,DET,MIN,3,20,17,1,23,14,1
2007,2007-09-16,JAX,ATL,3,13,7,1,6,30,0
2007,2007-09-16,LAR,SF,0,16,17,1,31,26,0
2007,2007-09-16,MIA,DAL,0,20,37,1,32,4,0
2007,2007-09-16,NE,LAC,3,38,14,1,1,5,0
2007,2007-09-16,NYG,GB,0,13,35,1,9,3,0
2007,2007-09-16,PIT,BUF,3,26,3,1,7,24,0
2007,2007-09-16,TB,NO,3,31,14,1,12,19,0
2007,2007-09-16,TEN,IND,0,20,22,1,11,2,0
2007,2007-09-17,PHI,WAS,0,12,20,1,15,13,0
2007,2007-09-23,ATL,CAR,0,20,27,1,30,21,0
2007,2007-09-23,BAL,ARI,3,26,23,1,25,16,1
2007,2007-09-23,CHI,DAL,0,10,34,1,20,4,0
2007,2007-09-23,DEN,JAX,0,14,23,1,22,6,0
2007,2007-09-23,GB,LAC,3,31,24,1,3,5,0
2007,2007-09-23,HOU,IND,0,24,30,1,17,2,0
2007,2007-09-23,KC,MIN,3,13,10,1,28,14,1
2007,2007-09-23,LV,CLE,3,26,24,1,29,10,1
2007,2007-09-23,NE,BUF,3,38,7,1,1,24,0
2007,2007-09-23,NYJ,MIA,3,31,28,1,27,32,0
2007,2007-09-23,PHI,DET,3,56,21,1,15,23,0
2007,2007-09-23,PIT,SF,3,37,16,1,7,26,0
2007,2007-09-23,SEA,CIN,3,24,21,1,8,18,0
2007,2007-09-23,TB,LAR,3,24,3,1,12,31,0
2007,2007-09-23,WAS,NYG,0,17,24,1,13,9,0
2007,2007-09-24,NO,TEN,0,14,31,1,19,11,0
2007,2007-09-30,ARI,PIT,3,21,14,1,16,7,1
2007,2007-09-30,ATL,HOU,3,26,16,1,30,17,1
2007,2007-09-30,BUF,NYJ,3,17,14,1,24,27,0
2007,2007-09-30,CAR,TB,0,7,20,1,21,12,0
2007,2007-09-30,CLE,BAL,3,27,13,1,10,25,0
2007,2007-09-30,DAL,LAR,3,35,7,1,4,31,0
2007,2007-09-30,DET,CHI,3,37,27,1,23,20,1
2007,2007-09-30,IND,DEN,3,38,20,1,2,22,0
2007,2007-09-30,LAC,KC,0,16,30,1,5,28,1
2007,2007-09-30,MIA,LV,0,17,35,1,32,29,0
2007,2007-09-30,MIN,GB,0,16,23,1,14,3,0
2007,2007-09-30,NYG,PHI,3,16,3,1,9,15,0
2007,2007-09-30,SF,SEA,0,3,23,1,26,8,0
2007,2007-10-01,CIN,NE,0,13,34,1,18,1,0
2007,2007-10-07,DEN,LAC,0,3,41,1,22,5,0
2007,2007-10-07,GB,CHI,0,20,27,1,3,20,1
2007,2007-10-07,HOU,MIA,3,22,19,1,17,32,0
2007,2007-10-07,IND,TB,3,33,14,1,2,12,0
2007,2007-10-07,KC,JAX,0,7,17,1,28,6,0
2007,2007-10-07,LAR,ARI,0,31,34,1,31,16,0
2007,2007-10-07,NE,CLE,3,34,17,1,1,10,0
2007,2007-10-07,NO,CAR,0,13,16,1,19,21,1
2007,2007-10-07,NYG,NYJ,3,35,24,1,9,27,0
2007,2007-10-07,PIT,SEA,3,21,0,1,7,8,0
2007,2007-10-07,SF,BAL,0,7,9,1,26,25,0
2007,2007-10-07,TEN,ATL,3,20,13,1,11,30,0
2007,2007-10-07,WAS,DET,3,34,3,1,13,23,0
2007,2007-10-08,BUF,DAL,0,24,25,1,24,4,0
2007,2007-10-14,ARI,CAR,0,10,25,1,16,21,1
2007,2007-10-14,BAL,LAR,3,22,3,1,25,31,0
2007,2007-10-14,CHI,MIN,0,31,34,1,20,14,0
2007,2007-10-14,CLE,MIA,3,41,31,1,10,32,0
2007,2007-10-14,DAL,NE,0,27,48,1,4,1,0
2007,2007-10-14,GB,WAS,3,17,14,1,3,13,0
2007,2007-10-14,JAX,HOU,3,37,17,1,6,17,0
2007,2007-10-14,KC,CIN,3,27,20,1,28,18,1
2007,2007-10-14,LAC,LV,3,28,14,1,5,29,0
2007,2007-10-14,NYJ,PHI,0,9,16,1,27,15,0
2007,2007-10-14,SEA,NO,0,17,28,1,8,19,1
2007,2007-10-14,TB,TEN,3,13,10,1,12,11,1
2007,2007-10-15,ATL,NYG,0,10,31,1,30,9,0
2007,2007-10-21,BUF,BAL,3,19,14,1,24,25,0
2007,2007-10-21,CIN,NYJ,3,38,31,1,18,27,0
2007,2007-10-21,DAL,MIN,3,24,14,1,4,14,0
2007,2007-10-21,DEN,PIT,3,31,28,1,22,7,1
2007,2007-10-21,DET,TB,3,23,16,1,23,12,1
2007,2007-10-21,HOU,TEN,0,36,38,1,17,11,0
2007,2007-10-21,LV,KC,0,10,12,1,29,28,0
2007,2007-10-21,MIA,NE,0,28,49,1,32,1,0
2007,2007-10-21,NO,ATL,3,22,16,1,19,30,0
2007,2007-10-21,NYG,SF,3,33,15,1,9,26,0
2007,2007-10-21,PHI,CHI,0,16,19,1,15,20,1
2007,2007-10-21,SEA,LAR,3,33,6,1,8,31,0
2007,2007-10-21,WAS,ARI,3,21,19,1,13,16,0
2007,2007-10-22,JAX,IND,0,7,29,1,6,2,0
2007,2007-10-28,CAR,IND,0,7,31,1,21,2,0
2007,2007-10-28,CHI,DET,0,7,16,1,20,23,1
2007,2007-10-28,CIN,PIT,0,13,24,1,18,7,0
2007,2007-10-28,LAC,HOU,3,35,10,1,5,17,0
2007,2007-10-28,LAR,CLE,0,20,27,1,31,10,0
2007,2007-10-28,MIA,NYG,0,10,13,1,32,9,0
2007,2007-10-28,MIN,PHI,0,16,23,1,14,15,1
2007,2007-10-28,NE,WAS,3,52,7,1,1,13,0
2007,2007-10-28,NYJ,BUF,0,3,13,1,27,24,0
2007,2007-10-28,SF,NO,0,10,31,1,26,19,0
2007,2007-10-28,TB,JAX,0,23,24,1,12,6,0
2007,2007-10-28,TEN,LV,3,13,9,1,11,29,0
2007,2007-10-29,DEN,GB,0,13,19,1,22,3,0
2007,2007-11-04,ATL,SF,3,20,16,1,30,26,1
2007,2007-11-04,BUF,CIN,3,33,21,1,24,18,1
2007,2007-11-04,CLE,SEA,3,33,30,1,10,8,1
2007,2007-11-04,DET,DEN,3,44,7,1,23,22,1
2007,2007-11-04,IND,NE,0,20,24,1,2,1,0
2007,2007-11-04,KC,GB,0,22,33,1,28,3,0
2007,2007-11-04,LV,HOU,0,17,24,1,29,17,0
2007,2007-11-04,MIN,LAC,3,35,17,1,14,5,1
2007,2007-11-04,NO,JAX,3,41,24,1,19,6,1
2007,2007-11-04,NYJ,WAS,0,20,23,1,27,13,0
2007,2007-11-04,PHI,DAL,0,17,38,1,15,4,0
2007,2007-11-04,TB,ARI,3,17,10,1,12,16,0
2007,2007-11-04,TEN,CAR,3,20,7,1,11,21,0
2007,2007-11-05,PIT,BAL,3,38,7,1,7,25,0
2007,2007-11-11,ARI,DET,3,31,21,1,16,23,0
2007,2007-11-11,BAL,CIN,0,7,21,1,25,18,0
2007,2007-11-11,CAR,ATL,0,13,20,1,21,30,1
2007,2007-11-11,GB,MIN,3,34,0,1,3,14,0
2007,2007-11-11,KC,DEN,0,11,27,1,28,22,0
2007,2007-11-11,LAC,IND,3,23,21,1,5,2,1
2007,2007-11-11,LV,CHI,0,6,17,1,29,20,0
2007,2007-11-11,MIA,BUF,0,10,13,1,32,24,0
2007,2007-11-11,NO,LAR,0,29,37,1,19,31,1
2007,2007-11-11,NYG,DAL,0,20,31,1,9,4,0
2007,2007-11-11,PIT,CLE,3,31,28,1,7,10,0
2007,2007-11-11,TEN,JAX,0,13,28,1,11,6,0
2007,2007-11-11,WAS,PHI,0,25,33,1,13,15,1
2007,2007-11-12,SEA,SF,3,24,0,1,8,26,0
2007,2007-11-18,ATL,TB,0,7,31,1,30,12,0
2007,2007-11-18,BAL,CLE,0,30,33,1,25,10,0
2007,2007-11-18,BUF,NE,0,10,56,1,24,1,0
2007,2007-11-18,CIN,ARI,0,27,35,1,18,16,0
2007,2007-11-18,DAL,WAS,3,28,23,1,4,13,0
2007,2007-11-18,DET,NYG,0,10,16,1,23,9,0
2007,2007-11-18,GB,CAR,3,31,17,1,3,21,0
2007,2007-11-18,HOU,NO,3,23,10,1,17,19,0
2007,2007-11-18,IND,KC,3,13,10,1,2,28,0
2007,2007-11-18,JAX,LAC,3,24,17,1,6,5,1
2007,2007-11-18,MIN,LV,3,29,22,1,14,29,0
2007,2007-11-18,NYJ,PIT,3,19,16,1,27,7,1
2007,2007-11-18,PHI,MIA,3,17,7,1,15,32,0
2007,2007-11-18,SEA,CHI,3,30,23,1,8,20,0
2007,2007-11-18,SF,LAR,0,9,13,1,26,31,1
2007,2007-11-19,DEN,TEN,3,34,20,1,22,11,1
2007,2007-11-22,ATL,IND,0,13,31,1,30,2,0
2007,2007-11-22,DAL,NYJ,3,34,3,1,4,27,0
2007,2007-11-22,DET,GB,0,26,37,1,23,3,0
2007,2007-11-25,ARI,SF,0,31,37,1,16,26,1
2007,2007-11-25,CAR,NO,0,6,31,1,21,19,0
2007,2007-11-25,CHI,DEN,3,37,34,1,20,22,0
2007,2007-11-25,CIN,TEN,3,35,6,1,18,11,1
2007,2007-11-25,CLE,HOU,3,27,17,1,10,17,0
2007,2007-11-25,JAX,BUF,3,36,14,1,6,24,0
2007,2007-11-25,KC,LV,0,17,20,1,28,29,1
2007,2007-11-25,LAC,BAL,3,32,14,1,5,25,0
2007,2007-11-25,LAR,SEA,0,19,24,1,31,8,0
2007,2007-11-25,NE,PHI,3,31,28,1,1,15,0
2007,2007-11-25,NYG,MIN,0,17,41,1,9,14,1
2007,2007-11-25,TB,WAS,3,19,13,1,12,13,0
2007,2007-11-26,PIT,MIA,3,3,0,1,7,32,0
2007,2007-11-29,DAL,GB,3,37,27,1,4,3,1
2007,2007-12-02,ARI,CLE,3,27,21,1,16,10,1
2007,2007-12-02,CAR,SF,3,31,14,1,21,26,0
2007,2007-12-02,CHI,NYG,0,16,21,1,20,9,0
2007,2007-12-02,IND,JAX,3,28,25,1,2,6,0
2007,2007-12-02,KC,LAC,0,10,24,1,28,5,0
2007,2007-12-02,LAR,ATL,3,28,16,1,31,30,1
2007,2007-12-02,LV,DEN,3,34,20,1,29,22,1
2007,2007-12-02,MIA,NYJ,0,13,40,1,32,27,0
2007,2007-12-02,MIN,DET,3,42,10,1,14,23,0
2007,2007-12-02,NO,TB,0,23,27,1,19,12,0
2007,2007-12-02,PHI,SEA,0,24,28,1,15,8,0
2007,2007-12-02,PIT,CIN,3,24,10,1,7,18,0
2007,2007-12-02,TEN,HOU,3,28,20,1,11,17,0
2007,2007-12-02,WAS,BUF,0,16,17,1,13,24,1
2007,2007-12-03,BAL,NE,0,24,27,1,25,1,0
2007,2007-12-06,WAS,CHI,3,24,16,1,13,20,0
2007,2007-12-09,BAL,IND,0,20,44,1,25,2,0
2007,2007-12-09,BUF,MIA,3,38,17,1,24,32,0
2007,2007-12-09,CIN,LAR,3,19,10,1,18,31,0
2007,2007-12-09,DEN,KC,3,41,7,1,22,28,0
2007,2007-12-09,DET,DAL,0,27,28,1,23,4,0
2007,2007-12-09,GB,LV,3,38,7,1,3,29,0
2007,2007-12-09,HOU,TB,3,28,14,1,17,12,1
2007,2007-12-09,JAX,CAR,3,37,6,1,6,21,0
2007,2007-12-09,NE,PIT,3,34,13,1,1,7,0
2007,2007-12-09,NYJ,CLE,0,18,24,1,27,10,0
2007,2007-12-09,PHI,NYG,0,13,16,1,15,9,0
2007,2007-12-09,SEA,ARI,3,42,21,1,8,16,0
2007,2007-12-09,SF,MIN,0,7,27,1,26,14,0
2007,2007-12-09,TEN,LAC,0,17,23,1,11,5,0
2007,2007-12-10,ATL,NO,0,14,34,1,30,19,0
2007,2007-12-13,HOU,DEN,3,31,13,1,17,22,0
2007,2007-12-15,SF,CIN,3,20,13,1,26,18,1
2007,2007-12-16,CAR,SEA,3,13,10,1,21,8,1
2007,2007-12-16,CLE,BUF,3,8,0,1,10,24,0
2007,2007-12-16,DAL,PHI,0,6,10,1,4,15,1
2007,2007-12-16,KC,TEN,0,17,26,1,28,11,0
2007,2007-12-16,LAC,DET,3,51,14,1,5,23,0
2007,2007-12-16,LAR,GB,0,14,33,1,31,3,0
2007,2007-12-16,LV,IND,0,14,21,1,29,2,0
2007,2007-12-16,MIA,BAL,3,22,16,1,32,25,1
2007,2007-12-16,NE,NYJ,3,20,10,1,1,27,0
2007,2007-12-16,NO,ARI,3,31,24,1,19,16,1
2007,2007-12-16,NYG,WAS,0,10,22,1,9,13,1
2007,2007-12-16,PIT,JAX,0,22,29,1,7,6,0
2007,2007-12-16,TB,ATL,3,37,3,1,12,30,0
2007,2007-12-17,MIN,CHI,3,20,13,1,14,20,0
2007,2007-12-20,LAR,PIT,0,24,41,1,31,7,0
2007,2007-12-22,CAR,DAL,0,13,20,1,21,4,0
2007,2007-12-23,ARI,ATL,3,30,27,1,16,30,0
2007,2007-12-23,BUF,NYG,0,21,38,1,24,9,0
2007,2007-12-23,CHI,GB,3,35,7,1,20,3,1
2007,2007-12-23,CIN,CLE,3,19,14,1,18,10,1
2007,2007-12-23,DET,KC,3,25,20,1,23,28,0
2007,2007-12-23,IND,HOU,3,38,15,1,2,17,0
2007,2007-12-23,JAX,LV,3,49,11,1,6,29,0
2007,2007-12-23,MIN,WAS,0,21,32,1,14,13,0
2007,2007-12-23,NE,MIA,3,28,7,1,1,32,0
2007,2007-12-23,NO,PHI,0,23,38,1,19,15,0
2007,2007-12-23,SEA,BAL,3,27,6,1,8,25,0
2007,2007-12-23,SF,TB,3,21,19,1,26,12,1
2007,2007-12-23,TEN,NYJ,3,10,6,1,11,27,0
2007,2007-12-24,LAC,DEN,3,23,3,1,5,22,0
2007,2007-12-29,NYG,NE,0,35,38,1,9,1,0
2007,2007-12-30,ARI,LAR,3,48,19,1,16,31,0
2007,2007-12-30,ATL,SEA,3,44,41,1,30,8,1
2007,2007-12-30,BAL,PIT,3,27,21,1,25,7,1
2007,2007-12-30,CHI,NO,3,33,25,1,20,19,1
2007,2007-12-30,CLE,SF,3,20,7,1,10,26,0
2007,2007-12-30,DEN,MIN,3,22,19,1,22,14,1
2007,2007-12-30,GB,DET,3,34,13,1,3,23,0
2007,2007-12-30,HOU,JAX,3,42,28,1,17,6,1
2007,2007-12-30,IND,TEN,0,10,16,1,2,11,1
2007,2007-12-30,LV,LAC,0,17,30,1,29,5,0
2007,2007-12-30,MIA,CIN,0,25,38,1,32,18,0
2007,2007-12-30,NYJ,KC,3,13,10,1,27,28,0
2007,2007-12-30,PHI,BUF,3,17,9,1,15,24,0
2007,2007-12-30,TB,CAR,0,23,31,1,12,21,1
2007,2007-12-30,WAS,DAL,3,27,6,1,13,4,1
2008,2008-09-04,NYG,WAS,3,16,7,1,2,20,0
2008,2008-09-07,ATL,DET,3,34,21,1,8,32,0
2008,2008-09-07,BAL,CIN,3,17,10,1,6,27,0
2008,2008-09-07,BUF,SEA,3,34,10,1,22,28,0
2008,2008-09-07,CLE,DAL,0,10,28,1,29,16,0
2008,2008-09-07,IND,CHI,0,13,29,1,5,14,1
2008,2008-09-07,LAC,CAR,0,24,26,1,17,4,0
2008,2008-09-07,MIA,NYJ,0,14,20,1,9,12,1
2008,2008-09-07,NE,KC,3,17,10,1,7,30,0
2008,2008-09-07,NO,TB,3,24,20,1,18,13,1
2008,2008-09-07,PHI,LAR,3,38,3,1,11,31,0
2008,2008-09-07,PIT,HOU,3,38,17,1,3,19,0
2008,2008-09-07,SF,ARI,0,13,23,1,23,15,0
2008,2008-09-07,TEN,JAX,3,17,10,1,1,25,0
2008,2008-09-08,GB,MIN,3,24,19,1,24,10,1
2008,2008-09-08,LV,DEN,0,14,41,1,26,21,0
2008,2008-09-14,ARI,MIA,3,31,10,1,15,9,1
2008,2008-09-14,CAR,CHI,3,20,17,1,4,14,0
2008,2008-09-14,CIN,TEN,0,7,24,1,27,1,0
2008,2008-09-14,CLE,PIT,0,6,10,1,29,3,0
2008,2008-09-14,DEN,LAC,3,39,38,1,21,17,1
2008,2008-09-14,DET,GB,0,25,48,1,32,24,0
2008,2008-09-14,JAX,BUF,0,16,20,1,25,22,0
2008,2008-09-14,KC,LV,0,8,23,1,30,26,0
2008,2008-09-14,LAR,NYG,0,13,41,1,31,2,0
2008,2008-09-14,MIN,IND,0,15,18,1,10,5,0
2008,2008-09-14,NYJ,NE,0,10,19,1,12,7,0
2008,2008-09-14,SEA,SF,0,30,33,1,28,23,0
2008,2008-09-14,TB,ATL,3,24,9,1,13,8,1
2008,2008-09-14,WAS,NO,3,29,24,1,20,18,1
2008,2008-09-15,DAL,PHI,3,41,37,1,16,11,1
2008,2008-09-21,ATL,KC,3,38,14,1,8,30,0
2008,2008-09-21,BAL,CLE,3,28,10,1,6,29,0
2008,2008-09-21,BUF,LV,3,24,23,1,22,26,0
2008,2008-09-21,CHI,TB,0,24,27,1,14,13,0
2008,2008-09-21,DEN,NO,3,34,32,1,21,18,1
2008,2008-09-21,GB,DAL,0,16,27,1,24,16,0
2008,2008-09-21,IND,JAX,0,21,23,1,5,25,1
2008,2008-09-21,MIN,CAR,3,20,10,1,10,4,1
2008,2008-09-21,NE,MIA,0,13,38,1,7,9,1
2008,2008-09-21,NYG,CIN,3,26,23,1,2,27,0
2008,2008-09-21,PHI,PIT,3,15,6,1,11,3,1
2008,2008-09-21,SEA,LAR,3,37,13,1,28,31,0
2008,2008-09-21,SF,DET,3,31,13,1,23,32,0
2008,2008-09-21,TEN,HOU,3,31,12,1,1,19,0
2008,2008-09-21,WAS,ARI,3,24,17,1,20,15,1
2008,2008-09-22,LAC,NYJ,3,48,29,1,17,12,1
2008,2008-09-28,CAR,ATL,3,24,9,1,4,8,0
2008,2008-09-28,CHI,PHI,3,24,20,1,14,11,1
2008,2008-09-28,CIN,CLE,0,12,20,1,27,29,1
2008,2008-09-28,DAL,WAS,0,24,26,1,16,20,1
2008,2008-09-28,JAX,HOU,3,30,27,1,25,19,1
2008,2008-09-28,KC,DEN,3,33,19,1,30,21,1
2008,2008-09-28,LAR,BUF,0,14,31,1,31,22,0
2008,2008-09-28,LV,LAC,0,18,28,1,26,17,0
2008,2008-09-28,NO,SF,3,31,17,1,18,23,0
2008,2008-09-28,NYJ,ARI,3,56,35,1,12,15,0
2008,2008-09-28,TB,GB,3,30,21,1,13,24,0
2008,2008-09-28,TEN,MIN,3,30,17,1,1,10,0
2008,2008-09-29,PIT,BAL,3,23,20,1,3,6,0
2008,2008-10-05,ARI,BUF,3,41,17,1,15,22,0
2008,2008-10-05,BAL,TEN,0,10,13,1,6,1,0
2008,2008-10-05,CAR,KC,3,34,0,1,4,30,0
2008,2008-10-05,DAL,CIN,3,31,22,1,16,27,0
2008,2008-10-05,DEN,TB,3,16,13,1,21,13,1
2008,2008-10-05,DET,CHI,0,7,34,1,32,14,0
2008,2008-10-05,GB,ATL,0,24,27,1,24,8,0
2008,2008-10-05,HOU,IND,0,27,31,1,19,5,0
2008,2008-10-05,JAX,PIT,0,21,26,1,25,3,0
2008,2008-10-05,MIA,LAC,3,17,10,1,9,17,0
2008,2008-10-05,NYG,SEA,3,44,6,1,2,28,0
2008,2008-10-05,PHI,WAS,0,17,23,1,11,20,1
2008,2008-10-05,SF,NE,0,21,30,1,23,7,0
2008,2008-10-06,NO,MIN,0,27,30,1,18,10,0
2008,2008-10-12,ARI,DAL,3,30,24,1,15,16,0
2008,2008-10-12,ATL,CHI,3,22,20,1,8,14,0
2008,2008-10-12,DEN,JAX,0,17,24,1,21,25,1
2008,2008-10-12,HOU,MIA,3,29,28,1,19,9,1
2008,2008-10-12,IND,BAL,3,31,3,1,5,6,0
2008,2008-10-12,LAC,NE,3,30,10,1,17,7,1
2008,2008-10-12,MIN,DET,3,12,10,1,10,32,0
2008,2008-10-12,NO,LV,3,34,3,1,18,26,0
2008,2008-10-12,NYJ,CIN,3,26,14,1,12,27,0
2008,2008-10-12,SEA,GB,0,17,27,1,28,24,0
2008,2008-10-12,SF,PHI,0,26,40,1,23,11,0
2008,2008-10-12,TB,CAR,3,27,3,1,13,4,1
2008,2008-10-12,WAS,LAR,0,17,19,1,20,31,1
2008,2008-10-13,CLE,NYG,3,35,14,1,29,2,1
2008,2008-10-19,BUF,LAC,3,23,14,1,22,17,1
2008,2008-10-19,CAR,NO,3,30,7,1,4,18,0
2008,2008-10-19,CHI,MIN,3,48,41,1,14,10,1
2008,2008-10-19,CIN,PIT,0,10,38,1,27,3,0
2008,2008-10-19,GB,IND,3,34,14,1,24,5,1
2008,2008-10-19,HOU,DET,3,28,21,1,19,32,0
2008,2008-10-19,KC,TEN,0,10,34,1,30,1,0
2008,2008-10-19,LAR,DAL,3,34,14,1,31,16,1
2008,2008-10-19,LV,NYJ,3,16,13,1,26,12,1
2008,2008-10-19,MIA,BAL,0,13,27,1,9,6,0
2008,2008-10-19,NYG,SF,3,29,17,1,2,23,0
2008,2008-10-19,TB,SEA,3,20,10,1,13,28,0
2008,2008-10-19,WAS,CLE,3,14,11,1,20,29,0
2008,2008-10-20,NE,DEN,3,41,7,1,7,21,0
2008,2008-10-26,BAL,LV,3,29,10,1,6,26,0
2008,2008-10-26,CAR,ARI,3,27,23,1,4,15,0
2008,2008-10-26,DAL,TB,3,13,9,1,16,13,1
2008,2008-10-26,DET,WAS,0,17,25,1,32,20,0
2008,2008-10-26,HOU,CIN,3,35,6,1,19,27,0
2008,2008-10-26,JAX,CLE,0,17,23,1,25,29,1
2008,2008-10-26,MIA,BUF,3,25,16,1,9,22,0
2008,2008-10-26,NE,LAR,3,23,16,1,7,31,0
2008,2008-10-26,NO,LAC,3,37,32,1,18,17,1
2008,2008-10-26,NYJ,KC,3,28,24,1,12,30,0
2008,2008-10-26,PHI,ATL,3,27,14,1,11,8,1
2008,2008-10-26,PIT,NYG,0,14,21,1,3,2,0
2008,2008-10-26,SF,SEA,0,13,34,1,23,28,1
2008,2008-10-27,TEN,IND,3,31,21,1,1,5,0
2008,2008-11-02,BUF,NYJ,0,17,26,1,22,12,0
2008,2008-11-02,CHI,DET,3,27,23,1,14,32,0
2008,2008-11-02,CIN,JAX,3,21,19,1,27,25,1
2008,2008-11-02,CLE,BAL,0,27,37,1,29,6,0
2008,2008-11-02,DEN,MIA,0,17,26,1,21,9,0
2008,2008-11-02,IND,NE,3,18,15,1,5,7,0
2008,2008-11-02,KC,TB,0,27,30,1,30,13,0
2008,2008-11-02,LAR,ARI,0,13,34,1,31,15,0
2008,2008-11-02,LV,ATL,0,0,24,1,26,8,0
2008,2008-11-02,MIN,HOU,3,28,21,1,10,19,0
2008,2008-11-02,NYG,DAL,3,35,14,1,2,16,0
2008,2008-11-02,SEA,PHI,0,7,26,1,28,11,0
2008,2008-11-02,TEN,GB,3,19,16,1,1,24,0
2008,2008-11-03,WAS,PIT,0,6,23,1,20,3,0
2008,2008-11-06,CLE,DEN,0,30,34,1,29,21,0
2008,2008-11-09,ATL,NO,3,34,20,1,8,18,0
2008,2008-11-09,CHI,TEN,0,14,21,1,14,1,0
2008,2008-11-09,DET,JAX,0,14,38,1,32,25,0
2008,2008-11-09,HOU,BAL,0,13,41,1,19,6,0
2008,2008-11-09,LAC,KC,3,20,19,1,17,30,0
2008,2008-11-09,LV,CAR,0,6,17,1,26,4,0
2008,2008-11-09,MIA,SEA,3,21,19,1,9,28,0
2008,2008-11-09,MIN,GB,3,28,27,1,10,24,0
2008,2008-11-09,NE,BUF,3,20,10,1,7,22,0
2008,2008-11-09,NYJ,LAR,3,47,3,1,12,31,0
2008,2008-11-09,PHI,NYG,0,31,36,1,11,2,0
2008,2008-11-09,PIT,IND,0,20,24,1,3,5,1
2008,2008-11-10,ARI,SF,3,29,24,1,15,23,0
2008,2008-11-13,NE,NYJ,0,31,34,1,7,12,1
2008,2008-11-16,ATL,DEN,0,20,24,1,8,21,1
2008,2008-11-16,CAR,DET,3,31,22,1,4,32,0
2008,2008-11-16,CIN,PHI,1,13,13,1,27,11,0
2008,2008-11-16,GB,CHI,3,37,3,1,24,14,1
2008,2008-11-16,IND,HOU,3,33,27,1,5,19,0
2008,2008-11-16,JAX,TEN,0,14,24,1,25,1,0
2008,2008-11-16,KC,NO,0,20,30,1,30,18,0
2008,2008-11-16,MIA,LV,3,17,15,1,9,26,0
2008,2008-11-16,NYG,BAL,3,30,10,1,2,6,0
2008,2008-11-16,PIT,LAC,3,11,10,1,3,17,0
2008,2008-11-16,SEA,ARI,0,20,26,1,28,15,0
2008,2008-11-16,SF,LAR,3,35,16,1,23,31,0
2008,2008-11-16,TB,MIN,3,19,13,1,13,10,1
2008,2008-11-16,WAS,DAL,0,10,14,1,20,16,0
2008,2008-11-17,BUF,CLE,0,27,29,1,22,29,1
2008,2008-11-20,PIT,CIN,3,27,10,1,3,27,0
2008,2008-11-23,ARI,NYG,0,29,37,1,15,2,0
2008,2008-11-23,ATL,CAR,3,45,28,1,8,4,1
2008,2008-11-23,BAL,PHI,3,36,7,1,6,11,0
2008,2008-11-23,CLE,HOU,0,6,16,1,29,19,0
2008,2008-11-23,DAL,SF,3,35,22,1,16,23,0
2008,2008-11-23,DEN,LV,0,10,31,1,21,26,1
2008,2008-11-23,DET,TB,0,20,38,1,32,13,0
2008,2008-11-23,JAX,MIN,0,12,30,1,25,10,0
2008,2008-11-23,KC,BUF,0,31,54,1,30,22,0
2008,2008-11-23,LAC,IND,0,20,23,1,17,5,0
2008,2008-11-23,LAR,CHI,0,3,27,1,31,14,0
2008,2008-11-23,MIA,NE,0,28,48,1,9,7,0
2008,2008-11-23,SEA,WAS,0,17,20,1,28,20,0
2008,2008-11-23,TEN,NYJ,0,13,34,1,1,12,1
2008,2008-11-24,NO,GB,3,51,29,1,18,24,0
2008,2008-11-27,DAL,SEA,3,34,9,1,16,28,0
2008,2008-11-27,DET,TEN,0,10,47,1,32,1,0
2008,2008-11-27,PHI,ARI,3,48,20,1,11,15,0
2008,2008-11-30,BUF,SF,0,3,10,1,22,23,1
2008,2008-11-30,CIN,BAL,0,3,34,1,27,6,0
2008,2008-11-30,CLE,IND,0,6,10,1,29,5,0
2008,2008-11-30,GB,CAR,0,31,35,1,24,4,0
2008,2008-11-30,LAC,ATL,0,16,22,1,17,8,0
2008,2008-11-30,LAR,MIA,0,12,16,1,31,9,0
2008,2008-11-30,LV,KC,0,13,20,1,26,30,1
2008,2008-11-30,MIN,CHI,3,34,14,1,10,14,0
2008,2008-11-30,NE,PIT,0,10,33,1,7,3,0
2008,2008-11-30,NYJ,DEN,0,17,34,1,12,21,1
2008,2008-11-30,TB,NO,3,23,20,1,13,18,0
2008,2008-11-30,WAS,NYG,0,7,23,1,20,2,0
2008,2008-12-01,HOU,JAX,3,30,17,1,19,25,0
2008,2008-12-04,LAC,LV,3,34,7,1,17,26,0
2008,2008-12-07,ARI,LAR,3,34,10,1,15,31,0
2008,2008-12-07,BAL,WAS,3,24,10,1,6,20,0
2008,2008-12-07,BUF,MIA,0,3,16,1,22,9,0
2008,2008-12-07,CHI,JAX,3,23,10,1,14,25,0
2008,2008-12-07,DEN,KC,3,24,17,1,21,30,0
2008,2008-12-07,DET,MIN,0,16,20,1,32,10,0
2008,2008-12-07,GB,HOU,0,21,24,1,24,19,0
2008,2008-12-07,IND,CIN,3,35,3,1,5,27,0
2008,2008-12-07,NO,ATL,3,29,25,1,18,8,1
2008,2008-12-07,NYG,PHI,0,14,20,1,2,11,1
2008,2008-12-07,PIT,DAL,3,20,13,1,3,16,0
2008,2008-12-07,SEA,NE,0,21,24,1,28,7,0
2008,2008-12-07,SF,NYJ,3,24,14,1,23,12,1
2008,2008-12-07,TEN,CLE,3,28,9,1,1,29,0
2008,2008-12-08,CAR,TB,3,38,23,1,4,13,0
2008,2008-12-11,CHI,NO,3,27,24,1,14,18,0
2008,2008-12-14,ARI,MIN,0,14,35,1,15,10,0
2008,2008-12-14,ATL,TB,3,13,10,1,8,13,0
2008,2008-12-14,BAL,PIT,0,9,13,1,6,3,0
2008,2008-12-14,CAR,DEN,3,30,10,1,4,21,0
2008,2008-12-14,CIN,WAS,3,20,13,1,27,20,1
2008,2008-12-14,DAL,NYG,3,20,8,1,16,2,1
2008,2008-12-14,HOU,TEN,3,13,12,1,19,1,1
2008,2008-12-14,IND,DET,3,31,21,1,5,32,0
2008,2008-12-14,JAX,GB,3,20,16,1,25,24,1
2008,2008-12-14,KC,LAC,0,21,22,1,30,17,0
2008,2008-12-14,LAR,SEA,0,20,23,1,31,28,0
2008,2008-12-14,LV,NE,0,26,49,1,26,7,0
2008,2008-12-14,MIA,SF,3,14,9,1,9,23,0
2008,2008-12-14,NYJ,BUF,3,31,27,1,12,22,0
2008,2008-12-15,PHI,CLE,3,30,10,1,11,29,0
2008,2008-12-18,JAX,IND,0,24,31,1,25,5,0
2008,2008-12-20,DAL,BAL,0,24,33,1,16,6,0
2008,2008-12-21,CLE,CIN,0,0,14,1,29,27,0
2008,2008-12-21,DEN,BUF,0,23,30,1,21,22,1
2008,2008-12-21,DET,NO,0,7,42,1,32,18,0
2008,2008-12-21,KC,MIA,0,31,38,1,30,9,0
2008,2008-12-21,LAR,SF,0,16,17,1,31,23,0
2008,2008-12-21,LV,HOU,3,27,16,1,26,19,1
2008,2008-12-21,MIN,ATL,0,17,24,1,10,8,0
2008,2008-12-21,NE,ARI,3,47,7,1,7,15,0
2008,2008-12-21,NYG,CAR,3,34,28,1,2,4,0
2008,2008-12-21,SEA,NYJ,3,13,3,1,28,12,1
2008,2008-12-21,TB,LAC,0,24,41,1,13,17,1
2008,2008-12-21,TEN,PIT,3,31,14,1,1,3,0
2008,2008-12-21,WAS,PHI,3,10,3,1,20,11,1
2008,2008-12-22,CHI,GB,3,20,17,1,14,24,0
2008,2008-12-28,ARI,SEA,3,34,21,1,15,28,0
2008,2008-12-28,ATL,LAR,3,31,27,1,8,31,0
2008,2008-12-28,BAL,JAX,3,27,7,1,6,25,0
2008,2008-12-28,BUF,NE,0,0,13,1,22,7,0
2008,2008-12-28,CIN,KC,3,16,6,1,27,30,0
2008,2008-12-28,GB,DET,3,31,21,1,24,32,0
2008,2008-12-28,HOU,CHI,3,31,24,1,19,14,1
2008,2008-12-28,IND,TEN,3,23,0,1,5,1,1
2008,2008-12-28,LAC,DEN,3,52,21,1,17,21,0
2008,2008-12-28,MIN,NYG,3,20,19,1,10,2,1
2008,2008-12-28,NO,CAR,0,31,33,1,18,4,0
2008,2008-12-28,NYJ,MIA,0,17,24,1,12,9,0
2008,2008-12-28,PHI,DAL,3,44,6,1,11,16,0
2008,2008-12-28,PIT,CLE,3,31,0,1,3,29,0
2008,2008-12-28,SF,WAS,3,27,24,1,23,20,1
2008,2008-12-28,TB,LV,0,24,31,1,13,26,1
2009,2009-09-10,PIT,TEN,3,13,10,1,14,20,0
2009,2009-09-13,ARI,SF,0,16,20,1,9,16,1
2009,2009-09-13,ATL,MIA,3,19,7,1,15,21,0
2009,2009-09-13,BAL,KC,3,38,24,1,11,29,0
2009,2009-09-13,CAR,PHI,0,10,38,1,17,7,0
2009,2009-09-13,CIN,DEN,0,7,12,1,10,18,1
2009,2009-09-13,CLE,MIN,0,20,34,1,26,4,0
2009,2009-09-13,GB,CHI,3,21,15,1,5,22,0
2009,2009-09-13,HOU,NYJ,0,7,24,1,13,12,0
2009,2009-09-13,IND,JAX,3,14,12,1,1,23,0
2009,2009-09-13,NO,DET,3,45,27,1,2,31,0
2009,2009-09-13,NYG,WAS,3,23,17,1,19,28,0
2009,2009-09-13,SEA,LAR,3,28,0,1,25,32,0
2009,2009-09-13,TB,DAL,0,21,34,1,30,6,0
2009,2009-09-14,LV,LAC,0,20,24,1,27,3,0
2009,2009-09-14,NE,BUF,3,25,24,1,8,24,0
2009,2009-09-20,ATL,CAR,3,28,20,1,15,17,0
2009,2009-09-20,BUF,TB,3,33,20,1,24,30,0
2009,2009-09-20,CHI,PIT,3,17,14,1,22,14,1
2009,2009-09-20,DAL,NYG,0,31,33,1,6,19,1
2009,2009-09-20,DEN,CLE,3,27,6,1,18,26,0
2009,2009-09-20,DET,MIN,0,13,27,1,31,4,0
2009,2009-09-20,GB,CIN,0,24,31,1,5,10,1
2009,2009-09-20,JAX,ARI,0,17,31,1,23,9,0
2009,2009-09-20,KC,LV,0,10,13,1,29,27,0
2009,2009-09-20,LAC,BAL,0,26,31,1,3,11,1
2009,2009-09-20,NYJ,NE,3,16,9,1,12,8,1
2009,2009-09-20,PHI,NO,0,22,48,1,7,2,0
2009,2009-09-20,SF,SEA,3,23,10,1,16,25,0
2009,2009-09-20,TEN,HOU,0,31,34,1,20,13,0
2009,2009-09-20,WAS,LAR,3,9,7,1,28,32,0
2009,2009-09-21,MIA,IND,0,23,27,1,21,1,0
2009,2009-09-27,ARI,IND,0,10,31,1,9,1,0
2009,2009-09-27,BAL,CLE,3,34,3,1,11,26,0
2009,2009-09-27,BUF,NO,0,7,27,1,24,2,0
2009,2009-09-27,CIN,PIT,3,23,20,1,10,14,0
2009,2009-09-27,DET,WAS,3,19,14,1,31,28,1
2009,2009-09-27,HOU,JAX,0,24,31,1,13,23,1
2009,2009-09-27,LAC,MIA,3,23,13,1,3,21,0
2009,2009-09-27,LAR,GB,0,17,36,1,32,5,0
2009,2009-09-27,LV,DEN,0,3,23,1,27,18,0
2009,2009-09-27,MIN,SF,3,27,24,1,4,16,0
2009,2009-09-27,NE,ATL,3,26,10,1,8,15,0
2009,2009-09-27,NYJ,TEN,3,24,17,1,12,20,0
2009,2009-09-27,PHI,KC,3,34,14,1,7,29,0
2009,2009-09-27,SEA,CHI,0,19,25,1,25,22,0
2009,2009-09-27,TB,NYG,0,0,24,1,30,19,0
2009,2009-09-28,DAL,CAR,3,21,7,1,6,17,0
2009,2009-10-04,CHI,DET,3,48,24,1,22,31,0
2009,2009-10-04,CLE,CIN,0,20,23,1,26,10,0
2009,2009-10-04,DEN,DAL,3,17,10,1,18,6,1
2009,2009-10-04,HOU,LV,3,29,6,1,13,27,0
2009,2009-10-04,IND,SEA,3,34,17,1,1,25,0
2009,2009-10-04,JAX,TEN,3,37,17,1,23,20,1
2009,2009-10-04,KC,NYG,0,16,27,1,29,19,0
2009,2009-10-04,MIA,BUF,3,38,10,1,21,24,0
2009,2009-10-04,NE,BAL,3,27,21,1,8,11,0
2009,2009-10-04,NO,NYJ,3,24,10,1,2,12,0
2009,2009-10-04,PIT,LAC,3,38,28,1,14,3,1
2009,2009-10-04,SF,LAR,3,35,0,1,16,32,0
2009,2009-10-04,WAS,TB,3,16,13,1,28,30,0
2009,2009-10-05,MIN,GB,3,30,23,1,4,5,0
2009,2009-10-11,ARI,HOU,3,28,21,1,9,13,0
2009,2009-10-11,BAL,CIN,0,14,17,1,11,10,0
2009,2009-10-11,BUF,CLE,0,3,6,1,24,26,1
2009,2009-10-11,CAR,WAS,3,20,17,1,17,28,0
2009,2009-10-11,DEN,NE,3,20,17,1,18,8,1
2009,2009-10-11,DET,PIT,0,20,28,1,31,14,0
2009,2009-10-11,KC,DAL,0,20,26,1,29,6,0
2009,2009-10-11,LAR,MIN,0,10,38,1,32,4,0
2009,2009-10-11,NYG,LV,3,44,7,1,19,27,0
2009,2009-10-11,PHI,TB,3,33,14,1,7,30,0
2009,2009-10-11,SEA,JAX,3,41,0,1,25,23,1
2009,2009-10-11,SF,ATL,0,10,45,1,16,15,0
2009,2009-10-11,TEN,IND,0,9,31,1,20,1,0
2009,2009-10-12,MIA,NYJ,3,31,27,1,21,12,1
2009,2009-10-18,ATL,CHI,3,21,14,1,15,22,0
2009,2009-10-18,CIN,HOU,0,17,28,1,10,13,1
2009,2009-10-18,GB,DET,3,26,0,1,5,31,0
2009,2009-10-18,JAX,LAR,3,23,20,1,23,32,0
2009,2009-10-18,LV,PHI,3,13,9,1,27,7,1
2009,2009-10-18,MIN,BAL,3,33,31,1,4,11,0
2009,2009-10-18,NE,TEN,3,59,0,1,8,20,0
2009,2009-10-18,NO,NYG,3,48,27,1,2,19,0
2009,2009-10-18,NYJ,BUF,0,13,16,1,12,24,1
2009,2009-10-18,PIT,CLE,3,27,14,1,14,26,0
2009,2009-10-18,SEA,ARI,0,3,27,1,25,9,0
2009,2009-10-18,TB,CAR,0,21,28,1,30,17,0
2009,2009-10-18,WAS,KC,0,6,14,1,28,29,1
2009,2009-10-19,LAC,DEN,0,23,34,1,3,18,1
2009,2009-10-25,CAR,BUF,0,9,20,1,17,24,1
2009,2009-10-25,CIN,CHI,3,45,10,1,10,22,0
2009,2009-10-25,CLE,GB,0,3,31,1,26,5,0
2009,2009-10-25,DAL,ATL,3,37,21,1,6,15,0
2009,2009-10-25,HOU,SF,3,24,21,1,13,16,0
2009,2009-10-25,KC,LAC,0,7,37,1,29,3,0
2009,2009-10-25,LAR,IND,0,6,42,1,32,1,0
2009,2009-10-25,LV,NYJ,0,0,38,1,27,12,0
2009,2009-10-25,MIA,NO,0,34,46,1,21,2,0
2009,2009-10-25,NYG,ARI,0,17,24,1,19,9,0
2009,2009-10-25,PIT,MIN,3,27,17,1,14,4,1
2009,2009-10-25,TB,NE,0,7,35,1,30,8,0
2009,2009-10-26,WAS,PHI,0,17,27,1,28,7,0
2009,2009-11-01,ARI,CAR,0,21,34,1,9,17,1
2009,2009-11-01,BAL,DEN,3,30,7,1,11,18,0
2009,2009-11-01,BUF,HOU,0,10,31,1,24,13,0
2009,2009-11-01,CHI,CLE,3,30,6,1,22,26,0
2009,2009-11-01,DAL,SEA,3,38,17,1,6,25,0
2009,2009-11-01,DET,LAR,0,10,17,1,31,32,1
2009,2009-11-01,GB,MIN,0,26,38,1,5,4,0
2009,2009-11-01,IND,SF,3,18,14,1,1,16,0
2009,2009-11-01,LAC,LV,3,24,16,1,3,27,0
2009,2009-11-01,NYJ,MIA,0,25,30,1,12,21,1
2009,2009-11-01,PHI,NYG,3,40,17,1,7,19,0
2009,2009-11-01,TEN,JAX,3,30,13,1,20,23,0
2009,2009-11-02,NO,ATL,3,35,27,1,2,15,0
2009,2009-11-08,ATL,WAS,3,31,17,1,15,28,0
2009,2009-11-08,CHI,ARI,0,21,41,1,22,9,0
2009,2009-11-08,CIN,BAL,3,17,7,1,10,11,0
2009,2009-11-08,IND,HOU,3,20,17,1,1,13,0
2009,2009-11-08,JAX,KC,3,24,21,1,23,29,0
2009,2009-11-08,NE,MIA,3,27,17,1,8,21,0
2009,2009-11-08,NO,CAR,3,30,20,1,2,17,0
2009,2009-11-08,NYG,LAC,0,20,21,1,19,3,0
2009,2009-11-08,PHI,DAL,0,16,20,1,7,6,0
2009,2009-11-08,SEA,DET,3,32,20,1,25,31,0
2009,2009-11-08,SF,TEN,0,27,34,1,16,20,1
2009,2009-11-08,TB,GB,3,38,28,1,30,5,1
2009,2009-11-09,DEN,PIT,0,10,28,1,18,14,0
2009,2009-11-12,SF,CHI,3,10,6,1,16,22,0
2009,2009-11-15,ARI,SEA,3,31,20,1,9,25,0
2009,2009-11-15,CAR,ATL,3,28,19,1,17,15,1
2009,2009-11-15,GB,DAL,3,17,7,1,5,6,0
2009,2009-11-15,IND,NE,3,35,34,1,1,8,0
2009,2009-11-15,LAC,PHI,3,31,23,1,3,7,0
2009,2009-11-15,LAR,NO,0,23,28,1,32,2,0
2009,2009-11-15,LV,KC,0,10,16,1,27,29,1
2009,2009-11-15,MIA,TB,3,25,23,1,21,30,0
2009,2009-11-15,MIN,DET,3,27,10,1,4,31,0
2009,2009-11-15,NYJ,JAX,0,22,24,1,12,23,1
2009,2009-11-15,PIT,CIN,0,12,18,1,14,10,0
2009,2009-11-15,TEN,BUF,3,41,17,1,20,24,0
2009,2009-11-15,WAS,DEN,3,27,17,1,28,18,1
2009,2009-11-16,CLE,BAL,0,0,16,1,26,11,0
2009,2009-11-19,CAR,MIA,0,17,24,1,17,21,1
2009,2009-11-22,BAL,IND,0,15,17,1,11,1,0
2009,2009-11-22,CHI,PHI,0,20,24,1,22,7,0
2009,2009-11-22,DAL,WAS,3,7,6,1,6,28,0
2009,2009-11-22,DEN,LAC,0,3,32,1,18,3,0
2009,2009-11-22,DET,CLE,3,38,37,1,31,26,1
2009,2009-11-22,GB,SF,3,30,24,1,5,16,0
2009,2009-11-22,JAX,BUF,3,18,15,1,23,24,0
2009,2009-11-22,KC,PIT,3,27,24,1,29,14,1
2009,2009-11-22,LAR,ARI,0,13,21,1,32,9,0
2009,2009-11-22,LV,CIN,3,20,17,1,27,10,1
2009,2009-11-22,MIN,SEA,3,35,9,1,4,25,0
2009,2009-11-22,NE,NYJ,3,31,14,1,8,12,0
2009,2009-11-22,NYG,ATL,3,34,31,1,19,15,1
2009,2009-11-22,TB,NO,0,7,38,1,30,2,0
2009,2009-11-23,HOU,TEN,0,17,20,1,13,20,1
2009,2009-11-26,DAL,LV,3,24,7,1,6,27,0
2009,2009-11-26,DEN,NYG,3,26,6,1,18,19,0
2009,2009-11-26,DET,GB,0,12,34,1,31,5,0
2009,2009-11-29,ATL,TB,3,20,17,1,15,30,0
2009,2009-11-29,BAL,PIT,3,20,17,1,11,14,0
2009,2009-11-29,BUF,MIA,3,31,14,1,24,21,1
2009,2009-11-29,CIN,CLE,3,16,7,1,10,26,0
2009,2009-11-29,HOU,IND,0,27,35,1,13,1,0
2009,2009-11-29,LAC,KC,3,43,14,1,3,29,0
2009,2009-11-29,LAR,SEA,0,17,27,1,32,25,0
2009,2009-11-29,MIN,CHI,3,36,10,1,4,22,0
2009,2009-11-29,NYJ,CAR,3,17,6,1,12,17,0
2009,2009-11-29,PHI,WAS,3,27,24,1,7,28,0
2009,2009-11-29,SF,JAX,3,20,3,1,16,23,0
2009,2009-11-29,TEN,ARI,3,20,17,1,20,9,1
2009,2009-11-30,NO,NE,3,38,17,1,2,8,0
2009,2009-12-03,BUF,NYJ,0,13,19,1,24,12,0
2009,2009-12-06,ARI,MIN,3,30,17,1,9,4,1
2009,2009-12-06,ATL,PHI,0,7,34,1,15,7,0
2009,2009-12-06,CAR,TB,3,16,6,1,17,30,0
2009,2009-12-06,CHI,LAR,3,17,9,1,22,32,0
2009,2009-12-06,CIN,DET,3,23,13,1,10,31,0
2009,2009-12-06,CLE,LAC,0,23,30,1,26,3,0
2009,2009-12-06,IND,TEN,3,27,17,1,1,20,0
2009,2009-12-06,JAX,HOU,3,23,18,1,23,13,1
2009,2009-12-06,KC,DEN,0,13,44,1,29,18,0
2009,2009-12-06,MIA,NE,3,22,21,1,21,8,1
2009,2009-12-06,NYG,DAL,3,31,24,1,19,6,1
2009,2009-12-06,PIT,LV,0,24,27,1,14,27,1
2009,2009-12-06,SEA,SF,3,20,17,1,25,16,1
2009,2009-12-06,WAS,NO,0,30,33,1,28,2,0
2009,2009-12-07,GB,BAL,3,27,14,1,5,11,0
2009,2009-12-10,CLE,PIT,3,13,6,1,26,14,1
2009,2009-12-13,ATL,NO,0,23,26,1,15,2,0
2009,2009-12-13,BAL,DET,3,48,3,1,11,31,0
2009,2009-12-13,CHI,GB,0,14,21,1,22,5,0
2009,2009-12-13,DAL,LAC,0,17,20,1,6,3,0
2009,2009-12-13,HOU,SEA,3,34,7,1,13,25,0
2009,2009-12-13,IND,DEN,3,28,16,1,1,18,0
2009,2009-12-13,JAX,MIA,0,10,14,1,23,21,0
2009,2009-12-13,KC,BUF,0,10,16,1,29,24,0
2009,2009-12-13,LV,WAS,0,13,34,1,27,28,1
2009,2009-12-13,MIN,CIN,3,30,10,1,4,10,0
2009,2009-12-13,NE,CAR,3,20,10,1,8,17,0
2009,2009-12-13,NYG,PHI,0,38,45,1,19,7,0
2009,2009-12-13,TB,NYJ,0,3,26,1,30,12,0
2009,2009-12-13,TEN,LAR,3,47,7,1,20,32,0
2009,2009-12-14,SF,ARI,3,24,9,1,16,9,1
2009,2009-12-17,JAX,IND,0,31,35,1,23,1,0
2009,2009-12-19,NO,DAL,0,17,24,1,2,6,1
2009,2009-12-20,BAL,CHI,3,31,7,1,11,22,0
2009,2009-12-20,BUF,NE,0,10,17,1,24,8,0
2009,2009-12-20,CAR,MIN,3,26,7,1,17,4,1
2009,2009-12-20,DEN,LV,0,19,20,1,18,27,1
2009,2009-12-20,DET,ARI,0,24,31,1,31,9,0
2009,2009-12-20,KC,CLE,0,34,41,1,29,26,0
2009,2009-12-20,LAC,CIN,3,27,24,1,3,10,0
2009,2009-12-20,LAR,HOU,0,13,16,1,32,13,0
2009,2009-12-20,NYJ,ATL,0,7,10,1,12,15,1
2009,2009-12-20,PHI,SF,3,27,13,1,7,16,0
2009,2009-12-20,PIT,GB,3,37,36,1,14,5,1
2009,2009-12-20,SEA,TB,0,7,24,1,25,30,1
2009,2009-12-20,TEN,MIA,3,27,24,1,20,21,0
2009,2009-12-21,WAS,NYG,0,12,45,1,28,19,0
2009,2009-12-25,TEN,LAC,0,17,42,1,20,3,0
2009,2009-12-27,ARI,LAR,3,31,10,1,9,32,0
2009,2009-12-27,ATL,BUF,3,31,3,1,15,24,0
2009,2009-12-27,CIN,KC,3,17,10,1,10,29,0
2009,2009-12-27,CLE,LV,3,23,9,1,26,27,0
2009,2009-12-27,GB,SEA,3,48,10,1,5,25,0
2009,2009-12-27,IND,NYJ,0,15,29,1,1,12,1
2009,2009-12-27,MIA,HOU,0,20,27,1,21,13,0
2009,2009-12-27,NE,JAX,3,35,7,1,8,23,0
2009,2009-12-27,NO,TB,0,17,20,1,2,30,1
2009,2009-12-27,NYG,CAR,0,9,41,1,19,17,0
2009,2009-12-27,PHI,DEN,3,30,27,1,7,18,0
2009,2009-12-27,PIT,BAL,3,23,20,1,14,11,1
2009,2009-12-27,SF,DET,3,20,6,1,16,31,0
2009,2009-12-27,WAS,DAL,0,0,17,1,28,6,0
2009,2009-12-28,CHI,MIN,3,36,30,1,22,4,1
2009,2010-01-03,ARI,GB,0,7,33,1,9,5,0
2009,2010-01-03,BUF,IND,3,30,7,1,24,1,1
2009,2010-01-03,CAR,NO,3,23,10,1,17,2,1
2009,2010-01-03,CLE,JAX,3,23,17,1,26,23,1
2009,2010-01-03,DAL,PHI,3,24,0,1,6,7,0
2009,2010-01-03,DEN,KC,0,24,44,1,18,29,1
2009,2010-01-03,DET,CHI,0,23,37,1,31,22,0
2009,2010-01-03,HOU,NE,3,34,27,1,13,8,1
2009,2010-01-03,LAC,WAS,3,23,20,1,3,28,0
2009,2010-01-03,LAR,SF,0,6,28,1,32,16,0
2009,2010-01-03,LV,BAL,0,13,21,1,27,11,0
2009,2010-01-03,MIA,PIT,0,24,30,1,21,14,0
2009,2010-01-03,MIN,NYG,3,44,7,1,4,19,0
2009,2010-01-03,NYJ,CIN,3,37,0,1,12,10,1
2009,2010-01-03,SEA,TEN,0,13,17,1,25,20,0
2009,2010-01-03,TB,ATL,0,10,20,1,30,15,0
2010,2010-09-09,NO,MIN,3,14,9,1,5,25,0
2010,2010-09-12,BUF,MIA,0,10,15,1,31,18,0
2010,2010-09-12,CHI,DET,3,19,14,1,7,21,0
2010,2010-09-12,HOU,IND,3,34,24,1,22,10,1
2010,2010-09-12,JAX,DEN,3,24,17,1,16,30,0
2010,2010-09-12,LAR,ARI,0,13,17,1,17,28,1
2010,2010-09-12,NE,CIN,3,38,24,1,1,29,0
2010,2010-09-12,NYG,CAR,3,31,18,1,11,32,0
2010,2010-09-12,PHI,GB,0,20,27,1,9,8,0
2010,2010-09-12,PIT,ATL,3,15,9,1,3,2,1
2010,2010-09-12,SEA,SF,3,31,6,1,19,23,0
2010,2010-09-12,TB,CLE,3,17,14,1,13,27,0
2010,2010-09-12,TEN,LV,3,38,13,1,20,15,1
2010,2010-09-12,WAS,DAL,3,13,7,1,26,24,1
2010,2010-09-13,KC,LAC,3,21,14,1,12,14,0
2010,2010-09-13,NYJ,BAL,0,9,10,1,6,4,0
2010,2010-09-19,ATL,ARI,3,41,7,1,2,28,0
2010,2010-09-19,CAR,TB,0,7,20,1,32,13,0
2010,2010-09-19,CIN,BAL,3,15,10,1,29,4,1
2010,2010-09-19,CLE,KC,0,14,16,1,27,12,0
2010,2010-09-19,DAL,CHI,0,20,27,1,24,7,0
2010,2010-09-19,DEN,SEA,3,31,14,1,30,19,1
2010,2010-09-19,DET,PHI,0,32,35,1,21,9,0
2010,2010-09-19,GB,BUF,3,34,7,1,8,31,0
2010,2010-09-19,IND,NYG,3,38,14,1,10,11,0
2010,2010-09-19,LAC,JAX,3,38,13,1,14,16,0
2010,2010-09-19,LV,LAR,3,16,14,1,15,17,0
2010,2010-09-19,MIN,MIA,0,10,14,1,25,18,0
2010,2010-09-19,NYJ,NE,3,28,14,1,6,1,1
2010,2010-09-19,TEN,PIT,0,11,19,1,20,3,0
2010,2010-09-19,WAS,HOU,0,27,30,1,26,22,0
2010,2010-09-20,SF,NO,0,22,25,1,23,5,0
2010,2010-09-26,ARI,LV,3,24,23,1,28,15,1
2010,2010-09-26,BAL,CLE,3,24,17,1,4,27,0
2010,2010-09-26,CAR,CIN,0,7,20,1,32,29,0
2010,2010-09-26,DEN,IND,0,13,27,1,30,10,0
2010,2010-09-26,HOU,DAL,0,13,27,1,22,24,1
2010,2010-09-26,JAX,PHI,0,3,28,1,16,9,0
2010,2010-09-26,KC,SF,3,31,10,1,12,23,0
2010,2010-09-26,LAR,WAS,3,30,16,1,17,26,0
2010,2010-09-26,MIA,NYJ,0,23,31,1,18,6,0
2010,2010-09-26,MIN,DET,3,24,10,1,25,21,1
2010,2010-09-26,NE,BUF,3,38,30,1,1,31,0
2010,2010-09-26,NO,ATL,0,24,27,1,5,2,0
2010,2010-09-26,NYG,TEN,0,10,29,1,11,20,1
2010,2010-09-26,SEA,LAC,3,27,20,1,19,14,1
2010,2010-09-26,TB,PIT,0,13,38,1,13,3,0
2010,2010-09-27,CHI,GB,3,20,17,1,7,8,0
2010,2010-10-03,ATL,SF,3,16,14,1,2,23,0
2010,2010-10-03,BUF,NYJ,0,14,38,1,31,6,0
2010,2010-10-03,CLE,CIN,3,23,20,1,27,29,0
2010,2010-10-03,GB,DET,3,28,26,1,8,21,0
2010,2010-10-03,JAX,IND,3,31,28,1,16,10,1
2010,2010-10-03,LAC,ARI,3,41,10,1,14,28,0
2010,2010-10-03,LAR,SEA,3,20,3,1,17,19,0
2010,2010-10-03,LV,HOU,0,24,31,1,15,22,1
2010,2010-10-03,NO,CAR,3,16,14,1,5,32,0
2010,2010-10-03,NYG,CHI,3,17,3,1,11,7,1
2010,2010-10-03,PHI,WAS,0,12,17,1,9,26,1
2010,2010-10-03,PIT,BAL,0,14,17,1,3,4,1
2010,2010-10-03,TEN,DEN,0,20,26,1,20,30,1
2010,2010-10-04,MIA,NE,0,14,41,1,18,1,0
2010,2010-10-10,ARI,NO,3,30,20,1,28,5,1
2010,2010-10-10,BAL,DEN,3,31,17,1,4,30,0
2010,2010-10-10,BUF,JAX,0,26,36,1,31,16,0
2010,2010-10-10,CAR,CHI,0,6,23,1,32,7,0
2010,2010-10-10,CIN,TB,0,21,24,1,29,13,0
2010,2010-10-10,CLE,ATL,0,10,20,1,27,2,0
2010,2010-10-10,DAL,TEN,0,27,34,1,24,20,0
2010,2010-10-10,DET,LAR,3,44,6,1,21,17,1
2010,2010-10-10,HOU,NYG,0,10,34,1,22,11,0
2010,2010-10-10,IND,KC,3,19,9,1,10,12,0
2010,2010-10-10,LV,LAC,3,35,27,1,15,14,1
2010,2010-10-10,SF,PHI,0,24,27,1,23,9,0
2010,2010-10-10,WAS,GB,3,16,13,1,26,8,1
2010,2010-10-11,NYJ,MIN,3,29,20,1,6,25,0
2010,2010-10-17,CHI,SEA,0,20,23,1,7,19,1
2010,2010-10-17,DEN,NYJ,0,20,24,1,30,6,0
2010,2010-10-17,GB,MIA,0,20,23,1,8,18,1
2010,2010-10-17,HOU,KC,3,35,31,1,22,12,1
2010,2010-10-17,LAR,LAC,3,20,17,1,17,14,1
2010,2010-10-17,MIN,DAL,3,24,21,1,25,24,1
2010,2010-10-17,NE,BAL,3,23,20,1,1,4,0
2010,2010-10-17,NYG,DET,3,28,20,1,11,21,0
2010,2010-10-17,PHI,ATL,3,31,17,1,9,2,1
2010,2010-10-17,PIT,CLE,3,28,10,1,3,27,0
2010,2010-10-17,SF,LV,3,17,9,1,23,15,1
2010,2010-10-17,TB,NO,0,6,31,1,13,5,0
2010,2010-10-17,WAS,IND,0,24,27,1,26,10,0
2010,2010-10-18,JAX,TEN,0,3,30,1,16,20,1
2010,2010-10-24,ATL,CIN,3,39,32,1,2,29,0
2010,2010-10-24,BAL,BUF,3,37,34,1,4,31,0
2010,2010-10-24,CAR,SF,3,23,20,1,32,23,1
2010,2010-10-24,CHI,WAS,0,14,17,1,7,26,1
2010,2010-10-24,DEN,LV,0,14,59,1,30,15,0
2010,2010-10-24,GB,MIN,3,28,24,1,8,25,0
2010,2010-10-24,KC,JAX,3,42,20,1,12,16,0
2010,2010-10-24,LAC,NE,0,20,23,1,14,1,0
2010,2010-10-24,MIA,PIT,0,22,23,1,18,3,0
2010,2010-10-24,NO,CLE,0,17,30,1,5,27,1
2010,2010-10-24,SEA,ARI,3,22,10,1,19,28,0
2010,2010-10-24,TB,LAR,3,18,17,1,13,17,0
2010,2010-10-24,TEN,PHI,3,37,19,1,20,9,1
2010,2010-10-25,DAL,NYG,0,35,41,1,24,11,0
2010,2010-10-31,ARI,TB,0,35,38,1,28,13,0
2010,2010-10-31,CIN,MIA,0,14,22,1,29,18,0
2010,2010-10-31,DAL,JAX,0,17,35,1,24,16,0
2010,2010-10-31,DET,WAS,3,37,25,1,21,26,0
2010,2010-10-31,KC,BUF,3,13,10,1,12,31,0
2010,2010-10-31,LAC,TEN,3,33,25,1,14,20,0
2010,2010-10-31,LAR,CAR,3,20,10,1,17,32,0
2010,2010-10-31,LV,SEA,3,33,3,1,15,19,0
2010,2010-10-31,NE,MIN,3,28,18,1,1,25,0
2010,2010-10-31,NO,PIT,3,20,10,1,5,3,1
2010,2010-10-31,NYJ,GB,0,0,9,1,6,8,1
2010,2010-10-31,SF,DEN,3,24,16,1,23,30,0
2010,2010-11-01,IND,HOU,3,30,17,1,10,22,0
2010,2010-11-07,ATL,TB,3,27,21,1,2,13,0
2010,2010-11-07,BAL,MIA,3,26,10,1,4,18,0
2010,2010-11-07,BUF,CHI,0,19,22,1,31,7,0
2010,2010-11-07,CAR,NO,0,3,34,1,32,5,0
2010,2010-11-07,CLE,NE,3,34,14,1,27,1,1
2010,2010-11-07,DET,NYJ,0,20,23,1,21,6,0
2010,2010-11-07,GB,DAL,3,45,7,1,8,24,0
2010,2010-11-07,HOU,LAC,0,23,29,1,22,14,0
2010,2010-11-07,LV,KC,3,23,20,1,15,12,1
2010,2010-11-07,MIN,ARI,3,27,24,1,25,28,0
2010,2010-11-07,PHI,IND,3,26,24,1,9,10,0
2010,2010-11-07,SEA,NYG,0,7,41,1,19,11,0
2010,2010-11-08,CIN,PIT,0,21,27,1,29,3,0
2010,2010-11-11,ATL,BAL,3,26,21,1,2,4,0
2010,2010-11-14,ARI,SEA,0,18,36,1,28,19,0
2010,2010-11-14,BUF,DET,3,14,12,1,31,21,1
2010,2010-11-14,CHI,MIN,3,27,13,1,7,25,0
2010,2010-11-14,CLE,NYJ,0,20,26,1,27,6,0
2010,2010-11-14,DEN,KC,3,49,29,1,30,12,1
2010,2010-11-14,IND,CIN,3,23,17,1,10,29,0
2010,2010-11-14,JAX,HOU,3,31,24,1,16,22,0
2010,2010-11-14,MIA,TEN,3,29,17,1,18,20,0
2010,2010-11-14,NYG,DAL,0,20,33,1,11,24,1
2010,2010-11-14,PIT,NE,0,26,39,1,3,1,0
2010,2010-11-14,SF,LAR,3,23,20,1,23,17,1
2010,2010-11-14,TB,CAR,3,31,16,1,13,32,0
2010,2010-11-15,WAS,PHI,0,28,59,1,26,9,0
2010,2010-11-18,MIA,CHI,0,0,16,1,18,7,0
2010,2010-11-21,CAR,BAL,0,13,37,1,32,4,0
2010,2010-11-21,CIN,BUF,0,31,49,1,29,31,1
2010,2010-11-21,DAL,DET,3,35,19,1,24,21,1
2010,2010-11-21,JAX,CLE,3,24,20,1,16,27,0
2010,2010-11-21,KC,ARI,3,31,13,1,12,28,0
2010,2010-11-21,LAR,ATL,0,17,34,1,17,2,0
2010,2010-11-21,MIN,GB,0,3,31,1,25,8,0
2010,2010-11-21,NE,IND,3,31,28,1,1,10,0
2010,2010-11-21,NO,SEA,3,34,19,1,5,19,0
2010,2010-11-21,NYJ,HOU,3,30,27,1,6,22,0
2010,2010-11-21,PHI,NYG,3,27,17,1,9,11,0
2010,2010-11-21,PIT,LV,3,35,3,1,3,15,0
2010,2010-11-21,SF,TB,0,0,21,1,23,13,0
2010,2010-11-21,TEN,WAS,0,16,19,1,20,26,1
2010,2010-11-22,LAC,DEN,3,35,14,1,14,30,0
2010,2010-11-25,DAL,NO,0,27,30,1,24,5,0
2010,2010-11-25,DET,NE,0,24,45,1,21,1,0
2010,2010-11-25,NYJ,CIN,3,26,10,1,6,29,0
2010,2010-11-28,ATL,GB,3,20,17,1,2,8,0
2010,2010-11-28,BAL,TB,3,17,10,1,4,13,0
2010,2010-11-28,BUF,PIT,0,16,19,1,31,3,0
2010,2010-11-28,CHI,PHI,3,31,26,1,7,9,0
2010,2010-11-28,CLE,CAR,3,24,23,1,27,32,0
2010,2010-11-28,DEN,LAR,0,33,36,1,30,17,0
2010,2010-11-28,HOU,TEN,3,20,0,1,22,20,1
2010,2010-11-28,IND,LAC,0,14,36,1,10,14,1
2010,2010-11-28,LV,MIA,0,17,33,1,15,18,1
2010,2010-11-28,NYG,JAX,3,24,20,1,11,16,0
2010,2010-11-28,SEA,KC,0,24,42,1,19,12,0
2010,2010-11-28,WAS,MIN,0,13,17,1,26,25,0
2010,2010-11-29,ARI,SF,0,6,27,1,28,23,0
2010,2010-12-02,PHI,HOU,3,34,24,1,9,22,0
2010,2010-12-05,ARI,LAR,0,6,19,1,28,17,0
2010,2010-12-05,BAL,PIT,0,10,13,1,4,3,0
2010,2010-12-05,CIN,NO,0,30,34,1,29,5,0
2010,2010-12-05,DET,CHI,0,20,24,1,21,7,0
2010,2010-12-05,GB,SF,3,34,16,1,8,23,0
2010,2010-12-05,IND,DAL,0,35,38,1,10,24,1
2010,2010-12-05,KC,DEN,3,10,6,1,12,30,0
2010,2010-12-05,LAC,LV,0,13,28,1,14,15,1
2010,2010-12-05,MIA,CLE,0,10,13,1,18,27,1
2010,2010-12-05,MIN,BUF,3,38,14,1,25,31,0
2010,2010-12-05,NYG,WAS,3,31,7,1,11,26,0
2010,2010-12-05,SEA,CAR,3,31,14,1,19,32,0
2010,2010-12-05,TB,ATL,0,24,28,1,13,2,0
2010,2010-12-05,TEN,JAX,0,6,17,1,20,16,0
2010,2010-12-06,NE,NYJ,3,45,3,1,1,6,0
2010,2010-12-09,TEN,IND,0,28,30,1,20,10,0
2010,2010-12-12,ARI,DEN,3,43,13,1,28,30,0
2010,2010-12-12,BUF,CLE,3,13,6,1,31,27,1
2010,2010-12-12,CAR,ATL,0,10,31,1,32,2,0
2010,2010-12-12,CHI,NE,0,7,36,1,7,1,0
2010,2010-12-12,DAL,PHI,0,27,30,1,24,9,0
2010,2010-12-12,DET,GB,3,7,3,1,21,8,1
2010,2010-12-12,JAX,LV,3,38,31,1,16,15,1
2010,2010-12-12,LAC,KC,3,31,0,1,14,12,1
2010,2010-12-12,NO,LAR,3,31,13,1,5,17,0
2010,2010-12-12,NYJ,MIA,0,6,10,1,6,18,1
2010,2010-12-12,PIT,CIN,3,23,7,1,3,29,0
2010,2010-12-12,SF,SEA,3,40,21,1,23,19,1
2010,2010-12-12,WAS,TB,0,16,17,1,26,13,0
2010,2010-12-13,HOU,BAL,0,28,34,1,22,4,0
2010,2010-12-13,MIN,NYG,0,3,21,1,25,11,0
2010,2010-12-16,LAC,SF,3,34,7,1,14,23,0
2010,2010-12-19,BAL,NO,3,30,24,1,4,5,0
2010,2010-12-19,CAR,ARI,3,19,12,1,32,28,1
2010,2010-12-19,CIN,CLE,3,19,17,1,29,27,1
2010,2010-12-19,DAL,WAS,3,33,30,1,24,26,0
2010,2010-12-19,IND,JAX,3,34,24,1,10,16,0
2010,2010-12-19,LAR,KC,0,13,27,1,17,12,0
2010,2010-12-19,LV,DEN,3,39,23,1,15,30,0
2010,2010-12-19,MIA,BUF,0,14,17,1,18,31,1
2010,2010-12-19,NE,GB,3,31,27,1,1,8,0
2010,2010-12-19,NYG,PHI,0,31,38,1,11,9,0
2010,2010-12-19,PIT,NYJ,0,17,22,1,3,6,1
2010,2010-12-19,SEA,ATL,0,18,34,1,19,2,0
2010,2010-12-19,TB,DET,0,20,23,1,13,21,1
2010,2010-12-19,TEN,HOU,3,31,17,1,20,22,0
2010,2010-12-20,MIN,CHI,0,14,40,1,25,7,0
2010,2010-12-23,PIT,CAR,3,27,3,1,3,32,0
2010,2010-12-25,ARI,DAL,3,27,26,1,28,24,1
2010,2010-12-26,BUF,NE,0,3,34,1,31,1,0
2010,2010-12-26,CHI,NYJ,3,38,34,1,7,6,1
2010,2010-12-26,CIN,LAC,3,34,20,1,29,14,1
2010,2010-12-26,CLE,BAL,0,10,20,1,27,4,0
2010,2010-12-26,DEN,HOU,3,24,23,1,30,22,1
2010,2010-12-26,GB,NYG,3,45,17,1,8,11,0
2010,2010-12-26,JAX,WAS,0,17,20,1,16,26,1
2010,2010-12-26,KC,TEN,3,34,14,1,12,20,0
2010,2010-12-26,LAR,SF,3,25,17,1,17,23,0
2010,2010-12-26,LV,IND,0,26,31,1,15,10,0
2010,2010-12-26,MIA,DET,0,27,34,1,18,21,1
2010,2010-12-26,TB,SEA,3,38,15,1,13,19,0
2010,2010-12-27,ATL,NO,0,14,17,1,2,5,1
2010,2010-12-28,PHI,MIN,0,14,24,1,9,25,1
2010,2011-01-02,ATL,CAR,3,31,10,1,2,32,0
2010,2011-01-02,BAL,CIN,3,13,7,1,4,29,0
2010,2011-01-02,CLE,PIT,0,9,41,1,27,3,0
2010,2011-01-02,DEN,LAC,0,28,33,1,30,14,0
2010,2011-01-02,DET,MIN,3,20,13,1,21,25,0
2010,2011-01-02,GB,CHI,3,10,3,1,8,7,1
2010,2011-01-02,HOU,JAX,3,34,17,1,22,16,1
2010,2011-01-02,IND,TEN,3,23,20,1,10,20,0
2010,2011-01-02,KC,LV,0,10,31,1,12,15,1
2010,2011-01-02,NE,MIA,3,38,7,1,1,18,0
2010,2011-01-02,NO,TB,0,13,23,1,5,13,1
2010,2011-01-02,NYJ,BUF,3,38,7,1,6,31,0
2010,2011-01-02,PHI,DAL,0,13,14,1,9,24,1
2010,2011-01-02,SEA,LAR,3,16,6,1,19,17,1
2010,2011-01-02,SF,ARI,3,38,7,1,23,28,0
2010,2011-01-02,WAS,NYG,0,14,17,1,26,11,0
2011,2011-09-08,GB,NO,3,42,34,1,1,2,0
2011,2011-09-11,ARI,CAR,3,28,21,1,18,24,0
2011,2011-09-11,BAL,PIT,3,35,7,1,5,6,0
2011,2011-09-11,CHI,ATL,3,30,12,1,17,9,1
2011,2011-09-11,CLE,CIN,0,17,27,1,28,10,0
2011,2011-09-11,HOU,IND,3,34,7,1,7,31,0
2011,2011-09-11,JAX,TEN,3,16,14,1,27,11,1
2011,2011-09-11,KC,BUF,0,7,41,1,22,25,1
2011,2011-09-11,LAC,MIN,3,24,17,1,14,30,0
2011,2011-09-11,LAR,PHI,0,13,31,1,32,13,0
2011,2011-09-11,NYJ,DAL,3,27,24,1,16,15,1
2011,2011-09-11,SF,SEA,3,33,17,1,4,21,0
2011,2011-09-11,TB,DET,0,20,27,1,29,8,0
2011,2011-09-11,WAS,NYG,3,28,14,1,26,12,1
2011,2011-09-12,DEN,LV,0,20,23,1,20,19,0
2011,2011-09-12,MIA,NE,0,24,38,1,23,3,0
2011,2011-09-18,ATL,PHI,3,35,31,1,9,13,0
2011,2011-09-18,BUF,LV,3,38,35,1,25,19,1
2011,2011-09-18,CAR,GB,0,23,30,1,24,1,0
2011,2011-09-18,DEN,CIN,3,24,22,1,20,10,1
2011,2011-09-18,DET,KC,3,48,3,1,8,22,0
2011,2011-09-18,IND,CLE,0,19,27,1,31,28,0
2011,2011-09-18,MIA,HOU,0,13,23,1,23,7,0
2011,2011-09-18,MIN,TB,0,20,24,1,30,29,0
2011,2011-09-18,NE,LAC,3,35,21,1,3,14,0
2011,2011-09-18,NO,CHI,3,30,13,1,2,17,0
2011,2011-09-18,NYJ,JAX,3,32,3,1,16,27,0
2011,2011-09-18,PIT,SEA,3,24,0,1,6,21,0
2011,2011-09-18,SF,DAL,0,24,27,1,4,15,1
2011,2011-09-18,TEN,BAL,3,26,13,1,11,5,1
2011,2011-09-18,WAS,ARI,3,22,21,1,26,18,1
2011,2011-09-19,NYG,LAR,3,28,16,1,12,32,0
2011,2011-09-25,BUF,NE,3,34,31,1,25,3,1
2011,2011-09-25,CAR,JAX,3,16,10,1,24,27,0
2011,2011-09-25,CHI,GB,0,17,27,1,17,1,0
2011,2011-09-25,CIN,SF,0,8,13,1,10,4,0
2011,2011-09-25,CLE,MIA,3,17,16,1,28,23,1
2011,2011-09-25,IND,PIT,0,20,23,1,31,6,0
2011,2011-09-25,LAC,KC,3,20,17,1,14,22,0
2011,2011-09-25,LAR,BAL,0,7,37,1,32,5,0
2011,2011-09-25,LV,NYJ,3,34,24,1,19,16,1
2011,2011-09-25,MIN,DET,0,23,26,1,30,8,0
2011,2011-09-25,NO,HOU,3,40,33,1,2,7,0
2011,2011-09-25,PHI,NYG,0,16,29,1,13,12,0
2011,2011-09-25,SEA,ARI,3,13,10,1,21,18,1
2011,2011-09-25,TB,ATL,3,16,13,1,29,9,1
2011,2011-09-25,TEN,DEN,3,17,14,1,11,20,0
2011,2011-09-26,DAL,WAS,3,18,16,1,15,26,0
2011,2011-10-02,ARI,NYG,0,27,31,1,18,12,0
2011,2011-10-02,BAL,NYJ,3,34,17,1,5,16,0
2011,2011-10-02,CHI,CAR,3,34,29,1,17,24,0
2011,2011-10-02,CIN,BUF,3,23,20,1,10,25,0
2011,2011-10-02,CLE,TEN,0,13,31,1,28,11,0
2011,2011-10-02,DAL,DET,0,30,34,1,15,8,0
2011,2011-10-02,GB,DEN,3,49,23,1,1,20,0
2011,2011-10-02,HOU,PIT,3,17,10,1,7,6,1
2011,2011-10-02,JAX,NO,0,10,23,1,27,2,0
2011,2011-10-02,KC,MIN,3,22,17,1,22,30,0
2011,2011-10-02,LAC,MIA,3,26,16,1,14,23,0
2011,2011-10-02,LAR,WAS,0,10,17,1,32,26,0
2011,2011-10-02,LV,NE,0,19,31,1,19,3,0
2011,2011-10-02,PHI,SF,0,23,24,1,13,4,0
2011,2011-10-02,SEA,ATL,0,28,30,1,21,9,0
2011,2011-10-03,TB,IND,3,24,17,1,29,31,0
2011,2011-10-09,ATL,GB,0,14,25,1,9,1,0
2011,2011-10-09,BUF,PHI,3,31,24,1,25,13,1
2011,2011-10-09,CAR,NO,0,27,30,1,24,2,0
2011,2011-10-09,DEN,LAC,0,24,29,1,20,14,0
2011,2011-10-09,HOU,LV,0,20,25,1,7,19,1
2011,2011-10-09,IND,KC,0,24,28,1,31,22,0
2011,2011-10-09,JAX,CIN,0,20,30,1,27,10,0
2011,2011-10-09,MIN,ARI,3,34,10,1,30,18,1
2011,2011-10-09,NE,NYJ,3,30,21,1,3,16,0
2011,2011-10-09,NYG,SEA,0,25,36,1,12,21,1
2011,2011-10-09,PIT,TEN,3,38,17,1,6,11,0
2011,2011-10-09,SF,TB,3,48,3,1,4,29,0
2011,2011-10-10,DET,CHI,3,24,13,1,8,17,0
2011,2011-10-16,ATL,CAR,3,31,17,1,9,24,0
2011,2011-10-16,BAL,HOU,3,29,14,1,5,7,0
2011,2011-10-16,CHI,MIN,3,39,10,1,17,30,0
2011,2011-10-16,CIN,IND,3,27,17,1,10,31,0
2011,2011-10-16,DET,SF,0,19,25,1,8,4,0
2011,2011-10-16,GB,LAR,3,24,3,1,1,32,0
2011,2011-10-16,LV,CLE,3,24,17,1,19,28,0
2011,2011-10-16,NE,DAL,3,20,16,1,3,15,0
2011,2011-10-16,NYG,BUF,3,27,24,1,12,25,0
2011,2011-10-16,PIT,JAX,3,17,13,1,6,27,0
2011,2011-10-16,TB,NO,3,26,20,1,29,2,1
2011,2011-10-16,WAS,PHI,0,13,20,1,26,13,0
2011,2011-10-17,NYJ,MIA,3,24,6,1,16,23,0
2011,2011-10-23,ARI,PIT,0,20,32,1,18,6,0
2011,2011-10-23,CAR,WAS,3,33,20,1,24,26,0
2011,2011-10-23,CLE,SEA,3,6,3,1,28,21,1
2011,2011-10-23,DAL,LAR,3,34,7,1,15,32,0
2011,2011-10-23,DET,ATL,0,16,23,1,8,9,1
2011,2011-10-23,LV,KC,0,0,28,1,19,22,1
2011,2011-10-23,MIA,DEN,0,15,18,1,23,20,0
2011,2011-10-23,MIN,GB,0,27,33,1,30,1,0
2011,2011-10-23,NO,IND,3,62,7,1,2,31,0
2011,2011-10-23,NYJ,LAC,3,27,21,1,16,14,1
2011,2011-10-23,TB,CHI,0,18,24,1,29,17,0
2011,2011-10-23,TEN,HOU,0,7,41,1,11,7,0
2011,2011-10-24,JAX,BAL,3,12,7,1,27,5,1
2011,2011-10-30,BAL,ARI,3,30,27,1,5,18,0
2011,2011-10-30,BUF,WAS,3,23,0,1,25,26,0
2011,2011-10-30,CAR,MIN,0,21,24,1,24,30,1
2011,2011-10-30,DEN,DET,0,10,45,1,20,8,0
2011,2011-10-30,HOU,JAX,3,24,14,1,7,27,0
2011,2011-10-30,LAR,NO,3,31,21,1,32,2,1
2011,2011-10-30,NYG,MIA,3,20,17,1,12,23,0
2011,2011-10-30,PHI,DAL,3,34,7,1,13,15,0
2011,2011-10-30,PIT,NE,3,25,17,1,6,3,1
2011,2011-10-30,SEA,CIN,0,12,34,1,21,10,0
2011,2011-10-30,SF,CLE,3,20,10,1,4,28,0
2011,2011-10-30,TEN,IND,3,27,10,1,11,31,0
2011,2011-10-31,KC,LAC,3,23,20,1,22,14,1
2011,2011-11-06,ARI,LAR,3,19,13,1,18,32,0
2011,2011-11-06,BUF,NYJ,0,11,27,1,25,16,0
2011,2011-11-06,DAL,SEA,3,23,13,1,15,21,0
2011,2011-11-06,HOU,CLE,3,30,12,1,7,28,0
2011,2011-11-06,IND,ATL,0,7,31,1,31,9,0
2011,2011-11-06,KC,MIA,0,3,31,1,22,23,1
2011,2011-11-06,LAC,GB,0,38,45,1,14,1,0
2011,2011-11-06,LV,DEN,0,24,38,1,19,20,1
2011,2011-11-06,NE,NYG,0,20,24,1,3,12,1
2011,2011-11-06,NO,TB,3,27,16,1,2,29,0
2011,2011-11-06,PIT,BAL,0,20,23,1,6,5,0
2011,2011-11-06,TEN,CIN,0,17,24,1,11,10,0
2011,2011-11-06,WAS,SF,0,11,19,1,26,4,0
2011,2011-11-07,PHI,CHI,0,24,30,1,13,17,1
2011,2011-11-10,LAC,LV,0,17,24,1,14,19,1
2011,2011-11-13,ATL,NO,0,23,26,1,9,2,0
2011,2011-11-13,CAR,TEN,0,3,30,1,24,11,0
2011,2011-11-13,CHI,DET,3,37,13,1,17,8,1
2011,2011-11-13,CIN,PIT,0,17,24,1,10,6,0
2011,2011-11-13,CLE,LAR,0,12,13,1,28,32,1
2011,2011-11-13,DAL,BUF,3,44,7,1,15,25,0
2011,2011-11-13,IND,JAX,0,3,17,1,31,27,0
2011,2011-11-13,KC,DEN,0,10,17,1,22,20,0
2011,2011-11-13,MIA,WAS,3,20,9,1,23,26,0
2011,2011-11-13,NYJ,NE,0,16,37,1,16,3,0
2011,2011-11-13,PHI,ARI,0,17,21,1,13,18,1
2011,2011-11-13,SEA,BAL,3,22,17,1,21,5,1
2011,2011-11-13,SF,NYG,3,27,20,1,4,12,0
2011,2011-11-13,TB,HOU,0,9,37,1,29,7,0
2011,2011-11-14,GB,MIN,3,45,7,1,1,30,0
2011,2011-11-17,DEN,NYJ,3,17,13,1,20,16,1
2011,2011-11-20,ATL,TEN,3,23,17,1,9,11,0
2011,2011-11-20,BAL,CIN,3,31,24,1,5,10,0
2011,2011-11-20,CHI,LAC,3,31,20,1,17,14,1
2011,2011-11-20,CLE,JAX,3,14,10,1,28,27,1
2011,2011-11-20,DET,CAR,3,49,35,1,8,24,0
2011,2011-11-20,GB,TB,3,35,26,1,1,29,0
2011,2011-11-20,LAR,SEA,0,7,24,1,32,21,0
2011,2011-11-20,MIA,BUF,3,35,8,1,23,25,0
2011,2011-11-20,MIN,LV,0,21,27,1,30,19,0
2011,2011-11-20,NYG,PHI,0,10,17,1,12,13,1
2011,2011-11-20,SF,ARI,3,23,7,1,4,18,0
2011,2011-11-20,WAS,DAL,0,24,27,1,26,15,0
2011,2011-11-21,NE,KC,3,34,3,1,3,22,0
2011,2011-11-24,BAL,SF,3,16,6,1,5,4,1
2011,2011-11-24,DAL,MIA,3,20,19,1,15,23,0
2011,2011-11-24,DET,GB,0,15,27,1,8,1,0
2011,2011-11-27,ATL,MIN,3,24,14,1,9,30,0
2011,2011-11-27,CIN,CLE,3,23,20,1,10,28,0
2011,2011-11-27,IND,CAR,0,19,27,1,31,24,0
2011,2011-11-27,JAX,HOU,0,13,20,1,27,7,0
2011,2011-11-27,KC,PIT,0,9,13,1,22,6,0
2011,2011-11-27,LAC,DEN,0,13,16,1,14,20,1
2011,2011-11-27,LAR,ARI,0,20,23,1,32,18,0
2011,2011-11-27,LV,CHI,3,25,20,1,19,17,1
2011,2011-11-27,NYJ,BUF,3,28,24,1,16,25,0
2011,2011-11-27,PHI,NE,0,20,38,1,13,3,0
2011,2011-11-27,SEA,WAS,0,17,23,1,21,26,1
2011,2011-11-27,TEN,TB,3,23,17,1,11,29,0
2011,2011-11-28,NO,NYG,3,49,24,1,2,12,0
2011,2011-12-01,SEA,PHI,3,31,14,1,21,13,1
2011,2011-12-04,ARI,DAL,3,19,13,1,18,15,1
2011,2011-12-04,BUF,TEN,0,17,23,1,25,11,0
2011,2011-12-04,CHI,KC,0,3,10,1,17,22,1
2011,2011-12-04,CLE,BAL,0,10,24,1,28,5,0
2011,2011-12-04,HOU,ATL,3,17,10,1,7,9,0
2011,2011-12-04,MIA,LV,3,34,14,1,23,19,1
2011,2011-12-04,MIN,DEN,0,32,35,1,30,20,0
2011,2011-12-04,NE,IND,3,31,24,1,3,31,0
2011,2011-12-04,NO,DET,3,31,17,1,2,8,0
2011,2011-12-04,NYG,GB,0,35,38,1,12,1,0
2011,2011-12-04,PIT,CIN,3,35,7,1,6,10,0
2011,2011-12-04,SF,LAR,3,26,0,1,4,32,0
2011,2011-12-04,TB,CAR,0,19,38,1,29,24,0
2011,2011-12-04,WAS,NYJ,0,19,34,1,26,16,0
2011,2011-12-05,JAX,LAC,0,14,38,1,27,14,0
2011,2011-12-08,PIT,CLE,3,14,3,1,6,28,0
2011,2011-12-11,ARI,SF,3,21,19,1,18,4,1
2011,2011-12-11,BAL,IND,3,24,10,1,5,31,0
2011,2011-12-11,CAR,ATL,0,23,31,1,24,9,0
2011,2011-12-11,CIN,HOU,0,19,20,1,10,7,0
2011,2011-12-11,DAL,NYG,0,34,37,1,15,12,0
2011,2011-12-11,DEN,CHI,3,13,10,1,20,17,1
2011,2011-12-11,DET,MIN,3,34,28,1,8,30,0
2011,2011-12-11,GB,LV,3,46,16,1,1,19,0
2011,2011-12-11,JAX,TB,3,41,14,1,27,29,0
2011,2011-12-11,LAC,BUF,3,37,10,1,14,25,0
2011,2011-12-11,MIA,PHI,0,10,26,1,23,13,0
2011,2011-12-11,NYJ,KC,3,37,10,1,16,22,0
2011,2011-12-11,TEN,NO,0,17,22,1,11,2,0
2011,2011-12-11,WAS,NE,0,27,34,1,26,3,0
2011,2011-12-12,SEA,LAR,3,30,13,1,21,32,0
2011,2011-12-15,ATL,JAX,3,41,14,1,9,27,0
2011,2011-12-17,TB,DAL,0,15,31,1,29,15,0
2011,2011-12-18,ARI,CLE,3,20,17,1,18,28,0
2011,2011-12-18,BUF,MIA,0,23,30,1,25,23,0
2011,2011-12-18,CHI,SEA,0,14,38,1,17,21,1
2011,2011-12-18,DEN,NE,0,23,41,1,20,3,0
2011,2011-12-18,HOU,CAR,0,13,28,1,7,24,1
2011,2011-12-18,IND,TEN,3,27,13,1,31,11,1
2011,2011-12-18,KC,GB,3,19,14,1,22,1,1
2011,2011-12-18,LAC,BAL,3,34,14,1,14,5,1
2011,2011-12-18,LAR,CIN,0,13,20,1,32,10,0
2011,2011-12-18,LV,DET,0,27,28,1,19,8,0
2011,2011-12-18,MIN,NO,0,20,42,1,30,2,0
2011,2011-12-18,NYG,WAS,0,10,23,1,12,26,1
2011,2011-12-18,PHI,NYJ,3,45,19,1,13,16,0
2011,2011-12-19,SF,PIT,3,20,3,1,4,6,0
2011,2011-12-22,IND,HOU,3,19,16,1,31,7,1
2011,2011-12-24,BAL,CLE,3,20,14,1,5,28,0
2011,2011-12-24,BUF,DEN,3,40,14,1,25,20,1
2011,2011-12-24,CAR,TB,3,48,16,1,24,29,0
2011,2011-12-24,CIN,ARI,3,23,16,1,10,18,0
2011,2011-12-24,DAL,PHI,0,7,20,1,15,13,0
2011,2011-12-24,DET,LAC,3,38,10,1,8,14,0
2011,2011-12-24,KC,LV,0,13,16,1,22,19,0
2011,2011-12-24,NE,MIA,3,27,24,1,3,23,0
2011,2011-12-24,NYJ,NYG,0,14,29,1,16,12,0
2011,2011-12-24,PIT,LAR,3,27,0,1,6,32,0
2011,2011-12-24,SEA,SF,0,17,19,1,21,4,0
2011,2011-12-24,TEN,JAX,3,23,17,1,11,27,0
2011,2011-12-24,WAS,MIN,0,26,33,1,26,30,1
2011,2011-12-25,GB,CHI,3,35,21,1,1,17,0
2011,2011-12-26,NO,ATL,3,45,16,1,2,9,0
2011,2012-01-01,ARI,SEA,3,23,20,1,18,21,0
2011,2012-01-01,ATL,TB,3,45,24,1,9,29,0
2011,2012-01-01,CIN,BAL,0,16,24,1,10,5,0
2011,2012-01-01,CLE,PIT,0,9,13,1,28,6,0
2011,2012-01-01,DEN,KC,0,3,7,1,20,22,1
2011,2012-01-01,GB,DET,3,45,41,1,1,8,0
2011,2012-01-01,HOU,TEN,0,22,23,1,7,11,1
2011,2012-01-01,JAX,IND,3,19,13,1,27,31,0
2011,2012-01-01,LAR,SF,0,27,34,1,32,4,0
2011,2012-01-01,LV,LAC,0,26,38,1,19,14,0
2011,2012-01-01,MIA,NYJ,3,19,17,1,23,16,1
2011,2012-01-01,MIN,CHI,0,13,17,1,30,17,0
2011,2012-01-01,NE,BUF,3,49,21,1,3,25,0
2011,2012-01-01,NO,CAR,3,45,17,1,2,24,0
2011,2012-01-01,NYG,DAL,3,31,14,1,12,15,0
2011,2012-01-01,PHI,WAS,3,34,10,1,13,26,0
2012,2012-09-05,NYG,DAL,0,17,24,1,14,16,1
2012,2012-09-09,ARI,SEA,3,20,16,1,27,6,1
2012,2012-09-09,CHI,IND,3,41,21,1,9,8,1
2012,2012-09-09,CLE,PHI,0,16,17,1,26,30,1
2012,2012-09-09,DEN,PIT,3,31,19,1,1,15,0
2012,2012-09-09,DET,LAR,3,27,23,1,28,17,1
2012,2012-09-09,GB,SF,0,22,30,1,7,5,0
2012,2012-09-09,HOU,MIA,3,30,10,1,4,22,0
2012,2012-09-09,KC,ATL,0,24,40,1,32,2,0
2012,2012-09-09,MIN,JAX,3,26,23,1,13,31,0
2012,2012-09-09,NO,WAS,0,32,40,1,18,12,0
2012,2012-09-09,NYJ,BUF,3,48,28,1,24,23,1
2012,2012-09-09,TB,CAR,3,16,10,1,20,21,0
2012,2012-09-09,TEN,NE,0,13,34,1,25,3,0
2012,2012-09-10,BAL,CIN,3,44,13,1,11,10,1
2012,2012-09-10,LV,LAC,0,14,22,1,29,19,0
2012,2012-09-13,GB,CHI,3,23,10,1,7,9,0
2012,2012-09-16,BUF,KC,3,35,17,1,23,32,0
2012,2012-09-16,CAR,NO,3,35,27,1,21,18,1
2012,2012-09-16,CIN,CLE,3,34,27,1,10,26,0
2012,2012-09-16,IND,MIN,3,23,20,1,8,13,0
2012,2012-09-16,JAX,HOU,0,7,27,1,31,4,0
2012,2012-09-16,LAC,TEN,3,38,10,1,19,25,0
2012,2012-09-16,LAR,WAS,3,31,28,1,17,12,1
2012,2012-09-16,MIA,LV,3,35,13,1,22,29,0
2012,2012-09-16,NE,ARI,0,18,20,1,3,27,1
2012,2012-09-16,NYG,TB,3,41,34,1,14,20,0
2012,2012-09-16,PHI,BAL,3,24,23,1,30,11,1
2012,2012-09-16,PIT,NYJ,3,27,10,1,15,24,0
2012,2012-09-16,SEA,DAL,3,27,7,1,6,16,0
2012,2012-09-16,SF,DET,3,27,19,1,5,28,0
2012,2012-09-17,ATL,DEN,3,27,21,1,2,1,1
2012,2012-09-20,CAR,NYG,0,7,36,1,21,14,0
2012,2012-09-23,ARI,PHI,3,27,6,1,27,30,0
2012,2012-09-23,BAL,NE,3,31,30,1,11,3,1
2012,2012-09-23,CHI,LAR,3,23,6,1,9,17,0
2012,2012-09-23,CLE,BUF,0,14,24,1,26,23,0
2012,2012-09-23,DAL,TB,3,16,10,1,16,20,0
2012,2012-09-23,DEN,HOU,0,25,31,1,1,4,1
2012,2012-09-23,IND,JAX,0,17,22,1,8,31,1
2012,2012-09-23,LAC,ATL,0,3,27,1,19,2,0
2012,2012-09-23,LV,PIT,3,34,31,1,29,15,1
2012,2012-09-23,MIA,NYJ,0,20,23,1,22,24,1
2012,2012-09-23,MIN,SF,3,24,13,1,13,5,1
2012,2012-09-23,NO,KC,0,24,27,1,18,32,1
2012,2012-09-23,TEN,DET,3,44,41,1,25,28,0
2012,2012-09-23,WAS,CIN,0,31,38,1,12,10,0
2012,2012-09-24,SEA,GB,3,14,12,1,6,7,0
2012,2012-09-27,BAL,CLE,3,23,16,1,11,26,0
2012,2012-09-30,ARI,MIA,3,24,21,1,27,22,1
2012,2012-09-30,ATL,CAR,3,30,28,1,2,21,0
2012,2012-09-30,BUF,NE,0,28,52,1,23,3,0
2012,2012-09-30,DEN,LV,3,37,6,1,1,29,0
2012,2012-09-30,DET,MIN,0,13,20,1,28,13,0
2012,2012-09-30,GB,NO,3,28,27,1,7,18,0
2012,2012-09-30,HOU,TEN,3,38,14,1,4,25,0
2012,2012-09-30,JAX,CIN,0,10,27,1,31,10,0
2012,2012-09-30,KC,LAC,0,20,37,1,32,19,0
2012,2012-09-30,LAR,SEA,3,19,13,1,17,6,1
2012,2012-09-30,NYJ,SF,0,0,34,1,24,5,0
2012,2012-09-30,PHI,NYG,3,19,17,1,30,14,1
2012,2012-09-30,TB,WAS,0,22,24,1,20,12,0
2012,2012-10-01,DAL,CHI,0,18,34,1,16,9,0
2012,2012-10-04,LAR,ARI,3,17,3,1,17,27,0
2012,2012-10-07,CAR,SEA,0,12,16,1,21,6,0
2012,2012-10-07,CIN,MIA,0,13,17,1,10,22,1
2012,2012-10-07,IND,GB,3,30,27,1,8,7,1
2012,2012-10-07,JAX,CHI,0,3,41,1,31,9,0
2012,2012-10-07,KC,BAL,0,6,9,1,32,11,0
2012,2012-10-07,MIN,TEN,3,30,7,1,13,25,0
2012,2012-10-07,NE,DEN,3,31,21,1,3,1,1
2012,2012-10-07,NO,LAC,3,31,24,1,18,19,0
2012,2012-10-07,NYG,CLE,3,41,27,1,14,26,0
2012,2012-10-07,PIT,PHI,3,16,14,1,15,30,0
2012,2012-10-07,SF,BUF,3,45,3,1,5,23,0
2012,2012-10-07,WAS,ATL,0,17,24,1,12,2,0
2012,2012-10-08,NYJ,HOU,0,17,23,1,24,4,0
2012,2012-10-11,TEN,PIT,3,26,23,1,25,15,1
2012,2012-10-14,ARI,BUF,0,16,19,1,27,23,0
2012,2012-10-14,ATL,LV,3,23,20,1,2,29,0
2012,2012-10-14,BAL,DAL,3,31,29,1,11,16,0
2012,2012-10-14,CLE,CIN,3,34,24,1,26,10,1
2012,2012-10-14,HOU,GB,0,24,42,1,4,7,1
2012,2012-10-14,MIA,LAR,3,17,14,1,22,17,1
2012,2012-10-14,NYJ,IND,3,35,9,1,24,8,1
2012,2012-10-14,PHI,DET,0,23,26,1,30,28,0
2012,2012-10-14,SEA,NE,3,24,23,1,6,3,1
2012,2012-10-14,SF,NYG,0,3,26,1,5,14,1
2012,2012-10-14,TB,KC,3,38,10,1,20,32,0
2012,2012-10-14,WAS,MIN,3,38,26,1,12,13,0
2012,2012-10-15,LAC,DEN,0,24,35,1,19,1,0
2012,2012-10-18,SF,SEA,3,13,6,1,5,6,0
2012,2012-10-21,BUF,TEN,0,34,35,1,23,25,1
2012,2012-10-21,CAR,DAL,0,14,19,1,21,16,0
2012,2012-10-21,CIN,PIT,0,17,24,1,10,15,1
2012,2012-10-21,HOU,BAL,3,43,13,1,4,11,0
2012,2012-10-21,IND,CLE,3,17,13,1,8,26,0
2012,2012-10-21,LAR,GB,0,20,30,1,17,7,0
2012,2012-10-21,LV,JAX,3,26,23,1,29,31,0
2012,2012-10-21,MIN,ARI,3,21,14,1,13,27,0
2012,2012-10-21,NE,NYJ,3,29,26,1,3,24,0
2012,2012-10-21,NYG,WAS,3,27,23,1,14,12,1
2012,2012-10-21,TB,NO,0,28,35,1,20,18,0
2012,2012-10-22,CHI,DET,3,13,7,1,9,28,0
2012,2012-10-25,MIN,TB,0,17,36,1,13,20,1
2012,2012-10-28,CHI,CAR,3,23,22,1,9,21,0
2012,2012-10-28,CLE,LAC,3,7,6,1,26,19,1
2012,2012-10-28,DAL,NYG,0,24,29,1,16,14,0
2012,2012-10-28,DEN,NO,3,34,14,1,1,18,0
2012,2012-10-28,DET,SEA,3,28,24,1,28,6,1
2012,2012-10-28,GB,JAX,3,24,15,1,7,31,0
2012,2012-10-28,KC,LV,0,16,26,1,32,29,0
2012,2012-10-28,LAR,NE,0,7,45,1,17,3,0
2012,2012-10-28,NYJ,MIA,0,9,30,1,24,22,0
2012,2012-10-28,PHI,ATL,0,17,30,1,30,2,0
2012,2012-10-28,PIT,WAS,3,27,12,1,15,12,1
2012,2012-10-28,TEN,IND,0,13,19,1,25,8,0
2012,2012-10-29,ARI,SF,0,3,24,1,27,5,0
2012,2012-11-01,LAC,KC,3,31,13,1,19,32,0
2012,2012-11-04,ATL,DAL,3,19,13,1,2,16,0
2012,2012-11-04,CIN,DEN,0,23,31,1,10,1,0
2012,2012-11-04,CLE,BAL,0,15,25,1,26,11,0
2012,2012-11-04,GB,ARI,3,31,17,1,7,27,0
2012,2012-11-04,HOU,BUF,3,21,9,1,4,23,0
2012,2012-11-04,IND,MIA,3,23,20,1,8,22,0
2012,2012-11-04,JAX,DET,0,14,31,1,31,28,0
2012,2012-11-04,LV,TB,0,32,42,1,29,20,0
2012,2012-11-04,NYG,PIT,0,20,24,1,14,15,1
2012,2012-11-04,SEA,MIN,3,30,20,1,6,13,0
2012,2012-11-04,TEN,CHI,0,20,51,1,25,9,0
2012,2012-11-04,WAS,CAR,0,13,21,1,12,21,1
2012,2012-11-05,NO,PHI,3,28,13,1,18,30,0
2012,2012-11-08,JAX,IND,0,10,27,1,31,8,0
2012,2012-11-11,BAL,LV,3,55,20,1,11,29,0
2012,2012-11-11,CAR,DEN,0,14,36,1,21,1,0
2012,2012-11-11,CHI,HOU,0,6,13,1,9,4,0
2012,2012-11-11,CIN,NYG,3,31,13,1,10,14,0
2012,2012-11-11,MIA,TEN,0,3,37,1,22,25,1
2012,2012-11-11,MIN,DET,3,34,24,1,13,28,0
2012,2012-11-11,NE,BUF,3,37,31,1,3,23,0
2012,2012-11-11,NO,ATL,3,31,27,1,18,2,1
2012,2012-11-11,PHI,DAL,0,23,38,1,30,16,0
2012,2012-11-11,SEA,NYJ,3,28,7,1,6,24,0
2012,2012-11-11,SF,LAR,1,24,24,1,5,17,0
2012,2012-11-11,TB,LAC,3,34,24,1,20,19,1
2012,2012-11-12,PIT,KC,3,16,13,1,15,32,0
2012,2012-11-15,BUF,MIA,3,19,14,1,23,22,1
2012,2012-11-18,ATL,ARI,3,23,19,1,2,27,0
2012,2012-11-18,CAR,TB,0,21,27,1,21,20,0
2012,2012-11-18,DAL,CLE,3,23,20,1,16,26,0
2012,2012-11-18,DEN,LAC,3,30,23,1,1,19,0
2012,2012-11-18,DET,GB,0,20,24,1,28,7,0
2012,2012-11-18,HOU,JAX,3,43,37,1,4,31,0
2012,2012-11-18,KC,CIN,0,6,28,1,32,10,0
2012,2012-11-18,LAR,NYJ,0,13,27,1,17,24,1
2012,2012-11-18,LV,NO,0,17,38,1,29,18,0
2012,2012-11-18,NE,IND,3,59,24,1,3,8,0
2012,2012-11-18,PIT,BAL,0,10,13,1,15,11,0
2012,2012-11-18,WAS,PHI,3,31,6,1,12,30,0
2012,2012-11-19,SF,CHI,3,32,7,1,5,9,0
2012,2012-11-22,DAL,WAS,0,31,38,1,16,12,0
2012,2012-11-22,DET,HOU,0,31,34,1,28,4,0
2012,2012-11-22,NYJ,NE,0,19,49,1,24,3,0
2012,2012-11-25,ARI,LAR,0,17,31,1,27,17,0
2012,2012-11-25,CHI,MIN,3,28,10,1,9,13,0
2012,2012-11-25,CIN,LV,3,34,10,1,10,29,0
2012,2012-11-25,CLE,PIT,3,20,14,1,26,15,1
2012,2012-11-25,IND,BUF,3,20,13,1,8,23,0
2012,2012-11-25,JAX,TEN,3,24,19,1,31,25,1
2012,2012-11-25,KC,DEN,0,9,17,1,32,1,0
2012,2012-11-25,LAC,BAL,0,13,16,1,19,11,0
2012,2012-11-25,MIA,SEA,3,24,21,1,22,6,1
2012,2012-11-25,NO,SF,0,21,31,1,18,5,0
2012,2012-11-25,NYG,GB,3,38,10,1,14,7,1
2012,2012-11-25,TB,ATL,0,23,24,1,20,2,0
2012,2012-11-26,PHI,CAR,0,22,30,1,30,21,0
2012,2012-11-29,ATL,NO,3,23,13,1,2,18,0
2012,2012-12-02,BAL,PIT,0,20,23,1,11,15,1
2012,2012-12-02,BUF,JAX,3,34,18,1,23,31,0
2012,2012-12-02,CHI,SEA,0,17,23,1,9,6,0
2012,2012-12-02,DAL,PHI,3,38,33,1,16,30,0
2012,2012-12-02,DEN,TB,3,31,23,1,1,20,0
2012,2012-12-02,DET,IND,0,33,35,1,28,8,0
2012,2012-12-02,GB,MIN,3,23,14,1,7,13,0
2012,2012-12-02,KC,CAR,3,27,21,1,32,21,1
2012,2012-12-02,LAC,CIN,0,13,20,1,19,10,0
2012,2012-12-02,LAR,SF,3,16,13,1,17,5,1
2012,2012-12-02,LV,CLE,0,17,20,1,29,26,0
2012,2012-12-02,MIA,NE,0,16,23,1,22,3,0
2012,2012-12-02,NYJ,ARI,3,7,6,1,24,27,0
2012,2012-12-02,TEN,HOU,0,10,24,1,25,4,0
2012,2012-12-03,WAS,NYG,3,17,16,1,12,14,0
2012,2012-12-06,LV,DEN,0,13,26,1,29,1,0
2012,2012-12-09,BUF,LAR,0,12,15,1,23,17,0
2012,2012-12-09,CAR,ATL,3,30,20,1,21,2,1
2012,2012-12-09,CIN,DAL,0,19,20,1,10,16,1
2012,2012-12-09,CLE,KC,3,30,7,1,26,32,0
2012,2012-12-09,GB,DET,3,27,20,1,7,28,0
2012,2012-12-09,IND,TEN,3,27,23,1,8,25,0
2012,2012-12-09,JAX,NYJ,0,10,17,1,31,24,0
2012,2012-12-09,MIN,CHI,3,21,14,1,13,9,1
2012,2012-12-09,NYG,NO,3,52,27,1,14,18,0
2012,2012-12-09,PIT,LAC,0,24,34,1,15,19,1
2012,2012-12-09,SEA,ARI,3,58,0,1,6,27,0
2012,2012-12-09,SF,MIA,3,27,13,1,5,22,0
2012,2012-12-09,TB,PHI,0,21,23,1,20,30,1
2012,2012-12-09,WAS,BAL,3,31,28,1,12,11,1
2012,2012-12-10,NE,HOU,3,42,14,1,3,4,0
2012,2012-12-13,PHI,CIN,0,13,34,1,30,10,0
2012,2012-12-16,ARI,DET,3,38,10,1,27,28,0
2012,2012-12-16,ATL,NYG,3,34,0,1,2,14,0
2012,2012-12-16,BAL,DEN,0,17,34,1,11,1,0
2012,2012-12-16,BUF,SEA,0,17,50,1,23,6,0
2012,2012-12-16,CHI,GB,0,13,21,1,9,7,0
2012,2012-12-16,CLE,WAS,0,21,38,1,26,12,0
2012,2012-12-16,DAL,PIT,3,27,24,1,16,15,1
2012,2012-12-16,HOU,IND,3,29,17,1,4,8,0
2012,2012-12-16,LAC,CAR,0,7,31,1,19,21,1
2012,2012-12-16,LAR,MIN,0,22,36,1,17,13,0
2012,2012-12-16,LV,KC,3,15,0,1,29,32,0
2012,2012-12-16,MIA,JAX,3,24,3,1,22,31,0
2012,2012-12-16,NE,SF,0,34,41,1,3,5,1
2012,2012-12-16,NO,TB,3,41,0,1,18,20,0
2012,2012-12-17,TEN,NYJ,3,14,10,1,25,24,1
2012,2012-12-22,DET,ATL,0,18,31,1,28,2,0
2012,2012-12-23,ARI,CHI,0,13,28,1,27,9,0
2012,2012-12-23,BAL,NYG,3,33,14,1,11,14,0
2012,2012-12-23,CAR,LV,3,17,6,1,21,29,0
2012,2012-12-23,DAL,NO,0,31,34,1,16,18,1
2012,2012-12-23,DEN,CLE,3,34,12,1,1,26,0
2012,2012-12-23,GB,TEN,3,55,7,1,7,25,0
2012,2012-12-23,HOU,MIN,0,6,23,1,4,13,1
2012,2012-12-23,JAX,NE,0,16,23,1,31,3,0
2012,2012-12-23,KC,IND,0,13,20,1,32,8,0
2012,2012-12-23,MIA,BUF,3,24,10,1,22,23,0
2012,2012-12-23,NYJ,LAC,0,17,27,1,24,19,0
2012,2012-12-23,PHI,WAS,0,20,27,1,30,12,0
2012,2012-12-23,PIT,CIN,0,10,13,1,15,10,0
2012,2012-12-23,SEA,SF,3,42,13,1,6,5,1
2012,2012-12-23,TB,LAR,0,13,28,1,20,17,0
2012,2012-12-30,ATL,TB,0,17,22,1,2,20,1
2012,2012-12-30,BUF,NYJ,3,28,9,1,23,24,0
2012,2012-12-30,CIN,BAL,3,23,17,1,10,11,0
2012,2012-12-30,DEN,KC,3,38,3,1,1,32,0
2012,2012-12-30,DET,CHI,0,24,26,1,28,9,0
2012,2012-12-30,IND,HOU,3,28,16,1,8,4,1
2012,2012-12-30,LAC,LV,3,24,21,1,19,29,0
2012,2012-12-30,MIN,GB,3,37,34,1,13,7,1
2012,2012-12-30,NE,MIA,3,28,0,1,3,22,0
2012,2012-12-30,NO,CAR,0,38,44,1,18,21,1
2012,2012-12-30,NYG,PHI,3,42,7,1,14,30,0
2012,2012-12-30,PIT,CLE,3,24,10,1,15,26,0
2012,2012-12-30,SEA,LAR,3,20,13,1,6,17,0
2012,2012-12-30,SF,ARI,3,27,13,1,5,27,0
2012,2012-12-30,TEN,JAX,3,38,20,1,25,31,0
2012,2012-12-30,WAS,DAL,3,28,18,1,12,16,0
2013,2013-09-05,DEN,BAL,3,49,27,1,1,17,0
2013,2013-09-08,BUF,NE,0,21,23,1,24,5,0
2013,2013-09-08,CAR,SEA,0,7,12,1,4,2,0
2013,2013-09-08,CHI,CIN,3,24,21,1,18,6,1
2013,2013-09-08,CLE,MIA,0,10,23,1,27,16,0
2013,2013-09-08,DAL,NYG,3,36,31,1,15,23,0
2013,2013-09-08,DET,MIN,3,34,24,1,20,25,0
2013,2013-09-08,IND,LV,3,21,17,1,9,29,0
2013,2013-09-08,JAX,KC,0,2,28,1,30,7,0
2013,2013-09-08,LAR,ARI,3,27,24,1,21,11,1
2013,2013-09-08,NO,ATL,3,23,17,1,8,26,0
2013,2013-09-08,NYJ,TB,3,18,17,1,19,28,0
2013,2013-09-08,PIT,TEN,0,9,16,1,14,22,1
2013,2013-09-08,SF,GB,3,34,28,1,3,13,0
2013,2013-09-09,LAC,HOU,0,28,31,1,12,32,1
2013,2013-09-09,WAS,PHI,0,27,33,1,31,10,0
2013,2013-09-12,NE,NYJ,3,13,10,1,5,19,0
2013,2013-09-15,ARI,DET,3,25,21,1,11,20,0
2013,2013-09-15,ATL,LAR,3,31,24,1,26,21,1
2013,2013-09-15,BAL,CLE,3,14,6,1,17,27,0
2013,2013-09-15,BUF,CAR,3,24,23,1,24,4,1
2013,2013-09-15,CHI,MIN,3,31,30,1,18,25,0
2013,2013-09-15,GB,WAS,3,38,20,1,13,31,0
2013,2013-09-15,HOU,TEN,3,30,24,1,32,22,1
2013,2013-09-15,IND,MIA,0,20,24,1,9,16,1
2013,2013-09-15,KC,DAL,3,17,16,1,7,15,0
2013,2013-09-15,LV,JAX,3,19,9,1,29,30,0
2013,2013-09-15,NYG,DEN,0,23,41,1,23,1,0
2013,2013-09-15,PHI,LAC,0,30,33,1,10,12,1
2013,2013-09-15,SEA,SF,3,29,3,1,2,3,0
2013,2013-09-15,TB,NO,0,14,16,1,28,8,0
2013,2013-09-16,CIN,PIT,3,20,10,1,6,14,0
2013,2013-09-19,PHI,KC,0,16,26,1,10,7,0
2013,2013-09-22,BAL,HOU,3,30,9,1,17,32,0
2013,2013-09-22,CAR,NYG,3,38,0,1,4,23,0
2013,2013-09-22,CIN,GB,3,34,30,1,6,13,0
2013,2013-09-22,DAL,LAR,3,31,7,1,15,21,0
2013,2013-09-22,MIA,ATL,3,27,23,1,16,26,0
2013,2013-09-22,MIN,CLE,0,27,31,1,25,27,1
2013,2013-09-22,NE,TB,3,23,3,1,5,28,0
2013,2013-09-22,NO,ARI,3,31,7,1,8,11,0
2013,2013-09-22,NYJ,BUF,3,27,20,1,19,24,0
2013,2013-09-22,PIT,CHI,0,23,40,1,14,18,1
2013,2013-09-22,SEA,JAX,3,45,17,1,2,30,0
2013,2013-09-22,SF,IND,0,7,27,1,3,9,1
2013,2013-09-22,TEN,LAC,3,20,17,1,22,12,1
2013,2013-09-22,WAS,DET,0,20,27,1,31,20,0
2013,2013-09-23,DEN,LV,3,37,21,1,1,29,0
2013,2013-09-26,LAR,SF,0,11,35,1,21,3,0
2013,2013-09-29,ATL,NE,0,23,30,1,26,5,0
2013,2013-09-29,BUF,BAL,3,23,20,1,24,17,1
2013,2013-09-29,CLE,CIN,3,17,6,1,27,6,1
2013,2013-09-29,DEN,PHI,3,52,20,1,1,10,0
2013,2013-09-29,DET,CHI,3,40,32,1,20,18,1
2013,2013-09-29,HOU,SEA,0,20,23,1,32,2,0
2013,2013-09-29,JAX,IND,0,3,37,1,30,9,0
2013,2013-09-29,KC,NYG,3,31,7,1,7,23,0
2013,2013-09-29,LAC,DAL,3,30,21,1,12,15,0
2013,2013-09-29,LV,WAS,0,14,24,1,29,31,1
2013,2013-09-29,MIN,PIT,3,34,27,1,25,14,1
2013,2013-09-29,TB,ARI,0,10,13,1,28,11,0
2013,2013-09-29,TEN,NYJ,3,38,13,1,22,19,1
2013,2013-09-30,NO,MIA,3,38,17,1,8,16,0
2013,2013-10-03,CLE,BUF,3,37,24,1,27,24,1
2013,2013-10-06,ARI,CAR,3,22,6,1,11,4,1
2013,2013-10-06,CHI,NO,0,18,26,1,18,8,0
2013,2013-10-06,CIN,NE,3,13,6,1,6,5,1
2013,2013-10-06,DAL,DEN,0,48,51,1,15,1,0
2013,2013-10-06,GB,DET,3,22,9,1,13,20,0
2013,2013-10-06,IND,SEA,3,34,28,1,9,2,1
2013,2013-10-06,LAR,JAX,3,34,20,1,21,30,0
2013,2013-10-06,LV,LAC,3,27,17,1,29,12,1
2013,2013-10-06,MIA,BAL,0,23,26,1,16,17,1
2013,2013-10-06,NYG,PHI,0,21,36,1,23,10,0
2013,2013-10-06,SF,HOU,3,34,3,1,3,32,0
2013,2013-10-06,TEN,KC,0,17,26,1,22,7,0
2013,2013-10-07,ATL,NYJ,0,28,30,1,26,19,0
2013,2013-10-10,CHI,NYG,3,27,21,1,18,23,0
2013,2013-10-13,BAL,GB,0,17,19,1,17,13,0
2013,2013-10-13,BUF,CIN,0,24,27,1,24,6,0
2013,2013-10-13,CLE,DET,0,17,31,1,27,20,0
2013,2013-10-13,DAL,WAS,3,31,16,1,15,31,0
2013,2013-10-13,DEN,JAX,3,35,19,1,1,30,0
2013,2013-10-13,HOU,LAR,0,13,38,1,32,21,0
2013,2013-10-13,KC,LV,3,24,7,1,7,29,0
2013,2013-10-13,MIN,CAR,0,10,35,1,25,4,0
2013,2013-10-13,NE,NO,3,30,27,1,5,8,0
2013,2013-10-13,NYJ,PIT,0,6,19,1,19,14,0
2013,2013-10-13,SEA,TEN,3,20,13,1,2,22,0
2013,2013-10-13,SF,ARI,3,32,20,1,3,11,0
2013,2013-10-13,TB,PHI,0,20,31,1,28,10,0
2013,2013-10-14,LAC,IND,3,19,9,1,12,9,1
2013,2013-10-17,ARI,SEA,0,22,34,1,11,2,0
2013,2013-10-20,ATL,TB,3,31,23,1,26,28,0
2013,2013-10-20,CAR,LAR,3,30,15,1,4,21,0
2013,2013-10-20,DET,CIN,0,24,27,1,20,6,0
2013,2013-10-20,GB,CLE,3,31,13,1,13,27,0
2013,2013-10-20,IND,DEN,3,39,33,1,9,1,1
2013,2013-10-20,JAX,LAC,0,6,24,1,30,12,0
2013,2013-10-20,KC,HOU,3,17,16,1,7,32,0
2013,2013-10-20,MIA,BUF,0,21,23,1,16,24,1
2013,2013-10-20,NYJ,NE,3,30,27,1,19,5,1
2013,2013-10-20,PHI,DAL,0,3,17,1,10,15,1
2013,2013-10-20,PIT,BAL,3,19,16,1,14,17,0
2013,2013-10-20,TEN,SF,0,17,31,1,22,3,0
2013,2013-10-20,WAS,CHI,3,45,41,1,31,18,1
2013,2013-10-21,NYG,MIN,3,23,7,1,23,25,0
2013,2013-10-24,TB,CAR,0,13,31,1,28,4,0
2013,2013-10-27,ARI,ATL,3,27,13,1,11,26,0
2013,2013-10-27,CIN,NYJ,3,49,9,1,6,19,0
2013,2013-10-27,DEN,WAS,3,45,21,1,1,31,0
2013,2013-10-27,DET,DAL,3,31,30,1,20,15,1
2013,2013-10-27,JAX,SF,0,10,42,1,30,3,0
2013,2013-10-27,KC,CLE,3,23,17,1,7,27,0
2013,2013-10-27,LV,PIT,3,21,18,1,29,14,1
2013,2013-10-27,MIN,GB,0,31,44,1,25,13,0
2013,2013-10-27,NE,MIA,3,27,17,1,5,16,0
2013,2013-10-27,NO,BUF,3,35,17,1,8,24,0
2013,2013-10-27,PHI,NYG,0,7,15,1,10,23,1
2013,2013-10-28,LAR,SEA,0,9,14,1,21,2,0
2013,2013-10-31,MIA,CIN,3,22,20,1,16,6,1
2013,2013-11-03,BUF,KC,0,13,23,1,24,7,0
2013,2013-11-03,CAR,ATL,3,34,10,1,4,26,0
2013,2013-11-03,CLE,BAL,3,24,18,1,27,17,1
2013,2013-11-03,DAL,MIN,3,27,23,1,15,25,0
2013,2013-11-03,HOU,IND,0,24,27,1,32,9,0
2013,2013-11-03,LAR,TEN,0,21,28,1,21,22,1
2013,2013-11-03,LV,PHI,0,20,49,1,29,10,0
2013,2013-11-03,NE,PIT,3,55,31,1,5,14,0
2013,2013-11-03,NYJ,NO,3,26,20,1,19,8,1
2013,2013-11-03,SEA,TB,3,27,24,1,2,28,0
2013,2013-11-03,WAS,LAC,3,30,24,1,31,12,1
2013,2013-11-04,GB,CHI,0,20,27,1,13,18,1
2013,2013-11-07,MIN,WAS,3,34,27,1,25,31,0
2013,2013-11-10,ARI,HOU,3,27,24,1,11,32,0
2013,2013-11-10,ATL,SEA,0,10,33,1,26,2,0
2013,2013-11-10,BAL,CIN,3,20,17,1,17,6,1
2013,2013-11-10,CHI,DET,0,19,21,1,18,20,1
2013,2013-11-10,GB,PHI,0,13,27,1,13,10,0
2013,2013-11-10,IND,LAR,0,8,38,1,9,21,1
2013,2013-11-10,LAC,DEN,0,20,28,1,12,1,0
2013,2013-11-10,NO,DAL,3,49,17,1,8,15,0
2013,2013-11-10,NYG,LV,3,24,20,1,23,29,0
2013,2013-11-10,PIT,BUF,3,23,10,1,14,24,0
2013,2013-11-10,SF,CAR,0,9,10,1,3,4,1
2013,2013-11-10,TEN,JAX,0,27,29,1,22,30,1
2013,2013-11-11,TB,MIA,3,22,19,1,28,16,1
2013,2013-11-14,TEN,IND,0,27,30,1,22,9,0
2013,2013-11-17,BUF,NYJ,3,37,14,1,24,19,1
2013,2013-11-17,CHI,BAL,3,23,20,1,18,17,1
2013,2013-11-17,CIN,CLE,3,41,20,1,6,27,0
2013,2013-11-17,DEN,KC,3,27,17,1,1,7,0
2013,2013-11-17,HOU,LV,0,23,28,1,32,29,0
2013,2013-11-17,JAX,ARI,0,14,27,1,30,11,0
2013,2013-11-17,MIA,LAC,3,20,16,1,16,12,1
2013,2013-11-17,NO,SF,3,23,20,1,8,3,1
2013,2013-11-17,NYG,GB,3,27,13,1,23,13,1
2013,2013-11-17,PHI,WAS,3,24,16,1,10,31,0
2013,2013-11-17,PIT,DET,3,37,27,1,14,20,0
2013,2013-11-17,SEA,MIN,3,41,20,1,2,25,0
2013,2013-11-17,TB,ATL,3,41,28,1,28,26,1
2013,2013-11-18,CAR,NE,3,24,20,1,4,5,0
2013,2013-11-21,ATL,NO,0,13,17,1,26,8,0
2013,2013-11-24,ARI,IND,3,40,11,1,11,9,1
2013,2013-11-24,BAL,NYJ,3,19,3,1,17,19,0
2013,2013-11-24,CLE,PIT,0,11,27,1,27,14,0
2013,2013-11-24,DET,TB,0,21,24,1,20,28,1
2013,2013-11-24,GB,MIN,1,26,26,1,13,25,0
2013,2013-11-24,HOU,JAX,0,6,13,1,32,30,0
2013,2013-11-24,KC,LAC,0,38,41,1,7,12,1
2013,2013-11-24,LAR,CHI,3,42,21,1,21,18,1
2013,2013-11-24,LV,TEN,0,19,23,1,29,22,0
2013,2013-11-24,MIA,CAR,0,16,20,1,16,4,0
2013,2013-11-24,NE,DEN,3,34,31,1,5,1,1
2013,2013-11-24,NYG,DAL,0,21,24,1,23,15,0
2013,2013-11-25,WAS,SF,0,6,27,1,31,3,0
2013,2013-11-28,BAL,PIT,3,22,20,1,17,14,1
2013,2013-11-28,DAL,LV,3,31,24,1,15,29,0
2013,2013-11-28,DET,GB,3,40,10,1,20,13,1
2013,2013-12-01,BUF,ATL,0,31,34,1,24,26,1
2013,2013-12-01,CAR,TB,3,27,6,1,4,28,0
2013,2013-12-01,CLE,JAX,0,28,32,1,27,30,1
2013,2013-12-01,HOU,NE,0,31,34,1,32,5,0
2013,2013-12-01,IND,TEN,3,22,14,1,9,22,0
2013,2013-12-01,KC,DEN,0,28,35,1,7,1,0
2013,2013-12-01,LAC,CIN,0,10,17,1,12,6,0
2013,2013-12-01,MIN,CHI,3,23,20,1,25,18,1
2013,2013-12-01,NYJ,MIA,0,3,23,1,19,16,0
2013,2013-12-01,PHI,ARI,3,24,21,1,10,11,0
2013,2013-12-01,SF,LAR,3,23,13,1,3,21,0
2013,2013-12-01,WAS,NYG,0,17,24,1,31,23,0
2013,2013-12-02,SEA,NO,3,34,7,1,2,8,0
2013,2013-12-05,JAX,HOU,3,27,20,1,30,32,0
2013,2013-12-08,ARI,LAR,3,30,10,1,11,21,0
2013,2013-12-08,BAL,MIN,3,29,26,1,17,25,0
2013,2013-12-08,CIN,IND,3,42,28,1,6,9,0
2013,2013-12-08,DEN,TEN,3,51,28,1,1,22,0
2013,2013-12-08,GB,ATL,3,22,21,1,13,26,0
2013,2013-12-08,LAC,NYG,3,37,14,1,12,23,0
2013,2013-12-08,NE,CLE,3,27,26,1,5,27,0
2013,2013-12-08,NO,CAR,3,31,13,1,8,4,1
2013,2013-12-08,NYJ,LV,3,37,27,1,19,29,0
2013,2013-12-08,PHI,DET,3,34,20,1,10,20,0
2013,2013-12-08,PIT,MIA,0,28,34,1,14,16,1
2013,2013-12-08,SF,SEA,3,19,17,1,3,2,1
2013,2013-12-08,TB,BUF,3,27,6,1,28,24,1
2013,2013-12-08,WAS,KC,0,10,45,1,31,7,0
2013,2013-12-09,CHI,DAL,3,45,28,1,18,15,1
2013,2013-12-12,DEN,LAC,0,20,27,1,1,12,1
2013,2013-12-15,ATL,WAS,3,27,26,1,26,31,0
2013,2013-12-15,CAR,NYJ,3,30,20,1,4,19,0
2013,2013-12-15,CLE,CHI,0,31,38,1,27,18,0
2013,2013-12-15,DAL,GB,0,36,37,1,15,13,0
2013,2013-12-15,IND,HOU,3,25,3,1,9,32,0
2013,2013-12-15,JAX,BUF,0,20,27,1,30,24,0
2013,2013-12-15,LAR,NO,3,27,16,1,21,8,1
2013,2013-12-15,LV,KC,0,31,56,1,29,7,0
2013,2013-12-15,MIA,NE,3,24,20,1,16,5,1
2013,2013-12-15,MIN,PHI,3,48,30,1,25,10,1
2013,2013-12-15,NYG,SEA,0,0,23,1,23,2,0
2013,2013-12-15,PIT,CIN,3,30,20,1,14,6,1
2013,2013-12-15,TB,SF,0,14,33,1,28,3,0
2013,2013-12-15,TEN,ARI,0,34,37,1,22,11,0
2013,2013-12-16,DET,BAL,0,16,18,1,20,17,0
2013,2013-12-22,BAL,NE,0,7,41,1,17,5,0
2013,2013-12-22,BUF,MIA,3,19,0,1,24,16,1
2013,2013-12-22,CAR,NO,3,17,13,1,4,8,0
2013,2013-12-22,CIN,MIN,3,42,14,1,6,25,0
2013,2013-12-22,DET,NYG,0,20,23,1,20,23,1
2013,2013-12-22,GB,PIT,0,31,38,1,13,14,1
2013,2013-12-22,HOU,DEN,0,13,37,1,32,1,0
2013,2013-12-22,JAX,TEN,0,16,20,1,30,22,0
2013,2013-12-22,KC,IND,0,7,23,1,7,9,1
2013,2013-12-22,LAC,LV,3,26,13,1,12,29,0
2013,2013-12-22,LAR,TB,3,23,13,1,21,28,0
2013,2013-12-22,NYJ,CLE,3,24,13,1,19,27,0
2013,2013-12-22,PHI,CHI,3,54,11,1,10,18,0
2013,2013-12-22,SEA,ARI,0,10,17,1,2,11,1
2013,2013-12-22,WAS,DAL,0,23,24,1,31,15,0
2013,2013-12-23,SF,ATL,3,34,24,1,3,26,0
2013,2013-12-29,ARI,SF,0,20,23,1,11,3,0
2013,2013-12-29,ATL,CAR,0,20,21,1,26,4,0
2013,2013-12-29,CHI,GB,0,28,33,1,18,13,0
2013,2013-12-29,CIN,BAL,3,34,17,1,6,17,0
2013,2013-12-29,DAL,PHI,0,22,24,1,15,10,0
2013,2013-12-29,IND,JAX,3,30,10,1,9,30,0
2013,2013-12-29,LAC,KC,3,27,24,1,12,7,1
2013,2013-12-29,LV,DEN,0,14,34,1,29,1,0
2013,2013-12-29,MIA,NYJ,0,7,20,1,16,19,1
2013,2013-12-29,MIN,DET,3,14,13,1,25,20,1
2013,2013-12-29,NE,BUF,3,34,20,1,5,24,0
2013,2013-12-29,NO,TB,3,42,17,1,8,28,0
2013,2013-12-29,NYG,WAS,3,20,6,1,23,31,0
2013,2013-12-29,PIT,CLE,3,20,7,1,14,27,0
2013,2013-12-29,SEA,LAR,3,27,9,1,2,21,0
2013,2013-12-29,TEN,HOU,3,16,10,1,22,32,0
2014,2014-09-04,SEA,GB,3,36,16,1,2,3,0
2014,2014-09-07,ATL,NO,3,37,34,1,25,21,1
2014,2014-09-07,BAL,CIN,0,16,23,1,11,10,0
2014,2014-09-07,CHI,BUF,0,20,23,1,26,15,0
2014,2014-09-07,DAL,SF,0,17,28,1,5,18,1
2014,2014-09-07,DEN,IND,3,31,24,1,4,6,0
2014,2014-09-07,HOU,WAS,3,17,6,1,14,28,0
2014,2014-09-07,KC,TEN,0,10,26,1,13,32,1
2014,2014-09-07,LAR,MIN,0,6,34,1,24,20,0
2014,2014-09-07,MIA,NE,3,33,20,1,17,1,1
2014,2014-09-07,NYJ,LV,3,19,14,1,27,30,0
2014,2014-09-07,PHI,JAX,3,34,17,1,12,29,0
2014,2014-09-07,PIT,CLE,3,30,27,1,7,22,0
2014,2014-09-07,TB,CAR,0,14,20,1,31,19,0
2014,2014-09-08,ARI,LAC,3,18,17,1,9,16,0
2014,2014-09-08,DET,NYG,3,35,14,1,8,23,0
2014,2014-09-11,BAL,PIT,3,26,6,1,11,7,1
2014,2014-09-14,BUF,MIA,3,29,10,1,15,17,0
2014,2014-09-14,CAR,DET,3,24,7,1,19,8,1
2014,2014-09-14,CIN,ATL,3,24,10,1,10,25,0
2014,2014-09-14,CLE,NO,3,26,24,1,22,21,1
2014,2014-09-14,DEN,KC,3,24,17,1,4,13,0
2014,2014-09-14,GB,NYJ,3,31,24,1,3,27,0
2014,2014-09-14,LAC,SEA,3,30,21,1,16,2,1
2014,2014-09-14,LV,HOU,0,14,30,1,30,14,0
2014,2014-09-14,MIN,NE,0,7,30,1,20,1,0
2014,2014-09-14,NYG,ARI,0,14,25,1,23,9,0
2014,2014-09-14,SF,CHI,0,20,28,1,18,26,1
2014,2014-09-14,TB,LAR,0,17,19,1,31,24,0
2014,2014-09-14,TEN,DAL,0,10,26,1,32,5,0
2014,2014-09-14,WAS,JAX,3,41,10,1,28,29,0
2014,2014-09-15,IND,PHI,0,27,30,1,6,12,1
2014,2014-09-18,ATL,TB,3,56,14,1,25,31,0
2014,2014-09-21,ARI,SF,3,23,14,1,9,18,0
2014,2014-09-21,BUF,LAC,0,10,22,1,15,16,1
2014,2014-09-21,CAR,PIT,0,19,37,1,19,7,0
2014,2014-09-21,CIN,TEN,3,33,7,1,10,32,0
2014,2014-09-21,CLE,BAL,0,21,23,1,22,11,0
2014,2014-09-21,DET,GB,3,19,7,1,8,3,1
2014,2014-09-21,JAX,IND,0,17,44,1,29,6,0
2014,2014-09-21,LAR,DAL,0,31,34,1,24,5,0
2014,2014-09-21,MIA,KC,0,15,34,1,17,13,0
2014,2014-09-21,NE,LV,3,16,9,1,1,30,0
2014,2014-09-21,NO,MIN,3,20,9,1,21,20,1
2014,2014-09-21,NYG,HOU,3,30,17,1,23,14,1
2014,2014-09-21,PHI,WAS,3,37,34,1,12,28,0
2014,2014-09-21,SEA,DEN,3,26,20,1,2,4,0
2014,2014-09-22,NYJ,CHI,0,19,27,1,27,26,0
2014,2014-09-25,WAS,NYG,0,14,45,1,28,23,0
2014,2014-09-28,BAL,CAR,3,38,10,1,11,19,0
2014,2014-09-28,CHI,GB,0,17,38,1,26,3,0
2014,2014-09-28,DAL,NO,3,38,17,1,5,21,0
2014,2014-09-28,HOU,BUF,3,23,17,1,14,15,0
2014,2014-09-28,IND,TEN,3,41,17,1,6,32,0
2014,2014-09-28,LAC,JAX,3,33,14,1,16,29,0
2014,2014-09-28,LV,MIA,0,14,38,1,30,17,0
2014,2014-09-28,MIN,ATL,3,41,28,1,20,25,0
2014,2014-09-28,NYJ,DET,0,17,24,1,27,8,0
2014,2014-09-28,PIT,TB,0,24,27,1,7,31,1
2014,2014-09-28,SF,PHI,3,26,21,1,18,12,1
2014,2014-09-29,KC,NE,3,41,14,1,13,1,1
2014,2014-10-02,GB,MIN,3,42,10,1,3,20,0
2014,2014-10-05,CAR,CHI,3,31,24,1,19,26,0
2014,2014-10-05,DAL,HOU,3,20,17,1,5,14,0
2014,2014-10-05,DEN,ARI,3,41,20,1,4,9,0
2014,2014-10-05,DET,BUF,0,14,17,1,8,15,1
2014,2014-10-05,IND,BAL,3,20,13,1,6,11,0
2014,2014-10-05,JAX,PIT,0,9,17,1,29,7,0
2014,2014-10-05,LAC,NYJ,3,31,0,1,16,27,0
2014,2014-10-05,NE,CIN,3,43,17,1,1,10,0
2014,2014-10-05,NO,TB,3,37,31,1,21,31,0
2014,2014-10-05,NYG,ATL,3,30,20,1,23,25,0
2014,2014-10-05,PHI,LAR,3,34,28,1,12,24,0
2014,2014-10-05,SF,KC,3,22,17,1,18,13,1
2014,2014-10-05,TEN,CLE,0,28,29,1,32,22,0
2014,2014-10-06,WAS,SEA,0,17,27,1,28,2,0
2014,2014-10-09,HOU,IND,0,28,33,1,14,6,0
2014,2014-10-12,ARI,WAS,3,30,20,1,9,28,0
2014,2014-10-12,ATL,CHI,0,13,27,1,25,26,1
2014,2014-10-12,BUF,NE,0,22,37,1,15,1,0
2014,2014-10-12,CIN,CAR,1,37,37,1,10,19,0
2014,2014-10-12,CLE,PIT,3,31,10,1,22,7,1
2014,2014-10-12,LV,LAC,0,28,31,1,30,16,0
2014,2014-10-12,MIA,GB,0,24,27,1,17,3,0
2014,2014-10-12,MIN,DET,0,3,17,1,20,8,0
2014,2014-10-12,NYJ,DEN,0,17,31,1,27,4,0
2014,2014-10-12,PHI,NYG,3,27,0,1,12,23,0
2014,2014-10-12,SEA,DAL,0,23,30,1,2,5,1
2014,2014-10-12,TB,BAL,0,17,48,1,31,11,0
2014,2014-10-12,TEN,JAX,3,16,14,1,32,29,1
2014,2014-10-13,LAR,SF,0,17,31,1,24,18,0
2014,2014-10-16,NE,NYJ,3,27,25,1,1,27,0
2014,2014-10-19,BAL,ATL,3,29,7,1,11,25,0
2014,2014-10-19,BUF,MIN,3,17,16,1,15,20,0
2014,2014-10-19,CHI,MIA,0,14,27,1,26,17,0
2014,2014-10-19,DAL,NYG,3,31,21,1,5,23,0
2014,2014-10-19,DEN,SF,3,42,17,1,4,18,0
2014,2014-10-19,DET,NO,3,24,23,1,8,21,0
2014,2014-10-19,GB,CAR,3,38,17,1,3,19,0
2014,2014-10-19,IND,CIN,3,27,0,1,6,10,0
2014,2014-10-19,JAX,CLE,3,24,6,1,29,22,1
2014,2014-10-19,LAC,KC,0,20,23,1,16,13,0
2014,2014-10-19,LAR,SEA,3,28,26,1,24,2,1
2014,2014-10-19,LV,ARI,0,13,24,1,30,9,0
2014,2014-10-19,WAS,TEN,3,19,17,1,28,32,0
2014,2014-10-20,PIT,HOU,3,30,23,1,7,14,0
2014,2014-10-23,DEN,LAC,3,35,21,1,4,16,0
2014,2014-10-26,ARI,PHI,3,24,20,1,9,12,0
2014,2014-10-26,ATL,DET,0,21,22,1,25,8,0
2014,2014-10-26,CAR,SEA,0,9,13,1,19,2,0
2014,2014-10-26,CIN,BAL,3,27,24,1,10,11,0
2014,2014-10-26,CLE,LV,3,23,13,1,22,30,0
2014,2014-10-26,JAX,MIA,0,13,27,1,29,17,0
2014,2014-10-26,KC,LAR,3,34,7,1,13,24,0
2014,2014-10-26,NE,CHI,3,51,23,1,1,26,0
2014,2014-10-26,NO,GB,3,44,23,1,21,3,1
2014,2014-10-26,NYJ,BUF,0,23,43,1,27,15,0
2014,2014-10-26,PIT,IND,3,51,34,1,7,6,1
2014,2014-10-26,TB,MIN,0,13,19,1,31,20,0
2014,2014-10-26,TEN,HOU,0,16,30,1,32,14,0
2014,2014-10-27,DAL,WAS,0,17,20,1,5,28,1
2014,2014-10-30,CAR,NO,0,10,28,1,19,21,1
2014,2014-11-02,CIN,JAX,3,33,23,1,10,29,0
2014,2014-11-02,CLE,TB,3,22,17,1,22,31,0
2014,2014-11-02,DAL,ARI,0,17,28,1,5,9,1
2014,2014-11-02,HOU,PHI,0,21,31,1,14,12,0
2014,2014-11-02,KC,NYJ,3,24,10,1,13,27,0
2014,2014-11-02,MIA,LAC,3,37,0,1,17,16,1
2014,2014-11-02,MIN,WAS,3,29,26,1,20,28,0
2014,2014-11-02,NE,DEN,3,43,21,1,1,4,0
2014,2014-11-02,PIT,BAL,3,43,23,1,7,11,0
2014,2014-11-02,SEA,LV,3,30,24,1,2,30,0
2014,2014-11-02,SF,LAR,0,10,13,1,18,24,1
2014,2014-11-03,NYG,IND,0,24,40,1,23,6,0
2014,2014-11-06,CIN,CLE,0,3,24,1,10,22,1
2014,2014-11-09,ARI,LAR,3,31,14,1,9,24,0
2014,2014-11-09,BAL,TEN,3,21,7,1,11,32,0
2014,2014-11-09,BUF,KC,0,13,17,1,15,13,0
2014,2014-11-09,DET,MIA,3,20,16,1,8,17,0
2014,2014-11-09,GB,CHI,3,55,14,1,3,26,0
2014,2014-11-09,JAX,DAL,0,17,31,1,29,5,0
2014,2014-11-09,LV,DEN,0,17,41,1,30,4,0
2014,2014-11-09,NO,SF,0,24,27,1,21,18,0
2014,2014-11-09,NYJ,PIT,3,20,13,1,27,7,1
2014,2014-11-09,SEA,NYG,3,38,17,1,2,23,0
2014,2014-11-09,TB,ATL,0,17,27,1,31,25,0
2014,2014-11-10,PHI,CAR,3,45,21,1,12,19,0
2014,2014-11-13,MIA,BUF,3,22,9,1,17,15,1
2014,2014-11-16,ARI,DET,3,14,6,1,9,8,1
2014,2014-11-16,CAR,ATL,0,17,19,1,19,25,1
2014,2014-11-16,CHI,MIN,3,21,13,1,26,20,1
2014,2014-11-16,CLE,HOU,0,7,23,1,22,14,0
2014,2014-11-16,GB,PHI,3,53,20,1,3,12,0
2014,2014-11-16,IND,NE,0,20,42,1,6,1,0
2014,2014-11-16,KC,SEA,3,24,20,1,13,2,1
2014,2014-11-16,LAC,LV,3,13,6,1,16,30,0
2014,2014-11-16,LAR,DEN,3,22,7,1,24,4,1
2014,2014-11-16,NO,CIN,0,10,27,1,21,10,0
2014,2014-11-16,NYG,SF,0,10,16,1,23,18,0
2014,2014-11-16,WAS,TB,0,7,27,1,28,31,1
2014,2014-11-17,TEN,PIT,0,24,27,1,32,7,0
2014,2014-11-20,LV,KC,3,24,20,1,30,13,1
2014,2014-11-23,ATL,CLE,0,24,26,1,25,22,0
2014,2014-11-23,CHI,TB,3,21,13,1,26,31,0
2014,2014-11-23,DEN,MIA,3,39,36,1,4,17,0
2014,2014-11-23,HOU,CIN,0,13,22,1,14,10,0
2014,2014-11-23,IND,JAX,3,23,3,1,6,29,0
2014,2014-11-23,LAC,LAR,3,27,24,1,16,24,0
2014,2014-11-23,MIN,GB,0,21,24,1,20,3,0
2014,2014-11-23,NE,DET,3,34,9,1,1,8,0
2014,2014-11-23,NYG,DAL,0,28,31,1,23,5,0
2014,2014-11-23,PHI,TEN,3,43,24,1,12,32,0
2014,2014-11-23,SEA,ARI,3,19,3,1,2,9,0
2014,2014-11-23,SF,WAS,3,17,13,1,18,28,0
2014,2014-11-24,BUF,NYJ,3,38,3,1,15,27,0
2014,2014-11-24,NO,BAL,0,27,34,1,21,11,0
2014,2014-11-27,DAL,PHI,0,10,33,1,5,12,1
2014,2014-11-27,DET,CHI,3,34,17,1,8,26,0
2014,2014-11-27,SF,SEA,0,3,19,1,18,2,0
2014,2014-11-30,ATL,ARI,3,29,18,1,25,9,1
2014,2014-11-30,BAL,LAC,0,33,34,1,11,16,1
2014,2014-11-30,BUF,CLE,3,26,10,1,15,22,0
2014,2014-11-30,GB,NE,3,26,21,1,3,1,1
2014,2014-11-30,HOU,TEN,3,45,21,1,14,32,0
2014,2014-11-30,IND,WAS,3,49,27,1,6,28,0
2014,2014-11-30,JAX,NYG,3,25,24,1,29,23,1
2014,2014-11-30,KC,DEN,0,16,29,1,13,4,0
2014,2014-11-30,LAR,LV,3,52,0,1,24,30,0
2014,2014-11-30,MIN,CAR,3,31,13,1,20,19,1
2014,2014-11-30,PIT,NO,0,32,35,1,7,21,1
2014,2014-11-30,TB,CIN,0,13,14,1,31,10,0
2014,2014-12-01,NYJ,MIA,0,13,16,1,27,17,0
2014,2014-12-04,CHI,DAL,0,28,41,1,26,5,0
2014,2014-12-07,ARI,KC,3,17,14,1,9,13,0
2014,2014-12-07,CIN,PIT,0,21,42,1,10,7,0
2014,2014-12-07,CLE,IND,0,24,25,1,22,6,0
2014,2014-12-07,DEN,BUF,3,24,17,1,4,15,0
2014,2014-12-07,DET,TB,3,34,17,1,8,31,0
2014,2014-12-07,JAX,HOU,0,13,27,1,29,14,0
2014,2014-12-07,LAC,NE,0,14,23,1,16,1,0
2014,2014-12-07,LV,SF,3,24,13,1,30,18,1
2014,2014-12-07,MIA,BAL,0,13,28,1,17,11,0
2014,2014-12-07,MIN,NYJ,3,30,24,1,20,27,0
2014,2014-12-07,NO,CAR,0,10,41,1,21,19,0
2014,2014-12-07,PHI,SEA,0,14,24,1,12,2,0
2014,2014-12-07,TEN,NYG,0,7,36,1,32,23,0
2014,2014-12-07,WAS,LAR,0,0,24,1,28,24,0
2014,2014-12-08,GB,ATL,3,43,37,1,3,25,0
2014,2014-12-11,LAR,ARI,0,6,12,1,24,9,0
2014,2014-12-14,ATL,PIT,0,20,27,1,25,7,0
2014,2014-12-14,BAL,JAX,3,20,12,1,11,29,0
2014,2014-12-14,BUF,GB,3,21,13,1,15,3,1
2014,2014-12-14,CAR,TB,3,19,17,1,19,31,0
2014,2014-12-14,CLE,CIN,0,0,30,1,22,10,0
2014,2014-12-14,DET,MIN,3,16,14,1,8,20,0
2014,2014-12-14,IND,HOU,3,17,10,1,6,14,0
2014,2014-12-14,KC,LV,3,31,13,1,13,30,0
2014,2014-12-14,LAC,DEN,0,10,22,1,16,4,0
2014,2014-12-14,NE,MIA,3,41,13,1,1,17,0
2014,2014-12-14,NYG,WAS,3,24,13,1,23,28,0
2014,2014-12-14,PHI,DAL,0,27,38,1,12,5,0
2014,2014-12-14,SEA,SF,3,17,7,1,2,18,0
2014,2014-12-14,TEN,NYJ,0,11,16,1,32,27,0
2014,2014-12-15,CHI,NO,0,15,31,1,26,21,0
2014,2014-12-18,JAX,TEN,3,21,13,1,29,32,0
2014,2014-12-20,SF,LAC,0,35,38,1,18,16,0
2014,2014-12-20,WAS,PHI,3,27,24,1,28,12,1
2014,2014-12-21,ARI,SEA,0,6,35,1,9,2,0
2014,2014-12-21,CAR,CLE,3,17,13,1,19,22,0
2014,2014-12-21,CHI,DET,0,14,20,1,26,8,0
2014,2014-12-21,DAL,IND,3,42,7,1,5,6,0
2014,2014-12-21,HOU,BAL,3,25,13,1,14,11,1
2014,2014-12-21,LAR,NYG,0,27,37,1,24,23,0
2014,2014-12-21,LV,BUF,3,26,24,1,30,15,1
2014,2014-12-21,MIA,MIN,3,37,35,1,17,20,0
2014,2014-12-21,NO,ATL,0,14,30,1,21,25,1
2014,2014-12-21,NYJ,NE,0,16,17,1,27,1,0
2014,2014-12-21,PIT,KC,3,20,12,1,7,13,0
2014,2014-12-21,TB,GB,0,3,20,1,31,3,0
2014,2014-12-22,CIN,DEN,3,37,28,1,10,4,1
2014,2014-12-28,ATL,CAR,0,3,34,1,25,19,0
2014,2014-12-28,BAL,CLE,3,20,10,1,11,22,0
2014,2014-12-28,DEN,LV,3,47,14,1,4,30,0
2014,2014-12-28,GB,DET,3,30,20,1,3,8,0
2014,2014-12-28,HOU,JAX,3,23,17,1,14,29,0
2014,2014-12-28,KC,LAC,3,19,7,1,13,16,0
2014,2014-12-28,MIA,NYJ,0,24,37,1,17,27,1
2014,2014-12-28,MIN,CHI,3,13,9,1,20,26,0
2014,2014-12-28,NE,BUF,0,9,17,1,1,15,1
2014,2014-12-28,NYG,PHI,0,26,34,1,23,12,0
2014,2014-12-28,PIT,CIN,3,27,17,1,7,10,0
2014,2014-12-28,SEA,LAR,3,20,6,1,2,24,0
2014,2014-12-28,SF,ARI,3,20,17,1,18,9,1
2014,2014-12-28,TB,NO,0,20,23,1,31,21,0
2014,2014-12-28,TEN,IND,0,10,27,1,32,6,0
2014,2014-12-28,WAS,DAL,0,17,44,1,28,5,0
2015,2015-09-10,NE,PIT,3,28,21,1,3,9,0
2015,2015-09-13,ARI,NO,3,31,19,1,2,21,0
2015,2015-09-13,BUF,IND,3,27,14,1,14,16,0
2015,2015-09-13,CHI,GB,0,23,31,1,23,11,0
2015,2015-09-13,DAL,NYG,3,27,26,1,30,22,1
2015,2015-09-13,DEN,BAL,3,19,13,1,5,27,0
2015,2015-09-13,HOU,KC,0,20,27,1,12,6,0
2015,2015-09-13,JAX,CAR,0,9,20,1,26,1,0
2015,2015-09-13,LAC,DET,3,33,28,1,29,18,1
2015,2015-09-13,LAR,SEA,3,34,31,1,19,8,1
2015,2015-09-13,LV,CIN,0,13,33,1,17,4,0
2015,2015-09-13,NYJ,CLE,3,31,10,1,10,32,0
2015,2015-09-13,TB,TEN,0,14,42,1,24,31,1
2015,2015-09-13,WAS,MIA,0,10,17,1,13,25,1
2015,2015-09-14,ATL,PHI,3,26,24,1,15,20,0
2015,2015-09-14,SF,MIN,3,20,3,1,28,7,1
2015,2015-09-17,KC,DEN,0,24,31,1,6,5,0
2015,2015-09-20,BUF,NE,0,32,40,1,14,3,0
2015,2015-09-20,CAR,HOU,3,24,17,1,1,12,0
2015,2015-09-20,CHI,ARI,0,23,48,1,23,2,0
2015,2015-09-20,CIN,LAC,3,24,19,1,4,29,0
2015,2015-09-20,CLE,TEN,3,28,14,1,32,31,1
2015,2015-09-20,GB,SEA,3,27,17,1,11,8,1
2015,2015-09-20,JAX,MIA,3,23,20,1,26,25,1
2015,2015-09-20,LV,BAL,3,37,33,1,17,27,0
2015,2015-09-20,MIN,DET,3,26,16,1,7,18,0
2015,2015-09-20,NO,TB,0,19,26,1,21,24,1
2015,2015-09-20,NYG,ATL,0,20,24,1,22,15,0
2015,2015-09-20,PHI,DAL,0,10,20,1,20,30,1
2015,2015-09-20,PIT,SF,3,43,18,1,9,28,0
2015,2015-09-20,WAS,LAR,3,24,10,1,13,19,0
2015,2015-09-21,IND,NYJ,0,7,20,1,16,10,0
2015,2015-09-24,NYG,WAS,3,32,21,1,22,13,1
2015,2015-09-27,ARI,SF,3,47,7,1,2,28,0
2015,2015-09-27,BAL,CIN,0,24,28,1,27,4,0
2015,2015-09-27,CAR,NO,3,27,22,1,1,21,0
2015,2015-09-27,CLE,LV,0,20,27,1,32,17,0
2015,2015-09-27,DAL,ATL,0,28,39,1,30,15,0
2015,2015-09-27,DET,DEN,0,12,24,1,18,5,0
2015,2015-09-27,HOU,TB,3,19,9,1,12,24,0
2015,2015-09-27,LAR,PIT,0,6,12,1,19,9,0
2015,2015-09-27,MIA,BUF,0,14,41,1,25,14,0
2015,2015-09-27,MIN,LAC,3,31,14,1,7,29,0
2015,2015-09-27,NE,JAX,3,51,17,1,3,26,0
2015,2015-09-27,NYJ,PHI,0,17,24,1,10,20,1
2015,2015-09-27,SEA,CHI,3,26,0,1,8,23,0
2015,2015-09-27,TEN,IND,0,33,35,1,31,16,0
2015,2015-09-28,GB,KC,3,38,28,1,11,6,1
2015,2015-10-01,PIT,BAL,0,20,23,1,9,27,1
2015,2015-10-04,ARI,LAR,0,22,24,1,2,19,1
2015,2015-10-04,ATL,HOU,3,48,21,1,15,12,1
2015,2015-10-04,BUF,NYG,0,10,24,1,14,22,1
2015,2015-10-04,CHI,LV,3,22,20,1,23,17,1
2015,2015-10-04,CIN,KC,3,36,21,1,4,6,0
2015,2015-10-04,DEN,MIN,3,23,20,1,5,7,0
2015,2015-10-04,IND,JAX,3,16,13,1,16,26,0
2015,2015-10-04,LAC,CLE,3,30,27,1,29,32,0
2015,2015-10-04,MIA,NYJ,0,14,27,1,25,10,0
2015,2015-10-04,NO,DAL,3,26,20,1,21,30,0
2015,2015-10-04,SF,GB,0,3,17,1,28,11,0
2015,2015-10-04,TB,CAR,0,23,37,1,24,1,0
2015,2015-10-04,WAS,PHI,3,23,20,1,13,20,0
2015,2015-10-05,SEA,DET,3,13,10,1,8,18,0
2015,2015-10-08,HOU,IND,0,20,27,1,12,16,1
2015,2015-10-11,ATL,WAS,3,25,19,1,15,13,1
2015,2015-10-11,BAL,CLE,0,30,33,1,27,32,1
2015,2015-10-11,CIN,SEA,3,27,24,1,4,8,0
2015,2015-10-11,DAL,NE,0,6,30,1,30,3,0
2015,2015-10-11,DET,ARI,0,17,42,1,18,2,0
2015,2015-10-11,GB,LAR,3,24,10,1,11,19,0
2015,2015-10-11,KC,CHI,0,17,18,1,6,23,1
2015,2015-10-11,LV,DEN,0,10,16,1,17,5,0
2015,2015-10-11,NYG,SF,3,30,27,1,22,28,0
2015,2015-10-11,PHI,NO,3,39,17,1,20,21,0
2015,2015-10-11,TB,JAX,3,38,31,1,24,26,0
2015,2015-10-11,TEN,BUF,0,13,14,1,31,14,0
2015,2015-10-12,LAC,PIT,0,20,24,1,29,9,0
2015,2015-10-15,NO,ATL,3,31,21,1,21,15,1
2015,2015-10-18,BUF,CIN,0,21,34,1,14,4,0
2015,2015-10-18,CLE,DEN,0,23,26,1,32,5,0
2015,2015-10-18,DET,CHI,3,37,34,1,18,23,0
2015,2015-10-18,GB,LAC,3,27,20,1,11,29,0
2015,2015-10-18,IND,NE,0,27,34,1,16,3,0
2015,2015-10-18,JAX,HOU,0,20,31,1,26,12,0
2015,2015-10-18,MIN,KC,3,16,10,1,7,6,1
2015,2015-10-18,NYJ,WAS,3,34,20,1,10,13,0
2015,2015-10-18,PIT,ARI,3,25,13,1,9,2,1
2015,2015-10-18,SEA,CAR,0,23,27,1,8,1,0
2015,2015-10-18,SF,BAL,3,25,20,1,28,27,1
2015,2015-10-18,TEN,MIA,0,10,38,1,31,25,0
2015,2015-10-19,PHI,NYG,3,27,7,1,20,22,0
2015,2015-10-22,SF,SEA,0,3,20,1,28,8,0
2015,2015-10-25,CAR,PHI,3,27,16,1,1,20,0
2015,2015-10-25,DET,MIN,0,19,28,1,18,7,0
2015,2015-10-25,IND,NO,0,21,27,1,16,21,1
2015,2015-10-25,JAX,BUF,3,34,31,1,26,14,1
2015,2015-10-25,KC,PIT,3,23,13,1,6,9,0
2015,2015-10-25,LAC,LV,0,29,37,1,29,17,0
2015,2015-10-25,LAR,CLE,3,24,6,1,19,32,0
2015,2015-10-25,MIA,HOU,3,44,26,1,25,12,1
2015,2015-10-25,NE,NYJ,3,30,23,1,3,10,0
2015,2015-10-25,NYG,DAL,3,27,20,1,22,30,0
2015,2015-10-25,TEN,ATL,0,7,10,1,31,15,0
2015,2015-10-25,WAS,TB,3,31,30,1,13,24,0
2015,2015-10-26,ARI,BAL,3,26,18,1,2,27,0
2015,2015-10-29,NE,MIA,3,36,7,1,3,25,0
2015,2015-11-01,ATL,TB,0,20,23,1,15,24,1
2015,2015-11-01,BAL,LAC,3,29,26,1,27,29,0
2015,2015-11-01,CHI,MIN,0,20,23,1,23,7,0
2015,2015-11-01,CLE,ARI,0,20,34,1,32,2,0
2015,2015-11-01,DAL,SEA,0,12,13,1,30,8,0
2015,2015-11-01,DEN,GB,3,29,10,1,5,11,0
2015,2015-11-01,HOU,TEN,3,20,6,1,12,31,0
2015,2015-11-01,KC,DET,3,45,10,1,6,18,0
2015,2015-11-01,LAR,SF,3,27,6,1,19,28,0
2015,2015-11-01,LV,NYJ,3,34,20,1,17,10,1
2015,2015-11-01,NO,NYG,3,52,49,1,21,22,0
2015,2015-11-01,PIT,CIN,0,10,16,1,9,4,0
2015,2015-11-02,CAR,IND,3,29,26,1,1,16,0
2015,2015-11-05,CIN,CLE,3,31,10,1,4,32,0
2015,2015-11-08,BUF,MIA,3,33,17,1,14,25,0
2015,2015-11-08,CAR,GB,3,37,29,1,1,11,0
2015,2015-11-08,DAL,PHI,0,27,33,1,30,20,0
2015,2015-11-08,IND,DEN,3,27,24,1,16,5,1
2015,2015-11-08,MIN,LAR,3,21,18,1,7,19,0
2015,2015-11-08,NE,WAS,3,27,10,1,3,13,0
2015,2015-11-08,NO,TEN,0,28,34,1,21,31,1
2015,2015-11-08,NYJ,JAX,3,28,23,1,10,26,0
2015,2015-11-08,PIT,LV,3,38,35,1,9,17,0
2015,2015-11-08,SF,ATL,3,17,16,1,28,15,1
2015,2015-11-08,TB,NYG,0,18,32,1,24,22,0
2015,2015-11-09,LAC,CHI,0,19,22,1,29,23,0
2015,2015-11-12,NYJ,BUF,0,17,22,1,10,14,1
2015,2015-11-15,BAL,JAX,0,20,22,1,27,26,0
2015,2015-11-15,DEN,KC,0,13,29,1,5,6,1
2015,2015-11-15,GB,DET,0,16,18,1,11,18,1
2015,2015-11-15,LAR,CHI,0,13,37,1,19,23,1
2015,2015-11-15,LV,MIN,0,14,30,1,17,7,0
2015,2015-11-15,NYG,NE,0,26,27,1,22,3,0
2015,2015-11-15,PHI,MIA,0,19,20,1,20,25,1
2015,2015-11-15,PIT,CLE,3,30,9,1,9,32,0
2015,2015-11-15,SEA,ARI,0,32,39,1,8,2,0
2015,2015-11-15,TB,DAL,3,10,6,1,24,30,0
2015,2015-11-15,TEN,CAR,0,10,27,1,31,1,0
2015,2015-11-15,WAS,NO,3,47,14,1,13,21,0
2015,2015-11-16,CIN,HOU,0,6,10,1,4,12,1
2015,2015-11-19,JAX,TEN,3,19,13,1,26,31,0
2015,2015-11-22,ARI,CIN,3,34,31,1,2,4,0
2015,2015-11-22,ATL,IND,0,21,24,1,15,16,1
2015,2015-11-22,BAL,LAR,3,16,13,1,27,19,1
2015,2015-11-22,CAR,WAS,3,44,16,1,1,13,0
2015,2015-11-22,CHI,DEN,0,15,17,1,23,5,0
2015,2015-11-22,DET,LV,3,18,13,1,18,17,1
2015,2015-11-22,HOU,NYJ,3,24,17,1,12,10,1
2015,2015-11-22,LAC,KC,0,3,33,1,29,6,0
2015,2015-11-22,MIA,DAL,0,14,24,1,25,30,1
2015,2015-11-22,MIN,GB,0,13,30,1,7,11,1
2015,2015-11-22,PHI,TB,0,17,45,1,20,24,1
2015,2015-11-22,SEA,SF,3,29,13,1,8,28,0
2015,2015-11-23,NE,BUF,3,20,13,1,3,14,0
2015,2015-11-26,DAL,CAR,0,14,33,1,30,1,0
2015,2015-11-26,DET,PHI,3,45,14,1,18,20,0
2015,2015-11-26,GB,CHI,0,13,17,1,11,23,1
2015,2015-11-29,ATL,MIN,0,10,20,1,15,7,0
2015,2015-11-29,CIN,LAR,3,31,7,1,4,19,0
2015,2015-11-29,DEN,NE,3,30,24,1,5,3,1
2015,2015-11-29,HOU,NO,3,24,6,1,12,21,0
2015,2015-11-29,IND,TB,3,25,12,1,16,24,0
2015,2015-11-29,JAX,LAC,0,25,31,1,26,29,1
2015,2015-11-29,KC,BUF,3,30,22,1,6,14,0
2015,2015-11-29,NYJ,MIA,3,38,20,1,10,25,0
2015,2015-11-29,SEA,PIT,3,39,30,1,8,9,0
2015,2015-11-29,SF,ARI,0,13,19,1,28,2,0
2015,2015-11-29,TEN,LV,0,21,24,1,31,17,0
2015,2015-11-29,WAS,NYG,3,20,14,1,13,22,0
2015,2015-11-30,CLE,BAL,0,27,33,1,32,27,0
2015,2015-12-03,DET,GB,0,23,27,1,18,11,0
2015,2015-12-06,BUF,HOU,3,30,21,1,14,12,1
2015,2015-12-06,CHI,SF,0,20,26,1,23,28,1
2015,2015-12-06,CLE,CIN,0,3,37,1,32,4,0
2015,2015-12-06,LAC,DEN,0,3,17,1,29,5,0
2015,2015-12-06,LAR,ARI,0,3,27,1,19,2,0
2015,2015-12-06,LV,KC,0,20,34,1,17,6,0
2015,2015-12-06,MIA,BAL,3,15,13,1,25,27,0
2015,2015-12-06,MIN,SEA,0,7,38,1,7,8,1
2015,2015-12-06,NE,PHI,0,28,35,1,3,20,1
2015,2015-12-06,NO,CAR,0,38,41,1,21,1,0
2015,2015-12-06,NYG,NYJ,0,20,23,1,22,10,0
2015,2015-12-06,PIT,IND,3,45,10,1,9,16,0
2015,2015-12-06,TB,ATL,3,23,19,1,24,15,1
2015,2015-12-06,TEN,JAX,3,42,39,1,31,26,1
2015,2015-12-07,WAS,DAL,0,16,19,1,13,30,1
2015,2015-12-10,ARI,MIN,3,23,20,1,2,7,0
2015,2015-12-13,BAL,SEA,0,6,35,1,27,8,0
2015,2015-12-13,CAR,ATL,3,38,0,1,1,15,0
2015,2015-12-13,CHI,WAS,0,21,24,1,23,13,0
2015,2015-12-13,CIN,PIT,0,20,33,1,4,9,1
2015,2015-12-13,CLE,SF,3,24,10,1,32,28,1
2015,2015-12-13,DEN,LV,0,12,15,1,5,17,1
2015,2015-12-13,GB,DAL,3,28,7,1,11,30,0
2015,2015-12-13,HOU,NE,0,6,27,1,12,3,0
2015,2015-12-13,JAX,IND,3,51,16,1,26,16,1
2015,2015-12-13,KC,LAC,3,10,3,1,6,29,0
2015,2015-12-13,LAR,DET,3,21,14,1,19,18,1
2015,2015-12-13,NYJ,TEN,3,30,8,1,10,31,0
2015,2015-12-13,PHI,BUF,3,23,20,1,20,14,1
2015,2015-12-13,TB,NO,0,17,24,1,24,21,0
2015,2015-12-14,MIA,NYG,0,24,31,1,25,22,0
2015,2015-12-17,LAR,TB,3,31,23,1,19,24,0
2015,2015-12-19,DAL,NYJ,0,16,19,1,30,10,0
2015,2015-12-20,BAL,KC,0,14,34,1,27,6,0
2015,2015-12-20,IND,HOU,0,10,16,1,16,12,0
2015,2015-12-20,JAX,ATL,0,17,23,1,26,15,0
2015,2015-12-20,LAC,MIA,3,30,14,1,29,25,1
2015,2015-12-20,LV,GB,0,20,30,1,17,11,0
2015,2015-12-20,MIN,CHI,3,38,17,1,7,23,0
2015,2015-12-20,NE,TEN,3,33,16,1,3,31,0
2015,2015-12-20,NYG,CAR,0,35,38,1,22,1,0
2015,2015-12-20,PHI,ARI,0,17,40,1,20,2,0
2015,2015-12-20,PIT,DEN,3,34,27,1,9,5,1
2015,2015-12-20,SEA,CLE,3,30,13,1,8,32,0
2015,2015-12-20,SF,CIN,0,14,24,1,28,4,0
2015,2015-12-20,WAS,BUF,3,35,25,1,13,14,0
2015,2015-12-21,NO,DET,0,27,35,1,21,18,0
2015,2015-12-24,LV,LAC,3,23,20,1,17,29,0
2015,2015-12-26,PHI,WAS,0,24,38,1,20,13,0
2015,2015-12-27,ARI,GB,3,38,8,1,2,11,0
2015,2015-12-27,ATL,CAR,3,20,13,1,15,1,1
2015,2015-12-27,BAL,PIT,3,20,17,1,27,9,1
2015,2015-12-27,BUF,DAL,3,16,6,1,14,30,0
2015,2015-12-27,DET,SF,3,32,17,1,18,28,0
2015,2015-12-27,KC,CLE,3,17,13,1,6,32,0
2015,2015-12-27,MIA,IND,0,12,18,1,25,16,0
2015,2015-12-27,MIN,NYG,3,49,17,1,7,22,0
2015,2015-12-27,NO,JAX,3,38,27,1,21,26,0
2015,2015-12-27,NYJ,NE,3,26,20,1,10,3,1
2015,2015-12-27,SEA,LAR,0,17,23,1,8,19,1
2015,2015-12-27,TB,CHI,0,21,26,1,24,23,0
2015,2015-12-27,TEN,HOU,0,6,34,1,31,12,0
2015,2015-12-28,DEN,CIN,3,20,17,1,5,4,1
2015,2016-01-03,ARI,SEA,0,6,36,1,2,8,1
2015,2016-01-03,ATL,NO,0,17,20,1,15,21,1
2015,2016-01-03,BUF,NYJ,3,22,17,1,14,10,1
2015,2016-01-03,CAR,TB,3,38,10,1,1,24,0
2015,2016-01-03,CHI,DET,0,20,24,1,23,18,0
2015,2016-01-03,CIN,BAL,3,24,16,1,4,27,0
2015,2016-01-03,CLE,PIT,0,12,28,1,32,9,0
2015,2016-01-03,DAL,WAS,0,23,34,1,30,13,0
2015,2016-01-03,DEN,LAC,3,27,20,1,5,29,0
2015,2016-01-03,GB,MIN,0,13,20,1,11,7,0
2015,2016-01-03,HOU,JAX,3,30,6,1,12,26,0
2015,2016-01-03,IND,TEN,3,30,24,1,16,31,0
2015,2016-01-03,KC,LV,3,23,17,1,6,17,0
2015,2016-01-03,MIA,NE,3,20,10,1,25,3,1
2015,2016-01-03,NYG,PHI,0,30,35,1,22,20,0
2015,2016-01-03,SF,LAR,3,19,16,1,28,19,1
2016,2016-09-08,DEN,CAR,3,21,20,1,11,25,0
2016,2016-09-11,ARI,NE,0,21,23,1,20,1,0
2016,2016-09-11,ATL,TB,0,24,31,1,5,14,1
2016,2016-09-11,BAL,BUF,3,13,7,1,17,22,0
2016,2016-09-11,DAL,NYG,0,19,20,1,2,7,1
2016,2016-09-11,HOU,CHI,3,23,14,1,15,30,0
2016,2016-09-11,IND,DET,0,35,39,1,19,13,0
2016,2016-09-11,JAX,GB,0,23,27,1,29,9,0
2016,2016-09-11,KC,LAC,3,33,27,1,3,26,0
2016,2016-09-11,NO,LV,0,34,35,1,23,4,0
2016,2016-09-11,NYJ,CIN,0,22,23,1,27,24,0
2016,2016-09-11,PHI,CLE,3,29,10,1,21,32,0
2016,2016-09-11,SEA,MIA,3,12,10,1,8,10,0
2016,2016-09-11,TEN,MIN,0,16,25,1,12,18,1
2016,2016-09-12,SF,LAR,3,28,0,1,31,28,1
2016,2016-09-12,WAS,PIT,0,16,38,1,16,6,0
2016,2016-09-15,BUF,NYJ,0,31,37,1,22,27,1
2016,2016-09-18,ARI,TB,3,40,7,1,20,14,1
2016,2016-09-18,CAR,SF,3,46,27,1,25,31,0
2016,2016-09-18,CLE,BAL,0,20,25,1,32,17,0
2016,2016-09-18,DEN,IND,3,34,20,1,11,19,0
2016,2016-09-18,DET,TEN,0,15,16,1,13,12,0
2016,2016-09-18,HOU,KC,3,19,12,1,15,3,1
2016,2016-09-18,LAC,JAX,3,38,14,1,26,29,0
2016,2016-09-18,LAR,SEA,3,9,3,1,28,8,1
2016,2016-09-18,LV,ATL,0,28,35,1,4,5,1
2016,2016-09-18,MIN,GB,3,17,14,1,18,9,1
2016,2016-09-18,NE,MIA,3,31,24,1,1,10,0
2016,2016-09-18,NYG,NO,3,16,13,1,7,23,0
2016,2016-09-18,PIT,CIN,3,24,16,1,6,24,0
2016,2016-09-18,WAS,DAL,0,23,27,1,16,2,0
2016,2016-09-19,CHI,PHI,0,14,29,1,30,21,0
2016,2016-09-22,NE,HOU,3,27,0,1,1,15,0
2016,2016-09-25,BUF,ARI,3,33,18,1,22,20,1
2016,2016-09-25,CAR,MIN,0,10,22,1,25,18,0
2016,2016-09-25,CIN,DEN,0,17,29,1,24,11,0
2016,2016-09-25,DAL,CHI,3,31,17,1,2,30,0
2016,2016-09-25,GB,DET,3,34,27,1,9,13,0
2016,2016-09-25,IND,LAC,3,26,22,1,19,26,0
2016,2016-09-25,JAX,BAL,0,17,19,1,29,17,0
2016,2016-09-25,KC,NYJ,3,24,3,1,3,27,0
2016,2016-09-25,MIA,CLE,3,30,24,1,10,32,0
2016,2016-09-25,NYG,WAS,0,27,29,1,7,16,1
2016,2016-09-25,PHI,PIT,3,34,3,1,21,6,1
2016,2016-09-25,SEA,SF,3,37,18,1,8,31,0
2016,2016-09-25,TB,LAR,0,32,37,1,14,28,1
2016,2016-09-25,TEN,LV,0,10,17,1,12,4,0
2016,2016-09-26,NO,ATL,0,32,45,1,23,5,0
2016,2016-09-29,CIN,MIA,3,22,7,1,24,10,1
2016,2016-10-02,ARI,LAR,0,13,17,1,20,28,1
2016,2016-10-02,ATL,CAR,3,48,33,1,5,25,0
2016,2016-10-02,BAL,LV,0,27,28,1,17,4,0
2016,2016-10-02,CHI,DET,3,17,14,1,30,13,1
2016,2016-10-02,HOU,TEN,3,27,20,1,15,12,1
2016,2016-10-02,JAX,IND,3,30,27,1,29,19,1
2016,2016-10-02,LAC,NO,0,34,35,1,26,23,0
2016,2016-10-02,NE,BUF,0,0,16,1,1,22,1
2016,2016-10-02,NYJ,SEA,0,17,27,1,27,8,0
2016,2016-10-02,PIT,KC,3,43,14,1,6,3,1
2016,2016-10-02,SF,DAL,0,17,24,1,31,2,0
2016,2016-10-02,TB,DEN,0,7,27,1,14,11,0
2016,2016-10-02,WAS,CLE,3,31,20,1,16,32,0
2016,2016-10-03,MIN,NYG,3,24,10,1,18,7,1
2016,2016-10-06,SF,ARI,0,21,33,1,31,20,0
2016,2016-10-09,BAL,WAS,0,10,16,1,17,16,0
2016,2016-10-09,CLE,NE,0,13,33,1,32,1,0
2016,2016-10-09,DAL,CIN,3,28,14,1,2,24,0
2016,2016-10-09,DEN,ATL,0,16,23,1,11,5,0
2016,2016-10-09,DET,PHI,3,24,23,1,13,21,0
2016,2016-10-09,GB,NYG,3,23,16,1,9,7,1
2016,2016-10-09,IND,CHI,3,29,23,1,19,30,0
2016,2016-10-09,LAR,BUF,0,19,30,1,28,22,0
2016,2016-10-09,LV,LAC,3,34,31,1,4,26,0
2016,2016-10-09,MIA,TEN,0,17,30,1,10,12,1
2016,2016-10-09,MIN,HOU,3,31,13,1,18,15,1
2016,2016-10-09,PIT,NYJ,3,31,13,1,6,27,0
2016,2016-10-10,CAR,TB,0,14,17,1,25,14,0
2016,2016-10-13,LAC,DEN,3,21,13,1,26,11,1
2016,2016-10-16,BUF,SF,3,45,16,1,22,31,0
2016,2016-10-16,CHI,JAX,0,16,17,1,30,29,0
2016,2016-10-16,DET,LAR,3,31,28,1,13,28,0
2016,2016-10-16,GB,DAL,0,16,30,1,9,2,0
2016,2016-10-16,HOU,IND,3,26,23,1,15,19,0
2016,2016-10-16,LV,KC,0,10,26,1,4,3,0
2016,2016-10-16,MIA,PIT,3,30,15,1,10,6,1
2016,2016-10-16,NE,CIN,3,35,17,1,1,24,0
2016,2016-10-16,NO,CAR,3,41,38,1,23,25,0
2016,2016-10-16,NYG,BAL,3,27,23,1,7,17,0
2016,2016-10-16,SEA,ATL,3,26,24,1,8,5,1
2016,2016-10-16,TEN,CLE,3,28,26,1,12,32,0
2016,2016-10-16,WAS,PHI,3,27,20,1,16,21,0
2016,2016-10-17,ARI,NYJ,3,28,3,1,20,27,0
2016,2016-10-20,GB,CHI,3,26,10,1,9,30,0
2016,2016-10-23,ARI,SEA,1,6,6,1,20,8,0
2016,2016-10-23,ATL,LAC,0,30,33,1,5,26,1
2016,2016-10-23,CIN,CLE,3,31,17,1,24,32,0
2016,2016-10-23,DET,WAS,3,20,17,1,13,16,0
2016,2016-10-23,JAX,LV,0,16,33,1,29,4,0
2016,2016-10-23,KC,NO,3,27,21,1,3,23,0
2016,2016-10-23,LAR,NYG,0,10,17,1,28,7,0
2016,2016-10-23,MIA,BUF,3,28,25,1,10,22,0
2016,2016-10-23,NYJ,BAL,3,24,16,1,27,17,1
2016,2016-10-23,PHI,MIN,3,21,10,1,21,18,1
2016,2016-10-23,PIT,NE,0,16,27,1,6,1,0
2016,2016-10-23,SF,TB,0,17,34,1,31,14,0
2016,2016-10-23,TEN,IND,0,26,34,1,12,19,1
2016,2016-10-24,DEN,HOU,3,27,9,1,11,15,0
2016,2016-10-27,TEN,JAX,3,36,22,1,12,29,0
2016,2016-10-30,ATL,GB,3,33,32,1,5,9,0
2016,2016-10-30,BUF,NE,0,25,41,1,22,1,0
2016,2016-10-30,CAR,ARI,3,30,20,1,25,20,1
2016,2016-10-30,CIN,WAS,1,27,27,1,24,16,0
2016,2016-10-30,CLE,NYJ,0,28,31,1,32,27,0
2016,2016-10-30,DAL,PHI,3,29,23,1,2,21,0
2016,2016-10-30,DEN,LAC,3,27,19,1,11,26,0
2016,2016-10-30,HOU,DET,3,20,13,1,15,13,1
2016,2016-10-30,IND,KC,0,14,30,1,19,3,0
2016,2016-10-30,NO,SEA,3,25,20,1,23,8,1
2016,2016-10-30,TB,LV,0,24,30,1,14,4,0
2016,2016-10-31,CHI,MIN,3,20,10,1,30,18,1
2016,2016-11-03,TB,ATL,0,28,43,1,14,5,0
2016,2016-11-06,BAL,PIT,3,21,14,1,17,6,1
2016,2016-11-06,CLE,DAL,0,10,35,1,32,2,0
2016,2016-11-06,GB,IND,0,26,31,1,9,19,1
2016,2016-11-06,KC,JAX,3,19,14,1,3,29,0
2016,2016-11-06,LAC,TEN,3,43,35,1,26,12,1
2016,2016-11-06,LAR,CAR,0,10,13,1,28,25,0
2016,2016-11-06,LV,DEN,3,30,20,1,4,11,0
2016,2016-11-06,MIA,NYJ,3,27,23,1,10,27,0
2016,2016-11-06,MIN,DET,0,16,22,1,18,13,0
2016,2016-11-06,NYG,PHI,3,28,23,1,7,21,0
2016,2016-11-06,SF,NO,0,23,41,1,31,23,0
2016,2016-11-07,SEA,BUF,3,31,25,1,8,22,0
2016,2016-11-10,BAL,CLE,3,28,7,1,17,32,0
2016,2016-11-13,ARI,SF,3,23,20,1,20,31,0
2016,2016-11-13,CAR,KC,0,17,20,1,25,3,0
2016,2016-11-13,JAX,HOU,0,21,24,1,29,15,0
2016,2016-11-13,LAC,MIA,0,24,31,1,26,10,0
2016,2016-11-13,NE,SEA,0,24,31,1,1,8,1
2016,2016-11-13,NO,DEN,0,23,25,1,23,11,0
2016,2016-11-13,NYJ,LAR,0,6,9,1,27,28,1
2016,2016-11-13,PHI,ATL,3,24,15,1,21,5,1
2016,2016-11-13,PIT,DAL,0,30,35,1,6,2,0
2016,2016-11-13,TB,CHI,3,36,10,1,14,30,0
2016,2016-11-13,TEN,GB,3,47,25,1,12,9,1
2016,2016-11-13,WAS,MIN,3,26,20,1,16,18,0
2016,2016-11-14,NYG,CIN,3,21,20,1,7,24,0
2016,2016-11-17,CAR,NO,3,23,20,1,25,23,1
2016,2016-11-20,CIN,BUF,0,12,16,1,24,22,0
2016,2016-11-20,CLE,PIT,0,9,24,1,32,6,0
2016,2016-11-20,DAL,BAL,3,27,17,1,2,17,0
2016,2016-11-20,DET,JAX,3,26,19,1,13,29,0
2016,2016-11-20,IND,TEN,3,24,17,1,19,12,1
2016,2016-11-20,KC,TB,0,17,19,1,3,14,1
2016,2016-11-20,LAR,MIA,0,10,14,1,28,10,0
2016,2016-11-20,MIN,ARI,3,30,24,1,18,20,0
2016,2016-11-20,NYG,CHI,3,22,16,1,7,30,0
2016,2016-11-20,SEA,PHI,3,26,15,1,8,21,0
2016,2016-11-20,SF,NE,0,17,30,1,31,1,0
2016,2016-11-20,WAS,GB,3,42,24,1,16,9,1
2016,2016-11-21,LV,HOU,3,27,20,1,4,15,0
2016,2016-11-24,DAL,WAS,3,31,26,1,2,16,0
2016,2016-11-24,DET,MIN,3,16,13,1,13,18,0
2016,2016-11-24,IND,PIT,0,7,28,1,19,6,0
2016,2016-11-27,ATL,ARI,3,38,19,1,5,20,0
2016,2016-11-27,BAL,CIN,3,19,14,1,17,24,0
2016,2016-11-27,BUF,JAX,3,28,21,1,22,29,0
2016,2016-11-27,CHI,TEN,0,21,27,1,30,12,0
2016,2016-11-27,CLE,NYG,0,13,27,1,32,7,0
2016,2016-11-27,DEN,KC,0,27,30,1,11,3,0
2016,2016-11-27,HOU,LAC,0,13,21,1,15,26,1
2016,2016-11-27,LV,CAR,3,35,32,1,4,25,0
2016,2016-11-27,MIA,SF,3,31,24,1,10,31,0
2016,2016-11-27,NO,LAR,3,49,21,1,23,28,0
2016,2016-11-27,NYJ,NE,0,17,22,1,27,1,0
2016,2016-11-27,TB,SEA,3,14,5,1,14,8,1
2016,2016-11-28,PHI,GB,0,13,27,1,21,9,0
2016,2016-12-01,MIN,DAL,0,15,17,1,18,2,0
2016,2016-12-04,ARI,WAS,3,31,23,1,20,16,1
2016,2016-12-04,ATL,KC,0,28,29,1,5,3,0
2016,2016-12-04,BAL,MIA,3,38,6,1,17,10,1
2016,2016-12-04,CHI,SF,3,26,6,1,30,31,0
2016,2016-12-04,CIN,PHI,3,32,14,1,24,21,1
2016,2016-12-04,GB,HOU,3,21,13,1,9,15,0
2016,2016-12-04,JAX,DEN,0,10,20,1,29,11,0
2016,2016-12-04,LAC,TB,0,21,28,1,26,14,0
2016,2016-12-04,LV,BUF,3,38,24,1,4,22,0
2016,2016-12-04,NE,LAR,3,26,10,1,1,28,0
2016,2016-12-04,NO,DET,0,13,28,1,23,13,0
2016,2016-12-04,PIT,NYG,3,24,14,1,6,7,0
2016,2016-12-04,SEA,CAR,3,40,7,1,8,25,0
2016,2016-12-05,NYJ,IND,0,10,41,1,27,19,0
2016,2016-12-08,KC,LV,3,21,13,1,3,4,0
2016,2016-12-11,BUF,PIT,0,20,27,1,22,6,0
2016,2016-12-11,CAR,LAC,3,28,16,1,25,26,0
2016,2016-12-11,CLE,CIN,0,10,23,1,32,24,0
2016,2016-12-11,DET,CHI,3,20,17,1,13,30,0
2016,2016-12-11,GB,SEA,3,38,10,1,9,8,1
2016,2016-12-11,IND,HOU,0,17,22,1,19,15,0
2016,2016-12-11,JAX,MIN,0,16,25,1,29,18,0
2016,2016-12-11,LAR,ATL,0,14,42,1,28,5,0
2016,2016-12-11,MIA,ARI,3,26,23,1,10,20,0
2016,2016-12-11,NYG,DAL,3,10,7,1,7,2,1
2016,2016-12-11,PHI,WAS,0,22,27,1,21,16,0
2016,2016-12-11,SF,NYJ,0,17,23,1,31,27,0
2016,2016-12-11,TB,NO,3,16,11,1,14,23,0
2016,2016-12-11,TEN,DEN,3,13,10,1,12,11,1
2016,2016-12-12,NE,BAL,3,30,23,1,1,17,0
2016,2016-12-15,SEA,LAR,3,24,3,1,8,28,0
2016,2016-12-17,NYJ,MIA,0,13,34,1,27,10,0
2016,2016-12-18,ARI,NO,0,41,48,1,20,23,1
2016,2016-12-18,ATL,SF,3,41,13,1,5,31,0
2016,2016-12-18,BAL,PHI,3,27,26,1,17,21,0
2016,2016-12-18,BUF,CLE,3,33,13,1,22,32,0
2016,2016-12-18,CHI,GB,0,27,30,1,30,9,0
2016,2016-12-18,CIN,PIT,0,20,24,1,24,6,0
2016,2016-12-18,DAL,TB,3,26,20,1,2,14,0
2016,2016-12-18,DEN,NE,0,3,16,1,11,1,0
2016,2016-12-18,HOU,JAX,3,21,20,1,15,29,0
2016,2016-12-18,KC,TEN,0,17,19,1,3,12,1
2016,2016-12-18,LAC,LV,0,16,19,1,26,4,0
2016,2016-12-18,MIN,IND,0,6,34,1,18,19,1
2016,2016-12-18,NYG,DET,3,17,6,1,7,13,0
2016,2016-12-19,WAS,CAR,0,15,26,1,16,25,1
2016,2016-12-22,PHI,NYG,3,24,19,1,21,7,1
2016,2016-12-24,BUF,MIA,0,31,34,1,22,10,0
2016,2016-12-24,CAR,ATL,0,16,33,1,25,5,0
2016,2016-12-24,CHI,WAS,0,21,41,1,30,16,0
2016,2016-12-24,CLE,LAC,3,20,17,1,32,26,1
2016,2016-12-24,GB,MIN,3,38,25,1,9,18,0
2016,2016-12-24,HOU,CIN,3,12,10,1,15,24,0
2016,2016-12-24,JAX,TEN,3,38,17,1,29,12,1
2016,2016-12-24,LAR,SF,0,21,22,1,28,31,1
2016,2016-12-24,LV,IND,3,33,25,1,4,19,0
2016,2016-12-24,NE,NYJ,3,41,3,1,1,27,0
2016,2016-12-24,NO,TB,3,31,24,1,23,14,1
2016,2016-12-24,SEA,ARI,0,31,34,1,8,20,1
2016,2016-12-25,KC,DEN,3,33,10,1,3,11,0
2016,2016-12-25,PIT,BAL,3,31,27,1,6,17,0
2016,2016-12-26,DAL,DET,3,42,21,1,2,13,0
2016,2017-01-01,ATL,NO,3,38,32,1,5,23,0
2016,2017-01-01,CIN,BAL,3,27,10,1,24,17,1
2016,2017-01-01,DEN,LV,3,24,6,1,11,4,1
2016,2017-01-01,DET,GB,0,24,31,1,13,9,0
2016,2017-01-01,IND,JAX,3,24,20,1,19,29,0
2016,2017-01-01,LAC,KC,0,27,37,1,26,3,0
2016,2017-01-01,LAR,ARI,0,6,44,1,28,20,0
2016,2017-01-01,MIA,NE,0,14,35,1,10,1,0
2016,2017-01-01,MIN,CHI,3,38,10,1,18,30,0
2016,2017-01-01,NYJ,BUF,3,30,10,1,27,22,1
2016,2017-01-01,PHI,DAL,3,27,13,1,21,2,1
2016,2017-01-01,PIT,CLE,3,27,24,1,6,32,0
2016,2017-01-01,SF,SEA,0,23,25,1,31,8,0
2016,2017-01-01,TB,CAR,3,17,16,1,14,25,0
2016,2017-01-01,TEN,HOU,3,24,17,1,12,15,0
2016,2017-01-01,WAS,NYG,0,10,19,1,16,7,0
2017,2017-09-07,NE,KC,0,27,42,1,1,9,1
2017,2017-09-10,BUF,NYJ,3,21,12,1,17,27,0
2017,2017-09-10,CHI,ATL,0,17,23,1,26,10,0
2017,2017-09-10,CIN,BAL,0,0,20,1,20,11,0
2017,2017-09-10,CLE,PIT,0,18,21,1,32,4,0
2017,2017-09-10,DAL,NYG,3,19,3,1,15,31,0
2017,2017-09-10,DET,ARI,3,35,23,1,14,18,0
2017,2017-09-10,GB,SEA,3,17,9,1,21,13,1
2017,2017-09-10,HOU,JAX,0,7,29,1,29,8,0
2017,2017-09-10,LAR,IND,3,46,9,1,5,30,0
2017,2017-09-10,SF,CAR,0,3,23,1,22,7,0
2017,2017-09-10,TEN,LV,0,16,26,1,16,23,1
2017,2017-09-10,WAS,PHI,0,17,30,1,19,2,0
2017,2017-09-11,DEN,LAC,3,24,21,1,28,12,1
2017,2017-09-11,MIN,NO,3,29,19,1,3,6,0
2017,2017-09-14,CIN,HOU,0,9,13,1,20,29,1
2017,2017-09-17,ATL,GB,3,34,23,1,10,21,0
2017,2017-09-17,BAL,CLE,3,24,10,1,11,32,0
2017,2017-09-17,CAR,BUF,3,9,3,1,7,17,0
2017,2017-09-17,DEN,DAL,3,42,17,1,28,15,1
2017,2017-09-17,IND,ARI,0,13,16,1,30,18,0
2017,2017-09-17,JAX,TEN,0,16,37,1,8,16,1
2017,2017-09-17,KC,PHI,3,27,20,1,9,2,1
2017,2017-09-17,LAC,MIA,0,17,19,1,12,24,1
2017,2017-09-17,LAR,WAS,0,20,27,1,5,19,1
2017,2017-09-17,LV,NYJ,3,45,20,1,23,27,0
2017,2017-09-17,NO,NE,0,20,36,1,6,1,0
2017,2017-09-17,PIT,MIN,3,26,9,1,4,3,1
2017,2017-09-17,SEA,SF,3,12,9,1,13,22,0
2017,2017-09-17,TB,CHI,3,29,7,1,25,26,0
2017,2017-09-18,NYG,DET,0,10,24,1,31,14,0
2017,2017-09-21,SF,LAR,0,39,41,1,22,5,0
2017,2017-09-24,BUF,DEN,3,26,16,1,17,28,0
2017,2017-09-24,CAR,NO,0,13,34,1,7,6,0
2017,2017-09-24,CHI,PIT,3,23,17,1,26,4,1
2017,2017-09-24,DET,ATL,0,26,30,1,14,10,0
2017,2017-09-24,GB,CIN,3,27,24,1,21,20,1
2017,2017-09-24,IND,CLE,3,31,28,1,30,32,0
2017,2017-09-24,JAX,BAL,3,44,7,1,8,11,0
2017,2017-09-24,LAC,KC,0,10,24,1,12,9,0
2017,2017-09-24,MIN,TB,3,34,17,1,3,25,0
2017,2017-09-24,NE,HOU,3,36,33,1,1,29,0
2017,2017-09-24,NYJ,MIA,3,20,6,1,27,24,1
2017,2017-09-24,PHI,NYG,3,27,24,1,2,31,0
2017,2017-09-24,TEN,SEA,3,33,27,1,16,13,1
2017,2017-09-24,WAS,LV,3,27,10,1,19,23,0
2017,2017-09-25,ARI,DAL,0,17,28,1,18,15,0
2017,2017-09-28,GB,CHI,3,35,14,1,21,26,0
2017,2017-10-01,ARI,SF,3,18,15,1,18,22,0
2017,2017-10-01,ATL,BUF,0,17,23,1,10,17,1
2017,2017-10-01,BAL,PIT,0,9,26,1,11,4,0
2017,2017-10-01,CLE,CIN,0,7,31,1,32,20,0
2017,2017-10-01,DAL,LAR,0,30,35,1,15,5,0
2017,2017-10-01,DEN,LV,3,16,10,1,28,23,1
2017,2017-10-01,HOU,TEN,3,57,14,1,29,16,1
2017,2017-10-01,LAC,PHI,0,24,26,1,12,2,0
2017,2017-10-01,MIA,NO,0,0,20,1,24,6,0
2017,2017-10-01,MIN,DET,0,7,14,1,3,14,1
2017,2017-10-01,NE,CAR,0,30,33,1,1,7,1
2017,2017-10-01,NYJ,JAX,3,23,20,1,27,8,1
2017,2017-10-01,SEA,IND,3,46,17,1,13,30,0
2017,2017-10-01,TB,NYG,3,25,23,1,25,31,0
2017,2017-10-02,KC,WAS,3,29,20,1,9,19,0
2017,2017-10-05,TB,NE,0,14,19,1,25,1,0
2017,2017-10-08,CIN,BUF,3,20,16,1,20,17,1
2017,2017-10-08,CLE,NYJ,0,14,17,1,32,27,0
2017,2017-10-08,DAL,GB,0,31,35,1,15,21,1
2017,2017-10-08,DET,CAR,0,24,27,1,14,7,0
2017,2017-10-08,HOU,KC,0,34,42,1,29,9,0
2017,2017-10-08,IND,SF,3,26,23,1,30,22,1
2017,2017-10-08,LAR,SEA,0,10,16,1,5,13,1
2017,2017-10-08,LV,BAL,0,17,30,1,23,11,0
2017,2017-10-08,MIA,TEN,3,16,10,1,24,16,1
2017,2017-10-08,NYG,LAC,0,22,27,1,31,12,0
2017,2017-10-08,PHI,ARI,3,34,7,1,2,18,0
2017,2017-10-08,PIT,JAX,0,9,30,1,4,8,1
2017,2017-10-09,CHI,MIN,0,17,20,1,26,3,0
2017,2017-10-12,CAR,PHI,0,23,28,1,7,2,0
2017,2017-10-15,ARI,TB,3,38,33,1,18,25,0
2017,2017-10-15,ATL,MIA,0,17,20,1,10,24,1
2017,2017-10-15,BAL,CHI,0,24,27,1,11,26,1
2017,2017-10-15,DEN,NYG,0,10,23,1,28,31,1
2017,2017-10-15,HOU,CLE,3,33,17,1,29,32,0
2017,2017-10-15,JAX,LAR,0,17,27,1,8,5,0
2017,2017-10-15,KC,PIT,0,13,19,1,9,4,0
2017,2017-10-15,LV,LAC,0,16,17,1,23,12,0
2017,2017-10-15,MIN,GB,3,23,10,1,3,21,0
2017,2017-10-15,NO,DET,3,52,38,1,6,14,0
2017,2017-10-15,NYJ,NE,0,17,24,1,27,1,0
2017,2017-10-15,WAS,SF,3,26,24,1,19,22,0
2017,2017-10-16,TEN,IND,3,36,22,1,16,30,0
2017,2017-10-19,LV,KC,3,31,30,1,23,9,1
2017,2017-10-22,BUF,TB,3,30,27,1,17,25,0
2017,2017-10-22,CHI,CAR,3,17,3,1,26,7,1
2017,2017-10-22,CLE,TEN,0,9,12,1,32,16,0
2017,2017-10-22,GB,NO,0,17,26,1,21,6,0
2017,2017-10-22,IND,JAX,0,0,27,1,30,8,0
2017,2017-10-22,LAC,DEN,3,21,0,1,12,28,0
2017,2017-10-22,LAR,ARI,3,33,0,1,5,18,0
2017,2017-10-22,MIA,NYJ,3,31,28,1,24,27,0
2017,2017-10-22,MIN,BAL,3,24,16,1,3,11,0
2017,2017-10-22,NE,ATL,3,23,7,1,1,10,0
2017,2017-10-22,NYG,SEA,0,7,24,1,31,13,0
2017,2017-10-22,PIT,CIN,3,29,14,1,4,20,0
2017,2017-10-22,SF,DAL,0,10,40,1,22,15,0
2017,2017-10-23,PHI,WAS,3,34,24,1,2,19,0
2017,2017-10-26,BAL,MIA,3,40,0,1,11,24,0
2017,2017-10-29,BUF,LV,3,34,14,1,17,23,0
2017,2017-10-29,CIN,IND,3,24,23,1,20,30,0
2017,2017-10-29,CLE,MIN,0,16,33,1,32,3,0
2017,2017-10-29,DET,PIT,0,15,20,1,14,4,0
2017,2017-10-29,NE,LAC,3,21,13,1,1,12,0
2017,2017-10-29,NO,CHI,3,20,12,1,6,26,0
2017,2017-10-29,NYJ,ATL,0,20,25,1,27,10,0
2017,2017-10-29,PHI,SF,3,33,10,1,2,22,0
2017,2017-10-29,SEA,HOU,3,41,38,1,13,29,0
2017,2017-10-29,TB,CAR,0,3,17,1,25,7,0
2017,2017-10-29,WAS,DAL,0,19,33,1,19,15,0
2017,2017-10-30,KC,DEN,3,29,19,1,9,28,0
2017,2017-11-02,NYJ,BUF,3,34,21,1,27,17,1
2017,2017-11-05,CAR,ATL,3,20,17,1,7,10,0
2017,2017-11-05,DAL,KC,3,28,17,1,15,9,1
2017,2017-11-05,HOU,IND,0,14,20,1,29,30,1
2017,2017-11-05,JAX,CIN,3,23,7,1,8,20,0
2017,2017-11-05,MIA,LV,0,24,27,1,24,23,0
2017,2017-11-05,NO,TB,3,30,10,1,6,25,0
2017,2017-11-05,NYG,LAR,0,17,51,1,31,5,0
2017,2017-11-05,PHI,DEN,3,51,23,1,2,28,0
2017,2017-11-05,SEA,WAS,0,14,17,1,13,19,1
2017,2017-11-05,SF,ARI,0,10,20,1,22,18,0
2017,2017-11-05,TEN,BAL,3,23,20,1,16,11,1
2017,2017-11-06,GB,DET,0,17,30,1,21,14,0
2017,2017-11-09,ARI,SEA,0,16,22,1,18,13,0
2017,2017-11-12,ATL,DAL,3,27,7,1,10,15,0
2017,2017-11-12,BUF,NO,0,10,47,1,17,6,0
2017,2017-11-12,CHI,GB,0,16,23,1,26,21,0
2017,2017-11-12,DEN,NE,0,16,41,1,28,1,0
2017,2017-11-12,DET,CLE,3,38,24,1,14,32,0
2017,2017-11-12,IND,PIT,0,17,20,1,30,4,0
2017,2017-11-12,JAX,LAC,3,20,17,1,8,12,0
2017,2017-11-12,LAR,HOU,3,33,7,1,5,29,0
2017,2017-11-12,SF,NYG,3,31,21,1,22,31,0
2017,2017-11-12,TB,NYJ,3,15,10,1,25,27,0
2017,2017-11-12,TEN,CIN,3,24,20,1,16,20,0
2017,2017-11-12,WAS,MIN,0,30,38,1,19,3,0
2017,2017-11-13,CAR,MIA,3,45,21,1,7,24,0
2017,2017-11-16,PIT,TEN,3,40,17,1,4,16,0
2017,2017-11-19,CHI,DET,0,24,27,1,26,14,0
2017,2017-11-19,CLE,JAX,0,7,19,1,32,8,0
2017,2017-11-19,DAL,PHI,0,9,37,1,15,2,0
2017,2017-11-19,DEN,CIN,0,17,20,1,28,20,0
2017,2017-11-19,GB,BAL,0,0,23,1,21,11,0
2017,2017-11-19,HOU,ARI,3,31,21,1,29,18,1
2017,2017-11-19,LAC,BUF,3,54,24,1,12,17,0
2017,2017-11-19,LV,NE,0,8,33,1,23,1,0
2017,2017-11-19,MIA,TB,0,20,30,1,24,25,1
2017,2017-11-19,MIN,LAR,3,24,7,1,3,5,0
2017,2017-11-19,NO,WAS,3,34,31,1,6,19,0
2017,2017-11-19,NYG,KC,3,12,9,1,31,9,1
2017,2017-11-20,SEA,ATL,0,31,34,1,13,10,0
2017,2017-11-23,DAL,LAC,0,6,28,1,15,12,0
2017,2017-11-23,DET,MIN,0,23,30,1,14,3,0
2017,2017-11-23,WAS,NYG,3,20,10,1,19,31,0
2017,2017-11-26,ARI,JAX,3,27,24,1,18,8,1
2017,2017-11-26,ATL,TB,3,34,20,1,10,25,0
2017,2017-11-26,CIN,CLE,3,30,16,1,20,32,0
2017,2017-11-26,IND,TEN,0,16,20,1,30,16,0
2017,2017-11-26,KC,BUF,0,10,16,1,9,17,1
2017,2017-11-26,LAR,NO,3,26,20,1,5,6,0
2017,2017-11-26,LV,DEN,3,21,14,1,23,28,0
2017,2017-11-26,NE,MIA,3,35,17,1,1,24,0
2017,2017-11-26,NYJ,CAR,0,27,35,1,27,7,0
2017,2017-11-26,PHI,CHI,3,31,3,1,2,26,0
2017,2017-11-26,PIT,GB,3,31,28,1,4,21,0
2017,2017-11-26,SF,SEA,0,13,24,1,22,13,0
2017,2017-11-27,BAL,HOU,3,23,16,1,11,29,0
2017,2017-11-30,DAL,WAS,3,38,14,1,15,19,0
2017,2017-12-03,ARI,LAR,0,16,32,1,18,5,0
2017,2017-12-03,ATL,MIN,0,9,14,1,10,3,0
2017,2017-12-03,BAL,DET,3,44,20,1,11,14,0
2017,2017-12-03,BUF,NE,0,3,23,1,17,1,0
2017,2017-12-03,CHI,SF,0,14,15,1,26,22,0
2017,2017-12-03,GB,TB,3,26,20,1,21,25,0
2017,2017-12-03,JAX,IND,3,30,10,1,8,30,0
2017,2017-12-03,LAC,CLE,3,19,10,1,12,32,0
2017,2017-12-03,LV,NYG,3,24,17,1,23,31,0
2017,2017-12-03,MIA,DEN,3,35,9,1,24,28,0
2017,2017-12-03,NO,CAR,3,31,21,1,6,7,0
2017,2017-12-03,NYJ,KC,3,38,31,1,27,9,1
2017,2017-12-03,SEA,PHI,3,24,10,1,13,2,1
2017,2017-12-03,TEN,HOU,3,24,13,1,16,29,0
2017,2017-12-04,CIN,PIT,0,20,23,1,20,4,0
2017,2017-12-07,ATL,NO,3,20,17,1,10,6,1
2017,2017-12-10,ARI,TEN,3,12,7,1,18,16,1
2017,2017-12-10,BUF,IND,3,13,7,1,17,30,0
2017,2017-12-10,CAR,MIN,3,31,24,1,7,3,1
2017,2017-12-10,CIN,CHI,0,7,33,1,20,26,1
2017,2017-12-10,CLE,GB,0,21,27,1,32,21,0
2017,2017-12-10,DEN,NYJ,3,23,0,1,28,27,1
2017,2017-12-10,HOU,SF,0,16,26,1,29,22,0
2017,2017-12-10,JAX,SEA,3,30,24,1,8,13,0
2017,2017-12-10,KC,LV,3,26,15,1,9,23,0
2017,2017-12-10,LAC,WAS,3,30,13,1,12,19,0
2017,2017-12-10,LAR,PHI,0,35,43,1,5,2,0
2017,2017-12-10,NYG,DAL,0,10,30,1,31,15,0
2017,2017-12-10,PIT,BAL,3,39,38,1,4,11,0
2017,2017-12-10,TB,DET,0,21,24,1,25,14,0
2017,2017-12-11,MIA,NE,3,27,20,1,24,1,1
2017,2017-12-14,IND,DEN,0,13,25,1,30,28,0
2017,2017-12-16,DET,CHI,3,20,10,1,14,26,0
2017,2017-12-16,KC,LAC,3,30,13,1,9,12,0
2017,2017-12-17,BUF,MIA,3,24,16,1,17,24,0
2017,2017-12-17,CAR,GB,3,31,24,1,7,21,0
2017,2017-12-17,CLE,BAL,0,10,27,1,32,11,0
2017,2017-12-17,JAX,HOU,3,45,7,1,8,29,0
2017,2017-12-17,LV,DAL,0,17,20,1,23,15,0
2017,2017-12-17,MIN,CIN,3,34,7,1,3,20,0
2017,2017-12-17,NO,NYJ,3,31,19,1,6,27,0
2017,2017-12-17,NYG,PHI,0,29,34,1,31,2,0
2017,2017-12-17,PIT,NE,0,24,27,1,4,1,0
2017,2017-12-17,SEA,LAR,0,7,42,1,13,5,0
2017,2017-12-17,SF,TEN,3,25,23,1,22,16,1
2017,2017-12-17,WAS,ARI,3,20,15,1,19,18,1
2017,2017-12-18,TB,ATL,0,21,24,1,25,10,0
2017,2017-12-23,BAL,IND,3,23,16,1,11,30,0
2017,2017-12-23,GB,MIN,0,0,16,1,21,3,0
2017,2017-12-24,ARI,NYG,3,23,0,1,18,31,0
2017,2017-12-24,CAR,TB,3,22,19,1,7,25,0
2017,2017-12-24,CHI,CLE,3,20,3,1,26,32,0
2017,2017-12-24,CIN,DET,3,26,17,1,20,14,1
2017,2017-12-24,DAL,SEA,0,12,21,1,15,13,0
2017,2017-12-24,KC,MIA,3,29,13,1,9,24,0
2017,2017-12-24,NE,BUF,3,37,16,1,1,17,0
2017,2017-12-24,NO,ATL,3,23,13,1,6,10,0
2017,2017-12-24,NYJ,LAC,0,7,14,1,27,12,0
2017,2017-12-24,SF,JAX,3,44,33,1,22,8,1
2017,2017-12-24,TEN,LAR,0,23,27,1,16,5,0
2017,2017-12-24,WAS,DEN,3,27,11,1,19,28,0
2017,2017-12-25,HOU,PIT,0,6,34,1,29,4,0
2017,2017-12-25,PHI,LV,3,19,10,1,2,23,0
2017,2017-12-31,ATL,CAR,3,22,10,1,10,7,1
2017,2017-12-31,BAL,CIN,0,27,31,1,11,20,1
2017,2017-12-31,DEN,KC,0,24,27,1,28,9,0
2017,2017-12-31,DET,GB,3,35,11,1,14,21,0
2017,2017-12-31,IND,HOU,3,22,13,1,30,29,1
2017,2017-12-31,LAC,LV,3,30,10,1,12,23,0
2017,2017-12-31,LAR,SF,0,13,34,1,5,22,1
2017,2017-12-31,MIA,BUF,0,16,22,1,24,17,0
2017,2017-12-31,MIN,CHI,3,23,10,1,3,26,0
2017,2017-12-31,NE,NYJ,3,26,6,1,1,27,0
2017,2017-12-31,NYG,WAS,3,18,10,1,31,19,1
2017,2017-12-31,PHI,DAL,0,0,6,1,2,15,1
2017,2017-12-31,PIT,CLE,3,28,24,1,4,32,0
2017,2017-12-31,SEA,ARI,0,24,26,1,13,18,1
2017,2017-12-31,TB,NO,3,31,24,1,25,6,1
2017,2017-12-31,TEN,JAX,3,15,10,1,16,8,1
2018,2018-09-06,PHI,ATL,3,18,12,1,13,18,0
2018,2018-09-09,ARI,WAS,0,6,24,1,32,19,0
2018,2018-09-09,BAL,BUF,3,47,3,1,8,25,0
2018,2018-09-09,CAR,DAL,3,16,8,1,17,11,1
2018,2018-09-09,CLE,PIT,1,21,21,1,16,12,0
2018,2018-09-09,DEN,SEA,3,27,24,1,22,10,1
2018,2018-09-09,GB,CHI,3,24,23,1,21,4,1
2018,2018-09-09,IND,CIN,0,23,34,1,9,24,1
2018,2018-09-09,LAC,KC,0,28,38,1,5,3,0
2018,2018-09-09,MIA,TEN,3,27,20,1,20,14,1
2018,2018-09-09,MIN,SF,3,24,16,1,15,29,0
2018,2018-09-09,NE,HOU,3,27,20,1,6,7,0
2018,2018-09-09,NO,TB,0,40,48,1,1,27,1
2018,2018-09-09,NYG,JAX,0,15,20,1,26,28,1
2018,2018-09-10,DET,NYJ,0,17,48,1,23,30,1
2018,2018-09-10,LV,LAR,0,13,33,1,31,2,0
2018,2018-09-13,CIN,BAL,3,34,23,1,24,8,1
2018,2018-09-16,ATL,CAR,3,31,24,1,18,17,1
2018,2018-09-16,BUF,LAC,0,20,31,1,25,5,0
2018,2018-09-16,DAL,NYG,3,20,13,1,11,26,0
2018,2018-09-16,DEN,LV,3,20,19,1,22,31,0
2018,2018-09-16,GB,MIN,1,29,29,1,21,15,0
2018,2018-09-16,JAX,NE,3,31,20,1,28,6,1
2018,2018-09-16,LAR,ARI,3,34,0,1,2,32,0
2018,2018-09-16,NO,CLE,3,21,18,1,1,16,0
2018,2018-09-16,NYJ,MIA,0,12,20,1,30,20,0
2018,2018-09-16,PIT,KC,0,37,42,1,12,3,0
2018,2018-09-16,SF,DET,3,30,27,1,29,23,1
2018,2018-09-16,TB,PHI,3,27,21,1,27,13,1
2018,2018-09-16,TEN,HOU,3,20,17,1,14,7,1
2018,2018-09-16,WAS,IND,0,9,21,1,19,9,0
2018,2018-09-17,CHI,SEA,3,24,17,1,4,10,0
2018,2018-09-20,CLE,NYJ,3,21,17,1,16,30,0
2018,2018-09-23,ARI,CHI,0,14,16,1,32,4,0
2018,2018-09-23,ATL,NO,0,37,43,1,18,1,0
2018,2018-09-23,BAL,DEN,3,27,14,1,8,22,0
2018,2018-09-23,CAR,CIN,3,31,21,1,17,24,0
2018,2018-09-23,DET,NE,3,26,10,1,23,6,1
2018,2018-09-23,HOU,NYG,0,22,27,1,7,26,1
2018,2018-09-23,JAX,TEN,0,6,9,1,28,14,0
2018,2018-09-23,KC,SF,3,38,27,1,3,29,0
2018,2018-09-23,LAR,LAC,3,35,23,1,2,5,0
2018,2018-09-23,MIA,LV,3,28,20,1,20,31,0
2018,2018-09-23,MIN,BUF,0,6,27,1,15,25,1
2018,2018-09-23,PHI,IND,3,20,16,1,13,9,1
2018,2018-09-23,SEA,DAL,3,24,13,1,10,11,0
2018,2018-09-23,WAS,GB,3,31,17,1,19,21,0
2018,2018-09-24,TB,PIT,0,27,30,1,27,12,0
2018,2018-09-27,LAR,MIN,3,38,31,1,2,15,0
2018,2018-09-30,ARI,SEA,0,17,20,1,32,10,0
2018,2018-09-30,ATL,CIN,0,36,37,1,18,24,1
2018,2018-09-30,CHI,TB,3,48,10,1,4,27,0
2018,2018-09-30,DAL,DET,3,26,24,1,11,23,0
2018,2018-09-30,GB,BUF,3,22,0,1,21,25,0
2018,2018-09-30,IND,HOU,0,34,37,1,9,7,0
2018,2018-09-30,JAX,NYJ,3,31,12,1,28,30,0
2018,2018-09-30,LAC,SF,3,29,27,1,5,29,0
2018,2018-09-30,LV,CLE,3,45,42,1,31,16,1
2018,2018-09-30,NE,MIA,3,38,7,1,6,20,0
2018,2018-09-30,NYG,NO,0,18,33,1,26,1,0
2018,2018-09-30,PIT,BAL,0,14,26,1,12,8,0
2018,2018-09-30,TEN,PHI,3,26,23,1,14,13,1
2018,2018-10-01,DEN,KC,0,23,27,1,22,3,0
2018,2018-10-04,NE,IND,3,38,24,1,6,9,0
2018,2018-10-07,BUF,TEN,3,13,12,1,25,14,1
2018,2018-10-07,CAR,NYG,3,33,31,1,17,26,0
2018,2018-10-07,CIN,MIA,3,27,17,1,24,20,1
2018,2018-10-07,CLE,BAL,3,12,9,1,16,8,1
2018,2018-10-07,DET,GB,3,31,23,1,23,21,1
2018,2018-10-07,HOU,DAL,3,19,16,1,7,11,0
2018,2018-10-07,KC,JAX,3,30,14,1,3,28,0
2018,2018-10-07,LAC,LV,3,26,10,1,5,31,0
2018,2018-10-07,NYJ,DEN,3,34,16,1,30,22,1
2018,2018-10-07,PHI,MIN,0,21,23,1,13,15,1
2018,2018-10-07,PIT,ATL,3,41,17,1,12,18,0
2018,2018-10-07,SEA,LAR,0,31,33,1,10,2,0
2018,2018-10-07,SF,ARI,0,18,28,1,29,32,1
2018,2018-10-08,NO,WAS,3,43,19,1,1,19,0
2018,2018-10-11,NYG,PHI,0,13,34,1,26,13,0
2018,2018-10-14,ATL,TB,3,34,29,1,18,27,0
2018,2018-10-14,CIN,PIT,0,21,28,1,24,12,0
2018,2018-10-14,CLE,LAC,0,14,38,1,16,5,0
2018,2018-10-14,DAL,JAX,3,40,7,1,11,28,0
2018,2018-10-14,DEN,LAR,0,20,23,1,22,2,0
2018,2018-10-14,HOU,BUF,3,20,13,1,7,25,0
2018,2018-10-14,LV,SEA,0,3,27,1,31,10,0
2018,2018-10-14,MIA,CHI,3,31,28,1,20,4,1
2018,2018-10-14,MIN,ARI,3,27,17,1,15,32,0
2018,2018-10-14,NE,KC,3,43,40,1,6,3,1
2018,2018-10-14,NYJ,IND,3,42,34,1,30,9,1
2018,2018-10-14,TEN,BAL,0,0,21,1,14,8,0
2018,2018-10-14,WAS,CAR,3,23,17,1,19,17,1
2018,2018-10-15,GB,SF,3,33,30,1,21,29,0
2018,2018-10-18,ARI,DEN,0,10,45,1,32,22,0
2018,2018-10-21,BAL,NO,0,23,24,1,8,1,0
2018,2018-10-21,CHI,NE,0,31,38,1,4,6,1
2018,2018-10-21,IND,BUF,3,37,5,1,9,25,0
2018,2018-10-21,JAX,HOU,0,7,20,1,28,7,0
2018,2018-10-21,KC,CIN,3,45,10,1,3,24,0
2018,2018-10-21,LAC,TEN,3,20,19,1,5,14,0
2018,2018-10-21,MIA,DET,0,21,32,1,20,23,1
2018,2018-10-21,NYJ,MIN,0,17,37,1,30,15,0
2018,2018-10-21,PHI,CAR,0,17,21,1,13,17,1
2018,2018-10-21,SF,LAR,0,10,39,1,29,2,0
2018,2018-10-21,TB,CLE,3,26,23,1,27,16,1
2018,2018-10-21,WAS,DAL,3,20,17,1,19,11,1
2018,2018-10-22,ATL,NYG,3,23,20,1,18,26,0
2018,2018-10-25,HOU,MIA,3,42,23,1,7,20,0
2018,2018-10-28,ARI,SF,3,18,15,1,32,29,1
2018,2018-10-28,CAR,BAL,3,36,21,1,17,8,1
2018,2018-10-28,CHI,NYJ,3,24,10,1,4,30,0
2018,2018-10-28,CIN,TB,3,37,34,1,24,27,0
2018,2018-10-28,DET,SEA,0,14,28,1,23,10,0
2018,2018-10-28,JAX,PHI,0,18,24,1,28,13,0
2018,2018-10-28,KC,DEN,3,30,23,1,3,22,0
2018,2018-10-28,LAR,GB,3,29,27,1,2,21,0
2018,2018-10-28,LV,IND,0,28,42,1,31,9,0
2018,2018-10-28,MIN,NO,0,20,30,1,15,1,0
2018,2018-10-28,NYG,WAS,0,13,20,1,26,19,0
2018,2018-10-28,PIT,CLE,3,33,18,1,12,16,0
2018,2018-10-29,BUF,NE,0,6,25,1,25,6,0
2018,2018-11-01,SF,LV,3,34,3,1,29,31,0
2018,2018-11-04,BAL,PIT,0,16,23,1,8,12,1
2018,2018-11-04,BUF,CHI,0,9,41,1,25,4,0
2018,2018-11-04,CAR,TB,3,42,28,1,17,27,0
2018,2018-11-04,CLE,KC,0,21,37,1,16,3,0
2018,2018-11-04,DEN,HOU,0,17,19,1,22,7,0
2018,2018-11-04,MIA,NYJ,3,13,6,1,20,30,0
2018,2018-11-04,MIN,DET,3,24,9,1,15,23,0
2018,2018-11-04,NE,GB,3,31,17,1,6,21,0
2018,2018-11-04,NO,LAR,3,45,35,1,1,2,0
2018,2018-11-04,SEA,LAC,0,17,25,1,10,5,0
2018,2018-11-04,WAS,ATL,0,14,38,1,19,18,0
2018,2018-11-05,DAL,TEN,0,14,28,1,11,14,1
2018,2018-11-08,PIT,CAR,3,52,21,1,12,17,0
2018,2018-11-11,CHI,DET,3,34,22,1,4,23,0
2018,2018-11-11,CIN,NO,0,14,51,1,24,1,0
2018,2018-11-11,CLE,ATL,3,28,16,1,16,18,0
2018,2018-11-11,GB,MIA,3,31,12,1,21,20,1
2018,2018-11-11,IND,JAX,3,29,26,1,9,28,0
2018,2018-11-11,KC,ARI,3,26,14,1,3,32,0
2018,2018-11-11,LAR,SEA,3,36,31,1,2,10,0
2018,2018-11-11,LV,LAC,0,6,20,1,31,5,0
2018,2018-11-11,NYJ,BUF,0,10,41,1,30,25,0
2018,2018-11-11,PHI,DAL,0,20,27,1,13,11,0
2018,2018-11-11,TB,WAS,0,3,16,1,27,19,0
2018,2018-11-11,TEN,NE,3,34,10,1,14,6,1
2018,2018-11-12,SF,NYG,0,23,27,1,29,26,0
2018,2018-11-15,SEA,GB,3,27,24,1,10,21,0
2018,2018-11-18,ARI,LV,0,21,23,1,32,31,0
2018,2018-11-18,ATL,DAL,0,19,22,1,18,11,0
2018,2018-11-18,BAL,CIN,3,24,21,1,8,24,0
2018,2018-11-18,CHI,MIN,3,25,20,1,4,15,0
2018,2018-11-18,DET,CAR,3,20,19,1,23,17,1
2018,2018-11-18,IND,TEN,3,38,10,1,9,14,0
2018,2018-11-18,JAX,PIT,0,16,20,1,28,12,0
2018,2018-11-18,LAC,DEN,0,22,23,1,5,22,1
2018,2018-11-18,NO,PHI,3,48,7,1,1,13,0
2018,2018-11-18,NYG,TB,3,38,35,1,26,27,0
2018,2018-11-18,WAS,HOU,0,21,23,1,19,7,0
2018,2018-11-19,LAR,KC,3,54,51,1,2,3,0
2018,2018-11-22,DAL,WAS,3,31,23,1,11,19,0
2018,2018-11-22,DET,CHI,0,16,23,1,23,4,0
2018,2018-11-22,NO,ATL,3,31,17,1,1,18,0
2018,2018-11-25,BAL,LV,3,34,17,1,8,31,0
2018,2018-11-25,BUF,JAX,3,24,21,1,25,28,0
2018,2018-11-25,CAR,SEA,0,27,30,1,17,10,0
2018,2018-11-25,CIN,CLE,0,20,35,1,24,16,0
2018,2018-11-25,DEN,PIT,3,24,17,1,22,12,1
2018,2018-11-25,IND,MIA,3,27,24,1,9,20,0
2018,2018-11-25,LAC,ARI,3,45,10,1,5,32,0
2018,2018-11-25,MIN,GB,3,24,17,1,15,21,0
2018,2018-11-25,NYJ,NE,0,13,27,1,30,6,0
2018,2018-11-25,PHI,NYG,3,25,22,1,13,26,0
2018,2018-11-25,TB,SF,3,27,9,1,27,29,0
2018,2018-11-26,HOU,TEN,3,34,17,1,7,14,0
2018,2018-11-29,DAL,NO,3,13,10,1,11,1,1
2018,2018-12-02,ATL,BAL,0,16,26,1,18,8,0
2018,2018-12-02,CIN,DEN,0,10,24,1,24,22,0
2018,2018-12-02,DET,LAR,0,16,30,1,23,2,0
2018,2018-12-02,GB,ARI,0,17,20,1,21,32,1
2018,2018-12-02,HOU,CLE,3,29,13,1,7,16,0
2018,2018-12-02,JAX,IND,3,6,0,1,28,9,1
2018,2018-12-02,LV,KC,0,33,40,1,31,3,0
2018,2018-12-02,MIA,BUF,3,21,17,1,20,25,0
2018,2018-12-02,NE,MIN,3,24,10,1,6,15,0
2018,2018-12-02,NYG,CHI,3,30,27,1,26,4,1
2018,2018-12-02,PIT,LAC,0,30,33,1,12,5,0
2018,2018-12-02,SEA,SF,3,43,16,1,10,29,0
2018,2018-12-02,TB,CAR,3,24,17,1,27,17,1
2018,2018-12-02,TEN,NYJ,3,26,22,1,14,30,0
2018,2018-12-03,PHI,WAS,3,28,13,1,13,19,0
2018,2018-12-06,TEN,JAX,3,30,9,1,14,28,0
2018,2018-12-09,ARI,DET,0,3,17,1,32,23,0
2018,2018-12-09,BUF,NYJ,0,23,27,1,25,30,1
2018,2018-12-09,CHI,LAR,3,15,6,1,4,2,1
2018,2018-12-09,CLE,CAR,3,26,20,1,16,17,0
2018,2018-12-09,DAL,PHI,3,29,23,1,11,13,0
2018,2018-12-09,GB,ATL,3,34,20,1,21,18,1
2018,2018-12-09,HOU,IND,0,21,24,1,7,9,1
2018,2018-12-09,KC,BAL,3,27,24,1,3,8,0
2018,2018-12-09,LAC,CIN,3,26,21,1,5,24,0
2018,2018-12-09,LV,PIT,3,24,21,1,31,12,1
2018,2018-12-09,MIA,NE,3,34,33,1,20,6,1
2018,2018-12-09,SF,DEN,3,20,14,1,29,22,1
2018,2018-12-09,TB,NO,0,14,28,1,27,1,0
2018,2018-12-09,WAS,NYG,0,16,40,1,19,26,1
2018,2018-12-10,SEA,MIN,3,21,7,1,10,15,0
2018,2018-12-13,KC,LAC,0,28,29,1,3,5,1
2018,2018-12-15,DEN,CLE,0,16,17,1,22,16,0
2018,2018-12-15,NYJ,HOU,0,22,29,1,30,7,0
2018,2018-12-16,ATL,ARI,3,40,14,1,18,32,0
2018,2018-12-16,BAL,TB,3,20,12,1,8,27,0
2018,2018-12-16,BUF,DET,3,14,13,1,25,23,1
2018,2018-12-16,CHI,GB,3,24,17,1,4,21,0
2018,2018-12-16,CIN,LV,3,30,16,1,24,31,0
2018,2018-12-16,IND,DAL,3,23,0,1,9,11,0
2018,2018-12-16,JAX,WAS,0,13,16,1,28,19,0
2018,2018-12-16,LAR,PHI,0,23,30,1,2,13,1
2018,2018-12-16,MIN,MIA,3,41,17,1,15,20,0
2018,2018-12-16,NYG,TEN,0,0,17,1,26,14,0
2018,2018-12-16,PIT,NE,3,17,10,1,12,6,1
2018,2018-12-16,SF,SEA,3,26,23,1,29,10,1
2018,2018-12-17,CAR,NO,0,9,12,1,17,1,0
2018,2018-12-22,LAC,BAL,0,10,22,1,5,8,1
2018,2018-12-22,TEN,WAS,3,25,16,1,14,19,0
2018,2018-12-23,ARI,LAR,0,9,31,1,32,2,0
2018,2018-12-23,CAR,ATL,0,10,24,1,17,18,1
2018,2018-12-23,CLE,CIN,3,26,18,1,16,24,0
2018,2018-12-23,DAL,TB,3,27,20,1,11,27,0
2018,2018-12-23,DET,MIN,0,9,27,1,23,15,0
2018,2018-12-23,IND,NYG,3,28,27,1,9,26,0
2018,2018-12-23,MIA,JAX,0,7,17,1,20,28,1
2018,2018-12-23,NE,BUF,3,24,12,1,6,25,0
2018,2018-12-23,NO,PIT,3,31,28,1,1,12,0
2018,2018-12-23,NYJ,GB,0,38,44,1,30,21,0
2018,2018-12-23,PHI,HOU,3,32,30,1,13,7,1
2018,2018-12-23,SEA,KC,3,38,31,1,10,3,1
2018,2018-12-23,SF,CHI,0,9,14,1,29,4,0
2018,2018-12-24,LV,DEN,3,27,14,1,31,22,1
2018,2018-12-30,BAL,CLE,3,26,24,1,8,16,0
2018,2018-12-30,BUF,MIA,3,42,17,1,25,20,1
2018,2018-12-30,DEN,LAC,0,9,23,1,22,5,0
2018,2018-12-30,GB,DET,0,0,31,1,21,23,1
2018,2018-12-30,HOU,JAX,3,20,3,1,7,28,0
2018,2018-12-30,KC,LV,3,35,3,1,3,31,0
2018,2018-12-30,LAR,SF,3,48,32,1,2,29,0
2018,2018-12-30,MIN,CHI,0,10,24,1,15,4,0
2018,2018-12-30,NE,NYJ,3,38,3,1,6,30,0
2018,2018-12-30,NO,CAR,0,14,33,1,1,17,1
2018,2018-12-30,NYG,DAL,0,35,36,1,26,11,0
2018,2018-12-30,PIT,CIN,3,16,13,1,12,24,0
2018,2018-12-30,SEA,ARI,3,27,24,1,10,32,0
2018,2018-12-30,TB,ATL,0,32,34,1,27,18,0
2018,2018-12-30,TEN,IND,0,17,33,1,14,9,0
2018,2018-12-30,WAS,PHI,0,0,24,1,19,13,0
2019,2019-09-05,CHI,GB,0,3,10,1,16,4,0
2019,2019-09-08,ARI,DET,1,27,27,1,25,30,0
2019,2019-09-08,CAR,LAR,0,27,30,1,27,13,0
2019,2019-09-08,CLE,TEN,0,13,43,1,23,11,0
2019,2019-09-08,DAL,NYG,3,35,17,1,14,29,0
2019,2019-09-08,JAX,KC,0,26,40,1,24,6,0
2019,2019-09-08,LAC,IND,3,30,24,1,26,18,1
2019,2019-09-08,MIA,BAL,0,10,59,1,28,1,0
2019,2019-09-08,MIN,ATL,3,28,12,1,8,19,0
2019,2019-09-08,NE,PIT,3,33,3,1,5,15,0
2019,2019-09-08,NYJ,BUF,0,16,17,1,21,9,0
2019,2019-09-08,PHI,WAS,3,32,27,1,12,31,0
2019,2019-09-08,SEA,CIN,3,21,20,1,7,32,0
2019,2019-09-08,TB,SF,0,17,31,1,17,2,0
2019,2019-09-09,LV,DEN,3,24,16,1,22,20,1
2019,2019-09-09,NO,HOU,3,30,28,1,3,10,0
2019,2019-09-12,CAR,TB,0,14,20,1,27,17,0
2019,2019-09-15,ATL,PHI,3,24,20,1,19,12,1
2019,2019-09-15,BAL,ARI,3,23,17,1,1,25,0
2019,2019-09-15,CIN,SF,0,17,41,1,32,2,0
2019,2019-09-15,DEN,CHI,0,14,16,1,20,16,0
2019,2019-09-15,DET,LAC,3,13,10,1,30,26,1
2019,2019-09-15,GB,MIN,3,21,16,1,4,8,0
2019,2019-09-15,HOU,JAX,3,13,12,1,10,24,0
2019,2019-09-15,LAR,NO,3,27,9,1,13,3,1
2019,2019-09-15,LV,KC,0,10,28,1,22,6,0
2019,2019-09-15,MIA,NE,0,0,43,1,28,5,0
2019,2019-09-15,NYG,BUF,0,14,28,1,29,9,0
2019,2019-09-15,PIT,SEA,0,26,28,1,15,7,0
2019,2019-09-15,TEN,IND,0,17,19,1,11,18,1
2019,2019-09-15,WAS,DAL,0,21,31,1,31,14,0
2019,2019-09-16,NYJ,CLE,0,3,23,1,21,23,1
2019,2019-09-19,JAX,TEN,3,20,7,1,24,11,1
2019,2019-09-22,ARI,CAR,0,20,38,1,25,27,1
2019,2019-09-22,BUF,CIN,3,21,17,1,9,32,0
2019,2019-09-22,CLE,LAR,0,13,20,1,23,13,0
2019,2019-09-22,DAL,MIA,3,31,6,1,14,28,0
2019,2019-09-22,GB,DEN,3,27,16,1,4,20,0
2019,2019-09-22,IND,ATL,3,27,24,1,18,19,0
2019,2019-09-22,KC,BAL,3,33,28,1,6,1,1
2019,2019-09-22,LAC,HOU,0,20,27,1,26,10,0
2019,2019-09-22,MIN,LV,3,34,14,1,8,22,0
2019,2019-09-22,NE,NYJ,3,30,14,1,5,21,0
2019,2019-09-22,PHI,DET,0,24,27,1,12,30,1
2019,2019-09-22,SEA,NO,0,27,33,1,7,3,0
2019,2019-09-22,SF,PIT,3,24,20,1,2,15,0
2019,2019-09-22,TB,NYG,0,31,32,1,17,29,1
2019,2019-09-23,WAS,CHI,0,15,31,1,31,16,0
2019,2019-09-26,GB,PHI,0,27,34,1,4,12,1
2019,2019-09-29,ARI,SEA,0,10,27,1,25,7,0
2019,2019-09-29,ATL,TEN,0,10,24,1,19,11,0
2019,2019-09-29,BAL,CLE,0,25,40,1,1,23,1
2019,2019-09-29,BUF,NE,0,10,16,1,9,5,0
2019,2019-09-29,CHI,MIN,3,16,6,1,16,8,1
2019,2019-09-29,DEN,JAX,0,24,26,1,20,24,1
2019,2019-09-29,DET,KC,0,30,34,1,30,6,0
2019,2019-09-29,HOU,CAR,0,10,16,1,10,27,1
2019,2019-09-29,IND,LV,0,24,31,1,18,22,1
2019,2019-09-29,LAR,TB,0,40,55,1,13,17,1
2019,2019-09-29,MIA,LAC,0,10,30,1,28,26,0
2019,2019-09-29,NO,DAL,3,12,10,1,3,14,0
2019,2019-09-29,NYG,WAS,3,24,3,1,29,31,0
2019,2019-09-30,PIT,CIN,3,27,3,1,15,32,0
2019,2019-10-03,SEA,LAR,3,30,29,1,7,13,0
2019,2019-10-06,CAR,JAX,3,34,27,1,27,24,1
2019,2019-10-06,CIN,ARI,0,23,26,1,32,25,0
2019,2019-10-06,DAL,GB,0,24,34,1,14,4,0
2019,2019-10-06,HOU,ATL,3,53,32,1,10,19,0
2019,2019-10-06,KC,IND,0,13,19,1,6,18,1
2019,2019-10-06,LAC,DEN,0,13,20,1,26,20,0
2019,2019-10-06,LV,CHI,3,24,21,1,22,16,1
2019,2019-10-06,NO,TB,3,31,24,1,3,17,0
2019,2019-10-06,NYG,MIN,0,10,28,1,29,8,0
2019,2019-10-06,PHI,NYJ,3,31,6,1,12,21,0
2019,2019-10-06,PIT,BAL,0,23,26,1,15,1,0
2019,2019-10-06,TEN,BUF,0,7,14,1,11,9,0
2019,2019-10-06,WAS,NE,0,7,33,1,31,5,0
2019,2019-10-07,SF,CLE,3,31,3,1,2,23,0
2019,2019-10-10,NE,NYG,3,35,14,1,5,29,0
2019,2019-10-13,ARI,ATL,3,34,33,1,25,19,1
2019,2019-10-13,BAL,CIN,3,23,17,1,1,32,0
2019,2019-10-13,CLE,SEA,0,28,32,1,23,7,0
2019,2019-10-13,DEN,TEN,3,16,0,1,20,11,1
2019,2019-10-13,JAX,NO,0,6,13,1,24,3,0
2019,2019-10-13,KC,HOU,0,24,31,1,6,10,1
2019,2019-10-13,LAC,PIT,0,17,24,1,26,15,0
2019,2019-10-13,LAR,SF,0,7,20,1,13,2,0
2019,2019-10-13,MIA,WAS,0,16,17,1,28,31,1
2019,2019-10-13,MIN,PHI,3,38,20,1,8,12,0
2019,2019-10-13,NYJ,DAL,3,24,22,1,21,14,1
2019,2019-10-13,TB,CAR,0,26,37,1,17,27,1
2019,2019-10-14,GB,DET,3,23,22,1,4,30,0
2019,2019-10-17,DEN,KC,0,6,30,1,20,6,0
2019,2019-10-20,ATL,LAR,0,10,37,1,19,13,0
2019,2019-10-20,BUF,MIA,3,31,21,1,9,28,0
2019,2019-10-20,CHI,NO,0,25,36,1,16,3,0
2019,2019-10-20,CIN,JAX,0,17,27,1,32,24,0
2019,2019-10-20,DAL,PHI,3,37,10,1,14,12,1
2019,2019-10-20,DET,MIN,0,30,42,1,30,8,0
2019,2019-10-20,GB,LV,3,42,24,1,4,22,0
2019,2019-10-20,IND,HOU,3,30,23,1,18,10,1
2019,2019-10-20,NYG,ARI,0,21,27,1,29,25,0
2019,2019-10-20,SEA,BAL,0,16,30,1,7,1,0
2019,2019-10-20,TEN,LAC,3,23,20,1,11,26,0
2019,2019-10-20,WAS,SF,0,0,9,1,31,2,0
2019,2019-10-21,NYJ,NE,0,0,33,1,21,5,0
2019,2019-10-24,MIN,WAS,3,19,9,1,8,31,0
2019,2019-10-27,ATL,SEA,0,20,27,1,19,7,0
2019,2019-10-27,BUF,PHI,0,13,31,1,9,12,1
2019,2019-10-27,CHI,LAC,0,16,17,1,16,26,1
2019,2019-10-27,DET,NYG,3,31,26,1,30,29,1
2019,2019-10-27,HOU,LV,3,27,24,1,10,22,0
2019,2019-10-27,IND,DEN,3,15,13,1,18,20,0
2019,2019-10-27,JAX,NYJ,3,29,15,1,24,21,1
2019,2019-10-27,KC,GB,0,24,31,1,6,4,0
2019,2019-10-27,LAR,CIN,3,24,10,1,13,32,0
2019,2019-10-27,NE,CLE,3,27,13,1,5,23,0
2019,2019-10-27,NO,ARI,3,31,9,1,3,25,0
2019,2019-10-27,SF,CAR,3,51,13,1,2,27,0
2019,2019-10-27,TEN,TB,3,27,23,1,11,17,0
2019,2019-10-28,PIT,MIA,3,27,14,1,15,28,0
2019,2019-10-31,ARI,SF,0,25,28,1,25,2,0
2019,2019-11-03,BAL,NE,3,37,20,1,1,5,0
2019,2019-11-03,BUF,WAS,3,24,9,1,9,31,0
2019,2019-11-03,CAR,TEN,3,30,20,1,27,11,1
2019,2019-11-03,DEN,CLE,3,24,19,1,20,23,0
2019,2019-11-03,JAX,HOU,0,3,26,1,24,10,0
2019,2019-11-03,KC,MIN,3,26,23,1,6,8,0
2019,2019-11-03,LAC,GB,3,26,11,1,26,4,1
2019,2019-11-03,LV,DET,3,31,24,1,22,30,0
2019,2019-11-03,MIA,NYJ,3,26,18,1,28,21,1
2019,2019-11-03,PHI,CHI,3,22,14,1,12,16,0
2019,2019-11-03,PIT,IND,3,26,24,1,15,18,0
2019,2019-11-03,SEA,TB,3,40,34,1,7,17,0
2019,2019-11-04,NYG,DAL,0,18,37,1,29,14,0
2019,2019-11-07,LV,LAC,3,26,24,1,22,26,0
2019,2019-11-10,CHI,DET,3,20,13,1,16,30,0
2019,2019-11-10,CIN,BAL,0,13,49,1,32,1,0
2019,2019-11-10,CLE,BUF,3,19,16,1,23,9,1
2019,2019-11-10,DAL,MIN,0,24,28,1,14,8,0
2019,2019-11-10,GB,CAR,3,24,16,1,4,27,0
2019,2019-11-10,IND,MIA,0,12,16,1,18,28,1
2019,2019-11-10,NO,ATL,0,9,26,1,3,19,1
2019,2019-11-10,NYJ,NYG,3,34,27,1,21,29,0
2019,2019-11-10,PIT,LAR,3,17,12,1,15,13,1
2019,2019-11-10,TB,ARI,3,30,27,1,17,25,0
2019,2019-11-10,TEN,KC,3,35,32,1,11,6,1
2019,2019-11-11,SF,SEA,0,24,27,1,2,7,1
2019,2019-11-14,CLE,PIT,3,21,7,1,23,15,1
2019,2019-11-17,BAL,HOU,3,41,7,1,1,10,0
2019,2019-11-17,CAR,ATL,0,3,29,1,27,19,0
2019,2019-11-17,DET,DAL,0,27,35,1,30,14,0
2019,2019-11-17,IND,JAX,3,33,13,1,18,24,0
2019,2019-11-17,LAR,CHI,3,17,7,1,13,16,0
2019,2019-11-17,LV,CIN,3,17,10,1,22,32,0
2019,2019-11-17,MIA,BUF,0,20,37,1,28,9,0
2019,2019-11-17,MIN,DEN,3,27,23,1,8,20,0
2019,2019-11-17,PHI,NE,0,10,17,1,12,5,0
2019,2019-11-17,SF,ARI,3,36,26,1,2,25,0
2019,2019-11-17,TB,NO,0,17,34,1,17,3,0
2019,2019-11-17,WAS,NYJ,0,17,34,1,31,21,0
2019,2019-11-18,LAC,KC,0,17,24,1,26,6,0
2019,2019-11-21,HOU,IND,3,20,17,1,10,18,0
2019,2019-11-24,ATL,TB,0,22,35,1,19,17,0
2019,2019-11-24,BUF,DEN,3,20,3,1,9,20,0
2019,2019-11-24,CHI,NYG,3,19,14,1,16,29,0
2019,2019-11-24,CIN,PIT,0,10,16,1,32,15,0
2019,2019-11-24,CLE,MIA,3,41,24,1,23,28,0
2019,2019-11-24,NE,DAL,3,13,9,1,5,14,0
2019,2019-11-24,NO,CAR,3,34,31,1,3,27,0
2019,2019-11-24,NYJ,LV,3,34,3,1,21,22,0
2019,2019-11-24,PHI,SEA,0,9,17,1,12,7,0
2019,2019-11-24,SF,GB,3,37,8,1,2,4,0
2019,2019-11-24,TEN,JAX,3,42,20,1,11,24,0
2019,2019-11-24,WAS,DET,3,19,16,1,31,30,1
2019,2019-11-25,LAR,BAL,0,6,45,1,13,1,0
2019,2019-11-28,ATL,NO,0,18,26,1,19,3,0
2019,2019-11-28,DAL,BUF,0,15,26,1,14,9,0
2019,2019-11-28,DET,CHI,0,20,24,1,30,16,0
2019,2019-12-01,ARI,LAR,0,7,34,1,25,13,0
2019,2019-12-01,BAL,SF,3,20,17,1,1,2,0
2019,2019-12-01,CAR,WAS,0,21,29,1,27,31,1
2019,2019-12-01,CIN,NYJ,3,22,6,1,32,21,1
2019,2019-12-01,DEN,LAC,3,23,20,1,20,26,0
2019,2019-12-01,HOU,NE,3,28,22,1,10,5,1
2019,2019-12-01,IND,TEN,0,17,31,1,18,11,0
2019,2019-12-01,JAX,TB,0,11,28,1,24,17,0
2019,2019-12-01,KC,LV,3,40,9,1,6,22,0
2019,2019-12-01,MIA,PHI,3,37,31,1,28,12,1
2019,2019-12-01,NYG,GB,0,13,31,1,29,4,0
2019,2019-12-01,PIT,CLE,3,20,13,1,15,23,0
2019,2019-12-02,SEA,MIN,3,37,30,1,7,8,0
2019,2019-12-05,CHI,DAL,3,31,24,1,16,14,1
2019,2019-12-08,ARI,PIT,0,17,23,1,25,15,0
2019,2019-12-08,ATL,CAR,3,40,20,1,19,27,0
2019,2019-12-08,BUF,BAL,0,17,24,1,9,1,0
2019,2019-12-08,CLE,CIN,3,27,19,1,23,32,0
2019,2019-12-08,GB,WAS,3,20,15,1,4,31,0
2019,2019-12-08,HOU,DEN,0,24,38,1,10,20,1
2019,2019-12-08,JAX,LAC,0,10,45,1,24,26,1
2019,2019-12-08,LAR,SEA,3,28,12,1,13,7,1
2019,2019-12-08,LV,TEN,0,21,42,1,22,11,0
2019,2019-12-08,MIN,DET,3,20,7,1,8,30,0
2019,2019-12-08,NE,KC,0,16,23,1,5,6,1
2019,2019-12-08,NO,SF,0,46,48,1,3,2,0
2019,2019-12-08,NYJ,MIA,3,22,21,1,21,28,0
2019,2019-12-08,TB,IND,3,38,35,1,17,18,0
2019,2019-12-09,PHI,NYG,3,23,17,1,12,29,0
2019,2019-12-12,BAL,NYJ,3,42,21,1,1,21,0
2019,2019-12-15,ARI,CLE,3,38,24,1,25,23,1
2019,2019-12-15,CAR,SEA,0,24,30,1,27,7,0
2019,2019-12-15,CIN,NE,0,13,34,1,32,5,0
2019,2019-12-15,DAL,LAR,3,44,21,1,14,13,1
2019,2019-12-15,DET,TB,0,17,38,1,30,17,0
2019,2019-12-15,GB,CHI,3,21,13,1,4,16,0
2019,2019-12-15,KC,DEN,3,23,3,1,6,20,0
2019,2019-12-15,LAC,MIN,0,10,39,1,26,8,0
2019,2019-12-15,LV,JAX,0,16,20,1,22,24,1
2019,2019-12-15,NYG,MIA,3,36,20,1,29,28,1
2019,2019-12-15,PIT,BUF,0,10,17,1,15,9,0
2019,2019-12-15,SF,ATL,0,22,29,1,2,19,1
2019,2019-12-15,TEN,HOU,0,21,24,1,11,10,0
2019,2019-12-15,WAS,PHI,0,27,37,1,31,12,0
2019,2019-12-16,NO,IND,3,34,7,1,3,18,0
2019,2019-12-21,NE,BUF,3,24,17,1,5,9,0
2019,2019-12-21,SF,LAR,3,34,31,1,2,13,0
2019,2019-12-21,TB,HOU,0,20,23,1,17,10,0
2019,2019-12-22,ATL,JAX,3,24,12,1,19,24,0
2019,2019-12-22,CHI,KC,0,3,26,1,16,6,0
2019,2019-12-22,CLE,BAL,0,15,31,1,23,1,0
2019,2019-12-22,DEN,DET,3,27,17,1,20,30,0
2019,2019-12-22,IND,CAR,3,38,6,1,18,27,0
2019,2019-12-22,LAC,LV,0,17,24,1,26,22,0
2019,2019-12-22,MIA,CIN,3,38,35,1,28,32,0
2019,2019-12-22,NYJ,PIT,3,16,10,1,21,15,1
2019,2019-12-22,PHI,DAL,3,17,9,1,12,14,0
2019,2019-12-22,SEA,ARI,0,13,27,1,7,25,1
2019,2019-12-22,TEN,NO,0,28,38,1,11,3,0
2019,2019-12-22,WAS,NYG,0,35,41,1,31,29,0
2019,2019-12-23,MIN,GB,0,10,23,1,8,4,0
2019,2019-12-29,BAL,PIT,3,28,10,1,1,15,0
2019,2019-12-29,BUF,NYJ,0,6,13,1,9,21,1
2019,2019-12-29,CAR,NO,0,10,42,1,27,3,0
2019,2019-12-29,CIN,CLE,3,33,23,1,32,23,1
2019,2019-12-29,DAL,WAS,3,47,16,1,14,31,0
2019,2019-12-29,DEN,LV,3,16,15,1,20,22,0
2019,2019-12-29,DET,GB,0,20,23,1,30,4,0
2019,2019-12-29,HOU,TEN,0,14,35,1,10,11,1
2019,2019-12-29,JAX,IND,3,38,20,1,24,18,1
2019,2019-12-29,KC,LAC,3,31,21,1,6,26,0
2019,2019-12-29,LAR,ARI,3,31,24,1,13,25,0
2019,2019-12-29,MIN,CHI,0,19,21,1,8,16,1
2019,2019-12-29,NE,MIA,0,24,27,1,5,28,1
2019,2019-12-29,NYG,PHI,0,17,34,1,29,12,0
2019,2019-12-29,SEA,SF,0,21,26,1,7,2,0
2019,2019-12-29,TB,ATL,0,22,28,1,17,19,1
2020,2020-09-10,KC,HOU,3,34,20,1,1,30,0
2020,2020-09-13,ATL,SEA,0,25,38,1,29,6,0
2020,2020-09-13,BAL,CLE,3,38,6,1,7,11,0
2020,2020-09-13,BUF,NYJ,3,27,17,1,3,31,0
2020,2020-09-13,CAR,LV,0,30,34,1,24,16,0
2020,2020-09-13,CIN,LAC,0,13,16,1,28,19,0
2020,2020-09-13,DET,CHI,0,23,27,1,26,15,0
2020,2020-09-13,JAX,IND,3,27,20,1,32,9,1
2020,2020-09-13,LAR,DAL,3,20,17,1,12,23,0
2020,2020-09-13,MIN,GB,0,34,43,1,20,2,0
2020,2020-09-13,NE,MIA,3,21,11,1,18,13,1
2020,2020-09-13,NO,TB,3,34,23,1,4,8,0
2020,2020-09-13,SF,ARI,0,20,24,1,21,14,0
2020,2020-09-13,WAS,PHI,3,27,17,1,17,27,0
2020,2020-09-14,DEN,TEN,0,14,16,1,25,10,0
2020,2020-09-14,NYG,PIT,0,16,26,1,22,5,0
2020,2020-09-17,CLE,CIN,3,35,30,1,11,28,0
2020,2020-09-20,ARI,WAS,3,30,15,1,14,17,0
2020,2020-09-20,CHI,NYG,3,17,13,1,15,22,0
2020,2020-09-20,DAL,ATL,3,40,39,1,23,29,0
2020,2020-09-20,GB,DET,3,42,21,1,2,26,0
2020,2020-09-20,HOU,BAL,0,16,33,1,30,7,0
2020,2020-09-20,IND,MIN,3,28,11,1,9,20,0
2020,2020-09-20,LAC,KC,0,20,23,1,19,1,0
2020,2020-09-20,MIA,BUF,0,28,31,1,13,3,0
2020,2020-09-20,NYJ,SF,0,13,31,1,31,21,0
2020,2020-09-20,PHI,LAR,0,19,37,1,27,12,0
2020,2020-09-20,PIT,DEN,3,26,21,1,5,25,0
2020,2020-09-20,SEA,NE,3,35,30,1,6,18,0
2020,2020-09-20,TB,CAR,3,31,17,1,8,24,0
2020,2020-09-20,TEN,JAX,3,33,30,1,10,32,0
2020,2020-09-21,LV,NO,3,34,24,1,16,4,1
2020,2020-09-24,JAX,MIA,0,13,31,1,32,13,0
2020,2020-09-27,ARI,DET,0,23,26,1,14,26,1
2020,2020-09-27,ATL,CHI,0,26,30,1,29,15,0
2020,2020-09-27,BUF,LAR,3,35,32,1,3,12,0
2020,2020-09-27,CLE,WAS,3,34,20,1,11,17,0
2020,2020-09-27,DEN,TB,0,10,28,1,25,8,0
2020,2020-09-27,IND,NYJ,3,36,7,1,9,31,0
2020,2020-09-27,LAC,CAR,0,16,21,1,19,24,1
2020,2020-09-27,MIN,TEN,0,30,31,1,20,10,0
2020,2020-09-27,NE,LV,3,36,20,1,18,16,1
2020,2020-09-27,NO,GB,0,30,37,1,4,2,0
2020,2020-09-27,NYG,SF,0,9,36,1,22,21,0
2020,2020-09-27,PHI,CIN,1,23,23,1,27,28,0
2020,2020-09-27,PIT,HOU,3,28,21,1,5,30,0
2020,2020-09-27,SEA,DAL,3,38,31,1,6,23,0
2020,2020-09-28,BAL,KC,0,20,34,1,7,1,0
2020,2020-10-01,NYJ,DEN,0,28,37,1,31,25,0
2020,2020-10-04,CAR,ARI,3,31,21,1,24,14,1
2020,2020-10-04,CHI,IND,0,11,19,1,15,9,0
2020,2020-10-04,CIN,JAX,3,33,25,1,28,32,0
2020,2020-10-04,DAL,CLE,0,38,49,1,23,11,0
2020,2020-10-04,DET,NO,0,29,35,1,26,4,0
2020,2020-10-04,HOU,MIN,0,23,31,1,30,20,0
2020,2020-10-04,LAR,NYG,3,17,9,1,12,22,0
2020,2020-10-04,LV,BUF,0,23,30,1,16,3,0
2020,2020-10-04,MIA,SEA,0,23,31,1,13,6,0
2020,2020-10-04,SF,PHI,0,20,25,1,21,27,1
2020,2020-10-04,TB,LAC,3,38,31,1,8,19,0
2020,2020-10-04,WAS,BAL,0,17,31,1,17,7,0
2020,2020-10-05,GB,ATL,3,30,16,1,2,29,0
2020,2020-10-05,KC,NE,3,26,10,1,1,18,0
2020,2020-10-08,CHI,TB,3,20,19,1,15,8,1
2020,2020-10-11,ATL,CAR,0,16,23,1,29,24,0
2020,2020-10-11,BAL,CIN,3,27,3,1,7,28,0
2020,2020-10-11,CLE,IND,3,32,23,1,11,9,1
2020,2020-10-11,DAL,NYG,3,37,34,1,23,22,1
2020,2020-10-11,HOU,JAX,3,30,14,1,30,32,0
2020,2020-10-11,KC,LV,0,32,40,1,1,16,1
2020,2020-10-11,NYJ,ARI,0,10,30,1,31,14,0
2020,2020-10-11,PIT,PHI,3,38,29,1,5,27,0
2020,2020-10-11,SEA,MIN,3,27,26,1,6,20,0
2020,2020-10-11,SF,MIA,0,17,43,1,21,13,0
2020,2020-10-11,WAS,LAR,0,10,30,1,17,12,0
2020,2020-10-12,NO,LAC,3,30,27,1,4,19,0
2020,2020-10-13,TEN,BUF,3,42,16,1,10,3,1
2020,2020-10-18,CAR,CHI,0,16,23,1,24,15,0
2020,2020-10-18,IND,CIN,3,31,27,1,9,28,0
2020,2020-10-18,JAX,DET,0,16,34,1,32,26,0
2020,2020-10-18,MIA,NYJ,3,24,0,1,13,31,0
2020,2020-10-18,MIN,ATL,0,23,40,1,20,29,1
2020,2020-10-18,NE,DEN,0,12,18,1,18,25,1
2020,2020-10-18,NYG,WAS,3,20,19,1,22,17,1
2020,2020-10-18,PHI,BAL,0,28,30,1,27,7,0
2020,2020-10-18,PIT,CLE,3,38,7,1,5,11,0
2020,2020-10-18,SF,LAR,3,24,16,1,21,12,1
2020,2020-10-18,TB,GB,3,38,10,1,8,2,1
2020,2020-10-18,TEN,HOU,3,42,36,1,10,30,0
2020,2020-10-19,BUF,KC,0,17,26,1,3,1,0
2020,2020-10-19,DAL,ARI,0,10,38,1,23,14,0
2020,2020-10-22,PHI,NYG,3,22,21,1,27,22,1
2020,2020-10-25,ARI,SEA,3,37,34,1,14,6,1
2020,2020-10-25,ATL,DET,0,22,23,1,29,26,0
2020,2020-10-25,CIN,CLE,0,34,37,1,28,11,0
2020,2020-10-25,DEN,KC,0,16,43,1,25,1,0
2020,2020-10-25,HOU,GB,0,20,35,1,30,2,0
2020,2020-10-25,LAC,JAX,3,39,29,1,19,32,0
2020,2020-10-25,LV,TB,0,20,45,1,16,8,0
2020,2020-10-25,NE,SF,0,6,33,1,18,21,1
2020,2020-10-25,NO,CAR,3,27,24,1,4,24,0
2020,2020-10-25,NYJ,BUF,0,10,18,1,31,3,0
2020,2020-10-25,TEN,PIT,0,24,27,1,10,5,0
2020,2020-10-25,WAS,DAL,3,25,3,1,17,23,0
2020,2020-10-26,LAR,CHI,3,24,10,1,12,15,0
2020,2020-10-29,CAR,ATL,0,17,25,1,24,29,1
2020,2020-11-01,BAL,PIT,0,24,28,1,7,5,0
2020,2020-11-01,BUF,NE,3,24,21,1,3,18,0
2020,2020-11-01,CHI,NO,0,23,26,1,15,4,0
2020,2020-11-01,CIN,TEN,3,31,20,1,28,10,1
2020,2020-11-01,CLE,LV,0,6,16,1,11,16,1
2020,2020-11-01,DEN,LAC,3,31,30,1,25,19,1
2020,2020-11-01,DET,IND,0,21,41,1,26,9,0
2020,2020-11-01,GB,MIN,0,22,28,1,2,20,1
2020,2020-11-01,KC,NYJ,3,35,9,1,1,31,0
2020,2020-11-01,MIA,LAR,3,28,17,1,13,12,1
2020,2020-11-01,PHI,DAL,3,23,9,1,27,23,1
2020,2020-11-01,SEA,SF,3,37,27,1,6,21,0
2020,2020-11-02,NYG,TB,0,23,25,1,22,8,0
2020,2020-11-05,SF,GB,0,17,34,1,21,2,0
2020,2020-11-08,ARI,MIA,0,31,34,1,14,13,0
2020,2020-11-08,ATL,DEN,3,34,27,1,29,25,1
2020,2020-11-08,BUF,SEA,3,44,34,1,3,6,0
2020,2020-11-08,DAL,PIT,0,19,24,1,23,5,0
2020,2020-11-08,IND,BAL,0,10,24,1,9,7,0
2020,2020-11-08,JAX,HOU,0,25,27,1,32,30,0
2020,2020-11-08,KC,CAR,3,33,31,1,1,24,0
2020,2020-11-08,LAC,LV,0,26,31,1,19,16,0
2020,2020-11-08,MIN,DET,3,34,20,1,20,26,0
2020,2020-11-08,TB,NO,0,3,38,1,8,4,0
2020,2020-11-08,TEN,CHI,3,24,17,1,10,15,0
2020,2020-11-08,WAS,NYG,0,20,23,1,17,22,1
2020,2020-11-09,NYJ,NE,0,27,30,1,31,18,0
2020,2020-11-12,TEN,IND,0,17,34,1,10,9,0
2020,2020-11-15,ARI,BUF,3,32,30,1,14,3,1
2020,2020-11-15,CAR,TB,0,23,46,1,24,8,0
2020,2020-11-15,CLE,HOU,3,10,7,1,11,30,0
2020,2020-11-15,DET,WAS,3,30,27,1,26,17,1
2020,2020-11-15,GB,JAX,3,24,20,1,2,32,0
2020,2020-11-15,LAR,SEA,3,23,16,1,12,6,1
2020,2020-11-15,LV,DEN,3,37,12,1,16,25,0
2020,2020-11-15,MIA,LAC,3,29,21,1,13,19,0
2020,2020-11-15,NE,BAL,3,23,17,1,18,7,1
2020,2020-11-15,NO,SF,3,27,13,1,4,21,0
2020,2020-11-15,NYG,PHI,3,27,17,1,22,27,0
2020,2020-11-15,PIT,CIN,3,36,10,1,5,28,0
2020,2020-11-16,CHI,MIN,0,13,19,1,15,20,1
2020,2020-11-19,SEA,ARI,3,28,21,1,6,14,0
2020,2020-11-22,BAL,TEN,0,24,30,1,7,10,1
2020,2020-11-22,CAR,DET,3,20,0,1,24,26,0
2020,2020-11-22,CLE,PHI,3,22,17,1,11,27,0
2020,2020-11-22,DEN,MIA,3,20,13,1,25,13,1
2020,2020-11-22,HOU,NE,3,27,20,1,30,18,1
2020,2020-11-22,IND,GB,3,34,31,1,9,2,1
2020,2020-11-22,JAX,PIT,0,3,27,1,32,5,0
2020,2020-11-22,LAC,NYJ,3,34,28,1,19,31,0
2020,2020-11-22,LV,KC,0,31,35,1,16,1,0
2020,2020-11-22,MIN,DAL,0,28,31,1,20,23,1
2020,2020-11-22,NO,ATL,3,24,9,1,4,29,0
2020,2020-11-22,WAS,CIN,3,20,9,1,17,28,0
2020,2020-11-23,TB,LAR,0,24,27,1,8,12,1
2020,2020-11-26,DAL,WAS,0,16,41,1,23,17,0
2020,2020-11-26,DET,HOU,0,25,41,1,26,30,1
2020,2020-11-29,ATL,LV,3,43,6,1,29,16,1
2020,2020-11-29,BUF,LAC,3,27,17,1,3,19,0
2020,2020-11-29,CIN,NYG,0,17,19,1,28,22,0
2020,2020-11-29,DEN,NO,0,3,31,1,25,4,0
2020,2020-11-29,GB,CHI,3,41,25,1,2,15,0
2020,2020-11-29,IND,TEN,0,26,45,1,9,10,1
2020,2020-11-29,JAX,CLE,0,25,27,1,32,11,0
2020,2020-11-29,LAR,SF,0,20,23,1,12,21,1
2020,2020-11-29,MIN,CAR,3,28,27,1,20,24,0
2020,2020-11-29,NE,ARI,3,20,17,1,18,14,1
2020,2020-11-29,NYJ,MIA,0,3,20,1,31,13,0
2020,2020-11-29,TB,KC,0,24,27,1,8,1,0
2020,2020-11-30,PHI,SEA,0,17,23,1,27,6,0
2020,2020-12-02,PIT,BAL,3,19,14,1,5,7,0
2020,2020-12-06,ARI,LAR,0,28,38,1,14,12,0
2020,2020-12-06,ATL,NO,0,16,21,1,29,4,0
2020,2020-12-06,CHI,DET,0,30,34,1,15,26,1
2020,2020-12-06,GB,PHI,3,30,16,1,2,27,0
2020,2020-12-06,HOU,IND,0,20,26,1,30,9,0
2020,2020-12-06,KC,DEN,3,22,16,1,1,25,0
2020,2020-12-06,LAC,NE,0,0,45,1,19,18,0
2020,2020-12-06,MIA,CIN,3,19,7,1,13,28,0
2020,2020-12-06,MIN,JAX,3,27,24,1,20,32,0
2020,2020-12-06,NYJ,LV,0,28,31,1,31,16,0
2020,2020-12-06,SEA,NYG,0,12,17,1,6,22,1
2020,2020-12-06,TEN,CLE,0,35,41,1,10,11,1
2020,2020-12-07,PIT,WAS,0,17,23,1,5,17,1
2020,2020-12-07,SF,BUF,0,24,34,1,21,3,0
2020,2020-12-08,BAL,DAL,3,34,17,1,7,23,0
2020,2020-12-10,LAR,NE,3,24,3,1,12,18,0
2020,2020-12-13,BUF,PIT,3,26,15,1,3,5,0
2020,2020-12-13,CAR,DEN,0,27,32,1,24,25,1
2020,2020-12-13,CHI,HOU,3,36,7,1,15,30,0
2020,2020-12-13,CIN,DAL,0,7,30,1,28,23,0
2020,2020-12-13,DET,GB,0,24,31,1,26,2,0
2020,2020-12-13,JAX,TEN,0,10,31,1,32,10,0
2020,2020-12-13,LAC,ATL,3,20,17,1,19,29,0
2020,2020-12-13,LV,IND,0,27,44,1,16,9,0
2020,2020-12-13,MIA,KC,0,27,33,1,13,1,0
2020,2020-12-13,NYG,ARI,0,7,26,1,22,14,0
2020,2020-12-13,PHI,NO,3,24,21,1,27,4,1
2020,2020-12-13,SEA,NYJ,3,40,3,1,6,31,0
2020,2020-12-13,SF,WAS,0,15,23,1,21,17,0
2020,2020-12-13,TB,MIN,3,26,14,1,8,20,0
2020,2020-12-14,CLE,BAL,0,42,47,1,11,7,0
2020,2020-12-17,LV,LAC,0,27,30,1,16,19,1
2020,2020-12-19,DEN,BUF,0,19,48,1,25,3,0
2020,2020-12-19,GB,CAR,3,24,16,1,2,24,0
2020,2020-12-20,ARI,PHI,3,33,26,1,14,27,0
2020,2020-12-20,ATL,TB,0,27,31,1,29,8,0
2020,2020-12-20,BAL,JAX,3,40,14,1,7,32,0
2020,2020-12-20,DAL,SF,3,41,33,1,23,21,1
2020,2020-12-20,IND,HOU,3,27,20,1,9,30,0
2020,2020-12-20,LAR,NYJ,0,20,23,1,12,31,1
2020,2020-12-20,MIA,NE,3,22,12,1,13,18,0
2020,2020-12-20,MIN,CHI,0,27,33,1,20,15,0
2020,2020-12-20,NO,KC,0,29,32,1,4,1,0
2020,2020-12-20,NYG,CLE,0,6,20,1,22,11,0
2020,2020-12-20,TEN,DET,3,46,25,1,10,26,0
2020,2020-12-20,WAS,SEA,0,15,20,1,17,6,0
2020,2020-12-21,CIN,PIT,3,27,17,1,28,5,1
2020,2020-12-25,NO,MIN,3,52,33,1,4,20,0
2020,2020-12-26,ARI,SF,0,12,20,1,14,21,1
2020,2020-12-26,DET,TB,0,7,47,1,26,8,0
2020,2020-12-26,LV,MIA,0,25,26,1,16,13,0
2020,2020-12-27,BAL,NYG,3,27,13,1,7,22,0
2020,2020-12-27,DAL,PHI,3,37,17,1,23,27,0
2020,2020-12-27,GB,TEN,3,40,14,1,2,10,0
2020,2020-12-27,HOU,CIN,0,31,37,1,30,28,0
2020,2020-12-27,JAX,CHI,0,17,41,1,32,15,0
2020,2020-12-27,KC,ATL,3,17,14,1,1,29,0
2020,2020-12-27,LAC,DEN,3,19,16,1,19,25,0
2020,2020-12-27,NYJ,CLE,3,23,16,1,31,11,1
2020,2020-12-27,PIT,IND,3,28,24,1,5,9,0
2020,2020-12-27,SEA,LAR,3,20,9,1,6,12,0
2020,2020-12-27,WAS,CAR,0,13,20,1,17,24,1
2020,2020-12-28,NE,BUF,0,9,38,1,18,3,0
2020,2021-01-03,BUF,MIA,3,56,26,1,3,13,0
2020,2021-01-03,CAR,NO,0,7,33,1,24,4,0
2020,2021-01-03,CHI,GB,0,16,35,1,15,2,0
2020,2021-01-03,CIN,BAL,0,3,38,1,28,7,0
2020,2021-01-03,CLE,PIT,3,24,22,1,11,5,1
2020,2021-01-03,DEN,LV,0,31,32,1,25,16,0
2020,2021-01-03,DET,MIN,0,35,37,1,26,20,0
2020,2021-01-03,HOU,TEN,0,38,41,1,30,10,0
2020,2021-01-03,IND,JAX,3,28,14,1,9,32,0
2020,2021-01-03,KC,LAC,0,21,38,1,1,19,1
2020,2021-01-03,LAR,ARI,3,18,7,1,12,14,0
2020,2021-01-03,NE,NYJ,3,28,14,1,18,31,0
2020,2021-01-03,NYG,DAL,3,23,19,1,22,23,0
2020,2021-01-03,PHI,WAS,0,14,20,1,27,17,0
2020,2021-01-03,SF,SEA,0,23,26,1,21,6,0
2020,2021-01-03,TB,ATL,3,44,27,1,8,29,0
2021,2021-09-09,TB,DAL,3,31,29,1,1,3,0
2021,2021-09-12,ATL,PHI,0,6,32,1,25,15,0
2021,2021-09-12,BUF,PIT,0,16,23,1,7,13,1
2021,2021-09-12,CAR,NYJ,3,19,14,1,27,30,0
2021,2021-09-12,CIN,MIN,3,27,24,1,10,19,0
2021,2021-09-12,DET,SF,0,33,41,1,31,11,0
2021,2021-09-12,HOU,JAX,3,37,21,1,29,32,0
2021,2021-09-12,IND,SEA,0,16,28,1,14,22,1
2021,2021-09-12,KC,CLE,3,33,29,1,4,21,0
2021,2021-09-12,LAR,CHI,3,34,14,1,5,26,0
2021,2021-09-12,NE,MIA,0,16,17,1,9,18,1
2021,2021-09-12,NO,GB,3,38,3,1,16,2,1
2021,2021-09-12,NYG,DEN,0,13,27,1,28,23,0
2021,2021-09-12,TEN,ARI,0,13,38,1,6,8,1
2021,2021-09-12,WAS,LAC,0,16,20,1,24,17,0
2021,2021-09-13,LV,BAL,3,33,27,1,12,20,0
2021,2021-09-16,WAS,NYG,3,30,29,1,24,28,0
2021,2021-09-19,ARI,MIN,3,34,33,1,8,19,0
2021,2021-09-19,BAL,KC,3,36,35,1,20,4,1
2021,2021-09-19,CAR,NO,3,26,7,1,27,16,1
2021,2021-09-19,CHI,CIN,3,20,17,1,26,10,1
2021,2021-09-19,CLE,HOU,3,31,21,1,21,29,0
2021,2021-09-19,IND,LAR,0,24,27,1,14,5,0
2021,2021-09-19,JAX,DEN,0,13,23,1,32,23,0
2021,2021-09-19,LAC,DAL,0,17,20,1,17,3,0
2021,2021-09-19,MIA,BUF,0,0,35,1,18,7,0
2021,2021-09-19,NYJ,NE,0,6,25,1,30,9,0
2021,2021-09-19,PHI,SF,0,11,17,1,15,11,0
2021,2021-09-19,PIT,LV,0,17,26,1,13,12,0
2021,2021-09-19,SEA,TEN,0,30,33,1,22,6,0
2021,2021-09-19,TB,ATL,3,48,25,1,1,25,0
2021,2021-09-20,GB,DET,3,35,17,1,2,31,0
2021,2021-09-23,HOU,CAR,0,9,24,1,29,27,0
2021,2021-09-26,BUF,WAS,3,43,21,1,7,24,0
2021,2021-09-26,CLE,CHI,3,26,6,1,21,26,0
2021,2021-09-26,DEN,NYJ,3,26,0,1,23,30,0
2021,2021-09-26,DET,BAL,0,17,19,1,31,20,0
2021,2021-09-26,JAX,ARI,0,19,31,1,32,8,0
2021,2021-09-26,KC,LAC,0,24,30,1,4,17,1
2021,2021-09-26,LAR,TB,3,34,24,1,5,1,1
2021,2021-09-26,LV,MIA,3,31,28,1,12,18,0
2021,2021-09-26,MIN,SEA,3,30,17,1,19,22,0
2021,2021-09-26,NE,NO,0,13,28,1,9,16,1
2021,2021-09-26,NYG,ATL,0,14,17,1,28,25,0
2021,2021-09-26,PIT,CIN,0,10,24,1,13,10,0
2021,2021-09-26,SF,GB,0,28,30,1,11,2,0
2021,2021-09-26,TEN,IND,3,25,16,1,6,14,0
2021,2021-09-27,DAL,PHI,3,41,21,1,3,15,0
2021,2021-09-30,CIN,JAX,3,24,21,1,10,32,0
2021,2021-10-03,ATL,WAS,0,30,34,1,25,24,0
2021,2021-10-03,BUF,HOU,3,40,0,1,7,29,0
2021,2021-10-03,CHI,DET,3,24,14,1,26,31,0
2021,2021-10-03,DAL,CAR,3,36,28,1,3,27,0
2021,2021-10-03,DEN,BAL,0,7,23,1,23,20,0
2021,2021-10-03,GB,PIT,3,27,17,1,2,13,0
2021,2021-10-03,LAR,ARI,0,20,37,1,5,8,1
2021,2021-10-03,MIA,IND,0,17,27,1,18,14,0
2021,2021-10-03,MIN,CLE,0,7,14,1,19,21,1
2021,2021-10-03,NE,TB,0,17,19,1,9,1,0
2021,2021-10-03,NO,NYG,0,21,27,1,16,28,1
2021,2021-10-03,NYJ,TEN,3,27,24,1,30,6,1
2021,2021-10-03,PHI,KC,0,30,42,1,15,4,0
2021,2021-10-03,SF,SEA,0,21,28,1,11,22,1
2021,2021-10-04,LAC,LV,3,28,14,1,17,12,1
2021,2021-10-07,SEA,LAR,0,17,26,1,22,5,0
2021,2021-10-10,ARI,SF,3,17,10,1,8,11,0
2021,2021-10-10,ATL,NYJ,3,27,20,1,25,30,0
2021,2021-10-10,CAR,PHI,0,18,21,1,27,15,0
2021,2021-10-10,CIN,GB,0,22,25,1,10,2,0
2021,2021-10-10,DAL,NYG,3,44,20,1,3,28,0
2021,2021-10-10,HOU,NE,0,22,25,1,29,9,0
2021,2021-10-10,JAX,TEN,0,19,37,1,32,6,0
2021,2021-10-10,KC,BUF,0,20,38,1,4,7,1
2021,2021-10-10,LAC,CLE,3,47,42,1,17,21,0
2021,2021-10-10,LV,CHI,0,9,20,1,12,26,1
2021,2021-10-10,MIN,DET,3,19,17,1,19,31,0
2021,2021-10-10,PIT,DEN,3,27,19,1,13,23,0
2021,2021-10-10,TB,MIA,3,45,17,1,1,18,0
2021,2021-10-10,WAS,NO,0,22,33,1,24,16,0
2021,2021-10-11,BAL,IND,3,31,25,1,20,14,1
2021,2021-10-14,PHI,TB,0,22,28,1,15,1,0
2021,2021-10-17,BAL,LAC,3,34,6,1,20,17,1
2021,2021-10-17,CAR,MIN,0,28,34,1,27,19,0
2021,2021-10-17,CHI,GB,0,14,24,1,26,2,0
2021,2021-10-17,CLE,ARI,0,14,37,1,21,8,0
2021,2021-10-17,DEN,LV,0,24,34,1,23,12,0
2021,2021-10-17,DET,CIN,0,11,34,1,31,10,0
2021,2021-10-17,IND,HOU,3,31,3,1,14,29,0
2021,2021-10-17,JAX,MIA,3,23,20,1,32,18,1
2021,2021-10-17,NE,DAL,0,29,35,1,9,3,0
2021,2021-10-17,NYG,LAR,0,11,38,1,28,5,0
2021,2021-10-17,PIT,SEA,3,23,20,1,13,22,0
2021,2021-10-17,WAS,KC,0,13,31,1,24,4,0
2021,2021-10-18,TEN,BUF,3,34,31,1,6,7,0
2021,2021-10-21,CLE,DEN,3,17,14,1,21,23,0
2021,2021-10-24,ARI,HOU,3,31,5,1,8,29,0
2021,2021-10-24,BAL,CIN,0,17,41,1,20,10,0
2021,2021-10-24,GB,WAS,3,24,10,1,2,24,0
2021,2021-10-24,LAR,DET,3,28,19,1,5,31,0
2021,2021-10-24,LV,PHI,3,33,22,1,12,15,0
2021,2021-10-24,MIA,ATL,0,28,30,1,18,25,1
2021,2021-10-24,NE,NYJ,3,54,13,1,9,30,0
2021,2021-10-24,NYG,CAR,3,25,3,1,28,27,1
2021,2021-10-24,SF,IND,0,18,30,1,11,14,1
2021,2021-10-24,TB,CHI,3,38,3,1,1,26,0
2021,2021-10-24,TEN,KC,3,27,3,1,6,4,1
2021,2021-10-25,SEA,NO,0,10,13,1,22,16,0
2021,2021-10-28,ARI,GB,0,21,24,1,8,2,0
2021,2021-10-31,ATL,CAR,0,13,19,1,25,27,1
2021,2021-10-31,BUF,MIA,3,26,11,1,7,18,0
2021,2021-10-31,CHI,SF,0,22,33,1,26,11,0
2021,2021-10-31,CLE,PIT,0,10,15,1,21,13,0
2021,2021-10-31,DEN,WAS,3,17,10,1,23,24,0
2021,2021-10-31,DET,PHI,0,6,44,1,31,15,0
2021,2021-10-31,HOU,LAR,0,22,38,1,29,5,0
2021,2021-10-31,IND,TEN,0,31,34,1,14,6,0
2021,2021-10-31,LAC,NE,0,24,27,1,17,9,0
2021,2021-10-31,MIN,DAL,0,16,20,1,19,3,0
2021,2021-10-31,NO,TB,3,36,27,1,16,1,1
2021,2021-10-31,NYJ,CIN,3,34,31,1,30,10,1
2021,2021-10-31,SEA,JAX,3,31,7,1,22,32,0
2021,2021-11-01,KC,NYG,3,20,17,1,4,28,0
2021,2021-11-04,IND,NYJ,3,45,30,1,14,30,0
2021,2021-11-07,BAL,MIN,3,34,31,1,20,19,1
2021,2021-11-07,CAR,NE,0,6,24,1,27,9,0
2021,2021-11-07,CIN,CLE,0,16,41,1,10,21,1
2021,2021-11-07,DAL,DEN,0,16,30,1,3,23,1
2021,2021-11-07,JAX,BUF,3,9,6,1,32,7,1
2021,2021-11-07,KC,GB,3,13,7,1,4,2,1
2021,2021-11-07,LAR,TEN,0,16,28,1,5,6,1
2021,2021-11-07,MIA,HOU,3,17,9,1,18,29,0
2021,2021-11-07,NO,ATL,0,25,27,1,16,25,1
2021,2021-11-07,NYG,LV,3,23,16,1,28,12,1
2021,2021-11-07,PHI,LAC,0,24,27,1,15,17,1
2021,2021-11-07,SF,ARI,0,17,31,1,11,8,0
2021,2021-11-08,PIT,CHI,3,29,27,1,13,26,0
2021,2021-11-11,MIA,BAL,3,22,10,1,18,20,0
2021,2021-11-14,ARI,CAR,0,10,34,1,8,27,1
2021,2021-11-14,DAL,ATL,3,43,3,1,3,25,0
2021,2021-11-14,DEN,PHI,0,13,30,1,23,15,0
2021,2021-11-14,GB,SEA,3,17,0,1,2,22,0
2021,2021-11-14,IND,JAX,3,23,17,1,14,32,0
2021,2021-11-14,LAC,MIN,0,20,27,1,17,19,1
2021,2021-11-14,LV,KC,0,14,41,1,12,4,0
2021,2021-11-14,NE,CLE,3,45,7,1,9,21,0
2021,2021-11-14,NYJ,BUF,0,17,45,1,30,7,0
2021,2021-11-14,PIT,DET,1,16,16,1,13,31,0
2021,2021-11-14,TEN,NO,3,23,21,1,6,16,0
2021,2021-11-14,WAS,TB,3,29,19,1,24,1,1
2021,2021-11-15,SF,LAR,3,31,10,1,11,5,1
2021,2021-11-18,ATL,NE,0,0,25,1,25,9,0
2021,2021-11-21,BUF,IND,0,15,41,1,7,14,1
2021,2021-11-21,CAR,WAS,0,21,27,1,27,24,0
2021,2021-11-21,CHI,BAL,0,13,16,1,26,20,0
2021,2021-11-21,CLE,DET,3,13,10,1,21,31,0
2021,2021-11-21,JAX,SF,0,10,30,1,32,11,0
2021,2021-11-21,KC,DAL,3,19,9,1,4,3,1
2021,2021-11-21,LAC,PIT,3,41,37,1,17,13,1
2021,2021-11-21,LV,CIN,0,13,32,1,12,10,0
2021,2021-11-21,MIN,GB,3,34,31,1,19,2,1
2021,2021-11-21,NYJ,MIA,0,17,24,1,30,18,0
2021,2021-11-21,PHI,NO,3,40,29,1,15,16,0
2021,2021-11-21,SEA,ARI,0,13,23,1,22,8,0
2021,2021-11-21,TEN,HOU,0,13,22,1,6,29,1
2021,2021-11-22,TB,NYG,3,30,10,1,1,28,0
2021,2021-11-25,DAL,LV,0,33,36,1,3,12,1
2021,2021-11-25,DET,CHI,0,14,16,1,31,26,0
2021,2021-11-25,NO,BUF,0,6,31,1,16,7,0
2021,2021-11-28,BAL,CLE,3,16,10,1,20,21,0
2021,2021-11-28,CIN,PIT,3,41,10,1,10,13,0
2021,2021-11-28,DEN,LAC,3,28,13,1,23,17,1
2021,2021-11-28,GB,LAR,3,36,28,1,2,5,0
2021,2021-11-28,HOU,NYJ,0,14,21,1,29,30,1
2021,2021-11-28,IND,TB,0,31,38,1,14,1,0
2021,2021-11-28,JAX,ATL,0,14,21,1,32,25,0
2021,2021-11-28,MIA,CAR,3,33,10,1,18,27,0
2021,2021-11-28,NE,TEN,3,36,13,1,9,6,1
2021,2021-11-28,NYG,PHI,3,13,7,1,28,15,1
2021,2021-11-28,SF,MIN,3,34,26,1,11,19,0
2021,2021-11-29,WAS,SEA,3,17,15,1,24,22,1
2021,2021-12-02,NO,DAL,0,17,27,1,16,3,0
2021,2021-12-05,ATL,TB,0,17,30,1,25,1,0
2021,2021-12-05,CHI,ARI,0,22,33,1,26,8,0
2021,2021-12-05,CIN,LAC,0,22,41,1,10,17,1
2021,2021-12-05,DET,MIN,3,29,27,1,31,19,1
2021,2021-12-05,HOU,IND,0,0,31,1,29,14,0
2021,2021-12-05,KC,DEN,3,22,9,1,4,23,0
2021,2021-12-05,LAR,JAX,3,37,7,1,5,32,0
2021,2021-12-05,LV,WAS,0,15,17,1,12,24,1
2021,2021-12-05,MIA,NYG,3,20,9,1,18,28,0
2021,2021-12-05,NYJ,PHI,0,18,33,1,30,15,0
2021,2021-12-05,PIT,BAL,3,20,19,1,13,20,0
2021,2021-12-05,SEA,SF,3,30,23,1,22,11,1
2021,2021-12-06,BUF,NE,0,10,14,1,7,9,1
2021,2021-12-09,MIN,PIT,3,36,28,1,19,13,1
2021,2021-12-12,CAR,ATL,0,21,29,1,27,25,0
2021,2021-12-12,CIN,SF,0,23,26,1,10,11,1
2021,2021-12-12,CLE,BAL,3,24,22,1,21,20,1
2021,2021-12-12,DEN,DET,3,38,10,1,23,31,0
2021,2021-12-12,GB,CHI,3,45,30,1,2,26,0
2021,2021-12-12,HOU,SEA,0,13,33,1,29,22,0
2021,2021-12-12,KC,LV,3,48,9,1,4,12,0
2021,2021-12-12,LAC,NYG,3,37,21,1,17,28,0
2021,2021-12-12,NYJ,NO,0,9,30,1,30,16,0
2021,2021-12-12,TB,BUF,3,33,27,1,1,7,0
2021,2021-12-12,TEN,JAX,3,20,0,1,6,32,0
2021,2021-12-12,WAS,DAL,0,20,27,1,24,3,0
2021,2021-12-13,ARI,LAR,0,23,30,1,8,5,0
2021,2021-12-16,LAC,KC,0,28,34,1,17,4,0
2021,2021-12-18,IND,NE,3,27,17,1,14,9,1
2021,2021-12-19,BAL,GB,0,30,31,1,20,2,0
2021,2021-12-19,BUF,CAR,3,31,14,1,7,27,0
2021,2021-12-19,DEN,CIN,0,10,15,1,23,10,0
2021,2021-12-19,DET,ARI,3,30,12,1,31,8,1
2021,2021-12-19,JAX,HOU,0,16,30,1,32,29,0
2021,2021-12-19,MIA,NYJ,3,31,24,1,18,30,0
2021,2021-12-19,NYG,DAL,0,6,21,1,28,3,0
2021,2021-12-19,PIT,TEN,3,19,13,1,13,6,1
2021,2021-12-19,SF,ATL,3,31,13,1,11,25,0
2021,2021-12-19,TB,NO,0,0,9,1,1,16,1
2021,2021-12-20,CHI,MIN,0,9,17,1,26,19,0
2021,2021-12-20,CLE,LV,0,14,16,1,21,12,0
2021,2021-12-21,LAR,SEA,3,20,10,1,5,22,0
2021,2021-12-21,PHI,WAS,3,27,17,1,15,24,0
2021,2021-12-23,TEN,SF,3,20,17,1,6,11,0
2021,2021-12-25,ARI,IND,0,16,22,1,8,14,1
2021,2021-12-25,GB,CLE,3,24,22,1,2,21,0
2021,2021-12-26,ATL,DET,3,20,16,1,25,31,0
2021,2021-12-26,CAR,TB,0,6,32,1,27,1,0
2021,2021-12-26,CIN,BAL,3,41,21,1,10,20,0
2021,2021-12-26,DAL,WAS,3,56,14,1,3,24,0
2021,2021-12-26,HOU,LAC,3,41,29,1,29,17,1
2021,2021-12-26,KC,PIT,3,36,10,1,4,13,0
2021,2021-12-26,LV,DEN,3,17,13,1,12,23,0
2021,2021-12-26,MIN,LAR,0,23,30,1,19,5,0
2021,2021-12-26,NE,BUF,0,21,33,1,9,7,0
2021,2021-12-26,NYJ,JAX,3,26,21,1,30,32,0
2021,2021-12-26,PHI,NYG,3,34,10,1,15,28,0
2021,2021-12-26,SEA,CHI,0,24,25,1,22,26,1
2021,2021-12-27,NO,MIA,0,3,20,1,16,18,1
2021,2022-01-02,BAL,LAR,0,19,20,1,20,5,0
2021,2022-01-02,BUF,ATL,3,29,15,1,7,25,0
2021,2022-01-02,CHI,NYG,3,29,3,1,26,28,0
2021,2022-01-02,CIN,KC,3,34,31,1,10,4,1
2021,2022-01-02,DAL,ARI,0,22,25,1,3,8,1
2021,2022-01-02,GB,MIN,3,37,10,1,2,19,0
2021,2022-01-02,IND,LV,0,20,23,1,14,12,0
2021,2022-01-02,LAC,DEN,3,34,13,1,17,23,0
2021,2022-01-02,NE,JAX,3,50,10,1,9,32,0
2021,2022-01-02,NO,CAR,3,18,10,1,16,27,0
2021,2022-01-02,NYJ,TB,0,24,28,1,30,1,0
2021,2022-01-02,SEA,DET,3,51,29,1,22,31,0
2021,2022-01-02,SF,HOU,3,23,7,1,11,29,0
2021,2022-01-02,TEN,MIA,3,34,3,1,6,18,0
2021,2022-01-02,WAS,PHI,0,16,20,1,24,15,0
2021,2022-01-03,PIT,CLE,3,26,14,1,13,21,0
2021,2022-01-08,DEN,KC,0,24,28,1,23,4,0
2021,2022-01-08,PHI,DAL,0,26,51,1,15,3,0
2021,2022-01-09,ARI,SEA,0,30,38,1,8,22,1
2021,2022-01-09,ATL,NO,0,20,30,1,25,16,0
2021,2022-01-09,BAL,PIT,0,13,16,1,20,13,0
2021,2022-01-09,BUF,NYJ,3,27,10,1,7,30,0
2021,2022-01-09,CLE,CIN,3,21,16,1,21,10,1
2021,2022-01-09,DET,GB,3,37,30,1,31,2,1
2021,2022-01-09,HOU,TEN,0,25,28,1,29,6,0
2021,2022-01-09,JAX,IND,3,26,11,1,32,14,1
2021,2022-01-09,LAR,SF,0,24,27,1,5,11,1
2021,2022-01-09,LV,LAC,3,35,32,1,12,17,0
2021,2022-01-09,MIA,NE,3,33,24,1,18,9,1
2021,2022-01-09,MIN,CHI,3,31,17,1,19,26,0
2021,2022-01-09,NYG,WAS,0,7,22,1,28,24,0
2021,2022-01-09,TB,CAR,3,41,17,1,1,27,0
2022,2022-09-08,LAR,BUF,0,10,31,1,28,3,0
2022,2022-09-11,ARI,KC,0,21,44,1,30,2,0
2022,2022-09-11,ATL,NO,0,26,27,1,23,20,0
2022,2022-09-11,CAR,CLE,0,24,26,1,24,21,0
2022,2022-09-11,CHI,SF,3,19,10,1,32,4,1
2022,2022-09-11,CIN,PIT,0,20,23,1,6,15,1
2022,2022-09-11,DAL,TB,0,3,19,1,7,19,1
2022,2022-09-11,DET,PHI,0,35,38,1,12,1,0
2022,2022-09-11,HOU,IND,1,20,20,1,31,29,0
2022,2022-09-11,LAC,LV,3,24,19,1,9,26,0
2022,2022-09-11,MIA,NE,3,20,7,1,14,17,0
2022,2022-09-11,MIN,GB,3,23,7,1,5,18,0
2022,2022-09-11,NYJ,BAL,0,9,24,1,22,8,0
2022,2022-09-11,TEN,NYG,0,20,21,1,25,10,0
2022,2022-09-11,WAS,JAX,3,28,22,1,16,11,1
2022,2022-09-12,SEA,DEN,3,17,16,1,13,27,0
2022,2022-09-15,KC,LAC,3,27,24,1,2,9,0
2022,2022-09-18,BAL,MIA,0,38,42,1,8,14,1
2022,2022-09-18,CLE,NYJ,0,30,31,1,21,22,1
2022,2022-09-18,DAL,CIN,3,20,17,1,7,6,1
2022,2022-09-18,DEN,HOU,3,16,9,1,27,31,0
2022,2022-09-18,DET,WAS,3,36,27,1,12,16,0
2022,2022-09-18,GB,CHI,3,27,10,1,18,32,0
2022,2022-09-18,JAX,IND,3,24,0,1,11,29,0
2022,2022-09-18,LAR,ATL,3,31,27,1,28,23,1
2022,2022-09-18,LV,ARI,0,23,29,1,26,30,1
2022,2022-09-18,NO,TB,0,10,20,1,20,19,0
2022,2022-09-18,NYG,CAR,3,19,16,1,10,24,0
2022,2022-09-18,PIT,NE,0,14,17,1,15,17,1
2022,2022-09-18,SF,SEA,3,27,7,1,4,13,0
2022,2022-09-19,BUF,TEN,3,41,7,1,3,25,0
2022,2022-09-19,PHI,MIN,3,24,7,1,1,5,0
2022,2022-09-22,CLE,PIT,3,29,17,1,21,15,1
2022,2022-09-25,ARI,LAR,0,12,20,1,30,28,0
2022,2022-09-25,CAR,NO,3,22,14,1,24,20,1
2022,2022-09-25,CHI,HOU,3,23,20,1,32,31,1
2022,2022-09-25,DEN,SF,3,11,10,1,27,4,1
2022,2022-09-25,IND,KC,3,20,17,1,29,2,1
2022,2022-09-25,LAC,JAX,0,10,38,1,9,11,1
2022,2022-09-25,MIA,BUF,3,21,19,1,14,3,1
2022,2022-09-25,MIN,DET,3,28,24,1,5,12,0
2022,2022-09-25,NE,BAL,0,26,37,1,17,8,0
2022,2022-09-25,NYJ,CIN,0,12,27,1,22,6,0
2022,2022-09-25,SEA,ATL,0,23,27,1,13,23,1
2022,2022-09-25,TB,GB,0,12,14,1,19,18,0
2022,2022-09-25,TEN,LV,3,24,22,1,25,26,0
2022,2022-09-25,WAS,PHI,0,8,24,1,16,1,0
2022,2022-09-26,NYG,DAL,0,16,23,1,10,7,0
2022,2022-09-29,CIN,MIA,3,27,15,1,6,14,0
2022,2022-10-02,ATL,CLE,3,23,20,1,23,21,1
2022,2022-10-02,BAL,BUF,0,20,23,1,8,3,0
2022,2022-10-02,CAR,ARI,0,16,26,1,24,30,1
2022,2022-10-02,DAL,WAS,3,25,10,1,7,16,0
2022,2022-10-02,DET,SEA,0,45,48,1,12,13,1
2022,2022-10-02,GB,NE,3,27,24,1,18,17,1
2022,2022-10-02,HOU,LAC,0,24,34,1,31,9,0
2022,2022-10-02,IND,TEN,0,17,24,1,29,25,0
2022,2022-10-02,LV,DEN,3,32,23,1,26,27,0
2022,2022-10-02,NO,MIN,0,25,28,1,20,5,0
2022,2022-10-02,NYG,CHI,3,20,12,1,10,32,0
2022,2022-10-02,PHI,JAX,3,29,21,1,1,11,0
2022,2022-10-02,PIT,NYJ,0,20,24,1,15,22,1
2022,2022-10-02,TB,KC,0,31,41,1,19,2,0
2022,2022-10-03,SF,LAR,3,24,9,1,4,28,0
2022,2022-10-06,DEN,IND,0,9,12,1,27,29,1
2022,2022-10-09,ARI,PHI,0,17,20,1,30,1,0
2022,2022-10-09,BAL,CIN,3,19,17,1,8,6,1
2022,2022-10-09,BUF,PIT,3,38,3,1,3,15,0
2022,2022-10-09,CAR,SF,0,15,37,1,24,4,0
2022,2022-10-09,CLE,LAC,0,28,30,1,21,9,0
2022,2022-10-09,GB,NYG,0,22,27,1,18,10,0
2022,2022-10-09,JAX,HOU,0,6,13,1,11,31,1
2022,2022-10-09,LAR,DAL,0,10,22,1,28,7,0
2022,2022-10-09,MIN,CHI,3,29,22,1,5,32,0
2022,2022-10-09,NE,DET,3,29,0,1,17,12,1
2022,2022-10-09,NO,SEA,3,39,32,1,20,13,1
2022,2022-10-09,NYJ,MIA,3,40,17,1,22,14,1
2022,2022-10-09,TB,ATL,3,21,15,1,19,23,0
2022,2022-10-09,WAS,TEN,0,17,21,1,16,25,1
2022,2022-10-10,KC,LV,3,30,29,1,2,26,0
2022,2022-10-13,CHI,WAS,0,7,12,1,32,16,0
2022,2022-10-16,ATL,SF,3,28,14,1,23,4,1
2022,2022-10-16,CLE,NE,0,15,38,1,21,17,0
2022,2022-10-16,GB,NYJ,0,10,27,1,18,22,1
2022,2022-10-16,IND,JAX,3,34,27,1,29,11,1
2022,2022-10-16,KC,BUF,0,20,24,1,2,3,1
2022,2022-10-16,LAR,CAR,3,24,10,1,28,24,1
2022,2022-10-16,MIA,MIN,0,16,24,1,14,5,0
2022,2022-10-16,NO,CIN,0,26,30,1,20,6,0
2022,2022-10-16,NYG,BAL,3,24,20,1,10,8,1
2022,2022-10-16,PHI,DAL,3,26,17,1,1,7,0
2022,2022-10-16,PIT,TB,3,20,18,1,15,19,0
2022,2022-10-16,SEA,ARI,3,19,9,1,13,30,0
2022,2022-10-17,LAC,DEN,3,19,16,1,9,27,0
2022,2022-10-20,ARI,NO,3,42,34,1,30,20,1
2022,2022-10-23,BAL,CLE,3,23,20,1,8,21,0
2022,2022-10-23,CAR,TB,3,21,3,1,24,19,1
2022,2022-10-23,CIN,ATL,3,35,17,1,6,23,0
2022,2022-10-23,DAL,DET,3,24,6,1,7,12,0
2022,2022-10-23,DEN,NYJ,0,9,16,1,27,22,0
2022,2022-10-23,JAX,NYG,0,17,23,1,11,10,0
2022,2022-10-23,LAC,SEA,0,23,37,1,9,13,1
2022,2022-10-23,LV,HOU,3,38,20,1,26,31,0
2022,2022-10-23,MIA,PIT,3,16,10,1,14,15,0
2022,2022-10-23,SF,KC,0,23,44,1,4,2,0
2022,2022-10-23,TEN,IND,3,19,10,1,25,29,0
2022,2022-10-23,WAS,GB,3,23,21,1,16,18,0
2022,2022-10-24,NE,CHI,0,14,33,1,17,32,1
2022,2022-10-27,TB,BAL,0,22,27,1,19,8,0
2022,2022-10-30,ATL,CAR,3,37,34,1,23,24,0
2022,2022-10-30,BUF,GB,3,27,17,1,3,18,0
2022,2022-10-30,DAL,CHI,3,49,29,1,7,32,0
2022,2022-10-30,DET,MIA,0,27,31,1,12,14,1
2022,2022-10-30,HOU,TEN,0,10,17,1,31,25,0
2022,2022-10-30,IND,WAS,0,16,17,1,29,16,0
2022,2022-10-30,JAX,DEN,0,17,21,1,11,27,1
2022,2022-10-30,LAR,SF,0,14,31,1,28,4,0
2022,2022-10-30,MIN,ARI,3,34,26,1,5,30,0
2022,2022-10-30,NO,LV,3,24,0,1,20,26,0
2022,2022-10-30,NYJ,NE,0,17,22,1,22,17,0
2022,2022-10-30,PHI,PIT,3,35,13,1,1,15,0
2022,2022-10-30,SEA,NYG,3,27,13,1,13,10,1
2022,2022-10-31,CLE,CIN,3,32,13,1,21,6,1
2022,2022-11-03,HOU,PHI,0,17,29,1,31,1,0
2022,2022-11-06,ARI,SEA,0,21,31,1,30,13,0
2022,2022-11-06,ATL,LAC,0,17,20,1,23,9,0
2022,2022-11-06,CHI,MIA,0,32,35,1,32,14,0
2022,2022-11-06,CIN,CAR,3,42,21,1,6,24,0
2022,2022-11-06,DET,GB,3,15,9,1,12,18,0
2022,2022-11-06,JAX,LV,3,27,20,1,11,26,0
2022,2022-11-06,KC,TEN,3,20,17,1,2,25,0
2022,2022-11-06,NE,IND,3,26,3,1,17,29,0
2022,2022-11-06,NYJ,BUF,3,20,17,1,22,3,1
2022,2022-11-06,TB,LAR,3,16,13,1,19,28,0
2022,2022-11-06,WAS,MIN,0,17,20,1,16,5,0
2022,2022-11-07,NO,BAL,0,13,27,1,20,8,0
2022,2022-11-10,CAR,ATL,3,25,15,1,24,23,1
2022,2022-11-13,BUF,MIN,0,30,33,1,3,5,1
2022,2022-11-13,CHI,DET,0,30,31,1,32,12,0
2022,2022-11-13,GB,DAL,3,31,28,1,18,7,1
2022,2022-11-13,KC,JAX,3,27,17,1,2,11,0
2022,2022-11-13,LAR,ARI,0,17,27,1,28,30,1
2022,2022-11-13,LV,IND,0,20,25,1,26,29,1
2022,2022-11-13,MIA,CLE,3,39,17,1,14,21,0
2022,2022-11-13,NYG,HOU,3,24,16,1,10,31,0
2022,2022-11-13,PIT,NO,3,20,10,1,15,20,0
2022,2022-11-13,SF,LAC,3,22,16,1,4,9,0
2022,2022-11-13,TB,SEA,3,21,16,1,19,13,1
2022,2022-11-13,TEN,DEN,3,17,10,1,25,27,0
2022,2022-11-14,PHI,WAS,0,21,32,1,1,16,1
2022,2022-11-17,GB,TEN,0,17,27,1,18,25,1
2022,2022-11-20,ATL,CHI,3,27,24,1,23,32,0
2022,2022-11-20,BAL,CAR,3,13,3,1,8,24,0
2022,2022-11-20,BUF,CLE,3,31,23,1,3,21,0
2022,2022-11-20,DEN,LV,0,16,22,1,27,26,0
2022,2022-11-20,HOU,WAS,0,10,23,1,31,16,0
2022,2022-11-20,IND,PHI,0,16,17,1,29,1,0
2022,2022-11-20,LAC,KC,0,27,30,1,9,2,0
2022,2022-11-20,MIN,DAL,0,3,40,1,5,7,1
2022,2022-11-20,NE,NYJ,3,10,3,1,17,22,0
2022,2022-11-20,NO,LAR,3,27,20,1,20,28,0
2022,2022-11-20,NYG,DET,0,18,31,1,10,12,1
2022,2022-11-20,PIT,CIN,0,30,37,1,15,6,0
2022,2022-11-21,ARI,SF,0,10,38,1,30,4,0
2022,2022-11-24,DAL,NYG,3,28,20,1,7,10,0
2022,2022-11-24,DET,BUF,0,25,28,1,12,3,0
2022,2022-11-24,MIN,NE,3,33,26,1,5,17,0
2022,2022-11-27,ARI,LAC,0,24,25,1,30,9,0
2022,2022-11-27,CAR,DEN,3,23,10,1,24,27,0
2022,2022-11-27,CLE,TB,3,23,17,1,21,19,1
2022,2022-11-27,JAX,BAL,3,28,27,1,11,8,1
2022,2022-11-27,KC,LAR,3,26,10,1,2,28,0
2022,2022-11-27,MIA,HOU,3,30,15,1,14,31,0
2022,2022-11-27,NYJ,CHI,3,31,10,1,22,32,0
2022,2022-11-27,PHI,GB,3,40,33,1,1,18,0
2022,2022-11-27,SEA,LV,0,34,40,1,13,26,1
2022,2022-11-27,SF,NO,3,13,0,1,4,20,0
2022,2022-11-27,TEN,CIN,0,16,20,1,25,6,0
2022,2022-11-27,WAS,ATL,3,19,13,1,16,23,0
2022,2022-11-28,IND,PIT,0,17,24,1,29,15,0
2022,2022-12-01,NE,BUF,0,10,24,1,17,3,0
2022,2022-12-04,ATL,PIT,0,16,19,1,23,15,0
2022,2022-12-04,BAL,DEN,3,10,9,1,8,27,0
2022,2022-12-04,CHI,GB,0,19,28,1,32,18,0
2022,2022-12-04,CIN,KC,3,27,24,1,6,2,1
2022,2022-12-04,DAL,IND,3,54,19,1,7,29,0
2022,2022-12-04,DET,JAX,3,40,14,1,12,11,1
2022,2022-12-04,HOU,CLE,0,14,27,1,31,21,0
2022,2022-12-04,LAR,SEA,0,23,27,1,28,13,0
2022,2022-12-04,LV,LAC,3,27,20,1,26,9,1
2022,2022-12-04,MIN,NYJ,3,27,22,1,5,22,0
2022,2022-12-04,NYG,WAS,1,20,20,1,10,16,0
2022,2022-12-04,PHI,TEN,3,35,10,1,1,25,0
2022,2022-12-04,SF,MIA,3,33,17,1,4,14,0
2022,2022-12-05,TB,NO,3,17,16,1,19,20,0
2022,2022-12-08,LAR,LV,3,17,16,1,28,26,1
2022,2022-12-11,BUF,NYJ,3,20,12,1,3,22,0
2022,2022-12-11,CIN,CLE,3,23,10,1,6,21,0
2022,2022-12-11,DAL,HOU,3,27,23,1,7,31,0
2022,2022-12-11,DEN,KC,0,28,34,1,27,2,0
2022,2022-12-11,DET,MIN,3,34,23,1,12,5,1
2022,2022-12-11,LAC,MIA,3,23,17,1,9,14,0
2022,2022-12-11,NYG,PHI,0,22,48,1,10,1,0
2022,2022-12-11,PIT,BAL,0,14,16,1,15,8,0
2022,2022-12-11,SEA,CAR,0,24,30,1,13,24,1
2022,2022-12-11,SF,TB,3,35,7,1,4,19,0
2022,2022-12-11,TEN,JAX,0,22,36,1,25,11,0
2022,2022-12-12,ARI,NE,0,13,27,1,30,17,0
2022,2022-12-15,SEA,SF,0,13,21,1,13,4,0
2022,2022-12-17,BUF,MIA,3,32,29,1,3,14,0
2022,2022-12-17,CLE,BAL,3,13,3,1,21,8,1
2022,2022-12-17,MIN,IND,3,39,36,1,5,29,0
2022,2022-12-18,CAR,PIT,0,16,24,1,24,15,0
2022,2022-12-18,CHI,PHI,0,20,25,1,32,1,0
2022,2022-12-18,DEN,ARI,3,24,15,1,27,30,0
2022,2022-12-18,HOU,KC,0,24,30,1,31,2,0
2022,2022-12-18,JAX,DAL,3,40,34,1,11,7,1
2022,2022-12-18,LAC,TEN,3,17,14,1,9,25,0
2022,2022-12-18,LV,NE,3,30,24,1,26,17,1
2022,2022-12-18,NO,ATL,3,21,18,1,20,23,0
2022,2022-12-18,NYJ,DET,0,17,20,1,22,12,0
2022,2022-12-18,TB,CIN,0,23,34,1,19,6,0
2022,2022-12-18,WAS,NYG,0,12,20,1,16,10,0
2022,2022-12-19,GB,LAR,3,24,12,1,18,28,0
2022,2022-12-22,NYJ,JAX,0,3,19,1,22,11,0
2022,2022-12-24,BAL,ATL,3,17,9,1,8,23,0
2022,2022-12-24,CAR,DET,3,37,23,1,24,12,1
2022,2022-12-24,CHI,BUF,0,13,35,1,32,3,0
2022,2022-12-24,CLE,NO,0,10,17,1,21,20,0
2022,2022-12-24,DAL,PHI,3,40,34,1,7,1,1
2022,2022-12-24,KC,SEA,3,24,10,1,2,13,0
2022,2022-12-24,MIN,NYG,3,27,24,1,5,10,0
2022,2022-12-24,NE,CIN,0,18,22,1,17,6,0
2022,2022-12-24,PIT,LV,3,13,10,1,15,26,0
2022,2022-12-24,SF,WAS,3,37,20,1,4,16,0
2022,2022-12-24,TEN,HOU,0,14,19,1,25,31,1
2022,2022-12-25,ARI,TB,0,16,19,1,30,19,0
2022,2022-12-25,LAR,DEN,3,51,14,1,28,27,1
2022,2022-12-25,MIA,GB,0,20,26,1,14,18,1
2022,2022-12-26,IND,LAC,0,3,20,1,29,9,0
2022,2022-12-29,TEN,DAL,0,13,27,1,25,7,0
2022,2023-01-01,ATL,ARI,3,20,19,1,23,30,0
2022,2023-01-01,BAL,PIT,0,13,16,1,8,15,1
2022,2023-01-01,DET,CHI,3,41,10,1,12,32,0
2022,2023-01-01,GB,MIN,3,41,17,1,18,5,1
2022,2023-01-01,HOU,JAX,0,3,31,1,31,11,0
2022,2023-01-01,KC,DEN,3,27,24,1,2,27,0
2022,2023-01-01,LAC,LAR,3,31,10,1,9,28,0
2022,2023-01-01,LV,SF,0,34,37,1,26,4,0
2022,2023-01-01,NE,MIA,3,23,21,1,17,14,1
2022,2023-01-01,NYG,IND,3,38,10,1,10,29,0
2022,2023-01-01,PHI,NO,0,10,20,1,1,20,1
2022,2023-01-01,SEA,NYJ,3,23,6,1,13,22,0
2022,2023-01-01,TB,CAR,3,30,24,1,19,24,0
2022,2023-01-01,WAS,CLE,0,10,24,1,16,21,1
2022,2023-01-07,JAX,TEN,3,20,16,1,11,25,0
2022,2023-01-07,LV,KC,0,13,31,1,26,2,0
2022,2023-01-08,ATL,TB,3,30,17,1,23,19,1
2022,2023-01-08,BUF,NE,3,35,23,1,3,17,0
2022,2023-01-08,CHI,MIN,0,13,29,1,32,5,0
2022,2023-01-08,CIN,BAL,3,27,16,1,6,8,0
2022,2023-01-08,DEN,LAC,3,31,28,1,27,9,1
2022,2023-01-08,GB,DET,0,16,20,1,18,12,0
2022,2023-01-08,IND,HOU,0,31,32,1,29,31,1
2022,2023-01-08,MIA,NYJ,3,11,6,1,14,22,0
2022,2023-01-08,NO,CAR,0,7,10,1,20,24,1
2022,2023-01-08,PHI,NYG,3,22,16,1,1,10,0
2022,2023-01-08,PIT,CLE,3,28,14,1,15,21,0
2022,2023-01-08,SEA,LAR,3,19,16,1,13,28,0
2022,2023-01-08,SF,ARI,3,38,13,1,4,30,0
2022,2023-01-08,WAS,DAL,3,26,6,1,16,7,1
2023,2023-09-07,KC,DET,0,20,21,1,7,4,0
2023,2023-09-10,ATL,CAR,3,24,10,1,24,32,0
2023,2023-09-10,BAL,HOU,3,25,9,1,1,11,0
2023,2023-09-10,CHI,GB,0,20,38,1,23,14,0
2023,2023-09-10,CLE,CIN,3,24,3,1,8,17,0
2023,2023-09-10,DEN,LV,0,16,17,1,21,20,0
2023,2023-09-10,IND,JAX,0,21,31,1,18,16,0
2023,2023-09-10,LAC,MIA,0,34,36,1,28,6,0
2023,2023-09-10,MIN,TB,0,17,20,1,22,15,0
2023,2023-09-10,NE,PHI,0,20,25,1,30,9,0
2023,2023-09-10,NO,TEN,3,16,15,1,13,26,0
2023,2023-09-10,NYG,DAL,0,0,40,1,27,2,0
2023,2023-09-10,PIT,SF,0,7,30,1,12,3,0
2023,2023-09-10,SEA,LAR,0,13,30,1,19,10,0
2023,2023-09-10,WAS,ARI,3,20,16,1,31,29,1
2023,2023-09-11,NYJ,BUF,3,22,16,1,25,5,1
2023,2023-09-14,PHI,MIN,3,34,28,1,9,22,0
2023,2023-09-17,ARI,NYG,0,28,31,1,29,27,0
2023,2023-09-17,ATL,GB,3,25,24,1,24,14,1
2023,2023-09-17,BUF,LV,3,38,10,1,5,20,0
2023,2023-09-17,CIN,BAL,0,24,27,1,17,1,0
2023,2023-09-17,DAL,NYJ,3,30,10,1,2,25,0
2023,2023-09-17,DEN,WAS,0,33,35,1,21,31,1
2023,2023-09-17,DET,SEA,0,31,37,1,4,19,1
2023,2023-09-17,HOU,IND,0,20,31,1,11,18,1
2023,2023-09-17,JAX,KC,0,9,17,1,16,7,0
2023,2023-09-17,LAR,SF,0,23,30,1,10,3,0
2023,2023-09-17,NE,MIA,0,17,24,1,30,6,0
2023,2023-09-17,TB,CHI,3,27,17,1,15,23,0
2023,2023-09-17,TEN,LAC,3,27,24,1,26,28,0
2023,2023-09-18,CAR,NO,0,17,20,1,32,13,0
2023,2023-09-18,PIT,CLE,3,26,22,1,12,8,1
2023,2023-09-21,SF,NYG,3,30,12,1,3,27,0
2023,2023-09-24,ARI,DAL,3,28,16,1,29,2,1
2023,2023-09-24,BAL,IND,0,19,22,1,1,18,1
2023,2023-09-24,CLE,TEN,3,27,3,1,8,26,0
2023,2023-09-24,DET,ATL,3,20,6,1,4,24,0
2023,2023-09-24,GB,NO,3,18,17,1,14,13,1
2023,2023-09-24,JAX,HOU,0,17,37,1,16,11,0
2023,2023-09-24,KC,CHI,3,41,10,1,7,23,0
2023,2023-09-24,LV,PIT,0,18,23,1,20,12,0
2023,2023-09-24,MIA,DEN,3,70,20,1,6,21,0
2023,2023-09-24,MIN,LAC,0,24,28,1,22,28,1
2023,2023-09-24,NYJ,NE,0,10,15,1,25,30,1
2023,2023-09-24,SEA,CAR,3,37,27,1,19,32,0
2023,2023-09-24,WAS,BUF,0,3,37,1,31,5,0
2023,2023-09-25,CIN,LAR,3,19,16,1,17,10,1
2023,2023-09-25,TB,PHI,0,11,25,1,15,9,0
2023,2023-09-28,GB,DET,0,20,34,1,14,4,0
2023,2023-10-01,BUF,MIA,3,48,20,1,5,6,0
2023,2023-10-01,CAR,MIN,0,13,21,1,32,22,0
2023,2023-10-01,CHI,DEN,0,28,31,1,23,21,0
2023,2023-10-01,CLE,BAL,0,3,28,1,8,1,0
2023,2023-10-01,DAL,NE,3,38,3,1,2,30,0
2023,2023-10-01,HOU,PIT,3,30,6,1,11,12,0
2023,2023-10-01,IND,LAR,0,23,29,1,18,10,0
2023,2023-10-01,JAX,ATL,3,23,7,1,16,24,0
2023,2023-10-01,LAC,LV,3,24,17,1,28,20,1
2023,2023-10-01,NO,TB,0,9,26,1,13,15,1
2023,2023-10-01,NYJ,KC,0,20,23,1,25,7,0
2023,2023-10-01,PHI,WAS,3,34,31,1,9,31,0
2023,2023-10-01,SF,ARI,3,35,16,1,3,29,0
2023,2023-10-01,TEN,CIN,3,27,3,1,26,17,1
2023,2023-10-02,NYG,SEA,0,3,24,1,27,19,0
2023,2023-10-05,WAS,CHI,0,20,40,1,31,23,0
2023,2023-10-08,ARI,CIN,0,20,34,1,29,17,0
2023,2023-10-08,ATL,HOU,3,21,19,1,24,11,1
2023,2023-10-08,BUF,JAX,0,20,25,1,5,16,1
2023,2023-10-08,DEN,NYJ,0,21,31,1,21,25,1
2023,2023-10-08,DET,CAR,3,42,24,1,4,32,0
2023,2023-10-08,IND,TEN,3,23,16,1,18,26,0
2023,2023-10-08,LAR,PHI,0,14,23,1,10,9,0
2023,2023-10-08,MIA,NYG,3,31,16,1,6,27,0
2023,2023-10-08,MIN,KC,0,20,27,1,22,7,0
2023,2023-10-08,NE,NO,0,0,34,1,30,13,0
2023,2023-10-08,PIT,BAL,3,17,10,1,12,1,1
2023,2023-10-08,SF,DAL,3,42,10,1,3,2,1
2023,2023-10-09,LV,GB,3,17,13,1,20,14,1
2023,2023-10-12,KC,DEN,3,19,8,1,7,21,0
2023,2023-10-15,ATL,WAS,0,16,24,1,24,31,1
2023,2023-10-15,BUF,NYG,3,14,9,1,5,27,0
2023,2023-10-15,CHI,MIN,0,13,19,1,23,22,0
2023,2023-10-15,CIN,SEA,3,17,13,1,17,19,0
2023,2023-10-15,CLE,SF,3,19,17,1,8,3,1
2023,2023-10-15,HOU,NO,3,20,13,1,11,13,0
2023,2023-10-15,JAX,IND,3,37,20,1,16,18,0
2023,2023-10-15,LAR,ARI,3,26,9,1,10,29,0
2023,2023-10-15,LV,NE,3,21,17,1,20,30,0
2023,2023-10-15,MIA,CAR,3,42,21,1,6,32,0
2023,2023-10-15,NYJ,PHI,3,20,14,1,25,9,1
2023,2023-10-15,TB,DET,0,6,20,1,15,4,0
2023,2023-10-15,TEN,BAL,0,16,24,1,26,1,0
2023,2023-10-16,LAC,DAL,0,17,20,1,28,2,0
2023,2023-10-19,NO,JAX,0,24,31,1,13,16,1
2023,2023-10-22,BAL,DET,3,38,6,1,1,4,0
2023,2023-10-22,CHI,LV,3,30,12,1,23,20,1
2023,2023-10-22,DEN,GB,3,19,17,1,21,14,1
2023,2023-10-22,IND,CLE,0,38,39,1,18,8,0
2023,2023-10-22,KC,LAC,3,31,17,1,7,28,0
2023,2023-10-22,LAR,PIT,0,17,24,1,10,12,1
2023,2023-10-22,NE,BUF,3,29,25,1,30,5,1
2023,2023-10-22,NYG,WAS,3,14,7,1,27,31,0
2023,2023-10-22,PHI,MIA,3,31,17,1,9,6,1
2023,2023-10-22,SEA,ARI,3,20,10,1,19,29,0
2023,2023-10-22,TB,ATL,0,13,16,1,15,24,1
2023,2023-10-23,MIN,SF,3,22,17,1,22,3,1
2023,2023-10-26,BUF,TB,3,24,18,1,5,15,0
2023,2023-10-29,ARI,BAL,0,24,31,1,29,1,0
2023,2023-10-29,CAR,HOU,3,15,13,1,32,11,1
2023,2023-10-29,DAL,LAR,3,43,20,1,2,10,0
2023,2023-10-29,DEN,KC,3,24,9,1,21,7,1
2023,2023-10-29,GB,MIN,0,10,24,1,14,22,1
2023,2023-10-29,IND,NO,0,27,38,1,18,13,0
2023,2023-10-29,LAC,CHI,3,30,13,1,28,23,1
2023,2023-10-29,MIA,NE,3,31,17,1,6,30,0
2023,2023-10-29,NYG,NYJ,0,10,13,1,27,25,0
2023,2023-10-29,PIT,JAX,0,10,20,1,12,16,1
2023,2023-10-29,SEA,CLE,3,24,20,1,19,8,1
2023,2023-10-29,SF,CIN,0,17,31,1,3,17,1
2023,2023-10-29,TEN,ATL,3,28,23,1,26,24,1
2023,2023-10-29,WAS,PHI,0,31,38,1,31,9,0
2023,2023-10-30,DET,LV,3,26,14,1,4,20,0
2023,2023-11-02,PIT,TEN,3,20,16,1,12,26,0
2023,2023-11-05,ATL,MIN,0,28,31,1,24,22,0
2023,2023-11-05,BAL,SEA,3,37,3,1,1,19,0
2023,2023-11-05,CAR,IND,0,13,27,1,32,18,0
2023,2023-11-05,CIN,BUF,3,24,18,1,17,5,1
2023,2023-11-05,CLE,ARI,3,27,0,1,8,29,0
2023,2023-11-05,GB,LAR,3,20,3,1,14,10,1
2023,2023-11-05,HOU,TB,3,39,37,1,11,15,0
2023,2023-11-05,KC,MIA,3,21,14,1,7,6,1
2023,2023-11-05,LV,NYG,3,30,6,1,20,27,0
2023,2023-11-05,NE,WAS,0,17,20,1,30,31,1
2023,2023-11-05,NO,CHI,3,24,17,1,13,23,0
2023,2023-11-05,PHI,DAL,3,28,23,1,9,2,1
2023,2023-11-06,NYJ,LAC,0,6,27,1,25,28,1
2023,2023-11-09,CHI,CAR,3,16,13,1,23,32,0
2023,2023-11-12,ARI,ATL,3,25,23,1,29,24,1
2023,2023-11-12,BAL,CLE,0,31,33,1,1,8,1
2023,2023-11-12,CIN,HOU,0,27,30,1,17,11,0
2023,2023-11-12,DAL,NYG,3,49,17,1,2,27,0
2023,2023-11-12,JAX,SF,0,3,34,1,16,3,0
2023,2023-11-12,LAC,DET,0,38,41,1,28,4,0
2023,2023-11-12,LV,NYJ,3,16,12,1,20,25,0
2023,2023-11-12,MIN,NO,3,27,19,1,22,13,1
2023,2023-11-12,NE,IND,0,6,10,1,30,18,0
2023,2023-11-12,PIT,GB,3,23,19,1,12,14,0
2023,2023-11-12,SEA,WAS,3,29,26,1,19,31,0
2023,2023-11-12,TB,TEN,3,20,6,1,15,26,0
2023,2023-11-13,BUF,DEN,0,22,24,1,5,21,1
2023,2023-11-16,BAL,CIN,3,34,20,1,1,17,0
2023,2023-11-19,BUF,NYJ,3,32,6,1,5,25,0
2023,2023-11-19,CAR,DAL,0,10,33,1,32,2,0
2023,2023-11-19,CLE,PIT,3,13,10,1,8,12,0
2023,2023-11-19,DEN,MIN,3,21,20,1,21,22,0
2023,2023-11-19,DET,CHI,3,31,26,1,4,23,0
2023,2023-11-19,GB,LAC,3,23,20,1,14,28,0
2023,2023-11-19,HOU,ARI,3,21,16,1,11,29,0
2023,2023-11-19,JAX,TEN,3,34,14,1,16,26,0
2023,2023-11-19,LAR,SEA,3,17,16,1,10,19,0
2023,2023-11-19,MIA,LV,3,20,13,1,6,20,0
2023,2023-11-19,SF,TB,3,27,14,1,3,15,0
2023,2023-11-19,WAS,NYG,0,19,31,1,31,27,0
2023,2023-11-20,KC,PHI,0,17,21,1,7,9,1
2023,2023-11-23,DAL,WAS,3,45,10,1,2,31,0
2023,2023-11-23,DET,GB,0,22,29,1,4,14,1
2023,2023-11-23,SEA,SF,0,13,31,1,19,3,0
2023,2023-11-24,NYJ,MIA,0,13,34,1,25,6,0
2023,2023-11-26,ARI,LAR,0,14,37,1,29,10,0
2023,2023-11-26,ATL,NO,3,24,15,1,24,13,1
2023,2023-11-26,CIN,PIT,0,10,16,1,17,12,0
2023,2023-11-26,DEN,CLE,3,29,12,1,21,8,1
2023,2023-11-26,HOU,JAX,0,21,24,1,11,16,1
2023,2023-11-26,IND,TB,3,27,20,1,18,15,1
2023,2023-11-26,LAC,BAL,0,10,20,1,28,1,0
2023,2023-11-26,LV,KC,0,17,31,1,20,7,0
2023,2023-11-26,NYG,NE,3,10,7,1,27,30,0
2023,2023-11-26,PHI,BUF,3,37,34,1,9,5,1
2023,2023-11-26,TEN,CAR,3,17,10,1,26,32,0
2023,2023-11-27,MIN,CHI,0,10,12,1,22,23,1
2023,2023-11-30,DAL,SEA,3,41,35,1,2,19,0
2023,2023-12-03,GB,KC,3,27,19,1,14,7,1
2023,2023-12-03,HOU,DEN,3,22,17,1,11,21,0
2023,2023-12-03,LAR,CLE,3,36,19,1,10,8,1
2023,2023-12-03,NE,LAC,0,0,6,1,30,28,0
2023,2023-12-03,NO,DET,0,28,33,1,13,4,0
2023,2023-12-03,NYJ,ATL,0,8,13,1,25,24,0
2023,2023-12-03,PHI,SF,0,19,42,1,9,3,0
2023,2023-12-03,PIT,ARI,0,10,24,1,12,29,1
2023,2023-12-03,TB,CAR,3,14,10,1,15,32,0
2023,2023-12-03,TEN,IND,0,28,31,1,26,18,0
2023,2023-12-03,WAS,MIA,0,15,45,1,31,6,0
2023,2023-12-04,JAX,CIN,0,31,34,1,16,17,1
2023,2023-12-07,PIT,NE,0,18,21,1,12,30,1
2023,2023-12-10,ATL,TB,0,25,29,1,24,15,0
2023,2023-12-10,BAL,LAR,3,37,31,1,1,10,0
2023,2023-12-10,CHI,DET,3,28,13,1,23,4,1
2023,2023-12-10,CIN,IND,3,34,14,1,17,18,0
2023,2023-12-10,CLE,JAX,3,31,27,1,8,16,0
2023,2023-12-10,DAL,PHI,3,33,13,1,2,9,0
2023,2023-12-10,KC,BUF,0,17,20,1,7,5,0
2023,2023-12-10,LAC,DEN,0,7,24,1,28,21,0
2023,2023-12-10,LV,MIN,0,0,3,1,20,22,1
2023,2023-12-10,NO,CAR,3,28,6,1,13,32,0
2023,2023-12-10,NYJ,HOU,3,30,6,1,25,11,1
2023,2023-12-10,SF,SEA,3,28,16,1,3,19,0
2023,2023-12-11,MIA,TEN,0,27,28,1,6,26,1
2023,2023-12-11,NYG,GB,3,24,22,1,27,14,1
2023,2023-12-14,LV,LAC,3,63,21,1,20,28,0
2023,2023-12-16,CIN,MIN,3,27,24,1,17,22,0
2023,2023-12-16,DET,DEN,3,42,17,1,4,21,0
2023,2023-12-16,IND,PIT,3,30,13,1,18,12,1
2023,2023-12-17,ARI,SF,0,29,45,1,29,3,0
2023,2023-12-17,BUF,DAL,3,31,10,1,5,2,1
2023,2023-12-17,CAR,ATL,3,9,7,1,32,24,1
2023,2023-12-17,CLE,CHI,3,20,17,1,8,23,0
2023,2023-12-17,GB,TB,0,20,34,1,14,15,1
2023,2023-12-17,JAX,BAL,0,7,23,1,16,1,0
2023,2023-12-17,LAR,WAS,3,28,20,1,10,31,0
2023,2023-12-17,MIA,NYJ,3,30,0,1,6,25,0
2023,2023-12-17,NE,KC,0,17,27,1,30,7,0
2023,2023-12-17,NO,NYG,3,24,6,1,13,27,0
2023,2023-12-17,TEN,HOU,0,16,19,1,26,11,0
2023,2023-12-18,SEA,PHI,3,20,17,1,19,9,1
2023,2023-12-21,LAR,NO,3,30,22,1,10,13,0
2023,2023-12-23,LAC,BUF,0,22,24,1,28,5,0
2023,2023-12-23,PIT,CIN,3,34,11,1,12,17,0
2023,2023-12-24,ATL,IND,3,29,10,1,24,18,1
2023,2023-12-24,CAR,GB,0,30,33,1,32,14,0
2023,2023-12-24,CHI,ARI,3,27,16,1,23,29,0
2023,2023-12-24,DEN,NE,0,23,26,1,21,30,1
2023,2023-12-24,HOU,CLE,0,22,36,1,11,8,0
2023,2023-12-24,MIA,DAL,3,22,20,1,6,2,1
2023,2023-12-24,MIN,DET,0,24,30,1,22,4,0
2023,2023-12-24,NYJ,WAS,3,30,28,1,25,31,0
2023,2023-12-24,TB,JAX,3,30,12,1,15,16,0
2023,2023-12-24,TEN,SEA,0,17,20,1,26,19,0
2023,2023-12-25,KC,LV,0,14,20,1,7,20,1
2023,2023-12-25,PHI,NYG,3,33,25,1,9,27,0
2023,2023-12-25,SF,BAL,0,19,33,1,3,1,0
2023,2023-12-28,CLE,NYJ,3,37,20,1,8,25,0
2023,2023-12-30,DAL,DET,3,20,19,1,2,4,0
2023,2023-12-31,BAL,MIA,3,56,19,1,1,6,0
2023,2023-12-31,BUF,NE,3,27,21,1,5,30,0
2023,2023-12-31,CHI,ATL,3,37,17,1,23,24,0
2023,2023-12-31,DEN,LAC,3,16,9,1,21,28,0
2023,2023-12-31,HOU,TEN,3,26,3,1,11,26,0
2023,2023-12-31,IND,LV,3,23,20,1,18,20,0
2023,2023-12-31,JAX,CAR,3,26,0,1,16,32,0
2023,2023-12-31,KC,CIN,3,25,17,1,7,17,0
2023,2023-12-31,MIN,GB,0,10,33,1,22,14,0
2023,2023-12-31,NYG,LAR,0,25,26,1,27,10,0
2023,2023-12-31,PHI,ARI,0,31,35,1,9,29,1
2023,2023-12-31,SEA,PIT,0,23,30,1,19,12,0
2023,2023-12-31,TB,NO,0,13,23,1,15,13,0
2023,2023-12-31,WAS,SF,0,10,27,1,31,3,0
2023,2024-01-06,BAL,PIT,0,10,17,1,1,12,1
2023,2024-01-07,ARI,SEA,0,20,21,1,29,19,0
2023,2024-01-07,CAR,TB,0,0,9,1,32,15,0
2023,2024-01-07,CIN,CLE,3,31,14,1,17,8,1
2023,2024-01-07,DET,MIN,3,30,20,1,4,22,0
2023,2024-01-07,GB,CHI,3,17,9,1,14,23,0
2023,2024-01-07,IND,HOU,0,19,23,1,18,11,0
2023,2024-01-07,LAC,KC,0,12,13,1,28,7,0
2023,2024-01-07,LV,DEN,3,27,14,1,20,21,0
2023,2024-01-07,MIA,BUF,0,14,21,1,6,5,0
2023,2024-01-07,NE,NYJ,0,3,17,1,30,25,0
2023,2024-01-07,NO,ATL,3,48,17,1,13,24,0
2023,2024-01-07,NYG,PHI,3,27,10,1,27,9,1
2023,2024-01-07,SF,LAR,0,20,21,1,3,10,1
2023,2024-01-07,TEN,JAX,3,28,20,1,26,16,1
2023,2024-01-07,WAS,DAL,0,10,38,1,31,2,0
2024,2024-09-05,KC,BAL,3,27,20,1,2,6,0
2024,2024-09-06,PHI,GB,3,34,29,1,3,8,0
2024,2024-09-08,ATL,PIT,0,10,18,1,19,12,0
2024,2024-09-08,BUF,ARI,3,34,28,1,5,17,0
2024,2024-09-08,CHI,TEN,3,24,17,1,23,31,0
2024,2024-09-08,CIN,NE,0,10,16,1,16,29,1
2024,2024-09-08,CLE,DAL,0,17,33,1,32,21,0
2024,2024-09-08,DET,LAR,3,26,20,1,1,15,0
2024,2024-09-08,IND,HOU,0,27,29,1,20,14,0
2024,2024-09-08,LAC,LV,3,22,10,1,9,28,0
2024,2024-09-08,MIA,JAX,3,20,17,1,18,27,0
2024,2024-09-08,NO,CAR,3,47,10,1,24,26,0
2024,2024-09-08,NYG,MIN,0,6,28,1,30,4,0
2024,2024-09-08,SEA,DEN,3,26,20,1,13,11,1
2024,2024-09-08,TB,WAS,3,37,20,1,10,7,1
2024,2024-09-09,SF,NYJ,3,32,19,1,22,25,0
2024,2024-09-12,MIA,BUF,0,10,31,1,18,5,0
2024,2024-09-15,ARI,LAR,3,41,10,1,17,15,1
2024,2024-09-15,BAL,LV,0,23,26,1,6,28,1
2024,2024-09-15,CAR,LAC,0,3,26,1,26,9,0
2024,2024-09-15,DAL,NO,0,19,44,1,21,24,1
2024,2024-09-15,DEN,PIT,0,6,13,1,11,12,1
2024,2024-09-15,DET,TB,0,16,20,1,1,10,1
2024,2024-09-15,GB,IND,3,16,10,1,8,20,0
2024,2024-09-15,HOU,CHI,3,19,13,1,14,23,0
2024,2024-09-15,JAX,CLE,0,13,18,1,27,32,1
2024,2024-09-15,KC,CIN,3,26,25,1,2,16,0
2024,2024-09-15,MIN,SF,3,23,17,1,4,22,0
2024,2024-09-15,NE,SEA,0,20,23,1,29,13,0
2024,2024-09-15,TEN,NYJ,0,17,24,1,31,25,0
2024,2024-09-15,WAS,NYG,3,21,18,1,7,30,0
2024,2024-09-16,PHI,ATL,0,21,22,1,3,19,1
2024,2024-09-19,NYJ,NE,3,24,3,1,25,29,0
2024,2024-09-22,ARI,DET,0,13,20,1,17,1,0
2024,2024-09-22,ATL,KC,0,17,22,1,19,2,0
2024,2024-09-22,CLE,NYG,0,15,21,1,32,30,0
2024,2024-09-22,DAL,BAL,0,25,28,1,21,6,0
2024,2024-09-22,IND,CHI,3,21,16,1,20,23,0
2024,2024-09-22,LAR,SF,3,27,24,1,15,22,0
2024,2024-09-22,LV,CAR,0,22,36,1,28,26,0
2024,2024-09-22,MIN,HOU,3,34,7,1,4,14,0
2024,2024-09-22,NO,PHI,0,12,15,1,24,3,0
2024,2024-09-22,PIT,LAC,3,20,10,1,12,9,1
2024,2024-09-22,SEA,MIA,3,24,3,1,13,18,0
2024,2024-09-22,TB,DEN,0,7,26,1,10,11,1
2024,2024-09-22,TEN,GB,0,14,30,1,31,8,0
2024,2024-09-23,BUF,JAX,3,47,10,1,5,27,0
2024,2024-09-23,CIN,WAS,0,33,38,1,16,7,0
2024,2024-09-26,NYG,DAL,0,15,20,1,30,21,0
2024,2024-09-29,ARI,WAS,0,14,42,1,17,7,0
2024,2024-09-29,ATL,NO,3,26,24,1,19,24,0
2024,2024-09-29,BAL,BUF,3,35,10,1,6,5,1
2024,2024-09-29,CAR,CIN,0,24,34,1,26,16,0
2024,2024-09-29,CHI,LAR,3,24,18,1,23,15,1
2024,2024-09-29,GB,MIN,0,29,31,1,8,4,0
2024,2024-09-29,HOU,JAX,3,24,20,1,14,27,0
2024,2024-09-29,IND,PIT,3,27,24,1,20,12,1
2024,2024-09-29,LAC,KC,0,10,17,1,9,2,0
2024,2024-09-29,LV,CLE,3,20,16,1,28,32,0
2024,2024-09-29,NYJ,DEN,0,9,10,1,25,11,0
2024,2024-09-29,SF,NE,3,30,13,1,22,29,0
2024,2024-09-29,TB,PHI,3,33,16,1,10,3,1
2024,2024-09-30,DET,SEA,3,42,29,1,1,13,0
2024,2024-09-30,MIA,TEN,0,12,31,1,18,31,1
2024,2024-10-03,ATL,TB,3,36,30,1,19,10,1
2024,2024-10-06,CHI,CAR,3,36,10,1,23,26,0
2024,2024-10-06,CIN,BAL,0,38,41,1,16,6,0
2024,2024-10-06,DEN,LV,3,34,18,1,11,28,0
2024,2024-10-06,HOU,BUF,3,23,20,1,14,5,1
2024,2024-10-06,JAX,IND,3,37,34,1,27,20,1
2024,2024-10-06,LAR,GB,0,19,24,1,15,8,0
2024,2024-10-06,MIN,NYJ,3,23,17,1,4,25,0
2024,2024-10-06,NE,MIA,0,10,15,1,29,18,0
2024,2024-10-06,PIT,DAL,0,17,20,1,12,21,1
2024,2024-10-06,SEA,NYG,0,20,29,1,13,30,1
2024,2024-10-06,SF,ARI,0,23,24,1,22,17,0
2024,2024-10-06,WAS,CLE,3,34,13,1,7,32,0
2024,2024-10-07,KC,NO,3,26,13,1,2,24,0
2024,2024-10-10,SEA,SF,0,24,36,1,13,22,1
2024,2024-10-13,BAL,WAS,3,30,23,1,6,7,0
2024,2024-10-13,CAR,ATL,0,20,38,1,26,19,0
2024,2024-10-13,CHI,JAX,3,35,16,1,23,27,0
2024,2024-10-13,DAL,DET,0,9,47,1,21,1,0
2024,2024-10-13,DEN,LAC,0,16,23,1,11,9,0
2024,2024-10-13,GB,ARI,3,34,13,1,8,17,0
2024,2024-10-13,LV,PIT,0,13,32,1,28,12,0
2024,2024-10-13,NE,HOU,0,21,41,1,29,14,0
2024,2024-10-13,NO,TB,0,27,51,1,24,10,0
2024,2024-10-13,NYG,CIN,0,7,17,1,30,16,0
2024,2024-10-13,PHI,CLE,3,20,16,1,3,32,0
2024,2024-10-13,TEN,IND,0,17,20,1,31,20,0
2024,2024-10-14,NYJ,BUF,0,20,23,1,25,5,0
2024,2024-10-17,NO,DEN,0,10,33,1,24,11,0
2024,2024-10-20,ATL,SEA,0,14,34,1,19,13,0
2024,2024-10-20,BUF,TEN,3,34,10,1,5,31,0
2024,2024-10-20,CLE,CIN,0,14,21,1,32,16,0
2024,2024-10-20,GB,HOU,3,24,22,1,8,14,0
2024,2024-10-20,IND,MIA,3,16,10,1,20,18,1
2024,2024-10-20,JAX,NE,3,32,16,1,27,29,0
2024,2024-10-20,LAR,LV,3,20,15,1,15,28,0
2024,2024-10-20,MIN,DET,0,29,31,1,4,1,0
2024,2024-10-20,NYG,PHI,0,3,28,1,30,3,0
2024,2024-10-20,PIT,NYJ,3,37,15,1,12,25,0
2024,2024-10-20,SF,KC,0,18,28,1,22,2,0
2024,2024-10-20,WAS,CAR,3,40,7,1,7,26,0
2024,2024-10-21,ARI,LAC,3,17,15,1,17,9,1
2024,2024-10-21,TB,BAL,0,31,41,1,10,6,0
2024,2024-10-24,LAR,MIN,3,30,20,1,15,4,1
2024,2024-10-27,CIN,PHI,0,17,37,1,16,3,0
2024,2024-10-27,CLE,BAL,3,29,24,1,32,6,1
2024,2024-10-27,DEN,CAR,3,28,14,1,11,26,0
2024,2024-10-27,DET,TEN,3,52,14,1,1,31,0
2024,2024-10-27,HOU,IND,3,23,20,1,14,20,0
2024,2024-10-27,JAX,GB,0,27,30,1,27,8,0
2024,2024-10-27,LAC,NO,3,26,8,1,9,24,0
2024,2024-10-27,LV,KC,0,20,27,1,28,2,0
2024,2024-10-27,MIA,ARI,0,27,28,1,18,17,0
2024,2024-10-27,NE,NYJ,3,25,22,1,29,25,1
2024,2024-10-27,SEA,BUF,0,10,31,1,13,5,0
2024,2024-10-27,SF,DAL,3,30,24,1,22,21,1
2024,2024-10-27,TB,ATL,0,26,31,1,10,19,1
2024,2024-10-27,WAS,CHI,3,18,15,1,7,23,0
2024,2024-10-28,PIT,NYG,3,26,18,1,12,30,0
2024,2024-10-31,NYJ,HOU,3,21,13,1,25,14,1
2024,2024-11-03,ARI,CHI,3,29,9,1,17,23,0
2024,2024-11-03,ATL,DAL,3,27,21,1,19,21,0
2024,2024-11-03,BAL,DEN,3,41,10,1,6,11,0
2024,2024-11-03,BUF,MIA,3,30,27,1,5,18,0
2024,2024-11-03,CAR,NO,3,23,22,1,26,24,1
2024,2024-11-03,CIN,LV,3,41,24,1,16,28,0
2024,2024-11-03,CLE,LAC,0,10,27,1,32,9,0
2024,2024-11-03,GB,DET,0,14,24,1,8,1,0
2024,2024-11-03,MIN,IND,3,21,13,1,4,20,0
2024,2024-11-03,NYG,WAS,0,22,27,1,30,7,0
2024,2024-11-03,PHI,JAX,3,28,23,1,3,27,0
2024,2024-11-03,SEA,LAR,0,20,26,1,13,15,1
2024,2024-11-03,TEN,NE,3,20,17,1,31,29,1
2024,2024-11-04,KC,TB,3,30,24,1,2,10,0
2024,2024-11-07,BAL,CIN,3,35,34,1,6,16,0
2024,2024-11-10,ARI,NYJ,3,31,6,1,17,25,0
2024,2024-11-10,CAR,NYG,3,20,17,1,26,30,0
2024,2024-11-10,CHI,NE,0,3,19,1,23,29,1
2024,2024-11-10,DAL,PHI,0,6,34,1,21,3,0
2024,2024-11-10,HOU,DET,0,23,26,1,14,1,0
2024,2024-11-10,IND,BUF,0,20,30,1,20,5,0
2024,2024-11-10,JAX,MIN,0,7,12,1,27,4,0
2024,2024-11-10,KC,DEN,3,16,14,1,2,11,0
2024,2024-11-10,LAC,TEN,3,27,17,1,9,31,0
2024,2024-11-10,NO,ATL,3,20,17,1,24,19,1
2024,2024-11-10,TB,SF,0,20,23,1,10,22,1
2024,2024-11-10,WAS,PIT,0,27,28,1,7,12,1
2024,2024-11-11,LAR,MIA,0,15,23,1,15,18,1
2024,2024-11-14,PHI,WAS,3,26,18,1,3,7,0
2024,2024-11-17,BUF,KC,3,30,21,1,5,2,1
2024,2024-11-17,CHI,GB,0,19,20,1,23,8,0
2024,2024-11-17,DEN,ATL,3,38,6,1,11,19,0
2024,2024-11-17,DET,JAX,3,52,6,1,1,27,0
2024,2024-11-17,LAC,CIN,3,34,27,1,9,16,0
2024,2024-11-17,MIA,LV,3,34,19,1,18,28,0
2024,2024-11-17,NE,LAR,0,22,28,1,29,15,0
2024,2024-11-17,NO,CLE,3,35,14,1,24,32,0
2024,2024-11-17,NYJ,IND,0,27,28,1,25,20,0
2024,2024-11-17,PIT,BAL,3,18,16,1,12,6,1
2024,2024-11-17,SF,SEA,0,17,20,1,22,13,0
2024,2024-11-17,TEN,MIN,0,13,23,1,31,4,0
2024,2024-11-18,DAL,HOU,0,10,34,1,21,14,0
2024,2024-11-21,CLE,PIT,3,24,19,1,32,12,1
2024,2024-11-24,CAR,KC,0,27,30,1,26,2,0
2024,2024-11-24,CHI,MIN,0,27,30,1,23,4,0
2024,2024-11-24,GB,SF,3,38,10,1,8,22,0
2024,2024-11-24,HOU,TEN,0,27,32,1,14,31,1
2024,2024-11-24,IND,DET,0,6,24,1,20,1,0
2024,2024-11-24,LAR,PHI,0,20,37,1,15,3,0
2024,2024-11-24,LV,DEN,0,19,29,1,28,11,0
2024,2024-11-24,MIA,NE,3,34,15,1,18,29,0
2024,2024-11-24,NYG,TB,0,7,30,1,30,10,0
2024,2024-11-24,SEA,ARI,3,16,6,1,13,17,0
2024,2024-11-24,WAS,DAL,0,26,34,1,7,21,1
2024,2024-11-25,LAC,BAL,0,23,30,1,9,6,0
2024,2024-11-28,DAL,NYG,3,27,20,1,21,30,0
2024,2024-11-28,DET,CHI,3,23,20,1,1,23,0
2024,2024-11-28,GB,MIA,3,30,17,1,8,18,0
2024,2024-11-29,KC,LV,3,19,17,1,2,28,0
2024,2024-12-01,ATL,LAC,0,13,17,1,19,9,0
2024,2024-12-01,BAL,PHI,0,19,24,1,6,3,0
2024,2024-12-01,BUF,SF,3,35,10,1,5,22,0
2024,2024-12-01,CAR,TB,0,23,26,1,26,10,0
2024,2024-12-01,CIN,PIT,0,38,44,1,16,12,0
2024,2024-12-01,JAX,HOU,0,20,23,1,27,14,0
2024,2024-12-01,MIN,ARI,3,23,22,1,4,17,0
2024,2024-12-01,NE,IND,0,24,25,1,29,20,0
2024,2024-12-01,NO,LAR,0,14,21,1,24,15,0
2024,2024-12-01,NYJ,SEA,0,21,26,1,25,13,0
2024,2024-12-01,WAS,TEN,3,42,19,1,7,31,0
2024,2024-12-02,DEN,CLE,3,41,32,1,11,32,0
2024,2024-12-05,DET,GB,3,34,31,1,1,8,0
2024,2024-12-08,ARI,SEA,0,18,30,1,17,13,0
2024,2024-12-08,KC,LAC,3,19,17,1,2,9,0
2024,2024-12-08,LAR,BUF,3,44,42,1,15,5,1
2024,2024-12-08,MIA,NYJ,3,32,26,1,18,25,0
2024,2024-12-08,MIN,ATL,3,42,21,1,4,19,0
2024,2024-12-08,NYG,NO,0,11,14,1,30,24,0
2024,2024-12-08,PHI,CAR,3,22,16,1,3,26,0
2024,2024-12-08,PIT,CLE,3,27,14,1,12,32,0
2024,2024-12-08,SF,CHI,3,38,13,1,22,23,0
2024,2024-12-08,TB,LV,3,28,13,1,10,28,0
2024,2024-12-08,TEN,JAX,0,6,10,1,31,27,0
2024,2024-12-09,DAL,CIN,0,20,27,1,21,16,0
2024,2024-12-12,SF,LAR,0,6,12,1,22,15,0
2024,2024-12-15,ARI,NE,3,30,17,1,17,29,0
2024,2024-12-15,CAR,DAL,0,14,30,1,26,21,0
2024,2024-12-15,CLE,KC,0,7,21,1,32,2,0
2024,2024-12-15,DEN,IND,3,31,13,1,11,20,0
2024,2024-12-15,DET,BUF,0,42,48,1,1,5,1
2024,2024-12-15,HOU,MIA,3,20,12,1,14,18,0
2024,2024-12-15,JAX,NYJ,0,25,32,1,27,25,0
2024,2024-12-15,LAC,TB,0,17,40,1,9,10,1
2024,2024-12-15,NO,WAS,0,19,20,1,24,7,0
2024,2024-12-15,NYG,BAL,0,14,35,1,30,6,0
2024,2024-12-15,PHI,PIT,3,27,13,1,3,12,0
2024,2024-12-15,SEA,GB,0,13,30,1,13,8,0
2024,2024-12-15,TEN,CIN,0,27,37,1,31,16,0
2024,2024-12-16,LV,ATL,0,9,15,1,28,19,0
2024,2024-12-16,MIN,CHI,3,30,12,1,4,23,0
2024,2024-12-19,LAC,DEN,3,34,27,1,9,11,0
2024,2024-12-21,BAL,PIT,3,34,17,1,6,12,0
2024,2024-12-21,KC,HOU,3,27,19,1,2,14,0
2024,2024-12-22,ATL,NYG,3,34,7,1,19,30,0
2024,2024-12-22,BUF,NE,3,24,21,1,5,29,0
2024,2024-12-22,CAR,ARI,3,36,30,1,26,17,1
2024,2024-12-22,CHI,DET,0,17,34,1,23,1,0
2024,2024-12-22,CIN,CLE,3,24,6,1,16,32,0
2024,2024-12-22,DAL,TB,3,26,24,1,21,10,1
2024,2024-12-22,IND,TEN,3,38,30,1,20,31,0
2024,2024-12-22,LV,JAX,3,19,14,1,28,27,1
2024,2024-12-22,MIA,SF,3,29,17,1,18,22,0
2024,2024-12-22,NYJ,LAR,0,9,19,1,25,15,0
2024,2024-12-22,SEA,MIN,0,24,27,1,13,4,0
2024,2024-12-22,WAS,PHI,3,36,33,1,7,3,1
2024,2024-12-23,GB,NO,3,34,0,1,8,24,0
2024,2024-12-25,HOU,BAL,0,2,31,1,14,6,0
2024,2024-12-25,PIT,KC,0,10,29,1,12,2,0
2024,2024-12-26,CHI,SEA,0,3,6,1,23,13,0
2024,2024-12-28,BUF,NYJ,3,40,14,1,5,25,0
2024,2024-12-28,CIN,DEN,3,30,24,1,16,11,1
2024,2024-12-28,LAR,ARI,3,13,9,1,15,17,0
2024,2024-12-28,NE,LAC,0,7,40,1,29,9,0
2024,2024-12-29,CLE,MIA,0,3,20,1,32,18,0
2024,2024-12-29,JAX,TEN,3,20,13,1,27,31,0
2024,2024-12-29,MIN,GB,3,27,25,1,4,8,0
2024,2024-12-29,NO,LV,0,10,25,1,24,28,1
2024,2024-12-29,NYG,IND,3,45,33,1,30,20,1
2024,2024-12-29,PHI,DAL,3,41,7,1,3,21,0
2024,2024-12-29,TB,CAR,3,48,14,1,10,26,0
2024,2024-12-29,WAS,ATL,3,30,24,1,7,19,0
2024,2024-12-30,SF,DET,0,34,40,1,22,1,0
2024,2025-01-04,BAL,CLE,3,35,10,1,6,32,0
2024,2025-01-05,ARI,SF,3,47,24,1,17,22,0
2024,2025-01-05,ATL,CAR,0,38,44,1,19,26,1
2024,2025-01-05,DAL,WAS,0,19,23,1,21,7,0
2024,2025-01-05,DEN,KC,3,38,0,1,11,2,1
2024,2025-01-05,DET,MIN,3,31,9,1,1,4,0
2024,2025-01-05,GB,CHI,0,22,24,1,8,23,1
2024,2025-01-05,IND,JAX,3,26,23,1,20,27,0
2024,2025-01-05,LAR,SEA,0,25,30,1,15,13,0
2024,2025-01-05,LV,LAC,0,20,34,1,28,9,0
2024,2025-01-05,NE,BUF,3,23,16,1,29,5,1
2024,2025-01-05,NYJ,MIA,3,32,20,1,25,18,1
2024,2025-01-05,PHI,NYG,3,20,13,1,3,30,0
2024,2025-01-05,PIT,CIN,0,17,19,1,12,16,1
2024,2025-01-05,TB,NO,3,27,19,1,10,24,0
2024,2025-01-05,TEN,HOU,0,14,23,1,31,14,0
