season,date,team1,team2,true_home_team_result,simulated_home_team_result
2024,2025-05-25,GIR,ATHM,-1,-1
2024,2025-05-25,VIL,SEV,1,1
2024,2025-05-25,ATHB,BARC,-1,1
2024,2025-05-24,RMA,RSO,1,1
2024,2025-05-24,ESP,LASP,1,1
2024,2025-05-24,LEG,VLLD,1,-1
2024,2025-05-24,ALA,OSA,0,-1
2024,2025-05-24,GET,CEL,-1,1
2024,2025-05-24,RAYO,MALL,0,-1
2024,2025-05-23,BET,VLC,0,-1
2024,2025-05-18,ATHM,BET,1,0
2024,2025-05-18,BARC,VIL,-1,1
2024,2025-05-18,CEL,RAYO,-1,-1
2024,2025-05-18,LASP,LEG,-1,1
2024,2025-05-18,MALL,GET,-1,-1
2024,2025-05-18,OSA,ESP,1,0
2024,2025-05-18,SEV,RMA,-1,-1
2024,2025-05-18,RSO,GIR,1,1
2024,2025-05-18,VLC,ATHB,-1,-1
2024,2025-05-18,VLLD,ALA,-1,0
2024,2025-05-15,RAYO,BET,0,1
2024,2025-05-15,OSA,ATHM,1,1
2024,2025-05-15,ESP,BARC,-1,0
2024,2025-05-15,GET,ATHB,-1,0
2024,2025-05-14,ALA,VLC,1,1
2024,2025-05-14,VIL,LEG,1,1
2024,2025-05-14,RMA,MALL,1,0
2024,2025-05-13,VLLD,GIR,-1,-1
2024,2025-05-13,RSO,CEL,-1,-1
2024,2025-05-13,SEV,LASP,1,0
2024,2025-05-11,LEG,ESP,1,-1
2024,2025-05-11,BARC,RMA,1,-1
2024,2025-05-11,ATHB,ALA,1,1
2024,2025-05-11,BET,OSA,0,-1
2024,2025-05-10,VLC,GET,1,-1
2024,2025-05-10,CEL,SEV,1,1
2024,2025-05-10,GIR,VIL,-1,-1
2024,2025-05-10,MALL,VLLD,1,-1
2024,2025-05-10,ATHM,RSO,1,1
2024,2025-05-09,LASP,RAYO,-1,0
2024,2025-05-05,GIR,MALL,1,1
2024,2025-05-04,RMA,CEL,1,0
2024,2025-05-04,SEV,LEG,0,1
2024,2025-05-04,ESP,BET,-1,-1
2024,2025-05-04,RSO,ATHB,0,1
2024,2025-05-03,ALA,ATHM,0,1
2024,2025-05-03,VIL,OSA,1,1
2024,2025-05-03,LASP,VLC,-1,1
2024,2025-05-03,VLLD,BARC,-1,0
2024,2025-05-02,RAYO,GET,1,0
2024,2025-04-27,VIL,ESP,1,1
2024,2025-04-24,LEG,GIR,0,1
2024,2025-04-24,OSA,SEV,1,1
2024,2025-04-24,ATHM,RAYO,1,0
2024,2025-04-24,BET,VLLD,1,0
2024,2025-04-23,ATHB,LASP,1,0
2024,2025-04-23,CEL,VIL,1,-1
2024,2025-04-23,ALA,RSO,1,0
2024,2025-04-23,GET,RMA,-1,1
2024,2025-04-22,VLC,ESP,0,-1
2024,2025-04-22,BARC,MALL,1,0
2024,2025-04-21,GIR,BET,-1,-1
2024,2025-04-20,VLLD,OSA,-1,0
2024,2025-04-20,VIL,RSO,0,0
2024,2025-04-20,SEV,ALA,0,0
2024,2025-04-20,RMA,ATHB,1,1
2024,2025-04-19,RAYO,VLC,0,0
2024,2025-04-19,BARC,CEL,1,0
2024,2025-04-19,MALL,LEG,0,-1
2024,2025-04-19,LASP,ATHM,1,0
2024,2025-04-18,ESP,GET,1,0
2024,2025-04-14,ATHM,VLLD,1,0
2024,2025-04-13,OSA,GIR,1,0
2024,2025-04-13,ALA,RMA,-1,0
2024,2025-04-13,BET,VIL,-1,1
2024,2025-04-13,ATHB,RAYO,1,0
2024,2025-04-12,RSO,MALL,-1,0
2024,2025-04-12,GET,LASP,-1,-1
2024,2025-04-12,CEL,ESP,-1,0
2024,2025-04-12,LEG,BARC,-1,1
2024,2025-04-11,VLC,SEV,1,1
2024,2025-04-07,LEG,OSA,0,-1
2024,2025-04-06,LASP,RSO,-1,1
2024,2025-04-06,SEV,ATHM,-1,0
2024,2025-04-06,VLLD,GET,-1,1
2024,2025-04-06,VIL,ATHB,0,-1
2024,2025-04-05,GIR,ALA,-1,-1
2024,2025-04-05,RMA,VLC,-1,1
2024,2025-04-05,MALL,CEL,-1,-1
2024,2025-04-05,BARC,BET,0,0
2024,2025-04-04,RAYO,ESP,-1,-1
2024,2025-03-31,CEL,LASP,0,-1
2024,2025-03-30,GET,VIL,-1,0
2024,2025-03-30,BARC,GIR,1,1
2024,2025-03-30,ATHB,OSA,0,1
2024,2025-03-30,VLC,MALL,1,0
2024,2025-03-30,BET,SEV,1,1
2024,2025-03-29,RSO,VLLD,1,-1
2024,2025-03-29,ESP,ATHM,0,1
2024,2025-03-29,ALA,RAYO,-1,1
2024,2025-03-29,RMA,LEG,1,0
2024,2025-03-27,BARC,OSA,1,0
2024,2025-03-16,LEG,BET,-1,-1
2024,2025-03-16,SEV,ATHB,-1,1
2024,2025-03-16,OSA,GET,-1,0
2024,2025-03-16,RAYO,RSO,0,0
2024,2025-03-16,ATHM,BARC,-1,-1
2024,2025-03-15,VLLD,CEL,-1,1
2024,2025-03-15,MALL,ESP,1,-1
2024,2025-03-15,VIL,RMA,-1,1
2024,2025-03-15,GIR,VLC,0,-1
2024,2025-03-14,LASP,ALA,0,1
2024,2025-03-10,ESP,GIR,0,1
2024,2025-03-09,GET,ATHM,1,1
2024,2025-03-09,RMA,RAYO,1,0
2024,2025-03-09,ATHB,MALL,0,1
2024,2025-03-09,BET,LASP,1,0
2024,2025-03-09,RSO,SEV,-1,0
2024,2025-03-08,CEL,LEG,1,-1
2024,2025-03-08,ALA,VIL,1,1
2024,2025-03-08,VLC,VLLD,1,-1
2024,2025-03-02,LEG,GET,1,0
2024,2025-03-02,BARC,RSO,1,-1
2024,2025-03-02,MALL,ALA,0,-1
2024,2025-03-02,OSA,VLC,0,1
2024,2025-03-01,GIR,CEL,0,1
2024,2025-03-01,RAYO,SEV,0,0
2024,2025-03-01,BET,RMA,1,0
2024,2025-03-01,ATHM,ATHB,1,1
2024,2025-02-28,VLLD,LASP,0,1
2024,2025-02-24,SEV,MALL,0,0
2024,2025-02-23,ATHB,VLLD,1,0
2024,2025-02-23,RMA,GIR,1,1
2024,2025-02-23,GET,BET,-1,1
2024,2025-02-23,RSO,LEG,1,-1
2024,2025-02-22,ALA,ESP,-1,-1
2024,2025-02-22,RAYO,VIL,-1,1
2024,2025-02-22,VLC,ATHM,-1,-1
2024,2025-02-22,LASP,BARC,-1,1
2024,2025-02-21,CEL,OSA,1,1
2024,2025-02-17,BARC,RAYO,1,-1
2024,2025-02-16,ESP,ATHB,0,1
2024,2025-02-16,VLLD,SEV,-1,-1
2024,2025-02-16,MALL,LASP,1,1
2024,2025-02-16,BET,RSO,1,1
2024,2025-02-15,LEG,ALA,0,-1
2024,2025-02-15,OSA,RMA,0,-1
2024,2025-02-15,ATHM,CEL,0,0
2024,2025-02-15,VIL,VLC,0,1
2024,2025-02-14,GIR,GET,-1,1
2024,2025-02-10,MALL,OSA,0,1
2024,2025-02-09,ALA,GET,-1,0
2024,2025-02-09,VLC,LEG,1,0
2024,2025-02-09,RSO,ESP,1,1
2024,2025-02-09,SEV,BARC,-1,0
2024,2025-02-08,CEL,BET,1,-1
2024,2025-02-08,ATHB,GIR,1,0
2024,2025-02-08,LASP,VIL,-1,1
2024,2025-02-08,RMA,ATHM,0,-1
2024,2025-02-07,RAYO,VLLD,1,-1
2024,2025-02-03,GIR,LASP,1,1
2024,2025-02-02,BARC,ALA,1,-1
2024,2025-02-02,VLC,CEL,1,1
2024,2025-02-02,OSA,RSO,1,1
2024,2025-02-02,BET,ATHB,0,1
2024,2025-02-01,GET,SEV,0,-1
2024,2025-02-01,VIL,VLLD,1,1
2024,2025-02-01,ATHM,MALL,1,-1
2024,2025-02-01,ESP,RMA,1,1
2024,2025-01-31,LEG,RAYO,-1,0
2024,2025-01-27,ALA,CEL,0,1
2024,2025-01-26,RAYO,GIR,1,0
2024,2025-01-26,RSO,GET,-1,0
2024,2025-01-26,ATHB,LEG,0,0
2024,2025-01-26,BARC,VLC,1,-1
2024,2025-01-25,MALL,BET,-1,0
2024,2025-01-25,ATHM,VIL,0,-1
2024,2025-01-25,SEV,ESP,0,-1
2024,2025-01-25,VLLD,RMA,-1,0
2024,2025-01-24,LASP,OSA,0,-1
2024,2025-01-20,VIL,MALL,1,0
2024,2025-01-19,CEL,ATHB,-1,1
2024,2025-01-19,RMA,LASP,1,0
2024,2025-01-19,OSA,RAYO,0,1
2024,2025-01-19,VLC,RSO,1,1
2024,2025-01-18,GIR,SEV,-1,-1
2024,2025-01-18,LEG,ATHM,1,1
2024,2025-01-18,BET,ALA,-1,1
2024,2025-01-18,GET,BARC,0,-1
2024,2025-01-17,ESP,VLLD,1,0
2024,2025-01-13,RSO,VIL,1,0
2024,2025-01-12,LASP,GET,-1,-1
2024,2025-01-12,ATHM,OSA,1,-1
2024,2025-01-11,ALA,GIR,-1,-1
2024,2025-01-11,VLLD,BET,1,0
2024,2025-01-11,ESP,LEG,0,1
2024,2025-01-11,SEV,VLC,0,1
2024,2025-01-10,RAYO,CEL,1,1
2024,2025-01-03,VLC,RMA,-1,1
2024,2024-12-22,VLC,ALA,0,1
2024,2024-12-22,RMA,SEV,1,-1
2024,2024-12-22,LASP,ESP,1,1
2024,2024-12-22,LEG,VIL,-1,0
2024,2024-12-22,BET,RAYO,0,0
2024,2024-12-21,GET,MALL,-1,1
2024,2024-12-21,CEL,RSO,1,1
2024,2024-12-21,OSA,ATHB,-1,1
2024,2024-12-21,BARC,ATHM,-1,-1
2024,2024-12-20,GIR,VLLD,1,-1
2024,2024-12-18,ESP,VLC,0,0
2024,2024-12-18,VIL,RAYO,0,0
2024,2024-12-15,ATHM,GET,1,0
2024,2024-12-15,ALA,ATHB,0,0
2024,2024-12-15,RSO,LASP,0,-1
2024,2024-12-15,VIL,BET,-1,-1
2024,2024-12-15,BARC,LEG,-1,1
2024,2024-12-14,ESP,OSA,0,1
2024,2024-12-14,MALL,GIR,1,-1
2024,2024-12-14,SEV,CEL,1,0
2024,2024-12-14,RAYO,RMA,0,-1
2024,2024-12-13,VLLD,VLC,1,0
2024,2024-12-09,GET,ESP,1,1
2024,2024-12-08,LEG,RSO,-1,-1
2024,2024-12-08,ATHB,VIL,1,-1
2024,2024-12-08,OSA,ALA,0,0
2024,2024-12-08,ATHM,SEV,1,-1
2024,2024-12-07,LASP,VLLD,1,1
2024,2024-12-07,BET,BARC,0,1
2024,2024-12-07,VLC,RAYO,-1,0
2024,2024-12-07,GIR,RMA,-1,0
2024,2024-12-06,CEL,MALL,1,-1
2024,2024-12-04,ATHB,RMA,1,-1
2024,2024-12-03,MALL,BARC,-1,0
2024,2024-12-02,SEV,OSA,0,-1
2024,2024-12-01,VIL,GIR,0,0
2024,2024-12-01,RMA,GET,1,-1
2024,2024-12-01,RAYO,ATHB,-1,1
2024,2024-12-01,RSO,BET,1,0
2024,2024-11-30,BARC,LASP,-1,-1
2024,2024-11-30,ALA,LEG,0,-1
2024,2024-11-30,ESP,CEL,1,-1
2024,2024-11-30,VLLD,ATHM,-1,-1
2024,2024-11-29,MALL,VLC,1,1
2024,2024-11-24,OSA,VIL,0,1
2024,2024-11-24,SEV,RAYO,1,1
2024,2024-11-24,LEG,RMA,-1,0
2024,2024-11-24,ATHB,RSO,1,0
2024,2024-11-23,VLC,BET,1,1
2024,2024-11-23,ATHM,ALA,1,1
2024,2024-11-23,GIR,ESP,1,0
2024,2024-11-23,LASP,MALL,-1,0
2024,2024-11-23,CEL,BARC,0,-1
2024,2024-11-22,GET,VLLD,1,0
2024,2024-11-10,BET,CEL,0,-1
2024,2024-11-10,MALL,ATHM,-1,0
2024,2024-11-10,GET,GIR,-1,0
2024,2024-11-10,VLLD,ATHB,0,-1
2024,2024-11-10,RSO,BARC,1,1
2024,2024-11-09,RMA,OSA,1,-1
2024,2024-11-09,VIL,ALA,1,-1
2024,2024-11-09,LEG,SEV,1,-1
2024,2024-11-08,RAYO,LASP,-1,1
2024,2024-11-04,CEL,GET,1,1
2024,2024-11-03,ATHM,LASP,1,0
2024,2024-11-03,BARC,ESP,1,1
2024,2024-11-03,SEV,RSO,-1,1
2024,2024-11-03,ATHB,BET,0,0
2024,2024-11-02,OSA,VLLD,1,-1
2024,2024-11-02,GIR,LEG,1,-1
2024,2024-11-01,ALA,MALL,1,1
2024,2024-10-28,MALL,ATHB,0,-1
2024,2024-10-27,LEG,CEL,1,1
2024,2024-10-27,GET,VLC,0,1
2024,2024-10-27,BET,ATHM,1,-1
2024,2024-10-27,RSO,OSA,-1,1
2024,2024-10-26,VLLD,VIL,-1,-1
2024,2024-10-26,RAYO,ALA,1,1
2024,2024-10-26,LASP,GIR,1,1
2024,2024-10-26,RMA,BARC,-1,-1
2024,2024-10-25,ESP,SEV,-1,0
2024,2024-10-21,VLC,LASP,-1,-1
2024,2024-10-20,MALL,RAYO,1,0
2024,2024-10-20,ATHM,LEG,1,1
2024,2024-10-20,VIL,GET,0,1
2024,2024-10-20,BARC,SEV,1,1
2024,2024-10-19,ATHB,ESP,1,1
2024,2024-10-19,OSA,BET,-1,1
2024,2024-10-19,GIR,RSO,-1,1
2024,2024-10-19,CEL,RMA,-1,-1
2024,2024-10-18,ALA,VLLD,-1,-1
2024,2024-10-06,GIR,ATHB,1,0
2024,2024-10-06,ALA,BARC,-1,-1
2024,2024-10-06,SEV,BET,1,0
2024,2024-10-06,RSO,ATHM,0,-1
2024,2024-10-05,ESP,MALL,1,-1
2024,2024-10-05,GET,OSA,0,0
2024,2024-10-05,LASP,CEL,-1,1
2024,2024-10-05,VLLD,RAYO,-1,-1
2024,2024-10-05,RMA,VIL,1,0
2024,2024-10-04,LEG,VLC,0,0
2024,2024-09-30,VIL,LASP,1,1
2024,2024-09-29,CEL,GIR,0,0
2024,2024-09-29,ATHB,SEV,0,0
2024,2024-09-29,BET,ESP,1,0
2024,2024-09-29,ATHM,RMA,0,0
2024,2024-09-28,GET,ALA,1,0
2024,2024-09-28,RAYO,LEG,0,0
2024,2024-09-28,RSO,VLC,1,-1
2024,2024-09-28,OSA,BARC,1,1
2024,2024-09-27,VLLD,MALL,-1,-1
2024,2024-09-26,ESP,VIL,-1,1
2024,2024-09-26,LASP,BET,0,-1
2024,2024-09-26,CEL,ATHM,-1,0
2024,2024-09-25,GIR,RAYO,0,1
2024,2024-09-25,BARC,GET,1,-1
2024,2024-09-24,SEV,VLLD,1,1
2024,2024-09-24,VLC,OSA,0,-1
2024,2024-09-24,RMA,ALA,1,-1
2024,2024-09-23,BET,MALL,-1,0
2024,2024-09-22,GET,LEG,0,0
2024,2024-09-22,ATHB,CEL,1,0
2024,2024-09-22,VIL,BARC,-1,1
2024,2024-09-22,RAYO,ATHM,0,1
2024,2024-09-21,VLLD,RSO,0,-1
2024,2024-09-21,OSA,LASP,1,-1
2024,2024-09-21,VLC,GIR,1,0
2024,2024-09-21,RMA,ESP,1,1
2024,2024-09-20,ALA,SEV,1,-1
2024,2024-09-19,LEG,ATHB,-1,-1
2024,2024-09-18,BET,GET,1,0
2024,2024-09-17,MALL,RSO,1,-1
2024,2024-09-16,RAYO,OSA,1,1
2024,2024-09-15,CEL,VLLD,1,1
2024,2024-09-15,GIR,BARC,-1,-1
2024,2024-09-15,LASP,ATHB,-1,0
2024,2024-09-15,ATHM,VLC,1,0
2024,2024-09-14,MALL,VIL,-1,0
2024,2024-09-14,ESP,ALA,1,-1
2024,2024-09-14,SEV,GET,1,-1
2024,2024-09-14,RSO,RMA,-1,-1
2024,2024-09-13,BET,LEG,1,1
2024,2024-09-01,ALA,LASP,1,-1
2024,2024-09-01,OSA,CEL,1,-1
2024,2024-09-01,SEV,GIR,-1,1
2024,2024-09-01,GET,RSO,0,1
2024,2024-09-01,RMA,BET,1,1
2024,2024-08-31,BARC,VLLD,1,0
2024,2024-08-31,ATHB,ATHM,-1,1
2024,2024-08-31,ESP,RAYO,1,1
2024,2024-08-31,LEG,MALL,-1,0
2024,2024-08-31,VLC,VIL,0,1
2024,2024-08-29,GIR,OSA,1,0
2024,2024-08-29,LASP,RMA,0,-1
2024,2024-08-28,ATHB,VLC,1,1
2024,2024-08-28,VLLD,LEG,0,1
2024,2024-08-28,ATHM,ESP,0,-1
2024,2024-08-28,RSO,ALA,-1,0
2024,2024-08-27,MALL,SEV,0,1
2024,2024-08-27,RAYO,BARC,-1,-1
2024,2024-08-26,VIL,CEL,1,-1
2024,2024-08-25,RMA,VLLD,1,0
2024,2024-08-25,LEG,LASP,1,0
2024,2024-08-25,ALA,BET,0,1
2024,2024-08-25,ATHM,GIR,1,1
2024,2024-08-24,OSA,MALL,1,-1
2024,2024-08-24,BARC,ATHB,1,1
2024,2024-08-24,ESP,RSO,-1,0
2024,2024-08-24,GET,RAYO,0,0
2024,2024-08-23,CEL,VLC,1,-1
2024,2024-08-23,SEV,VIL,-1,-1
2024,2024-08-19,VLLD,ESP,1,1
2024,2024-08-19,VIL,ATHM,0,1
2024,2024-08-18,RSO,RAYO,-1,1
2024,2024-08-18,MALL,RMA,0,-1
2024,2024-08-17,OSA,LEG,0,1
2024,2024-08-17,VLC,BARC,-1,0
2024,2024-08-16,CEL,ALA,1,-1
2024,2024-08-16,LASP,SEV,0,1
2024,2024-08-15,ATHB,GET,0,-1
2024,2024-08-15,BET,GIR,0,-1
2023,2024-05-26,GET,MALL,-1,0
2023,2024-05-26,CEL,VLC,0,0
2023,2024-05-26,LASP,ALA,0,0
2023,2024-05-26,SEV,BARC,-1,-1
2023,2024-05-25,OSA,VIL,0,1
2023,2024-05-25,RSO,ATHM,-1,1
2023,2024-05-25,ALM,CAD,1,0
2023,2024-05-25,RAYO,ATHB,-1,1
2023,2024-05-25,RMA,BET,0,-1
2023,2024-05-24,GIR,GRA,1,-1
2023,2024-05-19,ATHB,SEV,1,1
2023,2024-05-19,ATHM,OSA,-1,0
2023,2024-05-19,BARC,RAYO,1,0
2023,2024-05-19,BET,RSO,-1,-1
2023,2024-05-19,CAD,LASP,0,1
2023,2024-05-19,GRA,CEL,-1,0
2023,2024-05-19,MALL,ALM,0,0
2023,2024-05-19,VLC,GIR,-1,-1
2023,2024-05-19,VIL,RMA,0,-1
2023,2024-05-18,ALA,GET,1,-1
2023,2024-05-16,LASP,BET,0,0
2023,2024-05-16,ALM,BARC,-1,1
2023,2024-05-16,RSO,VLC,1,0
2023,2024-05-15,SEV,CAD,-1,0
2023,2024-05-15,RAYO,GRA,1,-1
2023,2024-05-15,CEL,ATHB,1,-1
2023,2024-05-15,GET,ATHM,-1,-1
2023,2024-05-14,OSA,MALL,0,-1
2023,2024-05-14,RMA,ALA,1,-1
2023,2024-05-14,GIR,VIL,-1,-1
2023,2024-05-13,BARC,RSO,1,-1
2023,2024-05-12,CAD,GET,1,0
2023,2024-05-12,ATHM,CEL,1,1
2023,2024-05-12,VLC,RAYO,0,-1
2023,2024-05-12,BET,ALM,1,-1
2023,2024-05-11,MALL,LASP,1,1
2023,2024-05-11,VIL,SEV,1,0
2023,2024-05-11,GRA,RMA,-1,1
2023,2024-05-11,ATHB,OSA,0,0
2023,2024-05-10,ALA,GIR,0,-1
2023,2024-05-05,OSA,BET,-1,0
2023,2024-05-05,CEL,VIL,1,0
2023,2024-05-05,VLC,ALA,-1,0
2023,2024-05-05,SEV,GRA,1,-1
2023,2024-05-05,RAYO,ALM,-1,0
2023,2024-05-04,RSO,LASP,1,1
2023,2024-05-04,RMA,CAD,1,0
2023,2024-05-04,GIR,BARC,1,0
2023,2024-05-04,MALL,ATHM,-1,-1
2023,2024-05-03,GET,ATHB,-1,1
2023,2024-04-29,BARC,VLC,1,1
2023,2024-04-28,CAD,MALL,0,0
2023,2024-04-28,GRA,OSA,1,-1
2023,2024-04-28,VIL,RAYO,1,0
2023,2024-04-28,BET,SEV,0,0
2023,2024-04-27,LASP,GIR,-1,-1
2023,2024-04-27,ALM,GET,-1,1
2023,2024-04-27,ALA,CEL,1,1
2023,2024-04-27,ATHM,ATHB,1,-1
2023,2024-04-26,RSO,RMA,-1,-1
2023,2024-04-22,SEV,MALL,1,-1
2023,2024-04-21,GET,RSO,0,-1
2023,2024-04-21,ALM,VIL,-1,-1
2023,2024-04-21,ALA,ATHM,1,-1
2023,2024-04-21,RMA,BARC,1,-1
2023,2024-04-20,CEL,LASP,1,0
2023,2024-04-20,RAYO,OSA,1,-1
2023,2024-04-20,VLC,BET,-1,-1
2023,2024-04-20,GIR,CAD,1,1
2023,2024-04-19,ATHB,GRA,0,-1
2023,2024-04-15,OSA,VLC,-1,0
2023,2024-04-14,LASP,SEV,-1,1
2023,2024-04-14,GRA,ALA,1,1
2023,2024-04-14,ATHB,VIL,0,-1
2023,2024-04-14,RSO,ALM,0,0
2023,2024-04-13,ATHM,GIR,1,-1
2023,2024-04-13,RAYO,GET,0,0
2023,2024-04-13,MALL,RMA,-1,-1
2023,2024-04-13,CAD,BARC,-1,-1
2023,2024-04-12,BET,CEL,1,1
2023,2024-04-04,GRA,VLC,-1,-1
2023,2024-04-01,VIL,ATHM,-1,0
2023,2024-03-31,CEL,RAYO,0,1
2023,2024-03-31,GIR,BET,1,0
2023,2024-03-31,ALA,RSO,-1,1
2023,2024-03-31,RMA,ATHB,1,0
2023,2024-03-30,GET,SEV,-1,-1
2023,2024-03-30,ALM,OSA,-1,0
2023,2024-03-30,VLC,MALL,0,0
2023,2024-03-30,BARC,LASP,1,-1
2023,2024-03-29,CAD,GRA,1,-1
2023,2024-03-17,SEV,CEL,-1,1
2023,2024-03-17,LASP,ALM,-1,0
2023,2024-03-17,VIL,VLC,1,1
2023,2024-03-17,RAYO,BET,1,0
2023,2024-03-17,ATHM,BARC,-1,-1
2023,2024-03-16,MALL,GRA,1,0
2023,2024-03-16,OSA,RMA,-1,-1
2023,2024-03-16,GET,GIR,1,0
2023,2024-03-16,ATHB,ALA,1,-1
2023,2024-03-15,RSO,CAD,1,1
2023,2024-03-11,ALM,SEV,0,0
2023,2024-03-10,ALA,RAYO,1,0
2023,2024-03-10,LASP,ATHB,-1,0
2023,2024-03-10,RMA,CEL,1,0
2023,2024-03-10,BET,VIL,-1,1
2023,2024-03-09,VLC,GET,1,-1
2023,2024-03-09,CAD,ATHM,1,-1
2023,2024-03-09,GRA,RSO,-1,0
2023,2024-03-09,GIR,OSA,1,-1
2023,2024-03-08,BARC,MALL,1,0
2023,2024-03-04,OSA,ALA,1,-1
2023,2024-03-03,VIL,GRA,1,1
2023,2024-03-03,ATHM,BET,1,-1
2023,2024-03-03,MALL,GIR,1,-1
2023,2024-03-03,ATHB,BARC,0,0
2023,2024-03-02,SEV,RSO,1,0
2023,2024-03-02,RAYO,CAD,0,1
2023,2024-03-02,GET,LASP,0,-1
2023,2024-03-02,VLC,RMA,0,1
2023,2024-03-01,CEL,ALM,1,-1
2023,2024-02-26,GIR,RAYO,1,1
2023,2024-02-25,CAD,CEL,0,-1
2023,2024-02-25,BET,ATHB,1,-1
2023,2024-02-25,LASP,OSA,0,1
2023,2024-02-25,RMA,SEV,1,-1
2023,2024-02-24,BARC,GET,1,0
2023,2024-02-24,ALA,MALL,0,1
2023,2024-02-24,ALM,ATHM,0,0
2023,2024-02-23,RSO,VIL,-1,-1
2023,2024-02-19,ATHB,GIR,1,1
2023,2024-02-18,RAYO,RMA,0,-1
2023,2024-02-18,GRA,ALM,0,1
2023,2024-02-18,MALL,RSO,-1,-1
2023,2024-02-18,BET,ALA,0,1
2023,2024-02-17,ATHM,LASP,1,-1
2023,2024-02-17,OSA,CAD,1,-1
2023,2024-02-17,CEL,BARC,-1,-1
2023,2024-02-17,VLC,SEV,0,-1
2023,2024-02-16,VIL,GET,0,0
2023,2024-02-12,ALM,ATHB,0,0
2023,2024-02-11,GET,CEL,1,1
2023,2024-02-11,MALL,RAYO,1,0
2023,2024-02-11,SEV,ATHM,1,1
2023,2024-02-11,BARC,GRA,0,-1
2023,2024-02-10,ALA,VIL,0,0
2023,2024-02-10,RSO,OSA,-1,0
2023,2024-02-10,RMA,GIR,1,-1
2023,2024-02-10,LASP,VLC,1,0
2023,2024-02-09,CAD,BET,-1,0
2023,2024-02-05,RAYO,SEV,-1,0
2023,2024-02-04,VIL,CAD,0,-1
2023,2024-02-04,OSA,CEL,-1,0
2023,2024-02-04,BET,GET,0,1
2023,2024-02-04,RMA,ATHM,0,0
2023,2024-02-03,VLC,ALM,1,1
2023,2024-02-03,GRA,LASP,0,0
2023,2024-02-03,ALA,BARC,-1,0
2023,2024-02-03,GIR,RSO,0,0
2023,2024-02-02,ATHB,MALL,1,0
2023,2024-02-01,GET,RMA,-1,0
2023,2024-01-31,BARC,OSA,1,1
2023,2024-01-31,ATHM,RAYO,1,-1
2023,2024-01-29,GET,GRA,1,-1
2023,2024-01-28,CEL,GIR,-1,-1
2023,2024-01-28,CAD,ATHB,0,-1
2023,2024-01-28,SEV,OSA,0,-1
2023,2024-01-28,ATHM,VLC,1,0
2023,2024-01-27,RSO,RAYO,0,-1
2023,2024-01-27,LASP,RMA,-1,0
2023,2024-01-27,BARC,VIL,-1,0
2023,2024-01-27,MALL,BET,-1,1
2023,2024-01-26,ALM,ALA,-1,0
2023,2024-01-22,GRA,ATHM,-1,1
2023,2024-01-21,OSA,GET,1,-1
2023,2024-01-21,RMA,ALM,1,-1
2023,2024-01-21,BET,BARC,-1,1
2023,2024-01-21,GIR,SEV,1,1
2023,2024-01-20,RAYO,LASP,-1,1
2023,2024-01-20,VIL,MALL,0,-1
2023,2024-01-20,VLC,ATHB,1,-1
2023,2024-01-20,CEL,RSO,-1,1
2023,2024-01-19,ALA,CAD,1,1
2023,2024-01-14,ALM,GIR,0,-1
2023,2024-01-14,CAD,VLC,-1,0
2023,2024-01-13,LASP,VIL,1,0
2023,2024-01-13,MALL,CEL,0,0
2023,2024-01-13,ATHB,RSO,1,-1
2023,2024-01-13,BET,GRA,1,0
2023,2024-01-12,SEV,ALA,-1,-1
2023,2024-01-04,OSA,ALM,1,0
2023,2024-01-04,SEV,ATHB,-1,-1
2023,2024-01-04,LASP,BARC,-1,-1
2023,2024-01-03,GRA,CAD,1,0
2023,2024-01-03,CEL,BET,1,0
2023,2024-01-03,RMA,MALL,1,0
2023,2024-01-03,GIR,ATHM,1,1
2023,2024-01-02,GET,RAYO,-1,1
2023,2024-01-02,RSO,ALA,0,0
2023,2024-01-02,VLC,VIL,1,-1
2023,2023-12-23,ATHM,SEV,1,-1
2023,2023-12-21,BET,GIR,0,0
2023,2023-12-21,CAD,RSO,0,0
2023,2023-12-21,ALA,RMA,-1,-1
2023,2023-12-21,MALL,OSA,1,-1
2023,2023-12-20,BARC,ALM,1,0
2023,2023-12-20,ATHB,LASP,1,-1
2023,2023-12-20,VIL,CEL,1,-1
2023,2023-12-19,RAYO,VLC,-1,0
2023,2023-12-19,ATHM,GET,0,-1
2023,2023-12-19,GRA,SEV,-1,1
2023,2023-12-18,GIR,ALA,1,-1
2023,2023-12-17,ALM,MALL,0,1
2023,2023-12-17,RSO,BET,0,1
2023,2023-12-17,LASP,CAD,0,0
2023,2023-12-17,RMA,VIL,1,1
2023,2023-12-16,CEL,GRA,1,-1
2023,2023-12-16,ATHB,ATHM,1,0
2023,2023-12-16,SEV,GET,-1,1
2023,2023-12-16,VLC,BARC,0,1
2023,2023-12-15,OSA,RAYO,1,1
2023,2023-12-11,GRA,ATHB,0,-1
2023,2023-12-11,RAYO,CEL,0,-1
2023,2023-12-10,ATHM,ALM,1,1
2023,2023-12-10,CAD,OSA,0,-1
2023,2023-12-10,BARC,GIR,-1,1
2023,2023-12-09,ALA,LASP,-1,0
2023,2023-12-09,BET,RMA,0,-1
2023,2023-12-09,VIL,RSO,-1,1
2023,2023-12-09,MALL,SEV,1,0
2023,2023-12-08,GET,VLC,1,1
2023,2023-12-04,CEL,CAD,0,1
2023,2023-12-03,MALL,ALA,0,1
2023,2023-12-03,ALM,BET,0,0
2023,2023-12-03,SEV,VIL,0,0
2023,2023-12-03,BARC,ATHM,1,0
2023,2023-12-02,GIR,VLC,1,1
2023,2023-12-02,ATHB,RAYO,1,0
2023,2023-12-02,RMA,GRA,1,1
2023,2023-12-02,OSA,RSO,0,0
2023,2023-12-01,LASP,GET,1,0
2023,2023-11-29,MALL,CAD,0,-1
2023,2023-11-27,GIR,ATHB,0,-1
2023,2023-11-26,VIL,OSA,1,0
2023,2023-11-26,RSO,SEV,1,-1
2023,2023-11-26,CAD,RMA,-1,-1
2023,2023-11-26,BET,LASP,1,1
2023,2023-11-25,RAYO,BARC,0,0
2023,2023-11-25,VLC,CEL,0,1
2023,2023-11-25,GET,ALM,1,-1
2023,2023-11-25,ATHM,MALL,1,-1
2023,2023-11-24,ALA,GRA,1,-1
2023,2023-11-12,BARC,ALA,1,1
2023,2023-11-12,SEV,BET,0,0
2023,2023-11-12,ATHM,VIL,1,0
2023,2023-11-11,RAYO,GIR,-1,0
2023,2023-11-11,ALM,RSO,-1,0
2023,2023-11-11,GRA,GET,0,0
2023,2023-11-11,OSA,LASP,0,1
2023,2023-11-11,RMA,VLC,1,-1
2023,2023-11-10,ATHB,CEL,1,1
2023,2023-11-06,GET,CAD,1,0
2023,2023-11-05,ALA,ALM,1,1
2023,2023-11-05,VLC,GRA,1,1
2023,2023-11-05,VIL,ATHB,-1,0
2023,2023-11-05,RMA,RAYO,0,1
2023,2023-11-04,OSA,GIR,-1,0
2023,2023-11-04,BET,MALL,1,-1
2023,2023-11-04,CEL,SEV,0,-1
2023,2023-11-04,RSO,BARC,-1,0
2023,2023-11-03,LASP,ATHM,1,0
2023,2023-10-30,GRA,VIL,-1,0
2023,2023-10-29,BET,OSA,1,0
2023,2023-10-29,RAYO,RSO,0,1
2023,2023-10-29,ATHB,VLC,0,1
2023,2023-10-29,ATHM,ALA,1,0
2023,2023-10-28,ALM,LASP,-1,1
2023,2023-10-28,BARC,RMA,-1,1
2023,2023-10-28,MALL,GET,0,0
2023,2023-10-28,CAD,SEV,0,-1
2023,2023-10-27,GIR,CEL,1,1
2023,2023-10-23,VLC,CAD,1,0
2023,2023-10-22,LASP,RAYO,-1,0
2023,2023-10-22,GIR,ALM,1,1
2023,2023-10-22,VIL,ALA,0,-1
2023,2023-10-22,BARC,ATHB,1,-1
2023,2023-10-21,RSO,MALL,1,-1
2023,2023-10-21,GET,BET,0,0
2023,2023-10-21,SEV,RMA,0,-1
2023,2023-10-21,CEL,ATHM,-1,0
2023,2023-10-20,OSA,GRA,1,0
2023,2023-10-08,VIL,LASP,-1,0
2023,2023-10-08,ATHM,RSO,1,1
2023,2023-10-08,ALA,BET,0,1
2023,2023-10-08,CEL,GET,0,1
2023,2023-10-08,GRA,BARC,0,0
2023,2023-10-07,CAD,GIR,-1,0
2023,2023-10-07,RMA,OSA,1,1
2023,2023-10-07,MALL,VLC,0,-1
2023,2023-10-07,SEV,RAYO,0,-1
2023,2023-10-06,ATHB,ALM,1,1
2023,2023-10-02,LASP,CEL,1,-1
2023,2023-10-01,ALM,GRA,0,1
2023,2023-10-01,ALA,OSA,-1,0
2023,2023-10-01,ATHM,CAD,1,1
2023,2023-10-01,BET,VLC,1,0
2023,2023-09-30,GET,VIL,0,1
2023,2023-09-30,RAYO,MALL,0,-1
2023,2023-09-30,GIR,RMA,-1,0
2023,2023-09-30,RSO,ATHB,1,-1
2023,2023-09-29,BARC,SEV,1,1
2023,2023-09-28,CEL,ALA,0,0
2023,2023-09-28,GRA,BET,0,0
2023,2023-09-28,OSA,ATHM,-1,0
2023,2023-09-27,ATHB,GET,0,-1
2023,2023-09-27,RMA,LASP,1,0
2023,2023-09-27,VIL,GIR,-1,-1
2023,2023-09-27,CAD,RAYO,0,1
2023,2023-09-27,VLC,RSO,-1,1
2023,2023-09-26,SEV,ALM,1,-1
2023,2023-09-26,MALL,BARC,0,0
2023,2023-09-24,RSO,GET,1,1
2023,2023-09-24,RAYO,VIL,0,0
2023,2023-09-24,BET,CAD,0,0
2023,2023-09-24,LASP,GRA,1,1
2023,2023-09-24,ATHM,RMA,1,1
2023,2023-09-23,GIR,MALL,1,-1
2023,2023-09-23,OSA,SEV,0,1
2023,2023-09-23,BARC,CEL,1,0
2023,2023-09-23,ALM,VLC,0,0
2023,2023-09-22,ALA,ATHB,-1,-1
2023,2023-09-18,GRA,GIR,-1,1
2023,2023-09-17,GET,OSA,1,1
2023,2023-09-17,VIL,ALM,1,1
2023,2023-09-17,SEV,LASP,1,-1
2023,2023-09-17,RMA,RSO,1,0
2023,2023-09-16,ATHB,CAD,1,1
2023,2023-09-16,VLC,ATHM,1,0
2023,2023-09-16,CEL,MALL,-1,-1
2023,2023-09-16,BARC,BET,1,-1
2023,2023-09-15,RAYO,ALA,1,0
2023,2023-09-03,GIR,LASP,1,1
2023,2023-09-03,MALL,ATHB,0,0
2023,2023-09-03,OSA,BARC,-1,0
2023,2023-09-02,RSO,GRA,1,-1
2023,2023-09-02,RMA,GET,1,1
2023,2023-09-02,ALA,VLC,1,1
2023,2023-09-02,BET,RAYO,1,0
2023,2023-09-01,CAD,VIL,1,-1
2023,2023-09-01,ALM,CEL,-1,-1
2023,2023-08-28,GET,ALA,1,-1
2023,2023-08-28,RAYO,ATHM,-1,0
2023,2023-08-27,VIL,BARC,-1,0
2023,2023-08-27,VLC,OSA,-1,1
2023,2023-08-27,ATHB,BET,1,-1
2023,2023-08-26,CAD,ALM,0,0
2023,2023-08-26,GRA,MALL,1,0
2023,2023-08-26,SEV,GIR,-1,-1
2023,2023-08-25,LASP,RSO,0,-1
2023,2023-08-25,CEL,RMA,-1,1
2023,2023-08-21,ALA,SEV,1,1
2023,2023-08-21,GRA,RAYO,-1,1
2023,2023-08-20,GIR,GET,1,-1
2023,2023-08-20,BARC,CAD,1,1
2023,2023-08-20,BET,ATHM,0,0
2023,2023-08-19,RSO,CEL,0,0
2023,2023-08-19,ALM,RMA,-1,1
2023,2023-08-19,OSA,ATHB,-1,0
2023,2023-08-18,MALL,VIL,-1,0
2023,2023-08-18,VLC,LASP,1,0
2023,2023-08-14,CAD,ALA,1,-1
2023,2023-08-14,ATHM,GRA,1,-1
2023,2023-08-13,CEL,OSA,-1,1
2023,2023-08-13,VIL,BET,-1,0
2023,2023-08-13,GET,BARC,0,1
2023,2023-08-12,RSO,GIR,0,-1
2023,2023-08-12,LASP,MALL,0,0
2023,2023-08-12,ATHB,RMA,-1,0
2023,2023-08-11,ALM,RAYO,-1,-1
2023,2023-08-11,SEV,VLC,-1,0
2022,2023-06-04,MALL,RAYO,1,-1
2022,2023-06-04,OSA,GIR,1,0
2022,2023-06-04,RMA,ATHB,0,0
2022,2023-06-04,RSO,SEV,1,1
2022,2023-06-04,VIL,ATHM,0,-1
2022,2023-06-04,BET,VLC,0,-1
2022,2023-06-04,CEL,BARC,1,1
2022,2023-06-04,ELC,CAD,0,0
2022,2023-06-04,ESP,ALM,0,1
2022,2023-06-04,VLLD,GET,0,1
2022,2023-05-28,ALM,VLLD,0,1
2022,2023-05-28,ATHB,ELC,-1,0
2022,2023-05-28,ATHM,RSO,1,-1
2022,2023-05-28,BARC,MALL,1,1
2022,2023-05-28,CAD,CEL,1,-1
2022,2023-05-28,GET,OSA,1,0
2022,2023-05-28,GIR,BET,-1,-1
2022,2023-05-28,VLC,ESP,0,-1
2022,2023-05-28,RAYO,VIL,1,-1
2022,2023-05-27,SEV,RMA,-1,0
2022,2023-05-25,MALL,VLC,1,1
2022,2023-05-25,OSA,ATHB,1,0
2022,2023-05-24,ELC,SEV,0,0
2022,2023-05-24,RMA,RAYO,1,1
2022,2023-05-24,VIL,CAD,1,-1
2022,2023-05-24,BET,GET,-1,1
2022,2023-05-24,ESP,ATHM,0,0
2022,2023-05-23,CEL,GIR,0,1
2022,2023-05-23,RSO,ALM,1,0
2022,2023-05-23,VLLD,BARC,1,0
2022,2023-05-21,RAYO,ESP,-1,0
2022,2023-05-21,ATHM,OSA,1,0
2022,2023-05-21,VLC,RMA,1,0
2022,2023-05-21,SEV,BET,0,1
2022,2023-05-20,GIR,VIL,-1,1
2022,2023-05-20,ATHB,CEL,1,0
2022,2023-05-20,ALM,MALL,1,0
2022,2023-05-20,GET,ELC,0,-1
2022,2023-05-20,BARC,RSO,-1,1
2022,2023-05-19,CAD,VLLD,1,1
2022,2023-05-15,BET,RAYO,1,1
2022,2023-05-14,CEL,VLC,-1,-1
2022,2023-05-14,ELC,ATHM,1,-1
2022,2023-05-14,VLLD,SEV,-1,-1
2022,2023-05-14,ESP,BARC,-1,-1
2022,2023-05-13,RSO,GIR,0,-1
2022,2023-05-13,OSA,ALM,1,0
2022,2023-05-13,VIL,ATHB,1,0
2022,2023-05-13,RMA,GET,1,-1
2022,2023-05-12,MALL,CAD,1,0
2022,2023-05-04,GIR,MALL,1,-1
2022,2023-05-04,SEV,ESP,1,1
2022,2023-05-04,ATHB,BET,-1,0
2022,2023-05-04,RAYO,VLLD,1,0
2022,2023-05-03,VLC,VIL,0,0
2022,2023-05-03,ATHM,CAD,1,0
2022,2023-05-03,GET,CEL,1,0
2022,2023-05-02,ALM,ELC,1,0
2022,2023-05-02,BARC,OSA,1,-1
2022,2023-05-02,RSO,RMA,1,1
2022,2023-05-01,MALL,ATHB,0,1
2022,2023-05-01,SEV,GIR,-1,-1
2022,2023-04-30,CAD,VLC,1,1
2022,2023-04-30,VIL,CEL,1,1
2022,2023-04-30,ESP,GET,1,1
2022,2023-04-30,VLLD,ATHM,-1,0
2022,2023-04-29,ELC,RAYO,1,0
2022,2023-04-29,RMA,ALM,1,-1
2022,2023-04-29,BARC,BET,1,-1
2022,2023-04-28,OSA,RSO,-1,0
2022,2023-04-27,VLC,VLLD,1,0
2022,2023-04-27,VIL,ESP,1,1
2022,2023-04-27,ATHB,SEV,-1,-1
2022,2023-04-26,ATHM,MALL,1,1
2022,2023-04-26,GET,ALM,-1,-1
2022,2023-04-26,CEL,ELC,1,1
2022,2023-04-26,RAYO,BARC,1,0
2022,2023-04-25,CAD,OSA,-1,1
2022,2023-04-25,GIR,RMA,1,0
2022,2023-04-25,BET,RSO,0,1
2022,2023-04-23,ELC,VLC,-1,0
2022,2023-04-23,BARC,ATHM,1,1
2022,2023-04-23,MALL,GET,1,1
2022,2023-04-23,SEV,VIL,1,-1
2022,2023-04-22,OSA,BET,1,0
2022,2023-04-22,ALM,ATHB,-1,0
2022,2023-04-22,RSO,RAYO,1,0
2022,2023-04-22,VLLD,GIR,1,0
2022,2023-04-22,RMA,CEL,1,1
2022,2023-04-21,ESP,CAD,0,-1
2022,2023-04-17,CEL,MALL,-1,1
2022,2023-04-16,GIR,ELC,1,1
2022,2023-04-16,GET,BARC,0,1
2022,2023-04-16,ATHM,ALM,1,0
2022,2023-04-16,VLC,SEV,-1,1
2022,2023-04-15,VIL,VLLD,-1,0
2022,2023-04-15,ATHB,RSO,1,-1
2022,2023-04-15,BET,ESP,1,0
2022,2023-04-15,CAD,RMA,-1,1
2022,2023-04-14,RAYO,OSA,1,1
2022,2023-04-10,BARC,GIR,0,0
2022,2023-04-09,VLLD,MALL,0,-1
2022,2023-04-09,BET,CAD,-1,0
2022,2023-04-09,ALM,VLC,1,0
2022,2023-04-09,RAYO,ATHM,-1,0
2022,2023-04-08,OSA,ELC,1,0
2022,2023-04-08,ESP,ATHB,-1,-1
2022,2023-04-08,RSO,GET,1,1
2022,2023-04-08,RMA,VIL,-1,1
2022,2023-04-07,SEV,CEL,0,1
2022,2023-04-03,VLC,RAYO,0,-1
2022,2023-04-02,CEL,ALM,0,0
2022,2023-04-02,RMA,VLLD,1,1
2022,2023-04-02,VIL,RSO,1,-1
2022,2023-04-02,ATHM,BET,1,0
2022,2023-04-01,GIR,ESP,1,0
2022,2023-04-01,ATHB,GET,0,0
2022,2023-04-01,CAD,SEV,-1,1
2022,2023-04-01,ELC,BARC,-1,0
2022,2023-03-31,MALL,OSA,0,0
2022,2023-03-19,BET,MALL,1,0
2022,2023-03-19,OSA,VIL,-1,0
2022,2023-03-19,RSO,ELC,1,1
2022,2023-03-19,GET,SEV,1,-1
2022,2023-03-19,BARC,RMA,1,-1
2022,2023-03-18,ALM,CAD,0,0
2022,2023-03-18,RAYO,GIR,0,-1
2022,2023-03-18,ESP,CEL,-1,-1
2022,2023-03-18,ATHM,VLC,1,1
2022,2023-03-17,VLLD,ATHB,-1,1
2022,2023-03-13,GIR,ATHM,-1,1
2022,2023-03-12,MALL,RSO,0,0
2022,2023-03-12,SEV,ALM,1,1
2022,2023-03-12,VIL,BET,0,-1
2022,2023-03-12,ATHB,BARC,-1,1
2022,2023-03-11,RMA,ESP,1,1
2022,2023-03-11,ELC,VLLD,0,-1
2022,2023-03-11,CEL,RAYO,1,0
2022,2023-03-11,VLC,OSA,1,0
2022,2023-03-10,CAD,GET,0,0
2022,2023-03-06,OSA,CEL,0,0
2022,2023-03-05,VLLD,ESP,1,-1
2022,2023-03-05,BARC,VLC,1,0
2022,2023-03-05,RAYO,ATHB,0,1
2022,2023-03-05,BET,RMA,0,1
2022,2023-03-04,GET,GIR,1,0
2022,2023-03-04,ALM,VIL,-1,0
2022,2023-03-04,MALL,ELC,-1,-1
2022,2023-03-04,ATHM,SEV,1,0
2022,2023-03-03,RSO,CAD,0,0
2022,2023-02-27,VIL,GET,1,0
2022,2023-02-26,ATHB,GIR,-1,0
2022,2023-02-26,CEL,VLLD,1,0
2022,2023-02-26,ALM,BARC,1,0
2022,2023-02-26,SEV,OSA,-1,-1
2022,2023-02-25,ESP,MALL,1,1
2022,2023-02-25,CAD,RAYO,1,1
2022,2023-02-25,RMA,ATHM,0,-1
2022,2023-02-25,VLC,RSO,1,-1
2022,2023-02-24,ELC,BET,-1,-1
2022,2023-02-20,GET,VLC,1,0
2022,2023-02-19,ELC,ESP,-1,0
2022,2023-02-19,RAYO,SEV,0,0
2022,2023-02-19,ATHM,ATHB,1,-1
2022,2023-02-19,BARC,CAD,1,-1
2022,2023-02-18,RSO,CEL,0,1
2022,2023-02-18,BET,VLLD,1,-1
2022,2023-02-18,MALL,VIL,1,0
2022,2023-02-18,OSA,RMA,-1,0
2022,2023-02-17,GIR,ALM,1,-1
2022,2023-02-15,RMA,ELC,1,0
2022,2023-02-13,ESP,RSO,-1,0
2022,2023-02-12,GET,RAYO,0,-1
2022,2023-02-12,CEL,ATHM,-1,0
2022,2023-02-12,VLLD,OSA,0,0
2022,2023-02-12,VIL,BARC,-1,-1
2022,2023-02-11,ALM,BET,-1,-1
2022,2023-02-11,SEV,MALL,1,-1
2022,2023-02-11,VLC,ATHB,-1,0
2022,2023-02-10,CAD,GIR,1,1
2022,2023-02-06,RAYO,ALM,1,1
2022,2023-02-05,MALL,RMA,1,1
2022,2023-02-05,GIR,VLC,1,-1
2022,2023-02-05,RSO,VLLD,-1,-1
2022,2023-02-05,BARC,SEV,1,0
2022,2023-02-04,ESP,OSA,0,-1
2022,2023-02-04,ELC,VIL,1,-1
2022,2023-02-04,ATHM,GET,0,0
2022,2023-02-04,BET,CEL,-1,-1
2022,2023-02-03,ATHB,CAD,1,1
2022,2023-02-02,RMA,VLC,1,-1
2022,2023-02-01,BET,BARC,-1,1
2022,2023-01-30,VIL,RAYO,-1,1
2022,2023-01-29,VLLD,VLC,1,1
2022,2023-01-29,OSA,ATHM,-1,0
2022,2023-01-29,CEL,ATHB,1,-1
2022,2023-01-29,RMA,RSO,0,0
2022,2023-01-28,CAD,MALL,1,1
2022,2023-01-28,GIR,BARC,-1,1
2022,2023-01-28,SEV,ELC,1,0
2022,2023-01-28,GET,BET,-1,-1
2022,2023-01-27,ALM,ESP,1,0
2022,2023-01-23,VLC,ALM,0,-1
2022,2023-01-22,VIL,GIR,1,-1
2022,2023-01-22,ELC,OSA,0,1
2022,2023-01-22,BARC,GET,1,0
2022,2023-01-22,ATHB,RMA,-1,1
2022,2023-01-21,RAYO,RSO,-1,0
2022,2023-01-21,ESP,BET,1,-1
2022,2023-01-21,ATHM,VLLD,1,-1
2022,2023-01-21,SEV,CAD,1,0
2022,2023-01-20,MALL,CEL,1,-1
2022,2023-01-16,CAD,ELC,0,-1
2022,2023-01-15,GET,ESP,-1,0
2022,2023-01-15,ALM,ATHM,0,1
2022,2023-01-14,VLLD,RAYO,-1,-1
2022,2023-01-14,GIR,SEV,1,0
2022,2023-01-14,OSA,MALL,1,1
2022,2023-01-14,RSO,ATHB,1,-1
2022,2023-01-13,CEL,VIL,0,-1
2022,2023-01-09,ATHB,OSA,0,1
2022,2023-01-08,ALM,RSO,-1,0
2022,2023-01-08,RAYO,BET,-1,-1
2022,2023-01-08,SEV,GET,1,0
2022,2023-01-08,ATHM,BARC,-1,-1
2022,2023-01-07,VIL,RMA,1,1
2022,2023-01-07,MALL,VLLD,1,1
2022,2023-01-07,ESP,GIR,0,-1
2022,2023-01-06,ELC,CEL,-1,1
2022,2023-01-06,VLC,CAD,-1,-1
2022,2022-12-31,BARC,ESP,0,1
2022,2022-12-31,RSO,OSA,1,0
2022,2022-12-31,VIL,VLC,1,1
2022,2022-12-30,GET,MALL,1,-1
2022,2022-12-30,CAD,ALM,0,0
2022,2022-12-30,CEL,SEV,0,0
2022,2022-12-30,VLLD,RMA,-1,0
2022,2022-12-29,GIR,RAYO,0,-1
2022,2022-12-29,BET,ATHB,0,-1
2022,2022-12-29,ATHM,ELC,1,0
2022,2022-11-10,RAYO,CEL,0,0
2022,2022-11-10,VLC,BET,1,1
2022,2022-11-10,RMA,CAD,1,0
2022,2022-11-09,ALM,GET,1,-1
2022,2022-11-09,SEV,RSO,-1,1
2022,2022-11-09,ESP,VIL,-1,0
2022,2022-11-09,MALL,ATHM,1,1
2022,2022-11-08,ELC,GIR,-1,1
2022,2022-11-08,ATHB,VLLD,1,1
2022,2022-11-08,OSA,BARC,-1,0
2022,2022-11-07,RAYO,RMA,1,1
2022,2022-11-06,ATHM,ESP,0,-1
2022,2022-11-06,RSO,VLC,0,0
2022,2022-11-06,VIL,MALL,-1,0
2022,2022-11-06,BET,SEV,0,0
2022,2022-11-05,GET,CAD,0,0
2022,2022-11-05,VLLD,ELC,1,0
2022,2022-11-05,CEL,OSA,-1,0
2022,2022-11-05,BARC,ALM,1,-1
2022,2022-11-04,GIR,ATHB,1,1
2022,2022-10-31,ELC,GET,-1,-1
2022,2022-10-30,OSA,VLLD,1,1
2022,2022-10-30,RMA,GIR,0,-1
2022,2022-10-30,ATHB,VIL,1,1
2022,2022-10-30,RSO,BET,-1,0
2022,2022-10-29,ALM,CEL,1,-1
2022,2022-10-29,CAD,ATHM,1,-1
2022,2022-10-29,SEV,RAYO,-1,0
2022,2022-10-29,VLC,BARC,-1,0
2022,2022-10-28,MALL,ESP,0,0
2022,2022-10-24,CEL,GET,0,1
2022,2022-10-23,ESP,ELC,0,-1
2022,2022-10-23,BET,ATHM,-1,-1
2022,2022-10-23,GIR,OSA,0,-1
2022,2022-10-23,VIL,ALM,1,-1
2022,2022-10-23,BARC,ATHB,1,-1
2022,2022-10-22,RAYO,CAD,1,0
2022,2022-10-22,VLLD,RSO,1,1
2022,2022-10-22,VLC,MALL,-1,0
2022,2022-10-22,RMA,SEV,1,1
2022,2022-10-20,ALM,GIR,1,1
2022,2022-10-20,OSA,ESP,1,-1
2022,2022-10-20,BARC,VIL,1,-1
2022,2022-10-19,CAD,BET,0,0
2022,2022-10-19,VLLD,CEL,1,-1
2022,2022-10-19,RSO,MALL,1,1
2022,2022-10-19,ELC,RMA,-1,-1
2022,2022-10-18,SEV,VLC,0,0
2022,2022-10-18,GET,ATHB,0,0
2022,2022-10-18,ATHM,RAYO,0,-1
2022,2022-10-17,VIL,OSA,1,1
2022,2022-10-16,CEL,RSO,-1,1
2022,2022-10-16,RMA,BARC,1,0
2022,2022-10-16,ESP,VLLD,1,-1
2022,2022-10-16,BET,ALM,1,-1
2022,2022-10-15,GIR,CAD,0,1
2022,2022-10-15,VLC,ELC,0,-1
2022,2022-10-15,MALL,SEV,-1,1
2022,2022-10-15,ATHB,ATHM,-1,1
2022,2022-10-14,RAYO,GET,0,1
2022,2022-10-10,ELC,MALL,0,1
2022,2022-10-09,VLLD,BET,0,0
2022,2022-10-09,CAD,ESP,0,0
2022,2022-10-09,RSO,VIL,1,-1
2022,2022-10-09,BARC,CEL,1,-1
2022,2022-10-08,ALM,RAYO,1,-1
2022,2022-10-08,ATHM,GIR,1,1
2022,2022-10-08,SEV,ATHB,0,0
2022,2022-10-08,GET,RMA,-1,1
2022,2022-10-07,OSA,VLC,-1,-1
2022,2022-10-03,RAYO,ELC,1,-1
2022,2022-10-02,ESP,VLC,0,-1
2022,2022-10-02,CEL,BET,1,-1
2022,2022-10-02,GIR,RSO,-1,-1
2022,2022-10-02,RMA,OSA,0,-1
2022,2022-10-01,CAD,VIL,0,0
2022,2022-10-01,GET,VLLD,-1,0
2022,2022-10-01,SEV,ATHM,-1,0
2022,2022-10-01,MALL,BARC,-1,0
2022,2022-09-30,ATHB,ALM,1,1
2022,2022-09-18,OSA,GET,-1,1
2022,2022-09-18,VIL,SEV,0,1
2022,2022-09-18,BET,GIR,1,0
2022,2022-09-18,RSO,ESP,1,0
2022,2022-09-18,ATHM,RMA,-1,0
2022,2022-09-17,MALL,ALM,1,-1
2022,2022-09-17,BARC,ELC,1,1
2022,2022-09-17,VLC,CEL,1,0
2022,2022-09-17,ATHB,RAYO,1,1
2022,2022-09-16,VLLD,CAD,-1,-1
2022,2022-09-12,ALM,OSA,-1,0
2022,2022-09-11,RMA,MALL,1,0
2022,2022-09-11,ELC,ATHB,-1,-1
2022,2022-09-11,GET,RSO,1,-1
2022,2022-09-11,BET,VIL,1,0
2022,2022-09-10,RAYO,VLC,1,0
2022,2022-09-10,ESP,SEV,-1,-1
2022,2022-09-10,CAD,BARC,-1,0
2022,2022-09-10,ATHM,CEL,1,-1
2022,2022-09-09,GIR,VLLD,1,1
2022,2022-09-05,VLLD,ALM,1,1
2022,2022-09-04,OSA,RAYO,1,1
2022,2022-09-04,ATHB,ESP,-1,-1
2022,2022-09-04,VIL,ELC,1,-1
2022,2022-09-04,VLC,GET,1,1
2022,2022-09-03,MALL,GIR,0,-1
2022,2022-09-03,RMA,BET,1,0
2022,2022-09-03,RSO,ATHM,0,0
2022,2022-09-03,SEV,BARC,-1,-1
2022,2022-09-02,CEL,CAD,1,0
2022,2022-08-29,CAD,ATHB,-1,0
2022,2022-08-29,VLC,ATHM,-1,1
2022,2022-08-28,GET,VIL,0,0
2022,2022-08-28,BARC,VLLD,1,-1
2022,2022-08-28,ESP,RMA,-1,0
2022,2022-08-27,ELC,RSO,-1,-1
2022,2022-08-27,RAYO,MALL,-1,0
2022,2022-08-27,ALM,SEV,1,-1
2022,2022-08-26,GIR,CEL,-1,1
2022,2022-08-26,BET,OSA,1,1
2022,2022-08-22,ELC,ALM,0,0
2022,2022-08-22,GIR,GET,1,-1
2022,2022-08-21,ATHB,VLC,1,0
2022,2022-08-21,ATHM,VIL,-1,1
2022,2022-08-21,RSO,BARC,-1,-1
2022,2022-08-20,OSA,CAD,1,1
2022,2022-08-20,MALL,BET,-1,0
2022,2022-08-20,CEL,RMA,-1,-1
2022,2022-08-19,ESP,RAYO,-1,1
2022,2022-08-19,SEV,VLLD,0,1
2022,2022-08-15,ATHB,MALL,0,-1
2022,2022-08-15,GET,ATHM,-1,0
2022,2022-08-15,BET,ELC,1,1
2022,2022-08-14,CAD,RSO,-1,1
2022,2022-08-14,VLC,GIR,1,0
2022,2022-08-14,ALM,RMA,-1,-1
2022,2022-08-13,CEL,ESP,0,1
2022,2022-08-13,VLLD,VIL,-1,0
2022,2022-08-13,BARC,RAYO,0,1
2022,2022-08-12,OSA,SEV,1,1
2021,2022-05-22,ELC,GET,1,0
2021,2022-05-22,ALA,CAD,-1,1
2021,2022-05-22,GRA,ESP,0,-1
2021,2022-05-22,OSA,MALL,-1,0
2021,2022-05-22,BARC,VIL,-1,0
2021,2022-05-22,SEV,ATHB,1,0
2021,2022-05-22,RSO,ATHM,-1,1
2021,2022-05-21,VLC,CEL,1,-1
2021,2022-05-20,RMA,BET,0,-1
2021,2022-05-20,RAYO,LEVA,-1,0
2021,2022-05-15,ATHB,OSA,1,0
2021,2022-05-15,ATHM,SEV,0,1
2021,2022-05-15,BET,GRA,1,1
2021,2022-05-15,CAD,RMA,0,1
2021,2022-05-15,CEL,ELC,1,-1
2021,2022-05-15,GET,BARC,0,-1
2021,2022-05-15,LEVA,ALA,1,0
2021,2022-05-15,MALL,RAYO,1,1
2021,2022-05-15,VIL,RSO,-1,1
2021,2022-05-14,ESP,VLC,0,0
2021,2022-05-12,RSO,CAD,1,-1
2021,2022-05-12,RAYO,VIL,-1,-1
2021,2022-05-12,RMA,LEVA,1,0
2021,2022-05-11,ALA,ESP,1,1
2021,2022-05-11,OSA,GET,0,0
2021,2022-05-11,SEV,MALL,0,1
2021,2022-05-11,ELC,ATHM,-1,0
2021,2022-05-10,VLC,BET,-1,-1
2021,2022-05-10,GRA,ATHB,1,-1
2021,2022-05-10,BARC,CEL,1,0
2021,2022-05-08,GET,RAYO,0,1
2021,2022-05-08,VIL,SEV,0,1
2021,2022-05-08,ESP,OSA,0,-1
2021,2022-05-08,ATHM,RMA,1,0
2021,2022-05-07,MALL,GRA,-1,1
2021,2022-05-07,ATHB,VLC,0,-1
2021,2022-05-07,CAD,ELC,1,0
2021,2022-05-07,CEL,ALA,1,-1
2021,2022-05-07,BET,BARC,-1,1
2021,2022-05-06,LEVA,RSO,1,1
2021,2022-05-02,GET,BET,0,1
2021,2022-05-01,ELC,OSA,0,1
2021,2022-05-01,GRA,CEL,0,1
2021,2022-05-01,RAYO,RSO,0,0
2021,2022-05-01,BARC,MALL,1,1
2021,2022-04-30,ALA,VIL,1,0
2021,2022-04-30,RMA,ESP,1,1
2021,2022-04-30,VLC,LEVA,0,-1
2021,2022-04-30,ATHB,ATHM,1,0
2021,2022-04-29,SEV,CAD,0,1
2021,2022-04-24,BARC,RAYO,-1,0
2021,2022-04-21,ESP,RAYO,-1,-1
2021,2022-04-21,LEVA,SEV,-1,0
2021,2022-04-21,CAD,ATHB,-1,0
2021,2022-04-21,RSO,BARC,-1,0
2021,2022-04-20,ATHM,GRA,0,0
2021,2022-04-20,CEL,GET,-1,1
2021,2022-04-20,OSA,RMA,-1,-1
2021,2022-04-19,MALL,ALA,1,0
2021,2022-04-19,BET,ELC,-1,-1
2021,2022-04-19,VIL,VLC,1,0
2021,2022-04-18,BARC,CAD,-1,1
2021,2022-04-17,GRA,LEVA,-1,1
2021,2022-04-17,ATHM,ESP,1,1
2021,2022-04-17,ATHB,CEL,-1,0
2021,2022-04-17,SEV,RMA,-1,1
2021,2022-04-16,ELC,MALL,1,0
2021,2022-04-16,ALA,RAYO,1,1
2021,2022-04-16,VLC,OSA,-1,1
2021,2022-04-16,GET,VIL,-1,-1
2021,2022-04-15,RSO,BET,0,-1
2021,2022-04-11,RAYO,VLC,0,-1
2021,2022-04-10,OSA,ALA,1,-1
2021,2022-04-10,ESP,CEL,1,1
2021,2022-04-10,ELC,RSO,-1,1
2021,2022-04-10,LEVA,BARC,-1,1
2021,2022-04-09,CAD,BET,-1,1
2021,2022-04-09,MALL,ATHM,1,1
2021,2022-04-09,VIL,ATHB,0,-1
2021,2022-04-09,RMA,GET,1,1
2021,2022-04-08,SEV,GRA,1,0
2021,2022-04-04,RSO,ESP,1,1
2021,2022-04-03,ATHB,ELC,1,-1
2021,2022-04-03,BET,OSA,1,0
2021,2022-04-03,GRA,RAYO,0,1
2021,2022-04-03,VLC,CAD,0,1
2021,2022-04-03,BARC,SEV,1,1
2021,2022-04-02,GET,MALL,1,-1
2021,2022-04-02,LEVA,VIL,1,1
2021,2022-04-02,CEL,RMA,-1,1
2021,2022-04-02,ATHM,ALA,1,-1
2021,2022-03-20,ESP,MALL,1,0
2021,2022-03-20,CAD,VIL,1,0
2021,2022-03-20,CEL,BET,0,0
2021,2022-03-20,SEV,RSO,0,0
2021,2022-03-20,RMA,BARC,-1,1
2021,2022-03-19,ALA,GRA,-1,0
2021,2022-03-19,ELC,VLC,-1,1
2021,2022-03-19,OSA,LEVA,1,0
2021,2022-03-19,RAYO,ATHM,-1,1
2021,2022-03-18,ATHB,GET,0,-1
2021,2022-03-14,MALL,RMA,-1,0
2021,2022-03-13,RAYO,SEV,0,0
2021,2022-03-13,BET,ATHB,1,0
2021,2022-03-13,RSO,ALA,1,-1
2021,2022-03-13,BARC,OSA,1,0
2021,2022-03-12,LEVA,ESP,0,-1
2021,2022-03-12,GRA,ELC,-1,-1
2021,2022-03-12,VIL,CEL,1,-1
2021,2022-03-12,GET,VLC,0,0
2021,2022-03-11,ATHM,CAD,1,1
2021,2022-03-07,ATHB,LEVA,1,1
2021,2022-03-06,CAD,RAYO,1,-1
2021,2022-03-06,ELC,BARC,-1,1
2021,2022-03-06,CEL,MALL,1,0
2021,2022-03-06,BET,ATHM,-1,0
2021,2022-03-05,OSA,VIL,1,1
2021,2022-03-05,ESP,GET,1,-1
2021,2022-03-05,VLC,GRA,1,1
2021,2022-03-05,RMA,RSO,1,1
2021,2022-03-04,ALA,SEV,0,1
2021,2022-03-02,MALL,RSO,-1,0
2021,2022-02-28,GRA,CAD,0,0
2021,2022-02-27,VIL,ESP,1,-1
2021,2022-02-27,SEV,BET,1,0
2021,2022-02-27,RSO,OSA,1,-1
2021,2022-02-27,BARC,ATHB,1,-1
2021,2022-02-26,MALL,VLC,-1,1
2021,2022-02-26,GET,ALA,0,0
2021,2022-02-26,RAYO,RMA,-1,-1
2021,2022-02-26,ATHM,CEL,1,1
2021,2022-02-25,LEVA,ELC,1,-1
2021,2022-02-21,CEL,LEVA,0,1
2021,2022-02-20,ESP,SEV,0,1
2021,2022-02-20,VLC,BARC,-1,0
2021,2022-02-20,BET,MALL,1,1
2021,2022-02-20,ATHB,RSO,1,0
2021,2022-02-19,GRA,VIL,-1,1
2021,2022-02-19,OSA,ATHM,-1,-1
2021,2022-02-19,CAD,GET,0,0
2021,2022-02-19,RMA,ALA,1,1
2021,2022-02-18,ELC,RAYO,1,1
2021,2022-02-16,ATHM,LEVA,-1,1
2021,2022-02-14,MALL,ATHB,1,-1
2021,2022-02-13,ALA,VLC,1,-1
2021,2022-02-13,LEVA,BET,-1,1
2021,2022-02-13,RSO,GRA,1,1
2021,2022-02-13,ESP,BARC,0,-1
2021,2022-02-12,CAD,CEL,0,-1
2021,2022-02-12,VIL,RMA,0,0
2021,2022-02-12,RAYO,OSA,-1,-1
2021,2022-02-12,ATHM,GET,1,0
2021,2022-02-11,SEV,ELC,1,0
2021,2022-02-07,ATHB,ESP,1,1
2021,2022-02-06,VLC,RSO,0,0
2021,2022-02-06,BARC,ATHM,1,1
2021,2022-02-06,BET,VIL,-1,1
2021,2022-02-06,RMA,GRA,1,0
2021,2022-02-05,ELC,ALA,1,0
2021,2022-02-05,MALL,CAD,1,-1
2021,2022-02-05,CEL,RAYO,1,1
2021,2022-02-05,OSA,SEV,0,0
2021,2022-02-04,GET,LEVA,1,-1
2021,2022-01-23,GRA,OSA,-1,1
2021,2022-01-23,RMA,ELC,0,0
2021,2022-01-23,RSO,GET,0,0
2021,2022-01-23,RAYO,ATHB,-1,1
2021,2022-01-23,ALA,BARC,-1,0
2021,2022-01-22,LEVA,CAD,-1,0
2021,2022-01-22,VIL,MALL,1,-1
2021,2022-01-22,SEV,CEL,0,1
2021,2022-01-22,ATHM,VLC,1,0
2021,2022-01-21,ESP,BET,-1,1
2021,2022-01-20,GET,GRA,1,1
2021,2022-01-19,CEL,OSA,1,0
2021,2022-01-19,VLC,SEV,0,1
2021,2022-01-18,BET,ALA,1,0
2021,2022-01-18,CAD,ESP,0,0
2021,2022-01-16,ELC,VIL,1,0
2021,2022-01-10,ESP,ELC,-1,0
2021,2022-01-09,RAYO,BET,0,0
2021,2022-01-09,SEV,GET,1,-1
2021,2022-01-09,ALA,ATHB,0,1
2021,2022-01-09,OSA,CAD,1,1
2021,2022-01-09,VIL,ATHM,0,0
2021,2022-01-08,LEVA,MALL,1,1
2021,2022-01-08,RSO,CEL,1,1
2021,2022-01-08,GRA,BARC,0,1
2021,2022-01-08,RMA,VLC,1,-1
2021,2022-01-03,VIL,LEVA,1,1
2021,2022-01-03,OSA,ATHB,-1,0
2021,2022-01-03,CAD,SEV,-1,-1
2021,2022-01-02,GET,RMA,1,0
2021,2022-01-02,ATHM,RAYO,1,-1
2021,2022-01-02,ELC,GRA,0,0
2021,2022-01-02,ALA,RSO,0,-1
2021,2022-01-02,BET,CEL,-1,0
2021,2022-01-02,MALL,BARC,-1,0
2021,2021-12-31,VLC,ESP,-1,1
2021,2021-12-22,GRA,ATHM,1,-1
2021,2021-12-22,ATHB,RMA,-1,1
2021,2021-12-21,VIL,ALA,1,-1
2021,2021-12-21,SEV,BARC,0,-1
2021,2021-12-20,LEVA,VLC,-1,-1
2021,2021-12-19,GRA,MALL,1,0
2021,2021-12-19,ATHB,BET,1,-1
2021,2021-12-19,GET,OSA,1,1
2021,2021-12-19,RMA,CAD,0,0
2021,2021-12-18,RAYO,ALA,1,-1
2021,2021-12-18,RSO,VIL,-1,1
2021,2021-12-18,BARC,ELC,1,1
2021,2021-12-18,SEV,ATHM,1,1
2021,2021-12-17,CEL,ESP,1,1
2021,2021-12-13,CAD,GRA,0,1
2021,2021-12-12,VIL,RAYO,1,1
2021,2021-12-12,OSA,BARC,0,0
2021,2021-12-12,BET,RSO,1,-1
2021,2021-12-12,RMA,ATHM,1,0
2021,2021-12-11,ESP,LEVA,1,-1
2021,2021-12-11,ALA,GET,0,0
2021,2021-12-11,VLC,ELC,1,-1
2021,2021-12-11,ATHB,SEV,-1,0
2021,2021-12-10,MALL,CEL,0,0
2021,2021-12-06,GET,ATHB,0,1
2021,2021-12-05,RAYO,ESP,1,-1
2021,2021-12-05,ELC,CAD,1,1
2021,2021-12-05,LEVA,OSA,0,0
2021,2021-12-05,CEL,VLC,-1,-1
2021,2021-12-04,SEV,VIL,1,0
2021,2021-12-04,BARC,BET,-1,-1
2021,2021-12-04,ATHM,MALL,-1,-1
2021,2021-12-04,RSO,RMA,-1,0
2021,2021-12-03,GRA,ALA,1,1
2021,2021-12-01,RMA,ATHB,1,1
2021,2021-11-29,OSA,ELC,0,0
2021,2021-11-28,BET,LEVA,1,0
2021,2021-11-28,ESP,RSO,1,-1
2021,2021-11-28,CAD,ATHM,-1,-1
2021,2021-11-28,RMA,SEV,1,1
2021,2021-11-27,ALA,CEL,-1,0
2021,2021-11-27,VLC,RAYO,0,1
2021,2021-11-27,MALL,GET,0,1
2021,2021-11-27,VIL,BARC,-1,-1
2021,2021-11-26,ATHB,GRA,0,1
2021,2021-11-22,RAYO,MALL,1,1
2021,2021-11-21,GET,CAD,1,-1
2021,2021-11-21,GRA,RMA,-1,1
2021,2021-11-21,ELC,BET,-1,-1
2021,2021-11-21,RSO,VLC,0,0
2021,2021-11-20,CEL,VIL,0,-1
2021,2021-11-20,SEV,ALA,0,0
2021,2021-11-20,ATHM,OSA,1,0
2021,2021-11-20,BARC,ESP,1,1
2021,2021-11-19,LEVA,ATHB,0,1
2021,2021-11-07,VIL,GET,1,1
2021,2021-11-07,VLC,ATHM,0,-1
2021,2021-11-07,MALL,ELC,0,0
2021,2021-11-07,OSA,RSO,-1,-1
2021,2021-11-07,BET,SEV,-1,-1
2021,2021-11-06,ESP,GRA,1,1
2021,2021-11-06,CEL,BARC,0,-1
2021,2021-11-06,ALA,LEVA,1,1
2021,2021-11-06,RMA,RAYO,1,0
2021,2021-11-05,ATHB,CAD,-1,-1
2021,2021-11-01,RAYO,CEL,0,-1
2021,2021-11-01,LEVA,GRA,-1,0
2021,2021-10-31,CAD,MALL,0,0
2021,2021-10-31,ATHM,BET,1,1
2021,2021-10-31,GET,ESP,1,1
2021,2021-10-31,RSO,ATHB,0,1
2021,2021-10-30,ELC,RMA,-1,0
2021,2021-10-30,SEV,OSA,1,1
2021,2021-10-30,VLC,VIL,1,1
2021,2021-10-30,BARC,ALA,0,0
2021,2021-10-28,CEL,RSO,-1,1
2021,2021-10-28,GRA,GET,0,1
2021,2021-10-28,LEVA,ATHM,0,-1
2021,2021-10-27,MALL,SEV,0,0
2021,2021-10-27,RAYO,BARC,1,-1
2021,2021-10-27,BET,VLC,1,1
2021,2021-10-27,RMA,OSA,0,0
2021,2021-10-26,ALA,ELC,1,0
2021,2021-10-26,ESP,ATHB,0,0
2021,2021-10-26,VIL,CAD,0,1
2021,2021-10-25,GET,CEL,-1,-1
2021,2021-10-24,SEV,LEVA,1,0
2021,2021-10-24,BARC,RMA,-1,0
2021,2021-10-24,BET,RAYO,1,1
2021,2021-10-24,ATHM,RSO,0,1
2021,2021-10-23,VLC,MALL,0,1
2021,2021-10-23,CAD,ALA,-1,1
2021,2021-10-23,ELC,ESP,0,1
2021,2021-10-23,ATHB,VIL,1,-1
2021,2021-10-22,OSA,GRA,0,1
2021,2021-10-18,ALA,BET,-1,0
2021,2021-10-18,ESP,CAD,1,-1
2021,2021-10-17,RAYO,ELC,1,0
2021,2021-10-17,CEL,SEV,-1,1
2021,2021-10-17,VIL,OSA,-1,-1
2021,2021-10-17,BARC,VLC,1,1
2021,2021-10-16,LEVA,GET,0,-1
2021,2021-10-16,RSO,MALL,1,-1
2021,2021-10-03,ELC,CEL,1,1
2021,2021-10-03,ESP,RMA,1,1
2021,2021-10-03,GET,RSO,0,-1
2021,2021-10-03,VIL,BET,1,0
2021,2021-10-03,GRA,SEV,1,1
2021,2021-10-02,OSA,RAYO,1,0
2021,2021-10-02,MALL,LEVA,1,1
2021,2021-10-02,CAD,VLC,0,1
2021,2021-10-02,ATHM,BARC,1,0
2021,2021-10-01,ATHB,ALA,1,-1
2021,2021-09-27,CEL,GRA,1,1
2021,2021-09-26,MALL,OSA,-1,1
2021,2021-09-26,BARC,LEVA,1,0
2021,2021-09-26,RSO,ELC,1,-1
2021,2021-09-26,RAYO,CAD,1,1
2021,2021-09-26,BET,GET,1,0
2021,2021-09-25,ALA,ATHM,1,0
2021,2021-09-25,VLC,ATHB,0,0
2021,2021-09-25,SEV,ESP,1,1
2021,2021-09-25,RMA,VIL,0,-1
2021,2021-09-23,GRA,RSO,-1,0
2021,2021-09-23,OSA,BET,-1,1
2021,2021-09-23,CAD,BARC,0,0
2021,2021-09-22,ESP,ALA,1,1
2021,2021-09-22,SEV,VLC,1,-1
2021,2021-09-22,RMA,MALL,1,1
2021,2021-09-22,VIL,ELC,1,0
2021,2021-09-21,GET,ATHM,-1,0
2021,2021-09-21,ATHB,RAYO,-1,1
2021,2021-09-21,LEVA,CEL,-1,0
2021,2021-09-20,BARC,GRA,0,0
2021,2021-09-19,MALL,VIL,0,-1
2021,2021-09-19,RSO,SEV,0,-1
2021,2021-09-19,BET,ESP,0,-1
2021,2021-09-19,VLC,RMA,-1,1
2021,2021-09-18,RAYO,GET,1,0
2021,2021-09-18,ATHM,ATHB,0,0
2021,2021-09-18,ELC,LEVA,0,1
2021,2021-09-18,ALA,OSA,-1,-1
2021,2021-09-17,CEL,CAD,-1,-1
2021,2021-09-13,GET,ELC,-1,-1
2021,2021-09-13,GRA,BET,-1,1
2021,2021-09-12,ESP,ATHM,-1,-1
2021,2021-09-12,OSA,VLC,-1,-1
2021,2021-09-12,CAD,RSO,-1,0
2021,2021-09-12,RMA,CEL,1,0
2021,2021-09-11,LEVA,RAYO,0,-1
2021,2021-09-11,ATHB,MALL,1,-1
2021,2021-08-29,BARC,GET,1,0
2021,2021-08-29,CAD,OSA,-1,1
2021,2021-08-29,RAYO,GRA,1,0
2021,2021-08-29,ATHM,VIL,0,0
2021,2021-08-28,CEL,ATHB,-1,0
2021,2021-08-28,ELC,SEV,0,-1
2021,2021-08-28,RSO,LEVA,1,-1
2021,2021-08-28,BET,RMA,-1,0
2021,2021-08-27,MALL,ESP,1,-1
2021,2021-08-27,VLC,ALA,1,-1
2021,2021-08-23,GET,SEV,-1,0
2021,2021-08-23,OSA,CEL,0,0
2021,2021-08-22,RSO,RAYO,1,0
2021,2021-08-22,ATHM,ELC,1,0
2021,2021-08-22,LEVA,RMA,0,0
2021,2021-08-21,ALA,MALL,-1,-1
2021,2021-08-21,ESP,VIL,0,1
2021,2021-08-21,GRA,VLC,0,0
2021,2021-08-21,ATHB,BARC,0,0
2021,2021-08-20,BET,CAD,0,-1
2021,2021-08-16,VIL,GRA,0,0
2021,2021-08-16,ELC,ATHB,0,0
2021,2021-08-15,CEL,ATHM,-1,0
2021,2021-08-15,BARC,RSO,1,-1
2021,2021-08-15,SEV,RAYO,1,-1
2021,2021-08-14,CAD,LEVA,0,0
2021,2021-08-14,MALL,BET,0,1
2021,2021-08-14,ALA,RMA,-1,-1
2021,2021-08-14,OSA,ESP,0,0
2021,2021-08-13,VLC,GET,1,0
2020,2021-05-23,GRA,GET,0,0
2020,2021-05-23,SEV,ALA,1,1
2020,2021-05-22,CEL,BET,-1,0
2020,2021-05-22,EIB,BARC,-1,1
2020,2021-05-22,ELC,ATHB,1,1
2020,2021-05-22,HUE,VLC,0,-1
2020,2021-05-22,OSA,RSO,-1,1
2020,2021-05-22,RMA,VIL,1,1
2020,2021-05-22,VLLD,ATHM,-1,-1
2020,2021-05-21,LEVA,CAD,0,1
2020,2021-05-16,ALA,GRA,1,1
2020,2021-05-16,ATHB,RMA,-1,0
2020,2021-05-16,ATHM,OSA,1,0
2020,2021-05-16,BARC,CEL,-1,1
2020,2021-05-16,BET,HUE,1,1
2020,2021-05-16,CAD,ELC,-1,-1
2020,2021-05-16,GET,LEVA,1,0
2020,2021-05-16,RSO,VLLD,1,1
2020,2021-05-16,VLC,EIB,1,1
2020,2021-05-16,VIL,SEV,1,-1
2020,2021-05-13,VLLD,VIL,-1,-1
2020,2021-05-13,EIB,BET,0,0
2020,2021-05-13,GRA,RMA,-1,1
2020,2021-05-12,SEV,VLC,1,1
2020,2021-05-12,CEL,GET,1,1
2020,2021-05-12,HUE,ATHB,1,-1
2020,2021-05-12,ATHM,RSO,1,-1
2020,2021-05-11,OSA,CAD,1,1
2020,2021-05-11,ELC,ALA,-1,0
2020,2021-05-11,LEVA,BARC,0,1
2020,2021-05-10,BET,GRA,1,1
2020,2021-05-09,GET,EIB,-1,1
2020,2021-05-09,VLC,VLLD,1,0
2020,2021-05-09,VIL,CEL,-1,-1
2020,2021-05-09,RMA,SEV,0,1
2020,2021-05-08,ALA,LEVA,0,0
2020,2021-05-08,BARC,ATHM,0,0
2020,2021-05-08,CAD,HUE,1,0
2020,2021-05-08,ATHB,OSA,0,1
2020,2021-05-07,RSO,ELC,1,0
2020,2021-05-03,SEV,ATHB,-1,0
2020,2021-05-02,VLLD,BET,0,1
2020,2021-05-02,VIL,GET,1,0
2020,2021-05-02,GRA,CAD,-1,0
2020,2021-05-02,VLC,BARC,-1,-1
2020,2021-05-01,EIB,ALA,1,0
2020,2021-05-01,ELC,ATHM,-1,1
2020,2021-05-01,HUE,RSO,1,-1
2020,2021-05-01,RMA,OSA,1,0
2020,2021-04-30,CEL,LEVA,1,1
2020,2021-04-29,BARC,GRA,-1,1
2020,2021-04-28,ATHB,VLLD,0,1
2020,2021-04-26,EIB,RSO,-1,0
2020,2021-04-25,HUE,GET,-1,0
2020,2021-04-25,VIL,BARC,-1,0
2020,2021-04-25,CEL,OSA,1,-1
2020,2021-04-25,SEV,GRA,1,-1
2020,2021-04-25,ATHB,ATHM,1,1
2020,2021-04-24,ELC,LEVA,1,1
2020,2021-04-24,VLLD,CAD,0,-1
2020,2021-04-24,VLC,ALA,0,-1
2020,2021-04-24,RMA,BET,0,1
2020,2021-04-22,ATHM,HUE,1,0
2020,2021-04-22,GRA,EIB,1,1
2020,2021-04-22,RSO,CEL,1,-1
2020,2021-04-22,BARC,GET,1,1
2020,2021-04-21,LEVA,SEV,-1,1
2020,2021-04-21,OSA,VLC,1,1
2020,2021-04-21,BET,ATHB,0,1
2020,2021-04-21,ALA,VIL,1,-1
2020,2021-04-21,ELC,VLLD,0,1
2020,2021-04-21,CAD,RMA,-1,0
2020,2021-04-18,OSA,ELC,1,0
2020,2021-04-18,RSO,SEV,-1,-1
2020,2021-04-18,ALA,HUE,1,-1
2020,2021-04-18,ATHM,EIB,1,-1
2020,2021-04-18,BET,VLC,0,0
2020,2021-04-18,CAD,CEL,0,-1
2020,2021-04-18,GET,RMA,0,1
2020,2021-04-18,LEVA,VIL,-1,0
2020,2021-04-12,CEL,SEV,-1,1
2020,2021-04-11,VIL,OSA,-1,1
2020,2021-04-11,VLC,RSO,0,1
2020,2021-04-11,VLLD,GRA,-1,-1
2020,2021-04-11,BET,ATHM,0,1
2020,2021-04-10,GET,CAD,-1,-1
2020,2021-04-10,ATHB,ALA,0,-1
2020,2021-04-10,EIB,LEVA,-1,0
2020,2021-04-10,RMA,BARC,1,0
2020,2021-04-09,HUE,ELC,1,0
2020,2021-04-07,RSO,ATHB,0,-1
2020,2021-04-05,BARC,VLLD,1,0
2020,2021-04-04,ALA,CEL,-1,-1
2020,2021-04-04,ELC,BET,0,0
2020,2021-04-04,CAD,VLC,1,-1
2020,2021-04-04,SEV,ATHM,1,0
2020,2021-04-03,GRA,VIL,-1,-1
2020,2021-04-03,RMA,EIB,1,0
2020,2021-04-03,OSA,GET,0,-1
2020,2021-04-02,LEVA,HUE,-1,0
2020,2021-03-21,GET,ELC,0,0
2020,2021-03-21,VLC,GRA,1,0
2020,2021-03-21,VIL,CAD,1,1
2020,2021-03-21,ATHM,ALA,1,1
2020,2021-03-21,RSO,BARC,-1,-1
2020,2021-03-20,ATHB,EIB,0,-1
2020,2021-03-20,CEL,RMA,-1,-1
2020,2021-03-20,HUE,OSA,0,0
2020,2021-03-20,VLLD,SEV,0,0
2020,2021-03-19,BET,LEVA,1,1
2020,2021-03-17,SEV,ELC,1,1
2020,2021-03-15,BARC,HUE,1,1
2020,2021-03-14,CEL,ATHB,0,-1
2020,2021-03-14,GRA,RSO,1,1
2020,2021-03-14,EIB,VIL,-1,1
2020,2021-03-14,SEV,BET,1,-1
2020,2021-03-13,ALA,CAD,0,1
2020,2021-03-13,RMA,ELC,1,1
2020,2021-03-13,OSA,VLLD,0,-1
2020,2021-03-13,GET,ATHM,0,-1
2020,2021-03-12,LEVA,VLC,1,0
2020,2021-03-10,ATHM,ATHB,1,0
2020,2021-03-08,BET,ALA,1,1
2020,2021-03-07,HUE,CEL,-1,1
2020,2021-03-07,ATHM,RMA,0,1
2020,2021-03-07,RSO,LEVA,1,-1
2020,2021-03-07,ATHB,GRA,1,0
2020,2021-03-06,VLLD,GET,1,-1
2020,2021-03-06,ELC,SEV,1,0
2020,2021-03-06,CAD,EIB,1,1
2020,2021-03-06,OSA,BARC,-1,0
2020,2021-03-05,VLC,VIL,1,1
2020,2021-03-01,RMA,RSO,0,1
2020,2021-02-28,CEL,VLLD,0,-1
2020,2021-02-28,CAD,BET,-1,1
2020,2021-02-28,GRA,ELC,1,0
2020,2021-02-28,VIL,ATHM,-1,1
2020,2021-02-27,EIB,HUE,0,-1
2020,2021-02-27,SEV,BARC,-1,-1
2020,2021-02-27,ALA,OSA,-1,-1
2020,2021-02-27,GET,VLC,1,1
2020,2021-02-26,LEVA,ATHB,0,0
2020,2021-02-24,BARC,ELC,1,-1
2020,2021-02-22,OSA,SEV,-1,0
2020,2021-02-21,BARC,CAD,0,1
2020,2021-02-21,RSO,ALA,1,-1
2020,2021-02-21,HUE,GRA,1,1
2020,2021-02-21,ATHB,VIL,0,0
2020,2021-02-20,ELC,EIB,1,-1
2020,2021-02-20,ATHM,LEVA,-1,1
2020,2021-02-20,VLC,CEL,1,1
2020,2021-02-20,VLLD,RMA,-1,1
2020,2021-02-19,BET,GET,1,-1
2020,2021-02-17,LEVA,ATHM,0,-1
2020,2021-02-15,CAD,ATHB,-1,-1
2020,2021-02-14,GET,RSO,-1,-1
2020,2021-02-14,RMA,VLC,1,1
2020,2021-02-14,LEVA,OSA,-1,1
2020,2021-02-14,VIL,BET,-1,-1
2020,2021-02-13,GRA,ATHM,-1,1
2020,2021-02-13,SEV,HUE,1,-1
2020,2021-02-13,EIB,VLLD,0,0
2020,2021-02-13,BARC,ALA,1,0
2020,2021-02-12,CEL,ELC,1,-1
2020,2021-02-09,RMA,GET,1,0
2020,2021-02-08,ATHM,CEL,0,-1
2020,2021-02-07,RSO,CAD,1,-1
2020,2021-02-07,ATHB,VLC,0,1
2020,2021-02-07,OSA,EIB,1,-1
2020,2021-02-07,BET,BARC,-1,0
2020,2021-02-06,LEVA,GRA,0,0
2020,2021-02-06,HUE,RMA,-1,-1
2020,2021-02-06,ELC,VIL,0,0
2020,2021-02-06,SEV,GET,1,1
2020,2021-02-05,ALA,VLLD,1,0
2020,2021-02-01,BET,OSA,1,-1
2020,2021-01-31,GET,ALA,0,1
2020,2021-01-31,CAD,ATHM,-1,1
2020,2021-01-31,GRA,CEL,0,0
2020,2021-01-31,BARC,ATHB,1,0
2020,2021-01-30,EIB,SEV,-1,1
2020,2021-01-30,RMA,LEVA,-1,1
2020,2021-01-30,VLC,ELC,1,1
2020,2021-01-30,VIL,RSO,0,-1
2020,2021-01-29,VLLD,HUE,-1,1
2020,2021-01-25,ATHB,GET,1,1
2020,2021-01-24,OSA,GRA,1,1
2020,2021-01-24,ELC,BARC,-1,0
2020,2021-01-24,CEL,EIB,0,-1
2020,2021-01-24,ATHM,VLC,1,-1
2020,2021-01-23,HUE,VIL,0,-1
2020,2021-01-23,SEV,CAD,1,0
2020,2021-01-23,RSO,BET,0,0
2020,2021-01-23,ALA,RMA,-1,0
2020,2021-01-22,LEVA,VLLD,0,1
2020,2021-01-21,VLC,OSA,0,1
2020,2021-01-21,EIB,ATHM,-1,0
2020,2021-01-20,GET,HUE,1,1
2020,2021-01-20,BET,CEL,1,1
2020,2021-01-20,VIL,GRA,0,0
2020,2021-01-19,CAD,LEVA,0,1
2020,2021-01-19,VLLD,ELC,0,0
2020,2021-01-19,ALA,SEV,-1,0
2020,2021-01-12,GRA,OSA,1,1
2020,2021-01-12,ATHM,SEV,1,1
2020,2021-01-11,ELC,GET,-1,1
2020,2021-01-11,HUE,BET,-1,0
2020,2021-01-10,LEVA,EIB,1,0
2020,2021-01-10,CAD,ALA,1,0
2020,2021-01-10,VLLD,VLC,-1,-1
2020,2021-01-09,SEV,RSO,1,-1
2020,2021-01-09,GRA,BARC,-1,1
2020,2021-01-09,OSA,RMA,0,-1
2020,2021-01-08,CEL,VIL,-1,0
2020,2021-01-06,ATHB,BARC,-1,1
2020,2021-01-04,VLC,CAD,0,0
2020,2021-01-03,ATHB,ELC,1,0
2020,2021-01-03,ALA,ATHM,-1,1
2020,2021-01-03,EIB,GRA,1,0
2020,2021-01-03,RSO,OSA,0,0
2020,2021-01-03,HUE,BARC,-1,1
2020,2021-01-02,VIL,LEVA,1,-1
2020,2021-01-02,BET,SEV,0,1
2020,2021-01-02,GET,VLLD,-1,0
2020,2021-01-02,RMA,CEL,1,1
2020,2020-12-31,ATHB,RSO,-1,1
2020,2020-12-31,OSA,ALA,0,-1
2020,2020-12-30,GRA,VLC,1,1
2020,2020-12-30,ATHM,GET,1,-1
2020,2020-12-30,CEL,HUE,1,0
2020,2020-12-30,ELC,RMA,0,1
2020,2020-12-29,SEV,VIL,1,0
2020,2020-12-29,BARC,EIB,0,-1
2020,2020-12-29,CAD,VLLD,0,1
2020,2020-12-29,LEVA,BET,1,-1
2020,2020-12-23,GET,CEL,0,1
2020,2020-12-23,RMA,GRA,1,-1
2020,2020-12-23,ALA,EIB,1,1
2020,2020-12-23,BET,CAD,1,1
2020,2020-12-22,ELC,OSA,0,0
2020,2020-12-22,VLC,SEV,-1,-1
2020,2020-12-22,HUE,LEVA,0,-1
2020,2020-12-22,RSO,ATHM,-1,0
2020,2020-12-22,VLLD,BARC,-1,-1
2020,2020-12-22,VIL,ATHB,0,0
2020,2020-12-20,CEL,ALA,1,1
2020,2020-12-20,GRA,BET,1,1
2020,2020-12-20,CAD,GET,-1,1
2020,2020-12-20,EIB,RMA,-1,0
2020,2020-12-19,ATHM,ELC,1,-1
2020,2020-12-19,BARC,VLC,0,-1
2020,2020-12-19,LEVA,RSO,1,-1
2020,2020-12-19,OSA,VIL,-1,-1
2020,2020-12-19,SEV,VLLD,0,1
2020,2020-12-18,ATHB,HUE,1,1
2020,2020-12-16,BARC,RSO,1,1
2020,2020-12-15,RMA,ATHB,1,-1
2020,2020-12-14,CEL,CAD,1,-1
2020,2020-12-13,RSO,EIB,0,1
2020,2020-12-13,BET,VIL,0,0
2020,2020-12-13,ELC,GRA,-1,-1
2020,2020-12-13,BARC,LEVA,1,1
2020,2020-12-12,VLC,ATHB,0,0
2020,2020-12-12,GET,SEV,-1,0
2020,2020-12-12,HUE,ALA,1,-1
2020,2020-12-12,RMA,ATHM,1,-1
2020,2020-12-11,VLLD,OSA,1,-1
2020,2020-12-07,EIB,VLC,0,-1
2020,2020-12-06,GRA,HUE,0,1
2020,2020-12-06,OSA,BET,-1,1
2020,2020-12-06,VIL,ELC,0,-1
2020,2020-12-06,ALA,RSO,0,-1
2020,2020-12-05,LEVA,GET,1,-1
2020,2020-12-05,SEV,RMA,-1,-1
2020,2020-12-05,ATHM,VLLD,1,0
2020,2020-12-05,CAD,BARC,1,1
2020,2020-12-04,ATHB,CEL,-1,-1
2020,2020-11-30,BET,EIB,-1,0
2020,2020-11-29,BARC,OSA,1,-1
2020,2020-11-29,GET,ATHB,0,1
2020,2020-11-29,CEL,GRA,1,0
2020,2020-11-29,RSO,VIL,0,-1
2020,2020-11-28,ELC,CAD,0,1
2020,2020-11-28,VLC,ATHM,-1,-1
2020,2020-11-28,HUE,SEV,-1,-1
2020,2020-11-28,RMA,ALA,-1,0
2020,2020-11-27,VLLD,LEVA,0,1
2020,2020-11-23,ATHB,BET,1,-1
2020,2020-11-22,EIB,GET,0,-1
2020,2020-11-22,CAD,RSO,-1,1
2020,2020-11-22,GRA,VLLD,-1,-1
2020,2020-11-22,ALA,VLC,0,0
2020,2020-11-21,LEVA,ELC,0,0
2020,2020-11-21,VIL,RMA,0,-1
2020,2020-11-21,SEV,CEL,1,1
2020,2020-11-21,ATHM,BARC,1,1
2020,2020-11-20,OSA,HUE,0,0
2020,2020-11-08,GET,VIL,-1,0
2020,2020-11-08,RSO,GRA,1,1
2020,2020-11-08,LEVA,ALA,0,0
2020,2020-11-08,VLLD,ATHB,1,0
2020,2020-11-08,VLC,RMA,1,1
2020,2020-11-07,HUE,EIB,0,1
2020,2020-11-07,BARC,BET,1,0
2020,2020-11-07,SEV,OSA,1,0
2020,2020-11-07,ATHM,CAD,1,-1
2020,2020-11-06,ELC,CEL,0,1
2020,2020-11-02,VIL,VLLD,1,1
2020,2020-11-01,BET,ELC,1,1
2020,2020-11-01,CEL,RSO,-1,-1
2020,2020-11-01,GRA,LEVA,0,0
2020,2020-11-01,VLC,GET,0,-1
2020,2020-10-31,RMA,HUE,1,0
2020,2020-10-31,ATHB,SEV,1,-1
2020,2020-10-31,OSA,ATHM,-1,-1
2020,2020-10-31,ALA,BARC,0,-1
2020,2020-10-30,EIB,CAD,-1,1
2020,2020-10-26,LEVA,CEL,0,-1
2020,2020-10-25,VLLD,ALA,-1,1
2020,2020-10-25,CAD,VIL,0,0
2020,2020-10-25,GET,GRA,-1,1
2020,2020-10-25,RSO,HUE,1,1
2020,2020-10-24,BARC,RMA,-1,0
2020,2020-10-24,OSA,ATHB,1,-1
2020,2020-10-24,SEV,EIB,-1,1
2020,2020-10-24,ATHM,BET,1,-1
2020,2020-10-23,ELC,VLC,1,1
2020,2020-10-18,EIB,OSA,0,1
2020,2020-10-18,ATHB,LEVA,1,-1
2020,2020-10-18,VIL,VLC,1,0
2020,2020-10-18,ALA,ELC,-1,-1
2020,2020-10-18,HUE,VLLD,0,0
2020,2020-10-18,BET,RSO,-1,0
2020,2020-10-17,GRA,SEV,1,1
2020,2020-10-17,CEL,ATHM,-1,0
2020,2020-10-17,RMA,CAD,-1,-1
2020,2020-10-17,GET,BARC,1,1
2020,2020-10-04,OSA,CEL,1,1
2020,2020-10-04,ALA,ATHB,1,-1
2020,2020-10-04,LEVA,RMA,-1,-1
2020,2020-10-04,CAD,GRA,0,-1
2020,2020-10-04,BARC,SEV,0,0
2020,2020-10-03,VLLD,EIB,-1,1
2020,2020-10-03,ATHM,VIL,0,1
2020,2020-10-03,ELC,HUE,0,1
2020,2020-10-03,RSO,GET,1,1
2020,2020-10-03,VLC,BET,-1,1
2020,2020-10-01,ATHB,CAD,-1,0
2020,2020-10-01,SEV,LEVA,1,-1
2020,2020-10-01,CEL,BARC,-1,1
2020,2020-09-30,HUE,ATHM,0,1
2020,2020-09-30,VIL,ALA,1,1
2020,2020-09-30,EIB,ELC,-1,-1
2020,2020-09-30,RMA,VLLD,1,-1
2020,2020-09-29,RSO,VLC,-1,1
2020,2020-09-29,GET,BET,1,-1
2020,2020-09-27,OSA,LEVA,-1,0
2020,2020-09-27,EIB,ATHB,-1,0
2020,2020-09-27,ATHM,GRA,1,0
2020,2020-09-27,CAD,SEV,-1,-1
2020,2020-09-27,VLLD,CEL,0,-1
2020,2020-09-27,BARC,VIL,1,1
2020,2020-09-26,ALA,GET,0,1
2020,2020-09-26,VLC,HUE,0,-1
2020,2020-09-26,ELC,RSO,-1,1
2020,2020-09-26,BET,RMA,-1,-1
2020,2020-09-20,HUE,CAD,-1,0
2020,2020-09-20,BET,VLLD,1,0
2020,2020-09-20,GRA,ALA,1,-1
2020,2020-09-20,RSO,RMA,0,0
2020,2020-09-19,VIL,EIB,1,1
2020,2020-09-19,GET,OSA,1,0
2020,2020-09-19,CEL,VLC,1,-1
2020,2020-09-13,ALA,BET,-1,-1
2020,2020-09-13,VLLD,RSO,0,1
2020,2020-09-13,VIL,HUE,0,-1
2020,2020-09-13,VLC,LEVA,1,-1
2020,2020-09-12,EIB,CEL,0,0
2020,2020-09-12,GRA,ATHB,1,-1
2020,2020-09-12,CAD,OSA,-1,-1
2019,2020-07-19,ALA,BARC,-1,1
2019,2020-07-19,VLLD,BET,1,0
2019,2020-07-19,VIL,EIB,1,0
2019,2020-07-19,ATHM,RSO,0,1
2019,2020-07-19,ESP,CEL,0,1
2019,2020-07-19,GRA,ATHB,1,0
2019,2020-07-19,LEG,RMA,0,-1
2019,2020-07-19,LEVA,GET,1,-1
2019,2020-07-19,OSA,MALL,0,1
2019,2020-07-19,SEV,VLC,1,-1
2019,2020-07-16,EIB,VLLD,1,1
2019,2020-07-16,ATHB,LEG,-1,-1
2019,2020-07-16,BARC,OSA,-1,-1
2019,2020-07-16,BET,ALA,-1,0
2019,2020-07-16,CEL,LEVA,-1,-1
2019,2020-07-16,GET,ATHM,-1,0
2019,2020-07-16,MALL,GRA,-1,0
2019,2020-07-16,RMA,VIL,1,0
2019,2020-07-16,RSO,SEV,0,0
2019,2020-07-16,VLC,ESP,1,0
2019,2020-07-13,ALA,GET,0,1
2019,2020-07-13,VIL,RSO,-1,0
2019,2020-07-13,GRA,RMA,-1,-1
2019,2020-07-12,ESP,EIB,-1,1
2019,2020-07-12,LEVA,ATHB,-1,0
2019,2020-07-12,LEG,VLC,1,1
2019,2020-07-12,SEV,MALL,1,-1
2019,2020-07-11,OSA,CEL,1,0
2019,2020-07-11,VLLD,BARC,-1,1
2019,2020-07-11,ATHM,BET,1,1
2019,2020-07-10,RSO,GRA,-1,0
2019,2020-07-10,RMA,ALA,1,1
2019,2020-07-09,EIB,LEG,0,1
2019,2020-07-09,MALL,LEVA,1,1
2019,2020-07-09,ATHB,SEV,-1,-1
2019,2020-07-08,BET,OSA,1,1
2019,2020-07-08,GET,VIL,-1,0
2019,2020-07-08,BARC,ESP,1,0
2019,2020-07-07,VLC,VLLD,1,-1
2019,2020-07-07,CEL,ATHM,0,-1
2019,2020-07-06,LEVA,RSO,0,0
2019,2020-07-06,SEV,EIB,1,-1
2019,2020-07-05,ATHB,RMA,-1,1
2019,2020-07-05,ESP,LEG,-1,1
2019,2020-07-05,OSA,GET,0,1
2019,2020-07-05,VIL,BARC,-1,0
2019,2020-07-04,CEL,BET,0,-1
2019,2020-07-04,VLLD,ALA,1,0
2019,2020-07-04,GRA,VLC,0,0
2019,2020-07-03,ATHM,MALL,1,0
2019,2020-07-02,EIB,OSA,-1,-1
2019,2020-07-02,RSO,ESP,1,0
2019,2020-07-02,RMA,GET,1,1
2019,2020-07-01,ALA,GRA,-1,0
2019,2020-07-01,VLC,ATHB,-1,0
2019,2020-07-01,BET,VIL,-1,1
2019,2020-07-01,VLLD,LEVA,0,-1
2019,2020-06-30,MALL,CEL,1,-1
2019,2020-06-30,LEG,SEV,-1,1
2019,2020-06-30,BARC,ATHM,0,-1
2019,2020-06-29,GET,RSO,1,-1
2019,2020-06-28,LEVA,BET,1,-1
2019,2020-06-28,VIL,VLC,1,-1
2019,2020-06-28,GRA,EIB,-1,0
2019,2020-06-28,ESP,RMA,-1,0
2019,2020-06-27,ATHB,MALL,1,1
2019,2020-06-27,CEL,BARC,0,-1
2019,2020-06-27,OSA,LEG,1,-1
2019,2020-06-27,ATHM,ALA,1,1
2019,2020-06-26,SEV,VLLD,0,-1
2019,2020-06-25,EIB,VLC,1,0
2019,2020-06-25,BET,ESP,1,-1
2019,2020-06-24,ALA,OSA,-1,-1
2019,2020-06-24,RSO,CEL,-1,1
2019,2020-06-24,RMA,MALL,1,1
2019,2020-06-23,LEVA,ATHM,-1,0
2019,2020-06-23,VLLD,GET,0,0
2019,2020-06-23,BARC,ATHB,1,1
2019,2020-06-22,VIL,SEV,0,0
2019,2020-06-22,LEG,GRA,0,1
2019,2020-06-21,CEL,ALA,1,-1
2019,2020-06-21,VLC,OSA,1,-1
2019,2020-06-21,RSO,RMA,-1,1
2019,2020-06-20,ESP,LEVA,-1,1
2019,2020-06-20,ATHB,BET,1,0
2019,2020-06-20,GET,EIB,0,1
2019,2020-06-20,ATHM,VLLD,1,-1
2019,2020-06-19,GRA,VIL,-1,1
2019,2020-06-19,MALL,LEG,0,-1
2019,2020-06-19,SEV,BARC,0,0
2019,2020-06-18,ALA,RSO,1,-1
2019,2020-06-18,RMA,VLC,1,1
2019,2020-06-17,EIB,ATHB,0,1
2019,2020-06-17,VLLD,CEL,0,0
2019,2020-06-17,OSA,ATHM,-1,1
2019,2020-06-16,GET,ESP,0,0
2019,2020-06-16,VIL,MALL,1,-1
2019,2020-06-16,BARC,LEG,1,0
2019,2020-06-15,LEVA,SEV,0,1
2019,2020-06-15,BET,GRA,0,1
2019,2020-06-14,ATHB,ATHM,0,0
2019,2020-06-14,RMA,EIB,1,-1
2019,2020-06-14,RSO,OSA,0,-1
2019,2020-06-13,ESP,ALA,1,1
2019,2020-06-13,CEL,VIL,-1,0
2019,2020-06-13,LEG,VLLD,-1,-1
2019,2020-06-13,MALL,BARC,-1,-1
2019,2020-06-12,GRA,GET,1,1
2019,2020-06-12,VLC,LEVA,0,0
2019,2020-06-11,SEV,BET,1,0
2019,2020-03-10,EIB,RSO,-1,-1
2019,2020-03-08,OSA,ESP,1,0
2019,2020-03-08,VLLD,ATHB,-1,1
2019,2020-03-08,LEVA,GRA,0,0
2019,2020-03-08,VIL,LEG,-1,1
2019,2020-03-08,BET,RMA,1,0
2019,2020-03-07,EIB,MALL,-1,-1
2019,2020-03-07,ATHM,SEV,0,0
2019,2020-03-07,BARC,RSO,1,1
2019,2020-03-07,GET,CEL,0,1
2019,2020-03-06,ALA,VLC,0,0
2019,2020-03-01,SEV,OSA,1,0
2019,2020-03-01,ATHB,VIL,1,0
2019,2020-03-01,ESP,ATHM,0,1
2019,2020-03-01,MALL,GET,-1,0
2019,2020-03-01,RMA,BARC,1,-1
2019,2020-02-29,EIB,LEVA,1,1
2019,2020-02-29,VLC,BET,1,-1
2019,2020-02-29,LEG,ALA,0,-1
2019,2020-02-29,GRA,CEL,0,0
2019,2020-02-28,RSO,VLLD,1,-1
2019,2020-02-23,OSA,GRA,-1,0
2019,2020-02-23,ALA,ATHB,1,1
2019,2020-02-23,VLLD,ESP,1,0
2019,2020-02-23,GET,SEV,-1,1
2019,2020-02-23,ATHM,VIL,1,1
2019,2020-02-22,CEL,LEG,1,1
2019,2020-02-22,BARC,EIB,1,0
2019,2020-02-22,RSO,VLC,1,1
2019,2020-02-22,LEVA,RMA,1,1
2019,2020-02-21,BET,MALL,0,0
2019,2020-02-16,SEV,ESP,0,1
2019,2020-02-16,LEG,BET,0,1
2019,2020-02-16,ATHB,OSA,-1,0
2019,2020-02-16,RMA,CEL,0,1
2019,2020-02-15,MALL,ALA,1,-1
2019,2020-02-15,BARC,GET,1,0
2019,2020-02-15,VIL,LEVA,1,0
2019,2020-02-15,GRA,VLLD,1,-1
2019,2020-02-14,VLC,ATHM,0,1
2019,2020-02-09,ESP,MALL,1,-1
2019,2020-02-09,RSO,ATHB,1,1
2019,2020-02-09,OSA,RMA,-1,0
2019,2020-02-09,CEL,SEV,1,-1
2019,2020-02-09,BET,BARC,-1,-1
2019,2020-02-08,LEVA,LEG,1,-1
2019,2020-02-08,GET,VLC,1,0
2019,2020-02-08,VLLD,VIL,0,0
2019,2020-02-08,ATHM,GRA,1,0
2019,2020-02-07,ALA,EIB,1,0
2019,2020-02-02,LEG,RSO,1,1
2019,2020-02-02,EIB,BET,0,-1
2019,2020-02-02,ATHB,GET,-1,-1
2019,2020-02-02,SEV,ALA,0,0
2019,2020-02-02,VIL,OSA,1,-1
2019,2020-02-02,BARC,LEVA,1,0
2019,2020-02-01,GRA,ESP,1,1
2019,2020-02-01,RMA,ATHM,1,-1
2019,2020-02-01,MALL,VLLD,-1,-1
2019,2020-02-01,VLC,CEL,1,0
2019,2020-01-26,ATHM,LEG,0,0
2019,2020-01-26,CEL,EIB,0,1
2019,2020-01-26,GET,BET,1,0
2019,2020-01-26,RSO,MALL,1,-1
2019,2020-01-26,VLLD,RMA,-1,1
2019,2020-01-25,ESP,ATHB,0,1
2019,2020-01-25,VLC,BARC,1,-1
2019,2020-01-25,ALA,VIL,-1,-1
2019,2020-01-25,SEV,GRA,1,1
2019,2020-01-24,OSA,LEVA,1,-1
2019,2020-01-19,MALL,VLC,1,-1
2019,2020-01-19,BET,RSO,1,1
2019,2020-01-19,VIL,ESP,-1,1
2019,2020-01-19,ATHB,CEL,0,1
2019,2020-01-19,BARC,GRA,1,0
2019,2020-01-18,LEVA,ALA,-1,0
2019,2020-01-18,RMA,SEV,1,0
2019,2020-01-18,OSA,VLLD,0,1
2019,2020-01-18,EIB,ATHM,1,0
2019,2020-01-17,LEG,GET,-1,1
2019,2020-01-05,GRA,MALL,1,0
2019,2020-01-05,RSO,VIL,-1,0
2019,2020-01-05,ALA,BET,0,0
2019,2020-01-05,CEL,OSA,0,1
2019,2020-01-04,VLC,EIB,1,0
2019,2020-01-04,GET,RMA,-1,1
2019,2020-01-04,ATHM,LEVA,1,1
2019,2020-01-04,ESP,BARC,0,-1
2019,2020-01-03,VLLD,LEG,0,0
2019,2020-01-03,SEV,ATHB,0,0
2019,2019-12-22,LEG,ESP,1,1
2019,2019-12-22,OSA,RSO,-1,1
2019,2019-12-22,BET,ATHM,-1,1
2019,2019-12-22,LEVA,CEL,1,1
2019,2019-12-22,RMA,ATHB,0,0
2019,2019-12-21,MALL,SEV,-1,0
2019,2019-12-21,BARC,ALA,1,1
2019,2019-12-21,VIL,GET,1,0
2019,2019-12-21,VLLD,VLC,0,1
2019,2019-12-20,EIB,GRA,1,1
2019,2019-12-18,BARC,RMA,0,1
2019,2019-12-15,GET,VLLD,1,-1
2019,2019-12-15,CEL,MALL,0,1
2019,2019-12-15,ESP,BET,0,-1
2019,2019-12-15,SEV,VIL,-1,0
2019,2019-12-15,VLC,RMA,0,-1
2019,2019-12-14,GRA,LEVA,-1,0
2019,2019-12-14,RSO,BARC,0,0
2019,2019-12-14,ATHB,EIB,0,1
2019,2019-12-14,ATHM,OSA,1,0
2019,2019-12-13,ALA,LEG,0,1
2019,2019-12-08,EIB,GET,-1,-1
2019,2019-12-08,BET,ATHB,1,1
2019,2019-12-08,VLLD,RSO,0,-1
2019,2019-12-08,LEG,CEL,1,1
2019,2019-12-08,OSA,SEV,0,0
2019,2019-12-07,RMA,ESP,1,0
2019,2019-12-07,GRA,ALA,1,-1
2019,2019-12-07,LEVA,VLC,-1,-1
2019,2019-12-07,BARC,MALL,1,1
2019,2019-12-06,VIL,ATHM,0,-1
2019,2019-12-01,SEV,LEG,1,-1
2019,2019-12-01,ATHB,GRA,1,1
2019,2019-12-01,ESP,OSA,-1,-1
2019,2019-12-01,GET,LEVA,1,0
2019,2019-12-01,ATHM,BARC,-1,0
2019,2019-11-30,ALA,RMA,-1,-1
2019,2019-11-30,RSO,EIB,1,1
2019,2019-11-30,MALL,BET,-1,1
2019,2019-11-30,VLC,VIL,1,-1
2019,2019-11-29,CEL,VLLD,0,-1
2019,2019-11-24,ESP,GET,0,-1
2019,2019-11-24,OSA,ATHB,-1,0
2019,2019-11-24,EIB,ALA,-1,-1
2019,2019-11-24,VIL,CEL,-1,1
2019,2019-11-24,VLLD,SEV,-1,-1
2019,2019-11-23,LEG,BARC,-1,0
2019,2019-11-23,BET,VLC,1,-1
2019,2019-11-23,GRA,ATHM,0,0
2019,2019-11-23,RMA,RSO,1,1
2019,2019-11-22,LEVA,MALL,1,1
2019,2019-11-10,MALL,VIL,1,0
2019,2019-11-10,ATHB,LEVA,1,1
2019,2019-11-10,ATHM,ESP,1,0
2019,2019-11-10,GET,OSA,0,0
2019,2019-11-10,BET,SEV,-1,1
2019,2019-11-09,ALA,VLLD,1,-1
2019,2019-11-09,VLC,GRA,1,-1
2019,2019-11-09,EIB,RMA,-1,0
2019,2019-11-09,BARC,CEL,1,-1
2019,2019-11-08,RSO,LEG,0,1
2019,2019-11-03,VLLD,MALL,1,-1
2019,2019-11-03,VIL,ATHB,0,1
2019,2019-11-03,OSA,ALA,1,0
2019,2019-11-03,CEL,GET,-1,-1
2019,2019-11-03,LEG,EIB,-1,1
2019,2019-11-03,GRA,RSO,-1,0
2019,2019-11-02,ESP,VLC,-1,1
2019,2019-11-02,LEVA,BARC,1,0
2019,2019-11-02,SEV,ATHM,0,0
2019,2019-11-02,RMA,BET,0,0
2019,2019-10-31,EIB,VIL,1,-1
2019,2019-10-31,MALL,OSA,0,1
2019,2019-10-31,GET,GRA,1,0
2019,2019-10-30,RSO,LEVA,-1,0
2019,2019-10-30,VLC,SEV,0,0
2019,2019-10-30,ATHB,ESP,1,0
2019,2019-10-30,BET,CEL,1,0
2019,2019-10-30,RMA,LEG,1,-1
2019,2019-10-29,ALA,ATHM,0,-1
2019,2019-10-29,BARC,VLLD,1,-1
2019,2019-10-27,CEL,RSO,-1,0
2019,2019-10-27,GRA,BET,1,1
2019,2019-10-27,LEVA,ESP,-1,-1
2019,2019-10-27,SEV,GET,1,0
2019,2019-10-27,OSA,VLC,1,0
2019,2019-10-26,LEG,MALL,1,1
2019,2019-10-26,VLLD,EIB,1,0
2019,2019-10-26,ATHM,ATHB,1,1
2019,2019-10-25,VIL,ALA,1,-1
2019,2019-10-20,ALA,CEL,1,1
2019,2019-10-20,RSO,BET,1,1
2019,2019-10-20,ESP,VIL,-1,1
2019,2019-10-20,ATHB,VLLD,0,0
2019,2019-10-20,SEV,LEVA,1,0
2019,2019-10-19,EIB,BARC,-1,0
2019,2019-10-19,ATHM,VLC,0,0
2019,2019-10-19,GET,LEG,1,-1
2019,2019-10-19,MALL,RMA,1,-1
2019,2019-10-18,GRA,OSA,1,0
2019,2019-10-06,MALL,ESP,1,-1
2019,2019-10-06,CEL,ATHB,1,0
2019,2019-10-06,VLLD,ATHM,0,1
2019,2019-10-06,RSO,GET,-1,1
2019,2019-10-06,BARC,SEV,1,1
2019,2019-10-05,LEG,LEVA,-1,-1
2019,2019-10-05,RMA,GRA,1,0
2019,2019-10-05,VLC,ALA,1,0
2019,2019-10-05,OSA,VIL,1,-1
2019,2019-10-04,BET,EIB,0,1
2019,2019-09-29,ESP,VLLD,-1,0
2019,2019-09-29,EIB,CEL,1,1
2019,2019-09-29,ALA,MALL,1,1
2019,2019-09-29,LEVA,OSA,0,1
2019,2019-09-29,SEV,RSO,1,0
2019,2019-09-28,ATHB,VLC,-1,0
2019,2019-09-28,GET,BARC,-1,-1
2019,2019-09-28,GRA,LEG,1,0
2019,2019-09-28,ATHM,RMA,0,-1
2019,2019-09-27,VIL,BET,1,-1
2019,2019-09-26,EIB,SEV,1,0
2019,2019-09-26,CEL,ESP,0,0
2019,2019-09-26,RSO,ALA,1,0
2019,2019-09-25,LEG,ATHB,0,-1
2019,2019-09-25,MALL,ATHM,-1,0
2019,2019-09-25,VLC,GET,0,-1
2019,2019-09-25,RMA,OSA,1,0
2019,2019-09-24,VLLD,GRA,0,1
2019,2019-09-24,BET,LEVA,1,-1
2019,2019-09-24,BARC,VIL,1,-1
2019,2019-09-22,GET,MALL,1,1
2019,2019-09-22,ESP,RSO,-1,0
2019,2019-09-22,VLC,LEG,0,-1
2019,2019-09-22,ATHB,ALA,1,1
2019,2019-09-22,SEV,RMA,-1,1
2019,2019-09-21,VIL,VLLD,1,1
2019,2019-09-21,LEVA,EIB,0,-1
2019,2019-09-21,ATHM,CEL,0,-1
2019,2019-09-21,GRA,BARC,1,-1
2019,2019-09-20,OSA,BET,0,1
2019,2019-09-15,EIB,ESP,-1,0
2019,2019-09-15,ALA,SEV,-1,0
2019,2019-09-15,CEL,GRA,-1,-1
2019,2019-09-15,VLLD,OSA,0,0
2019,2019-09-15,BET,GET,0,1
2019,2019-09-14,RMA,LEVA,1,1
2019,2019-09-14,LEG,VIL,-1,-1
2019,2019-09-14,RSO,ATHM,1,-1
2019,2019-09-14,BARC,VLC,1,0
2019,2019-09-13,MALL,ATHB,0,-1
2019,2019-09-01,VLC,MALL,1,1
2019,2019-09-01,ATHM,EIB,1,0
2019,2019-09-01,ESP,GRA,-1,1
2019,2019-09-01,VIL,RMA,0,0
2019,2019-08-31,OSA,BARC,0,-1
2019,2019-08-31,GET,ALA,0,1
2019,2019-08-31,LEVA,VLLD,1,0
2019,2019-08-31,BET,LEG,1,1
2019,2019-08-30,SEV,CEL,0,-1
2019,2019-08-30,ATHB,RSO,1,-1
2019,2019-08-25,ALA,ESP,0,0
2019,2019-08-25,MALL,RSO,-1,1
2019,2019-08-25,LEG,ATHM,-1,0
2019,2019-08-25,BARC,BET,1,0
2019,2019-08-24,OSA,EIB,0,1
2019,2019-08-24,RMA,VLLD,0,1
2019,2019-08-24,CEL,VLC,1,1
2019,2019-08-24,GET,ATHB,0,0
2019,2019-08-23,GRA,SEV,-1,0
2019,2019-08-23,LEVA,VIL,1,1
2019,2019-08-18,ALA,LEVA,1,-1
2019,2019-08-18,ESP,SEV,-1,1
2019,2019-08-18,BET,VLLD,-1,0
2019,2019-08-18,ATHM,GET,1,-1
2019,2019-08-17,CEL,RMA,-1,0
2019,2019-08-17,VLC,RSO,0,-1
2019,2019-08-17,MALL,EIB,1,-1
2019,2019-08-17,LEG,OSA,-1,1
2019,2019-08-17,VIL,GRA,0,1
2019,2019-08-16,ATHB,BARC,1,0
2018,2019-05-19,EIB,BARC,0,0
2018,2019-05-19,RMA,BET,-1,-1
2018,2019-05-18,ALA,GIR,1,1
2018,2019-05-18,CEL,RAYO,0,1
2018,2019-05-18,ESP,RSO,1,-1
2018,2019-05-18,GET,VIL,0,-1
2018,2019-05-18,HUE,LEG,1,0
2018,2019-05-18,LEVA,ATHM,0,-1
2018,2019-05-18,SEV,ATHB,1,1
2018,2019-05-18,VLLD,VLC,-1,-1
2018,2019-05-12,ATHB,CEL,1,0
2018,2019-05-12,ATHM,SEV,0,1
2018,2019-05-12,BARC,GET,1,-1
2018,2019-05-12,BET,HUE,1,-1
2018,2019-05-12,GIR,LEVA,-1,1
2018,2019-05-12,LEG,ESP,-1,-1
2018,2019-05-12,RSO,RMA,1,1
2018,2019-05-12,VLC,ALA,1,1
2018,2019-05-12,RAYO,VLLD,-1,0
2018,2019-05-12,VIL,EIB,1,1
2018,2019-05-05,EIB,BET,1,1
2018,2019-05-05,GET,GIR,1,-1
2018,2019-05-05,HUE,VLC,-1,0
2018,2019-05-05,RMA,VIL,1,-1
2018,2019-05-05,VLLD,ATHB,1,-1
2018,2019-05-04,ALA,RSO,-1,0
2018,2019-05-04,CEL,BARC,1,1
2018,2019-05-04,ESP,ATHM,1,1
2018,2019-05-04,LEVA,RAYO,1,0
2018,2019-05-03,SEV,LEG,-1,0
2018,2019-04-29,BET,ESP,0,-1
2018,2019-04-28,GIR,SEV,1,1
2018,2019-04-28,RSO,GET,1,0
2018,2019-04-28,VLC,EIB,-1,0
2018,2019-04-28,RAYO,RMA,1,1
2018,2019-04-28,VIL,HUE,0,-1
2018,2019-04-27,ATHB,ALA,0,0
2018,2019-04-27,ATHM,VLLD,1,1
2018,2019-04-27,BARC,LEVA,1,1
2018,2019-04-27,LEG,CEL,0,0
2018,2019-04-25,GET,RMA,0,0
2018,2019-04-25,SEV,RAYO,1,-1
2018,2019-04-25,RSO,VIL,-1,1
2018,2019-04-24,ATHM,VLC,1,0
2018,2019-04-24,ESP,CEL,0,-1
2018,2019-04-24,LEG,ATHB,-1,1
2018,2019-04-24,LEVA,BET,1,0
2018,2019-04-23,ALA,BARC,-1,1
2018,2019-04-23,HUE,EIB,1,-1
2018,2019-04-23,VLLD,GIR,1,0
2018,2019-04-21,BET,VLC,-1,0
2018,2019-04-21,GET,SEV,1,0
2018,2019-04-21,LEVA,ESP,0,-1
2018,2019-04-21,RMA,ATHB,1,0
2018,2019-04-21,VIL,LEG,1,1
2018,2019-04-20,BARC,RSO,1,0
2018,2019-04-20,CEL,GIR,1,0
2018,2019-04-20,EIB,ATHM,-1,0
2018,2019-04-20,RAYO,HUE,0,0
2018,2019-04-19,ALA,VLLD,0,-1
2018,2019-04-15,LEG,RMA,0,1
2018,2019-04-14,ATHB,RAYO,1,0
2018,2019-04-14,GIR,VIL,-1,-1
2018,2019-04-14,RSO,EIB,0,-1
2018,2019-04-14,VLC,LEVA,1,1
2018,2019-04-14,VLLD,GET,0,0
2018,2019-04-13,ATHM,CEL,1,1
2018,2019-04-13,ESP,ALA,1,-1
2018,2019-04-13,HUE,BARC,0,1
2018,2019-04-13,SEV,BET,1,-1
2018,2019-04-07,ALA,LEG,0,-1
2018,2019-04-07,BET,VIL,1,1
2018,2019-04-07,CEL,RSO,1,0
2018,2019-04-07,GET,ATHB,1,1
2018,2019-04-07,LEVA,HUE,0,0
2018,2019-04-07,VLLD,SEV,-1,0
2018,2019-04-06,BARC,ATHM,1,0
2018,2019-04-06,GIR,ESP,-1,-1
2018,2019-04-06,RMA,EIB,1,1
2018,2019-04-06,RAYO,VLC,1,0
2018,2019-04-04,LEG,VLLD,1,0
2018,2019-04-04,SEV,ALA,1,-1
2018,2019-04-04,RSO,BET,1,0
2018,2019-04-03,ATHB,LEVA,1,1
2018,2019-04-03,EIB,RAYO,1,-1
2018,2019-04-03,HUE,CEL,0,0
2018,2019-04-03,VLC,RMA,1,1
2018,2019-04-02,ATHM,GIR,1,-1
2018,2019-04-02,ESP,GET,0,0
2018,2019-04-02,VIL,BARC,0,0
2018,2019-03-31,LEVA,EIB,0,1
2018,2019-03-31,RMA,HUE,1,0
2018,2019-03-31,SEV,VLC,-1,0
2018,2019-03-31,VLLD,RSO,0,1
2018,2019-03-31,RAYO,BET,0,0
2018,2019-03-30,ALA,ATHM,-1,-1
2018,2019-03-30,BARC,ESP,1,0
2018,2019-03-30,CEL,VIL,1,1
2018,2019-03-30,GET,LEG,-1,1
2018,2019-03-29,GIR,ATHB,-1,1
2018,2019-03-17,BET,BARC,-1,-1
2018,2019-03-17,EIB,VLLD,-1,1
2018,2019-03-17,ESP,SEV,-1,1
2018,2019-03-17,VLC,GET,0,-1
2018,2019-03-17,VIL,RAYO,1,-1
2018,2019-03-16,ATHB,ATHM,1,0
2018,2019-03-16,HUE,ALA,-1,1
2018,2019-03-16,LEG,GIR,-1,1
2018,2019-03-16,RMA,CEL,1,0
2018,2019-03-15,RSO,LEVA,0,1
2018,2019-03-10,CEL,BET,-1,-1
2018,2019-03-10,GIR,VLC,-1,1
2018,2019-03-10,LEVA,VIL,-1,-1
2018,2019-03-10,SEV,RSO,1,-1
2018,2019-03-10,VLLD,RMA,-1,0
2018,2019-03-09,ALA,EIB,0,-1
2018,2019-03-09,ATHM,LEG,1,0
2018,2019-03-09,BARC,RAYO,1,-1
2018,2019-03-09,GET,HUE,1,-1
2018,2019-03-08,ATHB,ESP,0,1
2018,2019-03-04,LEG,LEVA,1,-1
2018,2019-03-03,BET,GET,-1,0
2018,2019-03-03,EIB,CEL,1,-1
2018,2019-03-03,RSO,ATHM,-1,1
2018,2019-03-03,VLC,ATHB,1,0
2018,2019-03-02,ESP,VLLD,1,1
2018,2019-03-02,HUE,SEV,1,0
2018,2019-03-02,RMA,BARC,-1,1
2018,2019-03-02,VIL,ALA,-1,1
2018,2019-03-01,RAYO,GIR,-1,1
2018,2019-02-25,GIR,RSO,0,1
2018,2019-02-24,ATHM,VIL,1,-1
2018,2019-02-24,LEG,VLC,0,-1
2018,2019-02-24,LEVA,RMA,-1,0
2018,2019-02-24,VLLD,BET,-1,1
2018,2019-02-23,ALA,CEL,0,1
2018,2019-02-23,ATHB,EIB,1,0
2018,2019-02-23,GET,RAYO,1,0
2018,2019-02-23,SEV,BARC,-1,0
2018,2019-02-22,ESP,HUE,0,-1
2018,2019-02-18,HUE,ATHB,-1,1
2018,2019-02-17,BET,ALA,0,1
2018,2019-02-17,RMA,GIR,-1,0
2018,2019-02-17,VLC,ESP,0,1
2018,2019-02-17,VIL,SEV,1,0
2018,2019-02-16,BARC,VLLD,1,1
2018,2019-02-16,CEL,LEVA,-1,-1
2018,2019-02-16,RSO,LEG,1,1
2018,2019-02-16,RAYO,ATHM,-1,-1
2018,2019-02-15,EIB,GET,0,0
2018,2019-02-11,ALA,LEVA,1,-1
2018,2019-02-10,ATHB,BARC,0,1
2018,2019-02-10,LEG,BET,1,1
2018,2019-02-10,SEV,EIB,0,0
2018,2019-02-10,VLC,RSO,0,1
2018,2019-02-09,ATHM,RMA,-1,0
2018,2019-02-09,ESP,RAYO,1,1
2018,2019-02-09,GET,CEL,1,0
2018,2019-02-09,GIR,HUE,-1,-1
2018,2019-02-08,VLLD,VIL,0,0
2018,2019-02-04,RAYO,LEG,-1,-1
2018,2019-02-03,BET,ATHM,1,0
2018,2019-02-03,EIB,GIR,1,1
2018,2019-02-03,RMA,ALA,1,-1
2018,2019-02-03,VIL,ESP,0,1
2018,2019-02-02,BARC,VLC,0,-1
2018,2019-02-02,CEL,SEV,1,1
2018,2019-02-02,LEVA,GET,0,0
2018,2019-02-02,RSO,ATHB,1,1
2018,2019-02-01,HUE,VLLD,1,0
2018,2019-01-28,ALA,RAYO,-1,-1
2018,2019-01-27,ATHB,BET,1,-1
2018,2019-01-27,ESP,RMA,-1,0
2018,2019-01-27,GIR,BARC,-1,0
2018,2019-01-27,RSO,HUE,0,-1
2018,2019-01-27,VLLD,CEL,1,0
2018,2019-01-26,ATHM,GET,1,1
2018,2019-01-26,LEG,EIB,0,-1
2018,2019-01-26,SEV,LEVA,1,-1
2018,2019-01-26,VLC,VIL,1,1
2018,2019-01-21,EIB,ESP,1,0
2018,2019-01-20,BARC,LEG,1,-1
2018,2019-01-20,BET,GIR,1,-1
2018,2019-01-20,LEVA,VLLD,1,-1
2018,2019-01-20,RAYO,RSO,0,-1
2018,2019-01-20,VIL,ATHB,0,1
2018,2019-01-19,CEL,VLC,-1,0
2018,2019-01-19,HUE,ATHM,-1,-1
2018,2019-01-19,RMA,SEV,1,1
2018,2019-01-18,GET,ALA,1,1
2018,2019-01-14,RSO,ESP,1,1
2018,2019-01-13,ATHB,SEV,1,-1
2018,2019-01-13,ATHM,LEVA,1,1
2018,2019-01-13,BARC,EIB,1,-1
2018,2019-01-13,BET,RMA,-1,-1
2018,2019-01-12,GIR,ALA,0,1
2018,2019-01-12,LEG,HUE,1,-1
2018,2019-01-12,VLC,VLLD,0,0
2018,2019-01-12,VIL,GET,-1,1
2018,2019-01-11,RAYO,CEL,1,-1
2018,2019-01-07,CEL,ATHB,-1,1
2018,2019-01-06,EIB,VIL,0,-1
2018,2019-01-06,GET,BARC,-1,0
2018,2019-01-06,RMA,RSO,-1,0
2018,2019-01-06,SEV,ATHM,0,-1
2018,2019-01-05,ALA,VLC,1,1
2018,2019-01-05,HUE,BET,1,1
2018,2019-01-05,VLLD,RAYO,-1,0
2018,2019-01-04,ESP,LEG,1,0
2018,2019-01-04,LEVA,GIR,0,1
2018,2019-01-03,VIL,RMA,0,1
2018,2018-12-23,LEG,SEV,0,0
2018,2018-12-23,VLC,HUE,1,0
2018,2018-12-23,RAYO,LEVA,1,1
2018,2018-12-22,ATHB,VLLD,0,0
2018,2018-12-22,ATHM,ESP,1,-1
2018,2018-12-22,BARC,CEL,1,-1
2018,2018-12-22,BET,EIB,0,-1
2018,2018-12-21,GIR,GET,0,1
2018,2018-12-21,RSO,ALA,-1,1
2018,2018-12-17,ALA,ATHB,0,0
2018,2018-12-16,ESP,BET,-1,1
2018,2018-12-16,HUE,VIL,0,0
2018,2018-12-16,LEVA,BARC,-1,1
2018,2018-12-16,SEV,GIR,1,0
2018,2018-12-15,EIB,VLC,0,-1
2018,2018-12-15,GET,RSO,1,-1
2018,2018-12-15,RMA,RAYO,1,-1
2018,2018-12-15,VLLD,ATHM,-1,0
2018,2018-12-14,CEL,LEG,0,-1
2018,2018-12-10,ATHB,GIR,1,-1
2018,2018-12-09,BET,RAYO,1,0
2018,2018-12-09,EIB,LEVA,0,0
2018,2018-12-09,HUE,RMA,-1,0
2018,2018-12-09,RSO,VLLD,-1,0
2018,2018-12-08,ATHM,ALA,1,-1
2018,2018-12-08,ESP,BARC,-1,0
2018,2018-12-08,VLC,SEV,0,-1
2018,2018-12-08,VIL,CEL,-1,-1
2018,2018-12-07,LEG,GET,0,0
2018,2018-12-03,LEVA,ATHB,1,-1
2018,2018-12-02,ALA,SEV,0,-1
2018,2018-12-02,BARC,VIL,1,-1
2018,2018-12-02,BET,RSO,1,-1
2018,2018-12-02,GIR,ATHM,0,1
2018,2018-12-01,CEL,HUE,1,1
2018,2018-12-01,GET,ESP,1,-1
2018,2018-12-01,RMA,VLC,1,0
2018,2018-12-01,VLLD,LEG,-1,1
2018,2018-11-30,RAYO,EIB,1,-1
2018,2018-11-26,RSO,CEL,1,0
2018,2018-11-25,ATHB,GET,0,1
2018,2018-11-25,ESP,GIR,-1,-1
2018,2018-11-25,SEV,VLLD,1,-1
2018,2018-11-25,VIL,BET,1,1
2018,2018-11-24,ATHM,BARC,0,1
2018,2018-11-24,EIB,RMA,1,-1
2018,2018-11-24,HUE,LEVA,0,1
2018,2018-11-24,VLC,RAYO,1,-1
2018,2018-11-23,LEG,ALA,1,1
2018,2018-11-11,ALA,HUE,1,0
2018,2018-11-11,BARC,BET,-1,-1
2018,2018-11-11,CEL,RMA,-1,0
2018,2018-11-11,SEV,ESP,1,0
2018,2018-11-11,RAYO,VIL,0,0
2018,2018-11-10,ATHM,ATHB,1,1
2018,2018-11-10,GET,VLC,-1,-1
2018,2018-11-10,GIR,LEG,0,1
2018,2018-11-10,VLLD,EIB,0,-1
2018,2018-11-09,LEVA,RSO,-1,-1
2018,2018-11-05,ESP,ATHB,1,1
2018,2018-11-04,BET,CEL,0,1
2018,2018-11-04,EIB,ALA,1,-1
2018,2018-11-04,HUE,GET,0,-1
2018,2018-11-04,RSO,SEV,0,1
2018,2018-11-04,VIL,LEVA,0,1
2018,2018-11-03,LEG,ATHM,0,1
2018,2018-11-03,RMA,VLLD,1,1
2018,2018-11-03,VLC,GIR,-1,1
2018,2018-11-03,RAYO,BARC,-1,1
2018,2018-10-28,ALA,VIL,1,0
2018,2018-10-28,BARC,RMA,1,-1
2018,2018-10-28,GET,BET,1,-1
2018,2018-10-28,SEV,HUE,1,1
2018,2018-10-27,ATHB,VLC,0,0
2018,2018-10-27,ATHM,RSO,1,-1
2018,2018-10-27,CEL,EIB,1,-1
2018,2018-10-27,GIR,RAYO,1,1
2018,2018-10-27,LEVA,LEG,1,1
2018,2018-10-26,VLLD,ESP,0,1
2018,2018-10-24,RAYO,ATHB,0,0
2018,2018-10-22,RSO,GIR,0,1
2018,2018-10-21,BET,VLLD,-1,1
2018,2018-10-21,EIB,ATHB,0,1
2018,2018-10-21,HUE,ESP,-1,1
2018,2018-10-21,RAYO,GET,-1,0
2018,2018-10-20,BARC,SEV,1,1
2018,2018-10-20,RMA,LEVA,-1,0
2018,2018-10-20,VLC,LEG,0,0
2018,2018-10-20,VIL,ATHM,0,0
2018,2018-10-19,CEL,ALA,-1,1
2018,2018-10-07,ATHM,BET,1,1
2018,2018-10-07,ESP,VIL,1,0
2018,2018-10-07,SEV,CEL,1,1
2018,2018-10-07,VLC,BARC,0,1
2018,2018-10-07,VLLD,HUE,1,-1
2018,2018-10-06,ALA,RMA,1,1
2018,2018-10-06,GET,LEVA,-1,1
2018,2018-10-06,GIR,EIB,-1,-1
2018,2018-10-06,LEG,RAYO,1,0
2018,2018-10-05,ATHB,RSO,-1,-1
2018,2018-10-01,CEL,GET,0,1
2018,2018-09-30,BET,LEG,1,1
2018,2018-09-30,HUE,GIR,0,-1
2018,2018-09-30,LEVA,ALA,1,-1
2018,2018-09-30,VIL,VLLD,-1,-1
2018,2018-09-29,BARC,ATHB,0,-1
2018,2018-09-29,EIB,SEV,-1,1
2018,2018-09-29,RMA,ATHM,0,-1
2018,2018-09-29,RSO,VLC,-1,1
2018,2018-09-28,RAYO,ESP,0,0
2018,2018-09-27,ALA,GET,0,0
2018,2018-09-27,GIR,BET,-1,1
2018,2018-09-27,VLLD,LEVA,1,0
2018,2018-09-26,ATHB,VIL,-1,1
2018,2018-09-26,LEG,BARC,1,0
2018,2018-09-26,SEV,RMA,1,0
2018,2018-09-26,VLC,CEL,0,0
2018,2018-09-25,ATHM,HUE,1,0
2018,2018-09-25,ESP,EIB,1,1
2018,2018-09-25,RSO,RAYO,0,0
2018,2018-09-23,BARC,GIR,0,1
2018,2018-09-23,BET,ATHB,0,0
2018,2018-09-23,LEVA,SEV,-1,0
2018,2018-09-23,VIL,VLC,0,-1
2018,2018-09-22,CEL,VLLD,0,-1
2018,2018-09-22,EIB,LEG,1,-1
2018,2018-09-22,GET,ATHM,-1,-1
2018,2018-09-22,RMA,ESP,1,1
2018,2018-09-22,RAYO,ALA,-1,0
2018,2018-09-21,HUE,RSO,-1,0
2018,2018-09-17,GIR,CEL,1,0
2018,2018-09-16,ESP,LEVA,1,0
2018,2018-09-16,LEG,VIL,-1,-1
2018,2018-09-16,SEV,GET,-1,0
2018,2018-09-16,VLLD,ALA,-1,-1
2018,2018-09-15,ATHB,RMA,0,-1
2018,2018-09-15,ATHM,EIB,0,0
2018,2018-09-15,RSO,BARC,-1,1
2018,2018-09-15,VLC,BET,0,0
2018,2018-09-14,HUE,RAYO,-1,1
2018,2018-09-02,ALA,ESP,1,1
2018,2018-09-02,BARC,HUE,1,-1
2018,2018-09-02,BET,SEV,1,-1
2018,2018-09-02,LEVA,VLC,0,-1
2018,2018-09-01,CEL,ATHM,1,1
2018,2018-09-01,RMA,LEG,1,0
2018,2018-08-31,EIB,RSO,1,-1
2018,2018-08-31,GET,VLLD,0,1
2018,2018-08-31,VIL,GIR,-1,1
2018,2018-08-27,ATHB,HUE,0,-1
2018,2018-08-27,LEVA,CEL,-1,-1
2018,2018-08-26,ESP,VLC,1,-1
2018,2018-08-26,GIR,RMA,-1,0
2018,2018-08-26,SEV,VIL,0,0
2018,2018-08-25,ALA,BET,0,-1
2018,2018-08-25,ATHM,RAYO,1,-1
2018,2018-08-25,VLLD,BARC,-1,0
2018,2018-08-24,GET,EIB,1,0
2018,2018-08-24,LEG,RSO,0,-1
2018,2018-08-20,ATHB,LEG,1,-1
2018,2018-08-20,VLC,ATHM,0,0
2018,2018-08-19,EIB,HUE,-1,1
2018,2018-08-19,RMA,GET,1,1
2018,2018-08-19,RAYO,SEV,-1,1
2018,2018-08-18,BARC,ALA,1,1
2018,2018-08-18,CEL,ESP,0,0
2018,2018-08-18,VIL,RSO,-1,0
2018,2018-08-17,BET,LEVA,-1,1
2018,2018-08-17,GIR,VLLD,0,1
2017,2018-05-20,ATHB,ESP,-1,0
2017,2018-05-20,ATHM,EIB,0,-1
2017,2018-05-20,BARC,RSO,1,-1
2017,2018-05-20,VLC,LAC,1,-1
2017,2018-05-19,CEL,LEVA,1,0
2017,2018-05-19,LASP,GIR,-1,1
2017,2018-05-19,LEG,BET,1,-1
2017,2018-05-19,MLG,GET,-1,-1
2017,2018-05-19,SEV,ALA,1,-1
2017,2018-05-19,VIL,RMA,0,0
2017,2018-05-13,ESP,MLG,1,1
2017,2018-05-13,LEVA,BARC,1,1
2017,2018-05-12,ALA,ATHB,1,-1
2017,2018-05-12,BET,SEV,0,1
2017,2018-05-12,EIB,LASP,1,0
2017,2018-05-12,GET,ATHM,-1,1
2017,2018-05-12,GIR,VLC,-1,0
2017,2018-05-12,LAC,VIL,-1,0
2017,2018-05-12,RMA,CEL,1,1
2017,2018-05-12,RSO,LEG,1,0
2017,2018-05-09,BARC,VIL,1,1
2017,2018-05-09,SEV,RMA,1,1
2017,2018-05-07,LEG,LEVA,-1,-1
2017,2018-05-06,ATHM,ESP,-1,-1
2017,2018-05-06,BARC,RMA,0,1
2017,2018-05-06,LASP,GET,-1,1
2017,2018-05-06,MLG,ALA,-1,1
2017,2018-05-05,ATHB,BET,1,1
2017,2018-05-05,CEL,LAC,0,1
2017,2018-05-05,GIR,EIB,-1,1
2017,2018-05-05,VIL,VLC,1,-1
2017,2018-05-04,SEV,RSO,1,0
2017,2018-04-30,BET,MLG,1,1
2017,2018-04-29,ALA,ATHM,-1,-1
2017,2018-04-29,GET,GIR,0,-1
2017,2018-04-29,LAC,BARC,-1,0
2017,2018-04-29,VLC,EIB,0,0
2017,2018-04-28,ESP,LASP,0,0
2017,2018-04-28,RMA,LEG,1,0
2017,2018-04-28,RSO,ATHB,1,-1
2017,2018-04-28,VIL,CEL,1,-1
2017,2018-04-27,LEVA,SEV,1,-1
2017,2018-04-23,ATHB,LEVA,-1,0
2017,2018-04-22,ATHM,BET,0,-1
2017,2018-04-22,GIR,ESP,-1,1
2017,2018-04-22,LASP,ALA,-1,-1
2017,2018-04-22,MLG,RSO,1,0
2017,2018-04-21,CEL,VLC,0,-1
2017,2018-04-21,EIB,GET,-1,-1
2017,2018-04-20,LEG,LAC,0,-1
2017,2018-04-19,ALA,GIR,-1,-1
2017,2018-04-19,BET,LASP,1,0
2017,2018-04-19,LEVA,MLG,1,1
2017,2018-04-19,RSO,ATHM,1,1
2017,2018-04-18,ESP,EIB,-1,-1
2017,2018-04-18,RMA,ATHB,0,0
2017,2018-04-18,VLC,GET,-1,0
2017,2018-04-17,CEL,BARC,0,-1
2017,2018-04-17,LAC,SEV,0,0
2017,2018-04-17,VIL,LEG,1,0
2017,2018-04-15,ATHM,LEVA,1,-1
2017,2018-04-15,EIB,ALA,-1,0
2017,2018-04-15,GET,ESP,1,1
2017,2018-04-15,MLG,RMA,-1,-1
2017,2018-04-14,ATHB,LAC,-1,-1
2017,2018-04-14,BARC,VLC,1,0
2017,2018-04-14,LASP,RSO,-1,0
2017,2018-04-14,LEG,CEL,1,0
2017,2018-04-14,SEV,VIL,0,1
2017,2018-04-13,GIR,BET,-1,0
2017,2018-04-09,VIL,ATHB,-1,-1
2017,2018-04-08,LEVA,LASP,1,0
2017,2018-04-08,RMA,ATHM,0,0
2017,2018-04-08,RSO,GIR,1,1
2017,2018-04-08,VLC,ESP,1,0
2017,2018-04-07,ALA,GET,1,1
2017,2018-04-07,BARC,LEG,1,0
2017,2018-04-07,BET,EIB,1,1
2017,2018-04-07,CEL,SEV,1,1
2017,2018-04-06,LAC,MLG,1,0
2017,2018-04-02,GET,BET,-1,-1
2017,2018-04-01,ATHM,LAC,1,0
2017,2018-04-01,EIB,RSO,0,1
2017,2018-04-01,ESP,ALA,0,1
2017,2018-04-01,LEG,VLC,-1,-1
2017,2018-04-01,MLG,VIL,1,-1
2017,2018-03-31,ATHB,CEL,0,-1
2017,2018-03-31,GIR,LEVA,0,1
2017,2018-03-31,LASP,RMA,-1,-1
2017,2018-03-31,SEV,BARC,0,1
2017,2018-03-18,BARC,ATHB,1,0
2017,2018-03-18,CEL,MLG,0,1
2017,2018-03-18,LEG,SEV,1,1
2017,2018-03-18,RMA,GIR,1,-1
2017,2018-03-18,VIL,ATHM,1,1
2017,2018-03-17,BET,ESP,1,-1
2017,2018-03-17,LAC,LASP,0,1
2017,2018-03-17,RSO,GET,-1,1
2017,2018-03-17,VLC,ALA,1,0
2017,2018-03-16,LEVA,EIB,1,-1
2017,2018-03-12,ALA,BET,-1,-1
2017,2018-03-11,ATHB,LEG,1,-1
2017,2018-03-11,ATHM,CEL,1,1
2017,2018-03-11,ESP,RSO,1,-1
2017,2018-03-11,LASP,VIL,-1,-1
2017,2018-03-10,EIB,RMA,-1,-1
2017,2018-03-10,GET,LEVA,-1,-1
2017,2018-03-10,MLG,BARC,-1,-1
2017,2018-03-10,SEV,VLC,-1,1
2017,2018-03-09,GIR,LAC,1,0
2017,2018-03-05,CEL,LASP,1,0
2017,2018-03-04,BARC,ATHM,1,-1
2017,2018-03-04,LEVA,ESP,0,-1
2017,2018-03-04,RSO,ALA,1,-1
2017,2018-03-04,VLC,BET,1,0
2017,2018-03-03,LAC,EIB,0,1
2017,2018-03-03,LEG,MLG,1,-1
2017,2018-03-03,RMA,GET,1,-1
2017,2018-03-03,SEV,ATHB,1,-1
2017,2018-03-03,VIL,GIR,-1,-1
2017,2018-03-01,ALA,LEVA,1,1
2017,2018-03-01,BET,RSO,0,1
2017,2018-03-01,LASP,BARC,0,1
2017,2018-02-28,ATHB,VLC,0,0
2017,2018-02-28,ATHM,LEG,1,1
2017,2018-02-28,EIB,VIL,1,-1
2017,2018-02-28,GET,LAC,1,1
2017,2018-02-28,MLG,SEV,-1,1
2017,2018-02-27,ESP,RMA,1,1
2017,2018-02-27,GIR,CEL,1,-1
2017,2018-02-26,LEVA,BET,-1,1
2017,2018-02-25,ATHB,MLG,1,0
2017,2018-02-25,SEV,ATHM,-1,-1
2017,2018-02-25,VLC,RSO,1,0
2017,2018-02-25,VIL,GET,1,-1
2017,2018-02-24,BARC,GIR,1,-1
2017,2018-02-24,CEL,EIB,1,0
2017,2018-02-24,LEG,LASP,0,1
2017,2018-02-24,RMA,ALA,1,-1
2017,2018-02-23,LAC,ESP,0,0
2017,2018-02-21,LEG,RMA,-1,0
2017,2018-02-19,GET,CEL,1,0
2017,2018-02-18,ATHM,ATHB,1,1
2017,2018-02-18,BET,RMA,-1,1
2017,2018-02-18,ESP,VIL,0,-1
2017,2018-02-18,RSO,LEVA,1,0
2017,2018-02-17,ALA,LAC,1,1
2017,2018-02-17,EIB,BARC,-1,1
2017,2018-02-17,LASP,SEV,-1,1
2017,2018-02-17,MLG,VLC,-1,1
2017,2018-02-16,GIR,LEG,1,0
2017,2018-02-12,LAC,BET,-1,-1
2017,2018-02-11,BARC,GET,0,1
2017,2018-02-11,CEL,ESP,0,-1
2017,2018-02-11,SEV,GIR,1,1
2017,2018-02-11,VLC,LEVA,1,-1
2017,2018-02-10,LEG,EIB,-1,-1
2017,2018-02-10,MLG,ATHM,-1,0
2017,2018-02-10,RMA,RSO,1,-1
2017,2018-02-10,VIL,ALA,-1,-1
2017,2018-02-09,ATHB,LASP,0,-1
2017,2018-02-05,LASP,MLG,1,0
2017,2018-02-04,ATHM,VLC,1,0
2017,2018-02-04,ESP,BARC,0,1
2017,2018-02-04,GET,LEG,0,-1
2017,2018-02-04,GIR,ATHB,1,1
2017,2018-02-03,ALA,CEL,1,-1
2017,2018-02-03,BET,VIL,1,0
2017,2018-02-03,EIB,SEV,1,-1
2017,2018-02-03,LEVA,RMA,0,0
2017,2018-02-02,RSO,LAC,1,0
2017,2018-01-29,CEL,BET,1,1
2017,2018-01-28,ATHM,LASP,1,1
2017,2018-01-28,BARC,ALA,1,-1
2017,2018-01-28,LEG,ESP,1,0
2017,2018-01-28,SEV,GET,0,1
2017,2018-01-27,LAC,LEVA,0,0
2017,2018-01-27,MLG,GIR,0,-1
2017,2018-01-27,VLC,RMA,-1,-1
2017,2018-01-27,VIL,RSO,1,0
2017,2018-01-26,ATHB,EIB,0,0
2017,2018-01-22,EIB,MLG,0,-1
2017,2018-01-21,ALA,LEG,0,1
2017,2018-01-21,BET,BARC,-1,1
2017,2018-01-21,RMA,LAC,1,-1
2017,2018-01-21,RSO,CEL,-1,1
2017,2018-01-20,ATHM,GIR,0,1
2017,2018-01-20,ESP,SEV,-1,0
2017,2018-01-20,LASP,VLC,1,1
2017,2018-01-20,VIL,LEVA,1,1
2017,2018-01-19,GET,ATHB,0,0
2017,2018-01-15,BET,LEG,1,1
2017,2018-01-14,ALA,SEV,1,-1
2017,2018-01-14,ESP,ATHB,0,-1
2017,2018-01-14,LEVA,CEL,-1,1
2017,2018-01-14,RSO,BARC,-1,0
2017,2018-01-13,EIB,ATHM,-1,1
2017,2018-01-13,GIR,LASP,1,1
2017,2018-01-13,LAC,VLC,-1,1
2017,2018-01-13,RMA,VIL,-1,1
2017,2018-01-12,GET,MLG,1,1
2017,2018-01-08,MLG,ESP,-1,0
2017,2018-01-07,ATHB,ALA,1,1
2017,2018-01-07,BARC,LEVA,1,1
2017,2018-01-07,CEL,RMA,0,-1
2017,2018-01-07,LEG,RSO,1,1
2017,2018-01-07,VIL,LAC,0,1
2017,2018-01-06,ATHM,GET,1,0
2017,2018-01-06,LASP,EIB,-1,-1
2017,2018-01-06,SEV,BET,-1,1
2017,2018-01-06,VLC,GIR,1,1
2017,2017-12-23,LAC,CEL,-1,-1
2017,2017-12-23,RMA,BARC,-1,-1
2017,2017-12-23,VLC,VIL,-1,1
2017,2017-12-22,BET,ATHB,-1,1
2017,2017-12-22,ESP,ATHM,1,0
2017,2017-12-21,ALA,MLG,1,-1
2017,2017-12-21,EIB,GIR,1,0
2017,2017-12-20,GET,LASP,1,0
2017,2017-12-20,RSO,SEV,1,-1
2017,2017-12-19,LEVA,LEG,0,0
2017,2017-12-18,MLG,BET,-1,0
2017,2017-12-17,BARC,LAC,1,-1
2017,2017-12-17,CEL,VIL,-1,1
2017,2017-12-17,GIR,GET,1,1
2017,2017-12-17,LASP,ESP,0,0
2017,2017-12-16,ATHB,RSO,0,0
2017,2017-12-16,ATHM,ALA,1,0
2017,2017-12-16,EIB,VLC,1,-1
2017,2017-12-15,SEV,LEVA,0,0
2017,2017-12-11,ESP,GIR,-1,1
2017,2017-12-10,BET,ATHM,-1,0
2017,2017-12-10,LEVA,ATHB,-1,1
2017,2017-12-10,RSO,MLG,-1,-1
2017,2017-12-10,VIL,BARC,-1,0
2017,2017-12-09,GET,EIB,0,0
2017,2017-12-09,LAC,LEG,1,0
2017,2017-12-09,RMA,SEV,1,-1
2017,2017-12-09,VLC,CEL,1,1
2017,2017-12-08,ALA,LASP,1,0
2017,2017-12-04,GIR,ALA,-1,0
2017,2017-12-03,EIB,ESP,1,1
2017,2017-12-03,GET,VLC,1,1
2017,2017-12-03,LASP,BET,1,1
2017,2017-12-03,LEG,VIL,1,0
2017,2017-12-02,ATHB,RMA,0,0
2017,2017-12-02,ATHM,RSO,1,-1
2017,2017-12-02,BARC,CEL,0,-1
2017,2017-12-02,SEV,LAC,1,-1
2017,2017-12-01,MLG,LEVA,0,0
2017,2017-11-27,ESP,GET,1,-1
2017,2017-11-26,LAC,ATHB,0,1
2017,2017-11-26,RSO,LASP,0,1
2017,2017-11-26,VLC,BARC,0,1
2017,2017-11-26,VIL,SEV,-1,0
2017,2017-11-25,ALA,EIB,-1,1
2017,2017-11-25,BET,GIR,0,-1
2017,2017-11-25,LEVA,ATHM,-1,1
2017,2017-11-25,RMA,MLG,1,-1
2017,2017-11-24,CEL,LEG,1,0
2017,2017-11-20,EIB,BET,1,-1
2017,2017-11-19,ATHB,VIL,0,0
2017,2017-11-19,ESP,VLC,-1,0
2017,2017-11-19,LASP,LEVA,-1,0
2017,2017-11-19,MLG,LAC,1,0
2017,2017-11-18,ATHM,RMA,0,0
2017,2017-11-18,GET,ALA,1,0
2017,2017-11-18,LEG,BARC,-1,1
2017,2017-11-18,SEV,CEL,1,-1
2017,2017-11-17,GIR,RSO,0,1
2017,2017-11-05,CEL,ATHB,1,1
2017,2017-11-05,LEVA,GIR,-1,1
2017,2017-11-05,RMA,LASP,1,-1
2017,2017-11-05,RSO,EIB,1,0
2017,2017-11-05,VIL,MLG,1,-1
2017,2017-11-04,ALA,ESP,1,-1
2017,2017-11-04,BARC,SEV,1,0
2017,2017-11-04,LAC,ATHM,-1,0
2017,2017-11-04,VLC,LEG,1,0
2017,2017-11-03,BET,GET,0,0
2017,2017-10-30,ESP,BET,1,1
2017,2017-10-30,LASP,LAC,-1,-1
2017,2017-10-29,EIB,LEVA,0,-1
2017,2017-10-29,GET,RSO,1,1
2017,2017-10-29,GIR,RMA,1,-1
2017,2017-10-29,MLG,CEL,1,-1
2017,2017-10-28,ALA,VLC,-1,1
2017,2017-10-28,ATHB,BARC,-1,-1
2017,2017-10-28,ATHM,VIL,0,-1
2017,2017-10-28,SEV,LEG,1,1
2017,2017-10-23,LAC,GIR,-1,0
2017,2017-10-23,RSO,ESP,0,1
2017,2017-10-22,CEL,ATHM,-1,-1
2017,2017-10-22,LEG,ATHB,1,-1
2017,2017-10-22,RMA,EIB,1,0
2017,2017-10-22,VIL,LASP,1,-1
2017,2017-10-21,BARC,MLG,1,-1
2017,2017-10-21,BET,ALA,1,-1
2017,2017-10-21,LEVA,GET,0,-1
2017,2017-10-21,VLC,SEV,1,0
2017,2017-10-16,LASP,CEL,-1,1
2017,2017-10-15,BET,VLC,-1,0
2017,2017-10-15,EIB,LAC,0,1
2017,2017-10-15,GIR,VIL,-1,0
2017,2017-10-15,MLG,LEG,-1,1
2017,2017-10-14,ALA,RSO,-1,0
2017,2017-10-14,ATHB,SEV,1,1
2017,2017-10-14,ATHM,BARC,0,1
2017,2017-10-14,GET,RMA,-1,-1
2017,2017-10-13,ESP,LEVA,0,0
2017,2017-10-01,BARC,LASP,1,0
2017,2017-10-01,RMA,ESP,1,-1
2017,2017-10-01,RSO,BET,0,1
2017,2017-10-01,VLC,ATHB,1,-1
2017,2017-10-01,VIL,EIB,1,0
2017,2017-09-30,LAC,GET,1,0
2017,2017-09-30,LEG,ATHM,0,1
2017,2017-09-30,LEVA,ALA,-1,0
2017,2017-09-30,SEV,MLG,1,0
2017,2017-09-29,CEL,GIR,0,-1
2017,2017-09-25,BET,LEVA,1,0
2017,2017-09-24,EIB,CEL,-1,1
2017,2017-09-24,ESP,LAC,1,0
2017,2017-09-24,GET,VIL,1,-1
2017,2017-09-24,LASP,LEG,-1,-1
2017,2017-09-24,RSO,VLC,-1,0
2017,2017-09-23,ALA,RMA,-1,0
2017,2017-09-23,ATHM,SEV,1,-1
2017,2017-09-23,GIR,BARC,-1,0
2017,2017-09-23,MLG,ATHB,0,-1
2017,2017-09-21,CEL,GET,0,-1
2017,2017-09-21,LEVA,RSO,1,1
2017,2017-09-21,VIL,ESP,0,0
2017,2017-09-20,ATHB,ATHM,-1,1
2017,2017-09-20,LAC,ALA,1,1
2017,2017-09-20,LEG,GIR,0,1
2017,2017-09-20,RMA,BET,-1,1
2017,2017-09-20,SEV,LASP,1,0
2017,2017-09-19,BARC,EIB,1,1
2017,2017-09-19,VLC,MLG,1,-1
2017,2017-09-18,ESP,CEL,1,0
2017,2017-09-17,ALA,VIL,-1,0
2017,2017-09-17,GIR,SEV,-1,0
2017,2017-09-17,LASP,ATHB,1,1
2017,2017-09-17,RSO,RMA,-1,0
2017,2017-09-16,ATHM,MLG,1,-1
2017,2017-09-16,BET,LAC,1,-1
2017,2017-09-16,GET,BARC,-1,1
2017,2017-09-16,LEVA,VLC,0,-1
2017,2017-09-15,EIB,LEG,1,0
2017,2017-09-11,MLG,LASP,-1,0
2017,2017-09-10,ATHB,GIR,1,0
2017,2017-09-10,CEL,ALA,1,1
2017,2017-09-10,LAC,RSO,-1,1
2017,2017-09-10,VIL,BET,1,1
2017,2017-09-09,BARC,ESP,1,0
2017,2017-09-09,RMA,LEVA,0,-1
2017,2017-09-09,SEV,EIB,1,0
2017,2017-09-09,VLC,ATHM,0,0
2017,2017-09-08,LEG,GET,-1,1
2017,2017-08-27,EIB,ATHB,-1,-1
2017,2017-08-27,ESP,LEG,-1,-1
2017,2017-08-27,GET,SEV,-1,1
2017,2017-08-27,RMA,VLC,0,0
2017,2017-08-26,ALA,BARC,-1,0
2017,2017-08-26,GIR,MLG,1,-1
2017,2017-08-26,LASP,ATHM,-1,1
2017,2017-08-26,LEVA,LAC,0,0
2017,2017-08-25,BET,CEL,1,0
2017,2017-08-25,RSO,VIL,1,0
2017,2017-08-21,LEVA,VIL,1,0
2017,2017-08-21,MLG,EIB,-1,-1
2017,2017-08-20,ATHB,GET,0,-1
2017,2017-08-20,BARC,BET,1,1
2017,2017-08-20,LAC,RMA,-1,0
2017,2017-08-19,CEL,RSO,-1,0
2017,2017-08-19,GIR,ATHM,0,0
2017,2017-08-19,SEV,ESP,0,0
2017,2017-08-18,LEG,ALA,1,-1
2017,2017-08-18,VLC,LASP,1,-1
2016,2017-05-21,ATHM,ATHB,1,0
2016,2017-05-21,BARC,EIB,1,0
2016,2017-05-21,CEL,RSO,0,1
2016,2017-05-21,MLG,RMA,-1,-1
2016,2017-05-21,VLC,VIL,-1,-1
2016,2017-05-20,LAC,LASP,1,1
2016,2017-05-20,LEG,ALA,0,0
2016,2017-05-20,SEV,OSA,1,1
2016,2017-05-20,SPG,BET,0,-1
2016,2017-05-19,GRA,ESP,-1,1
2016,2017-05-17,CEL,RMA,-1,-1
2016,2017-05-14,ALA,CEL,1,0
2016,2017-05-14,ATHB,LEG,0,-1
2016,2017-05-14,BET,ATHM,0,-1
2016,2017-05-14,EIB,SPG,-1,-1
2016,2017-05-14,LASP,BARC,-1,-1
2016,2017-05-14,RMA,SEV,1,1
2016,2017-05-14,RSO,MLG,0,-1
2016,2017-05-14,VIL,LAC,0,0
2016,2017-05-13,ESP,VLC,-1,-1
2016,2017-05-13,OSA,GRA,1,1
2016,2017-05-08,LEG,BET,1,0
2016,2017-05-07,ALA,ATHB,1,1
2016,2017-05-07,LAC,ESP,-1,-1
2016,2017-05-07,MLG,CEL,1,-1
2016,2017-05-07,VLC,OSA,1,1
2016,2017-05-06,ATHM,EIB,1,0
2016,2017-05-06,BARC,VIL,1,-1
2016,2017-05-06,GRA,RMA,-1,1
2016,2017-05-06,SPG,LASP,1,1
2016,2017-05-05,SEV,RSO,0,1
2016,2017-05-01,MLG,SEV,1,1
2016,2017-04-30,BET,ALA,-1,1
2016,2017-04-30,CEL,ATHB,-1,-1
2016,2017-04-30,EIB,LEG,1,1
2016,2017-04-30,OSA,LAC,0,0
2016,2017-04-29,ESP,BARC,-1,-1
2016,2017-04-29,LASP,ATHM,-1,0
2016,2017-04-29,RMA,VLC,1,-1
2016,2017-04-29,RSO,GRA,1,1
2016,2017-04-28,VIL,SPG,1,1
2016,2017-04-27,ALA,EIB,0,1
2016,2017-04-27,ATHB,BET,1,1
2016,2017-04-27,SEV,CEL,1,0
2016,2017-04-26,BARC,OSA,1,1
2016,2017-04-26,LAC,RMA,-1,-1
2016,2017-04-26,LEG,LASP,1,0
2016,2017-04-26,VLC,RSO,-1,1
2016,2017-04-25,ATHM,VIL,-1,-1
2016,2017-04-25,GRA,MLG,-1,-1
2016,2017-04-25,SPG,ESP,0,0
2016,2017-04-24,EIB,ATHB,-1,-1
2016,2017-04-23,CEL,BET,-1,0
2016,2017-04-23,LASP,ALA,0,0
2016,2017-04-23,RMA,BARC,-1,-1
2016,2017-04-23,RSO,LAC,1,0
2016,2017-04-22,ESP,ATHM,-1,0
2016,2017-04-22,MLG,VLC,1,0
2016,2017-04-22,OSA,SPG,0,-1
2016,2017-04-22,VIL,LEG,1,0
2016,2017-04-21,SEV,GRA,1,0
2016,2017-04-17,ALA,VIL,1,1
2016,2017-04-16,BET,EIB,1,1
2016,2017-04-16,GRA,CEL,-1,0
2016,2017-04-16,LEG,ESP,-1,-1
2016,2017-04-16,VLC,SEV,0,0
2016,2017-04-15,ATHM,OSA,1,-1
2016,2017-04-15,BARC,RSO,1,0
2016,2017-04-15,LAC,MLG,1,-1
2016,2017-04-15,SPG,RMA,-1,0
2016,2017-04-14,ATHB,LASP,1,1
2016,2017-04-10,RSO,SPG,1,1
2016,2017-04-09,CEL,EIB,-1,1
2016,2017-04-09,GRA,VLC,-1,1
2016,2017-04-09,LASP,BET,1,0
2016,2017-04-09,OSA,LEG,1,1
2016,2017-04-08,ESP,ALA,1,1
2016,2017-04-08,MLG,BARC,1,0
2016,2017-04-08,RMA,ATHM,0,0
2016,2017-04-08,SEV,LAC,1,-1
2016,2017-04-07,VIL,ATHB,1,1
2016,2017-04-06,EIB,LASP,1,1
2016,2017-04-06,VLC,CEL,1,-1
2016,2017-04-05,ALA,OSA,-1,1
2016,2017-04-05,BARC,SEV,1,-1
2016,2017-04-05,LAC,GRA,0,0
2016,2017-04-05,LEG,RMA,-1,0
2016,2017-04-05,SPG,MLG,-1,0
2016,2017-04-04,ATHB,ESP,1,-1
2016,2017-04-04,ATHM,RSO,1,-1
2016,2017-04-04,BET,VIL,-1,-1
2016,2017-04-03,CEL,LASP,1,1
2016,2017-04-02,GRA,BARC,-1,1
2016,2017-04-02,RMA,ALA,1,0
2016,2017-04-02,SEV,SPG,0,0
2016,2017-04-02,VLC,LAC,1,0
2016,2017-04-01,MLG,ATHM,-1,-1
2016,2017-04-01,OSA,ATHB,-1,-1
2016,2017-04-01,RSO,LEG,0,1
2016,2017-04-01,VIL,EIB,-1,0
2016,2017-03-31,ESP,BET,1,-1
2016,2017-03-19,ATHM,SEV,1,-1
2016,2017-03-19,BARC,VLC,1,-1
2016,2017-03-19,LAC,CEL,-1,1
2016,2017-03-19,LEG,MLG,0,0
2016,2017-03-19,SPG,GRA,1,-1
2016,2017-03-18,ALA,RSO,1,0
2016,2017-03-18,ATHB,RMA,-1,-1
2016,2017-03-18,BET,OSA,1,-1
2016,2017-03-18,EIB,ESP,0,-1
2016,2017-03-17,LASP,VIL,1,-1
2016,2017-03-13,OSA,EIB,0,-1
2016,2017-03-12,CEL,VIL,-1,1
2016,2017-03-12,LAC,BARC,1,0
2016,2017-03-12,RMA,BET,1,0
2016,2017-03-12,RSO,ATHB,-1,1
2016,2017-03-11,GRA,ATHM,-1,-1
2016,2017-03-11,MLG,ALA,-1,-1
2016,2017-03-11,SEV,LEG,0,1
2016,2017-03-11,VLC,SPG,0,-1
2016,2017-03-10,ESP,LASP,1,0
2016,2017-03-08,LAC,BET,0,0
2016,2017-03-06,ALA,SEV,0,0
2016,2017-03-05,ATHB,MLG,1,-1
2016,2017-03-05,ATHM,VLC,1,-1
2016,2017-03-05,LASP,OSA,1,1
2016,2017-03-05,SPG,LAC,-1,0
2016,2017-03-04,BARC,CEL,1,-1
2016,2017-03-04,EIB,RMA,-1,-1
2016,2017-03-04,LEG,GRA,1,0
2016,2017-03-04,VIL,ESP,1,-1
2016,2017-03-03,BET,RSO,-1,0
2016,2017-03-02,LAC,ATHM,0,1
2016,2017-03-02,SEV,ATHB,1,0
2016,2017-03-01,BARC,SPG,1,0
2016,2017-03-01,CEL,ESP,0,0
2016,2017-03-01,GRA,ALA,1,0
2016,2017-03-01,OSA,VIL,-1,0
2016,2017-03-01,RMA,LASP,0,0
2016,2017-02-28,MLG,BET,-1,-1
2016,2017-02-28,RSO,EIB,0,0
2016,2017-02-28,VLC,LEG,1,-1
2016,2017-02-26,ATHB,GRA,1,-1
2016,2017-02-26,ATHM,BARC,-1,0
2016,2017-02-26,ESP,OSA,1,0
2016,2017-02-26,SPG,CEL,0,-1
2016,2017-02-26,VIL,RMA,-1,-1
2016,2017-02-25,ALA,VLC,1,0
2016,2017-02-25,BET,SEV,-1,-1
2016,2017-02-25,EIB,MLG,1,1
2016,2017-02-25,LEG,LAC,1,1
2016,2017-02-24,LASP,RSO,-1,-1
2016,2017-02-22,VLC,RMA,1,1
2016,2017-02-20,MLG,LASP,1,0
2016,2017-02-19,BARC,LEG,1,0
2016,2017-02-19,CEL,OSA,1,-1
2016,2017-02-19,RSO,VIL,-1,1
2016,2017-02-19,VLC,ATHB,1,1
2016,2017-02-18,LAC,ALA,-1,-1
2016,2017-02-18,RMA,ESP,1,1
2016,2017-02-18,SEV,EIB,1,-1
2016,2017-02-18,SPG,ATHM,-1,1
2016,2017-02-17,GRA,BET,1,0
2016,2017-02-13,EIB,GRA,1,1
2016,2017-02-12,ATHM,CEL,1,0
2016,2017-02-12,LASP,SEV,-1,-1
2016,2017-02-12,LEG,SPG,-1,1
2016,2017-02-12,VIL,MLG,0,1
2016,2017-02-11,ALA,BARC,-1,1
2016,2017-02-11,ATHB,LAC,1,-1
2016,2017-02-11,BET,VLC,0,0
2016,2017-02-11,OSA,RMA,-1,1
2016,2017-02-10,ESP,RSO,-1,-1
2016,2017-02-06,GRA,LASP,1,-1
2016,2017-02-05,SEV,VIL,0,1
2016,2017-02-05,RSO,OSA,1,1
2016,2017-02-05,SPG,ALA,-1,1
2016,2017-02-04,ATHM,LEG,1,-1
2016,2017-02-04,BARC,ATHB,1,1
2016,2017-02-04,MLG,ESP,-1,0
2016,2017-02-04,VLC,EIB,-1,-1
2016,2017-01-30,LASP,VLC,1,0
2016,2017-01-29,ATHB,SPG,1,0
2016,2017-01-29,BET,BARC,0,0
2016,2017-01-29,ESP,SEV,1,1
2016,2017-01-29,RMA,RSO,1,1
2016,2017-01-28,ALA,ATHM,0,0
2016,2017-01-28,EIB,LAC,1,1
2016,2017-01-28,LEG,CEL,-1,1
2016,2017-01-28,VIL,GRA,1,0
2016,2017-01-27,OSA,MLG,0,1
2016,2017-01-22,ATHB,ATHM,0,1
2016,2017-01-22,BET,SPG,0,-1
2016,2017-01-22,EIB,BARC,-1,-1
2016,2017-01-22,OSA,SEV,-1,0
2016,2017-01-22,RSO,CEL,1,1
2016,2017-01-21,ALA,LEG,0,1
2016,2017-01-21,ESP,GRA,1,1
2016,2017-01-21,RMA,MLG,1,1
2016,2017-01-21,VIL,VLC,-1,-1
2016,2017-01-20,LASP,LAC,0,0
2016,2017-01-16,MLG,RSO,-1,1
2016,2017-01-15,CEL,ALA,1,1
2016,2017-01-15,GRA,OSA,0,0
2016,2017-01-15,SEV,RMA,1,0
2016,2017-01-15,SPG,EIB,-1,1
2016,2017-01-15,VLC,ESP,1,-1
2016,2017-01-14,ATHM,BET,1,0
2016,2017-01-14,BARC,LASP,1,-1
2016,2017-01-14,LAC,VIL,0,1
2016,2017-01-14,LEG,ATHB,0,1
2016,2017-01-09,OSA,VLC,0,0
2016,2017-01-08,ATHB,ALA,0,0
2016,2017-01-08,BET,LEG,1,1
2016,2017-01-08,CEL,MLG,1,1
2016,2017-01-08,VIL,BARC,0,0
2016,2017-01-07,EIB,ATHM,-1,-1
2016,2017-01-07,LASP,SPG,1,0
2016,2017-01-07,RMA,GRA,1,-1
2016,2017-01-07,RSO,SEV,-1,0
2016,2017-01-06,ESP,LAC,0,-1
2016,2016-12-19,ATHB,CEL,1,0
2016,2016-12-18,BARC,ESP,1,1
2016,2016-12-18,LAC,OSA,1,0
2016,2016-12-18,LEG,EIB,0,-1
2016,2016-12-17,ATHM,LASP,1,-1
2016,2016-12-17,GRA,RSO,-1,0
2016,2016-12-17,SEV,MLG,1,1
2016,2016-12-17,SPG,VIL,-1,0
2016,2016-12-16,ALA,BET,1,1
2016,2016-12-12,VIL,ATHM,1,1
2016,2016-12-11,BET,ATHB,1,0
2016,2016-12-11,CEL,SEV,-1,1
2016,2016-12-11,EIB,ALA,0,-1
2016,2016-12-11,ESP,SPG,1,-1
2016,2016-12-10,LASP,LEG,0,1
2016,2016-12-10,OSA,BARC,-1,0
2016,2016-12-10,RMA,LAC,1,0
2016,2016-12-10,RSO,VLC,1,-1
2016,2016-12-09,MLG,GRA,0,0
2016,2016-12-05,LAC,RSO,1,1
2016,2016-12-04,ALA,LASP,0,1
2016,2016-12-04,ATHB,EIB,1,0
2016,2016-12-04,BET,CEL,0,0
2016,2016-12-04,SPG,OSA,1,0
2016,2016-12-04,VLC,MLG,0,1
2016,2016-12-03,ATHM,ESP,0,-1
2016,2016-12-03,BARC,RMA,0,1
2016,2016-12-03,GRA,SEV,1,-1
2016,2016-12-03,LEG,VIL,0,-1
2016,2016-11-28,LASP,ATHB,1,1
2016,2016-11-27,CEL,GRA,1,1
2016,2016-11-27,OSA,ATHM,-1,0
2016,2016-11-27,RSO,BARC,0,1
2016,2016-11-27,VIL,ALA,-1,0
2016,2016-11-26,ESP,LEG,1,0
2016,2016-11-26,MLG,LAC,1,0
2016,2016-11-26,RMA,SPG,1,-1
2016,2016-11-26,SEV,VLC,1,1
2016,2016-11-25,EIB,BET,1,0
2016,2016-11-21,LEG,OSA,1,1
2016,2016-11-20,ALA,ESP,-1,0
2016,2016-11-20,ATHB,VIL,1,0
2016,2016-11-20,SPG,RSO,-1,0
2016,2016-11-20,VLC,GRA,0,1
2016,2016-11-19,ATHM,RMA,-1,1
2016,2016-11-19,BARC,MLG,0,0
2016,2016-11-19,EIB,CEL,1,0
2016,2016-11-19,LAC,SEV,-1,1
2016,2016-11-18,BET,LASP,1,-1
2016,2016-11-06,CEL,VLC,1,0
2016,2016-11-06,ESP,ATHB,0,-1
2016,2016-11-06,RMA,LEG,1,1
2016,2016-11-06,SEV,BARC,-1,0
2016,2016-11-06,VIL,BET,1,0
2016,2016-11-05,GRA,LAC,0,1
2016,2016-11-05,LASP,EIB,1,-1
2016,2016-11-05,OSA,ALA,-1,0
2016,2016-11-05,RSO,ATHM,1,-1
2016,2016-11-04,MLG,SPG,1,0
2016,2016-10-31,LAC,VLC,0,-1
2016,2016-10-30,ATHB,OSA,0,-1
2016,2016-10-30,BET,ESP,-1,1
2016,2016-10-30,EIB,VIL,1,0
2016,2016-10-30,LASP,CEL,0,0
2016,2016-10-29,ALA,RMA,-1,-1
2016,2016-10-29,ATHM,MLG,1,-1
2016,2016-10-29,BARC,GRA,1,1
2016,2016-10-29,SPG,SEV,0,-1
2016,2016-10-28,LEG,RSO,-1,0
2016,2016-10-23,CEL,LAC,1,-1
2016,2016-10-23,MLG,LEG,1,-1
2016,2016-10-23,RMA,ATHB,1,1
2016,2016-10-23,SEV,ATHM,1,-1
2016,2016-10-23,VIL,LASP,1,0
2016,2016-10-22,ESP,EIB,0,0
2016,2016-10-22,GRA,SPG,0,0
2016,2016-10-22,RSO,ALA,1,-1
2016,2016-10-22,VLC,BARC,-1,-1
2016,2016-10-21,OSA,BET,-1,-1
2016,2016-10-17,EIB,OSA,-1,1
2016,2016-10-16,ALA,MLG,0,-1
2016,2016-10-16,ATHB,RSO,1,0
2016,2016-10-16,SPG,VLC,-1,-1
2016,2016-10-16,VIL,CEL,1,0
2016,2016-10-15,ATHM,GRA,1,0
2016,2016-10-15,BARC,LAC,1,-1
2016,2016-10-15,BET,RMA,-1,0
2016,2016-10-15,LEG,SEV,-1,1
2016,2016-10-14,LASP,ESP,0,0
2016,2016-10-02,CEL,BARC,1,-1
2016,2016-10-02,ESP,VIL,0,0
2016,2016-10-02,MLG,ATHB,1,-1
2016,2016-10-02,RMA,EIB,0,0
2016,2016-10-02,VLC,ATHM,-1,1
2016,2016-10-01,GRA,LEG,-1,-1
2016,2016-10-01,LAC,SPG,1,-1
2016,2016-10-01,OSA,LASP,0,0
2016,2016-10-01,SEV,ALA,1,-1
2016,2016-09-30,RSO,BET,1,-1
2016,2016-09-26,ALA,GRA,1,1
2016,2016-09-25,ATHM,LAC,1,-1
2016,2016-09-25,ESP,CEL,-1,-1
2016,2016-09-25,LEG,VLC,-1,1
2016,2016-09-25,VIL,OSA,1,0
2016,2016-09-24,ATHB,SEV,1,0
2016,2016-09-24,EIB,RSO,1,0
2016,2016-09-24,LASP,RMA,0,0
2016,2016-09-24,SPG,BARC,-1,-1
2016,2016-09-23,BET,MLG,1,0
2016,2016-09-22,LAC,LEG,-1,1
2016,2016-09-22,OSA,ESP,-1,-1
2016,2016-09-22,VLC,ALA,1,0
2016,2016-09-21,BARC,ATHM,0,0
2016,2016-09-21,CEL,SPG,1,0
2016,2016-09-21,GRA,ATHB,-1,-1
2016,2016-09-21,RMA,VIL,0,-1
2016,2016-09-21,RSO,LASP,1,0
2016,2016-09-20,MLG,EIB,1,0
2016,2016-09-20,SEV,BET,1,1
2016,2016-09-19,ALA,LAC,0,-1
2016,2016-09-18,ATHB,VLC,1,0
2016,2016-09-18,ESP,RMA,-1,0
2016,2016-09-18,OSA,CEL,0,-1
2016,2016-09-18,VIL,RSO,1,-1
2016,2016-09-17,ATHM,SPG,1,-1
2016,2016-09-17,EIB,SEV,0,0
2016,2016-09-17,LASP,MLG,1,-1
2016,2016-09-17,LEG,BARC,-1,1
2016,2016-09-16,BET,GRA,0,-1
2016,2016-09-11,GRA,EIB,-1,0
2016,2016-09-11,LAC,ATHB,-1,1
2016,2016-09-11,SPG,LEG,1,0
2016,2016-09-11,VLC,BET,-1,-1
2016,2016-09-10,BARC,ALA,-1,-1
2016,2016-09-10,CEL,ATHM,-1,1
2016,2016-09-10,MLG,VIL,-1,1
2016,2016-09-10,RMA,OSA,1,0
2016,2016-09-10,SEV,LASP,1,-1
2016,2016-09-09,RSO,ESP,0,1
2016,2016-08-28,ALA,SPG,0,1
2016,2016-08-28,ATHB,BARC,-1,1
2016,2016-08-28,LASP,GRA,1,1
2016,2016-08-28,VIL,SEV,0,-1
2016,2016-08-27,EIB,VLC,1,1
2016,2016-08-27,LEG,ATHM,0,1
2016,2016-08-27,OSA,RSO,-1,-1
2016,2016-08-27,RMA,CEL,1,-1
2016,2016-08-26,BET,LAC,0,0
2016,2016-08-26,ESP,MLG,0,1
2016,2016-08-22,CEL,LEG,-1,1
2016,2016-08-22,VLC,LASP,-1,-1
2016,2016-08-21,ATHM,ALA,0,1
2016,2016-08-21,RSO,RMA,-1,1
2016,2016-08-21,SPG,ATHB,1,1
2016,2016-08-20,BARC,BET,1,0
2016,2016-08-20,GRA,VIL,0,0
2016,2016-08-20,SEV,ESP,1,1
2016,2016-08-19,LAC,EIB,1,1
2016,2016-08-19,MLG,OSA,0,1
2015,2016-05-15,BET,GET,1,0
2015,2016-05-15,ESP,EIB,1,-1
2015,2016-05-15,MLG,LASP,1,0
2015,2016-05-15,SPG,VIL,1,-1
2015,2016-05-15,RAYO,LEVA,1,1
2015,2016-05-14,ATHB,SEV,1,1
2015,2016-05-14,ATHM,CEL,1,0
2015,2016-05-14,GRA,BARC,-1,1
2015,2016-05-14,LAC,RMA,-1,1
2015,2016-05-13,VLC,RSO,-1,-1
2015,2016-05-08,BARC,ESP,1,-1
2015,2016-05-08,CEL,MLG,1,1
2015,2016-05-08,EIB,BET,0,0
2015,2016-05-08,GET,SPG,0,0
2015,2016-05-08,LASP,ATHB,0,1
2015,2016-05-08,LEVA,ATHM,1,1
2015,2016-05-08,RMA,VLC,1,-1
2015,2016-05-08,SEV,GRA,-1,-1
2015,2016-05-08,RSO,RAYO,1,-1
2015,2016-05-08,VIL,LAC,-1,0
2015,2016-05-02,MLG,LEVA,1,1
2015,2016-05-01,ATHB,CEL,1,0
2015,2016-05-01,ESP,SEV,1,0
2015,2016-05-01,LAC,GET,-1,0
2015,2016-05-01,VLC,VIL,-1,0
2015,2016-04-30,ATHM,RAYO,1,0
2015,2016-04-30,BET,BARC,-1,1
2015,2016-04-30,GRA,LASP,1,-1
2015,2016-04-30,RSO,RMA,-1,1
2015,2016-04-29,SPG,EIB,1,0
2015,2016-04-25,CEL,GRA,1,0
2015,2016-04-24,GET,VLC,0,0
2015,2016-04-24,LEVA,ATHB,0,1
2015,2016-04-24,SEV,BET,1,0
2015,2016-04-24,VIL,RSO,0,0
2015,2016-04-23,ATHM,MLG,1,1
2015,2016-04-23,BARC,SPG,1,0
2015,2016-04-23,EIB,LAC,0,0
2015,2016-04-23,RAYO,RMA,-1,-1
2015,2016-04-22,LASP,ESP,1,0
2015,2016-04-21,GRA,LEVA,1,0
2015,2016-04-21,RSO,GET,-1,-1
2015,2016-04-20,ATHB,ATHM,-1,0
2015,2016-04-20,LAC,BARC,-1,-1
2015,2016-04-20,MLG,RAYO,0,-1
2015,2016-04-20,RMA,VIL,1,1
2015,2016-04-20,SPG,SEV,1,1
2015,2016-04-20,VLC,EIB,1,-1
2015,2016-04-19,BET,LASP,1,1
2015,2016-04-19,ESP,CEL,0,-1
2015,2016-04-17,ATHM,GRA,1,-1
2015,2016-04-17,BARC,VLC,-1,-1
2015,2016-04-17,MLG,ATHB,-1,1
2015,2016-04-17,SEV,LAC,0,1
2015,2016-04-17,RAYO,VIL,1,-1
2015,2016-04-16,CEL,BET,0,0
2015,2016-04-16,EIB,RSO,1,1
2015,2016-04-16,GET,RMA,-1,-1
2015,2016-04-16,LASP,SPG,0,0
2015,2016-04-15,LEVA,ESP,1,0
2015,2016-04-11,LAC,LASP,-1,1
2015,2016-04-10,ATHB,RAYO,1,-1
2015,2016-04-10,SPG,CEL,-1,1
2015,2016-04-10,VLC,SEV,1,0
2015,2016-04-10,VIL,GET,1,1
2015,2016-04-09,BET,LEVA,1,-1
2015,2016-04-09,ESP,ATHM,-1,0
2015,2016-04-09,RMA,EIB,1,0
2015,2016-04-09,RSO,BARC,1,-1
2015,2016-04-08,GRA,MLG,0,1
2015,2016-04-04,LEVA,SPG,0,-1
2015,2016-04-03,ATHB,GRA,0,-1
2015,2016-04-03,EIB,VIL,-1,-1
2015,2016-04-03,MLG,ESP,0,0
2015,2016-04-03,SEV,RSO,-1,0
2015,2016-04-02,ATHM,BET,1,0
2015,2016-04-02,BARC,RMA,-1,0
2015,2016-04-02,CEL,LAC,0,-1
2015,2016-04-02,LASP,VLC,1,1
2015,2016-04-01,RAYO,GET,1,0
2015,2016-03-20,ESP,ATHB,1,-1
2015,2016-03-20,RMA,SEV,1,0
2015,2016-03-20,VLC,CEL,-1,0
2015,2016-03-20,VIL,BARC,0,0
2015,2016-03-19,BET,MLG,-1,1
2015,2016-03-19,GRA,RAYO,0,0
2015,2016-03-19,LAC,LEVA,1,-1
2015,2016-03-19,RSO,LASP,-1,0
2015,2016-03-19,SPG,ATHM,1,1
2015,2016-03-18,GET,EIB,0,-1
2015,2016-03-14,GRA,ESP,0,0
2015,2016-03-13,ATHB,BET,1,0
2015,2016-03-13,LASP,RMA,-1,1
2015,2016-03-13,LEVA,VLC,1,0
2015,2016-03-13,SEV,VIL,1,-1
2015,2016-03-12,ATHM,LAC,1,0
2015,2016-03-12,BARC,GET,1,1
2015,2016-03-12,CEL,RSO,1,1
2015,2016-03-12,RAYO,EIB,0,1
2015,2016-03-11,MLG,SPG,1,1
2015,2016-03-07,ESP,RAYO,1,1
2015,2016-03-06,BET,GRA,1,-1
2015,2016-03-06,EIB,BARC,-1,0
2015,2016-03-06,RSO,LEVA,0,-1
2015,2016-03-06,SPG,ATHB,-1,0
2015,2016-03-06,VLC,ATHM,-1,-1
2015,2016-03-05,GET,SEV,0,0
2015,2016-03-05,LAC,MLG,0,1
2015,2016-03-05,RMA,CEL,1,1
2015,2016-03-05,VIL,LASP,-1,0
2015,2016-03-03,ESP,BET,-1,0
2015,2016-03-03,GRA,SPG,1,-1
2015,2016-03-03,RAYO,BARC,-1,-1
2015,2016-03-02,ATHB,LAC,1,1
2015,2016-03-02,CEL,VIL,0,1
2015,2016-03-02,LEVA,RMA,-1,-1
2015,2016-03-02,MLG,VLC,-1,1
2015,2016-03-02,SEV,EIB,1,1
2015,2016-03-01,ATHM,RSO,1,-1
2015,2016-03-01,LASP,GET,1,1
2015,2016-02-28,BARC,SEV,1,-1
2015,2016-02-28,LAC,GRA,-1,1
2015,2016-02-28,VLC,ATHB,-1,-1
2015,2016-02-28,VIL,LEVA,1,0
2015,2016-02-27,BET,RAYO,0,-1
2015,2016-02-27,GET,CEL,-1,0
2015,2016-02-27,RMA,ATHM,-1,-1
2015,2016-02-27,RSO,MLG,0,0
2015,2016-02-27,SPG,ESP,-1,-1
2015,2016-02-26,EIB,LASP,-1,-1
2015,2016-02-21,ATHB,RSO,-1,-1
2015,2016-02-21,ATHM,VIL,0,1
2015,2016-02-21,GRA,VLC,-1,-1
2015,2016-02-21,MLG,RMA,0,-1
2015,2016-02-21,RAYO,SEV,0,0
2015,2016-02-20,BET,SPG,0,1
2015,2016-02-20,CEL,EIB,1,0
2015,2016-02-20,ESP,LAC,1,0
2015,2016-02-20,LASP,BARC,-1,-1
2015,2016-02-19,LEVA,GET,1,1
2015,2016-02-17,SPG,BARC,-1,-1
2015,2016-02-14,BARC,CEL,1,0
2015,2016-02-14,EIB,LEVA,1,1
2015,2016-02-14,GET,ATHM,-1,-1
2015,2016-02-14,SEV,LASP,1,1
2015,2016-02-14,RSO,GRA,1,0
2015,2016-02-13,LAC,BET,0,1
2015,2016-02-13,RMA,ATHB,1,1
2015,2016-02-13,VLC,ESP,1,0
2015,2016-02-13,VIL,MLG,1,0
2015,2016-02-12,SPG,RAYO,0,-1
2015,2016-02-08,ESP,RSO,-1,-1
2015,2016-02-07,BET,VLC,1,-1
2015,2016-02-07,CEL,SEV,0,-1
2015,2016-02-07,GRA,RMA,-1,-1
2015,2016-02-07,LEVA,BARC,-1,0
2015,2016-02-06,ATHB,VIL,0,-1
2015,2016-02-06,ATHM,EIB,1,1
2015,2016-02-06,SPG,LAC,0,0
2015,2016-02-06,RAYO,LASP,1,0
2015,2016-02-05,MLG,GET,1,0
2015,2016-02-01,LAC,RAYO,0,0
2015,2016-01-31,LASP,CEL,1,0
2015,2016-01-31,RMA,ESP,1,0
2015,2016-01-31,SEV,LEVA,1,-1
2015,2016-01-31,VLC,SPG,-1,1
2015,2016-01-30,BARC,ATHM,1,0
2015,2016-01-30,EIB,MLG,-1,-1
2015,2016-01-30,GET,ATHB,-1,1
2015,2016-01-30,RSO,BET,1,-1
2015,2016-01-30,VIL,GRA,1,-1
2015,2016-01-25,LEVA,LASP,1,-1
2015,2016-01-24,ATHB,EIB,1,1
2015,2016-01-24,ATHM,SEV,0,0
2015,2016-01-24,BET,RMA,0,0
2015,2016-01-24,LAC,VLC,0,1
2015,2016-01-23,ESP,VIL,0,-1
2015,2016-01-23,GRA,GET,1,0
2015,2016-01-23,MLG,BARC,-1,1
2015,2016-01-23,RAYO,CEL,1,0
2015,2016-01-22,SPG,RSO,1,1
2015,2016-01-18,EIB,GRA,1,0
2015,2016-01-17,BARC,ATHB,1,0
2015,2016-01-17,GET,ESP,1,1
2015,2016-01-17,LASP,ATHM,-1,1
2015,2016-01-17,RMA,SPG,1,1
2015,2016-01-17,VLC,RAYO,0,1
2015,2016-01-16,CEL,LEVA,1,-1
2015,2016-01-16,SEV,MLG,1,1
2015,2016-01-16,RSO,LAC,0,0
2015,2016-01-16,VIL,BET,0,0
2015,2016-01-10,CEL,ATHM,-1,0
2015,2016-01-10,EIB,ESP,1,1
2015,2016-01-10,LASP,MLG,0,-1
2015,2016-01-10,RSO,VLC,1,-1
2015,2016-01-10,VIL,SPG,1,0
2015,2016-01-09,BARC,GRA,1,0
2015,2016-01-09,GET,BET,1,-1
2015,2016-01-09,LEVA,RAYO,1,0
2015,2016-01-09,RMA,LAC,1,0
2015,2016-01-09,SEV,ATHB,1,-1
2015,2016-01-04,SPG,GET,-1,1
2015,2016-01-03,ATHB,LASP,0,0
2015,2016-01-03,BET,EIB,-1,-1
2015,2016-01-03,GRA,SEV,1,1
2015,2016-01-03,LAC,VIL,-1,-1
2015,2016-01-03,VLC,RMA,0,1
2015,2016-01-03,RAYO,RSO,0,0
2015,2016-01-02,ATHM,LEVA,1,1
2015,2016-01-02,ESP,BARC,0,1
2015,2016-01-02,MLG,CEL,1,0
2015,2015-12-31,VIL,VLC,1,1
2015,2015-12-30,BARC,BET,1,0
2015,2015-12-30,CEL,ATHB,-1,1
2015,2015-12-30,EIB,SPG,1,1
2015,2015-12-30,GET,LAC,0,0
2015,2015-12-30,LASP,GRA,1,0
2015,2015-12-30,LEVA,MLG,-1,0
2015,2015-12-30,RMA,RSO,1,-1
2015,2015-12-30,SEV,ESP,1,-1
2015,2015-12-30,RAYO,ATHM,-1,-1
2015,2015-12-20,ATHB,LEVA,1,0
2015,2015-12-20,GRA,CEL,-1,-1
2015,2015-12-20,MLG,ATHM,1,-1
2015,2015-12-20,RMA,RAYO,1,1
2015,2015-12-20,RSO,VIL,-1,0
2015,2015-12-19,BET,SEV,0,1
2015,2015-12-19,ESP,LASP,1,-1
2015,2015-12-19,LAC,EIB,1,1
2015,2015-12-19,VLC,GET,0,1
2015,2015-12-13,ATHM,ATHB,1,0
2015,2015-12-13,EIB,VLC,0,-1
2015,2015-12-13,RAYO,MLG,-1,0
2015,2015-12-13,VIL,RMA,1,0
2015,2015-12-12,BARC,LAC,0,-1
2015,2015-12-12,CEL,ESP,1,-1
2015,2015-12-12,LASP,BET,1,1
2015,2015-12-12,LEVA,GRA,-1,-1
2015,2015-12-12,SEV,SPG,1,1
2015,2015-12-11,GET,RSO,0,1
2015,2015-12-07,ESP,LEVA,0,0
2015,2015-12-06,ATHB,MLG,0,-1
2015,2015-12-06,RSO,EIB,1,1
2015,2015-12-06,SPG,LASP,1,0
2015,2015-12-06,VIL,RAYO,1,0
2015,2015-12-05,BET,CEL,0,0
2015,2015-12-05,GRA,ATHM,-1,-1
2015,2015-12-05,LAC,SEV,0,1
2015,2015-12-05,RMA,GET,1,0
2015,2015-12-05,VLC,BARC,0,0
2015,2015-11-29,EIB,RMA,-1,0
2015,2015-11-29,GET,VIL,1,-1
2015,2015-11-29,SEV,VLC,1,0
2015,2015-11-29,RAYO,ATHB,-1,-1
2015,2015-11-28,ATHM,ESP,1,-1
2015,2015-11-28,BARC,RSO,1,0
2015,2015-11-28,CEL,SPG,1,0
2015,2015-11-28,LASP,LAC,-1,1
2015,2015-11-28,MLG,GRA,0,-1
2015,2015-11-27,LEVA,BET,-1,-1
2015,2015-11-23,GET,RAYO,0,1
2015,2015-11-22,BET,ATHM,-1,1
2015,2015-11-22,GRA,ATHB,1,0
2015,2015-11-22,SPG,LEVA,-1,1
2015,2015-11-22,VIL,EIB,0,-1
2015,2015-11-21,ESP,MLG,1,-1
2015,2015-11-21,LAC,CEL,1,0
2015,2015-11-21,RMA,BARC,-1,1
2015,2015-11-21,RSO,SEV,1,1
2015,2015-11-21,VLC,LASP,0,-1
2015,2015-11-08,ATHB,ESP,1,1
2015,2015-11-08,ATHM,SPG,1,-1
2015,2015-11-08,BARC,VIL,1,0
2015,2015-11-08,SEV,RMA,1,1
2015,2015-11-07,CEL,VLC,-1,-1
2015,2015-11-07,EIB,GET,1,-1
2015,2015-11-07,LEVA,LAC,0,1
2015,2015-11-07,MLG,BET,-1,1
2015,2015-11-07,RAYO,GRA,1,1
2015,2015-11-06,LASP,RSO,1,-1
2015,2015-11-01,BET,ATHB,-1,0
2015,2015-11-01,EIB,RAYO,1,1
2015,2015-11-01,ESP,GRA,0,-1
2015,2015-11-01,SPG,MLG,1,1
2015,2015-10-31,GET,BARC,-1,1
2015,2015-10-31,RMA,LASP,1,-1
2015,2015-10-31,RSO,CEL,-1,1
2015,2015-10-31,VLC,LEVA,1,1
2015,2015-10-31,VIL,SEV,1,1
2015,2015-10-30,LAC,ATHM,0,1
2015,2015-10-26,ATHB,SPG,1,-1
2015,2015-10-25,ATHM,VLC,1,0
2015,2015-10-25,BARC,EIB,1,0
2015,2015-10-25,LASP,VIL,0,1
2015,2015-10-25,LEVA,RSO,-1,1
2015,2015-10-24,CEL,RMA,-1,0
2015,2015-10-24,GRA,BET,0,-1
2015,2015-10-24,MLG,LAC,1,1
2015,2015-10-24,SEV,GET,1,0
2015,2015-10-23,RAYO,ESP,1,-1
2015,2015-10-19,SPG,GRA,0,-1
2015,2015-10-18,GET,LASP,1,0
2015,2015-10-18,LAC,ATHB,0,-1
2015,2015-10-18,RSO,ATHM,-1,-1
2015,2015-10-18,VIL,CEL,-1,0
2015,2015-10-17,BARC,RAYO,1,-1
2015,2015-10-17,BET,ESP,-1,-1
2015,2015-10-17,EIB,SEV,0,0
2015,2015-10-17,RMA,LEVA,1,1
2015,2015-10-17,VLC,MLG,1,-1
2015,2015-10-04,ATHB,VLC,1,0
2015,2015-10-04,ATHM,RMA,0,1
2015,2015-10-04,LEVA,VIL,1,1
2015,2015-10-04,RAYO,BET,-1,0
2015,2015-10-03,ESP,SPG,-1,0
2015,2015-10-03,GRA,LAC,0,0
2015,2015-10-03,LASP,EIB,-1,-1
2015,2015-10-03,MLG,RSO,1,-1
2015,2015-10-03,SEV,BARC,1,-1
2015,2015-10-02,CEL,GET,0,0
2015,2015-09-27,GET,LEVA,1,1
2015,2015-09-27,LAC,ESP,1,1
2015,2015-09-27,RSO,ATHB,0,-1
2015,2015-09-27,SPG,BET,-1,-1
2015,2015-09-26,BARC,LASP,1,-1
2015,2015-09-26,EIB,CEL,0,1
2015,2015-09-26,RMA,MLG,0,0
2015,2015-09-26,SEV,RAYO,1,1
2015,2015-09-26,VIL,ATHM,1,-1
2015,2015-09-25,VLC,GRA,1,-1
2015,2015-09-24,BET,LAC,-1,0
2015,2015-09-23,ATHB,RMA,-1,1
2015,2015-09-23,CEL,BARC,1,1
2015,2015-09-23,LASP,SEV,1,0
2015,2015-09-23,LEVA,EIB,0,-1
2015,2015-09-23,MLG,VIL,-1,-1
2015,2015-09-23,RAYO,SPG,1,1
2015,2015-09-22,ATHM,GET,1,-1
2015,2015-09-22,ESP,VLC,1,0
2015,2015-09-22,GRA,RSO,-1,-1
2015,2015-09-20,BARC,LEVA,1,0
2015,2015-09-20,LAC,SPG,-1,1
2015,2015-09-20,LASP,RAYO,-1,0
2015,2015-09-20,SEV,CEL,-1,1
2015,2015-09-20,VIL,ATHB,1,0
2015,2015-09-19,EIB,ATHM,-1,-1
2015,2015-09-19,RMA,GRA,1,-1
2015,2015-09-19,RSO,ESP,-1,1
2015,2015-09-19,VLC,BET,0,-1
2015,2015-09-18,GET,MLG,1,0
2015,2015-09-14,RAYO,LAC,-1,1
2015,2015-09-13,ATHB,GET,1,1
2015,2015-09-13,CEL,LASP,0,1
2015,2015-09-13,GRA,VIL,-1,0
2015,2015-09-13,MLG,EIB,0,0
2015,2015-09-12,ATHM,BARC,-1,1
2015,2015-09-12,BET,RSO,1,1
2015,2015-09-12,ESP,RMA,-1,-1
2015,2015-09-12,SPG,VLC,-1,1
2015,2015-09-11,LEVA,SEV,0,-1
2015,2015-08-30,EIB,ATHB,1,1
2015,2015-08-30,GET,GRA,-1,1
2015,2015-08-30,LASP,LEVA,0,-1
2015,2015-08-30,SEV,ATHM,-1,1
2015,2015-08-30,VLC,LAC,0,0
2015,2015-08-29,BARC,MLG,1,0
2015,2015-08-29,CEL,RAYO,1,1
2015,2015-08-29,RMA,BET,1,-1
2015,2015-08-29,RSO,SPG,0,0
2015,2015-08-28,VIL,ESP,1,-1
2015,2015-08-24,GRA,EIB,-1,1
2015,2015-08-23,ATHB,BARC,-1,0
2015,2015-08-23,BET,VIL,0,1
2015,2015-08-23,LEVA,CEL,-1,-1
2015,2015-08-23,SPG,RMA,0,1
2015,2015-08-22,ATHM,LASP,1,0
2015,2015-08-22,ESP,GET,1,1
2015,2015-08-22,LAC,RSO,0,-1
2015,2015-08-22,RAYO,VLC,0,0
2015,2015-08-21,MLG,SEV,0,0
2014,2015-05-23,ALM,VLC,-1,0
2014,2015-05-23,ATHB,VIL,1,1
2014,2015-05-23,BARC,LAC,0,-1
2014,2015-05-23,CEL,ESP,1,-1
2014,2015-05-23,EIB,COR,1,-1
2014,2015-05-23,GRA,ATHM,0,1
2014,2015-05-23,LEVA,ELC,0,1
2014,2015-05-23,MLG,SEV,-1,0
2014,2015-05-23,RMA,GET,1,0
2014,2015-05-23,RAYO,RSO,-1,1
2014,2015-05-17,ATHM,BARC,-1,0
2014,2015-05-17,COR,RAYO,-1,0
2014,2015-05-17,ELC,ATHB,-1,0
2014,2015-05-17,ESP,RMA,-1,1
2014,2015-05-17,GET,EIB,0,-1
2014,2015-05-17,LAC,LEVA,1,0
2014,2015-05-17,SEV,ALM,1,0
2014,2015-05-17,RSO,GRA,-1,-1
2014,2015-05-17,VLC,CEL,0,-1
2014,2015-05-17,VIL,MLG,1,0
2014,2015-05-11,RAYO,GET,1,-1
2014,2015-05-10,ALM,MLG,-1,-1
2014,2015-05-10,CEL,SEV,0,0
2014,2015-05-10,LEVA,ATHM,0,1
2014,2015-05-10,VIL,ELC,1,0
2014,2015-05-09,ATHB,LAC,0,-1
2014,2015-05-09,BARC,RSO,1,0
2014,2015-05-09,GRA,COR,1,1
2014,2015-05-09,RMA,VLC,0,0
2014,2015-05-08,EIB,ESP,-1,-1
2014,2015-05-04,ALM,CEL,0,0
2014,2015-05-03,ESP,RAYO,0,1
2014,2015-05-03,GET,GRA,-1,-1
2014,2015-05-03,MLG,ELC,-1,0
2014,2015-05-03,VLC,EIB,1,1
2014,2015-05-02,ATHM,ATHB,0,1
2014,2015-05-02,COR,BARC,-1,0
2014,2015-05-02,LAC,VIL,0,1
2014,2015-05-02,SEV,RMA,-1,1
2014,2015-05-01,RSO,LEVA,1,1
2014,2015-04-30,GRA,ESP,-1,-1
2014,2015-04-30,RAYO,VLC,0,0
2014,2015-04-29,CEL,MLG,1,-1
2014,2015-04-29,EIB,SEV,-1,1
2014,2015-04-29,ELC,LAC,1,-1
2014,2015-04-29,RMA,ALM,1,0
2014,2015-04-29,VIL,ATHM,-1,1
2014,2015-04-28,ATHB,RSO,0,0
2014,2015-04-28,BARC,GET,1,0
2014,2015-04-28,LEVA,COR,1,-1
2014,2015-04-27,VLC,GRA,1,-1
2014,2015-04-26,ALM,EIB,1,-1
2014,2015-04-26,CEL,RMA,-1,0
2014,2015-04-26,MLG,LAC,0,0
2014,2015-04-26,SEV,RAYO,1,-1
2014,2015-04-25,ATHM,ELC,1,0
2014,2015-04-25,ESP,BARC,-1,1
2014,2015-04-25,GET,LEVA,-1,0
2014,2015-04-25,RSO,VIL,0,0
2014,2015-04-24,COR,ATHB,-1,-1
2014,2015-04-20,ELC,RSO,1,1
2014,2015-04-19,EIB,CEL,-1,0
2014,2015-04-19,GRA,SEV,0,-1
2014,2015-04-19,RAYO,ALM,1,0
2014,2015-04-19,VIL,COR,0,0
2014,2015-04-18,ATHB,GET,1,0
2014,2015-04-18,BARC,VLC,1,-1
2014,2015-04-18,LAC,ATHM,-1,-1
2014,2015-04-18,RMA,MLG,1,-1
2014,2015-04-17,LEVA,ESP,0,-1
2014,2015-04-13,VLC,LEVA,1,1
2014,2015-04-12,COR,ELC,-1,0
2014,2015-04-12,ESP,ATHB,1,-1
2014,2015-04-12,GET,VIL,0,0
2014,2015-04-12,RSO,LAC,0,-1
2014,2015-04-11,ALM,GRA,1,0
2014,2015-04-11,CEL,RAYO,1,1
2014,2015-04-11,MLG,ATHM,0,0
2014,2015-04-11,RMA,EIB,1,1
2014,2015-04-11,SEV,BARC,0,0
2014,2015-04-09,ATHB,VLC,0,0
2014,2015-04-09,ELC,GET,-1,1
2014,2015-04-09,VIL,ESP,-1,1
2014,2015-04-08,BARC,ALM,1,0
2014,2015-04-08,GRA,CEL,0,1
2014,2015-04-08,LAC,COR,0,0
2014,2015-04-08,RAYO,RMA,-1,-1
2014,2015-04-07,ATHM,RSO,1,1
2014,2015-04-07,EIB,MLG,1,0
2014,2015-04-07,LEVA,SEV,-1,-1
2014,2015-04-06,ESP,ELC,0,1
2014,2015-04-05,CEL,BARC,-1,1
2014,2015-04-05,GET,LAC,1,1
2014,2015-04-05,RMA,GRA,1,0
2014,2015-04-05,VLC,VIL,0,1
2014,2015-04-04,ALM,LEVA,-1,-1
2014,2015-04-04,COR,ATHM,-1,-1
2014,2015-04-04,MLG,RSO,0,0
2014,2015-04-04,SEV,ATHB,1,-1
2014,2015-04-03,EIB,RAYO,-1,1
2014,2015-03-22,BARC,RMA,1,-1
2014,2015-03-22,LAC,ESP,0,0
2014,2015-03-22,RSO,COR,1,1
2014,2015-03-22,VIL,SEV,-1,0
2014,2015-03-21,ATHB,ALM,1,-1
2014,2015-03-21,ATHM,GET,1,0
2014,2015-03-21,GRA,EIB,0,1
2014,2015-03-21,LEVA,CEL,-1,-1
2014,2015-03-21,RAYO,MLG,1,0
2014,2015-03-20,ELC,VLC,-1,1
2014,2015-03-16,GET,RSO,-1,-1
2014,2015-03-15,ALM,VIL,0,-1
2014,2015-03-15,MLG,COR,1,-1
2014,2015-03-15,RMA,LEVA,1,-1
2014,2015-03-15,SEV,ELC,1,0
2014,2015-03-14,CEL,ATHB,-1,-1
2014,2015-03-14,EIB,BARC,-1,0
2014,2015-03-14,ESP,ATHM,0,1
2014,2015-03-14,RAYO,GRA,1,1
2014,2015-03-13,VLC,LAC,1,1
2014,2015-03-09,COR,GET,-1,0
2014,2015-03-08,ATHM,VLC,0,1
2014,2015-03-08,BARC,RAYO,1,0
2014,2015-03-08,RSO,ESP,1,-1
2014,2015-03-08,VIL,CEL,1,-1
2014,2015-03-07,ATHB,RMA,1,0
2014,2015-03-07,ELC,ALM,1,1
2014,2015-03-07,GRA,MLG,1,0
2014,2015-03-07,LAC,SEV,-1,0
2014,2015-03-06,LEVA,EIB,1,0
2014,2015-03-02,CEL,ELC,0,-1
2014,2015-03-01,EIB,ATHB,-1,1
2014,2015-03-01,RMA,VIL,0,-1
2014,2015-03-01,SEV,ATHM,0,0
2014,2015-03-01,VLC,RSO,1,-1
2014,2015-02-28,ALM,LAC,0,0
2014,2015-02-28,GRA,BARC,-1,0
2014,2015-02-28,MLG,GET,1,1
2014,2015-02-28,RAYO,LEVA,1,-1
2014,2015-02-27,ESP,COR,1,0
2014,2015-02-23,LEVA,GRA,1,1
2014,2015-02-22,ATHB,RAYO,1,1
2014,2015-02-22,ELC,RMA,-1,0
2014,2015-02-22,RSO,SEV,1,-1
2014,2015-02-22,VIL,EIB,1,0
2014,2015-02-21,ATHM,ALM,1,1
2014,2015-02-21,BARC,MLG,-1,-1
2014,2015-02-21,COR,VLC,-1,1
2014,2015-02-21,LAC,CEL,-1,-1
2014,2015-02-20,GET,ESP,1,-1
2014,2015-02-16,EIB,ELC,-1,-1
2014,2015-02-15,BARC,LEVA,1,0
2014,2015-02-15,CEL,ATHM,1,1
2014,2015-02-15,VLC,GET,1,-1
2014,2015-02-15,RAYO,VIL,1,1
2014,2015-02-14,GRA,ATHB,0,-1
2014,2015-02-14,MLG,ESP,-1,0
2014,2015-02-14,RMA,LAC,1,1
2014,2015-02-14,SEV,COR,1,-1
2014,2015-02-13,ALM,RSO,0,-1
2014,2015-02-09,ELC,RAYO,1,0
2014,2015-02-08,ATHB,BARC,-1,1
2014,2015-02-08,COR,ALM,-1,1
2014,2015-02-08,ESP,VLC,-1,-1
2014,2015-02-08,GET,SEV,1,0
2014,2015-02-07,ATHM,RMA,1,0
2014,2015-02-07,LEVA,MLG,1,1
2014,2015-02-07,RSO,CEL,0,-1
2014,2015-02-07,VIL,GRA,1,1
2014,2015-02-06,LAC,EIB,1,0
2014,2015-02-04,RMA,SEV,1,0
2014,2015-02-02,MLG,VLC,1,-1
2014,2015-02-01,ALM,GET,1,0
2014,2015-02-01,BARC,VIL,1,0
2014,2015-02-01,LEVA,ATHB,-1,1
2014,2015-02-01,SEV,ESP,1,1
2014,2015-01-31,CEL,COR,1,-1
2014,2015-01-31,EIB,ATHM,-1,-1
2014,2015-01-31,GRA,ELC,1,1
2014,2015-01-31,RMA,RSO,1,0
2014,2015-01-30,RAYO,LAC,-1,0
2014,2015-01-26,GET,CEL,1,1
2014,2015-01-25,ATHB,MLG,0,0
2014,2015-01-25,ESP,ALM,1,-1
2014,2015-01-25,LAC,GRA,0,0
2014,2015-01-25,VLC,SEV,1,-1
2014,2015-01-24,ATHM,RAYO,1,-1
2014,2015-01-24,COR,RMA,-1,-1
2014,2015-01-24,ELC,BARC,-1,0
2014,2015-01-24,RSO,EIB,1,-1
2014,2015-01-24,VIL,LEVA,1,-1
2014,2015-01-18,ATHM,GRA,1,0
2014,2015-01-18,ELC,LEVA,1,0
2014,2015-01-18,GET,RMA,-1,1
2014,2015-01-18,LAC,BARC,-1,1
2014,2015-01-18,SEV,MLG,1,0
2014,2015-01-17,ESP,CEL,1,-1
2014,2015-01-17,RSO,RAYO,-1,-1
2014,2015-01-17,VLC,ALM,1,1
2014,2015-01-17,VIL,ATHB,1,-1
2014,2015-01-16,COR,EIB,0,-1
2014,2015-01-12,RAYO,COR,-1,-1
2014,2015-01-11,ALM,SEV,-1,0
2014,2015-01-11,ATHB,ELC,-1,0
2014,2015-01-11,BARC,ATHM,1,1
2014,2015-01-11,GRA,RSO,0,1
2014,2015-01-10,CEL,VLC,0,-1
2014,2015-01-10,EIB,GET,1,-1
2014,2015-01-10,MLG,VIL,0,0
2014,2015-01-10,RMA,ESP,1,0
2014,2015-01-09,LEVA,LAC,0,0
2014,2015-01-05,COR,GRA,1,0
2014,2015-01-04,ESP,EIB,-1,-1
2014,2015-01-04,GET,RAYO,-1,-1
2014,2015-01-04,RSO,BARC,1,0
2014,2015-01-04,VLC,RMA,1,0
2014,2015-01-03,ATHM,LEVA,1,0
2014,2015-01-03,ELC,VIL,0,-1
2014,2015-01-03,LAC,ATHB,1,-1
2014,2015-01-03,MLG,ALM,-1,1
2014,2015-01-03,SEV,CEL,1,0
2014,2014-12-21,ATHB,ATHM,-1,-1
2014,2014-12-21,ELC,MLG,-1,0
2014,2014-12-21,GRA,GET,0,-1
2014,2014-12-21,VIL,LAC,1,-1
2014,2014-12-20,BARC,COR,1,-1
2014,2014-12-20,EIB,VLC,-1,0
2014,2014-12-20,LEVA,RSO,0,-1
2014,2014-12-20,RAYO,ESP,-1,-1
2014,2014-12-19,CEL,ALM,-1,-1
2014,2014-12-15,LAC,ELC,1,-1
2014,2014-12-14,ATHM,VIL,-1,0
2014,2014-12-14,ESP,GRA,1,1
2014,2014-12-14,SEV,EIB,0,1
2014,2014-12-14,RSO,ATHB,0,-1
2014,2014-12-13,COR,LEVA,0,0
2014,2014-12-13,GET,BARC,0,-1
2014,2014-12-13,MLG,CEL,1,1
2014,2014-12-13,VLC,RAYO,1,1
2014,2014-12-12,ALM,RMA,-1,0
2014,2014-12-08,EIB,ALM,1,-1
2014,2014-12-08,LEVA,GET,0,1
2014,2014-12-07,BARC,ESP,1,-1
2014,2014-12-07,GRA,VLC,0,0
2014,2014-12-07,RAYO,SEV,-1,1
2014,2014-12-07,VIL,RSO,1,-1
2014,2014-12-06,ATHB,COR,-1,-1
2014,2014-12-06,ELC,ATHM,-1,1
2014,2014-12-06,LAC,MLG,-1,-1
2014,2014-12-06,RMA,CEL,1,0
2014,2014-12-01,ALM,RAYO,-1,1
2014,2014-11-30,ATHM,LAC,1,0
2014,2014-11-30,COR,VIL,-1,1
2014,2014-11-30,SEV,GRA,1,-1
2014,2014-11-30,VLC,BARC,-1,1
2014,2014-11-29,CEL,EIB,-1,-1
2014,2014-11-29,ESP,LEVA,1,-1
2014,2014-11-29,GET,ATHB,-1,-1
2014,2014-11-29,MLG,RMA,-1,0
2014,2014-11-28,RSO,ELC,1,1
2014,2014-11-24,GRA,ALM,0,0
2014,2014-11-23,ELC,COR,0,0
2014,2014-11-23,LEVA,VLC,1,0
2014,2014-11-23,RAYO,CEL,1,-1
2014,2014-11-23,VIL,GET,1,1
2014,2014-11-22,ATHM,MLG,1,0
2014,2014-11-22,BARC,SEV,1,0
2014,2014-11-22,EIB,RMA,-1,1
2014,2014-11-22,LAC,RSO,0,1
2014,2014-11-21,ATHB,ESP,1,1
2014,2014-11-09,ESP,VIL,0,-1
2014,2014-11-09,SEV,LEVA,0,-1
2014,2014-11-09,RSO,ATHM,1,1
2014,2014-11-09,VLC,ATHB,0,0
2014,2014-11-08,ALM,BARC,-1,1
2014,2014-11-08,CEL,GRA,0,0
2014,2014-11-08,GET,ELC,0,1
2014,2014-11-08,MLG,EIB,1,1
2014,2014-11-08,RMA,RAYO,1,0
2014,2014-11-07,COR,LAC,0,0
2014,2014-11-03,RAYO,EIB,-1,-1
2014,2014-11-02,ATHB,SEV,1,0
2014,2014-11-02,ELC,ESP,1,-1
2014,2014-11-02,LEVA,ALM,1,-1
2014,2014-11-02,VIL,VLC,-1,-1
2014,2014-11-01,ATHM,COR,1,1
2014,2014-11-01,BARC,CEL,-1,-1
2014,2014-11-01,GRA,RMA,-1,-1
2014,2014-11-01,RSO,MLG,-1,1
2014,2014-10-31,LAC,GET,-1,0
2014,2014-10-26,ESP,LAC,0,-1
2014,2014-10-26,GET,ATHM,-1,-1
2014,2014-10-26,MLG,RAYO,1,-1
2014,2014-10-26,SEV,VIL,1,0
2014,2014-10-25,ALM,ATHB,-1,0
2014,2014-10-25,COR,RSO,0,-1
2014,2014-10-25,EIB,GRA,0,1
2014,2014-10-25,RMA,BARC,1,0
2014,2014-10-25,VLC,ELC,1,0
2014,2014-10-24,CEL,LEVA,1,1
2014,2014-10-20,RSO,GET,-1,0
2014,2014-10-19,ATHM,ESP,1,1
2014,2014-10-19,ELC,SEV,-1,-1
2014,2014-10-19,LAC,VLC,1,-1
2014,2014-10-19,VIL,ALM,1,-1
2014,2014-10-18,ATHB,CEL,0,-1
2014,2014-10-18,BARC,EIB,1,0
2014,2014-10-18,COR,MLG,-1,-1
2014,2014-10-18,LEVA,RMA,-1,1
2014,2014-10-17,GRA,RAYO,-1,1
2014,2014-10-05,CEL,VIL,-1,1
2014,2014-10-05,ESP,RSO,1,0
2014,2014-10-05,RMA,ATHB,1,0
2014,2014-10-05,SEV,LAC,1,1
2014,2014-10-04,ALM,ELC,0,0
2014,2014-10-04,EIB,LEVA,0,-1
2014,2014-10-04,MLG,GRA,1,1
2014,2014-10-04,VLC,ATHM,1,-1
2014,2014-10-04,RAYO,BARC,-1,1
2014,2014-10-03,GET,COR,0,0
2014,2014-09-28,COR,ESP,0,0
2014,2014-09-28,GET,MLG,1,0
2014,2014-09-28,LAC,ALM,-1,1
2014,2014-09-28,RSO,VLC,0,-1
2014,2014-09-27,ATHB,EIB,0,1
2014,2014-09-27,ATHM,SEV,1,-1
2014,2014-09-27,BARC,GRA,1,-1
2014,2014-09-27,LEVA,RAYO,-1,1
2014,2014-09-27,VIL,RMA,-1,0
2014,2014-09-26,ELC,CEL,-1,1
2014,2014-09-25,ESP,GET,1,-1
2014,2014-09-25,VLC,COR,1,0
2014,2014-09-24,ALM,ATHM,-1,1
2014,2014-09-24,EIB,VIL,0,0
2014,2014-09-24,GRA,LEVA,-1,0
2014,2014-09-24,MLG,BARC,0,1
2014,2014-09-24,SEV,RSO,1,-1
2014,2014-09-24,RAYO,ATHB,1,1
2014,2014-09-23,CEL,LAC,1,0
2014,2014-09-23,RMA,ELC,1,-1
2014,2014-09-22,GET,VLC,-1,0
2014,2014-09-21,COR,SEV,-1,-1
2014,2014-09-21,LEVA,BARC,-1,1
2014,2014-09-21,RSO,ALM,-1,1
2014,2014-09-21,VIL,RAYO,1,-1
2014,2014-09-20,ATHB,GRA,-1,-1
2014,2014-09-20,ATHM,CEL,0,1
2014,2014-09-20,ESP,MLG,0,-1
2014,2014-09-20,LAC,RMA,-1,1
2014,2014-09-19,ELC,EIB,-1,1
2014,2014-09-15,EIB,LAC,-1,0
2014,2014-09-14,GRA,VIL,0,-1
2014,2014-09-14,SEV,GET,1,-1
2014,2014-09-14,VLC,ESP,1,-1
2014,2014-09-14,RAYO,ELC,-1,-1
2014,2014-09-13,BARC,ATHB,1,-1
2014,2014-09-13,CEL,RSO,0,0
2014,2014-09-13,MLG,LEVA,0,-1
2014,2014-09-13,RMA,ATHM,-1,0
2014,2014-09-12,ALM,COR,0,1
2014,2014-08-31,ELC,GRA,0,1
2014,2014-08-31,LAC,RAYO,0,0
2014,2014-08-31,RSO,RMA,1,0
2014,2014-08-31,VIL,BARC,-1,-1
2014,2014-08-30,ATHB,LEVA,1,1
2014,2014-08-30,ATHM,EIB,1,-1
2014,2014-08-30,COR,CEL,0,0
2014,2014-08-30,ESP,SEV,-1,-1
2014,2014-08-29,GET,ALM,1,0
2014,2014-08-29,VLC,MLG,1,1
2014,2014-08-25,RMA,COR,1,-1
2014,2014-08-25,RAYO,ATHM,0,-1
2014,2014-08-24,BARC,ELC,1,-1
2014,2014-08-24,CEL,GET,1,-1
2014,2014-08-24,EIB,RSO,1,-1
2014,2014-08-24,LEVA,VIL,-1,1
2014,2014-08-23,ALM,ESP,0,0
2014,2014-08-23,GRA,LAC,1,1
2014,2014-08-23,MLG,ATHB,1,0
2014,2014-08-23,SEV,VLC,0,0
2013,2014-05-18,ALM,ATHB,0,1
2013,2014-05-18,OSA,BET,1,1
2013,2014-05-18,SEV,ELC,1,-1
2013,2014-05-18,RSO,VIL,-1,-1
2013,2014-05-18,VLLD,GRA,-1,1
2013,2014-05-18,RAYO,GET,-1,1
2013,2014-05-17,BARC,ATHM,0,-1
2013,2014-05-17,RMA,ESP,1,0
2013,2014-05-17,VLC,CEL,1,-1
2013,2014-05-16,MLG,LEVA,1,1
2013,2014-05-11,ATHB,RSO,0,-1
2013,2014-05-11,ATHM,MLG,0,0
2013,2014-05-11,BET,VLLD,1,1
2013,2014-05-11,CEL,RMA,1,0
2013,2014-05-11,ELC,BARC,0,-1
2013,2014-05-11,ESP,OSA,0,1
2013,2014-05-11,GET,SEV,1,1
2013,2014-05-11,GRA,ALM,-1,-1
2013,2014-05-10,LEVA,VLC,1,-1
2013,2014-05-10,VIL,RAYO,1,0
2013,2014-05-07,VLLD,RMA,0,-1
2013,2014-05-05,RSO,GRA,0,-1
2013,2014-05-04,ALM,BET,1,0
2013,2014-05-04,LEVA,ATHM,1,-1
2013,2014-05-04,RMA,VLC,0,0
2013,2014-05-04,SEV,VIL,0,0
2013,2014-05-03,BARC,GET,0,1
2013,2014-05-03,MLG,ELC,-1,0
2013,2014-05-03,OSA,CEL,-1,-1
2013,2014-05-03,VLLD,ESP,1,1
2013,2014-05-02,RAYO,ATHB,-1,-1
2013,2014-04-28,CEL,VLLD,1,0
2013,2014-04-27,ATHB,SEV,1,0
2013,2014-04-27,ESP,ALM,-1,-1
2013,2014-04-27,VLC,ATHM,-1,0
2013,2014-04-27,VIL,BARC,-1,-1
2013,2014-04-26,BET,RSO,-1,0
2013,2014-04-26,GET,MLG,1,1
2013,2014-04-26,GRA,RAYO,-1,0
2013,2014-04-26,RMA,OSA,1,-1
2013,2014-04-25,ELC,LEVA,0,0
2013,2014-04-21,MLG,VIL,1,-1
2013,2014-04-20,ALM,CEL,-1,0
2013,2014-04-20,BARC,ATHB,1,1
2013,2014-04-20,SEV,GRA,1,-1
2013,2014-04-20,RAYO,BET,1,0
2013,2014-04-19,LEVA,GET,0,-1
2013,2014-04-19,OSA,VLC,0,-1
2013,2014-04-19,RSO,ESP,1,0
2013,2014-04-18,ATHM,ELC,1,0
2013,2014-04-14,ATHB,MLG,1,0
2013,2014-04-13,BET,SEV,-1,1
2013,2014-04-13,ESP,RAYO,0,1
2013,2014-04-13,GET,ATHM,-1,0
2013,2014-04-13,VLC,ELC,1,1
2013,2014-04-12,CEL,RSO,0,1
2013,2014-04-12,GRA,BARC,1,1
2013,2014-04-12,RMA,ALM,1,1
2013,2014-04-12,VIL,LEVA,1,0
2013,2014-04-11,OSA,VLLD,0,-1
2013,2014-04-07,LEVA,ATHB,-1,1
2013,2014-04-06,ELC,GET,1,0
2013,2014-04-06,MLG,GRA,1,0
2013,2014-04-06,SEV,ESP,1,0
2013,2014-04-06,VLLD,VLC,0,-1
2013,2014-04-05,ATHM,VIL,1,1
2013,2014-04-05,BARC,BET,1,1
2013,2014-04-05,RSO,RMA,-1,-1
2013,2014-04-05,RAYO,CEL,1,0
2013,2014-04-04,ALM,OSA,-1,1
2013,2014-03-31,BET,MLG,-1,1
2013,2014-03-31,GRA,LEVA,-1,-1
2013,2014-03-30,OSA,RSO,0,1
2013,2014-03-30,VLC,GET,-1,1
2013,2014-03-30,VLLD,ALM,1,-1
2013,2014-03-30,VIL,ELC,0,1
2013,2014-03-29,ATHB,ATHM,-1,0
2013,2014-03-29,CEL,SEV,1,1
2013,2014-03-29,ESP,BARC,-1,0
2013,2014-03-29,RMA,RAYO,1,0
2013,2014-03-27,ALM,VLC,0,-1
2013,2014-03-27,GET,VIL,-1,1
2013,2014-03-27,LEVA,BET,-1,1
2013,2014-03-27,RSO,VLLD,1,0
2013,2014-03-26,ATHM,GRA,1,-1
2013,2014-03-26,BARC,CEL,1,0
2013,2014-03-26,SEV,RMA,1,0
2013,2014-03-26,RAYO,OSA,1,1
2013,2014-03-25,ELC,ATHB,0,1
2013,2014-03-25,MLG,ESP,-1,-1
2013,2014-03-24,ALM,RSO,1,-1
2013,2014-03-23,BET,ATHM,-1,-1
2013,2014-03-23,OSA,SEV,-1,1
2013,2014-03-23,RMA,BARC,-1,0
2013,2014-03-23,VLC,VIL,1,-1
2013,2014-03-22,ATHB,GET,1,0
2013,2014-03-22,ESP,LEVA,0,0
2013,2014-03-22,GRA,ELC,1,0
2013,2014-03-22,VLLD,RAYO,0,-1
2013,2014-03-21,CEL,MLG,-1,1
2013,2014-03-17,VIL,ATHB,0,1
2013,2014-03-16,BARC,OSA,1,0
2013,2014-03-16,ELC,BET,0,0
2013,2014-03-16,SEV,VLLD,1,1
2013,2014-03-16,RSO,VLC,1,0
2013,2014-03-15,ATHM,ESP,1,1
2013,2014-03-15,LEVA,CEL,-1,1
2013,2014-03-15,MLG,RMA,-1,0
2013,2014-03-15,RAYO,ALM,1,0
2013,2014-03-14,GET,GRA,0,-1
2013,2014-03-10,OSA,MLG,-1,0
2013,2014-03-10,RSO,RAYO,-1,1
2013,2014-03-09,ALM,SEV,-1,0
2013,2014-03-09,ESP,ELC,1,1
2013,2014-03-09,RMA,LEVA,1,0
2013,2014-03-09,VLC,ATHB,0,1
2013,2014-03-08,BET,GET,1,1
2013,2014-03-08,CEL,ATHM,-1,-1
2013,2014-03-08,GRA,VIL,1,-1
2013,2014-03-08,VLLD,BARC,1,1
2013,2014-03-02,ATHM,RMA,0,1
2013,2014-03-02,BARC,ALM,1,0
2013,2014-03-02,SEV,RSO,1,-1
2013,2014-03-02,RAYO,VLC,1,0
2013,2014-03-02,VIL,BET,0,0
2013,2014-03-01,ELC,CEL,1,1
2013,2014-03-01,GET,ESP,0,0
2013,2014-03-01,LEVA,OSA,1,0
2013,2014-03-01,MLG,VLLD,0,0
2013,2014-02-28,ATHB,GRA,1,-1
2013,2014-02-24,ESP,VIL,-1,0
2013,2014-02-23,BET,ATHB,-1,-1
2013,2014-02-23,OSA,ATHM,1,1
2013,2014-02-23,VLC,GRA,1,0
2013,2014-02-23,RAYO,SEV,-1,1
2013,2014-02-22,ALM,MLG,0,1
2013,2014-02-22,CEL,GET,0,1
2013,2014-02-22,RMA,ELC,1,-1
2013,2014-02-22,RSO,BARC,1,0
2013,2014-02-21,VLLD,LEVA,0,1
2013,2014-02-17,MLG,RSO,-1,1
2013,2014-02-16,ATHB,ESP,-1,0
2013,2014-02-16,GET,RMA,-1,1
2013,2014-02-16,GRA,BET,1,-1
2013,2014-02-16,SEV,VLC,0,-1
2013,2014-02-15,ATHM,VLLD,1,-1
2013,2014-02-15,BARC,RAYO,1,0
2013,2014-02-15,LEVA,ALM,1,1
2013,2014-02-15,VIL,CEL,-1,1
2013,2014-02-14,ELC,OSA,0,0
2013,2014-02-10,CEL,ATHB,0,-1
2013,2014-02-09,OSA,GET,1,1
2013,2014-02-09,SEV,BARC,-1,0
2013,2014-02-09,RSO,LEVA,0,0
2013,2014-02-09,VLLD,ELC,0,-1
2013,2014-02-08,ALM,ATHM,1,0
2013,2014-02-08,RMA,VIL,1,0
2013,2014-02-08,VLC,BET,1,-1
2013,2014-02-08,RAYO,MLG,1,0
2013,2014-02-07,ESP,GRA,1,-1
2013,2014-02-03,VIL,OSA,1,0
2013,2014-02-02,ATHB,RMA,0,1
2013,2014-02-02,ATHM,RSO,1,0
2013,2014-02-02,BET,ESP,1,0
2013,2014-02-02,ELC,ALM,1,1
2013,2014-02-01,BARC,VLC,-1,1
2013,2014-02-01,GET,VLLD,0,0
2013,2014-02-01,LEVA,RAYO,0,1
2013,2014-02-01,MLG,SEV,1,1
2013,2014-01-31,GRA,CEL,-1,0
2013,2014-01-27,RSO,ELC,1,-1
2013,2014-01-26,ALM,GET,1,0
2013,2014-01-26,BARC,MLG,1,0
2013,2014-01-26,OSA,ATHB,-1,1
2013,2014-01-26,RAYO,ATHM,-1,1
2013,2014-01-25,RMA,GRA,1,0
2013,2014-01-25,SEV,LEVA,-1,-1
2013,2014-01-25,VLC,ESP,0,0
2013,2014-01-25,VLLD,VIL,1,-1
2013,2014-01-24,CEL,BET,1,-1
2013,2014-01-20,ATHB,VLLD,1,1
2013,2014-01-19,ATHM,SEV,0,1
2013,2014-01-19,GET,RSO,0,-1
2013,2014-01-19,LEVA,BARC,0,0
2013,2014-01-19,VIL,ALM,1,0
2013,2014-01-18,BET,RMA,-1,1
2013,2014-01-18,ELC,RAYO,1,0
2013,2014-01-18,ESP,CEL,1,1
2013,2014-01-18,GRA,OSA,0,1
2013,2014-01-17,MLG,VLC,0,-1
2013,2014-01-13,VIL,RSO,1,1
2013,2014-01-12,BET,OSA,-1,0
2013,2014-01-12,ESP,RMA,-1,0
2013,2014-01-12,GET,RAYO,-1,0
2013,2014-01-12,LEVA,MLG,1,-1
2013,2014-01-11,ATHB,ALM,1,0
2013,2014-01-11,ATHM,BARC,0,0
2013,2014-01-11,CEL,VLC,1,-1
2013,2014-01-11,ELC,SEV,0,0
2013,2014-01-10,GRA,VLLD,1,-1
2013,2014-01-06,RMA,CEL,1,-1
2013,2014-01-06,RAYO,VIL,-1,1
2013,2014-01-05,BARC,ELC,1,0
2013,2014-01-05,OSA,ESP,1,-1
2013,2014-01-05,SEV,GET,1,0
2013,2014-01-05,RSO,ATHB,1,-1
2013,2014-01-04,ALM,GRA,1,-1
2013,2014-01-04,MLG,ATHM,-1,1
2013,2014-01-04,VLC,LEVA,1,-1
2013,2014-01-04,VLLD,BET,0,-1
2013,2013-12-22,ATHB,RAYO,1,-1
2013,2013-12-22,CEL,OSA,0,0
2013,2013-12-22,ESP,VLLD,1,0
2013,2013-12-22,GET,BARC,-1,1
2013,2013-12-22,VLC,RMA,-1,1
2013,2013-12-21,ATHM,LEVA,1,-1
2013,2013-12-21,BET,ALM,-1,-1
2013,2013-12-21,GRA,RSO,-1,0
2013,2013-12-21,VIL,SEV,-1,0
2013,2013-12-20,ELC,MLG,-1,1
2013,2013-12-16,VLLD,CEL,1,1
2013,2013-12-15,ALM,ESP,0,-1
2013,2013-12-15,ATHM,VLC,1,1
2013,2013-12-15,SEV,ATHB,0,1
2013,2013-12-15,RSO,BET,1,-1
2013,2013-12-14,BARC,VIL,1,1
2013,2013-12-14,MLG,GET,1,1
2013,2013-12-14,OSA,RMA,0,1
2013,2013-12-14,RAYO,GRA,-1,0
2013,2013-12-13,LEVA,ELC,1,1
2013,2013-12-01,ATHB,BARC,1,0
2013,2013-12-01,BET,RAYO,0,-1
2013,2013-12-01,GRA,SEV,-1,0
2013,2013-12-01,VLC,OSA,1,-1
2013,2013-11-30,CEL,ALM,1,1
2013,2013-11-30,ELC,ATHM,-1,0
2013,2013-11-30,ESP,RSO,-1,0
2013,2013-11-30,RMA,VLLD,1,1
2013,2013-11-29,GET,LEVA,1,0
2013,2013-11-29,VIL,MLG,0,0
2013,2013-11-25,MLG,ATHB,-1,1
2013,2013-11-24,ELC,VLC,1,-1
2013,2013-11-24,LEVA,VIL,-1,-1
2013,2013-11-24,SEV,BET,1,0
2013,2013-11-24,RAYO,ESP,-1,1
2013,2013-11-23,ALM,RMA,-1,-1
2013,2013-11-23,ATHM,GET,1,1
2013,2013-11-23,BARC,GRA,1,0
2013,2013-11-23,RSO,CEL,1,0
2013,2013-11-22,VLLD,OSA,-1,1
2013,2013-11-10,BET,BARC,-1,1
2013,2013-11-10,ESP,SEV,-1,-1
2013,2013-11-10,VLC,VLLD,0,-1
2013,2013-11-10,VIL,ATHM,0,-1
2013,2013-11-09,ATHB,LEVA,1,1
2013,2013-11-09,CEL,RAYO,-1,0
2013,2013-11-09,GET,ELC,0,1
2013,2013-11-09,RMA,RSO,1,0
2013,2013-11-08,GRA,MLG,1,1
2013,2013-11-08,OSA,ALM,-1,0
2013,2013-11-04,ELC,VIL,-1,0
2013,2013-11-03,ATHM,ATHB,1,0
2013,2013-11-03,GET,VLC,-1,-1
2013,2013-11-03,LEVA,GRA,-1,0
2013,2013-11-03,MLG,BET,1,-1
2013,2013-11-02,ALM,VLLD,1,-1
2013,2013-11-02,SEV,CEL,-1,-1
2013,2013-11-02,RSO,OSA,1,0
2013,2013-11-02,RAYO,RMA,-1,1
2013,2013-11-01,BARC,ESP,1,0
2013,2013-10-31,ATHB,ELC,0,-1
2013,2013-10-31,BET,LEVA,0,1
2013,2013-10-31,GRA,ATHM,-1,1
2013,2013-10-31,VIL,GET,-1,-1
2013,2013-10-30,OSA,RAYO,1,0
2013,2013-10-30,RMA,SEV,1,0
2013,2013-10-30,VLC,ALM,-1,1
2013,2013-10-30,VLLD,RSO,0,-1
2013,2013-10-29,CEL,BARC,-1,-1
2013,2013-10-29,ESP,MLG,0,1
2013,2013-10-28,GET,ATHB,-1,1
2013,2013-10-27,ATHM,BET,1,-1
2013,2013-10-27,SEV,OSA,1,1
2013,2013-10-27,RSO,ALM,1,0
2013,2013-10-27,VIL,VLC,1,1
2013,2013-10-26,BARC,RMA,1,0
2013,2013-10-26,ELC,GRA,-1,1
2013,2013-10-26,LEVA,ESP,1,0
2013,2013-10-26,MLG,CEL,-1,1
2013,2013-10-25,RAYO,VLLD,-1,0
2013,2013-10-21,ATHB,VIL,1,1
2013,2013-10-21,CEL,LEVA,-1,0
2013,2013-10-20,ALM,RAYO,-1,0
2013,2013-10-20,BET,ELC,-1,1
2013,2013-10-20,GRA,GET,-1,1
2013,2013-10-20,VLLD,SEV,0,1
2013,2013-10-19,ESP,ATHM,1,0
2013,2013-10-19,OSA,BARC,0,0
2013,2013-10-19,RMA,MLG,1,0
2013,2013-10-19,VLC,RSO,-1,0
2013,2013-10-06,ATHB,VLC,0,1
2013,2013-10-06,ATHM,CEL,1,1
2013,2013-10-06,GET,BET,1,0
2013,2013-10-06,SEV,ALM,1,1
2013,2013-10-05,BARC,VLLD,1,0
2013,2013-10-05,ELC,ESP,1,0
2013,2013-10-05,LEVA,RMA,-1,1
2013,2013-10-05,RAYO,RSO,1,-1
2013,2013-10-04,MLG,OSA,-1,1
2013,2013-10-04,VIL,GRA,1,-1
2013,2013-09-30,GRA,ATHB,1,0
2013,2013-09-29,BET,VIL,1,0
2013,2013-09-29,CEL,ELC,-1,-1
2013,2013-09-29,ESP,GET,-1,0
2013,2013-09-29,OSA,LEVA,-1,1
2013,2013-09-28,ALM,BARC,-1,-1
2013,2013-09-28,RMA,ATHM,-1,1
2013,2013-09-28,RSO,SEV,0,1
2013,2013-09-28,VLC,RAYO,1,0
2013,2013-09-27,VLLD,MLG,0,-1
2013,2013-09-26,ATHB,BET,1,-1
2013,2013-09-26,GET,CEL,1,1
2013,2013-09-26,VIL,ESP,1,0
2013,2013-09-25,ELC,RMA,-1,0
2013,2013-09-25,GRA,VLC,-1,0
2013,2013-09-25,SEV,RAYO,1,-1
2013,2013-09-24,ATHM,OSA,1,1
2013,2013-09-24,BARC,RSO,1,1
2013,2013-09-24,LEVA,VLLD,0,-1
2013,2013-09-24,MLG,ALM,1,1
2013,2013-09-23,ESP,ATHB,1,0
2013,2013-09-22,BET,GRA,0,1
2013,2013-09-22,CEL,VIL,0,-1
2013,2013-09-22,RMA,GET,1,-1
2013,2013-09-22,VLC,SEV,1,1
2013,2013-09-21,ALM,LEVA,0,-1
2013,2013-09-21,RSO,MLG,0,1
2013,2013-09-21,VLLD,ATHM,-1,1
2013,2013-09-21,RAYO,BARC,-1,1
2013,2013-09-20,OSA,ELC,1,0
2013,2013-09-16,ATHB,CEL,1,0
2013,2013-09-16,ELC,VLLD,0,0
2013,2013-09-15,BET,VLC,1,1
2013,2013-09-15,GET,OSA,1,1
2013,2013-09-15,GRA,ESP,-1,-1
2013,2013-09-15,MLG,RAYO,1,0
2013,2013-09-14,ATHM,ALM,1,0
2013,2013-09-14,BARC,SEV,1,1
2013,2013-09-14,LEVA,RSO,0,0
2013,2013-09-14,VIL,RMA,0,1
2013,2013-09-01,ESP,BET,0,0
2013,2013-09-01,RMA,ATHB,1,-1
2013,2013-09-01,SEV,MLG,0,1
2013,2013-09-01,RSO,ATHM,-1,0
2013,2013-09-01,VLC,BARC,-1,0
2013,2013-08-31,CEL,GRA,0,-1
2013,2013-08-31,OSA,VIL,-1,-1
2013,2013-08-31,VLLD,GET,1,0
2013,2013-08-30,ALM,ELC,0,0
2013,2013-08-30,RAYO,LEVA,-1,-1
2013,2013-08-26,GRA,RMA,-1,1
2013,2013-08-25,ATHM,RAYO,1,0
2013,2013-08-25,BET,CEL,-1,1
2013,2013-08-25,LEVA,SEV,0,1
2013,2013-08-25,MLG,BARC,-1,-1
2013,2013-08-24,ELC,RSO,0,1
2013,2013-08-24,ESP,VLC,1,0
2013,2013-08-24,VIL,VLLD,1,0
2013,2013-08-23,ATHB,OSA,1,0
2013,2013-08-23,GET,ALM,0,-1
2013,2013-08-19,ALM,VIL,-1,-1
2013,2013-08-19,CEL,ESP,0,1
2013,2013-08-19,RAYO,ELC,1,1
2013,2013-08-18,BARC,LEVA,1,-1
2013,2013-08-18,OSA,GRA,-1,-1
2013,2013-08-18,RMA,BET,1,1
2013,2013-08-18,SEV,ATHM,-1,-1
2013,2013-08-17,RSO,GET,1,1
2013,2013-08-17,VLC,MLG,1,0
2013,2013-08-17,VLLD,ATHB,-1,1
2012,2013-06-01,BARC,MLG,1,-1
2012,2013-06-01,CEL,ESP,1,1
2012,2013-06-01,GRA,GET,1,0
2012,2013-06-01,LAC,RSO,-1,1
2012,2013-06-01,LEVA,BET,0,1
2012,2013-06-01,MALL,VLLD,1,1
2012,2013-06-01,RMA,OSA,1,1
2012,2013-06-01,SEV,VLC,1,-1
2012,2013-06-01,RAYO,ATHB,0,-1
2012,2013-06-01,ZAR,ATHM,-1,0
2012,2013-05-26,ATHB,LEVA,-1,0
2012,2013-05-26,ATHM,MALL,0,1
2012,2013-05-26,BET,ZAR,1,1
2012,2013-05-26,ESP,BARC,-1,-1
2012,2013-05-26,GET,RAYO,-1,-1
2012,2013-05-26,MLG,LAC,1,1
2012,2013-05-26,OSA,SEV,1,1
2012,2013-05-26,RSO,RMA,0,1
2012,2013-05-26,VLC,GRA,1,1
2012,2013-05-26,VLLD,CEL,-1,0
2012,2013-05-20,MALL,BET,1,1
2012,2013-05-19,BARC,VLLD,1,1
2012,2013-05-19,LAC,ESP,1,-1
2012,2013-05-19,LEVA,RAYO,-1,-1
2012,2013-05-19,ZAR,ATHB,-1,1
2012,2013-05-18,GET,VLC,-1,0
2012,2013-05-18,GRA,OSA,1,-1
2012,2013-05-18,SEV,RSO,-1,1
2012,2013-05-13,RSO,GRA,0,1
2012,2013-05-12,ATHM,BARC,-1,1
2012,2013-05-12,BET,CEL,1,0
2012,2013-05-12,MLG,SEV,0,-1
2012,2013-05-12,RAYO,VLC,-1,0
2012,2013-05-11,ATHB,MALL,1,-1
2012,2013-05-11,ESP,RMA,0,-1
2012,2013-05-11,OSA,GET,1,1
2012,2013-05-11,VLLD,LAC,1,0
2012,2013-05-10,LEVA,ZAR,0,1
2012,2013-05-08,CEL,ATHM,-1,1
2012,2013-05-08,RMA,MLG,1,-1
2012,2013-05-06,GET,RSO,1,1
2012,2013-05-05,BARC,BET,1,-1
2012,2013-05-05,MALL,LEVA,0,1
2012,2013-05-05,SEV,ESP,1,0
2012,2013-05-05,ZAR,RAYO,1,0
2012,2013-05-04,GRA,MLG,1,1
2012,2013-05-04,LAC,ATHM,0,-1
2012,2013-05-04,RMA,VLLD,1,0
2012,2013-05-04,VLC,OSA,1,0
2012,2013-05-03,CEL,ATHB,0,0
2012,2013-04-29,BET,LAC,0,1
2012,2013-04-28,ESP,GRA,-1,0
2012,2013-04-28,MLG,GET,1,0
2012,2013-04-28,RSO,VLC,1,-1
2012,2013-04-28,VLLD,SEV,0,-1
2012,2013-04-27,ATHB,BARC,0,0
2012,2013-04-27,ATHM,RMA,-1,0
2012,2013-04-27,LEVA,CEL,-1,1
2012,2013-04-27,ZAR,MALL,1,0
2012,2013-04-26,RAYO,OSA,0,1
2012,2013-04-22,CEL,ZAR,1,-1
2012,2013-04-21,GET,ESP,-1,0
2012,2013-04-21,LAC,ATHB,0,1
2012,2013-04-21,OSA,RSO,0,-1
2012,2013-04-21,SEV,ATHM,-1,0
2012,2013-04-20,BARC,LEVA,1,0
2012,2013-04-20,GRA,VLLD,0,0
2012,2013-04-20,RMA,BET,1,-1
2012,2013-04-20,VLC,MLG,1,0
2012,2013-04-19,MALL,RAYO,0,1
2012,2013-04-15,MALL,CEL,1,1
2012,2013-04-14,ATHB,RMA,-1,-1
2012,2013-04-14,ATHM,GRA,1,-1
2012,2013-04-14,RAYO,RSO,-1,0
2012,2013-04-14,ZAR,BARC,-1,0
2012,2013-04-13,ESP,VLC,0,-1
2012,2013-04-13,LEVA,LAC,-1,0
2012,2013-04-13,MLG,OSA,1,0
2012,2013-04-13,VLLD,GET,1,0
2012,2013-04-12,BET,SEV,0,0
2012,2013-04-08,SEV,ATHB,1,0
2012,2013-04-07,CEL,RAYO,-1,1
2012,2013-04-07,GET,ATHM,0,0
2012,2013-04-07,OSA,ESP,-1,-1
2012,2013-04-07,VLC,VLLD,1,-1
2012,2013-04-06,BARC,MALL,1,1
2012,2013-04-06,LAC,ZAR,1,-1
2012,2013-04-06,RMA,LEVA,1,1
2012,2013-04-06,RSO,MLG,1,0
2012,2013-04-05,GRA,BET,-1,-1
2012,2013-04-01,ATHB,GRA,1,1
2012,2013-04-01,BET,GET,0,-1
2012,2013-03-31,ATHM,VLC,0,-1
2012,2013-03-31,ESP,RSO,0,0
2012,2013-03-31,MALL,LAC,-1,1
2012,2013-03-31,VLLD,OSA,-1,-1
2012,2013-03-30,CEL,BARC,0,1
2012,2013-03-30,LEVA,SEV,1,0
2012,2013-03-30,RAYO,MLG,-1,-1
2012,2013-03-30,ZAR,RMA,0,-1
2012,2013-03-17,BARC,RAYO,1,-1
2012,2013-03-17,GRA,LEVA,0,1
2012,2013-03-17,MLG,ESP,-1,1
2012,2013-03-17,OSA,ATHM,-1,1
2012,2013-03-17,SEV,ZAR,1,-1
2012,2013-03-16,GET,ATHB,1,-1
2012,2013-03-16,RMA,MALL,1,1
2012,2013-03-16,RSO,VLLD,1,-1
2012,2013-03-16,VLC,BET,1,0
2012,2013-03-15,LAC,CEL,1,0
2012,2013-03-11,ZAR,GRA,0,0
2012,2013-03-10,ATHB,VLC,1,1
2012,2013-03-10,ATHM,RSO,-1,0
2012,2013-03-10,CEL,RMA,-1,1
2012,2013-03-10,LEVA,GET,0,-1
2012,2013-03-09,BARC,LAC,1,0
2012,2013-03-09,MALL,SEV,1,-1
2012,2013-03-09,VLLD,MLG,0,1
2012,2013-03-09,RAYO,ESP,1,1
2012,2013-03-08,BET,OSA,1,-1
2012,2013-03-04,SEV,CEL,1,0
2012,2013-03-03,ESP,VLLD,0,0
2012,2013-03-03,GRA,MALL,-1,-1
2012,2013-03-03,MLG,ATHM,0,-1
2012,2013-03-03,RSO,BET,0,0
2012,2013-03-02,LAC,RAYO,0,-1
2012,2013-03-02,OSA,ATHB,-1,1
2012,2013-03-02,RMA,BARC,1,-1
2012,2013-03-02,VLC,LEVA,0,0
2012,2013-03-01,GET,ZAR,1,-1
2012,2013-02-25,LEVA,OSA,-1,1
2012,2013-02-24,ATHM,ESP,1,1
2012,2013-02-24,BET,MLG,1,-1
2012,2013-02-24,CEL,GRA,1,0
2012,2013-02-24,RAYO,VLLD,-1,0
2012,2013-02-23,BARC,SEV,1,-1
2012,2013-02-23,LAC,RMA,-1,0
2012,2013-02-23,MALL,GET,-1,0
2012,2013-02-23,ZAR,VLC,0,1
2012,2013-02-22,ATHB,RSO,-1,1
2012,2013-02-17,ESP,BET,1,-1
2012,2013-02-17,RMA,RAYO,1,0
2012,2013-02-17,RSO,LEVA,0,-1
2012,2013-02-17,VLC,MALL,1,0
2012,2013-02-17,VLLD,ATHM,-1,0
2012,2013-02-16,GET,CEL,1,0
2012,2013-02-16,GRA,BARC,-1,-1
2012,2013-02-16,MLG,ATHB,1,-1
2012,2013-02-16,OSA,ZAR,1,1
2012,2013-02-15,SEV,LAC,1,1
2012,2013-02-11,BET,VLLD,0,0
2012,2013-02-10,ATHB,ESP,-1,1
2012,2013-02-10,BARC,GET,1,0
2012,2013-02-10,RAYO,ATHM,1,-1
2012,2013-02-10,ZAR,RSO,-1,1
2012,2013-02-09,CEL,VLC,-1,1
2012,2013-02-09,LAC,GRA,-1,1
2012,2013-02-09,LEVA,MLG,-1,1
2012,2013-02-09,MALL,OSA,0,0
2012,2013-02-09,RMA,SEV,1,0
2012,2013-02-03,ATHM,BET,1,0
2012,2013-02-03,MLG,ZAR,0,0
2012,2013-02-03,SEV,RAYO,1,0
2012,2013-02-03,RSO,MALL,1,1
2012,2013-02-03,VLC,BARC,0,0
2012,2013-02-02,ESP,LEVA,1,1
2012,2013-02-02,GET,LAC,1,-1
2012,2013-02-02,GRA,RMA,1,0
2012,2013-02-02,OSA,CEL,1,0
2012,2013-02-01,VLLD,ATHB,0,0
2012,2013-01-28,SEV,GRA,1,-1
2012,2013-01-27,ATHB,ATHM,1,1
2012,2013-01-27,BARC,OSA,1,-1
2012,2013-01-27,MALL,MLG,-1,-1
2012,2013-01-27,RMA,GET,1,0
2012,2013-01-27,RAYO,BET,1,0
2012,2013-01-26,CEL,RSO,0,0
2012,2013-01-26,LAC,VLC,-1,0
2012,2013-01-26,LEVA,VLLD,1,-1
2012,2013-01-26,ZAR,ESP,0,0
2012,2013-01-21,BET,ATHB,0,1
2012,2013-01-20,ATHM,LEVA,1,0
2012,2013-01-20,OSA,LAC,1,1
2012,2013-01-20,VLC,RMA,-1,-1
2012,2013-01-20,VLLD,ZAR,1,1
2012,2013-01-19,GET,SEV,0,0
2012,2013-01-19,GRA,RAYO,1,0
2012,2013-01-19,MLG,CEL,0,0
2012,2013-01-19,RSO,BARC,1,-1
2012,2013-01-18,ESP,MALL,1,1
2012,2013-01-14,GET,GRA,0,-1
2012,2013-01-13,ATHM,ZAR,1,0
2012,2013-01-13,BET,LEVA,1,1
2012,2013-01-13,MLG,BARC,-1,-1
2012,2013-01-13,RSO,LAC,0,-1
2012,2013-01-12,ESP,CEL,1,-1
2012,2013-01-12,OSA,RMA,0,-1
2012,2013-01-12,VLC,SEV,1,0
2012,2013-01-12,VLLD,MALL,1,0
2012,2013-01-11,ATHB,RAYO,-1,1
2012,2013-01-07,RAYO,GET,1,1
2012,2013-01-06,BARC,ESP,1,-1
2012,2013-01-06,CEL,VLLD,1,1
2012,2013-01-06,MALL,ATHM,0,0
2012,2013-01-06,RMA,RSO,1,1
2012,2013-01-05,GRA,VLC,-1,0
2012,2013-01-05,LAC,MLG,1,1
2012,2013-01-05,LEVA,ATHB,1,0
2012,2013-01-05,SEV,OSA,1,0
2012,2013-01-04,ZAR,BET,-1,-1
2012,2012-12-22,ATHB,ZAR,-1,-1
2012,2012-12-22,BET,MALL,-1,1
2012,2012-12-22,MLG,RMA,1,-1
2012,2012-12-22,OSA,GRA,-1,-1
2012,2012-12-22,VLLD,BARC,-1,-1
2012,2012-12-21,ATHM,CEL,1,-1
2012,2012-12-21,VLC,GET,1,1
2012,2012-12-20,ESP,LAC,1,1
2012,2012-12-20,RSO,SEV,1,-1
2012,2012-12-20,RAYO,LEVA,1,1
2012,2012-12-17,CEL,BET,-1,-1
2012,2012-12-17,LAC,VLLD,0,0
2012,2012-12-16,BARC,ATHM,1,0
2012,2012-12-16,RMA,ESP,0,0
2012,2012-12-16,VLC,RAYO,-1,1
2012,2012-12-16,ZAR,LEVA,-1,-1
2012,2012-12-15,GET,OSA,0,-1
2012,2012-12-15,GRA,RSO,0,0
2012,2012-12-15,MALL,ATHB,-1,0
2012,2012-12-15,SEV,MLG,-1,-1
2012,2012-12-10,RAYO,ZAR,-1,0
2012,2012-12-09,ATHB,CEL,1,-1
2012,2012-12-09,ATHM,LAC,1,-1
2012,2012-12-09,BET,BARC,-1,1
2012,2012-12-09,LEVA,MALL,1,-1
2012,2012-12-08,MLG,GRA,1,0
2012,2012-12-08,OSA,VLC,-1,-1
2012,2012-12-08,RSO,GET,0,-1
2012,2012-12-08,VLLD,RMA,-1,0
2012,2012-12-07,ESP,SEV,0,-1
2012,2012-12-03,SEV,VLLD,-1,0
2012,2012-12-02,CEL,LEVA,0,1
2012,2012-12-02,GRA,ESP,0,1
2012,2012-12-02,LAC,BET,-1,-1
2012,2012-12-02,MALL,ZAR,0,-1
2012,2012-12-01,BARC,ATHB,1,1
2012,2012-12-01,GET,MLG,1,-1
2012,2012-12-01,RMA,ATHM,1,1
2012,2012-12-01,VLC,RSO,-1,-1
2012,2012-11-30,OSA,RAYO,1,-1
2012,2012-11-26,ZAR,CEL,-1,1
2012,2012-11-25,ATHB,LAC,0,1
2012,2012-11-25,ATHM,SEV,1,-1
2012,2012-11-25,ESP,GET,-1,0
2012,2012-11-25,LEVA,BARC,-1,0
2012,2012-11-24,BET,RMA,1,1
2012,2012-11-24,MLG,VLC,1,0
2012,2012-11-24,VLLD,GRA,1,-1
2012,2012-11-24,RAYO,MALL,1,0
2012,2012-11-23,RSO,OSA,0,-1
2012,2012-11-19,RSO,RAYO,1,-1
2012,2012-11-18,CEL,MALL,0,0
2012,2012-11-18,GET,VLLD,1,1
2012,2012-11-18,GRA,ATHM,-1,-1
2012,2012-11-18,LAC,LEVA,-1,1
2012,2012-11-18,SEV,BET,1,-1
2012,2012-11-17,BARC,ZAR,1,0
2012,2012-11-17,OSA,MLG,0,-1
2012,2012-11-17,RMA,ATHB,1,0
2012,2012-11-17,VLC,ESP,1,1
2012,2012-11-11,ATHB,SEV,1,-1
2012,2012-11-11,ATHM,GET,1,-1
2012,2012-11-11,LEVA,RMA,-1,1
2012,2012-11-11,MALL,BARC,-1,-1
2012,2012-11-11,VLLD,VLC,0,-1
2012,2012-11-10,ESP,OSA,-1,1
2012,2012-11-10,MLG,RSO,-1,1
2012,2012-11-10,RAYO,CEL,1,-1
2012,2012-11-10,ZAR,LAC,1,0
2012,2012-11-09,BET,GRA,-1,1
2012,2012-11-05,GET,BET,-1,-1
2012,2012-11-04,GRA,ATHB,-1,-1
2012,2012-11-04,LAC,MALL,1,1
2012,2012-11-04,OSA,VLLD,-1,-1
2012,2012-11-04,SEV,LEVA,0,1
2012,2012-11-04,RSO,ESP,-1,-1
2012,2012-11-03,BARC,CEL,1,1
2012,2012-11-03,MLG,RAYO,-1,1
2012,2012-11-03,RMA,ZAR,1,0
2012,2012-11-03,VLC,ATHM,1,-1
2012,2012-10-29,VLLD,RSO,0,1
2012,2012-10-28,ATHB,GET,-1,-1
2012,2012-10-28,ATHM,OSA,1,-1
2012,2012-10-28,LEVA,GRA,1,0
2012,2012-10-28,MALL,RMA,-1,-1
2012,2012-10-28,ZAR,SEV,1,0
2012,2012-10-27,BET,VLC,1,-1
2012,2012-10-27,CEL,LAC,0,0
2012,2012-10-27,ESP,MLG,0,-1
2012,2012-10-27,RAYO,BARC,-1,-1
2012,2012-10-22,SEV,MALL,1,1
2012,2012-10-21,ESP,RAYO,1,0
2012,2012-10-21,GET,LEVA,-1,-1
2012,2012-10-21,GRA,ZAR,-1,1
2012,2012-10-21,OSA,BET,0,0
2012,2012-10-21,RSO,ATHM,-1,1
2012,2012-10-20,LAC,BARC,-1,0
2012,2012-10-20,MLG,VLLD,1,1
2012,2012-10-20,RMA,CEL,1,1
2012,2012-10-20,VLC,ATHB,1,1
2012,2012-10-07,ATHB,OSA,1,0
2012,2012-10-07,ATHM,MLG,1,1
2012,2012-10-07,BARC,RMA,0,-1
2012,2012-10-07,LEVA,VLC,1,0
2012,2012-10-07,MALL,GRA,-1,0
2012,2012-10-06,BET,RSO,1,1
2012,2012-10-06,VLLD,ESP,0,-1
2012,2012-10-06,RAYO,LAC,1,1
2012,2012-10-06,ZAR,GET,-1,-1
2012,2012-10-05,CEL,SEV,1,0
2012,2012-10-01,GET,MALL,1,0
2012,2012-09-30,ESP,ATHM,-1,1
2012,2012-09-30,GRA,CEL,1,0
2012,2012-09-30,OSA,LEVA,1,-1
2012,2012-09-30,RMA,LAC,1,0
2012,2012-09-30,VLLD,RAYO,1,1
2012,2012-09-29,MLG,BET,1,-1
2012,2012-09-29,SEV,BARC,-1,1
2012,2012-09-29,RSO,ATHB,1,0
2012,2012-09-29,VLC,ZAR,1,-1
2012,2012-09-26,BET,ATHM,-1,0
2012,2012-09-24,LAC,SEV,-1,0
2012,2012-09-24,RAYO,RMA,-1,-1
2012,2012-09-23,ATHB,MLG,0,0
2012,2012-09-23,ATHM,VLLD,1,0
2012,2012-09-23,LEVA,RSO,1,-1
2012,2012-09-23,MALL,VLC,1,0
2012,2012-09-22,BARC,GRA,1,-1
2012,2012-09-22,BET,ESP,1,1
2012,2012-09-22,CEL,GET,1,-1
2012,2012-09-22,ZAR,OSA,1,-1
2012,2012-09-17,VLLD,BET,-1,-1
2012,2012-09-16,ATHM,RAYO,1,0
2012,2012-09-16,ESP,ATHB,0,1
2012,2012-09-16,GRA,LAC,0,0
2012,2012-09-16,OSA,MALL,0,1
2012,2012-09-16,RSO,ZAR,1,1
2012,2012-09-15,GET,BARC,-1,0
2012,2012-09-15,MLG,LEVA,1,1
2012,2012-09-15,SEV,RMA,1,0
2012,2012-09-15,VLC,CEL,1,0
2012,2012-09-02,ATHB,VLLD,1,1
2012,2012-09-02,BARC,VLC,1,0
2012,2012-09-02,LEVA,ESP,1,-1
2012,2012-09-02,RMA,GRA,1,1
2012,2012-09-02,RAYO,SEV,0,-1
2012,2012-09-01,CEL,OSA,1,0
2012,2012-09-01,LAC,GET,0,-1
2012,2012-09-01,MALL,RSO,1,1
2012,2012-09-01,ZAR,MLG,-1,-1
2012,2012-08-27,ATHM,ATHB,1,0
2012,2012-08-27,VLLD,LEVA,1,1
2012,2012-08-26,GET,RMA,1,1
2012,2012-08-26,GRA,SEV,0,0
2012,2012-08-26,OSA,BARC,-1,-1
2012,2012-08-26,VLC,LAC,0,0
2012,2012-08-25,BET,RAYO,-1,0
2012,2012-08-25,ESP,ZAR,-1,0
2012,2012-08-25,MLG,MALL,0,0
2012,2012-08-25,RSO,CEL,1,-1
2012,2012-08-20,LAC,OSA,1,-1
2012,2012-08-20,RAYO,GRA,1,-1
2012,2012-08-20,ZAR,VLLD,-1,0
2012,2012-08-19,ATHB,BET,-1,0
2012,2012-08-19,BARC,RSO,1,0
2012,2012-08-19,LEVA,ATHM,0,0
2012,2012-08-19,RMA,VLC,0,0
2012,2012-08-18,CEL,MLG,-1,0
2012,2012-08-18,MALL,ESP,1,-1
2012,2012-08-18,SEV,GET,1,1
2011,2012-05-13,ESP,SEV,0,0
2011,2012-05-13,GET,ZAR,-1,-1
2011,2012-05-13,LEVA,ATHB,1,1
2011,2012-05-13,MLG,SPG,1,0
2011,2012-05-13,RMA,MALL,1,-1
2011,2012-05-13,SAN,OSA,-1,-1
2011,2012-05-13,RAYO,GRA,1,0
2011,2012-05-13,VIL,ATHM,-1,-1
2011,2012-05-12,BET,BARC,0,1
2011,2012-05-12,RSO,VLC,1,0
2011,2012-05-05,ATHB,GET,0,0
2011,2012-05-05,ATHM,MLG,1,-1
2011,2012-05-05,BARC,ESP,1,1
2011,2012-05-05,GRA,RMA,-1,-1
2011,2012-05-05,MALL,LEVA,1,0
2011,2012-05-05,OSA,RSO,1,0
2011,2012-05-05,SEV,RAYO,1,1
2011,2012-05-05,SPG,BET,1,1
2011,2012-05-05,VLC,VIL,1,1
2011,2012-05-05,ZAR,SAN,1,-1
2011,2012-05-02,ATHB,RMA,-1,-1
2011,2012-05-02,ATHM,RSO,0,0
2011,2012-05-02,BARC,MLG,1,0
2011,2012-05-02,MALL,RAYO,1,0
2011,2012-05-02,SEV,BET,-1,0
2011,2012-05-02,VLC,OSA,1,1
2011,2012-05-02,ZAR,LEVA,1,1
2011,2012-05-01,GET,SAN,0,-1
2011,2012-05-01,GRA,ESP,1,1
2011,2012-05-01,SPG,VIL,-1,-1
2011,2012-04-29,BET,ATHM,0,1
2011,2012-04-29,MLG,VLC,1,-1
2011,2012-04-29,RMA,SEV,1,1
2011,2012-04-29,RAYO,BARC,-1,1
2011,2012-04-29,ZAR,ATHB,1,1
2011,2012-04-28,ESP,SPG,-1,-1
2011,2012-04-28,GET,MALL,-1,-1
2011,2012-04-28,LEVA,GRA,1,0
2011,2012-04-28,RSO,SAN,1,0
2011,2012-04-28,VIL,OSA,0,-1
2011,2012-04-23,OSA,MLG,0,0
2011,2012-04-22,ATHM,ESP,1,0
2011,2012-04-22,GRA,GET,1,0
2011,2012-04-22,SAN,ATHB,-1,-1
2011,2012-04-22,RSO,VIL,0,-1
2011,2012-04-22,VLC,BET,1,0
2011,2012-04-21,BARC,RMA,-1,0
2011,2012-04-21,MALL,ZAR,1,0
2011,2012-04-21,SEV,LEVA,0,0
2011,2012-04-21,SPG,RAYO,1,1
2011,2012-04-16,GET,SEV,1,0
2011,2012-04-15,ATHB,MALL,1,-1
2011,2012-04-15,BET,OSA,1,1
2011,2012-04-15,ESP,VLC,1,0
2011,2012-04-15,MLG,RSO,0,-1
2011,2012-04-15,RAYO,ATHM,-1,1
2011,2012-04-15,VIL,SAN,0,1
2011,2012-04-15,ZAR,GRA,1,0
2011,2012-04-14,LEVA,BARC,-1,1
2011,2012-04-14,RMA,SPG,1,1
2011,2012-04-12,SAN,MALL,-1,0
2011,2012-04-12,SEV,ZAR,1,0
2011,2012-04-12,VIL,MLG,1,0
2011,2012-04-11,ATHM,RMA,-1,0
2011,2012-04-11,GRA,ATHB,0,-1
2011,2012-04-11,SPG,LEVA,1,-1
2011,2012-04-11,VLC,RAYO,1,0
2011,2012-04-10,BARC,GET,1,-1
2011,2012-04-10,OSA,ESP,1,-1
2011,2012-04-10,RSO,BET,0,-1
2011,2012-04-09,MLG,SAN,1,-1
2011,2012-04-08,ATHB,SEV,1,0
2011,2012-04-08,LEVA,ATHM,1,-1
2011,2012-04-08,MALL,GRA,0,1
2011,2012-04-08,RMA,VLC,0,0
2011,2012-04-07,BET,VIL,1,1
2011,2012-04-07,ESP,RSO,0,-1
2011,2012-04-07,GET,SPG,1,-1
2011,2012-04-07,RAYO,OSA,1,1
2011,2012-04-07,ZAR,BARC,-1,-1
2011,2012-04-02,SEV,MALL,1,0
2011,2012-04-01,ATHM,GET,1,1
2011,2012-04-01,RSO,RAYO,1,0
2011,2012-04-01,VLC,LEVA,0,1
2011,2012-04-01,VIL,ESP,0,-1
2011,2012-03-31,BARC,ATHB,1,1
2011,2012-03-31,MLG,BET,-1,0
2011,2012-03-31,OSA,RMA,-1,-1
2011,2012-03-31,SAN,GRA,-1,0
2011,2012-03-31,SPG,ZAR,-1,1
2011,2012-03-26,GRA,SEV,-1,1
2011,2012-03-25,ATHB,SPG,0,-1
2011,2012-03-25,BET,SAN,0,1
2011,2012-03-25,ESP,MLG,-1,-1
2011,2012-03-25,LEVA,OSA,-1,1
2011,2012-03-25,RAYO,VIL,-1,-1
2011,2012-03-25,ZAR,ATHM,1,-1
2011,2012-03-24,GET,VLC,1,0
2011,2012-03-24,MALL,BARC,-1,0
2011,2012-03-24,RMA,RSO,1,-1
2011,2012-03-22,BET,ESP,0,-1
2011,2012-03-22,MLG,RAYO,1,-1
2011,2012-03-22,SAN,SEV,-1,0
2011,2012-03-21,ATHM,ATHB,1,-1
2011,2012-03-21,RSO,LEVA,-1,1
2011,2012-03-21,SPG,MALL,-1,1
2011,2012-03-21,VLC,ZAR,-1,0
2011,2012-03-21,VIL,RMA,0,-1
2011,2012-03-20,BARC,GRA,1,0
2011,2012-03-20,OSA,GET,0,1
2011,2012-03-19,ESP,SAN,1,0
2011,2012-03-18,ATHB,VLC,-1,1
2011,2012-03-18,LEVA,VIL,1,-1
2011,2012-03-18,MALL,ATHM,1,0
2011,2012-03-18,RMA,MLG,0,0
2011,2012-03-17,GET,RSO,1,0
2011,2012-03-17,GRA,SPG,1,1
2011,2012-03-17,SEV,BARC,-1,-1
2011,2012-03-17,RAYO,BET,1,0
2011,2012-03-17,ZAR,OSA,0,0
2011,2012-03-12,VIL,GET,-1,1
2011,2012-03-11,ATHM,GRA,1,0
2011,2012-03-11,ESP,RAYO,1,-1
2011,2012-03-11,OSA,ATHB,1,0
2011,2012-03-11,SAN,BARC,-1,0
2011,2012-03-11,VLC,MALL,0,1
2011,2012-03-10,BET,RMA,-1,1
2011,2012-03-10,MLG,LEVA,1,-1
2011,2012-03-10,RSO,ZAR,1,-1
2011,2012-03-10,SPG,SEV,1,0
2011,2012-03-05,LEVA,BET,1,-1
2011,2012-03-04,ATHB,RSO,1,0
2011,2012-03-04,GRA,VLC,-1,-1
2011,2012-03-04,RMA,ESP,1,1
2011,2012-03-04,ZAR,VIL,1,0
2011,2012-03-03,BARC,SPG,1,0
2011,2012-03-03,GET,MLG,-1,-1
2011,2012-03-03,MALL,OSA,0,-1
2011,2012-03-03,SEV,ATHM,0,0
2011,2012-03-03,RAYO,SAN,1,-1
2011,2012-02-26,ATHM,BARC,-1,1
2011,2012-02-26,OSA,GRA,1,1
2011,2012-02-26,RSO,MALL,1,-1
2011,2012-02-26,VLC,SEV,-1,0
2011,2012-02-26,RAYO,RMA,-1,1
2011,2012-02-26,VIL,ATHB,0,1
2011,2012-02-25,BET,GET,0,0
2011,2012-02-25,ESP,LEVA,-1,1
2011,2012-02-25,MLG,ZAR,1,1
2011,2012-02-25,SAN,SPG,0,-1
2011,2012-02-20,ZAR,BET,-1,1
2011,2012-02-19,ATHB,MLG,1,1
2011,2012-02-19,BARC,VLC,1,1
2011,2012-02-19,GRA,RSO,1,0
2011,2012-02-19,LEVA,RAYO,-1,1
2011,2012-02-19,MALL,VIL,1,1
2011,2012-02-19,SPG,ATHM,0,0
2011,2012-02-18,GET,ESP,0,0
2011,2012-02-18,RMA,SAN,1,0
2011,2012-02-18,SEV,OSA,1,0
2011,2012-02-13,RSO,SEV,1,0
2011,2012-02-12,ESP,ZAR,-1,-1
2011,2012-02-12,MLG,MALL,1,0
2011,2012-02-12,RMA,LEVA,1,0
2011,2012-02-12,VLC,SPG,1,1
2011,2012-02-12,RAYO,GET,1,0
2011,2012-02-12,VIL,GRA,1,-1
2011,2012-02-11,BET,ATHB,1,0
2011,2012-02-11,OSA,BARC,1,0
2011,2012-02-11,SAN,ATHM,0,0
2011,2012-02-06,GRA,MLG,1,1
2011,2012-02-05,ATHM,VLC,0,-1
2011,2012-02-05,SEV,VIL,-1,0
2011,2012-02-05,SPG,OSA,0,-1
2011,2012-02-05,ZAR,RAYO,-1,0
2011,2012-02-04,ATHB,ESP,0,0
2011,2012-02-04,BARC,RSO,1,-1
2011,2012-02-04,GET,RMA,-1,-1
2011,2012-02-04,LEVA,SAN,0,0
2011,2012-02-04,MALL,BET,1,1
2011,2012-01-30,OSA,ATHM,-1,-1
2011,2012-01-29,BET,GRA,-1,-1
2011,2012-01-29,LEVA,GET,-1,-1
2011,2012-01-29,MLG,SEV,1,-1
2011,2012-01-29,SAN,VLC,0,0
2011,2012-01-29,RSO,SPG,1,-1
2011,2012-01-28,ESP,MALL,1,-1
2011,2012-01-28,RMA,ZAR,1,1
2011,2012-01-28,RAYO,ATHB,-1,-1
2011,2012-01-28,VIL,BARC,0,1
2011,2012-01-23,VIL,SPG,1,1
2011,2012-01-22,LEVA,ZAR,0,1
2011,2012-01-22,MLG,BARC,-1,-1
2011,2012-01-22,OSA,VLC,0,0
2011,2012-01-22,RMA,ATHB,1,0
2011,2012-01-22,RAYO,MALL,-1,0
2011,2012-01-21,BET,SEV,0,0
2011,2012-01-21,ESP,GRA,1,0
2011,2012-01-21,SAN,GET,-1,0
2011,2012-01-21,RSO,ATHM,-1,0
2011,2012-01-15,ATHB,LEVA,1,0
2011,2012-01-15,ATHM,VIL,1,0
2011,2012-01-15,BARC,BET,1,-1
2011,2012-01-15,OSA,SAN,-1,0
2011,2012-01-15,SPG,MLG,1,1
2011,2012-01-14,GRA,RAYO,-1,0
2011,2012-01-14,MALL,RMA,-1,-1
2011,2012-01-14,SEV,ESP,0,0
2011,2012-01-14,VLC,RSO,-1,1
2011,2012-01-14,ZAR,GET,0,0
2011,2012-01-08,BET,SPG,1,0
2011,2012-01-08,ESP,BARC,0,-1
2011,2012-01-08,GET,ATHB,0,-1
2011,2012-01-08,RAYO,SEV,1,1
2011,2012-01-08,VIL,VLC,0,1
2011,2012-01-07,LEVA,MALL,0,1
2011,2012-01-07,MLG,ATHM,0,1
2011,2012-01-07,RMA,GRA,1,1
2011,2012-01-07,SAN,ZAR,1,0
2011,2012-01-07,RSO,OSA,0,-1
2011,2011-12-18,ATHM,BET,-1,1
2011,2011-12-18,GRA,LEVA,1,1
2011,2011-12-18,OSA,VIL,1,-1
2011,2011-12-18,SAN,RSO,0,1
2011,2011-12-18,VLC,MLG,1,0
2011,2011-12-17,ATHB,ZAR,1,1
2011,2011-12-17,MALL,GET,-1,-1
2011,2011-12-17,SEV,RMA,-1,0
2011,2011-12-17,SPG,ESP,-1,1
2011,2011-12-11,ATHB,SAN,0,1
2011,2011-12-11,ESP,ATHM,1,0
2011,2011-12-11,GET,GRA,1,0
2011,2011-12-11,MLG,OSA,0,0
2011,2011-12-11,RAYO,SPG,-1,-1
2011,2011-12-11,VIL,RSO,0,-1
2011,2011-12-11,ZAR,MALL,-1,1
2011,2011-12-10,BET,VLC,1,1
2011,2011-12-10,LEVA,SEV,1,0
2011,2011-12-10,RMA,BARC,-1,1
2011,2011-12-07,GRA,MALL,0,1
2011,2011-12-05,SEV,GET,1,-1
2011,2011-12-04,ATHM,RAYO,1,-1
2011,2011-12-04,GRA,ZAR,1,1
2011,2011-12-04,MALL,ATHB,0,1
2011,2011-12-04,OSA,BET,1,-1
2011,2011-12-04,RSO,MLG,1,0
2011,2011-12-03,BARC,LEVA,1,1
2011,2011-12-03,SAN,VIL,1,-1
2011,2011-12-03,SPG,RMA,-1,0
2011,2011-12-03,VLC,ESP,1,1
2011,2011-11-29,BARC,RAYO,1,1
2011,2011-11-28,MLG,VIL,1,1
2011,2011-11-27,ATHB,GRA,-1,1
2011,2011-11-27,BET,RSO,-1,0
2011,2011-11-27,ESP,OSA,-1,-1
2011,2011-11-27,LEVA,SPG,1,0
2011,2011-11-27,MALL,SAN,1,0
2011,2011-11-27,ZAR,SEV,-1,-1
2011,2011-11-26,GET,BARC,1,1
2011,2011-11-26,RMA,ATHM,1,0
2011,2011-11-26,RAYO,VLC,-1,-1
2011,2011-11-21,SAN,MLG,-1,0
2011,2011-11-20,ATHM,LEVA,1,0
2011,2011-11-20,OSA,RAYO,0,-1
2011,2011-11-20,SEV,ATHB,-1,0
2011,2011-11-20,RSO,ESP,0,-1
2011,2011-11-20,SPG,GET,1,-1
2011,2011-11-19,BARC,ZAR,1,1
2011,2011-11-19,VLC,RMA,-1,1
2011,2011-11-19,VIL,BET,1,1
2011,2011-11-06,ATHB,BARC,0,0
2011,2011-11-06,ESP,VIL,0,0
2011,2011-11-06,GET,ATHM,1,0
2011,2011-11-06,GRA,SAN,0,0
2011,2011-11-06,RMA,OSA,1,0
2011,2011-11-06,RAYO,RSO,1,1
2011,2011-11-06,ZAR,SPG,0,1
2011,2011-11-05,BET,MLG,0,1
2011,2011-11-05,LEVA,VLC,-1,0
2011,2011-11-05,MALL,SEV,0,1
2011,2011-10-31,SEV,GRA,-1,0
2011,2011-10-30,ATHM,ZAR,1,0
2011,2011-10-30,MLG,ESP,1,-1
2011,2011-10-30,OSA,LEVA,1,-1
2011,2011-10-30,SAN,BET,1,0
2011,2011-10-30,SPG,ATHB,0,0
2011,2011-10-29,BARC,MALL,1,0
2011,2011-10-29,RSO,RMA,-1,0
2011,2011-10-29,VLC,GET,1,1
2011,2011-10-29,VIL,RAYO,1,-1
2011,2011-10-27,ATHB,ATHM,1,1
2011,2011-10-27,ESP,BET,1,0
2011,2011-10-26,GET,OSA,0,-1
2011,2011-10-26,LEVA,RSO,1,-1
2011,2011-10-26,MALL,SPG,-1,0
2011,2011-10-26,RMA,VIL,1,1
2011,2011-10-26,RAYO,MLG,1,-1
2011,2011-10-26,ZAR,VLC,-1,0
2011,2011-10-25,GRA,BARC,-1,-1
2011,2011-10-25,SEV,SAN,0,0
2011,2011-10-23,ATHM,MALL,0,-1
2011,2011-10-23,BET,RAYO,-1,0
2011,2011-10-23,OSA,ZAR,1,0
2011,2011-10-23,RSO,GET,0,-1
2011,2011-10-23,VLC,ATHB,0,1
2011,2011-10-23,VIL,LEVA,-1,1
2011,2011-10-22,BARC,SEV,0,1
2011,2011-10-22,MLG,RMA,-1,0
2011,2011-10-22,SAN,ESP,-1,1
2011,2011-10-22,SPG,GRA,1,0
2011,2011-10-17,ATHB,OSA,1,0
2011,2011-10-16,LEVA,MLG,1,-1
2011,2011-10-16,SEV,SPG,1,-1
2011,2011-10-16,RAYO,ESP,-1,-1
2011,2011-10-16,ZAR,RSO,1,-1
2011,2011-10-15,BARC,SAN,1,-1
2011,2011-10-15,GET,VIL,0,0
2011,2011-10-15,GRA,ATHM,0,1
2011,2011-10-15,MALL,VLC,0,-1
2011,2011-10-15,RMA,BET,1,-1
2011,2011-10-02,ATHM,SEV,0,0
2011,2011-10-02,BET,LEVA,-1,0
2011,2011-10-02,ESP,RMA,-1,1
2011,2011-10-02,RSO,ATHB,-1,0
2011,2011-10-02,SPG,BARC,-1,1
2011,2011-10-01,MLG,GET,1,-1
2011,2011-10-01,OSA,MALL,0,-1
2011,2011-10-01,SAN,RAYO,0,1
2011,2011-10-01,VLC,GRA,1,-1
2011,2011-10-01,VIL,ZAR,0,-1
2011,2011-09-26,GET,BET,1,1
2011,2011-09-25,GRA,OSA,0,1
2011,2011-09-25,LEVA,ESP,1,1
2011,2011-09-25,MALL,RSO,1,1
2011,2011-09-25,SPG,SAN,0,-1
2011,2011-09-25,ZAR,MLG,0,-1
2011,2011-09-24,ATHB,VIL,0,-1
2011,2011-09-24,BARC,ATHM,1,1
2011,2011-09-24,RMA,RAYO,1,0
2011,2011-09-24,SEV,VLC,1,-1
2011,2011-09-22,BET,ZAR,1,-1
2011,2011-09-22,ESP,GET,1,0
2011,2011-09-21,ATHM,SPG,1,1
2011,2011-09-21,MLG,ATHB,1,-1
2011,2011-09-21,SAN,RMA,0,0
2011,2011-09-21,VLC,BARC,0,-1
2011,2011-09-21,RAYO,LEVA,-1,-1
2011,2011-09-20,OSA,SEV,0,1
2011,2011-09-20,RSO,GRA,1,1
2011,2011-09-20,VIL,MALL,1,-1
2011,2011-09-18,ATHB,BET,-1,0
2011,2011-09-18,ATHM,SAN,1,-1
2011,2011-09-18,GET,RAYO,-1,0
2011,2011-09-18,LEVA,RMA,1,-1
2011,2011-09-18,ZAR,ESP,1,1
2011,2011-09-17,BARC,OSA,1,1
2011,2011-09-17,GRA,VIL,1,-1
2011,2011-09-17,MALL,MLG,-1,1
2011,2011-09-17,SEV,RSO,1,1
2011,2011-09-17,SPG,VLC,-1,0
2011,2011-09-12,MLG,GRA,1,1
2011,2011-09-11,BET,MALL,1,0
2011,2011-09-11,ESP,ATHB,1,1
2011,2011-09-11,OSA,SPG,1,0
2011,2011-09-11,SAN,LEVA,0,-1
2011,2011-09-11,RAYO,ZAR,0,1
2011,2011-09-10,RMA,GET,1,-1
2011,2011-09-10,RSO,BARC,0,-1
2011,2011-09-10,VLC,ATHM,1,1
2011,2011-09-10,VIL,SEV,0,-1
2011,2011-08-29,BARC,VIL,1,1
2011,2011-08-28,ATHB,RAYO,0,0
2011,2011-08-28,ATHM,OSA,0,-1
2011,2011-08-28,GET,LEVA,0,-1
2011,2011-08-28,MALL,ESP,1,0
2011,2011-08-28,SEV,MLG,1,-1
2011,2011-08-28,ZAR,RMA,-1,-1
2011,2011-08-27,GRA,BET,-1,0
2011,2011-08-27,SPG,RSO,-1,1
2011,2011-08-27,VLC,SAN,1,-1
2010,2011-05-21,ESP,SEV,-1,1
2010,2011-05-21,HERC,SPG,0,-1
2010,2011-05-21,LAC,VLC,-1,-1
2010,2011-05-21,LEVA,ZAR,-1,1
2010,2011-05-21,MLG,BARC,-1,-1
2010,2011-05-21,MALL,ATHM,-1,-1
2010,2011-05-21,OSA,VIL,1,0
2010,2011-05-21,RMA,ALM,1,0
2010,2011-05-21,SAN,ATHB,-1,1
2010,2011-05-21,RSO,GET,0,1
2010,2011-05-15,ALM,MALL,1,1
2010,2011-05-15,ATHB,MLG,0,0
2010,2011-05-15,ATHM,HERC,1,1
2010,2011-05-15,BARC,LAC,0,-1
2010,2011-05-15,GET,OSA,1,0
2010,2011-05-15,SEV,RSO,1,-1
2010,2011-05-15,SPG,SAN,1,1
2010,2011-05-15,VLC,LEVA,0,1
2010,2011-05-15,VIL,RMA,-1,0
2010,2011-05-15,ZAR,ESP,1,-1
2010,2011-05-11,ALM,VIL,0,0
2010,2011-05-11,ESP,VLC,0,0
2010,2011-05-11,HERC,MALL,0,0
2010,2011-05-11,LEVA,BARC,0,0
2010,2011-05-11,OSA,SEV,1,-1
2010,2011-05-11,RSO,ZAR,1,1
2010,2011-05-10,LAC,ATHB,1,-1
2010,2011-05-10,MLG,SPG,1,-1
2010,2011-05-10,RMA,GET,1,-1
2010,2011-05-10,SAN,ATHM,1,-1
2010,2011-05-08,BARC,ESP,1,0
2010,2011-05-08,MALL,VIL,0,0
2010,2011-05-08,ZAR,OSA,-1,-1
2010,2011-05-07,ATHB,LEVA,1,1
2010,2011-05-07,ATHM,MLG,-1,1
2010,2011-05-07,GET,ALM,1,0
2010,2011-05-07,HERC,SAN,-1,0
2010,2011-05-07,SEV,RMA,-1,-1
2010,2011-05-07,SPG,LAC,0,1
2010,2011-05-07,VLC,RSO,1,0
2010,2011-05-02,ESP,ATHB,1,1
2010,2011-05-01,ALM,SEV,-1,0
2010,2011-05-01,LEVA,SPG,0,1
2010,2011-05-01,MLG,HERC,1,-1
2010,2011-05-01,OSA,VLC,1,0
2010,2011-05-01,SAN,MALL,1,0
2010,2011-05-01,VIL,GET,1,0
2010,2011-04-30,LAC,ATHM,-1,0
2010,2011-04-30,RMA,ZAR,-1,1
2010,2011-04-30,RSO,BARC,1,0
2010,2011-04-25,ZAR,ALM,1,1
2010,2011-04-24,ATHM,LEVA,1,1
2010,2011-04-24,HERC,LAC,1,1
2010,2011-04-24,MALL,GET,1,0
2010,2011-04-24,SAN,MLG,-1,-1
2010,2011-04-24,SEV,VIL,1,1
2010,2011-04-24,SPG,ESP,1,-1
2010,2011-04-23,ATHB,RSO,1,1
2010,2011-04-23,BARC,OSA,1,-1
2010,2011-04-23,VLC,RMA,-1,-1
2010,2011-04-18,VIL,ZAR,1,0
2010,2011-04-17,ESP,ATHM,0,1
2010,2011-04-17,LAC,SAN,1,-1
2010,2011-04-17,LEVA,HERC,1,0
2010,2011-04-17,OSA,ATHB,-1,1
2010,2011-04-17,RSO,SPG,1,1
2010,2011-04-16,ALM,VLC,-1,0
2010,2011-04-16,GET,SEV,1,0
2010,2011-04-16,MLG,MALL,1,-1
2010,2011-04-16,RMA,BARC,0,1
2010,2011-04-11,ZAR,GET,1,1
2010,2011-04-10,ATHM,RSO,1,-1
2010,2011-04-10,HERC,ESP,0,0
2010,2011-04-10,MLG,LAC,0,-1
2010,2011-04-10,SAN,LEVA,0,-1
2010,2011-04-10,SPG,OSA,1,0
2010,2011-04-10,VLC,VIL,1,-1
2010,2011-04-09,ATHB,RMA,-1,0
2010,2011-04-09,BARC,ALM,1,0
2010,2011-04-09,MALL,SEV,0,1
2010,2011-04-04,ALM,ATHB,-1,1
2010,2011-04-03,ESP,SAN,-1,0
2010,2011-04-03,LAC,MALL,1,0
2010,2011-04-03,LEVA,MLG,1,1
2010,2011-04-03,OSA,ATHM,-1,-1
2010,2011-04-03,SEV,ZAR,1,0
2010,2011-04-03,RSO,HERC,-1,-1
2010,2011-04-02,GET,VLC,-1,1
2010,2011-04-02,RMA,SPG,-1,1
2010,2011-04-02,VIL,BARC,-1,1
2010,2011-03-20,ATHB,VIL,-1,-1
2010,2011-03-20,HERC,OSA,-1,-1
2010,2011-03-20,LAC,LEVA,-1,0
2010,2011-03-20,MLG,ESP,1,-1
2010,2011-03-20,SAN,RSO,1,0
2010,2011-03-20,SPG,ALM,1,0
2010,2011-03-20,VLC,SEV,-1,-1
2010,2011-03-19,ATHM,RMA,-1,-1
2010,2011-03-19,BARC,GET,1,0
2010,2011-03-19,MALL,ZAR,1,1
2010,2011-03-14,GET,ATHB,0,0
2010,2011-03-13,ESP,LAC,1,-1
2010,2011-03-13,LEVA,MALL,0,0
2010,2011-03-13,OSA,SAN,1,0
2010,2011-03-13,SEV,BARC,0,0
2010,2011-03-13,RSO,MLG,-1,-1
2010,2011-03-13,VIL,SPG,0,-1
2010,2011-03-12,ALM,ATHM,0,1
2010,2011-03-12,RMA,HERC,1,0
2010,2011-03-12,ZAR,VLC,1,0
2010,2011-03-07,LAC,RSO,1,1
2010,2011-03-06,ATHB,SEV,1,1
2010,2011-03-06,HERC,ALM,-1,1
2010,2011-03-06,LEVA,ESP,1,-1
2010,2011-03-06,MLG,OSA,-1,-1
2010,2011-03-06,SAN,RMA,-1,-1
2010,2011-03-06,SPG,GET,1,0
2010,2011-03-05,ATHM,VIL,1,1
2010,2011-03-05,BARC,ZAR,1,-1
2010,2011-03-05,MALL,VLC,-1,-1
2010,2011-03-03,ALM,SAN,0,1
2010,2011-03-03,RMA,MLG,1,1
2010,2011-03-02,GET,ATHM,0,-1
2010,2011-03-02,OSA,LAC,0,-1
2010,2011-03-02,RSO,LEVA,0,1
2010,2011-03-02,VLC,BARC,-1,-1
2010,2011-03-02,VIL,HERC,1,-1
2010,2011-03-02,ZAR,ATHB,1,-1
2010,2011-03-01,ESP,MALL,-1,1
2010,2011-03-01,SEV,SPG,1,0
2010,2011-02-28,MLG,ALM,1,-1
2010,2011-02-27,ATHB,VLC,-1,1
2010,2011-02-27,HERC,GET,0,-1
2010,2011-02-27,LEVA,OSA,1,0
2010,2011-02-27,SAN,VIL,0,0
2010,2011-02-26,ATHM,SEV,0,0
2010,2011-02-26,ESP,RSO,1,0
2010,2011-02-26,LAC,RMA,0,0
2010,2011-02-26,MALL,BARC,-1,1
2010,2011-02-26,SPG,ZAR,0,-1
2010,2011-02-21,RSO,MALL,1,1
2010,2011-02-20,ALM,LAC,0,0
2010,2011-02-20,BARC,ATHB,1,-1
2010,2011-02-20,GET,SAN,-1,1
2010,2011-02-20,OSA,ESP,1,0
2010,2011-02-20,SEV,HERC,1,0
2010,2011-02-20,VIL,MLG,0,-1
2010,2011-02-19,RMA,LEVA,1,1
2010,2011-02-19,VLC,SPG,0,0
2010,2011-02-19,ZAR,ATHM,-1,0
2010,2011-02-14,MALL,ATHB,1,1
2010,2011-02-13,ESP,RMA,-1,0
2010,2011-02-13,HERC,ZAR,1,0
2010,2011-02-13,LAC,VIL,1,0
2010,2011-02-13,LEVA,ALM,1,0
2010,2011-02-13,MLG,GET,0,-1
2010,2011-02-13,RSO,OSA,1,-1
2010,2011-02-12,ATHM,VLC,-1,1
2010,2011-02-12,SAN,SEV,1,0
2010,2011-02-12,SPG,BARC,0,0
2010,2011-02-06,RMA,RSO,1,1
2010,2011-02-06,SEV,MLG,0,-1
2010,2011-02-06,VLC,HERC,1,0
2010,2011-02-05,ALM,ESP,1,1
2010,2011-02-05,ATHB,SPG,1,-1
2010,2011-02-05,BARC,ATHM,1,0
2010,2011-02-05,GET,LAC,1,0
2010,2011-02-05,OSA,MALL,0,1
2010,2011-02-05,VIL,LEVA,-1,1
2010,2011-02-05,ZAR,SAN,0,-1
2010,2011-01-31,SAN,VLC,0,0
2010,2011-01-30,ATHM,ATHB,-1,-1
2010,2011-01-30,ESP,VIL,-1,-1
2010,2011-01-30,OSA,RMA,1,-1
2010,2011-01-29,HERC,BARC,-1,-1
2010,2011-01-29,LAC,SEV,0,1
2010,2011-01-29,LEVA,GET,1,1
2010,2011-01-29,MLG,ZAR,-1,-1
2010,2011-01-29,MALL,SPG,-1,-1
2010,2011-01-29,RSO,ALM,1,-1
2010,2011-01-24,ATHB,HERC,1,-1
2010,2011-01-23,ALM,OSA,1,-1
2010,2011-01-23,GET,ESP,-1,1
2010,2011-01-23,RMA,MALL,1,0
2010,2011-01-23,SPG,ATHM,1,0
2010,2011-01-23,VIL,RSO,1,-1
2010,2011-01-23,ZAR,LAC,1,0
2010,2011-01-22,BARC,SAN,1,0
2010,2011-01-22,SEV,LEVA,1,-1
2010,2011-01-22,VLC,MLG,1,1
2010,2011-01-17,ATHM,MALL,1,0
2010,2011-01-16,ALM,RMA,0,0
2010,2011-01-16,BARC,MLG,1,0
2010,2011-01-16,VLC,LAC,1,1
2010,2011-01-15,ATHB,SAN,1,0
2010,2011-01-15,GET,RSO,-1,-1
2010,2011-01-15,SEV,ESP,-1,-1
2010,2011-01-15,SPG,HERC,1,-1
2010,2011-01-15,VIL,OSA,1,0
2010,2011-01-15,ZAR,LEVA,1,0
2010,2011-01-10,HERC,ATHM,1,1
2010,2011-01-09,ESP,ZAR,1,-1
2010,2011-01-09,LEVA,VLC,-1,-1
2010,2011-01-09,MALL,ALM,1,1
2010,2011-01-09,OSA,GET,0,1
2010,2011-01-09,RMA,VIL,1,0
2010,2011-01-09,SAN,SPG,0,1
2010,2011-01-08,LAC,BARC,-1,1
2010,2011-01-08,MLG,ATHB,0,1
2010,2011-01-08,RSO,SEV,-1,0
2010,2011-01-03,ATHM,SAN,0,0
2010,2011-01-03,GET,RMA,-1,0
2010,2011-01-03,MALL,HERC,1,-1
2010,2011-01-03,VIL,ALM,1,-1
2010,2011-01-03,ZAR,RSO,1,0
2010,2011-01-02,ATHB,LAC,-1,0
2010,2011-01-02,BARC,LEVA,1,-1
2010,2011-01-02,SEV,OSA,1,1
2010,2011-01-02,SPG,MLG,-1,-1
2010,2011-01-02,VLC,ESP,1,0
2010,2010-12-20,SAN,HERC,0,1
2010,2010-12-19,ALM,GET,-1,-1
2010,2010-12-19,MLG,ATHM,-1,1
2010,2010-12-19,OSA,ZAR,0,-1
2010,2010-12-19,RMA,SEV,1,-1
2010,2010-12-18,ESP,BARC,-1,-1
2010,2010-12-18,LAC,SPG,0,0
2010,2010-12-18,LEVA,ATHB,-1,0
2010,2010-12-18,RSO,VLC,-1,0
2010,2010-12-18,VIL,MALL,1,-1
2010,2010-12-13,VLC,OSA,0,-1
2010,2010-12-12,ATHB,ESP,1,1
2010,2010-12-12,BARC,RSO,1,0
2010,2010-12-12,HERC,MLG,1,1
2010,2010-12-12,MALL,SAN,-1,0
2010,2010-12-12,SPG,LEVA,0,1
2010,2010-12-12,ZAR,RMA,-1,0
2010,2010-12-11,ATHM,LAC,1,0
2010,2010-12-11,GET,VIL,1,1
2010,2010-12-11,SEV,ALM,-1,-1
2010,2010-12-06,LAC,HERC,1,1
2010,2010-12-05,ALM,ZAR,0,-1
2010,2010-12-05,ESP,SPG,1,1
2010,2010-12-05,GET,MALL,1,-1
2010,2010-12-05,MLG,SAN,1,-1
2010,2010-12-05,RSO,ATHB,1,1
2010,2010-12-05,VIL,SEV,1,0
2010,2010-12-04,LEVA,ATHM,1,-1
2010,2010-12-04,OSA,BARC,-1,0
2010,2010-12-04,RMA,VLC,1,1
2010,2010-11-29,BARC,RMA,1,1
2010,2010-11-28,ATHB,OSA,1,1
2010,2010-11-28,HERC,LEVA,1,1
2010,2010-11-28,MALL,MLG,1,1
2010,2010-11-28,SAN,LAC,1,1
2010,2010-11-28,SPG,RSO,-1,-1
2010,2010-11-28,VLC,ALM,1,0
2010,2010-11-27,ATHM,ESP,-1,1
2010,2010-11-27,SEV,GET,-1,0
2010,2010-11-27,ZAR,VIL,-1,1
2010,2010-11-22,GET,ZAR,0,1
2010,2010-11-21,ESP,HERC,1,0
2010,2010-11-21,LAC,MLG,1,1
2010,2010-11-21,LEVA,SAN,1,-1
2010,2010-11-21,OSA,SPG,1,0
2010,2010-11-21,SEV,MALL,-1,0
2010,2010-11-21,RSO,ATHM,-1,1
2010,2010-11-20,ALM,BARC,-1,-1
2010,2010-11-20,RMA,ATHB,1,0
2010,2010-11-20,VIL,VLC,0,0
2010,2010-11-14,HERC,RSO,1,1
2010,2010-11-14,MLG,LEVA,1,0
2010,2010-11-14,MALL,LAC,0,1
2010,2010-11-14,SAN,ESP,0,-1
2010,2010-11-14,SPG,RMA,-1,1
2010,2010-11-14,VLC,GET,1,-1
2010,2010-11-14,ZAR,SEV,-1,1
2010,2010-11-13,ATHB,ALM,1,1
2010,2010-11-13,ATHM,OSA,1,-1
2010,2010-11-13,BARC,VIL,1,1
2010,2010-11-08,SEV,VLC,1,1
2010,2010-11-07,ALM,SPG,0,1
2010,2010-11-07,GET,BARC,-1,0
2010,2010-11-07,LEVA,LAC,-1,1
2010,2010-11-07,OSA,HERC,1,-1
2010,2010-11-07,RMA,ATHM,1,-1
2010,2010-11-07,VIL,ATHB,1,-1
2010,2010-11-07,ZAR,MALL,1,1
2010,2010-11-06,ESP,MLG,1,0
2010,2010-11-06,RSO,SAN,1,0
2010,2010-11-01,MALL,LEVA,1,1
2010,2010-10-31,ATHB,GET,1,-1
2010,2010-10-31,ATHM,ALM,0,-1
2010,2010-10-31,LAC,ESP,1,-1
2010,2010-10-31,MLG,RSO,-1,-1
2010,2010-10-31,SAN,OSA,1,0
2010,2010-10-31,SPG,VIL,0,-1
2010,2010-10-30,BARC,SEV,1,-1
2010,2010-10-30,HERC,RMA,-1,1
2010,2010-10-30,VLC,ZAR,0,1
2010,2010-10-25,RSO,LAC,1,-1
2010,2010-10-24,ALM,HERC,0,1
2010,2010-10-24,ESP,LEVA,1,1
2010,2010-10-24,GET,SPG,1,-1
2010,2010-10-24,OSA,MLG,1,1
2010,2010-10-24,SEV,ATHB,1,-1
2010,2010-10-24,VIL,ATHM,1,0
2010,2010-10-23,RMA,SAN,1,0
2010,2010-10-23,VLC,MALL,-1,-1
2010,2010-10-23,ZAR,BARC,-1,0
2010,2010-10-18,HERC,VIL,0,0
2010,2010-10-17,ATHB,ZAR,1,0
2010,2010-10-17,LAC,OSA,0,0
2010,2010-10-17,LEVA,RSO,1,1
2010,2010-10-17,MALL,ESP,-1,-1
2010,2010-10-17,SAN,ALM,1,1
2010,2010-10-17,SPG,SEV,1,-1
2010,2010-10-16,ATHM,GET,1,1
2010,2010-10-16,BARC,VLC,1,1
2010,2010-10-16,MLG,RMA,-1,0
2010,2010-10-03,ALM,MLG,0,-1
2010,2010-10-03,BARC,MALL,0,0
2010,2010-10-03,GET,HERC,1,-1
2010,2010-10-03,OSA,LEVA,0,1
2010,2010-10-03,RMA,LAC,1,-1
2010,2010-10-03,SEV,ATHM,1,1
2010,2010-10-03,VIL,SAN,1,-1
2010,2010-10-02,RSO,ESP,1,-1
2010,2010-10-02,VLC,ATHB,1,1
2010,2010-10-02,ZAR,SPG,0,-1
2010,2010-09-27,MLG,VIL,-1,1
2010,2010-09-26,ATHM,ZAR,1,-1
2010,2010-09-26,ESP,OSA,1,-1
2010,2010-09-26,HERC,SEV,1,1
2010,2010-09-26,LAC,ALM,-1,0
2010,2010-09-26,MALL,RSO,1,1
2010,2010-09-26,SAN,GET,-1,-1
2010,2010-09-25,ATHB,BARC,-1,1
2010,2010-09-25,LEVA,RMA,0,0
2010,2010-09-25,SPG,VLC,-1,0
2010,2010-09-23,GET,MLG,-1,1
2010,2010-09-23,SEV,SAN,0,-1
2010,2010-09-23,VIL,LAC,1,1
2010,2010-09-22,ALM,LEVA,-1,1
2010,2010-09-22,BARC,SPG,1,1
2010,2010-09-22,VLC,ATHM,0,0
2010,2010-09-22,ZAR,HERC,0,0
2010,2010-09-21,ATHB,MALL,1,0
2010,2010-09-21,OSA,RSO,1,1
2010,2010-09-21,RMA,ESP,1,-1
2010,2010-09-20,LAC,GET,0,1
2010,2010-09-19,ATHM,BARC,-1,0
2010,2010-09-19,HERC,VLC,-1,1
2010,2010-09-19,LEVA,VIL,-1,1
2010,2010-09-19,MLG,SEV,-1,-1
2010,2010-09-19,SAN,ZAR,1,1
2010,2010-09-18,ESP,ALM,1,1
2010,2010-09-18,MALL,OSA,1,0
2010,2010-09-18,RSO,RMA,-1,1
2010,2010-09-18,SPG,ATHB,0,0
2010,2010-09-13,ALM,RSO,0,-1
2010,2010-09-12,GET,LEVA,1,0
2010,2010-09-12,SEV,LAC,0,0
2010,2010-09-12,SPG,MALL,1,-1
2010,2010-09-12,VIL,ESP,1,1
2010,2010-09-12,ZAR,MLG,-1,1
2010,2010-09-11,ATHB,ATHM,-1,-1
2010,2010-09-11,BARC,HERC,-1,1
2010,2010-09-11,RMA,OSA,1,1
2010,2010-09-11,VLC,SAN,1,0
2010,2010-08-30,ATHM,SPG,1,0
2010,2010-08-29,ESP,GET,1,1
2010,2010-08-29,LAC,ZAR,0,0
2010,2010-08-29,MALL,RMA,0,-1
2010,2010-08-29,OSA,ALM,0,1
2010,2010-08-29,SAN,BARC,-1,-1
2010,2010-08-29,RSO,VIL,1,0
2010,2010-08-28,HERC,ATHB,-1,-1
2010,2010-08-28,LEVA,SEV,-1,1
2010,2010-08-28,MLG,VLC,-1,0
2009,2010-05-16,BARC,VLLD,1,1
2009,2010-05-16,MLG,RMA,0,1
2009,2010-05-16,OSA,XER,0,1
2009,2010-05-16,SAN,SPG,1,1
2009,2010-05-16,VLC,TEN,1,1
2009,2010-05-15,ALM,SEV,-1,0
2009,2010-05-15,ATHB,LAC,1,0
2009,2010-05-15,ATHM,GET,-1,-1
2009,2010-05-15,MALL,ESP,1,1
2009,2010-05-15,ZAR,VIL,0,1
2009,2010-05-08,ESP,OSA,1,0
2009,2010-05-08,GET,MLG,1,0
2009,2010-05-08,LAC,MALL,1,-1
2009,2010-05-08,RMA,ATHB,1,-1
2009,2010-05-08,SEV,BARC,-1,1
2009,2010-05-08,SPG,ATHM,0,-1
2009,2010-05-08,TEN,ALM,0,0
2009,2010-05-08,VLLD,SAN,1,1
2009,2010-05-08,VIL,VLC,1,-1
2009,2010-05-08,XER,ZAR,1,0
2009,2010-05-05,ATHB,MLG,0,-1
2009,2010-05-05,ATHM,VLLD,1,0
2009,2010-05-05,MALL,RMA,-1,1
2009,2010-05-05,OSA,LAC,1,1
2009,2010-05-05,SAN,SEV,-1,-1
2009,2010-05-05,ZAR,ESP,1,-1
2009,2010-05-04,ALM,VIL,1,1
2009,2010-05-04,BARC,TEN,1,1
2009,2010-05-04,GET,SPG,0,1
2009,2010-05-04,VLC,XER,1,1
2009,2010-05-02,ATHB,MALL,-1,1
2009,2010-05-02,RMA,OSA,1,1
2009,2010-05-02,SEV,ATHM,1,0
2009,2010-05-01,ESP,VLC,-1,-1
2009,2010-05-01,LAC,ZAR,-1,1
2009,2010-05-01,MLG,SPG,0,0
2009,2010-05-01,TEN,SAN,1,0
2009,2010-05-01,VLLD,GET,0,0
2009,2010-05-01,VIL,BARC,-1,1
2009,2010-05-01,XER,ALM,1,0
2009,2010-04-26,OSA,ATHB,0,1
2009,2010-04-25,ALM,ESP,-1,1
2009,2010-04-25,ATHM,TEN,1,-1
2009,2010-04-25,GET,SEV,1,1
2009,2010-04-25,MALL,MLG,0,0
2009,2010-04-25,SAN,VIL,-1,0
2009,2010-04-25,SPG,VLLD,-1,0
2009,2010-04-24,BARC,XER,1,1
2009,2010-04-24,VLC,LAC,1,0
2009,2010-04-24,ZAR,RMA,-1,1
2009,2010-04-19,MALL,OSA,1,0
2009,2010-04-18,ATHB,ZAR,0,1
2009,2010-04-18,LAC,ALM,0,1
2009,2010-04-18,MLG,VLLD,0,1
2009,2010-04-18,RMA,VLC,1,1
2009,2010-04-18,TEN,GET,1,1
2009,2010-04-18,XER,SAN,0,-1
2009,2010-04-17,ESP,BARC,0,-1
2009,2010-04-17,SEV,SPG,1,-1
2009,2010-04-17,VIL,ATHM,1,1
2009,2010-04-15,ALM,RMA,-1,-1
2009,2010-04-15,VLC,ATHB,1,-1
2009,2010-04-14,ATHM,XER,-1,1
2009,2010-04-14,BARC,LAC,1,1
2009,2010-04-14,OSA,MLG,0,0
2009,2010-04-14,SAN,ESP,1,0
2009,2010-04-14,ZAR,MALL,0,1
2009,2010-04-13,GET,VIL,1,0
2009,2010-04-13,SPG,TEN,-1,1
2009,2010-04-13,VLLD,SEV,1,1
2009,2010-04-11,ATHB,ALM,1,-1
2009,2010-04-11,ESP,ATHM,1,-1
2009,2010-04-11,LAC,SAN,0,1
2009,2010-04-11,MALL,VLC,1,0
2009,2010-04-11,OSA,ZAR,1,1
2009,2010-04-10,MLG,SEV,-1,1
2009,2010-04-10,RMA,BARC,-1,0
2009,2010-04-10,TEN,VLLD,0,0
2009,2010-04-10,VIL,SPG,1,1
2009,2010-04-10,XER,GET,-1,-1
2009,2010-04-04,ALM,MALL,0,0
2009,2010-04-04,ATHM,LAC,1,-1
2009,2010-04-04,GET,ESP,0,1
2009,2010-04-04,SAN,RMA,-1,0
2009,2010-04-04,SPG,XER,0,-1
2009,2010-04-04,VLC,OSA,1,0
2009,2010-04-04,VLLD,VIL,-1,1
2009,2010-04-03,BARC,ATHB,1,-1
2009,2010-04-03,SEV,TEN,1,-1
2009,2010-04-03,ZAR,MLG,1,-1
2009,2010-03-29,ATHB,SAN,1,-1
2009,2010-03-28,ESP,SPG,0,0
2009,2010-03-28,LAC,GET,-1,0
2009,2010-03-28,OSA,ALM,1,0
2009,2010-03-28,RMA,ATHM,1,-1
2009,2010-03-28,VIL,SEV,1,1
2009,2010-03-28,XER,VLLD,1,1
2009,2010-03-27,MLG,TEN,0,0
2009,2010-03-27,MALL,BARC,-1,0
2009,2010-03-27,ZAR,VLC,1,-1
2009,2010-03-25,ATHM,ATHB,1,0
2009,2010-03-25,GET,RMA,-1,-1
2009,2010-03-24,ALM,ZAR,1,-1
2009,2010-03-24,BARC,OSA,1,1
2009,2010-03-24,SAN,MALL,0,0
2009,2010-03-24,TEN,VIL,0,0
2009,2010-03-24,VLC,MLG,1,1
2009,2010-03-24,VLLD,ESP,0,0
2009,2010-03-23,SEV,XER,0,-1
2009,2010-03-23,SPG,LAC,1,0
2009,2010-03-21,MLG,VIL,1,0
2009,2010-03-21,MALL,ATHM,1,0
2009,2010-03-21,OSA,SAN,-1,1
2009,2010-03-21,VLC,ALM,1,1
2009,2010-03-21,ZAR,BARC,-1,1
2009,2010-03-20,ATHB,GET,0,-1
2009,2010-03-20,ESP,SEV,1,1
2009,2010-03-20,LAC,VLLD,-1,1
2009,2010-03-20,RMA,SPG,1,1
2009,2010-03-20,XER,TEN,1,1
2009,2010-03-15,ATHM,OSA,1,0
2009,2010-03-14,ALM,MLG,1,1
2009,2010-03-14,BARC,VLC,1,0
2009,2010-03-14,SAN,ZAR,0,0
2009,2010-03-14,TEN,ESP,1,1
2009,2010-03-14,VLLD,RMA,-1,0
2009,2010-03-14,VIL,XER,1,-1
2009,2010-03-13,GET,MALL,1,0
2009,2010-03-13,SEV,LAC,0,0
2009,2010-03-13,SPG,ATHB,0,1
2009,2010-03-08,VLC,SAN,0,-1
2009,2010-03-07,ATHB,VLLD,1,0
2009,2010-03-07,ESP,VIL,0,1
2009,2010-03-07,MLG,XER,-1,-1
2009,2010-03-07,MALL,SPG,1,1
2009,2010-03-07,OSA,GET,0,0
2009,2010-03-07,ZAR,ATHM,0,0
2009,2010-03-06,ALM,BARC,0,0
2009,2010-03-06,LAC,TEN,1,1
2009,2010-03-06,RMA,SEV,1,0
2009,2010-02-28,ATHM,VLC,1,-1
2009,2010-02-28,SAN,ALM,-1,1
2009,2010-02-28,SEV,ATHB,0,0
2009,2010-02-28,SPG,OSA,1,0
2009,2010-02-28,VLLD,MALL,-1,1
2009,2010-02-28,VIL,LAC,1,1
2009,2010-02-28,XER,ESP,0,0
2009,2010-02-27,BARC,MLG,1,1
2009,2010-02-27,GET,ZAR,-1,0
2009,2010-02-27,TEN,RMA,-1,1
2009,2010-02-22,VLC,GET,1,-1
2009,2010-02-21,ALM,ATHM,1,0
2009,2010-02-21,ATHB,TEN,1,1
2009,2010-02-21,MLG,ESP,1,-1
2009,2010-02-21,OSA,VLLD,0,1
2009,2010-02-21,RMA,VIL,1,-1
2009,2010-02-21,ZAR,SPG,-1,1
2009,2010-02-20,BARC,SAN,1,1
2009,2010-02-20,LAC,XER,1,-1
2009,2010-02-20,MALL,SEV,-1,1
2009,2010-02-15,TEN,MALL,1,0
2009,2010-02-14,ATHM,BARC,1,-1
2009,2010-02-14,ESP,LAC,1,0
2009,2010-02-14,GET,ALM,0,0
2009,2010-02-14,SAN,MLG,-1,0
2009,2010-02-14,SEV,OSA,1,1
2009,2010-02-14,VLLD,ZAR,0,0
2009,2010-02-13,SPG,VLC,0,0
2009,2010-02-13,VIL,ATHB,1,1
2009,2010-02-13,XER,RMA,-1,1
2009,2010-02-07,ALM,SPG,1,-1
2009,2010-02-07,ATHB,XER,1,1
2009,2010-02-07,MLG,LAC,0,1
2009,2010-02-07,MALL,VIL,1,-1
2009,2010-02-07,OSA,TEN,1,0
2009,2010-02-07,SAN,ATHM,0,-1
2009,2010-02-07,ZAR,SEV,1,1
2009,2010-02-06,BARC,GET,1,0
2009,2010-02-06,RMA,ESP,1,1
2009,2010-02-06,VLC,VLLD,1,0
2009,2010-01-31,ATHM,MLG,-1,1
2009,2010-01-31,GET,SAN,0,0
2009,2010-01-31,SEV,VLC,1,-1
2009,2010-01-31,TEN,ZAR,-1,0
2009,2010-01-31,VLLD,ALM,0,0
2009,2010-01-31,VIL,OSA,-1,-1
2009,2010-01-31,XER,MALL,1,1
2009,2010-01-30,ESP,ATHB,1,-1
2009,2010-01-30,LAC,RMA,-1,0
2009,2010-01-30,SPG,BARC,-1,-1
2009,2010-01-24,ESP,MALL,0,-1
2009,2010-01-24,GET,ATHM,1,0
2009,2010-01-24,RMA,MLG,1,0
2009,2010-01-24,SPG,SAN,-1,1
2009,2010-01-24,TEN,VLC,0,1
2009,2010-01-24,VIL,ZAR,1,-1
2009,2010-01-24,XER,OSA,-1,1
2009,2010-01-23,LAC,ATHB,1,0
2009,2010-01-23,SEV,ALM,1,-1
2009,2010-01-23,VLLD,BARC,-1,0
2009,2010-01-17,ALM,TEN,0,1
2009,2010-01-17,ATHM,SPG,1,0
2009,2010-01-17,MLG,GET,1,1
2009,2010-01-17,MALL,LAC,1,0
2009,2010-01-17,SAN,VLLD,0,1
2009,2010-01-17,VLC,VIL,1,0
2009,2010-01-17,ZAR,XER,0,-1
2009,2010-01-16,ATHB,RMA,1,1
2009,2010-01-16,BARC,SEV,1,1
2009,2010-01-16,OSA,ESP,1,1
2009,2010-01-10,ESP,ZAR,1,-1
2009,2010-01-10,LAC,OSA,1,0
2009,2010-01-10,MLG,ATHB,0,0
2009,2010-01-10,RMA,MALL,1,1
2009,2010-01-10,SPG,GET,1,1
2009,2010-01-10,TEN,BARC,-1,0
2009,2010-01-10,XER,VLC,-1,-1
2009,2010-01-09,SEV,SAN,-1,-1
2009,2010-01-09,VLLD,ATHM,-1,1
2009,2010-01-09,VIL,ALM,0,1
2009,2010-01-03,ALM,XER,1,1
2009,2010-01-03,GET,VLLD,1,0
2009,2010-01-03,MALL,ATHB,1,-1
2009,2010-01-03,OSA,RMA,0,0
2009,2010-01-03,SAN,TEN,1,1
2009,2010-01-03,SPG,MLG,0,0
2009,2010-01-03,ZAR,LAC,0,0
2009,2010-01-02,ATHM,SEV,1,1
2009,2010-01-02,BARC,VIL,0,1
2009,2010-01-02,VLC,ESP,1,1
2009,2009-12-20,ESP,ALM,1,-1
2009,2009-12-20,LAC,VLC,0,0
2009,2009-12-20,MLG,MALL,1,1
2009,2009-12-20,TEN,ATHM,0,1
2009,2009-12-20,VLLD,SPG,1,-1
2009,2009-12-20,VIL,SAN,1,1
2009,2009-12-19,ATHB,OSA,1,0
2009,2009-12-19,RMA,ZAR,1,-1
2009,2009-12-19,SEV,GET,-1,-1
2009,2009-12-13,ALM,LAC,0,0
2009,2009-12-13,ATHM,VIL,-1,1
2009,2009-12-13,GET,TEN,1,1
2009,2009-12-13,OSA,MALL,-1,0
2009,2009-12-13,SAN,XER,1,1
2009,2009-12-13,SPG,SEV,-1,1
2009,2009-12-13,VLLD,MLG,0,-1
2009,2009-12-12,BARC,ESP,1,1
2009,2009-12-12,VLC,RMA,-1,0
2009,2009-12-12,ZAR,ATHB,-1,0
2009,2009-12-06,ATHB,VLC,-1,1
2009,2009-12-06,ESP,SAN,-1,-1
2009,2009-12-06,MLG,OSA,0,1
2009,2009-12-06,MALL,ZAR,1,-1
2009,2009-12-06,TEN,SPG,1,1
2009,2009-12-06,VIL,GET,1,1
2009,2009-12-05,LAC,BARC,-1,-1
2009,2009-12-05,RMA,ALM,1,0
2009,2009-12-05,SEV,VLLD,0,1
2009,2009-12-05,XER,ATHM,-1,0
2009,2009-12-02,XER,BARC,-1,0
2009,2009-11-29,ALM,ATHB,-1,1
2009,2009-11-29,ATHM,ESP,1,-1
2009,2009-11-29,BARC,RMA,1,1
2009,2009-11-29,GET,XER,1,-1
2009,2009-11-29,SAN,LAC,-1,0
2009,2009-11-29,VLLD,TEN,0,0
2009,2009-11-29,ZAR,OSA,-1,1
2009,2009-11-28,SEV,MLG,0,1
2009,2009-11-28,SPG,VIL,1,0
2009,2009-11-28,VLC,MALL,0,0
2009,2009-11-22,ESP,GET,-1,1
2009,2009-11-22,MLG,ZAR,0,1
2009,2009-11-22,MALL,ALM,1,1
2009,2009-11-22,OSA,VLC,-1,-1
2009,2009-11-22,VIL,VLLD,1,1
2009,2009-11-22,XER,SPG,0,1
2009,2009-11-21,ATHB,BARC,0,0
2009,2009-11-21,LAC,ATHM,1,-1
2009,2009-11-21,RMA,SAN,1,0
2009,2009-11-21,TEN,SEV,-1,1
2009,2009-11-08,ALM,OSA,1,-1
2009,2009-11-08,SAN,ATHB,-1,0
2009,2009-11-08,SEV,VIL,1,-1
2009,2009-11-08,SPG,ESP,1,0
2009,2009-11-08,VLC,ZAR,1,0
2009,2009-11-08,VLLD,XER,0,0
2009,2009-11-07,ATHM,RMA,-1,0
2009,2009-11-07,BARC,MALL,1,-1
2009,2009-11-07,GET,LAC,-1,-1
2009,2009-11-07,TEN,MLG,0,-1
2009,2009-11-01,ESP,VLLD,0,0
2009,2009-11-01,LAC,SPG,0,0
2009,2009-11-01,MLG,VLC,-1,1
2009,2009-11-01,MALL,SAN,1,1
2009,2009-11-01,VIL,TEN,1,0
2009,2009-11-01,ZAR,ALM,1,1
2009,2009-10-31,ATHB,ATHM,1,-1
2009,2009-10-31,OSA,BARC,0,1
2009,2009-10-31,RMA,GET,1,1
2009,2009-10-31,XER,SEV,-1,0
2009,2009-10-25,ALM,VLC,-1,0
2009,2009-10-25,BARC,ZAR,1,0
2009,2009-10-25,GET,ATHB,1,-1
2009,2009-10-25,SAN,OSA,0,-1
2009,2009-10-25,TEN,XER,1,-1
2009,2009-10-25,VLLD,LAC,1,-1
2009,2009-10-25,VIL,MLG,1,-1
2009,2009-10-24,ATHM,MALL,0,0
2009,2009-10-24,SEV,ESP,0,1
2009,2009-10-24,SPG,RMA,0,0
2009,2009-10-18,ATHB,SPG,-1,-1
2009,2009-10-18,ESP,TEN,1,0
2009,2009-10-18,MLG,ALM,-1,1
2009,2009-10-18,MALL,GET,1,1
2009,2009-10-18,OSA,ATHM,1,0
2009,2009-10-18,XER,VIL,1,1
2009,2009-10-18,ZAR,SAN,0,-1
2009,2009-10-17,LAC,SEV,1,0
2009,2009-10-17,RMA,VLLD,1,0
2009,2009-10-17,VLC,BARC,0,0
2009,2009-10-04,GET,OSA,1,1
2009,2009-10-04,SAN,VLC,-1,1
2009,2009-10-04,SEV,RMA,1,1
2009,2009-10-04,SPG,MALL,1,-1
2009,2009-10-04,VLLD,ATHB,0,-1
2009,2009-10-04,VIL,ESP,0,1
2009,2009-10-04,XER,MLG,0,-1
2009,2009-10-03,ATHM,ZAR,1,1
2009,2009-10-03,BARC,ALM,1,-1
2009,2009-10-03,TEN,LAC,-1,-1
2009,2009-09-27,ALM,SAN,0,0
2009,2009-09-27,ESP,XER,0,1
2009,2009-09-27,LAC,VIL,1,-1
2009,2009-09-27,MALL,VLLD,1,-1
2009,2009-09-27,OSA,SPG,1,-1
2009,2009-09-27,ZAR,GET,1,-1
2009,2009-09-26,ATHB,SEV,-1,1
2009,2009-09-26,MLG,BARC,-1,-1
2009,2009-09-26,RMA,TEN,1,0
2009,2009-09-26,VLC,ATHM,0,0
2009,2009-09-24,SPG,ZAR,0,-1
2009,2009-09-23,ATHM,ALM,0,1
2009,2009-09-23,ESP,MLG,1,-1
2009,2009-09-23,GET,VLC,1,-1
2009,2009-09-23,TEN,ATHB,1,-1
2009,2009-09-23,VLLD,OSA,-1,-1
2009,2009-09-23,VIL,RMA,-1,-1
2009,2009-09-23,XER,LAC,-1,-1
2009,2009-09-22,SAN,BARC,-1,1
2009,2009-09-22,SEV,MALL,1,-1
2009,2009-09-20,ALM,GET,1,0
2009,2009-09-20,ATHB,VIL,1,0
2009,2009-09-20,RMA,XER,1,-1
2009,2009-09-20,VLC,SPG,0,0
2009,2009-09-20,ZAR,VLLD,-1,1
2009,2009-09-19,BARC,ATHM,1,-1
2009,2009-09-19,LAC,ESP,-1,0
2009,2009-09-19,MLG,SAN,-1,-1
2009,2009-09-19,MALL,TEN,1,1
2009,2009-09-19,OSA,SEV,-1,-1
2009,2009-09-13,LAC,MLG,1,1
2009,2009-09-13,SPG,ALM,1,-1
2009,2009-09-13,TEN,OSA,1,-1
2009,2009-09-13,VLLD,VLC,-1,0
2009,2009-09-13,VIL,MALL,0,-1
2009,2009-09-13,XER,ATHB,-1,1
2009,2009-09-12,ATHM,SAN,0,-1
2009,2009-09-12,ESP,RMA,-1,1
2009,2009-09-12,GET,BARC,-1,0
2009,2009-09-12,SEV,ZAR,1,1
2009,2009-08-31,BARC,SPG,1,-1
2009,2009-08-30,ALM,VLLD,0,1
2009,2009-08-30,ATHB,ESP,1,1
2009,2009-08-30,MLG,ATHM,1,0
2009,2009-08-30,MALL,XER,1,1
2009,2009-08-30,OSA,VIL,0,1
2009,2009-08-30,SAN,GET,-1,1
2009,2009-08-30,VLC,SEV,1,1
2009,2009-08-29,RMA,LAC,1,-1
2009,2009-08-29,ZAR,TEN,1,0
2008,2009-05-31,BET,VLLD,0,1
2008,2009-05-31,ESP,MLG,1,0
2008,2009-05-31,NUM,SEV,-1,0
2008,2009-05-31,OSA,RMA,1,1
2008,2009-05-31,SAN,GET,0,-1
2008,2009-05-31,SPG,REC,1,0
2008,2009-05-30,ATHM,ALM,1,0
2008,2009-05-30,LAC,BARC,0,0
2008,2009-05-30,MALL,VIL,-1,-1
2008,2009-05-30,VLC,ATHB,1,1
2008,2009-05-24,RMA,MALL,-1,0
2008,2009-05-23,ALM,ESP,-1,0
2008,2009-05-23,ATHB,ATHM,-1,1
2008,2009-05-23,BARC,OSA,-1,-1
2008,2009-05-23,GET,NUM,1,0
2008,2009-05-23,MLG,BET,0,1
2008,2009-05-23,REC,SAN,-1,0
2008,2009-05-23,SEV,LAC,1,-1
2008,2009-05-23,VLLD,SPG,-1,-1
2008,2009-05-23,VIL,VLC,1,1
2008,2009-05-17,ATHM,VLC,1,0
2008,2009-05-17,BET,ALM,1,1
2008,2009-05-17,ESP,ATHB,1,1
2008,2009-05-17,MALL,BARC,1,1
2008,2009-05-17,NUM,REC,1,1
2008,2009-05-17,SAN,VLLD,1,0
2008,2009-05-17,SPG,MLG,1,-1
2008,2009-05-16,LAC,GET,0,1
2008,2009-05-16,OSA,SEV,0,-1
2008,2009-05-16,VIL,RMA,1,0
2008,2009-05-10,ALM,SPG,1,-1
2008,2009-05-10,ATHM,ESP,1,1
2008,2009-05-10,BARC,VIL,0,-1
2008,2009-05-10,GET,OSA,1,-1
2008,2009-05-10,MLG,SAN,1,1
2008,2009-05-10,REC,LAC,-1,0
2008,2009-05-10,VLLD,NUM,0,-1
2008,2009-05-09,ATHB,BET,1,-1
2008,2009-05-09,SEV,MALL,1,0
2008,2009-05-09,VLC,RMA,1,0
2008,2009-05-03,BET,ATHM,-1,0
2008,2009-05-03,ESP,VLC,1,0
2008,2009-05-03,LAC,VLLD,1,0
2008,2009-05-03,MALL,GET,1,-1
2008,2009-05-03,OSA,REC,-1,0
2008,2009-05-03,SAN,ALM,-1,1
2008,2009-05-03,SPG,ATHB,0,0
2008,2009-05-02,NUM,MLG,1,-1
2008,2009-05-02,RMA,BARC,-1,-1
2008,2009-05-02,VIL,SEV,-1,1
2008,2009-04-26,ATHB,SAN,1,-1
2008,2009-04-26,ATHM,SPG,1,-1
2008,2009-04-26,ESP,BET,1,0
2008,2009-04-26,GET,VIL,-1,1
2008,2009-04-26,REC,MALL,-1,1
2008,2009-04-26,SEV,RMA,-1,-1
2008,2009-04-26,VLLD,OSA,0,0
2008,2009-04-25,ALM,NUM,1,1
2008,2009-04-25,MLG,LAC,0,1
2008,2009-04-25,VLC,BARC,0,1
2008,2009-04-23,MALL,VLLD,1,-1
2008,2009-04-23,SAN,ATHM,1,1
2008,2009-04-23,SPG,ESP,-1,-1
2008,2009-04-23,VIL,REC,1,-1
2008,2009-04-22,BARC,SEV,1,0
2008,2009-04-22,BET,VLC,-1,1
2008,2009-04-22,LAC,ALM,1,-1
2008,2009-04-22,OSA,MLG,-1,0
2008,2009-04-21,NUM,ATHB,-1,1
2008,2009-04-21,RMA,GET,1,1
2008,2009-04-19,ALM,OSA,1,1
2008,2009-04-19,BET,SPG,1,-1
2008,2009-04-19,ESP,SAN,1,0
2008,2009-04-19,VLC,SEV,1,-1
2008,2009-04-19,VLLD,VIL,0,0
2008,2009-04-18,ATHB,LAC,-1,1
2008,2009-04-18,ATHM,NUM,1,1
2008,2009-04-18,GET,BARC,-1,0
2008,2009-04-18,MLG,MALL,0,0
2008,2009-04-18,REC,RMA,-1,0
2008,2009-04-12,LAC,ATHM,-1,-1
2008,2009-04-12,MALL,ALM,1,1
2008,2009-04-12,NUM,ESP,0,0
2008,2009-04-12,OSA,ATHB,1,0
2008,2009-04-12,RMA,VLLD,1,1
2008,2009-04-12,SAN,BET,-1,-1
2008,2009-04-12,SEV,GET,-1,0
2008,2009-04-12,SPG,VLC,-1,1
2008,2009-04-11,BARC,REC,1,1
2008,2009-04-11,VIL,MLG,-1,1
2008,2009-04-05,ATHM,OSA,-1,0
2008,2009-04-05,ESP,LAC,1,-1
2008,2009-04-05,SPG,SAN,-1,-1
2008,2009-04-05,VLC,GET,1,1
2008,2009-04-04,ALM,VIL,1,-1
2008,2009-04-04,ATHB,MALL,1,0
2008,2009-04-04,BET,NUM,0,-1
2008,2009-04-04,MLG,RMA,-1,1
2008,2009-04-04,REC,SEV,-1,1
2008,2009-04-04,VLLD,BARC,-1,1
2008,2009-03-22,BARC,MLG,1,0
2008,2009-03-22,GET,REC,1,1
2008,2009-03-22,LAC,BET,0,-1
2008,2009-03-22,MALL,ATHM,1,1
2008,2009-03-22,NUM,SPG,1,1
2008,2009-03-22,OSA,ESP,1,1
2008,2009-03-22,RMA,ALM,1,-1
2008,2009-03-22,SAN,VLC,-1,0
2008,2009-03-21,SEV,VLLD,1,0
2008,2009-03-21,VIL,ATHB,1,1
2008,2009-03-15,ALM,BARC,-1,1
2008,2009-03-15,ATHM,VIL,1,1
2008,2009-03-15,BET,OSA,0,1
2008,2009-03-15,ESP,MALL,0,0
2008,2009-03-15,MLG,SEV,0,0
2008,2009-03-15,SAN,NUM,1,-1
2008,2009-03-15,SPG,LAC,1,1
2008,2009-03-15,VLLD,GET,1,1
2008,2009-03-14,ATHB,RMA,-1,1
2008,2009-03-14,VLC,REC,0,0
2008,2009-03-08,GET,MLG,-1,1
2008,2009-03-08,LAC,SAN,1,1
2008,2009-03-08,MALL,BET,0,1
2008,2009-03-08,NUM,VLC,1,1
2008,2009-03-08,OSA,SPG,-1,-1
2008,2009-03-08,REC,VLLD,-1,-1
2008,2009-03-08,SEV,ALM,1,-1
2008,2009-03-07,BARC,ATHB,1,0
2008,2009-03-07,RMA,ATHM,0,-1
2008,2009-03-07,VIL,ESP,1,0
2008,2009-03-01,ALM,GET,1,0
2008,2009-03-01,ATHM,BARC,1,1
2008,2009-03-01,BET,VIL,0,1
2008,2009-03-01,MLG,REC,-1,-1
2008,2009-03-01,NUM,LAC,-1,-1
2008,2009-03-01,SAN,OSA,0,0
2008,2009-03-01,SPG,MALL,-1,1
2008,2009-03-01,VLC,VLLD,-1,-1
2008,2009-02-28,ATHB,SEV,-1,-1
2008,2009-02-28,ESP,RMA,-1,1
2008,2009-02-22,GET,ATHB,0,0
2008,2009-02-22,LAC,VLC,0,0
2008,2009-02-22,MALL,SAN,1,-1
2008,2009-02-22,OSA,NUM,1,0
2008,2009-02-22,REC,ALM,0,1
2008,2009-02-22,VLLD,MLG,-1,1
2008,2009-02-21,BARC,ESP,-1,0
2008,2009-02-21,RMA,BET,1,0
2008,2009-02-21,SEV,ATHM,1,0
2008,2009-02-21,VIL,SPG,1,1
2008,2009-02-15,ALM,VLLD,1,0
2008,2009-02-15,ATHB,REC,0,1
2008,2009-02-15,ATHM,GET,0,0
2008,2009-02-15,ESP,SEV,-1,1
2008,2009-02-15,NUM,MALL,-1,0
2008,2009-02-15,SAN,VIL,0,-1
2008,2009-02-15,SPG,RMA,-1,-1
2008,2009-02-14,BET,BARC,0,-1
2008,2009-02-14,LAC,OSA,0,0
2008,2009-02-14,VLC,MLG,0,0
2008,2009-02-08,BARC,SPG,1,1
2008,2009-02-08,GET,ESP,0,1
2008,2009-02-08,MLG,ALM,1,1
2008,2009-02-08,MALL,LAC,0,1
2008,2009-02-08,OSA,VLC,1,-1
2008,2009-02-08,REC,ATHM,-1,1
2008,2009-02-08,VLLD,ATHB,1,1
2008,2009-02-08,VIL,NUM,1,0
2008,2009-02-07,RMA,SAN,1,-1
2008,2009-02-07,SEV,BET,-1,0
2008,2009-02-01,ATHM,VLLD,-1,-1
2008,2009-02-01,BET,GET,0,-1
2008,2009-02-01,ESP,REC,0,-1
2008,2009-02-01,LAC,VIL,1,1
2008,2009-02-01,OSA,MALL,1,1
2008,2009-02-01,SAN,BARC,-1,1
2008,2009-02-01,SPG,SEV,1,-1
2008,2009-02-01,VLC,ALM,1,-1
2008,2009-01-31,ATHB,MLG,1,-1
2008,2009-01-31,NUM,RMA,-1,1
2008,2009-01-25,ALM,ATHB,1,0
2008,2009-01-25,GET,SPG,1,0
2008,2009-01-25,MLG,ATHM,0,1
2008,2009-01-25,MALL,VLC,1,0
2008,2009-01-25,RMA,LAC,1,1
2008,2009-01-25,REC,BET,1,1
2008,2009-01-25,SEV,SAN,-1,-1
2008,2009-01-25,VLLD,ESP,0,0
2008,2009-01-24,BARC,NUM,1,1
2008,2009-01-24,VIL,OSA,0,-1
2008,2009-01-18,ALM,ATHM,0,1
2008,2009-01-18,ATHB,VLC,1,1
2008,2009-01-18,GET,SAN,-1,-1
2008,2009-01-18,MLG,ESP,1,1
2008,2009-01-18,RMA,OSA,1,1
2008,2009-01-18,REC,SPG,1,-1
2008,2009-01-18,VLLD,BET,-1,1
2008,2009-01-18,VIL,MALL,1,1
2008,2009-01-17,BARC,LAC,1,1
2008,2009-01-17,SEV,NUM,1,0
2008,2009-01-11,ATHM,ATHB,-1,0
2008,2009-01-11,BET,MLG,-1,0
2008,2009-01-11,ESP,ALM,0,1
2008,2009-01-11,MALL,RMA,-1,1
2008,2009-01-11,NUM,GET,1,0
2008,2009-01-11,OSA,BARC,-1,1
2008,2009-01-11,SAN,REC,0,-1
2008,2009-01-11,SPG,VLLD,1,0
2008,2009-01-10,LAC,SEV,-1,-1
2008,2009-01-10,VLC,VIL,0,1
2008,2009-01-04,ALM,BET,1,-1
2008,2009-01-04,ATHB,ESP,0,1
2008,2009-01-04,GET,LAC,-1,1
2008,2009-01-04,MLG,SPG,1,1
2008,2009-01-04,RMA,VIL,1,-1
2008,2009-01-04,REC,NUM,1,-1
2008,2009-01-04,SEV,OSA,0,-1
2008,2009-01-04,VLLD,SAN,-1,-1
2008,2009-01-03,BARC,MALL,1,0
2008,2009-01-03,VLC,ATHM,1,0
2008,2008-12-21,BET,ATHB,-1,-1
2008,2008-12-21,LAC,REC,1,0
2008,2008-12-21,MALL,SEV,0,0
2008,2008-12-21,NUM,VLLD,1,-1
2008,2008-12-21,OSA,GET,1,0
2008,2008-12-21,SAN,MLG,0,-1
2008,2008-12-21,SPG,ALM,1,-1
2008,2008-12-21,VIL,BARC,-1,1
2008,2008-12-20,ESP,ATHM,-1,0
2008,2008-12-20,RMA,VLC,1,0
2008,2008-12-14,ALM,SAN,0,0
2008,2008-12-14,ATHB,SPG,1,-1
2008,2008-12-14,ATHM,BET,1,-1
2008,2008-12-14,GET,MALL,1,-1
2008,2008-12-14,MLG,NUM,1,0
2008,2008-12-14,REC,OSA,1,0
2008,2008-12-14,SEV,VIL,1,1
2008,2008-12-14,VLLD,LAC,1,0
2008,2008-12-13,BARC,RMA,1,0
2008,2008-12-13,VLC,ESP,1,1
2008,2008-12-07,BET,ESP,0,0
2008,2008-12-07,LAC,MLG,1,-1
2008,2008-12-07,MALL,REC,-1,0
2008,2008-12-07,NUM,ALM,1,0
2008,2008-12-07,OSA,VLLD,0,0
2008,2008-12-07,RMA,SEV,-1,-1
2008,2008-12-07,SAN,ATHB,0,-1
2008,2008-12-06,BARC,VLC,1,0
2008,2008-12-06,SPG,ATHM,-1,1
2008,2008-12-06,VIL,GET,0,-1
2008,2008-11-30,ALM,LAC,-1,-1
2008,2008-11-30,ATHB,NUM,1,0
2008,2008-11-30,ATHM,SAN,1,-1
2008,2008-11-30,ESP,SPG,-1,0
2008,2008-11-30,MLG,OSA,1,0
2008,2008-11-30,REC,VIL,-1,1
2008,2008-11-30,VLC,BET,1,1
2008,2008-11-30,VLLD,MALL,1,-1
2008,2008-11-29,GET,RMA,1,0
2008,2008-11-29,SEV,BARC,-1,-1
2008,2008-11-23,BARC,GET,0,1
2008,2008-11-23,LAC,ATHB,1,0
2008,2008-11-23,MALL,MLG,0,-1
2008,2008-11-23,NUM,ATHM,0,1
2008,2008-11-23,OSA,ALM,1,1
2008,2008-11-23,SAN,ESP,1,0
2008,2008-11-23,SPG,BET,-1,0
2008,2008-11-22,RMA,REC,1,0
2008,2008-11-22,SEV,VLC,0,1
2008,2008-11-22,VIL,VLLD,-1,0
2008,2008-11-16,ALM,MALL,1,1
2008,2008-11-16,ATHB,OSA,1,0
2008,2008-11-16,ATHM,LAC,1,-1
2008,2008-11-16,BET,SAN,1,-1
2008,2008-11-16,ESP,NUM,-1,0
2008,2008-11-16,GET,SEV,-1,1
2008,2008-11-16,MLG,VIL,0,0
2008,2008-11-16,REC,BARC,-1,-1
2008,2008-11-15,VLC,SPG,-1,-1
2008,2008-11-15,VLLD,RMA,1,1
2008,2008-11-09,GET,VLC,-1,0
2008,2008-11-09,LAC,ESP,1,-1
2008,2008-11-09,MALL,ATHB,0,1
2008,2008-11-09,NUM,BET,-1,-1
2008,2008-11-09,OSA,ATHM,0,1
2008,2008-11-09,SAN,SPG,1,1
2008,2008-11-09,SEV,REC,1,-1
2008,2008-11-09,VIL,ALM,1,-1
2008,2008-11-08,BARC,VLLD,1,-1
2008,2008-11-08,RMA,MLG,1,0
2008,2008-11-02,ALM,RMA,0,1
2008,2008-11-02,BET,LAC,-1,-1
2008,2008-11-02,ESP,OSA,1,0
2008,2008-11-02,REC,GET,0,0
2008,2008-11-02,SPG,NUM,1,1
2008,2008-11-02,VLLD,SEV,1,0
2008,2008-11-01,ATHB,VIL,-1,-1
2008,2008-11-01,ATHM,MALL,1,0
2008,2008-11-01,MLG,BARC,-1,-1
2008,2008-11-01,VLC,SAN,-1,1
2008,2008-10-26,GET,VLLD,1,0
2008,2008-10-26,LAC,SPG,-1,1
2008,2008-10-26,MALL,ESP,1,0
2008,2008-10-26,NUM,SAN,1,0
2008,2008-10-26,RMA,ATHB,1,1
2008,2008-10-26,REC,VLC,0,1
2008,2008-10-26,SEV,MLG,-1,0
2008,2008-10-26,VIL,ATHM,0,-1
2008,2008-10-25,BARC,ALM,1,0
2008,2008-10-25,OSA,BET,-1,-1
2008,2008-10-19,ALM,SEV,-1,1
2008,2008-10-19,ATHB,BARC,-1,1
2008,2008-10-19,BET,MALL,1,-1
2008,2008-10-19,MLG,GET,1,-1
2008,2008-10-19,SAN,LAC,0,0
2008,2008-10-19,SPG,OSA,1,1
2008,2008-10-19,VLC,NUM,1,0
2008,2008-10-19,VLLD,REC,0,0
2008,2008-10-18,ATHM,RMA,-1,-1
2008,2008-10-18,ESP,VIL,0,-1
2008,2008-10-05,GET,ALM,0,-1
2008,2008-10-05,LAC,NUM,1,-1
2008,2008-10-05,MALL,SPG,-1,1
2008,2008-10-05,OSA,SAN,-1,0
2008,2008-10-05,RMA,ESP,0,-1
2008,2008-10-05,REC,MLG,-1,1
2008,2008-10-05,SEV,ATHB,1,1
2008,2008-10-05,VLLD,VLC,-1,1
2008,2008-10-04,BARC,ATHM,1,0
2008,2008-10-04,VIL,BET,1,0
2008,2008-09-28,ALM,REC,1,1
2008,2008-09-28,ATHB,GET,-1,-1
2008,2008-09-28,ATHM,SEV,-1,0
2008,2008-09-28,MLG,VLLD,1,1
2008,2008-09-28,NUM,OSA,0,-1
2008,2008-09-28,SAN,MALL,-1,-1
2008,2008-09-28,VLC,LAC,1,1
2008,2008-09-27,BET,RMA,-1,-1
2008,2008-09-27,ESP,BARC,-1,0
2008,2008-09-27,SPG,VIL,-1,-1
2008,2008-09-25,MLG,VLC,-1,0
2008,2008-09-25,MALL,NUM,1,-1
2008,2008-09-25,REC,ATHB,0,1
2008,2008-09-25,VLLD,ALM,1,-1
2008,2008-09-24,BARC,BET,1,-1
2008,2008-09-24,GET,ATHM,-1,1
2008,2008-09-24,OSA,LAC,0,0
2008,2008-09-24,RMA,SPG,1,1
2008,2008-09-24,SEV,ESP,1,1
2008,2008-09-24,VIL,SAN,1,0
2008,2008-09-21,ALM,MLG,1,1
2008,2008-09-21,ATHB,VLLD,1,0
2008,2008-09-21,BET,SEV,0,1
2008,2008-09-21,LAC,MALL,0,0
2008,2008-09-21,NUM,VIL,-1,-1
2008,2008-09-21,SAN,RMA,-1,0
2008,2008-09-21,SPG,BARC,-1,0
2008,2008-09-21,VLC,OSA,1,0
2008,2008-09-20,ATHM,REC,1,0
2008,2008-09-20,ESP,GET,0,1
2008,2008-09-14,ALM,VLC,0,-1
2008,2008-09-14,GET,BET,0,0
2008,2008-09-14,MLG,ATHB,0,1
2008,2008-09-14,MALL,OSA,0,0
2008,2008-09-14,RMA,NUM,1,0
2008,2008-09-14,REC,ESP,-1,-1
2008,2008-09-14,SEV,SPG,1,1
2008,2008-09-14,VIL,LAC,1,-1
2008,2008-09-13,BARC,SAN,0,-1
2008,2008-09-13,VLLD,ATHM,1,-1
2008,2008-08-31,ATHB,ALM,-1,1
2008,2008-08-31,ATHM,MLG,1,0
2008,2008-08-31,BET,REC,-1,-1
2008,2008-08-31,LAC,RMA,1,1
2008,2008-08-31,NUM,BARC,1,-1
2008,2008-08-31,OSA,VIL,0,1
2008,2008-08-31,SAN,SEV,0,0
2008,2008-08-31,SPG,GET,-1,1
2008,2008-08-30,ESP,VLLD,1,0
2008,2008-08-30,VLC,MALL,1,1
2007,2008-05-18,ESP,ALM,-1,1
2007,2008-05-18,GET,BET,0,0
2007,2008-05-18,LAC,VIL,-1,1
2007,2008-05-18,MALL,ZAR,1,1
2007,2008-05-18,RMA,LEVA,1,-1
2007,2008-05-18,REC,VLLD,0,1
2007,2008-05-18,SAN,OSA,1,1
2007,2008-05-18,SEV,ATHB,1,-1
2007,2008-05-18,VLC,ATHM,1,-1
2007,2008-05-17,MUR,BARC,-1,-1
2007,2008-05-11,ALM,REC,-1,0
2007,2008-05-11,ATHB,SAN,0,-1
2007,2008-05-11,ATHM,LAC,1,-1
2007,2008-05-11,BARC,MALL,-1,-1
2007,2008-05-11,BET,SEV,-1,0
2007,2008-05-11,LEVA,VLC,-1,0
2007,2008-05-11,OSA,MUR,1,0
2007,2008-05-11,VLLD,GET,0,-1
2007,2008-05-11,VIL,ESP,1,1
2007,2008-05-11,ZAR,RMA,0,-1
2007,2008-05-08,ESP,ATHM,-1,0
2007,2008-05-07,BET,VLLD,0,1
2007,2008-05-07,GET,ALM,1,-1
2007,2008-05-07,LAC,LEVA,1,0
2007,2008-05-07,MALL,OSA,1,1
2007,2008-05-07,MUR,ATHB,-1,1
2007,2008-05-07,RMA,BARC,1,1
2007,2008-05-07,REC,VIL,-1,1
2007,2008-05-07,SAN,SEV,-1,1
2007,2008-05-07,VLC,ZAR,1,1
2007,2008-05-04,ALM,BET,0,-1
2007,2008-05-04,ATHB,MALL,-1,-1
2007,2008-05-04,BARC,VLC,1,0
2007,2008-05-04,LEVA,ESP,0,-1
2007,2008-05-04,OSA,RMA,-1,0
2007,2008-05-04,SAN,MUR,1,1
2007,2008-05-04,SEV,VLLD,1,1
2007,2008-05-04,VIL,GET,1,0
2007,2008-05-03,ATHM,REC,1,-1
2007,2008-05-03,ZAR,LAC,1,0
2007,2008-04-27,BET,VIL,-1,0
2007,2008-04-27,ESP,ZAR,0,0
2007,2008-04-27,GET,ATHM,0,0
2007,2008-04-27,MALL,SAN,1,0
2007,2008-04-27,RMA,ATHB,1,-1
2007,2008-04-27,REC,LEVA,1,0
2007,2008-04-27,VLC,OSA,1,0
2007,2008-04-27,VLLD,ALM,1,1
2007,2008-04-26,LAC,BARC,1,-1
2007,2008-04-26,MUR,SEV,0,-1
2007,2008-04-20,ATHB,VLC,1,0
2007,2008-04-20,LEVA,GET,1,1
2007,2008-04-20,MUR,MALL,-1,0
2007,2008-04-20,OSA,LAC,-1,1
2007,2008-04-20,SAN,RMA,-1,1
2007,2008-04-20,VIL,VLLD,1,-1
2007,2008-04-19,ATHM,BET,-1,0
2007,2008-04-19,BARC,ESP,0,0
2007,2008-04-19,SEV,ALM,-1,-1
2007,2008-04-19,ZAR,REC,1,0
2007,2008-04-13,ALM,VIL,1,1
2007,2008-04-13,BET,LEVA,-1,-1
2007,2008-04-13,ESP,OSA,-1,0
2007,2008-04-13,GET,ZAR,0,0
2007,2008-04-13,LAC,ATHB,1,1
2007,2008-04-13,MALL,SEV,-1,1
2007,2008-04-13,RMA,MUR,1,0
2007,2008-04-13,VLLD,ATHM,0,1
2007,2008-04-12,REC,BARC,0,0
2007,2008-04-12,VLC,SAN,-1,1
2007,2008-04-06,ATHB,ESP,1,1
2007,2008-04-06,ATHM,ALM,1,-1
2007,2008-04-06,BARC,GET,0,0
2007,2008-04-06,LEVA,VLLD,-1,-1
2007,2008-04-06,MUR,VLC,1,0
2007,2008-04-06,SAN,LAC,-1,1
2007,2008-04-06,SEV,VIL,1,1
2007,2008-04-06,ZAR,BET,-1,-1
2007,2008-04-05,MALL,RMA,0,0
2007,2008-04-05,OSA,REC,-1,1
2007,2008-03-30,ALM,LEVA,1,1
2007,2008-03-30,ESP,SAN,-1,1
2007,2008-03-30,GET,OSA,-1,-1
2007,2008-03-30,LAC,MUR,1,-1
2007,2008-03-30,RMA,SEV,1,1
2007,2008-03-30,REC,ATHB,0,0
2007,2008-03-30,VLC,MALL,-1,1
2007,2008-03-30,VLLD,ZAR,1,-1
2007,2008-03-29,BET,BARC,1,0
2007,2008-03-29,VIL,ATHM,1,0
2007,2008-03-23,ATHB,GET,1,0
2007,2008-03-23,BARC,VLLD,1,0
2007,2008-03-23,LEVA,VIL,-1,-1
2007,2008-03-23,MUR,ESP,1,1
2007,2008-03-23,OSA,BET,-1,0
2007,2008-03-23,RMA,VLC,-1,1
2007,2008-03-23,SAN,REC,1,0
2007,2008-03-23,ZAR,ALM,0,0
2007,2008-03-22,MALL,LAC,1,-1
2007,2008-03-22,SEV,ATHM,-1,-1
2007,2008-03-16,ALM,BARC,0,0
2007,2008-03-16,ATHM,LEVA,1,-1
2007,2008-03-16,ESP,MALL,1,0
2007,2008-03-16,GET,SAN,1,0
2007,2008-03-16,VLLD,OSA,0,-1
2007,2008-03-16,VIL,ZAR,1,0
2007,2008-03-15,BET,ATHB,-1,0
2007,2008-03-15,LAC,RMA,1,1
2007,2008-03-15,REC,MUR,1,1
2007,2008-03-15,VLC,SEV,-1,1
2007,2008-03-09,ATHB,VLLD,1,1
2007,2008-03-09,BARC,VIL,-1,0
2007,2008-03-09,MALL,REC,1,0
2007,2008-03-09,MUR,GET,-1,0
2007,2008-03-09,OSA,ALM,1,-1
2007,2008-03-09,SAN,BET,1,1
2007,2008-03-09,SEV,LEVA,1,0
2007,2008-03-09,VLC,LAC,0,-1
2007,2008-03-08,RMA,ESP,1,-1
2007,2008-03-08,ZAR,ATHM,1,-1
2007,2008-03-02,ALM,ATHB,0,0
2007,2008-03-02,BET,MUR,1,-1
2007,2008-03-02,GET,MALL,0,1
2007,2008-03-02,LEVA,ZAR,1,-1
2007,2008-03-02,VLLD,SAN,-1,-1
2007,2008-03-02,VIL,OSA,0,1
2007,2008-03-01,ATHM,BARC,1,0
2007,2008-03-01,ESP,VLC,1,1
2007,2008-03-01,LAC,SEV,1,1
2007,2008-03-01,REC,RMA,-1,0
2007,2008-02-24,ATHB,VIL,-1,1
2007,2008-02-24,BARC,LEVA,1,-1
2007,2008-02-24,LAC,ESP,1,1
2007,2008-02-24,MALL,BET,0,-1
2007,2008-02-24,MUR,VLLD,-1,-1
2007,2008-02-24,OSA,ATHM,1,0
2007,2008-02-24,RMA,GET,-1,-1
2007,2008-02-24,SAN,ALM,1,0
2007,2008-02-23,SEV,ZAR,1,0
2007,2008-02-23,VLC,REC,0,0
2007,2008-02-17,ALM,MUR,1,1
2007,2008-02-17,ATHM,ATHB,-1,1
2007,2008-02-17,GET,VLC,0,-1
2007,2008-02-17,LEVA,OSA,1,0
2007,2008-02-17,REC,LAC,1,-1
2007,2008-02-17,VLLD,MALL,0,0
2007,2008-02-17,VIL,SAN,0,0
2007,2008-02-16,BET,RMA,1,0
2007,2008-02-16,ESP,SEV,-1,0
2007,2008-02-16,ZAR,BARC,-1,1
2007,2008-02-10,ATHB,LEVA,1,0
2007,2008-02-10,ESP,REC,-1,1
2007,2008-02-10,MALL,ALM,0,0
2007,2008-02-10,OSA,ZAR,1,0
2007,2008-02-10,RMA,VLLD,1,-1
2007,2008-02-10,SAN,ATHM,-1,-1
2007,2008-02-10,VLC,BET,1,-1
2007,2008-02-09,LAC,GET,0,0
2007,2008-02-09,MUR,VIL,-1,-1
2007,2008-02-09,SEV,BARC,0,0
2007,2008-02-03,ATHM,MUR,0,1
2007,2008-02-03,BARC,OSA,1,-1
2007,2008-02-03,GET,ESP,-1,0
2007,2008-02-03,LEVA,SAN,0,0
2007,2008-02-03,REC,SEV,-1,0
2007,2008-02-03,VLLD,VLC,-1,1
2007,2008-02-03,VIL,MALL,0,1
2007,2008-02-03,ZAR,ATHB,1,1
2007,2008-02-02,ALM,RMA,1,1
2007,2008-02-02,BET,LAC,-1,0
2007,2008-01-27,ATHB,BARC,0,1
2007,2008-01-27,ESP,BET,-1,0
2007,2008-01-27,LAC,VLLD,1,1
2007,2008-01-27,MALL,ATHM,1,1
2007,2008-01-27,MUR,LEVA,-1,-1
2007,2008-01-27,RMA,VIL,1,1
2007,2008-01-27,REC,GET,-1,1
2007,2008-01-27,SAN,ZAR,0,1
2007,2008-01-27,VLC,ALM,-1,1
2007,2008-01-26,SEV,OSA,1,-1
2007,2008-01-20,ALM,LAC,1,1
2007,2008-01-20,ATHM,RMA,-1,1
2007,2008-01-20,BARC,SAN,1,-1
2007,2008-01-20,BET,REC,0,0
2007,2008-01-20,LEVA,MALL,0,0
2007,2008-01-20,OSA,ATHB,1,-1
2007,2008-01-20,VLLD,ESP,1,1
2007,2008-01-20,ZAR,MUR,1,1
2007,2008-01-19,GET,SEV,1,-1
2007,2008-01-19,VIL,VLC,1,-1
2007,2008-01-13,ALM,ESP,1,-1
2007,2008-01-13,ATHM,VLC,1,0
2007,2008-01-13,BET,GET,1,-1
2007,2008-01-13,LEVA,RMA,-1,0
2007,2008-01-13,OSA,SAN,-1,0
2007,2008-01-13,VLLD,REC,1,-1
2007,2008-01-13,VIL,LAC,1,-1
2007,2008-01-13,ZAR,MALL,0,1
2007,2008-01-12,ATHB,SEV,1,0
2007,2008-01-12,BARC,MUR,1,-1
2007,2008-01-06,GET,VLLD,-1,0
2007,2008-01-06,LAC,ATHM,-1,1
2007,2008-01-06,MUR,OSA,1,1
2007,2008-01-06,RMA,ZAR,1,-1
2007,2008-01-06,REC,ALM,0,-1
2007,2008-01-06,SAN,ATHB,1,-1
2007,2008-01-06,SEV,BET,1,0
2007,2008-01-06,VLC,LEVA,0,1
2007,2008-01-05,ESP,VIL,1,1
2007,2008-01-05,MALL,BARC,-1,1
2007,2007-12-23,ATHB,MUR,0,1
2007,2007-12-23,ATHM,ESP,-1,1
2007,2007-12-23,BARC,RMA,-1,0
2007,2007-12-23,LEVA,LAC,-1,1
2007,2007-12-23,OSA,MALL,1,1
2007,2007-12-23,VLLD,BET,0,-1
2007,2007-12-23,VIL,REC,0,0
2007,2007-12-22,ALM,GET,-1,0
2007,2007-12-22,SEV,SAN,1,0
2007,2007-12-22,ZAR,VLC,0,0
2007,2007-12-16,BET,ALM,1,0
2007,2007-12-16,GET,VIL,-1,-1
2007,2007-12-16,LAC,ZAR,0,0
2007,2007-12-16,MALL,ATHB,0,0
2007,2007-12-16,MUR,SAN,1,1
2007,2007-12-16,RMA,OSA,1,1
2007,2007-12-16,REC,ATHM,0,-1
2007,2007-12-16,VLLD,SEV,0,1
2007,2007-12-15,ESP,LEVA,1,1
2007,2007-12-15,VLC,BARC,-1,0
2007,2007-12-09,ALM,VLLD,1,0
2007,2007-12-09,ATHM,GET,1,0
2007,2007-12-09,BARC,LAC,1,-1
2007,2007-12-09,LEVA,REC,-1,-1
2007,2007-12-09,SAN,MALL,1,1
2007,2007-12-09,SEV,MUR,1,0
2007,2007-12-09,VIL,BET,-1,-1
2007,2007-12-09,ZAR,ESP,0,0
2007,2007-12-08,ATHB,RMA,-1,0
2007,2007-12-08,OSA,VLC,0,0
2007,2007-12-05,OSA,SEV,0,0
2007,2007-12-02,BET,ATHM,-1,-1
2007,2007-12-02,GET,LEVA,1,-1
2007,2007-12-02,LAC,OSA,-1,0
2007,2007-12-02,MALL,MUR,0,-1
2007,2007-12-02,REC,ZAR,1,1
2007,2007-12-02,VLC,ATHB,-1,0
2007,2007-12-02,VLLD,VIL,1,1
2007,2007-12-01,ALM,SEV,1,1
2007,2007-12-01,ESP,BARC,0,-1
2007,2007-12-01,RMA,SAN,1,-1
2007,2007-11-25,ATHB,LAC,0,1
2007,2007-11-25,ATHM,VLLD,1,1
2007,2007-11-25,LEVA,BET,1,1
2007,2007-11-25,OSA,ESP,-1,0
2007,2007-11-25,SAN,VLC,1,1
2007,2007-11-25,VIL,ALM,0,1
2007,2007-11-25,ZAR,GET,0,0
2007,2007-11-24,BARC,REC,1,-1
2007,2007-11-24,MUR,RMA,0,-1
2007,2007-11-24,SEV,MALL,-1,1
2007,2007-11-11,ALM,ATHM,0,1
2007,2007-11-11,BET,ZAR,1,-1
2007,2007-11-11,ESP,ATHB,1,0
2007,2007-11-11,LAC,SAN,-1,0
2007,2007-11-11,RMA,MALL,1,0
2007,2007-11-11,REC,OSA,1,-1
2007,2007-11-11,VLLD,LEVA,1,0
2007,2007-11-11,VIL,SEV,1,-1
2007,2007-11-10,GET,BARC,1,1
2007,2007-11-10,VLC,MUR,1,-1
2007,2007-11-04,ATHB,REC,1,-1
2007,2007-11-04,ATHM,VIL,-1,1
2007,2007-11-04,BARC,BET,1,1
2007,2007-11-04,LEVA,ALM,1,1
2007,2007-11-04,MUR,LAC,-1,0
2007,2007-11-04,OSA,GET,-1,-1
2007,2007-11-04,SAN,ESP,0,-1
2007,2007-11-04,ZAR,VLLD,-1,1
2007,2007-11-03,MALL,VLC,-1,-1
2007,2007-11-03,SEV,RMA,1,0
2007,2007-11-01,ESP,MUR,0,1
2007,2007-11-01,VLLD,BARC,0,1
2007,2007-10-31,ALM,ZAR,-1,-1
2007,2007-10-31,ATHM,SEV,1,0
2007,2007-10-31,BET,OSA,-1,0
2007,2007-10-31,GET,ATHB,1,-1
2007,2007-10-31,LAC,MALL,0,0
2007,2007-10-31,REC,SAN,0,-1
2007,2007-10-31,VLC,RMA,-1,1
2007,2007-10-31,VIL,LEVA,1,1
2007,2007-10-28,BARC,ALM,1,1
2007,2007-10-28,LEVA,ATHM,-1,-1
2007,2007-10-28,MUR,REC,1,-1
2007,2007-10-28,OSA,VLLD,0,0
2007,2007-10-28,SAN,GET,1,0
2007,2007-10-28,SEV,VLC,1,-1
2007,2007-10-28,ZAR,VIL,1,0
2007,2007-10-27,ATHB,BET,0,-1
2007,2007-10-27,MALL,ESP,0,0
2007,2007-10-27,RMA,LAC,1,1
2007,2007-10-21,ALM,OSA,1,1
2007,2007-10-21,ATHM,ZAR,1,-1
2007,2007-10-21,BET,SAN,0,1
2007,2007-10-21,GET,MUR,1,-1
2007,2007-10-21,REC,MALL,-1,0
2007,2007-10-21,VLLD,ATHB,-1,0
2007,2007-10-20,ESP,RMA,1,1
2007,2007-10-20,LAC,VLC,-1,0
2007,2007-10-20,LEVA,SEV,-1,1
2007,2007-10-20,VIL,BARC,1,0
2007,2007-10-07,ATHB,ALM,0,-1
2007,2007-10-07,BARC,ATHM,1,1
2007,2007-10-07,MALL,GET,1,1
2007,2007-10-07,MUR,BET,0,0
2007,2007-10-07,OSA,VIL,1,-1
2007,2007-10-07,RMA,REC,1,1
2007,2007-10-07,SAN,VLLD,1,0
2007,2007-10-07,SEV,LAC,-1,0
2007,2007-10-07,ZAR,LEVA,1,-1
2007,2007-10-06,VLC,ESP,-1,1
2007,2007-09-30,ALM,SAN,-1,1
2007,2007-09-30,ATHM,OSA,1,1
2007,2007-09-30,BET,MALL,1,0
2007,2007-09-30,ESP,LAC,1,0
2007,2007-09-30,GET,RMA,-1,-1
2007,2007-09-30,REC,VLC,-1,0
2007,2007-09-30,VLLD,MUR,-1,0
2007,2007-09-30,VIL,ATHB,1,0
2007,2007-09-29,LEVA,BARC,-1,1
2007,2007-09-29,ZAR,SEV,1,-1
2007,2007-09-27,RMA,BET,1,1
2007,2007-09-26,ATHB,ATHM,-1,1
2007,2007-09-26,BARC,ZAR,1,-1
2007,2007-09-26,LAC,REC,-1,1
2007,2007-09-26,MALL,VLLD,1,1
2007,2007-09-26,MUR,ALM,-1,1
2007,2007-09-26,OSA,LEVA,1,1
2007,2007-09-26,SAN,VIL,-1,1
2007,2007-09-26,VLC,GET,1,-1
2007,2007-09-25,SEV,ESP,-1,1
2007,2007-09-23,ALM,MALL,0,0
2007,2007-09-23,ATHM,SAN,1,0
2007,2007-09-23,BET,VLC,-1,-1
2007,2007-09-23,GET,LAC,0,1
2007,2007-09-23,LEVA,ATHB,-1,0
2007,2007-09-23,VLLD,RMA,0,0
2007,2007-09-23,VIL,MUR,1,1
2007,2007-09-23,ZAR,OSA,1,1
2007,2007-09-22,BARC,SEV,1,-1
2007,2007-09-22,REC,ESP,1,1
2007,2007-09-16,ESP,GET,1,0
2007,2007-09-16,LAC,BET,1,1
2007,2007-09-16,MALL,VIL,-1,-1
2007,2007-09-16,MUR,ATHM,0,0
2007,2007-09-16,OSA,BARC,0,-1
2007,2007-09-16,SAN,LEVA,1,0
2007,2007-09-16,SEV,REC,1,1
2007,2007-09-15,ATHB,ZAR,0,-1
2007,2007-09-15,RMA,ALM,1,0
2007,2007-09-15,VLC,VLLD,1,1
2007,2007-09-02,ALM,VLC,-1,0
2007,2007-09-02,ATHM,MALL,0,1
2007,2007-09-02,BARC,ATHB,1,-1
2007,2007-09-02,BET,ESP,0,-1
2007,2007-09-02,GET,REC,0,0
2007,2007-09-02,VLLD,LAC,0,-1
2007,2007-09-02,VIL,RMA,-1,0
2007,2007-09-01,LEVA,MUR,0,1
2007,2007-09-01,ZAR,SAN,0,1
2007,2007-08-26,ATHB,OSA,0,0
2007,2007-08-26,ESP,VLLD,-1,-1
2007,2007-08-26,LAC,ALM,-1,-1
2007,2007-08-26,MALL,LEVA,1,0
2007,2007-08-26,MUR,ZAR,1,-1
2007,2007-08-26,REC,BET,0,-1
2007,2007-08-26,SAN,BARC,0,1
2007,2007-08-26,VLC,VIL,-1,0
2007,2007-08-25,RMA,ATHM,1,-1
2007,2007-08-25,SEV,GET,1,0
2005,2006-05-20,ATHB,BARC,1,0
2005,2006-05-16,OSA,VLC,1,1
2005,2006-05-16,SEV,RMA,1,1
2005,2006-05-13,ALA,LAC,1,1
2005,2006-05-13,ATHM,BET,0,-1
2005,2006-05-13,CAD,MLG,1,0
2005,2006-05-13,CEL,GET,1,0
2005,2006-05-13,ESP,RSO,1,-1
2005,2006-05-13,MALL,ZAR,1,1
2005,2006-05-13,SEV,BARC,1,-1
2005,2006-05-13,VIL,SAN,1,-1
2005,2006-05-07,BET,MALL,1,0
2005,2006-05-07,GET,CAD,1,0
2005,2006-05-07,LAC,ATHB,-1,0
2005,2006-05-07,RMA,VIL,0,0
2005,2006-05-07,SAN,OSA,1,-1
2005,2006-05-07,RSO,CEL,0,0
2005,2006-05-07,ZAR,ALA,1,0
2005,2006-05-06,BARC,ESP,1,-1
2005,2006-05-06,MLG,SEV,-1,-1
2005,2006-05-06,VLC,ATHM,0,1
2005,2006-05-04,SAN,RMA,-1,1
2005,2006-05-03,ALA,BET,1,1
2005,2006-05-03,ATHB,ZAR,1,1
2005,2006-05-03,ATHM,OSA,-1,1
2005,2006-05-03,CAD,RSO,0,0
2005,2006-05-03,CEL,BARC,-1,1
2005,2006-05-03,ESP,LAC,-1,0
2005,2006-05-03,MALL,VLC,1,-1
2005,2006-05-03,SEV,GET,1,-1
2005,2006-05-03,VIL,MLG,1,0
2005,2006-04-30,ATHM,MALL,-1,-1
2005,2006-04-30,GET,VIL,0,0
2005,2006-04-30,MLG,SAN,-1,-1
2005,2006-04-30,OSA,RMA,-1,1
2005,2006-04-30,RSO,SEV,-1,-1
2005,2006-04-30,VLC,ALA,1,1
2005,2006-04-30,ZAR,ESP,0,-1
2005,2006-04-29,BARC,CAD,1,1
2005,2006-04-29,BET,ATHB,0,-1
2005,2006-04-29,LAC,CEL,-1,1
2005,2006-04-23,ATHB,VLC,-1,0
2005,2006-04-23,CAD,LAC,0,0
2005,2006-04-23,ESP,BET,1,0
2005,2006-04-23,MALL,OSA,-1,0
2005,2006-04-23,RMA,MLG,1,0
2005,2006-04-23,SAN,GET,-1,-1
2005,2006-04-22,ALA,ATHM,-1,-1
2005,2006-04-22,CEL,ZAR,1,0
2005,2006-04-22,VIL,RSO,-1,1
2005,2006-04-16,ATHM,ATHB,1,-1
2005,2006-04-16,BET,CEL,-1,-1
2005,2006-04-16,GET,RMA,0,0
2005,2006-04-16,OSA,MLG,0,0
2005,2006-04-16,VLC,ESP,1,1
2005,2006-04-16,ZAR,CAD,-1,1
2005,2006-04-15,LAC,SEV,0,0
2005,2006-04-15,MALL,ALA,0,1
2005,2006-04-15,RSO,SAN,1,1
2005,2006-04-14,BARC,VIL,1,1
2005,2006-04-09,ALA,OSA,-1,1
2005,2006-04-09,ATHB,MALL,0,0
2005,2006-04-09,ESP,ATHM,0,-1
2005,2006-04-09,SAN,BARC,0,1
2005,2006-04-09,SEV,ZAR,0,1
2005,2006-04-09,VIL,LAC,0,1
2005,2006-04-08,CAD,BET,0,1
2005,2006-04-08,CEL,VLC,-1,-1
2005,2006-04-08,MLG,GET,-1,1
2005,2006-04-08,RMA,RSO,0,0
2005,2006-04-02,ALA,ATHB,0,0
2005,2006-04-02,ATHM,CEL,-1,-1
2005,2006-04-02,BET,SEV,1,0
2005,2006-04-02,LAC,SAN,1,0
2005,2006-04-02,MALL,ESP,0,0
2005,2006-04-02,OSA,GET,-1,1
2005,2006-04-02,VLC,CAD,1,0
2005,2006-04-01,BARC,RMA,0,-1
2005,2006-04-01,RSO,MLG,1,0
2005,2006-04-01,ZAR,VIL,-1,1
2005,2006-03-26,CAD,ATHM,0,1
2005,2006-03-26,CEL,MALL,1,-1
2005,2006-03-26,ESP,ALA,0,-1
2005,2006-03-26,GET,RSO,1,1
2005,2006-03-26,RMA,LAC,1,0
2005,2006-03-26,SAN,ZAR,0,-1
2005,2006-03-26,SEV,VLC,1,0
2005,2006-03-25,ATHB,OSA,1,1
2005,2006-03-25,MLG,BARC,0,-1
2005,2006-03-25,VIL,BET,-1,1
2005,2006-03-23,ATHM,SEV,-1,1
2005,2006-03-22,ALA,CEL,1,1
2005,2006-03-22,ATHB,ESP,0,1
2005,2006-03-22,BET,SAN,1,1
2005,2006-03-22,LAC,MLG,1,1
2005,2006-03-22,MALL,CAD,1,1
2005,2006-03-22,OSA,RSO,1,1
2005,2006-03-22,VLC,VIL,0,1
2005,2006-03-22,ZAR,RMA,0,0
2005,2006-03-21,BARC,GET,1,-1
2005,2006-03-19,CAD,ALA,0,0
2005,2006-03-19,CEL,ATHB,-1,0
2005,2006-03-19,ESP,OSA,-1,-1
2005,2006-03-19,MLG,ZAR,-1,0
2005,2006-03-19,RMA,BET,0,-1
2005,2006-03-19,SAN,VLC,1,0
2005,2006-03-19,SEV,MALL,0,0
2005,2006-03-18,GET,LAC,-1,1
2005,2006-03-18,RSO,BARC,-1,1
2005,2006-03-18,VIL,ATHM,0,1
2005,2006-03-12,ALA,SEV,1,-1
2005,2006-03-12,ATHB,CAD,1,0
2005,2006-03-12,ATHM,SAN,1,1
2005,2006-03-12,BET,MLG,0,0
2005,2006-03-12,MALL,VIL,0,-1
2005,2006-03-12,OSA,BARC,1,0
2005,2006-03-12,ZAR,GET,-1,0
2005,2006-03-11,ESP,CEL,1,0
2005,2006-03-11,LAC,RSO,-1,-1
2005,2006-03-11,VLC,RMA,0,1
2005,2006-03-05,CEL,OSA,1,0
2005,2006-03-05,GET,BET,1,1
2005,2006-03-05,MLG,VLC,0,1
2005,2006-03-05,SAN,MALL,0,0
2005,2006-03-05,SEV,ATHB,1,0
2005,2006-03-05,RSO,ZAR,-1,0
2005,2006-03-04,BARC,LAC,1,1
2005,2006-03-04,CAD,ESP,1,1
2005,2006-03-04,RMA,ATHM,1,-1
2005,2006-03-04,VIL,ALA,1,0
2005,2006-02-26,ALA,SAN,0,-1
2005,2006-02-26,ATHB,VIL,0,0
2005,2006-02-26,BET,RSO,1,-1
2005,2006-02-26,CEL,CAD,1,-1
2005,2006-02-26,ESP,SEV,1,-1
2005,2006-02-26,MALL,RMA,1,-1
2005,2006-02-26,OSA,LAC,-1,1
2005,2006-02-26,VLC,GET,0,-1
2005,2006-02-25,ATHM,MLG,1,0
2005,2006-02-25,ZAR,BARC,-1,-1
2005,2006-02-19,CAD,OSA,-1,1
2005,2006-02-19,GET,ATHM,-1,-1
2005,2006-02-19,LAC,ZAR,0,1
2005,2006-02-19,MLG,MALL,-1,0
2005,2006-02-19,SAN,ATHB,-1,1
2005,2006-02-19,RSO,VLC,-1,1
2005,2006-02-18,BARC,BET,1,-1
2005,2006-02-18,RMA,ALA,1,1
2005,2006-02-18,SEV,CEL,1,-1
2005,2006-02-18,VIL,ESP,1,1
2005,2006-02-12,ALA,MLG,1,0
2005,2006-02-12,ATHM,RSO,1,-1
2005,2006-02-12,BET,LAC,-1,0
2005,2006-02-12,CEL,VIL,1,-1
2005,2006-02-12,ESP,SAN,-1,0
2005,2006-02-12,MALL,GET,0,-1
2005,2006-02-12,VLC,BARC,1,-1
2005,2006-02-11,ATHB,RMA,-1,0
2005,2006-02-11,CAD,SEV,-1,-1
2005,2006-02-11,OSA,ZAR,0,-1
2005,2006-02-05,BARC,ATHM,-1,-1
2005,2006-02-05,GET,ALA,0,-1
2005,2006-02-05,SAN,CEL,-1,0
2005,2006-02-05,SEV,OSA,-1,1
2005,2006-02-05,RSO,MALL,1,-1
2005,2006-02-05,VIL,CAD,0,0
2005,2006-02-05,ZAR,BET,1,0
2005,2006-02-04,LAC,VLC,-1,1
2005,2006-02-04,MLG,ATHB,1,-1
2005,2006-02-04,RMA,ESP,1,-1
2005,2006-01-29,ALA,RSO,1,0
2005,2006-01-29,CEL,RMA,-1,-1
2005,2006-01-29,ESP,MLG,1,-1
2005,2006-01-29,MALL,BARC,-1,0
2005,2006-01-29,OSA,BET,-1,1
2005,2006-01-29,SEV,VIL,1,1
2005,2006-01-29,VLC,ZAR,0,0
2005,2006-01-28,ATHB,GET,1,0
2005,2006-01-28,ATHM,LAC,1,0
2005,2006-01-28,CAD,SAN,0,-1
2005,2006-01-22,BARC,ALA,1,-1
2005,2006-01-22,BET,VLC,-1,-1
2005,2006-01-22,GET,ESP,1,-1
2005,2006-01-22,LAC,MALL,0,1
2005,2006-01-22,MLG,CEL,-1,-1
2005,2006-01-22,SAN,SEV,-1,0
2005,2006-01-22,RSO,ATHB,0,0
2005,2006-01-22,VIL,OSA,1,-1
2005,2006-01-21,RMA,CAD,1,1
2005,2006-01-21,ZAR,ATHM,-1,0
2005,2006-01-15,BARC,ATHB,1,0
2005,2006-01-15,GET,CEL,0,-1
2005,2006-01-15,LAC,ALA,-1,1
2005,2006-01-15,MLG,CAD,-1,0
2005,2006-01-15,RMA,SEV,1,-1
2005,2006-01-15,SAN,VIL,1,-1
2005,2006-01-15,RSO,ESP,-1,-1
2005,2006-01-15,ZAR,MALL,1,0
2005,2006-01-14,BET,ATHM,1,0
2005,2006-01-14,VLC,OSA,1,1
2005,2006-01-08,ALA,ZAR,-1,-1
2005,2006-01-08,ATHM,VLC,0,0
2005,2006-01-08,CAD,GET,1,0
2005,2006-01-08,CEL,RSO,1,1
2005,2006-01-08,MALL,BET,0,1
2005,2006-01-08,OSA,SAN,0,0
2005,2006-01-08,SEV,MLG,1,0
2005,2006-01-08,VIL,RMA,0,0
2005,2006-01-07,ATHB,LAC,-1,0
2005,2006-01-07,ESP,BARC,-1,0
2005,2005-12-22,OSA,ATHM,1,0
2005,2005-12-21,BET,ALA,1,0
2005,2005-12-21,GET,SEV,1,-1
2005,2005-12-21,LAC,ESP,-1,1
2005,2005-12-21,MLG,VIL,0,-1
2005,2005-12-21,RMA,SAN,-1,-1
2005,2005-12-21,RSO,CAD,1,0
2005,2005-12-21,VLC,MALL,1,0
2005,2005-12-21,ZAR,ATHB,1,1
2005,2005-12-20,BARC,CEL,1,0
2005,2005-12-18,ALA,VLC,-1,-1
2005,2005-12-18,ESP,ZAR,0,-1
2005,2005-12-18,MALL,ATHM,0,-1
2005,2005-12-18,RMA,OSA,0,0
2005,2005-12-18,SAN,MLG,0,0
2005,2005-12-18,SEV,RSO,1,1
2005,2005-12-18,VIL,GET,1,0
2005,2005-12-17,ATHB,BET,1,-1
2005,2005-12-17,CAD,BARC,-1,1
2005,2005-12-17,CEL,LAC,-1,0
2005,2005-12-11,ATHM,ALA,0,-1
2005,2005-12-11,BARC,SEV,1,0
2005,2005-12-11,BET,ESP,0,0
2005,2005-12-11,GET,SAN,-1,0
2005,2005-12-11,LAC,CAD,1,0
2005,2005-12-11,MLG,RMA,-1,-1
2005,2005-12-11,OSA,MALL,1,-1
2005,2005-12-11,ZAR,CEL,1,1
2005,2005-12-10,RSO,VIL,-1,1
2005,2005-12-10,VLC,ATHB,0,-1
2005,2005-12-04,ALA,MALL,-1,1
2005,2005-12-04,CAD,ZAR,-1,0
2005,2005-12-04,ESP,VLC,-1,-1
2005,2005-12-04,MLG,OSA,-1,-1
2005,2005-12-04,SAN,RSO,0,0
2005,2005-12-04,SEV,LAC,-1,1
2005,2005-12-04,VIL,BARC,-1,0
2005,2005-12-03,ATHB,ATHM,0,-1
2005,2005-12-03,CEL,BET,1,0
2005,2005-12-03,RMA,GET,1,-1
2005,2005-11-27,ATHM,ESP,0,1
2005,2005-11-27,BARC,SAN,1,-1
2005,2005-11-27,BET,CAD,0,-1
2005,2005-11-27,GET,MLG,1,-1
2005,2005-11-27,LAC,VIL,-1,-1
2005,2005-11-27,OSA,ALA,1,1
2005,2005-11-27,RSO,RMA,0,1
2005,2005-11-27,ZAR,SEV,-1,1
2005,2005-11-26,MALL,ATHB,-1,1
2005,2005-11-26,VLC,CEL,1,0
2005,2005-11-20,ATHB,ALA,-1,1
2005,2005-11-20,CAD,VLC,-1,1
2005,2005-11-20,CEL,ATHM,1,0
2005,2005-11-20,ESP,MALL,1,-1
2005,2005-11-20,MLG,RSO,1,0
2005,2005-11-20,SAN,LAC,-1,-1
2005,2005-11-19,GET,OSA,0,0
2005,2005-11-19,RMA,BARC,-1,1
2005,2005-11-19,SEV,BET,1,-1
2005,2005-11-19,VIL,ZAR,0,0
2005,2005-11-06,CAD,MALL,-1,1
2005,2005-11-06,CEL,ALA,1,0
2005,2005-11-06,GET,BARC,-1,1
2005,2005-11-06,MLG,LAC,0,-1
2005,2005-11-06,RMA,ZAR,1,0
2005,2005-11-06,SAN,BET,0,0
2005,2005-11-06,SEV,ATHM,0,0
2005,2005-11-05,ESP,ATHB,0,0
2005,2005-11-05,RSO,OSA,-1,-1
2005,2005-11-05,VIL,VLC,1,-1
2005,2005-10-30,ALA,CAD,0,-1
2005,2005-10-30,ATHM,VIL,0,1
2005,2005-10-30,BARC,RSO,1,-1
2005,2005-10-30,LAC,GET,1,0
2005,2005-10-30,MALL,SEV,0,0
2005,2005-10-30,OSA,ESP,1,-1
2005,2005-10-30,VLC,SAN,0,0
2005,2005-10-30,ZAR,MLG,0,1
2005,2005-10-29,ATHB,CEL,0,0
2005,2005-10-29,BET,RMA,-1,0
2005,2005-10-27,ALA,ESP,0,1
2005,2005-10-27,ATHM,CAD,1,-1
2005,2005-10-27,RSO,GET,1,1
2005,2005-10-27,VLC,SEV,-1,0
2005,2005-10-27,ZAR,SAN,0,0
2005,2005-10-26,BARC,MLG,1,0
2005,2005-10-26,BET,VIL,-1,0
2005,2005-10-26,LAC,RMA,1,-1
2005,2005-10-26,MALL,CEL,1,1
2005,2005-10-26,OSA,ATHB,1,0
2005,2005-10-23,CAD,ATHB,1,-1
2005,2005-10-23,CEL,ESP,1,1
2005,2005-10-23,GET,ZAR,1,0
2005,2005-10-23,MLG,BET,1,1
2005,2005-10-23,RMA,VLC,-1,1
2005,2005-10-23,SAN,ATHM,-1,0
2005,2005-10-23,RSO,LAC,1,0
2005,2005-10-23,VIL,MALL,1,-1
2005,2005-10-22,BARC,OSA,1,1
2005,2005-10-22,SEV,ALA,1,1
2005,2005-10-16,ATHB,SEV,-1,0
2005,2005-10-16,BET,GET,1,-1
2005,2005-10-16,ESP,CAD,-1,0
2005,2005-10-16,MALL,SAN,0,0
2005,2005-10-16,OSA,CEL,1,0
2005,2005-10-16,VLC,MLG,1,-1
2005,2005-10-16,ZAR,RSO,-1,1
2005,2005-10-15,ALA,VIL,0,1
2005,2005-10-15,ATHM,RMA,-1,-1
2005,2005-10-15,LAC,BARC,0,0
2005,2005-10-02,CAD,CEL,0,0
2005,2005-10-02,LAC,OSA,-1,0
2005,2005-10-02,MLG,ATHM,-1,1
2005,2005-10-02,RMA,MALL,1,0
2005,2005-10-02,SAN,ALA,-1,0
2005,2005-10-02,SEV,ESP,0,1
2005,2005-10-02,RSO,BET,0,-1
2005,2005-10-02,VIL,ATHB,1,0
2005,2005-10-01,BARC,ZAR,0,1
2005,2005-10-01,GET,VLC,1,1
2005,2005-09-25,ALA,RMA,-1,-1
2005,2005-09-25,ATHB,SAN,0,-1
2005,2005-09-25,CEL,SEV,1,-1
2005,2005-09-25,MALL,MLG,-1,-1
2005,2005-09-25,OSA,CAD,1,-1
2005,2005-09-24,ATHM,GET,-1,-1
2005,2005-09-24,BET,BARC,-1,0
2005,2005-09-24,ESP,VIL,-1,-1
2005,2005-09-24,VLC,RSO,1,1
2005,2005-09-24,ZAR,LAC,0,-1
2005,2005-09-22,RMA,ATHB,1,0
2005,2005-09-21,BARC,VLC,0,-1
2005,2005-09-21,GET,MALL,0,-1
2005,2005-09-21,LAC,BET,0,1
2005,2005-09-21,MLG,ALA,0,1
2005,2005-09-21,SAN,ESP,1,-1
2005,2005-09-21,SEV,CAD,0,1
2005,2005-09-21,RSO,ATHM,1,1
2005,2005-09-21,VIL,CEL,-1,0
2005,2005-09-21,ZAR,OSA,1,1
2005,2005-09-18,ALA,GET,-1,0
2005,2005-09-18,ATHB,MLG,-1,1
2005,2005-09-18,ATHM,BARC,1,1
2005,2005-09-18,BET,ZAR,0,1
2005,2005-09-18,CAD,VIL,0,-1
2005,2005-09-18,CEL,SAN,-1,0
2005,2005-09-18,ESP,RMA,1,1
2005,2005-09-18,OSA,SEV,1,1
2005,2005-09-17,MALL,RSO,1,1
2005,2005-09-17,VLC,LAC,0,1
2005,2005-09-11,BARC,MALL,1,0
2005,2005-09-11,GET,ATHB,0,0
2005,2005-09-11,MLG,ESP,-1,1
2005,2005-09-11,SAN,CAD,-1,-1
2005,2005-09-11,RSO,ALA,1,0
2005,2005-09-11,VIL,SEV,0,0
2005,2005-09-11,ZAR,VLC,0,1
2005,2005-09-10,BET,OSA,1,-1
2005,2005-09-10,LAC,ATHM,1,-1
2005,2005-09-10,RMA,CEL,-1,1
2005,2005-08-28,ATHM,ZAR,0,0
2005,2005-08-28,CAD,RMA,-1,0
2005,2005-08-28,CEL,MLG,1,1
2005,2005-08-28,ESP,GET,-1,1
2005,2005-08-28,MALL,LAC,-1,1
2005,2005-08-28,OSA,VIL,1,1
2005,2005-08-28,SEV,SAN,1,0
2005,2005-08-27,ALA,BARC,0,-1
2005,2005-08-27,ATHB,RSO,1,-1
2005,2005-08-27,VLC,BET,1,0
2003,2004-05-23,ATHB,ATHM,-1,1
2003,2004-05-23,CEL,MALL,-1,-1
2003,2004-05-23,ESP,MUR,1,0
2003,2004-05-23,MLG,BET,-1,-1
2003,2004-05-23,RMA,RSO,-1,1
2003,2004-05-23,SAN,LAC,-1,0
2003,2004-05-23,SEV,OSA,1,-1
2003,2004-05-23,VLC,ALB,-1,0
2003,2004-05-23,VLLD,VIL,1,0
2003,2004-05-23,ZAR,BARC,1,0
2003,2004-05-16,ALB,SEV,-1,0
2003,2004-05-16,ATHM,ZAR,-1,-1
2003,2004-05-16,BARC,SAN,1,-1
2003,2004-05-16,MALL,ESP,1,1
2003,2004-05-16,MUR,RMA,1,1
2003,2004-05-16,OSA,ATHB,-1,1
2003,2004-05-16,RSO,MLG,0,0
2003,2004-05-15,BET,VLLD,1,0
2003,2004-05-15,LAC,CEL,1,0
2003,2004-05-14,VIL,VLC,1,1
2003,2004-05-09,ATHB,ALB,0,-1
2003,2004-05-09,ESP,LAC,1,-1
2003,2004-05-09,MLG,MUR,1,1
2003,2004-05-09,SAN,ATHM,0,1
2003,2004-05-09,SEV,VLC,-1,-1
2003,2004-05-09,VLLD,RSO,0,-1
2003,2004-05-09,VIL,BET,1,1
2003,2004-05-09,ZAR,OSA,1,-1
2003,2004-05-08,CEL,BARC,1,0
2003,2004-05-08,RMA,MALL,-1,-1
2003,2004-05-02,ALB,ZAR,1,1
2003,2004-05-02,BARC,ESP,1,1
2003,2004-05-02,MALL,MLG,1,1
2003,2004-05-02,MUR,VLLD,1,1
2003,2004-05-02,OSA,SAN,-1,0
2003,2004-05-02,SEV,ATHB,1,-1
2003,2004-05-02,RSO,VIL,0,1
2003,2004-05-02,VLC,BET,1,-1
2003,2004-05-01,ATHM,CEL,1,-1
2003,2004-05-01,LAC,RMA,1,-1
2003,2004-04-25,ATHB,VLC,0,0
2003,2004-04-25,BET,RSO,1,1
2003,2004-04-25,CEL,OSA,1,0
2003,2004-04-25,RMA,BARC,-1,-1
2003,2004-04-25,SAN,ALB,-1,1
2003,2004-04-25,VLLD,MALL,-1,0
2003,2004-04-25,VIL,MUR,1,-1
2003,2004-04-25,ZAR,SEV,0,0
2003,2004-04-24,ESP,ATHM,1,1
2003,2004-04-24,MLG,LAC,0,-1
2003,2004-04-18,ALB,CEL,-1,0
2003,2004-04-18,BARC,MLG,1,1
2003,2004-04-18,MALL,VIL,-1,1
2003,2004-04-18,MUR,BET,-1,0
2003,2004-04-18,OSA,ESP,-1,-1
2003,2004-04-18,SEV,SAN,1,1
2003,2004-04-18,VLC,RSO,0,-1
2003,2004-04-17,ATHB,ZAR,1,0
2003,2004-04-17,ATHM,RMA,-1,1
2003,2004-04-17,LAC,VLLD,0,0
2003,2004-04-14,BET,BARC,0,-1
2003,2004-04-11,BET,MALL,-1,0
2003,2004-04-11,ESP,ALB,0,-1
2003,2004-04-11,RMA,OSA,-1,-1
2003,2004-04-11,SAN,ATHB,-1,0
2003,2004-04-11,RSO,MUR,1,0
2003,2004-04-11,VIL,LAC,-1,0
2003,2004-04-11,ZAR,VLC,-1,1
2003,2004-04-10,CEL,SEV,0,1
2003,2004-04-10,MLG,ATHM,1,-1
2003,2004-04-10,VLLD,BARC,-1,-1
2003,2004-04-04,ATHB,CEL,0,1
2003,2004-04-04,ATHM,VLLD,1,1
2003,2004-04-04,LAC,BET,0,1
2003,2004-04-04,MALL,RSO,0,1
2003,2004-04-04,OSA,MLG,0,1
2003,2004-04-04,VLC,MUR,1,1
2003,2004-04-04,ZAR,SAN,0,-1
2003,2004-04-03,ALB,RMA,-1,1
2003,2004-04-03,BARC,VIL,0,1
2003,2004-04-03,SEV,ESP,1,0
2003,2004-03-28,CEL,ZAR,-1,1
2003,2004-03-28,MLG,ALB,0,1
2003,2004-03-28,MUR,MALL,1,1
2003,2004-03-28,RMA,SEV,1,0
2003,2004-03-28,SAN,VLC,-1,0
2003,2004-03-28,VLLD,OSA,0,0
2003,2004-03-28,VIL,ATHM,0,-1
2003,2004-03-27,ESP,ATHB,1,1
2003,2004-03-27,RSO,LAC,-1,0
2003,2004-03-21,ALB,VLLD,1,-1
2003,2004-03-21,BARC,RSO,1,-1
2003,2004-03-21,OSA,VIL,1,1
2003,2004-03-21,SAN,CEL,0,0
2003,2004-03-21,SEV,MLG,-1,0
2003,2004-03-21,VLC,MALL,1,0
2003,2004-03-21,ZAR,ESP,0,1
2003,2004-03-20,ATHB,RMA,1,-1
2003,2004-03-20,ATHM,BET,1,-1
2003,2004-03-20,LAC,MUR,1,1
2003,2004-03-14,BET,OSA,0,1
2003,2004-03-14,CEL,VLC,-1,-1
2003,2004-03-14,ESP,SAN,-1,1
2003,2004-03-14,MLG,ATHB,1,1
2003,2004-03-14,MALL,LAC,1,1
2003,2004-03-14,MUR,BARC,-1,1
2003,2004-03-14,VLLD,SEV,1,1
2003,2004-03-14,VIL,ALB,1,1
2003,2004-03-13,RMA,ZAR,0,-1
2003,2004-03-13,RSO,ATHM,1,0
2003,2004-03-07,ALB,BET,1,0
2003,2004-03-07,ATHB,VLLD,-1,0
2003,2004-03-07,ATHM,MUR,0,0
2003,2004-03-07,BARC,MALL,1,-1
2003,2004-03-07,SEV,VIL,1,-1
2003,2004-03-07,ZAR,MLG,1,1
2003,2004-03-06,CEL,ESP,-1,-1
2003,2004-03-06,OSA,RSO,0,0
2003,2004-03-06,SAN,RMA,0,-1
2003,2004-03-06,VLC,LAC,1,-1
2003,2004-02-29,ESP,VLC,1,1
2003,2004-02-29,LAC,BARC,-1,-1
2003,2004-02-29,MLG,SAN,1,1
2003,2004-02-29,MALL,ATHM,-1,1
2003,2004-02-29,MUR,OSA,-1,0
2003,2004-02-29,RMA,CEL,1,0
2003,2004-02-29,RSO,ALB,-1,0
2003,2004-02-29,VIL,ATHB,-1,-1
2003,2004-02-28,BET,SEV,0,1
2003,2004-02-28,VLLD,ZAR,-1,1
2003,2004-02-22,ALB,MUR,1,-1
2003,2004-02-22,ATHB,BET,0,1
2003,2004-02-22,OSA,MALL,0,-1
2003,2004-02-22,SAN,VLLD,1,1
2003,2004-02-22,ZAR,VIL,1,-1
2003,2004-02-21,ATHM,LAC,0,-1
2003,2004-02-21,CEL,MLG,-1,1
2003,2004-02-21,ESP,RMA,-1,0
2003,2004-02-21,SEV,RSO,1,0
2003,2004-02-21,VLC,BARC,-1,-1
2003,2004-02-15,BARC,ATHM,1,0
2003,2004-02-15,BET,ZAR,1,0
2003,2004-02-15,LAC,OSA,1,1
2003,2004-02-15,MLG,ESP,1,0
2003,2004-02-15,MALL,ALB,0,0
2003,2004-02-15,RMA,VLC,0,-1
2003,2004-02-15,VLLD,CEL,-1,-1
2003,2004-02-15,VIL,SAN,1,1
2003,2004-02-14,MUR,SEV,-1,-1
2003,2004-02-14,RSO,ATHB,0,1
2003,2004-02-08,ALB,LAC,-1,-1
2003,2004-02-08,ATHB,MUR,1,1
2003,2004-02-08,CEL,VIL,1,1
2003,2004-02-08,ESP,VLLD,1,1
2003,2004-02-08,OSA,BARC,-1,-1
2003,2004-02-08,SAN,BET,-1,0
2003,2004-02-08,SEV,MALL,1,1
2003,2004-02-08,ZAR,RSO,1,-1
2003,2004-02-07,RMA,MLG,1,-1
2003,2004-02-07,VLC,ATHM,1,1
2003,2004-02-01,BARC,ALB,1,-1
2003,2004-02-01,LAC,SEV,1,1
2003,2004-02-01,MALL,ATHB,-1,-1
2003,2004-02-01,MUR,ZAR,1,-1
2003,2004-02-01,RSO,SAN,1,-1
2003,2004-02-01,VLLD,RMA,-1,1
2003,2004-02-01,VIL,ESP,-1,-1
2003,2004-01-31,ATHM,OSA,0,-1
2003,2004-01-31,BET,CEL,1,1
2003,2004-01-31,MLG,VLC,-1,1
2003,2004-01-25,ATHB,LAC,1,-1
2003,2004-01-25,CEL,RSO,-1,-1
2003,2004-01-25,ESP,BET,-1,0
2003,2004-01-25,MLG,VLLD,-1,1
2003,2004-01-25,SAN,MUR,1,0
2003,2004-01-25,SEV,BARC,-1,0
2003,2004-01-25,VLC,OSA,-1,0
2003,2004-01-25,ZAR,MALL,-1,1
2003,2004-01-24,ALB,ATHM,0,0
2003,2004-01-24,RMA,VIL,1,0
2003,2004-01-18,ATHM,SEV,1,1
2003,2004-01-18,BET,RMA,0,0
2003,2004-01-18,LAC,ZAR,1,0
2003,2004-01-18,MALL,SAN,0,-1
2003,2004-01-18,OSA,ALB,0,1
2003,2004-01-18,RSO,ESP,1,-1
2003,2004-01-18,VIL,MLG,1,1
2003,2004-01-17,BARC,ATHB,0,1
2003,2004-01-17,MUR,CEL,0,1
2003,2004-01-17,VLLD,VLC,0,-1
2003,2004-01-11,ATHM,ATHB,1,0
2003,2004-01-11,BARC,ZAR,1,1
2003,2004-01-11,BET,MLG,1,0
2003,2004-01-11,LAC,SAN,0,-1
2003,2004-01-11,MUR,ESP,-1,1
2003,2004-01-11,OSA,SEV,0,0
2003,2004-01-11,VIL,VLLD,1,-1
2003,2004-01-10,ALB,VLC,-1,-1
2003,2004-01-10,MALL,CEL,-1,-1
2003,2004-01-10,RSO,RMA,1,0
2003,2004-01-04,ATHB,OSA,0,1
2003,2004-01-04,ESP,MALL,1,1
2003,2004-01-04,MLG,RSO,-1,0
2003,2004-01-04,SAN,BARC,1,0
2003,2004-01-04,SEV,ALB,1,1
2003,2004-01-04,VLC,VIL,1,0
2003,2004-01-04,VLLD,BET,0,0
2003,2004-01-03,CEL,LAC,-1,-1
2003,2004-01-03,RMA,MUR,1,0
2003,2004-01-03,ZAR,ATHM,0,0
2003,2003-12-21,ALB,ATHB,0,1
2003,2003-12-21,BARC,CEL,0,-1
2003,2003-12-21,BET,VIL,-1,1
2003,2003-12-21,LAC,ESP,1,1
2003,2003-12-21,MALL,RMA,-1,-1
2003,2003-12-21,MUR,MLG,-1,-1
2003,2003-12-21,OSA,ZAR,-1,-1
2003,2003-12-20,ATHM,SAN,0,-1
2003,2003-12-20,RSO,VLLD,-1,1
2003,2003-12-20,VLC,SEV,1,-1
2003,2003-12-14,ATHB,SEV,1,0
2003,2003-12-14,BET,VLC,-1,-1
2003,2003-12-14,MLG,MALL,1,-1
2003,2003-12-14,RMA,LAC,1,1
2003,2003-12-14,SAN,OSA,0,0
2003,2003-12-14,VLLD,MUR,0,-1
2003,2003-12-14,ZAR,ALB,-1,0
2003,2003-12-13,CEL,ATHM,0,-1
2003,2003-12-13,ESP,BARC,-1,0
2003,2003-12-13,VIL,RSO,1,-1
2003,2003-12-07,ALB,SAN,1,0
2003,2003-12-07,ATHM,ESP,1,-1
2003,2003-12-07,MALL,VLLD,1,-1
2003,2003-12-07,MUR,VIL,0,0
2003,2003-12-07,SEV,ZAR,1,0
2003,2003-12-07,VLC,ATHB,1,1
2003,2003-12-06,BARC,RMA,-1,-1
2003,2003-12-06,LAC,MLG,1,1
2003,2003-12-06,OSA,CEL,1,1
2003,2003-12-06,RSO,BET,-1,0
2003,2003-12-04,SAN,SEV,-1,1
2003,2003-12-04,ZAR,ATHB,0,-1
2003,2003-12-03,BET,MUR,0,0
2003,2003-12-03,CEL,ALB,0,0
2003,2003-12-03,ESP,OSA,-1,0
2003,2003-12-03,MLG,BARC,1,0
2003,2003-12-03,RMA,ATHM,1,0
2003,2003-12-03,VLLD,LAC,0,1
2003,2003-12-03,VIL,MALL,-1,-1
2003,2003-12-02,RSO,VLC,0,0
2003,2003-11-30,ALB,ESP,1,-1
2003,2003-11-30,ATHB,SAN,-1,0
2003,2003-11-30,BARC,VLLD,0,-1
2003,2003-11-30,LAC,VIL,-1,-1
2003,2003-11-30,MALL,BET,1,-1
2003,2003-11-30,SEV,CEL,-1,-1
2003,2003-11-29,ATHM,MLG,1,0
2003,2003-11-29,MUR,RSO,0,1
2003,2003-11-29,OSA,RMA,0,0
2003,2003-11-29,VLC,ZAR,1,-1
2003,2003-11-23,CEL,ATHB,-1,-1
2003,2003-11-23,ESP,SEV,1,1
2003,2003-11-23,MLG,OSA,0,-1
2003,2003-11-23,MUR,VLC,0,-1
2003,2003-11-23,RMA,ALB,1,0
2003,2003-11-23,SAN,ZAR,-1,1
2003,2003-11-23,VLLD,ATHM,1,0
2003,2003-11-22,BET,LAC,0,0
2003,2003-11-22,RSO,MALL,-1,-1
2003,2003-11-22,VIL,BARC,1,0
2003,2003-11-09,ALB,MLG,-1,-1
2003,2003-11-09,ATHM,VIL,1,1
2003,2003-11-09,BARC,BET,1,-1
2003,2003-11-09,MALL,MUR,1,-1
2003,2003-11-09,OSA,VLLD,0,-1
2003,2003-11-09,SEV,RMA,1,0
2003,2003-11-09,VLC,SAN,-1,0
2003,2003-11-08,ATHB,ESP,1,1
2003,2003-11-08,LAC,RSO,1,-1
2003,2003-11-08,ZAR,CEL,0,0
2003,2003-11-02,BET,ATHM,-1,0
2003,2003-11-02,ESP,ZAR,-1,0
2003,2003-11-02,MLG,SEV,1,-1
2003,2003-11-02,MALL,VLC,-1,-1
2003,2003-11-02,RSO,BARC,0,1
2003,2003-11-02,VLLD,ALB,1,1
2003,2003-11-02,VIL,OSA,1,0
2003,2003-11-01,CEL,SAN,-1,1
2003,2003-11-01,MUR,LAC,0,0
2003,2003-11-01,RMA,ATHB,1,1
2003,2003-10-30,ATHM,RSO,1,1
2003,2003-10-29,ALB,VIL,1,0
2003,2003-10-29,ATHB,MLG,1,0
2003,2003-10-29,BARC,MUR,1,0
2003,2003-10-29,LAC,MALL,-1,1
2003,2003-10-29,OSA,BET,1,0
2003,2003-10-29,SAN,ESP,-1,-1
2003,2003-10-29,SEV,VLLD,0,0
2003,2003-10-29,VLC,CEL,0,1
2003,2003-10-28,ZAR,RMA,0,-1
2003,2003-10-26,BET,ALB,1,0
2003,2003-10-26,ESP,CEL,-1,0
2003,2003-10-26,MALL,BARC,-1,0
2003,2003-10-26,MUR,ATHM,-1,1
2003,2003-10-26,RSO,OSA,1,1
2003,2003-10-26,VLLD,ATHB,1,1
2003,2003-10-26,VIL,SEV,0,0
2003,2003-10-25,LAC,VLC,1,0
2003,2003-10-25,MLG,ZAR,1,-1
2003,2003-10-25,RMA,SAN,1,1
2003,2003-10-19,ATHB,VIL,1,1
2003,2003-10-19,ATHM,MALL,1,-1
2003,2003-10-19,OSA,MUR,1,0
2003,2003-10-19,SAN,MLG,1,0
2003,2003-10-19,SEV,BET,0,0
2003,2003-10-19,VLC,ESP,1,0
2003,2003-10-19,ZAR,VLLD,1,-1
2003,2003-10-18,ALB,RSO,1,1
2003,2003-10-18,BARC,LAC,-1,-1
2003,2003-10-18,CEL,RMA,-1,1
2003,2003-10-05,BARC,VLC,-1,0
2003,2003-10-05,MLG,CEL,1,1
2003,2003-10-05,MALL,OSA,0,1
2003,2003-10-05,MUR,ALB,1,1
2003,2003-10-05,RMA,ESP,1,0
2003,2003-10-05,RSO,SEV,0,1
2003,2003-10-05,VLLD,SAN,-1,0
2003,2003-10-04,BET,ATHB,0,1
2003,2003-10-04,LAC,ATHM,1,0
2003,2003-10-04,VIL,ZAR,0,1
2003,2003-09-28,ALB,MALL,1,1
2003,2003-09-28,ATHM,BARC,0,1
2003,2003-09-28,ESP,MLG,-1,-1
2003,2003-09-28,SAN,VIL,-1,1
2003,2003-09-28,SEV,MUR,1,0
2003,2003-09-28,ZAR,BET,-1,0
2003,2003-09-27,ATHB,RSO,1,1
2003,2003-09-27,CEL,VLLD,1,-1
2003,2003-09-27,OSA,LAC,1,1
2003,2003-09-27,VLC,RMA,1,0
2003,2003-09-21,BET,SAN,0,-1
2003,2003-09-21,LAC,ALB,1,-1
2003,2003-09-21,MLG,RMA,-1,0
2003,2003-09-21,MALL,SEV,0,-1
2003,2003-09-21,MUR,ATHB,0,-1
2003,2003-09-21,RSO,ZAR,1,1
2003,2003-09-21,VLLD,ESP,1,0
2003,2003-09-21,VIL,CEL,0,0
2003,2003-09-20,ATHM,VLC,-1,0
2003,2003-09-20,BARC,OSA,0,1
2003,2003-09-14,ALB,BARC,-1,-1
2003,2003-09-14,ATHB,MALL,1,-1
2003,2003-09-14,ESP,VIL,-1,0
2003,2003-09-14,OSA,ATHM,1,0
2003,2003-09-14,VLC,MLG,1,0
2003,2003-09-14,ZAR,MUR,1,1
2003,2003-09-13,CEL,BET,-1,-1
2003,2003-09-13,RMA,VLLD,1,0
2003,2003-09-13,SAN,RSO,-1,0
2003,2003-09-13,SEV,LAC,-1,-1
2003,2003-09-03,ATHM,ALB,1,1
2003,2003-09-03,BARC,SEV,0,0
2003,2003-09-03,BET,ESP,0,-1
2003,2003-09-03,LAC,ATHB,1,1
2003,2003-09-03,MALL,ZAR,1,0
2003,2003-09-03,MUR,SAN,0,1
2003,2003-09-03,VLLD,MLG,1,-1
2003,2003-09-02,OSA,VLC,-1,-1
2003,2003-09-02,RSO,CEL,0,0
2003,2003-09-02,VIL,RMA,0,-1
2003,2003-08-31,CEL,MUR,0,0
2003,2003-08-31,SAN,MALL,1,-1
2003,2003-08-31,SEV,ATHM,1,1
2003,2003-08-31,ZAR,LAC,-1,0
2003,2003-08-30,ALB,OSA,-1,0
2003,2003-08-30,ATHB,BARC,-1,0
2003,2003-08-30,ESP,RSO,0,-1
2003,2003-08-30,MLG,VIL,0,0
2003,2003-08-30,RMA,BET,1,0
2003,2003-08-30,VLC,VLLD,0,1
2002,2003-06-22,BARC,CEL,1,0
2002,2003-06-22,RMA,ATHB,1,0
2002,2003-06-22,RSO,ATHM,1,-1
2002,2003-06-22,VIL,BET,-1,0
2002,2003-06-21,ALA,VLLD,0,0
2002,2003-06-21,LAC,ESP,1,0
2002,2003-06-21,MALL,MLG,1,-1
2002,2003-06-21,SAN,OSA,-1,1
2002,2003-06-21,SEV,VLC,-1,1
2002,2003-06-21,RAYO,REC,0,-1
2002,2003-06-15,ATHB,LAC,1,0
2002,2003-06-15,ATHM,RMA,-1,0
2002,2003-06-15,BET,SAN,1,-1
2002,2003-06-15,CEL,RSO,1,-1
2002,2003-06-15,ESP,VIL,0,1
2002,2003-06-15,MLG,SEV,1,0
2002,2003-06-15,OSA,ALA,1,-1
2002,2003-06-15,REC,MALL,0,-1
2002,2003-06-15,VLC,BARC,-1,1
2002,2003-06-14,VLLD,RAYO,1,0
2002,2003-06-01,ALA,BET,-1,1
2002,2003-06-01,BARC,MLG,1,0
2002,2003-06-01,LAC,ATHM,1,-1
2002,2003-06-01,MALL,RAYO,0,0
2002,2003-06-01,SAN,ESP,1,0
2002,2003-06-01,SEV,REC,1,-1
2002,2003-06-01,RSO,VLC,0,-1
2002,2003-06-01,VLLD,OSA,-1,0
2002,2003-06-01,VIL,ATHB,0,1
2002,2003-05-31,RMA,CEL,0,1
2002,2003-05-25,BET,VLLD,0,1
2002,2003-05-25,ESP,ALA,1,1
2002,2003-05-25,MLG,RSO,-1,0
2002,2003-05-25,MALL,SEV,-1,0
2002,2003-05-25,REC,BARC,-1,0
2002,2003-05-24,ATHB,SAN,1,1
2002,2003-05-24,ATHM,VIL,1,0
2002,2003-05-24,CEL,LAC,1,1
2002,2003-05-24,VLC,RMA,-1,1
2002,2003-05-24,RAYO,OSA,0,0
2002,2003-05-18,ALA,ATHB,-1,1
2002,2003-05-18,BARC,MALL,-1,0
2002,2003-05-18,OSA,BET,1,1
2002,2003-05-18,RMA,MLG,1,-1
2002,2003-05-18,SEV,RAYO,0,1
2002,2003-05-18,RSO,REC,1,0
2002,2003-05-18,VLLD,ESP,0,-1
2002,2003-05-18,VIL,CEL,1,-1
2002,2003-05-17,LAC,VLC,-1,0
2002,2003-05-17,SAN,ATHM,-1,0
2002,2003-05-11,CEL,SAN,0,0
2002,2003-05-11,MALL,RSO,-1,1
2002,2003-05-11,SEV,BARC,0,1
2002,2003-05-11,VLC,VIL,-1,-1
2002,2003-05-11,RAYO,BET,0,-1
2002,2003-05-10,ATHB,VLLD,0,1
2002,2003-05-10,ATHM,ALA,-1,-1
2002,2003-05-10,ESP,OSA,0,0
2002,2003-05-10,MLG,LAC,-1,-1
2002,2003-05-10,REC,RMA,0,1
2002,2003-05-04,ALA,CEL,0,-1
2002,2003-05-04,BARC,RAYO,1,0
2002,2003-05-04,BET,ESP,0,-1
2002,2003-05-04,LAC,REC,1,-1
2002,2003-05-04,OSA,ATHB,-1,1
2002,2003-05-04,SAN,VLC,1,0
2002,2003-05-04,VLLD,ATHM,1,0
2002,2003-05-04,VIL,MLG,0,-1
2002,2003-05-03,RMA,MALL,-1,0
2002,2003-05-03,RSO,SEV,1,0
2002,2003-04-27,BARC,RSO,1,0
2002,2003-04-27,CEL,VLLD,0,0
2002,2003-04-27,MLG,SAN,0,1
2002,2003-04-27,MALL,LAC,1,0
2002,2003-04-27,REC,VIL,1,1
2002,2003-04-27,SEV,RMA,-1,1
2002,2003-04-27,VLC,ALA,1,1
2002,2003-04-27,RAYO,ESP,-1,0
2002,2003-04-26,ATHB,BET,1,-1
2002,2003-04-26,ATHM,OSA,-1,0
2002,2003-04-20,ALA,MLG,-1,-1
2002,2003-04-20,BET,ATHM,0,0
2002,2003-04-20,ESP,ATHB,0,-1
2002,2003-04-20,LAC,SEV,1,-1
2002,2003-04-20,OSA,CEL,-1,-1
2002,2003-04-20,SAN,REC,1,0
2002,2003-04-20,RSO,RAYO,1,0
2002,2003-04-19,RMA,BARC,0,1
2002,2003-04-19,VLLD,VLC,1,0
2002,2003-04-19,VIL,MALL,0,0
2002,2003-04-13,ATHM,ESP,0,0
2002,2003-04-13,CEL,BET,1,1
2002,2003-04-13,MLG,VLLD,1,0
2002,2003-04-13,MALL,SAN,0,1
2002,2003-04-13,REC,ALA,1,-1
2002,2003-04-13,RSO,RMA,1,-1
2002,2003-04-13,VLC,OSA,1,1
2002,2003-04-13,RAYO,ATHB,0,0
2002,2003-04-12,BARC,LAC,-1,1
2002,2003-04-12,SEV,VIL,1,-1
2002,2003-04-06,ALA,MALL,0,0
2002,2003-04-06,ATHB,ATHM,1,-1
2002,2003-04-06,LAC,RSO,1,1
2002,2003-04-06,OSA,MLG,-1,1
2002,2003-04-06,SAN,SEV,1,-1
2002,2003-04-06,VLLD,REC,-1,-1
2002,2003-04-05,BET,VLC,1,1
2002,2003-04-05,ESP,CEL,0,0
2002,2003-04-05,RMA,RAYO,1,0
2002,2003-04-05,VIL,BARC,1,-1
2002,2003-03-23,BARC,SAN,1,1
2002,2003-03-23,CEL,ATHB,1,1
2002,2003-03-23,MLG,BET,0,-1
2002,2003-03-23,MALL,VLLD,1,0
2002,2003-03-23,RMA,LAC,1,1
2002,2003-03-23,REC,OSA,0,0
2002,2003-03-23,SEV,ALA,1,1
2002,2003-03-23,RSO,VIL,0,0
2002,2003-03-23,VLC,ESP,0,-1
2002,2003-03-22,RAYO,ATHM,0,0
2002,2003-03-16,ALA,BARC,0,0
2002,2003-03-16,ATHB,VLC,1,0
2002,2003-03-16,ATHM,CEL,-1,0
2002,2003-03-16,BET,REC,0,-1
2002,2003-03-16,ESP,MLG,1,-1
2002,2003-03-16,OSA,MALL,0,0
2002,2003-03-16,VLLD,SEV,0,0
2002,2003-03-15,LAC,RAYO,1,-1
2002,2003-03-15,SAN,RSO,-1,0
2002,2003-03-15,VIL,RMA,-1,1
2002,2003-03-09,MLG,ATHB,1,-1
2002,2003-03-09,MALL,BET,1,1
2002,2003-03-09,REC,ESP,0,1
2002,2003-03-09,SEV,OSA,1,1
2002,2003-03-09,RSO,ALA,1,0
2002,2003-03-09,RAYO,CEL,1,0
2002,2003-03-08,BARC,VLLD,0,1
2002,2003-03-08,LAC,VIL,1,-1
2002,2003-03-08,RMA,SAN,1,-1
2002,2003-03-08,VLC,ATHM,-1,0
2002,2003-03-02,ATHM,MLG,1,-1
2002,2003-03-02,BET,SEV,-1,0
2002,2003-03-02,CEL,VLC,0,1
2002,2003-03-02,OSA,BARC,0,-1
2002,2003-03-02,SAN,LAC,-1,-1
2002,2003-03-02,VLLD,RSO,1,-1
2002,2003-03-02,VIL,RAYO,1,-1
2002,2003-03-01,ALA,RMA,-1,-1
2002,2003-03-01,ATHB,REC,-1,-1
2002,2003-03-01,ESP,MALL,1,1
2002,2003-02-23,MLG,CEL,0,0
2002,2003-02-23,MALL,ATHB,0,-1
2002,2003-02-23,REC,ATHM,1,1
2002,2003-02-23,SEV,ESP,1,-1
2002,2003-02-23,RSO,OSA,1,0
2002,2003-02-23,RAYO,VLC,-1,1
2002,2003-02-23,VIL,SAN,-1,-1
2002,2003-02-22,BARC,BET,1,0
2002,2003-02-22,LAC,ALA,1,-1
2002,2003-02-22,RMA,VLLD,1,1
2002,2003-02-16,ALA,VIL,1,0
2002,2003-02-16,ATHB,SEV,1,-1
2002,2003-02-16,ATHM,MALL,1,-1
2002,2003-02-16,BET,RSO,1,1
2002,2003-02-16,CEL,REC,1,0
2002,2003-02-16,OSA,RMA,1,0
2002,2003-02-16,SAN,RAYO,1,-1
2002,2003-02-15,ESP,BARC,-1,0
2002,2003-02-15,VLC,MLG,1,1
2002,2003-02-15,VLLD,LAC,-1,0
2002,2003-02-09,BARC,ATHB,0,0
2002,2003-02-09,LAC,OSA,0,1
2002,2003-02-09,MALL,CEL,-1,-1
2002,2003-02-09,REC,VLC,0,-1
2002,2003-02-09,SAN,ALA,1,-1
2002,2003-02-09,SEV,ATHM,0,1
2002,2003-02-09,RSO,ESP,0,1
2002,2003-02-09,RAYO,MLG,1,0
2002,2003-02-08,RMA,BET,1,0
2002,2003-02-08,VIL,VLLD,1,-1
2002,2003-02-02,ALA,RAYO,0,1
2002,2003-02-02,ATHB,RSO,1,-1
2002,2003-02-02,BET,LAC,-1,0
2002,2003-02-02,CEL,SEV,-1,0
2002,2003-02-02,ESP,RMA,0,1
2002,2003-02-02,MLG,REC,1,-1
2002,2003-02-02,OSA,VIL,-1,-1
2002,2003-02-02,VLC,MALL,1,0
2002,2003-02-02,VLLD,SAN,1,0
2002,2003-02-01,ATHM,BARC,1,1
2002,2003-01-26,ATHB,RMA,0,-1
2002,2003-01-26,BET,VIL,1,-1
2002,2003-01-26,CEL,BARC,1,1
2002,2003-01-26,ESP,LAC,1,1
2002,2003-01-26,MLG,MALL,1,0
2002,2003-01-26,OSA,SAN,1,1
2002,2003-01-26,REC,RAYO,1,1
2002,2003-01-26,VLC,SEV,1,0
2002,2003-01-26,VLLD,ALA,-1,-1
2002,2003-01-25,ATHM,RSO,-1,0
2002,2003-01-19,ALA,OSA,0,0
2002,2003-01-19,LAC,ATHB,1,1
2002,2003-01-19,MALL,REC,0,1
2002,2003-01-19,RMA,ATHM,0,-1
2002,2003-01-19,SAN,BET,-1,1
2002,2003-01-19,SEV,MLG,0,0
2002,2003-01-19,RAYO,VLLD,-1,0
2002,2003-01-19,VIL,ESP,0,0
2002,2003-01-18,BARC,VLC,-1,-1
2002,2003-01-18,RSO,CEL,1,0
2002,2003-01-12,ATHB,VIL,-1,1
2002,2003-01-12,ATHM,LAC,1,1
2002,2003-01-12,BET,ALA,0,-1
2002,2003-01-12,ESP,SAN,1,-1
2002,2003-01-12,MLG,BARC,0,1
2002,2003-01-12,OSA,VLLD,0,-1
2002,2003-01-12,REC,SEV,0,0
2002,2003-01-12,RAYO,MALL,-1,1
2002,2003-01-11,CEL,RMA,-1,-1
2002,2003-01-11,VLC,RSO,0,-1
2002,2003-01-05,ALA,ESP,1,1
2002,2003-01-05,BARC,REC,1,0
2002,2003-01-05,RMA,VLC,1,1
2002,2003-01-05,SEV,MALL,1,-1
2002,2003-01-05,RSO,MLG,0,1
2002,2003-01-05,VIL,ATHM,1,1
2002,2003-01-04,LAC,CEL,1,-1
2002,2003-01-04,OSA,RAYO,-1,1
2002,2003-01-04,SAN,ATHB,-1,1
2002,2003-01-04,VLLD,BET,1,0
2002,2003-01-02,RMA,SEV,1,0
2002,2002-12-22,BET,OSA,1,0
2002,2002-12-22,ESP,VLLD,1,0
2002,2002-12-22,REC,RSO,-1,0
2002,2002-12-22,VLC,LAC,-1,-1
2002,2002-12-21,ATHB,ALA,1,1
2002,2002-12-21,ATHM,SAN,-1,1
2002,2002-12-21,CEL,VIL,1,0
2002,2002-12-21,MLG,RMA,-1,0
2002,2002-12-21,MALL,BARC,-1,1
2002,2002-12-21,RAYO,SEV,-1,-1
2002,2002-12-15,BARC,SEV,-1,0
2002,2002-12-15,BET,RAYO,-1,1
2002,2002-12-15,LAC,MLG,1,1
2002,2002-12-15,OSA,ESP,1,1
2002,2002-12-15,RMA,REC,1,0
2002,2002-12-15,SAN,CEL,1,-1
2002,2002-12-15,RSO,MALL,1,1
2002,2002-12-15,VLLD,ATHB,1,-1
2002,2002-12-14,ALA,ATHM,1,0
2002,2002-12-14,VIL,VLC,-1,1
2002,2002-12-08,ATHB,OSA,-1,0
2002,2002-12-08,ATHM,VLLD,1,1
2002,2002-12-08,CEL,ALA,1,0
2002,2002-12-08,ESP,BET,-1,0
2002,2002-12-08,MALL,RMA,-1,0
2002,2002-12-07,MLG,VIL,0,1
2002,2002-12-07,REC,LAC,0,1
2002,2002-12-07,SEV,RSO,-1,1
2002,2002-12-07,VLC,SAN,1,1
2002,2002-12-07,RAYO,BARC,1,0
2002,2002-12-01,ALA,VLC,0,-1
2002,2002-12-01,BET,ATHB,1,1
2002,2002-12-01,ESP,RAYO,1,-1
2002,2002-12-01,LAC,MALL,0,1
2002,2002-12-01,SAN,MLG,1,0
2002,2002-12-01,RSO,BARC,1,-1
2002,2002-12-01,VLLD,CEL,-1,1
2002,2002-12-01,VIL,REC,1,0
2002,2002-11-30,OSA,ATHM,1,1
2002,2002-11-24,ATHB,ESP,1,0
2002,2002-11-24,ATHM,BET,1,-1
2002,2002-11-24,CEL,OSA,0,-1
2002,2002-11-24,MLG,ALA,0,0
2002,2002-11-24,MALL,VIL,0,1
2002,2002-11-24,REC,SAN,1,-1
2002,2002-11-24,VLC,VLLD,1,0
2002,2002-11-23,BARC,RMA,0,-1
2002,2002-11-23,SEV,LAC,0,1
2002,2002-11-23,RAYO,RSO,0,0
2002,2002-11-17,ALA,REC,1,1
2002,2002-11-17,ATHB,RAYO,1,-1
2002,2002-11-17,BET,CEL,1,1
2002,2002-11-17,ESP,ATHM,-1,1
2002,2002-11-17,OSA,VLC,1,-1
2002,2002-11-17,RMA,RSO,0,-1
2002,2002-11-17,SAN,MALL,-1,1
2002,2002-11-17,VLLD,MLG,0,1
2002,2002-11-16,LAC,BARC,1,0
2002,2002-11-16,VIL,SEV,1,1
2002,2002-11-10,ATHM,ATHB,0,0
2002,2002-11-10,CEL,ESP,1,0
2002,2002-11-10,MALL,ALA,1,0
2002,2002-11-10,REC,VLLD,-1,0
2002,2002-11-10,SEV,SAN,1,-1
2002,2002-11-09,BARC,VIL,1,1
2002,2002-11-09,MLG,OSA,1,0
2002,2002-11-09,RSO,LAC,0,0
2002,2002-11-09,VLC,BET,0,1
2002,2002-11-09,RAYO,RMA,-1,-1
2002,2002-11-03,ALA,SEV,1,1
2002,2002-11-03,ATHB,CEL,1,1
2002,2002-11-03,BET,MLG,1,-1
2002,2002-11-03,ESP,VLC,-1,1
2002,2002-11-03,OSA,REC,-1,0
2002,2002-11-03,SAN,BARC,0,-1
2002,2002-11-03,VIL,RSO,-1,-1
2002,2002-11-02,ATHM,RAYO,1,0
2002,2002-11-02,LAC,RMA,0,1
2002,2002-11-02,VLLD,MALL,-1,-1
2002,2002-10-27,MLG,ESP,-1,1
2002,2002-10-27,MALL,OSA,1,-1
2002,2002-10-27,SEV,VLLD,1,0
2002,2002-10-27,RSO,SAN,1,1
2002,2002-10-26,BARC,ALA,1,0
2002,2002-10-26,CEL,ATHM,0,0
2002,2002-10-26,RMA,VIL,0,0
2002,2002-10-26,REC,BET,0,-1
2002,2002-10-26,VLC,ATHB,1,-1
2002,2002-10-26,RAYO,LAC,-1,0
2002,2002-10-20,ALA,RSO,0,1
2002,2002-10-20,ATHB,MLG,0,-1
2002,2002-10-20,BET,MALL,-1,0
2002,2002-10-20,CEL,RAYO,-1,0
2002,2002-10-20,ESP,REC,1,-1
2002,2002-10-20,OSA,SEV,1,-1
2002,2002-10-20,VLLD,BARC,1,0
2002,2002-10-19,ATHM,VLC,0,1
2002,2002-10-19,SAN,RMA,1,-1
2002,2002-10-19,VIL,LAC,1,0
2002,2002-10-08,BET,RMA,0,-1
2002,2002-10-06,BARC,OSA,0,1
2002,2002-10-06,LAC,SAN,-1,-1
2002,2002-10-06,MLG,ATHM,1,0
2002,2002-10-06,MALL,ESP,1,0
2002,2002-10-06,RMA,ALA,1,1
2002,2002-10-06,SEV,BET,0,0
2002,2002-10-06,RSO,VLLD,1,0
2002,2002-10-06,VLC,CEL,-1,1
2002,2002-10-06,RAYO,VIL,0,1
2002,2002-10-05,REC,ATHB,-1,-1
2002,2002-09-29,ATHB,MALL,-1,0
2002,2002-09-29,ATHM,REC,0,-1
2002,2002-09-29,CEL,MLG,0,0
2002,2002-09-29,ESP,SEV,0,0
2002,2002-09-29,OSA,RSO,-1,0
2002,2002-09-29,SAN,VIL,0,-1
2002,2002-09-29,VLC,RAYO,1,1
2002,2002-09-28,ALA,LAC,-1,1
2002,2002-09-28,BET,BARC,1,-1
2002,2002-09-28,VLLD,RMA,0,1
2002,2002-09-22,MLG,VLC,0,0
2002,2002-09-22,MALL,ATHM,-1,0
2002,2002-09-22,REC,CEL,-1,-1
2002,2002-09-22,SEV,ATHB,0,1
2002,2002-09-22,RSO,BET,0,1
2002,2002-09-22,RAYO,SAN,1,1
2002,2002-09-22,VIL,ALA,-1,1
2002,2002-09-21,BARC,ESP,1,1
2002,2002-09-21,LAC,VLLD,1,0
2002,2002-09-21,RMA,OSA,1,1
2002,2002-09-15,ALA,SAN,-1,-1
2002,2002-09-15,ATHM,SEV,0,0
2002,2002-09-15,CEL,MALL,1,1
2002,2002-09-15,ESP,RSO,-1,-1
2002,2002-09-15,VLLD,VIL,1,0
2002,2002-09-14,ATHB,BARC,-1,0
2002,2002-09-14,MLG,RAYO,1,1
2002,2002-09-14,OSA,LAC,-1,-1
2002,2002-09-14,VLC,REC,1,1
2002,2002-09-02,RMA,ESP,1,0
2002,2002-09-01,BARC,ATHM,0,1
2002,2002-09-01,LAC,BET,-1,-1
2002,2002-09-01,MALL,VLC,-1,1
2002,2002-09-01,REC,MLG,-1,0
2002,2002-09-01,SEV,CEL,-1,0
2002,2002-09-01,RSO,ATHB,1,-1
2002,2002-09-01,RAYO,ALA,0,1
2002,2002-09-01,VIL,OSA,0,-1
2002,2002-08-31,SAN,VLLD,-1,0
2001,2002-05-11,ESP,MLG,-1,0
2001,2002-05-11,MALL,VLLD,1,0
2001,2002-05-11,OSA,ALA,-1,-1
2001,2002-05-11,RSO,LASP,0,1
2001,2002-05-11,RAYO,CEL,1,0
2001,2002-05-11,SEV,VIL,1,1
2001,2002-05-11,TEN,ATHB,-1,-1
2001,2002-05-11,VLC,BET,1,1
2001,2002-05-11,ZAR,BARC,0,1
2001,2002-05-10,LAC,RMA,1,0
2001,2002-05-05,ALA,RAYO,-1,1
2001,2002-05-05,ATHB,OSA,0,0
2001,2002-05-05,BARC,ESP,1,1
2001,2002-05-05,BET,LAC,-1,0
2001,2002-05-05,CEL,SEV,-1,-1
2001,2002-05-05,LASP,TEN,-1,1
2001,2002-05-05,MLG,VLC,-1,0
2001,2002-05-05,RMA,MALL,0,1
2001,2002-05-05,VLLD,RSO,-1,0
2001,2002-05-05,VIL,ZAR,1,-1
2001,2002-04-28,LAC,MLG,0,0
2001,2002-04-28,MALL,BET,-1,0
2001,2002-04-28,OSA,LASP,1,-1
2001,2002-04-28,RAYO,ATHB,1,-1
2001,2002-04-28,SEV,ALA,1,0
2001,2002-04-28,TEN,VLLD,-1,0
2001,2002-04-28,ZAR,CEL,-1,0
2001,2002-04-27,BARC,VIL,1,0
2001,2002-04-27,RSO,RMA,1,1
2001,2002-04-27,VLC,ESP,1,1
2001,2002-04-21,ALA,ZAR,1,1
2001,2002-04-21,ATHB,SEV,-1,-1
2001,2002-04-21,BET,RSO,1,1
2001,2002-04-21,ESP,VIL,1,-1
2001,2002-04-21,MLG,MALL,0,-1
2001,2002-04-21,VLC,LAC,1,1
2001,2002-04-21,VLLD,OSA,1,1
2001,2002-04-20,CEL,BARC,1,1
2001,2002-04-20,LASP,RAYO,-1,-1
2001,2002-04-20,RMA,TEN,1,-1
2001,2002-04-14,BARC,ALA,1,0
2001,2002-04-14,LAC,ESP,1,0
2001,2002-04-14,OSA,RMA,1,-1
2001,2002-04-14,RSO,MLG,1,1
2001,2002-04-14,RAYO,VLLD,1,1
2001,2002-04-14,SEV,LASP,0,1
2001,2002-04-14,TEN,BET,1,0
2001,2002-04-14,VIL,CEL,1,0
2001,2002-04-14,ZAR,ATHB,0,1
2001,2002-04-13,MALL,VLC,0,0
2001,2002-04-07,ALA,VIL,1,1
2001,2002-04-07,BET,OSA,0,-1
2001,2002-04-07,ESP,CEL,1,1
2001,2002-04-07,MLG,TEN,1,0
2001,2002-04-07,VLC,RSO,1,-1
2001,2002-04-07,VLLD,SEV,0,-1
2001,2002-04-06,ATHB,BARC,-1,-1
2001,2002-04-06,LAC,MALL,1,-1
2001,2002-04-06,LASP,ZAR,0,-1
2001,2002-04-06,RMA,RAYO,1,1
2001,2002-03-31,MALL,ESP,1,0
2001,2002-03-31,OSA,MLG,-1,1
2001,2002-03-31,RAYO,BET,0,-1
2001,2002-03-31,VIL,ATHB,1,0
2001,2002-03-31,ZAR,VLLD,0,0
2001,2002-03-30,BARC,LASP,0,-1
2001,2002-03-30,CEL,ALA,1,1
2001,2002-03-30,RSO,LAC,0,-1
2001,2002-03-30,SEV,RMA,-1,0
2001,2002-03-30,TEN,VLC,-1,1
2001,2002-03-24,ATHB,CEL,-1,1
2001,2002-03-24,LAC,TEN,1,1
2001,2002-03-24,ESP,ALA,-1,0
2001,2002-03-24,MALL,RSO,-1,1
2001,2002-03-24,RMA,ZAR,1,1
2001,2002-03-24,VLC,OSA,1,1
2001,2002-03-24,VLLD,BARC,-1,-1
2001,2002-03-23,BET,SEV,0,-1
2001,2002-03-23,LASP,VIL,1,1
2001,2002-03-23,MLG,RAYO,0,-1
2001,2002-03-17,ALA,ATHB,-1,1
2001,2002-03-17,CEL,LASP,1,1
2001,2002-03-17,RSO,ESP,1,1
2001,2002-03-17,RAYO,VLC,1,1
2001,2002-03-17,SEV,MLG,-1,-1
2001,2002-03-17,TEN,MALL,0,0
2001,2002-03-17,VIL,VLLD,0,-1
2001,2002-03-17,ZAR,BET,0,1
2001,2002-03-16,BARC,RMA,0,-1
2001,2002-03-16,OSA,LAC,-1,-1
2001,2002-03-10,ESP,ATHB,1,1
2001,2002-03-10,MLG,ZAR,1,0
2001,2002-03-10,MALL,OSA,1,-1
2001,2002-03-10,RSO,TEN,-1,0
2001,2002-03-10,VLC,SEV,1,0
2001,2002-03-10,VLLD,CEL,-1,1
2001,2002-03-09,BET,BARC,1,1
2001,2002-03-09,LAC,RAYO,0,0
2001,2002-03-09,LASP,ALA,1,1
2001,2002-03-09,RMA,VIL,1,-1
2001,2002-03-03,ALA,VLLD,1,-1
2001,2002-03-03,ATHB,LASP,1,-1
2001,2002-03-03,BARC,MLG,1,0
2001,2002-03-03,OSA,RSO,0,0
2001,2002-03-03,RAYO,MALL,-1,-1
2001,2002-03-03,TEN,ESP,0,1
2001,2002-03-03,ZAR,VLC,-1,0
2001,2002-03-02,CEL,RMA,-1,1
2001,2002-03-02,SEV,LAC,-1,-1
2001,2002-03-02,VIL,BET,0,0
2001,2002-02-24,BET,CEL,1,1
2001,2002-02-24,ESP,LASP,1,-1
2001,2002-02-24,MLG,VIL,1,1
2001,2002-02-24,MALL,SEV,-1,0
2001,2002-02-24,RSO,RAYO,0,-1
2001,2002-02-24,TEN,OSA,1,1
2001,2002-02-24,VLLD,ATHB,1,-1
2001,2002-02-23,LAC,ZAR,1,1
2001,2002-02-23,RMA,ALA,1,0
2001,2002-02-23,VLC,BARC,1,1
2001,2002-02-17,ALA,BET,-1,-1
2001,2002-02-17,CEL,MLG,0,-1
2001,2002-02-17,LASP,VLLD,0,-1
2001,2002-02-17,OSA,ESP,0,0
2001,2002-02-17,RAYO,TEN,1,1
2001,2002-02-17,SEV,RSO,-1,-1
2001,2002-02-17,ZAR,MALL,1,0
2001,2002-02-16,ATHB,RMA,1,1
2001,2002-02-16,BARC,LAC,1,-1
2001,2002-02-16,VIL,VLC,0,-1
2001,2002-02-10,BET,ATHB,0,1
2001,2002-02-10,LAC,VIL,0,0
2001,2002-02-10,ESP,VLLD,1,1
2001,2002-02-10,MLG,ALA,1,-1
2001,2002-02-10,OSA,RAYO,1,1
2001,2002-02-10,RMA,LASP,1,-1
2001,2002-02-10,RSO,ZAR,1,0
2001,2002-02-10,TEN,SEV,0,-1
2001,2002-02-09,MALL,BARC,0,-1
2001,2002-02-09,VLC,CEL,0,0
2001,2002-02-06,ALA,VLC,-1,-1
2001,2002-02-06,ATHB,MLG,1,1
2001,2002-02-06,BARC,RSO,1,1
2001,2002-02-06,LASP,BET,0,1
2001,2002-02-06,RAYO,ESP,0,-1
2001,2002-02-06,SEV,OSA,0,0
2001,2002-02-06,VLLD,RMA,1,0
2001,2002-02-06,VIL,MALL,1,0
2001,2002-02-06,ZAR,TEN,0,1
2001,2002-02-05,CEL,LAC,-1,0
2001,2002-02-03,BET,VLLD,1,1
2001,2002-02-03,ESP,RMA,1,1
2001,2002-02-03,MLG,LASP,0,-1
2001,2002-02-03,OSA,ZAR,0,-1
2001,2002-02-03,VLC,ATHB,1,0
2001,2002-02-02,LAC,ALA,-1,1
2001,2002-02-02,MALL,CEL,-1,1
2001,2002-02-02,RSO,VIL,1,0
2001,2002-02-02,RAYO,SEV,1,-1
2001,2002-02-02,TEN,BARC,-1,0
2001,2002-01-27,ALA,MALL,-1,0
2001,2002-01-27,ATHB,LAC,0,1
2001,2002-01-27,BARC,OSA,-1,0
2001,2002-01-27,RMA,BET,0,1
2001,2002-01-27,SEV,ESP,1,-1
2001,2002-01-27,VLLD,MLG,0,0
2001,2002-01-27,VIL,TEN,1,-1
2001,2002-01-27,ZAR,RAYO,1,-1
2001,2002-01-26,CEL,RSO,1,-1
2001,2002-01-26,LASP,VLC,-1,0
2001,2002-01-23,RAYO,ALA,1,-1
2001,2002-01-20,LAC,LASP,1,1
2001,2002-01-20,ESP,BET,0,-1
2001,2002-01-20,MALL,ATHB,1,-1
2001,2002-01-20,OSA,VIL,0,-1
2001,2002-01-20,RAYO,BARC,1,-1
2001,2002-01-20,SEV,ZAR,1,0
2001,2002-01-20,TEN,CEL,0,-1
2001,2002-01-20,VLC,VLLD,-1,1
2001,2002-01-19,MLG,RMA,0,0
2001,2002-01-19,RSO,ALA,-1,0
2001,2002-01-13,ALA,TEN,1,0
2001,2002-01-13,BARC,SEV,1,-1
2001,2002-01-13,BET,MLG,0,-1
2001,2002-01-13,CEL,OSA,0,0
2001,2002-01-13,LASP,MALL,1,1
2001,2002-01-13,RMA,VLC,1,0
2001,2002-01-13,VLLD,LAC,1,1
2001,2002-01-13,ZAR,ESP,0,0
2001,2002-01-12,ATHB,RSO,1,1
2001,2002-01-12,VIL,RAYO,0,0
2001,2002-01-06,ALA,OSA,-1,0
2001,2002-01-06,ATHB,TEN,-1,-1
2001,2002-01-06,BARC,ZAR,1,0
2001,2002-01-06,BET,VLC,-1,1
2001,2002-01-06,MLG,ESP,1,-1
2001,2002-01-06,VLLD,MALL,1,0
2001,2002-01-05,CEL,RAYO,0,0
2001,2002-01-05,LASP,RSO,0,1
2001,2002-01-05,RMA,LAC,1,-1
2001,2002-01-05,VIL,SEV,-1,1
2001,2001-12-23,MALL,RMA,0,-1
2001,2001-12-23,OSA,ATHB,-1,-1
2001,2001-12-23,ZAR,VIL,1,0
2001,2001-12-22,LAC,BET,1,0
2001,2001-12-22,ESP,BARC,1,-1
2001,2001-12-22,RSO,VLLD,1,0
2001,2001-12-22,SEV,CEL,-1,0
2001,2001-12-22,TEN,LASP,-1,0
2001,2001-12-22,VLC,MLG,1,1
2001,2001-12-16,ALA,SEV,-1,-1
2001,2001-12-16,ATHB,RAYO,0,1
2001,2001-12-16,BET,MALL,1,-1
2001,2001-12-16,CEL,ZAR,1,0
2001,2001-12-16,MLG,LAC,0,0
2001,2001-12-16,VLLD,TEN,0,1
2001,2001-12-16,VIL,BARC,-1,-1
2001,2001-12-15,ESP,VLC,-1,-1
2001,2001-12-15,LASP,OSA,0,0
2001,2001-12-15,RMA,RSO,1,0
2001,2001-12-09,BARC,CEL,0,0
2001,2001-12-09,LAC,VLC,1,0
2001,2001-12-09,MALL,MLG,0,-1
2001,2001-12-09,OSA,VLLD,1,-1
2001,2001-12-09,RSO,BET,0,-1
2001,2001-12-09,RAYO,LASP,0,-1
2001,2001-12-09,VIL,ESP,0,0
2001,2001-12-09,ZAR,ALA,-1,1
2001,2001-12-08,SEV,ATHB,0,-1
2001,2001-12-08,TEN,RMA,-1,-1
2001,2001-12-02,ATHB,ZAR,1,1
2001,2001-12-02,BET,TEN,1,0
2001,2001-12-02,CEL,VIL,1,1
2001,2001-12-02,LASP,SEV,1,-1
2001,2001-12-02,MLG,RSO,1,0
2001,2001-12-02,VLLD,RAYO,1,-1
2001,2001-12-01,ALA,BARC,1,-1
2001,2001-12-01,ESP,LAC,1,1
2001,2001-12-01,RMA,OSA,1,0
2001,2001-12-01,VLC,MALL,0,1
2001,2001-11-25,CEL,ESP,1,0
2001,2001-11-25,MALL,LAC,1,0
2001,2001-11-25,OSA,BET,-1,-1
2001,2001-11-25,RSO,VLC,1,0
2001,2001-11-25,RAYO,RMA,-1,-1
2001,2001-11-25,SEV,VLLD,1,-1
2001,2001-11-25,TEN,MLG,1,-1
2001,2001-11-25,VIL,ALA,1,0
2001,2001-11-25,ZAR,LASP,1,-1
2001,2001-11-24,BARC,ATHB,-1,1
2001,2001-11-18,ALA,CEL,1,1
2001,2001-11-18,ATHB,VIL,0,0
2001,2001-11-18,BET,RAYO,1,1
2001,2001-11-18,ESP,MALL,1,1
2001,2001-11-18,MLG,OSA,1,1
2001,2001-11-18,VLC,TEN,0,1
2001,2001-11-18,VLLD,ZAR,1,1
2001,2001-11-17,LAC,RSO,1,1
2001,2001-11-17,LASP,BARC,0,-1
2001,2001-11-17,RMA,SEV,1,-1
2001,2001-11-11,ALA,ESP,1,0
2001,2001-11-11,BARC,VLLD,1,-1
2001,2001-11-11,CEL,ATHB,-1,0
2001,2001-11-11,OSA,VLC,0,1
2001,2001-11-11,RSO,MALL,-1,1
2001,2001-11-11,RAYO,MLG,1,1
2001,2001-11-11,TEN,LAC,1,1
2001,2001-11-11,VIL,LASP,1,-1
2001,2001-11-11,ZAR,RMA,1,1
2001,2001-11-10,SEV,BET,0,0
2001,2001-11-04,BET,ZAR,-1,1
2001,2001-11-04,LAC,OSA,1,-1
2001,2001-11-04,ESP,RSO,-1,1
2001,2001-11-04,LASP,CEL,1,-1
2001,2001-11-04,MLG,SEV,-1,0
2001,2001-11-04,MALL,TEN,1,-1
2001,2001-11-04,RMA,BARC,1,-1
2001,2001-11-04,VLC,RAYO,1,1
2001,2001-11-04,VLLD,VIL,1,0
2001,2001-11-03,ATHB,ALA,1,-1
2001,2001-10-28,ALA,LASP,1,0
2001,2001-10-28,ATHB,ESP,0,-1
2001,2001-10-28,CEL,VLLD,0,-1
2001,2001-10-28,SEV,VLC,0,1
2001,2001-10-28,ZAR,MLG,-1,0
2001,2001-10-27,BARC,BET,1,1
2001,2001-10-27,OSA,MALL,1,-1
2001,2001-10-27,RAYO,LAC,1,0
2001,2001-10-27,TEN,RSO,-1,0
2001,2001-10-27,VIL,RMA,-1,1
2001,2001-10-21,ESP,TEN,1,-1
2001,2001-10-21,MALL,RAYO,1,1
2001,2001-10-21,RMA,CEL,0,-1
2001,2001-10-21,VLC,ZAR,1,1
2001,2001-10-21,VLLD,ALA,-1,1
2001,2001-10-20,BET,VIL,0,1
2001,2001-10-20,LAC,SEV,1,1
2001,2001-10-20,LASP,ATHB,0,0
2001,2001-10-20,MLG,BARC,0,1
2001,2001-10-20,RSO,OSA,1,1
2001,2001-10-14,ATHB,VLLD,-1,1
2001,2001-10-14,BARC,VLC,0,-1
2001,2001-10-14,CEL,BET,1,-1
2001,2001-10-14,LASP,ESP,1,0
2001,2001-10-14,OSA,TEN,-1,0
2001,2001-10-14,RAYO,RSO,1,0
2001,2001-10-14,VIL,MLG,-1,1
2001,2001-10-13,ALA,RMA,0,1
2001,2001-10-13,SEV,MALL,0,0
2001,2001-10-13,ZAR,LAC,-1,0
2001,2001-10-07,BET,ALA,1,1
2001,2001-10-07,ESP,OSA,0,0
2001,2001-10-07,MLG,CEL,0,1
2001,2001-10-07,MALL,ZAR,-1,1
2001,2001-10-07,RSO,SEV,0,1
2001,2001-10-07,TEN,RAYO,1,-1
2001,2001-10-07,VLC,VIL,1,-1
2001,2001-10-07,VLLD,LASP,1,0
2001,2001-10-06,LAC,BARC,1,0
2001,2001-10-06,RMA,ATHB,1,1
2001,2001-10-04,CEL,VLC,0,-1
2001,2001-10-03,ALA,MLG,1,-1
2001,2001-10-03,ATHB,BET,0,0
2001,2001-10-03,BARC,MALL,1,1
2001,2001-10-03,LASP,RMA,1,0
2001,2001-10-03,RAYO,OSA,-1,-1
2001,2001-10-03,SEV,TEN,1,0
2001,2001-10-03,VLLD,ESP,-1,-1
2001,2001-10-03,VIL,LAC,0,0
2001,2001-10-03,ZAR,RSO,1,-1
2001,2001-09-30,BET,LASP,1,1
2001,2001-09-30,LAC,CEL,0,0
2001,2001-09-30,MALL,VIL,-1,0
2001,2001-09-30,OSA,SEV,1,0
2001,2001-09-30,TEN,ZAR,0,1
2001,2001-09-30,VLC,ALA,0,-1
2001,2001-09-29,ESP,RAYO,1,0
2001,2001-09-29,MLG,ATHB,-1,1
2001,2001-09-29,RMA,VLLD,0,0
2001,2001-09-29,RSO,BARC,-1,-1
2001,2001-09-23,ATHB,VLC,0,-1
2001,2001-09-23,CEL,MALL,1,0
2001,2001-09-23,SEV,RAYO,1,1
2001,2001-09-23,VLLD,BET,-1,1
2001,2001-09-23,ZAR,OSA,-1,1
2001,2001-09-22,ALA,LAC,-1,0
2001,2001-09-22,BARC,TEN,1,-1
2001,2001-09-22,LASP,MLG,0,0
2001,2001-09-22,RMA,ESP,1,0
2001,2001-09-22,VIL,RSO,1,-1
2001,2001-09-16,ESP,SEV,-1,1
2001,2001-09-16,MLG,VLLD,-1,0
2001,2001-09-16,RSO,CEL,0,-1
2001,2001-09-16,RAYO,ZAR,-1,-1
2001,2001-09-16,TEN,VIL,1,1
2001,2001-09-16,VLC,LASP,1,1
2001,2001-09-15,BET,RMA,1,0
2001,2001-09-15,LAC,ATHB,-1,0
2001,2001-09-15,MALL,ALA,0,0
2001,2001-09-15,OSA,BARC,0,1
2001,2001-09-09,ALA,RSO,1,0
2001,2001-09-09,BARC,RAYO,0,1
2001,2001-09-09,BET,ESP,1,-1
2001,2001-09-09,CEL,TEN,1,0
2001,2001-09-09,VLLD,VLC,0,1
2001,2001-09-09,ZAR,SEV,0,0
2001,2001-09-08,ATHB,MALL,-1,-1
2001,2001-09-08,LASP,LAC,-1,1
2001,2001-09-08,RMA,MLG,0,1
2001,2001-09-08,VIL,OSA,1,-1
2001,2001-08-26,LAC,VLLD,1,-1
2001,2001-08-26,ESP,ZAR,1,1
2001,2001-08-26,MLG,BET,1,-1
2001,2001-08-26,MALL,LASP,-1,1
2001,2001-08-26,OSA,CEL,-1,-1
2001,2001-08-26,RSO,ATHB,-1,0
2001,2001-08-26,RAYO,VIL,-1,0
2001,2001-08-26,SEV,BARC,-1,-1
2001,2001-08-26,TEN,ALA,-1,-1
2001,2001-08-25,VLC,RMA,1,1
2000,2001-06-17,BARC,VLC,1,0
2000,2001-06-17,LAC,MLG,1,-1
2000,2001-06-17,MALL,OVI,1,-1
2000,2001-06-17,RMA,VLLD,1,0
2000,2001-06-17,RSO,OSA,-1,1
2000,2001-06-17,ZAR,CEL,0,1
2000,2001-06-16,LASP,RAYO,1,1
2000,2001-06-16,NUM,ALA,1,-1
2000,2001-06-16,SAN,ATHB,1,0
2000,2001-06-16,VIL,ESP,1,0
2000,2001-06-10,ALA,MALL,-1,0
2000,2001-06-10,ATHB,RSO,-1,0
2000,2001-06-10,CEL,VIL,1,-1
2000,2001-06-10,ESP,LASP,1,-1
2000,2001-06-10,MLG,SAN,1,-1
2000,2001-06-10,OSA,ZAR,1,1
2000,2001-06-10,OVI,RMA,0,-1
2000,2001-06-10,RAYO,NUM,1,1
2000,2001-06-10,VLC,LAC,-1,1
2000,2001-06-10,VLLD,BARC,0,-1
2000,2001-05-27,ATHB,MLG,-1,1
2000,2001-05-27,BARC,OVI,-1,0
2000,2001-05-27,LAC,VLLD,-1,1
2000,2001-05-27,MALL,RAYO,1,-1
2000,2001-05-27,NUM,ESP,1,1
2000,2001-05-27,SAN,VLC,0,1
2000,2001-05-27,VIL,OSA,1,1
2000,2001-05-27,ZAR,RSO,0,-1
2000,2001-05-26,LASP,CEL,-1,-1
2000,2001-05-26,RMA,ALA,1,-1
2000,2001-05-20,CEL,NUM,0,1
2000,2001-05-20,ESP,MALL,-1,-1
2000,2001-05-20,OSA,LASP,0,1
2000,2001-05-20,OVI,LAC,-1,0
2000,2001-05-20,RSO,MLG,1,-1
2000,2001-05-20,RAYO,RMA,-1,1
2000,2001-05-20,VLLD,SAN,0,-1
2000,2001-05-20,ZAR,VIL,0,-1
2000,2001-05-19,ALA,BARC,-1,1
2000,2001-05-18,VLC,ATHB,1,-1
2000,2001-05-13,ATHB,VLLD,0,0
2000,2001-05-13,BARC,RAYO,1,-1
2000,2001-05-13,LASP,ZAR,1,1
2000,2001-05-13,MLG,VLC,1,1
2000,2001-05-13,MALL,CEL,1,0
2000,2001-05-13,NUM,OSA,1,0
2000,2001-05-13,RMA,ESP,0,0
2000,2001-05-13,SAN,OVI,1,-1
2000,2001-05-12,VIL,RSO,-1,1
2000,2001-05-11,LAC,ALA,1,1
2000,2001-05-06,ALA,SAN,1,-1
2000,2001-05-06,OSA,MALL,1,0
2000,2001-05-06,OVI,ATHB,1,-1
2000,2001-05-06,RAYO,LAC,0,1
2000,2001-05-06,VLLD,MLG,0,1
2000,2001-05-06,VIL,LASP,1,0
2000,2001-05-06,ZAR,NUM,1,1
2000,2001-05-05,CEL,RMA,1,0
2000,2001-05-05,ESP,BARC,0,-1
2000,2001-05-05,RSO,VLC,-1,-1
2000,2001-04-29,ATHB,ALA,1,1
2000,2001-04-29,BARC,CEL,0,1
2000,2001-04-29,LAC,ESP,1,1
2000,2001-04-29,LASP,RSO,1,1
2000,2001-04-29,MLG,OVI,0,0
2000,2001-04-29,MALL,ZAR,1,0
2000,2001-04-29,NUM,VIL,-1,1
2000,2001-04-29,SAN,RAYO,0,0
2000,2001-04-28,RMA,OSA,0,0
2000,2001-04-28,VLC,VLLD,1,1
2000,2001-04-22,ALA,MLG,-1,1
2000,2001-04-22,ESP,SAN,1,0
2000,2001-04-22,LASP,NUM,0,1
2000,2001-04-22,OSA,BARC,1,1
2000,2001-04-22,OVI,VLC,0,1
2000,2001-04-22,RSO,VLLD,1,0
2000,2001-04-22,RAYO,ATHB,-1,1
2000,2001-04-22,VIL,MALL,0,-1
2000,2001-04-22,ZAR,RMA,-1,-1
2000,2001-04-21,CEL,LAC,1,-1
2000,2001-04-15,ATHB,ESP,-1,1
2000,2001-04-15,MLG,RAYO,0,0
2000,2001-04-15,MALL,LASP,1,1
2000,2001-04-15,NUM,RSO,0,1
2000,2001-04-15,SAN,CEL,1,0
2000,2001-04-15,VLLD,OVI,1,0
2000,2001-04-14,BARC,ZAR,0,1
2000,2001-04-14,LAC,OSA,1,-1
2000,2001-04-14,RMA,VIL,1,0
2000,2001-04-14,VLC,ALA,-1,0
2000,2001-04-08,ALA,VLLD,1,1
2000,2001-04-08,CEL,ATHB,1,0
2000,2001-04-08,ESP,MLG,-1,-1
2000,2001-04-08,LASP,RMA,-1,0
2000,2001-04-08,NUM,MALL,-1,1
2000,2001-04-08,OSA,SAN,0,-1
2000,2001-04-08,RSO,OVI,1,-1
2000,2001-04-08,VIL,BARC,0,0
2000,2001-04-08,ZAR,LAC,1,0
2000,2001-04-07,RAYO,VLC,-1,0
2000,2001-04-01,ATHB,OSA,-1,-1
2000,2001-04-01,BARC,LASP,1,1
2000,2001-04-01,MALL,RSO,0,-1
2000,2001-04-01,OVI,ALA,0,1
2000,2001-04-01,SAN,ZAR,1,-1
2000,2001-04-01,VLLD,RAYO,-1,-1
2000,2001-03-31,LAC,VIL,1,1
2000,2001-03-31,MLG,CEL,-1,-1
2000,2001-03-31,RMA,NUM,1,-1
2000,2001-03-31,VLC,ESP,-1,-1
2000,2001-03-18,CEL,VLC,1,-1
2000,2001-03-18,ESP,VLLD,1,0
2000,2001-03-18,MALL,RMA,1,0
2000,2001-03-18,NUM,BARC,0,1
2000,2001-03-18,OSA,MLG,0,1
2000,2001-03-18,RSO,ALA,0,0
2000,2001-03-18,RAYO,OVI,-1,-1
2000,2001-03-18,VIL,SAN,1,-1
2000,2001-03-18,ZAR,ATHB,0,0
2000,2001-03-17,LASP,LAC,1,0
2000,2001-03-11,ALA,RAYO,1,1
2000,2001-03-11,BARC,MALL,0,1
2000,2001-03-11,MLG,ZAR,1,1
2000,2001-03-11,OVI,ESP,0,1
2000,2001-03-11,RMA,RSO,1,0
2000,2001-03-11,SAN,LASP,1,0
2000,2001-03-11,VLLD,CEL,-1,0
2000,2001-03-10,ATHB,VIL,0,1
2000,2001-03-10,LAC,NUM,1,0
2000,2001-03-10,VLC,OSA,1,0
2000,2001-03-04,CEL,OVI,1,0
2000,2001-03-04,ESP,ALA,0,0
2000,2001-03-04,LASP,ATHB,0,-1
2000,2001-03-04,NUM,SAN,1,-1
2000,2001-03-04,OSA,VLLD,1,-1
2000,2001-03-04,VIL,MLG,-1,0
2000,2001-03-03,MALL,LAC,1,0
2000,2001-03-03,RMA,BARC,0,-1
2000,2001-03-03,RSO,RAYO,1,0
2000,2001-03-03,ZAR,VLC,0,0
2000,2001-02-25,ALA,CEL,0,1
2000,2001-02-25,ATHB,NUM,1,0
2000,2001-02-25,BARC,RSO,1,0
2000,2001-02-25,MLG,LASP,1,-1
2000,2001-02-25,OVI,OSA,-1,-1
2000,2001-02-25,RAYO,ESP,0,-1
2000,2001-02-25,SAN,MALL,1,-1
2000,2001-02-25,VLC,VIL,1,-1
2000,2001-02-25,VLLD,ZAR,1,-1
2000,2001-02-24,LAC,RMA,0,1
2000,2001-02-18,CEL,RAYO,0,1
2000,2001-02-18,MALL,ATHB,1,1
2000,2001-02-18,NUM,MLG,1,1
2000,2001-02-18,OSA,ALA,-1,-1
2000,2001-02-18,RSO,ESP,1,0
2000,2001-02-18,VIL,VLLD,1,-1
2000,2001-02-18,ZAR,OVI,1,0
2000,2001-02-17,BARC,LAC,-1,0
2000,2001-02-17,LASP,VLC,-1,0
2000,2001-02-17,RMA,SAN,1,1
2000,2001-02-11,ALA,ZAR,1,1
2000,2001-02-11,MLG,MALL,-1,0
2000,2001-02-11,OVI,VIL,-1,0
2000,2001-02-11,SAN,BARC,1,-1
2000,2001-02-11,VLLD,LASP,1,0
2000,2001-02-10,ATHB,RMA,1,1
2000,2001-02-10,LAC,RSO,1,1
2000,2001-02-10,ESP,CEL,-1,-1
2000,2001-02-10,RAYO,OSA,1,-1
2000,2001-02-10,VLC,NUM,1,1
2000,2001-02-04,LAC,SAN,1,-1
2000,2001-02-04,LASP,OVI,1,1
2000,2001-02-04,MALL,VLC,0,1
2000,2001-02-04,NUM,VLLD,0,0
2000,2001-02-04,OSA,ESP,-1,-1
2000,2001-02-04,RMA,MLG,1,0
2000,2001-02-04,RSO,CEL,0,1
2000,2001-02-04,VIL,ALA,1,-1
2000,2001-02-04,ZAR,RAYO,1,1
2000,2001-02-03,BARC,ATHB,1,0
2000,2001-01-28,ALA,LASP,1,1
2000,2001-01-28,CEL,OSA,1,-1
2000,2001-01-28,OVI,NUM,1,1
2000,2001-01-28,RAYO,VIL,-1,0
2000,2001-01-28,SAN,RSO,-1,-1
2000,2001-01-28,VLC,RMA,-1,0
2000,2001-01-28,VLLD,MALL,1,0
2000,2001-01-27,ATHB,LAC,0,1
2000,2001-01-27,ESP,ZAR,1,-1
2000,2001-01-27,MLG,BARC,0,1
2000,2001-01-24,RMA,ZAR,1,1
2000,2001-01-21,ALA,NUM,-1,1
2000,2001-01-21,ATHB,SAN,1,-1
2000,2001-01-21,CEL,ZAR,0,1
2000,2001-01-21,ESP,VIL,1,-1
2000,2001-01-21,MLG,LAC,-1,1
2000,2001-01-21,OSA,RSO,0,-1
2000,2001-01-21,OVI,MALL,0,0
2000,2001-01-21,RAYO,LASP,0,0
2000,2001-01-21,VLLD,RMA,0,0
2000,2001-01-20,VLC,BARC,-1,0
2000,2001-01-14,LASP,ESP,1,0
2000,2001-01-14,MALL,ALA,1,0
2000,2001-01-14,NUM,RAYO,-1,1
2000,2001-01-14,RMA,OVI,1,1
2000,2001-01-14,RSO,ATHB,-1,0
2000,2001-01-14,SAN,MLG,-1,0
2000,2001-01-14,VIL,CEL,1,0
2000,2001-01-14,ZAR,OSA,1,-1
2000,2001-01-13,BARC,VLLD,1,0
2000,2001-01-13,LAC,VLC,1,-1
2000,2001-01-07,ALA,RMA,-1,1
2000,2001-01-07,CEL,LASP,-1,1
2000,2001-01-07,ESP,NUM,1,1
2000,2001-01-07,OSA,VIL,1,0
2000,2001-01-07,OVI,BARC,-1,-1
2000,2001-01-07,RSO,ZAR,0,1
2000,2001-01-07,RAYO,MALL,0,-1
2000,2001-01-07,VLC,SAN,1,1
2000,2001-01-07,VLLD,LAC,1,0
2000,2001-01-06,MLG,ATHB,1,1
2000,2000-12-20,ATHB,VLC,0,-1
2000,2000-12-20,BARC,ALA,1,1
2000,2000-12-20,LAC,OVI,1,0
2000,2000-12-20,LASP,OSA,1,-1
2000,2000-12-20,MLG,RSO,1,1
2000,2000-12-20,MALL,ESP,1,0
2000,2000-12-20,NUM,CEL,1,-1
2000,2000-12-20,SAN,VLLD,0,1
2000,2000-12-20,VIL,ZAR,0,-1
2000,2000-12-19,RMA,RAYO,1,0
2000,2000-12-17,CEL,MALL,0,-1
2000,2000-12-17,OSA,NUM,1,1
2000,2000-12-17,OVI,SAN,1,1
2000,2000-12-17,VLC,MLG,1,1
2000,2000-12-17,VLLD,ATHB,0,0
2000,2000-12-16,ALA,LAC,1,0
2000,2000-12-16,ESP,RMA,-1,1
2000,2000-12-16,RSO,VIL,-1,0
2000,2000-12-16,RAYO,BARC,0,0
2000,2000-12-16,ZAR,LASP,1,1
2000,2000-12-10,ATHB,OVI,1,0
2000,2000-12-10,BARC,ESP,1,-1
2000,2000-12-10,LAC,RAYO,0,1
2000,2000-12-10,MLG,VLLD,1,1
2000,2000-12-10,MALL,OSA,0,-1
2000,2000-12-10,RMA,CEL,1,0
2000,2000-12-10,SAN,ALA,1,1
2000,2000-12-09,LASP,VIL,-1,-1
2000,2000-12-09,NUM,ZAR,0,0
2000,2000-12-09,VLC,RSO,1,-1
2000,2000-12-03,ALA,ATHB,1,-1
2000,2000-12-03,OVI,MLG,1,-1
2000,2000-12-03,RSO,LASP,0,0
2000,2000-12-03,VIL,NUM,0,-1
2000,2000-12-03,ZAR,MALL,0,1
2000,2000-12-02,CEL,BARC,0,0
2000,2000-12-02,ESP,LAC,-1,-1
2000,2000-12-02,OSA,RMA,-1,-1
2000,2000-12-02,RAYO,SAN,1,1
2000,2000-12-02,VLLD,VLC,0,0
2000,2000-11-26,ATHB,RAYO,1,-1
2000,2000-11-26,BARC,OSA,1,0
2000,2000-11-26,LAC,CEL,1,0
2000,2000-11-26,MLG,ALA,1,-1
2000,2000-11-26,NUM,LASP,-1,1
2000,2000-11-26,SAN,ESP,-1,-1
2000,2000-11-26,VLC,OVI,1,-1
2000,2000-11-26,VLLD,RSO,1,1
2000,2000-11-25,MALL,VIL,1,-1
2000,2000-11-19,CEL,SAN,0,-1
2000,2000-11-19,ESP,ATHB,1,0
2000,2000-11-19,OVI,VLLD,1,1
2000,2000-11-19,RSO,NUM,1,0
2000,2000-11-19,RAYO,MLG,1,0
2000,2000-11-19,ZAR,BARC,1,0
2000,2000-11-18,ALA,VLC,0,1
2000,2000-11-18,LASP,MALL,1,0
2000,2000-11-18,OSA,LAC,0,0
2000,2000-11-18,VIL,RMA,-1,0
2000,2000-11-12,ATHB,CEL,1,1
2000,2000-11-12,BARC,VIL,-1,1
2000,2000-11-12,MLG,ESP,0,1
2000,2000-11-12,MALL,NUM,1,0
2000,2000-11-12,OVI,RSO,1,0
2000,2000-11-12,RMA,LASP,1,1
2000,2000-11-12,SAN,OSA,0,-1
2000,2000-11-12,VLC,RAYO,0,0
2000,2000-11-12,VLLD,ALA,1,1
2000,2000-11-11,LAC,ZAR,1,0
2000,2000-11-05,ALA,OVI,1,1
2000,2000-11-05,OSA,ATHB,0,1
2000,2000-11-05,RSO,MALL,-1,-1
2000,2000-11-05,RAYO,VLLD,1,1
2000,2000-11-05,ZAR,SAN,1,1
2000,2000-11-04,CEL,MLG,1,-1
2000,2000-11-04,ESP,VLC,1,1
2000,2000-11-04,LASP,BARC,-1,0
2000,2000-11-04,NUM,RMA,1,1
2000,2000-11-04,VIL,LAC,1,1
2000,2000-11-01,ALA,RSO,-1,1
2000,2000-11-01,ATHB,ZAR,-1,1
2000,2000-11-01,BARC,NUM,0,-1
2000,2000-11-01,MLG,OSA,1,-1
2000,2000-11-01,OVI,RAYO,1,1
2000,2000-11-01,RMA,MALL,-1,-1
2000,2000-11-01,SAN,VIL,1,0
2000,2000-11-01,VLC,CEL,1,0
2000,2000-11-01,VLLD,ESP,0,-1
2000,2000-10-31,LAC,LASP,1,-1
2000,2000-10-29,CEL,VLLD,1,-1
2000,2000-10-29,ESP,OVI,1,0
2000,2000-10-29,OSA,VLC,-1,0
2000,2000-10-29,RSO,RMA,-1,-1
2000,2000-10-29,RAYO,ALA,-1,-1
2000,2000-10-28,LASP,SAN,1,0
2000,2000-10-28,MALL,BARC,1,0
2000,2000-10-28,NUM,LAC,-1,0
2000,2000-10-28,VIL,ATHB,0,1
2000,2000-10-28,ZAR,MLG,0,0
2000,2000-10-22,ALA,ESP,1,1
2000,2000-10-22,ATHB,LASP,-1,0
2000,2000-10-22,MLG,VIL,1,-1
2000,2000-10-22,OVI,CEL,1,1
2000,2000-10-22,RAYO,RSO,1,-1
2000,2000-10-22,SAN,NUM,1,-1
2000,2000-10-22,VLLD,OSA,0,1
2000,2000-10-21,BARC,RMA,1,0
2000,2000-10-21,LAC,MALL,0,1
2000,2000-10-21,VLC,ZAR,1,0
2000,2000-10-18,ESP,RSO,-1,1
2000,2000-10-15,CEL,ALA,0,1
2000,2000-10-15,MALL,SAN,1,-1
2000,2000-10-15,NUM,ATHB,0,1
2000,2000-10-15,OSA,OVI,0,0
2000,2000-10-15,ZAR,VLLD,0,1
2000,2000-10-14,ESP,RAYO,0,-1
2000,2000-10-14,LASP,MLG,1,0
2000,2000-10-14,RMA,LAC,1,1
2000,2000-10-14,RSO,BARC,-1,0
2000,2000-10-14,VIL,VLC,0,0
2000,2000-10-01,ALA,OSA,1,1
2000,2000-10-01,ATHB,MALL,1,1
2000,2000-10-01,LAC,BARC,1,1
2000,2000-10-01,MLG,NUM,-1,-1
2000,2000-10-01,OVI,ZAR,1,-1
2000,2000-10-01,RAYO,CEL,1,1
2000,2000-10-01,VLC,LASP,1,1
2000,2000-10-01,VLLD,VIL,0,-1
2000,2000-09-30,SAN,RMA,0,-1
2000,2000-09-24,CEL,ESP,1,0
2000,2000-09-24,MALL,MLG,-1,0
2000,2000-09-24,NUM,VLC,-1,1
2000,2000-09-24,OSA,RAYO,0,1
2000,2000-09-24,VIL,OVI,1,0
2000,2000-09-23,BARC,SAN,1,0
2000,2000-09-23,LASP,VLLD,0,0
2000,2000-09-23,RMA,ATHB,1,-1
2000,2000-09-23,RSO,LAC,0,-1
2000,2000-09-23,ZAR,ALA,0,-1
2000,2000-09-17,ALA,VIL,-1,-1
2000,2000-09-17,CEL,RSO,1,0
2000,2000-09-17,ESP,OSA,-1,0
2000,2000-09-17,OVI,LASP,0,1
2000,2000-09-17,RAYO,ZAR,0,1
2000,2000-09-16,ATHB,BARC,1,0
2000,2000-09-16,MLG,RMA,0,1
2000,2000-09-16,SAN,LAC,-1,0
2000,2000-09-16,VLC,MALL,1,0
2000,2000-09-16,VLLD,NUM,1,0
2000,2000-09-10,LASP,ALA,-1,-1
2000,2000-09-10,MALL,VLLD,0,1
2000,2000-09-10,NUM,OVI,1,-1
2000,2000-09-10,OSA,CEL,-1,-1
2000,2000-09-10,VIL,RAYO,-1,-1
2000,2000-09-09,BARC,MLG,1,1
2000,2000-09-09,LAC,ATHB,1,-1
2000,2000-09-09,RMA,VLC,1,1
2000,2000-09-09,RSO,SAN,0,-1
2000,2000-09-09,ZAR,ESP,-1,1
