season,date,home_team,away_team,hometeamgoals,awayteamgoals,hometeamresult,home_team_points,away_team_points,OddHome,OddDraw,OddAway
2024,2025-05-17,AUG,UNI,1.0,2.0,-1,0.0,3.0,2.08,3.47,3.52
2024,2025-05-17,DOR,HOLK,3.0,0.0,1,3.0,0.0,1.08,12.72,21.58
2024,2025-05-17,FRE,EINF,1.0,3.0,-1,0.0,3.0,2.37,3.72,2.76
2024,2025-05-17,HEI,WERB,1.0,4.0,-1,0.0,3.0,2.3,3.87,2.78
2024,2025-05-17,HOF,BAY,0.0,4.0,-1,0.0,3.0,5.11,5.23,1.5
2024,2025-05-17,MAI,LEVK,2.0,2.0,0,1.0,1.0,2.18,3.94,2.94
2024,2025-05-17,M'G,WOB,0.0,1.0,-1,0.0,3.0,2.19,4.23,2.79
2024,2025-05-17,RBL,STU,2.0,3.0,-1,0.0,3.0,1.99,4.24,3.19
2024,2025-05-17,STP,BOC,0.0,2.0,-1,0.0,3.0,1.67,4.2,4.68
2024,2025-05-11,LEVK,DOR,2.0,4.0,-1,0.0,3.0,2.65,3.94,2.39
2024,2025-05-11,EINF,STP,2.0,2.0,0,1.0,1.0,1.52,4.49,5.96
2024,2025-05-11,STU,AUG,4.0,0.0,1,3.0,0.0,1.55,4.46,5.47
2024,2025-05-10,BOC,MAI,1.0,4.0,-1,0.0,3.0,2.95,3.68,2.27
2024,2025-05-10,HOLK,FRE,1.0,2.0,-1,0.0,3.0,3.21,3.8,2.09
2024,2025-05-10,UNI,HEI,0.0,3.0,-1,0.0,3.0,2.19,3.47,3.28
2024,2025-05-10,WERB,RBL,0.0,0.0,0,1.0,1.0,2.36,3.68,2.82
2024,2025-05-10,BAY,M'G,2.0,0.0,1,3.0,0.0,1.16,9.49,12.4
2024,2025-05-09,WOB,HOF,2.0,2.0,0,1.0,1.0,2.29,3.7,2.94
2024,2025-05-04,AUG,HOLK,1.0,3.0,-1,0.0,3.0,1.84,3.76,4.14
2024,2025-05-04,FRE,LEVK,2.0,2.0,0,1.0,1.0,3.08,3.51,2.27
2024,2025-05-04,MAI,EINF,1.0,1.0,0,1.0,1.0,2.38,3.64,2.82
2024,2025-05-03,M'G,HOF,4.0,4.0,0,1.0,1.0,2.1,3.95,3.11
2024,2025-05-03,RBL,BAY,3.0,3.0,0,1.0,1.0,4.49,4.57,1.64
2024,2025-05-03,STP,STU,0.0,1.0,-1,0.0,3.0,2.67,3.47,2.57
2024,2025-05-03,UNI,WERB,2.0,2.0,0,1.0,1.0,2.72,3.42,2.56
2024,2025-05-03,DOR,WOB,4.0,0.0,1,3.0,0.0,1.32,5.97,7.96
2024,2025-05-02,HEI,BOC,0.0,0.0,0,1.0,1.0,2.29,3.54,3.06
2024,2025-04-27,BOC,UNI,1.0,1.0,0,1.0,1.0,2.3,3.49,3.04
2024,2025-04-27,WERB,STP,0.0,0.0,0,1.0,1.0,1.9,3.68,3.93
2024,2025-04-26,BAY,MAI,3.0,0.0,1,3.0,0.0,1.22,7.12,11.36
2024,2025-04-26,HOF,DOR,2.0,3.0,-1,0.0,3.0,4.15,4.3,1.73
2024,2025-04-26,HOLK,M'G,4.0,3.0,1,3.0,0.0,3.06,3.86,2.15
2024,2025-04-26,LEVK,AUG,2.0,0.0,1,3.0,0.0,1.36,5.01,8.72
2024,2025-04-26,WOB,FRE,0.0,1.0,-1,0.0,3.0,2.4,3.56,2.84
2024,2025-04-26,EINF,RBL,4.0,0.0,1,3.0,0.0,2.16,3.84,3.03
2024,2025-04-25,STU,HEI,0.0,1.0,-1,0.0,3.0,1.49,4.9,5.87
2024,2025-04-20,AUG,EINF,0.0,0.0,0,1.0,1.0,2.58,3.36,2.72
2024,2025-04-20,DOR,M'G,3.0,2.0,1,3.0,0.0,1.41,5.25,6.6
2024,2025-04-20,STP,LEVK,1.0,1.0,0,1.0,1.0,5.15,3.85,1.67
2024,2025-04-19,FRE,HOF,3.0,2.0,1,3.0,0.0,1.94,3.72,3.76
2024,2025-04-19,HEI,BAY,0.0,4.0,-1,0.0,3.0,9.41,6.18,1.28
2024,2025-04-19,MAI,WOB,2.0,2.0,0,1.0,1.0,2.02,3.65,3.53
2024,2025-04-19,RBL,HOLK,1.0,1.0,0,1.0,1.0,1.31,5.89,8.51
2024,2025-04-19,WERB,BOC,1.0,0.0,1,3.0,0.0,1.73,4.11,4.35
2024,2025-04-19,UNI,STU,4.0,4.0,0,1.0,1.0,2.83,3.4,2.48
2024,2025-04-13,STU,WERB,1.0,2.0,-1,0.0,3.0,1.64,4.45,4.57
2024,2025-04-13,EINF,HEI,3.0,0.0,1,3.0,0.0,1.72,4.08,4.41
2024,2025-04-12,BOC,AUG,1.0,2.0,-1,0.0,3.0,2.46,3.34,2.9
2024,2025-04-12,HOF,MAI,2.0,0.0,1,3.0,0.0,2.66,3.46,2.59
2024,2025-04-12,HOLK,STP,1.0,2.0,-1,0.0,3.0,3.16,3.37,2.29
2024,2025-04-12,LEVK,UNI,0.0,0.0,0,1.0,1.0,1.33,5.32,8.99
2024,2025-04-12,M'G,FRE,1.0,2.0,-1,0.0,3.0,2.18,3.65,3.15
2024,2025-04-12,BAY,DOR,2.0,2.0,0,1.0,1.0,1.43,5.2,6.4
2024,2025-04-11,WOB,RBL,2.0,3.0,-1,0.0,3.0,2.9,3.7,2.32
2024,2025-04-06,STP,M'G,1.0,1.0,0,1.0,1.0,2.49,3.4,2.8
2024,2025-04-06,UNI,WOB,1.0,0.0,1,3.0,0.0,2.45,3.31,2.92
2024,2025-04-05,BOC,STU,0.0,4.0,-1,0.0,3.0,3.13,3.71,2.16
2024,2025-04-05,FRE,DOR,1.0,4.0,-1,0.0,3.0,3.07,3.53,2.27
2024,2025-04-05,HEI,LEVK,0.0,1.0,-1,0.0,3.0,6.78,4.7,1.44
2024,2025-04-05,MAI,HOLK,1.0,1.0,0,1.0,1.0,1.44,4.72,6.92
2024,2025-04-05,RBL,HOF,3.0,1.0,1,3.0,0.0,1.54,4.53,5.57
2024,2025-04-05,WERB,EINF,2.0,0.0,1,3.0,0.0,2.64,3.67,2.51
2024,2025-04-04,AUG,BAY,1.0,3.0,-1,0.0,3.0,7.41,4.85,1.42
2024,2025-03-30,FRE,UNI,1.0,2.0,-1,0.0,3.0,2.0,3.43,3.89
2024,2025-03-30,DOR,MAI,3.0,1.0,1,3.0,0.0,1.66,4.1,4.86
2024,2025-03-29,BAY,STP,3.0,2.0,1,3.0,0.0,1.14,8.67,17.25
2024,2025-03-29,HOF,AUG,1.0,1.0,0,1.0,1.0,2.4,3.3,3.05
2024,2025-03-29,HOLK,WERB,0.0,3.0,-1,0.0,3.0,3.32,3.8,2.07
2024,2025-03-29,M'G,RBL,1.0,0.0,1,3.0,0.0,2.9,3.57,2.37
2024,2025-03-29,WOB,HEI,0.0,1.0,-1,0.0,3.0,1.66,4.02,5.04
2024,2025-03-29,EINF,STU,1.0,0.0,1,3.0,0.0,2.52,3.65,2.63
2024,2025-03-28,LEVK,BOC,3.0,1.0,1,3.0,0.0,1.23,6.58,12.03
2024,2025-03-16,BOC,EINF,1.0,3.0,-1,0.0,3.0,3.09,3.6,2.24
2024,2025-03-16,HEI,HOLK,3.0,1.0,1,3.0,0.0,2.02,3.59,3.64
2024,2025-03-16,STU,LEVK,3.0,4.0,-1,0.0,3.0,3.03,3.54,2.29
2024,2025-03-15,AUG,WOB,1.0,0.0,1,3.0,0.0,2.6,3.29,2.81
2024,2025-03-15,MAI,FRE,2.0,2.0,0,1.0,1.0,2.01,3.42,3.91
2024,2025-03-15,UNI,BAY,1.0,1.0,0,1.0,1.0,8.5,5.27,1.35
2024,2025-03-15,WERB,M'G,2.0,4.0,-1,0.0,3.0,2.4,3.61,2.83
2024,2025-03-15,RBL,DOR,2.0,0.0,1,3.0,0.0,2.41,3.63,2.82
2024,2025-03-14,STP,HOF,1.0,0.0,1,3.0,0.0,2.3,3.28,3.3
2024,2025-03-09,EINF,UNI,1.0,2.0,-1,0.0,3.0,1.74,4.04,4.45
2024,2025-03-09,HOF,HEI,1.0,1.0,0,1.0,1.0,1.77,3.98,4.31
2024,2025-03-08,BAY,BOC,2.0,3.0,-1,0.0,3.0,1.11,10.81,18.52
2024,2025-03-08,DOR,AUG,0.0,1.0,-1,0.0,3.0,1.53,4.39,6.02
2024,2025-03-08,HOLK,STU,2.0,2.0,0,1.0,1.0,5.78,4.64,1.52
2024,2025-03-08,LEVK,WERB,0.0,2.0,-1,0.0,3.0,1.26,6.22,10.53
2024,2025-03-08,WOB,STP,1.0,1.0,0,1.0,1.0,1.76,3.72,4.79
2024,2025-03-08,FRE,RBL,0.0,0.0,0,1.0,1.0,2.6,3.32,2.75
2024,2025-03-07,M'G,MAI,1.0,3.0,-1,0.0,3.0,2.6,3.41,2.7
2024,2025-03-02,UNI,HOLK,0.0,1.0,-1,0.0,3.0,1.6,4.23,5.3
2024,2025-03-02,AUG,FRE,0.0,0.0,0,1.0,1.0,2.65,3.15,2.82
2024,2025-03-01,BOC,HOF,0.0,1.0,-1,0.0,3.0,2.43,3.57,2.83
2024,2025-03-01,HEI,M'G,0.0,3.0,-1,0.0,3.0,3.02,3.59,2.29
2024,2025-03-01,RBL,MAI,1.0,2.0,-1,0.0,3.0,1.99,3.7,3.64
2024,2025-03-01,STP,DOR,0.0,2.0,-1,0.0,3.0,4.12,3.73,1.87
2024,2025-03-01,WERB,WOB,1.0,2.0,-1,0.0,3.0,2.65,3.53,2.59
2024,2025-03-01,EINF,LEVK,1.0,4.0,-1,0.0,3.0,4.58,3.92,1.74
2024,2025-02-28,STU,BAY,1.0,3.0,-1,0.0,3.0,4.85,4.29,1.67
2024,2025-02-23,RBL,HEI,2.0,2.0,0,1.0,1.0,1.35,5.37,7.98
2024,2025-02-23,BAY,EINF,4.0,0.0,1,3.0,0.0,1.3,6.33,8.27
2024,2025-02-23,HOF,STU,1.0,1.0,0,1.0,1.0,3.5,3.92,1.96
2024,2025-02-22,HOLK,LEVK,0.0,2.0,-1,0.0,3.0,10.53,6.57,1.25
2024,2025-02-22,MAI,STP,2.0,0.0,1,3.0,0.0,1.8,3.57,4.73
2024,2025-02-22,M'G,AUG,0.0,3.0,-1,0.0,3.0,1.84,3.79,4.19
2024,2025-02-22,WOB,BOC,1.0,1.0,0,1.0,1.0,1.55,4.42,5.7
2024,2025-02-22,DOR,UNI,6.0,0.0,1,3.0,0.0,1.55,4.46,5.59
2024,2025-02-21,FRE,WERB,5.0,0.0,1,3.0,0.0,2.06,3.48,3.74
2024,2025-02-16,WERB,HOF,1.0,3.0,-1,0.0,3.0,1.89,3.96,3.74
2024,2025-02-16,EINF,HOLK,3.0,1.0,1,3.0,0.0,1.33,5.69,8.17
2024,2025-02-16,HEI,MAI,0.0,2.0,-1,0.0,3.0,3.56,3.51,2.07
2024,2025-02-15,BOC,DOR,2.0,0.0,1,3.0,0.0,4.83,4.21,1.66
2024,2025-02-15,STP,FRE,0.0,1.0,-1,0.0,3.0,2.56,3.21,2.92
2024,2025-02-15,STU,WOB,1.0,2.0,-1,0.0,3.0,1.75,4.19,4.25
2024,2025-02-15,UNI,M'G,1.0,2.0,-1,0.0,3.0,2.27,3.54,3.11
2024,2025-02-15,LEVK,BAY,0.0,0.0,0,1.0,1.0,3.01,3.66,2.26
2024,2025-02-14,AUG,RBL,0.0,0.0,0,1.0,1.0,2.97,3.39,2.43
2024,2025-02-09,HOLK,BOC,2.0,2.0,0,1.0,1.0,2.29,3.54,3.04
2024,2025-02-09,RBL,STP,2.0,0.0,1,3.0,0.0,1.57,4.31,5.56
2024,2025-02-08,DOR,STU,1.0,2.0,-1,0.0,3.0,1.89,3.92,3.84
2024,2025-02-08,FRE,HEI,1.0,0.0,1,3.0,0.0,1.73,3.93,4.65
2024,2025-02-08,HOF,UNI,0.0,4.0,-1,0.0,3.0,2.22,3.57,3.18
2024,2025-02-08,MAI,AUG,0.0,0.0,0,1.0,1.0,1.77,3.66,4.78
2024,2025-02-08,WOB,LEVK,0.0,0.0,0,1.0,1.0,4.21,3.83,1.83
2024,2025-02-08,M'G,EINF,1.0,1.0,0,1.0,1.0,2.59,3.64,2.59
2024,2025-02-07,BAY,WERB,3.0,0.0,1,3.0,0.0,1.1,11.87,21.03
2024,2025-02-02,EINF,WOB,1.0,1.0,0,1.0,1.0,1.96,3.82,3.59
2024,2025-02-02,LEVK,HOF,3.0,1.0,1,3.0,0.0,1.23,6.86,10.7
2024,2025-02-01,BAY,HOLK,4.0,3.0,1,3.0,0.0,1.05,16.44,38.04
2024,2025-02-01,BOC,FRE,0.0,1.0,-1,0.0,3.0,2.81,3.38,2.51
2024,2025-02-01,HEI,DOR,1.0,2.0,-1,0.0,3.0,4.3,4.01,1.76
2024,2025-02-01,STP,AUG,1.0,1.0,0,1.0,1.0,2.35,3.2,3.23
2024,2025-02-01,STU,M'G,1.0,2.0,-1,0.0,3.0,1.57,4.62,5.05
2024,2025-02-01,UNI,RBL,0.0,0.0,0,1.0,1.0,3.12,3.49,2.26
2024,2025-01-31,WERB,MAI,1.0,0.0,1,3.0,0.0,2.31,3.4,3.13
2024,2025-01-26,HOF,EINF,2.0,2.0,0,1.0,1.0,3.08,3.59,2.24
2024,2025-01-26,STP,UNI,3.0,0.0,1,3.0,0.0,2.5,3.14,3.01
2024,2025-01-25,AUG,HEI,2.0,1.0,1,3.0,0.0,1.9,3.62,4.05
2024,2025-01-25,DOR,WERB,2.0,2.0,0,1.0,1.0,1.62,4.39,4.9
2024,2025-01-25,FRE,BAY,1.0,2.0,-1,0.0,3.0,8.55,5.6,1.32
2024,2025-01-25,MAI,STU,2.0,0.0,1,3.0,0.0,2.84,3.5,2.44
2024,2025-01-25,RBL,LEVK,2.0,2.0,0,1.0,1.0,3.7,3.95,1.91
2024,2025-01-25,M'G,BOC,3.0,0.0,1,3.0,0.0,1.72,4.08,4.49
2024,2025-01-24,WOB,HOLK,2.0,2.0,0,1.0,1.0,1.43,4.96,6.99
2024,2025-01-19,UNI,MAI,2.0,1.0,1,3.0,0.0,2.58,3.18,2.88
2024,2025-01-19,WERB,AUG,0.0,2.0,-1,0.0,3.0,1.86,3.72,4.09
2024,2025-01-18,BAY,WOB,3.0,2.0,1,3.0,0.0,1.17,8.34,14.42
2024,2025-01-18,BOC,RBL,3.0,3.0,0,1.0,1.0,3.63,3.7,1.99
2024,2025-01-18,HEI,STP,0.0,2.0,-1,0.0,3.0,2.42,3.47,2.87
2024,2025-01-18,HOLK,HOF,1.0,3.0,-1,0.0,3.0,2.9,3.6,2.35
2024,2025-01-18,STU,FRE,4.0,0.0,1,3.0,0.0,1.66,4.33,4.71
2024,2025-01-18,LEVK,M'G,3.0,1.0,1,3.0,0.0,1.27,6.22,10.05
2024,2025-01-17,EINF,DOR,2.0,0.0,1,3.0,0.0,2.56,3.59,2.65
2024,2025-01-15,BOC,STP,1.0,0.0,1,3.0,0.0,2.59,3.27,2.81
2024,2025-01-15,BAY,HOF,5.0,0.0,1,3.0,0.0,1.12,10.12,18.51
2024,2025-01-15,STU,RBL,2.0,1.0,1,3.0,0.0,2.01,3.78,3.47
2024,2025-01-15,UNI,AUG,0.0,2.0,-1,0.0,3.0,1.84,3.51,4.55
2024,2025-01-15,WERB,HEI,3.0,3.0,0,1.0,1.0,1.63,4.26,4.92
2024,2025-01-14,HOLK,DOR,4.0,2.0,1,3.0,0.0,5.41,4.64,1.55
2024,2025-01-14,EINF,FRE,4.0,1.0,1,3.0,0.0,1.71,4.12,4.53
2024,2025-01-14,LEVK,MAI,1.0,0.0,1,3.0,0.0,1.37,5.12,8.38
2024,2025-01-14,WOB,M'G,5.0,1.0,1,3.0,0.0,1.96,3.8,3.69
2024,2025-01-12,RBL,WERB,4.0,2.0,1,3.0,0.0,1.75,4.11,4.22
2024,2025-01-12,AUG,STU,0.0,1.0,-1,0.0,3.0,3.61,3.65,1.99
2024,2025-01-11,FRE,HOLK,3.0,2.0,1,3.0,0.0,1.39,4.98,7.58
2024,2025-01-11,HEI,UNI,2.0,0.0,1,3.0,0.0,3.17,3.26,2.34
2024,2025-01-11,HOF,WOB,0.0,1.0,-1,0.0,3.0,2.43,3.45,2.87
2024,2025-01-11,MAI,BOC,2.0,0.0,1,3.0,0.0,1.56,4.28,5.76
2024,2025-01-11,STP,EINF,0.0,1.0,-1,0.0,3.0,3.57,3.47,2.08
2024,2025-01-11,M'G,BAY,0.0,1.0,-1,0.0,3.0,6.8,5.23,1.4
2024,2025-01-10,DOR,LEVK,2.0,3.0,-1,0.0,3.0,2.82,3.55,2.43
2024,2024-12-22,BOC,HEI,2.0,0.0,1,3.0,0.0,2.32,3.52,2.98
2024,2024-12-22,WOB,DOR,1.0,3.0,-1,0.0,3.0,3.05,3.67,2.23
2024,2024-12-21,EINF,MAI,1.0,3.0,-1,0.0,3.0,1.84,3.95,3.97
2024,2024-12-21,HOF,MGL,1.0,2.0,-1,0.0,3.0,2.35,3.69,2.85
2024,2024-12-21,HOLK,AUG,5.0,1.0,1,3.0,0.0,3.05,3.31,2.4
2024,2024-12-21,STU,STP,0.0,1.0,-1,0.0,3.0,1.47,4.64,6.51
2024,2024-12-21,WERB,UNI,4.0,1.0,1,3.0,0.0,2.1,3.37,3.64
2024,2024-12-21,LEVK,FRE,5.0,1.0,1,3.0,0.0,1.38,5.03,8.04
2024,2024-12-20,BAY,RBL,5.0,1.0,1,3.0,0.0,1.22,7.04,11.46
2024,2024-12-15,HEI,STU,1.0,3.0,-1,0.0,3.0,4.09,3.89,1.82
2024,2024-12-15,DOR,HOF,1.0,1.0,0,1.0,1.0,1.44,5.01,6.34
2024,2024-12-15,RBL,EINF,2.0,1.0,1,3.0,0.0,2.1,3.86,3.18
2024,2024-12-14,AUG,LEVK,0.0,2.0,-1,0.0,3.0,5.47,4.2,1.59
2024,2024-12-14,MAI,BAY,2.0,1.0,1,3.0,0.0,6.54,4.69,1.47
2024,2024-12-14,MGL,HOLK,4.0,1.0,1,3.0,0.0,1.44,4.89,6.63
2024,2024-12-14,UNI,BOC,1.0,1.0,0,1.0,1.0,1.59,3.94,6.09
2024,2024-12-14,STP,WERB,0.0,2.0,-1,0.0,3.0,2.64,3.4,2.66
2024,2024-12-13,FRE,WOB,3.0,2.0,1,3.0,0.0,2.22,3.41,3.3
2024,2024-12-08,WOB,MAI,4.0,3.0,1,3.0,0.0,2.15,3.42,3.46
2024,2024-12-08,HOF,FRE,1.0,1.0,0,1.0,1.0,2.71,3.47,2.54
2024,2024-12-07,BAY,HEI,4.0,2.0,1,3.0,0.0,1.09,12.51,23.3
2024,2024-12-07,BOC,WERB,0.0,1.0,-1,0.0,3.0,3.14,3.62,2.23
2024,2024-12-07,EINF,AUG,2.0,2.0,0,1.0,1.0,1.55,4.36,5.89
2024,2024-12-07,HOLK,RBL,0.0,2.0,-1,0.0,3.0,5.36,4.37,1.59
2024,2024-12-07,LEVK,STP,2.0,1.0,1,3.0,0.0,1.24,6.57,11.8
2024,2024-12-07,MGL,DOR,1.0,1.0,0,1.0,1.0,3.23,3.89,2.1
2024,2024-12-06,STU,UNI,3.0,2.0,1,3.0,0.0,1.83,3.58,4.64
2024,2024-12-01,MAI,HOF,2.0,0.0,1,3.0,0.0,2.08,3.61,3.45
2024,2024-12-01,HEI,EINF,0.0,4.0,-1,0.0,3.0,3.73,3.69,1.97
2024,2024-11-30,AUG,BOC,1.0,0.0,1,3.0,0.0,1.73,3.96,4.69
2024,2024-11-30,FRE,MGL,3.0,1.0,1,3.0,0.0,2.0,3.75,3.59
2024,2024-11-30,RBL,WOB,1.0,5.0,-1,0.0,3.0,1.69,4.12,4.75
2024,2024-11-30,UNI,LEVK,1.0,2.0,-1,0.0,3.0,4.65,3.83,1.76
2024,2024-11-30,WERB,STU,2.0,2.0,0,1.0,1.0,3.0,3.75,2.25
2024,2024-11-30,DOR,BAY,1.0,1.0,0,1.0,1.0,4.54,4.32,1.69
2024,2024-11-29,STP,HOLK,3.0,1.0,1,3.0,0.0,1.71,3.79,5.11
2024,2024-11-24,HOLK,MAI,0.0,3.0,-1,0.0,3.0,3.07,3.49,2.3
2024,2024-11-24,MGL,STP,2.0,0.0,1,3.0,0.0,1.81,3.77,4.34
2024,2024-11-23,DOR,FRE,4.0,0.0,1,3.0,0.0,1.68,4.2,4.73
2024,2024-11-23,HOF,RBL,4.0,3.0,1,3.0,0.0,3.39,3.66,2.1
2024,2024-11-23,LEVK,HEI,5.0,2.0,1,3.0,0.0,1.19,7.63,13.79
2024,2024-11-23,STU,BOC,2.0,0.0,1,3.0,0.0,1.31,6.11,8.33
2024,2024-11-23,WOB,UNI,1.0,0.0,1,3.0,0.0,2.32,3.3,3.24
2024,2024-11-23,EINF,WERB,1.0,0.0,1,3.0,0.0,1.71,4.25,4.46
2024,2024-11-22,BAY,AUG,3.0,0.0,1,3.0,0.0,1.12,10.21,19.53
2024,2024-11-10,AUG,HOF,0.0,0.0,0,1.0,1.0,2.1,3.79,3.25
2024,2024-11-10,STU,EINF,2.0,3.0,-1,0.0,3.0,1.91,4.04,3.65
2024,2024-11-10,HEI,WOB,1.0,3.0,-1,0.0,3.0,2.83,3.33,2.54
2024,2024-11-09,BOC,LEVK,1.0,1.0,0,1.0,1.0,10.15,6.68,1.26
2024,2024-11-09,MAI,DOR,3.0,1.0,1,3.0,0.0,3.46,3.74,2.06
2024,2024-11-09,STP,BAY,0.0,1.0,-1,0.0,3.0,11.42,6.92,1.23
2024,2024-11-09,WERB,HOLK,2.0,1.0,1,3.0,0.0,1.64,4.3,4.93
2024,2024-11-09,RBL,MGL,0.0,0.0,0,1.0,1.0,1.59,4.59,5.08
2024,2024-11-08,UNI,FRE,0.0,0.0,0,1.0,1.0,2.52,3.18,3.04
2024,2024-11-03,FRE,MAI,0.0,0.0,0,1.0,1.0,1.7,3.95,4.84
2024,2024-11-03,MGL,WERB,4.0,1.0,1,3.0,0.0,2.1,3.87,3.18
2024,2024-11-02,BAY,UNI,3.0,0.0,1,3.0,0.0,1.17,7.97,15.38
2024,2024-11-02,EINF,BOC,7.0,2.0,1,3.0,0.0,1.33,5.88,8.06
2024,2024-11-02,HOF,STP,0.0,2.0,-1,0.0,3.0,1.88,3.91,3.9
2024,2024-11-02,HOLK,HEI,1.0,0.0,1,3.0,0.0,2.79,3.49,2.51
2024,2024-11-02,WOB,AUG,1.0,1.0,0,1.0,1.0,2.01,3.83,3.53
2024,2024-11-02,DOR,RBL,2.0,1.0,1,3.0,0.0,2.25,3.77,3.03
2024,2024-11-01,LEVK,STU,0.0,0.0,0,1.0,1.0,1.56,4.8,5.16
2024,2024-10-27,BOC,BAY,0.0,5.0,-1,0.0,3.0,14.44,9.35,1.15
2024,2024-10-27,UNI,EINF,1.0,1.0,0,1.0,1.0,2.58,3.37,2.76
2024,2024-10-27,HEI,HOF,0.0,0.0,0,1.0,1.0,2.29,3.65,2.98
2024,2024-10-26,AUG,DOR,2.0,1.0,1,3.0,0.0,3.73,3.96,1.91
2024,2024-10-26,RBL,FRE,3.0,1.0,1,3.0,0.0,1.73,4.12,4.52
2024,2024-10-26,STP,WOB,0.0,0.0,0,1.0,1.0,2.61,3.46,2.68
2024,2024-10-26,STU,HOLK,2.0,1.0,1,3.0,0.0,1.23,7.14,10.95
2024,2024-10-26,WERB,LEVK,2.0,2.0,0,1.0,1.0,5.64,4.9,1.51
2024,2024-10-25,MAI,MGL,1.0,1.0,0,1.0,1.0,2.35,3.76,2.86
2024,2024-10-20,HOLK,UNI,0.0,2.0,-1,0.0,3.0,3.44,3.42,2.16
2024,2024-10-20,WOB,WERB,2.0,4.0,-1,0.0,3.0,2.07,3.66,3.44
2024,2024-10-19,FRE,AUG,3.0,1.0,1,3.0,0.0,1.74,3.91,4.75
2024,2024-10-19,HOF,BOC,3.0,1.0,1,3.0,0.0,1.7,4.44,4.38
2024,2024-10-19,LEVK,EINF,2.0,1.0,1,3.0,0.0,1.45,5.04,6.32
2024,2024-10-19,MAI,RBL,0.0,2.0,-1,0.0,3.0,4.04,3.83,1.88
2024,2024-10-19,MGL,HEI,3.0,2.0,1,3.0,0.0,1.85,3.8,4.21
2024,2024-10-19,BAY,STU,4.0,0.0,1,3.0,0.0,1.35,5.77,7.7
2024,2024-10-18,DOR,STP,2.0,1.0,1,3.0,0.0,1.31,5.72,9.79
2024,2024-10-06,HEI,RBL,0.0,1.0,-1,0.0,3.0,4.64,4.23,1.69
2024,2024-10-06,EINF,BAY,3.0,3.0,0,1.0,1.0,5.51,4.85,1.52
2024,2024-10-06,STU,HOF,1.0,1.0,0,1.0,1.0,1.31,6.32,8.07
2024,2024-10-05,BOC,WOB,1.0,3.0,-1,0.0,3.0,3.03,3.75,2.24
2024,2024-10-05,LEVK,HOLK,2.0,2.0,0,1.0,1.0,1.09,12.54,25.37
2024,2024-10-05,UNI,DOR,2.0,1.0,1,3.0,0.0,3.37,3.53,2.16
2024,2024-10-05,WERB,FRE,0.0,1.0,-1,0.0,3.0,2.61,3.63,2.61
2024,2024-10-05,STP,MAI,0.0,3.0,-1,0.0,3.0,2.44,3.42,2.93
2024,2024-10-04,AUG,MGL,2.0,1.0,1,3.0,0.0,2.43,3.75,2.75
2024,2024-09-29,HOLK,EINF,2.0,4.0,-1,0.0,3.0,4.41,4.24,1.72
2024,2024-09-29,HOF,WERB,3.0,4.0,-1,0.0,3.0,2.36,3.8,2.8
2024,2024-09-28,FRE,STP,0.0,3.0,-1,0.0,3.0,1.63,4.08,5.44
2024,2024-09-28,MAI,HEI,0.0,2.0,-1,0.0,3.0,1.85,3.8,4.2
2024,2024-09-28,MGL,UNI,1.0,0.0,1,3.0,0.0,2.12,3.54,3.47
2024,2024-09-28,RBL,AUG,4.0,0.0,1,3.0,0.0,1.42,5.22,6.88
2024,2024-09-28,WOB,STU,2.0,2.0,0,1.0,1.0,3.22,3.89,2.1
2024,2024-09-28,BAY,LEVK,1.0,1.0,0,1.0,1.0,1.73,4.41,4.22
2024,2024-09-27,DOR,BOC,4.0,2.0,1,3.0,0.0,1.24,6.99,10.74
2024,2024-09-22,LEVK,WOB,4.0,3.0,1,3.0,0.0,1.3,5.83,9.28
2024,2024-09-22,STU,DOR,5.0,1.0,1,3.0,0.0,2.31,3.82,2.86
2024,2024-09-22,STP,RBL,0.0,0.0,0,1.0,1.0,5.11,4.15,1.64
2024,2024-09-21,BOC,HOLK,2.0,2.0,0,1.0,1.0,1.98,3.73,3.68
2024,2024-09-21,HEI,FRE,0.0,3.0,-1,0.0,3.0,2.72,3.46,2.59
2024,2024-09-21,UNI,HOF,2.0,1.0,1,3.0,0.0,2.03,3.68,3.58
2024,2024-09-21,WERB,BAY,0.0,5.0,-1,0.0,3.0,7.74,5.57,1.36
2024,2024-09-21,EINF,MGL,2.0,0.0,1,3.0,0.0,1.78,4.13,4.18
2024,2024-09-20,AUG,MAI,2.0,3.0,-1,0.0,3.0,2.42,3.54,2.9
2024,2024-09-15,AUG,STP,3.0,1.0,1,3.0,0.0,2.09,3.62,3.47
2024,2024-09-15,MAI,WERB,1.0,2.0,-1,0.0,3.0,2.04,3.66,3.57
2024,2024-09-14,FRE,BOC,2.0,1.0,1,3.0,0.0,1.71,4.06,4.72
2024,2024-09-14,HOF,LEVK,1.0,4.0,-1,0.0,3.0,5.78,4.94,1.5
2024,2024-09-14,MGL,STU,1.0,3.0,-1,0.0,3.0,2.81,3.94,2.31
2024,2024-09-14,RBL,UNI,0.0,0.0,0,1.0,1.0,1.48,4.68,6.68
2024,2024-09-14,WOB,EINF,1.0,2.0,-1,0.0,3.0,2.69,3.53,2.58
2024,2024-09-14,HOLK,BAY,1.0,6.0,-1,0.0,3.0,11.32,7.34,1.23
2024,2024-09-13,DOR,HEI,4.0,2.0,1,3.0,0.0,1.39,5.26,7.6
2024,2024-09-01,HEI,AUG,4.0,0.0,1,3.0,0.0,2.4,3.49,2.94
2024,2024-09-01,BAY,FRE,2.0,0.0,1,3.0,0.0,1.21,7.74,11.63
2024,2024-08-31,BOC,MGL,0.0,2.0,-1,0.0,3.0,2.62,3.69,2.56
2024,2024-08-31,EINF,HOF,3.0,1.0,1,3.0,0.0,1.81,4.1,4.01
2024,2024-08-31,HOLK,WOB,0.0,2.0,-1,0.0,3.0,3.2,3.69,2.18
2024,2024-08-31,STU,MAI,3.0,3.0,0,1.0,1.0,1.65,4.24,5.02
2024,2024-08-31,WERB,DOR,0.0,0.0,0,1.0,1.0,3.94,4.12,1.82
2024,2024-08-31,LEVK,RBL,2.0,3.0,-1,0.0,3.0,1.8,4.14,4.05
2024,2024-08-30,UNI,STP,1.0,0.0,1,3.0,0.0,1.94,3.5,4.15
2024,2024-08-25,WOB,BAY,2.0,3.0,-1,0.0,3.0,6.32,4.93,1.46
2024,2024-08-25,STP,HEI,0.0,2.0,-1,0.0,3.0,2.12,3.5,3.46
2024,2024-08-24,AUG,WERB,2.0,2.0,0,1.0,1.0,2.28,3.56,3.07
2024,2024-08-24,FRE,STU,3.0,1.0,1,3.0,0.0,3.5,3.7,2.06
2024,2024-08-24,HOF,HOLK,3.0,2.0,1,3.0,0.0,1.65,4.33,4.85
2024,2024-08-24,MAI,UNI,1.0,1.0,0,1.0,1.0,2.05,3.3,4.01
2024,2024-08-24,RBL,BOC,1.0,0.0,1,3.0,0.0,1.25,6.58,10.53
2024,2024-08-24,DOR,EINF,2.0,0.0,1,3.0,0.0,1.71,4.31,4.39
2024,2024-08-23,MGL,LEVK,2.0,3.0,-1,0.0,3.0,5.16,4.53,1.58
2023,2024-05-18,DOR,DAR,4.0,0.0,1,3.0,0.0,1.16,8.99,14.24
2023,2024-05-18,EINF,RBL,2.0,2.0,0,1.0,1.0,2.76,3.79,2.4
2023,2024-05-18,HEI,KOL,4.0,1.0,1,3.0,0.0,2.35,3.97,2.74
2023,2024-05-18,HOF,BAY,4.0,2.0,1,3.0,0.0,3.0,4.43,2.06
2023,2024-05-18,LEVK,AUG,2.0,1.0,1,3.0,0.0,1.29,6.59,8.71
2023,2024-05-18,STU,MGL,4.0,0.0,1,3.0,0.0,1.28,6.63,8.97
2023,2024-05-18,UNI,FRE,2.0,1.0,1,3.0,0.0,2.13,3.47,3.51
2023,2024-05-18,WERB,BOC,4.0,1.0,1,3.0,0.0,2.38,3.67,2.86
2023,2024-05-18,WOB,MAI,1.0,3.0,-1,0.0,3.0,3.23,3.58,2.21
2023,2024-05-12,DAR,HOF,0.0,6.0,-1,0.0,3.0,4.66,4.62,1.64
2023,2024-05-12,BAY,WOB,2.0,0.0,1,3.0,0.0,1.35,5.89,7.55
2023,2024-05-12,BOC,LEVK,0.0,5.0,-1,0.0,3.0,4.34,4.32,1.72
2023,2024-05-11,KOL,UNI,3.0,2.0,1,3.0,0.0,2.8,3.38,2.57
2023,2024-05-11,FRE,HEI,1.0,1.0,0,1.0,1.0,1.73,4.06,4.59
2023,2024-05-11,MGL,EINF,1.0,1.0,0,1.0,1.0,2.51,3.71,2.66
2023,2024-05-11,RBL,WERB,1.0,1.0,0,1.0,1.0,1.29,6.54,8.64
2023,2024-05-11,MAI,DOR,3.0,0.0,1,3.0,0.0,2.21,3.9,2.98
2023,2024-05-10,AUG,STU,0.0,1.0,-1,0.0,3.0,3.88,4.34,1.81
2023,2024-05-05,UNI,BOC,3.0,4.0,-1,0.0,3.0,1.97,3.47,4.02
2023,2024-05-05,EINF,LEVK,1.0,5.0,-1,0.0,3.0,3.16,3.59,2.23
2023,2024-05-05,HEI,MAI,1.0,1.0,0,1.0,1.0,2.99,3.58,2.33
2023,2024-05-04,DOR,AUG,5.0,1.0,1,3.0,0.0,1.85,4.32,3.69
2023,2024-05-04,STU,BAY,3.0,1.0,1,3.0,0.0,2.13,4.04,3.07
2023,2024-05-04,WERB,MGL,2.0,2.0,0,1.0,1.0,2.3,3.75,2.91
2023,2024-05-04,WOB,DAR,3.0,0.0,1,3.0,0.0,1.39,5.15,7.64
2023,2024-05-04,KOL,FRE,0.0,0.0,0,1.0,1.0,2.36,3.64,2.9
2023,2024-05-03,HOF,RBL,1.0,1.0,0,1.0,1.0,5.4,5.19,1.51
2023,2024-04-28,MGL,UNI,0.0,0.0,0,1.0,1.0,2.33,3.46,3.07
2023,2024-04-28,MAI,KOL,1.0,1.0,0,1.0,1.0,1.54,4.34,6.02
2023,2024-04-28,DAR,HEI,0.0,1.0,-1,0.0,3.0,3.33,3.71,2.11
2023,2024-04-27,AUG,WERB,0.0,3.0,-1,0.0,3.0,1.81,4.09,4.05
2023,2024-04-27,BAY,EINF,2.0,1.0,1,3.0,0.0,1.41,5.4,6.67
2023,2024-04-27,FRE,WOB,1.0,2.0,-1,0.0,3.0,2.33,3.56,3.0
2023,2024-04-27,RBL,DOR,4.0,1.0,1,3.0,0.0,1.68,4.41,4.51
2023,2024-04-27,LEVK,STU,2.0,2.0,0,1.0,1.0,1.75,4.22,4.27
2023,2024-04-26,BOC,HOF,3.0,2.0,1,3.0,0.0,2.21,3.92,2.99
2023,2024-04-21,WERB,STU,2.0,1.0,1,3.0,0.0,4.99,4.54,1.6
2023,2024-04-21,DOR,LEVK,1.0,1.0,0,1.0,1.0,2.55,3.84,2.55
2023,2024-04-21,FRE,MAI,1.0,1.0,0,1.0,1.0,2.58,3.56,2.67
2023,2024-04-20,KOL,DAR,0.0,2.0,-1,0.0,3.0,1.5,4.57,6.35
2023,2024-04-20,HEI,RBL,1.0,2.0,-1,0.0,3.0,6.24,5.1,1.46
2023,2024-04-20,HOF,MGL,4.0,3.0,1,3.0,0.0,2.12,4.02,3.09
2023,2024-04-20,WOB,BOC,1.0,0.0,1,3.0,0.0,1.79,3.98,4.32
2023,2024-04-20,UNI,BAY,1.0,5.0,-1,0.0,3.0,4.94,4.51,1.62
2023,2024-04-19,EINF,AUG,3.0,1.0,1,3.0,0.0,2.05,3.77,3.48
2023,2024-04-14,DAR,FRE,0.0,1.0,-1,0.0,3.0,3.96,3.92,1.86
2023,2024-04-14,LEVK,WERB,5.0,0.0,1,3.0,0.0,1.2,7.2,13.63
2023,2024-04-13,BAY,KOL,2.0,0.0,1,3.0,0.0,1.2,7.74,12.41
2023,2024-04-13,BOC,HEI,1.0,1.0,0,1.0,1.0,2.1,3.72,3.38
2023,2024-04-13,MAI,HOF,4.0,1.0,1,3.0,0.0,1.99,3.93,3.52
2023,2024-04-13,MGL,DOR,1.0,2.0,-1,0.0,3.0,3.26,4.1,2.03
2023,2024-04-13,RBL,WOB,3.0,0.0,1,3.0,0.0,1.36,5.47,7.77
2023,2024-04-13,STU,EINF,3.0,0.0,1,3.0,0.0,1.52,4.65,5.86
2023,2024-04-12,AUG,UNI,2.0,0.0,1,3.0,0.0,2.13,3.48,3.51
2023,2024-04-07,HOF,AUG,3.0,1.0,1,3.0,0.0,2.25,3.93,2.91
2023,2024-04-07,WOB,MGL,1.0,3.0,-1,0.0,3.0,1.9,3.88,3.86
2023,2024-04-06,KOL,BOC,2.0,1.0,1,3.0,0.0,2.3,3.59,3.05
2023,2024-04-06,FRE,RBL,1.0,4.0,-1,0.0,3.0,4.63,4.27,1.69
2023,2024-04-06,HEI,BAY,3.0,2.0,1,3.0,0.0,7.21,5.88,1.36
2023,2024-04-06,MAI,DAR,4.0,0.0,1,3.0,0.0,1.42,4.87,7.63
2023,2024-04-06,UNI,LEVK,0.0,1.0,-1,0.0,3.0,6.02,4.28,1.56
2023,2024-04-06,DOR,STU,0.0,1.0,-1,0.0,3.0,2.27,3.99,2.85
2023,2024-04-05,EINF,WERB,1.0,1.0,0,1.0,1.0,1.79,3.9,4.44
2023,2024-03-31,AUG,KOL,1.0,1.0,0,1.0,1.0,1.79,3.87,4.42
2023,2024-03-31,STU,HEI,3.0,3.0,0,1.0,1.0,1.27,6.35,10.32
2023,2024-03-31,BOC,DAR,2.0,2.0,0,1.0,1.0,1.65,4.18,5.06
2023,2024-03-30,EINF,UNI,0.0,0.0,0,1.0,1.0,2.04,3.44,3.81
2023,2024-03-30,LEVK,HOF,2.0,1.0,1,3.0,0.0,1.22,7.36,11.77
2023,2024-03-30,MGL,FRE,0.0,3.0,-1,0.0,3.0,2.23,3.68,3.11
2023,2024-03-30,RBL,MAI,0.0,0.0,0,1.0,1.0,1.38,5.3,7.65
2023,2024-03-30,WERB,WOB,0.0,2.0,-1,0.0,3.0,2.84,3.56,2.43
2023,2024-03-30,BAY,DOR,0.0,2.0,-1,0.0,3.0,1.4,5.71,6.47
2023,2024-03-17,FRE,LEVK,2.0,3.0,-1,0.0,3.0,5.69,4.35,1.56
2023,2024-03-17,DOR,EINF,3.0,1.0,1,3.0,0.0,1.62,4.43,4.92
2023,2024-03-16,DAR,BAY,2.0,5.0,-1,0.0,3.0,16.6,9.19,1.14
2023,2024-03-16,HEI,MGL,1.0,1.0,0,1.0,1.0,2.45,3.64,2.78
2023,2024-03-16,MAI,BOC,2.0,0.0,1,3.0,0.0,1.78,3.88,4.47
2023,2024-03-16,UNI,WERB,2.0,1.0,1,3.0,0.0,2.03,3.56,3.7
2023,2024-03-16,WOB,AUG,1.0,3.0,-1,0.0,3.0,2.09,3.64,3.44
2023,2024-03-16,HOF,STU,0.0,3.0,-1,0.0,3.0,3.75,4.15,1.87
2023,2024-03-15,KOL,RBL,1.0,5.0,-1,0.0,3.0,6.54,4.72,1.48
2023,2024-03-10,BOC,FRE,1.0,2.0,-1,0.0,3.0,2.27,3.61,3.06
2023,2024-03-10,EINF,HOF,3.0,1.0,1,3.0,0.0,2.06,3.87,3.35
2023,2024-03-10,LEVK,WOB,2.0,0.0,1,3.0,0.0,1.32,5.66,8.97
2023,2024-03-09,AUG,HEI,1.0,0.0,1,3.0,0.0,1.89,3.92,3.87
2023,2024-03-09,BAY,MAI,8.0,1.0,1,3.0,0.0,1.23,6.88,11.56
2023,2024-03-09,MGL,KOL,3.0,3.0,0,1.0,1.0,1.85,3.82,4.18
2023,2024-03-09,RBL,DAR,2.0,0.0,1,3.0,0.0,1.15,8.73,17.28
2023,2024-03-09,WERB,DOR,1.0,2.0,-1,0.0,3.0,3.77,4.08,1.88
2023,2024-03-08,STU,UNI,2.0,0.0,1,3.0,0.0,1.48,4.53,6.92
2023,2024-03-03,KOL,LEVK,0.0,2.0,-1,0.0,3.0,8.43,5.02,1.38
2023,2024-03-03,HOF,WERB,2.0,1.0,1,3.0,0.0,1.95,3.92,3.62
2023,2024-03-02,BOC,RBL,1.0,4.0,-1,0.0,3.0,4.76,4.4,1.65
2023,2024-03-02,DAR,AUG,0.0,6.0,-1,0.0,3.0,2.85,3.44,2.48
2023,2024-03-02,HEI,EINF,1.0,2.0,-1,0.0,3.0,2.8,3.39,2.56
2023,2024-03-02,MAI,MGL,1.0,1.0,0,1.0,1.0,1.97,3.76,3.71
2023,2024-03-02,UNI,DOR,0.0,2.0,-1,0.0,3.0,3.44,3.6,2.11
2023,2024-03-02,WOB,STU,2.0,3.0,-1,0.0,3.0,3.26,3.58,2.19
2023,2024-03-01,FRE,BAY,2.0,2.0,0,1.0,1.0,5.97,4.78,1.5
2023,2024-02-25,EINF,WOB,2.0,2.0,0,1.0,1.0,2.25,3.47,3.22
2023,2024-02-25,DOR,HOF,2.0,3.0,-1,0.0,3.0,1.51,5.0,5.42
2023,2024-02-25,AUG,FRE,2.0,1.0,1,3.0,0.0,2.28,3.6,3.05
2023,2024-02-24,MGL,BOC,5.0,2.0,1,3.0,0.0,2.01,3.83,3.52
2023,2024-02-24,STU,KOL,1.0,1.0,0,1.0,1.0,1.32,5.63,9.5
2023,2024-02-24,UNI,HEI,2.0,2.0,0,1.0,1.0,2.01,3.52,3.82
2023,2024-02-24,WERB,DAR,1.0,1.0,0,1.0,1.0,1.68,4.04,5.03
2023,2024-02-24,BAY,RBL,2.0,1.0,1,3.0,0.0,1.69,4.41,4.46
2023,2024-02-23,LEVK,MAI,2.0,1.0,1,3.0,0.0,1.26,6.22,11.85
2023,2024-02-18,FRE,EINF,3.0,3.0,0,1.0,1.0,2.32,3.4,3.13
2023,2024-02-18,BOC,BAY,3.0,2.0,1,3.0,0.0,8.25,5.75,1.33
2023,2024-02-17,DAR,STU,1.0,2.0,-1,0.0,3.0,6.89,4.77,1.45
2023,2024-02-17,HEI,LEVK,1.0,2.0,-1,0.0,3.0,8.33,5.58,1.35
2023,2024-02-17,HOF,UNI,0.0,1.0,-1,0.0,3.0,2.04,3.7,3.54
2023,2024-02-17,MAI,AUG,1.0,0.0,1,3.0,0.0,2.02,3.61,3.68
2023,2024-02-17,WOB,DOR,1.0,1.0,0,1.0,1.0,3.22,3.82,2.13
2023,2024-02-17,RBL,MGL,2.0,0.0,1,3.0,0.0,1.38,5.55,7.2
2023,2024-02-16,KOL,WERB,0.0,1.0,-1,0.0,3.0,2.5,3.4,2.88
2023,2024-02-11,STU,MAI,3.0,1.0,1,3.0,0.0,1.44,4.7,7.27
2023,2024-02-11,HOF,KOL,1.0,1.0,0,1.0,1.0,1.83,3.96,4.08
2023,2024-02-10,AUG,RBL,2.0,2.0,0,1.0,1.0,4.21,4.23,1.76
2023,2024-02-10,EINF,BOC,1.0,1.0,0,1.0,1.0,1.76,3.85,4.67
2023,2024-02-10,MGL,DAR,0.0,0.0,0,1.0,1.0,1.6,4.32,5.37
2023,2024-02-10,UNI,WOB,1.0,0.0,1,3.0,0.0,2.3,3.37,3.21
2023,2024-02-10,WERB,HEI,1.0,2.0,-1,0.0,3.0,1.85,3.81,4.17
2023,2024-02-10,LEVK,BAY,3.0,0.0,1,3.0,0.0,2.63,3.84,2.48
2023,2024-02-09,DOR,FRE,3.0,0.0,1,3.0,0.0,1.46,4.95,6.37
2023,2024-02-07,MAI,UNI,1.0,1.0,0,1.0,1.0,2.18,3.31,3.56
2023,2024-02-04,WOB,HOF,2.0,2.0,0,1.0,1.0,2.12,3.8,3.24
2023,2024-02-04,RBL,UNI,2.0,0.0,1,3.0,0.0,1.4,5.0,7.76
2023,2024-02-03,BAY,MGL,3.0,1.0,1,3.0,0.0,1.15,8.9,16.45
2023,2024-02-03,BOC,AUG,1.0,1.0,0,1.0,1.0,2.18,3.62,3.25
2023,2024-02-03,DAR,LEVK,0.0,2.0,-1,0.0,3.0,9.56,6.21,1.29
2023,2024-02-03,FRE,STU,1.0,3.0,-1,0.0,3.0,3.12,3.71,2.21
2023,2024-02-03,MAI,WERB,0.0,1.0,-1,0.0,3.0,2.1,3.53,3.53
2023,2024-02-03,KOL,EINF,2.0,0.0,1,3.0,0.0,3.23,3.46,2.26
2023,2024-02-02,HEI,DOR,0.0,0.0,0,1.0,1.0,3.94,4.32,1.81
2023,2024-01-28,UNI,DAR,1.0,0.0,1,3.0,0.0,1.63,4.01,5.58
2023,2024-01-28,DOR,BOC,3.0,1.0,1,3.0,0.0,1.37,5.56,7.43
2023,2024-01-27,AUG,BAY,2.0,3.0,-1,0.0,3.0,9.05,6.01,1.31
2023,2024-01-27,HOF,HEI,1.0,1.0,0,1.0,1.0,1.7,4.28,4.55
2023,2024-01-27,STU,RBL,5.0,2.0,1,3.0,0.0,2.71,3.77,2.45
2023,2024-01-27,WERB,FRE,3.0,1.0,1,3.0,0.0,2.45,3.55,2.83
2023,2024-01-27,WOB,KOL,1.0,1.0,0,1.0,1.0,1.84,3.79,4.28
2023,2024-01-27,LEVK,MGL,0.0,0.0,0,1.0,1.0,1.28,6.31,9.71
2023,2024-01-26,EINF,MAI,1.0,0.0,1,3.0,0.0,2.14,3.46,3.52
2023,2024-01-24,BAY,UNI,1.0,0.0,1,3.0,0.0,1.16,8.09,17.3
2023,2024-01-21,BAY,WERB,0.0,1.0,-1,0.0,3.0,1.09,11.9,24.26
2023,2024-01-21,MGL,AUG,1.0,2.0,-1,0.0,3.0,1.92,3.97,3.67
2023,2024-01-20,BOC,STU,1.0,0.0,1,3.0,0.0,3.65,3.87,1.97
2023,2024-01-20,DAR,EINF,2.0,2.0,0,1.0,1.0,3.82,3.7,1.96
2023,2024-01-20,KOL,DOR,0.0,4.0,-1,0.0,3.0,4.32,4.22,1.75
2023,2024-01-20,FRE,HOF,3.0,2.0,1,3.0,0.0,2.05,3.84,3.42
2023,2024-01-20,HEI,WOB,1.0,1.0,0,1.0,1.0,2.71,3.55,2.56
2023,2024-01-20,RBL,LEVK,2.0,3.0,-1,0.0,3.0,2.44,3.75,2.74
2023,2024-01-14,BOC,WERB,1.0,1.0,0,1.0,1.0,2.19,3.72,3.15
2023,2024-01-14,MGL,STU,3.0,1.0,1,3.0,0.0,3.6,4.05,1.93
2023,2024-01-13,AUG,LEVK,0.0,1.0,-1,0.0,3.0,5.67,4.63,1.54
2023,2024-01-13,KOL,HEI,1.0,1.0,0,1.0,1.0,2.08,3.71,3.45
2023,2024-01-13,FRE,UNI,0.0,0.0,0,1.0,1.0,2.09,3.58,3.52
2023,2024-01-13,MAI,WOB,1.0,1.0,0,1.0,1.0,2.22,3.49,3.3
2023,2024-01-13,RBL,EINF,0.0,1.0,-1,0.0,3.0,1.44,4.98,6.88
2023,2024-01-13,DAR,DOR,0.0,3.0,-1,0.0,3.0,5.44,4.74,1.54
2023,2024-01-12,BAY,HOF,3.0,0.0,1,3.0,0.0,1.15,9.39,15.67
2023,2023-12-20,UNI,KOL,2.0,0.0,1,3.0,0.0,1.95,3.58,4.02
2023,2023-12-20,EINF,MGL,2.0,1.0,1,3.0,0.0,1.87,3.97,3.91
2023,2023-12-20,HEI,FRE,3.0,2.0,1,3.0,0.0,2.85,3.59,2.43
2023,2023-12-20,LEVK,BOC,4.0,0.0,1,3.0,0.0,1.19,7.95,13.9
2023,2023-12-20,STU,AUG,3.0,0.0,1,3.0,0.0,1.37,5.34,7.83
2023,2023-12-20,WOB,BAY,1.0,2.0,-1,0.0,3.0,7.57,5.63,1.36
2023,2023-12-19,WERB,RBL,1.0,1.0,0,1.0,1.0,5.06,4.62,1.6
2023,2023-12-19,DOR,MAI,1.0,1.0,0,1.0,1.0,1.54,4.84,5.46
2023,2023-12-19,HOF,DAR,3.0,3.0,0,1.0,1.0,1.45,4.97,6.55
2023,2023-12-17,FRE,KOL,2.0,0.0,1,3.0,0.0,1.83,3.77,4.36
2023,2023-12-17,LEVK,EINF,3.0,0.0,1,3.0,0.0,1.35,5.48,8.06
2023,2023-12-17,BAY,STU,3.0,0.0,1,3.0,0.0,1.46,5.29,6.01
2023,2023-12-16,AUG,DOR,1.0,1.0,0,1.0,1.0,3.5,4.2,1.93
2023,2023-12-16,BOC,UNI,3.0,0.0,1,3.0,0.0,2.68,3.46,2.64
2023,2023-12-16,DAR,WOB,0.0,1.0,-1,0.0,3.0,3.21,3.62,2.21
2023,2023-12-16,MAI,HEI,0.0,1.0,-1,0.0,3.0,1.68,4.22,4.77
2023,2023-12-16,RBL,HOF,3.0,1.0,1,3.0,0.0,1.45,5.21,6.14
2023,2023-12-15,MGL,WERB,2.0,2.0,0,1.0,1.0,2.0,3.96,3.48
2023,2023-12-10,STU,LEVK,1.0,1.0,0,1.0,1.0,2.88,3.78,2.32
2023,2023-12-10,KOL,MAI,0.0,0.0,0,1.0,1.0,2.39,3.49,2.97
2023,2023-12-09,EINF,BAY,5.0,1.0,1,3.0,0.0,8.81,5.82,1.32
2023,2023-12-09,HEI,DAR,3.0,2.0,1,3.0,0.0,2.08,3.66,3.48
2023,2023-12-09,UNI,MGL,3.0,1.0,1,3.0,0.0,2.15,3.66,3.29
2023,2023-12-09,WERB,AUG,2.0,0.0,1,3.0,0.0,2.42,3.71,2.77
2023,2023-12-09,WOB,FRE,0.0,1.0,-1,0.0,3.0,2.27,3.68,3.03
2023,2023-12-09,DOR,RBL,2.0,3.0,-1,0.0,3.0,2.55,3.89,2.54
2023,2023-12-08,HOF,BOC,3.0,1.0,1,3.0,0.0,1.72,4.25,4.44
2023,2023-12-03,MAI,FRE,0.0,1.0,-1,0.0,3.0,2.29,3.53,3.12
2023,2023-12-03,LEVK,DOR,1.0,1.0,0,1.0,1.0,1.67,4.5,4.57
2023,2023-12-03,AUG,EINF,2.0,1.0,1,3.0,0.0,2.68,3.58,2.59
2023,2023-12-02,BOC,WOB,3.0,1.0,1,3.0,0.0,2.66,3.65,2.58
2023,2023-12-02,MGL,HOF,2.0,1.0,1,3.0,0.0,2.25,4.07,2.85
2023,2023-12-02,RBL,HEI,2.0,1.0,1,3.0,0.0,1.24,7.01,10.83
2023,2023-12-02,STU,WERB,2.0,0.0,1,3.0,0.0,1.41,5.18,7.35
2023,2023-12-01,DAR,KOL,0.0,1.0,-1,0.0,3.0,2.68,3.51,2.63
2023,2023-11-26,HEI,BOC,0.0,0.0,0,1.0,1.0,2.22,3.76,3.07
2023,2023-11-26,HOF,MAI,1.0,1.0,0,1.0,1.0,1.85,4.04,3.94
2023,2023-11-25,DOR,MGL,4.0,2.0,1,3.0,0.0,1.48,5.23,5.77
2023,2023-11-25,FRE,DAR,1.0,1.0,0,1.0,1.0,1.58,4.37,5.6
2023,2023-11-25,UNI,AUG,1.0,1.0,0,1.0,1.0,2.01,3.63,3.76
2023,2023-11-25,WERB,LEVK,0.0,3.0,-1,0.0,3.0,6.24,5.13,1.46
2023,2023-11-25,WOB,RBL,2.0,1.0,1,3.0,0.0,3.77,3.94,1.92
2023,2023-11-25,EINF,STU,1.0,2.0,-1,0.0,3.0,2.62,3.67,2.6
2023,2023-11-24,KOL,BAY,0.0,1.0,-1,0.0,3.0,10.51,6.77,1.26
2023,2023-11-12,LEVK,UNI,4.0,0.0,1,3.0,0.0,1.28,6.03,10.54
2023,2023-11-12,WERB,EINF,2.0,2.0,0,1.0,1.0,3.0,3.58,2.34
2023,2023-11-12,RBL,FRE,3.0,1.0,1,3.0,0.0,1.45,4.88,6.67
2023,2023-11-11,AUG,HOF,1.0,1.0,0,1.0,1.0,2.6,3.8,2.53
2023,2023-11-11,BAY,HEI,4.0,2.0,1,3.0,0.0,1.06,15.98,30.37
2023,2023-11-11,DAR,MAI,0.0,0.0,0,1.0,1.0,2.99,3.67,2.31
2023,2023-11-11,STU,DOR,2.0,1.0,1,3.0,0.0,2.59,3.79,2.56
2023,2023-11-11,BOC,KOL,1.0,1.0,0,1.0,1.0,2.45,3.62,2.82
2023,2023-11-10,MGL,WOB,4.0,0.0,1,3.0,0.0,2.38,3.76,2.82
2023,2023-11-05,WOB,WERB,2.0,2.0,0,1.0,1.0,1.73,4.3,4.32
2023,2023-11-05,HEI,STU,2.0,0.0,1,3.0,0.0,4.6,4.38,1.68
2023,2023-11-04,KOL,AUG,1.0,1.0,0,1.0,1.0,2.35,3.72,2.89
2023,2023-11-04,FRE,MGL,3.0,3.0,0,1.0,1.0,2.1,3.85,3.28
2023,2023-11-04,HOF,LEVK,2.0,3.0,-1,0.0,3.0,4.85,4.82,1.59
2023,2023-11-04,MAI,RBL,2.0,0.0,1,3.0,0.0,5.23,4.44,1.6
2023,2023-11-04,UNI,EINF,0.0,3.0,-1,0.0,3.0,2.56,3.25,2.92
2023,2023-11-04,DOR,BAY,0.0,4.0,-1,0.0,3.0,3.81,4.39,1.82
2023,2023-11-03,DAR,BOC,1.0,2.0,-1,0.0,3.0,2.38,3.62,2.91
2023,2023-10-29,EINF,DOR,3.0,3.0,0,1.0,1.0,3.24,3.69,2.17
2023,2023-10-29,LEVK,FRE,2.0,1.0,1,3.0,0.0,1.29,6.01,10.41
2023,2023-10-28,AUG,WOB,3.0,2.0,1,3.0,0.0,2.87,3.63,2.4
2023,2023-10-28,BAY,DAR,8.0,0.0,1,3.0,0.0,1.07,14.36,28.45
2023,2023-10-28,MGL,HEI,2.0,1.0,1,3.0,0.0,1.8,4.17,4.09
2023,2023-10-28,STU,HOF,2.0,3.0,-1,0.0,3.0,1.86,4.14,3.82
2023,2023-10-28,WERB,UNI,2.0,0.0,1,3.0,0.0,2.68,3.54,2.61
2023,2023-10-28,RBL,KOL,6.0,0.0,1,3.0,0.0,1.44,4.97,7.1
2023,2023-10-27,BOC,MAI,2.0,2.0,0,1.0,1.0,2.72,3.54,2.56
2023,2023-10-22,KOL,MGL,3.0,1.0,1,3.0,0.0,2.38,3.72,2.86
2023,2023-10-22,HEI,AUG,2.0,5.0,-1,0.0,3.0,2.4,3.62,2.87
2023,2023-10-21,DAR,RBL,1.0,3.0,-1,0.0,3.0,6.54,4.92,1.46
2023,2023-10-21,FRE,BOC,2.0,1.0,1,3.0,0.0,1.73,3.98,4.69
2023,2023-10-21,HOF,EINF,1.0,3.0,-1,0.0,3.0,2.12,3.67,3.37
2023,2023-10-21,UNI,STU,0.0,3.0,-1,0.0,3.0,2.54,3.54,2.75
2023,2023-10-21,WOB,LEVK,1.0,2.0,-1,0.0,3.0,4.47,4.12,1.75
2023,2023-10-21,MAI,BAY,1.0,3.0,-1,0.0,3.0,9.77,6.53,1.28
2023,2023-10-20,DOR,WERB,1.0,0.0,1,3.0,0.0,1.3,6.52,8.74
2023,2023-10-08,LEVK,KOL,3.0,0.0,1,3.0,0.0,1.34,5.58,8.69
2023,2023-10-08,BAY,FRE,3.0,0.0,1,3.0,0.0,1.16,8.73,15.05
2023,2023-10-08,EINF,HEI,2.0,0.0,1,3.0,0.0,1.73,4.07,4.63
2023,2023-10-07,AUG,DAR,1.0,2.0,-1,0.0,3.0,1.9,3.87,3.95
2023,2023-10-07,DOR,UNI,4.0,2.0,1,3.0,0.0,1.61,4.38,5.31
2023,2023-10-07,RBL,BOC,0.0,0.0,0,1.0,1.0,1.24,6.81,11.15
2023,2023-10-07,STU,WOB,3.0,1.0,1,3.0,0.0,2.0,3.76,3.64
2023,2023-10-07,WERB,HOF,2.0,3.0,-1,0.0,3.0,2.75,3.9,2.38
2023,2023-10-06,MGL,MAI,2.0,2.0,0,1.0,1.0,2.06,3.87,3.42
2023,2023-10-01,DAR,WERB,4.0,2.0,1,3.0,0.0,2.8,3.7,2.42
2023,2023-10-01,FRE,AUG,2.0,0.0,1,3.0,0.0,1.72,4.13,4.59
2023,2023-09-30,BOC,MGL,1.0,3.0,-1,0.0,3.0,2.33,3.79,2.88
2023,2023-09-30,KOL,STU,0.0,2.0,-1,0.0,3.0,2.85,3.65,2.42
2023,2023-09-30,HEI,UNI,1.0,0.0,1,3.0,0.0,3.07,3.65,2.27
2023,2023-09-30,MAI,LEVK,0.0,3.0,-1,0.0,3.0,5.65,4.64,1.54
2023,2023-09-30,WOB,EINF,2.0,0.0,1,3.0,0.0,2.11,3.55,3.51
2023,2023-09-30,RBL,BAY,2.0,2.0,0,1.0,1.0,3.56,4.21,1.93
2023,2023-09-29,HOF,DOR,1.0,3.0,-1,0.0,3.0,3.11,4.13,2.11
2023,2023-09-24,LEVK,HEI,4.0,1.0,1,3.0,0.0,1.23,6.98,11.42
2023,2023-09-24,EINF,FRE,0.0,0.0,0,1.0,1.0,2.09,3.63,3.44
2023,2023-09-23,AUG,MAI,2.0,1.0,1,3.0,0.0,2.59,3.63,2.62
2023,2023-09-23,BAY,BOC,7.0,0.0,1,3.0,0.0,1.1,11.34,20.92
2023,2023-09-23,DOR,WOB,1.0,0.0,1,3.0,0.0,1.69,4.39,4.46
2023,2023-09-23,MGL,RBL,0.0,1.0,-1,0.0,3.0,5.07,4.69,1.58
2023,2023-09-23,UNI,HOF,0.0,2.0,-1,0.0,3.0,2.12,3.67,3.36
2023,2023-09-23,WERB,KOL,2.0,1.0,1,3.0,0.0,2.54,3.62,2.68
2023,2023-09-22,STU,DAR,3.0,1.0,1,3.0,0.0,1.38,5.14,7.89
2023,2023-09-17,HEI,WERB,4.0,2.0,1,3.0,0.0,2.35,3.79,2.83
2023,2023-09-17,DAR,MGL,3.0,3.0,0,1.0,1.0,2.96,3.61,2.34
2023,2023-09-16,KOL,HOF,1.0,3.0,-1,0.0,3.0,2.22,3.78,3.05
2023,2023-09-16,FRE,DOR,2.0,4.0,-1,0.0,3.0,3.16,3.84,2.15
2023,2023-09-16,MAI,STU,1.0,3.0,-1,0.0,3.0,2.55,3.65,2.66
2023,2023-09-16,RBL,AUG,3.0,0.0,1,3.0,0.0,1.23,6.98,11.49
2023,2023-09-16,WOB,UNI,2.0,1.0,1,3.0,0.0,2.26,3.47,3.22
2023,2023-09-16,BOC,EINF,1.0,1.0,0,1.0,1.0,2.93,3.63,2.35
2023,2023-09-15,BAY,LEVK,2.0,2.0,0,1.0,1.0,1.62,4.66,4.76
2023,2023-09-03,EINF,KOL,1.0,1.0,0,1.0,1.0,2.13,3.49,3.49
2023,2023-09-03,UNI,RBL,0.0,3.0,-1,0.0,3.0,3.22,3.45,2.26
2023,2023-09-02,AUG,BOC,2.0,2.0,0,1.0,1.0,2.03,3.7,3.56
2023,2023-09-02,HOF,WOB,3.0,1.0,1,3.0,0.0,2.47,3.77,2.67
2023,2023-09-02,LEVK,DAR,5.0,1.0,1,3.0,0.0,1.2,7.3,13.64
2023,2023-09-02,STU,FRE,5.0,0.0,1,3.0,0.0,2.18,3.68,3.2
2023,2023-09-02,WERB,MAI,4.0,0.0,1,3.0,0.0,2.7,3.57,2.55
2023,2023-09-02,MGL,BAY,1.0,2.0,-1,0.0,3.0,8.28,6.34,1.31
2023,2023-09-01,DOR,HEI,2.0,2.0,0,1.0,1.0,1.25,6.82,10.4
2023,2023-08-27,MAI,EINF,1.0,1.0,0,1.0,1.0,2.43,3.63,2.83
2023,2023-08-27,BAY,AUG,3.0,1.0,1,3.0,0.0,1.08,12.99,24.71
2023,2023-08-26,BOC,DOR,1.0,1.0,0,1.0,1.0,6.72,5.29,1.42
2023,2023-08-26,DAR,UNI,1.0,4.0,-1,0.0,3.0,3.88,3.44,2.03
2023,2023-08-26,KOL,WOB,1.0,2.0,-1,0.0,3.0,2.36,3.56,2.98
2023,2023-08-26,FRE,WERB,1.0,0.0,1,3.0,0.0,1.71,4.06,4.75
2023,2023-08-26,HEI,HOF,2.0,3.0,-1,0.0,3.0,2.98,3.73,2.3
2023,2023-08-26,MGL,LEVK,0.0,3.0,-1,0.0,3.0,3.68,4.1,1.91
2023,2023-08-25,RBL,STU,5.0,1.0,1,3.0,0.0,1.51,4.71,6.09
2023,2023-08-20,UNI,MAI,4.0,1.0,1,3.0,0.0,2.01,3.45,3.92
2023,2023-08-20,EINF,DAR,1.0,0.0,1,3.0,0.0,1.39,5.12,7.82
2023,2023-08-19,AUG,MGL,4.0,4.0,0,1.0,1.0,2.72,3.69,2.47
2023,2023-08-19,HOF,FRE,1.0,2.0,-1,0.0,3.0,2.35,3.63,2.94
2023,2023-08-19,LEVK,RBL,3.0,2.0,1,3.0,0.0,2.47,3.62,2.78
2023,2023-08-19,STU,BOC,5.0,0.0,1,3.0,0.0,1.69,4.17,4.69
2023,2023-08-19,WOB,HEI,2.0,0.0,1,3.0,0.0,1.62,4.31,5.19
2023,2023-08-19,DOR,KOL,1.0,0.0,1,3.0,0.0,1.4,5.21,7.24
2023,2023-08-18,WERB,BAY,0.0,4.0,-1,0.0,3.0,8.5,6.09,1.32
2022,2023-05-27,BOC,LEVK,3.0,0.0,1,3.0,0.0,3.29,4.05,2.03
2022,2023-05-27,DOR,MAI,2.0,2.0,0,1.0,1.0,1.15,9.23,15.14
2022,2023-05-27,EINF,FRE,2.0,1.0,1,3.0,0.0,2.38,3.81,2.77
2022,2023-05-27,KOL,BAY,1.0,2.0,-1,0.0,3.0,7.94,6.14,1.32
2022,2023-05-27,MGL,AUG,2.0,0.0,1,3.0,0.0,2.18,3.88,3.07
2022,2023-05-27,RBL,SCH,4.0,2.0,1,3.0,0.0,1.61,4.66,4.75
2022,2023-05-27,STU,HOF,1.0,1.0,0,1.0,1.0,1.59,4.62,5.01
2022,2023-05-27,UNI,WERB,1.0,0.0,1,3.0,0.0,1.44,4.77,7.05
2022,2023-05-27,WOB,HERT,1.0,2.0,-1,0.0,3.0,1.34,5.7,8.18
2022,2023-05-21,MAI,STU,1.0,4.0,-1,0.0,3.0,2.51,3.63,2.73
2022,2023-05-21,AUG,DOR,0.0,3.0,-1,0.0,3.0,6.74,5.53,1.4
2022,2023-05-21,LEVK,MGL,2.0,2.0,0,1.0,1.0,1.47,5.04,6.06
2022,2023-05-20,HERT,BOC,1.0,1.0,0,1.0,1.0,2.25,3.76,3.04
2022,2023-05-20,HOF,UNI,4.0,2.0,1,3.0,0.0,2.53,3.47,2.8
2022,2023-05-20,SCH,EINF,2.0,2.0,0,1.0,1.0,2.92,3.78,2.31
2022,2023-05-20,WERB,KOL,1.0,1.0,0,1.0,1.0,2.58,3.75,2.6
2022,2023-05-20,BAY,RBL,1.0,3.0,-1,0.0,3.0,1.52,4.98,5.65
2022,2023-05-19,FRE,WOB,2.0,0.0,1,3.0,0.0,2.03,3.79,3.55
2022,2023-05-14,STU,LEVK,1.0,1.0,0,1.0,1.0,2.48,3.59,2.76
2022,2023-05-14,RBL,WERB,2.0,1.0,1,3.0,0.0,1.25,6.59,10.7
2022,2023-05-13,BAY,SCH,6.0,0.0,1,3.0,0.0,1.12,10.0,18.74
2022,2023-05-13,BOC,AUG,3.0,2.0,1,3.0,0.0,2.16,3.58,3.32
2022,2023-05-13,EINF,MAI,3.0,0.0,1,3.0,0.0,2.12,3.7,3.34
2022,2023-05-13,UNI,FRE,4.0,2.0,1,3.0,0.0,2.19,3.18,3.68
2022,2023-05-13,WOB,HOF,2.0,1.0,1,3.0,0.0,1.93,3.94,3.68
2022,2023-05-13,DOR,MGL,5.0,2.0,1,3.0,0.0,1.25,7.03,10.12
2022,2023-05-12,KOL,HERT,5.0,2.0,1,3.0,0.0,1.9,3.74,4.07
2022,2023-05-07,DOR,WOB,6.0,0.0,1,3.0,0.0,1.51,4.97,5.67
2022,2023-05-06,AUG,UNI,1.0,0.0,1,3.0,0.0,3.41,3.27,2.26
2022,2023-05-06,FRE,RBL,0.0,1.0,-1,0.0,3.0,3.97,3.68,1.93
2022,2023-05-06,HERT,STU,2.0,1.0,1,3.0,0.0,3.1,3.53,2.29
2022,2023-05-06,HOF,EINF,3.0,1.0,1,3.0,0.0,2.35,3.65,2.93
2022,2023-05-06,MGL,BOC,2.0,0.0,1,3.0,0.0,1.9,3.94,3.82
2022,2023-05-06,WERB,BAY,1.0,2.0,-1,0.0,3.0,8.13,6.11,1.32
2022,2023-05-05,LEVK,KOL,1.0,2.0,-1,0.0,3.0,1.69,4.04,4.97
2022,2023-05-05,MAI,SCH,2.0,3.0,-1,0.0,3.0,1.65,4.1,5.3
2022,2023-04-30,BAY,HERT,2.0,0.0,1,3.0,0.0,1.12,10.09,20.09
2022,2023-04-30,WOB,MAI,3.0,0.0,1,3.0,0.0,2.3,3.53,3.08
2022,2023-04-29,EINF,AUG,1.0,1.0,0,1.0,1.0,1.56,4.48,5.64
2022,2023-04-29,KOL,FRE,0.0,1.0,-1,0.0,3.0,2.44,3.31,3.02
2022,2023-04-29,RBL,HOF,1.0,0.0,1,3.0,0.0,1.42,5.05,7.02
2022,2023-04-29,STU,MGL,2.0,1.0,1,3.0,0.0,1.84,3.94,4.07
2022,2023-04-29,UNI,LEVK,0.0,0.0,0,1.0,1.0,2.91,3.37,2.5
2022,2023-04-29,SCH,WERB,2.0,1.0,1,3.0,0.0,2.28,3.56,3.09
2022,2023-04-28,BOC,DOR,1.0,1.0,0,1.0,1.0,6.42,5.14,1.45
2022,2023-04-23,FRE,SCH,4.0,0.0,1,3.0,0.0,1.8,3.68,4.67
2022,2023-04-23,LEVK,RBL,2.0,0.0,1,3.0,0.0,2.54,3.63,2.67
2022,2023-04-23,MGL,UNI,0.0,1.0,-1,0.0,3.0,2.39,3.33,3.09
2022,2023-04-22,BOC,WOB,1.0,5.0,-1,0.0,3.0,3.02,3.55,2.33
2022,2023-04-22,HERT,WERB,2.0,4.0,-1,0.0,3.0,2.3,3.5,3.1
2022,2023-04-22,HOF,KOL,1.0,3.0,-1,0.0,3.0,2.22,3.58,3.21
2022,2023-04-22,MAI,BAY,3.0,1.0,1,3.0,0.0,5.31,4.57,1.57
2022,2023-04-22,DOR,EINF,4.0,0.0,1,3.0,0.0,1.62,4.5,4.97
2022,2023-04-21,AUG,STU,1.0,1.0,0,1.0,1.0,3.27,3.68,2.15
2022,2023-04-16,WERB,FRE,1.0,2.0,-1,0.0,3.0,2.7,3.52,2.58
2022,2023-04-16,UNI,BOC,1.0,1.0,0,1.0,1.0,1.62,3.91,5.95
2022,2023-04-16,WOB,LEVK,0.0,0.0,0,1.0,1.0,2.81,3.62,2.45
2022,2023-04-15,BAY,HOF,1.0,1.0,0,1.0,1.0,1.21,7.72,11.57
2022,2023-04-15,KOL,MAI,1.0,1.0,0,1.0,1.0,2.63,3.37,2.74
2022,2023-04-15,RBL,AUG,3.0,2.0,1,3.0,0.0,1.25,6.47,11.07
2022,2023-04-15,STU,DOR,3.0,3.0,0,1.0,1.0,3.52,3.83,2.01
2022,2023-04-15,EINF,MGL,1.0,1.0,0,1.0,1.0,1.75,4.13,4.38
2022,2023-04-14,SCH,HERT,5.0,2.0,1,3.0,0.0,2.36,3.3,3.18
2022,2023-04-09,MGL,WOB,2.0,0.0,1,3.0,0.0,2.38,3.65,2.85
2022,2023-04-09,BOC,STU,2.0,3.0,-1,0.0,3.0,3.02,3.44,2.36
2022,2023-04-09,HOF,SCH,2.0,0.0,1,3.0,0.0,1.94,3.8,3.76
2022,2023-04-08,AUG,KOL,1.0,3.0,-1,0.0,3.0,2.8,3.46,2.51
2022,2023-04-08,DOR,UNI,2.0,1.0,1,3.0,0.0,1.6,4.11,5.73
2022,2023-04-08,FRE,BAY,0.0,1.0,-1,0.0,3.0,6.43,4.91,1.46
2022,2023-04-08,LEVK,EINF,3.0,1.0,1,3.0,0.0,1.85,3.95,3.99
2022,2023-04-08,MAI,WERB,2.0,2.0,0,1.0,1.0,1.73,4.01,4.65
2022,2023-04-08,HERT,RBL,0.0,1.0,-1,0.0,3.0,5.35,4.11,1.62
2022,2023-04-02,KOL,MGL,0.0,0.0,0,1.0,1.0,2.21,3.64,3.14
2022,2023-04-02,WERB,HOF,1.0,2.0,-1,0.0,3.0,2.33,3.65,2.94
2022,2023-04-01,FRE,HERT,1.0,1.0,0,1.0,1.0,1.66,3.93,5.29
2022,2023-04-01,RBL,MAI,0.0,3.0,-1,0.0,3.0,1.53,4.5,5.94
2022,2023-04-01,SCH,LEVK,0.0,3.0,-1,0.0,3.0,3.95,3.7,1.92
2022,2023-04-01,UNI,STU,3.0,0.0,1,3.0,0.0,2.07,3.29,3.91
2022,2023-04-01,WOB,AUG,2.0,2.0,0,1.0,1.0,1.63,4.18,5.22
2022,2023-04-01,BAY,DOR,4.0,2.0,1,3.0,0.0,1.49,5.11,5.64
2022,2023-03-31,EINF,BOC,1.0,1.0,0,1.0,1.0,1.51,4.44,6.33
2022,2023-03-19,UNI,EINF,2.0,0.0,1,3.0,0.0,2.41,3.19,3.15
2022,2023-03-19,LEVK,BAY,2.0,1.0,1,3.0,0.0,4.88,4.75,1.59
2022,2023-03-19,MAI,FRE,1.0,1.0,0,1.0,1.0,2.16,3.48,3.4
2022,2023-03-18,AUG,SCH,1.0,1.0,0,1.0,1.0,2.32,3.42,3.09
2022,2023-03-18,BOC,RBL,1.0,0.0,1,3.0,0.0,5.71,4.37,1.56
2022,2023-03-18,HOF,HERT,3.0,1.0,1,3.0,0.0,2.08,3.58,3.49
2022,2023-03-18,STU,WOB,0.0,1.0,-1,0.0,3.0,2.42,3.41,2.93
2022,2023-03-18,DOR,KOL,6.0,1.0,1,3.0,0.0,1.46,4.81,6.62
2022,2023-03-17,MGL,WERB,2.0,2.0,0,1.0,1.0,1.81,3.96,4.18
2022,2023-03-12,FRE,HOF,2.0,1.0,1,3.0,0.0,1.94,3.66,3.9
2022,2023-03-12,WERB,LEVK,2.0,3.0,-1,0.0,3.0,3.25,3.76,2.12
2022,2023-03-12,WOB,UNI,1.0,1.0,0,1.0,1.0,2.26,3.23,3.41
2022,2023-03-11,BAY,AUG,5.0,3.0,1,3.0,0.0,1.13,9.53,17.4
2022,2023-03-11,EINF,STU,1.0,1.0,0,1.0,1.0,1.84,3.81,4.19
2022,2023-03-11,HERT,MAI,1.0,1.0,0,1.0,1.0,2.89,3.45,2.45
2022,2023-03-11,RBL,MGL,3.0,0.0,1,3.0,0.0,1.42,5.03,6.95
2022,2023-03-11,SCH,DOR,2.0,2.0,0,1.0,1.0,4.53,4.09,1.73
2022,2023-03-10,KOL,BOC,0.0,2.0,-1,0.0,3.0,1.76,3.78,4.73
2022,2023-03-05,LEVK,HERT,4.0,1.0,1,3.0,0.0,1.55,4.38,5.81
2022,2023-03-05,WOB,EINF,2.0,2.0,0,1.0,1.0,2.46,3.51,2.82
2022,2023-03-04,AUG,WERB,2.0,1.0,1,3.0,0.0,2.34,3.58,2.97
2022,2023-03-04,BOC,SCH,0.0,2.0,-1,0.0,3.0,2.39,3.45,2.97
2022,2023-03-04,MAI,HOF,1.0,0.0,1,3.0,0.0,1.93,3.77,3.84
2022,2023-03-04,MGL,FRE,0.0,0.0,0,1.0,1.0,2.47,3.55,2.8
2022,2023-03-04,UNI,KOL,0.0,0.0,0,1.0,1.0,1.93,3.38,4.35
2022,2023-03-04,STU,BAY,1.0,2.0,-1,0.0,3.0,6.53,5.03,1.45
2022,2023-03-03,DOR,RBL,2.0,1.0,1,3.0,0.0,2.22,3.68,3.14
2022,2023-02-26,FRE,LEVK,1.0,1.0,0,1.0,1.0,2.2,3.59,3.22
2022,2023-02-26,BAY,UNI,3.0,0.0,1,3.0,0.0,1.33,5.51,9.21
2022,2023-02-25,KOL,WOB,0.0,2.0,-1,0.0,3.0,2.38,3.49,2.97
2022,2023-02-25,HERT,AUG,2.0,0.0,1,3.0,0.0,2.15,3.63,3.3
2022,2023-02-25,HOF,DOR,0.0,1.0,-1,0.0,3.0,4.15,4.22,1.77
2022,2023-02-25,RBL,EINF,2.0,1.0,1,3.0,0.0,1.71,4.12,4.66
2022,2023-02-25,WERB,BOC,3.0,0.0,1,3.0,0.0,2.02,3.71,3.6
2022,2023-02-25,SCH,STU,2.0,1.0,1,3.0,0.0,2.99,3.37,2.43
2022,2023-02-24,MAI,MGL,4.0,0.0,1,3.0,0.0,2.15,3.67,3.3
2022,2023-02-19,UNI,SCH,0.0,0.0,0,1.0,1.0,1.6,3.89,6.21
2022,2023-02-19,DOR,HERT,4.0,1.0,1,3.0,0.0,1.33,5.66,8.49
2022,2023-02-19,LEVK,MAI,2.0,3.0,-1,0.0,3.0,1.83,3.92,4.13
2022,2023-02-18,BOC,FRE,0.0,2.0,-1,0.0,3.0,3.09,3.52,2.29
2022,2023-02-18,MGL,BAY,3.0,2.0,1,3.0,0.0,6.97,5.69,1.39
2022,2023-02-18,STU,KOL,3.0,0.0,1,3.0,0.0,2.43,3.47,2.92
2022,2023-02-18,WOB,RBL,0.0,3.0,-1,0.0,3.0,3.26,3.6,2.18
2022,2023-02-18,EINF,WERB,2.0,0.0,1,3.0,0.0,1.61,4.39,5.09
2022,2023-02-17,AUG,HOF,1.0,0.0,1,3.0,0.0,2.67,3.58,2.58
2022,2023-02-12,HERT,MGL,4.0,1.0,1,3.0,0.0,2.82,3.59,2.44
2022,2023-02-12,KOL,EINF,3.0,0.0,1,3.0,0.0,2.7,3.56,2.55
2022,2023-02-11,BAY,BOC,3.0,0.0,1,3.0,0.0,1.13,9.68,17.97
2022,2023-02-11,FRE,STU,2.0,1.0,1,3.0,0.0,1.84,3.72,4.3
2022,2023-02-11,HOF,LEVK,1.0,3.0,-1,0.0,3.0,2.94,3.68,2.32
2022,2023-02-11,MAI,AUG,3.0,1.0,1,3.0,0.0,1.83,3.84,4.24
2022,2023-02-11,WERB,DOR,0.0,2.0,-1,0.0,3.0,3.98,4.2,1.81
2022,2023-02-11,RBL,UNI,1.0,2.0,-1,0.0,3.0,1.74,3.71,5.12
2022,2023-02-10,SCH,WOB,0.0,0.0,0,1.0,1.0,3.8,3.69,1.97
2022,2023-02-05,STU,WERB,0.0,2.0,-1,0.0,3.0,2.06,3.71,3.45
2022,2023-02-05,WOB,BAY,2.0,4.0,-1,0.0,3.0,5.05,4.61,1.59
2022,2023-02-04,BOC,HOF,5.0,2.0,1,3.0,0.0,2.77,3.59,2.5
2022,2023-02-04,DOR,FRE,5.0,1.0,1,3.0,0.0,1.68,4.17,4.83
2022,2023-02-04,EINF,HERT,3.0,0.0,1,3.0,0.0,1.49,4.62,6.45
2022,2023-02-04,KOL,RBL,0.0,0.0,0,1.0,1.0,3.95,3.76,1.92
2022,2023-02-04,UNI,MAI,2.0,1.0,1,3.0,0.0,1.98,3.41,4.1
2022,2023-02-04,MGL,SCH,0.0,0.0,0,1.0,1.0,1.54,4.61,5.66
2022,2023-02-03,AUG,LEVK,1.0,0.0,1,3.0,0.0,4.11,3.92,1.84
2022,2023-01-29,SCH,KOL,0.0,0.0,0,1.0,1.0,3.73,3.73,1.98
2022,2023-01-29,LEVK,DOR,0.0,2.0,-1,0.0,3.0,2.44,3.81,2.71
2022,2023-01-28,FRE,AUG,3.0,1.0,1,3.0,0.0,1.51,4.52,6.25
2022,2023-01-28,HERT,UNI,0.0,2.0,-1,0.0,3.0,3.59,3.3,2.18
2022,2023-01-28,HOF,MGL,1.0,4.0,-1,0.0,3.0,2.05,3.93,3.33
2022,2023-01-28,MAI,BOC,5.0,2.0,1,3.0,0.0,1.71,3.99,4.82
2022,2023-01-28,WERB,WOB,2.0,1.0,1,3.0,0.0,3.26,3.65,2.17
2022,2023-01-28,BAY,EINF,1.0,1.0,0,1.0,1.0,1.33,6.14,7.93
2022,2023-01-27,RBL,STU,2.0,1.0,1,3.0,0.0,1.34,5.44,9.28
2022,2023-01-25,MAI,DOR,1.0,2.0,-1,0.0,3.0,2.91,3.69,2.34
2022,2023-01-25,AUG,MGL,1.0,0.0,1,3.0,0.0,3.04,3.56,2.31
2022,2023-01-25,FRE,EINF,1.0,1.0,0,1.0,1.0,2.55,3.52,2.74
2022,2023-01-25,LEVK,BOC,2.0,0.0,1,3.0,0.0,1.44,4.87,7.06
2022,2023-01-25,WERB,UNI,1.0,2.0,-1,0.0,3.0,2.84,3.28,2.59
2022,2023-01-24,SCH,RBL,1.0,6.0,-1,0.0,3.0,5.74,4.37,1.57
2022,2023-01-24,BAY,KOL,1.0,1.0,0,1.0,1.0,1.22,7.4,11.61
2022,2023-01-24,HERT,WOB,0.0,5.0,-1,0.0,3.0,3.05,3.45,2.36
2022,2023-01-24,HOF,STU,2.0,2.0,0,1.0,1.0,2.15,3.62,3.33
2022,2023-01-22,DOR,AUG,4.0,3.0,1,3.0,0.0,1.32,5.87,8.48
2022,2023-01-22,MGL,LEVK,2.0,3.0,-1,0.0,3.0,2.71,3.87,2.4
2022,2023-01-21,BOC,HERT,3.0,1.0,1,3.0,0.0,2.39,3.55,2.91
2022,2023-01-21,EINF,SCH,3.0,0.0,1,3.0,0.0,1.38,5.27,7.97
2022,2023-01-21,STU,MAI,1.0,1.0,0,1.0,1.0,2.41,3.54,2.9
2022,2023-01-21,UNI,HOF,3.0,1.0,1,3.0,0.0,2.24,3.42,3.28
2022,2023-01-21,WOB,FRE,6.0,0.0,1,3.0,0.0,2.54,3.44,2.8
2022,2023-01-21,KOL,WERB,7.0,1.0,1,3.0,0.0,2.23,3.79,3.03
2022,2023-01-20,RBL,BAY,1.0,1.0,0,1.0,1.0,3.82,4.13,1.87
2022,2022-11-13,MAI,EINF,1.0,1.0,0,1.0,1.0,2.78,3.61,2.46
2022,2022-11-13,FRE,UNI,4.0,1.0,1,3.0,0.0,2.04,3.31,4.02
2022,2022-11-12,AUG,BOC,0.0,1.0,-1,0.0,3.0,2.18,3.55,3.25
2022,2022-11-12,HERT,KOL,2.0,0.0,1,3.0,0.0,2.25,3.64,3.09
2022,2022-11-12,HOF,WOB,1.0,2.0,-1,0.0,3.0,2.23,3.71,3.09
2022,2022-11-12,LEVK,STU,2.0,0.0,1,3.0,0.0,1.72,4.14,4.54
2022,2022-11-12,WERB,RBL,1.0,2.0,-1,0.0,3.0,3.64,4.02,1.93
2022,2022-11-12,SCH,BAY,0.0,2.0,-1,0.0,3.0,15.62,8.42,1.16
2022,2022-11-11,MGL,DOR,4.0,2.0,1,3.0,0.0,3.24,3.82,2.14
2022,2022-11-09,KOL,LEVK,1.0,2.0,-1,0.0,3.0,3.13,3.64,2.23
2022,2022-11-09,EINF,HOF,4.0,2.0,1,3.0,0.0,1.93,3.85,3.78
2022,2022-11-09,RBL,FRE,3.0,1.0,1,3.0,0.0,1.76,4.06,4.37
2022,2022-11-09,SCH,MAI,1.0,0.0,1,3.0,0.0,3.42,3.72,2.08
2022,2022-11-09,UNI,AUG,2.0,2.0,0,1.0,1.0,1.56,4.18,6.2
2022,2022-11-08,WOB,DOR,2.0,0.0,1,3.0,0.0,3.11,3.58,2.26
2022,2022-11-08,BAY,WERB,6.0,1.0,1,3.0,0.0,1.15,8.88,16.29
2022,2022-11-08,BOC,MGL,2.0,1.0,1,3.0,0.0,3.25,3.6,2.2
2022,2022-11-08,STU,HERT,2.0,1.0,1,3.0,0.0,1.96,3.71,3.8
2022,2022-11-06,LEVK,UNI,5.0,0.0,1,3.0,0.0,2.15,3.48,3.43
2022,2022-11-06,FRE,KOL,2.0,0.0,1,3.0,0.0,1.71,4.0,4.79
2022,2022-11-05,AUG,EINF,1.0,2.0,-1,0.0,3.0,4.4,4.1,1.75
2022,2022-11-05,DOR,BOC,3.0,0.0,1,3.0,0.0,1.24,6.56,11.75
2022,2022-11-05,HERT,BAY,2.0,3.0,-1,0.0,3.0,10.21,6.56,1.26
2022,2022-11-05,HOF,RBL,1.0,3.0,-1,0.0,3.0,2.98,3.67,2.3
2022,2022-11-05,MAI,WOB,0.0,3.0,-1,0.0,3.0,2.05,3.64,3.57
2022,2022-11-05,WERB,SCH,2.0,1.0,1,3.0,0.0,1.64,4.35,4.91
2022,2022-11-04,MGL,STU,3.0,1.0,1,3.0,0.0,2.21,3.76,3.1
2022,2022-10-30,UNI,MGL,2.0,1.0,1,3.0,0.0,2.07,3.48,3.67
2022,2022-10-30,SCH,FRE,0.0,2.0,-1,0.0,3.0,3.94,3.73,1.91
2022,2022-10-30,KOL,HOF,1.0,1.0,0,1.0,1.0,2.88,3.58,2.4
2022,2022-10-29,BAY,MAI,6.0,2.0,1,3.0,0.0,1.25,6.74,10.46
2022,2022-10-29,RBL,LEVK,2.0,0.0,1,3.0,0.0,1.81,4.02,4.16
2022,2022-10-29,STU,AUG,2.0,1.0,1,3.0,0.0,1.82,3.88,4.25
2022,2022-10-29,WOB,BOC,4.0,0.0,1,3.0,0.0,1.69,4.11,4.76
2022,2022-10-29,EINF,DOR,1.0,2.0,-1,0.0,3.0,2.81,3.67,2.4
2022,2022-10-28,WERB,HERT,1.0,0.0,1,3.0,0.0,2.05,3.83,3.4
2022,2022-10-23,BOC,UNI,2.0,1.0,1,3.0,0.0,4.27,3.47,1.93
2022,2022-10-23,HERT,SCH,2.0,1.0,1,3.0,0.0,1.76,3.89,4.59
2022,2022-10-22,AUG,RBL,3.0,3.0,0,1.0,1.0,5.45,4.43,1.58
2022,2022-10-22,DOR,STU,5.0,0.0,1,3.0,0.0,1.55,4.48,5.84
2022,2022-10-22,FRE,WERB,2.0,0.0,1,3.0,0.0,1.93,3.81,3.84
2022,2022-10-22,HOF,BAY,0.0,2.0,-1,0.0,3.0,5.77,4.97,1.5
2022,2022-10-22,LEVK,WOB,2.0,2.0,0,1.0,1.0,1.72,4.23,4.5
2022,2022-10-22,MGL,EINF,1.0,3.0,-1,0.0,3.0,2.34,3.78,2.87
2022,2022-10-21,MAI,KOL,5.0,0.0,1,3.0,0.0,2.18,3.53,3.36
2022,2022-10-16,KOL,AUG,3.0,2.0,1,3.0,0.0,1.69,4.17,4.72
2022,2022-10-16,UNI,DOR,2.0,0.0,1,3.0,0.0,2.98,3.48,2.39
2022,2022-10-16,BAY,FRE,5.0,0.0,1,3.0,0.0,1.27,6.32,10.47
2022,2022-10-15,EINF,LEVK,5.0,1.0,1,3.0,0.0,2.75,3.64,2.48
2022,2022-10-15,STU,BOC,4.0,1.0,1,3.0,0.0,1.65,4.04,5.24
2022,2022-10-15,WERB,MAI,0.0,2.0,-1,0.0,3.0,2.36,3.6,2.94
2022,2022-10-15,WOB,MGL,2.0,2.0,0,1.0,1.0,2.64,3.62,2.6
2022,2022-10-15,RBL,HERT,3.0,2.0,1,3.0,0.0,1.41,5.02,7.36
2022,2022-10-14,SCH,HOF,0.0,3.0,-1,0.0,3.0,3.66,3.77,1.99
2022,2022-10-09,MGL,KOL,5.0,2.0,1,3.0,0.0,2.0,3.89,3.51
2022,2022-10-09,HERT,FRE,2.0,2.0,0,1.0,1.0,3.06,3.47,2.34
2022,2022-10-09,STU,UNI,0.0,1.0,-1,0.0,3.0,2.61,3.23,2.87
2022,2022-10-08,AUG,WOB,1.0,1.0,0,1.0,1.0,2.96,3.42,2.43
2022,2022-10-08,BOC,EINF,3.0,0.0,1,3.0,0.0,3.87,3.89,1.9
2022,2022-10-08,LEVK,SCH,4.0,0.0,1,3.0,0.0,1.46,4.91,6.53
2022,2022-10-08,MAI,RBL,1.0,1.0,0,1.0,1.0,3.03,3.58,2.32
2022,2022-10-08,DOR,BAY,2.0,2.0,0,1.0,1.0,4.41,4.7,1.66
2022,2022-10-07,HOF,WERB,1.0,2.0,-1,0.0,3.0,2.03,3.91,3.42
2022,2022-10-02,HERT,HOF,1.0,1.0,0,1.0,1.0,2.82,3.73,2.37
2022,2022-10-02,SCH,AUG,2.0,3.0,-1,0.0,3.0,1.98,3.66,3.76
2022,2022-10-01,EINF,UNI,2.0,0.0,1,3.0,0.0,2.27,3.44,3.21
2022,2022-10-01,KOL,DOR,3.0,2.0,1,3.0,0.0,3.28,3.84,2.09
2022,2022-10-01,FRE,MAI,2.0,1.0,1,3.0,0.0,2.1,3.57,3.48
2022,2022-10-01,RBL,BOC,4.0,0.0,1,3.0,0.0,1.24,6.62,11.29
2022,2022-10-01,WOB,STU,3.0,2.0,1,3.0,0.0,2.38,3.47,2.99
2022,2022-10-01,WERB,MGL,5.0,1.0,1,3.0,0.0,2.58,3.76,2.56
2022,2022-09-30,BAY,LEVK,4.0,0.0,1,3.0,0.0,1.37,5.79,7.18
2022,2022-09-18,UNI,WOB,2.0,0.0,1,3.0,0.0,2.02,3.52,3.79
2022,2022-09-18,BOC,KOL,1.0,1.0,0,1.0,1.0,3.08,3.67,2.25
2022,2022-09-18,HOF,FRE,0.0,0.0,0,1.0,1.0,2.17,3.75,3.14
2022,2022-09-17,AUG,BAY,1.0,0.0,1,3.0,0.0,15.37,8.69,1.16
2022,2022-09-17,DOR,SCH,1.0,0.0,1,3.0,0.0,1.39,5.39,7.41
2022,2022-09-17,LEVK,WERB,1.0,1.0,0,1.0,1.0,1.65,4.45,4.74
2022,2022-09-17,STU,EINF,1.0,3.0,-1,0.0,3.0,2.33,3.58,2.99
2022,2022-09-17,MGL,RBL,3.0,0.0,1,3.0,0.0,3.05,3.69,2.26
2022,2022-09-16,MAI,HERT,1.0,1.0,0,1.0,1.0,1.76,3.98,4.49
2022,2022-09-11,KOL,UNI,0.0,1.0,-1,0.0,3.0,2.45,3.45,2.9
2022,2022-09-11,FRE,MGL,0.0,0.0,0,1.0,1.0,2.05,3.71,3.51
2022,2022-09-10,BAY,STU,2.0,2.0,0,1.0,1.0,1.16,8.66,16.09
2022,2022-09-10,EINF,WOB,0.0,1.0,-1,0.0,3.0,2.04,3.63,3.6
2022,2022-09-10,HERT,LEVK,2.0,2.0,0,1.0,1.0,3.64,4.0,1.93
2022,2022-09-10,HOF,MAI,4.0,1.0,1,3.0,0.0,2.3,3.61,3.01
2022,2022-09-10,RBL,DOR,3.0,0.0,1,3.0,0.0,2.37,3.84,2.79
2022,2022-09-10,SCH,BOC,3.0,1.0,1,3.0,0.0,2.04,3.67,3.56
2022,2022-09-09,WERB,AUG,0.0,1.0,-1,0.0,3.0,1.54,4.58,5.7
2022,2022-09-04,AUG,HERT,0.0,2.0,-1,0.0,3.0,2.54,3.37,2.84
2022,2022-09-04,MGL,MAI,0.0,1.0,-1,0.0,3.0,2.23,3.7,3.08
2022,2022-09-03,BOC,WERB,0.0,2.0,-1,0.0,3.0,2.92,3.65,2.35
2022,2022-09-03,LEVK,FRE,2.0,3.0,-1,0.0,3.0,1.92,3.88,3.81
2022,2022-09-03,STU,SCH,1.0,1.0,0,1.0,1.0,1.78,4.01,4.32
2022,2022-09-03,UNI,BAY,1.0,1.0,0,1.0,1.0,7.43,5.54,1.38
2022,2022-09-03,WOB,KOL,2.0,4.0,-1,0.0,3.0,2.12,3.52,3.49
2022,2022-09-03,EINF,RBL,4.0,0.0,1,3.0,0.0,3.56,3.74,2.03
2022,2022-09-02,DOR,HOF,1.0,0.0,1,3.0,0.0,1.66,4.54,4.59
2022,2022-08-28,KOL,STU,0.0,0.0,0,1.0,1.0,2.1,3.69,3.38
2022,2022-08-28,WERB,EINF,3.0,4.0,-1,0.0,3.0,2.51,3.58,2.74
2022,2022-08-27,HERT,DOR,0.0,1.0,-1,0.0,3.0,4.44,4.45,1.69
2022,2022-08-27,HOF,AUG,1.0,0.0,1,3.0,0.0,1.47,4.86,6.43
2022,2022-08-27,MAI,LEVK,0.0,3.0,-1,0.0,3.0,2.72,3.74,2.45
2022,2022-08-27,RBL,WOB,2.0,0.0,1,3.0,0.0,1.49,4.6,6.46
2022,2022-08-27,SCH,UNI,1.0,6.0,-1,0.0,3.0,3.08,3.44,2.34
2022,2022-08-27,BAY,MGL,1.0,1.0,0,1.0,1.0,1.19,8.16,12.66
2022,2022-08-26,FRE,BOC,1.0,0.0,1,3.0,0.0,1.51,4.66,6.13
2022,2022-08-21,EINF,KOL,1.0,1.0,0,1.0,1.0,2.04,3.73,3.49
2022,2022-08-21,BOC,BAY,0.0,7.0,-1,0.0,3.0,13.38,8.0,1.19
2022,2022-08-20,AUG,MAI,1.0,2.0,-1,0.0,3.0,3.52,3.52,2.11
2022,2022-08-20,DOR,WERB,2.0,3.0,-1,0.0,3.0,1.39,5.36,7.39
2022,2022-08-20,LEVK,HOF,0.0,3.0,-1,0.0,3.0,1.69,4.34,4.51
2022,2022-08-20,STU,FRE,0.0,1.0,-1,0.0,3.0,2.64,3.56,2.61
2022,2022-08-20,WOB,SCH,0.0,0.0,0,1.0,1.0,1.85,3.86,4.1
2022,2022-08-20,UNI,RBL,2.0,1.0,1,3.0,0.0,3.54,3.56,2.1
2022,2022-08-19,MGL,HERT,1.0,0.0,1,3.0,0.0,1.52,4.69,5.83
2022,2022-08-14,MAI,UNI,0.0,0.0,0,1.0,1.0,2.26,3.25,3.42
2022,2022-08-14,BAY,WOB,2.0,0.0,1,3.0,0.0,1.15,9.11,16.45
2022,2022-08-13,HERT,EINF,1.0,1.0,0,1.0,1.0,3.05,3.52,2.32
2022,2022-08-13,HOF,BOC,3.0,2.0,1,3.0,0.0,1.58,4.47,5.38
2022,2022-08-13,LEVK,AUG,1.0,2.0,-1,0.0,3.0,1.33,5.63,9.07
2022,2022-08-13,RBL,KOL,2.0,2.0,0,1.0,1.0,1.44,4.85,7.05
2022,2022-08-13,WERB,STU,2.0,2.0,0,1.0,1.0,2.33,3.59,2.99
2022,2022-08-13,SCH,MGL,2.0,2.0,0,1.0,1.0,3.12,3.75,2.21
2022,2022-08-12,FRE,DOR,1.0,3.0,-1,0.0,3.0,3.06,3.74,2.25
2022,2022-08-07,STU,RBL,1.0,1.0,0,1.0,1.0,4.35,3.92,1.79
2022,2022-08-07,KOL,SCH,3.0,1.0,1,3.0,0.0,1.73,4.14,4.48
2022,2022-08-06,AUG,FRE,0.0,4.0,-1,0.0,3.0,3.39,3.51,2.15
2022,2022-08-06,BOC,MAI,1.0,2.0,-1,0.0,3.0,3.23,3.42,2.26
2022,2022-08-06,MGL,HOF,3.0,1.0,1,3.0,0.0,2.14,4.04,3.05
2022,2022-08-06,UNI,HERT,3.0,1.0,1,3.0,0.0,1.77,3.73,4.7
2022,2022-08-06,WOB,WERB,2.0,2.0,0,1.0,1.0,1.88,3.74,4.06
2022,2022-08-06,DOR,LEVK,1.0,0.0,1,3.0,0.0,2.06,4.12,3.19
2022,2022-08-05,EINF,BAY,1.0,6.0,-1,0.0,3.0,5.82,4.96,1.49
2021,2022-05-14,AUG,GREF,2.0,1.0,1,3.0,0.0,1.58,4.72,5.09
2021,2022-05-14,BIE,RBL,1.0,1.0,0,1.0,1.0,11.03,6.61,1.25
2021,2022-05-14,DOR,HERT,2.0,1.0,1,3.0,0.0,1.52,4.98,5.49
2021,2022-05-14,LEVK,FRE,2.0,1.0,1,3.0,0.0,2.4,4.0,2.66
2021,2022-05-14,MAI,EINF,2.0,2.0,0,1.0,1.0,1.69,4.41,4.5
2021,2022-05-14,MGL,HOF,5.0,1.0,1,3.0,0.0,2.04,4.4,3.08
2021,2022-05-14,STU,KOL,2.0,1.0,1,3.0,0.0,2.22,4.07,2.9
2021,2022-05-14,UNI,BOC,3.0,2.0,1,3.0,0.0,1.41,5.13,7.32
2021,2022-05-14,WOB,BAY,2.0,2.0,0,1.0,1.0,4.97,5.11,1.55
2021,2022-05-08,EINF,MGL,1.0,1.0,0,1.0,1.0,2.34,3.92,2.79
2021,2022-05-08,BAY,STU,2.0,2.0,0,1.0,1.0,1.25,6.82,10.75
2021,2022-05-08,RBL,AUG,4.0,0.0,1,3.0,0.0,1.26,6.32,11.32
2021,2022-05-07,KOL,WOB,0.0,1.0,-1,0.0,3.0,1.62,4.48,5.0
2021,2022-05-07,FRE,UNI,1.0,4.0,-1,0.0,3.0,1.95,3.71,3.86
2021,2022-05-07,GREF,DOR,1.0,3.0,-1,0.0,3.0,9.0,5.93,1.31
2021,2022-05-07,HOF,LEVK,2.0,4.0,-1,0.0,3.0,3.25,4.05,2.06
2021,2022-05-07,HERT,MAI,1.0,2.0,-1,0.0,3.0,2.49,3.47,2.84
2021,2022-05-06,BOC,BIE,2.0,1.0,1,3.0,0.0,2.19,3.59,3.27
2021,2022-05-02,LEVK,EINF,2.0,0.0,1,3.0,0.0,1.42,5.12,6.88
2021,2022-05-02,MGL,RBL,3.0,1.0,1,3.0,0.0,4.18,4.1,1.79
2021,2022-04-30,AUG,KOL,1.0,4.0,-1,0.0,3.0,2.82,3.44,2.51
2021,2022-04-30,BIE,HERT,1.0,1.0,0,1.0,1.0,2.65,3.27,2.79
2021,2022-04-30,DOR,BOC,3.0,4.0,-1,0.0,3.0,1.36,5.4,8.01
2021,2022-04-30,MAI,BAY,3.0,1.0,1,3.0,0.0,5.58,4.79,1.53
2021,2022-04-30,STU,WOB,1.0,1.0,0,1.0,1.0,2.05,3.65,3.58
2021,2022-04-30,HOF,FRE,3.0,4.0,-1,0.0,3.0,2.48,3.55,2.8
2021,2022-04-29,UNI,GREF,1.0,1.0,0,1.0,1.0,1.27,5.71,13.47
2021,2022-04-24,BOC,AUG,0.0,2.0,-1,0.0,3.0,2.28,3.27,3.38
2021,2022-04-24,HERT,STU,2.0,0.0,1,3.0,0.0,3.03,3.34,2.42
2021,2022-04-23,EINF,HOF,2.0,2.0,0,1.0,1.0,2.53,3.7,2.67
2021,2022-04-23,KOL,BIE,3.0,1.0,1,3.0,0.0,1.54,4.36,6.27
2021,2022-04-23,FRE,MGL,3.0,3.0,0,1.0,1.0,1.85,3.91,4.06
2021,2022-04-23,GREF,LEVK,1.0,4.0,-1,0.0,3.0,8.5,5.33,1.36
2021,2022-04-23,RBL,UNI,1.0,2.0,-1,0.0,3.0,1.54,4.17,6.62
2021,2022-04-23,BAY,DOR,3.0,1.0,1,3.0,0.0,1.38,5.65,7.12
2021,2022-04-22,WOB,MAI,5.0,0.0,1,3.0,0.0,2.35,3.4,3.14
2021,2022-04-17,BIE,BAY,0.0,3.0,-1,0.0,3.0,14.25,7.55,1.19
2021,2022-04-17,HOF,GREF,0.0,0.0,0,1.0,1.0,1.27,6.29,10.51
2021,2022-04-17,UNI,EINF,2.0,0.0,1,3.0,0.0,2.16,3.42,3.46
2021,2022-04-17,LEVK,RBL,0.0,1.0,-1,0.0,3.0,2.97,3.67,2.31
2021,2022-04-16,AUG,HERT,0.0,1.0,-1,0.0,3.0,1.93,3.61,4.03
2021,2022-04-16,DOR,WOB,6.0,1.0,1,3.0,0.0,1.53,4.5,5.99
2021,2022-04-16,FRE,BOC,3.0,0.0,1,3.0,0.0,1.68,4.02,5.07
2021,2022-04-16,MAI,STU,0.0,0.0,0,1.0,1.0,2.01,3.56,3.78
2021,2022-04-16,MGL,KOL,1.0,3.0,-1,0.0,3.0,2.0,3.78,3.57
2021,2022-04-10,BOC,LEVK,0.0,0.0,0,1.0,1.0,4.11,4.08,1.81
2021,2022-04-10,EINF,FRE,1.0,2.0,-1,0.0,3.0,2.46,3.39,2.93
2021,2022-04-10,RBL,HOF,3.0,0.0,1,3.0,0.0,1.5,4.79,5.99
2021,2022-04-09,BAY,AUG,1.0,0.0,1,3.0,0.0,1.12,9.91,19.97
2021,2022-04-09,KOL,MAI,3.0,2.0,1,3.0,0.0,2.5,3.38,2.9
2021,2022-04-09,GREF,MGL,0.0,2.0,-1,0.0,3.0,4.77,4.11,1.7
2021,2022-04-09,WOB,BIE,4.0,0.0,1,3.0,0.0,1.67,3.88,5.3
2021,2022-04-09,HERT,UNI,1.0,4.0,-1,0.0,3.0,2.88,3.23,2.59
2021,2022-04-08,STU,DOR,0.0,2.0,-1,0.0,3.0,3.97,3.98,1.86
2021,2022-04-06,AUG,MAI,2.0,1.0,1,3.0,0.0,3.34,3.3,2.27
2021,2022-04-03,AUG,WOB,3.0,0.0,1,3.0,0.0,2.97,3.29,2.49
2021,2022-04-03,MGL,MAI,1.0,1.0,0,1.0,1.0,2.28,3.56,3.1
2021,2022-04-02,BIE,STU,1.0,1.0,0,1.0,1.0,3.15,3.33,2.35
2021,2022-04-02,EINF,GREF,0.0,0.0,0,1.0,1.0,1.45,4.81,6.94
2021,2022-04-02,FRE,BAY,1.0,4.0,-1,0.0,3.0,5.66,4.82,1.52
2021,2022-04-02,HOF,BOC,1.0,2.0,-1,0.0,3.0,1.51,4.56,6.23
2021,2022-04-02,LEVK,HERT,2.0,1.0,1,3.0,0.0,1.42,5.07,6.96
2021,2022-04-02,DOR,RBL,1.0,4.0,-1,0.0,3.0,2.44,3.74,2.74
2021,2022-04-01,UNI,KOL,1.0,0.0,1,3.0,0.0,2.33,3.25,3.32
2021,2022-03-20,RBL,EINF,0.0,0.0,0,1.0,1.0,1.42,4.94,7.28
2021,2022-03-20,WOB,LEVK,0.0,2.0,-1,0.0,3.0,3.01,3.53,2.35
2021,2022-03-20,KOL,DOR,1.0,1.0,0,1.0,1.0,3.44,3.87,2.02
2021,2022-03-19,GREF,FRE,0.0,0.0,0,1.0,1.0,4.76,4.06,1.71
2021,2022-03-19,HERT,HOF,3.0,0.0,1,3.0,0.0,4.36,4.22,1.74
2021,2022-03-19,MAI,BIE,4.0,0.0,1,3.0,0.0,1.64,3.76,6.08
2021,2022-03-19,STU,AUG,3.0,2.0,1,3.0,0.0,2.05,3.55,3.67
2021,2022-03-19,BAY,UNI,4.0,0.0,1,3.0,0.0,1.18,7.84,15.23
2021,2022-03-18,BOC,MGL,0.0,2.0,-1,0.0,3.0,2.9,3.58,2.41
2021,2022-03-16,MAI,DOR,0.0,1.0,-1,0.0,3.0,4.06,3.84,1.87
2021,2022-03-13,LEVK,KOL,0.0,1.0,-1,0.0,3.0,1.62,4.39,5.06
2021,2022-03-13,DOR,BIE,1.0,0.0,1,3.0,0.0,1.27,6.09,10.71
2021,2022-03-13,EINF,BOC,2.0,1.0,1,3.0,0.0,1.89,3.59,4.24
2021,2022-03-13,GREF,RBL,1.0,6.0,-1,0.0,3.0,8.43,5.37,1.35
2021,2022-03-12,FRE,WOB,3.0,2.0,1,3.0,0.0,2.1,3.52,3.52
2021,2022-03-12,HOF,BAY,1.0,1.0,0,1.0,1.0,4.83,4.99,1.58
2021,2022-03-12,UNI,STU,1.0,1.0,0,1.0,1.0,2.12,3.48,3.54
2021,2022-03-12,MGL,HERT,2.0,0.0,1,3.0,0.0,1.58,4.51,5.21
2021,2022-03-06,KOL,HOF,0.0,1.0,-1,0.0,3.0,2.7,3.52,2.57
2021,2022-03-05,BAY,LEVK,1.0,1.0,0,1.0,1.0,1.4,5.62,6.64
2021,2022-03-05,BOC,GREF,2.0,1.0,1,3.0,0.0,1.79,3.72,4.69
2021,2022-03-05,HERT,EINF,1.0,4.0,-1,0.0,3.0,3.3,3.54,2.19
2021,2022-03-05,RBL,FRE,1.0,1.0,0,1.0,1.0,1.63,4.25,5.27
2021,2022-03-05,WOB,UNI,1.0,0.0,1,3.0,0.0,2.23,3.3,3.44
2021,2022-03-05,STU,MGL,3.0,2.0,1,3.0,0.0,3.17,3.65,2.2
2021,2022-03-04,BIE,AUG,0.0,1.0,-1,0.0,3.0,2.57,3.23,2.93
2021,2022-02-27,BOC,RBL,0.0,1.0,-1,0.0,3.0,5.17,4.09,1.65
2021,2022-02-27,AUG,DOR,1.0,1.0,0,1.0,1.0,5.36,4.23,1.62
2021,2022-02-26,FRE,HERT,3.0,0.0,1,3.0,0.0,1.57,4.3,5.79
2021,2022-02-26,GREF,KOL,1.0,1.0,0,1.0,1.0,3.56,3.68,2.05
2021,2022-02-26,LEVK,BIE,3.0,0.0,1,3.0,0.0,1.37,5.18,8.62
2021,2022-02-26,MGL,WOB,2.0,2.0,0,1.0,1.0,2.07,3.53,3.62
2021,2022-02-26,UNI,MAI,3.0,1.0,1,3.0,0.0,2.66,3.22,2.81
2021,2022-02-26,EINF,BAY,0.0,1.0,-1,0.0,3.0,6.35,5.09,1.45
2021,2022-02-25,HOF,STU,2.0,1.0,1,3.0,0.0,1.53,4.59,5.88
2021,2022-02-20,BAY,GREF,4.0,1.0,1,3.0,0.0,1.07,13.12,30.35
2021,2022-02-20,DOR,MGL,6.0,0.0,1,3.0,0.0,1.63,4.42,4.97
2021,2022-02-20,HERT,RBL,1.0,6.0,-1,0.0,3.0,6.15,4.29,1.55
2021,2022-02-19,AUG,FRE,1.0,2.0,-1,0.0,3.0,3.1,3.37,2.36
2021,2022-02-19,BIE,UNI,1.0,0.0,1,3.0,0.0,3.06,3.24,2.46
2021,2022-02-19,STU,BOC,1.0,1.0,0,1.0,1.0,2.22,3.45,3.32
2021,2022-02-19,WOB,HOF,1.0,2.0,-1,0.0,3.0,2.73,3.5,2.57
2021,2022-02-19,KOL,EINF,1.0,0.0,1,3.0,0.0,2.28,3.66,3.02
2021,2022-02-18,MAI,LEVK,3.0,2.0,1,3.0,0.0,3.25,3.66,2.19
2021,2022-02-13,UNI,DOR,0.0,3.0,-1,0.0,3.0,3.9,3.9,1.88
2021,2022-02-13,HOF,BIE,2.0,0.0,1,3.0,0.0,1.52,4.41,6.14
2021,2022-02-12,BOC,BAY,4.0,2.0,1,3.0,0.0,11.91,7.28,1.22
2021,2022-02-12,EINF,WOB,0.0,2.0,-1,0.0,3.0,2.23,3.44,3.28
2021,2022-02-12,FRE,MAI,1.0,1.0,0,1.0,1.0,2.15,3.45,3.46
2021,2022-02-12,GREF,HERT,2.0,1.0,1,3.0,0.0,2.98,3.36,2.43
2021,2022-02-12,MGL,AUG,3.0,2.0,1,3.0,0.0,1.68,4.19,4.78
2021,2022-02-12,LEVK,STU,4.0,2.0,1,3.0,0.0,1.42,5.04,7.02
2021,2022-02-11,RBL,KOL,3.0,1.0,1,3.0,0.0,1.45,4.92,6.88
2021,2022-02-06,DOR,LEVK,2.0,5.0,-1,0.0,3.0,1.93,4.05,3.6
2021,2022-02-06,WOB,GREF,4.0,1.0,1,3.0,0.0,1.58,4.06,5.92
2021,2022-02-05,AUG,UNI,2.0,0.0,1,3.0,0.0,2.78,3.31,2.62
2021,2022-02-05,BIE,MGL,1.0,1.0,0,1.0,1.0,3.4,3.48,2.16
2021,2022-02-05,KOL,FRE,1.0,0.0,1,3.0,0.0,2.4,3.52,2.91
2021,2022-02-05,MAI,HOF,2.0,0.0,1,3.0,0.0,2.66,3.41,2.69
2021,2022-02-05,STU,EINF,2.0,3.0,-1,0.0,3.0,2.68,3.54,2.58
2021,2022-02-05,BAY,RBL,3.0,2.0,1,3.0,0.0,1.41,5.37,6.78
2021,2022-02-04,HERT,BOC,1.0,1.0,0,1.0,1.0,2.19,3.45,3.38
2021,2022-01-23,RBL,WOB,2.0,0.0,1,3.0,0.0,1.53,4.31,6.26
2021,2022-01-23,HERT,BAY,1.0,4.0,-1,0.0,3.0,11.06,6.92,1.23
2021,2022-01-22,FRE,STU,2.0,0.0,1,3.0,0.0,1.97,3.5,3.96
2021,2022-01-22,GREF,MAI,2.0,1.0,1,3.0,0.0,4.7,3.6,1.81
2021,2022-01-22,HOF,DOR,2.0,3.0,-1,0.0,3.0,3.03,4.06,2.13
2021,2022-01-22,LEVK,AUG,5.0,1.0,1,3.0,0.0,1.44,4.65,7.26
2021,2022-01-22,MGL,UNI,1.0,2.0,-1,0.0,3.0,2.26,3.42,3.23
2021,2022-01-22,BOC,KOL,2.0,2.0,0,1.0,1.0,3.26,3.44,2.24
2021,2022-01-21,EINF,BIE,0.0,2.0,-1,0.0,3.0,1.78,3.64,4.79
2021,2022-01-16,AUG,EINF,1.0,1.0,0,1.0,1.0,3.46,3.53,2.11
2021,2022-01-16,BIE,GREF,2.0,2.0,0,1.0,1.0,1.98,3.46,3.96
2021,2022-01-15,KOL,BAY,0.0,4.0,-1,0.0,3.0,7.7,5.77,1.35
2021,2022-01-15,MAI,BOC,1.0,0.0,1,3.0,0.0,1.69,3.71,5.46
2021,2022-01-15,STU,RBL,0.0,2.0,-1,0.0,3.0,5.4,4.36,1.58
2021,2022-01-15,UNI,HOF,2.0,1.0,1,3.0,0.0,2.85,3.49,2.45
2021,2022-01-15,WOB,HERT,0.0,0.0,0,1.0,1.0,1.98,3.52,3.88
2021,2022-01-15,MGL,LEVK,1.0,2.0,-1,0.0,3.0,2.61,3.85,2.48
2021,2022-01-14,DOR,FRE,5.0,1.0,1,3.0,0.0,1.46,4.96,6.29
2021,2022-01-09,HERT,KOL,1.0,3.0,-1,0.0,3.0,2.75,3.48,2.52
2021,2022-01-09,BOC,WOB,1.0,0.0,1,3.0,0.0,3.45,3.52,2.12
2021,2022-01-08,FRE,BIE,2.0,2.0,0,1.0,1.0,1.63,4.01,5.47
2021,2022-01-08,GREF,STU,0.0,0.0,0,1.0,1.0,3.65,3.64,2.01
2021,2022-01-08,HOF,AUG,3.0,1.0,1,3.0,0.0,1.57,4.4,5.49
2021,2022-01-08,LEVK,UNI,2.0,2.0,0,1.0,1.0,1.84,3.77,4.2
2021,2022-01-08,RBL,MAI,4.0,1.0,1,3.0,0.0,1.79,3.87,4.42
2021,2022-01-08,EINF,DOR,2.0,3.0,-1,0.0,3.0,3.55,3.95,1.97
2021,2022-01-07,BAY,MGL,1.0,2.0,-1,0.0,3.0,1.36,5.85,7.39
2021,2021-12-19,FRE,LEVK,2.0,1.0,1,3.0,0.0,2.69,3.61,2.53
2021,2021-12-19,KOL,STU,1.0,0.0,1,3.0,0.0,1.97,3.88,3.57
2021,2021-12-18,BOC,UNI,0.0,1.0,-1,0.0,3.0,3.02,3.31,2.43
2021,2021-12-18,EINF,MAI,1.0,0.0,1,3.0,0.0,2.33,3.51,3.03
2021,2021-12-18,GREF,AUG,0.0,0.0,0,1.0,1.0,2.93,3.47,2.41
2021,2021-12-18,HOF,MGL,1.0,1.0,0,1.0,1.0,2.04,3.97,3.31
2021,2021-12-18,RBL,BIE,0.0,2.0,-1,0.0,3.0,1.22,6.59,13.97
2021,2021-12-18,HERT,DOR,3.0,2.0,1,3.0,0.0,5.21,4.39,1.6
2021,2021-12-17,BAY,WOB,4.0,0.0,1,3.0,0.0,1.2,7.54,13.18
2021,2021-12-15,MGL,EINF,2.0,3.0,-1,0.0,3.0,2.02,3.71,3.58
2021,2021-12-15,AUG,RBL,1.0,1.0,0,1.0,1.0,6.38,4.7,1.48
2021,2021-12-15,DOR,GREF,3.0,0.0,1,3.0,0.0,1.12,9.8,21.42
2021,2021-12-15,LEVK,HOF,2.0,2.0,0,1.0,1.0,1.85,4.08,3.88
2021,2021-12-15,UNI,FRE,0.0,0.0,0,1.0,1.0,2.47,3.3,2.98
2021,2021-12-14,STU,BAY,0.0,5.0,-1,0.0,3.0,9.55,6.36,1.29
2021,2021-12-14,BIE,BOC,2.0,0.0,1,3.0,0.0,2.33,3.4,3.14
2021,2021-12-14,MAI,HERT,4.0,0.0,1,3.0,0.0,1.95,3.52,4.12
2021,2021-12-14,WOB,KOL,2.0,3.0,-1,0.0,3.0,2.18,3.49,3.36
2021,2021-12-12,GREF,UNI,1.0,0.0,1,3.0,0.0,4.68,3.97,1.72
2021,2021-12-12,EINF,LEVK,5.0,2.0,1,3.0,0.0,3.25,3.76,2.12
2021,2021-12-11,BAY,MAI,2.0,1.0,1,3.0,0.0,1.23,7.04,11.59
2021,2021-12-11,BOC,DOR,1.0,1.0,0,1.0,1.0,5.98,4.72,1.5
2021,2021-12-11,FRE,HOF,1.0,2.0,-1,0.0,3.0,2.41,3.54,2.89
2021,2021-12-11,HERT,BIE,2.0,0.0,1,3.0,0.0,2.05,3.3,3.95
2021,2021-12-11,RBL,MGL,4.0,1.0,1,3.0,0.0,1.75,4.19,4.32
2021,2021-12-11,WOB,STU,0.0,2.0,-1,0.0,3.0,1.85,3.68,4.32
2021,2021-12-10,KOL,AUG,0.0,2.0,-1,0.0,3.0,1.69,3.98,4.98
2021,2021-12-05,STU,HERT,2.0,2.0,0,1.0,1.0,2.27,3.36,3.28
2021,2021-12-05,MGL,FRE,0.0,6.0,-1,0.0,3.0,1.86,3.75,4.15
2021,2021-12-04,AUG,BOC,2.0,3.0,-1,0.0,3.0,2.35,3.33,3.14
2021,2021-12-04,BIE,KOL,1.0,1.0,0,1.0,1.0,3.39,3.48,2.17
2021,2021-12-04,HOF,EINF,3.0,2.0,1,3.0,0.0,1.9,3.94,3.8
2021,2021-12-04,LEVK,GREF,7.0,1.0,1,3.0,0.0,1.24,6.68,11.59
2021,2021-12-04,MAI,WOB,3.0,0.0,1,3.0,0.0,2.53,3.27,2.92
2021,2021-12-04,DOR,BAY,2.0,3.0,-1,0.0,3.0,3.91,4.32,1.81
2021,2021-12-03,UNI,RBL,2.0,1.0,1,3.0,0.0,3.52,3.53,2.11
2021,2021-11-28,EINF,UNI,2.0,1.0,1,3.0,0.0,2.34,3.48,2.99
2021,2021-11-28,RBL,LEVK,1.0,3.0,-1,0.0,3.0,1.83,3.96,4.03
2021,2021-11-27,BOC,FRE,2.0,1.0,1,3.0,0.0,3.26,3.28,2.3
2021,2021-11-27,KOL,MGL,4.0,1.0,1,3.0,0.0,2.84,3.6,2.4
2021,2021-11-27,GREF,HOF,3.0,6.0,-1,0.0,3.0,4.8,4.3,1.65
2021,2021-11-27,HERT,AUG,1.0,1.0,0,1.0,1.0,2.16,3.23,3.7
2021,2021-11-27,WOB,DOR,1.0,3.0,-1,0.0,3.0,2.92,3.49,2.4
2021,2021-11-27,BAY,BIE,1.0,0.0,1,3.0,0.0,1.09,11.5,28.43
2021,2021-11-26,STU,MAI,2.0,1.0,1,3.0,0.0,2.89,3.27,2.54
2021,2021-11-21,FRE,EINF,0.0,2.0,-1,0.0,3.0,2.02,3.6,3.63
2021,2021-11-21,MAI,KOL,1.0,1.0,0,1.0,1.0,2.14,3.56,3.36
2021,2021-11-20,BIE,WOB,2.0,2.0,0,1.0,1.0,4.02,3.47,1.97
2021,2021-11-20,DOR,STU,2.0,1.0,1,3.0,0.0,1.35,5.44,8.55
2021,2021-11-20,HOF,RBL,2.0,0.0,1,3.0,0.0,4.04,4.2,1.79
2021,2021-11-20,LEVK,BOC,1.0,0.0,1,3.0,0.0,1.4,5.04,7.77
2021,2021-11-20,MGL,GREF,4.0,0.0,1,3.0,0.0,1.31,5.56,9.98
2021,2021-11-20,UNI,HERT,2.0,0.0,1,3.0,0.0,2.0,3.44,3.97
2021,2021-11-19,AUG,BAY,2.0,1.0,1,3.0,0.0,14.62,7.65,1.19
2021,2021-11-07,HERT,LEVK,1.0,1.0,0,1.0,1.0,3.53,3.59,2.06
2021,2021-11-07,KOL,UNI,2.0,2.0,0,1.0,1.0,2.11,3.55,3.44
2021,2021-11-07,GREF,EINF,1.0,2.0,-1,0.0,3.0,3.72,3.76,1.96
2021,2021-11-06,BAY,FRE,2.0,1.0,1,3.0,0.0,1.18,7.94,14.45
2021,2021-11-06,BOC,HOF,2.0,0.0,1,3.0,0.0,3.66,3.79,1.97
2021,2021-11-06,STU,BIE,0.0,1.0,-1,0.0,3.0,1.89,3.64,4.16
2021,2021-11-06,WOB,AUG,1.0,0.0,1,3.0,0.0,1.54,4.24,6.25
2021,2021-11-06,RBL,DOR,2.0,1.0,1,3.0,0.0,1.99,3.81,3.58
2021,2021-11-05,MAI,MGL,1.0,1.0,0,1.0,1.0,2.68,3.52,2.59
2021,2021-10-31,AUG,STU,4.0,1.0,1,3.0,0.0,2.94,3.26,2.49
2021,2021-10-31,MGL,BOC,2.0,1.0,1,3.0,0.0,1.36,5.12,8.37
2021,2021-10-30,BIE,MAI,1.0,2.0,-1,0.0,3.0,3.67,3.35,2.1
2021,2021-10-30,DOR,KOL,2.0,0.0,1,3.0,0.0,1.48,4.87,5.94
2021,2021-10-30,FRE,GREF,3.0,1.0,1,3.0,0.0,1.39,4.94,7.83
2021,2021-10-30,LEVK,WOB,0.0,2.0,-1,0.0,3.0,1.95,3.62,3.88
2021,2021-10-30,UNI,BAY,2.0,5.0,-1,0.0,3.0,8.73,5.69,1.32
2021,2021-10-30,EINF,RBL,1.0,1.0,0,1.0,1.0,4.01,4.03,1.82
2021,2021-10-29,HOF,HERT,2.0,0.0,1,3.0,0.0,1.72,3.96,4.74
2021,2021-10-24,KOL,LEVK,2.0,2.0,0,1.0,1.0,3.2,3.89,2.09
2021,2021-10-24,STU,UNI,1.0,1.0,0,1.0,1.0,2.48,3.45,2.82
2021,2021-10-24,BOC,EINF,2.0,0.0,1,3.0,0.0,3.13,3.54,2.24
2021,2021-10-23,BAY,HOF,4.0,0.0,1,3.0,0.0,1.17,8.31,14.03
2021,2021-10-23,BIE,DOR,1.0,3.0,-1,0.0,3.0,6.35,4.5,1.5
2021,2021-10-23,RBL,GREF,4.0,1.0,1,3.0,0.0,1.14,8.8,19.29
2021,2021-10-23,WOB,FRE,0.0,2.0,-1,0.0,3.0,2.18,3.3,3.52
2021,2021-10-23,HERT,MGL,1.0,0.0,1,3.0,0.0,3.72,3.63,1.99
2021,2021-10-22,MAI,AUG,4.0,1.0,1,3.0,0.0,1.66,3.79,5.64
2021,2021-10-17,LEVK,BAY,1.0,5.0,-1,0.0,3.0,4.88,4.57,1.61
2021,2021-10-17,AUG,BIE,1.0,1.0,0,1.0,1.0,2.3,3.21,3.32
2021,2021-10-16,DOR,MAI,3.0,1.0,1,3.0,0.0,1.42,4.94,7.19
2021,2021-10-16,EINF,HERT,1.0,2.0,-1,0.0,3.0,1.75,3.86,4.67
2021,2021-10-16,FRE,RBL,1.0,1.0,0,1.0,1.0,3.94,3.76,1.9
2021,2021-10-16,GREF,BOC,0.0,1.0,-1,0.0,3.0,2.43,3.44,2.9
2021,2021-10-16,UNI,WOB,2.0,0.0,1,3.0,0.0,2.73,3.19,2.73
2021,2021-10-16,MGL,STU,1.0,1.0,0,1.0,1.0,1.52,4.65,5.75
2021,2021-10-15,HOF,KOL,5.0,0.0,1,3.0,0.0,2.08,3.81,3.32
2021,2021-10-03,MAI,UNI,1.0,2.0,-1,0.0,3.0,2.09,3.35,3.71
2021,2021-10-03,BAY,EINF,1.0,2.0,-1,0.0,3.0,1.17,8.35,14.57
2021,2021-10-03,BIE,LEVK,0.0,4.0,-1,0.0,3.0,5.05,3.95,1.69
2021,2021-10-02,DOR,AUG,2.0,1.0,1,3.0,0.0,1.23,6.62,12.16
2021,2021-10-02,HERT,FRE,1.0,2.0,-1,0.0,3.0,2.88,3.35,2.51
2021,2021-10-02,STU,HOF,3.0,1.0,1,3.0,0.0,2.66,3.83,2.46
2021,2021-10-02,WOB,MGL,1.0,3.0,-1,0.0,3.0,2.18,3.52,3.31
2021,2021-10-02,RBL,BOC,3.0,0.0,1,3.0,0.0,1.22,6.84,13.05
2021,2021-10-01,KOL,GREF,3.0,1.0,1,3.0,0.0,1.46,4.83,6.76
2021,2021-09-26,BOC,STU,0.0,0.0,0,1.0,1.0,3.03,3.53,2.32
2021,2021-09-26,FRE,AUG,3.0,0.0,1,3.0,0.0,1.9,3.55,4.25
2021,2021-09-25,EINF,KOL,1.0,1.0,0,1.0,1.0,2.04,3.8,3.46
2021,2021-09-25,HOF,WOB,3.0,1.0,1,3.0,0.0,2.84,3.48,2.48
2021,2021-09-25,LEVK,MAI,1.0,0.0,1,3.0,0.0,1.75,4.0,4.46
2021,2021-09-25,RBL,HERT,6.0,0.0,1,3.0,0.0,1.35,5.27,8.85
2021,2021-09-25,UNI,BIE,1.0,0.0,1,3.0,0.0,1.72,3.73,5.13
2021,2021-09-25,MGL,DOR,1.0,0.0,1,3.0,0.0,4.09,4.26,1.77
2021,2021-09-24,GREF,BAY,1.0,3.0,-1,0.0,3.0,22.54,12.09,1.1
2021,2021-09-19,STU,LEVK,1.0,3.0,-1,0.0,3.0,3.18,3.73,2.16
2021,2021-09-19,DOR,UNI,4.0,2.0,1,3.0,0.0,1.37,5.25,8.07
2021,2021-09-19,WOB,EINF,1.0,1.0,0,1.0,1.0,1.84,3.77,4.23
2021,2021-09-18,AUG,MGL,1.0,0.0,1,3.0,0.0,4.1,3.9,1.84
2021,2021-09-18,BAY,BOC,7.0,0.0,1,3.0,0.0,1.07,13.19,31.99
2021,2021-09-18,BIE,HOF,0.0,0.0,0,1.0,1.0,3.55,3.57,2.08
2021,2021-09-18,MAI,FRE,0.0,0.0,0,1.0,1.0,2.07,3.58,3.53
2021,2021-09-18,KOL,RBL,1.0,1.0,0,1.0,1.0,4.37,3.95,1.78
2021,2021-09-17,HERT,GREF,2.0,1.0,1,3.0,0.0,1.81,3.75,4.51
2021,2021-09-12,EINF,STU,1.0,1.0,0,1.0,1.0,2.05,3.76,3.44
2021,2021-09-12,BOC,HERT,1.0,3.0,-1,0.0,3.0,2.78,3.35,2.58
2021,2021-09-12,MGL,BIE,3.0,1.0,1,3.0,0.0,1.46,4.68,6.86
2021,2021-09-11,FRE,KOL,1.0,1.0,0,1.0,1.0,2.14,3.7,3.25
2021,2021-09-11,GREF,WOB,0.0,2.0,-1,0.0,3.0,5.52,4.29,1.59
2021,2021-09-11,HOF,MAI,0.0,2.0,-1,0.0,3.0,2.03,3.8,3.46
2021,2021-09-11,LEVK,DOR,3.0,4.0,-1,0.0,3.0,3.11,3.84,2.17
2021,2021-09-11,UNI,AUG,0.0,0.0,0,1.0,1.0,1.73,3.94,4.69
2021,2021-09-11,RBL,BAY,1.0,4.0,-1,0.0,3.0,2.99,3.87,2.22
2021,2021-08-29,UNI,MGL,2.0,1.0,1,3.0,0.0,2.58,3.3,2.82
2021,2021-08-29,WOB,RBL,1.0,0.0,1,3.0,0.0,3.46,3.55,2.11
2021,2021-08-28,AUG,LEVK,1.0,4.0,-1,0.0,3.0,4.75,3.87,1.74
2021,2021-08-28,BIE,EINF,1.0,1.0,0,1.0,1.0,3.41,3.63,2.11
2021,2021-08-28,KOL,BOC,2.0,1.0,1,3.0,0.0,1.88,3.73,4.11
2021,2021-08-28,MAI,GREF,3.0,0.0,1,3.0,0.0,1.71,3.97,4.9
2021,2021-08-28,STU,FRE,2.0,3.0,-1,0.0,3.0,2.23,3.53,3.22
2021,2021-08-28,BAY,HERT,5.0,0.0,1,3.0,0.0,1.18,7.96,14.67
2021,2021-08-27,DOR,HOF,3.0,2.0,1,3.0,0.0,1.44,5.23,6.51
2021,2021-08-22,HOF,UNI,2.0,2.0,0,1.0,1.0,2.06,3.58,3.58
2021,2021-08-22,BAY,KOL,3.0,2.0,1,3.0,0.0,1.13,9.35,19.76
2021,2021-08-21,BOC,MAI,2.0,0.0,1,3.0,0.0,2.66,3.51,2.6
2021,2021-08-21,EINF,AUG,0.0,0.0,0,1.0,1.0,1.61,4.38,5.1
2021,2021-08-21,FRE,DOR,2.0,1.0,1,3.0,0.0,5.5,4.59,1.55
2021,2021-08-21,GREF,BIE,1.0,1.0,0,1.0,1.0,2.57,3.39,2.77
2021,2021-08-21,HERT,WOB,1.0,2.0,-1,0.0,3.0,3.06,3.44,2.33
2021,2021-08-21,LEVK,MGL,4.0,0.0,1,3.0,0.0,2.32,3.62,2.95
2021,2021-08-20,RBL,STU,4.0,0.0,1,3.0,0.0,1.42,4.98,7.24
2021,2021-08-15,MAI,RBL,1.0,0.0,1,3.0,0.0,8.07,5.44,1.35
2021,2021-08-15,KOL,HERT,3.0,1.0,1,3.0,0.0,2.57,3.34,2.8
2021,2021-08-14,AUG,HOF,0.0,4.0,-1,0.0,3.0,3.19,3.68,2.17
2021,2021-08-14,BIE,FRE,0.0,0.0,0,1.0,1.0,2.92,3.27,2.52
2021,2021-08-14,STU,GREF,5.0,1.0,1,3.0,0.0,1.86,3.9,3.98
2021,2021-08-14,UNI,LEVK,1.0,1.0,0,1.0,1.0,2.79,3.36,2.57
2021,2021-08-14,WOB,BOC,1.0,0.0,1,3.0,0.0,1.57,4.37,5.63
2021,2021-08-14,DOR,EINF,5.0,2.0,1,3.0,0.0,1.44,5.17,6.49
2021,2021-08-13,MGL,BAY,1.0,1.0,0,1.0,1.0,4.54,4.32,1.7
2020,2021-05-22,BAY,AUG,5.0,2.0,1,3.0,0.0,1.13,9.9,18.62
2020,2021-05-22,DOR,LEVK,3.0,1.0,1,3.0,0.0,1.55,4.63,5.45
2020,2021-05-22,EINF,FRE,3.0,1.0,1,3.0,0.0,2.07,4.23,3.07
2020,2021-05-22,KOL,SCH,1.0,0.0,1,3.0,0.0,1.35,5.57,8.01
2020,2021-05-22,HOF,HERT,2.0,1.0,1,3.0,0.0,1.94,3.99,3.6
2020,2021-05-22,STU,BIE,0.0,2.0,-1,0.0,3.0,2.4,3.89,2.7
2020,2021-05-22,UNI,RBL,2.0,1.0,1,3.0,0.0,2.97,3.89,2.22
2020,2021-05-22,WERB,MGL,2.0,4.0,-1,0.0,3.0,2.67,3.92,2.42
2020,2021-05-22,WOB,MAI,2.0,3.0,-1,0.0,3.0,1.66,4.3,4.81
2020,2021-05-16,MAI,DOR,1.0,3.0,-1,0.0,3.0,6.61,5.02,1.44
2020,2021-05-16,RBL,WOB,2.0,2.0,0,1.0,1.0,2.21,3.44,3.3
2020,2021-05-15,AUG,WERB,2.0,0.0,1,3.0,0.0,2.59,3.16,2.92
2020,2021-05-15,BIE,HOF,1.0,1.0,0,1.0,1.0,2.68,3.67,2.5
2020,2021-05-15,FRE,BAY,2.0,2.0,0,1.0,1.0,8.6,5.82,1.32
2020,2021-05-15,HERT,KOL,0.0,0.0,0,1.0,1.0,2.59,3.28,2.83
2020,2021-05-15,LEVK,UNI,1.0,1.0,0,1.0,1.0,1.88,3.71,4.12
2020,2021-05-15,MGL,STU,1.0,2.0,-1,0.0,3.0,1.64,4.56,4.6
2020,2021-05-15,SCH,EINF,4.0,3.0,1,3.0,0.0,12.16,6.92,1.22
2020,2021-05-12,SCH,HERT,1.0,2.0,-1,0.0,3.0,7.0,4.67,1.45
2020,2021-05-09,KOL,FRE,1.0,4.0,-1,0.0,3.0,2.05,3.69,3.49
2020,2021-05-09,EINF,MAI,1.0,1.0,0,1.0,1.0,1.83,4.06,3.96
2020,2021-05-09,HERT,BIE,0.0,0.0,0,1.0,1.0,1.89,3.66,4.09
2020,2021-05-08,DOR,RBL,3.0,2.0,1,3.0,0.0,2.19,3.68,3.18
2020,2021-05-08,HOF,SCH,4.0,2.0,1,3.0,0.0,1.22,6.72,12.63
2020,2021-05-08,WERB,LEVK,0.0,0.0,0,1.0,1.0,4.32,3.8,1.81
2020,2021-05-08,WOB,UNI,3.0,0.0,1,3.0,0.0,1.78,3.75,4.64
2020,2021-05-08,BAY,MGL,6.0,0.0,1,3.0,0.0,1.37,5.48,7.64
2020,2021-05-07,STU,AUG,2.0,1.0,1,3.0,0.0,2.24,3.46,3.25
2020,2021-05-06,HERT,FRE,3.0,0.0,1,3.0,0.0,2.03,3.61,3.62
2020,2021-05-03,MAI,HERT,1.0,1.0,0,1.0,1.0,2.41,3.49,2.89
2020,2021-04-25,RBL,STU,2.0,0.0,1,3.0,0.0,1.39,5.14,7.52
2020,2021-04-25,MGL,BIE,5.0,0.0,1,3.0,0.0,1.62,3.87,5.88
2020,2021-04-24,FRE,HOF,1.0,1.0,0,1.0,1.0,2.76,3.51,2.5
2020,2021-04-24,MAI,BAY,2.0,1.0,1,3.0,0.0,8.74,5.81,1.32
2020,2021-04-24,UNI,WERB,3.0,1.0,1,3.0,0.0,1.91,3.48,4.24
2020,2021-04-24,WOB,DOR,0.0,2.0,-1,0.0,3.0,3.12,3.93,2.12
2020,2021-04-24,LEVK,EINF,3.0,1.0,1,3.0,0.0,2.28,3.76,2.92
2020,2021-04-23,AUG,KOL,2.0,3.0,-1,0.0,3.0,2.91,3.26,2.54
2020,2021-04-21,DOR,UNI,2.0,0.0,1,3.0,0.0,1.54,4.42,5.95
2020,2021-04-21,HOF,MGL,3.0,2.0,1,3.0,0.0,3.08,3.69,2.21
2020,2021-04-21,STU,WOB,1.0,3.0,-1,0.0,3.0,3.36,3.78,2.06
2020,2021-04-21,WERB,MAI,0.0,1.0,-1,0.0,3.0,3.09,3.29,2.38
2020,2021-04-20,KOL,RBL,2.0,1.0,1,3.0,0.0,7.68,4.75,1.42
2020,2021-04-20,BAY,LEVK,2.0,0.0,1,3.0,0.0,1.45,4.96,6.48
2020,2021-04-20,BIE,SCH,1.0,0.0,1,3.0,0.0,1.75,3.65,5.0
2020,2021-04-20,EINF,AUG,2.0,0.0,1,3.0,0.0,1.44,4.86,7.0
2020,2021-04-18,DOR,WERB,4.0,1.0,1,3.0,0.0,1.39,5.05,7.65
2020,2021-04-17,AUG,BIE,0.0,0.0,0,1.0,1.0,2.49,3.21,2.98
2020,2021-04-17,FRE,SCH,4.0,0.0,1,3.0,0.0,1.69,3.94,4.94
2020,2021-04-17,MGL,EINF,4.0,0.0,1,3.0,0.0,2.54,3.71,2.61
2020,2021-04-17,UNI,STU,2.0,1.0,1,3.0,0.0,2.3,3.4,3.15
2020,2021-04-17,WOB,BAY,2.0,3.0,-1,0.0,3.0,3.8,3.88,1.9
2020,2021-04-17,LEVK,KOL,3.0,0.0,1,3.0,0.0,1.64,3.91,5.55
2020,2021-04-16,RBL,HOF,0.0,0.0,0,1.0,1.0,1.4,5.03,7.77
2020,2021-04-12,HOF,LEVK,0.0,0.0,0,1.0,1.0,2.87,3.57,2.38
2020,2021-04-11,SCH,AUG,1.0,0.0,1,3.0,0.0,3.22,3.34,2.29
2020,2021-04-11,KOL,MAI,2.0,3.0,-1,0.0,3.0,3.03,3.26,2.44
2020,2021-04-10,BAY,UNI,1.0,1.0,0,1.0,1.0,1.47,4.68,6.49
2020,2021-04-10,EINF,WOB,4.0,3.0,1,3.0,0.0,2.41,3.43,2.94
2020,2021-04-10,HERT,MGL,2.0,2.0,0,1.0,1.0,3.15,3.5,2.26
2020,2021-04-10,WERB,RBL,1.0,4.0,-1,0.0,3.0,7.52,4.79,1.42
2020,2021-04-10,STU,DOR,2.0,3.0,-1,0.0,3.0,3.9,4.0,1.86
2020,2021-04-09,BIE,FRE,1.0,0.0,1,3.0,0.0,2.94,3.2,2.55
2020,2021-04-04,STU,WERB,1.0,0.0,1,3.0,0.0,1.94,3.61,3.88
2020,2021-04-04,UNI,HERT,1.0,1.0,0,1.0,1.0,2.51,3.22,2.93
2020,2021-04-03,AUG,HOF,2.0,1.0,1,3.0,0.0,3.66,3.72,1.97
2020,2021-04-03,DOR,EINF,1.0,2.0,-1,0.0,3.0,1.79,3.99,4.2
2020,2021-04-03,LEVK,SCH,2.0,1.0,1,3.0,0.0,1.23,6.48,12.45
2020,2021-04-03,MAI,BIE,1.0,1.0,0,1.0,1.0,1.8,3.64,4.62
2020,2021-04-03,WOB,KOL,1.0,0.0,1,3.0,0.0,1.53,4.2,6.25
2020,2021-04-03,RBL,BAY,0.0,1.0,-1,0.0,3.0,2.78,3.68,2.41
2020,2021-04-03,MGL,FRE,2.0,1.0,1,3.0,0.0,1.81,3.92,4.16
2020,2021-03-21,HOF,MAI,1.0,2.0,-1,0.0,3.0,1.92,3.71,3.88
2020,2021-03-21,HERT,LEVK,3.0,0.0,1,3.0,0.0,3.5,3.51,2.08
2020,2021-03-21,FRE,AUG,2.0,0.0,1,3.0,0.0,1.96,3.55,3.89
2020,2021-03-20,BAY,STU,4.0,0.0,1,3.0,0.0,1.23,6.95,10.48
2020,2021-03-20,EINF,UNI,5.0,2.0,1,3.0,0.0,1.86,3.72,4.09
2020,2021-03-20,KOL,DOR,2.0,2.0,0,1.0,1.0,6.99,4.8,1.43
2020,2021-03-20,WERB,WOB,1.0,2.0,-1,0.0,3.0,4.29,3.61,1.85
2020,2021-03-20,SCH,MGL,0.0,3.0,-1,0.0,3.0,6.85,4.6,1.46
2020,2021-03-19,BIE,RBL,0.0,1.0,-1,0.0,3.0,8.83,4.95,1.37
2020,2021-03-14,LEVK,BIE,1.0,2.0,-1,0.0,3.0,1.38,4.98,8.18
2020,2021-03-14,RBL,EINF,1.0,1.0,0,1.0,1.0,1.81,3.79,4.28
2020,2021-03-14,STU,HOF,2.0,0.0,1,3.0,0.0,2.46,3.72,2.68
2020,2021-03-13,MAI,FRE,1.0,0.0,1,3.0,0.0,2.64,3.32,2.72
2020,2021-03-13,UNI,KOL,2.0,1.0,1,3.0,0.0,1.96,3.35,4.17
2020,2021-03-13,WERB,BAY,1.0,3.0,-1,0.0,3.0,10.28,6.41,1.26
2020,2021-03-13,WOB,SCH,5.0,0.0,1,3.0,0.0,1.35,5.02,9.39
2020,2021-03-13,DOR,HERT,2.0,0.0,1,3.0,0.0,1.5,4.58,6.15
2020,2021-03-12,AUG,MGL,3.0,1.0,1,3.0,0.0,4.19,3.73,1.86
2020,2021-03-10,BIE,WERB,0.0,2.0,-1,0.0,3.0,3.31,3.19,2.3
2020,2021-03-07,KOL,WERB,1.0,1.0,0,1.0,1.0,2.91,3.1,2.62
2020,2021-03-07,BIE,UNI,0.0,0.0,0,1.0,1.0,3.96,3.38,2.0
2020,2021-03-06,EINF,STU,1.0,1.0,0,1.0,1.0,1.93,3.79,3.79
2020,2021-03-06,FRE,RBL,0.0,3.0,-1,0.0,3.0,5.04,3.98,1.67
2020,2021-03-06,HERT,AUG,2.0,1.0,1,3.0,0.0,1.97,3.47,3.98
2020,2021-03-06,HOF,WOB,2.0,1.0,1,3.0,0.0,2.94,3.48,2.38
2020,2021-03-06,MGL,LEVK,0.0,1.0,-1,0.0,3.0,2.61,3.48,2.65
2020,2021-03-06,BAY,DOR,4.0,2.0,1,3.0,0.0,1.65,4.38,4.69
2020,2021-03-05,SCH,MAI,0.0,0.0,0,1.0,1.0,3.47,3.54,2.11
2020,2021-02-28,UNI,HOF,1.0,1.0,0,1.0,1.0,2.37,3.38,3.01
2020,2021-02-28,MAI,AUG,0.0,1.0,-1,0.0,3.0,2.08,3.54,3.49
2020,2021-02-28,LEVK,FRE,1.0,2.0,-1,0.0,3.0,1.84,3.61,4.37
2020,2021-02-27,BAY,KOL,5.0,1.0,1,3.0,0.0,1.18,7.57,14.09
2020,2021-02-27,DOR,BIE,3.0,0.0,1,3.0,0.0,1.2,6.83,14.26
2020,2021-02-27,STU,SCH,5.0,1.0,1,3.0,0.0,1.5,4.57,6.2
2020,2021-02-27,WOB,HERT,2.0,0.0,1,3.0,0.0,1.73,3.93,4.65
2020,2021-02-27,RBL,MGL,3.0,2.0,1,3.0,0.0,1.63,4.19,5.12
2020,2021-02-26,WERB,EINF,2.0,1.0,1,3.0,0.0,4.43,3.76,1.8
2020,2021-02-21,AUG,LEVK,1.0,1.0,0,1.0,1.0,5.2,3.94,1.66
2020,2021-02-21,HERT,RBL,0.0,3.0,-1,0.0,3.0,5.0,3.96,1.68
2020,2021-02-21,HOF,WERB,4.0,0.0,1,3.0,0.0,2.09,3.63,3.39
2020,2021-02-20,EINF,BAY,2.0,1.0,1,3.0,0.0,3.95,4.3,1.78
2020,2021-02-20,KOL,STU,0.0,1.0,-1,0.0,3.0,3.44,3.59,2.08
2020,2021-02-20,FRE,UNI,0.0,1.0,-1,0.0,3.0,2.46,3.14,3.09
2020,2021-02-20,MGL,MAI,1.0,2.0,-1,0.0,3.0,1.66,3.96,5.12
2020,2021-02-20,SCH,DOR,0.0,4.0,-1,0.0,3.0,9.24,5.5,1.32
2020,2021-02-19,BIE,WOB,0.0,3.0,-1,0.0,3.0,5.27,3.81,1.68
2020,2021-02-15,BAY,BIE,3.0,3.0,0,1.0,1.0,1.16,8.3,15.56
2020,2021-02-14,EINF,KOL,2.0,0.0,1,3.0,0.0,1.48,4.47,6.53
2020,2021-02-14,WOB,MGL,0.0,0.0,0,1.0,1.0,2.48,3.48,2.8
2020,2021-02-13,DOR,HOF,2.0,2.0,0,1.0,1.0,1.49,4.71,6.07
2020,2021-02-13,LEVK,MAI,2.0,2.0,0,1.0,1.0,1.45,4.68,6.7
2020,2021-02-13,STU,HERT,1.0,1.0,0,1.0,1.0,2.25,3.55,3.09
2020,2021-02-13,WERB,FRE,0.0,0.0,0,1.0,1.0,2.87,3.3,2.51
2020,2021-02-13,UNI,SCH,0.0,0.0,0,1.0,1.0,1.78,3.63,4.7
2020,2021-02-12,RBL,AUG,2.0,1.0,1,3.0,0.0,1.26,5.97,11.32
2020,2021-02-07,HOF,EINF,1.0,3.0,-1,0.0,3.0,2.95,3.81,2.24
2020,2021-02-06,AUG,WOB,0.0,2.0,-1,0.0,3.0,4.58,3.58,1.82
2020,2021-02-06,FRE,DOR,2.0,1.0,1,3.0,0.0,5.15,4.27,1.61
2020,2021-02-06,LEVK,STU,5.0,2.0,1,3.0,0.0,1.99,3.78,3.6
2020,2021-02-06,MAI,UNI,1.0,0.0,1,3.0,0.0,3.21,3.37,2.28
2020,2021-02-06,SCH,RBL,0.0,3.0,-1,0.0,3.0,9.24,5.39,1.33
2020,2021-02-06,MGL,KOL,1.0,2.0,-1,0.0,3.0,1.47,4.5,6.78
2020,2021-02-05,HERT,BAY,0.0,1.0,-1,0.0,3.0,7.09,5.57,1.38
2020,2021-01-31,KOL,BIE,3.0,1.0,1,3.0,0.0,2.27,3.21,3.39
2020,2021-01-31,WOB,FRE,3.0,0.0,1,3.0,0.0,1.85,3.74,4.13
2020,2021-01-30,BAY,HOF,4.0,1.0,1,3.0,0.0,1.24,7.03,10.22
2020,2021-01-30,DOR,AUG,3.0,1.0,1,3.0,0.0,1.26,6.34,10.8
2020,2021-01-30,EINF,HERT,3.0,1.0,1,3.0,0.0,1.79,3.82,4.4
2020,2021-01-30,UNI,MGL,1.0,1.0,0,1.0,1.0,3.28,3.38,2.24
2020,2021-01-30,WERB,SCH,1.0,1.0,0,1.0,1.0,1.95,3.54,3.98
2020,2021-01-30,RBL,LEVK,1.0,0.0,1,3.0,0.0,1.93,3.6,4.0
2020,2021-01-29,STU,MAI,2.0,0.0,1,3.0,0.0,1.68,4.11,4.84
2020,2021-01-24,SCH,BAY,0.0,4.0,-1,0.0,3.0,13.48,7.92,1.18
2020,2021-01-24,HOF,KOL,3.0,0.0,1,3.0,0.0,1.82,3.61,4.48
2020,2021-01-23,AUG,UNI,2.0,1.0,1,3.0,0.0,3.61,3.38,2.11
2020,2021-01-23,BIE,EINF,1.0,5.0,-1,0.0,3.0,4.5,3.78,1.78
2020,2021-01-23,FRE,STU,2.0,1.0,1,3.0,0.0,2.64,3.71,2.51
2020,2021-01-23,LEVK,WOB,0.0,1.0,-1,0.0,3.0,2.07,3.63,3.47
2020,2021-01-23,MAI,RBL,3.0,2.0,1,3.0,0.0,7.57,4.81,1.41
2020,2021-01-23,HERT,WERB,1.0,4.0,-1,0.0,3.0,2.15,3.4,3.47
2020,2021-01-22,MGL,DOR,4.0,2.0,1,3.0,0.0,3.26,3.74,2.11
2020,2021-01-20,SCH,KOL,1.0,2.0,-1,0.0,3.0,2.62,3.25,2.79
2020,2021-01-20,AUG,BAY,0.0,1.0,-1,0.0,3.0,12.19,7.08,1.21
2020,2021-01-20,BIE,STU,3.0,0.0,1,3.0,0.0,4.32,3.77,1.82
2020,2021-01-20,FRE,EINF,2.0,2.0,0,1.0,1.0,2.87,3.47,2.43
2020,2021-01-20,RBL,UNI,1.0,0.0,1,3.0,0.0,1.51,4.2,6.87
2020,2021-01-19,MGL,WERB,1.0,0.0,1,3.0,0.0,1.6,4.15,5.55
2020,2021-01-19,HERT,HOF,0.0,3.0,-1,0.0,3.0,2.31,3.49,3.06
2020,2021-01-19,LEVK,DOR,2.0,1.0,1,3.0,0.0,3.11,3.75,2.19
2020,2021-01-19,MAI,WOB,0.0,2.0,-1,0.0,3.0,4.03,3.83,1.86
2020,2021-01-17,BAY,FRE,2.0,1.0,1,3.0,0.0,1.23,6.92,10.74
2020,2021-01-17,EINF,SCH,3.0,1.0,1,3.0,0.0,1.52,4.47,6.1
2020,2021-01-16,DOR,MAI,1.0,1.0,0,1.0,1.0,1.2,7.2,13.63
2020,2021-01-16,KOL,HERT,0.0,0.0,0,1.0,1.0,3.29,3.25,2.29
2020,2021-01-16,HOF,BIE,0.0,0.0,0,1.0,1.0,1.71,3.88,4.92
2020,2021-01-16,WERB,AUG,2.0,0.0,1,3.0,0.0,2.2,3.3,3.44
2020,2021-01-16,WOB,RBL,2.0,2.0,0,1.0,1.0,3.51,3.6,2.06
2020,2021-01-16,STU,MGL,2.0,2.0,0,1.0,1.0,2.88,3.77,2.31
2020,2021-01-15,UNI,LEVK,1.0,0.0,1,3.0,0.0,3.25,3.44,2.24
2020,2021-01-10,AUG,STU,1.0,4.0,-1,0.0,3.0,3.3,3.51,2.18
2020,2021-01-10,BIE,HERT,1.0,0.0,1,3.0,0.0,4.1,3.58,1.91
2020,2021-01-09,FRE,KOL,5.0,0.0,1,3.0,0.0,1.94,3.6,3.95
2020,2021-01-09,LEVK,WERB,1.0,1.0,0,1.0,1.0,1.47,4.59,6.74
2020,2021-01-09,MAI,EINF,0.0,2.0,-1,0.0,3.0,3.51,3.92,1.97
2020,2021-01-09,SCH,HOF,4.0,0.0,1,3.0,0.0,4.44,4.1,1.73
2020,2021-01-09,UNI,WOB,2.0,2.0,0,1.0,1.0,2.95,3.31,2.48
2020,2021-01-09,RBL,DOR,1.0,3.0,-1,0.0,3.0,2.3,3.51,3.05
2020,2021-01-08,MGL,BAY,3.0,2.0,1,3.0,0.0,4.93,4.76,1.59
2020,2021-01-03,DOR,WOB,2.0,0.0,1,3.0,0.0,1.58,4.29,5.4
2020,2021-01-03,BAY,MAI,5.0,2.0,1,3.0,0.0,1.11,10.17,21.74
2020,2021-01-02,BIE,MGL,0.0,1.0,-1,0.0,3.0,5.62,4.17,1.59
2020,2021-01-02,EINF,LEVK,2.0,1.0,1,3.0,0.0,3.26,3.79,2.09
2020,2021-01-02,KOL,AUG,0.0,1.0,-1,0.0,3.0,2.35,3.29,3.14
2020,2021-01-02,HOF,FRE,1.0,3.0,-1,0.0,3.0,2.04,3.75,3.41
2020,2021-01-02,WERB,UNI,0.0,2.0,-1,0.0,3.0,2.9,3.29,2.51
2020,2021-01-02,HERT,SCH,3.0,0.0,1,3.0,0.0,1.72,3.87,4.75
2020,2021-01-02,STU,RBL,0.0,1.0,-1,0.0,3.0,3.9,4.0,1.85
2020,2020-12-20,FRE,HERT,4.0,1.0,1,3.0,0.0,2.6,3.42,2.69
2020,2020-12-20,WOB,STU,1.0,0.0,1,3.0,0.0,2.26,3.63,3.01
2020,2020-12-19,AUG,EINF,0.0,2.0,-1,0.0,3.0,3.7,3.7,1.97
2020,2020-12-19,MAI,WERB,0.0,1.0,-1,0.0,3.0,2.47,3.3,2.94
2020,2020-12-19,MGL,HOF,1.0,2.0,-1,0.0,3.0,1.89,4.06,3.69
2020,2020-12-19,RBL,KOL,0.0,0.0,0,1.0,1.0,1.31,5.57,9.69
2020,2020-12-19,SCH,BIE,0.0,1.0,-1,0.0,3.0,2.23,3.35,3.32
2020,2020-12-19,LEVK,BAY,1.0,2.0,-1,0.0,3.0,3.87,4.08,1.84
2020,2020-12-18,UNI,DOR,2.0,1.0,1,3.0,0.0,4.81,3.95,1.7
2020,2020-12-16,SCH,FRE,0.0,2.0,-1,0.0,3.0,3.01,3.48,2.33
2020,2020-12-16,BAY,WOB,2.0,1.0,1,3.0,0.0,1.34,5.56,8.15
2020,2020-12-16,BIE,AUG,0.0,1.0,-1,0.0,3.0,2.87,3.18,2.58
2020,2020-12-16,KOL,LEVK,0.0,4.0,-1,0.0,3.0,4.95,4.02,1.67
2020,2020-12-16,HOF,RBL,0.0,1.0,-1,0.0,3.0,4.54,4.44,1.65
2020,2020-12-15,EINF,MGL,3.0,3.0,0,1.0,1.0,2.68,3.7,2.48
2020,2020-12-15,HERT,MAI,0.0,0.0,0,1.0,1.0,1.76,3.88,4.55
2020,2020-12-15,STU,UNI,2.0,2.0,0,1.0,1.0,2.14,3.52,3.37
2020,2020-12-15,WERB,DOR,1.0,2.0,-1,0.0,3.0,5.95,4.68,1.5
2020,2020-12-13,AUG,SCH,2.0,2.0,0,1.0,1.0,1.92,3.6,3.98
2020,2020-12-13,LEVK,HOF,4.0,1.0,1,3.0,0.0,1.78,4.2,4.01
2020,2020-12-12,DOR,STU,1.0,5.0,-1,0.0,3.0,1.51,4.62,5.92
2020,2020-12-12,FRE,BIE,2.0,0.0,1,3.0,0.0,1.79,3.86,4.33
2020,2020-12-12,MAI,KOL,0.0,1.0,-1,0.0,3.0,2.43,3.56,2.82
2020,2020-12-12,MGL,HERT,1.0,1.0,0,1.0,1.0,1.92,3.77,3.81
2020,2020-12-12,RBL,WERB,2.0,0.0,1,3.0,0.0,1.36,5.24,8.4
2020,2020-12-12,UNI,BAY,1.0,1.0,0,1.0,1.0,8.51,6.28,1.3
2020,2020-12-11,WOB,EINF,2.0,1.0,1,3.0,0.0,2.34,3.62,2.91
2020,2020-12-07,HOF,AUG,3.0,1.0,1,3.0,0.0,1.84,3.92,3.97
2020,2020-12-06,WERB,STU,1.0,2.0,-1,0.0,3.0,2.73,3.56,2.48
2020,2020-12-06,SCH,LEVK,0.0,3.0,-1,0.0,3.0,6.11,4.42,1.52
2020,2020-12-05,BIE,MAI,2.0,1.0,1,3.0,0.0,2.83,3.46,2.47
2020,2020-12-05,EINF,DOR,1.0,1.0,0,1.0,1.0,3.58,4.0,1.93
2020,2020-12-05,KOL,WOB,2.0,2.0,0,1.0,1.0,3.55,3.52,2.07
2020,2020-12-05,FRE,MGL,2.0,2.0,0,1.0,1.0,3.67,3.7,1.98
2020,2020-12-05,BAY,RBL,3.0,3.0,0,1.0,1.0,1.41,5.27,6.77
2020,2020-12-04,HERT,UNI,3.0,1.0,1,3.0,0.0,2.6,3.36,2.76
2020,2020-11-29,LEVK,HERT,0.0,0.0,0,1.0,1.0,1.78,3.87,4.34
2020,2020-11-29,MAI,HOF,1.0,1.0,0,1.0,1.0,3.28,3.78,2.08
2020,2020-11-28,AUG,FRE,1.0,1.0,0,1.0,1.0,2.42,3.43,2.91
2020,2020-11-28,DOR,KOL,1.0,2.0,-1,0.0,3.0,1.23,6.57,11.94
2020,2020-11-28,RBL,BIE,2.0,1.0,1,3.0,0.0,1.22,6.73,13.07
2020,2020-11-28,STU,BAY,1.0,3.0,-1,0.0,3.0,8.66,6.25,1.3
2020,2020-11-28,UNI,EINF,3.0,3.0,0,1.0,1.0,2.51,3.52,2.73
2020,2020-11-28,MGL,SCH,4.0,1.0,1,3.0,0.0,1.35,5.3,8.36
2020,2020-11-27,WOB,WERB,5.0,3.0,1,3.0,0.0,1.89,3.64,4.14
2020,2020-11-22,FRE,MAI,1.0,3.0,-1,0.0,3.0,2.09,3.58,3.45
2020,2020-11-22,KOL,UNI,1.0,2.0,-1,0.0,3.0,2.72,3.35,2.62
2020,2020-11-21,BAY,WERB,1.0,1.0,0,1.0,1.0,1.11,10.28,19.29
2020,2020-11-21,BIE,LEVK,1.0,2.0,-1,0.0,3.0,5.77,4.34,1.55
2020,2020-11-21,HOF,STU,3.0,3.0,0,1.0,1.0,2.36,3.85,2.74
2020,2020-11-21,MGL,AUG,1.0,1.0,0,1.0,1.0,1.5,4.65,6.08
2020,2020-11-21,SCH,WOB,0.0,2.0,-1,0.0,3.0,3.77,3.58,1.99
2020,2020-11-21,EINF,RBL,1.0,1.0,0,1.0,1.0,3.76,3.91,1.91
2020,2020-11-21,HERT,DOR,2.0,5.0,-1,0.0,3.0,4.87,4.31,1.64
2020,2020-11-08,WOB,HOF,2.0,1.0,1,3.0,0.0,2.12,3.69,3.29
2020,2020-11-08,LEVK,MGL,4.0,3.0,1,3.0,0.0,2.36,3.56,2.92
2020,2020-11-07,AUG,HERT,0.0,3.0,-1,0.0,3.0,2.91,3.54,2.37
2020,2020-11-07,MAI,SCH,2.0,2.0,0,1.0,1.0,2.21,3.48,3.24
2020,2020-11-07,RBL,FRE,3.0,0.0,1,3.0,0.0,1.35,5.24,8.71
2020,2020-11-07,STU,EINF,2.0,2.0,0,1.0,1.0,2.67,3.66,2.5
2020,2020-11-07,UNI,BIE,5.0,0.0,1,3.0,0.0,1.84,3.69,4.31
2020,2020-11-07,DOR,BAY,2.0,3.0,-1,0.0,3.0,3.89,4.19,1.82
2020,2020-11-06,WERB,KOL,1.0,1.0,0,1.0,1.0,2.44,3.5,2.87
2020,2020-11-02,HOF,UNI,1.0,3.0,-1,0.0,3.0,1.86,3.87,4.03
2020,2020-11-01,FRE,LEVK,2.0,4.0,-1,0.0,3.0,3.71,3.57,2.0
2020,2020-11-01,HERT,WOB,1.0,1.0,0,1.0,1.0,2.64,3.47,2.62
2020,2020-10-31,AUG,MAI,3.0,1.0,1,3.0,0.0,2.03,3.62,3.61
2020,2020-10-31,BIE,DOR,0.0,2.0,-1,0.0,3.0,7.49,4.96,1.4
2020,2020-10-31,EINF,WERB,1.0,1.0,0,1.0,1.0,1.75,4.11,4.32
2020,2020-10-31,KOL,BAY,1.0,2.0,-1,0.0,3.0,13.96,8.08,1.18
2020,2020-10-31,MGL,RBL,1.0,0.0,1,3.0,0.0,2.96,3.63,2.31
2020,2020-10-30,SCH,STU,1.0,1.0,0,1.0,1.0,3.15,3.61,2.23
2020,2020-10-26,LEVK,AUG,3.0,1.0,1,3.0,0.0,1.64,4.18,5.07
2020,2020-10-25,WOB,BIE,2.0,1.0,1,3.0,0.0,1.69,3.89,5.06
2020,2020-10-25,WERB,HOF,1.0,1.0,0,1.0,1.0,3.0,3.72,2.25
2020,2020-10-24,BAY,EINF,5.0,0.0,1,3.0,0.0,1.22,7.26,11.2
2020,2020-10-24,MAI,MGL,2.0,3.0,-1,0.0,3.0,4.82,4.15,1.67
2020,2020-10-24,RBL,HERT,2.0,1.0,1,3.0,0.0,1.47,4.78,6.34
2020,2020-10-24,UNI,FRE,1.0,1.0,0,1.0,1.0,2.27,3.41,3.16
2020,2020-10-24,DOR,SCH,3.0,0.0,1,3.0,0.0,1.21,6.84,13.27
2020,2020-10-23,STU,KOL,1.0,1.0,0,1.0,1.0,1.92,3.91,3.75
2020,2020-10-18,KOL,EINF,1.0,1.0,0,1.0,1.0,3.16,3.78,2.13
2020,2020-10-18,SCH,UNI,1.0,1.0,0,1.0,1.0,2.82,3.23,2.59
2020,2020-10-17,AUG,RBL,0.0,2.0,-1,0.0,3.0,5.76,4.52,1.53
2020,2020-10-17,FRE,WERB,1.0,1.0,0,1.0,1.0,2.26,3.51,3.12
2020,2020-10-17,HERT,STU,0.0,2.0,-1,0.0,3.0,2.06,3.81,3.33
2020,2020-10-17,HOF,DOR,0.0,1.0,-1,0.0,3.0,4.03,4.32,1.76
2020,2020-10-17,MAI,LEVK,0.0,1.0,-1,0.0,3.0,5.13,4.35,1.61
2020,2020-10-17,BIE,BAY,1.0,4.0,-1,0.0,3.0,13.73,7.73,1.19
2020,2020-10-17,MGL,WOB,1.0,1.0,0,1.0,1.0,1.86,3.85,4.01
2020,2020-10-04,WOB,AUG,0.0,0.0,0,1.0,1.0,2.02,3.56,3.66
2020,2020-10-04,BAY,HERT,4.0,3.0,1,3.0,0.0,1.16,8.27,15.23
2020,2020-10-03,DOR,FRE,4.0,0.0,1,3.0,0.0,1.3,5.85,9.31
2020,2020-10-03,EINF,HOF,2.0,1.0,1,3.0,0.0,2.38,3.62,2.84
2020,2020-10-03,KOL,MGL,1.0,3.0,-1,0.0,3.0,3.89,3.86,1.88
2020,2020-10-03,STU,LEVK,1.0,1.0,0,1.0,1.0,3.7,3.93,1.91
2020,2020-10-03,WERB,BIE,1.0,0.0,1,3.0,0.0,2.14,3.56,3.3
2020,2020-10-03,RBL,SCH,4.0,0.0,1,3.0,0.0,1.26,6.14,10.84
2020,2020-10-02,UNI,MAI,4.0,0.0,1,3.0,0.0,2.14,3.56,3.37
2020,2020-09-27,HOF,BAY,4.0,1.0,1,3.0,0.0,10.51,6.93,1.23
2020,2020-09-27,FRE,WOB,1.0,1.0,0,1.0,1.0,3.06,3.45,2.3
2020,2020-09-26,AUG,DOR,2.0,0.0,1,3.0,0.0,6.99,4.82,1.43
2020,2020-09-26,BIE,KOL,1.0,0.0,1,3.0,0.0,2.71,3.52,2.53
2020,2020-09-26,LEVK,RBL,1.0,1.0,0,1.0,1.0,3.03,3.65,2.25
2020,2020-09-26,MAI,STU,1.0,4.0,-1,0.0,3.0,2.42,3.53,2.84
2020,2020-09-26,MGL,UNI,1.0,1.0,0,1.0,1.0,1.44,4.61,7.3
2020,2020-09-26,SCH,WERB,1.0,3.0,-1,0.0,3.0,2.55,3.44,2.74
2020,2020-09-25,HERT,EINF,1.0,3.0,-1,0.0,3.0,2.28,3.75,2.96
2020,2020-09-20,RBL,MAI,3.0,1.0,1,3.0,0.0,1.37,5.48,7.5
2020,2020-09-20,WOB,LEVK,0.0,0.0,0,1.0,1.0,2.89,3.44,2.43
2020,2020-09-19,EINF,BIE,1.0,1.0,0,1.0,1.0,1.65,4.19,4.91
2020,2020-09-19,KOL,HOF,2.0,3.0,-1,0.0,3.0,2.6,3.6,2.59
2020,2020-09-19,STU,FRE,2.0,3.0,-1,0.0,3.0,2.26,3.48,3.16
2020,2020-09-19,UNI,AUG,1.0,3.0,-1,0.0,3.0,2.34,3.25,3.19
2020,2020-09-19,WERB,HERT,1.0,4.0,-1,0.0,3.0,2.62,3.48,2.64
2020,2020-09-19,DOR,MGL,3.0,0.0,1,3.0,0.0,1.63,4.36,4.91
2020,2020-09-18,BAY,SCH,8.0,0.0,1,3.0,0.0,1.09,11.59,24.69
2019,2020-06-27,AUG,RBL,1.0,2.0,-1,0.0,3.0,7.02,5.21,1.4
2019,2020-06-27,DOR,HOF,0.0,4.0,-1,0.0,3.0,1.73,4.43,4.08
2019,2020-06-27,EINF,PAD,3.0,2.0,1,3.0,0.0,1.32,5.77,8.43
2019,2020-06-27,FRE,SCH,4.0,0.0,1,3.0,0.0,1.82,3.95,4.1
2019,2020-06-27,LEVK,MAI,1.0,0.0,1,3.0,0.0,1.26,6.54,9.77
2019,2020-06-27,MGL,HERT,2.0,1.0,1,3.0,0.0,1.35,5.46,8.02
2019,2020-06-27,UNI,FORD,3.0,0.0,1,3.0,0.0,3.86,3.58,1.97
2019,2020-06-27,WERB,KOL,6.0,1.0,1,3.0,0.0,1.62,4.36,4.93
2019,2020-06-27,WOB,BAY,0.0,4.0,-1,0.0,3.0,4.32,4.47,1.69
2019,2020-06-20,BAY,FRE,3.0,1.0,1,3.0,0.0,1.26,6.51,9.83
2019,2020-06-20,KOL,EINF,1.0,1.0,0,1.0,1.0,2.7,3.75,2.43
2019,2020-06-20,FORD,AUG,1.0,1.0,0,1.0,1.0,1.93,3.72,3.85
2019,2020-06-20,HERT,LEVK,2.0,0.0,1,3.0,0.0,4.99,4.24,1.63
2019,2020-06-20,HOF,UNI,4.0,0.0,1,3.0,0.0,1.61,4.2,5.33
2019,2020-06-20,MAI,WERB,3.0,1.0,1,3.0,0.0,2.55,3.55,2.66
2019,2020-06-20,PAD,MGL,1.0,3.0,-1,0.0,3.0,9.86,6.06,1.28
2019,2020-06-20,RBL,DOR,0.0,2.0,-1,0.0,3.0,2.32,3.67,2.9
2019,2020-06-20,SCH,WOB,1.0,4.0,-1,0.0,3.0,5.12,4.06,1.65
2019,2020-06-17,EINF,SCH,2.0,1.0,1,3.0,0.0,1.73,4.04,4.5
2019,2020-06-17,AUG,HOF,1.0,3.0,-1,0.0,3.0,2.71,3.65,2.46
2019,2020-06-17,DOR,MAI,0.0,2.0,-1,0.0,3.0,1.26,6.25,10.55
2019,2020-06-17,LEVK,KOL,3.0,1.0,1,3.0,0.0,1.47,4.68,6.42
2019,2020-06-17,RBL,FORD,2.0,2.0,0,1.0,1.0,1.22,6.6,12.55
2019,2020-06-16,MGL,WOB,3.0,0.0,1,3.0,0.0,2.13,3.61,3.32
2019,2020-06-16,FRE,HERT,2.0,1.0,1,3.0,0.0,2.68,3.56,2.53
2019,2020-06-16,UNI,PAD,1.0,0.0,1,3.0,0.0,1.67,4.06,4.95
2019,2020-06-16,WERB,BAY,0.0,1.0,-1,0.0,3.0,13.52,7.27,1.2
2019,2020-06-14,MAI,AUG,0.0,1.0,-1,0.0,3.0,2.31,3.45,3.06
2019,2020-06-14,SCH,LEVK,1.0,1.0,0,1.0,1.0,5.79,4.36,1.55
2019,2020-06-13,KOL,UNI,1.0,2.0,-1,0.0,3.0,2.04,3.46,3.7
2019,2020-06-13,FORD,DOR,0.0,1.0,-1,0.0,3.0,7.91,5.34,1.36
2019,2020-06-13,HERT,EINF,1.0,4.0,-1,0.0,3.0,2.09,3.69,3.33
2019,2020-06-13,PAD,WERB,1.0,5.0,-1,0.0,3.0,3.12,3.7,2.19
2019,2020-06-13,WOB,FRE,2.0,2.0,0,1.0,1.0,1.71,3.96,4.77
2019,2020-06-13,BAY,MGL,2.0,1.0,1,3.0,0.0,1.37,5.39,7.48
2019,2020-06-12,HOF,RBL,0.0,2.0,-1,0.0,3.0,6.41,5.21,1.43
2019,2020-06-07,WERB,WOB,0.0,1.0,-1,0.0,3.0,3.66,3.52,2.04
2019,2020-06-07,UNI,SCH,1.0,1.0,0,1.0,1.0,2.46,3.2,3.01
2019,2020-06-07,AUG,KOL,1.0,1.0,0,1.0,1.0,2.77,3.51,2.47
2019,2020-06-06,EINF,MAI,0.0,2.0,-1,0.0,3.0,2.05,3.65,3.51
2019,2020-06-06,FORD,HOF,2.0,2.0,0,1.0,1.0,2.77,3.55,2.46
2019,2020-06-06,LEVK,BAY,2.0,4.0,-1,0.0,3.0,5.86,4.95,1.48
2019,2020-06-06,RBL,PAD,1.0,1.0,0,1.0,1.0,1.14,8.88,17.59
2019,2020-06-06,DOR,HERT,1.0,0.0,1,3.0,0.0,1.37,5.32,7.68
2019,2020-06-05,FRE,MGL,1.0,0.0,1,3.0,0.0,4.42,4.01,1.76
2019,2020-06-03,WERB,EINF,0.0,3.0,-1,0.0,3.0,2.78,3.4,2.53
2019,2020-06-01,KOL,RBL,2.0,4.0,-1,0.0,3.0,5.54,4.61,1.54
2019,2020-05-31,MGL,UNI,4.0,1.0,1,3.0,0.0,1.52,4.33,6.28
2019,2020-05-31,PAD,DOR,1.0,6.0,-1,0.0,3.0,8.5,5.49,1.33
2019,2020-05-30,HERT,AUG,2.0,0.0,1,3.0,0.0,1.91,3.79,3.83
2019,2020-05-30,MAI,HOF,0.0,1.0,-1,0.0,3.0,2.79,3.71,2.38
2019,2020-05-30,SCH,WERB,0.0,1.0,-1,0.0,3.0,2.47,3.37,2.88
2019,2020-05-30,WOB,EINF,1.0,2.0,-1,0.0,3.0,1.96,3.75,3.67
2019,2020-05-30,BAY,FORD,5.0,0.0,1,3.0,0.0,1.07,12.43,30.41
2019,2020-05-29,FRE,LEVK,0.0,1.0,-1,0.0,3.0,4.68,4.14,1.7
2019,2020-05-27,RBL,HERT,2.0,2.0,0,1.0,1.0,1.35,5.49,8.07
2019,2020-05-27,AUG,PAD,0.0,0.0,0,1.0,1.0,1.95,3.71,3.77
2019,2020-05-27,FORD,SCH,2.0,1.0,1,3.0,0.0,2.67,3.29,2.7
2019,2020-05-27,HOF,KOL,3.0,1.0,1,3.0,0.0,2.46,3.65,2.72
2019,2020-05-27,UNI,MAI,1.0,1.0,0,1.0,1.0,2.27,3.48,3.1
2019,2020-05-26,DOR,BAY,0.0,1.0,-1,0.0,3.0,3.63,4.17,1.89
2019,2020-05-26,EINF,FRE,3.0,3.0,0,1.0,1.0,2.04,3.59,3.64
2019,2020-05-26,LEVK,WOB,1.0,4.0,-1,0.0,3.0,1.73,4.09,4.53
2019,2020-05-26,WERB,MGL,0.0,0.0,0,1.0,1.0,4.46,4.04,1.74
2019,2020-05-24,SCH,AUG,0.0,3.0,-1,0.0,3.0,2.06,3.49,3.6
2019,2020-05-24,MAI,RBL,0.0,5.0,-1,0.0,3.0,6.5,4.98,1.44
2019,2020-05-24,KOL,FORD,2.0,2.0,0,1.0,1.0,1.79,4.03,4.19
2019,2020-05-23,FRE,WERB,0.0,1.0,-1,0.0,3.0,2.19,3.65,3.17
2019,2020-05-23,MGL,LEVK,1.0,3.0,-1,0.0,3.0,2.39,3.74,2.75
2019,2020-05-23,PAD,HOF,1.0,1.0,0,1.0,1.0,3.19,3.77,2.13
2019,2020-05-23,WOB,DOR,0.0,2.0,-1,0.0,3.0,4.43,3.91,1.76
2019,2020-05-23,BAY,EINF,5.0,2.0,1,3.0,0.0,1.15,8.7,16.22
2019,2020-05-22,HERT,UNI,4.0,0.0,1,3.0,0.0,2.36,3.37,3.09
2019,2020-05-18,WERB,LEVK,1.0,4.0,-1,0.0,3.0,4.72,3.96,1.71
2019,2020-05-17,KOL,MAI,2.0,2.0,0,1.0,1.0,1.87,3.84,3.96
2019,2020-05-17,UNI,BAY,0.0,2.0,-1,0.0,3.0,14.63,6.86,1.2
2019,2020-05-16,AUG,WOB,1.0,2.0,-1,0.0,3.0,3.41,3.44,2.16
2019,2020-05-16,DOR,SCH,4.0,0.0,1,3.0,0.0,1.52,4.48,6.05
2019,2020-05-16,FORD,PAD,0.0,0.0,0,1.0,1.0,2.17,3.57,3.26
2019,2020-05-16,HOF,HERT,0.0,3.0,-1,0.0,3.0,2.18,3.52,3.26
2019,2020-05-16,RBL,FRE,1.0,1.0,0,1.0,1.0,1.32,5.49,9.49
2019,2020-05-16,EINF,MGL,1.0,3.0,-1,0.0,3.0,2.89,3.51,2.4
2019,2020-03-11,MGL,KOL,2.0,1.0,1,3.0,0.0,1.78,4.03,4.16
2019,2020-03-08,BAY,AUG,2.0,0.0,1,3.0,0.0,1.09,11.11,25.02
2019,2020-03-08,MAI,FORD,1.0,1.0,0,1.0,1.0,1.89,3.86,3.82
2019,2020-03-07,FRE,UNI,3.0,1.0,1,3.0,0.0,2.33,3.39,3.1
2019,2020-03-07,HERT,WERB,2.0,2.0,0,1.0,1.0,2.16,3.46,3.39
2019,2020-03-07,LEVK,EINF,4.0,0.0,1,3.0,0.0,1.65,4.24,4.84
2019,2020-03-07,SCH,HOF,1.0,1.0,0,1.0,1.0,2.28,3.53,3.08
2019,2020-03-07,WOB,RBL,0.0,0.0,0,1.0,1.0,3.85,3.73,1.92
2019,2020-03-07,MGL,DOR,1.0,2.0,-1,0.0,3.0,3.07,3.8,2.18
2019,2020-03-06,PAD,KOL,1.0,2.0,-1,0.0,3.0,3.19,3.82,2.12
2019,2020-03-01,UNI,WOB,2.0,2.0,0,1.0,1.0,2.67,3.22,2.72
2019,2020-03-01,RBL,LEVK,1.0,1.0,0,1.0,1.0,1.48,4.82,5.96
2019,2020-02-29,AUG,MGL,2.0,3.0,-1,0.0,3.0,3.45,3.76,2.03
2019,2020-02-29,DOR,FRE,1.0,0.0,1,3.0,0.0,1.2,7.01,13.41
2019,2020-02-29,HOF,BAY,0.0,6.0,-1,0.0,3.0,6.85,5.41,1.39
2019,2020-02-29,MAI,PAD,2.0,0.0,1,3.0,0.0,1.84,3.95,3.96
2019,2020-02-29,KOL,SCH,3.0,0.0,1,3.0,0.0,2.22,3.51,3.19
2019,2020-02-28,FORD,HERT,3.0,3.0,0,1.0,1.0,2.37,3.37,3.05
2019,2020-02-24,EINF,UNI,1.0,2.0,-1,0.0,3.0,1.9,3.63,3.99
2019,2020-02-23,LEVK,AUG,2.0,0.0,1,3.0,0.0,1.47,4.62,6.52
2019,2020-02-23,WOB,MAI,4.0,0.0,1,3.0,0.0,1.8,3.75,4.41
2019,2020-02-22,FRE,FORD,0.0,2.0,-1,0.0,3.0,1.93,3.7,3.87
2019,2020-02-22,HERT,KOL,0.0,5.0,-1,0.0,3.0,2.43,3.38,2.93
2019,2020-02-22,MGL,HOF,1.0,1.0,0,1.0,1.0,1.64,4.21,4.94
2019,2020-02-22,WERB,DOR,0.0,2.0,-1,0.0,3.0,6.44,5.38,1.41
2019,2020-02-22,SCH,RBL,0.0,5.0,-1,0.0,3.0,4.13,4.0,1.79
2019,2020-02-21,BAY,PAD,3.0,2.0,1,3.0,0.0,1.06,14.01,32.25
2019,2020-02-16,KOL,BAY,1.0,4.0,-1,0.0,3.0,11.82,6.95,1.22
2019,2020-02-16,MAI,SCH,0.0,0.0,0,1.0,1.0,2.84,3.41,2.46
2019,2020-02-15,AUG,FRE,1.0,1.0,0,1.0,1.0,2.04,3.61,3.55
2019,2020-02-15,HOF,WOB,2.0,3.0,-1,0.0,3.0,2.48,3.43,2.82
2019,2020-02-15,PAD,HERT,1.0,2.0,-1,0.0,3.0,2.73,3.5,2.51
2019,2020-02-15,RBL,WERB,3.0,0.0,1,3.0,0.0,1.25,6.32,10.73
2019,2020-02-15,UNI,LEVK,2.0,3.0,-1,0.0,3.0,3.81,3.7,1.94
2019,2020-02-15,FORD,MGL,1.0,4.0,-1,0.0,3.0,4.0,3.88,1.85
2019,2020-02-14,DOR,EINF,4.0,0.0,1,3.0,0.0,1.43,5.06,6.56
2019,2020-02-09,BAY,RBL,0.0,0.0,0,1.0,1.0,1.42,5.28,6.4
2019,2020-02-08,FRE,HOF,1.0,0.0,1,3.0,0.0,2.55,3.53,2.67
2019,2020-02-08,HERT,MAI,1.0,3.0,-1,0.0,3.0,2.03,3.6,3.58
2019,2020-02-08,SCH,PAD,1.0,1.0,0,1.0,1.0,1.5,4.47,6.24
2019,2020-02-08,WERB,UNI,0.0,2.0,-1,0.0,3.0,2.08,3.57,3.48
2019,2020-02-08,WOB,FORD,1.0,1.0,0,1.0,1.0,1.56,4.18,5.96
2019,2020-02-08,LEVK,DOR,4.0,3.0,1,3.0,0.0,3.05,3.84,2.16
2019,2020-02-07,EINF,AUG,5.0,0.0,1,3.0,0.0,1.93,3.63,3.93
2019,2020-02-02,KOL,FRE,4.0,0.0,1,3.0,0.0,2.05,3.6,3.48
2019,2020-02-02,PAD,WOB,2.0,4.0,-1,0.0,3.0,3.79,3.96,1.87
2019,2020-02-01,AUG,WERB,2.0,1.0,1,3.0,0.0,2.07,3.71,3.37
2019,2020-02-01,DOR,UNI,5.0,0.0,1,3.0,0.0,1.24,6.36,11.2
2019,2020-02-01,FORD,EINF,1.0,1.0,0,1.0,1.0,3.35,3.71,2.08
2019,2020-02-01,HOF,LEVK,2.0,1.0,1,3.0,0.0,3.24,3.75,2.11
2019,2020-02-01,MAI,BAY,1.0,3.0,-1,0.0,3.0,13.65,7.43,1.19
2019,2020-02-01,RBL,MGL,2.0,2.0,0,1.0,1.0,1.53,4.57,5.64
2019,2020-01-31,HERT,SCH,0.0,0.0,0,1.0,1.0,2.71,3.34,2.64
2019,2020-01-26,WERB,HOF,0.0,3.0,-1,0.0,3.0,2.41,3.62,2.77
2019,2020-01-26,LEVK,FORD,3.0,0.0,1,3.0,0.0,1.38,5.15,7.45
2019,2020-01-25,EINF,RBL,2.0,0.0,1,3.0,0.0,4.04,4.21,1.77
2019,2020-01-25,FRE,PAD,0.0,2.0,-1,0.0,3.0,1.76,4.01,4.3
2019,2020-01-25,MGL,MAI,3.0,1.0,1,3.0,0.0,1.53,4.53,5.8
2019,2020-01-25,UNI,AUG,2.0,0.0,1,3.0,0.0,2.12,3.53,3.4
2019,2020-01-25,WOB,HERT,1.0,2.0,-1,0.0,3.0,1.77,3.8,4.56
2019,2020-01-25,BAY,SCH,5.0,0.0,1,3.0,0.0,1.17,7.84,14.64
2019,2020-01-24,DOR,KOL,5.0,1.0,1,3.0,0.0,1.28,6.22,9.42
2019,2020-01-19,HERT,BAY,0.0,4.0,-1,0.0,3.0,8.48,5.43,1.34
2019,2020-01-19,PAD,LEVK,1.0,4.0,-1,0.0,3.0,4.84,4.42,1.62
2019,2020-01-18,AUG,DOR,3.0,5.0,-1,0.0,3.0,4.73,4.29,1.65
2019,2020-01-18,KOL,WOB,3.0,1.0,1,3.0,0.0,2.77,3.32,2.57
2019,2020-01-18,FORD,WERB,0.0,1.0,-1,0.0,3.0,2.71,3.53,2.5
2019,2020-01-18,HOF,EINF,1.0,2.0,-1,0.0,3.0,2.37,3.68,2.81
2019,2020-01-18,MAI,FRE,1.0,2.0,-1,0.0,3.0,2.21,3.48,3.21
2019,2020-01-18,RBL,UNI,3.0,1.0,1,3.0,0.0,1.28,5.89,10.31
2019,2020-01-17,SCH,MGL,2.0,0.0,1,3.0,0.0,2.68,3.49,2.57
2019,2019-12-22,FORD,UNI,2.0,1.0,1,3.0,0.0,2.77,3.28,2.6
2019,2019-12-22,PAD,EINF,2.0,1.0,1,3.0,0.0,3.47,3.88,1.99
2019,2019-12-21,BAY,WOB,2.0,0.0,1,3.0,0.0,1.16,7.96,16.49
2019,2019-12-21,KOL,WERB,1.0,0.0,1,3.0,0.0,2.08,3.74,3.32
2019,2019-12-21,MAI,LEVK,0.0,1.0,-1,0.0,3.0,3.86,3.99,1.86
2019,2019-12-21,RBL,AUG,3.0,1.0,1,3.0,0.0,1.26,6.17,10.65
2019,2019-12-21,SCH,FRE,2.0,2.0,0,1.0,1.0,1.68,3.91,5.06
2019,2019-12-21,HERT,MGL,0.0,0.0,0,1.0,1.0,3.1,3.6,2.22
2019,2019-12-20,HOF,DOR,2.0,1.0,1,3.0,0.0,3.76,3.94,1.9
2019,2019-12-18,LEVK,HERT,0.0,1.0,-1,0.0,3.0,1.54,4.33,5.97
2019,2019-12-18,EINF,KOL,2.0,4.0,-1,0.0,3.0,1.75,3.85,4.59
2019,2019-12-18,FRE,BAY,1.0,3.0,-1,0.0,3.0,11.08,6.88,1.23
2019,2019-12-18,MGL,PAD,2.0,0.0,1,3.0,0.0,1.3,5.89,8.74
2019,2019-12-18,WOB,SCH,1.0,1.0,0,1.0,1.0,2.38,3.33,3.04
2019,2019-12-17,WERB,MAI,0.0,5.0,-1,0.0,3.0,1.82,4.0,4.08
2019,2019-12-17,AUG,FORD,3.0,0.0,1,3.0,0.0,1.78,4.04,4.21
2019,2019-12-17,DOR,RBL,3.0,3.0,0,1.0,1.0,2.19,3.76,3.11
2019,2019-12-17,UNI,HOF,0.0,2.0,-1,0.0,3.0,2.44,3.48,2.86
2019,2019-12-15,WOB,MGL,2.0,1.0,1,3.0,0.0,2.6,3.41,2.68
2019,2019-12-15,SCH,EINF,1.0,0.0,1,3.0,0.0,1.96,3.79,3.61
2019,2019-12-14,BAY,WERB,6.0,1.0,1,3.0,0.0,1.15,8.74,16.7
2019,2019-12-14,KOL,LEVK,2.0,0.0,1,3.0,0.0,4.13,3.9,1.83
2019,2019-12-14,HERT,FRE,1.0,0.0,1,3.0,0.0,2.03,3.63,3.59
2019,2019-12-14,MAI,DOR,0.0,4.0,-1,0.0,3.0,4.95,4.19,1.65
2019,2019-12-14,PAD,UNI,1.0,1.0,0,1.0,1.0,2.8,3.58,2.43
2019,2019-12-14,FORD,RBL,0.0,3.0,-1,0.0,3.0,6.52,4.93,1.44
2019,2019-12-13,HOF,AUG,2.0,4.0,-1,0.0,3.0,1.84,3.98,4.02
2019,2019-12-08,UNI,KOL,2.0,0.0,1,3.0,0.0,2.18,3.47,3.29
2019,2019-12-08,WERB,PAD,0.0,1.0,-1,0.0,3.0,1.53,4.63,5.49
2019,2019-12-07,AUG,MAI,2.0,1.0,1,3.0,0.0,2.28,3.62,2.99
2019,2019-12-07,DOR,FORD,5.0,0.0,1,3.0,0.0,1.3,5.75,9.24
2019,2019-12-07,FRE,WOB,1.0,0.0,1,3.0,0.0,2.88,3.36,2.46
2019,2019-12-07,MGL,BAY,2.0,1.0,1,3.0,0.0,5.24,4.61,1.56
2019,2019-12-07,RBL,HOF,3.0,1.0,1,3.0,0.0,1.44,4.98,6.48
2019,2019-12-07,LEVK,SCH,2.0,1.0,1,3.0,0.0,1.94,3.66,3.85
2019,2019-12-06,EINF,HERT,2.0,2.0,0,1.0,1.0,1.83,3.91,4.11
2019,2019-12-02,MAI,EINF,2.0,1.0,1,3.0,0.0,2.81,3.59,2.4
2019,2019-12-01,MGL,FRE,4.0,2.0,1,3.0,0.0,1.56,4.41,5.44
2019,2019-12-01,WOB,WERB,2.0,3.0,-1,0.0,3.0,2.17,3.64,3.17
2019,2019-11-30,KOL,AUG,1.0,1.0,0,1.0,1.0,1.92,3.76,3.82
2019,2019-11-30,HERT,DOR,1.0,2.0,-1,0.0,3.0,4.1,3.9,1.83
2019,2019-11-30,HOF,FORD,1.0,1.0,0,1.0,1.0,1.7,3.97,4.79
2019,2019-11-30,PAD,RBL,2.0,3.0,-1,0.0,3.0,7.46,5.46,1.37
2019,2019-11-30,BAY,LEVK,1.0,2.0,-1,0.0,3.0,1.29,6.04,9.37
2019,2019-11-29,SCH,UNI,2.0,1.0,1,3.0,0.0,1.71,3.87,4.93
2019,2019-11-24,AUG,HERT,4.0,0.0,1,3.0,0.0,2.59,3.53,2.61
2019,2019-11-24,HOF,MAI,1.0,5.0,-1,0.0,3.0,1.66,4.07,4.88
2019,2019-11-23,EINF,WOB,0.0,2.0,-1,0.0,3.0,2.02,3.67,3.55
2019,2019-11-23,FORD,BAY,0.0,4.0,-1,0.0,3.0,13.56,7.57,1.19
2019,2019-11-23,LEVK,FRE,1.0,1.0,0,1.0,1.0,1.5,4.57,6.15
2019,2019-11-23,UNI,MGL,2.0,0.0,1,3.0,0.0,3.4,3.63,2.09
2019,2019-11-23,WERB,SCH,1.0,2.0,-1,0.0,3.0,2.45,3.62,2.74
2019,2019-11-23,RBL,KOL,4.0,1.0,1,3.0,0.0,1.35,5.46,8.08
2019,2019-11-22,DOR,PAD,3.0,3.0,0,1.0,1.0,1.15,8.57,16.15
2019,2019-11-10,MGL,WERB,3.0,1.0,1,3.0,0.0,1.73,4.12,4.35
2019,2019-11-10,WOB,LEVK,0.0,2.0,-1,0.0,3.0,2.96,3.47,2.36
2019,2019-11-10,FRE,EINF,1.0,0.0,1,3.0,0.0,2.74,3.54,2.48
2019,2019-11-09,HERT,RBL,2.0,4.0,-1,0.0,3.0,4.06,3.88,1.84
2019,2019-11-09,MAI,UNI,2.0,3.0,-1,0.0,3.0,2.2,3.39,3.36
2019,2019-11-09,PAD,AUG,0.0,1.0,-1,0.0,3.0,2.59,3.75,2.54
2019,2019-11-09,SCH,FORD,3.0,3.0,0,1.0,1.0,1.52,4.31,6.29
2019,2019-11-09,BAY,DOR,4.0,0.0,1,3.0,0.0,1.56,4.57,5.32
2019,2019-11-08,KOL,HOF,1.0,2.0,-1,0.0,3.0,2.58,3.59,2.64
2019,2019-11-03,FORD,KOL,2.0,0.0,1,3.0,0.0,2.72,3.63,2.46
2019,2019-11-03,AUG,SCH,2.0,3.0,-1,0.0,3.0,3.75,3.79,1.93
2019,2019-11-02,DOR,WOB,3.0,0.0,1,3.0,0.0,1.53,4.25,6.31
2019,2019-11-02,EINF,BAY,5.0,1.0,1,3.0,0.0,6.7,5.19,1.42
2019,2019-11-02,LEVK,MGL,1.0,2.0,-1,0.0,3.0,2.0,3.82,3.5
2019,2019-11-02,RBL,MAI,8.0,0.0,1,3.0,0.0,1.35,5.32,8.32
2019,2019-11-02,WERB,FRE,2.0,2.0,0,1.0,1.0,1.95,3.73,3.74
2019,2019-11-02,UNI,HERT,1.0,0.0,1,3.0,0.0,2.81,3.34,2.53
2019,2019-11-01,HOF,PAD,3.0,0.0,1,3.0,0.0,1.44,4.94,6.59
2019,2019-10-27,WOB,AUG,0.0,0.0,0,1.0,1.0,1.59,4.19,5.6
2019,2019-10-27,MGL,EINF,4.0,2.0,1,3.0,0.0,1.91,3.93,3.69
2019,2019-10-26,BAY,UNI,2.0,1.0,1,3.0,0.0,1.11,10.24,20.85
2019,2019-10-26,FRE,RBL,2.0,1.0,1,3.0,0.0,3.96,3.74,1.9
2019,2019-10-26,HERT,HOF,2.0,3.0,-1,0.0,3.0,2.1,3.66,3.37
2019,2019-10-26,PAD,FORD,2.0,0.0,1,3.0,0.0,2.38,3.85,2.73
2019,2019-10-26,SCH,DOR,0.0,0.0,0,1.0,1.0,3.07,3.51,2.29
2019,2019-10-26,LEVK,WERB,2.0,2.0,0,1.0,1.0,1.62,4.29,5.1
2019,2019-10-25,MAI,KOL,3.0,1.0,1,3.0,0.0,2.55,3.54,2.7
2019,2019-10-20,KOL,PAD,3.0,0.0,1,3.0,0.0,1.68,4.36,4.5
2019,2019-10-20,HOF,SCH,2.0,0.0,1,3.0,0.0,2.69,3.52,2.55
2019,2019-10-19,AUG,BAY,2.0,2.0,0,1.0,1.0,16.44,8.18,1.16
2019,2019-10-19,FORD,MAI,1.0,0.0,1,3.0,0.0,2.57,3.55,2.65
2019,2019-10-19,RBL,WOB,1.0,1.0,0,1.0,1.0,1.54,4.35,5.9
2019,2019-10-19,UNI,FRE,2.0,0.0,1,3.0,0.0,2.58,3.45,2.69
2019,2019-10-19,WERB,HERT,1.0,1.0,0,1.0,1.0,2.14,3.68,3.25
2019,2019-10-19,DOR,MGL,1.0,0.0,1,3.0,0.0,1.47,4.83,6.25
2019,2019-10-18,EINF,LEVK,3.0,0.0,1,3.0,0.0,2.85,3.79,2.32
2019,2019-10-06,MGL,AUG,5.0,1.0,1,3.0,0.0,1.53,4.53,5.75
2019,2019-10-06,WOB,UNI,1.0,0.0,1,3.0,0.0,1.67,3.89,5.22
2019,2019-10-06,EINF,WERB,2.0,2.0,0,1.0,1.0,2.17,3.65,3.18
2019,2019-10-05,BAY,HOF,1.0,2.0,-1,0.0,3.0,1.11,10.03,23.32
2019,2019-10-05,FRE,DOR,2.0,2.0,0,1.0,1.0,5.3,4.32,1.59
2019,2019-10-05,LEVK,RBL,1.0,1.0,0,1.0,1.0,2.33,3.73,2.86
2019,2019-10-05,PAD,MAI,1.0,2.0,-1,0.0,3.0,2.49,3.75,2.64
2019,2019-10-05,SCH,KOL,1.0,1.0,0,1.0,1.0,1.64,4.15,5.08
2019,2019-10-04,HERT,FORD,3.0,1.0,1,3.0,0.0,1.68,4.09,4.88
2019,2019-09-29,FORD,FRE,1.0,2.0,-1,0.0,3.0,2.44,3.58,2.78
2019,2019-09-29,KOL,HERT,0.0,4.0,-1,0.0,3.0,2.15,3.66,3.23
2019,2019-09-28,AUG,LEVK,0.0,3.0,-1,0.0,3.0,4.71,4.52,1.63
2019,2019-09-28,HOF,MGL,0.0,3.0,-1,0.0,3.0,2.43,3.61,2.79
2019,2019-09-28,MAI,WOB,0.0,1.0,-1,0.0,3.0,2.89,3.52,2.4
2019,2019-09-28,PAD,BAY,2.0,3.0,-1,0.0,3.0,15.89,9.07,1.14
2019,2019-09-28,RBL,SCH,1.0,3.0,-1,0.0,3.0,1.56,4.41,5.57
2019,2019-09-28,DOR,WERB,2.0,2.0,0,1.0,1.0,1.27,6.3,10.09
2019,2019-09-27,UNI,EINF,1.0,2.0,-1,0.0,3.0,2.99,3.64,2.3
2019,2019-09-23,WOB,HOF,1.0,1.0,0,1.0,1.0,1.95,3.81,3.7
2019,2019-09-22,MGL,FORD,2.0,1.0,1,3.0,0.0,1.69,4.09,4.77
2019,2019-09-22,EINF,DOR,2.0,2.0,0,1.0,1.0,4.29,4.22,1.74
2019,2019-09-21,BAY,KOL,4.0,0.0,1,3.0,0.0,1.12,9.25,21.04
2019,2019-09-21,FRE,AUG,1.0,1.0,0,1.0,1.0,1.9,3.77,3.92
2019,2019-09-21,HERT,PAD,2.0,1.0,1,3.0,0.0,1.73,4.02,4.54
2019,2019-09-21,LEVK,UNI,2.0,0.0,1,3.0,0.0,1.36,5.31,7.82
2019,2019-09-21,WERB,RBL,0.0,3.0,-1,0.0,3.0,4.19,4.25,1.75
2019,2019-09-20,SCH,MAI,2.0,1.0,1,3.0,0.0,1.66,4.07,5.11
2019,2019-09-15,HOF,FRE,0.0,3.0,-1,0.0,3.0,1.69,4.2,4.6
2019,2019-09-15,PAD,SCH,1.0,5.0,-1,0.0,3.0,3.04,3.64,2.26
2019,2019-09-14,AUG,EINF,2.0,1.0,1,3.0,0.0,3.48,3.69,2.05
2019,2019-09-14,DOR,LEVK,4.0,0.0,1,3.0,0.0,1.82,4.01,4.04
2019,2019-09-14,KOL,MGL,0.0,1.0,-1,0.0,3.0,2.57,3.53,2.66
2019,2019-09-14,MAI,HERT,2.0,1.0,1,3.0,0.0,2.38,3.44,2.98
2019,2019-09-14,UNI,WERB,1.0,2.0,-1,0.0,3.0,2.79,3.5,2.48
2019,2019-09-14,RBL,BAY,1.0,1.0,0,1.0,1.0,3.78,4.04,1.87
2019,2019-09-13,FORD,WOB,1.0,1.0,0,1.0,1.0,3.03,3.62,2.28
2019,2019-09-01,WERB,AUG,3.0,2.0,1,3.0,0.0,1.7,4.03,4.77
2019,2019-09-01,EINF,FORD,2.0,1.0,1,3.0,0.0,1.69,4.08,4.77
2019,2019-08-31,BAY,MAI,6.0,1.0,1,3.0,0.0,1.09,11.05,28.84
2019,2019-08-31,FRE,KOL,1.0,2.0,-1,0.0,3.0,2.45,3.45,2.87
2019,2019-08-31,LEVK,HOF,0.0,0.0,0,1.0,1.0,1.55,4.88,5.08
2019,2019-08-31,SCH,HERT,3.0,0.0,1,3.0,0.0,2.12,3.45,3.51
2019,2019-08-31,WOB,PAD,1.0,1.0,0,1.0,1.0,1.46,4.85,6.46
2019,2019-08-31,UNI,DOR,3.0,1.0,1,3.0,0.0,8.99,5.56,1.32
2019,2019-08-30,MGL,RBL,1.0,3.0,-1,0.0,3.0,3.28,3.76,2.11
2019,2019-08-25,RBL,EINF,2.0,1.0,1,3.0,0.0,1.49,4.63,6.06
2019,2019-08-25,HERT,WOB,0.0,3.0,-1,0.0,3.0,2.42,3.46,2.87
2019,2019-08-24,AUG,UNI,1.0,1.0,0,1.0,1.0,2.24,3.32,3.31
2019,2019-08-24,FORD,LEVK,1.0,3.0,-1,0.0,3.0,4.36,4.2,1.72
2019,2019-08-24,HOF,WERB,3.0,2.0,1,3.0,0.0,1.88,3.92,3.83
2019,2019-08-24,MAI,MGL,1.0,3.0,-1,0.0,3.0,2.86,3.42,2.46
2019,2019-08-24,PAD,FRE,1.0,3.0,-1,0.0,3.0,2.38,3.6,2.84
2019,2019-08-24,SCH,BAY,0.0,3.0,-1,0.0,3.0,8.12,4.93,1.38
2019,2019-08-23,KOL,DOR,1.0,3.0,-1,0.0,3.0,6.18,4.74,1.48
2019,2019-08-18,EINF,HOF,1.0,0.0,1,3.0,0.0,2.32,3.65,2.92
2019,2019-08-18,UNI,RBL,0.0,4.0,-1,0.0,3.0,4.63,4.02,1.72
2019,2019-08-17,DOR,AUG,5.0,1.0,1,3.0,0.0,1.22,6.62,13.38
2019,2019-08-17,FRE,MAI,3.0,0.0,1,3.0,0.0,2.2,3.37,3.36
2019,2019-08-17,LEVK,PAD,3.0,2.0,1,3.0,0.0,1.28,5.97,10.27
2019,2019-08-17,WERB,FORD,1.0,3.0,-1,0.0,3.0,1.74,3.93,4.57
2019,2019-08-17,WOB,KOL,2.0,1.0,1,3.0,0.0,1.91,3.74,3.91
2019,2019-08-17,MGL,SCH,0.0,0.0,0,1.0,1.0,2.06,3.49,3.6
2019,2019-08-16,BAY,HERT,2.0,2.0,0,1.0,1.0,1.18,7.55,15.04
2018,2019-05-18,BAY,EINF,5.0,1.0,1,3.0,0.0,1.25,6.5,10.0
2018,2019-05-18,FORD,HAN,2.0,1.0,1,3.0,0.0,1.55,4.2,6.0
2018,2019-05-18,FRE,NUR,5.0,1.0,1,3.0,0.0,1.75,4.0,4.33
2018,2019-05-18,HERT,LEVK,1.0,5.0,-1,0.0,3.0,7.0,4.5,1.44
2018,2019-05-18,MAI,HOF,4.0,2.0,1,3.0,0.0,4.2,4.75,1.65
2018,2019-05-18,MGL,DOR,0.0,2.0,-1,0.0,3.0,2.9,4.0,2.2
2018,2019-05-18,SCH,STU,0.0,0.0,0,1.0,1.0,1.61,4.2,5.25
2018,2019-05-18,WERB,RBL,2.0,1.0,1,3.0,0.0,2.5,4.0,2.5
2018,2019-05-18,WOB,AUG,8.0,1.0,1,3.0,0.0,1.4,4.75,8.0
2018,2019-05-12,EINF,MAI,0.0,2.0,-1,0.0,3.0,1.6,4.2,5.25
2018,2019-05-11,AUG,HERT,3.0,4.0,-1,0.0,3.0,2.4,3.6,2.8
2018,2019-05-11,DOR,FORD,3.0,2.0,1,3.0,0.0,1.3,6.0,8.5
2018,2019-05-11,HAN,FRE,3.0,0.0,1,3.0,0.0,2.62,3.75,2.5
2018,2019-05-11,HOF,WERB,0.0,1.0,-1,0.0,3.0,1.44,5.25,6.0
2018,2019-05-11,LEVK,SCH,1.0,1.0,0,1.0,1.0,1.33,5.75,8.0
2018,2019-05-11,NUR,MGL,0.0,4.0,-1,0.0,3.0,3.8,4.0,1.85
2018,2019-05-11,RBL,BAY,0.0,0.0,0,1.0,1.0,5.0,4.0,1.66
2018,2019-05-11,STU,WOB,3.0,0.0,1,3.0,0.0,3.2,3.5,2.2
2018,2019-05-05,FRE,FORD,1.0,1.0,0,1.0,1.0,2.1,3.75,3.2
2018,2019-05-05,LEVK,EINF,6.0,1.0,1,3.0,0.0,1.61,4.5,5.0
2018,2019-05-05,SCH,AUG,0.0,0.0,0,1.0,1.0,1.8,3.8,4.33
2018,2019-05-04,BAY,HAN,3.0,1.0,1,3.0,0.0,1.03,21.0,34.0
2018,2019-05-04,HERT,STU,3.0,1.0,1,3.0,0.0,2.2,3.6,3.1
2018,2019-05-04,MGL,HOF,2.0,2.0,0,1.0,1.0,2.7,4.0,2.3
2018,2019-05-04,WERB,DOR,2.0,2.0,0,1.0,1.0,3.25,3.75,2.05
2018,2019-05-04,WOB,NUR,2.0,0.0,1,3.0,0.0,1.57,4.33,5.5
2018,2019-05-03,MAI,RBL,3.0,3.0,0,1.0,1.0,4.5,4.2,1.7
2018,2019-04-28,HOF,WOB,1.0,4.0,-1,0.0,3.0,1.45,4.75,6.0
2018,2019-04-28,NUR,BAY,1.0,1.0,0,1.0,1.0,15.0,8.0,1.14
2018,2019-04-27,DOR,SCH,2.0,4.0,-1,0.0,3.0,1.3,5.5,9.0
2018,2019-04-27,EINF,HERT,0.0,0.0,0,1.0,1.0,1.4,4.75,7.0
2018,2019-04-27,FORD,WERB,4.0,1.0,1,3.0,0.0,3.2,3.4,2.2
2018,2019-04-27,HAN,MAI,1.0,0.0,1,3.0,0.0,3.0,3.4,2.3
2018,2019-04-27,RBL,FRE,2.0,1.0,1,3.0,0.0,1.25,5.5,12.0
2018,2019-04-27,STU,MGL,1.0,0.0,1,3.0,0.0,3.5,3.5,2.05
2018,2019-04-26,AUG,LEVK,1.0,4.0,-1,0.0,3.0,4.5,4.33,1.66
2018,2019-04-22,WOB,EINF,1.0,1.0,0,1.0,1.0,2.55,3.6,2.55
2018,2019-04-21,FRE,DOR,0.0,4.0,-1,0.0,3.0,6.0,4.33,1.53
2018,2019-04-21,HERT,HAN,0.0,0.0,0,1.0,1.0,1.53,4.33,6.0
2018,2019-04-20,AUG,STU,6.0,0.0,1,3.0,0.0,2.05,3.5,3.6
2018,2019-04-20,BAY,WERB,1.0,0.0,1,3.0,0.0,1.14,8.0,19.0
2018,2019-04-20,LEVK,NUR,2.0,0.0,1,3.0,0.0,1.3,5.75,9.5
2018,2019-04-20,MAI,FORD,3.0,1.0,1,3.0,0.0,2.1,3.6,3.4
2018,2019-04-20,MGL,RBL,1.0,2.0,-1,0.0,3.0,3.0,3.75,2.25
2018,2019-04-20,SCH,HOF,2.0,5.0,-1,0.0,3.0,3.6,4.0,1.9
2018,2019-04-14,EINF,AUG,1.0,3.0,-1,0.0,3.0,1.45,4.5,6.5
2018,2019-04-14,FORD,BAY,1.0,4.0,-1,0.0,3.0,12.0,7.5,1.18
2018,2019-04-14,HOF,HERT,2.0,0.0,1,3.0,0.0,1.4,5.0,6.5
2018,2019-04-13,DOR,MAI,2.0,1.0,1,3.0,0.0,1.3,5.75,9.5
2018,2019-04-13,HAN,MGL,0.0,1.0,-1,0.0,3.0,5.25,4.33,1.6
2018,2019-04-13,RBL,WOB,2.0,0.0,1,3.0,0.0,1.57,4.2,5.75
2018,2019-04-13,STU,LEVK,0.0,1.0,-1,0.0,3.0,4.2,4.2,1.75
2018,2019-04-13,WERB,FRE,2.0,1.0,1,3.0,0.0,1.6,4.0,5.75
2018,2019-04-12,NUR,SCH,1.0,1.0,0,1.0,1.0,3.4,3.25,2.25
2018,2019-04-07,AUG,HOF,0.0,4.0,-1,0.0,3.0,3.6,4.33,1.83
2018,2019-04-07,MGL,WERB,1.0,1.0,0,1.0,1.0,2.05,3.6,3.4
2018,2019-04-06,BAY,DOR,5.0,0.0,1,3.0,0.0,1.53,4.75,5.25
2018,2019-04-06,HERT,FORD,1.0,2.0,-1,0.0,3.0,1.9,3.6,4.0
2018,2019-04-06,LEVK,RBL,2.0,4.0,-1,0.0,3.0,2.3,3.75,2.9
2018,2019-04-06,SCH,EINF,1.0,2.0,-1,0.0,3.0,3.3,3.5,2.15
2018,2019-04-06,STU,NUR,1.0,1.0,0,1.0,1.0,1.8,3.75,4.5
2018,2019-04-06,WOB,HAN,3.0,1.0,1,3.0,0.0,1.33,5.5,8.5
2018,2019-04-05,MAI,FRE,5.0,0.0,1,3.0,0.0,2.2,3.3,3.4
2018,2019-03-31,EINF,STU,3.0,0.0,1,3.0,0.0,1.44,5.0,6.5
2018,2019-03-31,HAN,SCH,0.0,1.0,-1,0.0,3.0,4.5,3.6,1.8
2018,2019-03-30,DOR,WOB,2.0,0.0,1,3.0,0.0,1.5,4.33,6.5
2018,2019-03-30,FORD,MGL,3.0,1.0,1,3.0,0.0,3.0,3.5,2.3
2018,2019-03-30,FRE,BAY,1.0,1.0,0,1.0,1.0,12.0,6.5,1.22
2018,2019-03-30,NUR,AUG,3.0,0.0,1,3.0,0.0,2.87,3.3,2.5
2018,2019-03-30,RBL,HERT,5.0,0.0,1,3.0,0.0,1.5,4.33,6.5
2018,2019-03-30,WERB,MAI,3.0,1.0,1,3.0,0.0,1.61,4.33,5.0
2018,2019-03-29,HOF,LEVK,4.0,1.0,1,3.0,0.0,2.37,3.8,2.7
2018,2019-03-17,BAY,MAI,6.0,0.0,1,3.0,0.0,1.12,9.0,17.0
2018,2019-03-17,EINF,NUR,1.0,0.0,1,3.0,0.0,1.4,5.0,7.5
2018,2019-03-17,LEVK,WERB,1.0,3.0,-1,0.0,3.0,1.6,4.2,5.25
2018,2019-03-16,AUG,HAN,3.0,1.0,1,3.0,0.0,1.61,4.33,5.0
2018,2019-03-16,HERT,DOR,2.0,3.0,-1,0.0,3.0,4.2,3.75,1.85
2018,2019-03-16,SCH,RBL,0.0,1.0,-1,0.0,3.0,3.75,3.6,2.0
2018,2019-03-16,STU,HOF,1.0,1.0,0,1.0,1.0,3.7,4.0,1.85
2018,2019-03-16,WOB,FORD,5.0,2.0,1,3.0,0.0,1.75,3.75,4.75
2018,2019-03-15,MGL,FRE,1.0,1.0,0,1.0,1.0,1.53,3.9,6.25
2018,2019-03-11,FORD,EINF,0.0,3.0,-1,0.0,3.0,2.75,3.4,2.55
2018,2019-03-10,HAN,LEVK,2.0,3.0,-1,0.0,3.0,8.5,5.75,1.3
2018,2019-03-10,HOF,NUR,2.0,1.0,1,3.0,0.0,1.25,5.75,12.0
2018,2019-03-09,BAY,WOB,6.0,0.0,1,3.0,0.0,1.25,6.5,10.0
2018,2019-03-09,DOR,STU,3.0,1.0,1,3.0,0.0,1.28,5.5,11.0
2018,2019-03-09,FRE,HERT,2.0,1.0,1,3.0,0.0,2.55,3.25,2.87
2018,2019-03-09,MAI,MGL,0.0,1.0,-1,0.0,3.0,3.3,3.4,2.2
2018,2019-03-09,RBL,AUG,0.0,0.0,0,1.0,1.0,1.36,5.0,8.5
2018,2019-03-08,WERB,SCH,4.0,2.0,1,3.0,0.0,2.05,3.5,3.6
2018,2019-03-03,STU,HAN,5.0,1.0,1,3.0,0.0,1.72,4.0,4.5
2018,2019-03-03,WOB,WERB,1.0,1.0,0,1.0,1.0,2.15,3.5,3.3
2018,2019-03-02,EINF,HOF,3.0,2.0,1,3.0,0.0,2.37,3.75,2.8
2018,2019-03-02,HERT,MAI,2.0,1.0,1,3.0,0.0,1.85,3.6,4.33
2018,2019-03-02,LEVK,FRE,2.0,0.0,1,3.0,0.0,1.44,4.5,7.5
2018,2019-03-02,MGL,BAY,1.0,5.0,-1,0.0,3.0,5.5,4.5,1.57
2018,2019-03-02,NUR,RBL,0.0,1.0,-1,0.0,3.0,6.5,4.33,1.5
2018,2019-03-02,SCH,FORD,0.0,4.0,-1,0.0,3.0,1.83,3.75,4.2
2018,2019-03-01,AUG,DOR,2.0,1.0,1,3.0,0.0,5.75,4.5,1.53
2018,2019-02-25,RBL,HOF,1.0,1.0,0,1.0,1.0,1.8,4.0,4.0
2018,2019-02-24,DOR,LEVK,3.0,2.0,1,3.0,0.0,1.8,4.2,4.0
2018,2019-02-24,HAN,EINF,0.0,3.0,-1,0.0,3.0,4.75,3.75,1.75
2018,2019-02-23,BAY,HERT,1.0,0.0,1,3.0,0.0,1.18,7.0,17.0
2018,2019-02-23,FORD,NUR,2.0,1.0,1,3.0,0.0,1.72,3.75,5.0
2018,2019-02-23,FRE,AUG,5.0,1.0,1,3.0,0.0,2.15,3.5,3.3
2018,2019-02-23,MAI,SCH,3.0,0.0,1,3.0,0.0,2.8,3.4,2.5
2018,2019-02-23,MGL,WOB,0.0,3.0,-1,0.0,3.0,1.75,3.8,4.75
2018,2019-02-22,WERB,STU,1.0,1.0,0,1.0,1.0,1.53,4.33,5.75
2018,2019-02-18,NUR,DOR,0.0,0.0,0,1.0,1.0,7.5,5.0,1.4
2018,2019-02-17,EINF,MGL,1.0,1.0,0,1.0,1.0,2.3,3.6,3.0
2018,2019-02-17,LEVK,FORD,2.0,0.0,1,3.0,0.0,1.44,4.75,6.5
2018,2019-02-16,HERT,WERB,1.0,1.0,0,1.0,1.0,2.4,3.5,2.9
2018,2019-02-16,HOF,HAN,3.0,0.0,1,3.0,0.0,1.3,6.0,8.5
2018,2019-02-16,SCH,FRE,0.0,0.0,0,1.0,1.0,1.7,3.75,5.25
2018,2019-02-16,STU,RBL,1.0,3.0,-1,0.0,3.0,5.25,4.0,1.65
2018,2019-02-16,WOB,MAI,3.0,0.0,1,3.0,0.0,1.72,4.0,4.5
2018,2019-02-15,AUG,BAY,2.0,3.0,-1,0.0,3.0,15.0,6.0,1.2
2018,2019-02-10,FORD,STU,3.0,0.0,1,3.0,0.0,2.1,3.5,3.5
2018,2019-02-10,WERB,AUG,4.0,0.0,1,3.0,0.0,1.72,3.8,4.5
2018,2019-02-09,BAY,SCH,3.0,1.0,1,3.0,0.0,1.2,7.0,13.0
2018,2019-02-09,DOR,HOF,3.0,3.0,0,1.0,1.0,1.66,4.2,4.75
2018,2019-02-09,FRE,WOB,3.0,3.0,0,1.0,1.0,2.87,3.4,2.45
2018,2019-02-09,HAN,NUR,2.0,0.0,1,3.0,0.0,2.2,3.4,3.25
2018,2019-02-09,MGL,HERT,0.0,3.0,-1,0.0,3.0,1.57,4.2,5.5
2018,2019-02-09,RBL,EINF,0.0,0.0,0,1.0,1.0,1.83,4.0,4.0
2018,2019-02-08,MAI,LEVK,1.0,5.0,-1,0.0,3.0,3.8,3.8,1.9
2018,2019-02-03,AUG,MAI,3.0,0.0,1,3.0,0.0,2.1,3.5,3.4
2018,2019-02-03,STU,FRE,2.0,2.0,0,1.0,1.0,2.15,3.4,3.4
2018,2019-02-02,EINF,DOR,1.0,1.0,0,1.0,1.0,3.3,3.6,2.15
2018,2019-02-02,HERT,WOB,0.0,1.0,-1,0.0,3.0,2.3,3.3,3.25
2018,2019-02-02,HOF,FORD,1.0,1.0,0,1.0,1.0,1.44,4.5,6.5
2018,2019-02-02,LEVK,BAY,3.0,1.0,1,3.0,0.0,5.5,4.5,1.55
2018,2019-02-02,NUR,WERB,1.0,1.0,0,1.0,1.0,3.75,3.6,2.0
2018,2019-02-02,SCH,MGL,0.0,2.0,-1,0.0,3.0,2.4,3.4,3.0
2018,2019-02-01,HAN,RBL,0.0,3.0,-1,0.0,3.0,5.5,4.33,1.53
2018,2019-01-27,BAY,STU,4.0,1.0,1,3.0,0.0,1.08,13.0,21.0
2018,2019-01-27,FORD,RBL,0.0,4.0,-1,0.0,3.0,4.0,3.6,1.9
2018,2019-01-26,DOR,HAN,5.0,1.0,1,3.0,0.0,1.16,7.5,15.0
2018,2019-01-26,FRE,HOF,2.0,4.0,-1,0.0,3.0,3.5,4.0,1.95
2018,2019-01-26,MAI,NUR,2.0,1.0,1,3.0,0.0,1.66,3.8,5.25
2018,2019-01-26,MGL,AUG,2.0,0.0,1,3.0,0.0,1.66,4.0,5.0
2018,2019-01-26,WERB,EINF,2.0,2.0,0,1.0,1.0,2.55,3.5,2.7
2018,2019-01-26,WOB,LEVK,0.0,3.0,-1,0.0,3.0,2.62,3.5,2.6
2018,2019-01-25,HERT,SCH,2.0,2.0,0,1.0,1.0,2.5,3.25,2.87
2018,2019-01-20,NUR,HERT,1.0,3.0,-1,0.0,3.0,3.5,3.4,2.1
2018,2019-01-20,SCH,WOB,2.0,1.0,1,3.0,0.0,2.2,3.3,3.4
2018,2019-01-19,AUG,FORD,1.0,2.0,-1,0.0,3.0,1.9,3.6,4.0
2018,2019-01-19,EINF,FRE,3.0,1.0,1,3.0,0.0,1.65,4.0,5.25
2018,2019-01-19,HAN,WERB,0.0,1.0,-1,0.0,3.0,3.25,3.6,2.15
2018,2019-01-19,LEVK,MGL,0.0,1.0,-1,0.0,3.0,2.0,3.7,3.6
2018,2019-01-19,RBL,DOR,0.0,1.0,-1,0.0,3.0,2.5,3.5,2.75
2018,2019-01-19,STU,MAI,2.0,3.0,-1,0.0,3.0,2.4,3.3,2.9
2018,2019-01-18,HOF,BAY,1.0,3.0,-1,0.0,3.0,6.0,5.0,1.44
2018,2018-12-23,AUG,WOB,2.0,3.0,-1,0.0,3.0,2.6,3.3,2.75
2018,2018-12-23,HOF,MAI,1.0,1.0,0,1.0,1.0,1.44,4.5,6.5
2018,2018-12-22,EINF,BAY,0.0,3.0,-1,0.0,3.0,5.75,4.75,1.5
2018,2018-12-22,HAN,FORD,0.0,1.0,-1,0.0,3.0,2.2,3.4,3.3
2018,2018-12-22,LEVK,HERT,3.0,1.0,1,3.0,0.0,1.72,4.0,4.5
2018,2018-12-22,NUR,FRE,0.0,1.0,-1,0.0,3.0,2.62,3.3,2.7
2018,2018-12-22,RBL,WERB,3.0,2.0,1,3.0,0.0,1.44,4.5,7.0
2018,2018-12-22,STU,SCH,1.0,3.0,-1,0.0,3.0,3.2,3.3,2.3
2018,2018-12-21,DOR,MGL,2.0,1.0,1,3.0,0.0,1.5,4.5,5.75
2018,2018-12-19,BAY,RBL,1.0,0.0,1,3.0,0.0,1.36,5.25,8.0
2018,2018-12-19,FRE,HAN,1.0,1.0,0,1.0,1.0,1.85,3.6,4.0
2018,2018-12-19,MAI,EINF,2.0,2.0,0,1.0,1.0,3.2,3.5,2.2
2018,2018-12-19,SCH,LEVK,1.0,2.0,-1,0.0,3.0,2.4,3.5,2.9
2018,2018-12-19,WERB,HOF,1.0,1.0,0,1.0,1.0,3.1,4.2,2.04
2018,2018-12-18,FORD,DOR,2.0,1.0,1,3.0,0.0,7.0,4.5,1.44
2018,2018-12-18,HERT,AUG,2.0,2.0,0,1.0,1.0,2.3,3.4,3.1
2018,2018-12-18,MGL,NUR,2.0,0.0,1,3.0,0.0,1.36,5.5,7.0
2018,2018-12-18,WOB,STU,2.0,0.0,1,3.0,0.0,1.66,3.75,5.5
2018,2018-12-16,EINF,LEVK,2.0,1.0,1,3.0,0.0,2.4,3.5,2.87
2018,2018-12-16,RBL,MAI,4.0,1.0,1,3.0,0.0,1.4,4.75,7.5
2018,2018-12-15,AUG,SCH,1.0,1.0,0,1.0,1.0,2.5,3.25,2.9
2018,2018-12-15,DOR,WERB,2.0,1.0,1,3.0,0.0,1.36,5.25,8.0
2018,2018-12-15,FORD,FRE,2.0,0.0,1,3.0,0.0,2.75,3.3,2.6
2018,2018-12-15,HAN,BAY,0.0,4.0,-1,0.0,3.0,11.0,7.0,1.22
2018,2018-12-15,HOF,MGL,0.0,0.0,0,1.0,1.0,1.9,4.0,3.6
2018,2018-12-15,STU,HERT,2.0,1.0,1,3.0,0.0,2.7,3.4,2.62
2018,2018-12-14,NUR,WOB,0.0,2.0,-1,0.0,3.0,3.6,3.5,2.04
2018,2018-12-09,MAI,HAN,1.0,1.0,0,1.0,1.0,1.9,3.6,4.0
2018,2018-12-09,MGL,STU,3.0,0.0,1,3.0,0.0,1.44,4.33,7.0
2018,2018-12-08,BAY,NUR,3.0,0.0,1,3.0,0.0,1.08,11.0,34.0
2018,2018-12-08,FRE,RBL,3.0,0.0,1,3.0,0.0,4.0,4.0,1.83
2018,2018-12-08,HERT,EINF,1.0,0.0,1,3.0,0.0,2.45,3.3,2.9
2018,2018-12-08,LEVK,AUG,1.0,0.0,1,3.0,0.0,1.66,4.0,5.0
2018,2018-12-08,SCH,DOR,1.0,2.0,-1,0.0,3.0,3.3,3.4,2.2
2018,2018-12-08,WOB,HOF,2.0,2.0,0,1.0,1.0,3.0,3.6,2.3
2018,2018-12-07,WERB,FORD,3.0,1.0,1,3.0,0.0,1.72,4.0,4.5
2018,2018-12-03,NUR,LEVK,1.0,1.0,0,1.0,1.0,4.2,4.0,1.8
2018,2018-12-02,EINF,WOB,1.0,2.0,-1,0.0,3.0,1.8,4.0,4.1
2018,2018-12-02,RBL,MGL,2.0,0.0,1,3.0,0.0,1.9,3.75,3.75
2018,2018-12-01,DOR,FRE,2.0,0.0,1,3.0,0.0,1.28,5.5,11.0
2018,2018-12-01,HAN,HERT,0.0,2.0,-1,0.0,3.0,2.7,3.4,2.6
2018,2018-12-01,HOF,SCH,1.0,1.0,0,1.0,1.0,1.8,3.8,4.33
2018,2018-12-01,STU,AUG,1.0,0.0,1,3.0,0.0,2.6,3.3,2.75
2018,2018-12-01,WERB,BAY,1.0,2.0,-1,0.0,3.0,7.0,5.25,1.4
2018,2018-11-30,FORD,MAI,0.0,1.0,-1,0.0,3.0,2.7,3.3,2.6
2018,2018-11-25,FRE,WERB,1.0,1.0,0,1.0,1.0,2.87,3.3,2.5
2018,2018-11-25,MGL,HAN,4.0,1.0,1,3.0,0.0,1.44,4.5,7.0
2018,2018-11-24,AUG,EINF,1.0,3.0,-1,0.0,3.0,2.62,3.5,2.62
2018,2018-11-24,BAY,FORD,3.0,3.0,0,1.0,1.0,1.08,11.0,26.0
2018,2018-11-24,HERT,HOF,3.0,3.0,0,1.0,1.0,3.4,3.75,2.04
2018,2018-11-24,MAI,DOR,1.0,2.0,-1,0.0,3.0,5.5,4.0,1.6
2018,2018-11-24,SCH,NUR,5.0,2.0,1,3.0,0.0,1.53,4.0,7.0
2018,2018-11-24,WOB,RBL,1.0,0.0,1,3.0,0.0,3.5,3.5,2.1
2018,2018-11-23,LEVK,STU,2.0,0.0,1,3.0,0.0,1.5,4.5,6.0
2018,2018-11-11,EINF,SCH,3.0,0.0,1,3.0,0.0,2.2,3.3,3.4
2018,2018-11-11,RBL,LEVK,3.0,0.0,1,3.0,0.0,1.8,4.0,4.0
2018,2018-11-10,DOR,BAY,3.0,2.0,1,3.0,0.0,3.1,3.8,2.1
2018,2018-11-10,FORD,HERT,4.0,1.0,1,3.0,0.0,3.6,3.4,2.1
2018,2018-11-10,FRE,MAI,1.0,3.0,-1,0.0,3.0,2.0,3.4,3.75
2018,2018-11-10,HOF,AUG,2.0,1.0,1,3.0,0.0,1.61,4.33,5.0
2018,2018-11-10,NUR,STU,0.0,2.0,-1,0.0,3.0,2.4,3.25,3.1
2018,2018-11-10,WERB,MGL,1.0,3.0,-1,0.0,3.0,2.4,3.5,2.75
2018,2018-11-09,HAN,WOB,2.0,1.0,1,3.0,0.0,2.9,3.3,2.37
2018,2018-11-04,MAI,WERB,2.0,1.0,1,3.0,0.0,3.0,3.4,2.37
2018,2018-11-04,MGL,FORD,3.0,0.0,1,3.0,0.0,1.36,4.75,8.0
2018,2018-11-03,AUG,NUR,2.0,2.0,0,1.0,1.0,1.6,3.8,6.0
2018,2018-11-03,BAY,FRE,1.0,1.0,0,1.0,1.0,1.11,10.0,21.0
2018,2018-11-03,HERT,RBL,0.0,3.0,-1,0.0,3.0,3.2,3.4,2.25
2018,2018-11-03,LEVK,HOF,1.0,4.0,-1,0.0,3.0,2.1,4.0,3.1
2018,2018-11-03,SCH,HAN,3.0,1.0,1,3.0,0.0,1.61,3.8,6.0
2018,2018-11-03,WOB,DOR,0.0,1.0,-1,0.0,3.0,3.8,3.8,1.9
2018,2018-11-02,STU,EINF,0.0,3.0,-1,0.0,3.0,3.0,3.5,2.3
2018,2018-10-28,NUR,EINF,1.0,1.0,0,1.0,1.0,3.3,3.5,2.14
2018,2018-10-28,RBL,SCH,0.0,0.0,0,1.0,1.0,1.75,3.6,4.75
2018,2018-10-28,WERB,LEVK,2.0,6.0,-1,0.0,3.0,2.3,3.4,3.1
2018,2018-10-27,DOR,HERT,2.0,2.0,0,1.0,1.0,1.4,4.75,8.0
2018,2018-10-27,FORD,WOB,0.0,3.0,-1,0.0,3.0,3.0,3.4,2.37
2018,2018-10-27,HAN,AUG,1.0,2.0,-1,0.0,3.0,2.6,3.3,2.75
2018,2018-10-27,HOF,STU,4.0,0.0,1,3.0,0.0,1.57,4.33,5.5
2018,2018-10-27,MAI,BAY,1.0,2.0,-1,0.0,3.0,11.0,6.5,1.25
2018,2018-10-26,FRE,MGL,3.0,1.0,1,3.0,0.0,3.5,3.6,2.0
2018,2018-10-21,HERT,FRE,1.0,1.0,0,1.0,1.0,1.85,3.6,4.33
2018,2018-10-21,MGL,MAI,4.0,0.0,1,3.0,0.0,1.61,4.33,5.0
2018,2018-10-20,AUG,RBL,0.0,0.0,0,1.0,1.0,3.0,3.5,2.3
2018,2018-10-20,LEVK,HAN,2.0,2.0,0,1.0,1.0,1.5,4.33,6.5
2018,2018-10-20,NUR,HOF,1.0,3.0,-1,0.0,3.0,3.75,3.8,1.9
2018,2018-10-20,SCH,WERB,0.0,2.0,-1,0.0,3.0,2.04,3.4,3.75
2018,2018-10-20,STU,DOR,0.0,4.0,-1,0.0,3.0,4.2,3.75,1.83
2018,2018-10-20,WOB,BAY,1.0,3.0,-1,0.0,3.0,8.5,5.0,1.36
2018,2018-10-19,EINF,FORD,7.0,1.0,1,3.0,0.0,1.61,3.8,5.75
2018,2018-10-07,FRE,LEVK,0.0,0.0,0,1.0,1.0,3.4,3.4,2.14
2018,2018-10-07,HOF,EINF,1.0,2.0,-1,0.0,3.0,1.72,3.8,4.75
2018,2018-10-07,RBL,NUR,6.0,0.0,1,3.0,0.0,1.44,4.75,7.0
2018,2018-10-06,BAY,MGL,0.0,3.0,-1,0.0,3.0,1.2,7.0,13.0
2018,2018-10-06,DOR,AUG,4.0,3.0,1,3.0,0.0,1.44,4.75,7.0
2018,2018-10-06,FORD,SCH,0.0,2.0,-1,0.0,3.0,3.6,3.4,2.1
2018,2018-10-06,HAN,STU,3.0,1.0,1,3.0,0.0,2.5,3.3,2.87
2018,2018-10-06,MAI,HERT,0.0,0.0,0,1.0,1.0,2.7,3.2,2.7
2018,2018-10-05,WERB,WOB,2.0,0.0,1,3.0,0.0,1.95,3.5,4.0
2018,2018-09-30,AUG,FRE,4.0,1.0,1,3.0,0.0,1.9,3.4,4.33
2018,2018-09-30,EINF,HAN,4.0,1.0,1,3.0,0.0,1.9,3.6,4.0
2018,2018-09-29,HOF,RBL,1.0,2.0,-1,0.0,3.0,2.04,3.75,3.4
2018,2018-09-29,LEVK,DOR,2.0,4.0,-1,0.0,3.0,2.8,3.5,2.4
2018,2018-09-29,NUR,FORD,3.0,0.0,1,3.0,0.0,2.14,3.4,3.4
2018,2018-09-29,SCH,MAI,1.0,0.0,1,3.0,0.0,1.64,3.75,5.5
2018,2018-09-29,STU,WERB,2.0,1.0,1,3.0,0.0,2.7,3.25,2.7
2018,2018-09-29,WOB,MGL,2.0,2.0,0,1.0,1.0,2.3,3.4,3.1
2018,2018-09-28,HERT,BAY,2.0,0.0,1,3.0,0.0,10.0,5.75,1.28
2018,2018-09-26,DOR,NUR,7.0,0.0,1,3.0,0.0,1.3,5.5,10.0
2018,2018-09-26,FORD,LEVK,1.0,2.0,-1,0.0,3.0,3.75,3.75,1.95
2018,2018-09-26,MAI,WOB,0.0,0.0,0,1.0,1.0,2.6,3.25,2.8
2018,2018-09-26,MGL,EINF,3.0,1.0,1,3.0,0.0,1.75,3.8,4.75
2018,2018-09-26,RBL,STU,2.0,0.0,1,3.0,0.0,1.72,3.8,4.75
2018,2018-09-25,BAY,AUG,1.0,1.0,0,1.0,1.0,1.1,10.0,23.0
2018,2018-09-25,FRE,SCH,1.0,0.0,1,3.0,0.0,3.5,3.2,2.14
2018,2018-09-25,HAN,HOF,1.0,3.0,-1,0.0,3.0,3.5,3.6,2.04
2018,2018-09-25,WERB,HERT,3.0,1.0,1,3.0,0.0,2.0,3.5,3.8
2018,2018-09-23,EINF,RBL,1.0,1.0,0,1.0,1.0,2.9,3.4,2.35
2018,2018-09-23,LEVK,MAI,1.0,0.0,1,3.0,0.0,1.57,4.33,5.5
2018,2018-09-22,AUG,WERB,2.0,3.0,-1,0.0,3.0,2.5,3.25,2.9
2018,2018-09-22,HERT,MGL,4.0,2.0,1,3.0,0.0,2.37,3.3,3.1
2018,2018-09-22,HOF,DOR,1.0,1.0,0,1.0,1.0,2.62,3.75,2.4
2018,2018-09-22,NUR,HAN,2.0,0.0,1,3.0,0.0,2.5,3.25,2.9
2018,2018-09-22,SCH,BAY,0.0,2.0,-1,0.0,3.0,8.0,4.5,1.4
2018,2018-09-22,WOB,FRE,1.0,3.0,-1,0.0,3.0,1.72,3.6,5.25
2018,2018-09-21,STU,FORD,0.0,0.0,0,1.0,1.0,1.72,3.6,5.25
2018,2018-09-16,FRE,STU,3.0,3.0,0,1.0,1.0,2.62,3.25,2.75
2018,2018-09-16,WERB,NUR,1.0,1.0,0,1.0,1.0,1.66,4.0,5.0
2018,2018-09-15,BAY,LEVK,3.0,1.0,1,3.0,0.0,1.2,7.0,13.0
2018,2018-09-15,FORD,HOF,2.0,1.0,1,3.0,0.0,4.0,3.6,1.9
2018,2018-09-15,MAI,AUG,2.0,1.0,1,3.0,0.0,2.54,3.25,2.87
2018,2018-09-15,MGL,SCH,2.0,1.0,1,3.0,0.0,2.37,3.4,3.0
2018,2018-09-15,RBL,HAN,3.0,2.0,1,3.0,0.0,1.53,4.33,5.5
2018,2018-09-15,WOB,HERT,2.0,2.0,0,1.0,1.0,2.1,3.25,3.75
2018,2018-09-14,DOR,EINF,3.0,1.0,1,3.0,0.0,1.4,5.0,7.5
2018,2018-09-02,RBL,FORD,1.0,1.0,0,1.0,1.0,1.4,4.75,8.0
2018,2018-09-02,SCH,HERT,0.0,2.0,-1,0.0,3.0,1.75,3.6,5.0
2018,2018-09-01,AUG,MGL,1.0,1.0,0,1.0,1.0,2.62,3.4,2.7
2018,2018-09-01,EINF,WERB,1.0,2.0,-1,0.0,3.0,2.4,3.5,2.9
2018,2018-09-01,HOF,FRE,3.0,1.0,1,3.0,0.0,1.55,4.0,6.5
2018,2018-09-01,LEVK,WOB,1.0,3.0,-1,0.0,3.0,1.61,4.33,5.0
2018,2018-09-01,NUR,MAI,1.0,1.0,0,1.0,1.0,2.37,3.3,3.1
2018,2018-09-01,STU,BAY,0.0,3.0,-1,0.0,3.0,11.0,5.5,1.28
2018,2018-08-31,HAN,DOR,0.0,0.0,0,1.0,1.0,5.5,4.33,1.57
2018,2018-08-26,DOR,RBL,4.0,1.0,1,3.0,0.0,1.72,3.8,4.75
2018,2018-08-26,MAI,STU,1.0,0.0,1,3.0,0.0,2.7,3.25,2.7
2018,2018-08-25,FORD,AUG,1.0,2.0,-1,0.0,3.0,2.37,3.25,3.0
2018,2018-08-25,FRE,EINF,0.0,2.0,-1,0.0,3.0,2.3,3.3,3.25
2018,2018-08-25,HERT,NUR,1.0,0.0,1,3.0,0.0,2.04,3.4,3.75
2018,2018-08-25,MGL,LEVK,2.0,0.0,1,3.0,0.0,2.8,3.5,2.45
2018,2018-08-25,WERB,HAN,1.0,1.0,0,1.0,1.0,1.85,3.6,4.0
2018,2018-08-25,WOB,SCH,2.0,1.0,1,3.0,0.0,3.1,3.3,2.37
2018,2018-08-24,BAY,HOF,3.0,1.0,1,3.0,0.0,1.2,7.5,12.0
2017,2018-05-12,BAY,STU,1.0,4.0,-1,0.0,3.0,1.16,8.0,15.0
2017,2018-05-12,FRE,AUG,2.0,0.0,1,3.0,0.0,1.95,3.39,4.0
2017,2018-05-12,HAM,MGL,2.0,1.0,1,3.0,0.0,2.29,3.5,3.0
2017,2018-05-12,HERT,RBL,2.0,6.0,-1,0.0,3.0,4.2,3.75,1.85
2017,2018-05-12,HOF,DOR,3.0,1.0,1,3.0,0.0,2.2,3.79,3.0
2017,2018-05-12,LEVK,HAN,3.0,2.0,1,3.0,0.0,1.19,7.0,13.0
2017,2018-05-12,MAI,WERB,1.0,2.0,-1,0.0,3.0,2.29,3.6,3.0
2017,2018-05-12,SCH,EINF,1.0,0.0,1,3.0,0.0,2.29,3.5,3.0
2017,2018-05-12,WOB,KOL,4.0,1.0,1,3.0,0.0,1.64,4.0,5.25
2017,2018-05-05,AUG,SCH,1.0,2.0,-1,0.0,3.0,3.6,3.29,2.1
2017,2018-05-05,DOR,MAI,1.0,2.0,-1,0.0,3.0,1.3,5.5,10.0
2017,2018-05-05,EINF,HAM,3.0,0.0,1,3.0,0.0,1.95,3.5,4.0
2017,2018-05-05,KOL,BAY,1.0,3.0,-1,0.0,3.0,11.0,6.5,1.25
2017,2018-05-05,HAN,HERT,3.0,1.0,1,3.0,0.0,2.7,3.39,2.62
2017,2018-05-05,MGL,FRE,3.0,1.0,1,3.0,0.0,1.8,3.6,4.75
2017,2018-05-05,RBL,WOB,4.0,1.0,1,3.0,0.0,1.61,4.0,5.5
2017,2018-05-05,STU,HOF,2.0,0.0,1,3.0,0.0,3.1,3.75,2.14
2017,2018-05-05,WERB,LEVK,0.0,0.0,0,1.0,1.0,3.79,4.0,1.85
2017,2018-04-29,MAI,RBL,3.0,0.0,1,3.0,0.0,3.75,3.39,2.04
2017,2018-04-29,WERB,DOR,1.0,1.0,0,1.0,1.0,3.79,3.75,1.9
2017,2018-04-28,BAY,EINF,4.0,1.0,1,3.0,0.0,1.6,4.33,5.25
2017,2018-04-28,FRE,KOL,3.0,2.0,1,3.0,0.0,2.1,3.39,3.6
2017,2018-04-28,HERT,AUG,2.0,2.0,0,1.0,1.0,2.04,3.25,3.79
2017,2018-04-28,LEVK,STU,0.0,1.0,-1,0.0,3.0,1.39,4.75,8.0
2017,2018-04-28,SCH,MGL,1.0,1.0,0,1.0,1.0,1.85,3.6,4.2
2017,2018-04-28,WOB,HAM,1.0,3.0,-1,0.0,3.0,2.2,3.39,3.29
2017,2018-04-27,HOF,HAN,3.0,1.0,1,3.0,0.0,1.28,6.0,9.5
2017,2018-04-22,AUG,MAI,2.0,0.0,1,3.0,0.0,2.2,3.29,3.39
2017,2018-04-22,KOL,SCH,2.0,2.0,0,1.0,1.0,3.75,3.5,2.0
2017,2018-04-21,DOR,LEVK,4.0,0.0,1,3.0,0.0,2.29,3.5,3.0
2017,2018-04-21,EINF,HERT,0.0,3.0,-1,0.0,3.0,1.95,3.39,4.2
2017,2018-04-21,HAM,FRE,1.0,0.0,1,3.0,0.0,2.04,3.39,3.75
2017,2018-04-21,HAN,BAY,0.0,3.0,-1,0.0,3.0,6.25,4.59,1.44
2017,2018-04-21,RBL,HOF,2.0,5.0,-1,0.0,3.0,2.04,3.75,3.39
2017,2018-04-21,STU,WERB,2.0,0.0,1,3.0,0.0,2.39,3.29,3.0
2017,2018-04-20,MGL,WOB,3.0,0.0,1,3.0,0.0,1.8,3.79,4.5
2017,2018-04-16,MAI,FRE,2.0,0.0,1,3.0,0.0,2.29,3.29,3.2
2017,2018-04-15,SCH,DOR,2.0,0.0,1,3.0,0.0,2.54,3.39,2.7
2017,2018-04-15,WERB,RBL,1.0,1.0,0,1.0,1.0,2.79,3.5,2.45
2017,2018-04-14,BAY,MGL,5.0,1.0,1,3.0,0.0,1.33,5.75,8.0
2017,2018-04-14,HERT,KOL,2.0,1.0,1,3.0,0.0,1.95,3.6,3.79
2017,2018-04-14,HOF,HAM,2.0,0.0,1,3.0,0.0,1.5,4.33,6.5
2017,2018-04-14,LEVK,EINF,4.0,1.0,1,3.0,0.0,1.8,3.79,4.33
2017,2018-04-14,STU,HAN,1.0,1.0,0,1.0,1.0,1.9,3.6,4.0
2017,2018-04-13,WOB,AUG,0.0,0.0,0,1.0,1.0,2.14,3.29,3.6
2017,2018-04-09,RBL,LEVK,1.0,4.0,-1,0.0,3.0,2.29,3.5,3.0
2017,2018-04-08,DOR,STU,3.0,0.0,1,3.0,0.0,1.61,4.0,5.5
2017,2018-04-08,EINF,HOF,1.0,1.0,0,1.0,1.0,2.39,3.39,3.0
2017,2018-04-07,AUG,BAY,1.0,4.0,-1,0.0,3.0,6.5,4.33,1.5
2017,2018-04-07,KOL,MAI,1.0,1.0,0,1.0,1.0,2.0,3.5,3.75
2017,2018-04-07,FRE,WOB,0.0,2.0,-1,0.0,3.0,2.5,3.1,3.1
2017,2018-04-07,HAM,SCH,3.0,2.0,1,3.0,0.0,4.33,3.39,1.9
2017,2018-04-07,MGL,HERT,2.0,1.0,1,3.0,0.0,1.7,3.5,5.75
2017,2018-04-06,HAN,WERB,2.0,1.0,1,3.0,0.0,2.89,3.5,2.37
2017,2018-04-01,MAI,MGL,0.0,0.0,0,1.0,1.0,2.45,3.39,2.75
2017,2018-04-01,WERB,EINF,2.0,1.0,1,3.0,0.0,2.37,3.25,3.0
2017,2018-03-31,BAY,DOR,6.0,0.0,1,3.0,0.0,1.36,5.0,8.0
2017,2018-03-31,HAN,RBL,2.0,3.0,-1,0.0,3.0,3.89,3.6,1.95
2017,2018-03-31,HERT,WOB,0.0,0.0,0,1.0,1.0,2.04,3.29,3.6
2017,2018-03-31,HOF,KOL,6.0,0.0,1,3.0,0.0,1.53,4.5,5.75
2017,2018-03-31,LEVK,AUG,0.0,0.0,0,1.0,1.0,1.44,4.5,6.5
2017,2018-03-31,SCH,FRE,2.0,0.0,1,3.0,0.0,1.55,3.79,6.5
2017,2018-03-31,STU,HAM,1.0,1.0,0,1.0,1.0,1.72,3.6,4.75
2017,2018-03-18,DOR,HAN,1.0,0.0,1,3.0,0.0,1.44,4.75,7.0
2017,2018-03-18,KOL,LEVK,2.0,0.0,1,3.0,0.0,5.0,3.75,1.72
2017,2018-03-18,RBL,BAY,2.0,1.0,1,3.0,0.0,5.0,4.33,1.6
2017,2018-03-17,AUG,WERB,1.0,3.0,-1,0.0,3.0,2.5,3.1,3.1
2017,2018-03-17,EINF,MAI,3.0,0.0,1,3.0,0.0,1.61,3.79,6.0
2017,2018-03-17,HAM,HERT,1.0,2.0,-1,0.0,3.0,2.54,3.0,3.0
2017,2018-03-17,MGL,HOF,3.0,3.0,0,1.0,1.0,2.75,3.39,2.54
2017,2018-03-17,WOB,SCH,0.0,1.0,-1,0.0,3.0,3.5,3.25,2.2
2017,2018-03-16,FRE,STU,1.0,2.0,-1,0.0,3.0,2.62,3.2,2.79
2017,2018-03-12,WERB,KOL,3.0,1.0,1,3.0,0.0,1.83,3.75,4.2
2017,2018-03-11,DOR,EINF,3.0,2.0,1,3.0,0.0,1.75,3.6,5.0
2017,2018-03-11,STU,RBL,0.0,0.0,0,1.0,1.0,2.62,3.39,2.62
2017,2018-03-10,BAY,HAM,6.0,0.0,1,3.0,0.0,1.12,9.0,21.0
2017,2018-03-10,HAN,AUG,1.0,3.0,-1,0.0,3.0,2.14,3.39,3.39
2017,2018-03-10,HERT,FRE,0.0,0.0,0,1.0,1.0,2.1,3.25,3.79
2017,2018-03-10,HOF,WOB,3.0,0.0,1,3.0,0.0,1.66,4.0,5.0
2017,2018-03-10,LEVK,MGL,2.0,0.0,1,3.0,0.0,1.7,3.89,5.0
2017,2018-03-09,MAI,SCH,0.0,1.0,-1,0.0,3.0,3.6,3.29,2.1
2017,2018-03-04,KOL,STU,2.0,3.0,-1,0.0,3.0,2.45,3.25,3.0
2017,2018-03-04,FRE,BAY,0.0,4.0,-1,0.0,3.0,10.0,5.5,1.3
2017,2018-03-03,AUG,HOF,0.0,2.0,-1,0.0,3.0,2.89,3.39,2.45
2017,2018-03-03,EINF,HAN,1.0,0.0,1,3.0,0.0,1.75,3.6,5.0
2017,2018-03-03,HAM,MAI,0.0,0.0,0,1.0,1.0,2.25,3.29,3.39
2017,2018-03-03,RBL,DOR,1.0,1.0,0,1.0,1.0,2.39,3.5,2.87
2017,2018-03-03,SCH,HERT,1.0,0.0,1,3.0,0.0,1.66,3.6,6.0
2017,2018-03-03,WOB,LEVK,1.0,2.0,-1,0.0,3.0,3.29,3.39,2.2
2017,2018-03-02,MGL,WERB,2.0,2.0,0,1.0,1.0,1.95,3.5,4.0
2017,2018-02-26,DOR,AUG,1.0,1.0,0,1.0,1.0,1.44,4.5,7.0
2017,2018-02-25,LEVK,SCH,0.0,2.0,-1,0.0,3.0,1.9,3.6,4.0
2017,2018-02-25,RBL,KOL,1.0,2.0,-1,0.0,3.0,1.55,4.0,6.5
2017,2018-02-24,BAY,HERT,0.0,0.0,0,1.0,1.0,1.16,7.5,17.0
2017,2018-02-24,HAN,MGL,0.0,1.0,-1,0.0,3.0,2.62,3.39,2.7
2017,2018-02-24,HOF,FRE,1.0,1.0,0,1.0,1.0,1.66,4.2,4.75
2017,2018-02-24,STU,EINF,1.0,0.0,1,3.0,0.0,2.37,3.2,3.25
2017,2018-02-24,WERB,HAM,1.0,0.0,1,3.0,0.0,1.83,3.6,4.5
2017,2018-02-23,MAI,WOB,1.0,1.0,0,1.0,1.0,2.14,3.39,3.5
2017,2018-02-19,EINF,RBL,2.0,1.0,1,3.0,0.0,2.5,3.39,2.79
2017,2018-02-18,AUG,STU,0.0,1.0,-1,0.0,3.0,2.04,3.39,3.75
2017,2018-02-18,MGL,DOR,0.0,1.0,-1,0.0,3.0,3.0,3.6,2.29
2017,2018-02-17,KOL,HAN,1.0,1.0,0,1.0,1.0,2.29,3.39,3.1
2017,2018-02-17,FRE,WERB,1.0,0.0,1,3.0,0.0,2.5,3.29,2.89
2017,2018-02-17,HAM,LEVK,1.0,2.0,-1,0.0,3.0,3.79,3.5,2.0
2017,2018-02-17,SCH,HOF,2.0,1.0,1,3.0,0.0,2.1,3.5,3.5
2017,2018-02-17,WOB,BAY,1.0,2.0,-1,0.0,3.0,8.5,5.0,1.36
2017,2018-02-16,HERT,MAI,0.0,2.0,-1,0.0,3.0,2.0,3.39,4.0
2017,2018-02-11,STU,MGL,1.0,0.0,1,3.0,0.0,2.5,3.39,2.79
2017,2018-02-11,WERB,WOB,3.0,1.0,1,3.0,0.0,2.14,3.39,3.39
2017,2018-02-10,BAY,SCH,2.0,1.0,1,3.0,0.0,1.28,6.0,9.5
2017,2018-02-10,DOR,HAM,2.0,0.0,1,3.0,0.0,1.33,5.25,9.0
2017,2018-02-10,EINF,KOL,4.0,2.0,1,3.0,0.0,1.9,3.5,4.2
2017,2018-02-10,HAN,FRE,2.0,1.0,1,3.0,0.0,2.1,3.5,3.5
2017,2018-02-10,HOF,MAI,4.0,2.0,1,3.0,0.0,1.61,4.0,5.25
2017,2018-02-10,LEVK,HERT,0.0,2.0,-1,0.0,3.0,1.53,4.33,6.0
2017,2018-02-09,RBL,AUG,2.0,0.0,1,3.0,0.0,1.7,3.79,5.0
2017,2018-02-04,AUG,EINF,3.0,0.0,1,3.0,0.0,2.35,3.29,3.1
2017,2018-02-04,HAM,HAN,1.0,1.0,0,1.0,1.0,2.25,3.29,3.29
2017,2018-02-03,FRE,LEVK,0.0,0.0,0,1.0,1.0,4.0,3.79,1.85
2017,2018-02-03,HERT,HOF,1.0,1.0,0,1.0,1.0,2.62,3.29,2.75
2017,2018-02-03,MAI,BAY,0.0,2.0,-1,0.0,3.0,10.0,5.25,1.3
2017,2018-02-03,MGL,RBL,0.0,1.0,-1,0.0,3.0,2.5,3.39,2.79
2017,2018-02-03,SCH,WERB,1.0,2.0,-1,0.0,3.0,1.75,3.79,4.75
2017,2018-02-03,WOB,STU,1.0,1.0,0,1.0,1.0,2.25,3.29,3.29
2017,2018-02-02,KOL,DOR,2.0,3.0,-1,0.0,3.0,5.0,3.79,1.7
2017,2018-01-28,HAN,WOB,0.0,1.0,-1,0.0,3.0,2.29,3.39,3.1
2017,2018-01-28,LEVK,MAI,2.0,0.0,1,3.0,0.0,1.39,5.0,7.5
2017,2018-01-27,BAY,HOF,5.0,2.0,1,3.0,0.0,1.19,7.0,13.0
2017,2018-01-27,DOR,FRE,2.0,2.0,0,1.0,1.0,1.39,5.0,7.5
2017,2018-01-27,KOL,AUG,1.0,1.0,0,1.0,1.0,2.79,3.25,2.6
2017,2018-01-27,RBL,HAM,1.0,1.0,0,1.0,1.0,1.5,4.2,7.0
2017,2018-01-27,STU,SCH,0.0,2.0,-1,0.0,3.0,2.89,3.25,2.5
2017,2018-01-27,WERB,HERT,0.0,0.0,0,1.0,1.0,2.2,3.39,3.29
2017,2018-01-26,EINF,MGL,2.0,0.0,1,3.0,0.0,2.45,3.39,2.89
2017,2018-01-21,BAY,WERB,4.0,2.0,1,3.0,0.0,1.12,10.0,17.0
2017,2018-01-21,SCH,HAN,1.0,1.0,0,1.0,1.0,1.57,3.79,6.5
2017,2018-01-20,FRE,RBL,2.0,1.0,1,3.0,0.0,3.5,3.5,2.1
2017,2018-01-20,HAM,KOL,0.0,2.0,-1,0.0,3.0,2.2,3.29,3.39
2017,2018-01-20,HOF,LEVK,1.0,4.0,-1,0.0,3.0,2.87,3.6,2.37
2017,2018-01-20,MAI,STU,3.0,2.0,1,3.0,0.0,2.6,3.2,2.87
2017,2018-01-20,MGL,AUG,2.0,0.0,1,3.0,0.0,2.1,3.6,3.39
2017,2018-01-20,WOB,EINF,1.0,3.0,-1,0.0,3.0,2.2,3.2,3.6
2017,2018-01-19,HERT,DOR,1.0,1.0,0,1.0,1.0,3.29,3.39,2.2
2017,2018-01-14,DOR,WOB,0.0,0.0,0,1.0,1.0,1.39,5.0,7.5
2017,2018-01-14,KOL,MGL,2.0,1.0,1,3.0,0.0,3.29,3.5,2.14
2017,2018-01-13,AUG,HAM,1.0,0.0,1,3.0,0.0,1.95,3.39,4.2
2017,2018-01-13,EINF,FRE,1.0,1.0,0,1.0,1.0,1.85,3.5,4.5
2017,2018-01-13,HAN,MAI,3.0,2.0,1,3.0,0.0,2.2,3.39,3.29
2017,2018-01-13,RBL,SCH,3.0,1.0,1,3.0,0.0,2.1,3.39,3.6
2017,2018-01-13,STU,HERT,1.0,0.0,1,3.0,0.0,2.14,3.29,3.6
2017,2018-01-13,WERB,HOF,1.0,1.0,0,1.0,1.0,2.6,3.39,2.75
2017,2018-01-12,LEVK,BAY,1.0,3.0,-1,0.0,3.0,4.2,3.79,1.83
2017,2017-12-17,HAN,LEVK,4.0,4.0,0,1.0,1.0,4.33,3.79,1.8
2017,2017-12-17,RBL,HERT,2.0,3.0,-1,0.0,3.0,1.57,3.79,6.0
2017,2017-12-16,AUG,FRE,3.0,3.0,0,1.0,1.0,1.75,3.6,5.0
2017,2017-12-16,DOR,HOF,2.0,1.0,1,3.0,0.0,1.5,4.33,6.5
2017,2017-12-16,EINF,SCH,2.0,2.0,0,1.0,1.0,2.5,3.1,3.1
2017,2017-12-16,KOL,WOB,1.0,0.0,1,3.0,0.0,3.6,3.5,2.04
2017,2017-12-16,STU,BAY,0.0,1.0,-1,0.0,3.0,10.0,5.0,1.33
2017,2017-12-16,WERB,MAI,2.0,2.0,0,1.0,1.0,1.95,3.5,4.0
2017,2017-12-15,MGL,HAM,3.0,1.0,1,3.0,0.0,1.8,3.6,4.5
2017,2017-12-13,BAY,KOL,1.0,0.0,1,3.0,0.0,1.08,12.0,26.0
2017,2017-12-13,HERT,HAN,3.0,1.0,1,3.0,0.0,2.0,3.29,4.0
2017,2017-12-13,HOF,STU,1.0,0.0,1,3.0,0.0,1.9,3.6,4.0
2017,2017-12-13,LEVK,WERB,1.0,0.0,1,3.0,0.0,1.44,4.75,7.0
2017,2017-12-13,SCH,AUG,3.0,2.0,1,3.0,0.0,1.83,3.6,4.5
2017,2017-12-12,FRE,MGL,1.0,0.0,1,3.0,0.0,3.39,3.39,2.14
2017,2017-12-12,HAM,EINF,1.0,2.0,-1,0.0,3.0,2.6,3.2,2.79
2017,2017-12-12,MAI,DOR,0.0,2.0,-1,0.0,3.0,5.0,4.0,1.61
2017,2017-12-12,WOB,RBL,1.0,1.0,0,1.0,1.0,3.0,3.6,2.29
2017,2017-12-10,AUG,HERT,1.0,1.0,0,1.0,1.0,1.95,3.29,4.0
2017,2017-12-10,KOL,FRE,3.0,4.0,-1,0.0,3.0,2.25,3.25,3.2
2017,2017-12-10,HAN,HOF,2.0,0.0,1,3.0,0.0,2.7,3.39,2.5
2017,2017-12-09,DOR,WERB,1.0,2.0,-1,0.0,3.0,1.39,5.25,7.0
2017,2017-12-09,EINF,BAY,0.0,1.0,-1,0.0,3.0,7.0,4.75,1.44
2017,2017-12-09,HAM,WOB,0.0,0.0,0,1.0,1.0,2.5,3.29,2.87
2017,2017-12-09,MGL,SCH,1.0,1.0,0,1.0,1.0,2.25,3.39,3.2
2017,2017-12-09,RBL,MAI,2.0,2.0,0,1.0,1.0,1.39,4.75,8.0
2017,2017-12-08,STU,LEVK,0.0,2.0,-1,0.0,3.0,3.2,3.5,2.25
2017,2017-12-03,HERT,EINF,1.0,2.0,-1,0.0,3.0,2.7,3.25,2.7
2017,2017-12-03,WOB,MGL,3.0,0.0,1,3.0,0.0,2.62,3.39,2.62
2017,2017-12-02,BAY,HAN,3.0,1.0,1,3.0,0.0,1.14,9.0,17.0
2017,2017-12-02,HOF,RBL,4.0,0.0,1,3.0,0.0,3.29,3.6,2.1
2017,2017-12-02,LEVK,DOR,1.0,1.0,0,1.0,1.0,2.25,3.6,3.0
2017,2017-12-02,MAI,AUG,1.0,3.0,-1,0.0,3.0,2.6,3.25,2.79
2017,2017-12-02,SCH,KOL,2.0,2.0,0,1.0,1.0,1.44,4.33,8.0
2017,2017-12-02,WERB,STU,1.0,0.0,1,3.0,0.0,2.29,3.39,3.1
2017,2017-12-01,FRE,HAM,0.0,0.0,0,1.0,1.0,2.5,3.25,2.89
2017,2017-11-26,KOL,HERT,0.0,2.0,-1,0.0,3.0,2.5,3.2,3.0
2017,2017-11-26,HAM,HOF,3.0,0.0,1,3.0,0.0,2.79,3.39,2.5
2017,2017-11-25,AUG,WOB,2.0,1.0,1,3.0,0.0,2.37,3.29,3.1
2017,2017-11-25,DOR,SCH,4.0,4.0,0,1.0,1.0,1.72,4.2,4.33
2017,2017-11-25,EINF,LEVK,0.0,1.0,-1,0.0,3.0,2.62,3.5,2.62
2017,2017-11-25,FRE,MAI,2.0,1.0,1,3.0,0.0,2.75,3.29,2.6
2017,2017-11-25,MGL,BAY,2.0,1.0,1,3.0,0.0,5.75,4.75,1.5
2017,2017-11-25,RBL,WERB,2.0,0.0,1,3.0,0.0,1.5,4.33,6.5
2017,2017-11-24,HAN,STU,1.0,1.0,0,1.0,1.0,2.29,3.39,3.1
2017,2017-11-19,SCH,HAM,2.0,0.0,1,3.0,0.0,1.57,3.79,6.5
2017,2017-11-19,WERB,HAN,4.0,0.0,1,3.0,0.0,2.2,3.39,3.29
2017,2017-11-18,BAY,AUG,3.0,0.0,1,3.0,0.0,1.16,8.0,15.0
2017,2017-11-18,HERT,MGL,2.0,4.0,-1,0.0,3.0,2.89,3.25,2.5
2017,2017-11-18,HOF,EINF,1.0,1.0,0,1.0,1.0,2.2,3.39,3.39
2017,2017-11-18,LEVK,RBL,2.0,2.0,0,1.0,1.0,2.29,3.5,3.0
2017,2017-11-18,MAI,KOL,1.0,0.0,1,3.0,0.0,2.04,3.39,3.79
2017,2017-11-18,WOB,FRE,3.0,1.0,1,3.0,0.0,1.61,3.75,6.0
2017,2017-11-17,STU,DOR,2.0,1.0,1,3.0,0.0,4.2,3.89,1.8
2017,2017-11-05,KOL,HOF,0.0,3.0,-1,0.0,3.0,2.87,3.39,2.45
2017,2017-11-05,WOB,HERT,3.0,3.0,0,1.0,1.0,2.0,3.39,4.0
2017,2017-11-04,AUG,LEVK,1.0,1.0,0,1.0,1.0,3.5,3.6,2.04
2017,2017-11-04,DOR,BAY,1.0,3.0,-1,0.0,3.0,3.29,3.79,2.04
2017,2017-11-04,FRE,SCH,0.0,1.0,-1,0.0,3.0,3.79,3.29,2.04
2017,2017-11-04,HAM,STU,3.0,1.0,1,3.0,0.0,2.45,3.39,2.87
2017,2017-11-04,MGL,MAI,1.0,1.0,0,1.0,1.0,1.61,4.0,5.5
2017,2017-11-04,RBL,HAN,2.0,1.0,1,3.0,0.0,1.44,4.5,7.5
2017,2017-11-03,EINF,WERB,2.0,1.0,1,3.0,0.0,1.75,3.75,4.75
2017,2017-10-29,STU,FRE,3.0,0.0,1,3.0,0.0,1.83,3.5,4.5
2017,2017-10-29,WERB,AUG,0.0,3.0,-1,0.0,3.0,2.29,3.29,3.2
2017,2017-10-28,BAY,RBL,2.0,0.0,1,3.0,0.0,1.33,5.5,8.5
2017,2017-10-28,HAN,DOR,4.0,2.0,1,3.0,0.0,5.5,4.2,1.57
2017,2017-10-28,HERT,HAM,2.0,1.0,1,3.0,0.0,1.9,3.39,4.33
2017,2017-10-28,HOF,MGL,1.0,3.0,-1,0.0,3.0,2.04,3.6,3.5
2017,2017-10-28,LEVK,KOL,2.0,1.0,1,3.0,0.0,1.33,5.25,9.0
2017,2017-10-28,SCH,WOB,1.0,1.0,0,1.0,1.0,1.75,3.6,5.0
2017,2017-10-27,MAI,EINF,1.0,1.0,0,1.0,1.0,2.79,3.2,2.54
2017,2017-10-22,KOL,WERB,0.0,0.0,0,1.0,1.0,2.39,3.29,3.0
2017,2017-10-22,FRE,HERT,1.0,1.0,0,1.0,1.0,2.54,3.29,2.79
2017,2017-10-22,WOB,HOF,1.0,1.0,0,1.0,1.0,2.5,3.39,2.79
2017,2017-10-21,AUG,HAN,1.0,2.0,-1,0.0,3.0,2.04,3.5,3.6
2017,2017-10-21,EINF,DOR,2.0,2.0,0,1.0,1.0,5.0,3.75,1.72
2017,2017-10-21,HAM,BAY,0.0,1.0,-1,0.0,3.0,19.0,7.0,1.16
2017,2017-10-21,MGL,LEVK,1.0,5.0,-1,0.0,3.0,2.45,3.39,2.87
2017,2017-10-21,RBL,STU,1.0,0.0,1,3.0,0.0,1.53,4.0,7.0
2017,2017-10-20,SCH,MAI,2.0,0.0,1,3.0,0.0,1.8,3.7,4.5
2017,2017-10-15,LEVK,WOB,2.0,2.0,0,1.0,1.0,1.53,4.33,6.0
2017,2017-10-15,WERB,MGL,0.0,2.0,-1,0.0,3.0,2.63,3.5,2.6
2017,2017-10-14,BAY,FRE,5.0,0.0,1,3.0,0.0,1.08,13.0,21.0
2017,2017-10-14,DOR,RBL,2.0,3.0,-1,0.0,3.0,1.5,4.5,6.5
2017,2017-10-14,HAN,EINF,1.0,2.0,-1,0.0,3.0,2.38,3.2,3.1
2017,2017-10-14,HERT,SCH,0.0,2.0,-1,0.0,3.0,2.5,3.3,2.9
2017,2017-10-14,HOF,AUG,2.0,2.0,0,1.0,1.0,1.8,3.75,4.5
2017,2017-10-14,MAI,HAM,3.0,2.0,1,3.0,0.0,1.7,3.75,5.25
2017,2017-10-13,STU,KOL,2.0,1.0,1,3.0,0.0,1.83,3.6,4.33
2017,2017-10-01,KOL,RBL,1.0,2.0,-1,0.0,3.0,3.8,3.5,2.0
2017,2017-10-01,FRE,HOF,3.0,2.0,1,3.0,0.0,3.6,3.5,2.05
2017,2017-10-01,HERT,BAY,2.0,2.0,0,1.0,1.0,8.5,5.0,1.36
2017,2017-09-30,AUG,DOR,1.0,2.0,-1,0.0,3.0,7.5,4.5,1.44
2017,2017-09-30,EINF,STU,2.0,1.0,1,3.0,0.0,1.95,3.5,4.0
2017,2017-09-30,HAM,WERB,0.0,0.0,0,1.0,1.0,2.7,3.2,2.75
2017,2017-09-30,MGL,HAN,2.0,1.0,1,3.0,0.0,1.73,3.6,5.25
2017,2017-09-30,WOB,MAI,1.0,1.0,0,1.0,1.0,2.1,3.4,3.6
2017,2017-09-29,SCH,LEVK,1.0,1.0,0,1.0,1.0,2.3,3.4,3.1
2017,2017-09-24,HAN,KOL,0.0,0.0,0,1.0,1.0,1.95,3.6,3.8
2017,2017-09-24,LEVK,HAM,3.0,0.0,1,3.0,0.0,1.36,5.0,8.5
2017,2017-09-23,DOR,MGL,6.0,1.0,1,3.0,0.0,1.44,4.75,7.0
2017,2017-09-23,HOF,SCH,2.0,0.0,1,3.0,0.0,2.2,3.5,3.25
2017,2017-09-23,MAI,HERT,1.0,0.0,1,3.0,0.0,2.2,3.3,3.4
2017,2017-09-23,RBL,EINF,2.0,1.0,1,3.0,0.0,1.7,3.8,5.0
2017,2017-09-23,STU,AUG,0.0,0.0,0,1.0,1.0,2.1,3.4,3.6
2017,2017-09-23,WERB,FRE,0.0,0.0,0,1.0,1.0,1.7,4.0,4.75
2017,2017-09-22,BAY,WOB,2.0,2.0,0,1.0,1.0,1.14,8.5,19.0
2017,2017-09-20,KOL,EINF,0.0,1.0,-1,0.0,3.0,2.88,3.1,2.63
2017,2017-09-20,FRE,HAN,1.0,1.0,0,1.0,1.0,2.8,3.25,2.6
2017,2017-09-20,HAM,DOR,0.0,3.0,-1,0.0,3.0,7.0,4.75,1.44
2017,2017-09-20,HERT,LEVK,2.0,1.0,1,3.0,0.0,3.3,3.4,2.2
2017,2017-09-20,MAI,HOF,2.0,3.0,-1,0.0,3.0,2.7,3.4,2.6
2017,2017-09-19,AUG,RBL,1.0,0.0,1,3.0,0.0,3.5,3.5,2.1
2017,2017-09-19,MGL,STU,2.0,0.0,1,3.0,0.0,1.7,3.8,5.0
2017,2017-09-19,SCH,BAY,0.0,3.0,-1,0.0,3.0,7.0,4.75,1.44
2017,2017-09-19,WOB,WERB,1.0,1.0,0,1.0,1.0,2.05,3.5,3.6
2017,2017-09-17,DOR,KOL,5.0,0.0,1,3.0,0.0,1.22,6.0,13.0
2017,2017-09-17,HOF,HERT,1.0,1.0,0,1.0,1.0,1.67,3.8,5.5
2017,2017-09-17,LEVK,FRE,4.0,0.0,1,3.0,0.0,1.45,4.5,7.0
2017,2017-09-16,BAY,MAI,4.0,0.0,1,3.0,0.0,1.13,10.0,19.0
2017,2017-09-16,EINF,AUG,1.0,2.0,-1,0.0,3.0,1.85,3.5,4.5
2017,2017-09-16,RBL,MGL,2.0,2.0,0,1.0,1.0,1.67,3.8,5.5
2017,2017-09-16,STU,WOB,1.0,0.0,1,3.0,0.0,2.3,3.5,3.0
2017,2017-09-16,WERB,SCH,1.0,2.0,-1,0.0,3.0,2.8,3.5,2.5
2017,2017-09-15,HAN,HAM,2.0,0.0,1,3.0,0.0,1.95,3.5,4.0
2017,2017-09-10,HERT,WERB,1.0,1.0,0,1.0,1.0,1.91,3.6,4.0
2017,2017-09-10,SCH,STU,3.0,1.0,1,3.0,0.0,1.7,3.75,5.0
2017,2017-09-09,AUG,KOL,3.0,0.0,1,3.0,0.0,2.38,3.3,3.1
2017,2017-09-09,FRE,DOR,0.0,0.0,0,1.0,1.0,7.5,5.0,1.4
2017,2017-09-09,HOF,BAY,2.0,0.0,1,3.0,0.0,7.0,4.5,1.45
2017,2017-09-09,MAI,LEVK,3.0,1.0,1,3.0,0.0,3.0,3.4,2.38
2017,2017-09-09,MGL,EINF,0.0,1.0,-1,0.0,3.0,1.83,3.6,4.5
2017,2017-09-09,WOB,HAN,1.0,1.0,0,1.0,1.0,1.83,3.6,4.5
2017,2017-09-08,HAM,RBL,0.0,2.0,-1,0.0,3.0,4.0,3.6,1.91
2017,2017-08-27,HAN,SCH,1.0,0.0,1,3.0,0.0,3.3,3.4,2.2
2017,2017-08-27,RBL,FRE,4.0,1.0,1,3.0,0.0,1.36,5.0,8.5
2017,2017-08-26,AUG,MGL,2.0,2.0,0,1.0,1.0,3.25,3.4,2.25
2017,2017-08-26,DOR,HERT,2.0,0.0,1,3.0,0.0,1.36,5.0,7.5
2017,2017-08-26,EINF,WOB,0.0,1.0,-1,0.0,3.0,2.3,3.25,3.3
2017,2017-08-26,LEVK,HOF,2.0,2.0,0,1.0,1.0,2.05,3.6,3.6
2017,2017-08-26,STU,MAI,1.0,0.0,1,3.0,0.0,2.3,3.4,3.1
2017,2017-08-26,WERB,BAY,0.0,2.0,-1,0.0,3.0,11.0,6.5,1.25
2017,2017-08-25,KOL,HAM,1.0,3.0,-1,0.0,3.0,1.95,3.4,4.0
2017,2017-08-20,FRE,EINF,0.0,0.0,0,1.0,1.0,2.45,3.25,3.0
2017,2017-08-20,MGL,KOL,1.0,0.0,1,3.0,0.0,1.91,3.5,4.1
2017,2017-08-19,HAM,AUG,1.0,0.0,1,3.0,0.0,2.1,3.4,3.6
2017,2017-08-19,HERT,STU,2.0,0.0,1,3.0,0.0,2.0,3.4,3.9
2017,2017-08-19,HOF,WERB,1.0,0.0,1,3.0,0.0,1.75,4.0,4.33
2017,2017-08-19,MAI,HAN,0.0,1.0,-1,0.0,3.0,2.0,3.4,4.0
2017,2017-08-19,SCH,RBL,2.0,0.0,1,3.0,0.0,2.8,3.4,2.5
2017,2017-08-19,WOB,DOR,0.0,3.0,-1,0.0,3.0,3.8,4.0,1.85
2017,2017-08-18,BAY,LEVK,3.0,1.0,1,3.0,0.0,1.25,6.0,12.0
2016,2017-05-20,BAY,FRE,4.0,1.0,1,3.0,0.0,1.17,8.0,15.0
2016,2017-05-20,DOR,WERB,4.0,3.0,1,3.0,0.0,1.2,7.5,12.0
2016,2017-05-20,EINF,RBL,2.0,2.0,0,1.0,1.0,4.0,3.6,1.91
2016,2017-05-20,KOL,MAI,2.0,0.0,1,3.0,0.0,1.62,4.0,5.5
2016,2017-05-20,HAM,WOB,2.0,1.0,1,3.0,0.0,2.6,3.4,2.7
2016,2017-05-20,HERT,LEVK,2.0,6.0,-1,0.0,3.0,2.05,3.4,3.8
2016,2017-05-20,HOF,AUG,0.0,0.0,0,1.0,1.0,1.36,5.0,8.5
2016,2017-05-20,ING,SCH,1.0,1.0,0,1.0,1.0,2.63,3.5,2.6
2016,2017-05-20,MGL,DAR,2.0,2.0,0,1.0,1.0,1.33,5.5,8.5
2016,2017-05-13,AUG,DOR,1.0,1.0,0,1.0,1.0,6.0,4.6,1.5
2016,2017-05-13,DAR,HERT,0.0,2.0,-1,0.0,3.0,3.5,3.4,2.15
2016,2017-05-13,FRE,ING,1.0,1.0,0,1.0,1.0,2.38,3.5,2.9
2016,2017-05-13,LEVK,KOL,2.0,2.0,0,1.0,1.0,2.1,3.5,3.5
2016,2017-05-13,MAI,EINF,4.0,2.0,1,3.0,0.0,1.7,3.8,5.0
2016,2017-05-13,RBL,BAY,4.0,5.0,-1,0.0,3.0,3.75,3.7,1.95
2016,2017-05-13,SCH,HAM,1.0,1.0,0,1.0,1.0,2.05,3.75,3.5
2016,2017-05-13,WERB,HOF,3.0,5.0,-1,0.0,3.0,2.63,3.6,2.55
2016,2017-05-13,WOB,MGL,1.0,1.0,0,1.0,1.0,1.95,3.6,4.0
2016,2017-05-07,FRE,SCH,2.0,0.0,1,3.0,0.0,3.3,3.5,2.15
2016,2017-05-07,HAM,MAI,0.0,0.0,0,1.0,1.0,2.38,3.4,3.0
2016,2017-05-06,BAY,DAR,1.0,0.0,1,3.0,0.0,1.07,13.0,26.0
2016,2017-05-06,DOR,HOF,2.0,1.0,1,3.0,0.0,1.5,4.75,5.75
2016,2017-05-06,EINF,WOB,0.0,2.0,-1,0.0,3.0,2.6,3.4,2.7
2016,2017-05-06,HERT,RBL,1.0,4.0,-1,0.0,3.0,3.5,3.5,2.1
2016,2017-05-06,ING,LEVK,1.0,1.0,0,1.0,1.0,2.38,3.5,2.9
2016,2017-05-06,MGL,AUG,1.0,1.0,0,1.0,1.0,1.73,3.8,4.75
2016,2017-05-05,KOL,WERB,4.0,3.0,1,3.0,0.0,2.55,3.5,2.7
2016,2017-04-30,AUG,HAM,4.0,0.0,1,3.0,0.0,2.5,3.3,2.9
2016,2017-04-30,HOF,EINF,1.0,0.0,1,3.0,0.0,1.57,4.0,6.0
2016,2017-04-29,DAR,FRE,3.0,0.0,1,3.0,0.0,3.3,3.3,2.25
2016,2017-04-29,DOR,KOL,0.0,0.0,0,1.0,1.0,1.29,5.75,10.0
2016,2017-04-29,MAI,MGL,1.0,2.0,-1,0.0,3.0,2.2,3.4,3.3
2016,2017-04-29,RBL,ING,0.0,0.0,0,1.0,1.0,1.45,4.5,7.0
2016,2017-04-29,WERB,HERT,2.0,0.0,1,3.0,0.0,2.05,3.5,3.6
2016,2017-04-29,WOB,BAY,0.0,6.0,-1,0.0,3.0,8.0,4.75,1.4
2016,2017-04-28,LEVK,SCH,1.0,4.0,-1,0.0,3.0,2.1,3.5,3.5
2016,2017-04-23,FRE,LEVK,2.0,1.0,1,3.0,0.0,3.4,3.6,2.1
2016,2017-04-23,SCH,RBL,1.0,1.0,0,1.0,1.0,3.0,3.5,2.3
2016,2017-04-22,BAY,MAI,2.0,2.0,0,1.0,1.0,1.18,7.0,17.0
2016,2017-04-22,EINF,AUG,3.0,1.0,1,3.0,0.0,1.75,3.6,5.0
2016,2017-04-22,HAM,DAR,1.0,2.0,-1,0.0,3.0,1.4,4.75,8.0
2016,2017-04-22,HERT,WOB,1.0,0.0,1,3.0,0.0,2.5,3.3,2.9
2016,2017-04-22,ING,WERB,2.0,4.0,-1,0.0,3.0,2.2,3.5,3.2
2016,2017-04-22,MGL,DOR,2.0,3.0,-1,0.0,3.0,3.5,3.7,2.05
2016,2017-04-21,KOL,HOF,1.0,1.0,0,1.0,1.0,3.0,3.4,2.38
2016,2017-04-16,DAR,SCH,2.0,1.0,1,3.0,0.0,5.75,3.8,1.6
2016,2017-04-16,WERB,HAM,2.0,1.0,1,3.0,0.0,2.25,3.4,3.1
2016,2017-04-15,AUG,KOL,2.0,1.0,1,3.0,0.0,2.8,3.2,2.55
2016,2017-04-15,DOR,EINF,3.0,1.0,1,3.0,0.0,1.44,4.33,7.0
2016,2017-04-15,HOF,MGL,5.0,3.0,1,3.0,0.0,2.0,3.5,3.6
2016,2017-04-15,LEVK,BAY,0.0,0.0,0,1.0,1.0,4.75,4.2,1.62
2016,2017-04-15,MAI,HERT,1.0,0.0,1,3.0,0.0,2.25,3.2,3.3
2016,2017-04-15,RBL,FRE,4.0,0.0,1,3.0,0.0,1.44,4.33,7.0
2016,2017-04-15,WOB,ING,3.0,0.0,1,3.0,0.0,2.0,3.3,3.75
2016,2017-04-09,HERT,AUG,2.0,0.0,1,3.0,0.0,1.75,3.5,5.25
2016,2017-04-09,ING,DAR,3.0,2.0,1,3.0,0.0,1.5,4.0,7.5
2016,2017-04-08,BAY,DOR,4.0,1.0,1,3.0,0.0,1.62,4.0,5.5
2016,2017-04-08,KOL,MGL,2.0,3.0,-1,0.0,3.0,2.63,3.2,2.8
2016,2017-04-08,FRE,MAI,1.0,0.0,1,3.0,0.0,2.38,3.4,3.0
2016,2017-04-08,HAM,HOF,2.0,1.0,1,3.0,0.0,3.5,3.5,2.1
2016,2017-04-08,RBL,LEVK,1.0,0.0,1,3.0,0.0,1.91,3.6,4.0
2016,2017-04-08,SCH,WOB,4.0,1.0,1,3.0,0.0,2.0,3.5,3.75
2016,2017-04-07,EINF,WERB,2.0,2.0,0,1.0,1.0,2.0,3.5,3.8
2016,2017-04-05,AUG,ING,2.0,3.0,-1,0.0,3.0,2.7,3.1,2.8
2016,2017-04-05,DAR,LEVK,0.0,2.0,-1,0.0,3.0,5.0,3.8,1.7
2016,2017-04-05,MAI,RBL,2.0,3.0,-1,0.0,3.0,3.4,3.4,2.15
2016,2017-04-05,MGL,HERT,1.0,0.0,1,3.0,0.0,1.83,3.5,4.5
2016,2017-04-05,WOB,FRE,0.0,1.0,-1,0.0,3.0,1.73,3.75,5.0
2016,2017-04-04,DOR,HAM,3.0,0.0,1,3.0,0.0,1.29,5.75,10.0
2016,2017-04-04,KOL,EINF,1.0,0.0,1,3.0,0.0,2.35,3.2,3.2
2016,2017-04-04,HOF,BAY,1.0,0.0,1,3.0,0.0,6.0,4.6,1.5
2016,2017-04-04,WERB,SCH,3.0,0.0,1,3.0,0.0,3.0,3.5,2.3
2016,2017-04-02,ING,MAI,2.0,1.0,1,3.0,0.0,2.1,3.3,3.8
2016,2017-04-02,LEVK,WOB,3.0,3.0,0,1.0,1.0,1.8,3.75,4.5
2016,2017-04-01,BAY,AUG,6.0,0.0,1,3.0,0.0,1.1,10.0,26.0
2016,2017-04-01,EINF,MGL,0.0,0.0,0,1.0,1.0,2.5,3.3,2.9
2016,2017-04-01,FRE,WERB,2.0,5.0,-1,0.0,3.0,2.25,3.5,3.2
2016,2017-04-01,HAM,KOL,2.0,1.0,1,3.0,0.0,2.38,3.2,3.2
2016,2017-04-01,RBL,DAR,4.0,0.0,1,3.0,0.0,1.36,5.0,9.0
2016,2017-04-01,SCH,DOR,1.0,1.0,0,1.0,1.0,3.75,3.6,2.0
2016,2017-03-31,HERT,HOF,1.0,3.0,-1,0.0,3.0,2.9,3.1,2.6
2016,2017-03-19,MAI,SCH,0.0,1.0,-1,0.0,3.0,2.63,3.5,2.63
2016,2017-03-19,MGL,BAY,0.0,1.0,-1,0.0,3.0,8.0,4.75,1.4
2016,2017-03-18,AUG,FRE,1.0,1.0,0,1.0,1.0,2.4,3.3,3.0
2016,2017-03-18,EINF,HAM,0.0,0.0,0,1.0,1.0,2.2,3.2,3.5
2016,2017-03-18,KOL,HERT,4.0,2.0,1,3.0,0.0,2.38,3.2,3.2
2016,2017-03-18,HOF,LEVK,1.0,0.0,1,3.0,0.0,2.15,3.6,3.3
2016,2017-03-18,WERB,RBL,3.0,0.0,1,3.0,0.0,3.5,3.6,2.05
2016,2017-03-18,WOB,DAR,1.0,0.0,1,3.0,0.0,1.5,4.0,7.5
2016,2017-03-17,DOR,ING,1.0,0.0,1,3.0,0.0,1.3,5.5,10.5
2016,2017-03-12,HAM,MGL,2.0,1.0,1,3.0,0.0,2.75,3.3,2.6
2016,2017-03-12,SCH,AUG,3.0,0.0,1,3.0,0.0,1.75,3.5,5.25
2016,2017-03-11,BAY,EINF,3.0,0.0,1,3.0,0.0,1.13,9.0,21.0
2016,2017-03-11,DAR,MAI,2.0,1.0,1,3.0,0.0,3.5,3.25,2.2
2016,2017-03-11,FRE,HOF,1.0,1.0,0,1.0,1.0,3.0,3.4,2.38
2016,2017-03-11,HERT,DOR,2.0,1.0,1,3.0,0.0,5.25,4.0,1.65
2016,2017-03-11,ING,KOL,2.0,2.0,0,1.0,1.0,2.5,3.1,3.1
2016,2017-03-11,RBL,WOB,0.0,1.0,-1,0.0,3.0,1.62,3.8,6.0
2016,2017-03-10,LEVK,WERB,1.0,1.0,0,1.0,1.0,1.5,4.33,6.5
2016,2017-03-05,EINF,FRE,1.0,2.0,-1,0.0,3.0,2.1,3.5,3.5
2016,2017-03-05,HAM,HERT,1.0,0.0,1,3.0,0.0,2.45,3.2,3.0
2016,2017-03-04,DOR,LEVK,6.0,2.0,1,3.0,0.0,1.5,4.33,6.5
2016,2017-03-04,KOL,BAY,0.0,3.0,-1,0.0,3.0,8.5,4.75,1.4
2016,2017-03-04,HOF,ING,5.0,2.0,1,3.0,0.0,1.75,3.75,4.75
2016,2017-03-04,MAI,WOB,1.0,1.0,0,1.0,1.0,2.25,3.4,3.2
2016,2017-03-04,MGL,SCH,4.0,2.0,1,3.0,0.0,2.3,3.3,3.2
2016,2017-03-04,WERB,DAR,2.0,0.0,1,3.0,0.0,1.67,4.0,5.0
2016,2017-03-03,AUG,RBL,2.0,2.0,0,1.0,1.0,4.2,3.5,1.91
2016,2017-02-26,ING,MGL,0.0,2.0,-1,0.0,3.0,2.7,3.1,2.8
2016,2017-02-26,SCH,HOF,1.0,1.0,0,1.0,1.0,2.05,3.4,3.8
2016,2017-02-25,BAY,HAM,8.0,0.0,1,3.0,0.0,1.14,8.5,19.0
2016,2017-02-25,DAR,AUG,1.0,2.0,-1,0.0,3.0,2.8,3.25,2.6
2016,2017-02-25,FRE,DOR,0.0,3.0,-1,0.0,3.0,5.75,4.2,1.57
2016,2017-02-25,HERT,EINF,2.0,0.0,1,3.0,0.0,2.05,3.2,4.0
2016,2017-02-25,LEVK,MAI,0.0,2.0,-1,0.0,3.0,1.73,3.8,4.75
2016,2017-02-25,RBL,KOL,3.0,1.0,1,3.0,0.0,1.67,3.75,5.5
2016,2017-02-24,WOB,WERB,1.0,2.0,-1,0.0,3.0,1.91,3.5,4.2
2016,2017-02-19,KOL,SCH,1.0,1.0,0,1.0,1.0,2.5,3.1,3.1
2016,2017-02-19,MGL,RBL,1.0,2.0,-1,0.0,3.0,2.6,3.2,2.8
2016,2017-02-18,DOR,WOB,3.0,0.0,1,3.0,0.0,1.44,4.5,7.5
2016,2017-02-18,EINF,ING,0.0,2.0,-1,0.0,3.0,2.05,3.1,4.2
2016,2017-02-18,HAM,FRE,2.0,2.0,0,1.0,1.0,2.05,3.4,3.75
2016,2017-02-18,HERT,BAY,1.0,1.0,0,1.0,1.0,10.0,4.33,1.36
2016,2017-02-18,HOF,DAR,2.0,0.0,1,3.0,0.0,1.45,4.5,7.5
2016,2017-02-18,MAI,WERB,0.0,2.0,-1,0.0,3.0,1.95,3.5,4.0
2016,2017-02-17,AUG,LEVK,1.0,3.0,-1,0.0,3.0,3.25,3.25,2.25
2016,2017-02-12,FRE,KOL,2.0,1.0,1,3.0,0.0,2.7,3.1,2.8
2016,2017-02-12,WOB,HOF,2.0,1.0,1,3.0,0.0,2.5,3.4,2.8
2016,2017-02-11,DAR,DOR,2.0,1.0,1,3.0,0.0,9.0,5.0,1.36
2016,2017-02-11,ING,BAY,0.0,2.0,-1,0.0,3.0,8.5,5.0,1.36
2016,2017-02-11,LEVK,EINF,3.0,0.0,1,3.0,0.0,1.91,3.5,4.2
2016,2017-02-11,RBL,HAM,0.0,3.0,-1,0.0,3.0,1.5,4.2,7.0
2016,2017-02-11,SCH,HERT,2.0,0.0,1,3.0,0.0,1.85,3.5,4.5
2016,2017-02-11,WERB,MGL,0.0,1.0,-1,0.0,3.0,2.88,3.5,2.4
2016,2017-02-10,MAI,AUG,2.0,0.0,1,3.0,0.0,2.1,3.25,3.8
2016,2017-02-05,AUG,WERB,3.0,2.0,1,3.0,0.0,2.1,3.5,3.5
2016,2017-02-05,EINF,DAR,2.0,0.0,1,3.0,0.0,1.55,3.8,7.0
2016,2017-02-04,BAY,SCH,1.0,1.0,0,1.0,1.0,1.2,7.5,13.0
2016,2017-02-04,DOR,RBL,1.0,0.0,1,3.0,0.0,1.67,3.8,5.25
2016,2017-02-04,KOL,WOB,1.0,0.0,1,3.0,0.0,2.05,3.4,3.75
2016,2017-02-04,HERT,ING,1.0,0.0,1,3.0,0.0,2.15,3.1,3.8
2016,2017-02-04,HOF,MAI,4.0,0.0,1,3.0,0.0,1.8,3.8,4.33
2016,2017-02-04,MGL,FRE,3.0,0.0,1,3.0,0.0,1.73,3.8,4.75
2016,2017-02-03,HAM,LEVK,1.0,0.0,1,3.0,0.0,3.1,3.3,2.35
2016,2017-01-29,FRE,HERT,2.0,1.0,1,3.0,0.0,2.5,3.25,2.9
2016,2017-01-29,MAI,DOR,1.0,1.0,0,1.0,1.0,5.25,4.2,1.62
2016,2017-01-28,DAR,KOL,1.0,6.0,-1,0.0,3.0,3.6,3.3,2.15
2016,2017-01-28,ING,HAM,3.0,1.0,1,3.0,0.0,2.2,3.2,3.6
2016,2017-01-28,LEVK,MGL,2.0,3.0,-1,0.0,3.0,1.85,3.6,4.33
2016,2017-01-28,RBL,HOF,2.0,1.0,1,3.0,0.0,1.73,3.75,4.8
2016,2017-01-28,WERB,BAY,1.0,2.0,-1,0.0,3.0,15.0,6.5,1.2
2016,2017-01-28,WOB,AUG,1.0,2.0,-1,0.0,3.0,1.95,3.5,4.0
2016,2017-01-27,SCH,EINF,0.0,1.0,-1,0.0,3.0,1.73,3.6,5.25
2016,2017-01-22,LEVK,HERT,3.0,1.0,1,3.0,0.0,1.67,3.7,5.5
2016,2017-01-22,MAI,KOL,0.0,0.0,0,1.0,1.0,2.4,3.3,3.0
2016,2017-01-21,AUG,HOF,0.0,2.0,-1,0.0,3.0,2.8,3.3,2.6
2016,2017-01-21,DAR,MGL,0.0,0.0,0,1.0,1.0,4.0,3.6,1.91
2016,2017-01-21,RBL,EINF,3.0,0.0,1,3.0,0.0,1.62,3.8,6.0
2016,2017-01-21,SCH,ING,1.0,0.0,1,3.0,0.0,1.8,3.6,4.75
2016,2017-01-21,WERB,DOR,1.0,2.0,-1,0.0,3.0,6.0,4.33,1.53
2016,2017-01-21,WOB,HAM,1.0,0.0,1,3.0,0.0,1.85,3.6,4.33
2016,2017-01-20,FRE,BAY,1.0,2.0,-1,0.0,3.0,13.0,6.5,1.22
2016,2016-12-21,BAY,RBL,3.0,0.0,1,3.0,0.0,1.36,5.25,8.0
2016,2016-12-21,KOL,LEVK,1.0,1.0,0,1.0,1.0,2.75,3.3,2.6
2016,2016-12-21,HERT,DAR,2.0,0.0,1,3.0,0.0,1.57,3.9,6.25
2016,2016-12-21,HOF,WERB,1.0,1.0,0,1.0,1.0,1.62,4.0,5.5
2016,2016-12-21,ING,FRE,1.0,2.0,-1,0.0,3.0,2.1,3.3,3.75
2016,2016-12-20,DOR,AUG,1.0,1.0,0,1.0,1.0,1.3,5.5,10.0
2016,2016-12-20,EINF,MAI,3.0,0.0,1,3.0,0.0,2.0,3.4,3.9
2016,2016-12-20,HAM,SCH,2.0,1.0,1,3.0,0.0,3.3,3.25,2.3
2016,2016-12-20,MGL,WOB,1.0,2.0,-1,0.0,3.0,1.95,3.5,4.0
2016,2016-12-18,DAR,BAY,0.0,1.0,-1,0.0,3.0,19.0,8.0,1.14
2016,2016-12-18,LEVK,ING,1.0,2.0,-1,0.0,3.0,1.55,4.0,6.25
2016,2016-12-17,AUG,MGL,1.0,0.0,1,3.0,0.0,3.2,3.1,2.4
2016,2016-12-17,MAI,HAM,3.0,1.0,1,3.0,0.0,1.91,3.6,4.0
2016,2016-12-17,RBL,HERT,2.0,0.0,1,3.0,0.0,1.62,3.8,6.0
2016,2016-12-17,SCH,FRE,1.0,1.0,0,1.0,1.0,1.67,4.0,5.0
2016,2016-12-17,WERB,KOL,1.0,1.0,0,1.0,1.0,2.6,3.4,2.7
2016,2016-12-17,WOB,EINF,1.0,0.0,1,3.0,0.0,2.5,3.2,3.0
2016,2016-12-16,HOF,DOR,2.0,2.0,0,1.0,1.0,3.8,4.0,1.85
2016,2016-12-11,MGL,MAI,1.0,0.0,1,3.0,0.0,1.67,4.0,5.0
2016,2016-12-11,SCH,LEVK,0.0,1.0,-1,0.0,3.0,2.3,3.3,3.2
2016,2016-12-10,BAY,WOB,5.0,0.0,1,3.0,0.0,1.17,7.5,17.0
2016,2016-12-10,KOL,DOR,1.0,1.0,0,1.0,1.0,5.5,4.33,1.57
2016,2016-12-10,FRE,DAR,1.0,0.0,1,3.0,0.0,1.67,3.75,5.5
2016,2016-12-10,HAM,AUG,1.0,0.0,1,3.0,0.0,2.3,3.2,3.25
2016,2016-12-10,HERT,WERB,0.0,1.0,-1,0.0,3.0,1.73,3.75,5.0
2016,2016-12-10,ING,RBL,1.0,0.0,1,3.0,0.0,4.33,3.75,1.8
2016,2016-12-09,EINF,HOF,0.0,0.0,0,1.0,1.0,2.4,3.3,3.0
2016,2016-12-04,AUG,EINF,1.0,1.0,0,1.0,1.0,2.8,3.0,2.75
2016,2016-12-04,DAR,HAM,0.0,2.0,-1,0.0,3.0,2.7,3.1,2.8
2016,2016-12-03,DOR,MGL,4.0,1.0,1,3.0,0.0,1.5,4.5,6.5
2016,2016-12-03,HOF,KOL,4.0,0.0,1,3.0,0.0,2.1,3.4,3.6
2016,2016-12-03,LEVK,FRE,1.0,1.0,0,1.0,1.0,1.5,4.2,7.0
2016,2016-12-03,RBL,SCH,2.0,1.0,1,3.0,0.0,2.0,3.3,4.0
2016,2016-12-03,WERB,ING,2.0,1.0,1,3.0,0.0,2.5,3.3,2.9
2016,2016-12-03,WOB,HERT,2.0,3.0,-1,0.0,3.0,2.1,3.2,3.8
2016,2016-12-02,MAI,BAY,1.0,3.0,-1,0.0,3.0,10.0,5.75,1.29
2016,2016-11-27,HERT,MAI,2.0,1.0,1,3.0,0.0,2.0,3.5,3.8
2016,2016-11-27,SCH,DAR,3.0,1.0,1,3.0,0.0,1.33,5.0,10.0
2016,2016-11-26,BAY,LEVK,2.0,1.0,1,3.0,0.0,1.29,6.0,10.0
2016,2016-11-26,EINF,DOR,2.0,1.0,1,3.0,0.0,4.75,4.2,1.65
2016,2016-11-26,KOL,AUG,0.0,0.0,0,1.0,1.0,1.75,3.5,5.25
2016,2016-11-26,HAM,WERB,2.0,2.0,0,1.0,1.0,2.38,3.4,3.0
2016,2016-11-26,ING,WOB,1.0,1.0,0,1.0,1.0,2.9,3.3,2.5
2016,2016-11-26,MGL,HOF,1.0,1.0,0,1.0,1.0,2.0,3.6,3.75
2016,2016-11-25,FRE,RBL,1.0,4.0,-1,0.0,3.0,3.8,3.6,1.95
2016,2016-11-20,HOF,HAM,2.0,2.0,0,1.0,1.0,1.62,4.0,5.5
2016,2016-11-20,WERB,EINF,1.0,2.0,-1,0.0,3.0,2.7,3.5,2.55
2016,2016-11-19,AUG,HERT,0.0,0.0,0,1.0,1.0,2.7,3.2,2.75
2016,2016-11-19,DAR,ING,0.0,1.0,-1,0.0,3.0,3.0,3.1,2.55
2016,2016-11-19,DOR,BAY,1.0,0.0,1,3.0,0.0,3.4,3.6,2.1
2016,2016-11-19,MAI,FRE,4.0,2.0,1,3.0,0.0,2.1,3.5,3.5
2016,2016-11-19,MGL,KOL,1.0,2.0,-1,0.0,3.0,2.2,3.3,3.4
2016,2016-11-19,WOB,SCH,0.0,1.0,-1,0.0,3.0,2.4,3.5,2.9
2016,2016-11-18,LEVK,RBL,2.0,3.0,-1,0.0,3.0,2.3,3.4,3.1
2016,2016-11-06,RBL,MAI,3.0,1.0,1,3.0,0.0,1.57,3.8,6.5
2016,2016-11-06,SCH,WERB,3.0,1.0,1,3.0,0.0,1.53,4.33,6.0
2016,2016-11-05,BAY,HOF,1.0,1.0,0,1.0,1.0,1.17,8.0,15.0
2016,2016-11-05,EINF,KOL,1.0,0.0,1,3.0,0.0,2.6,3.1,2.9
2016,2016-11-05,FRE,WOB,0.0,3.0,-1,0.0,3.0,2.6,3.3,2.75
2016,2016-11-05,HAM,DOR,2.0,5.0,-1,0.0,3.0,8.0,4.25,1.45
2016,2016-11-05,ING,AUG,0.0,2.0,-1,0.0,3.0,2.1,3.3,3.75
2016,2016-11-05,LEVK,DAR,3.0,2.0,1,3.0,0.0,1.25,5.75,13.0
2016,2016-11-04,HERT,MGL,3.0,0.0,1,3.0,0.0,2.5,3.2,3.0
2016,2016-10-30,KOL,HAM,3.0,0.0,1,3.0,0.0,1.57,3.8,6.5
2016,2016-10-30,HOF,HERT,1.0,0.0,1,3.0,0.0,2.25,3.4,3.2
2016,2016-10-29,AUG,BAY,1.0,3.0,-1,0.0,3.0,15.0,6.5,1.2
2016,2016-10-29,DAR,RBL,0.0,2.0,-1,0.0,3.0,6.0,3.8,1.62
2016,2016-10-29,DOR,SCH,0.0,0.0,0,1.0,1.0,1.57,4.33,5.5
2016,2016-10-29,MAI,ING,2.0,0.0,1,3.0,0.0,2.1,3.3,3.75
2016,2016-10-29,WERB,FRE,1.0,3.0,-1,0.0,3.0,2.3,3.5,3.0
2016,2016-10-29,WOB,LEVK,1.0,2.0,-1,0.0,3.0,2.7,3.4,2.6
2016,2016-10-28,MGL,EINF,0.0,0.0,0,1.0,1.0,1.85,3.5,4.5
2016,2016-10-23,RBL,WERB,3.0,1.0,1,3.0,0.0,1.5,4.0,7.0
2016,2016-10-23,SCH,MAI,3.0,0.0,1,3.0,0.0,1.95,3.6,3.8
2016,2016-10-22,BAY,MGL,2.0,0.0,1,3.0,0.0,1.2,7.5,12.0
2016,2016-10-22,DAR,WOB,3.0,1.0,1,3.0,0.0,4.5,3.6,1.8
2016,2016-10-22,FRE,AUG,2.0,1.0,1,3.0,0.0,2.1,3.3,3.7
2016,2016-10-22,HERT,KOL,2.0,1.0,1,3.0,0.0,2.5,3.2,3.0
2016,2016-10-22,ING,DOR,3.0,3.0,0,1.0,1.0,6.0,4.2,1.53
2016,2016-10-22,LEVK,HOF,0.0,3.0,-1,0.0,3.0,1.5,4.33,6.0
2016,2016-10-21,HAM,EINF,0.0,3.0,-1,0.0,3.0,2.45,3.25,3.0
2016,2016-10-16,MAI,DAR,2.0,1.0,1,3.0,0.0,1.5,4.0,7.5
2016,2016-10-16,WOB,RBL,0.0,1.0,-1,0.0,3.0,2.4,3.3,3.0
2016,2016-10-15,AUG,SCH,1.0,1.0,0,1.0,1.0,3.1,3.4,2.3
2016,2016-10-15,EINF,BAY,2.0,2.0,0,1.0,1.0,13.0,6.0,1.25
2016,2016-10-15,KOL,ING,2.0,1.0,1,3.0,0.0,1.8,3.5,4.75
2016,2016-10-15,HOF,FRE,2.0,1.0,1,3.0,0.0,2.05,3.6,3.5
2016,2016-10-15,MGL,HAM,0.0,0.0,0,1.0,1.0,1.67,3.8,5.25
2016,2016-10-15,WERB,LEVK,2.0,1.0,1,3.0,0.0,4.75,4.2,1.67
2016,2016-10-14,DOR,HERT,1.0,1.0,0,1.0,1.0,1.33,5.25,9.0
2016,2016-10-02,SCH,MGL,4.0,0.0,1,3.0,0.0,2.2,3.4,3.3
2016,2016-10-02,WOB,MAI,0.0,0.0,0,1.0,1.0,1.85,3.6,4.33
2016,2016-10-01,BAY,KOL,1.0,1.0,0,1.0,1.0,1.17,7.0,19.0
2016,2016-10-01,DAR,WERB,2.0,2.0,0,1.0,1.0,3.1,3.4,2.3
2016,2016-10-01,FRE,EINF,1.0,0.0,1,3.0,0.0,2.3,3.3,3.2
2016,2016-10-01,HERT,HAM,2.0,0.0,1,3.0,0.0,2.0,3.25,4.2
2016,2016-10-01,ING,HOF,1.0,2.0,-1,0.0,3.0,2.05,3.4,3.75
2016,2016-10-01,LEVK,DOR,2.0,0.0,1,3.0,0.0,3.8,3.6,1.95
2016,2016-09-30,RBL,AUG,2.0,1.0,1,3.0,0.0,1.65,3.75,5.75
2016,2016-09-25,KOL,RBL,1.0,1.0,0,1.0,1.0,2.3,3.3,3.2
2016,2016-09-25,HOF,SCH,2.0,1.0,1,3.0,0.0,2.7,3.4,2.6
2016,2016-09-24,AUG,DAR,1.0,0.0,1,3.0,0.0,1.67,3.75,5.5
2016,2016-09-24,EINF,HERT,3.0,3.0,0,1.0,1.0,2.25,3.2,3.4
2016,2016-09-24,HAM,BAY,0.0,1.0,-1,0.0,3.0,13.0,7.0,1.2
2016,2016-09-24,MAI,LEVK,2.0,3.0,-1,0.0,3.0,3.0,3.3,2.4
2016,2016-09-24,MGL,ING,2.0,0.0,1,3.0,0.0,1.8,3.6,4.75
2016,2016-09-24,WERB,WOB,2.0,1.0,1,3.0,0.0,3.9,3.75,1.91
2016,2016-09-23,DOR,FRE,3.0,1.0,1,3.0,0.0,1.18,7.5,15.0
2016,2016-09-21,BAY,HERT,3.0,0.0,1,3.0,0.0,1.14,9.0,17.0
2016,2016-09-21,LEVK,AUG,0.0,0.0,0,1.0,1.0,1.45,4.5,7.0
2016,2016-09-21,RBL,MGL,1.0,1.0,0,1.0,1.0,2.38,3.5,3.0
2016,2016-09-21,SCH,KOL,1.0,3.0,-1,0.0,3.0,2.1,3.4,3.6
2016,2016-09-21,WERB,MAI,1.0,2.0,-1,0.0,3.0,3.0,3.5,2.3
2016,2016-09-20,DAR,HOF,1.0,1.0,0,1.0,1.0,3.5,3.5,2.1
2016,2016-09-20,FRE,HAM,1.0,0.0,1,3.0,0.0,2.3,3.4,3.1
2016,2016-09-20,ING,EINF,0.0,2.0,-1,0.0,3.0,2.25,3.25,3.4
2016,2016-09-20,WOB,DOR,1.0,5.0,-1,0.0,3.0,4.75,3.75,1.75
2016,2016-09-18,AUG,MAI,1.0,3.0,-1,0.0,3.0,2.38,3.4,3.0
2016,2016-09-18,HERT,SCH,2.0,0.0,1,3.0,0.0,2.5,3.4,2.8
2016,2016-09-17,BAY,ING,3.0,1.0,1,3.0,0.0,1.07,12.0,34.0
2016,2016-09-17,DOR,DAR,6.0,0.0,1,3.0,0.0,1.13,9.0,21.0
2016,2016-09-17,EINF,LEVK,2.0,1.0,1,3.0,0.0,4.0,3.5,1.95
2016,2016-09-17,HAM,RBL,0.0,4.0,-1,0.0,3.0,2.75,3.25,2.63
2016,2016-09-17,HOF,WOB,0.0,0.0,0,1.0,1.0,3.1,3.6,2.25
2016,2016-09-17,MGL,WERB,4.0,1.0,1,3.0,0.0,1.44,4.5,7.5
2016,2016-09-16,KOL,FRE,3.0,0.0,1,3.0,0.0,1.8,3.6,4.5
2016,2016-09-11,MAI,HOF,4.0,4.0,0,1.0,1.0,2.0,3.5,3.75
2016,2016-09-11,WERB,AUG,1.0,2.0,-1,0.0,3.0,2.3,3.4,3.1
2016,2016-09-10,DAR,EINF,1.0,0.0,1,3.0,0.0,3.0,3.3,2.4
2016,2016-09-10,FRE,MGL,3.0,1.0,1,3.0,0.0,3.6,3.6,2.0
2016,2016-09-10,ING,HERT,0.0,2.0,-1,0.0,3.0,2.4,3.1,3.2
2016,2016-09-10,LEVK,HAM,3.0,1.0,1,3.0,0.0,1.45,4.5,7.0
2016,2016-09-10,RBL,DOR,1.0,0.0,1,3.0,0.0,5.25,4.2,1.62
2016,2016-09-10,WOB,KOL,0.0,0.0,0,1.0,1.0,1.85,3.75,4.2
2016,2016-09-09,SCH,BAY,0.0,2.0,-1,0.0,3.0,10.0,5.5,1.3
2016,2016-08-28,HERT,FRE,2.0,1.0,1,3.0,0.0,2.15,3.3,3.5
2016,2016-08-28,HOF,RBL,2.0,2.0,0,1.0,1.0,2.5,3.25,2.9
2016,2016-08-27,AUG,WOB,0.0,2.0,-1,0.0,3.0,2.8,3.25,2.6
2016,2016-08-27,DOR,MAI,2.0,1.0,1,3.0,0.0,1.36,5.0,8.5
2016,2016-08-27,EINF,SCH,1.0,0.0,1,3.0,0.0,3.4,3.3,2.2
2016,2016-08-27,KOL,DAR,2.0,0.0,1,3.0,0.0,1.8,3.5,4.75
2016,2016-08-27,HAM,ING,1.0,1.0,0,1.0,1.0,2.2,3.2,3.5
2016,2016-08-27,MGL,LEVK,2.0,1.0,1,3.0,0.0,2.3,3.4,3.1
2016,2016-08-26,BAY,WERB,6.0,0.0,1,3.0,0.0,1.1,10.0,23.0
2015,2016-05-14,AUG,HAM,1.0,3.0,-1,0.0,3.0,2.0,3.5,3.8
2015,2016-05-14,BAY,HAN,3.0,1.0,1,3.0,0.0,1.08,11.0,26.0
2015,2016-05-14,DAR,MGL,0.0,2.0,-1,0.0,3.0,3.5,3.75,2.0
2015,2016-05-14,DOR,KOL,2.0,2.0,0,1.0,1.0,1.29,5.75,8.0
2015,2016-05-14,HOF,SCH,1.0,4.0,-1,0.0,3.0,3.2,3.8,2.05
2015,2016-05-14,LEVK,ING,3.0,2.0,1,3.0,0.0,1.5,4.33,6.5
2015,2016-05-14,MAI,HERT,0.0,0.0,0,1.0,1.0,2.05,3.6,3.5
2015,2016-05-14,WERB,EINF,1.0,0.0,1,3.0,0.0,2.0,3.75,3.5
2015,2016-05-14,WOB,STU,3.0,1.0,1,3.0,0.0,2.3,4.0,2.75
2015,2016-05-07,EINF,DOR,1.0,0.0,1,3.0,0.0,7.0,4.75,1.45
2015,2016-05-07,KOL,WERB,0.0,0.0,0,1.0,1.0,2.8,3.75,2.38
2015,2016-05-07,HAM,WOB,0.0,1.0,-1,0.0,3.0,2.7,3.4,2.63
2015,2016-05-07,HAN,HOF,1.0,0.0,1,3.0,0.0,3.4,3.75,2.05
2015,2016-05-07,HERT,DAR,1.0,2.0,-1,0.0,3.0,1.75,3.6,5.0
2015,2016-05-07,ING,BAY,1.0,2.0,-1,0.0,3.0,15.0,7.0,1.18
2015,2016-05-07,MGL,LEVK,2.0,1.0,1,3.0,0.0,1.91,3.8,3.8
2015,2016-05-07,SCH,AUG,1.0,1.0,0,1.0,1.0,1.7,4.2,4.5
2015,2016-05-07,STU,MAI,1.0,3.0,-1,0.0,3.0,2.1,3.8,3.2
2015,2016-05-02,WERB,STU,6.0,2.0,1,3.0,0.0,2.05,3.6,3.5
2015,2016-04-30,BAY,MGL,1.0,1.0,0,1.0,1.0,1.4,5.0,7.5
2015,2016-04-30,DAR,EINF,1.0,2.0,-1,0.0,3.0,2.5,3.2,3.0
2015,2016-04-30,DOR,WOB,5.0,1.0,1,3.0,0.0,1.36,5.0,8.5
2015,2016-04-30,HAN,SCH,1.0,3.0,-1,0.0,3.0,3.8,4.0,1.85
2015,2016-04-30,HOF,ING,2.0,1.0,1,3.0,0.0,1.8,3.6,4.6
2015,2016-04-30,LEVK,HERT,2.0,1.0,1,3.0,0.0,1.62,3.75,6.0
2015,2016-04-30,MAI,HAM,0.0,0.0,0,1.0,1.0,1.8,3.75,4.33
2015,2016-04-29,AUG,KOL,0.0,0.0,0,1.0,1.0,2.45,3.25,3.0
2015,2016-04-24,EINF,MAI,2.0,1.0,1,3.0,0.0,2.88,3.3,2.5
2015,2016-04-24,MGL,HOF,3.0,1.0,1,3.0,0.0,1.62,4.2,5.25
2015,2016-04-23,KOL,DAR,4.0,1.0,1,3.0,0.0,1.95,3.3,4.33
2015,2016-04-23,HERT,BAY,0.0,2.0,-1,0.0,3.0,9.0,4.5,1.4
2015,2016-04-23,ING,HAN,2.0,2.0,0,1.0,1.0,1.91,3.4,4.33
2015,2016-04-23,SCH,LEVK,2.0,3.0,-1,0.0,3.0,3.0,3.3,2.4
2015,2016-04-23,STU,DOR,0.0,3.0,-1,0.0,3.0,4.75,4.2,1.65
2015,2016-04-23,WOB,AUG,0.0,2.0,-1,0.0,3.0,1.8,3.75,4.33
2015,2016-04-22,HAM,WERB,2.0,1.0,1,3.0,0.0,2.6,3.5,2.63
2015,2016-04-17,DOR,HAM,3.0,0.0,1,3.0,0.0,1.33,5.25,9.0
2015,2016-04-17,MAI,KOL,2.0,3.0,-1,0.0,3.0,2.1,3.4,3.6
2015,2016-04-16,AUG,STU,1.0,0.0,1,3.0,0.0,2.45,3.6,2.75
2015,2016-04-16,BAY,SCH,3.0,0.0,1,3.0,0.0,1.18,7.5,15.0
2015,2016-04-16,DAR,ING,2.0,0.0,1,3.0,0.0,2.55,3.2,2.88
2015,2016-04-16,HOF,HERT,2.0,1.0,1,3.0,0.0,2.38,3.4,3.0
2015,2016-04-16,LEVK,EINF,3.0,0.0,1,3.0,0.0,1.36,5.25,8.0
2015,2016-04-16,WERB,WOB,3.0,2.0,1,3.0,0.0,2.5,3.5,2.75
2015,2016-04-15,HAN,MGL,2.0,0.0,1,3.0,0.0,5.5,4.0,1.62
2015,2016-04-10,KOL,LEVK,0.0,2.0,-1,0.0,3.0,3.1,3.25,2.3
2015,2016-04-10,SCH,DOR,2.0,2.0,0,1.0,1.0,4.2,4.0,1.73
2015,2016-04-09,EINF,HOF,0.0,2.0,-1,0.0,3.0,2.3,3.25,3.1
2015,2016-04-09,HAM,DAR,1.0,2.0,-1,0.0,3.0,2.05,3.4,3.6
2015,2016-04-09,ING,MGL,1.0,0.0,1,3.0,0.0,3.2,3.4,2.2
2015,2016-04-09,STU,BAY,1.0,3.0,-1,0.0,3.0,6.0,4.33,1.5
2015,2016-04-09,WERB,AUG,1.0,2.0,-1,0.0,3.0,2.05,3.4,3.5
2015,2016-04-09,WOB,MAI,1.0,1.0,0,1.0,1.0,2.2,3.4,3.25
2015,2016-04-08,HERT,HAN,2.0,2.0,0,1.0,1.0,1.5,4.2,7.0
2015,2016-04-03,HOF,KOL,1.0,1.0,0,1.0,1.0,2.38,3.3,3.1
2015,2016-04-03,MGL,HERT,5.0,0.0,1,3.0,0.0,1.83,3.6,4.33
2015,2016-04-02,BAY,EINF,1.0,0.0,1,3.0,0.0,1.13,9.0,21.0
2015,2016-04-02,DAR,STU,2.0,2.0,0,1.0,1.0,3.4,3.3,2.2
2015,2016-04-02,DOR,WERB,3.0,2.0,1,3.0,0.0,1.2,7.0,13.0
2015,2016-04-02,HAN,HAM,0.0,3.0,-1,0.0,3.0,3.1,3.25,2.38
2015,2016-04-02,ING,SCH,3.0,0.0,1,3.0,0.0,2.75,3.0,2.7
2015,2016-04-02,MAI,AUG,4.0,2.0,1,3.0,0.0,2.1,3.4,3.6
2015,2016-04-01,LEVK,WOB,3.0,0.0,1,3.0,0.0,2.0,3.2,4.0
2015,2016-03-20,AUG,DOR,1.0,3.0,-1,0.0,3.0,6.5,4.33,1.5
2015,2016-03-20,STU,LEVK,0.0,2.0,-1,0.0,3.0,2.3,3.5,2.9
2015,2016-03-19,EINF,HAN,1.0,0.0,1,3.0,0.0,1.85,3.6,4.33
2015,2016-03-19,KOL,BAY,0.0,1.0,-1,0.0,3.0,11.0,5.0,1.29
2015,2016-03-19,HAM,HOF,1.0,3.0,-1,0.0,3.0,2.25,3.4,3.2
2015,2016-03-19,HERT,ING,2.0,1.0,1,3.0,0.0,2.05,3.2,4.0
2015,2016-03-19,WERB,MAI,1.0,1.0,0,1.0,1.0,2.38,3.4,3.0
2015,2016-03-19,WOB,DAR,1.0,1.0,0,1.0,1.0,1.44,4.33,8.0
2015,2016-03-18,SCH,MGL,2.0,1.0,1,3.0,0.0,2.45,3.5,2.8
2015,2016-03-13,DOR,MAI,2.0,0.0,1,3.0,0.0,1.36,5.0,8.5
2015,2016-03-13,LEVK,HAM,1.0,0.0,1,3.0,0.0,1.67,3.75,5.5
2015,2016-03-12,BAY,WERB,5.0,0.0,1,3.0,0.0,1.13,9.0,21.0
2015,2016-03-12,DAR,AUG,2.0,2.0,0,1.0,1.0,2.8,3.1,2.7
2015,2016-03-12,HAN,KOL,0.0,2.0,-1,0.0,3.0,3.5,3.3,2.15
2015,2016-03-12,HOF,WOB,1.0,0.0,1,3.0,0.0,3.4,3.6,2.1
2015,2016-03-12,ING,STU,3.0,3.0,0,1.0,1.0,3.0,3.2,2.5
2015,2016-03-12,MGL,EINF,3.0,0.0,1,3.0,0.0,1.57,4.33,5.5
2015,2016-03-11,HERT,SCH,2.0,0.0,1,3.0,0.0,2.4,3.2,3.0
2015,2016-03-06,HAM,HERT,2.0,0.0,1,3.0,0.0,2.88,3.1,2.63
2015,2016-03-06,MAI,DAR,0.0,0.0,0,1.0,1.0,1.75,3.6,5.0
2015,2016-03-05,AUG,LEVK,3.0,3.0,0,1.0,1.0,2.9,3.3,2.5
2015,2016-03-05,DOR,BAY,0.0,0.0,0,1.0,1.0,3.1,3.4,2.3
2015,2016-03-05,EINF,ING,1.0,1.0,0,1.0,1.0,2.5,3.2,3.0
2015,2016-03-05,KOL,SCH,1.0,3.0,-1,0.0,3.0,2.4,3.2,3.1
2015,2016-03-05,STU,HOF,5.0,1.0,1,3.0,0.0,1.91,3.6,4.0
2015,2016-03-05,WERB,HAN,4.0,1.0,1,3.0,0.0,1.73,3.8,4.75
2015,2016-03-05,WOB,MGL,2.0,1.0,1,3.0,0.0,1.95,3.75,3.6
2015,2016-03-02,BAY,MAI,1.0,2.0,-1,0.0,3.0,1.13,9.0,21.0
2015,2016-03-02,DAR,DOR,0.0,2.0,-1,0.0,3.0,8.0,4.75,1.4
2015,2016-03-02,HERT,EINF,2.0,0.0,1,3.0,0.0,1.85,3.6,4.33
2015,2016-03-02,HOF,AUG,2.0,1.0,1,3.0,0.0,2.25,3.4,3.3
2015,2016-03-02,LEVK,WERB,1.0,4.0,-1,0.0,3.0,1.44,4.75,7.0
2015,2016-03-02,MGL,STU,4.0,0.0,1,3.0,0.0,2.05,3.8,3.4
2015,2016-03-02,SCH,HAM,3.0,2.0,1,3.0,0.0,1.85,3.6,4.33
2015,2016-03-01,HAN,WOB,0.0,4.0,-1,0.0,3.0,4.2,3.75,1.85
2015,2016-03-01,ING,KOL,1.0,1.0,0,1.0,1.0,2.5,3.1,3.0
2015,2016-02-28,AUG,MGL,2.0,2.0,0,1.0,1.0,2.7,3.4,2.6
2015,2016-02-28,DOR,HOF,3.0,1.0,1,3.0,0.0,1.18,7.0,17.0
2015,2016-02-28,EINF,SCH,0.0,0.0,0,1.0,1.0,3.2,3.4,2.25
2015,2016-02-28,MAI,LEVK,3.0,1.0,1,3.0,0.0,3.75,3.5,2.0
2015,2016-02-27,HAM,ING,1.0,1.0,0,1.0,1.0,2.4,3.0,3.3
2015,2016-02-27,STU,HAN,1.0,2.0,-1,0.0,3.0,1.53,4.0,6.5
2015,2016-02-27,WERB,DAR,2.0,2.0,0,1.0,1.0,2.1,3.4,3.6
2015,2016-02-27,WOB,BAY,0.0,2.0,-1,0.0,3.0,9.0,4.5,1.4
2015,2016-02-26,KOL,HERT,0.0,1.0,-1,0.0,3.0,2.1,3.3,3.75
2015,2016-02-21,HAN,AUG,0.0,1.0,-1,0.0,3.0,2.63,3.3,2.75
2015,2016-02-21,LEVK,DOR,0.0,1.0,-1,0.0,3.0,3.4,3.5,2.1
2015,2016-02-21,SCH,STU,1.0,1.0,0,1.0,1.0,2.15,3.75,3.1
2015,2016-02-20,BAY,DAR,3.0,1.0,1,3.0,0.0,1.08,12.0,26.0
2015,2016-02-20,HERT,WOB,1.0,1.0,0,1.0,1.0,2.75,3.3,2.6
2015,2016-02-20,HOF,MAI,3.0,2.0,1,3.0,0.0,2.4,3.4,2.9
2015,2016-02-20,ING,WERB,2.0,0.0,1,3.0,0.0,2.1,3.3,3.6
2015,2016-02-20,MGL,KOL,1.0,0.0,1,3.0,0.0,1.91,3.6,4.0
2015,2016-02-19,EINF,HAM,0.0,0.0,0,1.0,1.0,2.25,3.5,3.0
2015,2016-02-14,AUG,BAY,1.0,3.0,-1,0.0,3.0,13.0,6.0,1.22
2015,2016-02-14,HAM,MGL,3.0,2.0,1,3.0,0.0,3.3,3.6,2.1
2015,2016-02-13,DAR,LEVK,1.0,2.0,-1,0.0,3.0,4.75,3.75,1.75
2015,2016-02-13,DOR,HAN,1.0,0.0,1,3.0,0.0,1.14,8.5,17.0
2015,2016-02-13,KOL,EINF,3.0,1.0,1,3.0,0.0,1.91,3.8,3.8
2015,2016-02-13,STU,HERT,2.0,0.0,1,3.0,0.0,2.1,3.5,3.5
2015,2016-02-13,WERB,HOF,1.0,1.0,0,1.0,1.0,2.2,3.5,3.25
2015,2016-02-13,WOB,ING,2.0,0.0,1,3.0,0.0,1.73,3.6,5.25
2015,2016-02-12,MAI,SCH,2.0,1.0,1,3.0,0.0,2.9,3.4,2.45
2015,2016-02-07,HAM,KOL,1.0,1.0,0,1.0,1.0,2.5,3.2,3.0
2015,2016-02-07,HOF,DAR,0.0,2.0,-1,0.0,3.0,2.0,3.3,4.0
2015,2016-02-06,EINF,STU,2.0,4.0,-1,0.0,3.0,2.7,3.6,2.5
2015,2016-02-06,HAN,MAI,0.0,1.0,-1,0.0,3.0,2.75,3.3,2.6
2015,2016-02-06,HERT,DOR,0.0,0.0,0,1.0,1.0,6.5,4.33,1.5
2015,2016-02-06,ING,AUG,2.0,1.0,1,3.0,0.0,2.5,3.1,3.1
2015,2016-02-06,LEVK,BAY,0.0,0.0,0,1.0,1.0,5.25,4.2,1.6
2015,2016-02-06,SCH,WOB,3.0,0.0,1,3.0,0.0,2.45,3.5,2.8
2015,2016-02-05,MGL,WERB,5.0,1.0,1,3.0,0.0,1.7,4.0,4.5
2015,2016-01-31,BAY,HOF,2.0,0.0,1,3.0,0.0,1.08,13.0,21.0
2015,2016-01-31,WOB,KOL,1.0,1.0,0,1.0,1.0,1.57,4.0,5.75
2015,2016-01-30,AUG,EINF,0.0,0.0,0,1.0,1.0,1.95,3.6,4.0
2015,2016-01-30,DAR,SCH,0.0,2.0,-1,0.0,3.0,3.4,3.4,2.15
2015,2016-01-30,DOR,ING,2.0,0.0,1,3.0,0.0,1.17,7.0,19.0
2015,2016-01-30,LEVK,HAN,3.0,0.0,1,3.0,0.0,1.25,6.0,12.0
2015,2016-01-30,STU,HAM,2.0,1.0,1,3.0,0.0,1.95,3.6,3.8
2015,2016-01-30,WERB,HERT,3.0,3.0,0,1.0,1.0,2.5,3.3,2.8
2015,2016-01-29,MAI,MGL,1.0,0.0,1,3.0,0.0,2.6,3.4,2.7
2015,2016-01-24,EINF,WOB,3.0,2.0,1,3.0,0.0,3.6,3.5,2.05
2015,2016-01-24,SCH,WERB,1.0,3.0,-1,0.0,3.0,1.67,4.0,5.0
2015,2016-01-23,KOL,STU,1.0,3.0,-1,0.0,3.0,2.15,3.5,3.3
2015,2016-01-23,HAN,DAR,1.0,2.0,-1,0.0,3.0,2.3,3.3,3.2
2015,2016-01-23,HERT,AUG,0.0,0.0,0,1.0,1.0,2.2,3.3,3.4
2015,2016-01-23,HOF,LEVK,1.0,1.0,0,1.0,1.0,4.33,3.8,1.8
2015,2016-01-23,ING,MAI,1.0,0.0,1,3.0,0.0,2.4,3.2,3.1
2015,2016-01-23,MGL,DOR,1.0,3.0,-1,0.0,3.0,4.5,4.2,1.7
2015,2016-01-22,HAM,BAY,1.0,2.0,-1,0.0,3.0,13.0,6.5,1.22
2015,2015-12-20,HERT,MAI,2.0,0.0,1,3.0,0.0,2.15,3.4,3.4
2015,2015-12-20,MGL,DAR,3.0,2.0,1,3.0,0.0,1.5,4.33,6.5
2015,2015-12-19,EINF,WERB,2.0,1.0,1,3.0,0.0,2.25,3.4,3.2
2015,2015-12-19,KOL,DOR,2.0,1.0,1,3.0,0.0,7.0,4.75,1.44
2015,2015-12-19,HAM,AUG,0.0,1.0,-1,0.0,3.0,2.4,3.3,3.0
2015,2015-12-19,HAN,BAY,0.0,1.0,-1,0.0,3.0,15.0,6.5,1.2
2015,2015-12-19,ING,LEVK,0.0,1.0,-1,0.0,3.0,4.75,3.5,1.8
2015,2015-12-19,STU,WOB,3.0,1.0,1,3.0,0.0,3.5,3.6,2.0
2015,2015-12-18,SCH,HOF,1.0,0.0,1,3.0,0.0,1.67,4.0,5.0
2015,2015-12-13,AUG,SCH,2.0,1.0,1,3.0,0.0,2.63,3.5,2.63
2015,2015-12-13,DOR,EINF,4.0,1.0,1,3.0,0.0,1.17,8.0,15.0
2015,2015-12-12,BAY,ING,2.0,0.0,1,3.0,0.0,1.07,13.0,29.0
2015,2015-12-12,DAR,HERT,0.0,4.0,-1,0.0,3.0,3.1,3.1,2.5
2015,2015-12-12,HOF,HAN,1.0,0.0,1,3.0,0.0,1.8,3.5,4.5
2015,2015-12-12,LEVK,MGL,5.0,0.0,1,3.0,0.0,1.95,3.75,3.75
2015,2015-12-12,WERB,KOL,1.0,1.0,0,1.0,1.0,2.5,3.3,2.88
2015,2015-12-12,WOB,HAM,1.0,1.0,0,1.0,1.0,1.57,4.2,5.75
2015,2015-12-11,MAI,STU,0.0,0.0,0,1.0,1.0,2.05,3.6,3.5
2015,2015-12-06,EINF,DAR,0.0,1.0,-1,0.0,3.0,1.91,3.4,4.33
2015,2015-12-06,STU,WERB,1.0,1.0,0,1.0,1.0,1.95,3.75,3.75
2015,2015-12-05,KOL,AUG,0.0,1.0,-1,0.0,3.0,2.2,3.3,3.4
2015,2015-12-05,HAM,MAI,1.0,3.0,-1,0.0,3.0,2.25,3.4,3.2
2015,2015-12-05,HERT,LEVK,2.0,1.0,1,3.0,0.0,3.75,3.4,2.05
2015,2015-12-05,ING,HOF,1.0,1.0,0,1.0,1.0,2.25,3.3,3.3
2015,2015-12-05,MGL,BAY,3.0,1.0,1,3.0,0.0,9.0,5.25,1.33
2015,2015-12-05,WOB,DOR,1.0,2.0,-1,0.0,3.0,4.0,4.33,1.75
2015,2015-12-04,SCH,HAN,3.0,1.0,1,3.0,0.0,1.6,4.0,5.75
2015,2015-11-29,AUG,WOB,0.0,0.0,0,1.0,1.0,3.3,3.4,2.2
2015,2015-11-29,DOR,STU,4.0,1.0,1,3.0,0.0,1.2,7.5,12.0
2015,2015-11-29,LEVK,SCH,1.0,1.0,0,1.0,1.0,1.62,4.2,5.25
2015,2015-11-28,BAY,HERT,2.0,0.0,1,3.0,0.0,1.08,11.0,26.0
2015,2015-11-28,HAN,ING,4.0,0.0,1,3.0,0.0,2.6,3.2,2.8
2015,2015-11-28,HOF,MGL,3.0,3.0,0,1.0,1.0,3.1,3.5,2.25
2015,2015-11-28,MAI,EINF,2.0,1.0,1,3.0,0.0,2.2,3.5,3.2
2015,2015-11-28,WERB,HAM,1.0,3.0,-1,0.0,3.0,2.25,3.4,3.2
2015,2015-11-27,DAR,KOL,0.0,0.0,0,1.0,1.0,2.9,3.1,2.6
2015,2015-11-22,HERT,HOF,1.0,0.0,1,3.0,0.0,2.0,3.5,3.8
2015,2015-11-22,ING,DAR,3.0,1.0,1,3.0,0.0,2.05,3.25,4.0
2015,2015-11-21,EINF,LEVK,1.0,3.0,-1,0.0,3.0,3.8,3.6,1.95
2015,2015-11-21,KOL,MAI,0.0,0.0,0,1.0,1.0,2.15,3.5,3.3
2015,2015-11-21,MGL,HAN,2.0,1.0,1,3.0,0.0,1.5,4.2,7.0
2015,2015-11-21,SCH,BAY,1.0,3.0,-1,0.0,3.0,13.0,6.5,1.22
2015,2015-11-21,STU,AUG,0.0,4.0,-1,0.0,3.0,1.95,3.8,3.6
2015,2015-11-21,WOB,WERB,6.0,0.0,1,3.0,0.0,1.57,4.0,5.75
2015,2015-11-20,HAM,DOR,3.0,1.0,1,3.0,0.0,8.5,5.0,1.36
2015,2015-11-08,AUG,WERB,1.0,2.0,-1,0.0,3.0,2.2,3.4,3.3
2015,2015-11-08,DOR,SCH,3.0,2.0,1,3.0,0.0,1.3,6.0,8.5
2015,2015-11-07,BAY,STU,4.0,0.0,1,3.0,0.0,1.1,11.0,21.0
2015,2015-11-07,DAR,HAM,1.0,1.0,0,1.0,1.0,2.75,3.0,2.8
2015,2015-11-07,HOF,EINF,0.0,0.0,0,1.0,1.0,2.1,3.6,3.4
2015,2015-11-07,LEVK,KOL,1.0,2.0,-1,0.0,3.0,1.5,4.33,6.5
2015,2015-11-07,MAI,WOB,2.0,0.0,1,3.0,0.0,3.3,3.6,2.15
2015,2015-11-07,MGL,ING,0.0,0.0,0,1.0,1.0,1.62,3.8,6.0
2015,2015-11-06,HAN,HERT,1.0,3.0,-1,0.0,3.0,2.63,3.3,2.7
2015,2015-11-01,HAM,HAN,1.0,2.0,-1,0.0,3.0,2.0,3.3,4.0
2015,2015-11-01,STU,DAR,2.0,0.0,1,3.0,0.0,1.67,4.0,5.0
2015,2015-10-31,AUG,MAI,3.0,3.0,0,1.0,1.0,2.3,3.4,3.1
2015,2015-10-31,KOL,HOF,0.0,0.0,0,1.0,1.0,2.05,3.5,3.4
2015,2015-10-31,HERT,MGL,1.0,4.0,-1,0.0,3.0,3.0,3.3,2.4
2015,2015-10-31,SCH,ING,1.0,1.0,0,1.0,1.0,1.8,3.5,4.75
2015,2015-10-31,WERB,DOR,1.0,3.0,-1,0.0,3.0,7.5,5.0,1.4
2015,2015-10-31,WOB,LEVK,2.0,1.0,1,3.0,0.0,2.63,3.4,2.7
2015,2015-10-30,EINF,BAY,0.0,0.0,0,1.0,1.0,15.0,8.0,1.17
2015,2015-10-25,DOR,AUG,5.0,1.0,1,3.0,0.0,1.2,7.0,13.0
2015,2015-10-25,MGL,SCH,3.0,1.0,1,3.0,0.0,2.15,3.5,3.3
2015,2015-10-24,BAY,KOL,4.0,0.0,1,3.0,0.0,1.1,9.0,29.0
2015,2015-10-24,DAR,WOB,0.0,1.0,-1,0.0,3.0,4.75,3.75,1.75
2015,2015-10-24,HAN,EINF,1.0,2.0,-1,0.0,3.0,2.5,3.4,2.8
2015,2015-10-24,ING,HERT,0.0,1.0,-1,0.0,3.0,2.4,3.2,3.1
2015,2015-10-24,LEVK,STU,4.0,3.0,1,3.0,0.0,1.57,4.33,5.5
2015,2015-10-24,MAI,WERB,1.0,3.0,-1,0.0,3.0,2.05,3.5,3.6
2015,2015-10-23,HOF,HAM,0.0,1.0,-1,0.0,3.0,2.1,3.6,3.4
2015,2015-10-18,KOL,HAN,0.0,1.0,-1,0.0,3.0,1.95,3.5,4.0
2015,2015-10-18,STU,ING,1.0,0.0,1,3.0,0.0,1.8,3.75,4.33
2015,2015-10-17,AUG,DAR,0.0,2.0,-1,0.0,3.0,1.8,3.5,4.75
2015,2015-10-17,EINF,MGL,1.0,5.0,-1,0.0,3.0,2.45,3.4,2.88
2015,2015-10-17,HAM,LEVK,0.0,0.0,0,1.0,1.0,4.75,3.5,1.8
2015,2015-10-17,SCH,HERT,2.0,1.0,1,3.0,0.0,1.75,3.75,4.75
2015,2015-10-17,WERB,BAY,0.0,1.0,-1,0.0,3.0,17.0,7.0,1.18
2015,2015-10-17,WOB,HOF,4.0,2.0,1,3.0,0.0,1.62,4.33,5.0
2015,2015-10-16,MAI,DOR,0.0,2.0,-1,0.0,3.0,5.75,4.75,1.5
2015,2015-10-04,BAY,DOR,5.0,1.0,1,3.0,0.0,1.5,4.33,6.5
2015,2015-10-04,LEVK,AUG,1.0,1.0,0,1.0,1.0,1.4,4.75,8.0
2015,2015-10-04,SCH,KOL,0.0,3.0,-1,0.0,3.0,1.73,3.8,4.8
2015,2015-10-03,HAN,WERB,1.0,0.0,1,3.0,0.0,2.6,3.4,2.7
2015,2015-10-03,HERT,HAM,3.0,0.0,1,3.0,0.0,2.2,3.2,3.5
2015,2015-10-03,HOF,STU,2.0,2.0,0,1.0,1.0,2.45,3.75,2.65
2015,2015-10-03,ING,EINF,2.0,0.0,1,3.0,0.0,2.5,3.25,2.9
2015,2015-10-03,MGL,WOB,2.0,0.0,1,3.0,0.0,2.6,3.4,2.7
2015,2015-10-02,DAR,MAI,2.0,3.0,-1,0.0,3.0,3.1,3.25,2.4
2015,2015-09-27,DOR,DAR,2.0,2.0,0,1.0,1.0,1.14,8.5,17.0
2015,2015-09-27,EINF,HERT,1.0,1.0,0,1.0,1.0,1.95,3.5,4.0
2015,2015-09-26,AUG,HOF,1.0,3.0,-1,0.0,3.0,2.25,3.5,3.1
2015,2015-09-26,HAM,SCH,0.0,1.0,-1,0.0,3.0,2.88,3.5,2.4
2015,2015-09-26,MAI,BAY,0.0,3.0,-1,0.0,3.0,12.0,6.0,1.25
2015,2015-09-26,STU,MGL,1.0,3.0,-1,0.0,3.0,2.1,3.5,3.4
2015,2015-09-26,WERB,LEVK,0.0,3.0,-1,0.0,3.0,3.8,3.6,1.95
2015,2015-09-26,WOB,HAN,1.0,1.0,0,1.0,1.0,1.4,4.75,8.0
2015,2015-09-25,KOL,ING,1.0,1.0,0,1.0,1.0,2.05,3.3,3.8
2015,2015-09-23,HAN,STU,1.0,3.0,-1,0.0,3.0,2.88,3.5,2.4
2015,2015-09-23,HOF,DOR,1.0,1.0,0,1.0,1.0,7.0,4.75,1.44
2015,2015-09-23,LEVK,MAI,1.0,0.0,1,3.0,0.0,1.53,4.33,6.0
2015,2015-09-23,MGL,AUG,4.0,2.0,1,3.0,0.0,2.15,3.4,3.4
2015,2015-09-23,SCH,EINF,2.0,0.0,1,3.0,0.0,1.83,3.8,4.2
2015,2015-09-22,BAY,WOB,5.0,1.0,1,3.0,0.0,1.25,6.0,12.0
2015,2015-09-22,DAR,WERB,2.0,1.0,1,3.0,0.0,2.63,3.25,2.8
2015,2015-09-22,HERT,KOL,2.0,0.0,1,3.0,0.0,2.38,3.25,3.1
2015,2015-09-22,ING,HAM,0.0,1.0,-1,0.0,3.0,2.3,3.3,3.25
2015,2015-09-20,AUG,HAN,2.0,0.0,1,3.0,0.0,2.0,3.5,3.75
2015,2015-09-20,DOR,LEVK,3.0,0.0,1,3.0,0.0,1.73,4.0,4.5
2015,2015-09-20,STU,SCH,0.0,1.0,-1,0.0,3.0,2.63,3.5,2.6
2015,2015-09-19,DAR,BAY,0.0,3.0,-1,0.0,3.0,19.0,7.0,1.17
2015,2015-09-19,KOL,MGL,1.0,0.0,1,3.0,0.0,2.4,3.3,3.0
2015,2015-09-19,HAM,EINF,0.0,0.0,0,1.0,1.0,2.5,3.5,2.75
2015,2015-09-19,WERB,ING,0.0,1.0,-1,0.0,3.0,2.05,3.5,3.6
2015,2015-09-19,WOB,HERT,2.0,0.0,1,3.0,0.0,1.5,4.33,6.5
2015,2015-09-18,MAI,HOF,3.0,1.0,1,3.0,0.0,2.15,3.5,3.3
2015,2015-09-13,HOF,WERB,1.0,3.0,-1,0.0,3.0,1.95,3.75,3.75
2015,2015-09-13,SCH,MAI,2.0,1.0,1,3.0,0.0,1.85,3.75,4.2
2015,2015-09-12,BAY,AUG,2.0,1.0,1,3.0,0.0,1.13,9.5,19.0
2015,2015-09-12,EINF,KOL,6.0,2.0,1,3.0,0.0,2.3,3.3,3.2
2015,2015-09-12,HAN,DOR,2.0,4.0,-1,0.0,3.0,7.5,4.5,1.44
2015,2015-09-12,HERT,STU,2.0,1.0,1,3.0,0.0,2.5,3.4,2.8
2015,2015-09-12,ING,WOB,0.0,0.0,0,1.0,1.0,4.0,3.6,1.91
2015,2015-09-12,LEVK,DAR,0.0,1.0,-1,0.0,3.0,1.25,6.0,13.0
2015,2015-09-11,MGL,HAM,0.0,3.0,-1,0.0,3.0,1.67,4.0,5.0
2015,2015-08-30,DOR,HERT,3.0,1.0,1,3.0,0.0,1.2,6.5,17.0
2015,2015-08-30,WERB,MGL,2.0,1.0,1,3.0,0.0,3.2,3.4,2.25
2015,2015-08-29,AUG,ING,0.0,1.0,-1,0.0,3.0,2.0,3.4,3.8
2015,2015-08-29,BAY,LEVK,3.0,0.0,1,3.0,0.0,1.33,5.25,9.0
2015,2015-08-29,DAR,HOF,0.0,0.0,0,1.0,1.0,3.0,3.3,2.4
2015,2015-08-29,KOL,HAM,2.0,1.0,1,3.0,0.0,1.83,3.5,4.5
2015,2015-08-29,MAI,HAN,3.0,0.0,1,3.0,0.0,2.0,3.5,3.8
2015,2015-08-29,STU,EINF,1.0,4.0,-1,0.0,3.0,1.95,3.6,3.8
2015,2015-08-28,WOB,SCH,3.0,0.0,1,3.0,0.0,2.0,3.8,3.5
2015,2015-08-23,ING,DOR,0.0,4.0,-1,0.0,3.0,7.0,4.5,1.45
2015,2015-08-23,MGL,MAI,1.0,2.0,-1,0.0,3.0,1.67,4.0,5.0
2015,2015-08-22,EINF,AUG,1.0,1.0,0,1.0,1.0,2.25,3.4,3.25
2015,2015-08-22,KOL,WOB,1.0,1.0,0,1.0,1.0,4.2,3.8,1.83
2015,2015-08-22,HAM,STU,3.0,2.0,1,3.0,0.0,2.88,3.5,2.4
2015,2015-08-22,HAN,LEVK,0.0,1.0,-1,0.0,3.0,4.2,3.75,1.83
2015,2015-08-22,HOF,BAY,1.0,2.0,-1,0.0,3.0,9.5,6.0,1.25
2015,2015-08-22,SCH,DAR,1.0,1.0,0,1.0,1.0,1.44,4.5,7.5
2015,2015-08-21,HERT,WERB,1.0,1.0,0,1.0,1.0,2.05,3.5,3.6
2015,2015-08-16,STU,KOL,1.0,3.0,-1,0.0,3.0,2.05,3.3,3.8
2015,2015-08-16,WOB,EINF,2.0,1.0,1,3.0,0.0,1.44,4.75,7.0
2015,2015-08-15,AUG,HERT,0.0,1.0,-1,0.0,3.0,2.0,3.4,3.9
2015,2015-08-15,DAR,HAN,2.0,2.0,0,1.0,1.0,2.5,3.3,2.9
2015,2015-08-15,DOR,MGL,4.0,0.0,1,3.0,0.0,1.73,3.75,5.0
2015,2015-08-15,LEVK,HOF,2.0,1.0,1,3.0,0.0,1.5,4.33,6.5
2015,2015-08-15,MAI,ING,0.0,1.0,-1,0.0,3.0,2.05,3.4,3.75
2015,2015-08-15,WERB,SCH,0.0,3.0,-1,0.0,3.0,3.0,3.4,2.38
2015,2015-08-14,BAY,HAM,5.0,0.0,1,3.0,0.0,1.08,11.0,29.0
2014,2015-05-23,BAY,MAI,2.0,0.0,1,3.0,0.0,1.2,7.0,13.0
2014,2015-05-23,DOR,WERB,3.0,2.0,1,3.0,0.0,1.29,5.75,10.0
2014,2015-05-23,EINF,LEVK,2.0,1.0,1,3.0,0.0,4.5,4.33,1.67
2014,2015-05-23,KOL,WOB,2.0,2.0,0,1.0,1.0,3.8,3.8,1.91
2014,2015-05-23,HAM,SCH,2.0,0.0,1,3.0,0.0,2.4,3.6,2.8
2014,2015-05-23,HAN,FRE,2.0,1.0,1,3.0,0.0,1.95,3.6,3.8
2014,2015-05-23,HOF,HERT,2.0,1.0,1,3.0,0.0,1.91,3.75,3.9
2014,2015-05-23,MGL,AUG,1.0,3.0,-1,0.0,3.0,1.55,4.5,5.5
2014,2015-05-23,PAD,STU,1.0,2.0,-1,0.0,3.0,3.4,3.8,2.05
2014,2015-05-16,AUG,HAN,1.0,2.0,-1,0.0,3.0,2.3,3.4,3.1
2014,2015-05-16,FRE,BAY,2.0,1.0,1,3.0,0.0,7.0,4.2,1.5
2014,2015-05-16,HERT,EINF,0.0,0.0,0,1.0,1.0,2.0,3.5,3.75
2014,2015-05-16,LEVK,HOF,2.0,0.0,1,3.0,0.0,1.4,5.0,7.5
2014,2015-05-16,MAI,KOL,2.0,0.0,1,3.0,0.0,2.1,3.4,3.6
2014,2015-05-16,SCH,PAD,1.0,0.0,1,3.0,0.0,1.62,4.2,5.25
2014,2015-05-16,STU,HAM,2.0,1.0,1,3.0,0.0,1.75,3.8,4.75
2014,2015-05-16,WERB,MGL,0.0,2.0,-1,0.0,3.0,4.33,4.0,1.75
2014,2015-05-16,WOB,DOR,2.0,1.0,1,3.0,0.0,2.63,3.5,2.6
2014,2015-05-10,KOL,SCH,2.0,0.0,1,3.0,0.0,2.75,3.3,2.6
2014,2015-05-10,PAD,WOB,1.0,3.0,-1,0.0,3.0,4.75,4.2,1.67
2014,2015-05-09,BAY,AUG,0.0,1.0,-1,0.0,3.0,1.53,4.33,6.0
2014,2015-05-09,DOR,HERT,2.0,0.0,1,3.0,0.0,1.29,5.5,11.0
2014,2015-05-09,EINF,HOF,3.0,1.0,1,3.0,0.0,2.8,3.6,2.4
2014,2015-05-09,HAN,WERB,1.0,1.0,0,1.0,1.0,2.0,3.6,3.6
2014,2015-05-09,MGL,LEVK,3.0,0.0,1,3.0,0.0,2.5,3.4,2.8
2014,2015-05-09,STU,MAI,2.0,0.0,1,3.0,0.0,2.0,3.5,3.8
2014,2015-05-08,HAM,FRE,1.0,1.0,0,1.0,1.0,2.2,3.4,3.3
2014,2015-05-03,HERT,MGL,1.0,2.0,-1,0.0,3.0,5.0,3.6,1.75
2014,2015-05-03,MAI,HAM,1.0,2.0,-1,0.0,3.0,1.73,3.8,4.75
2014,2015-05-02,AUG,KOL,0.0,0.0,0,1.0,1.0,2.1,3.4,3.6
2014,2015-05-02,FRE,PAD,1.0,2.0,-1,0.0,3.0,1.91,3.6,4.0
2014,2015-05-02,HOF,DOR,1.0,1.0,0,1.0,1.0,4.0,4.0,1.83
2014,2015-05-02,LEVK,BAY,2.0,0.0,1,3.0,0.0,2.38,3.3,3.1
2014,2015-05-02,SCH,STU,3.0,2.0,1,3.0,0.0,1.91,3.6,4.0
2014,2015-05-02,WERB,EINF,1.0,0.0,1,3.0,0.0,2.05,3.75,3.4
2014,2015-05-02,WOB,HAN,2.0,2.0,0,1.0,1.0,1.4,4.75,8.0
2014,2015-04-26,MGL,WOB,1.0,0.0,1,3.0,0.0,2.4,3.5,2.88
2014,2015-04-26,PAD,WERB,2.0,2.0,0,1.0,1.0,2.7,3.4,2.6
2014,2015-04-25,BAY,HERT,1.0,0.0,1,3.0,0.0,1.17,7.5,17.0
2014,2015-04-25,DOR,EINF,2.0,0.0,1,3.0,0.0,1.33,5.25,9.0
2014,2015-04-25,KOL,LEVK,1.0,1.0,0,1.0,1.0,4.75,3.8,1.75
2014,2015-04-25,HAM,AUG,3.0,2.0,1,3.0,0.0,2.7,3.4,2.6
2014,2015-04-25,HAN,HOF,1.0,2.0,-1,0.0,3.0,2.4,3.5,2.88
2014,2015-04-25,STU,FRE,2.0,2.0,0,1.0,1.0,1.91,3.6,4.0
2014,2015-04-24,MAI,SCH,2.0,0.0,1,3.0,0.0,2.45,3.3,2.9
2014,2015-04-19,WERB,HAM,1.0,0.0,1,3.0,0.0,2.0,3.5,3.8
2014,2015-04-19,WOB,SCH,1.0,1.0,0,1.0,1.0,1.7,3.8,5.0
2014,2015-04-18,AUG,STU,2.0,1.0,1,3.0,0.0,2.2,3.4,3.3
2014,2015-04-18,DOR,PAD,3.0,0.0,1,3.0,0.0,1.22,6.5,13.0
2014,2015-04-18,FRE,MAI,2.0,3.0,-1,0.0,3.0,2.8,3.3,2.6
2014,2015-04-18,HERT,KOL,0.0,0.0,0,1.0,1.0,2.5,3.1,3.1
2014,2015-04-18,HOF,BAY,0.0,2.0,-1,0.0,3.0,5.5,4.2,1.6
2014,2015-04-18,LEVK,HAN,4.0,0.0,1,3.0,0.0,1.36,5.25,8.0
2014,2015-04-17,EINF,MGL,0.0,0.0,0,1.0,1.0,4.2,3.75,1.85
2014,2015-04-12,KOL,HOF,3.0,2.0,1,3.0,0.0,2.4,3.3,3.0
2014,2015-04-12,STU,WERB,3.0,2.0,1,3.0,0.0,2.15,3.5,3.3
2014,2015-04-11,BAY,EINF,3.0,0.0,1,3.0,0.0,1.17,7.5,17.0
2014,2015-04-11,HAM,WOB,0.0,2.0,-1,0.0,3.0,4.33,3.75,1.8
2014,2015-04-11,MAI,LEVK,2.0,3.0,-1,0.0,3.0,3.3,3.4,2.2
2014,2015-04-11,MGL,DOR,3.0,1.0,1,3.0,0.0,2.8,3.4,2.5
2014,2015-04-11,PAD,AUG,2.0,1.0,1,3.0,0.0,3.1,3.4,2.3
2014,2015-04-11,SCH,FRE,0.0,0.0,0,1.0,1.0,1.67,3.75,5.5
2014,2015-04-10,HAN,HERT,1.0,1.0,0,1.0,1.0,1.95,3.3,4.2
2014,2015-04-05,AUG,SCH,0.0,0.0,0,1.0,1.0,2.4,3.3,3.0
2014,2015-04-05,HERT,PAD,2.0,0.0,1,3.0,0.0,1.95,3.5,4.0
2014,2015-04-04,DOR,BAY,0.0,1.0,-1,0.0,3.0,3.3,3.5,2.15
2014,2015-04-04,EINF,HAN,2.0,2.0,0,1.0,1.0,2.0,3.75,3.5
2014,2015-04-04,FRE,KOL,1.0,0.0,1,3.0,0.0,2.6,3.2,2.8
2014,2015-04-04,HOF,MGL,1.0,4.0,-1,0.0,3.0,2.7,3.5,2.6
2014,2015-04-04,LEVK,HAM,4.0,0.0,1,3.0,0.0,1.36,5.0,8.5
2014,2015-04-04,WERB,MAI,0.0,0.0,0,1.0,1.0,2.5,3.4,2.8
2014,2015-04-04,WOB,STU,3.0,1.0,1,3.0,0.0,1.44,4.75,7.0
2014,2015-03-22,BAY,MGL,0.0,2.0,-1,0.0,3.0,1.17,7.5,17.0
2014,2015-03-22,MAI,WOB,1.0,1.0,0,1.0,1.0,3.25,3.6,2.15
2014,2015-03-21,KOL,WERB,1.0,1.0,0,1.0,1.0,2.2,3.4,3.3
2014,2015-03-21,FRE,AUG,2.0,0.0,1,3.0,0.0,3.0,3.4,2.38
2014,2015-03-21,HAN,DOR,2.0,3.0,-1,0.0,3.0,5.0,4.2,1.62
2014,2015-03-21,PAD,HOF,0.0,0.0,0,1.0,1.0,3.75,3.5,2.0
2014,2015-03-21,SCH,LEVK,0.0,1.0,-1,0.0,3.0,3.0,3.5,2.3
2014,2015-03-21,STU,EINF,3.0,1.0,1,3.0,0.0,2.5,3.4,2.8
2014,2015-03-20,HAM,HERT,0.0,1.0,-1,0.0,3.0,2.38,3.25,3.1
2014,2015-03-15,MGL,HAN,2.0,0.0,1,3.0,0.0,1.75,3.75,4.75
2014,2015-03-15,WOB,FRE,3.0,0.0,1,3.0,0.0,1.33,5.25,9.0
2014,2015-03-14,AUG,MAI,0.0,2.0,-1,0.0,3.0,1.95,3.5,4.0
2014,2015-03-14,DOR,KOL,0.0,0.0,0,1.0,1.0,1.33,5.0,10.0
2014,2015-03-14,EINF,PAD,4.0,0.0,1,3.0,0.0,1.73,3.8,4.75
2014,2015-03-14,HERT,SCH,2.0,2.0,0,1.0,1.0,2.75,3.25,2.63
2014,2015-03-14,HOF,HAM,3.0,0.0,1,3.0,0.0,1.75,3.75,4.75
2014,2015-03-14,WERB,BAY,0.0,4.0,-1,0.0,3.0,10.0,5.75,1.29
2014,2015-03-13,LEVK,STU,4.0,0.0,1,3.0,0.0,1.44,4.33,7.5
2014,2015-03-08,KOL,EINF,4.0,2.0,1,3.0,0.0,2.4,3.3,3.0
2014,2015-03-08,PAD,LEVK,0.0,3.0,-1,0.0,3.0,5.0,3.8,1.7
2014,2015-03-07,AUG,WOB,1.0,0.0,1,3.0,0.0,3.5,3.5,2.1
2014,2015-03-07,FRE,WERB,0.0,1.0,-1,0.0,3.0,2.6,3.4,2.7
2014,2015-03-07,HAM,DOR,0.0,0.0,0,1.0,1.0,6.0,4.33,1.53
2014,2015-03-07,HAN,BAY,1.0,3.0,-1,0.0,3.0,13.0,6.5,1.22
2014,2015-03-07,MAI,MGL,2.0,2.0,0,1.0,1.0,2.6,3.3,2.75
2014,2015-03-07,SCH,HOF,3.0,1.0,1,3.0,0.0,2.25,3.4,3.2
2014,2015-03-06,STU,HERT,0.0,0.0,0,1.0,1.0,2.1,3.3,3.6
2014,2015-03-01,MGL,PAD,2.0,0.0,1,3.0,0.0,1.57,4.2,5.75
2014,2015-03-01,WERB,WOB,3.0,5.0,-1,0.0,3.0,3.6,3.75,1.91
2014,2015-02-28,DOR,SCH,3.0,0.0,1,3.0,0.0,1.5,4.33,6.5
2014,2015-02-28,EINF,HAM,2.0,1.0,1,3.0,0.0,2.0,3.6,3.6
2014,2015-02-28,HAN,STU,1.0,1.0,0,1.0,1.0,2.1,3.5,3.4
2014,2015-02-28,HERT,AUG,1.0,0.0,1,3.0,0.0,2.8,3.4,2.5
2014,2015-02-28,HOF,MAI,2.0,0.0,1,3.0,0.0,2.0,3.6,3.6
2014,2015-02-28,LEVK,FRE,1.0,0.0,1,3.0,0.0,1.36,4.75,9.0
2014,2015-02-27,BAY,KOL,4.0,1.0,1,3.0,0.0,1.1,10.0,26.0
2014,2015-02-22,HAM,MGL,1.0,1.0,0,1.0,1.0,3.1,3.4,2.3
2014,2015-02-22,WOB,HERT,2.0,1.0,1,3.0,0.0,1.33,5.25,9.0
2014,2015-02-21,AUG,LEVK,2.0,2.0,0,1.0,1.0,3.1,3.4,2.3
2014,2015-02-21,KOL,HAN,1.0,1.0,0,1.0,1.0,2.3,3.2,3.3
2014,2015-02-21,FRE,HOF,1.0,1.0,0,1.0,1.0,3.1,3.5,2.25
2014,2015-02-21,MAI,EINF,3.0,1.0,1,3.0,0.0,2.4,3.5,2.9
2014,2015-02-21,PAD,BAY,0.0,6.0,-1,0.0,3.0,17.0,7.5,1.17
2014,2015-02-21,SCH,WERB,1.0,1.0,0,1.0,1.0,2.05,3.5,3.6
2014,2015-02-20,STU,DOR,2.0,3.0,-1,0.0,3.0,6.0,4.0,1.57
2014,2015-02-15,HAN,PAD,1.0,2.0,-1,0.0,3.0,1.85,3.6,4.33
2014,2015-02-15,HERT,FRE,0.0,2.0,-1,0.0,3.0,2.15,3.4,3.5
2014,2015-02-14,BAY,HAM,8.0,0.0,1,3.0,0.0,1.09,11.0,26.0
2014,2015-02-14,EINF,SCH,1.0,0.0,1,3.0,0.0,2.3,3.6,3.0
2014,2015-02-14,HOF,STU,2.0,1.0,1,3.0,0.0,1.95,3.7,3.8
2014,2015-02-14,LEVK,WOB,4.0,5.0,-1,0.0,3.0,2.3,3.5,3.0
2014,2015-02-14,MGL,KOL,1.0,0.0,1,3.0,0.0,1.73,3.6,5.25
2014,2015-02-14,WERB,AUG,3.0,2.0,1,3.0,0.0,2.6,3.4,2.7
2014,2015-02-13,DOR,MAI,4.0,2.0,1,3.0,0.0,1.33,5.25,9.5
2014,2015-02-08,AUG,EINF,2.0,2.0,0,1.0,1.0,1.91,3.8,3.8
2014,2015-02-08,WERB,LEVK,2.0,1.0,1,3.0,0.0,4.2,3.75,1.85
2014,2015-02-07,KOL,PAD,0.0,0.0,0,1.0,1.0,1.95,3.5,4.0
2014,2015-02-07,FRE,DOR,0.0,3.0,-1,0.0,3.0,5.5,4.0,1.62
2014,2015-02-07,HAM,HAN,2.0,1.0,1,3.0,0.0,2.3,3.3,3.2
2014,2015-02-07,MAI,HERT,0.0,2.0,-1,0.0,3.0,1.91,3.6,4.0
2014,2015-02-07,STU,BAY,0.0,2.0,-1,0.0,3.0,13.0,7.0,1.2
2014,2015-02-07,WOB,HOF,3.0,0.0,1,3.0,0.0,1.57,4.33,5.5
2014,2015-02-06,SCH,MGL,1.0,0.0,1,3.0,0.0,2.6,3.3,2.75
2014,2015-02-04,DOR,AUG,0.0,1.0,-1,0.0,3.0,1.44,4.5,7.5
2014,2015-02-04,KOL,STU,0.0,0.0,0,1.0,1.0,2.25,3.4,3.2
2014,2015-02-04,HERT,LEVK,0.0,1.0,-1,0.0,3.0,5.5,3.75,1.67
2014,2015-02-04,HOF,WERB,1.0,2.0,-1,0.0,3.0,1.67,4.2,4.75
2014,2015-02-04,PAD,HAM,0.0,3.0,-1,0.0,3.0,2.5,3.3,2.88
2014,2015-02-03,BAY,SCH,1.0,1.0,0,1.0,1.0,1.13,9.0,19.0
2014,2015-02-03,EINF,WOB,1.0,1.0,0,1.0,1.0,3.8,4.0,1.85
2014,2015-02-03,HAN,MAI,1.0,1.0,0,1.0,1.0,2.25,3.4,3.25
2014,2015-02-03,MGL,FRE,1.0,0.0,1,3.0,0.0,1.53,4.33,6.0
2014,2015-02-01,AUG,HOF,3.0,1.0,1,3.0,0.0,2.4,3.4,2.9
2014,2015-02-01,WERB,HERT,2.0,0.0,1,3.0,0.0,2.38,3.4,3.0
2014,2015-01-31,FRE,EINF,4.0,1.0,1,3.0,0.0,2.63,3.5,2.63
2014,2015-01-31,HAM,KOL,0.0,2.0,-1,0.0,3.0,2.2,3.3,3.4
2014,2015-01-31,LEVK,DOR,0.0,0.0,0,1.0,1.0,2.5,3.4,2.8
2014,2015-01-31,MAI,PAD,5.0,0.0,1,3.0,0.0,2.05,3.5,3.6
2014,2015-01-31,SCH,HAN,1.0,0.0,1,3.0,0.0,1.95,3.5,4.0
2014,2015-01-31,STU,MGL,0.0,1.0,-1,0.0,3.0,3.0,3.4,2.38
2014,2015-01-30,WOB,BAY,4.0,1.0,1,3.0,0.0,6.5,4.33,1.5
2014,2014-12-21,FRE,HAN,2.0,2.0,0,1.0,1.0,2.45,3.4,2.88
2014,2014-12-21,HERT,HOF,0.0,5.0,-1,0.0,3.0,2.5,3.4,2.8
2014,2014-12-20,AUG,MGL,2.0,1.0,1,3.0,0.0,2.5,3.4,2.8
2014,2014-12-20,LEVK,EINF,1.0,1.0,0,1.0,1.0,1.44,4.75,7.0
2014,2014-12-20,SCH,HAM,0.0,0.0,0,1.0,1.0,1.8,3.6,4.5
2014,2014-12-20,STU,PAD,0.0,0.0,0,1.0,1.0,1.85,3.8,4.0
2014,2014-12-20,WERB,DOR,2.0,1.0,1,3.0,0.0,6.5,4.33,1.5
2014,2014-12-20,WOB,KOL,2.0,1.0,1,3.0,0.0,1.5,4.2,7.0
2014,2014-12-19,MAI,BAY,1.0,2.0,-1,0.0,3.0,15.0,7.0,1.2
2014,2014-12-17,DOR,WOB,2.0,2.0,0,1.0,1.0,1.85,3.75,4.2
2014,2014-12-17,EINF,HERT,4.0,4.0,0,1.0,1.0,2.05,3.5,3.6
2014,2014-12-17,HOF,LEVK,0.0,1.0,-1,0.0,3.0,3.25,3.75,2.1
2014,2014-12-17,MGL,WERB,4.0,1.0,1,3.0,0.0,1.44,4.75,7.0
2014,2014-12-17,PAD,SCH,1.0,2.0,-1,0.0,3.0,2.75,3.5,2.5
2014,2014-12-16,BAY,FRE,2.0,0.0,1,3.0,0.0,1.08,11.0,29.0
2014,2014-12-16,KOL,MAI,0.0,0.0,0,1.0,1.0,2.25,3.4,3.2
2014,2014-12-16,HAM,STU,0.0,1.0,-1,0.0,3.0,2.1,3.4,3.6
2014,2014-12-16,HAN,AUG,2.0,0.0,1,3.0,0.0,2.3,3.3,3.1
2014,2014-12-14,LEVK,MGL,1.0,1.0,0,1.0,1.0,1.67,4.0,5.0
2014,2014-12-14,WOB,PAD,1.0,1.0,0,1.0,1.0,1.36,5.25,8.0
2014,2014-12-13,AUG,BAY,0.0,4.0,-1,0.0,3.0,9.5,5.75,1.3
2014,2014-12-13,FRE,HAM,0.0,0.0,0,1.0,1.0,2.4,3.3,3.0
2014,2014-12-13,HERT,DOR,1.0,0.0,1,3.0,0.0,5.5,4.0,1.62
2014,2014-12-13,MAI,STU,1.0,1.0,0,1.0,1.0,2.38,3.4,3.0
2014,2014-12-13,SCH,KOL,1.0,2.0,-1,0.0,3.0,1.8,3.7,4.5
2014,2014-12-13,WERB,HAN,3.0,3.0,0,1.0,1.0,2.45,3.4,2.88
2014,2014-12-12,HOF,EINF,3.0,2.0,1,3.0,0.0,1.85,3.9,4.0
2014,2014-12-07,EINF,WERB,5.0,2.0,1,3.0,0.0,2.05,3.6,3.5
2014,2014-12-07,HAM,MAI,2.0,1.0,1,3.0,0.0,2.1,3.4,3.6
2014,2014-12-06,BAY,LEVK,1.0,0.0,1,3.0,0.0,1.25,6.0,12.0
2014,2014-12-06,KOL,AUG,1.0,2.0,-1,0.0,3.0,2.88,3.2,2.55
2014,2014-12-06,HAN,WOB,1.0,3.0,-1,0.0,3.0,3.8,3.6,1.95
2014,2014-12-06,MGL,HERT,3.0,2.0,1,3.0,0.0,1.67,3.8,5.25
2014,2014-12-06,PAD,FRE,1.0,1.0,0,1.0,1.0,2.38,3.3,3.1
2014,2014-12-06,STU,SCH,0.0,4.0,-1,0.0,3.0,2.25,3.4,3.25
2014,2014-12-05,DOR,HOF,1.0,0.0,1,3.0,0.0,1.5,4.6,6.0
2014,2014-11-30,EINF,DOR,2.0,0.0,1,3.0,0.0,5.0,4.33,1.62
2014,2014-11-30,WOB,MGL,1.0,0.0,1,3.0,0.0,1.91,3.75,3.8
2014,2014-11-29,AUG,HAM,3.0,1.0,1,3.0,0.0,2.0,3.5,3.75
2014,2014-11-29,HERT,BAY,0.0,1.0,-1,0.0,3.0,15.0,7.5,1.18
2014,2014-11-29,HOF,HAN,4.0,3.0,1,3.0,0.0,1.7,4.0,4.75
2014,2014-11-29,LEVK,KOL,5.0,1.0,1,3.0,0.0,1.5,4.33,6.5
2014,2014-11-29,SCH,MAI,4.0,1.0,1,3.0,0.0,1.95,3.7,3.75
2014,2014-11-29,WERB,PAD,4.0,0.0,1,3.0,0.0,2.2,3.5,3.25
2014,2014-11-28,FRE,STU,1.0,4.0,-1,0.0,3.0,2.25,3.4,3.1
2014,2014-11-23,HAM,WERB,2.0,0.0,1,3.0,0.0,1.91,3.6,3.75
2014,2014-11-23,STU,AUG,0.0,1.0,-1,0.0,3.0,2.38,3.5,2.8
2014,2014-11-22,BAY,HOF,4.0,0.0,1,3.0,0.0,1.14,8.0,15.0
2014,2014-11-22,KOL,HERT,1.0,2.0,-1,0.0,3.0,2.1,3.3,3.5
2014,2014-11-22,HAN,LEVK,1.0,3.0,-1,0.0,3.0,3.8,3.6,1.91
2014,2014-11-22,MAI,FRE,2.0,2.0,0,1.0,1.0,2.15,3.3,3.4
2014,2014-11-22,MGL,EINF,1.0,3.0,-1,0.0,3.0,1.36,5.0,7.5
2014,2014-11-22,PAD,DOR,2.0,2.0,0,1.0,1.0,7.0,4.75,1.4
2014,2014-11-22,SCH,WOB,3.0,2.0,1,3.0,0.0,3.0,3.4,2.3
2014,2014-11-09,DOR,MGL,1.0,0.0,1,3.0,0.0,1.57,4.33,5.0
2014,2014-11-09,WOB,HAM,2.0,0.0,1,3.0,0.0,1.57,4.2,5.25
2014,2014-11-08,AUG,PAD,3.0,0.0,1,3.0,0.0,1.73,3.8,4.5
2014,2014-11-08,EINF,BAY,0.0,4.0,-1,0.0,3.0,13.0,7.0,1.18
2014,2014-11-08,FRE,SCH,2.0,0.0,1,3.0,0.0,2.63,3.5,2.5
2014,2014-11-08,HOF,KOL,3.0,4.0,-1,0.0,3.0,1.8,3.8,4.0
2014,2014-11-08,LEVK,MAI,0.0,0.0,0,1.0,1.0,1.5,4.33,6.0
2014,2014-11-08,WERB,STU,2.0,0.0,1,3.0,0.0,2.63,3.3,2.63
2014,2014-11-07,HERT,HAN,0.0,2.0,-1,0.0,3.0,2.05,3.4,3.5
2014,2014-11-02,KOL,FRE,0.0,1.0,-1,0.0,3.0,1.91,3.6,3.8
2014,2014-11-02,MGL,HOF,3.0,1.0,1,3.0,0.0,1.95,3.5,3.75
2014,2014-11-02,PAD,HERT,3.0,1.0,1,3.0,0.0,2.5,3.5,2.63
2014,2014-11-01,BAY,DOR,2.0,1.0,1,3.0,0.0,1.44,4.5,6.5
2014,2014-11-01,HAM,LEVK,1.0,0.0,1,3.0,0.0,3.4,3.5,2.05
2014,2014-11-01,HAN,EINF,1.0,0.0,1,3.0,0.0,2.25,3.4,3.1
2014,2014-11-01,MAI,WERB,1.0,2.0,-1,0.0,3.0,1.73,4.0,4.33
2014,2014-11-01,STU,WOB,0.0,4.0,-1,0.0,3.0,3.3,3.5,2.1
2014,2014-10-31,SCH,AUG,1.0,0.0,1,3.0,0.0,1.91,3.6,3.8
2014,2014-10-26,MGL,BAY,0.0,0.0,0,1.0,1.0,8.0,4.75,1.36
2014,2014-10-26,WOB,MAI,3.0,0.0,1,3.0,0.0,1.67,3.8,5.0
2014,2014-10-25,AUG,FRE,2.0,0.0,1,3.0,0.0,1.83,3.6,4.2
2014,2014-10-25,DOR,HAN,0.0,1.0,-1,0.0,3.0,1.22,6.5,11.0
2014,2014-10-25,EINF,STU,4.0,5.0,-1,0.0,3.0,2.25,3.4,3.0
2014,2014-10-25,HERT,HAM,3.0,0.0,1,3.0,0.0,2.2,3.4,3.2
2014,2014-10-25,HOF,PAD,1.0,0.0,1,3.0,0.0,1.62,4.33,4.75
2014,2014-10-25,LEVK,SCH,1.0,0.0,1,3.0,0.0,1.67,4.1,4.5
2014,2014-10-24,WERB,KOL,0.0,1.0,-1,0.0,3.0,2.55,3.4,2.63
2014,2014-10-19,HAM,HOF,1.0,1.0,0,1.0,1.0,2.4,3.4,2.8
2014,2014-10-19,PAD,EINF,3.0,1.0,1,3.0,0.0,2.5,3.4,2.7
2014,2014-10-18,BAY,WERB,6.0,0.0,1,3.0,0.0,1.1,11.0,17.0
2014,2014-10-18,KOL,DOR,2.0,1.0,1,3.0,0.0,5.0,4.0,1.62
2014,2014-10-18,FRE,WOB,1.0,2.0,-1,0.0,3.0,3.5,3.5,2.0
2014,2014-10-18,HAN,MGL,0.0,3.0,-1,0.0,3.0,3.1,3.4,2.25
2014,2014-10-18,MAI,AUG,2.0,1.0,1,3.0,0.0,2.3,3.4,3.0
2014,2014-10-18,SCH,HERT,2.0,0.0,1,3.0,0.0,1.67,3.8,5.0
2014,2014-10-18,STU,LEVK,3.0,3.0,0,1.0,1.0,3.4,3.5,2.05
2014,2014-10-05,MGL,MAI,1.0,1.0,0,1.0,1.0,1.85,3.6,4.0
2014,2014-10-05,WOB,AUG,1.0,0.0,1,3.0,0.0,1.7,3.8,4.75
2014,2014-10-04,BAY,HAN,4.0,0.0,1,3.0,0.0,1.13,8.5,17.0
2014,2014-10-04,DOR,HAM,0.0,1.0,-1,0.0,3.0,1.33,5.25,8.0
2014,2014-10-04,EINF,KOL,3.0,2.0,1,3.0,0.0,2.3,3.2,3.2
2014,2014-10-04,HOF,SCH,2.0,1.0,1,3.0,0.0,2.3,3.6,2.88
2014,2014-10-04,LEVK,PAD,2.0,2.0,0,1.0,1.0,1.33,5.25,8.0
2014,2014-10-04,WERB,FRE,1.0,1.0,0,1.0,1.0,2.38,3.4,2.88
2014,2014-10-03,HERT,STU,3.0,2.0,1,3.0,0.0,2.25,3.4,3.1
2014,2014-09-28,AUG,HERT,1.0,0.0,1,3.0,0.0,2.05,3.5,3.4
2014,2014-09-28,HAM,EINF,1.0,2.0,-1,0.0,3.0,2.05,3.5,3.4
2014,2014-09-27,KOL,BAY,0.0,2.0,-1,0.0,3.0,7.5,5.0,1.36
2014,2014-09-27,FRE,LEVK,0.0,0.0,0,1.0,1.0,4.2,3.75,1.8
2014,2014-09-27,PAD,MGL,1.0,2.0,-1,0.0,3.0,3.3,3.5,2.1
2014,2014-09-27,SCH,DOR,2.0,1.0,1,3.0,0.0,3.4,3.6,2.05
2014,2014-09-27,STU,HAN,1.0,0.0,1,3.0,0.0,1.95,3.5,3.6
2014,2014-09-27,WOB,WERB,2.0,1.0,1,3.0,0.0,1.5,4.33,6.0
2014,2014-09-26,MAI,HOF,0.0,0.0,0,1.0,1.0,2.4,3.4,2.8
2014,2014-09-24,DOR,STU,2.0,2.0,0,1.0,1.0,1.36,5.0,7.5
2014,2014-09-24,HAN,KOL,1.0,0.0,1,3.0,0.0,2.15,3.4,3.25
2014,2014-09-24,HERT,WOB,1.0,0.0,1,3.0,0.0,3.0,3.5,2.25
2014,2014-09-24,LEVK,AUG,1.0,0.0,1,3.0,0.0,1.57,4.2,5.25
2014,2014-09-24,MGL,HAM,1.0,0.0,1,3.0,0.0,1.65,4.0,4.75
2014,2014-09-23,BAY,PAD,4.0,0.0,1,3.0,0.0,1.11,9.0,21.0
2014,2014-09-23,EINF,MAI,2.0,2.0,0,1.0,1.0,2.38,3.3,2.9
2014,2014-09-23,HOF,FRE,3.0,3.0,0,1.0,1.0,1.62,4.0,5.25
2014,2014-09-23,WERB,SCH,0.0,3.0,-1,0.0,3.0,2.8,3.4,2.4
2014,2014-09-21,KOL,MGL,0.0,0.0,0,1.0,1.0,2.75,3.3,2.5
2014,2014-09-21,WOB,LEVK,4.0,1.0,1,3.0,0.0,2.8,3.5,2.4
2014,2014-09-20,AUG,WERB,4.0,2.0,1,3.0,0.0,1.91,3.6,3.8
2014,2014-09-20,HAM,BAY,0.0,0.0,0,1.0,1.0,10.0,6.0,1.25
2014,2014-09-20,MAI,DOR,2.0,0.0,1,3.0,0.0,5.0,4.33,1.57
2014,2014-09-20,PAD,HAN,2.0,0.0,1,3.0,0.0,2.8,3.25,2.5
2014,2014-09-20,SCH,EINF,2.0,2.0,0,1.0,1.0,1.73,3.8,4.5
2014,2014-09-20,STU,HOF,0.0,2.0,-1,0.0,3.0,2.5,3.4,2.7
2014,2014-09-19,FRE,HERT,2.0,2.0,0,1.0,1.0,2.5,3.3,2.8
2014,2014-09-14,EINF,AUG,0.0,1.0,-1,0.0,3.0,2.25,3.3,3.2
2014,2014-09-14,HAN,HAM,2.0,0.0,1,3.0,0.0,2.2,3.4,3.2
2014,2014-09-13,BAY,STU,2.0,0.0,1,3.0,0.0,1.17,7.5,15.0
2014,2014-09-13,DOR,FRE,3.0,1.0,1,3.0,0.0,1.25,6.0,10.0
2014,2014-09-13,HERT,MAI,1.0,3.0,-1,0.0,3.0,2.25,3.3,3.2
2014,2014-09-13,HOF,WOB,1.0,1.0,0,1.0,1.0,2.4,3.5,2.75
2014,2014-09-13,MGL,SCH,4.0,1.0,1,3.0,0.0,2.4,3.4,2.8
2014,2014-09-13,PAD,KOL,0.0,0.0,0,1.0,1.0,2.9,3.2,2.45
2014,2014-09-12,LEVK,WERB,3.0,3.0,0,1.0,1.0,1.3,5.5,9.0
2014,2014-08-31,FRE,MGL,0.0,0.0,0,1.0,1.0,2.88,3.4,2.38
2014,2014-08-31,MAI,HAN,0.0,0.0,0,1.0,1.0,2.2,3.3,3.3
2014,2014-08-30,HAM,PAD,0.0,3.0,-1,0.0,3.0,1.67,3.8,5.0
2014,2014-08-30,LEVK,HERT,4.0,2.0,1,3.0,0.0,1.44,4.5,6.5
2014,2014-08-30,SCH,BAY,1.0,1.0,0,1.0,1.0,6.0,4.75,1.44
2014,2014-08-30,STU,KOL,0.0,2.0,-1,0.0,3.0,2.0,3.5,3.6
2014,2014-08-30,WERB,HOF,1.0,1.0,0,1.0,1.0,3.2,3.5,2.15
2014,2014-08-30,WOB,EINF,2.0,2.0,0,1.0,1.0,1.57,4.33,5.0
2014,2014-08-29,AUG,DOR,2.0,3.0,-1,0.0,3.0,4.5,3.75,1.73
2014,2014-08-24,MGL,STU,1.0,1.0,0,1.0,1.0,1.95,3.5,3.75
2014,2014-08-24,PAD,MAI,2.0,2.0,0,1.0,1.0,3.1,3.4,2.25
2014,2014-08-23,DOR,LEVK,0.0,2.0,-1,0.0,3.0,1.57,4.33,5.0
2014,2014-08-23,EINF,FRE,1.0,0.0,1,3.0,0.0,2.05,3.4,3.6
2014,2014-08-23,KOL,HAM,0.0,0.0,0,1.0,1.0,2.0,3.5,3.6
2014,2014-08-23,HAN,SCH,2.0,1.0,1,3.0,0.0,2.9,3.5,2.3
2014,2014-08-23,HERT,WERB,2.0,2.0,0,1.0,1.0,1.95,3.5,3.75
2014,2014-08-23,HOF,AUG,2.0,0.0,1,3.0,0.0,1.91,3.6,3.8
2014,2014-08-22,BAY,WOB,2.0,1.0,1,3.0,0.0,1.25,6.0,10.0
2013,2014-05-10,AUG,EINF,2.0,1.0,1,3.0,0.0,1.53,4.33,5.5
2013,2014-05-10,BAY,STU,1.0,0.0,1,3.0,0.0,1.2,7.0,11.0
2013,2014-05-10,HAN,FRE,3.0,2.0,1,3.0,0.0,2.0,3.6,3.5
2013,2014-05-10,HERT,DOR,0.0,4.0,-1,0.0,3.0,5.25,4.5,1.53
2013,2014-05-10,HOF,BRA,3.0,1.0,1,3.0,0.0,1.67,4.5,4.2
2013,2014-05-10,LEVK,WERB,2.0,1.0,1,3.0,0.0,1.25,6.5,9.0
2013,2014-05-10,MAI,HAM,3.0,2.0,1,3.0,0.0,1.83,4.0,3.75
2013,2014-05-10,SCH,NUR,4.0,1.0,1,3.0,0.0,1.29,5.5,9.5
2013,2014-05-10,WOB,MGL,3.0,1.0,1,3.0,0.0,1.83,4.0,3.75
2013,2014-05-03,BRA,AUG,0.0,1.0,-1,0.0,3.0,2.75,3.5,2.4
2013,2014-05-03,DOR,HOF,3.0,2.0,1,3.0,0.0,1.36,5.5,7.0
2013,2014-05-03,EINF,LEVK,0.0,2.0,-1,0.0,3.0,4.2,4.0,1.75
2013,2014-05-03,FRE,SCH,0.0,2.0,-1,0.0,3.0,3.6,3.6,1.95
2013,2014-05-03,HAM,BAY,1.0,4.0,-1,0.0,3.0,7.0,5.25,1.36
2013,2014-05-03,MGL,MAI,3.0,1.0,1,3.0,0.0,1.85,3.8,3.8
2013,2014-05-03,NUR,HAN,0.0,2.0,-1,0.0,3.0,2.1,3.6,3.25
2013,2014-05-03,STU,WOB,1.0,2.0,-1,0.0,3.0,2.7,3.6,2.4
2013,2014-05-03,WERB,HERT,2.0,0.0,1,3.0,0.0,2.63,3.5,2.5
2013,2014-04-27,AUG,HAM,3.0,1.0,1,3.0,0.0,1.85,3.6,4.0
2013,2014-04-27,SCH,MGL,0.0,1.0,-1,0.0,3.0,2.0,3.6,3.5
2013,2014-04-26,BAY,WERB,5.0,2.0,1,3.0,0.0,1.2,7.0,11.0
2013,2014-04-26,HERT,BRA,2.0,0.0,1,3.0,0.0,2.0,3.5,3.6
2013,2014-04-26,HOF,EINF,0.0,0.0,0,1.0,1.0,1.91,3.75,3.6
2013,2014-04-26,LEVK,DOR,2.0,2.0,0,1.0,1.0,3.0,3.5,2.25
2013,2014-04-26,MAI,NUR,2.0,0.0,1,3.0,0.0,1.62,4.0,5.25
2013,2014-04-26,WOB,FRE,2.0,2.0,0,1.0,1.0,1.44,4.75,6.0
2013,2014-04-25,HAN,STU,0.0,0.0,0,1.0,1.0,2.7,3.4,2.5
2013,2014-04-20,NUR,LEVK,1.0,4.0,-1,0.0,3.0,3.75,3.6,1.91
2013,2014-04-20,STU,SCH,3.0,1.0,1,3.0,0.0,2.63,3.5,2.5
2013,2014-04-19,AUG,HERT,0.0,0.0,0,1.0,1.0,1.91,3.5,4.0
2013,2014-04-19,BRA,BAY,0.0,2.0,-1,0.0,3.0,6.5,5.0,1.4
2013,2014-04-19,DOR,MAI,4.0,2.0,1,3.0,0.0,1.36,5.0,7.5
2013,2014-04-19,FRE,MGL,4.0,2.0,1,3.0,0.0,3.2,3.4,2.2
2013,2014-04-19,HAM,WOB,1.0,3.0,-1,0.0,3.0,2.9,3.5,2.3
2013,2014-04-19,WERB,HOF,3.0,1.0,1,3.0,0.0,2.8,3.6,2.3
2013,2014-04-17,EINF,HAN,2.0,3.0,-1,0.0,3.0,2.0,3.5,3.6
2013,2014-04-13,HOF,AUG,2.0,0.0,1,3.0,0.0,2.4,3.5,2.8
2013,2014-04-13,LEVK,HERT,2.0,1.0,1,3.0,0.0,1.67,3.8,5.0
2013,2014-04-12,BAY,DOR,0.0,3.0,-1,0.0,3.0,1.5,4.33,6.0
2013,2014-04-12,FRE,BRA,2.0,0.0,1,3.0,0.0,2.1,3.4,3.4
2013,2014-04-12,HAN,HAM,2.0,1.0,1,3.0,0.0,2.4,3.4,2.8
2013,2014-04-12,MAI,WERB,3.0,0.0,1,3.0,0.0,1.8,3.6,4.33
2013,2014-04-12,MGL,STU,1.0,1.0,0,1.0,1.0,1.95,3.5,3.8
2013,2014-04-12,WOB,NUR,4.0,1.0,1,3.0,0.0,1.57,4.2,5.25
2013,2014-04-11,SCH,EINF,2.0,0.0,1,3.0,0.0,1.67,3.75,5.0
2013,2014-04-06,BRA,HAN,3.0,0.0,1,3.0,0.0,2.5,3.3,2.75
2013,2014-04-06,HERT,HOF,1.0,1.0,0,1.0,1.0,2.38,3.6,2.7
2013,2014-04-05,AUG,BAY,1.0,0.0,1,3.0,0.0,7.5,5.0,1.36
2013,2014-04-05,DOR,WOB,2.0,1.0,1,3.0,0.0,1.44,4.5,6.5
2013,2014-04-05,EINF,MAI,2.0,0.0,1,3.0,0.0,2.5,3.3,2.8
2013,2014-04-05,NUR,MGL,0.0,2.0,-1,0.0,3.0,3.3,3.4,2.15
2013,2014-04-05,STU,FRE,2.0,0.0,1,3.0,0.0,1.8,3.75,4.2
2013,2014-04-05,WERB,SCH,1.0,1.0,0,1.0,1.0,3.6,3.6,1.95
2013,2014-04-04,HAM,LEVK,2.0,1.0,1,3.0,0.0,3.3,3.5,2.1
2013,2014-03-30,HAN,WERB,1.0,2.0,-1,0.0,3.0,1.91,3.6,3.8
2013,2014-03-30,MGL,HAM,3.0,1.0,1,3.0,0.0,1.75,3.75,4.5
2013,2014-03-29,BAY,HOF,3.0,3.0,0,1.0,1.0,1.14,8.0,15.0
2013,2014-03-29,FRE,NUR,3.0,2.0,1,3.0,0.0,2.15,3.3,3.4
2013,2014-03-29,LEVK,BRA,1.0,1.0,0,1.0,1.0,1.33,5.25,8.0
2013,2014-03-29,MAI,AUG,3.0,0.0,1,3.0,0.0,2.38,3.25,3.0
2013,2014-03-29,STU,DOR,2.0,3.0,-1,0.0,3.0,4.75,4.0,1.67
2013,2014-03-29,WOB,EINF,2.0,1.0,1,3.0,0.0,1.83,3.6,4.2
2013,2014-03-28,SCH,HERT,2.0,0.0,1,3.0,0.0,1.8,3.6,4.25
2013,2014-03-26,AUG,LEVK,1.0,3.0,-1,0.0,3.0,2.4,3.4,2.88
2013,2014-03-26,EINF,MGL,1.0,0.0,1,3.0,0.0,2.6,3.3,2.63
2013,2014-03-26,HAM,FRE,1.0,1.0,0,1.0,1.0,2.1,3.4,3.4
2013,2014-03-26,HOF,HAN,3.0,1.0,1,3.0,0.0,1.91,3.75,3.6
2013,2014-03-26,NUR,STU,2.0,0.0,1,3.0,0.0,2.75,3.4,2.45
2013,2014-03-25,BRA,MAI,3.0,1.0,1,3.0,0.0,3.4,3.4,2.1
2013,2014-03-25,DOR,SCH,0.0,0.0,0,1.0,1.0,1.44,4.75,6.5
2013,2014-03-25,HERT,BAY,1.0,3.0,-1,0.0,3.0,13.0,6.5,1.2
2013,2014-03-25,WERB,WOB,1.0,3.0,-1,0.0,3.0,3.1,3.4,2.25
2013,2014-03-23,LEVK,HOF,2.0,3.0,-1,0.0,3.0,1.73,3.8,4.5
2013,2014-03-23,NUR,EINF,2.0,5.0,-1,0.0,3.0,2.4,3.3,2.88
2013,2014-03-22,HAN,DOR,0.0,3.0,-1,0.0,3.0,4.75,4.0,1.67
2013,2014-03-22,MAI,BAY,0.0,2.0,-1,0.0,3.0,11.0,6.5,1.22
2013,2014-03-22,MGL,HERT,3.0,0.0,1,3.0,0.0,2.0,3.4,3.75
2013,2014-03-22,SCH,BRA,3.0,1.0,1,3.0,0.0,1.4,4.75,7.0
2013,2014-03-22,STU,HAM,1.0,0.0,1,3.0,0.0,2.0,3.5,3.6
2013,2014-03-22,WOB,AUG,1.0,1.0,0,1.0,1.0,2.1,3.5,3.3
2013,2014-03-21,FRE,WERB,3.0,1.0,1,3.0,0.0,2.2,3.3,3.25
2013,2014-03-16,EINF,FRE,1.0,4.0,-1,0.0,3.0,1.83,3.6,4.2
2013,2014-03-16,HAM,NUR,2.0,1.0,1,3.0,0.0,2.2,3.4,3.2
2013,2014-03-15,BAY,LEVK,2.0,1.0,1,3.0,0.0,1.14,8.0,15.0
2013,2014-03-15,BRA,WOB,1.0,1.0,0,1.0,1.0,3.8,3.6,1.91
2013,2014-03-15,DOR,MGL,1.0,2.0,-1,0.0,3.0,1.36,5.0,7.5
2013,2014-03-15,HERT,HAN,0.0,3.0,-1,0.0,3.0,1.91,3.5,4.0
2013,2014-03-15,HOF,MAI,2.0,4.0,-1,0.0,3.0,2.2,3.5,3.1
2013,2014-03-15,WERB,STU,1.0,1.0,0,1.0,1.0,2.5,3.4,2.7
2013,2014-03-14,AUG,SCH,1.0,2.0,-1,0.0,3.0,2.25,3.3,3.1
2013,2014-03-09,FRE,DOR,0.0,1.0,-1,0.0,3.0,9.0,5.0,1.33
2013,2014-03-09,MAI,HERT,1.0,1.0,0,1.0,1.0,2.2,3.2,3.4
2013,2014-03-08,HAM,EINF,1.0,1.0,0,1.0,1.0,2.5,3.3,2.75
2013,2014-03-08,HAN,LEVK,1.0,1.0,0,1.0,1.0,3.0,3.4,2.3
2013,2014-03-08,MGL,AUG,1.0,2.0,-1,0.0,3.0,2.3,3.25,3.1
2013,2014-03-08,NUR,WERB,0.0,2.0,-1,0.0,3.0,1.91,3.5,4.0
2013,2014-03-08,SCH,HOF,4.0,0.0,1,3.0,0.0,1.75,4.0,4.2
2013,2014-03-08,STU,BRA,2.0,2.0,0,1.0,1.0,1.67,3.8,5.0
2013,2014-03-08,WOB,BAY,1.0,6.0,-1,0.0,3.0,9.0,5.75,1.29
2013,2014-03-02,EINF,STU,2.0,1.0,1,3.0,0.0,2.1,3.5,3.3
2013,2014-03-02,HOF,WOB,6.0,2.0,1,3.0,0.0,2.6,3.4,2.6
2013,2014-03-01,AUG,HAN,1.0,1.0,0,1.0,1.0,1.75,3.6,4.75
2013,2014-03-01,BAY,SCH,5.0,1.0,1,3.0,0.0,1.18,7.0,13.0
2013,2014-03-01,BRA,MGL,1.0,1.0,0,1.0,1.0,4.0,3.5,1.91
2013,2014-03-01,DOR,NUR,3.0,0.0,1,3.0,0.0,1.22,6.5,11.0
2013,2014-03-01,LEVK,MAI,0.0,1.0,-1,0.0,3.0,1.75,3.8,4.33
2013,2014-03-01,WERB,HAM,1.0,0.0,1,3.0,0.0,2.63,3.5,2.5
2013,2014-02-28,HERT,FRE,0.0,0.0,0,1.0,1.0,1.62,3.75,5.5
2013,2014-02-23,EINF,WERB,0.0,0.0,0,1.0,1.0,1.7,3.75,4.75
2013,2014-02-23,HAN,BAY,0.0,4.0,-1,0.0,3.0,10.0,7.0,1.22
2013,2014-02-22,FRE,AUG,2.0,4.0,-1,0.0,3.0,3.1,3.25,2.3
2013,2014-02-22,HAM,DOR,3.0,0.0,1,3.0,0.0,7.5,5.0,1.36
2013,2014-02-22,MGL,HOF,2.0,2.0,0,1.0,1.0,1.95,3.6,3.6
2013,2014-02-22,NUR,BRA,2.0,1.0,1,3.0,0.0,1.62,3.75,5.5
2013,2014-02-22,STU,HERT,1.0,2.0,-1,0.0,3.0,2.63,3.3,2.6
2013,2014-02-22,WOB,LEVK,3.0,1.0,1,3.0,0.0,2.4,3.4,2.8
2013,2014-02-21,SCH,MAI,0.0,0.0,0,1.0,1.0,1.75,3.6,4.6
2013,2014-02-16,AUG,NUR,0.0,1.0,-1,0.0,3.0,1.8,3.6,4.33
2013,2014-02-16,HERT,WOB,1.0,2.0,-1,0.0,3.0,2.38,3.4,2.88
2013,2014-02-15,BAY,FRE,4.0,0.0,1,3.0,0.0,1.08,10.0,23.0
2013,2014-02-15,BRA,HAM,4.0,2.0,1,3.0,0.0,2.75,3.3,2.5
2013,2014-02-15,DOR,EINF,4.0,0.0,1,3.0,0.0,1.25,6.0,10.0
2013,2014-02-15,HOF,STU,4.0,1.0,1,3.0,0.0,1.95,3.6,3.6
2013,2014-02-15,LEVK,SCH,1.0,2.0,-1,0.0,3.0,2.1,3.4,3.4
2013,2014-02-15,WERB,MGL,1.0,1.0,0,1.0,1.0,3.5,3.5,2.05
2013,2014-02-14,MAI,HAN,2.0,0.0,1,3.0,0.0,1.91,3.5,4.0
2013,2014-02-09,SCH,HAN,2.0,0.0,1,3.0,0.0,1.57,3.8,6.0
2013,2014-02-09,STU,AUG,1.0,4.0,-1,0.0,3.0,2.4,3.4,2.8
2013,2014-02-08,EINF,BRA,3.0,0.0,1,3.0,0.0,1.62,3.75,5.5
2013,2014-02-08,FRE,HOF,1.0,1.0,0,1.0,1.0,2.63,3.5,2.5
2013,2014-02-08,HAM,HERT,0.0,3.0,-1,0.0,3.0,2.6,3.4,2.6
2013,2014-02-08,NUR,BAY,0.0,2.0,-1,0.0,3.0,11.0,6.5,1.22
2013,2014-02-08,WERB,DOR,1.0,5.0,-1,0.0,3.0,8.0,4.75,1.36
2013,2014-02-08,WOB,MAI,3.0,0.0,1,3.0,0.0,1.8,3.6,4.33
2013,2014-02-07,MGL,LEVK,0.0,1.0,-1,0.0,3.0,2.55,3.3,2.7
2013,2014-02-02,BAY,EINF,5.0,0.0,1,3.0,0.0,1.1,10.0,17.0
2013,2014-02-02,HERT,NUR,1.0,3.0,-1,0.0,3.0,1.83,3.6,4.2
2013,2014-02-01,AUG,WERB,3.0,1.0,1,3.0,0.0,1.67,3.75,5.0
2013,2014-02-01,HAN,MGL,3.0,1.0,1,3.0,0.0,2.7,3.4,2.5
2013,2014-02-01,HOF,HAM,3.0,0.0,1,3.0,0.0,2.05,3.4,3.5
2013,2014-02-01,LEVK,STU,2.0,1.0,1,3.0,0.0,1.5,4.2,6.25
2013,2014-02-01,MAI,FRE,2.0,0.0,1,3.0,0.0,1.75,3.75,4.5
2013,2014-02-01,SCH,WOB,2.0,1.0,1,3.0,0.0,2.0,3.5,3.6
2013,2014-01-31,BRA,DOR,1.0,2.0,-1,0.0,3.0,10.0,5.5,1.29
2013,2014-01-29,STU,BAY,1.0,2.0,-1,0.0,3.0,10.0,6.0,1.25
2013,2014-01-26,HAM,SCH,0.0,3.0,-1,0.0,3.0,2.7,3.6,2.4
2013,2014-01-26,WERB,BRA,0.0,0.0,0,1.0,1.0,1.85,3.5,4.2
2013,2014-01-25,DOR,AUG,2.0,2.0,0,1.0,1.0,1.29,5.5,9.5
2013,2014-01-25,EINF,HERT,1.0,0.0,1,3.0,0.0,2.38,3.4,2.88
2013,2014-01-25,FRE,LEVK,3.0,2.0,1,3.0,0.0,4.5,3.75,1.73
2013,2014-01-25,NUR,HOF,4.0,0.0,1,3.0,0.0,2.6,3.4,2.63
2013,2014-01-25,STU,MAI,1.0,2.0,-1,0.0,3.0,2.05,3.4,3.5
2013,2014-01-25,WOB,HAN,1.0,3.0,-1,0.0,3.0,1.55,4.2,5.5
2013,2014-01-24,MGL,BAY,0.0,2.0,-1,0.0,3.0,6.5,4.5,1.44
2013,2013-12-22,MGL,WOB,2.0,2.0,0,1.0,1.0,2.1,3.4,3.4
2013,2013-12-21,BRA,HOF,1.0,0.0,1,3.0,0.0,4.0,3.4,1.91
2013,2013-12-21,DOR,HERT,1.0,2.0,-1,0.0,3.0,1.36,5.0,7.5
2013,2013-12-21,FRE,HAN,2.0,1.0,1,3.0,0.0,2.45,3.3,2.8
2013,2013-12-21,HAM,MAI,2.0,3.0,-1,0.0,3.0,2.1,3.5,3.3
2013,2013-12-21,NUR,SCH,0.0,0.0,0,1.0,1.0,3.4,3.5,2.05
2013,2013-12-21,WERB,LEVK,1.0,0.0,1,3.0,0.0,4.5,3.75,1.73
2013,2013-12-20,EINF,AUG,1.0,1.0,0,1.0,1.0,2.3,3.4,3.0
2013,2013-12-15,LEVK,EINF,0.0,1.0,-1,0.0,3.0,1.44,4.33,7.0
2013,2013-12-15,SCH,FRE,2.0,0.0,1,3.0,0.0,1.4,4.5,8.0
2013,2013-12-14,AUG,BRA,4.0,1.0,1,3.0,0.0,1.5,4.0,7.0
2013,2013-12-14,BAY,HAM,3.0,1.0,1,3.0,0.0,1.1,9.0,21.0
2013,2013-12-14,HAN,NUR,3.0,3.0,0,1.0,1.0,1.95,3.5,3.75
2013,2013-12-14,HOF,DOR,2.0,2.0,0,1.0,1.0,4.33,4.0,1.73
2013,2013-12-14,MAI,MGL,0.0,0.0,0,1.0,1.0,2.75,3.3,2.5
2013,2013-12-14,WOB,STU,3.0,1.0,1,3.0,0.0,1.75,3.75,4.5
2013,2013-12-13,HERT,WERB,3.0,2.0,1,3.0,0.0,1.62,4.0,5.25
2013,2013-12-08,BRA,HERT,0.0,2.0,-1,0.0,3.0,3.5,3.3,2.1
2013,2013-12-08,FRE,WOB,0.0,3.0,-1,0.0,3.0,3.75,3.4,2.0
2013,2013-12-07,DOR,LEVK,0.0,1.0,-1,0.0,3.0,1.5,4.33,6.0
2013,2013-12-07,EINF,HOF,1.0,2.0,-1,0.0,3.0,2.1,3.6,3.25
2013,2013-12-07,HAM,AUG,0.0,1.0,-1,0.0,3.0,2.05,3.5,3.5
2013,2013-12-07,MGL,SCH,2.0,1.0,1,3.0,0.0,2.25,3.4,3.1
2013,2013-12-07,STU,HAN,4.0,2.0,1,3.0,0.0,2.0,3.5,3.6
2013,2013-12-07,WERB,BAY,0.0,7.0,-1,0.0,3.0,12.0,6.0,1.22
2013,2013-12-06,NUR,MAI,1.0,1.0,0,1.0,1.0,2.6,3.2,2.75
2013,2013-12-01,HAN,EINF,2.0,0.0,1,3.0,0.0,2.4,3.4,2.8
2013,2013-12-01,MGL,FRE,1.0,0.0,1,3.0,0.0,1.4,4.33,8.5
2013,2013-11-30,BAY,BRA,2.0,0.0,1,3.0,0.0,1.06,15.0,51.0
2013,2013-11-30,HERT,AUG,0.0,0.0,0,1.0,1.0,2.0,3.5,3.6
2013,2013-11-30,HOF,WERB,4.0,4.0,0,1.0,1.0,1.8,3.75,4.2
2013,2013-11-30,LEVK,NUR,3.0,0.0,1,3.0,0.0,1.44,4.5,6.5
2013,2013-11-30,MAI,DOR,1.0,3.0,-1,0.0,3.0,5.0,4.33,1.57
2013,2013-11-30,SCH,STU,3.0,0.0,1,3.0,0.0,1.67,3.8,5.0
2013,2013-11-29,WOB,HAM,1.0,1.0,0,1.0,1.0,1.8,3.6,4.33
2013,2013-11-24,HAM,HAN,3.0,1.0,1,3.0,0.0,2.0,3.6,3.5
2013,2013-11-24,WERB,MAI,2.0,3.0,-1,0.0,3.0,2.38,3.4,2.88
2013,2013-11-23,AUG,HOF,2.0,0.0,1,3.0,0.0,2.1,3.5,3.3
2013,2013-11-23,BRA,FRE,0.0,1.0,-1,0.0,3.0,2.4,3.3,2.9
2013,2013-11-23,DOR,BAY,0.0,3.0,-1,0.0,3.0,3.6,3.6,2.0
2013,2013-11-23,EINF,SCH,3.0,3.0,0,1.0,1.0,2.6,3.4,2.6
2013,2013-11-23,HERT,LEVK,0.0,1.0,-1,0.0,3.0,3.0,3.25,2.38
2013,2013-11-23,NUR,WOB,1.0,1.0,0,1.0,1.0,3.2,3.4,2.2
2013,2013-11-22,STU,MGL,0.0,2.0,-1,0.0,3.0,2.3,3.5,2.9
2013,2013-11-10,FRE,STU,1.0,3.0,-1,0.0,3.0,3.0,3.4,2.3
2013,2013-11-10,MAI,EINF,1.0,0.0,1,3.0,0.0,2.5,3.3,2.88
2013,2013-11-09,BAY,AUG,3.0,0.0,1,3.0,0.0,1.13,8.0,19.0
2013,2013-11-09,HOF,HERT,2.0,3.0,-1,0.0,3.0,2.2,3.4,3.2
2013,2013-11-09,LEVK,HAM,5.0,3.0,1,3.0,0.0,1.5,4.33,6.0
2013,2013-11-09,MGL,NUR,3.0,1.0,1,3.0,0.0,1.53,4.1,6.0
2013,2013-11-09,SCH,WERB,3.0,1.0,1,3.0,0.0,1.57,4.0,5.5
2013,2013-11-09,WOB,DOR,2.0,1.0,1,3.0,0.0,4.5,3.8,1.73
2013,2013-11-08,HAN,BRA,0.0,0.0,0,1.0,1.0,1.62,3.8,5.5
2013,2013-11-03,AUG,MAI,2.0,1.0,1,3.0,0.0,2.0,3.5,3.6
2013,2013-11-03,WERB,HAN,3.0,2.0,1,3.0,0.0,2.25,3.5,3.0
2013,2013-11-02,BRA,LEVK,1.0,0.0,1,3.0,0.0,7.0,4.33,1.44
2013,2013-11-02,EINF,WOB,1.0,2.0,-1,0.0,3.0,2.3,3.4,3.0
2013,2013-11-02,HAM,MGL,0.0,2.0,-1,0.0,3.0,2.3,3.5,2.9
2013,2013-11-02,HERT,SCH,0.0,2.0,-1,0.0,3.0,2.3,3.4,3.0
2013,2013-11-02,HOF,BAY,1.0,2.0,-1,0.0,3.0,12.0,6.0,1.25
2013,2013-11-02,NUR,FRE,0.0,3.0,-1,0.0,3.0,2.0,3.4,3.75
2013,2013-11-01,DOR,STU,6.0,1.0,1,3.0,0.0,1.22,6.0,12.0
2013,2013-10-27,FRE,HAM,0.0,3.0,-1,0.0,3.0,2.6,3.4,2.6
2013,2013-10-27,MGL,EINF,4.0,1.0,1,3.0,0.0,2.05,3.5,3.4
2013,2013-10-26,BAY,HERT,3.0,2.0,1,3.0,0.0,1.1,9.0,21.0
2013,2013-10-26,HAN,HOF,1.0,4.0,-1,0.0,3.0,2.3,3.5,2.9
2013,2013-10-26,LEVK,AUG,2.0,1.0,1,3.0,0.0,1.5,4.33,6.0
2013,2013-10-26,MAI,BRA,2.0,0.0,1,3.0,0.0,1.57,4.1,5.25
2013,2013-10-26,SCH,DOR,1.0,3.0,-1,0.0,3.0,4.2,3.6,1.83
2013,2013-10-26,WOB,WERB,3.0,0.0,1,3.0,0.0,1.62,3.75,5.5
2013,2013-10-25,STU,NUR,1.0,1.0,0,1.0,1.0,1.62,4.0,5.0
2013,2013-10-20,AUG,WOB,1.0,2.0,-1,0.0,3.0,2.38,3.4,2.88
2013,2013-10-20,HAM,STU,3.0,3.0,0,1.0,1.0,2.3,3.4,3.0
2013,2013-10-19,BAY,MAI,4.0,1.0,1,3.0,0.0,1.1,9.0,23.0
2013,2013-10-19,BRA,SCH,2.0,3.0,-1,0.0,3.0,4.75,3.6,1.73
2013,2013-10-19,DOR,HAN,1.0,0.0,1,3.0,0.0,1.22,6.5,11.0
2013,2013-10-19,EINF,NUR,1.0,1.0,0,1.0,1.0,1.57,4.0,5.5
2013,2013-10-19,HERT,MGL,1.0,0.0,1,3.0,0.0,2.38,3.4,2.9
2013,2013-10-19,WERB,FRE,0.0,0.0,0,1.0,1.0,1.95,3.4,3.8
2013,2013-10-18,HOF,LEVK,1.0,2.0,-1,0.0,3.0,3.25,3.6,2.1
2013,2013-10-06,FRE,EINF,1.0,1.0,0,1.0,1.0,2.7,3.4,2.5
2013,2013-10-06,NUR,HAM,0.0,5.0,-1,0.0,3.0,2.38,3.5,2.8
2013,2013-10-05,LEVK,BAY,1.0,1.0,0,1.0,1.0,5.0,4.2,1.6
2013,2013-10-05,MAI,HOF,2.0,2.0,0,1.0,1.0,2.25,3.5,3.0
2013,2013-10-05,MGL,DOR,2.0,0.0,1,3.0,0.0,5.0,3.75,1.67
2013,2013-10-05,SCH,AUG,4.0,1.0,1,3.0,0.0,1.73,3.8,4.5
2013,2013-10-05,STU,WERB,1.0,1.0,0,1.0,1.0,1.7,3.8,4.75
2013,2013-10-05,WOB,BRA,0.0,2.0,-1,0.0,3.0,1.29,5.5,9.5
2013,2013-10-04,HAN,HERT,1.0,1.0,0,1.0,1.0,2.25,3.4,3.1
2013,2013-09-29,BRA,STU,0.0,4.0,-1,0.0,3.0,4.0,3.5,1.91
2013,2013-09-29,WERB,NUR,3.0,3.0,0,1.0,1.0,2.05,3.5,3.4
2013,2013-09-28,BAY,WOB,1.0,0.0,1,3.0,0.0,1.14,8.0,15.0
2013,2013-09-28,DOR,FRE,5.0,0.0,1,3.0,0.0,1.18,7.0,13.0
2013,2013-09-28,EINF,HAM,2.0,2.0,0,1.0,1.0,1.8,3.6,4.33
2013,2013-09-28,HERT,MAI,3.0,1.0,1,3.0,0.0,2.0,3.6,3.5
2013,2013-09-28,HOF,SCH,3.0,3.0,0,1.0,1.0,2.8,3.3,2.5
2013,2013-09-28,LEVK,HAN,2.0,0.0,1,3.0,0.0,1.33,5.0,9.0
2013,2013-09-27,AUG,MGL,2.0,2.0,0,1.0,1.0,2.5,3.25,2.8
2013,2013-09-22,FRE,HERT,1.0,1.0,0,1.0,1.0,2.38,3.4,2.9
2013,2013-09-22,STU,EINF,1.0,1.0,0,1.0,1.0,2.15,3.4,3.3
2013,2013-09-21,HAM,WERB,0.0,2.0,-1,0.0,3.0,1.95,3.4,3.9
2013,2013-09-21,HAN,AUG,2.0,1.0,1,3.0,0.0,2.5,3.3,2.75
2013,2013-09-21,MAI,LEVK,1.0,4.0,-1,0.0,3.0,3.5,3.5,2.05
2013,2013-09-21,NUR,DOR,1.0,1.0,0,1.0,1.0,8.0,5.25,1.33
2013,2013-09-21,SCH,BAY,0.0,4.0,-1,0.0,3.0,5.5,4.33,1.53
2013,2013-09-21,WOB,HOF,2.0,1.0,1,3.0,0.0,1.73,4.0,4.2
2013,2013-09-20,MGL,BRA,4.0,1.0,1,3.0,0.0,1.36,4.75,8.0
2013,2013-09-15,BRA,NUR,1.0,1.0,0,1.0,1.0,2.7,3.25,2.6
2013,2013-09-15,HOF,MGL,2.0,1.0,1,3.0,0.0,2.6,3.4,2.6
2013,2013-09-14,AUG,FRE,2.0,1.0,1,3.0,0.0,2.0,3.4,3.75
2013,2013-09-14,BAY,HAN,2.0,0.0,1,3.0,0.0,1.13,8.5,21.0
2013,2013-09-14,DOR,HAM,6.0,2.0,1,3.0,0.0,1.25,6.0,11.0
2013,2013-09-14,LEVK,WOB,3.0,1.0,1,3.0,0.0,1.8,3.75,4.2
2013,2013-09-14,MAI,SCH,0.0,1.0,-1,0.0,3.0,2.6,3.4,2.6
2013,2013-09-14,WERB,EINF,0.0,3.0,-1,0.0,3.0,2.45,3.3,2.8
2013,2013-09-13,HERT,STU,0.0,1.0,-1,0.0,3.0,2.15,3.4,3.3
2013,2013-09-01,EINF,DOR,1.0,2.0,-1,0.0,3.0,6.0,4.33,1.5
2013,2013-09-01,STU,HOF,6.0,2.0,1,3.0,0.0,2.3,3.5,2.9
2013,2013-08-31,HAM,BRA,4.0,0.0,1,3.0,0.0,1.75,3.75,4.5
2013,2013-08-31,HAN,MAI,4.0,1.0,1,3.0,0.0,2.4,3.5,2.75
2013,2013-08-31,MGL,WERB,4.0,1.0,1,3.0,0.0,1.75,3.75,4.5
2013,2013-08-31,NUR,AUG,0.0,1.0,-1,0.0,3.0,2.5,3.3,2.8
2013,2013-08-31,SCH,LEVK,2.0,0.0,1,3.0,0.0,3.2,3.5,2.15
2013,2013-08-31,WOB,HERT,2.0,0.0,1,3.0,0.0,1.91,3.6,3.75
2013,2013-08-27,FRE,BAY,1.0,1.0,0,1.0,1.0,13.0,5.5,1.25
2013,2013-08-25,AUG,STU,2.0,1.0,1,3.0,0.0,2.3,3.4,3.0
2013,2013-08-25,BRA,EINF,0.0,2.0,-1,0.0,3.0,2.7,3.4,2.5
2013,2013-08-24,BAY,NUR,2.0,0.0,1,3.0,0.0,1.1,9.0,26.0
2013,2013-08-24,HAN,SCH,2.0,1.0,1,3.0,0.0,2.63,3.4,2.6
2013,2013-08-24,HERT,HAM,1.0,0.0,1,3.0,0.0,1.91,3.6,3.8
2013,2013-08-24,HOF,FRE,3.0,3.0,0,1.0,1.0,1.75,3.75,4.5
2013,2013-08-24,LEVK,MGL,4.0,2.0,1,3.0,0.0,1.67,3.8,5.0
2013,2013-08-24,MAI,WOB,2.0,0.0,1,3.0,0.0,2.63,3.4,2.6
2013,2013-08-23,DOR,WERB,1.0,0.0,1,3.0,0.0,1.2,6.5,13.0
2013,2013-08-18,DOR,BRA,2.0,1.0,1,3.0,0.0,1.17,7.5,13.0
2013,2013-08-18,NUR,HERT,2.0,2.0,0,1.0,1.0,2.3,3.4,3.0
2013,2013-08-17,EINF,BAY,0.0,1.0,-1,0.0,3.0,10.0,5.25,1.29
2013,2013-08-17,FRE,MAI,1.0,2.0,-1,0.0,3.0,2.25,3.4,3.1
2013,2013-08-17,HAM,HOF,1.0,5.0,-1,0.0,3.0,2.0,3.6,3.5
2013,2013-08-17,MGL,HAN,3.0,0.0,1,3.0,0.0,1.83,3.5,4.33
2013,2013-08-17,STU,LEVK,0.0,1.0,-1,0.0,3.0,3.5,3.25,2.1
2013,2013-08-17,WERB,AUG,1.0,0.0,1,3.0,0.0,1.91,3.5,4.0
2013,2013-08-17,WOB,SCH,4.0,0.0,1,3.0,0.0,2.88,3.3,2.4
2013,2013-08-11,MAI,STU,3.0,2.0,1,3.0,0.0,2.4,3.4,2.8
2013,2013-08-11,SCH,HAM,3.0,3.0,0,1.0,1.0,1.44,4.33,7.0
2013,2013-08-10,AUG,DOR,0.0,4.0,-1,0.0,3.0,7.0,4.33,1.44
2013,2013-08-10,BRA,WERB,0.0,1.0,-1,0.0,3.0,2.7,3.4,2.5
2013,2013-08-10,HAN,WOB,2.0,0.0,1,3.0,0.0,2.6,3.4,2.6
2013,2013-08-10,HERT,EINF,6.0,1.0,1,3.0,0.0,2.2,3.4,3.2
2013,2013-08-10,HOF,NUR,2.0,2.0,0,1.0,1.0,2.1,3.3,3.5
2013,2013-08-10,LEVK,FRE,3.0,1.0,1,3.0,0.0,1.44,4.5,6.5
2013,2013-08-09,BAY,MGL,3.0,1.0,1,3.0,0.0,1.13,8.5,19.0
2012,2013-05-18,AUG,GREF,3.0,1.0,1,3.0,0.0,1.5,4.33,6.0
2012,2013-05-18,DOR,HOF,1.0,2.0,-1,0.0,3.0,1.33,5.0,8.5
2012,2013-05-18,EINF,WOB,2.0,2.0,0,1.0,1.0,2.0,3.6,3.5
2012,2013-05-18,FRE,SCH,1.0,2.0,-1,0.0,3.0,2.75,3.5,2.4
2012,2013-05-18,HAM,LEVK,0.0,1.0,-1,0.0,3.0,3.0,4.0,2.1
2012,2013-05-18,HAN,FORD,3.0,0.0,1,3.0,0.0,2.3,3.6,2.8
2012,2013-05-18,MGL,BAY,3.0,4.0,-1,0.0,3.0,7.0,4.33,1.44
2012,2013-05-18,NUR,WERB,3.0,2.0,1,3.0,0.0,2.5,3.6,2.6
2012,2013-05-18,STU,MAI,2.0,2.0,0,1.0,1.0,2.05,3.6,3.3
2012,2013-05-11,BAY,AUG,3.0,0.0,1,3.0,0.0,1.2,6.5,13.0
2012,2013-05-11,FORD,NUR,1.0,2.0,-1,0.0,3.0,1.85,3.5,4.2
2012,2013-05-11,GREF,FRE,1.0,2.0,-1,0.0,3.0,4.5,3.75,1.75
2012,2013-05-11,HOF,HAM,1.0,4.0,-1,0.0,3.0,1.83,3.75,4.0
2012,2013-05-11,LEVK,HAN,3.0,1.0,1,3.0,0.0,1.3,5.5,9.0
2012,2013-05-11,MAI,MGL,2.0,4.0,-1,0.0,3.0,2.2,3.3,3.3
2012,2013-05-11,SCH,STU,1.0,2.0,-1,0.0,3.0,1.36,4.75,8.5
2012,2013-05-11,WERB,EINF,1.0,1.0,0,1.0,1.0,2.2,3.6,3.0
2012,2013-05-11,WOB,DOR,3.0,3.0,0,1.0,1.0,4.0,3.6,1.85
2012,2013-05-05,FRE,AUG,2.0,0.0,1,3.0,0.0,1.91,3.4,4.0
2012,2013-05-05,HAM,WOB,1.0,1.0,0,1.0,1.0,2.2,3.4,3.2
2012,2013-05-04,DOR,BAY,1.0,1.0,0,1.0,1.0,3.1,3.4,2.25
2012,2013-05-04,EINF,FORD,3.0,1.0,1,3.0,0.0,1.8,3.5,4.5
2012,2013-05-04,HAN,MAI,2.0,2.0,0,1.0,1.0,2.38,3.4,2.9
2012,2013-05-04,NUR,LEVK,0.0,2.0,-1,0.0,3.0,3.75,3.6,1.91
2012,2013-05-04,STU,GREF,0.0,2.0,-1,0.0,3.0,1.67,3.75,5.0
2012,2013-05-04,WERB,HOF,2.0,2.0,0,1.0,1.0,2.1,3.6,3.2
2012,2013-05-03,MGL,SCH,0.0,1.0,-1,0.0,3.0,3.5,3.4,2.05
2012,2013-04-28,MAI,EINF,0.0,0.0,0,1.0,1.0,2.05,3.4,3.5
2012,2013-04-28,SCH,HAM,4.0,1.0,1,3.0,0.0,1.57,4.1,5.5
2012,2013-04-27,AUG,STU,3.0,0.0,1,3.0,0.0,2.25,3.25,3.25
2012,2013-04-27,BAY,FRE,1.0,0.0,1,3.0,0.0,1.22,6.0,12.0
2012,2013-04-27,FORD,DOR,1.0,2.0,-1,0.0,3.0,4.75,4.0,1.67
2012,2013-04-27,HOF,NUR,2.0,1.0,1,3.0,0.0,2.0,3.4,3.75
2012,2013-04-27,LEVK,WERB,1.0,0.0,1,3.0,0.0,1.4,4.75,7.0
2012,2013-04-27,WOB,MGL,3.0,1.0,1,3.0,0.0,2.1,3.4,3.4
2012,2013-04-26,GREF,HAN,2.0,3.0,-1,0.0,3.0,2.3,3.4,3.0
2012,2013-04-21,NUR,GREF,0.0,1.0,-1,0.0,3.0,1.75,3.5,4.75
2012,2013-04-21,STU,FRE,2.0,1.0,1,3.0,0.0,2.3,3.4,3.0
2012,2013-04-20,DOR,MAI,2.0,0.0,1,3.0,0.0,1.44,4.5,6.5
2012,2013-04-20,EINF,SCH,1.0,0.0,1,3.0,0.0,3.0,3.4,2.3
2012,2013-04-20,HAM,FORD,2.0,1.0,1,3.0,0.0,1.83,3.5,4.33
2012,2013-04-20,HAN,BAY,1.0,6.0,-1,0.0,3.0,5.5,4.0,1.57
2012,2013-04-20,LEVK,HOF,5.0,0.0,1,3.0,0.0,1.44,4.5,6.5
2012,2013-04-20,WERB,WOB,0.0,3.0,-1,0.0,3.0,2.0,3.6,3.5
2012,2013-04-19,MGL,AUG,1.0,0.0,1,3.0,0.0,2.3,3.2,3.1
2012,2013-04-14,AUG,EINF,2.0,0.0,1,3.0,0.0,2.38,3.25,3.0
2012,2013-04-14,STU,MGL,2.0,0.0,1,3.0,0.0,2.2,3.3,3.3
2012,2013-04-13,BAY,NUR,4.0,0.0,1,3.0,0.0,1.22,6.0,13.0
2012,2013-04-13,FORD,WERB,2.0,2.0,0,1.0,1.0,2.8,3.3,2.5
2012,2013-04-13,GREF,DOR,1.0,6.0,-1,0.0,3.0,7.5,4.75,1.4
2012,2013-04-13,MAI,HAM,1.0,2.0,-1,0.0,3.0,2.05,3.4,3.6
2012,2013-04-13,SCH,LEVK,2.0,2.0,0,1.0,1.0,2.25,3.4,3.1
2012,2013-04-13,WOB,HOF,2.0,2.0,0,1.0,1.0,2.2,3.3,3.3
2012,2013-04-12,FRE,HAN,3.0,1.0,1,3.0,0.0,1.7,3.6,5.0
2012,2013-04-07,HAN,STU,0.0,0.0,0,1.0,1.0,2.3,3.3,3.1
2012,2013-04-07,NUR,MAI,2.0,1.0,1,3.0,0.0,2.4,3.2,3.0
2012,2013-04-06,DOR,AUG,4.0,2.0,1,3.0,0.0,1.3,5.5,9.0
2012,2013-04-06,EINF,BAY,0.0,1.0,-1,0.0,3.0,6.0,4.0,1.53
2012,2013-04-06,HAM,FRE,0.0,1.0,-1,0.0,3.0,2.3,3.3,3.1
2012,2013-04-06,LEVK,WOB,1.0,1.0,0,1.0,1.0,1.5,4.33,6.0
2012,2013-04-06,MGL,GREF,1.0,0.0,1,3.0,0.0,1.62,3.75,5.5
2012,2013-04-06,WERB,SCH,0.0,2.0,-1,0.0,3.0,2.6,3.4,2.6
2012,2013-04-05,HOF,FORD,3.0,0.0,1,3.0,0.0,2.0,3.4,3.75
2012,2013-03-31,GREF,EINF,2.0,3.0,-1,0.0,3.0,3.25,3.25,2.25
2012,2013-03-31,WOB,NUR,2.0,2.0,0,1.0,1.0,2.0,3.5,3.6
2012,2013-03-30,AUG,HAN,0.0,2.0,-1,0.0,3.0,2.0,3.4,3.75
2012,2013-03-30,BAY,HAM,9.0,2.0,1,3.0,0.0,1.3,5.5,9.0
2012,2013-03-30,FORD,LEVK,1.0,4.0,-1,0.0,3.0,4.33,3.6,1.8
2012,2013-03-30,FRE,MGL,2.0,0.0,1,3.0,0.0,2.0,3.4,3.75
2012,2013-03-30,MAI,WERB,1.0,1.0,0,1.0,1.0,2.05,3.5,3.5
2012,2013-03-30,SCH,HOF,3.0,0.0,1,3.0,0.0,1.57,4.1,5.5
2012,2013-03-30,STU,DOR,1.0,2.0,-1,0.0,3.0,3.8,3.6,1.91
2012,2013-03-17,EINF,STU,1.0,2.0,-1,0.0,3.0,2.0,3.5,3.6
2012,2013-03-17,MGL,HAN,1.0,0.0,1,3.0,0.0,2.0,3.4,3.75
2012,2013-03-16,DOR,FRE,5.0,1.0,1,3.0,0.0,1.36,4.75,8.5
2012,2013-03-16,HAM,AUG,0.0,1.0,-1,0.0,3.0,1.91,3.5,4.0
2012,2013-03-16,HOF,MAI,0.0,0.0,0,1.0,1.0,2.5,3.3,2.8
2012,2013-03-16,LEVK,BAY,1.0,2.0,-1,0.0,3.0,4.2,3.75,1.8
2012,2013-03-16,NUR,SCH,3.0,0.0,1,3.0,0.0,3.1,3.4,2.25
2012,2013-03-16,WERB,GREF,2.0,2.0,0,1.0,1.0,1.5,4.33,6.0
2012,2013-03-15,WOB,FORD,1.0,1.0,0,1.0,1.0,1.8,3.5,4.5
2012,2013-03-10,HAN,EINF,0.0,0.0,0,1.0,1.0,2.3,3.5,2.9
2012,2013-03-10,STU,HAM,0.0,1.0,-1,0.0,3.0,2.25,3.4,3.1
2012,2013-03-09,BAY,FORD,3.0,2.0,1,3.0,0.0,1.1,9.0,21.0
2012,2013-03-09,FRE,WOB,2.0,5.0,-1,0.0,3.0,1.91,3.5,4.0
2012,2013-03-09,GREF,HOF,0.0,3.0,-1,0.0,3.0,2.5,3.3,2.75
2012,2013-03-09,MAI,LEVK,1.0,0.0,1,3.0,0.0,3.1,3.3,2.3
2012,2013-03-09,MGL,WERB,1.0,1.0,0,1.0,1.0,2.2,3.4,3.2
2012,2013-03-09,SCH,DOR,2.0,1.0,1,3.0,0.0,3.5,3.6,2.0
2012,2013-03-08,AUG,NUR,1.0,2.0,-1,0.0,3.0,2.1,3.3,3.5
2012,2013-03-03,FORD,MAI,1.0,1.0,0,1.0,1.0,3.0,3.2,2.4
2012,2013-03-03,HOF,BAY,0.0,1.0,-1,0.0,3.0,12.0,5.5,1.25
2012,2013-03-02,DOR,HAN,3.0,1.0,1,3.0,0.0,1.3,5.25,9.5
2012,2013-03-02,HAM,GREF,1.0,1.0,0,1.0,1.0,1.62,3.75,5.5
2012,2013-03-02,LEVK,STU,2.0,1.0,1,3.0,0.0,1.53,4.33,5.5
2012,2013-03-02,NUR,FRE,1.0,1.0,0,1.0,1.0,2.6,3.25,2.75
2012,2013-03-02,WERB,AUG,0.0,1.0,-1,0.0,3.0,1.83,3.75,4.0
2012,2013-03-02,WOB,SCH,1.0,4.0,-1,0.0,3.0,2.6,3.3,2.63
2012,2013-03-01,EINF,MGL,0.0,1.0,-1,0.0,3.0,2.0,3.4,3.75
2012,2013-02-24,GREF,LEVK,0.0,0.0,0,1.0,1.0,4.75,3.6,1.75
2012,2013-02-24,MGL,DOR,1.0,1.0,0,1.0,1.0,5.0,4.0,1.62
2012,2013-02-23,AUG,HOF,2.0,1.0,1,3.0,0.0,2.1,3.2,3.6
2012,2013-02-23,BAY,WERB,6.0,1.0,1,3.0,0.0,1.17,7.0,15.0
2012,2013-02-23,HAN,HAM,5.0,1.0,1,3.0,0.0,2.5,3.4,2.7
2012,2013-02-23,MAI,WOB,1.0,1.0,0,1.0,1.0,2.0,3.4,3.75
2012,2013-02-23,SCH,FORD,2.0,1.0,1,3.0,0.0,1.44,4.33,7.0
2012,2013-02-23,STU,NUR,1.0,1.0,0,1.0,1.0,2.1,3.4,3.4
2012,2013-02-22,FRE,EINF,0.0,0.0,0,1.0,1.0,2.05,3.4,3.5
2012,2013-02-17,HOF,STU,0.0,1.0,-1,0.0,3.0,2.25,3.4,3.1
2012,2013-02-17,NUR,HAN,2.0,2.0,0,1.0,1.0,2.0,3.4,3.75
2012,2013-02-16,DOR,EINF,3.0,0.0,1,3.0,0.0,1.4,4.75,7.5
2012,2013-02-16,FORD,GREF,1.0,0.0,1,3.0,0.0,2.3,3.2,3.2
2012,2013-02-16,HAM,MGL,1.0,0.0,1,3.0,0.0,1.91,3.5,4.0
2012,2013-02-16,LEVK,AUG,2.0,1.0,1,3.0,0.0,1.5,4.1,6.5
2012,2013-02-16,MAI,SCH,2.0,2.0,0,1.0,1.0,2.25,3.4,3.1
2012,2013-02-16,WERB,FRE,2.0,3.0,-1,0.0,3.0,2.0,3.5,3.6
2012,2013-02-15,WOB,BAY,0.0,2.0,-1,0.0,3.0,7.0,4.75,1.4
2012,2013-02-10,AUG,MAI,1.0,1.0,0,1.0,1.0,2.6,3.2,2.75
2012,2013-02-10,FRE,FORD,1.0,0.0,1,3.0,0.0,1.62,3.75,5.5
2012,2013-02-09,BAY,SCH,4.0,0.0,1,3.0,0.0,1.25,5.5,12.0
2012,2013-02-09,DOR,HAM,1.0,4.0,-1,0.0,3.0,1.25,6.0,10.0
2012,2013-02-09,EINF,NUR,0.0,0.0,0,1.0,1.0,1.83,3.5,4.33
2012,2013-02-09,GREF,WOB,0.0,1.0,-1,0.0,3.0,2.88,3.3,2.4
2012,2013-02-09,HAN,HOF,1.0,0.0,1,3.0,0.0,2.2,3.4,3.2
2012,2013-02-09,MGL,LEVK,3.0,3.0,0,1.0,1.0,3.1,3.4,2.25
2012,2013-02-09,STU,WERB,1.0,4.0,-1,0.0,3.0,2.25,3.5,3.0
2012,2013-02-03,LEVK,DOR,2.0,3.0,-1,0.0,3.0,3.3,3.5,2.1
2012,2013-02-03,NUR,MGL,2.0,1.0,1,3.0,0.0,2.4,3.2,3.0
2012,2013-02-02,FORD,STU,3.0,1.0,1,3.0,0.0,3.2,3.25,2.25
2012,2013-02-02,HAM,EINF,0.0,2.0,-1,0.0,3.0,2.3,3.4,3.0
2012,2013-02-02,HOF,FRE,2.0,1.0,1,3.0,0.0,2.5,3.3,2.75
2012,2013-02-02,MAI,BAY,0.0,3.0,-1,0.0,3.0,8.0,4.5,1.4
2012,2013-02-02,SCH,GREF,1.0,2.0,-1,0.0,3.0,1.33,5.0,9.0
2012,2013-02-02,WOB,AUG,1.0,1.0,0,1.0,1.0,1.83,3.5,4.33
2012,2013-02-01,WERB,HAN,2.0,0.0,1,3.0,0.0,1.85,3.8,3.8
2012,2013-01-27,HAM,WERB,3.0,2.0,1,3.0,0.0,2.38,3.5,2.8
2012,2013-01-27,STU,BAY,0.0,2.0,-1,0.0,3.0,8.0,4.5,1.4
2012,2013-01-26,AUG,SCH,0.0,0.0,0,1.0,1.0,3.6,3.5,2.0
2012,2013-01-26,EINF,HOF,2.0,1.0,1,3.0,0.0,1.95,3.6,3.6
2012,2013-01-26,FRE,LEVK,0.0,0.0,0,1.0,1.0,2.75,3.3,2.5
2012,2013-01-26,GREF,MAI,0.0,3.0,-1,0.0,3.0,3.1,3.3,2.3
2012,2013-01-26,HAN,WOB,2.0,1.0,1,3.0,0.0,2.1,3.5,3.3
2012,2013-01-26,MGL,FORD,2.0,1.0,1,3.0,0.0,1.62,3.8,5.5
2012,2013-01-25,DOR,NUR,3.0,0.0,1,3.0,0.0,1.18,6.5,15.0
2012,2013-01-20,FORD,AUG,2.0,3.0,-1,0.0,3.0,2.3,3.3,3.1
2012,2013-01-20,NUR,HAM,1.0,1.0,0,1.0,1.0,2.3,3.2,3.2
2012,2013-01-19,BAY,GREF,2.0,0.0,1,3.0,0.0,1.1,10.0,19.0
2012,2013-01-19,HOF,MGL,0.0,0.0,0,1.0,1.0,2.38,3.4,2.9
2012,2013-01-19,LEVK,EINF,3.0,1.0,1,3.0,0.0,1.67,4.0,4.75
2012,2013-01-19,MAI,FRE,0.0,0.0,0,1.0,1.0,2.2,3.25,3.3
2012,2013-01-19,WERB,DOR,0.0,5.0,-1,0.0,3.0,5.0,3.75,1.67
2012,2013-01-19,WOB,STU,2.0,0.0,1,3.0,0.0,2.1,3.5,3.3
2012,2013-01-18,SCH,HAN,5.0,4.0,1,3.0,0.0,1.67,3.8,5.0
2012,2012-12-16,HOF,DOR,1.0,3.0,-1,0.0,3.0,7.0,4.33,1.44
2012,2012-12-16,WERB,NUR,1.0,1.0,0,1.0,1.0,1.83,4.0,3.75
2012,2012-12-15,FORD,HAN,2.0,1.0,1,3.0,0.0,2.75,3.3,2.5
2012,2012-12-15,GREF,AUG,1.0,1.0,0,1.0,1.0,2.38,3.2,3.0
2012,2012-12-15,LEVK,HAM,3.0,0.0,1,3.0,0.0,1.6,4.0,5.25
2012,2012-12-15,MAI,STU,3.0,1.0,1,3.0,0.0,2.25,3.4,3.1
2012,2012-12-15,SCH,FRE,1.0,3.0,-1,0.0,3.0,1.67,3.75,5.0
2012,2012-12-15,WOB,EINF,0.0,2.0,-1,0.0,3.0,2.1,3.5,3.3
2012,2012-12-14,BAY,MGL,1.0,1.0,0,1.0,1.0,1.14,7.5,17.0
2012,2012-12-09,HAN,LEVK,3.0,2.0,1,3.0,0.0,2.8,3.5,2.4
2012,2012-12-09,MGL,MAI,2.0,0.0,1,3.0,0.0,2.4,3.3,2.9
2012,2012-12-08,AUG,BAY,0.0,2.0,-1,0.0,3.0,10.0,5.5,1.29
2012,2012-12-08,DOR,WOB,2.0,3.0,-1,0.0,3.0,1.29,5.5,10.0
2012,2012-12-08,EINF,WERB,4.0,1.0,1,3.0,0.0,2.4,3.5,2.8
2012,2012-12-08,FRE,GREF,1.0,0.0,1,3.0,0.0,1.7,3.6,5.0
2012,2012-12-08,NUR,FORD,2.0,0.0,1,3.0,0.0,1.91,3.3,4.2
2012,2012-12-08,STU,SCH,3.0,1.0,1,3.0,0.0,3.1,3.4,2.25
2012,2012-12-07,HAM,HOF,2.0,0.0,1,3.0,0.0,2.0,3.5,3.75
2012,2012-12-02,HOF,WERB,1.0,4.0,-1,0.0,3.0,2.6,3.3,2.63
2012,2012-12-02,WOB,HAM,1.0,1.0,0,1.0,1.0,1.91,3.6,3.75
2012,2012-12-01,AUG,FRE,1.0,1.0,0,1.0,1.0,2.5,3.3,2.75
2012,2012-12-01,BAY,DOR,1.0,1.0,0,1.0,1.0,1.75,3.8,4.33
2012,2012-12-01,GREF,STU,0.0,1.0,-1,0.0,3.0,3.0,3.4,2.3
2012,2012-12-01,LEVK,NUR,1.0,0.0,1,3.0,0.0,1.5,4.33,6.0
2012,2012-12-01,MAI,HAN,2.0,1.0,1,3.0,0.0,2.0,3.5,3.6
2012,2012-12-01,SCH,MGL,1.0,1.0,0,1.0,1.0,1.44,4.5,6.5
2012,2012-11-30,FORD,EINF,4.0,0.0,1,3.0,0.0,2.88,3.4,2.38
2012,2012-11-28,FRE,BAY,0.0,2.0,-1,0.0,3.0,8.0,4.75,1.36
2012,2012-11-28,MGL,WOB,2.0,0.0,1,3.0,0.0,2.38,3.4,2.88
2012,2012-11-28,NUR,HOF,4.0,2.0,1,3.0,0.0,2.3,3.4,3.0
2012,2012-11-28,STU,AUG,2.0,1.0,1,3.0,0.0,1.6,4.0,5.25
2012,2012-11-28,WERB,LEVK,1.0,4.0,-1,0.0,3.0,2.6,3.5,2.55
2012,2012-11-27,DOR,FORD,1.0,1.0,0,1.0,1.0,1.13,8.0,19.0
2012,2012-11-27,EINF,MAI,1.0,3.0,-1,0.0,3.0,2.1,3.4,3.4
2012,2012-11-27,HAM,SCH,3.0,1.0,1,3.0,0.0,4.5,3.5,1.8
2012,2012-11-27,HAN,GREF,2.0,0.0,1,3.0,0.0,1.62,4.0,5.0
2012,2012-11-25,AUG,MGL,1.0,1.0,0,1.0,1.0,2.38,3.25,3.0
2012,2012-11-25,FRE,STU,3.0,0.0,1,3.0,0.0,2.2,3.5,3.1
2012,2012-11-25,HOF,LEVK,1.0,2.0,-1,0.0,3.0,3.1,3.4,2.25
2012,2012-11-24,BAY,HAN,5.0,0.0,1,3.0,0.0,1.17,7.0,15.0
2012,2012-11-24,GREF,NUR,0.0,0.0,0,1.0,1.0,2.5,3.3,2.75
2012,2012-11-24,MAI,DOR,1.0,2.0,-1,0.0,3.0,5.5,3.75,1.62
2012,2012-11-24,SCH,EINF,1.0,1.0,0,1.0,1.0,1.5,4.33,6.0
2012,2012-11-24,WOB,WERB,1.0,1.0,0,1.0,1.0,2.25,3.4,3.1
2012,2012-11-23,FORD,HAM,2.0,0.0,1,3.0,0.0,3.0,3.25,2.38
2012,2012-11-18,HOF,WOB,1.0,3.0,-1,0.0,3.0,2.25,3.4,3.1
2012,2012-11-18,WERB,FORD,2.0,1.0,1,3.0,0.0,1.53,4.1,6.0
2012,2012-11-17,DOR,GREF,3.0,1.0,1,3.0,0.0,1.17,7.0,15.0
2012,2012-11-17,EINF,AUG,4.0,2.0,1,3.0,0.0,1.73,3.75,4.5
2012,2012-11-17,HAM,MAI,1.0,0.0,1,3.0,0.0,2.4,3.4,2.8
2012,2012-11-17,HAN,FRE,1.0,2.0,-1,0.0,3.0,2.1,3.4,3.4
2012,2012-11-17,LEVK,SCH,2.0,0.0,1,3.0,0.0,2.63,3.5,2.5
2012,2012-11-17,MGL,STU,1.0,2.0,-1,0.0,3.0,2.38,3.4,2.88
2012,2012-11-17,NUR,BAY,1.0,1.0,0,1.0,1.0,10.0,5.5,1.29
2012,2012-11-11,GREF,MGL,2.0,4.0,-1,0.0,3.0,2.6,3.25,2.7
2012,2012-11-11,STU,HAN,2.0,4.0,-1,0.0,3.0,2.0,3.5,3.6
2012,2012-11-11,WOB,LEVK,3.0,1.0,1,3.0,0.0,3.1,3.5,2.2
2012,2012-11-10,AUG,DOR,1.0,3.0,-1,0.0,3.0,6.5,4.1,1.5
2012,2012-11-10,BAY,EINF,2.0,0.0,1,3.0,0.0,1.17,7.0,16.0
2012,2012-11-10,FORD,HOF,1.0,1.0,0,1.0,1.0,2.75,3.3,2.5
2012,2012-11-10,FRE,HAM,0.0,0.0,0,1.0,1.0,2.0,3.5,3.6
2012,2012-11-10,SCH,WERB,2.0,1.0,1,3.0,0.0,1.44,4.5,7.0
2012,2012-11-09,MAI,NUR,2.0,1.0,1,3.0,0.0,1.8,3.5,4.5
2012,2012-11-04,LEVK,FORD,3.0,2.0,1,3.0,0.0,1.44,4.33,7.0
2012,2012-11-04,WERB,MAI,2.0,1.0,1,3.0,0.0,2.0,3.5,3.6
2012,2012-11-03,DOR,STU,0.0,0.0,0,1.0,1.0,1.33,5.0,9.0
2012,2012-11-03,HAM,BAY,0.0,3.0,-1,0.0,3.0,7.5,5.0,1.36
2012,2012-11-03,HAN,AUG,2.0,0.0,1,3.0,0.0,1.7,3.75,4.75
2012,2012-11-03,HOF,SCH,3.0,2.0,1,3.0,0.0,4.33,3.6,1.8
2012,2012-11-03,MGL,FRE,1.0,1.0,0,1.0,1.0,2.25,3.25,3.2
2012,2012-11-03,NUR,WOB,1.0,0.0,1,3.0,0.0,2.5,3.4,2.7
2012,2012-11-02,EINF,GREF,1.0,1.0,0,1.0,1.0,1.6,4.0,5.25
2012,2012-10-28,BAY,LEVK,1.0,2.0,-1,0.0,3.0,1.22,6.0,13.0
2012,2012-10-28,HAN,MGL,2.0,3.0,-1,0.0,3.0,1.91,3.6,3.8
2012,2012-10-28,STU,EINF,2.0,1.0,1,3.0,0.0,2.1,3.5,3.3
2012,2012-10-27,FORD,WOB,1.0,4.0,-1,0.0,3.0,2.3,3.3,3.1
2012,2012-10-27,FRE,DOR,0.0,2.0,-1,0.0,3.0,5.5,3.75,1.62
2012,2012-10-27,GREF,WERB,1.0,1.0,0,1.0,1.0,2.6,3.4,2.6
2012,2012-10-27,MAI,HOF,3.0,0.0,1,3.0,0.0,2.0,3.5,3.6
2012,2012-10-27,SCH,NUR,1.0,0.0,1,3.0,0.0,1.3,5.5,9.0
2012,2012-10-26,AUG,HAM,0.0,2.0,-1,0.0,3.0,2.38,3.4,2.88
2012,2012-10-21,HAM,STU,0.0,1.0,-1,0.0,3.0,2.25,3.4,3.1
2012,2012-10-21,NUR,AUG,0.0,0.0,0,1.0,1.0,2.0,3.5,3.6
2012,2012-10-20,DOR,SCH,1.0,2.0,-1,0.0,3.0,1.62,4.0,5.0
2012,2012-10-20,EINF,HAN,3.0,1.0,1,3.0,0.0,2.1,3.5,3.3
2012,2012-10-20,FORD,BAY,0.0,5.0,-1,0.0,3.0,11.0,5.0,1.29
2012,2012-10-20,LEVK,MAI,2.0,2.0,0,1.0,1.0,1.67,3.8,5.0
2012,2012-10-20,WERB,MGL,4.0,0.0,1,3.0,0.0,2.1,3.4,3.4
2012,2012-10-20,WOB,FRE,0.0,2.0,-1,0.0,3.0,2.25,3.4,3.1
2012,2012-10-19,HOF,GREF,3.0,3.0,0,1.0,1.0,1.83,3.6,4.2
2012,2012-10-07,HAN,DOR,1.0,1.0,0,1.0,1.0,5.0,3.75,1.67
2012,2012-10-07,MGL,EINF,2.0,0.0,1,3.0,0.0,2.25,3.5,3.0
2012,2012-10-07,STU,LEVK,2.0,2.0,0,1.0,1.0,2.4,3.5,2.75
2012,2012-10-06,BAY,HOF,2.0,0.0,1,3.0,0.0,1.14,7.5,17.0
2012,2012-10-06,FRE,NUR,3.0,0.0,1,3.0,0.0,2.1,3.5,3.3
2012,2012-10-06,GREF,HAM,0.0,1.0,-1,0.0,3.0,2.7,3.4,2.5
2012,2012-10-06,MAI,FORD,1.0,0.0,1,3.0,0.0,1.83,3.5,4.33
2012,2012-10-06,SCH,WOB,3.0,0.0,1,3.0,0.0,1.4,4.5,8.0
2012,2012-10-05,AUG,WERB,3.0,1.0,1,3.0,0.0,2.9,3.5,2.3
2012,2012-09-30,EINF,FRE,2.0,1.0,1,3.0,0.0,1.75,3.75,4.5
2012,2012-09-30,WOB,MAI,0.0,2.0,-1,0.0,3.0,2.1,3.4,3.4
2012,2012-09-29,DOR,MGL,5.0,0.0,1,3.0,0.0,1.36,4.5,9.0
2012,2012-09-29,HAM,HAN,1.0,0.0,1,3.0,0.0,2.3,3.4,3.0
2012,2012-09-29,HOF,AUG,0.0,0.0,0,1.0,1.0,1.75,3.75,4.5
2012,2012-09-29,LEVK,GREF,2.0,0.0,1,3.0,0.0,1.44,4.33,7.0
2012,2012-09-29,NUR,STU,0.0,2.0,-1,0.0,3.0,2.3,3.4,3.0
2012,2012-09-29,WERB,BAY,0.0,2.0,-1,0.0,3.0,6.0,4.0,1.53
2012,2012-09-28,FORD,SCH,2.0,2.0,0,1.0,1.0,4.33,3.5,1.83
2012,2012-09-26,AUG,LEVK,1.0,3.0,-1,0.0,3.0,3.2,3.3,2.25
2012,2012-09-26,FRE,WERB,1.0,2.0,-1,0.0,3.0,2.5,3.4,2.7
2012,2012-09-26,HAN,NUR,4.0,1.0,1,3.0,0.0,2.1,3.4,3.4
2012,2012-09-26,MGL,HAM,2.0,2.0,0,1.0,1.0,1.91,3.5,4.0
2012,2012-09-26,STU,HOF,0.0,3.0,-1,0.0,3.0,1.83,3.75,4.0
2012,2012-09-25,BAY,WOB,3.0,0.0,1,3.0,0.0,1.2,6.5,13.0
2012,2012-09-25,EINF,DOR,3.0,3.0,0,1.0,1.0,4.2,3.75,1.8
2012,2012-09-25,GREF,FORD,0.0,2.0,-1,0.0,3.0,2.15,3.25,3.5
2012,2012-09-25,SCH,MAI,3.0,0.0,1,3.0,0.0,1.57,3.8,6.0
2012,2012-09-23,HOF,HAN,3.0,1.0,1,3.0,0.0,2.5,3.4,2.7
2012,2012-09-23,LEVK,MGL,1.0,1.0,0,1.0,1.0,1.91,3.6,3.8
2012,2012-09-23,WERB,STU,2.0,2.0,0,1.0,1.0,1.91,3.6,3.75
2012,2012-09-22,FORD,FRE,0.0,0.0,0,1.0,1.0,2.15,3.4,3.3
2012,2012-09-22,HAM,DOR,3.0,2.0,1,3.0,0.0,5.25,4.2,1.57
2012,2012-09-22,MAI,AUG,2.0,0.0,1,3.0,0.0,1.73,3.6,4.75
2012,2012-09-22,SCH,BAY,0.0,2.0,-1,0.0,3.0,4.0,3.4,1.91
2012,2012-09-22,WOB,GREF,1.0,1.0,0,1.0,1.0,1.8,3.75,4.2
2012,2012-09-21,NUR,EINF,1.0,2.0,-1,0.0,3.0,2.1,3.4,3.4
2012,2012-09-16,EINF,HAM,3.0,2.0,1,3.0,0.0,2.0,3.4,3.75
2012,2012-09-16,FRE,HOF,5.0,3.0,1,3.0,0.0,2.4,3.4,2.8
2012,2012-09-15,BAY,MAI,3.0,1.0,1,3.0,0.0,1.17,7.0,15.0
2012,2012-09-15,DOR,LEVK,3.0,0.0,1,3.0,0.0,1.44,4.33,7.0
2012,2012-09-15,GREF,SCH,0.0,2.0,-1,0.0,3.0,3.75,3.5,1.95
2012,2012-09-15,HAN,WERB,3.0,2.0,1,3.0,0.0,2.3,3.4,3.0
2012,2012-09-15,MGL,NUR,2.0,3.0,-1,0.0,3.0,2.0,3.4,3.75
2012,2012-09-15,STU,FORD,0.0,0.0,0,1.0,1.0,1.62,3.8,5.5
2012,2012-09-14,AUG,WOB,0.0,0.0,0,1.0,1.0,2.7,3.4,2.5
2012,2012-09-02,BAY,STU,6.0,1.0,1,3.0,0.0,1.25,6.0,11.0
2012,2012-09-02,WOB,HAN,0.0,4.0,-1,0.0,3.0,1.95,3.5,3.75
2012,2012-09-01,FORD,MGL,0.0,0.0,0,1.0,1.0,2.9,3.3,2.4
2012,2012-09-01,HOF,EINF,0.0,4.0,-1,0.0,3.0,2.05,3.4,3.5
2012,2012-09-01,LEVK,FRE,2.0,0.0,1,3.0,0.0,1.57,4.0,5.5
2012,2012-09-01,NUR,DOR,1.0,1.0,0,1.0,1.0,6.0,4.0,1.55
2012,2012-09-01,SCH,AUG,3.0,1.0,1,3.0,0.0,1.36,4.75,8.5
2012,2012-09-01,WERB,HAM,2.0,0.0,1,3.0,0.0,1.73,3.75,4.5
2012,2012-08-31,MAI,GREF,0.0,1.0,-1,0.0,3.0,1.8,3.5,4.5
2012,2012-08-26,HAN,SCH,2.0,2.0,0,1.0,1.0,2.88,3.4,2.38
2012,2012-08-25,AUG,FORD,0.0,2.0,-1,0.0,3.0,2.0,3.5,3.6
2012,2012-08-25,EINF,LEVK,2.0,1.0,1,3.0,0.0,2.8,3.4,2.4
2012,2012-08-25,FRE,MAI,1.0,1.0,0,1.0,1.0,2.5,3.3,2.75
2012,2012-08-25,GREF,BAY,0.0,3.0,-1,0.0,3.0,8.5,4.75,1.36
2012,2012-08-25,HAM,NUR,0.0,1.0,-1,0.0,3.0,2.05,3.4,3.5
2012,2012-08-25,MGL,HOF,2.0,1.0,1,3.0,0.0,1.91,3.4,4.0
2012,2012-08-25,STU,WOB,0.0,1.0,-1,0.0,3.0,2.0,3.5,3.6
2012,2012-08-24,DOR,WERB,2.0,1.0,1,3.0,0.0,1.3,5.5,9.0
2011,2012-05-05,AUG,HAM,1.0,0.0,1,3.0,0.0,2.4,3.3,2.88
2011,2012-05-05,DOR,FRE,4.0,0.0,1,3.0,0.0,1.3,5.25,9.5
2011,2012-05-05,KOL,BAY,1.0,4.0,-1,0.0,3.0,5.0,4.0,1.62
2011,2012-05-05,HAN,KAI,2.0,1.0,1,3.0,0.0,1.33,5.0,9.0
2011,2012-05-05,HERT,HOF,3.0,1.0,1,3.0,0.0,1.95,3.6,3.6
2011,2012-05-05,MAI,MGL,0.0,3.0,-1,0.0,3.0,2.3,3.4,3.0
2011,2012-05-05,NUR,LEVK,1.0,4.0,-1,0.0,3.0,2.5,3.3,2.8
2011,2012-05-05,STU,WOB,3.0,2.0,1,3.0,0.0,1.91,3.75,3.6
2011,2012-05-05,WERB,SCH,2.0,3.0,-1,0.0,3.0,2.5,3.4,2.7
2011,2012-04-28,BAY,STU,2.0,0.0,1,3.0,0.0,1.7,3.75,4.75
2011,2012-04-28,FRE,KOL,4.0,1.0,1,3.0,0.0,2.25,3.5,3.0
2011,2012-04-28,HAM,MAI,0.0,0.0,0,1.0,1.0,2.1,3.4,3.4
2011,2012-04-28,HOF,NUR,2.0,3.0,-1,0.0,3.0,1.91,3.5,4.0
2011,2012-04-28,KAI,DOR,2.0,5.0,-1,0.0,3.0,7.0,4.0,1.5
2011,2012-04-28,LEVK,HAN,1.0,0.0,1,3.0,0.0,1.83,3.6,4.2
2011,2012-04-28,MGL,AUG,0.0,0.0,0,1.0,1.0,1.73,3.75,4.5
2011,2012-04-28,SCH,HERT,4.0,0.0,1,3.0,0.0,1.44,4.33,7.0
2011,2012-04-28,WOB,WERB,3.0,1.0,1,3.0,0.0,2.1,3.5,3.3
2011,2012-04-22,AUG,SCH,1.0,1.0,0,1.0,1.0,3.2,3.4,2.2
2011,2012-04-22,HAN,FRE,0.0,0.0,0,1.0,1.0,1.83,3.5,4.2
2011,2012-04-21,DOR,MGL,2.0,0.0,1,3.0,0.0,1.44,4.2,7.5
2011,2012-04-21,KOL,STU,1.0,1.0,0,1.0,1.0,4.0,3.75,1.83
2011,2012-04-21,HERT,KAI,1.0,2.0,-1,0.0,3.0,1.53,4.0,6.0
2011,2012-04-21,HOF,LEVK,0.0,1.0,-1,0.0,3.0,2.38,3.4,2.88
2011,2012-04-21,NUR,HAM,1.0,1.0,0,1.0,1.0,2.2,3.3,3.25
2011,2012-04-21,WERB,BAY,1.0,2.0,-1,0.0,3.0,3.2,3.4,2.2
2011,2012-04-20,MAI,WOB,0.0,0.0,0,1.0,1.0,1.91,3.6,3.75
2011,2012-04-15,FRE,HOF,0.0,0.0,0,1.0,1.0,2.3,3.4,3.0
2011,2012-04-15,MGL,KOL,3.0,0.0,1,3.0,0.0,1.5,4.33,6.0
2011,2012-04-14,BAY,MAI,0.0,0.0,0,1.0,1.0,1.29,5.0,11.0
2011,2012-04-14,HAM,HAN,1.0,0.0,1,3.0,0.0,2.3,3.4,3.0
2011,2012-04-14,KAI,NUR,0.0,2.0,-1,0.0,3.0,2.8,3.4,2.4
2011,2012-04-14,LEVK,HERT,3.0,3.0,0,1.0,1.0,1.53,4.0,6.0
2011,2012-04-14,SCH,DOR,1.0,2.0,-1,0.0,3.0,3.3,3.5,2.1
2011,2012-04-14,WOB,AUG,1.0,2.0,-1,0.0,3.0,1.73,3.75,4.5
2011,2012-04-13,STU,WERB,4.0,1.0,1,3.0,0.0,1.73,4.0,4.2
2011,2012-04-11,DOR,BAY,1.0,0.0,1,3.0,0.0,2.6,3.4,2.7
2011,2012-04-11,HAN,WOB,2.0,0.0,1,3.0,0.0,2.1,3.5,3.3
2011,2012-04-11,HOF,HAM,4.0,0.0,1,3.0,0.0,2.2,3.4,3.2
2011,2012-04-11,LEVK,KAI,3.0,1.0,1,3.0,0.0,1.4,4.5,8.0
2011,2012-04-11,NUR,SCH,4.0,1.0,1,3.0,0.0,3.0,3.4,2.3
2011,2012-04-10,AUG,STU,1.0,3.0,-1,0.0,3.0,2.7,3.4,2.5
2011,2012-04-10,HERT,FRE,1.0,2.0,-1,0.0,3.0,2.1,3.4,3.4
2011,2012-04-10,MAI,KOL,4.0,0.0,1,3.0,0.0,1.57,4.0,5.5
2011,2012-04-10,WERB,MGL,2.0,2.0,0,1.0,1.0,2.4,3.4,2.8
2011,2012-04-08,HAM,LEVK,1.0,1.0,0,1.0,1.0,2.75,3.3,2.5
2011,2012-04-08,SCH,HAN,3.0,0.0,1,3.0,0.0,1.67,3.8,5.0
2011,2012-04-07,BAY,AUG,2.0,1.0,1,3.0,0.0,1.13,8.0,21.0
2011,2012-04-07,KOL,WERB,1.0,1.0,0,1.0,1.0,2.8,3.4,2.4
2011,2012-04-07,FRE,NUR,2.0,2.0,0,1.0,1.0,2.1,3.4,3.4
2011,2012-04-07,KAI,HOF,1.0,2.0,-1,0.0,3.0,2.75,3.3,2.5
2011,2012-04-07,MGL,HERT,0.0,0.0,0,1.0,1.0,1.57,3.75,6.0
2011,2012-04-07,STU,MAI,4.0,1.0,1,3.0,0.0,2.05,3.4,3.6
2011,2012-04-07,WOB,DOR,1.0,3.0,-1,0.0,3.0,5.5,4.0,1.57
2011,2012-04-01,HAN,MGL,2.0,1.0,1,3.0,0.0,2.7,3.25,2.6
2011,2012-04-01,HOF,SCH,1.0,1.0,0,1.0,1.0,3.0,3.4,2.3
2011,2012-03-31,AUG,KOL,2.0,1.0,1,3.0,0.0,2.0,3.4,3.75
2011,2012-03-31,HERT,WOB,1.0,4.0,-1,0.0,3.0,2.4,3.3,2.9
2011,2012-03-31,KAI,HAM,0.0,1.0,-1,0.0,3.0,2.5,3.25,2.8
2011,2012-03-31,LEVK,FRE,0.0,2.0,-1,0.0,3.0,1.7,3.8,4.75
2011,2012-03-31,NUR,BAY,0.0,1.0,-1,0.0,3.0,8.5,4.75,1.36
2011,2012-03-31,WERB,MAI,0.0,3.0,-1,0.0,3.0,2.1,3.4,3.4
2011,2012-03-30,DOR,STU,4.0,4.0,0,1.0,1.0,1.29,5.5,10.0
2011,2012-03-25,KOL,DOR,1.0,6.0,-1,0.0,3.0,8.0,4.5,1.4
2011,2012-03-25,STU,NUR,1.0,0.0,1,3.0,0.0,1.83,3.5,4.33
2011,2012-03-24,BAY,HAN,2.0,1.0,1,3.0,0.0,1.17,7.0,15.0
2011,2012-03-24,FRE,KAI,2.0,0.0,1,3.0,0.0,2.0,3.4,3.75
2011,2012-03-24,MAI,HERT,1.0,3.0,-1,0.0,3.0,1.73,3.5,5.0
2011,2012-03-24,MGL,HOF,1.0,2.0,-1,0.0,3.0,1.67,3.6,5.25
2011,2012-03-24,SCH,LEVK,2.0,0.0,1,3.0,0.0,1.91,3.6,3.75
2011,2012-03-24,WERB,AUG,1.0,1.0,0,1.0,1.0,1.8,3.5,4.5
2011,2012-03-23,WOB,HAM,2.0,1.0,1,3.0,0.0,2.05,3.5,3.4
2011,2012-03-18,HAN,KOL,4.0,1.0,1,3.0,0.0,1.62,3.8,5.5
2011,2012-03-18,KAI,SCH,1.0,4.0,-1,0.0,3.0,3.5,3.3,2.1
2011,2012-03-17,AUG,MAI,2.0,1.0,1,3.0,0.0,2.9,3.3,2.4
2011,2012-03-17,DOR,WERB,1.0,0.0,1,3.0,0.0,1.33,5.0,9.0
2011,2012-03-17,HAM,FRE,1.0,3.0,-1,0.0,3.0,1.83,3.75,4.0
2011,2012-03-17,HERT,BAY,0.0,6.0,-1,0.0,3.0,9.0,5.0,1.33
2011,2012-03-17,LEVK,MGL,1.0,2.0,-1,0.0,3.0,2.1,3.4,3.4
2011,2012-03-17,NUR,WOB,1.0,3.0,-1,0.0,3.0,2.0,3.4,3.75
2011,2012-03-16,HOF,STU,1.0,2.0,-1,0.0,3.0,2.3,3.4,3.0
2011,2012-03-11,SCH,HAM,3.0,1.0,1,3.0,0.0,1.83,3.6,4.2
2011,2012-03-11,WERB,HAN,3.0,0.0,1,3.0,0.0,2.0,3.5,3.6
2011,2012-03-10,AUG,DOR,0.0,0.0,0,1.0,1.0,8.5,4.75,1.36
2011,2012-03-10,BAY,HOF,7.0,1.0,1,3.0,0.0,1.25,5.5,12.0
2011,2012-03-10,KOL,HERT,1.0,0.0,1,3.0,0.0,2.38,3.25,3.0
2011,2012-03-10,MAI,NUR,2.0,1.0,1,3.0,0.0,1.91,3.4,4.0
2011,2012-03-10,MGL,FRE,0.0,0.0,0,1.0,1.0,1.53,4.0,6.0
2011,2012-03-10,WOB,LEVK,3.0,2.0,1,3.0,0.0,2.88,3.4,2.38
2011,2012-03-09,STU,KAI,0.0,0.0,0,1.0,1.0,1.67,3.75,5.0
2011,2012-03-04,HOF,KOL,1.0,1.0,0,1.0,1.0,1.62,3.8,5.5
2011,2012-03-04,NUR,MGL,1.0,0.0,1,3.0,0.0,3.0,3.25,2.38
2011,2012-03-03,DOR,MAI,2.0,1.0,1,3.0,0.0,1.3,5.0,11.0
2011,2012-03-03,FRE,SCH,2.0,1.0,1,3.0,0.0,3.8,3.6,1.91
2011,2012-03-03,HAM,STU,0.0,4.0,-1,0.0,3.0,2.0,3.5,3.6
2011,2012-03-03,HAN,AUG,2.0,2.0,0,1.0,1.0,1.73,3.5,5.0
2011,2012-03-03,HERT,WERB,1.0,0.0,1,3.0,0.0,2.5,3.4,2.7
2011,2012-03-03,KAI,WOB,0.0,0.0,0,1.0,1.0,2.3,3.25,3.1
2011,2012-03-03,LEVK,BAY,2.0,0.0,1,3.0,0.0,4.5,3.6,1.8
2011,2012-02-26,BAY,SCH,2.0,0.0,1,3.0,0.0,1.4,4.5,7.5
2011,2012-02-26,DOR,HAN,3.0,1.0,1,3.0,0.0,1.25,5.5,12.0
2011,2012-02-25,AUG,HERT,3.0,0.0,1,3.0,0.0,2.6,3.25,2.7
2011,2012-02-25,KOL,LEVK,0.0,2.0,-1,0.0,3.0,3.75,3.6,1.91
2011,2012-02-25,MAI,KAI,4.0,0.0,1,3.0,0.0,1.73,3.6,4.75
2011,2012-02-25,STU,FRE,4.0,1.0,1,3.0,0.0,1.67,3.75,5.0
2011,2012-02-25,WERB,NUR,0.0,1.0,-1,0.0,3.0,1.8,3.5,4.5
2011,2012-02-25,WOB,HOF,1.0,2.0,-1,0.0,3.0,2.2,3.3,3.25
2011,2012-02-24,MGL,HAM,1.0,1.0,0,1.0,1.0,1.73,3.75,4.5
2011,2012-02-19,HAN,STU,4.0,2.0,1,3.0,0.0,2.5,3.3,2.8
2011,2012-02-19,SCH,WOB,4.0,0.0,1,3.0,0.0,1.67,3.75,5.0
2011,2012-02-18,FRE,BAY,0.0,0.0,0,1.0,1.0,9.0,5.5,1.3
2011,2012-02-18,HAM,WERB,1.0,3.0,-1,0.0,3.0,2.0,3.5,3.6
2011,2012-02-18,HERT,DOR,0.0,1.0,-1,0.0,3.0,7.0,4.0,1.5
2011,2012-02-18,KAI,MGL,1.0,2.0,-1,0.0,3.0,3.2,3.3,2.25
2011,2012-02-18,LEVK,AUG,4.0,1.0,1,3.0,0.0,1.5,4.0,7.0
2011,2012-02-18,NUR,KOL,2.0,1.0,1,3.0,0.0,1.73,3.5,5.0
2011,2012-02-17,HOF,MAI,1.0,1.0,0,1.0,1.0,2.4,3.3,2.9
2011,2012-02-12,AUG,NUR,0.0,0.0,0,1.0,1.0,2.7,3.2,2.63
2011,2012-02-12,KOL,HAM,0.0,1.0,-1,0.0,3.0,3.1,3.4,2.25
2011,2012-02-11,BAY,KAI,2.0,0.0,1,3.0,0.0,1.14,8.0,15.0
2011,2012-02-11,DOR,LEVK,1.0,0.0,1,3.0,0.0,1.4,4.5,8.0
2011,2012-02-11,MAI,HAN,1.0,1.0,0,1.0,1.0,1.91,3.4,4.0
2011,2012-02-11,MGL,SCH,3.0,0.0,1,3.0,0.0,2.38,3.4,2.88
2011,2012-02-11,STU,HERT,5.0,0.0,1,3.0,0.0,1.8,3.5,4.5
2011,2012-02-11,WERB,HOF,1.0,1.0,0,1.0,1.0,1.83,3.5,4.33
2011,2012-02-10,WOB,FRE,3.0,2.0,1,3.0,0.0,1.7,3.8,4.75
2011,2012-02-05,FRE,WERB,2.0,2.0,0,1.0,1.0,3.2,3.4,2.2
2011,2012-02-05,KAI,KOL,0.0,1.0,-1,0.0,3.0,1.75,3.5,4.75
2011,2012-02-04,HAM,BAY,1.0,1.0,0,1.0,1.0,6.0,4.0,1.53
2011,2012-02-04,HERT,HAN,0.0,1.0,-1,0.0,3.0,2.4,3.4,2.8
2011,2012-02-04,HOF,AUG,2.0,2.0,0,1.0,1.0,1.62,3.8,5.5
2011,2012-02-04,LEVK,STU,2.0,2.0,0,1.0,1.0,1.75,3.75,4.5
2011,2012-02-04,SCH,MAI,1.0,1.0,0,1.0,1.0,1.73,3.75,4.5
2011,2012-02-04,WOB,MGL,0.0,0.0,0,1.0,1.0,2.88,3.4,2.4
2011,2012-02-03,NUR,DOR,0.0,2.0,-1,0.0,3.0,6.0,4.0,1.57
2011,2012-01-29,MAI,FRE,3.0,1.0,1,3.0,0.0,1.67,3.75,5.0
2011,2012-01-29,STU,MGL,0.0,3.0,-1,0.0,3.0,2.5,3.25,2.8
2011,2012-01-28,AUG,KAI,2.0,2.0,0,1.0,1.0,2.5,3.2,2.88
2011,2012-01-28,BAY,WOB,2.0,0.0,1,3.0,0.0,1.17,7.0,15.0
2011,2012-01-28,DOR,HOF,3.0,1.0,1,3.0,0.0,1.33,5.0,9.0
2011,2012-01-28,KOL,SCH,1.0,4.0,-1,0.0,3.0,4.0,3.5,1.91
2011,2012-01-28,HERT,HAM,1.0,2.0,-1,0.0,3.0,2.38,3.25,3.0
2011,2012-01-28,WERB,LEVK,1.0,1.0,0,1.0,1.0,2.2,3.4,3.2
2011,2012-01-27,HAN,NUR,1.0,0.0,1,3.0,0.0,2.2,3.4,3.2
2011,2012-01-22,HAM,DOR,1.0,5.0,-1,0.0,3.0,4.33,3.5,1.83
2011,2012-01-22,LEVK,MAI,3.0,2.0,1,3.0,0.0,1.8,3.5,4.5
2011,2012-01-21,FRE,AUG,1.0,0.0,1,3.0,0.0,2.05,3.4,3.6
2011,2012-01-21,HOF,HAN,0.0,0.0,0,1.0,1.0,1.85,3.6,4.0
2011,2012-01-21,KAI,WERB,0.0,0.0,0,1.0,1.0,2.8,3.4,2.4
2011,2012-01-21,NUR,HERT,2.0,0.0,1,3.0,0.0,2.15,3.3,3.4
2011,2012-01-21,SCH,STU,3.0,1.0,1,3.0,0.0,1.8,3.6,4.33
2011,2012-01-21,WOB,KOL,1.0,0.0,1,3.0,0.0,1.8,3.75,4.2
2011,2012-01-20,MGL,BAY,3.0,1.0,1,3.0,0.0,5.0,3.75,1.67
2011,2011-12-18,KAI,HAN,1.0,1.0,0,1.0,1.0,2.3,3.3,3.1
2011,2011-12-18,MGL,MAI,1.0,0.0,1,3.0,0.0,1.83,3.5,4.33
2011,2011-12-17,FRE,DOR,1.0,4.0,-1,0.0,3.0,5.5,4.0,1.57
2011,2011-12-17,HAM,AUG,1.0,1.0,0,1.0,1.0,1.57,3.75,6.0
2011,2011-12-17,HOF,HERT,1.0,1.0,0,1.0,1.0,1.91,3.5,4.0
2011,2011-12-17,LEVK,NUR,0.0,3.0,-1,0.0,3.0,1.5,4.0,7.0
2011,2011-12-17,SCH,WERB,5.0,0.0,1,3.0,0.0,2.0,3.5,3.6
2011,2011-12-17,WOB,STU,1.0,0.0,1,3.0,0.0,2.6,3.4,2.6
2011,2011-12-16,BAY,KOL,3.0,0.0,1,3.0,0.0,1.13,8.5,17.0
2011,2011-12-13,KOL,MAI,1.0,1.0,0,1.0,1.0,2.5,3.4,2.7
2011,2011-12-11,DOR,KAI,1.0,1.0,0,1.0,1.0,1.25,5.5,12.0
2011,2011-12-11,STU,BAY,1.0,2.0,-1,0.0,3.0,6.25,4.0,1.53
2011,2011-12-10,AUG,MGL,1.0,0.0,1,3.0,0.0,4.0,3.4,1.91
2011,2011-12-10,KOL,FRE,4.0,0.0,1,3.0,0.0,2.3,3.4,3.0
2011,2011-12-10,HAN,LEVK,0.0,0.0,0,1.0,1.0,2.7,3.4,2.5
2011,2011-12-10,MAI,HAM,0.0,0.0,0,1.0,1.0,2.2,3.4,3.2
2011,2011-12-10,NUR,HOF,0.0,2.0,-1,0.0,3.0,2.3,3.4,3.0
2011,2011-12-10,WERB,WOB,4.0,1.0,1,3.0,0.0,1.62,4.0,5.0
2011,2011-12-09,HERT,SCH,1.0,2.0,-1,0.0,3.0,2.75,3.3,2.5
2011,2011-12-04,HAM,NUR,2.0,0.0,1,3.0,0.0,1.91,3.4,4.0
2011,2011-12-04,SCH,AUG,3.0,1.0,1,3.0,0.0,1.36,4.75,8.5
2011,2011-12-03,BAY,WERB,4.0,1.0,1,3.0,0.0,1.3,5.5,9.0
2011,2011-12-03,FRE,HAN,1.0,1.0,0,1.0,1.0,2.38,3.4,2.88
2011,2011-12-03,KAI,HERT,1.0,1.0,0,1.0,1.0,2.4,3.3,2.88
2011,2011-12-03,MGL,DOR,1.0,1.0,0,1.0,1.0,3.4,3.4,2.1
2011,2011-12-03,STU,KOL,2.0,2.0,0,1.0,1.0,1.44,4.33,7.0
2011,2011-12-03,WOB,MAI,2.0,2.0,0,1.0,1.0,2.38,3.4,2.88
2011,2011-12-02,LEVK,HOF,2.0,0.0,1,3.0,0.0,1.73,3.75,4.5
2011,2011-11-27,MAI,BAY,3.0,2.0,1,3.0,0.0,9.0,5.0,1.33
2011,2011-11-27,WERB,STU,2.0,0.0,1,3.0,0.0,2.1,3.4,3.4
2011,2011-11-26,AUG,WOB,2.0,0.0,1,3.0,0.0,2.88,3.4,2.38
2011,2011-11-26,DOR,SCH,2.0,0.0,1,3.0,0.0,1.65,3.75,5.25
2011,2011-11-26,HAN,HAM,1.0,1.0,0,1.0,1.0,2.2,3.4,3.2
2011,2011-11-26,HERT,LEVK,3.0,3.0,0,1.0,1.0,2.88,3.2,2.5
2011,2011-11-26,HOF,FRE,1.0,1.0,0,1.0,1.0,1.62,3.75,5.5
2011,2011-11-26,NUR,KAI,1.0,0.0,1,3.0,0.0,2.0,3.3,3.8
2011,2011-11-25,KOL,MGL,0.0,3.0,-1,0.0,3.0,3.2,3.4,2.2
2011,2011-11-20,HAM,HOF,2.0,0.0,1,3.0,0.0,2.3,3.4,3.0
2011,2011-11-20,STU,AUG,2.0,1.0,1,3.0,0.0,1.4,4.5,8.0
2011,2011-11-19,BAY,DOR,0.0,1.0,-1,0.0,3.0,1.62,3.8,5.5
2011,2011-11-19,FRE,HERT,2.0,2.0,0,1.0,1.0,2.6,3.4,2.6
2011,2011-11-19,MGL,WERB,5.0,0.0,1,3.0,0.0,2.5,3.3,2.75
2011,2011-11-19,SCH,NUR,4.0,0.0,1,3.0,0.0,1.75,3.5,4.75
2011,2011-11-19,WOB,HAN,4.0,1.0,1,3.0,0.0,2.3,3.4,3.0
2011,2011-11-18,KAI,LEVK,0.0,2.0,-1,0.0,3.0,2.88,3.4,2.38
2011,2011-11-06,AUG,BAY,1.0,2.0,-1,0.0,3.0,15.0,6.0,1.2
2011,2011-11-06,HAN,SCH,2.0,2.0,0,1.0,1.0,2.7,3.4,2.5
2011,2011-11-05,DOR,WOB,5.0,1.0,1,3.0,0.0,1.33,4.75,9.5
2011,2011-11-05,HERT,MGL,1.0,2.0,-1,0.0,3.0,2.25,3.3,3.2
2011,2011-11-05,HOF,KAI,1.0,1.0,0,1.0,1.0,1.67,3.8,5.0
2011,2011-11-05,LEVK,HAM,2.0,2.0,0,1.0,1.0,1.62,3.75,5.5
2011,2011-11-05,NUR,FRE,1.0,2.0,-1,0.0,3.0,1.73,3.5,5.0
2011,2011-11-05,WERB,KOL,3.0,2.0,1,3.0,0.0,1.44,4.2,7.5
2011,2011-11-04,MAI,STU,3.0,1.0,1,3.0,0.0,2.5,3.4,2.7
2011,2011-10-30,KOL,AUG,3.0,0.0,1,3.0,0.0,1.91,3.5,4.0
2011,2011-10-30,HAM,KAI,1.0,1.0,0,1.0,1.0,1.91,3.4,4.0
2011,2011-10-29,BAY,NUR,4.0,0.0,1,3.0,0.0,1.17,7.0,16.0
2011,2011-10-29,MAI,WERB,1.0,3.0,-1,0.0,3.0,2.7,3.4,2.5
2011,2011-10-29,MGL,HAN,2.0,1.0,1,3.0,0.0,2.0,3.4,3.75
2011,2011-10-29,SCH,HOF,3.0,1.0,1,3.0,0.0,1.95,3.3,4.0
2011,2011-10-29,STU,DOR,1.0,1.0,0,1.0,1.0,3.3,3.3,2.2
2011,2011-10-29,WOB,HERT,2.0,3.0,-1,0.0,3.0,2.2,3.4,3.2
2011,2011-10-28,FRE,LEVK,0.0,1.0,-1,0.0,3.0,3.3,3.5,2.1
2011,2011-10-23,HAN,BAY,2.0,1.0,1,3.0,0.0,9.0,4.5,1.36
2011,2011-10-23,LEVK,SCH,0.0,1.0,-1,0.0,3.0,2.0,3.5,3.6
2011,2011-10-22,DOR,KOL,5.0,0.0,1,3.0,0.0,1.29,5.5,9.5
2011,2011-10-22,HAM,WOB,1.0,1.0,0,1.0,1.0,2.15,3.4,3.3
2011,2011-10-22,HERT,MAI,0.0,0.0,0,1.0,1.0,1.95,3.5,3.75
2011,2011-10-22,HOF,MGL,1.0,0.0,1,3.0,0.0,2.0,3.5,3.6
2011,2011-10-22,KAI,FRE,1.0,0.0,1,3.0,0.0,2.0,3.5,3.6
2011,2011-10-22,NUR,STU,2.0,2.0,0,1.0,1.0,2.5,3.4,2.7
2011,2011-10-21,AUG,WERB,1.0,1.0,0,1.0,1.0,3.8,3.6,1.91
2011,2011-10-16,KOL,HAN,2.0,0.0,1,3.0,0.0,2.4,3.4,2.8
2011,2011-10-16,FRE,HAM,1.0,2.0,-1,0.0,3.0,2.5,3.4,2.7
2011,2011-10-15,BAY,HERT,4.0,0.0,1,3.0,0.0,1.2,6.5,13.0
2011,2011-10-15,MAI,AUG,0.0,1.0,-1,0.0,3.0,1.67,3.75,5.0
2011,2011-10-15,MGL,LEVK,2.0,2.0,0,1.0,1.0,2.6,3.4,2.6
2011,2011-10-15,SCH,KAI,1.0,2.0,-1,0.0,3.0,1.44,4.2,7.5
2011,2011-10-15,STU,HOF,2.0,0.0,1,3.0,0.0,2.0,3.5,3.6
2011,2011-10-15,WOB,NUR,2.0,1.0,1,3.0,0.0,2.1,3.4,3.4
2011,2011-10-14,WERB,DOR,0.0,2.0,-1,0.0,3.0,2.8,3.5,2.4
2011,2011-10-02,HAM,SCH,1.0,2.0,-1,0.0,3.0,2.75,3.3,2.5
2011,2011-10-02,HAN,WERB,3.0,2.0,1,3.0,0.0,2.75,3.3,2.5
2011,2011-10-01,DOR,AUG,4.0,0.0,1,3.0,0.0,1.25,5.5,12.0
2011,2011-10-01,FRE,MGL,1.0,0.0,1,3.0,0.0,3.1,3.3,2.3
2011,2011-10-01,HERT,KOL,3.0,0.0,1,3.0,0.0,1.91,3.5,4.0
2011,2011-10-01,HOF,BAY,0.0,0.0,0,1.0,1.0,6.5,4.5,1.44
2011,2011-10-01,LEVK,WOB,3.0,1.0,1,3.0,0.0,1.67,3.75,5.0
2011,2011-10-01,NUR,MAI,3.0,3.0,0,1.0,1.0,2.1,3.25,3.5
2011,2011-09-30,KAI,STU,0.0,2.0,-1,0.0,3.0,2.88,3.4,2.38
2011,2011-09-25,KOL,HOF,2.0,0.0,1,3.0,0.0,3.0,3.4,2.3
2011,2011-09-25,WERB,HERT,2.0,1.0,1,3.0,0.0,1.83,3.5,4.33
2011,2011-09-24,AUG,HAN,0.0,0.0,0,1.0,1.0,2.88,3.4,2.38
2011,2011-09-24,BAY,LEVK,3.0,0.0,1,3.0,0.0,1.33,5.0,9.0
2011,2011-09-24,MAI,DOR,1.0,2.0,-1,0.0,3.0,3.75,3.6,1.91
2011,2011-09-24,MGL,NUR,1.0,0.0,1,3.0,0.0,2.1,3.4,3.4
2011,2011-09-24,SCH,FRE,4.0,2.0,1,3.0,0.0,1.36,4.75,8.5
2011,2011-09-24,WOB,KAI,1.0,0.0,1,3.0,0.0,1.83,3.75,4.0
2011,2011-09-23,STU,HAM,1.0,2.0,-1,0.0,3.0,1.57,4.0,5.5
2011,2011-09-18,HAN,DOR,2.0,1.0,1,3.0,0.0,4.2,3.5,1.85
2011,2011-09-18,SCH,BAY,0.0,2.0,-1,0.0,3.0,5.0,3.8,1.67
2011,2011-09-17,HAM,MGL,0.0,1.0,-1,0.0,3.0,2.4,3.5,2.8
2011,2011-09-17,HERT,AUG,2.0,2.0,0,1.0,1.0,1.57,3.8,6.0
2011,2011-09-17,HOF,WOB,3.0,1.0,1,3.0,0.0,1.95,3.6,3.6
2011,2011-09-17,KAI,MAI,3.0,1.0,1,3.0,0.0,2.5,3.4,2.7
2011,2011-09-17,LEVK,KOL,1.0,4.0,-1,0.0,3.0,1.4,4.6,7.5
2011,2011-09-17,NUR,WERB,1.0,1.0,0,1.0,1.0,2.63,3.5,2.5
2011,2011-09-16,FRE,STU,1.0,2.0,-1,0.0,3.0,3.3,3.5,2.1
2011,2011-09-11,KOL,NUR,1.0,2.0,-1,0.0,3.0,2.6,3.25,2.7
2011,2011-09-11,WOB,SCH,2.0,1.0,1,3.0,0.0,2.5,3.3,2.75
2011,2011-09-10,BAY,FRE,7.0,0.0,1,3.0,0.0,1.17,7.0,15.0
2011,2011-09-10,DOR,HERT,1.0,2.0,-1,0.0,3.0,1.4,4.5,8.0
2011,2011-09-10,MAI,HOF,0.0,4.0,-1,0.0,3.0,2.2,3.3,3.25
2011,2011-09-10,MGL,KAI,1.0,0.0,1,3.0,0.0,1.91,3.6,3.75
2011,2011-09-10,STU,HAN,3.0,0.0,1,3.0,0.0,1.85,3.6,4.0
2011,2011-09-10,WERB,HAM,2.0,0.0,1,3.0,0.0,1.6,4.2,5.0
2011,2011-09-09,AUG,LEVK,1.0,4.0,-1,0.0,3.0,5.0,3.75,1.67
2011,2011-08-28,HAN,MAI,1.0,1.0,0,1.0,1.0,2.3,3.4,3.0
2011,2011-08-28,SCH,MGL,1.0,0.0,1,3.0,0.0,1.8,3.6,4.33
2011,2011-08-27,FRE,WOB,3.0,0.0,1,3.0,0.0,2.8,3.25,2.5
2011,2011-08-27,HAM,KOL,3.0,4.0,-1,0.0,3.0,1.85,3.6,4.0
2011,2011-08-27,HOF,WERB,1.0,2.0,-1,0.0,3.0,2.3,3.4,3.0
2011,2011-08-27,KAI,BAY,0.0,3.0,-1,0.0,3.0,6.5,4.2,1.5
2011,2011-08-27,LEVK,DOR,0.0,0.0,0,1.0,1.0,2.6,3.4,2.6
2011,2011-08-27,NUR,AUG,1.0,0.0,1,3.0,0.0,1.73,3.6,4.75
2011,2011-08-26,HERT,STU,1.0,0.0,1,3.0,0.0,2.5,3.4,2.7
2011,2011-08-21,HAN,HERT,1.0,1.0,0,1.0,1.0,2.2,3.3,3.3
2011,2011-08-21,MAI,SCH,2.0,4.0,-1,0.0,3.0,2.5,3.3,2.75
2011,2011-08-20,AUG,HOF,0.0,2.0,-1,0.0,3.0,2.8,3.3,2.5
2011,2011-08-20,BAY,HAM,5.0,0.0,1,3.0,0.0,1.33,5.0,9.0
2011,2011-08-20,DOR,NUR,2.0,0.0,1,3.0,0.0,1.29,5.0,11.0
2011,2011-08-20,KOL,KAI,1.0,1.0,0,1.0,1.0,2.3,3.3,3.1
2011,2011-08-20,STU,LEVK,0.0,1.0,-1,0.0,3.0,2.3,3.4,3.0
2011,2011-08-20,WERB,FRE,5.0,3.0,1,3.0,0.0,1.55,4.0,6.0
2011,2011-08-19,MGL,WOB,4.0,1.0,1,3.0,0.0,2.7,3.3,2.6
2011,2011-08-14,KAI,AUG,1.0,1.0,0,1.0,1.0,1.83,3.5,4.2
2011,2011-08-14,LEVK,WERB,1.0,0.0,1,3.0,0.0,1.83,3.6,4.2
2011,2011-08-13,FRE,MAI,1.0,2.0,-1,0.0,3.0,2.3,3.4,3.0
2011,2011-08-13,HAM,HERT,2.0,2.0,0,1.0,1.0,1.95,3.6,3.6
2011,2011-08-13,HOF,DOR,1.0,0.0,1,3.0,0.0,4.5,3.75,1.73
2011,2011-08-13,MGL,STU,1.0,1.0,0,1.0,1.0,2.5,3.4,2.7
2011,2011-08-13,NUR,HAN,1.0,2.0,-1,0.0,3.0,2.3,3.4,3.0
2011,2011-08-13,SCH,KOL,5.0,1.0,1,3.0,0.0,1.62,3.8,5.5
2011,2011-08-13,WOB,BAY,0.0,1.0,-1,0.0,3.0,4.0,3.75,1.83
2011,2011-08-07,BAY,MGL,0.0,1.0,-1,0.0,3.0,1.2,6.5,13.0
2011,2011-08-07,MAI,LEVK,2.0,0.0,1,3.0,0.0,3.8,3.5,1.95
2011,2011-08-06,AUG,FRE,2.0,2.0,0,1.0,1.0,2.25,3.4,3.1
2011,2011-08-06,KOL,WOB,0.0,3.0,-1,0.0,3.0,2.5,3.4,2.7
2011,2011-08-06,HAN,HOF,2.0,1.0,1,3.0,0.0,2.1,3.4,3.4
2011,2011-08-06,HERT,NUR,0.0,1.0,-1,0.0,3.0,2.1,3.4,3.4
2011,2011-08-06,STU,SCH,3.0,0.0,1,3.0,0.0,2.2,3.4,3.2
2011,2011-08-06,WERB,KAI,2.0,0.0,1,3.0,0.0,1.8,3.6,4.33
2011,2011-08-05,DOR,HAM,3.0,1.0,1,3.0,0.0,1.57,3.8,6.0
2010,2011-05-14,BAY,STU,2.0,1.0,1,3.0,0.0,1.29,5.5,10.0
2010,2011-05-14,DOR,EINF,3.0,1.0,1,3.0,0.0,1.57,4.33,5.0
2010,2011-05-14,KOL,SCH,2.0,1.0,1,3.0,0.0,2.25,3.4,3.1
2010,2011-05-14,FRE,LEVK,0.0,1.0,-1,0.0,3.0,4.33,3.6,1.8
2010,2011-05-14,HAM,MGL,1.0,1.0,0,1.0,1.0,2.88,3.5,2.3
2010,2011-05-14,HAN,NUR,3.0,1.0,1,3.0,0.0,2.05,3.5,3.4
2010,2011-05-14,HOF,WOB,1.0,3.0,-1,0.0,3.0,3.5,3.6,2.0
2010,2011-05-14,KAI,WERB,3.0,2.0,1,3.0,0.0,2.3,3.5,2.88
2010,2011-05-14,MAI,STP,2.0,1.0,1,3.0,0.0,1.36,5.0,7.5
2010,2011-05-07,EINF,KOL,0.0,2.0,-1,0.0,3.0,2.0,3.4,3.75
2010,2011-05-07,LEVK,HAM,1.0,1.0,0,1.0,1.0,1.44,4.33,7.0
2010,2011-05-07,MGL,FRE,2.0,0.0,1,3.0,0.0,1.57,4.0,5.5
2010,2011-05-07,NUR,HOF,1.0,2.0,-1,0.0,3.0,1.8,3.6,4.33
2010,2011-05-07,SCH,MAI,1.0,3.0,-1,0.0,3.0,2.38,3.25,3.0
2010,2011-05-07,STP,BAY,1.0,8.0,-1,0.0,3.0,11.0,6.5,1.22
2010,2011-05-07,STU,HAN,2.0,1.0,1,3.0,0.0,2.1,3.4,3.4
2010,2011-05-07,WERB,DOR,2.0,0.0,1,3.0,0.0,2.0,3.6,3.5
2010,2011-05-07,WOB,KAI,1.0,2.0,-1,0.0,3.0,1.44,4.33,7.0
2010,2011-04-30,BAY,SCH,4.0,1.0,1,3.0,0.0,1.29,5.5,9.5
2010,2011-04-30,DOR,NUR,2.0,0.0,1,3.0,0.0,1.4,4.5,7.5
2010,2011-04-30,KOL,LEVK,2.0,0.0,1,3.0,0.0,3.8,3.6,1.91
2010,2011-04-30,HAM,FRE,0.0,2.0,-1,0.0,3.0,1.62,4.0,5.0
2010,2011-04-30,HAN,MGL,0.0,1.0,-1,0.0,3.0,1.8,3.6,4.33
2010,2011-04-30,HOF,STU,1.0,2.0,-1,0.0,3.0,2.8,3.4,2.38
2010,2011-04-30,MAI,EINF,3.0,0.0,1,3.0,0.0,2.0,3.4,3.75
2010,2011-04-29,KAI,STP,2.0,0.0,1,3.0,0.0,1.8,3.6,4.33
2010,2011-04-29,WERB,WOB,0.0,1.0,-1,0.0,3.0,2.1,3.6,3.2
2010,2011-04-24,NUR,MAI,0.0,0.0,0,1.0,1.0,2.1,3.4,3.4
2010,2011-04-24,WOB,KOL,4.0,1.0,1,3.0,0.0,1.67,4.0,4.75
2010,2011-04-23,EINF,BAY,1.0,1.0,0,1.0,1.0,5.5,4.33,1.53
2010,2011-04-23,LEVK,HOF,2.0,1.0,1,3.0,0.0,1.53,4.0,6.0
2010,2011-04-23,MGL,DOR,1.0,0.0,1,3.0,0.0,5.25,4.2,1.57
2010,2011-04-23,SCH,KAI,0.0,1.0,-1,0.0,3.0,2.0,3.4,3.75
2010,2011-04-23,STP,WERB,1.0,3.0,-1,0.0,3.0,3.25,3.5,2.1
2010,2011-04-23,STU,HAM,3.0,0.0,1,3.0,0.0,2.1,3.4,3.4
2010,2011-04-21,FRE,HAN,1.0,3.0,-1,0.0,3.0,2.5,3.3,2.8
2010,2011-04-17,BAY,LEVK,5.0,1.0,1,3.0,0.0,1.83,3.75,4.0
2010,2011-04-17,DOR,FRE,3.0,0.0,1,3.0,0.0,1.29,5.5,9.5
2010,2011-04-16,KOL,STU,1.0,3.0,-1,0.0,3.0,2.5,3.4,2.7
2010,2011-04-16,HAM,HAN,0.0,0.0,0,1.0,1.0,1.91,3.6,3.75
2010,2011-04-16,HOF,EINF,1.0,0.0,1,3.0,0.0,2.0,3.5,3.6
2010,2011-04-16,KAI,NUR,0.0,2.0,-1,0.0,3.0,2.25,3.4,3.1
2010,2011-04-16,WERB,SCH,1.0,1.0,0,1.0,1.0,2.1,3.4,3.4
2010,2011-04-16,WOB,STP,2.0,2.0,0,1.0,1.0,1.5,4.2,6.5
2010,2011-04-15,MAI,MGL,1.0,0.0,1,3.0,0.0,1.91,3.6,3.75
2010,2011-04-10,LEVK,STP,2.0,1.0,1,3.0,0.0,1.2,6.0,15.0
2010,2011-04-10,MGL,KOL,5.0,1.0,1,3.0,0.0,2.25,3.4,3.1
2010,2011-04-09,FRE,HOF,3.0,2.0,1,3.0,0.0,2.6,3.25,2.7
2010,2011-04-09,HAM,DOR,1.0,1.0,0,1.0,1.0,3.1,3.5,2.2
2010,2011-04-09,HAN,MAI,2.0,0.0,1,3.0,0.0,2.2,3.3,3.25
2010,2011-04-09,NUR,BAY,1.0,1.0,0,1.0,1.0,5.25,4.0,1.6
2010,2011-04-09,SCH,WOB,1.0,0.0,1,3.0,0.0,2.2,3.4,3.2
2010,2011-04-09,STU,KAI,2.0,4.0,-1,0.0,3.0,1.73,3.75,4.5
2010,2011-04-08,EINF,WERB,1.0,1.0,0,1.0,1.0,2.8,3.4,2.4
2010,2011-04-03,KOL,NUR,1.0,0.0,1,3.0,0.0,2.38,3.3,2.9
2010,2011-04-03,WOB,EINF,1.0,1.0,0,1.0,1.0,1.8,3.5,4.5
2010,2011-04-02,BAY,MGL,1.0,0.0,1,3.0,0.0,1.17,7.0,15.0
2010,2011-04-02,DOR,HAN,4.0,1.0,1,3.0,0.0,1.4,4.5,8.0
2010,2011-04-02,HOF,HAM,0.0,0.0,0,1.0,1.0,2.5,3.3,2.75
2010,2011-04-02,KAI,LEVK,0.0,1.0,-1,0.0,3.0,3.6,3.5,2.0
2010,2011-04-02,MAI,FRE,1.0,1.0,0,1.0,1.0,1.85,3.6,4.0
2010,2011-04-02,WERB,STU,1.0,1.0,0,1.0,1.0,2.2,3.4,3.2
2010,2011-04-01,STP,SCH,0.0,2.0,-1,0.0,3.0,3.4,3.25,2.15
2010,2011-03-20,LEVK,SCH,2.0,0.0,1,3.0,0.0,1.75,3.6,4.5
2010,2011-03-20,STU,WOB,1.0,1.0,0,1.0,1.0,1.95,3.5,3.75
2010,2011-03-19,DOR,MAI,1.0,1.0,0,1.0,1.0,1.4,4.33,8.5
2010,2011-03-19,EINF,STP,2.0,1.0,1,3.0,0.0,2.0,3.4,3.7
2010,2011-03-19,FRE,BAY,1.0,2.0,-1,0.0,3.0,6.5,4.1,1.5
2010,2011-03-19,HAM,KOL,6.0,2.0,1,3.0,0.0,1.7,3.6,4.75
2010,2011-03-19,HAN,HOF,2.0,0.0,1,3.0,0.0,2.25,3.4,3.1
2010,2011-03-19,NUR,WERB,1.0,3.0,-1,0.0,3.0,2.2,3.4,3.2
2010,2011-03-18,MGL,KAI,0.0,1.0,-1,0.0,3.0,2.25,3.4,3.1
2010,2011-03-13,MAI,LEVK,0.0,1.0,-1,0.0,3.0,3.25,3.3,2.2
2010,2011-03-13,STP,STU,1.0,2.0,-1,0.0,3.0,3.2,3.4,2.2
2010,2011-03-12,BAY,HAM,6.0,0.0,1,3.0,0.0,1.53,4.0,6.0
2010,2011-03-12,HOF,DOR,1.0,0.0,1,3.0,0.0,4.75,3.6,1.73
2010,2011-03-12,KAI,FRE,2.0,1.0,1,3.0,0.0,2.15,3.3,3.4
2010,2011-03-12,SCH,EINF,2.0,1.0,1,3.0,0.0,1.67,3.5,5.5
2010,2011-03-12,WERB,MGL,1.0,1.0,0,1.0,1.0,1.67,3.75,5.0
2010,2011-03-12,WOB,NUR,1.0,2.0,-1,0.0,3.0,2.2,3.4,3.2
2010,2011-03-11,KOL,HAN,4.0,0.0,1,3.0,0.0,2.4,3.3,2.9
2010,2011-03-06,FRE,WERB,1.0,3.0,-1,0.0,3.0,2.38,3.4,2.88
2010,2011-03-06,HAM,MAI,2.0,4.0,-1,0.0,3.0,1.91,3.4,4.0
2010,2011-03-05,EINF,KAI,0.0,0.0,0,1.0,1.0,2.3,3.4,3.0
2010,2011-03-05,HAN,BAY,3.0,1.0,1,3.0,0.0,5.0,3.75,1.67
2010,2011-03-05,LEVK,WOB,3.0,0.0,1,3.0,0.0,1.57,4.0,5.5
2010,2011-03-05,MGL,HOF,2.0,0.0,1,3.0,0.0,2.6,3.4,2.6
2010,2011-03-05,NUR,STP,5.0,0.0,1,3.0,0.0,1.83,3.5,4.33
2010,2011-03-05,STU,SCH,1.0,0.0,1,3.0,0.0,2.1,3.4,3.4
2010,2011-03-04,DOR,KOL,1.0,0.0,1,3.0,0.0,1.33,5.0,9.0
2010,2011-02-27,EINF,STU,0.0,2.0,-1,0.0,3.0,2.5,3.3,2.75
2010,2011-02-27,WERB,LEVK,2.0,2.0,0,1.0,1.0,3.1,3.4,2.25
2010,2011-02-26,BAY,DOR,1.0,3.0,-1,0.0,3.0,1.73,3.6,4.75
2010,2011-02-26,KOL,FRE,1.0,0.0,1,3.0,0.0,2.25,3.25,3.2
2010,2011-02-26,HOF,MAI,1.0,2.0,-1,0.0,3.0,2.0,3.4,3.75
2010,2011-02-26,KAI,HAM,1.0,1.0,0,1.0,1.0,3.1,3.4,2.25
2010,2011-02-26,SCH,NUR,1.0,1.0,0,1.0,1.0,1.83,3.5,4.33
2010,2011-02-26,STP,HAN,0.0,1.0,-1,0.0,3.0,2.3,3.5,2.88
2010,2011-02-25,WOB,MGL,2.0,1.0,1,3.0,0.0,1.8,3.75,4.2
2010,2011-02-20,LEVK,STU,4.0,2.0,1,3.0,0.0,1.62,4.0,5.0
2010,2011-02-20,MGL,SCH,2.0,1.0,1,3.0,0.0,3.4,3.4,2.1
2010,2011-02-19,DOR,STP,2.0,0.0,1,3.0,0.0,1.25,5.5,12.0
2010,2011-02-19,FRE,WOB,2.0,1.0,1,3.0,0.0,2.5,3.3,2.75
2010,2011-02-19,HAM,WERB,4.0,0.0,1,3.0,0.0,1.91,3.6,3.75
2010,2011-02-19,HAN,KAI,3.0,0.0,1,3.0,0.0,2.0,3.5,3.6
2010,2011-02-19,HOF,KOL,1.0,1.0,0,1.0,1.0,1.75,3.7,4.5
2010,2011-02-19,MAI,BAY,1.0,3.0,-1,0.0,3.0,5.0,4.0,1.62
2010,2011-02-18,NUR,EINF,3.0,0.0,1,3.0,0.0,1.91,3.6,3.8
2010,2011-02-16,HAM,STP,0.0,1.0,-1,0.0,3.0,1.62,3.75,5.5
2010,2011-02-13,KOL,MAI,4.0,2.0,1,3.0,0.0,2.4,3.3,2.9
2010,2011-02-13,WERB,HAN,1.0,1.0,0,1.0,1.0,1.73,3.75,4.5
2010,2011-02-12,BAY,HOF,4.0,0.0,1,3.0,0.0,1.33,5.0,9.0
2010,2011-02-12,EINF,LEVK,0.0,3.0,-1,0.0,3.0,3.75,3.4,2.0
2010,2011-02-12,KAI,DOR,1.0,1.0,0,1.0,1.0,5.5,3.8,1.62
2010,2011-02-12,SCH,FRE,1.0,0.0,1,3.0,0.0,1.67,3.75,5.0
2010,2011-02-12,STP,MGL,3.0,1.0,1,3.0,0.0,2.0,3.5,3.6
2010,2011-02-12,STU,NUR,1.0,4.0,-1,0.0,3.0,1.73,3.6,4.75
2010,2011-02-12,WOB,HAM,0.0,1.0,-1,0.0,3.0,2.5,3.3,2.75
2010,2011-02-06,FRE,EINF,0.0,0.0,0,1.0,1.0,2.1,3.4,3.4
2010,2011-02-05,KOL,BAY,3.0,2.0,1,3.0,0.0,7.0,4.33,1.44
2010,2011-02-05,HAN,WOB,1.0,0.0,1,3.0,0.0,2.5,3.3,2.75
2010,2011-02-05,HOF,KAI,3.0,2.0,1,3.0,0.0,1.8,3.6,4.33
2010,2011-02-05,MAI,WERB,1.0,1.0,0,1.0,1.0,2.4,3.4,2.8
2010,2011-02-05,MGL,STU,2.0,3.0,-1,0.0,3.0,2.88,3.3,2.4
2010,2011-02-05,NUR,LEVK,1.0,0.0,1,3.0,0.0,3.4,3.4,2.1
2010,2011-02-04,DOR,SCH,0.0,0.0,0,1.0,1.0,1.62,3.8,5.5
2010,2011-01-30,EINF,MGL,0.0,1.0,-1,0.0,3.0,2.0,3.5,3.6
2010,2011-01-30,STU,FRE,0.0,1.0,-1,0.0,3.0,1.53,3.8,6.5
2010,2011-01-29,KAI,MAI,0.0,1.0,-1,0.0,3.0,2.2,3.3,3.25
2010,2011-01-29,NUR,HAM,2.0,0.0,1,3.0,0.0,3.3,3.5,2.1
2010,2011-01-29,SCH,HOF,0.0,1.0,-1,0.0,3.0,1.73,3.5,5.0
2010,2011-01-29,STP,KOL,3.0,0.0,1,3.0,0.0,2.3,3.3,3.1
2010,2011-01-29,WERB,BAY,1.0,3.0,-1,0.0,3.0,4.75,4.0,1.67
2010,2011-01-29,WOB,DOR,0.0,3.0,-1,0.0,3.0,4.0,3.75,1.83
2010,2011-01-28,LEVK,HAN,2.0,0.0,1,3.0,0.0,1.53,4.0,6.0
2010,2011-01-23,HOF,STP,2.0,2.0,0,1.0,1.0,1.6,3.75,5.75
2010,2011-01-23,MGL,LEVK,1.0,3.0,-1,0.0,3.0,4.2,3.75,1.8
2010,2011-01-22,BAY,KAI,5.0,1.0,1,3.0,0.0,1.22,6.0,12.0
2010,2011-01-22,DOR,STU,1.0,1.0,0,1.0,1.0,1.5,4.33,6.5
2010,2011-01-22,KOL,WERB,3.0,0.0,1,3.0,0.0,2.9,3.3,2.38
2010,2011-01-22,FRE,NUR,1.0,1.0,0,1.0,1.0,2.38,3.2,3.0
2010,2011-01-22,HAN,SCH,0.0,1.0,-1,0.0,3.0,2.9,3.3,2.38
2010,2011-01-22,MAI,WOB,0.0,1.0,-1,0.0,3.0,2.3,3.25,3.1
2010,2011-01-21,HAM,EINF,1.0,0.0,1,3.0,0.0,1.53,4.0,6.0
2010,2011-01-16,EINF,HAN,0.0,3.0,-1,0.0,3.0,2.0,3.4,3.75
2010,2011-01-16,KAI,KOL,1.0,1.0,0,1.0,1.0,1.91,3.5,4.2
2010,2011-01-15,NUR,MGL,0.0,1.0,-1,0.0,3.0,2.0,3.5,3.6
2010,2011-01-15,SCH,HAM,0.0,1.0,-1,0.0,3.0,2.1,3.4,3.4
2010,2011-01-15,STP,FRE,2.0,2.0,0,1.0,1.0,2.3,3.3,3.1
2010,2011-01-15,STU,MAI,1.0,0.0,1,3.0,0.0,1.95,3.4,3.8
2010,2011-01-15,WERB,HOF,2.0,1.0,1,3.0,0.0,2.0,3.5,3.6
2010,2011-01-15,WOB,BAY,1.0,1.0,0,1.0,1.0,5.0,3.6,1.7
2010,2011-01-14,LEVK,DOR,1.0,3.0,-1,0.0,3.0,2.38,3.4,2.88
2010,2010-12-19,LEVK,FRE,2.0,2.0,0,1.0,1.0,1.44,4.33,7.0
2010,2010-12-19,STU,BAY,3.0,5.0,-1,0.0,3.0,4.0,3.6,1.85
2010,2010-12-18,EINF,DOR,1.0,0.0,1,3.0,0.0,4.5,3.75,1.75
2010,2010-12-18,NUR,HAN,3.0,1.0,1,3.0,0.0,2.1,3.4,3.4
2010,2010-12-18,SCH,KOL,3.0,0.0,1,3.0,0.0,1.44,4.2,7.5
2010,2010-12-18,STP,MAI,2.0,4.0,-1,0.0,3.0,2.6,3.2,2.75
2010,2010-12-18,WERB,KAI,1.0,2.0,-1,0.0,3.0,1.62,4.0,5.0
2010,2010-12-18,WOB,HOF,2.0,2.0,0,1.0,1.0,2.1,3.5,3.3
2010,2010-12-17,MGL,HAM,1.0,2.0,-1,0.0,3.0,3.25,3.5,2.1
2010,2010-12-12,FRE,MGL,3.0,0.0,1,3.0,0.0,1.91,3.6,3.8
2010,2010-12-12,MAI,SCH,0.0,1.0,-1,0.0,3.0,2.5,3.3,2.75
2010,2010-12-11,BAY,STP,3.0,0.0,1,3.0,0.0,1.2,6.5,13.0
2010,2010-12-11,DOR,WERB,2.0,0.0,1,3.0,0.0,1.57,4.2,5.25
2010,2010-12-11,KOL,EINF,1.0,0.0,1,3.0,0.0,2.38,3.4,2.88
2010,2010-12-11,HAM,LEVK,2.0,4.0,-1,0.0,3.0,2.5,3.3,2.75
2010,2010-12-11,HOF,NUR,1.0,1.0,0,1.0,1.0,1.62,3.8,5.5
2010,2010-12-11,KAI,WOB,0.0,0.0,0,1.0,1.0,2.5,3.3,2.75
2010,2010-12-10,HAN,STU,2.0,1.0,1,3.0,0.0,2.4,3.4,2.8
2010,2010-12-05,LEVK,KOL,3.0,2.0,1,3.0,0.0,1.4,4.5,8.0
2010,2010-12-05,NUR,DOR,0.0,2.0,-1,0.0,3.0,4.5,3.75,1.73
2010,2010-12-04,EINF,MAI,2.0,1.0,1,3.0,0.0,2.2,3.2,3.4
2010,2010-12-04,FRE,HAM,1.0,0.0,1,3.0,0.0,3.0,3.4,2.3
2010,2010-12-04,MGL,HAN,1.0,2.0,-1,0.0,3.0,2.25,3.4,3.1
2010,2010-12-04,SCH,BAY,2.0,0.0,1,3.0,0.0,3.4,3.4,2.1
2010,2010-12-04,STU,HOF,1.0,1.0,0,1.0,1.0,2.2,3.5,3.1
2010,2010-12-04,WOB,WERB,0.0,0.0,0,1.0,1.0,2.0,3.6,3.5
2010,2010-12-03,STP,KAI,1.0,0.0,1,3.0,0.0,2.4,3.4,2.8
2010,2010-11-28,KOL,WOB,1.0,1.0,0,1.0,1.0,2.8,3.3,2.45
2010,2010-11-28,WERB,STP,3.0,0.0,1,3.0,0.0,1.75,3.75,4.5
2010,2010-11-27,BAY,EINF,4.0,1.0,1,3.0,0.0,1.36,4.75,8.0
2010,2010-11-27,DOR,MGL,4.0,1.0,1,3.0,0.0,1.29,5.5,9.5
2010,2010-11-27,HAM,STU,4.0,2.0,1,3.0,0.0,2.1,3.3,3.5
2010,2010-11-27,HAN,FRE,3.0,0.0,1,3.0,0.0,2.25,3.2,3.25
2010,2010-11-27,HOF,LEVK,2.0,2.0,0,1.0,1.0,2.55,3.3,2.7
2010,2010-11-27,KAI,SCH,5.0,0.0,1,3.0,0.0,3.25,3.3,2.2
2010,2010-11-26,MAI,NUR,3.0,0.0,1,3.0,0.0,1.85,3.4,4.33
2010,2010-11-21,STP,WOB,1.0,1.0,0,1.0,1.0,3.2,3.4,2.2
2010,2010-11-21,STU,KOL,0.0,1.0,-1,0.0,3.0,1.53,4.0,6.0
2010,2010-11-20,EINF,HOF,0.0,4.0,-1,0.0,3.0,2.25,3.4,3.1
2010,2010-11-20,FRE,DOR,1.0,2.0,-1,0.0,3.0,5.5,3.75,1.62
2010,2010-11-20,HAN,HAM,3.0,2.0,1,3.0,0.0,2.88,3.4,2.38
2010,2010-11-20,LEVK,BAY,1.0,1.0,0,1.0,1.0,3.0,3.4,2.3
2010,2010-11-20,MGL,MAI,2.0,3.0,-1,0.0,3.0,2.4,3.4,2.8
2010,2010-11-20,NUR,KAI,1.0,3.0,-1,0.0,3.0,1.95,3.5,3.75
2010,2010-11-20,SCH,WERB,4.0,0.0,1,3.0,0.0,2.2,3.4,3.2
2010,2010-11-14,BAY,NUR,3.0,0.0,1,3.0,0.0,1.33,5.0,8.5
2010,2010-11-14,HOF,FRE,0.0,1.0,-1,0.0,3.0,1.62,3.75,5.5
2010,2010-11-13,KOL,MGL,0.0,4.0,-1,0.0,3.0,2.1,3.5,3.3
2010,2010-11-13,KAI,STU,3.0,3.0,0,1.0,1.0,3.0,3.4,2.3
2010,2010-11-13,MAI,HAN,0.0,1.0,-1,0.0,3.0,1.73,3.5,5.0
2010,2010-11-13,STP,LEVK,0.0,1.0,-1,0.0,3.0,3.4,3.4,2.1
2010,2010-11-13,WERB,EINF,0.0,0.0,0,1.0,1.0,1.91,3.6,3.75
2010,2010-11-13,WOB,SCH,2.0,2.0,0,1.0,1.0,2.25,3.5,3.0
2010,2010-11-12,DOR,HAM,2.0,0.0,1,3.0,0.0,1.73,3.75,4.5
2010,2010-11-07,HAN,DOR,0.0,4.0,-1,0.0,3.0,4.33,3.6,1.8
2010,2010-11-07,LEVK,KAI,3.0,1.0,1,3.0,0.0,1.44,4.5,6.5
2010,2010-11-07,STU,WERB,6.0,0.0,1,3.0,0.0,2.5,3.3,2.75
2010,2010-11-06,EINF,WOB,3.0,1.0,1,3.0,0.0,2.38,3.4,2.88
2010,2010-11-06,FRE,MAI,1.0,0.0,1,3.0,0.0,2.9,3.3,2.4
2010,2010-11-06,HAM,HOF,2.0,1.0,1,3.0,0.0,2.25,3.25,3.2
2010,2010-11-06,MGL,BAY,3.0,3.0,0,1.0,1.0,5.5,4.0,1.57
2010,2010-11-06,NUR,KOL,3.0,1.0,1,3.0,0.0,2.0,3.4,3.75
2010,2010-11-05,SCH,STP,3.0,0.0,1,3.0,0.0,1.7,3.6,5.0
2010,2010-10-31,HOF,HAN,4.0,0.0,1,3.0,0.0,1.62,3.7,5.5
2010,2010-10-31,MAI,DOR,0.0,2.0,-1,0.0,3.0,2.75,3.3,2.5
2010,2010-10-30,KOL,HAM,3.0,2.0,1,3.0,0.0,3.7,3.4,2.0
2010,2010-10-30,KAI,MGL,3.0,0.0,1,3.0,0.0,2.1,3.4,3.4
2010,2010-10-30,SCH,LEVK,0.0,1.0,-1,0.0,3.0,2.5,3.3,2.75
2010,2010-10-30,STP,EINF,1.0,3.0,-1,0.0,3.0,2.5,3.25,2.8
2010,2010-10-30,WERB,NUR,2.0,3.0,-1,0.0,3.0,1.5,4.33,6.0
2010,2010-10-30,WOB,STU,2.0,0.0,1,3.0,0.0,2.1,3.4,3.4
2010,2010-10-29,BAY,FRE,4.0,2.0,1,3.0,0.0,1.29,5.0,11.0
2010,2010-10-24,DOR,HOF,1.0,1.0,0,1.0,1.0,1.75,3.6,4.6
2010,2010-10-24,LEVK,MAI,0.0,1.0,-1,0.0,3.0,1.8,3.75,4.2
2010,2010-10-24,STU,STP,2.0,0.0,1,3.0,0.0,1.67,3.75,5.0
2010,2010-10-23,EINF,SCH,0.0,0.0,0,1.0,1.0,2.8,3.25,2.5
2010,2010-10-23,FRE,KAI,2.0,1.0,1,3.0,0.0,2.25,3.25,3.2
2010,2010-10-23,HAN,KOL,2.0,1.0,1,3.0,0.0,2.1,3.25,3.5
2010,2010-10-23,MGL,WERB,1.0,4.0,-1,0.0,3.0,3.3,3.5,2.1
2010,2010-10-23,NUR,WOB,2.0,1.0,1,3.0,0.0,2.9,3.3,2.38
2010,2010-10-22,HAM,BAY,0.0,0.0,0,1.0,1.0,2.63,3.3,2.63
2010,2010-10-17,HOF,MGL,3.0,2.0,1,3.0,0.0,1.65,3.75,5.25
2010,2010-10-17,KAI,EINF,0.0,3.0,-1,0.0,3.0,2.38,3.25,3.0
2010,2010-10-16,BAY,HAN,3.0,0.0,1,3.0,0.0,1.4,4.5,7.5
2010,2010-10-16,MAI,HAM,0.0,1.0,-1,0.0,3.0,2.25,3.4,3.1
2010,2010-10-16,SCH,STU,2.0,2.0,0,1.0,1.0,2.0,3.4,3.75
2010,2010-10-16,STP,NUR,3.0,2.0,1,3.0,0.0,2.25,3.2,3.4
2010,2010-10-16,WERB,FRE,2.0,1.0,1,3.0,0.0,1.53,4.33,5.5
2010,2010-10-16,WOB,LEVK,2.0,3.0,-1,0.0,3.0,2.3,3.4,3.0
2010,2010-10-15,KOL,DOR,1.0,2.0,-1,0.0,3.0,4.33,3.6,1.8
2010,2010-10-03,DOR,BAY,2.0,0.0,1,3.0,0.0,2.55,3.3,2.7
2010,2010-10-03,LEVK,WERB,2.0,2.0,0,1.0,1.0,2.1,3.4,3.4
2010,2010-10-03,STU,EINF,1.0,2.0,-1,0.0,3.0,1.91,3.5,3.9
2010,2010-10-02,FRE,KOL,3.0,2.0,1,3.0,0.0,2.25,3.3,3.2
2010,2010-10-02,HAM,KAI,2.0,1.0,1,3.0,0.0,1.5,4.0,6.75
2010,2010-10-02,MAI,HOF,4.0,2.0,1,3.0,0.0,2.2,3.3,3.3
2010,2010-10-02,MGL,WOB,1.0,1.0,0,1.0,1.0,3.5,3.4,2.05
2010,2010-10-02,NUR,SCH,2.0,1.0,1,3.0,0.0,3.0,3.4,2.3
2010,2010-10-01,HAN,STP,0.0,1.0,-1,0.0,3.0,2.0,3.4,3.6
2010,2010-09-26,KAI,HAN,0.0,1.0,-1,0.0,3.0,2.25,3.25,3.2
2010,2010-09-26,WOB,FRE,2.0,1.0,1,3.0,0.0,1.44,4.33,7.0
2010,2010-09-25,BAY,MAI,1.0,2.0,-1,0.0,3.0,1.44,4.33,7.0
2010,2010-09-25,EINF,NUR,2.0,0.0,1,3.0,0.0,2.0,3.4,3.75
2010,2010-09-25,SCH,MGL,2.0,2.0,0,1.0,1.0,1.53,3.8,6.5
2010,2010-09-25,STP,DOR,1.0,3.0,-1,0.0,3.0,3.75,3.4,2.0
2010,2010-09-25,STU,LEVK,1.0,4.0,-1,0.0,3.0,2.4,3.3,2.9
2010,2010-09-25,WERB,HAM,3.0,2.0,1,3.0,0.0,2.4,3.3,2.9
2010,2010-09-24,KOL,HOF,1.0,1.0,0,1.0,1.0,3.25,3.3,2.2
2010,2010-09-22,DOR,KAI,5.0,0.0,1,3.0,0.0,1.5,4.0,7.0
2010,2010-09-22,FRE,SCH,1.0,2.0,-1,0.0,3.0,3.1,3.3,2.25
2010,2010-09-22,HAM,WOB,1.0,3.0,-1,0.0,3.0,1.91,3.5,3.9
2010,2010-09-22,LEVK,EINF,2.0,1.0,1,3.0,0.0,1.67,3.6,5.25
2010,2010-09-22,MGL,STP,1.0,2.0,-1,0.0,3.0,2.0,3.3,3.8
2010,2010-09-22,NUR,STU,2.0,1.0,1,3.0,0.0,3.1,3.3,2.3
2010,2010-09-21,HAN,WERB,4.0,1.0,1,3.0,0.0,3.6,3.5,2.0
2010,2010-09-21,HOF,BAY,1.0,2.0,-1,0.0,3.0,3.6,3.5,2.0
2010,2010-09-21,MAI,KOL,2.0,0.0,1,3.0,0.0,1.91,3.4,4.0
2010,2010-09-19,LEVK,NUR,0.0,0.0,0,1.0,1.0,1.44,4.33,7.0
2010,2010-09-19,SCH,DOR,1.0,3.0,-1,0.0,3.0,2.25,3.3,3.2
2010,2010-09-19,STP,HAM,1.0,1.0,0,1.0,1.0,3.6,3.5,2.0
2010,2010-09-18,BAY,KOL,0.0,0.0,0,1.0,1.0,1.22,6.0,12.0
2010,2010-09-18,KAI,HOF,2.0,2.0,0,1.0,1.0,2.8,3.4,2.4
2010,2010-09-18,STU,MGL,7.0,0.0,1,3.0,0.0,1.8,3.5,4.5
2010,2010-09-18,WERB,MAI,0.0,2.0,-1,0.0,3.0,1.44,4.33,7.0
2010,2010-09-18,WOB,HAN,2.0,0.0,1,3.0,0.0,1.53,4.0,6.0
2010,2010-09-17,EINF,FRE,0.0,1.0,-1,0.0,3.0,1.8,3.5,4.5
2010,2010-09-12,KOL,STP,1.0,0.0,1,3.0,0.0,2.2,3.25,3.25
2010,2010-09-12,MAI,KAI,2.0,1.0,1,3.0,0.0,2.2,3.3,3.25
2010,2010-09-11,BAY,WERB,0.0,0.0,0,1.0,1.0,1.57,4.0,5.5
2010,2010-09-11,DOR,WOB,2.0,0.0,1,3.0,0.0,2.1,3.5,3.25
2010,2010-09-11,FRE,STU,2.0,1.0,1,3.0,0.0,3.4,3.4,2.1
2010,2010-09-11,HAM,NUR,1.0,1.0,0,1.0,1.0,1.36,4.75,8.5
2010,2010-09-11,HAN,LEVK,2.0,2.0,0,1.0,1.0,3.75,3.4,2.0
2010,2010-09-11,MGL,EINF,0.0,4.0,-1,0.0,3.0,2.1,3.4,3.4
2010,2010-09-10,HOF,SCH,2.0,0.0,1,3.0,0.0,2.4,3.3,2.88
2010,2010-08-29,LEVK,MGL,3.0,6.0,-1,0.0,3.0,1.36,4.75,8.0
2010,2010-08-29,STU,DOR,1.0,3.0,-1,0.0,3.0,2.2,3.3,3.25
2010,2010-08-28,EINF,HAM,1.0,3.0,-1,0.0,3.0,3.1,3.5,2.2
2010,2010-08-28,NUR,FRE,1.0,2.0,-1,0.0,3.0,1.91,3.4,4.0
2010,2010-08-28,SCH,HAN,1.0,2.0,-1,0.0,3.0,1.33,4.75,10.0
2010,2010-08-28,STP,HOF,0.0,1.0,-1,0.0,3.0,3.2,3.4,2.2
2010,2010-08-28,WERB,KOL,4.0,2.0,1,3.0,0.0,1.4,4.75,7.0
2010,2010-08-28,WOB,MAI,3.0,4.0,-1,0.0,3.0,1.57,4.0,5.5
2010,2010-08-27,KAI,BAY,2.0,0.0,1,3.0,0.0,7.0,4.33,1.44
2010,2010-08-22,DOR,LEVK,0.0,2.0,-1,0.0,3.0,2.38,3.4,2.88
2010,2010-08-22,MAI,STU,2.0,0.0,1,3.0,0.0,3.1,3.4,2.25
2010,2010-08-21,KOL,KAI,1.0,3.0,-1,0.0,3.0,2.1,3.4,3.4
2010,2010-08-21,FRE,STP,1.0,3.0,-1,0.0,3.0,2.2,3.3,3.25
2010,2010-08-21,HAM,SCH,2.0,1.0,1,3.0,0.0,2.38,3.4,2.88
2010,2010-08-21,HAN,EINF,2.0,1.0,1,3.0,0.0,2.6,3.25,2.7
2010,2010-08-21,HOF,WERB,4.0,1.0,1,3.0,0.0,2.88,3.4,2.38
2010,2010-08-21,MGL,NUR,1.0,1.0,0,1.0,1.0,1.91,3.4,4.0
2010,2010-08-20,BAY,WOB,2.0,1.0,1,3.0,0.0,1.57,4.0,5.5
2009,2010-05-08,BOC,HAN,0.0,3.0,-1,0.0,3.0,2.3,3.6,2.8
2009,2010-05-08,FRE,DOR,3.0,1.0,1,3.0,0.0,3.75,3.6,1.91
2009,2010-05-08,HERT,BAY,1.0,3.0,-1,0.0,3.0,4.2,3.75,1.8
2009,2010-05-08,HOF,STU,1.0,1.0,0,1.0,1.0,2.9,3.5,2.3
2009,2010-05-08,MAI,SCH,0.0,0.0,0,1.0,1.0,2.88,3.4,2.38
2009,2010-05-08,MGL,LEVK,1.0,1.0,0,1.0,1.0,4.33,4.0,1.73
2009,2010-05-08,NUR,KOL,1.0,0.0,1,3.0,0.0,1.53,4.33,5.5
2009,2010-05-08,WERB,HAM,1.0,1.0,0,1.0,1.0,1.62,4.0,5.25
2009,2010-05-08,WOB,EINF,3.0,1.0,1,3.0,0.0,1.73,4.0,4.2
2009,2010-05-01,BAY,BOC,3.0,1.0,1,3.0,0.0,1.13,8.0,17.0
2009,2010-05-01,DOR,WOB,1.0,1.0,0,1.0,1.0,1.6,3.8,5.5
2009,2010-05-01,EINF,HOF,1.0,2.0,-1,0.0,3.0,2.35,3.3,3.0
2009,2010-05-01,KOL,FRE,2.0,2.0,0,1.0,1.0,2.4,3.3,2.88
2009,2010-05-01,HAM,NUR,4.0,0.0,1,3.0,0.0,2.0,3.6,3.6
2009,2010-05-01,HAN,MGL,6.0,1.0,1,3.0,0.0,1.83,3.6,4.2
2009,2010-05-01,LEVK,HERT,1.0,1.0,0,1.0,1.0,1.33,5.0,9.0
2009,2010-05-01,SCH,WERB,0.0,2.0,-1,0.0,3.0,2.15,3.4,3.2
2009,2010-05-01,STU,MAI,2.0,2.0,0,1.0,1.0,1.33,5.0,9.0
2009,2010-04-25,FRE,WOB,1.0,0.0,1,3.0,0.0,3.1,3.4,2.25
2009,2010-04-25,HOF,HAM,5.0,1.0,1,3.0,0.0,2.8,3.25,2.5
2009,2010-04-24,HERT,SCH,0.0,1.0,-1,0.0,3.0,3.75,3.6,1.91
2009,2010-04-24,LEVK,HAN,3.0,0.0,1,3.0,0.0,1.29,5.25,10.0
2009,2010-04-24,MAI,EINF,3.0,3.0,0,1.0,1.0,2.25,3.2,3.25
2009,2010-04-24,MGL,BAY,1.0,1.0,0,1.0,1.0,6.0,4.33,1.5
2009,2010-04-24,NUR,DOR,2.0,3.0,-1,0.0,3.0,3.25,3.3,2.2
2009,2010-04-24,WERB,KOL,1.0,0.0,1,3.0,0.0,1.29,5.0,11.0
2009,2010-04-23,BOC,STU,0.0,2.0,-1,0.0,3.0,4.0,3.75,1.83
2009,2010-04-18,DOR,HOF,1.0,1.0,0,1.0,1.0,1.57,3.8,6.0
2009,2010-04-18,EINF,HERT,2.0,2.0,0,1.0,1.0,2.3,3.4,3.0
2009,2010-04-17,BAY,HAN,7.0,0.0,1,3.0,0.0,1.22,6.0,12.0
2009,2010-04-17,FRE,NUR,2.0,1.0,1,3.0,0.0,2.38,3.25,3.0
2009,2010-04-17,HAM,MAI,0.0,1.0,-1,0.0,3.0,1.44,4.2,7.5
2009,2010-04-17,SCH,MGL,3.0,1.0,1,3.0,0.0,1.36,4.5,9.0
2009,2010-04-17,STU,LEVK,2.0,1.0,1,3.0,0.0,2.2,3.4,3.2
2009,2010-04-17,WOB,WERB,2.0,4.0,-1,0.0,3.0,2.7,3.4,2.5
2009,2010-04-16,KOL,BOC,2.0,0.0,1,3.0,0.0,2.1,3.3,3.5
2009,2010-04-11,BOC,HAM,1.0,2.0,-1,0.0,3.0,3.25,3.3,2.2
2009,2010-04-11,NUR,WOB,0.0,2.0,-1,0.0,3.0,2.9,3.3,2.4
2009,2010-04-10,HAN,SCH,4.0,2.0,1,3.0,0.0,5.0,3.5,1.73
2009,2010-04-10,HERT,STU,0.0,1.0,-1,0.0,3.0,2.9,3.3,2.4
2009,2010-04-10,HOF,KOL,0.0,2.0,-1,0.0,3.0,1.83,3.5,4.33
2009,2010-04-10,LEVK,BAY,1.0,1.0,0,1.0,1.0,3.2,3.4,2.2
2009,2010-04-10,MAI,DOR,1.0,0.0,1,3.0,0.0,4.0,3.6,1.91
2009,2010-04-10,WERB,FRE,4.0,0.0,1,3.0,0.0,1.33,4.75,10.0
2009,2010-04-09,MGL,EINF,2.0,0.0,1,3.0,0.0,2.38,3.25,3.0
2009,2010-04-04,HAM,HAN,0.0,0.0,0,1.0,1.0,1.44,4.33,7.0
2009,2010-04-04,WOB,HOF,4.0,0.0,1,3.0,0.0,1.85,3.5,4.2
2009,2010-04-03,DOR,WERB,2.0,1.0,1,3.0,0.0,2.4,3.4,2.8
2009,2010-04-03,EINF,LEVK,3.0,2.0,1,3.0,0.0,3.2,3.25,2.25
2009,2010-04-03,KOL,HERT,0.0,3.0,-1,0.0,3.0,2.38,3.25,3.0
2009,2010-04-03,FRE,BOC,1.0,1.0,0,1.0,1.0,2.2,3.2,3.4
2009,2010-04-03,NUR,MAI,2.0,0.0,1,3.0,0.0,2.0,3.4,3.75
2009,2010-04-03,SCH,BAY,1.0,2.0,-1,0.0,3.0,2.7,3.4,2.55
2009,2010-04-03,STU,MGL,2.0,1.0,1,3.0,0.0,1.4,4.5,8.0
2009,2010-03-28,HOF,FRE,1.0,1.0,0,1.0,1.0,1.62,3.75,5.5
2009,2010-03-28,MGL,HAM,1.0,0.0,1,3.0,0.0,3.1,3.25,2.3
2009,2010-03-27,BAY,STU,1.0,2.0,-1,0.0,3.0,1.62,3.75,5.5
2009,2010-03-27,HAN,KOL,1.0,4.0,-1,0.0,3.0,2.3,3.25,3.1
2009,2010-03-27,HERT,DOR,0.0,0.0,0,1.0,1.0,3.25,3.3,2.2
2009,2010-03-27,LEVK,SCH,0.0,2.0,-1,0.0,3.0,2.2,3.4,3.2
2009,2010-03-27,MAI,WOB,0.0,2.0,-1,0.0,3.0,2.75,3.3,2.5
2009,2010-03-27,WERB,NUR,4.0,2.0,1,3.0,0.0,1.4,4.5,8.0
2009,2010-03-26,BOC,EINF,1.0,2.0,-1,0.0,3.0,2.38,3.25,3.0
2009,2010-03-21,HAM,SCH,2.0,2.0,0,1.0,1.0,2.3,3.3,3.1
2009,2010-03-21,WOB,HERT,1.0,5.0,-1,0.0,3.0,1.5,4.0,6.5
2009,2010-03-20,DOR,LEVK,3.0,0.0,1,3.0,0.0,2.4,3.25,2.9
2009,2010-03-20,EINF,BAY,2.0,1.0,1,3.0,0.0,8.0,4.5,1.4
2009,2010-03-20,FRE,MAI,1.0,0.0,1,3.0,0.0,2.4,3.3,2.88
2009,2010-03-20,NUR,HOF,0.0,0.0,0,1.0,1.0,2.55,3.3,2.75
2009,2010-03-20,STU,HAN,2.0,0.0,1,3.0,0.0,1.44,4.33,7.0
2009,2010-03-20,WERB,BOC,3.0,2.0,1,3.0,0.0,1.33,5.0,9.0
2009,2010-03-19,KOL,MGL,1.0,1.0,0,1.0,1.0,2.2,3.3,3.25
2009,2010-03-14,HOF,WERB,0.0,1.0,-1,0.0,3.0,2.75,3.3,2.5
2009,2010-03-14,LEVK,HAM,4.0,2.0,1,3.0,0.0,2.0,3.4,3.75
2009,2010-03-13,BAY,FRE,2.0,1.0,1,3.0,0.0,1.17,7.0,17.0
2009,2010-03-13,BOC,DOR,1.0,4.0,-1,0.0,3.0,3.5,3.3,2.1
2009,2010-03-13,HAN,EINF,2.0,1.0,1,3.0,0.0,2.4,3.3,2.9
2009,2010-03-13,HERT,NUR,1.0,2.0,-1,0.0,3.0,2.1,3.3,3.5
2009,2010-03-13,MAI,KOL,1.0,0.0,1,3.0,0.0,2.1,3.3,3.5
2009,2010-03-13,MGL,WOB,0.0,4.0,-1,0.0,3.0,2.8,3.4,2.4
2009,2010-03-12,SCH,STU,2.0,1.0,1,3.0,0.0,2.1,3.4,3.4
2009,2010-03-07,HOF,MAI,0.0,1.0,-1,0.0,3.0,1.73,3.6,4.75
2009,2010-03-07,NUR,LEVK,3.0,2.0,1,3.0,0.0,5.25,3.6,1.67
2009,2010-03-06,DOR,MGL,3.0,0.0,1,3.0,0.0,1.67,3.6,5.25
2009,2010-03-06,EINF,SCH,1.0,4.0,-1,0.0,3.0,3.3,3.25,2.2
2009,2010-03-06,KOL,BAY,1.0,1.0,0,1.0,1.0,8.0,4.0,1.44
2009,2010-03-06,FRE,HAN,1.0,2.0,-1,0.0,3.0,2.25,3.25,3.2
2009,2010-03-06,HAM,HERT,1.0,0.0,1,3.0,0.0,1.44,4.2,7.5
2009,2010-03-06,WERB,STU,2.0,2.0,0,1.0,1.0,2.0,3.5,3.5
2009,2010-03-06,WOB,BOC,4.0,1.0,1,3.0,0.0,1.45,4.0,7.0
2009,2010-02-28,BAY,HAM,1.0,0.0,1,3.0,0.0,1.44,4.2,7.5
2009,2010-02-28,HAN,WOB,0.0,1.0,-1,0.0,3.0,3.8,3.6,1.91
2009,2010-02-27,BOC,NUR,0.0,0.0,0,1.0,1.0,2.2,3.3,3.3
2009,2010-02-27,HERT,HOF,0.0,2.0,-1,0.0,3.0,2.5,3.25,2.8
2009,2010-02-27,LEVK,KOL,0.0,0.0,0,1.0,1.0,1.36,4.75,8.5
2009,2010-02-27,MAI,WERB,1.0,2.0,-1,0.0,3.0,4.33,3.5,1.83
2009,2010-02-27,MGL,FRE,1.0,1.0,0,1.0,1.0,1.8,3.4,4.75
2009,2010-02-27,STU,EINF,2.0,1.0,1,3.0,0.0,1.62,3.75,5.5
2009,2010-02-26,SCH,DOR,2.0,1.0,1,3.0,0.0,2.0,3.3,3.8
2009,2010-02-21,FRE,HERT,0.0,3.0,-1,0.0,3.0,2.5,3.3,2.75
2009,2010-02-21,WERB,LEVK,2.0,2.0,0,1.0,1.0,2.25,3.25,3.2
2009,2010-02-21,WOB,SCH,2.0,1.0,1,3.0,0.0,2.63,3.3,2.63
2009,2010-02-20,DOR,HAN,4.0,1.0,1,3.0,0.0,1.44,4.0,8.0
2009,2010-02-20,KOL,STU,1.0,5.0,-1,0.0,3.0,3.2,3.25,2.25
2009,2010-02-20,HAM,EINF,0.0,0.0,0,1.0,1.0,1.5,3.8,7.5
2009,2010-02-20,MAI,BOC,0.0,0.0,0,1.0,1.0,2.0,3.4,3.75
2009,2010-02-20,NUR,BAY,1.0,1.0,0,1.0,1.0,8.5,4.75,1.36
2009,2010-02-19,HOF,MGL,2.0,2.0,0,1.0,1.0,1.85,3.5,4.2
2009,2010-02-14,EINF,FRE,2.0,1.0,1,3.0,0.0,1.8,3.5,4.5
2009,2010-02-14,SCH,KOL,2.0,0.0,1,3.0,0.0,1.5,4.0,7.0
2009,2010-02-13,BAY,DOR,3.0,1.0,1,3.0,0.0,1.33,4.75,9.0
2009,2010-02-13,BOC,HOF,2.0,1.0,1,3.0,0.0,2.9,3.3,2.4
2009,2010-02-13,HAN,WERB,1.0,5.0,-1,0.0,3.0,4.33,3.6,1.8
2009,2010-02-13,HERT,MAI,1.0,1.0,0,1.0,1.0,2.0,3.4,3.75
2009,2010-02-13,LEVK,WOB,2.0,1.0,1,3.0,0.0,1.62,3.8,5.5
2009,2010-02-13,STU,HAM,1.0,3.0,-1,0.0,3.0,2.3,3.3,3.1
2009,2010-02-12,MGL,NUR,2.0,1.0,1,3.0,0.0,2.0,3.4,3.75
2009,2010-02-07,DOR,EINF,2.0,3.0,-1,0.0,3.0,1.62,3.6,6.0
2009,2010-02-07,MAI,MGL,1.0,0.0,1,3.0,0.0,2.15,3.4,3.3
2009,2010-02-06,BOC,LEVK,1.0,1.0,0,1.0,1.0,5.5,3.75,1.62
2009,2010-02-06,KOL,HAM,3.0,3.0,0,1.0,1.0,3.5,3.3,2.1
2009,2010-02-06,FRE,SCH,0.0,0.0,0,1.0,1.0,4.75,3.5,1.75
2009,2010-02-06,HOF,HAN,2.0,1.0,1,3.0,0.0,1.57,3.8,6.0
2009,2010-02-06,NUR,STU,1.0,2.0,-1,0.0,3.0,3.5,3.4,2.1
2009,2010-02-06,WOB,BAY,1.0,3.0,-1,0.0,3.0,4.5,3.75,1.73
2009,2010-02-05,WERB,HERT,2.0,1.0,1,3.0,0.0,1.44,4.33,7.0
2009,2010-01-31,LEVK,FRE,3.0,1.0,1,3.0,0.0,1.25,5.75,11.0
2009,2010-01-31,STU,DOR,4.0,1.0,1,3.0,0.0,2.1,3.3,3.2
2009,2010-01-30,BAY,MAI,3.0,0.0,1,3.0,0.0,1.2,6.5,15.0
2009,2010-01-30,EINF,KOL,1.0,2.0,-1,0.0,3.0,2.0,3.4,3.75
2009,2010-01-30,HAN,NUR,1.0,3.0,-1,0.0,3.0,2.1,3.3,3.5
2009,2010-01-30,HERT,BOC,0.0,0.0,0,1.0,1.0,1.91,3.4,4.0
2009,2010-01-30,MGL,WERB,4.0,3.0,1,3.0,0.0,3.75,3.6,1.91
2009,2010-01-30,SCH,HOF,2.0,0.0,1,3.0,0.0,1.67,3.6,5.5
2009,2010-01-29,HAM,WOB,1.0,1.0,0,1.0,1.0,1.83,3.5,4.33
2009,2010-01-24,HOF,LEVK,0.0,3.0,-1,0.0,3.0,2.9,3.3,2.4
2009,2010-01-24,WOB,KOL,2.0,3.0,-1,0.0,3.0,1.5,4.0,6.5
2009,2010-01-23,BOC,SCH,2.0,2.0,0,1.0,1.0,4.0,3.4,1.91
2009,2010-01-23,DOR,HAM,1.0,0.0,1,3.0,0.0,2.4,3.3,2.88
2009,2010-01-23,HERT,MGL,0.0,0.0,0,1.0,1.0,1.91,3.4,4.0
2009,2010-01-23,MAI,HAN,1.0,0.0,1,3.0,0.0,2.0,3.4,3.7
2009,2010-01-23,NUR,EINF,1.0,1.0,0,1.0,1.0,2.15,3.3,3.3
2009,2010-01-23,WERB,BAY,2.0,3.0,-1,0.0,3.0,3.1,3.3,2.3
2009,2010-01-22,FRE,STU,0.0,1.0,-1,0.0,3.0,4.0,3.5,1.91
2009,2010-01-17,KOL,DOR,2.0,3.0,-1,0.0,3.0,3.2,3.25,2.25
2009,2010-01-17,SCH,NUR,1.0,0.0,1,3.0,0.0,1.4,4.5,7.5
2009,2010-01-16,EINF,WERB,1.0,0.0,1,3.0,0.0,3.75,3.5,1.95
2009,2010-01-16,HAM,FRE,2.0,0.0,1,3.0,0.0,1.4,4.5,7.5
2009,2010-01-16,HAN,HERT,0.0,3.0,-1,0.0,3.0,2.2,3.25,3.3
2009,2010-01-16,LEVK,MAI,4.0,2.0,1,3.0,0.0,1.4,4.33,8.5
2009,2010-01-16,MGL,BOC,1.0,2.0,-1,0.0,3.0,1.85,3.5,4.0
2009,2010-01-16,STU,WOB,3.0,1.0,1,3.0,0.0,2.25,3.25,3.2
2009,2010-01-15,BAY,HOF,2.0,0.0,1,3.0,0.0,1.4,4.5,8.0
2009,2009-12-20,KOL,NUR,3.0,0.0,1,3.0,0.0,2.1,3.3,3.5
2009,2009-12-20,HAM,WERB,2.0,1.0,1,3.0,0.0,2.4,3.3,2.9
2009,2009-12-19,BAY,HERT,5.0,2.0,1,3.0,0.0,1.18,6.5,15.0
2009,2009-12-19,DOR,FRE,1.0,0.0,1,3.0,0.0,1.5,4.0,7.0
2009,2009-12-19,EINF,WOB,2.0,2.0,0,1.0,1.0,3.25,3.3,2.2
2009,2009-12-19,HAN,BOC,2.0,3.0,-1,0.0,3.0,1.8,3.5,4.5
2009,2009-12-19,LEVK,MGL,3.0,2.0,1,3.0,0.0,1.4,4.5,8.0
2009,2009-12-19,STU,HOF,3.0,1.0,1,3.0,0.0,2.1,3.4,3.4
2009,2009-12-18,SCH,MAI,1.0,0.0,1,3.0,0.0,1.44,4.2,7.5
2009,2009-12-13,MAI,STU,1.0,1.0,0,1.0,1.0,2.8,3.25,2.6
2009,2009-12-13,WOB,DOR,1.0,3.0,-1,0.0,3.0,1.91,3.5,4.0
2009,2009-12-12,BOC,BAY,1.0,5.0,-1,0.0,3.0,7.0,4.33,1.44
2009,2009-12-12,FRE,KOL,0.0,0.0,0,1.0,1.0,2.1,3.3,3.5
2009,2009-12-12,HOF,EINF,1.0,1.0,0,1.0,1.0,1.5,4.0,7.0
2009,2009-12-12,MGL,HAN,5.0,3.0,1,3.0,0.0,2.1,3.3,3.5
2009,2009-12-12,NUR,HAM,0.0,4.0,-1,0.0,3.0,3.5,3.3,2.1
2009,2009-12-12,WERB,SCH,0.0,2.0,-1,0.0,3.0,1.8,3.5,4.5
2009,2009-12-11,HERT,LEVK,2.0,2.0,0,1.0,1.0,4.75,3.6,1.73
2009,2009-12-06,KOL,WERB,0.0,0.0,0,1.0,1.0,5.0,4.0,1.62
2009,2009-12-06,SCH,HERT,2.0,0.0,1,3.0,0.0,1.4,4.5,8.0
2009,2009-12-05,DOR,NUR,4.0,0.0,1,3.0,0.0,1.8,3.5,4.5
2009,2009-12-05,EINF,MAI,2.0,0.0,1,3.0,0.0,2.2,3.25,3.3
2009,2009-12-05,HAM,HOF,0.0,0.0,0,1.0,1.0,2.38,3.25,3.0
2009,2009-12-05,HAN,LEVK,0.0,0.0,0,1.0,1.0,4.75,3.6,1.73
2009,2009-12-05,STU,BOC,1.0,1.0,0,1.0,1.0,1.55,4.0,6.0
2009,2009-12-05,WOB,FRE,2.0,2.0,0,1.0,1.0,1.53,4.0,6.0
2009,2009-12-04,BAY,MGL,2.0,1.0,1,3.0,0.0,1.25,5.5,12.0
2009,2009-11-29,HAN,BAY,0.0,3.0,-1,0.0,3.0,4.75,3.6,1.73
2009,2009-11-29,LEVK,STU,4.0,0.0,1,3.0,0.0,1.75,3.5,4.75
2009,2009-11-28,HERT,EINF,1.0,3.0,-1,0.0,3.0,2.0,3.4,3.8
2009,2009-11-28,HOF,DOR,1.0,2.0,-1,0.0,3.0,1.75,3.6,4.75
2009,2009-11-28,MAI,HAM,1.0,1.0,0,1.0,1.0,3.0,3.3,2.38
2009,2009-11-28,MGL,SCH,1.0,0.0,1,3.0,0.0,3.4,3.4,2.1
2009,2009-11-28,NUR,FRE,0.0,1.0,-1,0.0,3.0,2.0,3.4,3.7
2009,2009-11-28,WERB,WOB,2.0,2.0,0,1.0,1.0,1.8,3.8,4.0
2009,2009-11-27,BOC,KOL,0.0,0.0,0,1.0,1.0,2.25,3.25,3.2
2009,2009-11-22,BAY,LEVK,1.0,1.0,0,1.0,1.0,1.83,3.5,4.33
2009,2009-11-22,HAM,BOC,0.0,1.0,-1,0.0,3.0,1.36,4.75,8.5
2009,2009-11-21,DOR,MAI,0.0,0.0,0,1.0,1.0,1.67,3.75,5.0
2009,2009-11-21,EINF,MGL,1.0,2.0,-1,0.0,3.0,2.1,3.4,3.4
2009,2009-11-21,KOL,HOF,0.0,4.0,-1,0.0,3.0,3.5,3.3,2.1
2009,2009-11-21,FRE,WERB,0.0,6.0,-1,0.0,3.0,4.5,3.5,1.8
2009,2009-11-21,SCH,HAN,2.0,0.0,1,3.0,0.0,1.44,4.33,7.0
2009,2009-11-21,STU,HERT,1.0,1.0,0,1.0,1.0,1.62,3.75,5.5
2009,2009-11-21,WOB,NUR,2.0,3.0,-1,0.0,3.0,1.4,4.5,8.0
2009,2009-11-08,HAN,HAM,2.0,2.0,0,1.0,1.0,3.5,3.4,2.05
2009,2009-11-08,HERT,KOL,0.0,1.0,-1,0.0,3.0,2.05,3.4,3.5
2009,2009-11-08,WERB,DOR,1.0,1.0,0,1.0,1.0,1.62,3.8,5.5
2009,2009-11-07,BAY,SCH,1.0,1.0,0,1.0,1.0,1.67,3.75,5.0
2009,2009-11-07,BOC,FRE,1.0,2.0,-1,0.0,3.0,2.25,3.4,3.1
2009,2009-11-07,HOF,WOB,1.0,2.0,-1,0.0,3.0,2.3,3.5,2.9
2009,2009-11-07,MAI,NUR,1.0,0.0,1,3.0,0.0,2.1,3.4,3.4
2009,2009-11-07,MGL,STU,0.0,0.0,0,1.0,1.0,2.75,3.3,2.5
2009,2009-11-06,LEVK,EINF,4.0,0.0,1,3.0,0.0,1.4,4.5,8.0
2009,2009-11-01,EINF,BOC,2.0,1.0,1,3.0,0.0,1.83,3.5,4.33
2009,2009-11-01,FRE,HOF,0.0,1.0,-1,0.0,3.0,3.6,3.5,2.0
2009,2009-10-31,KOL,HAN,0.0,1.0,-1,0.0,3.0,2.1,3.4,3.4
2009,2009-10-31,HAM,MGL,2.0,3.0,-1,0.0,3.0,1.33,4.75,9.5
2009,2009-10-31,NUR,WERB,2.0,2.0,0,1.0,1.0,5.5,3.75,1.62
2009,2009-10-31,SCH,LEVK,2.0,2.0,0,1.0,1.0,2.38,3.4,2.88
2009,2009-10-31,STU,BAY,0.0,0.0,0,1.0,1.0,4.5,3.5,1.8
2009,2009-10-31,WOB,MAI,3.0,3.0,0,1.0,1.0,1.44,4.33,7.0
2009,2009-10-30,DOR,HERT,2.0,0.0,1,3.0,0.0,1.53,4.0,6.0
2009,2009-10-25,BOC,WERB,1.0,4.0,-1,0.0,3.0,5.0,3.75,1.67
2009,2009-10-25,HERT,WOB,0.0,0.0,0,1.0,1.0,4.75,3.6,1.73
2009,2009-10-25,SCH,HAM,3.0,3.0,0,1.0,1.0,2.2,3.3,3.25
2009,2009-10-24,BAY,EINF,2.0,1.0,1,3.0,0.0,1.25,5.5,12.0
2009,2009-10-24,HAN,STU,1.0,0.0,1,3.0,0.0,2.8,3.4,2.4
2009,2009-10-24,HOF,NUR,3.0,0.0,1,3.0,0.0,1.44,4.75,7.5
2009,2009-10-24,MAI,FRE,3.0,0.0,1,3.0,0.0,2.1,3.4,3.4
2009,2009-10-24,MGL,KOL,0.0,0.0,0,1.0,1.0,2.2,3.3,3.25
2009,2009-10-23,LEVK,DOR,1.0,1.0,0,1.0,1.0,1.8,3.5,4.5
2009,2009-10-18,DOR,BOC,2.0,0.0,1,3.0,0.0,1.57,3.8,6.0
2009,2009-10-18,WOB,MGL,2.0,1.0,1,3.0,0.0,1.33,5.0,8.5
2009,2009-10-17,EINF,HAN,2.0,1.0,1,3.0,0.0,2.2,3.4,3.2
2009,2009-10-17,KOL,MAI,1.0,0.0,1,3.0,0.0,2.15,3.4,3.25
2009,2009-10-17,FRE,BAY,1.0,2.0,-1,0.0,3.0,6.0,3.8,1.57
2009,2009-10-17,HAM,LEVK,0.0,0.0,0,1.0,1.0,2.15,3.4,3.25
2009,2009-10-17,NUR,HERT,3.0,0.0,1,3.0,0.0,2.15,3.4,3.25
2009,2009-10-17,STU,SCH,1.0,2.0,-1,0.0,3.0,2.5,3.3,2.75
2009,2009-10-17,WERB,HOF,2.0,0.0,1,3.0,0.0,1.83,3.4,4.0
2009,2009-10-04,HERT,HAM,1.0,3.0,-1,0.0,3.0,5.0,3.75,1.67
2009,2009-10-04,STU,WERB,0.0,2.0,-1,0.0,3.0,2.5,3.4,2.7
2009,2009-10-03,BAY,KOL,0.0,0.0,0,1.0,1.0,1.22,6.5,11.0
2009,2009-10-03,BOC,WOB,1.0,1.0,0,1.0,1.0,4.2,3.6,1.83
2009,2009-10-03,HAN,FRE,5.0,2.0,1,3.0,0.0,2.1,3.4,3.4
2009,2009-10-03,LEVK,NUR,4.0,0.0,1,3.0,0.0,1.4,4.5,8.0
2009,2009-10-03,MAI,HOF,2.0,1.0,1,3.0,0.0,4.0,3.6,1.85
2009,2009-10-03,MGL,DOR,0.0,1.0,-1,0.0,3.0,2.9,3.3,2.38
2009,2009-10-02,SCH,EINF,2.0,0.0,1,3.0,0.0,1.5,4.0,7.0
2009,2009-09-27,FRE,MGL,3.0,0.0,1,3.0,0.0,2.0,3.4,3.75
2009,2009-09-27,HOF,HERT,5.0,1.0,1,3.0,0.0,1.5,4.0,7.0
2009,2009-09-26,DOR,SCH,0.0,1.0,-1,0.0,3.0,2.5,3.25,2.8
2009,2009-09-26,EINF,STU,0.0,3.0,-1,0.0,3.0,2.9,3.3,2.4
2009,2009-09-26,KOL,LEVK,0.0,1.0,-1,0.0,3.0,3.6,3.5,2.0
2009,2009-09-26,HAM,BAY,1.0,0.0,1,3.0,0.0,3.1,3.4,2.25
2009,2009-09-26,WERB,MAI,3.0,0.0,1,3.0,0.0,1.36,4.75,8.5
2009,2009-09-26,WOB,HAN,4.0,2.0,1,3.0,0.0,1.36,4.75,8.5
2009,2009-09-25,NUR,BOC,0.0,1.0,-1,0.0,3.0,1.91,3.4,4.0
2009,2009-09-20,EINF,HAM,1.0,1.0,0,1.0,1.0,3.6,3.6,1.95
2009,2009-09-20,HERT,FRE,0.0,4.0,-1,0.0,3.0,1.91,3.5,4.0
2009,2009-09-20,LEVK,WERB,0.0,0.0,0,1.0,1.0,2.3,3.5,2.9
2009,2009-09-19,BAY,NUR,2.0,1.0,1,3.0,0.0,1.17,7.0,16.0
2009,2009-09-19,BOC,MAI,2.0,3.0,-1,0.0,3.0,2.1,3.4,3.4
2009,2009-09-19,HAN,DOR,1.0,1.0,0,1.0,1.0,2.88,3.3,2.4
2009,2009-09-19,MGL,HOF,2.0,4.0,-1,0.0,3.0,3.0,3.4,2.3
2009,2009-09-19,STU,KOL,0.0,2.0,-1,0.0,3.0,1.44,4.33,7.0
2009,2009-09-18,SCH,WOB,1.0,2.0,-1,0.0,3.0,2.25,3.4,3.1
2009,2009-09-13,KOL,SCH,1.0,2.0,-1,0.0,3.0,3.5,3.3,2.1
2009,2009-09-13,WERB,HAN,0.0,0.0,0,1.0,1.0,1.36,4.75,8.5
2009,2009-09-12,DOR,BAY,1.0,5.0,-1,0.0,3.0,4.2,3.5,1.85
2009,2009-09-12,FRE,EINF,0.0,2.0,-1,0.0,3.0,2.2,3.3,3.25
2009,2009-09-12,HAM,STU,3.0,1.0,1,3.0,0.0,1.83,3.5,4.33
2009,2009-09-12,HOF,BOC,3.0,0.0,1,3.0,0.0,1.57,3.8,6.0
2009,2009-09-12,MAI,HERT,2.0,1.0,1,3.0,0.0,2.5,3.25,2.8
2009,2009-09-12,NUR,MGL,1.0,0.0,1,3.0,0.0,2.1,3.4,3.4
2009,2009-09-12,WOB,LEVK,2.0,3.0,-1,0.0,3.0,2.0,3.5,3.6
2009,2009-08-30,HAM,KOL,3.0,1.0,1,3.0,0.0,1.36,4.75,8.5
2009,2009-08-30,HERT,WERB,2.0,3.0,-1,0.0,3.0,3.4,3.4,2.1
2009,2009-08-29,BAY,WOB,3.0,0.0,1,3.0,0.0,1.83,3.75,4.0
2009,2009-08-29,EINF,DOR,1.0,1.0,0,1.0,1.0,2.9,3.3,2.4
2009,2009-08-29,HAN,HOF,0.0,1.0,-1,0.0,3.0,2.7,3.25,2.6
2009,2009-08-29,LEVK,BOC,2.0,1.0,1,3.0,0.0,1.4,4.5,8.0
2009,2009-08-29,SCH,FRE,0.0,1.0,-1,0.0,3.0,1.33,5.0,9.0
2009,2009-08-29,STU,NUR,0.0,0.0,0,1.0,1.0,1.44,4.33,7.0
2009,2009-08-28,MGL,MAI,2.0,0.0,1,3.0,0.0,2.0,3.4,3.75
2009,2009-08-23,BOC,HERT,1.0,0.0,1,3.0,0.0,2.4,3.3,2.9
2009,2009-08-23,WERB,MGL,3.0,0.0,1,3.0,0.0,1.4,4.5,7.5
2009,2009-08-23,WOB,HAM,2.0,4.0,-1,0.0,3.0,1.83,3.6,4.2
2009,2009-08-22,DOR,STU,1.0,1.0,0,1.0,1.0,2.38,3.4,2.9
2009,2009-08-22,KOL,EINF,0.0,0.0,0,1.0,1.0,2.2,3.4,3.2
2009,2009-08-22,FRE,LEVK,0.0,5.0,-1,0.0,3.0,3.4,3.4,2.1
2009,2009-08-22,MAI,BAY,2.0,1.0,1,3.0,0.0,7.0,4.33,1.44
2009,2009-08-22,NUR,HAN,0.0,2.0,-1,0.0,3.0,2.0,3.3,3.8
2009,2009-08-21,HOF,SCH,0.0,0.0,0,1.0,1.0,2.5,3.25,2.8
2009,2009-08-16,MGL,HERT,2.0,1.0,1,3.0,0.0,2.3,3.3,3.1
2009,2009-08-16,SCH,BOC,3.0,0.0,1,3.0,0.0,1.44,4.2,7.5
2009,2009-08-15,BAY,WERB,1.0,1.0,0,1.0,1.0,1.62,3.75,5.5
2009,2009-08-15,EINF,NUR,1.0,1.0,0,1.0,1.0,2.05,3.4,3.6
2009,2009-08-15,KOL,WOB,1.0,3.0,-1,0.0,3.0,4.75,3.6,1.73
2009,2009-08-15,HAM,DOR,4.0,1.0,1,3.0,0.0,2.05,3.4,3.6
2009,2009-08-15,HAN,MAI,1.0,1.0,0,1.0,1.0,1.83,3.5,4.33
2009,2009-08-15,LEVK,HOF,1.0,0.0,1,3.0,0.0,2.0,3.5,3.6
2009,2009-08-15,STU,FRE,4.0,2.0,1,3.0,0.0,1.44,4.2,7.5
2009,2009-08-09,BOC,MGL,3.0,3.0,0,1.0,1.0,2.2,3.3,3.25
2009,2009-08-09,FRE,HAM,1.0,1.0,0,1.0,1.0,3.6,3.4,2.0
2009,2009-08-08,DOR,KOL,1.0,0.0,1,3.0,0.0,1.62,3.75,5.5
2009,2009-08-08,HERT,HAN,1.0,0.0,1,3.0,0.0,1.8,3.5,4.5
2009,2009-08-08,HOF,BAY,1.0,1.0,0,1.0,1.0,4.2,3.4,1.91
2009,2009-08-08,MAI,LEVK,2.0,2.0,0,1.0,1.0,3.8,3.4,2.0
2009,2009-08-08,NUR,SCH,1.0,2.0,-1,0.0,3.0,3.5,3.3,2.1
2009,2009-08-08,WERB,EINF,2.0,3.0,-1,0.0,3.0,1.4,4.5,8.0
2009,2009-08-07,WOB,STU,2.0,0.0,1,3.0,0.0,1.95,3.5,3.75
2008,2009-05-23,BAY,STU,2.0,1.0,1,3.0,0.0,1.67,4.2,4.5
2008,2009-05-23,BIE,HAN,2.0,2.0,0,1.0,1.0,1.62,4.33,4.75
2008,2009-05-23,COT,LEVK,3.0,0.0,1,3.0,0.0,2.38,4.0,2.6
2008,2009-05-23,EINF,HAM,2.0,3.0,-1,0.0,3.0,5.0,4.2,1.6
2008,2009-05-23,KOL,BOC,1.0,1.0,0,1.0,1.0,2.1,3.4,3.4
2008,2009-05-23,KAR,HERT,4.0,0.0,1,3.0,0.0,4.5,4.2,1.67
2008,2009-05-23,MGL,DOR,1.0,1.0,0,1.0,1.0,3.75,3.6,1.91
2008,2009-05-23,SCH,HOF,2.0,3.0,-1,0.0,3.0,1.83,3.75,4.0
2008,2009-05-23,WOB,WERB,5.0,1.0,1,3.0,0.0,1.4,4.5,7.0
2008,2009-05-16,BOC,EINF,2.0,0.0,1,3.0,0.0,1.8,3.5,4.5
2008,2009-05-16,DOR,BIE,6.0,0.0,1,3.0,0.0,1.44,4.33,7.0
2008,2009-05-16,HAM,KOL,0.0,1.0,-1,0.0,3.0,1.25,5.5,12.0
2008,2009-05-16,HAN,WOB,0.0,5.0,-1,0.0,3.0,5.5,3.75,1.62
2008,2009-05-16,HERT,SCH,0.0,0.0,0,1.0,1.0,1.73,3.75,4.5
2008,2009-05-16,HOF,BAY,2.0,2.0,0,1.0,1.0,7.0,4.0,1.5
2008,2009-05-16,LEVK,MGL,5.0,0.0,1,3.0,0.0,2.0,3.4,3.75
2008,2009-05-16,STU,COT,2.0,0.0,1,3.0,0.0,1.25,5.5,12.0
2008,2009-05-16,WERB,KAR,1.0,3.0,-1,0.0,3.0,1.57,3.8,6.0
2008,2009-05-13,BIE,HOF,0.0,2.0,-1,0.0,3.0,2.2,3.4,3.2
2008,2009-05-13,COT,MGL,0.0,1.0,-1,0.0,3.0,2.3,3.3,3.1
2008,2009-05-13,EINF,WERB,0.0,5.0,-1,0.0,3.0,2.62,3.3,2.62
2008,2009-05-13,HAM,BOC,3.0,1.0,1,3.0,0.0,1.44,4.2,7.5
2008,2009-05-13,SCH,STU,1.0,2.0,-1,0.0,3.0,2.4,3.4,2.87
2008,2009-05-12,BAY,LEVK,3.0,0.0,1,3.0,0.0,1.33,5.0,9.0
2008,2009-05-12,KOL,HERT,1.0,2.0,-1,0.0,3.0,4.33,3.5,1.83
2008,2009-05-12,KAR,HAN,2.0,3.0,-1,0.0,3.0,2.05,3.4,3.5
2008,2009-05-12,WOB,DOR,3.0,0.0,1,3.0,0.0,1.95,3.6,3.6
2008,2009-05-10,MGL,SCH,1.0,0.0,1,3.0,0.0,3.25,3.3,2.2
2008,2009-05-10,WERB,HAM,2.0,0.0,1,3.0,0.0,2.38,3.4,2.88
2008,2009-05-09,COT,BAY,1.0,3.0,-1,0.0,3.0,6.5,4.5,1.44
2008,2009-05-09,DOR,KAR,4.0,0.0,1,3.0,0.0,1.44,4.2,7.5
2008,2009-05-09,HAN,EINF,1.0,1.0,0,1.0,1.0,1.91,3.4,4.0
2008,2009-05-09,HERT,BOC,2.0,0.0,1,3.0,0.0,1.55,3.75,6.5
2008,2009-05-09,HOF,KOL,2.0,0.0,1,3.0,0.0,1.91,3.4,4.0
2008,2009-05-09,STU,WOB,4.0,1.0,1,3.0,0.0,2.2,3.4,3.2
2008,2009-05-08,LEVK,BIE,2.0,2.0,0,1.0,1.0,1.57,4.0,5.75
2008,2009-05-03,KOL,WERB,1.0,0.0,1,3.0,0.0,3.3,3.3,2.15
2008,2009-05-03,HAM,HERT,1.0,1.0,0,1.0,1.0,1.95,3.5,3.75
2008,2009-05-02,BAY,MGL,2.0,1.0,1,3.0,0.0,1.28,5.5,9.5
2008,2009-05-02,BIE,STU,2.0,2.0,0,1.0,1.0,4.33,3.4,1.85
2008,2009-05-02,EINF,DOR,0.0,2.0,-1,0.0,3.0,3.2,3.5,2.15
2008,2009-05-02,KAR,COT,0.0,0.0,0,1.0,1.0,2.1,3.4,3.4
2008,2009-05-02,SCH,LEVK,1.0,2.0,-1,0.0,3.0,1.75,3.6,4.5
2008,2009-05-02,WOB,HOF,4.0,0.0,1,3.0,0.0,1.44,4.33,7.0
2008,2009-05-01,BOC,HAN,0.0,2.0,-1,0.0,3.0,2.0,3.5,3.6
2008,2009-04-26,COT,WOB,2.0,0.0,1,3.0,0.0,5.75,3.8,1.6
2008,2009-04-26,MGL,BIE,1.0,1.0,0,1.0,1.0,1.9,3.4,4.0
2008,2009-04-25,BAY,SCH,0.0,1.0,-1,0.0,3.0,1.61,3.75,5.5
2008,2009-04-25,DOR,HAM,2.0,0.0,1,3.0,0.0,2.2,3.3,3.1
2008,2009-04-25,HAN,KOL,2.0,1.0,1,3.0,0.0,1.9,3.4,4.0
2008,2009-04-25,LEVK,KAR,0.0,1.0,-1,0.0,3.0,1.4,4.5,7.0
2008,2009-04-25,STU,EINF,2.0,0.0,1,3.0,0.0,1.36,4.75,9.0
2008,2009-04-25,WERB,BOC,3.0,2.0,1,3.0,0.0,1.5,4.2,7.0
2008,2009-04-24,HOF,HERT,0.0,1.0,-1,0.0,3.0,2.37,3.4,2.87
2008,2009-04-19,HAM,HAN,2.0,1.0,1,3.0,0.0,1.44,4.33,7.0
2008,2009-04-19,HERT,WERB,2.0,1.0,1,3.0,0.0,2.88,3.4,2.4
2008,2009-04-18,BIE,BAY,0.0,1.0,-1,0.0,3.0,7.0,4.0,1.5
2008,2009-04-18,BOC,DOR,0.0,2.0,-1,0.0,3.0,3.1,3.4,2.3
2008,2009-04-18,EINF,MGL,4.0,1.0,1,3.0,0.0,2.1,3.3,3.5
2008,2009-04-18,KOL,STU,0.0,3.0,-1,0.0,3.0,3.4,3.4,2.1
2008,2009-04-18,KAR,HOF,2.0,2.0,0,1.0,1.0,2.88,3.4,2.4
2008,2009-04-18,WOB,LEVK,2.0,1.0,1,3.0,0.0,1.95,3.4,3.8
2008,2009-04-17,SCH,COT,4.0,0.0,1,3.0,0.0,1.33,4.75,10.0
2008,2009-04-12,LEVK,WERB,1.0,1.0,0,1.0,1.0,2.38,3.4,2.9
2008,2009-04-12,STU,HAM,1.0,0.0,1,3.0,0.0,2.1,3.4,3.4
2008,2009-04-11,BAY,EINF,4.0,0.0,1,3.0,0.0,1.33,5.0,9.0
2008,2009-04-11,COT,BIE,2.0,1.0,1,3.0,0.0,2.3,3.25,3.1
2008,2009-04-11,DOR,KOL,3.0,1.0,1,3.0,0.0,1.73,3.5,5.0
2008,2009-04-11,HAN,HERT,2.0,0.0,1,3.0,0.0,2.5,3.3,2.75
2008,2009-04-11,HOF,BOC,0.0,3.0,-1,0.0,3.0,1.67,3.6,5.25
2008,2009-04-11,MGL,WOB,1.0,2.0,-1,0.0,3.0,4.0,3.4,1.91
2008,2009-04-11,SCH,KAR,2.0,0.0,1,3.0,0.0,1.3,5.0,11.0
2008,2009-04-05,KOL,LEVK,0.0,2.0,-1,0.0,3.0,3.4,3.4,2.1
2008,2009-04-05,KAR,MGL,0.0,0.0,0,1.0,1.0,2.3,3.3,3.1
2008,2009-04-05,WERB,HAN,4.0,1.0,1,3.0,0.0,1.44,4.33,7.0
2008,2009-04-04,BOC,STU,1.0,2.0,-1,0.0,3.0,2.87,3.3,2.4
2008,2009-04-04,EINF,COT,2.0,1.0,1,3.0,0.0,1.85,3.5,4.2
2008,2009-04-04,HAM,HOF,1.0,0.0,1,3.0,0.0,1.8,3.4,4.5
2008,2009-04-04,HERT,DOR,1.0,3.0,-1,0.0,3.0,2.0,3.3,3.8
2008,2009-04-04,WOB,BAY,5.0,1.0,1,3.0,0.0,2.6,3.3,2.6
2008,2009-04-03,BIE,SCH,0.0,2.0,-1,0.0,3.0,3.5,3.3,2.1
2008,2009-03-22,SCH,HAM,1.0,2.0,-1,0.0,3.0,2.15,3.25,3.1
2008,2009-03-21,BAY,KAR,1.0,0.0,1,3.0,0.0,1.14,7.5,17.0
2008,2009-03-21,BIE,WOB,0.0,3.0,-1,0.0,3.0,3.4,3.4,2.1
2008,2009-03-21,COT,KOL,0.0,2.0,-1,0.0,3.0,2.3,3.4,3.0
2008,2009-03-21,DOR,WERB,1.0,0.0,1,3.0,0.0,2.75,3.3,2.5
2008,2009-03-21,HOF,HAN,2.0,2.0,0,1.0,1.0,1.61,3.75,5.5
2008,2009-03-21,LEVK,EINF,1.0,1.0,0,1.0,1.0,1.5,4.0,7.0
2008,2009-03-21,STU,HERT,2.0,0.0,1,3.0,0.0,2.2,3.4,3.2
2008,2009-03-20,MGL,BOC,0.0,1.0,-1,0.0,3.0,2.0,3.4,3.6
2008,2009-03-15,HAM,COT,2.0,0.0,1,3.0,0.0,1.4,4.33,8.5
2008,2009-03-15,WERB,STU,4.0,0.0,1,3.0,0.0,1.91,3.4,4.0
2008,2009-03-14,BOC,BAY,0.0,3.0,-1,0.0,3.0,6.0,3.8,1.57
2008,2009-03-14,EINF,HOF,1.0,1.0,0,1.0,1.0,2.88,3.4,2.38
2008,2009-03-14,KOL,MGL,2.0,4.0,-1,0.0,3.0,2.1,3.25,3.5
2008,2009-03-14,HAN,DOR,4.0,4.0,0,1.0,1.0,2.5,3.25,2.8
2008,2009-03-14,HERT,LEVK,1.0,0.0,1,3.0,0.0,2.38,3.4,2.88
2008,2009-03-14,KAR,BIE,0.0,1.0,-1,0.0,3.0,2.1,3.3,3.6
2008,2009-03-13,WOB,SCH,4.0,3.0,1,3.0,0.0,2.2,3.3,3.3
2008,2009-03-08,BIE,EINF,0.0,0.0,0,1.0,1.0,2.15,3.3,3.4
2008,2009-03-08,LEVK,BOC,1.0,1.0,0,1.0,1.0,1.5,4.1,6.5
2008,2009-03-07,BAY,HAN,5.0,1.0,1,3.0,0.0,1.33,5.0,9.0
2008,2009-03-07,COT,HERT,1.0,3.0,-1,0.0,3.0,2.8,3.4,2.4
2008,2009-03-07,HOF,WERB,0.0,0.0,0,1.0,1.0,2.87,3.4,2.37
2008,2009-03-07,MGL,HAM,4.0,1.0,1,3.0,0.0,3.3,3.3,2.2
2008,2009-03-07,STU,DOR,2.0,1.0,1,3.0,0.0,1.9,3.4,4.0
2008,2009-03-07,WOB,KAR,1.0,0.0,1,3.0,0.0,1.4,4.5,7.5
2008,2009-03-06,SCH,KOL,1.0,0.0,1,3.0,0.0,1.61,3.6,6.0
2008,2009-03-01,HAM,WOB,1.0,3.0,-1,0.0,3.0,1.9,3.5,4.0
2008,2009-03-01,KAR,STU,0.0,2.0,-1,0.0,3.0,3.4,3.4,2.1
2008,2009-03-01,WERB,BAY,0.0,0.0,0,1.0,1.0,3.1,3.3,2.3
2008,2009-02-28,BOC,COT,3.0,2.0,1,3.0,0.0,2.0,3.3,4.0
2008,2009-02-28,DOR,HOF,0.0,0.0,0,1.0,1.0,2.37,3.3,3.0
2008,2009-02-28,EINF,SCH,1.0,2.0,-1,0.0,3.0,3.8,3.4,2.0
2008,2009-02-28,HAN,LEVK,1.0,0.0,1,3.0,0.0,3.4,3.4,2.1
2008,2009-02-28,HERT,MGL,2.0,1.0,1,3.0,0.0,1.57,3.75,6.0
2008,2009-02-27,KOL,BIE,1.0,1.0,0,1.0,1.0,2.0,3.4,3.75
2008,2009-02-22,LEVK,HAM,1.0,2.0,-1,0.0,3.0,2.0,3.3,3.75
2008,2009-02-21,BAY,KOL,1.0,2.0,-1,0.0,3.0,1.25,5.5,12.0
2008,2009-02-21,BIE,BOC,1.0,1.0,0,1.0,1.0,2.2,3.3,3.2
2008,2009-02-21,COT,WERB,2.0,1.0,1,3.0,0.0,4.33,3.5,1.83
2008,2009-02-21,KAR,EINF,0.0,1.0,-1,0.0,3.0,2.1,3.3,3.5
2008,2009-02-21,MGL,HAN,3.0,2.0,1,3.0,0.0,2.25,3.25,3.2
2008,2009-02-21,STU,HOF,3.0,3.0,0,1.0,1.0,2.05,3.3,3.6
2008,2009-02-21,WOB,HERT,2.0,1.0,1,3.0,0.0,1.95,3.4,3.8
2008,2009-02-20,SCH,DOR,1.0,1.0,0,1.0,1.0,1.85,3.5,4.2
2008,2009-02-15,DOR,COT,1.0,1.0,0,1.0,1.0,1.57,3.75,6.5
2008,2009-02-15,HAM,BIE,2.0,0.0,1,3.0,0.0,1.44,4.2,7.5
2008,2009-02-14,BOC,SCH,2.0,1.0,1,3.0,0.0,3.5,3.3,2.1
2008,2009-02-14,EINF,WOB,0.0,2.0,-1,0.0,3.0,3.0,3.4,2.3
2008,2009-02-14,KOL,KAR,0.0,0.0,0,1.0,1.0,1.83,3.4,4.33
2008,2009-02-14,HAN,STU,3.0,3.0,0,1.0,1.0,2.75,3.4,2.5
2008,2009-02-14,HERT,BAY,2.0,1.0,1,3.0,0.0,4.0,3.5,1.9
2008,2009-02-14,WERB,MGL,1.0,1.0,0,1.0,1.0,1.44,4.5,7.0
2008,2009-02-13,HOF,LEVK,1.0,4.0,-1,0.0,3.0,2.37,3.4,2.87
2008,2009-02-08,BAY,DOR,3.0,1.0,1,3.0,0.0,1.44,4.0,8.0
2008,2009-02-08,COT,HAN,3.0,1.0,1,3.0,0.0,2.5,3.3,2.75
2008,2009-02-07,EINF,KOL,2.0,2.0,0,1.0,1.0,2.15,3.3,3.3
2008,2009-02-07,KAR,HAM,3.0,2.0,1,3.0,0.0,4.0,3.4,1.9
2008,2009-02-07,LEVK,STU,2.0,4.0,-1,0.0,3.0,1.8,3.5,4.5
2008,2009-02-07,MGL,HOF,1.0,1.0,0,1.0,1.0,3.4,3.4,2.1
2008,2009-02-07,SCH,WERB,1.0,0.0,1,3.0,0.0,2.0,3.4,3.6
2008,2009-02-07,WOB,BOC,2.0,0.0,1,3.0,0.0,1.44,4.0,8.0
2008,2009-02-06,BIE,HERT,1.0,1.0,0,1.0,1.0,2.62,3.25,2.65
2008,2009-02-01,BOC,KAR,2.0,0.0,1,3.0,0.0,2.0,3.3,3.8
2008,2009-02-01,WERB,BIE,1.0,2.0,-1,0.0,3.0,1.36,4.75,9.0
2008,2009-01-31,DOR,LEVK,1.0,1.0,0,1.0,1.0,2.6,3.25,2.75
2008,2009-01-31,KOL,WOB,1.0,1.0,0,1.0,1.0,3.5,3.3,2.1
2008,2009-01-31,HAN,SCH,1.0,0.0,1,3.0,0.0,3.0,3.25,2.37
2008,2009-01-31,HERT,EINF,2.0,1.0,1,3.0,0.0,1.72,3.5,5.0
2008,2009-01-31,HOF,COT,2.0,0.0,1,3.0,0.0,1.44,4.5,7.0
2008,2009-01-31,STU,MGL,2.0,0.0,1,3.0,0.0,1.4,4.5,8.0
2008,2009-01-30,HAM,BAY,1.0,0.0,1,3.0,0.0,3.8,3.4,2.0
2008,2008-12-14,HOF,SCH,1.0,1.0,0,1.0,1.0,2.1,3.4,3.1
2008,2008-12-13,BOC,KOL,1.0,2.0,-1,0.0,3.0,2.1,3.3,3.5
2008,2008-12-13,HAM,EINF,1.0,0.0,1,3.0,0.0,1.44,4.2,7.5
2008,2008-12-13,HAN,BIE,1.0,1.0,0,1.0,1.0,1.8,3.5,4.5
2008,2008-12-13,HERT,KAR,4.0,0.0,1,3.0,0.0,1.5,4.0,6.5
2008,2008-12-13,LEVK,COT,1.0,1.0,0,1.0,1.0,1.3,5.0,10.0
2008,2008-12-13,STU,BAY,2.0,2.0,0,1.0,1.0,3.8,3.3,2.0
2008,2008-12-13,WERB,WOB,2.0,1.0,1,3.0,0.0,2.05,3.5,3.4
2008,2008-12-12,DOR,MGL,2.0,1.0,1,3.0,0.0,1.44,4.2,7.5
2008,2008-12-07,KOL,HAM,1.0,2.0,-1,0.0,3.0,3.1,3.3,2.3
2008,2008-12-07,WOB,HAN,2.0,1.0,1,3.0,0.0,1.57,4.0,5.75
2008,2008-12-06,BIE,DOR,0.0,0.0,0,1.0,1.0,3.1,3.3,2.3
2008,2008-12-06,COT,STU,0.0,3.0,-1,0.0,3.0,3.3,3.25,2.2
2008,2008-12-06,EINF,BOC,4.0,0.0,1,3.0,0.0,2.1,3.3,3.5
2008,2008-12-06,KAR,WERB,1.0,0.0,1,3.0,0.0,5.0,3.6,1.7
2008,2008-12-06,MGL,LEVK,1.0,3.0,-1,0.0,3.0,4.75,3.5,1.75
2008,2008-12-06,SCH,HERT,1.0,0.0,1,3.0,0.0,1.83,3.4,4.33
2008,2008-12-05,BAY,HOF,2.0,1.0,1,3.0,0.0,1.62,3.8,5.5
2008,2008-11-30,BOC,HAM,1.0,1.0,0,1.0,1.0,3.3,3.25,2.2
2008,2008-11-30,DOR,WOB,0.0,0.0,0,1.0,1.0,2.2,3.3,3.25
2008,2008-11-30,STU,SCH,2.0,0.0,1,3.0,0.0,2.4,3.3,2.88
2008,2008-11-29,HAN,KAR,3.0,2.0,1,3.0,0.0,1.85,3.4,4.33
2008,2008-11-29,HOF,BIE,3.0,0.0,1,3.0,0.0,1.4,4.33,8.5
2008,2008-11-29,LEVK,BAY,0.0,2.0,-1,0.0,3.0,2.75,3.3,2.5
2008,2008-11-29,MGL,COT,1.0,3.0,-1,0.0,3.0,1.85,3.4,4.33
2008,2008-11-29,WERB,EINF,5.0,0.0,1,3.0,0.0,1.4,4.5,8.0
2008,2008-11-28,HERT,KOL,2.0,1.0,1,3.0,0.0,1.75,3.5,4.75
2008,2008-11-23,HAM,WERB,2.0,1.0,1,3.0,0.0,2.38,3.4,2.88
2008,2008-11-22,BAY,COT,4.0,1.0,1,3.0,0.0,1.17,7.0,15.0
2008,2008-11-22,BIE,LEVK,2.0,1.0,1,3.0,0.0,5.0,3.6,1.7
2008,2008-11-22,BOC,HERT,2.0,3.0,-1,0.0,3.0,2.62,3.3,2.62
2008,2008-11-22,EINF,HAN,4.0,0.0,1,3.0,0.0,2.25,3.4,3.1
2008,2008-11-22,KOL,HOF,1.0,3.0,-1,0.0,3.0,3.0,3.5,2.25
2008,2008-11-22,SCH,MGL,3.0,1.0,1,3.0,0.0,1.36,4.75,9.0
2008,2008-11-22,WOB,STU,4.0,1.0,1,3.0,0.0,2.0,3.4,3.75
2008,2008-11-21,KAR,DOR,0.0,1.0,-1,0.0,3.0,3.1,3.3,2.3
2008,2008-11-16,WERB,KOL,3.0,1.0,1,3.0,0.0,1.4,4.2,8.5
2008,2008-11-15,COT,KAR,1.0,0.0,1,3.0,0.0,2.3,3.3,3.1
2008,2008-11-15,DOR,EINF,4.0,0.0,1,3.0,0.0,1.65,3.75,5.5
2008,2008-11-15,HERT,HAM,2.0,1.0,1,3.0,0.0,2.5,3.3,2.75
2008,2008-11-15,HOF,WOB,3.0,2.0,1,3.0,0.0,2.05,3.4,3.5
2008,2008-11-15,LEVK,SCH,2.0,1.0,1,3.0,0.0,2.25,3.25,3.2
2008,2008-11-15,MGL,BAY,2.0,2.0,0,1.0,1.0,6.5,4.0,1.5
2008,2008-11-15,STU,BIE,0.0,0.0,0,1.0,1.0,1.36,4.5,9.0
2008,2008-11-14,HAN,BOC,1.0,1.0,0,1.0,1.0,1.91,3.3,4.0
2008,2008-11-09,EINF,STU,2.0,2.0,0,1.0,1.0,3.1,3.3,2.3
2008,2008-11-09,HERT,HOF,1.0,0.0,1,3.0,0.0,2.7,3.4,2.5
2008,2008-11-09,SCH,BAY,1.0,2.0,-1,0.0,3.0,2.8,3.3,2.5
2008,2008-11-08,BIE,MGL,0.0,2.0,-1,0.0,3.0,2.1,3.3,3.5
2008,2008-11-08,BOC,WERB,0.0,0.0,0,1.0,1.0,4.33,3.6,1.8
2008,2008-11-08,HAM,DOR,2.0,1.0,1,3.0,0.0,1.8,3.5,4.5
2008,2008-11-08,KAR,LEVK,3.0,3.0,0,1.0,1.0,5.0,3.5,1.73
2008,2008-11-08,WOB,COT,3.0,0.0,1,3.0,0.0,1.25,5.5,12.0
2008,2008-11-07,KOL,HAN,2.0,1.0,1,3.0,0.0,2.3,3.3,3.1
2008,2008-11-02,DOR,BOC,1.0,1.0,0,1.0,1.0,1.55,3.8,6.25
2008,2008-11-02,MGL,EINF,1.0,2.0,-1,0.0,3.0,2.1,3.3,3.5
2008,2008-11-01,BAY,BIE,3.0,1.0,1,3.0,0.0,1.17,7.0,15.0
2008,2008-11-01,COT,SCH,0.0,2.0,-1,0.0,3.0,4.5,3.5,1.8
2008,2008-11-01,HAN,HAM,3.0,0.0,1,3.0,0.0,3.25,3.4,2.15
2008,2008-11-01,HOF,KAR,4.0,1.0,1,3.0,0.0,1.5,4.0,6.5
2008,2008-11-01,STU,KOL,1.0,3.0,-1,0.0,3.0,1.53,3.8,6.5
2008,2008-11-01,WERB,HERT,5.0,1.0,1,3.0,0.0,1.75,3.5,4.75
2008,2008-10-31,LEVK,WOB,2.0,0.0,1,3.0,0.0,1.8,3.4,4.2
2008,2008-10-29,BOC,HOF,1.0,3.0,-1,0.0,3.0,3.2,3.4,2.2
2008,2008-10-29,EINF,BAY,1.0,2.0,-1,0.0,3.0,6.5,3.75,1.57
2008,2008-10-29,KOL,DOR,0.0,1.0,-1,0.0,3.0,2.62,3.3,2.6
2008,2008-10-29,HAM,STU,2.0,0.0,1,3.0,0.0,2.1,3.3,3.5
2008,2008-10-29,HERT,HAN,3.0,0.0,1,3.0,0.0,2.0,3.3,3.8
2008,2008-10-28,BIE,COT,1.0,1.0,0,1.0,1.0,1.91,3.4,4.2
2008,2008-10-28,KAR,SCH,0.0,3.0,-1,0.0,3.0,4.0,3.4,1.83
2008,2008-10-28,WERB,LEVK,0.0,2.0,-1,0.0,3.0,2.1,3.3,3.5
2008,2008-10-28,WOB,MGL,3.0,0.0,1,3.0,0.0,1.5,4.0,7.0
2008,2008-10-26,DOR,HERT,1.0,1.0,0,1.0,1.0,2.05,3.3,3.6
2008,2008-10-26,HOF,HAM,3.0,0.0,1,3.0,0.0,2.6,3.4,2.6
2008,2008-10-26,STU,BOC,2.0,0.0,1,3.0,0.0,1.44,4.2,7.5
2008,2008-10-25,BAY,WOB,4.0,2.0,1,3.0,0.0,1.57,3.8,5.75
2008,2008-10-25,COT,EINF,2.0,3.0,-1,0.0,3.0,2.3,3.25,3.1
2008,2008-10-25,HAN,WERB,1.0,1.0,0,1.0,1.0,3.4,3.4,2.1
2008,2008-10-25,MGL,KAR,1.0,0.0,1,3.0,0.0,2.2,3.3,3.25
2008,2008-10-25,SCH,BIE,0.0,0.0,0,1.0,1.0,1.3,5.25,10.0
2008,2008-10-24,LEVK,KOL,2.0,0.0,1,3.0,0.0,1.53,4.0,6.5
2008,2008-10-22,EINF,KAR,2.0,1.0,1,3.0,0.0,2.1,3.3,3.5
2008,2008-10-19,HAM,SCH,1.0,1.0,0,1.0,1.0,2.25,3.25,3.2
2008,2008-10-18,EINF,LEVK,0.0,2.0,-1,0.0,3.0,3.6,3.4,2.0
2008,2008-10-18,KOL,COT,1.0,0.0,1,3.0,0.0,1.91,3.3,4.2
2008,2008-10-18,HAN,HOF,2.0,5.0,-1,0.0,3.0,2.35,3.4,2.88
2008,2008-10-18,HERT,STU,2.0,1.0,1,3.0,0.0,2.5,3.3,2.75
2008,2008-10-18,KAR,BAY,0.0,1.0,-1,0.0,3.0,5.5,3.75,1.62
2008,2008-10-18,WERB,DOR,3.0,3.0,0,1.0,1.0,1.73,3.6,4.75
2008,2008-10-18,WOB,BIE,4.0,1.0,1,3.0,0.0,1.5,4.0,6.75
2008,2008-10-17,BOC,MGL,2.0,2.0,0,1.0,1.0,1.91,3.4,4.0
2008,2008-10-05,COT,HAM,1.0,2.0,-1,0.0,3.0,3.75,3.4,2.0
2008,2008-10-05,DOR,HAN,1.0,1.0,0,1.0,1.0,1.85,3.5,4.33
2008,2008-10-05,SCH,WOB,2.0,2.0,0,1.0,1.0,1.8,3.5,4.5
2008,2008-10-04,BAY,BOC,3.0,3.0,0,1.0,1.0,1.25,5.5,12.0
2008,2008-10-04,HOF,EINF,2.0,1.0,1,3.0,0.0,1.7,3.6,4.75
2008,2008-10-04,LEVK,HERT,0.0,1.0,-1,0.0,3.0,1.62,3.6,6.0
2008,2008-10-04,MGL,KOL,1.0,2.0,-1,0.0,3.0,2.25,3.3,3.2
2008,2008-10-04,STU,WERB,4.0,1.0,1,3.0,0.0,2.5,3.4,2.7
2008,2008-10-03,BIE,KAR,1.0,2.0,-1,0.0,3.0,2.25,3.25,3.2
2008,2008-09-28,EINF,BIE,1.0,1.0,0,1.0,1.0,1.95,3.3,4.0
2008,2008-09-28,KAR,WOB,2.0,1.0,1,3.0,0.0,3.1,3.3,2.3
2008,2008-09-27,BOC,LEVK,2.0,3.0,-1,0.0,3.0,3.5,3.3,2.1
2008,2008-09-27,DOR,STU,3.0,0.0,1,3.0,0.0,2.38,3.3,2.9
2008,2008-09-27,HAM,MGL,1.0,0.0,1,3.0,0.0,1.44,4.2,7.5
2008,2008-09-27,HAN,BAY,1.0,0.0,1,3.0,0.0,7.0,3.8,1.5
2008,2008-09-27,HERT,COT,0.0,1.0,-1,0.0,3.0,1.57,3.75,6.0
2008,2008-09-27,WERB,HOF,5.0,4.0,1,3.0,0.0,1.44,4.33,7.0
2008,2008-09-26,KOL,SCH,1.0,0.0,1,3.0,0.0,4.75,3.75,1.73
2008,2008-09-21,HOF,DOR,4.0,1.0,1,3.0,0.0,2.5,3.25,2.8
2008,2008-09-21,STU,KAR,3.0,1.0,1,3.0,0.0,1.57,3.8,6.0
2008,2008-09-21,WOB,HAM,3.0,0.0,1,3.0,0.0,2.4,3.3,2.9
2008,2008-09-20,BAY,WERB,2.0,5.0,-1,0.0,3.0,1.73,3.5,5.0
2008,2008-09-20,BIE,KOL,2.0,0.0,1,3.0,0.0,2.3,3.3,3.1
2008,2008-09-20,COT,BOC,1.0,1.0,0,1.0,1.0,2.4,3.3,2.9
2008,2008-09-20,MGL,HERT,0.0,1.0,-1,0.0,3.0,2.4,3.3,2.9
2008,2008-09-20,SCH,EINF,1.0,0.0,1,3.0,0.0,1.44,4.2,7.5
2008,2008-09-19,LEVK,HAN,4.0,0.0,1,3.0,0.0,1.67,3.6,5.25
2008,2008-09-14,BOC,BIE,2.0,0.0,1,3.0,0.0,1.91,3.4,4.0
2008,2008-09-14,HAN,MGL,5.0,1.0,1,3.0,0.0,2.0,3.4,3.75
2008,2008-09-13,DOR,SCH,3.0,3.0,0,1.0,1.0,2.6,3.25,2.7
2008,2008-09-13,KOL,BAY,0.0,3.0,-1,0.0,3.0,5.5,3.8,1.62
2008,2008-09-13,HAM,LEVK,3.0,2.0,1,3.0,0.0,2.05,3.4,3.6
2008,2008-09-13,HERT,WOB,2.0,2.0,0,1.0,1.0,2.3,3.3,3.1
2008,2008-09-13,HOF,STU,0.0,0.0,0,1.0,1.0,3.0,3.3,2.38
2008,2008-09-13,WERB,COT,3.0,0.0,1,3.0,0.0,1.29,5.0,11.0
2008,2008-08-31,BAY,HERT,4.0,1.0,1,3.0,0.0,1.36,4.5,9.0
2008,2008-08-31,STU,HAN,2.0,0.0,1,3.0,0.0,1.8,3.5,4.5
2008,2008-08-30,BIE,HAM,2.0,4.0,-1,0.0,3.0,3.8,3.3,2.0
2008,2008-08-30,COT,DOR,0.0,1.0,-1,0.0,3.0,3.5,3.3,2.1
2008,2008-08-30,LEVK,HOF,5.0,2.0,1,3.0,0.0,1.73,3.75,4.5
2008,2008-08-30,MGL,WERB,3.0,2.0,1,3.0,0.0,4.33,3.5,1.83
2008,2008-08-30,SCH,BOC,1.0,0.0,1,3.0,0.0,1.4,4.33,8.5
2008,2008-08-30,WOB,EINF,2.0,2.0,0,1.0,1.0,1.67,3.6,5.25
2008,2008-08-29,KAR,KOL,0.0,2.0,-1,0.0,3.0,2.1,3.3,3.5
2008,2008-08-24,BOC,WOB,2.0,2.0,0,1.0,1.0,2.88,3.3,2.4
2008,2008-08-24,KOL,EINF,1.0,1.0,0,1.0,1.0,2.25,3.3,3.1
2008,2008-08-23,DOR,BAY,1.0,1.0,0,1.0,1.0,3.4,3.25,2.15
2008,2008-08-23,HAM,KAR,2.0,1.0,1,3.0,0.0,1.4,4.33,8.5
2008,2008-08-23,HERT,BIE,1.0,1.0,0,1.0,1.0,1.67,3.6,5.5
2008,2008-08-23,HOF,MGL,1.0,0.0,1,3.0,0.0,2.05,3.3,3.6
2008,2008-08-23,STU,LEVK,0.0,2.0,-1,0.0,3.0,1.91,3.4,4.0
2008,2008-08-23,WERB,SCH,1.0,1.0,0,1.0,1.0,2.0,3.3,3.8
2008,2008-08-22,HAN,COT,0.0,0.0,0,1.0,1.0,1.62,3.6,6.0
2008,2008-08-17,EINF,HERT,0.0,2.0,-1,0.0,3.0,2.35,3.3,3.0
2008,2008-08-17,MGL,STU,1.0,3.0,-1,0.0,3.0,2.75,3.3,2.5
2008,2008-08-16,BIE,WERB,2.0,2.0,0,1.0,1.0,4.5,3.5,1.8
2008,2008-08-16,COT,HOF,0.0,3.0,-1,0.0,3.0,2.4,3.3,2.9
2008,2008-08-16,KAR,BOC,1.0,0.0,1,3.0,0.0,2.2,3.3,3.25
2008,2008-08-16,LEVK,DOR,2.0,3.0,-1,0.0,3.0,2.05,3.3,3.6
2008,2008-08-16,SCH,HAN,3.0,0.0,1,3.0,0.0,1.57,3.8,6.0
2008,2008-08-16,WOB,KOL,2.0,1.0,1,3.0,0.0,1.62,3.6,6.0
2008,2008-08-15,BAY,HAM,2.0,2.0,0,1.0,1.0,1.57,3.8,6.0
2007,2008-05-17,BAY,HERT,4.0,1.0,1,3.0,0.0,1.4,4.5,8.0
2007,2008-05-17,BOC,HANR,1.0,2.0,-1,0.0,3.0,1.53,4.0,6.0
2007,2008-05-17,DOR,WOB,2.0,4.0,-1,0.0,3.0,3.4,3.5,2.05
2007,2008-05-17,EINF,DUI,4.0,2.0,1,3.0,0.0,1.57,4.0,5.5
2007,2008-05-17,HAM,KAR,7.0,0.0,1,3.0,0.0,1.36,4.75,8.5
2007,2008-05-17,HAN,COT,4.0,0.0,1,3.0,0.0,1.66,3.75,5.0
2007,2008-05-17,LEVK,WERB,0.0,1.0,-1,0.0,3.0,2.5,3.5,2.62
2007,2008-05-17,NUR,SCH,0.0,2.0,-1,0.0,3.0,2.4,3.75,2.62
2007,2008-05-17,STU,BIE,2.0,2.0,0,1.0,1.0,1.55,4.2,5.5
2007,2008-05-10,BIE,DOR,2.0,2.0,0,1.0,1.0,1.7,3.75,4.75
2007,2008-05-10,COT,HAM,2.0,0.0,1,3.0,0.0,3.1,3.3,2.25
2007,2008-05-10,DUI,BAY,2.0,3.0,-1,0.0,3.0,3.6,3.5,2.0
2007,2008-05-10,HANR,LEVK,1.0,2.0,-1,0.0,3.0,4.2,3.5,1.83
2007,2008-05-10,HERT,NUR,1.0,0.0,1,3.0,0.0,3.1,3.3,2.25
2007,2008-05-10,KAR,BOC,1.0,3.0,-1,0.0,3.0,2.15,3.3,3.4
2007,2008-05-10,SCH,EINF,1.0,0.0,1,3.0,0.0,1.28,5.25,10.0
2007,2008-05-10,WERB,HAN,6.0,1.0,1,3.0,0.0,1.36,4.5,9.0
2007,2008-05-10,WOB,STU,4.0,0.0,1,3.0,0.0,2.5,3.3,2.75
2007,2008-05-07,BAY,BIE,2.0,0.0,1,3.0,0.0,1.4,4.5,8.0
2007,2008-05-07,EINF,WOB,2.0,3.0,-1,0.0,3.0,2.3,3.25,3.1
2007,2008-05-07,HAM,WERB,0.0,1.0,-1,0.0,3.0,2.4,3.3,2.87
2007,2008-05-07,LEVK,HERT,1.0,2.0,-1,0.0,3.0,1.53,3.8,6.5
2007,2008-05-07,NUR,DUI,2.0,0.0,1,3.0,0.0,1.75,3.6,4.75
2007,2008-05-06,BOC,SCH,0.0,3.0,-1,0.0,3.0,4.0,3.3,1.85
2007,2008-05-06,DOR,STU,3.0,2.0,1,3.0,0.0,3.1,3.3,2.2
2007,2008-05-06,HAN,HANR,3.0,0.0,1,3.0,0.0,1.9,3.3,4.0
2007,2008-05-06,KAR,COT,1.0,1.0,0,1.0,1.0,2.25,3.3,3.2
2007,2008-05-04,DUI,LEVK,3.0,2.0,1,3.0,0.0,3.3,3.25,2.2
2007,2008-05-04,WOB,BAY,0.0,0.0,0,1.0,1.0,3.3,3.25,2.2
2007,2008-05-03,BIE,BOC,2.0,0.0,1,3.0,0.0,1.83,3.6,4.2
2007,2008-05-03,HANR,HAM,1.0,3.0,-1,0.0,3.0,3.4,3.25,2.15
2007,2008-05-03,HERT,KAR,3.0,1.0,1,3.0,0.0,1.9,3.4,4.0
2007,2008-05-03,SCH,HAN,1.0,1.0,0,1.0,1.0,1.44,4.2,7.5
2007,2008-05-03,STU,EINF,4.0,1.0,1,3.0,0.0,1.61,3.75,5.5
2007,2008-05-03,WERB,COT,2.0,0.0,1,3.0,0.0,1.3,5.0,10.0
2007,2008-05-02,DOR,NUR,0.0,0.0,0,1.0,1.0,2.25,3.3,3.1
2007,2008-04-27,BAY,STU,4.0,1.0,1,3.0,0.0,1.75,3.5,4.75
2007,2008-04-27,LEVK,WOB,2.0,2.0,0,1.0,1.0,1.72,3.6,4.75
2007,2008-04-26,BOC,DUI,1.0,1.0,0,1.0,1.0,2.1,3.3,3.5
2007,2008-04-26,COT,HANR,2.0,1.0,1,3.0,0.0,2.2,3.25,3.25
2007,2008-04-26,HAM,SCH,0.0,1.0,-1,0.0,3.0,2.4,3.25,2.9
2007,2008-04-26,HAN,HERT,2.0,2.0,0,1.0,1.0,2.1,3.3,3.5
2007,2008-04-26,KAR,WERB,3.0,3.0,0,1.0,1.0,4.5,3.5,1.8
2007,2008-04-26,NUR,BIE,2.0,2.0,0,1.0,1.0,1.75,3.5,4.75
2007,2008-04-25,EINF,DOR,1.0,1.0,0,1.0,1.0,2.25,3.4,3.1
2007,2008-04-20,NUR,WOB,1.0,0.0,1,3.0,0.0,2.2,3.3,3.4
2007,2008-04-16,BIE,LEVK,1.0,0.0,1,3.0,0.0,3.1,3.25,2.3
2007,2008-04-16,DOR,HAN,1.0,3.0,-1,0.0,3.0,2.1,3.4,3.4
2007,2008-04-16,DUI,KAR,0.0,1.0,-1,0.0,3.0,2.1,3.3,3.5
2007,2008-04-16,EINF,BAY,1.0,3.0,-1,0.0,3.0,4.33,3.4,1.85
2007,2008-04-16,STU,NUR,3.0,0.0,1,3.0,0.0,1.8,3.5,4.5
2007,2008-04-15,HANR,WERB,1.0,2.0,-1,0.0,3.0,4.75,3.6,1.72
2007,2008-04-15,HERT,HAM,0.0,0.0,0,1.0,1.0,2.75,3.3,2.5
2007,2008-04-15,SCH,COT,5.0,0.0,1,3.0,0.0,1.4,4.33,8.5
2007,2008-04-15,WOB,BOC,0.0,1.0,-1,0.0,3.0,1.85,3.5,4.2
2007,2008-04-13,BAY,DOR,5.0,0.0,1,3.0,0.0,1.4,4.33,8.5
2007,2008-04-13,LEVK,STU,3.0,0.0,1,3.0,0.0,2.25,3.25,3.2
2007,2008-04-12,BOC,HERT,1.0,1.0,0,1.0,1.0,2.25,3.25,3.2
2007,2008-04-12,COT,BIE,1.0,0.0,1,3.0,0.0,2.2,3.25,3.3
2007,2008-04-12,HAM,DUI,0.0,1.0,-1,0.0,3.0,1.36,4.33,10.0
2007,2008-04-12,HAN,EINF,2.0,1.0,1,3.0,0.0,2.1,3.3,3.5
2007,2008-04-12,KAR,HANR,1.0,2.0,-1,0.0,3.0,1.95,3.4,3.8
2007,2008-04-12,WERB,SCH,5.0,1.0,1,3.0,0.0,2.0,3.3,3.75
2007,2008-04-06,BAY,BOC,3.0,1.0,1,3.0,0.0,1.25,5.5,12.0
2007,2008-04-06,DOR,LEVK,2.0,1.0,1,3.0,0.0,2.5,3.3,2.75
2007,2008-04-05,BIE,KAR,1.0,0.0,1,3.0,0.0,2.3,3.25,3.1
2007,2008-04-05,EINF,NUR,1.0,3.0,-1,0.0,3.0,2.15,3.3,3.4
2007,2008-04-05,HERT,WERB,1.0,2.0,-1,0.0,3.0,3.2,3.25,2.25
2007,2008-04-05,SCH,HANR,1.0,0.0,1,3.0,0.0,1.33,4.75,9.5
2007,2008-04-05,STU,HAM,1.0,0.0,1,3.0,0.0,2.25,3.25,3.25
2007,2008-04-05,WOB,HAN,3.0,2.0,1,3.0,0.0,1.9,3.4,4.0
2007,2008-04-04,DUI,COT,0.0,1.0,-1,0.0,3.0,2.15,3.3,3.4
2007,2008-03-30,COT,HERT,2.0,1.0,1,3.0,0.0,2.5,3.25,2.8
2007,2008-03-30,HAN,STU,0.0,0.0,0,1.0,1.0,2.8,3.3,2.45
2007,2008-03-29,BOC,DOR,3.0,3.0,0,1.0,1.0,2.45,3.3,2.8
2007,2008-03-29,HAM,BIE,1.0,1.0,0,1.0,1.0,1.33,4.75,9.5
2007,2008-03-29,KAR,SCH,0.0,0.0,0,1.0,1.0,3.0,3.25,2.37
2007,2008-03-29,LEVK,EINF,0.0,2.0,-1,0.0,3.0,1.57,3.8,6.0
2007,2008-03-29,NUR,BAY,1.0,1.0,0,1.0,1.0,6.0,3.8,1.57
2007,2008-03-29,WERB,DUI,1.0,2.0,-1,0.0,3.0,1.28,5.25,11.0
2007,2008-03-28,HANR,WOB,0.0,1.0,-1,0.0,3.0,2.6,3.25,2.7
2007,2008-03-23,BIE,WERB,1.0,1.0,0,1.0,1.0,4.33,3.5,1.83
2007,2008-03-23,HERT,SCH,1.0,2.0,-1,0.0,3.0,3.1,3.3,2.3
2007,2008-03-22,BAY,LEVK,2.0,1.0,1,3.0,0.0,1.57,3.75,6.0
2007,2008-03-22,DOR,KAR,1.0,1.0,0,1.0,1.0,2.0,3.4,3.7
2007,2008-03-22,DUI,HAN,1.0,1.0,0,1.0,1.0,2.75,3.3,2.5
2007,2008-03-22,NUR,BOC,1.0,1.0,0,1.0,1.0,1.9,3.4,4.0
2007,2008-03-22,STU,HANR,4.0,1.0,1,3.0,0.0,1.44,4.2,7.5
2007,2008-03-22,WOB,HAM,1.0,1.0,0,1.0,1.0,2.87,3.3,2.4
2007,2008-03-20,EINF,COT,2.0,1.0,1,3.0,0.0,1.72,3.4,4.5
2007,2008-03-16,LEVK,NUR,4.0,1.0,1,3.0,0.0,1.61,3.75,5.5
2007,2008-03-16,WERB,WOB,0.0,1.0,-1,0.0,3.0,1.61,3.75,5.5
2007,2008-03-15,BOC,STU,1.0,1.0,0,1.0,1.0,3.1,3.3,2.3
2007,2008-03-15,COT,BAY,2.0,0.0,1,3.0,0.0,9.0,4.5,1.36
2007,2008-03-15,HAM,DOR,1.0,0.0,1,3.0,0.0,1.72,3.5,5.0
2007,2008-03-15,HAN,BIE,2.0,2.0,0,1.0,1.0,1.72,3.5,5.0
2007,2008-03-15,HANR,HERT,0.0,0.0,0,1.0,1.0,2.5,3.25,2.8
2007,2008-03-15,KAR,EINF,0.0,1.0,-1,0.0,3.0,2.1,3.3,3.5
2007,2008-03-14,SCH,DUI,2.0,1.0,1,3.0,0.0,1.33,4.75,10.0
2007,2008-03-11,COT,STU,0.0,1.0,-1,0.0,3.0,3.5,3.3,2.1
2007,2008-03-09,LEVK,HAN,2.0,0.0,1,3.0,0.0,1.72,3.5,5.0
2007,2008-03-09,NUR,HAM,0.0,0.0,0,1.0,1.0,3.25,3.25,2.2
2007,2008-03-08,BAY,KAR,2.0,0.0,1,3.0,0.0,1.3,5.0,10.0
2007,2008-03-08,BIE,SCH,0.0,2.0,-1,0.0,3.0,3.75,3.4,2.0
2007,2008-03-08,DUI,HANR,1.0,1.0,0,1.0,1.0,2.2,3.25,3.25
2007,2008-03-08,EINF,BOC,1.0,1.0,0,1.0,1.0,2.0,3.4,3.75
2007,2008-03-08,STU,WERB,6.0,3.0,1,3.0,0.0,2.4,3.3,2.9
2007,2008-03-08,WOB,COT,3.0,0.0,1,3.0,0.0,1.66,3.6,5.25
2007,2008-03-07,DOR,HERT,1.0,1.0,0,1.0,1.0,2.0,3.4,3.75
2007,2008-03-02,BOC,LEVK,2.0,0.0,1,3.0,0.0,3.25,3.3,2.2
2007,2008-03-02,HAM,EINF,4.0,1.0,1,3.0,0.0,1.61,3.75,5.5
2007,2008-03-01,HAN,NUR,2.0,1.0,1,3.0,0.0,2.0,3.3,3.8
2007,2008-03-01,HANR,BIE,1.0,1.0,0,1.0,1.0,1.9,3.4,4.0
2007,2008-03-01,KAR,WOB,3.0,1.0,1,3.0,0.0,2.35,3.3,3.0
2007,2008-03-01,SCH,BAY,0.0,1.0,-1,0.0,3.0,3.1,3.25,2.3
2007,2008-03-01,WERB,DOR,2.0,0.0,1,3.0,0.0,1.8,3.5,4.5
2007,2008-02-29,HERT,DUI,2.0,0.0,1,3.0,0.0,1.66,3.5,5.5
2007,2008-02-24,BAY,HAM,1.0,1.0,0,1.0,1.0,1.61,3.75,5.5
2007,2008-02-24,NUR,COT,1.0,1.0,0,1.0,1.0,1.8,3.4,4.75
2007,2008-02-23,BIE,DUI,0.0,2.0,-1,0.0,3.0,2.0,3.3,3.8
2007,2008-02-23,DOR,HANR,1.0,0.0,1,3.0,0.0,1.61,3.6,6.0
2007,2008-02-23,EINF,WERB,1.0,0.0,1,3.0,0.0,3.75,3.4,2.0
2007,2008-02-23,LEVK,SCH,1.0,0.0,1,3.0,0.0,2.5,3.25,2.8
2007,2008-02-23,STU,KAR,3.0,1.0,1,3.0,0.0,1.72,3.5,5.0
2007,2008-02-23,WOB,HERT,0.0,0.0,0,1.0,1.0,1.9,3.4,4.0
2007,2008-02-22,BOC,HAN,2.0,1.0,1,3.0,0.0,2.5,3.25,2.8
2007,2008-02-17,HAM,BOC,3.0,0.0,1,3.0,0.0,1.5,4.0,7.0
2007,2008-02-17,HAN,BAY,0.0,3.0,-1,0.0,3.0,4.5,3.7,1.75
2007,2008-02-16,COT,DOR,0.0,2.0,-1,0.0,3.0,2.75,3.3,2.5
2007,2008-02-16,DUI,STU,2.0,3.0,-1,0.0,3.0,3.2,3.25,2.25
2007,2008-02-16,HANR,EINF,1.0,0.0,1,3.0,0.0,2.7,3.2,2.62
2007,2008-02-16,HERT,BIE,1.0,0.0,1,3.0,0.0,1.61,3.75,5.5
2007,2008-02-16,KAR,LEVK,2.0,2.0,0,1.0,1.0,2.8,3.4,2.4
2007,2008-02-16,WERB,NUR,2.0,0.0,1,3.0,0.0,1.4,4.5,7.5
2007,2008-02-15,SCH,WOB,1.0,2.0,-1,0.0,3.0,1.57,3.75,6.0
2007,2008-02-10,BAY,WERB,1.0,1.0,0,1.0,1.0,1.72,3.5,5.0
2007,2008-02-10,DOR,SCH,2.0,3.0,-1,0.0,3.0,2.7,3.25,2.6
2007,2008-02-09,BOC,COT,3.0,3.0,0,1.0,1.0,1.9,3.4,4.0
2007,2008-02-09,HAN,KAR,2.0,2.0,0,1.0,1.0,1.9,3.4,4.0
2007,2008-02-09,LEVK,HAM,1.0,1.0,0,1.0,1.0,2.25,3.3,3.1
2007,2008-02-09,NUR,HANR,1.0,1.0,0,1.0,1.0,1.72,3.5,5.0
2007,2008-02-09,STU,HERT,1.0,3.0,-1,0.0,3.0,1.66,3.6,5.25
2007,2008-02-09,WOB,DUI,2.0,1.0,1,3.0,0.0,1.57,3.8,6.0
2007,2008-02-08,EINF,BIE,2.0,1.0,1,3.0,0.0,1.72,3.6,4.75
2007,2008-02-03,SCH,STU,4.0,1.0,1,3.0,0.0,1.9,3.4,4.0
2007,2008-02-03,WERB,BOC,1.0,2.0,-1,0.0,3.0,1.33,5.0,9.0
2007,2008-02-02,BIE,WOB,0.0,1.0,-1,0.0,3.0,2.4,3.3,2.9
2007,2008-02-02,COT,LEVK,2.0,3.0,-1,0.0,3.0,3.75,3.4,2.0
2007,2008-02-02,DUI,DOR,3.0,3.0,0,1.0,1.0,3.1,3.25,2.3
2007,2008-02-02,HAM,HAN,1.0,1.0,0,1.0,1.0,1.66,3.5,5.5
2007,2008-02-02,HERT,EINF,0.0,3.0,-1,0.0,3.0,2.0,3.3,3.75
2007,2008-02-02,KAR,NUR,2.0,0.0,1,3.0,0.0,2.3,3.25,3.1
2007,2008-02-01,HANR,BAY,1.0,2.0,-1,0.0,3.0,7.5,4.2,1.44
2007,2007-12-16,DUI,EINF,0.0,1.0,-1,0.0,3.0,2.5,3.25,2.8
2007,2007-12-16,HANR,BOC,2.0,0.0,1,3.0,0.0,2.4,3.3,2.9
2007,2007-12-15,BIE,STU,2.0,0.0,1,3.0,0.0,3.8,3.3,2.0
2007,2007-12-15,HERT,BAY,0.0,0.0,0,1.0,1.0,5.5,3.8,1.61
2007,2007-12-15,KAR,HAM,1.0,1.0,0,1.0,1.0,3.2,3.25,2.25
2007,2007-12-15,SCH,NUR,2.0,1.0,1,3.0,0.0,1.5,4.0,6.75
2007,2007-12-15,WERB,LEVK,5.0,2.0,1,3.0,0.0,1.95,3.5,3.75
2007,2007-12-15,WOB,DOR,4.0,0.0,1,3.0,0.0,2.4,3.3,2.9
2007,2007-12-14,COT,HAN,5.0,1.0,1,3.0,0.0,2.9,3.3,2.4
2007,2007-12-09,LEVK,HANR,3.0,0.0,1,3.0,0.0,1.3,5.0,11.0
2007,2007-12-09,NUR,HERT,2.0,1.0,1,3.0,0.0,2.2,3.3,3.25
2007,2007-12-08,BAY,DUI,0.0,0.0,0,1.0,1.0,1.14,7.5,17.0
2007,2007-12-08,BOC,KAR,2.0,2.0,0,1.0,1.0,2.15,3.3,3.4
2007,2007-12-08,EINF,SCH,2.0,2.0,0,1.0,1.0,3.4,3.3,2.15
2007,2007-12-08,HAM,COT,0.0,0.0,0,1.0,1.0,1.28,5.25,11.0
2007,2007-12-08,HAN,WERB,4.0,3.0,1,3.0,0.0,3.25,3.3,2.2
2007,2007-12-08,STU,WOB,3.0,1.0,1,3.0,0.0,1.66,3.6,5.25
2007,2007-12-07,DOR,BIE,6.0,1.0,1,3.0,0.0,1.61,3.75,5.5
2007,2007-12-02,BIE,BAY,0.0,1.0,-1,0.0,3.0,7.0,4.33,1.44
2007,2007-12-02,DUI,NUR,1.0,0.0,1,3.0,0.0,2.6,3.3,2.62
2007,2007-12-01,COT,KAR,2.0,0.0,1,3.0,0.0,2.62,3.25,2.62
2007,2007-12-01,HERT,LEVK,0.0,3.0,-1,0.0,3.0,2.5,3.3,2.75
2007,2007-12-01,SCH,BOC,1.0,0.0,1,3.0,0.0,1.44,4.2,7.5
2007,2007-12-01,STU,DOR,1.0,2.0,-1,0.0,3.0,1.66,3.6,5.5
2007,2007-12-01,WERB,HAM,2.0,1.0,1,3.0,0.0,2.2,3.25,3.3
2007,2007-12-01,WOB,EINF,2.0,2.0,0,1.0,1.0,1.83,3.4,4.5
2007,2007-11-30,HANR,HAN,0.0,3.0,-1,0.0,3.0,2.75,3.3,2.5
2007,2007-11-25,HAM,HANR,2.0,0.0,1,3.0,0.0,1.33,4.5,11.0
2007,2007-11-25,NUR,DOR,2.0,0.0,1,3.0,0.0,2.5,3.25,2.8
2007,2007-11-24,BAY,WOB,2.0,1.0,1,3.0,0.0,1.22,5.75,14.0
2007,2007-11-24,BOC,BIE,3.0,0.0,1,3.0,0.0,1.85,3.4,4.33
2007,2007-11-24,COT,WERB,0.0,2.0,-1,0.0,3.0,5.75,3.7,1.61
2007,2007-11-24,EINF,STU,1.0,4.0,-1,0.0,3.0,2.75,3.3,2.5
2007,2007-11-24,HAN,SCH,2.0,3.0,-1,0.0,3.0,2.65,3.3,2.6
2007,2007-11-24,LEVK,DUI,4.0,1.0,1,3.0,0.0,1.36,4.5,9.0
2007,2007-11-23,KAR,HERT,2.0,1.0,1,3.0,0.0,2.25,3.2,3.2
2007,2007-11-11,BIE,NUR,3.0,1.0,1,3.0,0.0,2.5,3.25,2.8
2007,2007-11-11,WOB,LEVK,1.0,2.0,-1,0.0,3.0,2.4,3.3,2.9
2007,2007-11-10,DOR,EINF,1.0,1.0,0,1.0,1.0,1.85,3.4,4.33
2007,2007-11-10,HANR,COT,3.0,2.0,1,3.0,0.0,2.0,3.3,3.75
2007,2007-11-10,HERT,HAN,1.0,0.0,1,3.0,0.0,2.15,3.3,3.4
2007,2007-11-10,SCH,HAM,1.0,1.0,0,1.0,1.0,2.37,3.25,3.0
2007,2007-11-10,STU,BAY,3.0,1.0,1,3.0,0.0,4.33,3.6,1.8
2007,2007-11-10,WERB,KAR,4.0,0.0,1,3.0,0.0,1.44,4.33,7.0
2007,2007-11-09,DUI,BOC,0.0,2.0,-1,0.0,3.0,2.4,3.2,3.0
2007,2007-11-04,BOC,WOB,5.0,3.0,1,3.0,0.0,2.4,3.3,2.87
2007,2007-11-04,KAR,DUI,1.0,0.0,1,3.0,0.0,1.8,3.5,4.5
2007,2007-11-03,BAY,EINF,0.0,0.0,0,1.0,1.0,1.2,6.0,15.0
2007,2007-11-03,HAM,HERT,2.0,1.0,1,3.0,0.0,1.61,3.75,5.5
2007,2007-11-03,HAN,DOR,2.0,1.0,1,3.0,0.0,2.3,3.4,3.0
2007,2007-11-03,LEVK,BIE,4.0,0.0,1,3.0,0.0,1.53,4.0,6.0
2007,2007-11-03,NUR,STU,0.0,1.0,-1,0.0,3.0,2.5,3.3,2.75
2007,2007-11-03,WERB,HANR,1.0,0.0,1,3.0,0.0,1.3,5.0,10.0
2007,2007-11-02,COT,SCH,1.0,0.0,1,3.0,0.0,5.25,3.6,1.66
2007,2007-10-28,DOR,BAY,0.0,0.0,0,1.0,1.0,5.0,3.5,1.72
2007,2007-10-28,DUI,HAM,0.0,1.0,-1,0.0,3.0,4.0,3.4,1.9
2007,2007-10-27,BIE,COT,1.0,1.0,0,1.0,1.0,1.85,3.5,4.2
2007,2007-10-27,HANR,KAR,0.0,0.0,0,1.0,1.0,2.4,3.3,2.87
2007,2007-10-27,HERT,BOC,2.0,0.0,1,3.0,0.0,1.8,3.5,4.5
2007,2007-10-27,SCH,WERB,1.0,1.0,0,1.0,1.0,2.25,3.4,3.1
2007,2007-10-27,STU,LEVK,1.0,0.0,1,3.0,0.0,2.3,3.4,3.0
2007,2007-10-27,WOB,NUR,3.0,1.0,1,3.0,0.0,2.1,3.4,3.4
2007,2007-10-26,EINF,HAN,0.0,0.0,0,1.0,1.0,2.3,3.3,3.1
2007,2007-10-21,HAN,WOB,2.0,2.0,0,1.0,1.0,2.1,3.3,3.5
2007,2007-10-21,KAR,BIE,0.0,0.0,0,1.0,1.0,1.85,3.4,4.33
2007,2007-10-20,BOC,BAY,1.0,2.0,-1,0.0,3.0,8.0,4.5,1.4
2007,2007-10-20,HAM,STU,4.0,1.0,1,3.0,0.0,2.2,3.25,3.25
2007,2007-10-20,HANR,SCH,1.0,1.0,0,1.0,1.0,4.5,3.5,1.8
2007,2007-10-20,LEVK,DOR,2.0,2.0,0,1.0,1.0,1.85,3.5,4.2
2007,2007-10-20,NUR,EINF,5.0,1.0,1,3.0,0.0,2.1,3.3,3.5
2007,2007-10-20,WERB,HERT,3.0,2.0,1,3.0,0.0,1.5,4.0,6.75
2007,2007-10-19,COT,DUI,1.0,2.0,-1,0.0,3.0,2.0,3.4,3.75
2007,2007-10-07,BAY,NUR,3.0,0.0,1,3.0,0.0,1.18,6.5,16.0
2007,2007-10-07,EINF,LEVK,2.0,1.0,1,3.0,0.0,2.7,3.25,2.62
2007,2007-10-06,BIE,HAM,0.0,1.0,-1,0.0,3.0,3.2,3.25,2.25
2007,2007-10-06,DUI,WERB,1.0,3.0,-1,0.0,3.0,5.5,3.8,1.61
2007,2007-10-06,HERT,COT,0.0,0.0,0,1.0,1.0,1.4,4.33,8.5
2007,2007-10-06,SCH,KAR,0.0,2.0,-1,0.0,3.0,1.4,4.33,8.5
2007,2007-10-06,STU,HAN,0.0,2.0,-1,0.0,3.0,1.72,3.6,4.75
2007,2007-10-06,WOB,HANR,1.0,0.0,1,3.0,0.0,1.72,3.6,4.75
2007,2007-10-05,DOR,BOC,2.0,1.0,1,3.0,0.0,1.72,3.7,4.75
2007,2007-09-30,COT,EINF,2.0,2.0,0,1.0,1.0,2.8,3.25,2.5
2007,2007-09-30,HAN,DUI,2.0,1.0,1,3.0,0.0,1.72,3.5,5.0
2007,2007-09-29,BOC,NUR,3.0,3.0,0,1.0,1.0,2.37,3.25,3.0
2007,2007-09-29,HAM,WOB,2.0,2.0,0,1.0,1.0,1.66,3.75,5.0
2007,2007-09-29,HANR,STU,2.0,1.0,1,3.0,0.0,3.6,3.5,2.0
2007,2007-09-29,KAR,DOR,3.0,1.0,1,3.0,0.0,2.8,3.25,2.5
2007,2007-09-29,LEVK,BAY,0.0,1.0,-1,0.0,3.0,4.33,3.6,1.8
2007,2007-09-29,WERB,BIE,8.0,1.0,1,3.0,0.0,1.44,4.33,7.0
2007,2007-09-28,SCH,HERT,1.0,0.0,1,3.0,0.0,1.57,3.8,6.0
2007,2007-09-26,BAY,COT,5.0,0.0,1,3.0,0.0,1.12,8.0,21.0
2007,2007-09-26,BIE,HAN,0.0,2.0,-1,0.0,3.0,2.25,3.25,3.2
2007,2007-09-26,EINF,KAR,0.0,1.0,-1,0.0,3.0,1.72,3.5,5.0
2007,2007-09-26,NUR,LEVK,1.0,2.0,-1,0.0,3.0,2.5,3.3,2.75
2007,2007-09-26,STU,BOC,1.0,0.0,1,3.0,0.0,1.53,3.75,6.25
2007,2007-09-25,DOR,HAM,0.0,3.0,-1,0.0,3.0,2.2,3.25,3.3
2007,2007-09-25,DUI,SCH,0.0,2.0,-1,0.0,3.0,5.0,3.5,1.72
2007,2007-09-25,HERT,HANR,1.0,3.0,-1,0.0,3.0,1.44,4.0,8.5
2007,2007-09-25,WOB,WERB,1.0,1.0,0,1.0,1.0,3.4,3.3,2.15
2007,2007-09-23,HAN,LEVK,0.0,3.0,-1,0.0,3.0,2.5,3.25,2.8
2007,2007-09-23,KAR,BAY,1.0,4.0,-1,0.0,3.0,7.0,4.33,1.44
2007,2007-09-22,COT,WOB,1.0,2.0,-1,0.0,3.0,2.6,3.3,2.65
2007,2007-09-22,HAM,NUR,1.0,0.0,1,3.0,0.0,1.7,3.6,5.0
2007,2007-09-22,HANR,DUI,2.0,0.0,1,3.0,0.0,2.4,3.3,2.9
2007,2007-09-22,HERT,DOR,3.0,2.0,1,3.0,0.0,2.4,3.3,2.9
2007,2007-09-22,SCH,BIE,3.0,0.0,1,3.0,0.0,1.44,4.2,7.5
2007,2007-09-22,WERB,STU,4.0,1.0,1,3.0,0.0,2.15,3.3,3.4
2007,2007-09-21,BOC,EINF,0.0,0.0,0,1.0,1.0,2.3,3.3,3.1
2007,2007-09-16,DUI,HERT,1.0,2.0,-1,0.0,3.0,2.65,3.25,2.65
2007,2007-09-16,WOB,KAR,1.0,2.0,-1,0.0,3.0,1.85,3.5,4.2
2007,2007-09-15,BAY,SCH,1.0,1.0,0,1.0,1.0,1.5,4.0,6.75
2007,2007-09-15,BIE,HANR,4.0,2.0,1,3.0,0.0,1.75,3.5,4.75
2007,2007-09-15,EINF,HAM,2.0,1.0,1,3.0,0.0,2.7,3.25,2.6
2007,2007-09-15,LEVK,BOC,2.0,0.0,1,3.0,0.0,1.61,3.75,5.5
2007,2007-09-15,NUR,HAN,2.0,2.0,0,1.0,1.0,2.1,3.3,3.5
2007,2007-09-15,STU,COT,3.0,0.0,1,3.0,0.0,1.36,4.5,9.5
2007,2007-09-14,DOR,WERB,3.0,0.0,1,3.0,0.0,2.6,3.25,2.7
2007,2007-09-02,HAM,BAY,1.0,1.0,0,1.0,1.0,4.0,3.5,1.83
2007,2007-09-02,KAR,STU,1.0,0.0,1,3.0,0.0,3.6,3.3,2.0
2007,2007-09-01,COT,NUR,1.0,1.0,0,1.0,1.0,2.8,3.25,2.4
2007,2007-09-01,DUI,BIE,3.0,0.0,1,3.0,0.0,2.3,3.25,3.0
2007,2007-09-01,HAN,BOC,3.0,2.0,1,3.0,0.0,2.0,3.3,3.6
2007,2007-09-01,HANR,DOR,0.0,1.0,-1,0.0,3.0,3.2,3.25,2.2
2007,2007-09-01,HERT,WOB,2.0,1.0,1,3.0,0.0,2.2,3.25,3.2
2007,2007-09-01,WERB,EINF,2.0,1.0,1,3.0,0.0,1.57,3.6,6.0
2007,2007-08-31,SCH,LEVK,1.0,1.0,0,1.0,1.0,1.72,3.5,4.75
2007,2007-08-26,EINF,HANR,1.0,0.0,1,3.0,0.0,1.72,3.5,4.75
2007,2007-08-26,WOB,SCH,1.0,1.0,0,1.0,1.0,3.4,3.25,2.1
2007,2007-08-25,BAY,HAN,3.0,0.0,1,3.0,0.0,1.16,6.5,15.0
2007,2007-08-25,BIE,HERT,2.0,0.0,1,3.0,0.0,2.37,3.25,2.87
2007,2007-08-25,DOR,COT,3.0,0.0,1,3.0,0.0,1.61,3.6,5.5
2007,2007-08-25,LEVK,KAR,3.0,0.0,1,3.0,0.0,1.57,3.6,6.0
2007,2007-08-25,NUR,WERB,0.0,1.0,-1,0.0,3.0,2.6,3.25,2.6
2007,2007-08-25,STU,DUI,1.0,0.0,1,3.0,0.0,1.44,4.0,7.5
2007,2007-08-24,BOC,HAM,2.0,1.0,1,3.0,0.0,3.0,3.25,2.3
2007,2007-08-19,COT,BOC,1.0,2.0,-1,0.0,3.0,2.4,3.2,2.87
2007,2007-08-19,HAM,LEVK,1.0,0.0,1,3.0,0.0,2.1,3.25,3.4
2007,2007-08-18,BIE,EINF,2.0,2.0,0,1.0,1.0,2.1,3.25,3.4
2007,2007-08-18,DUI,WOB,1.0,3.0,-1,0.0,3.0,2.3,3.25,3.0
2007,2007-08-18,HANR,NUR,1.0,2.0,-1,0.0,3.0,2.6,3.25,2.6
2007,2007-08-18,HERT,STU,3.0,1.0,1,3.0,0.0,3.0,3.25,2.3
2007,2007-08-18,SCH,DOR,4.0,1.0,1,3.0,0.0,1.75,3.4,4.75
2007,2007-08-18,WERB,BAY,0.0,4.0,-1,0.0,3.0,3.8,3.3,1.95
2007,2007-08-17,KAR,HAN,1.0,2.0,-1,0.0,3.0,2.37,3.25,2.87
2007,2007-08-12,DOR,DUI,1.0,3.0,-1,0.0,3.0,1.53,3.8,6.0
2007,2007-08-12,NUR,KAR,0.0,2.0,-1,0.0,3.0,1.8,3.3,4.5
2007,2007-08-11,BAY,HANR,3.0,0.0,1,3.0,0.0,1.16,6.0,19.0
2007,2007-08-11,BOC,WERB,2.0,2.0,0,1.0,1.0,3.5,3.3,2.05
2007,2007-08-11,EINF,HERT,1.0,0.0,1,3.0,0.0,2.37,3.2,2.9
2007,2007-08-11,HAN,HAM,0.0,1.0,-1,0.0,3.0,2.5,3.2,2.75
2007,2007-08-11,LEVK,COT,0.0,0.0,0,1.0,1.0,1.53,3.8,6.0
2007,2007-08-11,WOB,BIE,1.0,3.0,-1,0.0,3.0,2.0,3.3,3.6
2007,2007-08-10,STU,SCH,2.0,2.0,0,1.0,1.0,2.37,3.25,2.87
2006,2007-05-19,BAY,MAI,5.0,2.0,1,3.0,0.0,1.36,4.5,8.0
2006,2007-05-19,EINF,HERT,1.0,2.0,-1,0.0,3.0,2.2,3.4,3.0
2006,2007-05-19,HAM,AAC,4.0,0.0,1,3.0,0.0,1.57,3.8,5.5
2006,2007-05-19,HAN,NUR,0.0,3.0,-1,0.0,3.0,1.9,3.4,3.8
2006,2007-05-19,LEVK,DOR,2.0,1.0,1,3.0,0.0,2.4,3.3,2.8
2006,2007-05-19,MGL,BOC,0.0,2.0,-1,0.0,3.0,2.5,3.4,2.62
2006,2007-05-19,SCH,BIE,2.0,1.0,1,3.0,0.0,1.22,6.0,11.0
2006,2007-05-19,STU,COT,2.0,1.0,1,3.0,0.0,1.14,7.5,15.0
2006,2007-05-19,WOB,WERB,0.0,2.0,-1,0.0,3.0,3.6,3.6,1.9
2006,2007-05-12,AAC,WOB,2.0,2.0,0,1.0,1.0,2.4,3.4,2.75
2006,2007-05-12,BIE,HAN,3.0,1.0,1,3.0,0.0,2.6,3.25,2.6
2006,2007-05-12,BOC,STU,2.0,3.0,-1,0.0,3.0,3.75,3.4,1.95
2006,2007-05-12,COT,BAY,0.0,3.0,-1,0.0,3.0,3.5,3.4,2.0
2006,2007-05-12,DOR,SCH,2.0,0.0,1,3.0,0.0,3.1,3.3,2.1
2006,2007-05-12,HERT,LEVK,2.0,3.0,-1,0.0,3.0,2.37,3.4,2.75
2006,2007-05-12,MAI,MGL,3.0,0.0,1,3.0,0.0,1.66,3.6,5.0
2006,2007-05-12,NUR,HAM,0.0,2.0,-1,0.0,3.0,2.1,3.25,3.4
2006,2007-05-12,WERB,EINF,1.0,2.0,-1,0.0,3.0,1.3,5.0,9.0
2006,2007-05-06,HERT,WERB,1.0,4.0,-1,0.0,3.0,3.0,3.4,2.2
2006,2007-05-06,LEVK,BIE,1.0,2.0,-1,0.0,3.0,1.7,3.6,4.75
2006,2007-05-05,EINF,AAC,4.0,0.0,1,3.0,0.0,1.75,3.5,4.5
2006,2007-05-05,HAM,BOC,0.0,3.0,-1,0.0,3.0,1.83,3.4,4.2
2006,2007-05-05,MGL,BAY,1.0,1.0,0,1.0,1.0,5.0,3.6,1.66
2006,2007-05-05,SCH,NUR,1.0,0.0,1,3.0,0.0,1.44,4.2,7.0
2006,2007-05-05,STU,MAI,2.0,0.0,1,3.0,0.0,1.33,4.75,9.0
2006,2007-05-05,WOB,DOR,0.0,2.0,-1,0.0,3.0,2.37,3.2,2.9
2006,2007-05-04,HAN,COT,2.0,0.0,1,3.0,0.0,1.85,3.4,4.2
2006,2007-04-29,BIE,WERB,3.0,2.0,1,3.0,0.0,4.75,3.5,1.72
2006,2007-04-29,COT,LEVK,2.0,1.0,1,3.0,0.0,2.8,3.25,2.4
2006,2007-04-28,AAC,HERT,0.0,4.0,-1,0.0,3.0,2.4,3.25,2.8
2006,2007-04-28,BAY,HAM,1.0,2.0,-1,0.0,3.0,1.5,3.75,7.0
2006,2007-04-28,DOR,EINF,2.0,0.0,1,3.0,0.0,1.83,3.3,4.33
2006,2007-04-28,MAI,HAN,1.0,2.0,-1,0.0,3.0,2.1,3.25,3.4
2006,2007-04-28,MGL,STU,0.0,1.0,-1,0.0,3.0,5.5,3.6,1.61
2006,2007-04-28,NUR,WOB,1.0,1.0,0,1.0,1.0,1.83,3.4,4.2
2006,2007-04-27,BOC,SCH,2.0,1.0,1,3.0,0.0,4.2,3.5,1.8
2006,2007-04-22,HAM,MAI,2.0,2.0,0,1.0,1.0,1.66,3.6,5.0
2006,2007-04-22,HAN,MGL,1.0,0.0,1,3.0,0.0,1.8,3.4,4.33
2006,2007-04-21,EINF,BOC,0.0,3.0,-1,0.0,3.0,2.0,3.3,3.6
2006,2007-04-21,HERT,DOR,0.0,1.0,-1,0.0,3.0,2.15,3.3,3.25
2006,2007-04-21,LEVK,NUR,2.0,0.0,1,3.0,0.0,2.1,3.25,3.4
2006,2007-04-21,SCH,COT,2.0,0.0,1,3.0,0.0,1.33,4.5,9.5
2006,2007-04-21,STU,BAY,2.0,0.0,1,3.0,0.0,2.7,3.25,2.5
2006,2007-04-21,WOB,BIE,2.0,3.0,-1,0.0,3.0,1.9,3.25,4.0
2006,2007-04-20,WERB,AAC,3.0,1.0,1,3.0,0.0,1.25,5.5,10.0
2006,2007-04-15,BAY,LEVK,2.0,1.0,1,3.0,0.0,1.44,4.0,7.5
2006,2007-04-15,DOR,WERB,0.0,2.0,-1,0.0,3.0,3.0,3.25,2.3
2006,2007-04-14,BIE,EINF,2.0,4.0,-1,0.0,3.0,2.2,3.25,3.2
2006,2007-04-14,BOC,HERT,1.0,3.0,-1,0.0,3.0,2.3,3.25,3.0
2006,2007-04-14,COT,WOB,3.0,2.0,1,3.0,0.0,2.5,3.25,2.75
2006,2007-04-14,MAI,SCH,0.0,3.0,-1,0.0,3.0,3.5,3.3,2.05
2006,2007-04-14,NUR,AAC,1.0,0.0,1,3.0,0.0,1.66,3.6,5.0
2006,2007-04-14,STU,HAN,2.0,1.0,1,3.0,0.0,1.66,3.6,5.0
2006,2007-04-13,MGL,HAM,0.0,1.0,-1,0.0,3.0,2.5,3.25,2.7
2006,2007-04-08,LEVK,BOC,1.0,4.0,-1,0.0,3.0,1.61,3.6,5.5
2006,2007-04-08,WERB,NUR,1.0,0.0,1,3.0,0.0,1.53,3.8,6.0
2006,2007-04-07,AAC,DOR,1.0,4.0,-1,0.0,3.0,2.62,3.25,2.6
2006,2007-04-07,EINF,COT,1.0,3.0,-1,0.0,3.0,1.85,3.4,4.0
2006,2007-04-07,HAM,STU,2.0,4.0,-1,0.0,3.0,2.37,3.2,2.9
2006,2007-04-07,HAN,BAY,1.0,2.0,-1,0.0,3.0,4.0,3.4,1.85
2006,2007-04-07,HERT,BIE,1.0,1.0,0,1.0,1.0,1.72,3.5,4.75
2006,2007-04-07,SCH,MGL,2.0,0.0,1,3.0,0.0,1.44,4.0,7.5
2006,2007-04-07,WOB,MAI,3.0,2.0,1,3.0,0.0,2.1,3.25,3.4
2006,2007-04-01,BOC,HAN,2.0,0.0,1,3.0,0.0,2.4,3.2,2.87
2006,2007-04-01,HAM,WOB,1.0,0.0,1,3.0,0.0,1.8,3.4,4.5
2006,2007-03-31,BAY,SCH,2.0,0.0,1,3.0,0.0,2.0,3.25,3.75
2006,2007-03-31,COT,WERB,0.0,0.0,0,1.0,1.0,5.0,3.4,1.72
2006,2007-03-31,MAI,LEVK,1.0,3.0,-1,0.0,3.0,2.5,3.2,2.75
2006,2007-03-31,MGL,EINF,1.0,1.0,0,1.0,1.0,2.1,3.25,3.4
2006,2007-03-31,NUR,HERT,2.0,1.0,1,3.0,0.0,2.0,3.25,3.7
2006,2007-03-31,STU,AAC,3.0,1.0,1,3.0,0.0,1.61,3.5,6.0
2006,2007-03-30,BIE,DOR,1.0,0.0,1,3.0,0.0,2.5,3.2,2.75
2006,2007-03-18,LEVK,MGL,1.0,0.0,1,3.0,0.0,1.66,3.6,5.0
2006,2007-03-18,WERB,MAI,2.0,0.0,1,3.0,0.0,1.36,4.5,8.0
2006,2007-03-17,AAC,BIE,2.0,0.0,1,3.0,0.0,2.1,3.25,3.4
2006,2007-03-17,DOR,NUR,0.0,0.0,0,1.0,1.0,2.25,3.2,3.1
2006,2007-03-17,EINF,BAY,1.0,0.0,1,3.0,0.0,5.0,3.6,1.66
2006,2007-03-17,HAN,HAM,0.0,0.0,0,1.0,1.0,2.37,3.2,2.9
2006,2007-03-17,SCH,STU,1.0,0.0,1,3.0,0.0,1.9,3.25,4.0
2006,2007-03-17,WOB,BOC,3.0,1.0,1,3.0,0.0,1.95,3.3,3.8
2006,2007-03-16,HERT,COT,0.0,1.0,-1,0.0,3.0,1.66,3.6,5.25
2006,2007-03-11,BAY,WERB,1.0,1.0,0,1.0,1.0,2.05,3.25,3.6
2006,2007-03-11,HAM,LEVK,0.0,0.0,0,1.0,1.0,2.0,3.4,3.5
2006,2007-03-10,BOC,DOR,2.0,0.0,1,3.0,0.0,2.5,3.2,2.75
2006,2007-03-10,COT,AAC,0.0,2.0,-1,0.0,3.0,2.1,3.4,3.25
2006,2007-03-10,HAN,SCH,1.0,1.0,0,1.0,1.0,3.0,3.25,2.3
2006,2007-03-10,MAI,BIE,1.0,0.0,1,3.0,0.0,2.0,3.2,3.75
2006,2007-03-10,MGL,HERT,3.0,1.0,1,3.0,0.0,2.25,3.3,3.0
2006,2007-03-10,STU,WOB,0.0,0.0,0,1.0,1.0,1.61,3.6,5.5
2006,2007-03-09,NUR,EINF,2.0,2.0,0,1.0,1.0,1.8,3.4,4.33
2006,2007-03-04,AAC,MAI,2.0,1.0,1,3.0,0.0,2.3,3.25,3.0
2006,2007-03-04,DOR,COT,2.0,3.0,-1,0.0,3.0,1.61,3.6,5.5
2006,2007-03-03,BIE,NUR,3.0,2.0,1,3.0,0.0,2.75,3.2,2.5
2006,2007-03-03,EINF,HAN,2.0,0.0,1,3.0,0.0,2.4,3.2,2.87
2006,2007-03-03,HERT,BAY,2.0,3.0,-1,0.0,3.0,3.0,3.25,2.3
2006,2007-03-03,LEVK,STU,3.0,1.0,1,3.0,0.0,2.4,3.2,2.87
2006,2007-03-03,WERB,BOC,3.0,0.0,1,3.0,0.0,1.3,5.0,9.0
2006,2007-03-03,WOB,MGL,1.0,0.0,1,3.0,0.0,1.9,3.25,4.0
2006,2007-03-02,SCH,HAM,0.0,2.0,-1,0.0,3.0,1.85,3.5,4.0
2006,2007-02-25,MGL,WERB,2.0,2.0,0,1.0,1.0,3.6,3.4,1.83
2006,2007-02-25,SCH,LEVK,0.0,1.0,-1,0.0,3.0,1.57,3.6,5.0
2006,2007-02-24,BAY,WOB,2.0,1.0,1,3.0,0.0,1.36,4.2,7.0
2006,2007-02-24,BOC,AAC,2.0,2.0,0,1.0,1.0,2.0,3.25,3.25
2006,2007-02-24,COT,BIE,2.0,1.0,1,3.0,0.0,2.2,3.25,2.8
2006,2007-02-24,HAM,EINF,3.0,1.0,1,3.0,0.0,1.57,3.6,5.0
2006,2007-02-24,HAN,DOR,4.0,2.0,1,3.0,0.0,2.2,3.2,2.87
2006,2007-02-24,MAI,NUR,2.0,1.0,1,3.0,0.0,2.4,3.2,2.6
2006,2007-02-23,STU,HERT,0.0,0.0,0,1.0,1.0,1.72,3.25,4.33
2006,2007-02-18,BIE,BOC,1.0,3.0,-1,0.0,3.0,2.0,3.2,3.75
2006,2007-02-18,NUR,COT,1.0,0.0,1,3.0,0.0,1.57,3.6,6.0
2006,2007-02-17,AAC,BAY,1.0,0.0,1,3.0,0.0,5.0,3.8,1.61
2006,2007-02-17,DOR,MGL,1.0,0.0,1,3.0,0.0,1.8,3.4,4.5
2006,2007-02-17,HERT,MAI,1.0,2.0,-1,0.0,3.0,1.66,3.6,5.0
2006,2007-02-17,LEVK,HAN,0.0,1.0,-1,0.0,3.0,1.9,3.5,3.8
2006,2007-02-17,WERB,HAM,0.0,2.0,-1,0.0,3.0,1.53,4.0,5.5
2006,2007-02-17,WOB,SCH,2.0,2.0,0,1.0,1.0,3.4,3.4,2.05
2006,2007-02-16,EINF,STU,0.0,4.0,-1,0.0,3.0,3.1,3.2,2.25
2006,2007-02-11,BAY,BIE,1.0,0.0,1,3.0,0.0,1.28,5.0,10.0
2006,2007-02-11,BOC,NUR,0.0,2.0,-1,0.0,3.0,2.8,3.1,2.5
2006,2007-02-10,HAM,DOR,3.0,0.0,1,3.0,0.0,2.3,3.25,3.0
2006,2007-02-10,LEVK,EINF,2.0,2.0,0,1.0,1.0,1.72,3.4,5.0
2006,2007-02-10,MAI,COT,4.0,1.0,1,3.0,0.0,1.95,3.3,3.8
2006,2007-02-10,MGL,AAC,0.0,0.0,0,1.0,1.0,1.8,3.4,4.33
2006,2007-02-10,SCH,HERT,2.0,0.0,1,3.0,0.0,1.61,3.8,5.0
2006,2007-02-10,STU,WERB,4.0,1.0,1,3.0,0.0,2.8,3.25,2.4
2006,2007-02-09,HAN,WOB,2.0,2.0,0,1.0,1.0,2.05,3.25,3.5
2006,2007-02-04,DOR,STU,0.0,1.0,-1,0.0,3.0,2.3,3.25,3.0
2006,2007-02-04,WERB,SCH,0.0,2.0,-1,0.0,3.0,1.8,3.4,4.33
2006,2007-02-03,AAC,HAN,1.0,4.0,-1,0.0,3.0,2.4,3.2,2.8
2006,2007-02-03,BIE,MGL,0.0,2.0,-1,0.0,3.0,2.0,3.3,3.6
2006,2007-02-03,COT,BOC,0.0,0.0,0,1.0,1.0,2.25,3.2,3.1
2006,2007-02-03,EINF,MAI,0.0,0.0,0,1.0,1.0,1.95,3.3,3.8
2006,2007-02-03,HERT,HAM,2.0,1.0,1,3.0,0.0,1.95,3.3,3.8
2006,2007-02-03,WOB,LEVK,3.0,2.0,1,3.0,0.0,2.5,3.25,2.7
2006,2007-02-02,NUR,BAY,3.0,0.0,1,3.0,0.0,3.8,3.3,1.95
2006,2007-01-31,HAM,COT,1.0,1.0,0,1.0,1.0,1.75,3.4,4.75
2006,2007-01-31,HAN,HERT,5.0,0.0,1,3.0,0.0,2.5,3.2,2.75
2006,2007-01-31,LEVK,WERB,0.0,2.0,-1,0.0,3.0,3.0,3.25,2.3
2006,2007-01-31,MAI,DOR,1.0,0.0,1,3.0,0.0,3.1,3.2,2.25
2006,2007-01-31,SCH,AAC,2.0,1.0,1,3.0,0.0,1.33,4.75,9.0
2006,2007-01-30,BAY,BOC,0.0,0.0,0,1.0,1.0,1.22,5.5,13.0
2006,2007-01-30,MGL,NUR,0.0,0.0,0,1.0,1.0,2.4,3.2,2.87
2006,2007-01-30,STU,BIE,3.0,2.0,1,3.0,0.0,1.61,3.6,5.5
2006,2007-01-30,WOB,EINF,2.0,2.0,0,1.0,1.0,2.0,3.2,3.75
2006,2007-01-28,AAC,LEVK,2.0,3.0,-1,0.0,3.0,3.0,3.2,2.3
2006,2007-01-28,WERB,HAN,3.0,0.0,1,3.0,0.0,1.3,4.75,10.0
2006,2007-01-27,BIE,HAM,1.0,1.0,0,1.0,1.0,2.5,3.2,2.75
2006,2007-01-27,BOC,MAI,0.0,1.0,-1,0.0,3.0,1.95,3.3,3.8
2006,2007-01-27,COT,MGL,3.0,1.0,1,3.0,0.0,2.4,3.2,2.87
2006,2007-01-27,EINF,SCH,1.0,3.0,-1,0.0,3.0,3.3,3.25,2.15
2006,2007-01-27,HERT,WOB,2.0,1.0,1,3.0,0.0,1.72,3.6,4.5
2006,2007-01-27,NUR,STU,4.0,1.0,1,3.0,0.0,2.5,3.1,2.8
2006,2007-01-26,DOR,BAY,3.0,2.0,1,3.0,0.0,3.75,3.2,2.0
2006,2006-12-17,DOR,LEVK,1.0,2.0,-1,0.0,3.0,2.3,3.25,3.0
2006,2006-12-17,WERB,WOB,2.0,1.0,1,3.0,0.0,1.3,5.0,9.0
2006,2006-12-16,AAC,HAM,3.0,3.0,0,1.0,1.0,2.5,3.25,2.7
2006,2006-12-16,BIE,SCH,0.0,1.0,-1,0.0,3.0,3.4,3.25,2.1
2006,2006-12-16,COT,STU,0.0,0.0,0,1.0,1.0,3.4,3.25,2.1
2006,2006-12-16,HERT,EINF,1.0,0.0,1,3.0,0.0,1.61,3.6,5.5
2006,2006-12-16,MAI,BAY,0.0,4.0,-1,0.0,3.0,6.5,4.2,1.44
2006,2006-12-16,NUR,HAN,3.0,1.0,1,3.0,0.0,2.0,3.3,3.6
2006,2006-12-15,BOC,MGL,2.0,0.0,1,3.0,0.0,2.2,3.2,3.25
2006,2006-12-10,SCH,DOR,3.0,1.0,1,3.0,0.0,1.83,3.3,4.33
2006,2006-12-10,WOB,AAC,1.0,2.0,-1,0.0,3.0,1.83,3.3,4.33
2006,2006-12-09,BAY,COT,2.0,1.0,1,3.0,0.0,1.16,6.0,19.0
2006,2006-12-09,EINF,WERB,2.0,6.0,-1,0.0,3.0,4.5,3.3,1.8
2006,2006-12-09,HAM,NUR,0.0,0.0,0,1.0,1.0,2.25,3.3,3.0
2006,2006-12-09,HAN,BIE,1.0,1.0,0,1.0,1.0,2.0,3.3,3.6
2006,2006-12-09,MGL,MAI,1.0,1.0,0,1.0,1.0,1.8,3.3,4.5
2006,2006-12-09,STU,BOC,1.0,0.0,1,3.0,0.0,1.44,4.0,7.5
2006,2006-12-08,LEVK,HERT,2.0,1.0,1,3.0,0.0,2.1,3.25,3.4
2006,2006-12-03,AAC,EINF,2.0,3.0,-1,0.0,3.0,2.3,3.25,3.0
2006,2006-12-03,NUR,SCH,0.0,0.0,0,1.0,1.0,2.87,3.2,2.4
2006,2006-12-02,BAY,MGL,1.0,1.0,0,1.0,1.0,1.22,5.5,13.0
2006,2006-12-02,BIE,LEVK,0.0,0.0,0,1.0,1.0,2.37,3.2,2.9
2006,2006-12-02,BOC,HAM,2.0,1.0,1,3.0,0.0,2.75,3.2,2.5
2006,2006-12-02,COT,HAN,0.0,1.0,-1,0.0,3.0,2.37,3.2,2.9
2006,2006-12-02,DOR,WOB,1.0,0.0,1,3.0,0.0,1.8,3.4,4.33
2006,2006-12-02,WERB,HERT,3.0,1.0,1,3.0,0.0,1.61,3.6,5.5
2006,2006-12-01,MAI,STU,0.0,0.0,0,1.0,1.0,4.0,3.25,1.9
2006,2006-11-26,LEVK,COT,3.0,1.0,1,3.0,0.0,1.57,3.6,6.0
2006,2006-11-26,STU,MGL,1.0,0.0,1,3.0,0.0,1.53,3.6,6.5
2006,2006-11-25,EINF,DOR,1.0,1.0,0,1.0,1.0,2.5,3.2,2.75
2006,2006-11-25,HAM,BAY,1.0,2.0,-1,0.0,3.0,4.0,3.25,1.9
2006,2006-11-25,HAN,MAI,1.0,0.0,1,3.0,0.0,1.9,3.25,4.0
2006,2006-11-25,HERT,AAC,2.0,1.0,1,3.0,0.0,1.57,3.8,5.5
2006,2006-11-25,WERB,BIE,3.0,0.0,1,3.0,0.0,1.4,4.33,7.5
2006,2006-11-25,WOB,NUR,1.0,1.0,0,1.0,1.0,2.3,3.25,3.0
2006,2006-11-24,SCH,BOC,2.0,1.0,1,3.0,0.0,1.4,4.5,7.5
2006,2006-11-19,BIE,WOB,0.0,0.0,0,1.0,1.0,2.1,3.25,3.4
2006,2006-11-19,MGL,HAN,0.0,1.0,-1,0.0,3.0,2.0,3.2,3.75
2006,2006-11-18,AAC,WERB,2.0,2.0,0,1.0,1.0,5.5,3.8,1.57
2006,2006-11-18,BAY,STU,2.0,1.0,1,3.0,0.0,1.57,3.6,6.0
2006,2006-11-18,COT,SCH,2.0,4.0,-1,0.0,3.0,3.6,3.3,2.0
2006,2006-11-18,DOR,HERT,1.0,2.0,-1,0.0,3.0,2.0,3.2,3.75
2006,2006-11-18,MAI,HAM,0.0,0.0,0,1.0,1.0,2.75,3.2,2.5
2006,2006-11-18,NUR,LEVK,3.0,2.0,1,3.0,0.0,2.4,3.2,2.87
2006,2006-11-17,BOC,EINF,4.0,3.0,1,3.0,0.0,2.3,3.25,3.0
2006,2006-11-12,AAC,NUR,1.0,1.0,0,1.0,1.0,2.37,3.25,2.87
2006,2006-11-12,HAN,STU,1.0,2.0,-1,0.0,3.0,2.9,3.2,2.37
2006,2006-11-11,EINF,BIE,0.0,3.0,-1,0.0,3.0,2.0,3.2,3.75
2006,2006-11-11,HAM,MGL,1.0,1.0,0,1.0,1.0,1.72,3.6,4.5
2006,2006-11-11,HERT,BOC,3.0,3.0,0,1.0,1.0,1.44,4.0,7.5
2006,2006-11-11,LEVK,BAY,2.0,3.0,-1,0.0,3.0,3.2,3.25,2.2
2006,2006-11-11,SCH,MAI,4.0,0.0,1,3.0,0.0,1.44,4.0,7.5
2006,2006-11-11,WOB,COT,0.0,0.0,0,1.0,1.0,1.83,3.3,4.33
2006,2006-11-10,WERB,DOR,1.0,3.0,-1,0.0,3.0,1.44,4.0,7.5
2006,2006-11-08,BAY,HAN,0.0,1.0,-1,0.0,3.0,1.2,6.0,13.0
2006,2006-11-08,BIE,HERT,2.0,2.0,0,1.0,1.0,2.4,3.25,2.8
2006,2006-11-08,BOC,LEVK,1.0,3.0,-1,0.0,3.0,2.8,3.25,2.4
2006,2006-11-08,COT,EINF,0.0,1.0,-1,0.0,3.0,2.0,3.3,3.6
2006,2006-11-08,MGL,SCH,0.0,2.0,-1,0.0,3.0,2.7,3.25,2.5
2006,2006-11-07,DOR,AAC,0.0,0.0,0,1.0,1.0,1.57,3.8,5.5
2006,2006-11-07,MAI,WOB,1.0,2.0,-1,0.0,3.0,2.3,3.25,3.0
2006,2006-11-07,NUR,WERB,1.0,2.0,-1,0.0,3.0,4.33,3.3,1.83
2006,2006-11-07,STU,HAM,2.0,0.0,1,3.0,0.0,1.8,3.4,4.33
2006,2006-11-05,EINF,MGL,1.0,0.0,1,3.0,0.0,2.1,3.25,3.4
2006,2006-11-05,SCH,BAY,2.0,2.0,0,1.0,1.0,2.6,3.2,2.62
2006,2006-11-04,AAC,STU,2.0,4.0,-1,0.0,3.0,2.87,3.25,2.37
2006,2006-11-04,DOR,BIE,1.0,1.0,0,1.0,1.0,1.66,3.6,5.0
2006,2006-11-04,HERT,NUR,2.0,1.0,1,3.0,0.0,1.9,3.25,4.0
2006,2006-11-04,LEVK,MAI,1.0,1.0,0,1.0,1.0,1.5,3.75,7.0
2006,2006-11-04,WERB,COT,1.0,1.0,0,1.0,1.0,1.25,5.0,13.0
2006,2006-11-04,WOB,HAM,1.0,0.0,1,3.0,0.0,2.6,3.25,2.6
2006,2006-11-03,HAN,BOC,0.0,2.0,-1,0.0,3.0,1.8,3.4,4.33
2006,2006-10-29,BIE,AAC,5.0,1.0,1,3.0,0.0,2.1,3.3,3.3
2006,2006-10-29,STU,SCH,3.0,0.0,1,3.0,0.0,2.4,3.2,2.87
2006,2006-10-28,BAY,EINF,2.0,0.0,1,3.0,0.0,1.28,5.0,10.0
2006,2006-10-28,BOC,WOB,0.0,1.0,-1,0.0,3.0,2.25,3.2,3.1
2006,2006-10-28,COT,HERT,2.0,0.0,1,3.0,0.0,2.9,3.2,2.37
2006,2006-10-28,HAM,HAN,0.0,0.0,0,1.0,1.0,1.66,3.6,5.0
2006,2006-10-28,MGL,LEVK,0.0,2.0,-1,0.0,3.0,2.25,3.2,3.1
2006,2006-10-28,NUR,DOR,1.0,1.0,0,1.0,1.0,2.4,3.2,2.87
2006,2006-10-27,MAI,WERB,1.0,6.0,-1,0.0,3.0,5.5,3.6,1.61
2006,2006-10-22,EINF,NUR,2.0,2.0,0,1.0,1.0,2.3,3.25,3.0
2006,2006-10-22,LEVK,HAM,1.0,2.0,-1,0.0,3.0,2.0,3.2,3.75
2006,2006-10-21,AAC,COT,1.0,2.0,-1,0.0,3.0,1.83,3.3,4.33
2006,2006-10-21,BIE,MAI,1.0,0.0,1,3.0,0.0,2.0,3.3,3.6
2006,2006-10-21,HERT,MGL,2.0,1.0,1,3.0,0.0,1.72,3.5,4.75
2006,2006-10-21,SCH,HAN,2.0,1.0,1,3.0,0.0,1.44,4.0,7.5
2006,2006-10-21,WERB,BAY,3.0,1.0,1,3.0,0.0,2.4,3.2,2.87
2006,2006-10-21,WOB,STU,1.0,1.0,0,1.0,1.0,2.5,3.2,2.75
2006,2006-10-20,DOR,BOC,1.0,1.0,0,1.0,1.0,1.44,4.0,7.5
2006,2006-10-15,COT,DOR,2.0,3.0,-1,0.0,3.0,2.87,3.25,2.37
2006,2006-10-15,NUR,BIE,1.0,1.0,0,1.0,1.0,1.72,3.4,5.0
2006,2006-10-14,BAY,HERT,4.0,2.0,1,3.0,0.0,1.44,4.0,7.5
2006,2006-10-14,BOC,WERB,0.0,6.0,-1,0.0,3.0,4.75,3.5,1.72
2006,2006-10-14,HAM,SCH,1.0,2.0,-1,0.0,3.0,2.3,3.1,3.1
2006,2006-10-14,HAN,EINF,1.0,1.0,0,1.0,1.0,2.1,3.2,3.5
2006,2006-10-14,MGL,WOB,3.0,1.0,1,3.0,0.0,1.83,3.3,4.33
2006,2006-10-14,STU,LEVK,3.0,0.0,1,3.0,0.0,2.37,3.25,2.87
2006,2006-10-13,MAI,AAC,1.0,3.0,-1,0.0,3.0,2.05,3.25,3.5
2006,2006-10-01,HERT,STU,2.0,2.0,0,1.0,1.0,2.2,3.2,3.4
2006,2006-10-01,LEVK,SCH,3.0,1.0,1,3.0,0.0,2.4,3.2,2.87
2006,2006-09-30,AAC,BOC,2.0,1.0,1,3.0,0.0,1.95,3.2,4.0
2006,2006-09-30,BIE,COT,3.0,1.0,1,3.0,0.0,2.0,3.2,3.75
2006,2006-09-30,EINF,HAM,2.0,2.0,0,1.0,1.0,2.5,3.2,2.75
2006,2006-09-30,NUR,MAI,1.0,1.0,0,1.0,1.0,1.66,3.4,5.5
2006,2006-09-30,WERB,MGL,3.0,0.0,1,3.0,0.0,1.4,4.33,7.5
2006,2006-09-30,WOB,BAY,1.0,0.0,1,3.0,0.0,5.5,3.6,1.61
2006,2006-09-29,DOR,HAN,2.0,2.0,0,1.0,1.0,1.61,3.6,5.5
2006,2006-09-24,BOC,BIE,2.0,1.0,1,3.0,0.0,2.1,3.25,3.4
2006,2006-09-24,COT,NUR,1.0,1.0,0,1.0,1.0,2.4,3.25,2.8
2006,2006-09-23,BAY,AAC,2.0,1.0,1,3.0,0.0,1.22,5.5,13.0
2006,2006-09-23,HAM,WERB,1.0,1.0,0,1.0,1.0,2.6,3.25,2.6
2006,2006-09-23,HAN,LEVK,1.0,1.0,0,1.0,1.0,2.5,3.25,2.7
2006,2006-09-23,MAI,HERT,1.0,1.0,0,1.0,1.0,2.37,3.2,2.9
2006,2006-09-23,SCH,WOB,2.0,0.0,1,3.0,0.0,1.4,4.33,7.5
2006,2006-09-23,STU,EINF,1.0,1.0,0,1.0,1.0,1.83,3.3,4.33
2006,2006-09-22,MGL,DOR,1.0,0.0,1,3.0,0.0,2.37,3.25,2.87
2006,2006-09-17,EINF,LEVK,3.0,1.0,1,3.0,0.0,2.87,3.25,2.37
2006,2006-09-17,HERT,SCH,2.0,0.0,1,3.0,0.0,2.4,3.25,2.8
2006,2006-09-16,AAC,MGL,4.0,2.0,1,3.0,0.0,2.4,3.25,2.8
2006,2006-09-16,BIE,BAY,2.0,1.0,1,3.0,0.0,5.5,3.8,1.57
2006,2006-09-16,COT,MAI,2.0,0.0,1,3.0,0.0,2.3,3.25,3.0
2006,2006-09-16,DOR,HAM,1.0,0.0,1,3.0,0.0,2.2,3.2,3.25
2006,2006-09-16,NUR,BOC,1.0,1.0,0,1.0,1.0,1.61,3.6,5.5
2006,2006-09-16,WERB,STU,2.0,3.0,-1,0.0,3.0,1.57,3.5,6.5
2006,2006-09-15,WOB,HAN,1.0,2.0,-1,0.0,3.0,1.9,3.25,4.0
2006,2006-08-27,HAM,HERT,1.0,1.0,0,1.0,1.0,1.9,3.25,4.0
2006,2006-08-27,MAI,EINF,1.0,1.0,0,1.0,1.0,2.1,3.25,3.4
2006,2006-08-26,BAY,NUR,0.0,0.0,0,1.0,1.0,1.4,4.33,7.5
2006,2006-08-26,BOC,COT,0.0,1.0,-1,0.0,3.0,1.83,3.3,4.33
2006,2006-08-26,HAN,AAC,0.0,3.0,-1,0.0,3.0,1.72,3.5,4.75
2006,2006-08-26,LEVK,WOB,1.0,1.0,0,1.0,1.0,1.5,4.0,6.0
2006,2006-08-26,MGL,BIE,1.0,0.0,1,3.0,0.0,1.66,3.6,5.0
2006,2006-08-26,STU,DOR,1.0,3.0,-1,0.0,3.0,2.3,3.1,3.1
2006,2006-08-25,SCH,WERB,2.0,0.0,1,3.0,0.0,2.5,3.1,2.8
2006,2006-08-20,BIE,STU,2.0,3.0,-1,0.0,3.0,2.37,3.25,3.0
2006,2006-08-20,BOC,BAY,1.0,2.0,-1,0.0,3.0,5.5,3.8,1.57
2006,2006-08-19,AAC,SCH,0.0,1.0,-1,0.0,3.0,4.33,3.3,1.83
2006,2006-08-19,COT,HAM,2.0,2.0,0,1.0,1.0,3.75,3.2,2.0
2006,2006-08-19,DOR,MAI,1.0,1.0,0,1.0,1.0,1.61,3.6,5.5
2006,2006-08-19,EINF,WOB,0.0,0.0,0,1.0,1.0,2.0,3.2,3.75
2006,2006-08-19,HERT,HAN,4.0,0.0,1,3.0,0.0,1.83,3.3,4.33
2006,2006-08-19,WERB,LEVK,2.0,1.0,1,3.0,0.0,1.66,3.6,5.0
2006,2006-08-18,NUR,MGL,1.0,0.0,1,3.0,0.0,1.9,3.25,4.0
2006,2006-08-13,HAN,WERB,2.0,4.0,-1,0.0,3.0,4.0,3.25,1.9
2006,2006-08-13,WOB,HERT,0.0,0.0,0,1.0,1.0,2.2,3.2,2.75
2006,2006-08-12,HAM,BIE,1.0,1.0,0,1.0,1.0,1.44,4.0,7.5
2006,2006-08-12,LEVK,AAC,3.0,0.0,1,3.0,0.0,1.44,4.0,7.5
2006,2006-08-12,MAI,BOC,2.0,1.0,1,3.0,0.0,2.0,3.2,3.75
2006,2006-08-12,MGL,COT,2.0,0.0,1,3.0,0.0,1.61,3.6,5.5
2006,2006-08-12,SCH,EINF,1.0,1.0,0,1.0,1.0,1.44,4.0,7.5
2006,2006-08-12,STU,NUR,0.0,3.0,-1,0.0,3.0,2.0,3.2,3.75
2006,2006-08-11,BAY,DOR,2.0,0.0,1,3.0,0.0,1.57,3.6,6.0
2005,2006-05-13,BAY,DOR,3.0,3.0,0,1.0,1.0,1.5,3.75,5.5
2005,2006-05-13,DUI,MAI,0.0,0.0,0,1.0,1.0,2.2,3.25,2.8
2005,2006-05-13,EINF,MGL,0.0,2.0,-1,0.0,3.0,1.83,3.3,3.6
2005,2006-05-13,KOL,BIE,4.0,2.0,1,3.0,0.0,2.0,3.25,3.25
2005,2006-05-13,HAM,WERB,1.0,2.0,-1,0.0,3.0,2.37,3.2,2.62
2005,2006-05-13,HAN,LEVK,2.0,2.0,0,1.0,1.0,2.62,3.4,2.3
2005,2006-05-13,NUR,HERT,2.0,1.0,1,3.0,0.0,2.4,3.2,2.6
2005,2006-05-13,SCH,STU,3.0,2.0,1,3.0,0.0,1.66,3.4,4.5
2005,2006-05-13,WOB,KAI,2.0,2.0,0,1.0,1.0,2.37,3.0,2.75
2005,2006-05-06,BIE,DUI,0.0,2.0,-1,0.0,3.0,1.66,3.6,5.5
2005,2006-05-06,DOR,EINF,1.0,1.0,0,1.0,1.0,1.72,3.4,5.0
2005,2006-05-06,HERT,HAM,4.0,2.0,1,3.0,0.0,2.9,3.2,2.37
2005,2006-05-06,KAI,BAY,1.0,1.0,0,1.0,1.0,5.0,3.4,1.72
2005,2006-05-06,LEVK,NUR,2.0,2.0,0,1.0,1.0,1.44,4.33,6.5
2005,2006-05-06,MAI,SCH,1.0,0.0,1,3.0,0.0,2.4,3.25,2.8
2005,2006-05-06,MGL,HAN,2.0,2.0,0,1.0,1.0,2.1,3.1,3.6
2005,2006-05-06,STU,WOB,2.0,1.0,1,3.0,0.0,2.25,3.3,3.0
2005,2006-05-06,WERB,KOL,6.0,0.0,1,3.0,0.0,1.22,5.5,13.0
2005,2006-05-03,BAY,STU,3.0,1.0,1,3.0,0.0,1.4,4.0,9.0
2005,2006-05-03,DUI,WERB,3.0,5.0,-1,0.0,3.0,6.0,4.0,1.5
2005,2006-05-03,EINF,KAI,2.0,2.0,0,1.0,1.0,2.0,3.1,4.0
2005,2006-05-03,SCH,BIE,3.0,1.0,1,3.0,0.0,1.5,4.0,6.0
2005,2006-05-03,WOB,MAI,0.0,3.0,-1,0.0,3.0,2.0,3.2,3.75
2005,2006-05-02,KOL,HAM,0.0,1.0,-1,0.0,3.0,3.2,3.5,2.1
2005,2006-05-02,HAN,DOR,1.0,2.0,-1,0.0,3.0,2.5,3.25,2.7
2005,2006-05-02,HERT,LEVK,1.0,5.0,-1,0.0,3.0,2.25,3.3,3.0
2005,2006-05-02,NUR,MGL,5.0,2.0,1,3.0,0.0,2.0,3.3,3.6
2005,2006-04-23,MAI,BAY,2.0,2.0,0,1.0,1.0,5.0,3.75,1.53
2005,2006-04-23,WERB,SCH,0.0,0.0,0,1.0,1.0,1.9,3.25,3.5
2005,2006-04-22,BIE,WOB,0.0,1.0,-1,0.0,3.0,2.1,3.25,3.0
2005,2006-04-22,DOR,NUR,2.0,1.0,1,3.0,0.0,1.8,3.25,4.0
2005,2006-04-22,KOL,DUI,3.0,1.0,1,3.0,0.0,1.66,3.4,4.5
2005,2006-04-22,HAM,LEVK,0.0,2.0,-1,0.0,3.0,1.66,3.4,4.5
2005,2006-04-22,KAI,HAN,1.0,0.0,1,3.0,0.0,2.0,3.25,3.25
2005,2006-04-22,MGL,HERT,2.0,2.0,0,1.0,1.0,2.6,3.2,2.4
2005,2006-04-22,STU,EINF,0.0,2.0,-1,0.0,3.0,1.66,3.5,4.33
2005,2006-04-16,HAN,STU,3.0,3.0,0,1.0,1.0,2.5,3.2,2.75
2005,2006-04-16,NUR,KAI,3.0,2.0,1,3.0,0.0,1.8,3.5,4.2
2005,2006-04-15,BAY,BIE,2.0,0.0,1,3.0,0.0,1.22,5.5,13.0
2005,2006-04-15,DUI,HAM,0.0,2.0,-1,0.0,3.0,5.0,3.6,1.66
2005,2006-04-15,EINF,MAI,0.0,0.0,0,1.0,1.0,2.05,3.3,3.5
2005,2006-04-15,HERT,DOR,0.0,0.0,0,1.0,1.0,1.9,3.4,3.8
2005,2006-04-15,LEVK,MGL,2.0,1.0,1,3.0,0.0,1.61,3.8,5.0
2005,2006-04-15,SCH,KOL,1.0,1.0,0,1.0,1.0,1.4,4.33,7.5
2005,2006-04-15,WOB,WERB,1.0,1.0,0,1.0,1.0,3.75,3.5,1.9
2005,2006-04-09,DUI,SCH,1.0,1.0,0,1.0,1.0,4.75,3.5,1.72
2005,2006-04-09,HAM,MGL,2.0,0.0,1,3.0,0.0,1.44,4.0,7.5
2005,2006-04-08,BIE,EINF,1.0,0.0,1,3.0,0.0,2.1,3.25,3.4
2005,2006-04-08,DOR,LEVK,1.0,2.0,-1,0.0,3.0,2.1,3.25,3.4
2005,2006-04-08,KOL,WOB,3.0,0.0,1,3.0,0.0,2.3,3.25,3.0
2005,2006-04-08,KAI,HERT,0.0,2.0,-1,0.0,3.0,2.87,3.2,2.4
2005,2006-04-08,MAI,HAN,0.0,0.0,0,1.0,1.0,2.1,3.25,3.4
2005,2006-04-08,STU,NUR,1.0,0.0,1,3.0,0.0,1.83,3.3,4.33
2005,2006-04-08,WERB,BAY,3.0,0.0,1,3.0,0.0,2.5,3.2,2.75
2005,2006-04-02,HAN,BIE,0.0,1.0,-1,0.0,3.0,1.9,3.25,4.0
2005,2006-04-02,SCH,HAM,0.0,2.0,-1,0.0,3.0,2.2,3.2,3.25
2005,2006-04-01,BAY,KOL,2.0,2.0,0,1.0,1.0,1.16,6.0,19.0
2005,2006-04-01,EINF,WERB,0.0,1.0,-1,0.0,3.0,4.0,3.25,1.9
2005,2006-04-01,HERT,STU,2.0,0.0,1,3.0,0.0,2.25,3.2,3.1
2005,2006-04-01,LEVK,KAI,5.0,1.0,1,3.0,0.0,1.61,3.6,5.5
2005,2006-04-01,MGL,DOR,2.0,1.0,1,3.0,0.0,2.37,3.2,2.9
2005,2006-04-01,NUR,MAI,3.0,0.0,1,3.0,0.0,1.9,3.25,4.0
2005,2006-04-01,WOB,DUI,1.0,1.0,0,1.0,1.0,1.61,3.4,6.0
2005,2006-03-26,BIE,NUR,0.0,0.0,0,1.0,1.0,2.2,3.25,3.2
2005,2006-03-26,KAI,MGL,3.0,0.0,1,3.0,0.0,2.25,3.2,3.1
2005,2006-03-25,DUI,BAY,1.0,3.0,-1,0.0,3.0,7.5,4.33,1.4
2005,2006-03-25,KOL,EINF,1.0,1.0,0,1.0,1.0,2.4,3.2,2.87
2005,2006-03-25,HAM,DOR,2.0,4.0,-1,0.0,3.0,1.66,3.4,5.5
2005,2006-03-25,MAI,HERT,2.0,2.0,0,1.0,1.0,2.4,3.25,2.8
2005,2006-03-25,SCH,WOB,2.0,2.0,0,1.0,1.0,1.4,4.33,7.5
2005,2006-03-25,STU,LEVK,0.0,2.0,-1,0.0,3.0,1.9,3.25,4.0
2005,2006-03-25,WERB,HAN,5.0,0.0,1,3.0,0.0,1.53,3.8,6.0
2005,2006-03-19,BAY,SCH,3.0,0.0,1,3.0,0.0,1.66,3.6,5.0
2005,2006-03-19,HERT,BIE,1.0,0.0,1,3.0,0.0,1.66,3.4,5.5
2005,2006-03-18,DOR,KAI,2.0,1.0,1,3.0,0.0,1.72,3.4,5.0
2005,2006-03-18,EINF,DUI,5.0,2.0,1,3.0,0.0,1.72,3.4,5.0
2005,2006-03-18,HAN,KOL,1.0,0.0,1,3.0,0.0,1.66,3.6,5.0
2005,2006-03-18,LEVK,MAI,1.0,2.0,-1,0.0,3.0,1.57,3.6,6.0
2005,2006-03-18,MGL,STU,1.0,1.0,0,1.0,1.0,2.37,3.2,2.9
2005,2006-03-18,NUR,WERB,3.0,1.0,1,3.0,0.0,3.6,3.3,2.0
2005,2006-03-18,WOB,HAM,0.0,1.0,-1,0.0,3.0,3.2,3.25,2.2
2005,2006-03-12,HAM,KAI,3.0,0.0,1,3.0,0.0,1.44,4.0,7.5
2005,2006-03-12,SCH,EINF,2.0,0.0,1,3.0,0.0,1.44,4.0,7.5
2005,2006-03-11,BIE,LEVK,1.0,0.0,1,3.0,0.0,2.75,3.2,2.5
2005,2006-03-11,DUI,HAN,0.0,0.0,0,1.0,1.0,2.62,3.2,2.6
2005,2006-03-11,KOL,NUR,3.0,4.0,-1,0.0,3.0,2.25,3.2,3.1
2005,2006-03-11,MAI,MGL,3.0,0.0,1,3.0,0.0,2.3,3.25,3.0
2005,2006-03-11,STU,DOR,0.0,0.0,0,1.0,1.0,1.9,3.25,4.0
2005,2006-03-11,WERB,HERT,0.0,3.0,-1,0.0,3.0,1.53,3.6,6.5
2005,2006-03-11,WOB,BAY,0.0,0.0,0,1.0,1.0,4.75,3.5,1.72
2005,2006-03-07,KAI,STU,1.0,1.0,0,1.0,1.0,2.87,3.25,2.4
2005,2006-03-05,EINF,WOB,1.0,1.0,0,1.0,1.0,2.0,3.4,3.5
2005,2006-03-05,MGL,BIE,2.0,0.0,1,3.0,0.0,1.83,3.4,4.2
2005,2006-03-04,BAY,HAM,1.0,2.0,-1,0.0,3.0,1.53,3.8,6.0
2005,2006-03-04,DOR,MAI,1.0,1.0,0,1.0,1.0,1.57,3.8,5.5
2005,2006-03-04,HAN,SCH,1.0,2.0,-1,0.0,3.0,2.75,3.2,2.5
2005,2006-03-04,HERT,KOL,2.0,4.0,-1,0.0,3.0,1.61,3.6,5.5
2005,2006-03-04,LEVK,WERB,1.0,1.0,0,1.0,1.0,2.5,3.4,2.62
2005,2006-03-04,NUR,DUI,3.0,0.0,1,3.0,0.0,1.9,3.3,4.0
2005,2006-02-26,DUI,HERT,2.0,1.0,1,3.0,0.0,2.6,3.2,2.62
2005,2006-02-26,HAM,STU,0.0,2.0,-1,0.0,3.0,1.83,3.25,4.5
2005,2006-02-25,BAY,EINF,5.0,2.0,1,3.0,0.0,1.25,5.0,13.0
2005,2006-02-25,BIE,DOR,1.0,0.0,1,3.0,0.0,2.6,3.2,2.62
2005,2006-02-25,KOL,LEVK,0.0,3.0,-1,0.0,3.0,2.87,3.25,2.37
2005,2006-02-25,MAI,KAI,0.0,2.0,-1,0.0,3.0,2.1,3.25,3.4
2005,2006-02-25,SCH,NUR,2.0,0.0,1,3.0,0.0,1.44,4.0,7.5
2005,2006-02-25,WERB,MGL,2.0,0.0,1,3.0,0.0,1.5,3.75,7.0
2005,2006-02-25,WOB,HAN,2.0,1.0,1,3.0,0.0,2.4,3.2,2.8
2005,2006-02-19,EINF,HAM,1.0,2.0,-1,0.0,3.0,2.87,3.2,2.4
2005,2006-02-19,STU,MAI,2.0,1.0,1,3.0,0.0,1.66,3.6,5.0
2005,2006-02-18,DOR,WERB,0.0,1.0,-1,0.0,3.0,2.5,3.2,2.7
2005,2006-02-18,HAN,BAY,1.0,1.0,0,1.0,1.0,4.5,3.3,1.8
2005,2006-02-18,HERT,SCH,1.0,2.0,-1,0.0,3.0,2.7,3.2,2.5
2005,2006-02-18,KAI,BIE,2.0,0.0,1,3.0,0.0,2.1,3.25,3.4
2005,2006-02-18,LEVK,DUI,3.0,2.0,1,3.0,0.0,1.53,4.0,5.5
2005,2006-02-18,MGL,KOL,2.0,0.0,1,3.0,0.0,1.72,3.4,5.0
2005,2006-02-18,NUR,WOB,1.0,0.0,1,3.0,0.0,2.1,3.25,3.4
2005,2006-02-12,BAY,NUR,2.0,1.0,1,3.0,0.0,1.2,5.5,17.0
2005,2006-02-12,KOL,DOR,0.0,0.0,0,1.0,1.0,2.87,3.2,2.4
2005,2006-02-11,BIE,STU,2.0,1.0,1,3.0,0.0,2.8,3.25,2.4
2005,2006-02-11,DUI,MGL,1.0,1.0,0,1.0,1.0,2.5,3.25,2.7
2005,2006-02-11,EINF,HAN,0.0,1.0,-1,0.0,3.0,2.25,3.2,3.1
2005,2006-02-11,HAM,MAI,1.0,0.0,1,3.0,0.0,1.44,4.33,6.5
2005,2006-02-11,SCH,LEVK,7.0,4.0,1,3.0,0.0,1.83,3.25,4.5
2005,2006-02-11,WERB,KAI,0.0,2.0,-1,0.0,3.0,1.28,5.0,10.0
2005,2006-02-11,WOB,HERT,1.0,1.0,0,1.0,1.0,2.6,3.25,2.6
2005,2006-02-08,HAN,HAM,2.0,1.0,1,3.0,0.0,3.0,3.25,2.3
2005,2006-02-08,LEVK,WOB,4.0,0.0,1,3.0,0.0,1.8,3.4,4.33
2005,2006-02-08,MGL,SCH,0.0,0.0,0,1.0,1.0,2.9,3.2,2.37
2005,2006-02-08,NUR,EINF,0.0,1.0,-1,0.0,3.0,2.2,3.25,3.2
2005,2006-02-08,STU,WERB,0.0,0.0,0,1.0,1.0,2.4,3.25,2.8
2005,2006-02-07,DOR,DUI,2.0,0.0,1,3.0,0.0,1.53,3.6,6.5
2005,2006-02-07,HERT,BAY,0.0,0.0,0,1.0,1.0,4.33,3.3,1.83
2005,2006-02-07,KAI,KOL,2.0,2.0,0,1.0,1.0,2.1,3.25,3.4
2005,2006-02-07,MAI,BIE,1.0,1.0,0,1.0,1.0,2.0,3.3,3.6
2005,2006-02-05,HAN,NUR,1.0,1.0,0,1.0,1.0,1.8,3.3,4.5
2005,2006-02-05,WOB,MGL,2.0,0.0,1,3.0,0.0,2.3,3.25,3.0
2005,2006-02-04,BAY,LEVK,1.0,0.0,1,3.0,0.0,1.36,4.33,9.0
2005,2006-02-04,DUI,KAI,2.0,2.0,0,1.0,1.0,2.0,3.2,3.75
2005,2006-02-04,EINF,HERT,1.0,1.0,0,1.0,1.0,2.4,3.25,2.8
2005,2006-02-04,KOL,STU,0.0,0.0,0,1.0,1.0,2.87,3.25,2.37
2005,2006-02-04,HAM,BIE,2.0,1.0,1,3.0,0.0,1.36,4.5,8.0
2005,2006-02-04,SCH,DOR,0.0,0.0,0,1.0,1.0,1.8,3.2,4.75
2005,2006-02-04,WERB,MAI,4.0,2.0,1,3.0,0.0,1.3,5.0,9.0
2005,2006-01-29,BIE,WERB,0.0,1.0,-1,0.0,3.0,3.8,3.4,1.9
2005,2006-01-29,KAI,SCH,0.0,2.0,-1,0.0,3.0,3.5,3.4,2.0
2005,2006-01-28,DOR,WOB,3.0,2.0,1,3.0,0.0,1.72,3.4,5.0
2005,2006-01-28,HERT,HAN,1.0,1.0,0,1.0,1.0,1.72,3.6,4.5
2005,2006-01-28,LEVK,EINF,2.0,1.0,1,3.0,0.0,1.8,3.5,4.2
2005,2006-01-28,MAI,KOL,4.0,2.0,1,3.0,0.0,2.0,3.4,3.5
2005,2006-01-28,NUR,HAM,2.0,1.0,1,3.0,0.0,3.2,3.25,2.2
2005,2006-01-28,STU,DUI,0.0,1.0,-1,0.0,3.0,1.36,4.33,9.0
2005,2006-01-27,MGL,BAY,1.0,3.0,-1,0.0,3.0,5.0,3.4,1.72
2005,2005-12-18,HERT,NUR,1.0,1.0,0,1.0,1.0,1.53,3.6,7.0
2005,2005-12-18,WERB,HAM,1.0,1.0,0,1.0,1.0,1.9,3.3,4.0
2005,2005-12-17,BIE,KOL,3.0,2.0,1,3.0,0.0,2.1,3.2,3.5
2005,2005-12-17,DOR,BAY,1.0,2.0,-1,0.0,3.0,4.75,3.2,1.8
2005,2005-12-17,KAI,WOB,3.0,2.0,1,3.0,0.0,2.5,3.2,2.75
2005,2005-12-17,LEVK,HAN,0.0,0.0,0,1.0,1.0,1.9,3.25,4.0
2005,2005-12-17,MAI,DUI,1.0,1.0,0,1.0,1.0,1.57,3.8,5.5
2005,2005-12-17,MGL,EINF,4.0,3.0,1,3.0,0.0,1.83,3.3,4.33
2005,2005-12-17,STU,SCH,2.0,0.0,1,3.0,0.0,2.4,3.2,2.87
2005,2005-12-14,KAI,EINF,1.0,2.0,-1,0.0,3.0,2.25,3.25,2.8
2005,2005-12-11,BAY,KAI,2.0,1.0,1,3.0,0.0,1.14,7.0,17.0
2005,2005-12-11,KOL,WERB,1.0,4.0,-1,0.0,3.0,4.5,3.6,1.72
2005,2005-12-10,DUI,BIE,1.0,1.0,0,1.0,1.0,2.4,3.2,2.87
2005,2005-12-10,EINF,DOR,2.0,0.0,1,3.0,0.0,2.6,3.2,2.62
2005,2005-12-10,HAM,HERT,2.0,1.0,1,3.0,0.0,2.0,3.2,3.75
2005,2005-12-10,HAN,MGL,1.0,1.0,0,1.0,1.0,2.0,3.2,3.75
2005,2005-12-10,NUR,LEVK,1.0,1.0,0,1.0,1.0,2.75,3.2,2.5
2005,2005-12-10,SCH,MAI,1.0,0.0,1,3.0,0.0,1.4,4.33,7.5
2005,2005-12-10,WOB,STU,0.0,1.0,-1,0.0,3.0,2.75,3.2,2.5
2005,2005-12-06,DUI,KOL,1.0,1.0,0,1.0,1.0,2.3,3.25,3.0
2005,2005-12-04,LEVK,HERT,1.0,2.0,-1,0.0,3.0,2.2,3.25,2.8
2005,2005-12-04,MAI,WOB,5.0,1.0,1,3.0,0.0,2.0,3.25,3.25
2005,2005-12-03,BIE,SCH,0.0,1.0,-1,0.0,3.0,3.25,3.25,2.0
2005,2005-12-03,DOR,HAN,0.0,2.0,-1,0.0,3.0,1.72,3.25,4.33
2005,2005-12-03,HAM,KOL,3.0,1.0,1,3.0,0.0,1.4,4.0,6.5
2005,2005-12-03,MGL,NUR,0.0,1.0,-1,0.0,3.0,1.61,3.4,5.0
2005,2005-12-03,STU,BAY,0.0,0.0,0,1.0,1.0,3.5,3.25,1.9
2005,2005-12-03,WERB,DUI,2.0,0.0,1,3.0,0.0,1.22,5.0,10.0
2005,2005-11-27,EINF,STU,1.0,1.0,0,1.0,1.0,2.62,3.2,2.6
2005,2005-11-27,HERT,MGL,2.0,2.0,0,1.0,1.0,1.72,3.4,5.0
2005,2005-11-26,BAY,MAI,2.0,1.0,1,3.0,0.0,1.16,6.5,15.0
2005,2005-11-26,HAN,KAI,5.0,1.0,1,3.0,0.0,1.83,3.25,4.5
2005,2005-11-26,LEVK,HAM,0.0,1.0,-1,0.0,3.0,2.3,3.25,3.0
2005,2005-11-26,NUR,DOR,1.0,2.0,-1,0.0,3.0,2.87,3.25,2.37
2005,2005-11-26,SCH,WERB,2.0,1.0,1,3.0,0.0,2.2,3.2,3.25
2005,2005-11-26,WOB,BIE,0.0,0.0,0,1.0,1.0,1.72,3.6,4.5
2005,2005-11-20,HAM,DUI,2.0,0.0,1,3.0,0.0,1.3,4.5,8.0
2005,2005-11-20,STU,HAN,2.0,2.0,0,1.0,1.0,1.72,3.25,4.33
2005,2005-11-19,BIE,BAY,1.0,2.0,-1,0.0,3.0,5.5,3.75,1.5
2005,2005-11-19,DOR,HERT,2.0,0.0,1,3.0,0.0,2.3,3.2,2.7
2005,2005-11-19,KOL,SCH,2.0,2.0,0,1.0,1.0,3.25,3.25,2.0
2005,2005-11-19,KAI,NUR,1.0,3.0,-1,0.0,3.0,1.83,3.25,3.75
2005,2005-11-19,MAI,EINF,2.0,2.0,0,1.0,1.0,2.0,3.25,3.25
2005,2005-11-19,MGL,LEVK,1.0,1.0,0,1.0,1.0,2.25,3.25,2.75
2005,2005-11-19,WERB,WOB,6.0,1.0,1,3.0,0.0,1.5,3.75,5.5
2005,2005-11-06,MGL,HAM,0.0,0.0,0,1.0,1.0,2.6,3.25,2.6
2005,2005-11-06,NUR,STU,0.0,1.0,-1,0.0,3.0,3.0,3.25,2.3
2005,2005-11-05,BAY,WERB,3.0,1.0,1,3.0,0.0,1.66,3.6,5.0
2005,2005-11-05,EINF,BIE,3.0,0.0,1,3.0,0.0,2.0,3.25,3.25
2005,2005-11-05,HAN,MAI,2.0,2.0,0,1.0,1.0,1.8,3.4,3.75
2005,2005-11-05,HERT,KAI,3.0,0.0,1,3.0,0.0,1.53,3.75,5.0
2005,2005-11-05,LEVK,DOR,2.0,1.0,1,3.0,0.0,2.1,3.25,3.4
2005,2005-11-05,SCH,DUI,3.0,0.0,1,3.0,0.0,1.36,4.0,7.5
2005,2005-11-05,WOB,KOL,1.0,1.0,0,1.0,1.0,1.57,3.6,5.0
2005,2005-10-30,BIE,HAN,4.0,1.0,1,3.0,0.0,2.1,3.25,3.0
2005,2005-10-30,MAI,NUR,4.0,1.0,1,3.0,0.0,2.0,3.25,3.25
2005,2005-10-29,DOR,MGL,2.0,1.0,1,3.0,0.0,1.9,3.25,3.5
2005,2005-10-29,DUI,WOB,1.0,0.0,1,3.0,0.0,2.62,3.2,2.37
2005,2005-10-29,KOL,BAY,1.0,2.0,-1,0.0,3.0,6.5,3.75,1.44
2005,2005-10-29,HAM,SCH,1.0,0.0,1,3.0,0.0,2.25,3.25,2.75
2005,2005-10-29,KAI,LEVK,2.0,2.0,0,1.0,1.0,2.5,3.2,2.5
2005,2005-10-29,STU,HERT,3.0,3.0,0,1.0,1.0,2.0,3.25,3.25
2005,2005-10-29,WERB,EINF,4.0,1.0,1,3.0,0.0,1.4,4.0,6.5
2005,2005-10-23,DOR,HAM,1.0,1.0,0,1.0,1.0,2.37,3.2,2.9
2005,2005-10-23,LEVK,STU,1.0,1.0,0,1.0,1.0,2.0,3.2,3.75
2005,2005-10-22,BAY,DUI,4.0,0.0,1,3.0,0.0,1.16,6.5,15.0
2005,2005-10-22,EINF,KOL,6.0,3.0,1,3.0,0.0,2.1,3.25,3.4
2005,2005-10-22,HAN,WERB,0.0,0.0,0,1.0,1.0,3.4,3.25,2.1
2005,2005-10-22,HERT,MAI,3.0,1.0,1,3.0,0.0,1.44,4.0,7.5
2005,2005-10-22,MGL,KAI,4.0,1.0,1,3.0,0.0,1.83,3.3,4.33
2005,2005-10-22,NUR,BIE,2.0,3.0,-1,0.0,3.0,2.1,3.25,3.4
2005,2005-10-22,WOB,SCH,0.0,0.0,0,1.0,1.0,2.4,3.25,2.8
2005,2005-10-16,DUI,EINF,0.0,1.0,-1,0.0,3.0,1.9,3.25,3.5
2005,2005-10-16,KOL,HAN,1.0,4.0,-1,0.0,3.0,2.0,3.25,3.25
2005,2005-10-15,BIE,HERT,3.0,0.0,1,3.0,0.0,3.0,3.25,2.1
2005,2005-10-15,HAM,WOB,0.0,1.0,-1,0.0,3.0,1.57,3.6,5.0
2005,2005-10-15,KAI,DOR,3.0,3.0,0,1.0,1.0,2.5,3.2,2.5
2005,2005-10-15,MAI,LEVK,3.0,1.0,1,3.0,0.0,3.0,3.25,2.1
2005,2005-10-15,SCH,BAY,1.0,1.0,0,1.0,1.0,2.5,3.2,2.5
2005,2005-10-15,STU,MGL,1.0,1.0,0,1.0,1.0,1.83,3.25,3.75
2005,2005-10-15,WERB,NUR,6.0,2.0,1,3.0,0.0,1.4,3.75,7.5
2005,2005-10-02,DOR,STU,0.0,0.0,0,1.0,1.0,2.37,3.25,2.87
2005,2005-10-02,KAI,HAM,0.0,3.0,-1,0.0,3.0,3.0,3.3,2.25
2005,2005-10-01,BAY,WOB,2.0,0.0,1,3.0,0.0,1.33,4.5,9.5
2005,2005-10-01,EINF,SCH,0.0,1.0,-1,0.0,3.0,3.8,3.4,1.9
2005,2005-10-01,HAN,DUI,1.0,1.0,0,1.0,1.0,1.8,3.4,4.33
2005,2005-10-01,HERT,WERB,1.0,2.0,-1,0.0,3.0,2.37,3.25,2.87
2005,2005-10-01,LEVK,BIE,1.0,1.0,0,1.0,1.0,1.5,4.0,6.0
2005,2005-10-01,MGL,MAI,1.0,0.0,1,3.0,0.0,1.66,3.6,5.0
2005,2005-10-01,NUR,KOL,2.0,1.0,1,3.0,0.0,2.2,3.25,3.2
2005,2005-09-25,KOL,HERT,0.0,1.0,-1,0.0,3.0,2.75,3.2,2.5
2005,2005-09-25,STU,KAI,1.0,0.0,1,3.0,0.0,1.66,3.6,5.0
2005,2005-09-24,BIE,MGL,0.0,2.0,-1,0.0,3.0,2.4,3.25,2.8
2005,2005-09-24,DUI,NUR,1.0,0.0,1,3.0,0.0,2.2,3.25,3.2
2005,2005-09-24,HAM,BAY,2.0,0.0,1,3.0,0.0,3.4,3.25,2.1
2005,2005-09-24,MAI,DOR,1.0,1.0,0,1.0,1.0,3.0,3.25,2.3
2005,2005-09-24,SCH,HAN,2.0,0.0,1,3.0,0.0,1.5,3.8,6.5
2005,2005-09-24,WERB,LEVK,2.0,1.0,1,3.0,0.0,1.83,3.25,4.5
2005,2005-09-24,WOB,EINF,1.0,0.0,1,3.0,0.0,1.53,3.4,5.5
2005,2005-09-21,HERT,DUI,3.0,2.0,1,3.0,0.0,1.36,4.33,8.0
2005,2005-09-21,KAI,MAI,0.0,2.0,-1,0.0,3.0,1.61,3.6,5.5
2005,2005-09-21,LEVK,KOL,2.0,1.0,1,3.0,0.0,1.61,3.6,5.0
2005,2005-09-21,NUR,SCH,1.0,1.0,0,1.0,1.0,3.75,3.3,1.9
2005,2005-09-21,STU,HAM,1.0,2.0,-1,0.0,3.0,2.1,3.25,3.25
2005,2005-09-20,DOR,BIE,2.0,0.0,1,3.0,0.0,1.57,3.6,6.0
2005,2005-09-20,EINF,BAY,0.0,1.0,-1,0.0,3.0,7.0,3.75,1.5
2005,2005-09-20,HAN,WOB,2.0,4.0,-1,0.0,3.0,2.0,3.3,3.4
2005,2005-09-20,MGL,WERB,2.0,1.0,1,3.0,0.0,3.4,3.3,2.05
2005,2005-09-18,DUI,LEVK,1.0,3.0,-1,0.0,3.0,3.0,3.3,2.25
2005,2005-09-18,SCH,HERT,0.0,0.0,0,1.0,1.0,1.83,3.5,4.0
2005,2005-09-17,BAY,HAN,1.0,0.0,1,3.0,0.0,1.28,5.0,10.0
2005,2005-09-17,BIE,KAI,0.0,0.0,0,1.0,1.0,2.3,3.4,2.87
2005,2005-09-17,KOL,MGL,2.0,1.0,1,3.0,0.0,2.4,3.25,2.8
2005,2005-09-17,HAM,EINF,1.0,1.0,0,1.0,1.0,1.4,4.2,8.0
2005,2005-09-17,MAI,STU,1.0,2.0,-1,0.0,3.0,3.2,3.2,2.2
2005,2005-09-17,WERB,DOR,3.0,2.0,1,3.0,0.0,1.66,3.6,5.0
2005,2005-09-17,WOB,NUR,1.0,1.0,0,1.0,1.0,1.66,3.6,5.0
2005,2005-09-11,DOR,KOL,2.0,1.0,1,3.0,0.0,1.72,3.5,4.0
2005,2005-09-11,HERT,WOB,3.0,0.0,1,3.0,0.0,1.66,3.5,4.33
2005,2005-09-10,HAN,EINF,2.0,0.0,1,3.0,0.0,1.72,3.25,4.33
2005,2005-09-10,KAI,WERB,1.0,5.0,-1,0.0,3.0,2.7,3.2,2.3
2005,2005-09-10,LEVK,SCH,1.0,1.0,0,1.0,1.0,2.5,3.0,2.62
2005,2005-09-10,MAI,HAM,1.0,3.0,-1,0.0,3.0,3.25,3.25,2.0
2005,2005-09-10,MGL,DUI,2.0,1.0,1,3.0,0.0,1.72,3.5,4.0
2005,2005-09-10,NUR,BAY,1.0,2.0,-1,0.0,3.0,4.75,3.75,1.53
2005,2005-09-10,STU,BIE,1.0,1.0,0,1.0,1.0,1.5,3.6,5.5
2005,2005-08-28,BIE,MAI,2.0,0.0,1,3.0,0.0,2.0,3.25,3.25
2005,2005-08-28,DUI,DOR,1.0,1.0,0,1.0,1.0,2.62,3.2,2.37
2005,2005-08-27,BAY,HERT,3.0,0.0,1,3.0,0.0,1.4,3.75,7.5
2005,2005-08-27,EINF,NUR,1.0,0.0,1,3.0,0.0,2.1,3.25,3.0
2005,2005-08-27,KOL,KAI,2.0,3.0,-1,0.0,3.0,2.0,3.25,3.25
2005,2005-08-27,HAM,HAN,1.0,1.0,0,1.0,1.0,1.5,3.6,6.0
2005,2005-08-27,SCH,MGL,1.0,1.0,0,1.0,1.0,1.33,4.2,8.0
2005,2005-08-27,WERB,STU,1.0,1.0,0,1.0,1.0,1.8,3.25,4.0
2005,2005-08-27,WOB,LEVK,2.0,1.0,1,3.0,0.0,2.5,3.2,2.5
2005,2005-08-14,MAI,WERB,0.0,2.0,-1,0.0,3.0,3.0,3.25,2.1
2005,2005-08-14,STU,KOL,2.0,3.0,-1,0.0,3.0,1.53,3.6,6.5
2005,2005-08-13,BIE,HAM,0.0,2.0,-1,0.0,3.0,3.0,3.25,2.1
2005,2005-08-13,DOR,SCH,1.0,2.0,-1,0.0,3.0,2.5,3.0,2.62
2005,2005-08-13,HERT,EINF,2.0,0.0,1,3.0,0.0,1.44,3.75,6.5
2005,2005-08-13,KAI,DUI,5.0,3.0,1,3.0,0.0,1.72,3.25,4.33
2005,2005-08-13,LEVK,BAY,2.0,5.0,-1,0.0,3.0,2.75,3.2,2.25
2005,2005-08-13,MGL,WOB,1.0,1.0,0,1.0,1.0,2.1,3.25,3.0
2005,2005-08-13,NUR,HAN,1.0,1.0,0,1.0,1.0,2.25,3.2,2.75
2005,2005-08-07,EINF,LEVK,1.0,4.0,-1,0.0,3.0,2.75,3.25,2.25
2005,2005-08-07,SCH,KAI,2.0,1.0,1,3.0,0.0,1.5,3.5,6.0
2005,2005-08-06,DUI,STU,1.0,1.0,0,1.0,1.0,2.75,3.25,2.25
2005,2005-08-06,KOL,MAI,1.0,0.0,1,3.0,0.0,2.1,3.25,3.0
2005,2005-08-06,HAM,NUR,3.0,0.0,1,3.0,0.0,1.57,3.4,5.5
2005,2005-08-06,HAN,HERT,2.0,2.0,0,1.0,1.0,2.4,3.2,2.6
2005,2005-08-06,WERB,BIE,5.0,2.0,1,3.0,0.0,1.44,3.75,6.5
2005,2005-08-06,WOB,DOR,2.0,2.0,0,1.0,1.0,2.37,3.2,2.62
2005,2005-08-05,BAY,MGL,3.0,0.0,1,3.0,0.0,1.3,5.0,9.5
2004,2005-05-21,BIE,WOB,1.0,2.0,-1,0.0,3.0,2.37,3.2,2.6
2004,2005-05-21,DOR,HANR,2.0,1.0,1,3.0,0.0,1.36,4.0,7.0
2004,2005-05-21,FRE,SCH,2.0,3.0,-1,0.0,3.0,7.0,4.0,1.36
2004,2005-05-21,HAM,BOC,0.0,1.0,-1,0.0,3.0,1.53,3.4,5.5
2004,2005-05-21,HERT,HAN,0.0,0.0,0,1.0,1.0,1.22,5.0,9.0
2004,2005-05-21,KAI,WERB,1.0,2.0,-1,0.0,3.0,4.5,3.5,1.61
2004,2005-05-21,LEVK,MGL,5.0,1.0,1,3.0,0.0,1.25,4.5,10.0
2004,2005-05-21,NUR,MAI,1.0,2.0,-1,0.0,3.0,1.9,3.2,3.5
2004,2005-05-21,STU,BAY,1.0,3.0,-1,0.0,3.0,2.0,3.2,3.2
2004,2005-05-14,BAY,NUR,6.0,3.0,1,3.0,0.0,1.28,4.33,8.5
2004,2005-05-14,BOC,STU,2.0,0.0,1,3.0,0.0,4.33,3.2,1.72
2004,2005-05-14,HAN,HAM,2.0,1.0,1,3.0,0.0,3.0,3.2,2.1
2004,2005-05-14,HANR,BIE,1.0,1.0,0,1.0,1.0,1.9,3.2,3.5
2004,2005-05-14,MAI,KAI,3.0,2.0,1,3.0,0.0,2.1,3.0,3.2
2004,2005-05-14,MGL,HERT,0.0,0.0,0,1.0,1.0,3.5,3.2,1.9
2004,2005-05-14,SCH,DOR,1.0,2.0,-1,0.0,3.0,1.66,3.25,4.5
2004,2005-05-14,WERB,FRE,4.0,1.0,1,3.0,0.0,1.2,5.0,11.0
2004,2005-05-14,WOB,LEVK,2.0,2.0,0,1.0,1.0,2.75,3.25,2.2
2004,2005-05-08,DOR,WERB,1.0,0.0,1,3.0,0.0,2.6,3.25,2.6
2004,2005-05-08,HAM,MGL,0.0,0.0,0,1.0,1.0,1.66,3.5,4.33
2004,2005-05-07,BIE,SCH,0.0,2.0,-1,0.0,3.0,4.0,3.5,1.72
2004,2005-05-07,FRE,KAI,1.0,2.0,-1,0.0,3.0,2.62,3.2,2.37
2004,2005-05-07,HERT,WOB,3.0,1.0,1,3.0,0.0,1.5,3.5,6.0
2004,2005-05-07,LEVK,HANR,3.0,0.0,1,3.0,0.0,1.44,3.75,6.5
2004,2005-05-07,MAI,BAY,2.0,4.0,-1,0.0,3.0,3.0,3.5,2.0
2004,2005-05-07,NUR,BOC,2.0,1.0,1,3.0,0.0,2.1,3.25,3.0
2004,2005-05-07,STU,HAN,1.0,0.0,1,3.0,0.0,1.4,4.0,6.5
2004,2005-05-01,HAN,NUR,1.0,0.0,1,3.0,0.0,2.1,3.2,3.0
2004,2005-05-01,WOB,HAM,1.0,0.0,1,3.0,0.0,2.75,3.2,2.5
2004,2005-04-30,BOC,MAI,2.0,6.0,-1,0.0,3.0,1.66,3.3,4.5
2004,2005-04-30,FRE,DOR,2.0,2.0,0,1.0,1.0,5.0,3.5,1.57
2004,2005-04-30,HANR,HERT,2.0,1.0,1,3.0,0.0,3.4,3.25,1.9
2004,2005-04-30,KAI,BAY,0.0,4.0,-1,0.0,3.0,4.5,3.3,1.66
2004,2005-04-30,MGL,STU,2.0,0.0,1,3.0,0.0,2.75,3.2,2.25
2004,2005-04-30,SCH,LEVK,3.0,3.0,0,1.0,1.0,1.83,3.2,3.75
2004,2005-04-30,WERB,BIE,3.0,0.0,1,3.0,0.0,1.25,4.5,10.0
2004,2005-04-24,LEVK,WERB,2.0,1.0,1,3.0,0.0,2.2,3.25,2.8
2004,2005-04-24,NUR,MGL,0.0,0.0,0,1.0,1.0,2.1,3.25,3.0
2004,2005-04-23,BAY,BOC,3.0,1.0,1,3.0,0.0,1.25,5.0,8.5
2004,2005-04-23,BIE,FRE,3.0,1.0,1,3.0,0.0,1.5,3.5,6.0
2004,2005-04-23,DOR,KAI,4.0,2.0,1,3.0,0.0,1.53,3.6,5.5
2004,2005-04-23,HAM,HANR,3.0,0.0,1,3.0,0.0,1.57,3.4,5.5
2004,2005-04-23,HERT,SCH,4.0,1.0,1,3.0,0.0,2.3,3.2,2.7
2004,2005-04-23,MAI,HAN,2.0,0.0,1,3.0,0.0,1.8,3.25,4.0
2004,2005-04-23,STU,WOB,0.0,0.0,0,1.0,1.0,1.44,3.75,6.5
2004,2005-04-17,KAI,BOC,1.0,2.0,-1,0.0,3.0,1.9,3.25,4.0
2004,2005-04-17,WOB,NUR,0.0,1.0,-1,0.0,3.0,1.72,3.5,4.0
2004,2005-04-16,DOR,BIE,1.0,1.0,0,1.0,1.0,1.53,3.4,6.0
2004,2005-04-16,FRE,LEVK,1.0,3.0,-1,0.0,3.0,4.0,3.5,1.72
2004,2005-04-16,HAN,BAY,0.0,1.0,-1,0.0,3.0,5.0,3.4,1.61
2004,2005-04-16,HANR,STU,2.0,1.0,1,3.0,0.0,4.0,3.25,1.8
2004,2005-04-16,MGL,MAI,1.0,1.0,0,1.0,1.0,1.72,3.5,4.0
2004,2005-04-16,SCH,HAM,1.0,2.0,-1,0.0,3.0,1.57,3.6,5.0
2004,2005-04-16,WERB,HERT,0.0,1.0,-1,0.0,3.0,1.8,3.25,4.0
2004,2005-04-10,BIE,KAI,0.0,2.0,-1,0.0,3.0,2.1,3.25,3.0
2004,2005-04-10,NUR,HANR,3.0,0.0,1,3.0,0.0,2.0,3.25,3.25
2004,2005-04-09,BAY,MGL,2.0,1.0,1,3.0,0.0,1.28,4.5,8.5
2004,2005-04-09,BOC,HAN,1.0,0.0,1,3.0,0.0,2.0,3.25,3.25
2004,2005-04-09,HAM,WERB,1.0,2.0,-1,0.0,3.0,2.37,3.2,2.62
2004,2005-04-09,HERT,FRE,3.0,1.0,1,3.0,0.0,1.33,4.33,7.5
2004,2005-04-09,LEVK,DOR,0.0,1.0,-1,0.0,3.0,1.8,3.25,4.0
2004,2005-04-09,MAI,WOB,0.0,2.0,-1,0.0,3.0,1.9,3.25,3.5
2004,2005-04-09,STU,SCH,3.0,0.0,1,3.0,0.0,2.25,3.0,3.0
2004,2005-04-03,DOR,HERT,2.0,1.0,1,3.0,0.0,2.3,3.2,2.7
2004,2005-04-03,MGL,BOC,2.0,2.0,0,1.0,1.0,1.8,3.25,4.0
2004,2005-04-02,BIE,LEVK,1.0,0.0,1,3.0,0.0,3.0,3.25,2.1
2004,2005-04-02,FRE,HAM,1.0,1.0,0,1.0,1.0,3.5,3.25,1.9
2004,2005-04-02,HANR,MAI,2.0,0.0,1,3.0,0.0,1.8,3.3,3.75
2004,2005-04-02,KAI,HAN,0.0,2.0,-1,0.0,3.0,1.8,3.25,4.0
2004,2005-04-02,SCH,NUR,4.0,1.0,1,3.0,0.0,1.36,4.0,7.5
2004,2005-04-02,WERB,STU,1.0,2.0,-1,0.0,3.0,1.9,3.1,3.75
2004,2005-04-02,WOB,BAY,0.0,3.0,-1,0.0,3.0,3.75,3.4,1.8
2004,2005-03-20,MAI,SCH,2.0,1.0,1,3.0,0.0,4.2,3.4,1.83
2004,2005-03-20,STU,FRE,1.0,0.0,1,3.0,0.0,1.28,4.5,8.5
2004,2005-03-19,BAY,HANR,3.0,1.0,1,3.0,0.0,1.22,5.0,10.0
2004,2005-03-19,BOC,WOB,5.0,1.0,1,3.0,0.0,2.4,3.2,2.6
2004,2005-03-19,HAM,DOR,2.0,3.0,-1,0.0,3.0,1.8,3.25,4.0
2004,2005-03-19,HAN,MGL,2.0,1.0,1,3.0,0.0,2.1,3.25,3.0
2004,2005-03-19,HERT,BIE,3.0,0.0,1,3.0,0.0,1.5,3.5,6.0
2004,2005-03-19,LEVK,KAI,2.0,0.0,1,3.0,0.0,1.66,3.4,4.5
2004,2005-03-19,NUR,WERB,1.0,2.0,-1,0.0,3.0,3.75,3.3,1.8
2004,2005-03-13,DOR,STU,0.0,2.0,-1,0.0,3.0,2.3,3.2,2.7
2004,2005-03-13,SCH,BAY,1.0,0.0,1,3.0,0.0,2.5,3.0,2.62
2004,2005-03-12,BIE,HAM,3.0,4.0,-1,0.0,3.0,2.4,3.2,2.6
2004,2005-03-12,FRE,NUR,2.0,3.0,-1,0.0,3.0,2.4,3.2,2.6
2004,2005-03-12,HANR,BOC,3.0,1.0,1,3.0,0.0,2.0,3.25,3.25
2004,2005-03-12,KAI,MGL,1.0,0.0,1,3.0,0.0,1.9,3.25,3.5
2004,2005-03-12,LEVK,HERT,3.0,3.0,0,1.0,1.0,2.0,3.25,3.25
2004,2005-03-12,WERB,MAI,0.0,0.0,0,1.0,1.0,1.33,4.33,7.5
2004,2005-03-12,WOB,HAN,1.0,0.0,1,3.0,0.0,1.61,3.4,5.0
2004,2005-03-06,HERT,KAI,1.0,1.0,0,1.0,1.0,1.66,3.4,4.5
2004,2005-03-06,NUR,DOR,2.0,2.0,0,1.0,1.0,2.62,3.2,2.37
2004,2005-03-05,BAY,WERB,1.0,0.0,1,3.0,0.0,1.66,3.4,4.5
2004,2005-03-05,BOC,SCH,0.0,2.0,-1,0.0,3.0,3.5,3.25,1.9
2004,2005-03-05,HAM,LEVK,1.0,0.0,1,3.0,0.0,2.25,3.25,2.75
2004,2005-03-05,HAN,HANR,0.0,1.0,-1,0.0,3.0,1.66,3.4,4.5
2004,2005-03-05,MAI,FRE,5.0,0.0,1,3.0,0.0,1.9,3.25,3.5
2004,2005-03-05,MGL,WOB,1.0,0.0,1,3.0,0.0,1.9,3.25,3.5
2004,2005-03-05,STU,BIE,2.0,1.0,1,3.0,0.0,1.5,3.5,6.0
2004,2005-02-27,LEVK,STU,1.0,1.0,0,1.0,1.0,1.9,3.25,3.5
2004,2005-02-27,SCH,HAN,1.0,0.0,1,3.0,0.0,1.44,3.75,6.5
2004,2005-02-26,BIE,NUR,3.0,1.0,1,3.0,0.0,1.9,3.25,3.5
2004,2005-02-26,DOR,MAI,3.0,0.0,1,3.0,0.0,1.5,3.5,6.0
2004,2005-02-26,FRE,BAY,0.0,1.0,-1,0.0,3.0,6.0,3.5,1.5
2004,2005-02-26,HANR,MGL,0.0,0.0,0,1.0,1.0,2.5,3.2,2.5
2004,2005-02-26,HERT,HAM,4.0,1.0,1,3.0,0.0,1.9,3.25,3.5
2004,2005-02-26,KAI,WOB,0.0,0.0,0,1.0,1.0,2.0,3.25,3.25
2004,2005-02-26,WERB,BOC,4.0,0.0,1,3.0,0.0,1.4,3.75,7.5
2004,2005-02-20,MGL,SCH,1.0,3.0,-1,0.0,3.0,2.6,3.2,2.4
2004,2005-02-20,STU,HERT,1.0,0.0,1,3.0,0.0,2.0,3.25,3.25
2004,2005-02-19,BAY,DOR,5.0,0.0,1,3.0,0.0,1.44,3.75,6.5
2004,2005-02-19,BOC,FRE,3.0,1.0,1,3.0,0.0,1.8,3.4,3.75
2004,2005-02-19,HAM,KAI,2.0,1.0,1,3.0,0.0,1.66,3.4,4.5
2004,2005-02-19,HAN,WERB,1.0,4.0,-1,0.0,3.0,2.75,3.25,2.25
2004,2005-02-19,MAI,BIE,0.0,0.0,0,1.0,1.0,2.2,3.25,2.8
2004,2005-02-19,NUR,LEVK,2.0,4.0,-1,0.0,3.0,2.7,3.2,2.3
2004,2005-02-19,WOB,HANR,4.0,0.0,1,3.0,0.0,1.53,3.4,6.0
2004,2005-02-13,BIE,BAY,3.0,1.0,1,3.0,0.0,5.0,3.4,1.61
2004,2005-02-13,LEVK,MAI,2.0,0.0,1,3.0,0.0,1.33,4.33,7.5
2004,2005-02-12,DOR,BOC,1.0,0.0,1,3.0,0.0,1.57,3.4,5.5
2004,2005-02-12,FRE,HAN,0.0,0.0,0,1.0,1.0,2.3,3.25,2.7
2004,2005-02-12,HAM,STU,2.0,1.0,1,3.0,0.0,2.2,3.2,2.87
2004,2005-02-12,HERT,NUR,2.0,1.0,1,3.0,0.0,1.53,3.5,5.5
2004,2005-02-12,KAI,HANR,2.0,1.0,1,3.0,0.0,1.5,3.6,5.5
2004,2005-02-12,SCH,WOB,3.0,0.0,1,3.0,0.0,1.61,3.4,5.0
2004,2005-02-12,WERB,MGL,2.0,0.0,1,3.0,0.0,1.61,3.4,5.0
2004,2005-02-06,MGL,FRE,3.0,2.0,1,3.0,0.0,1.57,3.4,5.5
2004,2005-02-06,WOB,WERB,2.0,3.0,-1,0.0,3.0,2.38,3.2,2.63
2004,2005-02-05,BAY,LEVK,2.0,0.0,1,3.0,0.0,1.61,3.4,5.0
2004,2005-02-05,BOC,BIE,1.0,1.0,0,1.0,1.0,2.1,3.25,3.0
2004,2005-02-05,HAN,DOR,1.0,3.0,-1,0.0,3.0,2.3,3.2,2.7
2004,2005-02-05,HANR,SCH,2.0,2.0,0,1.0,1.0,4.0,3.25,1.8
2004,2005-02-05,MAI,HERT,0.0,3.0,-1,0.0,3.0,2.63,3.2,2.38
2004,2005-02-05,NUR,HAM,1.0,3.0,-1,0.0,3.0,2.4,3.2,2.6
2004,2005-02-05,STU,KAI,1.0,1.0,0,1.0,1.0,1.5,3.5,6.0
2004,2005-01-30,HERT,BAY,0.0,0.0,0,1.0,1.0,3.0,3.25,2.1
2004,2005-01-30,WERB,HANR,3.0,2.0,1,3.0,0.0,1.36,4.0,7.5
2004,2005-01-29,BIE,HAN,0.0,1.0,-1,0.0,3.0,2.2,3.25,2.79
2004,2005-01-29,DOR,MGL,1.0,1.0,0,1.0,1.0,1.72,3.25,4.33
2004,2005-01-29,FRE,WOB,1.0,0.0,1,3.0,0.0,2.5,3.2,2.5
2004,2005-01-29,HAM,MAI,2.0,1.0,1,3.0,0.0,1.5,3.5,6.0
2004,2005-01-29,KAI,SCH,2.0,0.0,1,3.0,0.0,3.0,3.25,2.1
2004,2005-01-29,LEVK,BOC,4.0,0.0,1,3.0,0.0,1.39,3.79,7.0
2004,2005-01-29,STU,NUR,2.0,4.0,-1,0.0,3.0,1.44,3.75,6.5
2004,2005-01-23,BOC,HERT,2.0,2.0,0,1.0,1.0,2.7,3.2,2.3
2004,2005-01-23,HAN,LEVK,0.0,3.0,-1,0.0,3.0,2.37,3.2,2.62
2004,2005-01-22,HANR,FRE,0.0,0.0,0,1.0,1.0,1.9,3.25,3.5
2004,2005-01-22,MAI,STU,2.0,3.0,-1,0.0,3.0,2.8,3.25,2.2
2004,2005-01-22,MGL,BIE,1.0,0.0,1,3.0,0.0,1.8,3.4,3.75
2004,2005-01-22,NUR,KAI,1.0,3.0,-1,0.0,3.0,2.1,3.25,3.0
2004,2005-01-22,SCH,WERB,2.0,1.0,1,3.0,0.0,2.1,3.2,3.1
2004,2005-01-22,WOB,DOR,1.0,2.0,-1,0.0,3.0,1.83,3.25,3.75
2004,2005-01-21,BAY,HAM,3.0,0.0,1,3.0,0.0,1.4,4.0,6.5
2004,2004-12-12,MGL,LEVK,1.0,1.0,0,1.0,1.0,2.7,3.2,2.3
2004,2004-12-12,WOB,BIE,5.0,0.0,1,3.0,0.0,1.72,3.25,4.33
2004,2004-12-11,BAY,STU,2.0,2.0,0,1.0,1.0,1.61,3.4,5.0
2004,2004-12-11,BOC,HAM,1.0,2.0,-1,0.0,3.0,2.6,3.2,2.4
2004,2004-12-11,HAN,HERT,0.0,1.0,-1,0.0,3.0,2.25,3.25,2.75
2004,2004-12-11,HANR,DOR,1.0,1.0,0,1.0,1.0,2.62,3.2,2.37
2004,2004-12-11,MAI,NUR,0.0,1.0,-1,0.0,3.0,2.0,3.25,3.25
2004,2004-12-11,SCH,FRE,1.0,1.0,0,1.0,1.0,1.25,4.5,11.0
2004,2004-12-11,WERB,KAI,1.0,1.0,0,1.0,1.0,1.5,3.5,6.0
2004,2004-12-05,DOR,SCH,0.0,1.0,-1,0.0,3.0,2.37,3.2,2.62
2004,2004-12-05,KAI,MAI,2.0,0.0,1,3.0,0.0,1.9,3.25,3.5
2004,2004-12-04,BIE,HANR,1.0,1.0,0,1.0,1.0,1.61,3.4,5.0
2004,2004-12-04,FRE,WERB,0.0,6.0,-1,0.0,3.0,3.25,3.25,2.0
2004,2004-12-04,HAM,HAN,0.0,2.0,-1,0.0,3.0,1.8,3.25,4.0
2004,2004-12-04,HERT,MGL,6.0,0.0,1,3.0,0.0,1.66,3.4,4.5
2004,2004-12-04,LEVK,WOB,2.0,1.0,1,3.0,0.0,1.83,3.25,3.75
2004,2004-12-04,NUR,BAY,2.0,2.0,0,1.0,1.0,5.0,3.4,1.61
2004,2004-12-04,STU,BOC,5.0,2.0,1,3.0,0.0,1.44,3.75,6.5
2004,2004-11-28,HAN,STU,0.0,0.0,0,1.0,1.0,2.37,3.2,2.62
2004,2004-11-28,SCH,BIE,2.0,1.0,1,3.0,0.0,1.57,3.4,5.5
2004,2004-11-27,BAY,MAI,4.0,2.0,1,3.0,0.0,1.28,4.5,8.5
2004,2004-11-27,BOC,NUR,3.0,1.0,1,3.0,0.0,2.1,3.25,3.0
2004,2004-11-27,HANR,LEVK,0.0,2.0,-1,0.0,3.0,2.87,3.2,2.2
2004,2004-11-27,KAI,FRE,3.0,0.0,1,3.0,0.0,1.66,3.4,4.5
2004,2004-11-27,MGL,HAM,1.0,3.0,-1,0.0,3.0,2.3,3.2,2.7
2004,2004-11-27,WERB,DOR,2.0,0.0,1,3.0,0.0,1.8,3.25,4.0
2004,2004-11-27,WOB,HERT,2.0,3.0,-1,0.0,3.0,1.83,3.25,3.75
2004,2004-11-21,HAM,WOB,3.0,1.0,1,3.0,0.0,2.2,3.25,2.8
2004,2004-11-21,NUR,HAN,1.0,1.0,0,1.0,1.0,2.2,3.25,2.8
2004,2004-11-20,BAY,KAI,3.0,1.0,1,3.0,0.0,1.28,4.5,8.5
2004,2004-11-20,BIE,WERB,2.0,1.0,1,3.0,0.0,2.8,3.2,2.25
2004,2004-11-20,DOR,FRE,2.0,0.0,1,3.0,0.0,1.5,3.5,6.0
2004,2004-11-20,HERT,HANR,1.0,1.0,0,1.0,1.0,1.4,3.75,7.5
2004,2004-11-20,LEVK,SCH,0.0,3.0,-1,0.0,3.0,2.1,3.25,3.0
2004,2004-11-20,MAI,BOC,1.0,0.0,1,3.0,0.0,1.9,3.25,3.5
2004,2004-11-20,STU,MGL,1.0,0.0,1,3.0,0.0,1.5,3.5,6.0
2004,2004-11-14,BOC,BAY,1.0,3.0,-1,0.0,3.0,4.5,3.4,1.66
2004,2004-11-14,HANR,HAM,0.0,6.0,-1,0.0,3.0,2.5,3.2,2.5
2004,2004-11-13,FRE,BIE,2.0,3.0,-1,0.0,3.0,2.25,3.25,2.75
2004,2004-11-13,HAN,MAI,2.0,0.0,1,3.0,0.0,1.72,3.25,4.33
2004,2004-11-13,KAI,DOR,1.0,0.0,1,3.0,0.0,2.6,3.2,2.4
2004,2004-11-13,MGL,NUR,2.0,1.0,1,3.0,0.0,1.9,3.25,3.5
2004,2004-11-13,SCH,HERT,1.0,3.0,-1,0.0,3.0,1.66,3.4,4.5
2004,2004-11-13,WERB,LEVK,2.0,2.0,0,1.0,1.0,1.9,3.25,3.5
2004,2004-11-13,WOB,STU,3.0,0.0,1,3.0,0.0,2.37,3.2,2.62
2004,2004-11-07,HAM,SCH,1.0,2.0,-1,0.0,3.0,2.37,3.2,2.62
2004,2004-11-07,STU,HANR,4.0,0.0,1,3.0,0.0,1.4,3.75,7.5
2004,2004-11-06,BAY,HAN,3.0,0.0,1,3.0,0.0,1.4,3.75,7.5
2004,2004-11-06,BIE,DOR,1.0,0.0,1,3.0,0.0,2.6,3.2,2.4
2004,2004-11-06,BOC,KAI,1.0,1.0,0,1.0,1.0,1.9,3.25,3.5
2004,2004-11-06,HERT,WERB,1.0,1.0,0,1.0,1.0,2.37,3.2,2.62
2004,2004-11-06,LEVK,FRE,4.0,1.0,1,3.0,0.0,1.4,3.75,7.5
2004,2004-11-06,MAI,MGL,1.0,1.0,0,1.0,1.0,1.9,3.25,3.5
2004,2004-11-06,NUR,WOB,4.0,0.0,1,3.0,0.0,2.62,3.2,2.37
2004,2004-10-31,HANR,NUR,0.0,2.0,-1,0.0,3.0,2.0,3.25,3.25
2004,2004-10-31,KAI,BIE,2.0,1.0,1,3.0,0.0,2.1,3.25,3.0
2004,2004-10-30,DOR,LEVK,1.0,0.0,1,3.0,0.0,2.25,3.25,2.75
2004,2004-10-30,FRE,HERT,1.0,3.0,-1,0.0,3.0,2.37,3.2,2.62
2004,2004-10-30,HAN,BOC,3.0,0.0,1,3.0,0.0,1.8,3.25,4.0
2004,2004-10-30,MGL,BAY,2.0,0.0,1,3.0,0.0,4.5,3.4,1.66
2004,2004-10-30,SCH,STU,3.0,2.0,1,3.0,0.0,2.1,3.25,3.0
2004,2004-10-30,WERB,HAM,1.0,1.0,0,1.0,1.0,1.61,3.4,5.0
2004,2004-10-30,WOB,MAI,4.0,3.0,1,3.0,0.0,1.66,3.4,4.5
2004,2004-10-27,HAM,FRE,4.0,0.0,1,3.0,0.0,1.66,3.4,4.5
2004,2004-10-27,LEVK,BIE,3.0,2.0,1,3.0,0.0,1.57,3.4,5.5
2004,2004-10-27,MAI,HANR,3.0,1.0,1,3.0,0.0,1.8,3.25,4.0
2004,2004-10-27,NUR,SCH,0.0,2.0,-1,0.0,3.0,2.6,3.2,2.4
2004,2004-10-27,STU,WERB,1.0,2.0,-1,0.0,3.0,1.83,3.25,3.75
2004,2004-10-26,BAY,WOB,2.0,0.0,1,3.0,0.0,1.57,3.4,5.5
2004,2004-10-26,BOC,MGL,3.0,0.0,1,3.0,0.0,2.0,3.25,3.25
2004,2004-10-26,HAN,KAI,3.0,1.0,1,3.0,0.0,1.8,3.25,4.0
2004,2004-10-26,HERT,DOR,0.0,1.0,-1,0.0,3.0,2.1,3.25,3.0
2004,2004-10-24,FRE,STU,2.0,0.0,1,3.0,0.0,4.0,3.25,1.8
2004,2004-10-24,SCH,MAI,2.0,1.0,1,3.0,0.0,1.66,3.4,4.5
2004,2004-10-23,BIE,HERT,1.0,0.0,1,3.0,0.0,2.37,3.2,2.62
2004,2004-10-23,DOR,HAM,0.0,2.0,-1,0.0,3.0,1.61,3.6,4.5
2004,2004-10-23,HANR,BAY,0.0,2.0,-1,0.0,3.0,4.33,3.25,1.72
2004,2004-10-23,KAI,LEVK,0.0,0.0,0,1.0,1.0,2.7,3.2,2.3
2004,2004-10-23,MGL,HAN,0.0,2.0,-1,0.0,3.0,1.9,3.25,3.5
2004,2004-10-23,WERB,NUR,4.0,1.0,1,3.0,0.0,1.53,3.75,5.0
2004,2004-10-23,WOB,BOC,3.0,0.0,1,3.0,0.0,1.66,3.4,4.5
2004,2004-10-17,HAN,WOB,3.0,0.0,1,3.0,0.0,2.5,3.2,2.5
2004,2004-10-17,MGL,KAI,2.0,0.0,1,3.0,0.0,1.9,3.25,3.5
2004,2004-10-16,BAY,SCH,0.0,1.0,-1,0.0,3.0,1.57,3.4,5.5
2004,2004-10-16,BOC,HANR,0.0,1.0,-1,0.0,3.0,1.8,3.25,4.0
2004,2004-10-16,HAM,BIE,0.0,2.0,-1,0.0,3.0,1.72,3.25,4.33
2004,2004-10-16,HERT,LEVK,3.0,1.0,1,3.0,0.0,2.37,3.2,2.62
2004,2004-10-16,MAI,WERB,2.0,1.0,1,3.0,0.0,2.75,3.25,2.25
2004,2004-10-16,NUR,FRE,3.0,0.0,1,3.0,0.0,1.9,3.25,3.5
2004,2004-10-16,STU,DOR,2.0,0.0,1,3.0,0.0,1.83,3.25,3.75
2004,2004-10-03,BIE,STU,0.0,2.0,-1,0.0,3.0,3.25,3.25,2.0
2004,2004-10-03,SCH,BOC,3.0,2.0,1,3.0,0.0,1.9,3.25,3.5
2004,2004-10-02,DOR,NUR,2.0,2.0,0,1.0,1.0,1.57,3.4,5.5
2004,2004-10-02,FRE,MAI,1.0,2.0,-1,0.0,3.0,1.9,3.25,3.5
2004,2004-10-02,HANR,HAN,1.0,3.0,-1,0.0,3.0,2.0,3.25,3.25
2004,2004-10-02,KAI,HERT,0.0,2.0,-1,0.0,3.0,2.0,3.25,3.25
2004,2004-10-02,LEVK,HAM,3.0,0.0,1,3.0,0.0,1.61,3.4,5.0
2004,2004-10-02,WERB,BAY,1.0,2.0,-1,0.0,3.0,2.37,3.2,2.62
2004,2004-10-02,WOB,MGL,2.0,1.0,1,3.0,0.0,1.61,3.4,5.0
2004,2004-09-28,HAN,BIE,0.0,1.0,-1,0.0,3.0,1.83,3.25,3.75
2004,2004-09-26,HAM,HERT,2.0,1.0,1,3.0,0.0,2.1,3.25,3.0
2004,2004-09-26,MAI,DOR,1.0,1.0,0,1.0,1.0,2.62,3.2,2.37
2004,2004-09-25,BAY,FRE,3.0,1.0,1,3.0,0.0,1.28,4.5,8.5
2004,2004-09-25,BOC,WERB,1.0,4.0,-1,0.0,3.0,2.62,3.2,2.37
2004,2004-09-25,HAN,SCH,1.0,0.0,1,3.0,0.0,2.5,3.2,2.5
2004,2004-09-25,MGL,HANR,2.0,2.0,0,1.0,1.0,1.83,3.25,3.75
2004,2004-09-25,NUR,BIE,1.0,2.0,-1,0.0,3.0,1.8,3.25,4.0
2004,2004-09-25,STU,LEVK,3.0,0.0,1,3.0,0.0,2.2,3.25,2.8
2004,2004-09-25,WOB,KAI,2.0,1.0,1,3.0,0.0,1.61,3.4,5.0
2004,2004-09-19,FRE,BOC,1.0,1.0,0,1.0,1.0,2.3,3.2,2.7
2004,2004-09-19,HERT,STU,0.0,0.0,0,1.0,1.0,2.6,3.2,2.4
2004,2004-09-18,BIE,MAI,1.0,1.0,0,1.0,1.0,2.25,3.25,2.75
2004,2004-09-18,DOR,BAY,2.0,2.0,0,1.0,1.0,2.75,3.0,2.37
2004,2004-09-18,HANR,WOB,1.0,2.0,-1,0.0,3.0,2.3,3.2,2.7
2004,2004-09-18,KAI,HAM,2.0,1.0,1,3.0,0.0,2.2,3.25,2.8
2004,2004-09-18,LEVK,NUR,2.0,2.0,0,1.0,1.0,1.4,3.75,7.5
2004,2004-09-18,SCH,MGL,3.0,2.0,1,3.0,0.0,1.66,3.4,4.5
2004,2004-09-18,WERB,HAN,3.0,0.0,1,3.0,0.0,1.5,3.5,6.0
2004,2004-09-12,HAN,FRE,2.0,2.0,0,1.0,1.0,1.83,3.25,3.75
2004,2004-09-12,HANR,KAI,2.0,3.0,-1,0.0,3.0,1.91,3.25,3.5
2004,2004-09-11,BAY,BIE,1.0,0.0,1,3.0,0.0,1.2,5.0,12.0
2004,2004-09-11,BOC,DOR,2.0,2.0,0,1.0,1.0,2.38,3.2,2.63
2004,2004-09-11,MAI,LEVK,2.0,0.0,1,3.0,0.0,3.5,3.25,1.91
2004,2004-09-11,MGL,WERB,3.0,1.0,1,3.0,0.0,2.88,3.2,2.2
2004,2004-09-11,NUR,HERT,0.0,0.0,0,1.0,1.0,2.25,3.2,2.8
2004,2004-09-11,STU,HAM,2.0,0.0,1,3.0,0.0,1.57,3.6,5.0
2004,2004-09-11,WOB,SCH,3.0,0.0,1,3.0,0.0,2.3,3.2,2.7
2004,2004-08-29,DOR,HAN,1.0,1.0,0,1.0,1.0,1.5,3.5,6.0
2004,2004-08-29,WERB,WOB,1.0,2.0,-1,0.0,3.0,1.44,3.75,6.5
2004,2004-08-28,BIE,BOC,1.0,2.0,-1,0.0,3.0,2.3,3.2,2.7
2004,2004-08-28,FRE,MGL,1.0,1.0,0,1.0,1.0,1.9,3.25,3.5
2004,2004-08-28,HAM,NUR,4.0,3.0,1,3.0,0.0,1.8,3.25,4.0
2004,2004-08-28,HERT,MAI,1.0,1.0,0,1.0,1.0,1.53,3.4,6.0
2004,2004-08-28,KAI,STU,2.0,3.0,-1,0.0,3.0,2.75,3.25,2.25
2004,2004-08-28,LEVK,BAY,4.0,1.0,1,3.0,0.0,2.9,3.2,2.37
2004,2004-08-28,SCH,HANR,0.0,2.0,-1,0.0,3.0,1.5,3.5,6.0
2004,2004-08-15,BOC,LEVK,2.0,2.0,0,1.0,1.0,2.37,3.2,2.62
2004,2004-08-15,WOB,FRE,0.0,1.0,-1,0.0,3.0,1.61,3.4,5.0
2004,2004-08-14,BAY,HERT,1.0,1.0,0,1.0,1.0,1.4,4.0,9.0
2004,2004-08-14,HANR,WERB,0.0,4.0,-1,0.0,3.0,2.8,3.25,2.2
2004,2004-08-14,MAI,HAM,2.0,1.0,1,3.0,0.0,2.6,3.2,2.4
2004,2004-08-14,MGL,DOR,2.0,3.0,-1,0.0,3.0,2.5,3.2,2.5
2004,2004-08-14,NUR,STU,1.0,1.0,0,1.0,1.0,2.8,3.25,2.2
2004,2004-08-14,SCH,KAI,2.0,1.0,1,3.0,0.0,1.53,3.5,5.5
2004,2004-08-08,BIE,MGL,0.0,0.0,0,1.0,1.0,2.25,3.25,2.75
2004,2004-08-08,STU,MAI,4.0,2.0,1,3.0,0.0,1.4,3.75,7.5
2004,2004-08-07,DOR,WOB,1.0,2.0,-1,0.0,3.0,1.57,3.4,5.5
2004,2004-08-07,FRE,HANR,0.0,0.0,0,1.0,1.0,2.1,3.25,3.0
2004,2004-08-07,HAM,BAY,0.0,2.0,-1,0.0,3.0,3.25,3.25,2.0
2004,2004-08-07,HERT,BOC,2.0,2.0,0,1.0,1.0,1.83,3.25,3.75
2004,2004-08-07,KAI,NUR,1.0,3.0,-1,0.0,3.0,1.72,3.25,4.33
2004,2004-08-07,LEVK,HAN,2.0,1.0,1,3.0,0.0,1.5,3.5,6.0
2004,2004-08-06,WERB,SCH,1.0,0.0,1,3.0,0.0,1.9,3.25,3.5
2003,2004-05-22,LEVK,STU,2.0,0.0,1,3.0,0.0,2.1,3.0,3.2
2003,2004-05-22,MGL,MUN1,3.0,1.0,1,3.0,0.0,2.7,3.6,2.1
2003,2004-05-22,WOB,SCH,1.0,1.0,0,1.0,1.0,2.1,3.2,3.0
2003,2004-05-01,DOR,HANR,4.0,1.0,1,3.0,0.0,1.53,3.4,6.0
2003,2004-04-25,BAY,MUN1,1.0,0.0,1,3.0,0.0,1.4,3.75,7.5
2003,2004-04-25,BOC,WERB,0.0,0.0,0,1.0,1.0,2.6,3.2,2.4
2003,2004-04-24,EINF,FRE,3.0,0.0,1,3.0,0.0,2.1,3.25,3.0
2003,2004-04-24,HAM,KOL,4.0,2.0,1,3.0,0.0,1.44,3.75,6.5
2003,2004-04-24,HAN,STU,0.0,1.0,-1,0.0,3.0,2.75,3.25,2.25
2003,2004-04-24,HANR,SCH,3.0,1.0,1,3.0,0.0,2.4,3.2,2.6
2003,2004-04-24,HERT,KAI,3.0,0.0,1,3.0,0.0,1.9,3.25,3.5
2003,2004-04-24,LEVK,DOR,3.0,0.0,1,3.0,0.0,2.2,3.25,2.8
2003,2004-04-24,MGL,WOB,0.0,2.0,-1,0.0,3.0,1.9,3.25,3.5
2003,2004-04-18,KOL,BOC,1.0,2.0,-1,0.0,3.0,2.6,3.2,2.4
2003,2004-04-18,WERB,HAN,0.0,0.0,0,1.0,1.0,1.36,4.0,7.5
2003,2004-04-17,DOR,BAY,2.0,0.0,1,3.0,0.0,2.6,3.2,2.4
2003,2004-04-17,KAI,HANR,3.0,2.0,1,3.0,0.0,2.0,3.25,3.25
2003,2004-04-17,MGL,HERT,1.0,1.0,0,1.0,1.0,2.1,3.25,3.0
2003,2004-04-17,MUN1,HAM,1.0,2.0,-1,0.0,3.0,2.2,3.25,2.8
2003,2004-04-17,SCH,LEVK,2.0,3.0,-1,0.0,3.0,2.2,3.25,2.8
2003,2004-04-17,STU,EINF,3.0,1.0,1,3.0,0.0,1.36,4.0,7.5
2003,2004-04-17,WOB,FRE,4.0,0.0,1,3.0,0.0,1.83,3.25,3.75
2003,2004-04-11,FRE,STU,0.0,1.0,-1,0.0,3.0,2.63,3.2,2.38
2003,2004-04-11,HAN,KOL,1.0,0.0,1,3.0,0.0,1.67,3.4,4.5
2003,2004-04-10,BAY,SCH,2.0,1.0,1,3.0,0.0,1.5,3.5,6.0
2003,2004-04-10,BOC,MUN1,4.0,0.0,1,3.0,0.0,1.67,3.4,4.5
2003,2004-04-10,EINF,WERB,0.0,1.0,-1,0.0,3.0,3.75,3.4,1.8
2003,2004-04-10,HAM,DOR,0.0,2.0,-1,0.0,3.0,2.38,3.2,2.63
2003,2004-04-10,HANR,MGL,1.0,2.0,-1,0.0,3.0,1.8,3.25,4.0
2003,2004-04-10,HERT,WOB,1.0,0.0,1,3.0,0.0,1.91,3.25,3.5
2003,2004-04-10,LEVK,KAI,6.0,0.0,1,3.0,0.0,1.57,3.4,5.5
2003,2004-04-04,DOR,BOC,4.0,1.0,1,3.0,0.0,1.8,3.25,4.0
2003,2004-04-04,WERB,FRE,1.0,1.0,0,1.0,1.0,1.33,4.0,8.5
2003,2004-04-03,KOL,EINF,2.0,0.0,1,3.0,0.0,2.3,3.2,2.7
2003,2004-04-03,HERT,HANR,1.0,1.0,0,1.0,1.0,1.91,3.25,3.5
2003,2004-04-03,KAI,BAY,0.0,2.0,-1,0.0,3.0,3.5,3.25,1.91
2003,2004-04-03,MGL,LEVK,0.0,0.0,0,1.0,1.0,2.63,3.2,2.38
2003,2004-04-03,MUN1,HAN,0.0,2.0,-1,0.0,3.0,1.83,3.25,3.75
2003,2004-04-03,SCH,HAM,4.0,1.0,1,3.0,0.0,1.83,3.25,3.75
2003,2004-04-03,WOB,STU,1.0,5.0,-1,0.0,3.0,2.63,3.2,2.38
2003,2004-03-28,HAM,KAI,3.0,2.0,1,3.0,0.0,1.8,3.25,4.0
2003,2004-03-28,STU,WERB,4.0,4.0,0,1.0,1.0,2.4,3.2,2.6
2003,2004-03-27,BAY,MGL,5.0,2.0,1,3.0,0.0,1.29,4.5,8.5
2003,2004-03-27,BOC,SCH,1.0,2.0,-1,0.0,3.0,2.2,3.25,2.8
2003,2004-03-27,EINF,MUN1,0.0,3.0,-1,0.0,3.0,2.0,3.25,3.25
2003,2004-03-27,FRE,KOL,3.0,0.0,1,3.0,0.0,1.67,3.4,4.5
2003,2004-03-27,HAN,DOR,1.0,1.0,0,1.0,1.0,2.7,3.2,2.3
2003,2004-03-27,HANR,WOB,3.0,1.0,1,3.0,0.0,1.91,3.25,3.5
2003,2004-03-27,LEVK,HERT,4.0,1.0,1,3.0,0.0,1.67,3.4,4.5
2003,2004-03-21,MUN1,FRE,1.0,1.0,0,1.0,1.0,2.0,3.25,3.25
2003,2004-03-21,WOB,WERB,0.0,2.0,-1,0.0,3.0,2.8,3.25,2.2
2003,2004-03-20,DOR,EINF,2.0,0.0,1,3.0,0.0,1.53,3.5,5.5
2003,2004-03-20,KOL,STU,2.0,2.0,0,1.0,1.0,3.5,3.25,1.91
2003,2004-03-20,HANR,LEVK,0.0,2.0,-1,0.0,3.0,2.3,3.2,2.7
2003,2004-03-20,HERT,BAY,1.0,1.0,0,1.0,1.0,3.5,3.25,1.91
2003,2004-03-20,KAI,BOC,2.0,2.0,0,1.0,1.0,2.2,3.25,2.8
2003,2004-03-20,MGL,HAM,3.0,0.0,1,3.0,0.0,2.3,3.2,2.7
2003,2004-03-20,SCH,HAN,2.0,2.0,0,1.0,1.0,1.53,3.5,5.5
2003,2004-03-14,BOC,MGL,1.0,0.0,1,3.0,0.0,1.67,3.4,4.5
2003,2004-03-14,STU,MUN1,2.0,0.0,1,3.0,0.0,1.53,3.4,6.0
2003,2004-03-13,BAY,HANR,3.0,3.0,0,1.0,1.0,1.29,4.5,9.0
2003,2004-03-13,EINF,SCH,3.0,0.0,1,3.0,0.0,2.63,3.2,2.38
2003,2004-03-13,FRE,DOR,2.0,2.0,0,1.0,1.0,2.5,3.2,2.5
2003,2004-03-13,HAM,HERT,2.0,0.0,1,3.0,0.0,1.91,3.25,3.5
2003,2004-03-13,HAN,KAI,0.0,1.0,-1,0.0,3.0,2.2,3.25,2.8
2003,2004-03-13,LEVK,WOB,4.0,2.0,1,3.0,0.0,1.8,3.25,4.0
2003,2004-03-13,WERB,KOL,3.0,2.0,1,3.0,0.0,1.25,5.0,9.0
2003,2004-03-07,MUN1,WERB,0.0,2.0,-1,0.0,3.0,3.0,3.25,2.1
2003,2004-03-07,WOB,KOL,2.0,0.0,1,3.0,0.0,1.53,3.5,5.5
2003,2004-03-06,DOR,STU,0.0,2.0,-1,0.0,3.0,1.91,3.25,3.5
2003,2004-03-06,HANR,HAM,3.0,0.0,1,3.0,0.0,2.25,3.25,2.75
2003,2004-03-06,HERT,BOC,1.0,1.0,0,1.0,1.0,2.0,3.25,3.25
2003,2004-03-06,KAI,EINF,1.0,0.0,1,3.0,0.0,1.91,3.25,3.5
2003,2004-03-06,LEVK,BAY,1.0,3.0,-1,0.0,3.0,2.75,3.25,2.25
2003,2004-03-06,MGL,HAN,1.0,0.0,1,3.0,0.0,2.0,3.25,3.25
2003,2004-03-06,SCH,FRE,3.0,0.0,1,3.0,0.0,1.62,3.4,5.0
2003,2004-02-29,FRE,KAI,1.0,0.0,1,3.0,0.0,2.0,3.25,3.25
2003,2004-02-29,HAN,HERT,1.0,3.0,-1,0.0,3.0,2.1,3.25,3.0
2003,2004-02-28,EINF,MGL,3.0,1.0,1,3.0,0.0,2.0,3.25,3.25
2003,2004-02-28,KOL,MUN1,1.0,3.0,-1,0.0,3.0,2.2,3.25,2.8
2003,2004-02-28,HAM,LEVK,3.0,1.0,1,3.0,0.0,2.25,3.25,2.75
2003,2004-02-28,STU,SCH,0.0,0.0,0,1.0,1.0,2.0,3.25,3.25
2003,2004-02-28,WERB,DOR,2.0,0.0,1,3.0,0.0,1.91,3.25,3.5
2003,2004-02-14,BOC,BAY,1.0,0.0,1,3.0,0.0,3.25,3.25,2.0
2003,2004-02-14,EINF,HANR,1.0,1.0,0,1.0,1.0,2.2,3.25,2.8
2003,2004-02-14,KOL,SCH,0.0,2.0,-1,0.0,3.0,2.63,3.2,2.38
2003,2004-02-14,FRE,HERT,2.0,3.0,-1,0.0,3.0,1.91,3.25,3.5
2003,2004-02-08,BAY,HAN,3.0,1.0,1,3.0,0.0,1.29,4.5,8.5
2003,2004-02-08,HERT,STU,1.0,0.0,1,3.0,0.0,3.25,3.25,2.0
2003,2004-02-07,HAM,BOC,1.0,1.0,0,1.0,1.0,1.91,3.25,3.5
2003,2004-02-07,HANR,FRE,4.0,1.0,1,3.0,0.0,1.91,3.25,3.5
2003,2004-02-07,KAI,KOL,1.0,0.0,1,3.0,0.0,1.83,3.25,3.75
2003,2004-02-07,LEVK,EINF,1.0,2.0,-1,0.0,3.0,1.36,4.0,7.5
2003,2004-02-07,MGL,WERB,1.0,2.0,-1,0.0,3.0,3.25,3.25,2.0
2003,2004-02-07,SCH,MUN1,0.0,0.0,0,1.0,1.0,1.62,3.4,5.0
2003,2004-02-07,WOB,DOR,2.0,4.0,-1,0.0,3.0,2.25,3.25,2.75
2003,2004-02-01,FRE,LEVK,1.0,0.0,1,3.0,0.0,2.7,3.2,2.3
2003,2004-02-01,HAN,HAM,3.0,2.0,1,3.0,0.0,2.38,3.2,2.63
2003,2004-01-31,BOC,WOB,1.0,0.0,1,3.0,0.0,1.91,3.25,3.5
2003,2004-01-31,EINF,BAY,1.0,1.0,0,1.0,1.0,5.0,3.4,1.62
2003,2004-01-31,KOL,MGL,1.0,0.0,1,3.0,0.0,2.25,3.25,2.75
2003,2004-01-31,MUN1,KAI,2.0,1.0,1,3.0,0.0,2.0,3.25,3.25
2003,2004-01-31,STU,HANR,2.0,0.0,1,3.0,0.0,1.53,3.75,5.0
2003,2004-01-31,WERB,HERT,4.0,0.0,1,3.0,0.0,1.57,3.6,5.0
2003,2004-01-30,DOR,SCH,0.0,1.0,-1,0.0,3.0,1.8,3.2,4.0
2003,2003-12-17,DOR,KAI,1.0,1.0,0,1.0,1.0,1.53,3.5,5.5
2003,2003-12-17,HAN,BOC,2.0,2.0,0,1.0,1.0,2.1,3.25,3.0
2003,2003-12-17,MUN1,MGL,1.0,2.0,-1,0.0,3.0,1.83,3.25,3.75
2003,2003-12-17,SCH,WOB,1.0,1.0,0,1.0,1.0,1.73,3.5,4.0
2003,2003-12-17,STU,LEVK,2.0,3.0,-1,0.0,3.0,1.91,3.25,3.5
2003,2003-12-16,EINF,HAM,2.0,3.0,-1,0.0,3.0,2.5,3.2,2.5
2003,2003-12-16,KOL,HERT,3.0,0.0,1,3.0,0.0,2.5,3.2,2.5
2003,2003-12-16,FRE,BAY,0.0,6.0,-1,0.0,3.0,4.0,3.25,1.8
2003,2003-12-16,WERB,HANR,3.0,0.0,1,3.0,0.0,1.44,3.75,6.5
2003,2003-12-14,MGL,DOR,2.0,1.0,1,3.0,0.0,2.63,3.2,2.38
2003,2003-12-14,WOB,HAN,2.0,1.0,1,3.0,0.0,1.83,3.25,3.75
2003,2003-12-13,BAY,STU,1.0,0.0,1,3.0,0.0,1.73,3.5,4.0
2003,2003-12-13,BOC,EINF,1.0,0.0,1,3.0,0.0,1.62,3.4,5.0
2003,2003-12-13,HAM,FRE,4.0,1.0,1,3.0,0.0,1.73,3.5,4.0
2003,2003-12-13,HANR,KOL,1.0,1.0,0,1.0,1.0,1.62,3.4,5.0
2003,2003-12-13,HERT,MUN1,1.0,1.0,0,1.0,1.0,1.91,3.25,3.5
2003,2003-12-13,KAI,SCH,0.0,2.0,-1,0.0,3.0,2.2,3.25,2.8
2003,2003-12-13,LEVK,WERB,1.0,3.0,-1,0.0,3.0,2.1,3.25,3.0
2003,2003-12-07,KOL,LEVK,0.0,0.0,0,1.0,1.0,4.0,3.25,1.8
2003,2003-12-07,SCH,MGL,2.0,1.0,1,3.0,0.0,1.61,3.4,5.0
2003,2003-12-06,EINF,HAN,2.0,2.0,0,1.0,1.0,2.3,3.2,2.7
2003,2003-12-06,FRE,BOC,4.0,2.0,1,3.0,0.0,2.1,3.25,3.0
2003,2003-12-06,MUN1,HANR,1.0,4.0,-1,0.0,3.0,1.8,3.25,4.0
2003,2003-12-06,STU,HAM,0.0,0.0,0,1.0,1.0,1.53,3.5,5.5
2003,2003-12-06,WERB,BAY,1.0,1.0,0,1.0,1.0,2.5,3.2,2.5
2003,2003-12-06,WOB,KAI,4.0,1.0,1,3.0,0.0,1.9,3.25,3.5
2003,2003-11-01,KOL,HAN,1.0,2.0,-1,0.0,3.0,2.25,3.25,2.75
2003,2003-11-01,MGL,HANR,1.0,1.0,0,1.0,1.0,1.9,3.25,3.5
2003,2003-11-01,MUN1,BOC,3.0,1.0,1,3.0,0.0,2.1,3.25,3.0
2003,2003-11-01,SCH,BAY,2.0,0.0,1,3.0,0.0,3.5,3.25,1.9
2003,2003-11-01,STU,FRE,4.0,1.0,1,3.0,0.0,1.4,3.75,7.5
2003,2003-10-26,BOC,DOR,3.0,0.0,1,3.0,0.0,2.62,3.2,2.37
2003,2003-10-26,LEVK,MGL,1.0,0.0,1,3.0,0.0,1.3,4.5,8.0
2003,2003-10-25,BAY,KAI,4.0,1.0,1,3.0,0.0,1.36,4.0,7.5
2003,2003-10-25,EINF,KOL,2.0,0.0,1,3.0,0.0,2.1,3.25,3.0
2003,2003-10-25,FRE,WERB,2.0,4.0,-1,0.0,3.0,2.5,3.2,2.5
2003,2003-10-25,HAM,SCH,2.0,2.0,0,1.0,1.0,2.1,3.25,3.0
2003,2003-10-25,HAN,MUN1,1.0,1.0,0,1.0,1.0,2.1,3.25,3.0
2003,2003-10-25,HANR,HERT,0.0,1.0,-1,0.0,3.0,2.37,3.2,2.62
2003,2003-10-25,STU,WOB,1.0,0.0,1,3.0,0.0,1.61,3.4,5.0
2003,2003-10-19,KAI,HAM,4.0,0.0,1,3.0,0.0,2.1,3.25,3.0
2003,2003-10-19,SCH,BOC,0.0,2.0,-1,0.0,3.0,1.72,3.5,4.0
2003,2003-10-18,DOR,HAN,6.0,2.0,1,3.0,0.0,1.53,3.5,5.5
2003,2003-10-18,KOL,FRE,1.0,0.0,1,3.0,0.0,2.3,3.2,2.7
2003,2003-10-18,HERT,LEVK,1.0,4.0,-1,0.0,3.0,2.4,3.2,2.6
2003,2003-10-18,MGL,BAY,0.0,0.0,0,1.0,1.0,5.0,3.6,1.57
2003,2003-10-18,MUN1,EINF,1.0,0.0,1,3.0,0.0,1.72,3.25,4.33
2003,2003-10-18,WERB,STU,1.0,3.0,-1,0.0,3.0,2.2,3.25,2.8
2003,2003-10-18,WOB,HANR,3.0,1.0,1,3.0,0.0,1.61,3.4,5.0
2003,2003-10-05,LEVK,HANR,3.0,0.0,1,3.0,0.0,1.44,3.75,6.5
2003,2003-10-05,WERB,WOB,5.0,3.0,1,3.0,0.0,1.72,3.25,4.33
2003,2003-10-04,BAY,HERT,4.0,1.0,1,3.0,0.0,1.33,4.33,7.5
2003,2003-10-04,BOC,KAI,4.0,0.0,1,3.0,0.0,2.2,3.25,2.8
2003,2003-10-04,EINF,DOR,0.0,1.0,-1,0.0,3.0,2.8,3.25,2.2
2003,2003-10-04,FRE,MUN1,1.0,0.0,1,3.0,0.0,2.2,3.25,2.8
2003,2003-10-04,HAM,MGL,2.0,1.0,1,3.0,0.0,1.61,3.4,5.0
2003,2003-10-04,HAN,SCH,1.0,2.0,-1,0.0,3.0,2.1,3.25,3.0
2003,2003-10-04,STU,KOL,0.0,0.0,0,1.0,1.0,1.33,4.33,7.5
2003,2003-09-28,HERT,HAM,1.0,1.0,0,1.0,1.0,1.9,3.25,3.5
2003,2003-09-28,SCH,EINF,1.0,1.0,0,1.0,1.0,1.57,3.4,5.5
2003,2003-09-27,DOR,FRE,1.0,0.0,1,3.0,0.0,1.44,3.75,6.5
2003,2003-09-27,KOL,WERB,1.0,4.0,-1,0.0,3.0,2.7,3.2,2.3
2003,2003-09-27,HANR,BAY,1.0,2.0,-1,0.0,3.0,4.5,3.4,1.66
2003,2003-09-27,KAI,HAN,1.0,0.0,1,3.0,0.0,2.0,3.25,3.25
2003,2003-09-27,MGL,BOC,2.0,2.0,0,1.0,1.0,2.25,3.25,2.75
2003,2003-09-27,MUN1,STU,0.0,3.0,-1,0.0,3.0,2.4,3.2,2.6
2003,2003-09-27,WOB,LEVK,0.0,1.0,-1,0.0,3.0,2.25,3.25,2.75
2003,2003-09-21,EINF,KAI,1.0,3.0,-1,0.0,3.0,2.2,3.4,2.87
2003,2003-09-21,HAM,HANR,2.0,1.0,1,3.0,0.0,1.8,3.4,4.0
2003,2003-09-20,KOL,WOB,2.0,3.0,-1,0.0,3.0,2.37,3.25,2.7
2003,2003-09-20,FRE,SCH,2.0,1.0,1,3.0,0.0,2.5,3.2,2.6
2003,2003-09-20,HAN,MGL,2.0,0.0,1,3.0,0.0,1.72,3.4,4.5
2003,2003-09-20,STU,DOR,1.0,0.0,1,3.0,0.0,2.3,3.25,2.8
2003,2003-09-20,WERB,MUN1,2.0,1.0,1,3.0,0.0,1.72,3.4,4.5
2003,2003-08-09,BOC,HAM,1.0,1.0,0,1.0,1.0,2.4,3.25,2.5
2003,2003-08-09,DOR,WOB,4.0,0.0,1,3.0,0.0,1.57,3.5,5.0
2003,2003-08-09,KOL,KAI,1.0,2.0,-1,0.0,3.0,2.25,3.2,2.75
2003,2003-08-09,FRE,HANR,2.0,2.0,0,1.0,1.0,2.0,3.2,3.2
2003,2003-08-09,HAN,BAY,3.0,3.0,0,1.0,1.0,4.5,3.3,1.67
2003,2003-08-09,MUN1,SCH,1.0,1.0,0,1.0,1.0,2.4,3.25,2.5
2003,2003-08-03,HANR,STU,0.0,2.0,-1,0.0,3.0,2.63,3.1,2.38
2003,2003-08-03,MGL,KOL,1.0,0.0,1,3.0,0.0,1.83,3.2,3.75
2003,2003-08-02,HAM,HAN,0.0,3.0,-1,0.0,3.0,1.57,3.5,5.0
2003,2003-08-02,HERT,WERB,0.0,3.0,-1,0.0,3.0,1.83,3.2,3.75
2003,2003-08-02,KAI,MUN1,0.0,1.0,-1,0.0,3.0,1.8,3.3,3.75
2003,2003-08-02,LEVK,FRE,4.0,1.0,1,3.0,0.0,1.67,3.3,4.5
2003,2003-08-02,SCH,DOR,2.0,2.0,0,1.0,1.0,2.38,3.1,2.63
2003,2003-08-02,WOB,BOC,3.0,2.0,1,3.0,0.0,1.73,3.3,4.2
2003,2003-08-01,BAY,EINF,3.0,1.0,1,3.0,0.0,1.2,5.0,11.0
2002,2003-05-24,BIE,HAN,0.0,1.0,-1,0.0,3.0,1.62,3.5,4.5
2002,2003-05-24,DOR,COT,1.0,1.0,0,1.0,1.0,1.13,6.5,12.0
2002,2003-05-24,HAM,HANR,2.0,0.0,1,3.0,0.0,1.29,4.5,8.0
2002,2003-05-24,HERT,KAI,2.0,0.0,1,3.0,0.0,1.4,3.75,7.0
2002,2003-05-24,MGL,WERB,4.0,1.0,1,3.0,0.0,2.63,3.1,2.38
2002,2003-05-24,MUN1,BOC,2.0,4.0,-1,0.0,3.0,1.8,3.3,3.75
2002,2003-05-24,NUR,LEVK,0.0,1.0,-1,0.0,3.0,,,
2002,2003-05-24,SCH,BAY,1.0,0.0,1,3.0,0.0,2.25,3.4,2.6
2002,2003-05-24,STU,WOB,2.0,0.0,1,3.0,0.0,1.5,3.6,5.5
2002,2003-05-17,BAY,STU,2.0,1.0,1,3.0,0.0,1.8,3.5,3.5
2002,2003-05-17,BOC,HAM,1.0,1.0,0,1.0,1.0,2.63,3.2,2.3
2002,2003-05-17,COT,NUR,2.0,1.0,1,3.0,0.0,2.2,3.0,3.0
2002,2003-05-17,HAN,MGL,2.0,2.0,0,1.0,1.0,2.0,2.88,3.6
2002,2003-05-17,HANR,BIE,3.0,0.0,1,3.0,0.0,1.91,3.0,3.75
2002,2003-05-17,KAI,DOR,0.0,0.0,0,1.0,1.0,2.63,2.88,2.5
2002,2003-05-17,LEVK,MUN1,3.0,0.0,1,3.0,0.0,1.57,3.5,5.0
2002,2003-05-17,WERB,SCH,2.0,1.0,1,3.0,0.0,1.83,3.2,3.75
2002,2003-05-17,WOB,HERT,2.0,0.0,1,3.0,0.0,2.4,3.25,2.5
2002,2003-05-11,BIE,BOC,1.0,3.0,-1,0.0,3.0,2.0,3.2,3.2
2002,2003-05-11,SCH,HAN,0.0,2.0,-1,0.0,3.0,1.67,3.4,4.33
2002,2003-05-10,DOR,NUR,4.0,1.0,1,3.0,0.0,1.33,4.0,8.0
2002,2003-05-10,HAM,LEVK,4.0,1.0,1,3.0,0.0,1.8,3.5,3.5
2002,2003-05-10,HERT,BAY,3.0,6.0,-1,0.0,3.0,2.1,3.4,2.8
2002,2003-05-10,MGL,HANR,3.0,0.0,1,3.0,0.0,1.91,3.1,3.6
2002,2003-05-10,MUN1,COT,3.0,0.0,1,3.0,0.0,1.53,3.4,5.5
2002,2003-05-10,STU,WERB,0.0,1.0,-1,0.0,3.0,1.73,3.4,4.0
2002,2003-05-10,WOB,KAI,2.0,2.0,0,1.0,1.0,2.0,3.2,3.2
2002,2003-05-04,HANR,SCH,3.0,1.0,1,3.0,0.0,2.4,3.25,2.5
2002,2003-05-04,LEVK,BIE,3.0,1.0,1,3.0,0.0,1.67,3.3,4.5
2002,2003-05-03,BAY,KAI,1.0,0.0,1,3.0,0.0,1.5,3.6,5.5
2002,2003-05-03,BOC,MGL,1.0,1.0,0,1.0,1.0,1.91,3.1,3.6
2002,2003-05-03,COT,HAM,0.0,0.0,0,1.0,1.0,3.2,3.2,2.0
2002,2003-05-03,DOR,WOB,2.0,2.0,0,1.0,1.0,1.44,3.75,6.0
2002,2003-05-03,HAN,STU,1.0,2.0,-1,0.0,3.0,2.5,3.25,2.4
2002,2003-05-03,NUR,MUN1,1.0,2.0,-1,0.0,3.0,2.1,3.4,2.8
2002,2003-05-03,WERB,HERT,4.0,2.0,1,3.0,0.0,2.3,3.2,2.63
2002,2003-04-27,BIE,COT,2.0,2.0,0,1.0,1.0,1.57,3.5,5.0
2002,2003-04-27,KAI,WERB,1.0,0.0,1,3.0,0.0,2.1,3.2,3.0
2002,2003-04-26,HAM,NUR,4.0,0.0,1,3.0,0.0,1.5,3.4,6.0
2002,2003-04-26,HERT,HAN,2.0,0.0,1,3.0,0.0,1.57,3.5,5.0
2002,2003-04-26,MGL,LEVK,2.0,2.0,0,1.0,1.0,2.25,3.2,2.75
2002,2003-04-26,MUN1,DOR,0.0,0.0,0,1.0,1.0,2.63,3.2,2.3
2002,2003-04-26,SCH,BOC,1.0,2.0,-1,0.0,3.0,1.57,3.5,5.0
2002,2003-04-26,STU,HANR,1.0,1.0,0,1.0,1.0,1.53,3.4,5.5
2002,2003-04-26,WOB,BAY,0.0,2.0,-1,0.0,3.0,2.75,3.2,2.25
2002,2003-04-20,BOC,STU,3.0,1.0,1,3.0,0.0,2.75,3.25,2.2
2002,2003-04-20,LEVK,SCH,1.0,3.0,-1,0.0,3.0,2.25,3.2,2.75
2002,2003-04-19,COT,MGL,1.0,1.0,0,1.0,1.0,2.38,3.25,2.5
2002,2003-04-19,DOR,BAY,1.0,0.0,1,3.0,0.0,2.4,3.25,2.5
2002,2003-04-19,HAN,KAI,2.0,1.0,1,3.0,0.0,2.38,3.25,2.5
2002,2003-04-19,HANR,HERT,0.0,1.0,-1,0.0,3.0,2.5,3.1,2.5
2002,2003-04-19,MUN1,HAM,1.0,1.0,0,1.0,1.0,2.25,3.2,2.75
2002,2003-04-19,NUR,BIE,0.0,0.0,0,1.0,1.0,2.2,3.25,2.75
2002,2003-04-19,WERB,WOB,0.0,1.0,-1,0.0,3.0,1.73,3.1,4.5
2002,2003-04-13,SCH,COT,3.0,0.0,1,3.0,0.0,1.53,3.4,5.5
2002,2003-04-13,WOB,HAN,1.0,0.0,1,3.0,0.0,1.91,3.25,3.4
2002,2003-04-12,BAY,WERB,0.0,1.0,-1,0.0,3.0,1.4,3.75,7.0
2002,2003-04-12,BIE,MUN1,2.0,1.0,1,3.0,0.0,2.2,3.25,2.75
2002,2003-04-12,HAM,DOR,1.0,1.0,0,1.0,1.0,2.25,3.2,2.75
2002,2003-04-12,HERT,BOC,1.0,0.0,1,3.0,0.0,1.53,3.4,5.5
2002,2003-04-12,KAI,HANR,1.0,0.0,1,3.0,0.0,1.67,3.25,4.5
2002,2003-04-12,MGL,NUR,2.0,0.0,1,3.0,0.0,1.91,3.2,3.5
2002,2003-04-12,STU,LEVK,3.0,0.0,1,3.0,0.0,1.8,3.25,3.75
2002,2003-04-06,HANR,WOB,1.0,0.0,1,3.0,0.0,2.2,3.2,2.8
2002,2003-04-06,MUN1,MGL,2.0,0.0,1,3.0,0.0,1.8,3.1,4.0
2002,2003-04-05,BOC,KAI,1.0,1.0,0,1.0,1.0,2.4,3.25,2.5
2002,2003-04-05,COT,STU,2.0,3.0,-1,0.0,3.0,2.75,3.2,2.25
2002,2003-04-05,DOR,WERB,1.0,2.0,-1,0.0,3.0,1.53,3.4,5.5
2002,2003-04-05,HAM,BIE,1.0,0.0,1,3.0,0.0,1.57,3.5,5.0
2002,2003-04-05,HAN,BAY,2.0,2.0,0,1.0,1.0,4.5,3.3,1.67
2002,2003-04-05,LEVK,HERT,4.0,1.0,1,3.0,0.0,2.3,3.2,2.63
2002,2003-04-05,NUR,SCH,0.0,0.0,0,1.0,1.0,2.5,3.25,2.4
2002,2003-03-23,HERT,COT,3.0,1.0,1,3.0,0.0,1.4,3.75,7.0
2002,2003-03-23,STU,NUR,0.0,2.0,-1,0.0,3.0,1.4,3.75,7.0
2002,2003-03-22,BAY,HANR,1.0,0.0,1,3.0,0.0,1.22,5.0,9.0
2002,2003-03-22,BIE,DOR,0.0,0.0,0,1.0,1.0,2.75,3.2,2.25
2002,2003-03-22,KAI,LEVK,1.0,0.0,1,3.0,0.0,1.8,3.25,3.75
2002,2003-03-22,MGL,HAM,2.0,0.0,1,3.0,0.0,2.38,3.25,2.5
2002,2003-03-22,SCH,MUN1,1.0,1.0,0,1.0,1.0,1.67,3.4,4.33
2002,2003-03-22,WERB,HAN,1.0,2.0,-1,0.0,3.0,1.8,3.25,3.75
2002,2003-03-22,WOB,BOC,2.0,0.0,1,3.0,0.0,1.73,3.2,4.33
2002,2003-03-16,MUN1,STU,0.0,1.0,-1,0.0,3.0,2.5,3.1,2.5
2002,2003-03-16,NUR,HERT,0.0,3.0,-1,0.0,3.0,2.62,3.2,2.3
2002,2003-03-15,BIE,MGL,4.0,1.0,1,3.0,0.0,1.9,3.25,3.4
2002,2003-03-15,BOC,BAY,1.0,4.0,-1,0.0,3.0,4.5,3.5,1.61
2002,2003-03-15,COT,KAI,1.0,3.0,-1,0.0,3.0,2.3,3.2,2.62
2002,2003-03-15,DOR,HAN,2.0,0.0,1,3.0,0.0,1.44,3.6,6.5
2002,2003-03-15,HAM,SCH,3.0,1.0,1,3.0,0.0,2.1,3.2,3.0
2002,2003-03-15,HANR,WERB,1.0,0.0,1,3.0,0.0,2.3,3.2,2.62
2002,2003-03-15,LEVK,WOB,1.0,1.0,0,1.0,1.0,1.83,3.2,3.75
2002,2003-03-09,HAN,HANR,3.0,1.0,1,3.0,0.0,2.2,3.25,2.75
2002,2003-03-09,KAI,NUR,5.0,0.0,1,3.0,0.0,1.73,3.2,4.33
2002,2003-03-08,BAY,LEVK,3.0,0.0,1,3.0,0.0,1.36,4.0,7.0
2002,2003-03-08,HERT,MUN1,6.0,0.0,1,3.0,0.0,1.91,3.25,3.4
2002,2003-03-08,MGL,DOR,1.0,0.0,1,3.0,0.0,2.75,3.25,2.2
2002,2003-03-08,SCH,BIE,1.0,1.0,0,1.0,1.0,1.53,3.4,5.5
2002,2003-03-08,STU,HAM,1.0,1.0,0,1.0,1.0,1.73,3.2,4.33
2002,2003-03-08,WERB,BOC,2.0,0.0,1,3.0,0.0,1.73,3.4,4.0
2002,2003-03-08,WOB,COT,3.0,2.0,1,3.0,0.0,1.83,3.2,3.75
2002,2003-03-02,BIE,STU,0.0,1.0,-1,0.0,3.0,2.5,3.1,2.5
2002,2003-03-02,HAM,HERT,1.0,0.0,1,3.0,0.0,2.0,3.2,3.2
2002,2003-03-01,BOC,HAN,1.0,2.0,-1,0.0,3.0,1.8,3.3,3.75
2002,2003-03-01,COT,BAY,0.0,2.0,-1,0.0,3.0,4.5,3.3,1.67
2002,2003-03-01,DOR,HANR,2.0,0.0,1,3.0,0.0,1.44,3.6,6.5
2002,2003-03-01,LEVK,WERB,3.0,0.0,1,3.0,0.0,2.2,3.25,2.75
2002,2003-03-01,MGL,SCH,2.0,2.0,0,1.0,1.0,2.75,3.2,2.25
2002,2003-03-01,MUN1,KAI,0.0,0.0,0,1.0,1.0,1.91,3.25,3.4
2002,2003-03-01,NUR,WOB,1.0,1.0,0,1.0,1.0,1.91,3.25,3.4
2002,2003-02-23,HERT,BIE,0.0,0.0,0,1.0,1.0,1.57,3.5,5.0
2002,2003-02-23,STU,MGL,4.0,0.0,1,3.0,0.0,1.44,3.75,6.0
2002,2003-02-22,HANR,BOC,1.0,1.0,0,1.0,1.0,2.1,3.2,3.0
2002,2003-02-22,KAI,HAM,2.0,0.0,1,3.0,0.0,2.3,3.2,2.63
2002,2003-02-22,SCH,DOR,2.0,2.0,0,1.0,1.0,2.25,3.2,2.75
2002,2003-02-22,WERB,COT,0.0,1.0,-1,0.0,3.0,1.53,3.4,5.5
2002,2003-02-22,WOB,MUN1,1.0,1.0,0,1.0,1.0,2.2,3.2,2.8
2002,2003-02-08,BOC,LEVK,2.0,1.0,1,3.0,0.0,2.2,3.25,2.75
2002,2003-02-08,HAN,NUR,4.0,2.0,1,3.0,0.0,2.0,3.2,3.2
2002,2003-02-08,HANR,COT,0.0,0.0,0,1.0,1.0,1.8,3.25,3.75
2002,2003-02-08,HERT,SCH,4.0,2.0,1,3.0,0.0,2.3,3.2,2.63
2002,2003-02-08,KAI,MGL,2.0,0.0,1,3.0,0.0,1.83,3.25,3.75
2002,2003-02-02,DOR,LEVK,2.0,0.0,1,3.0,0.0,1.61,3.25,5.0
2002,2003-02-02,HAM,WERB,1.0,0.0,1,3.0,0.0,2.3,3.2,2.62
2002,2003-02-01,BIE,BAY,0.0,0.0,0,1.0,1.0,4.0,3.4,1.72
2002,2003-02-01,COT,BOC,2.0,1.0,1,3.0,0.0,2.4,3.25,2.5
2002,2003-02-01,MUN1,HAN,0.0,1.0,-1,0.0,3.0,1.61,3.25,5.0
2002,2003-02-01,NUR,HANR,0.0,1.0,-1,0.0,3.0,1.9,3.25,3.4
2002,2003-02-01,SCH,KAI,2.0,2.0,0,1.0,1.0,1.53,3.4,5.5
2002,2003-02-01,STU,HERT,3.0,1.0,1,3.0,0.0,1.9,3.25,3.4
2002,2003-01-26,BAY,MGL,3.0,0.0,1,3.0,0.0,1.25,4.5,10.0
2002,2003-01-26,LEVK,COT,0.0,3.0,-1,0.0,3.0,1.4,3.75,7.0
2002,2003-01-25,BOC,NUR,2.0,1.0,1,3.0,0.0,1.9,3.2,3.5
2002,2003-01-25,HAN,HAM,2.0,2.0,0,1.0,1.0,2.5,3.2,2.4
2002,2003-01-25,HANR,MUN1,1.0,4.0,-1,0.0,3.0,2.3,3.2,2.62
2002,2003-01-25,HERT,DOR,2.0,1.0,1,3.0,0.0,2.5,3.2,2.4
2002,2003-01-25,KAI,STU,1.0,2.0,-1,0.0,3.0,2.3,3.2,2.62
2002,2003-01-25,WERB,BIE,2.0,2.0,0,1.0,1.0,1.44,3.6,6.5
2002,2003-01-25,WOB,SCH,1.0,2.0,-1,0.0,3.0,2.3,3.2,2.62
2002,2002-12-15,KAI,HERT,2.0,1.0,1,3.0,0.0,2.4,3.25,2.5
2002,2002-12-15,WOB,STU,1.0,2.0,-1,0.0,3.0,2.0,3.2,3.2
2002,2002-12-14,BAY,SCH,0.0,0.0,0,1.0,1.0,1.5,3.4,6.0
2002,2002-12-14,BOC,MUN1,1.0,1.0,0,1.0,1.0,2.2,3.25,2.75
2002,2002-12-14,COT,DOR,0.0,4.0,-1,0.0,3.0,4.33,3.2,1.73
2002,2002-12-14,HAN,BIE,0.0,0.0,0,1.0,1.0,2.1,3.2,3.0
2002,2002-12-14,HANR,HAM,0.0,0.0,0,1.0,1.0,2.25,3.2,2.75
2002,2002-12-14,LEVK,NUR,0.0,2.0,-1,0.0,3.0,1.57,3.5,5.0
2002,2002-12-14,WERB,MGL,2.0,0.0,1,3.0,0.0,1.5,3.4,6.0
2002,2002-12-08,HAM,BOC,1.0,1.0,0,1.0,1.0,1.67,3.25,4.5
2002,2002-12-08,MGL,HAN,1.0,0.0,1,3.0,0.0,1.83,3.2,3.75
2002,2002-12-07,BIE,HANR,3.0,0.0,1,3.0,0.0,2.0,3.2,3.2
2002,2002-12-07,DOR,KAI,3.0,1.0,1,3.0,0.0,1.4,3.75,7.0
2002,2002-12-07,HERT,WOB,2.0,2.0,0,1.0,1.0,1.8,3.3,3.75
2002,2002-12-07,MUN1,LEVK,0.0,3.0,-1,0.0,3.0,2.2,3.25,2.75
2002,2002-12-07,NUR,COT,2.0,2.0,0,1.0,1.0,1.67,3.25,4.5
2002,2002-12-07,SCH,WERB,1.0,1.0,0,1.0,1.0,2.0,3.2,3.2
2002,2002-12-07,STU,BAY,0.0,3.0,-1,0.0,3.0,2.75,3.25,2.2
2002,2002-12-01,HAN,SCH,0.0,2.0,-1,0.0,3.0,2.63,3.1,2.38
2002,2002-12-01,WERB,STU,3.0,1.0,1,3.0,0.0,1.83,3.2,3.75
2002,2002-11-30,BAY,HERT,2.0,0.0,1,3.0,0.0,1.53,3.4,5.5
2002,2002-11-30,BOC,BIE,0.0,3.0,-1,0.0,3.0,1.73,3.2,4.33
2002,2002-11-30,COT,MUN1,3.0,4.0,-1,0.0,3.0,2.5,3.25,2.4
2002,2002-11-30,HANR,MGL,3.0,1.0,1,3.0,0.0,2.0,3.2,3.2
2002,2002-11-30,KAI,WOB,2.0,0.0,1,3.0,0.0,2.4,3.25,2.5
2002,2002-11-30,LEVK,HAM,2.0,3.0,-1,0.0,3.0,1.8,3.3,3.75
2002,2002-11-30,NUR,DOR,1.0,2.0,-1,0.0,3.0,2.75,3.25,2.2
2002,2002-11-24,HAM,COT,1.0,1.0,0,1.0,1.0,1.44,3.6,6.5
2002,2002-11-24,MUN1,NUR,2.0,2.0,0,1.0,1.0,1.73,3.2,4.33
2002,2002-11-23,BIE,LEVK,2.0,2.0,0,1.0,1.0,2.6,3.2,2.38
2002,2002-11-23,HERT,WERB,0.0,1.0,-1,0.0,3.0,1.91,3.2,3.5
2002,2002-11-23,KAI,BAY,0.0,2.0,-1,0.0,3.0,4.33,3.2,1.73
2002,2002-11-23,MGL,BOC,2.0,2.0,0,1.0,1.0,2.0,3.2,3.2
2002,2002-11-23,SCH,HANR,2.0,2.0,0,1.0,1.0,1.44,3.6,6.5
2002,2002-11-23,STU,HAN,3.0,0.0,1,3.0,0.0,1.67,3.3,4.5
2002,2002-11-23,WOB,DOR,2.0,0.0,1,3.0,0.0,2.5,3.25,2.4
2002,2002-11-17,BOC,SCH,0.0,2.0,-1,0.0,3.0,2.3,3.2,2.63
2002,2002-11-17,WERB,KAI,5.0,3.0,1,3.0,0.0,1.57,3.5,5.0
2002,2002-11-16,BAY,WOB,1.0,0.0,1,3.0,0.0,1.4,3.6,7.5
2002,2002-11-16,COT,BIE,2.0,1.0,1,3.0,0.0,2.4,3.25,2.5
2002,2002-11-16,DOR,MUN1,1.0,0.0,1,3.0,0.0,1.57,3.5,5.0
2002,2002-11-16,HAN,HERT,0.0,1.0,-1,0.0,3.0,2.4,3.25,2.5
2002,2002-11-16,HANR,STU,1.0,1.0,0,1.0,1.0,2.5,3.25,2.4
2002,2002-11-16,LEVK,MGL,2.0,2.0,0,1.0,1.0,1.57,3.5,5.0
2002,2002-11-16,NUR,HAM,1.0,3.0,-1,0.0,3.0,2.0,3.2,3.2
2002,2002-11-13,KAI,BOC,0.0,2.0,-1,0.0,3.0,2.0,3.2,3.2
2002,2002-11-10,HERT,HANR,3.0,1.0,1,3.0,0.0,1.61,3.25,5.0
2002,2002-11-10,MGL,COT,3.0,0.0,1,3.0,0.0,1.61,3.25,5.0
2002,2002-11-09,BAY,DOR,2.0,1.0,1,3.0,0.0,1.83,3.2,3.75
2002,2002-11-09,BIE,NUR,0.0,1.0,-1,0.0,3.0,1.83,3.2,3.75
2002,2002-11-09,HAM,MUN1,1.0,0.0,1,3.0,0.0,2.2,3.25,2.75
2002,2002-11-09,KAI,HAN,0.0,1.0,-1,0.0,3.0,1.83,3.2,3.75
2002,2002-11-09,SCH,LEVK,0.0,1.0,-1,0.0,3.0,1.9,3.2,3.5
2002,2002-11-09,STU,BOC,3.0,2.0,1,3.0,0.0,1.8,3.3,3.75
2002,2002-11-09,WOB,WERB,3.0,1.0,1,3.0,0.0,2.37,3.1,2.62
2002,2002-11-03,BOC,HERT,3.0,0.0,1,3.0,0.0,2.5,3.1,2.5
2002,2002-11-03,WERB,BAY,2.0,0.0,1,3.0,0.0,2.63,3.2,2.3
2002,2002-11-02,COT,SCH,0.0,1.0,-1,0.0,3.0,3.2,3.2,2.0
2002,2002-11-02,DOR,HAM,1.0,1.0,0,1.0,1.0,1.44,3.6,6.5
2002,2002-11-02,HAN,WOB,3.0,1.0,1,3.0,0.0,2.3,3.2,2.63
2002,2002-11-02,HANR,KAI,2.0,2.0,0,1.0,1.0,2.0,3.2,3.2
2002,2002-11-02,LEVK,STU,0.0,1.0,-1,0.0,3.0,1.67,3.4,4.33
2002,2002-11-02,MUN1,BIE,3.0,1.0,1,3.0,0.0,1.67,3.3,4.5
2002,2002-11-02,NUR,MGL,2.0,1.0,1,3.0,0.0,2.0,3.2,3.2
2002,2002-10-27,WOB,HANR,1.0,0.0,1,3.0,0.0,1.8,3.3,3.75
2002,2002-10-26,BAY,HAN,3.0,3.0,0,1.0,1.0,1.17,5.5,11.0
2002,2002-10-26,BIE,HAM,2.0,1.0,1,3.0,0.0,2.1,3.2,3.0
2002,2002-10-26,HERT,LEVK,1.0,1.0,0,1.0,1.0,2.0,3.2,3.2
2002,2002-10-26,MGL,MUN1,0.0,1.0,-1,0.0,3.0,2.1,3.2,3.0
2002,2002-10-26,SCH,NUR,1.0,1.0,0,1.0,1.0,1.4,3.75,7.0
2002,2002-10-26,STU,COT,0.0,0.0,0,1.0,1.0,1.44,3.6,6.5
2002,2002-10-26,WERB,DOR,1.0,4.0,-1,0.0,3.0,2.25,3.2,2.75
2002,2002-10-20,BOC,WOB,4.0,2.0,1,3.0,0.0,2.3,3.2,2.63
2002,2002-10-20,NUR,STU,1.0,2.0,-1,0.0,3.0,2.25,3.2,2.75
2002,2002-10-19,COT,HERT,0.0,2.0,-1,0.0,3.0,3.0,3.2,2.1
2002,2002-10-19,DOR,BIE,0.0,0.0,0,1.0,1.0,1.3,4.33,8.0
2002,2002-10-19,HAM,MGL,1.0,0.0,1,3.0,0.0,2.0,3.2,3.2
2002,2002-10-19,HAN,WERB,4.0,4.0,0,1.0,1.0,2.75,3.2,2.25
2002,2002-10-19,HANR,BAY,0.0,1.0,-1,0.0,3.0,3.75,3.3,1.8
2002,2002-10-19,LEVK,KAI,1.0,0.0,1,3.0,0.0,1.62,3.25,5.0
2002,2002-10-19,MUN1,SCH,3.0,0.0,1,3.0,0.0,2.5,3.1,2.5
2002,2002-10-06,STU,MUN1,4.0,1.0,1,3.0,0.0,2.0,3.2,3.2
2002,2002-10-06,WERB,HANR,0.0,0.0,0,1.0,1.0,1.62,3.25,5.0
2002,2002-10-05,BAY,BOC,4.0,1.0,1,3.0,0.0,1.29,4.5,8.0
2002,2002-10-05,HAN,DOR,0.0,3.0,-1,0.0,3.0,3.2,3.2,2.0
2002,2002-10-05,HERT,NUR,2.0,1.0,1,3.0,0.0,1.57,3.5,5.0
2002,2002-10-05,KAI,COT,4.0,0.0,1,3.0,0.0,1.67,3.25,4.5
2002,2002-10-05,MGL,BIE,3.0,0.0,1,3.0,0.0,1.8,3.25,3.75
2002,2002-10-05,SCH,HAM,3.0,0.0,1,3.0,0.0,1.57,3.5,5.0
2002,2002-10-05,WOB,LEVK,2.0,0.0,1,3.0,0.0,2.38,3.1,2.63
2002,2002-09-29,BOC,WERB,1.0,4.0,-1,0.0,3.0,2.38,3.1,2.63
2002,2002-09-29,NUR,KAI,1.0,0.0,1,3.0,0.0,2.2,3.25,2.75
2002,2002-09-28,BIE,SCH,2.0,1.0,1,3.0,0.0,2.75,3.2,2.25
2002,2002-09-28,COT,WOB,0.0,1.0,-1,0.0,3.0,2.3,3.2,2.63
2002,2002-09-28,DOR,MGL,1.0,0.0,1,3.0,0.0,1.4,3.75,7.0
2002,2002-09-28,HAM,STU,3.0,2.0,1,3.0,0.0,2.0,3.2,3.2
2002,2002-09-28,HANR,HAN,1.0,2.0,-1,0.0,3.0,1.73,3.2,4.33
2002,2002-09-28,LEVK,BAY,2.0,1.0,1,3.0,0.0,3.0,3.2,2.1
2002,2002-09-28,MUN1,HERT,1.0,0.0,1,3.0,0.0,2.38,3.1,2.63
2002,2002-09-22,SCH,MGL,2.0,1.0,1,3.0,0.0,1.62,3.25,5.0
2002,2002-09-22,STU,BIE,3.0,0.0,1,3.0,0.0,1.67,3.25,4.5
2002,2002-09-21,BAY,COT,3.0,1.0,1,3.0,0.0,1.2,5.0,11.0
2002,2002-09-21,HAN,BOC,2.0,2.0,0,1.0,1.0,2.25,3.2,2.75
2002,2002-09-21,HANR,DOR,0.0,1.0,-1,0.0,3.0,2.63,3.2,2.3
2002,2002-09-21,HERT,HAM,2.0,0.0,1,3.0,0.0,1.73,3.2,4.33
2002,2002-09-21,KAI,MUN1,0.0,0.0,0,1.0,1.0,2.0,3.0,3.4
2002,2002-09-21,WERB,LEVK,3.0,2.0,1,3.0,0.0,2.1,3.2,3.0
2002,2002-09-21,WOB,NUR,0.0,2.0,-1,0.0,3.0,1.62,3.25,5.0
2002,2002-09-15,BOC,HANR,0.0,1.0,-1,0.0,3.0,1.83,3.2,3.75
2002,2002-09-15,HAM,KAI,2.0,0.0,1,3.0,0.0,2.1,3.2,3.0
2002,2002-09-14,BIE,HERT,0.0,1.0,-1,0.0,3.0,2.63,3.1,2.38
2002,2002-09-14,COT,WERB,0.0,1.0,-1,0.0,3.0,2.5,3.1,2.5
2002,2002-09-14,DOR,SCH,1.0,1.0,0,1.0,1.0,1.91,3.0,3.75
2002,2002-09-14,LEVK,HAN,1.0,3.0,-1,0.0,3.0,1.33,4.0,8.0
2002,2002-09-14,MGL,STU,1.0,1.0,0,1.0,1.0,2.0,3.2,3.2
2002,2002-09-14,MUN1,WOB,2.0,2.0,0,1.0,1.0,1.91,3.2,3.5
2002,2002-09-14,NUR,BAY,1.0,2.0,-1,0.0,3.0,4.5,3.25,1.67
2002,2002-09-11,HAN,COT,1.0,3.0,-1,0.0,3.0,1.73,3.2,4.33
2002,2002-09-11,HANR,LEVK,1.0,3.0,-1,0.0,3.0,2.63,3.1,2.38
2002,2002-09-11,KAI,BIE,1.0,1.0,0,1.0,1.0,1.57,3.25,5.5
2002,2002-09-11,STU,SCH,1.0,1.0,0,1.0,1.0,2.5,3.1,2.5
2002,2002-09-11,WOB,HAM,2.0,1.0,1,3.0,0.0,2.0,3.2,3.2
2002,2002-09-10,BAY,MUN1,3.0,1.0,1,3.0,0.0,1.44,3.6,6.5
2002,2002-09-10,BOC,DOR,0.0,0.0,0,1.0,1.0,2.88,3.0,2.25
2002,2002-09-10,HERT,MGL,1.0,2.0,-1,0.0,3.0,1.5,3.4,6.0
2002,2002-09-10,WERB,NUR,4.0,1.0,1,3.0,0.0,1.62,3.25,5.0
2002,2002-08-25,NUR,HAN,3.0,1.0,1,3.0,0.0,2.0,3.2,3.2
2002,2002-08-25,SCH,HERT,0.0,0.0,0,1.0,1.0,2.0,3.2,3.2
2002,2002-08-24,BIE,WOB,1.0,0.0,1,3.0,0.0,2.3,3.2,2.63
2002,2002-08-24,COT,HANR,0.0,4.0,-1,0.0,3.0,2.2,3.0,3.0
2002,2002-08-24,DOR,STU,3.0,1.0,1,3.0,0.0,1.5,3.4,6.0
2002,2002-08-24,HAM,BAY,0.0,3.0,-1,0.0,3.0,3.5,3.2,1.91
2002,2002-08-24,LEVK,BOC,2.0,4.0,-1,0.0,3.0,1.44,3.6,6.5
2002,2002-08-24,MGL,KAI,3.0,0.0,1,3.0,0.0,2.38,3.1,2.63
2002,2002-08-24,MUN1,WERB,3.0,0.0,1,3.0,0.0,2.2,3.2,2.8
2002,2002-08-18,WERB,HAM,2.0,1.0,1,3.0,0.0,2.1,3.0,3.2
2002,2002-08-18,WOB,MGL,1.0,0.0,1,3.0,0.0,1.83,3.2,3.75
2002,2002-08-17,BAY,BIE,6.0,2.0,1,3.0,0.0,1.22,5.0,9.0
2002,2002-08-17,BOC,COT,5.0,0.0,1,3.0,0.0,1.83,3.2,3.75
2002,2002-08-17,HAN,MUN1,1.0,3.0,-1,0.0,3.0,2.1,3.2,3.0
2002,2002-08-17,HANR,NUR,2.0,0.0,1,3.0,0.0,1.83,3.2,3.75
2002,2002-08-17,HERT,STU,1.0,1.0,0,1.0,1.0,1.62,3.5,4.5
2002,2002-08-17,KAI,SCH,1.0,3.0,-1,0.0,3.0,2.25,3.2,2.75
2002,2002-08-17,LEVK,DOR,1.0,1.0,0,1.0,1.0,2.1,3.0,3.2
2002,2002-08-14,MUN1,HANR,0.0,2.0,-1,0.0,3.0,1.73,3.2,4.33
2002,2002-08-11,BIE,WERB,3.0,0.0,1,3.0,0.0,2.63,3.2,2.3
2002,2002-08-11,HAM,HAN,2.0,1.0,1,3.0,0.0,1.67,3.4,4.33
2002,2002-08-10,COT,LEVK,1.0,1.0,0,1.0,1.0,3.0,3.2,2.1
2002,2002-08-10,MGL,BAY,0.0,0.0,0,1.0,1.0,4.0,3.5,1.73
2002,2002-08-10,NUR,BOC,1.0,3.0,-1,0.0,3.0,1.91,3.25,3.4
2002,2002-08-10,SCH,WOB,1.0,0.0,1,3.0,0.0,1.57,3.5,5.0
2002,2002-08-10,STU,KAI,1.0,1.0,0,1.0,1.0,2.1,3.2,3.0
2002,2002-08-09,DOR,HERT,2.0,2.0,0,1.0,1.0,,,
2001,2002-05-04,BAY,HANR,3.0,2.0,1,3.0,0.0,1.14,6.0,11.5
2001,2002-05-04,COT,KOL,2.0,3.0,-1,0.0,3.0,1.7,3.4,4.3
2001,2002-05-04,DOR,WERB,2.0,1.0,1,3.0,0.0,1.35,4.15,7.5
2001,2002-05-04,FRE,HAM,4.0,3.0,1,3.0,0.0,2.35,3.2,2.65
2001,2002-05-04,LEVK,HERT,2.0,1.0,1,3.0,0.0,1.4,3.9,7.0
2001,2002-05-04,MGL,MUN1,2.0,4.0,-1,0.0,3.0,2.2,3.2,2.9
2001,2002-05-04,SCH,WOB,1.0,2.0,-1,0.0,3.0,1.42,4.0,5.9
2001,2002-05-04,STP,NUR,2.0,3.0,-1,0.0,3.0,2.1,3.25,3.0
2001,2002-05-04,STU,KAI,4.0,3.0,1,3.0,0.0,2.6,3.2,2.4
2001,2002-04-27,KOL,FRE,2.0,0.0,1,3.0,0.0,2.27,3.4,2.57
2001,2002-04-27,HAM,DOR,3.0,4.0,-1,0.0,3.0,3.7,3.35,1.83
2001,2002-04-27,HANR,MGL,1.0,1.0,0,1.0,1.0,1.95,2.95,3.8
2001,2002-04-27,HERT,SCH,2.0,0.0,1,3.0,0.0,2.0,3.15,3.35
2001,2002-04-27,KAI,COT,4.0,0.0,1,3.0,0.0,1.33,4.3,7.7
2001,2002-04-27,MUN1,STU,3.0,3.0,0,1.0,1.0,2.05,3.1,3.25
2001,2002-04-27,NUR,LEVK,1.0,0.0,1,3.0,0.0,4.0,3.4,1.75
2001,2002-04-27,WERB,STP,3.0,2.0,1,3.0,0.0,1.22,5.05,10.5
2001,2002-04-27,WOB,BAY,0.0,1.0,-1,0.0,3.0,4.4,3.6,1.64
2001,2002-04-21,FRE,KAI,3.0,1.0,1,3.0,0.0,2.5,3.25,2.45
2001,2002-04-21,MGL,STU,2.0,2.0,0,1.0,1.0,2.2,3.05,3.0
2001,2002-04-20,BAY,HERT,3.0,0.0,1,3.0,0.0,1.54,3.5,5.65
2001,2002-04-20,COT,MUN1,1.0,1.0,0,1.0,1.0,2.15,3.2,2.95
2001,2002-04-20,DOR,KOL,2.0,1.0,1,3.0,0.0,1.17,5.25,12.0
2001,2002-04-20,LEVK,WERB,1.0,2.0,-1,0.0,3.0,1.35,4.0,8.0
2001,2002-04-20,SCH,NUR,2.0,1.0,1,3.0,0.0,1.25,4.75,9.4
2001,2002-04-20,WOB,HANR,4.0,0.0,1,3.0,0.0,1.72,3.2,4.5
2001,2002-04-19,STP,HAM,0.0,4.0,-1,0.0,3.0,3.1,3.35,2.0
2001,2002-04-14,KAI,DOR,1.0,0.0,1,3.0,0.0,2.65,3.15,2.4
2001,2002-04-14,STU,COT,0.0,0.0,0,1.0,1.0,1.55,3.6,5.15
2001,2002-04-13,KOL,STP,2.0,1.0,1,3.0,0.0,2.05,3.25,3.15
2001,2002-04-13,HAM,LEVK,1.0,1.0,0,1.0,1.0,4.0,3.3,1.78
2001,2002-04-13,HERT,HANR,1.0,0.0,1,3.0,0.0,1.28,4.4,9.0
2001,2002-04-13,MGL,WOB,0.0,2.0,-1,0.0,3.0,1.9,3.25,3.6
2001,2002-04-13,MUN1,FRE,5.0,2.0,1,3.0,0.0,1.71,3.45,4.2
2001,2002-04-13,NUR,BAY,1.0,2.0,-1,0.0,3.0,4.4,3.5,1.65
2001,2002-04-13,WERB,SCH,3.0,0.0,1,3.0,0.0,2.53,3.15,2.48
2001,2002-04-07,DOR,MUN1,2.0,1.0,1,3.0,0.0,1.35,4.0,8.0
2001,2002-04-07,FRE,STU,0.0,2.0,-1,0.0,3.0,2.1,3.3,2.95
2001,2002-04-06,BAY,WERB,2.0,2.0,0,1.0,1.0,1.35,4.1,7.55
2001,2002-04-06,COT,MGL,3.0,3.0,0,1.0,1.0,1.92,3.15,3.6
2001,2002-04-06,HANR,NUR,1.0,0.0,1,3.0,0.0,1.86,3.15,3.85
2001,2002-04-06,LEVK,KOL,2.0,0.0,1,3.0,0.0,1.17,5.85,11.0
2001,2002-04-06,SCH,HAM,2.0,0.0,1,3.0,0.0,1.37,3.9,7.6
2001,2002-04-06,STP,KAI,1.0,1.0,0,1.0,1.0,2.8,3.2,2.25
2001,2002-04-06,WOB,HERT,1.0,3.0,-1,0.0,3.0,2.6,3.2,2.4
2001,2002-03-31,KOL,SCH,1.0,1.0,0,1.0,1.0,4.65,3.45,1.65
2001,2002-03-31,WERB,HANR,4.0,3.0,1,3.0,0.0,1.6,3.4,5.1
2001,2002-03-30,COT,FRE,2.0,0.0,1,3.0,0.0,1.75,3.3,4.15
2001,2002-03-30,HAM,BAY,0.0,0.0,0,1.0,1.0,3.45,3.2,1.95
2001,2002-03-30,KAI,LEVK,2.0,4.0,-1,0.0,3.0,2.65,3.2,2.35
2001,2002-03-30,MGL,HERT,3.0,1.0,1,3.0,0.0,2.65,3.1,2.4
2001,2002-03-30,MUN1,STP,4.0,2.0,1,3.0,0.0,1.6,3.4,5.1
2001,2002-03-30,NUR,WOB,3.0,0.0,1,3.0,0.0,2.1,3.1,3.15
2001,2002-03-30,STU,DOR,3.0,2.0,1,3.0,0.0,3.3,3.2,2.0
2001,2002-03-24,DOR,COT,3.0,0.0,1,3.0,0.0,1.25,4.8,9.0
2001,2002-03-24,WOB,WERB,2.0,0.0,1,3.0,0.0,2.2,3.05,3.0
2001,2002-03-23,BAY,KOL,3.0,0.0,1,3.0,0.0,1.17,5.8,11.1
2001,2002-03-23,FRE,MGL,0.0,1.0,-1,0.0,3.0,2.15,3.15,3.0
2001,2002-03-23,HANR,HAM,1.0,1.0,0,1.0,1.0,2.25,3.0,3.0
2001,2002-03-23,HERT,NUR,2.0,0.0,1,3.0,0.0,1.35,4.0,7.7
2001,2002-03-23,LEVK,MUN1,4.0,0.0,1,3.0,0.0,1.4,3.85,7.2
2001,2002-03-23,SCH,KAI,3.0,0.0,1,3.0,0.0,1.75,3.25,4.25
2001,2002-03-23,STP,STU,1.0,2.0,-1,0.0,3.0,2.35,3.15,2.7
2001,2002-03-17,FRE,DOR,1.0,5.0,-1,0.0,3.0,3.8,3.25,1.84
2001,2002-03-17,MUN1,SCH,1.0,2.0,-1,0.0,3.0,2.6,3.15,2.45
2001,2002-03-16,COT,STP,4.0,0.0,1,3.0,0.0,1.7,3.35,4.4
2001,2002-03-16,KOL,HANR,4.0,2.0,1,3.0,0.0,2.55,3.2,2.45
2001,2002-03-16,HAM,WOB,1.0,1.0,0,1.0,1.0,1.85,3.25,3.75
2001,2002-03-16,KAI,BAY,0.0,0.0,0,1.0,1.0,2.7,3.1,2.35
2001,2002-03-16,MGL,NUR,1.0,0.0,1,3.0,0.0,1.85,3.2,3.8
2001,2002-03-16,STU,LEVK,0.0,2.0,-1,0.0,3.0,2.9,3.1,2.25
2001,2002-03-16,WERB,HERT,0.0,3.0,-1,0.0,3.0,2.25,3.15,2.85
2001,2002-03-10,HERT,HAM,6.0,0.0,1,3.0,0.0,1.63,3.35,5.0
2001,2002-03-10,SCH,STU,2.0,1.0,1,3.0,0.0,1.56,3.55,5.25
2001,2002-03-09,BAY,MUN1,2.0,1.0,1,3.0,0.0,1.5,3.7,5.65
2001,2002-03-09,DOR,MGL,3.0,1.0,1,3.0,0.0,1.45,3.85,6.0
2001,2002-03-09,HANR,KAI,2.0,1.0,1,3.0,0.0,2.57,3.15,2.45
2001,2002-03-09,LEVK,COT,2.0,0.0,1,3.0,0.0,1.22,5.0,10.5
2001,2002-03-09,NUR,WERB,0.0,4.0,-1,0.0,3.0,2.3,3.1,2.8
2001,2002-03-09,STP,FRE,1.0,0.0,1,3.0,0.0,2.2,3.1,2.95
2001,2002-03-09,WOB,KOL,5.0,1.0,1,3.0,0.0,1.54,3.6,5.3
2001,2002-03-03,DOR,STP,1.0,1.0,0,1.0,1.0,1.25,5.0,9.0
2001,2002-03-03,KAI,WOB,3.0,2.0,1,3.0,0.0,1.56,3.5,5.25
2001,2002-03-02,COT,SCH,2.0,0.0,1,3.0,0.0,3.2,3.1,2.08
2001,2002-03-02,KOL,HERT,1.0,1.0,0,1.0,1.0,3.67,3.3,1.85
2001,2002-03-02,FRE,LEVK,2.0,2.0,0,1.0,1.0,3.8,3.3,1.82
2001,2002-03-02,HAM,NUR,3.0,1.0,1,3.0,0.0,1.65,3.45,4.6
2001,2002-03-02,MGL,WERB,1.0,0.0,1,3.0,0.0,2.35,3.05,2.75
2001,2002-03-02,MUN1,HANR,2.0,0.0,1,3.0,0.0,1.66,3.35,4.7
2001,2002-03-02,STU,BAY,0.0,2.0,-1,0.0,3.0,3.0,3.15,2.15
2001,2002-02-24,LEVK,DOR,4.0,0.0,1,3.0,0.0,2.1,3.15,3.15
2001,2002-02-24,WERB,HAM,0.0,1.0,-1,0.0,3.0,1.75,3.2,4.3
2001,2002-02-23,BAY,COT,6.0,0.0,1,3.0,0.0,1.25,5.0,8.75
2001,2002-02-23,HANR,STU,1.0,1.0,0,1.0,1.0,2.27,3.2,2.75
2001,2002-02-23,HERT,KAI,5.0,1.0,1,3.0,0.0,2.15,3.1,3.1
2001,2002-02-23,NUR,KOL,2.0,0.0,1,3.0,0.0,1.7,3.3,4.5
2001,2002-02-23,SCH,FRE,3.0,0.0,1,3.0,0.0,1.37,4.0,7.3
2001,2002-02-23,STP,MGL,1.0,1.0,0,1.0,1.0,2.3,3.1,2.8
2001,2002-02-23,WOB,MUN1,1.0,3.0,-1,0.0,3.0,2.0,3.1,3.4
2001,2002-02-17,COT,HANR,3.0,0.0,1,3.0,0.0,2.15,3.2,2.95
2001,2002-02-17,KOL,WERB,0.0,0.0,0,1.0,1.0,3.3,3.2,2.0
2001,2002-02-16,DOR,SCH,1.0,1.0,0,1.0,1.0,1.9,3.2,3.65
2001,2002-02-16,FRE,BAY,0.0,2.0,-1,0.0,3.0,3.62,3.3,1.86
2001,2002-02-16,KAI,NUR,2.0,1.0,1,3.0,0.0,1.44,3.75,6.4
2001,2002-02-16,MGL,HAM,2.0,1.0,1,3.0,0.0,2.26,3.15,2.8
2001,2002-02-16,MUN1,HERT,0.0,3.0,-1,0.0,3.0,2.12,3.2,3.0
2001,2002-02-16,STP,LEVK,2.0,2.0,0,1.0,1.0,4.3,3.5,1.68
2001,2002-02-16,STU,WOB,2.0,1.0,1,3.0,0.0,1.9,3.2,3.6
2001,2002-02-10,HAM,KOL,4.0,0.0,1,3.0,0.0,1.55,3.55,5.2
2001,2002-02-10,NUR,MUN1,2.0,1.0,1,3.0,0.0,2.45,3.2,2.52
2001,2002-02-09,BAY,DOR,1.0,1.0,0,1.0,1.0,1.85,3.25,3.72
2001,2002-02-09,HANR,FRE,4.0,0.0,1,3.0,0.0,2.0,3.15,3.4
2001,2002-02-09,HERT,STU,2.0,0.0,1,3.0,0.0,1.78,3.3,3.95
2001,2002-02-09,LEVK,MGL,5.0,0.0,1,3.0,0.0,1.38,3.8,7.75
2001,2002-02-09,SCH,STP,4.0,0.0,1,3.0,0.0,1.32,4.25,8.0
2001,2002-02-09,WERB,KAI,1.0,0.0,1,3.0,0.0,2.1,3.15,3.1
2001,2002-02-09,WOB,COT,2.0,1.0,1,3.0,0.0,1.55,3.5,5.35
2001,2002-02-06,DOR,HANR,2.0,0.0,1,3.0,0.0,1.31,4.3,8.25
2001,2002-02-06,KAI,HAM,2.0,2.0,0,1.0,1.0,1.53,3.55,5.6
2001,2002-02-06,LEVK,SCH,0.0,1.0,-1,0.0,3.0,1.73,3.4,4.2
2001,2002-02-06,STP,BAY,2.0,1.0,1,3.0,0.0,5.8,3.55,1.5
2001,2002-02-05,COT,HERT,1.0,0.0,1,3.0,0.0,2.75,3.25,2.25
2001,2002-02-05,FRE,WOB,0.0,0.0,0,1.0,1.0,2.0,3.3,3.2
2001,2002-02-05,MGL,KOL,4.0,0.0,1,3.0,0.0,1.9,3.25,3.55
2001,2002-02-05,MUN1,WERB,3.0,1.0,1,3.0,0.0,2.25,3.2,2.8
2001,2002-02-05,STU,NUR,2.0,3.0,-1,0.0,3.0,1.47,3.6,6.3
2001,2002-02-03,BAY,LEVK,2.0,0.0,1,3.0,0.0,1.85,3.35,3.65
2001,2002-02-03,HANR,STP,1.0,0.0,1,3.0,0.0,1.75,3.4,4.0
2001,2002-02-02,KOL,KAI,0.0,1.0,-1,0.0,3.0,2.85,3.2,2.25
2001,2002-02-02,HAM,MUN1,2.0,1.0,1,3.0,0.0,2.2,3.1,2.95
2001,2002-02-02,HERT,FRE,1.0,1.0,0,1.0,1.0,1.57,3.5,5.15
2001,2002-02-02,NUR,COT,2.0,0.0,1,3.0,0.0,1.9,3.2,3.6
2001,2002-02-02,SCH,MGL,2.0,0.0,1,3.0,0.0,1.5,3.6,5.8
2001,2002-02-02,WERB,STU,1.0,2.0,-1,0.0,3.0,1.67,3.4,4.5
2001,2002-02-02,WOB,DOR,1.0,1.0,0,1.0,1.0,2.7,3.25,2.3
2001,2002-01-27,COT,WERB,2.0,1.0,1,3.0,0.0,3.55,3.25,1.9
2001,2002-01-27,DOR,HERT,3.0,1.0,1,3.0,0.0,1.7,3.3,4.5
2001,2002-01-26,FRE,NUR,2.0,0.0,1,3.0,0.0,1.77,3.25,4.1
2001,2002-01-26,LEVK,HANR,2.0,0.0,1,3.0,0.0,1.35,4.1,7.6
2001,2002-01-26,MGL,KAI,0.0,2.0,-1,0.0,3.0,2.65,3.05,2.45
2001,2002-01-26,MUN1,KOL,3.0,0.0,1,3.0,0.0,1.65,3.3,4.85
2001,2002-01-26,SCH,BAY,5.0,1.0,1,3.0,0.0,2.7,3.05,2.4
2001,2002-01-26,STP,WOB,3.0,1.0,1,3.0,0.0,2.87,3.15,2.2
2001,2002-01-26,STU,HAM,3.0,0.0,1,3.0,0.0,1.9,3.15,3.7
2001,2001-12-19,KOL,STU,0.0,0.0,0,1.0,1.0,2.45,3.1,2.6
2001,2001-12-19,HANR,SCH,1.0,3.0,-1,0.0,3.0,2.5,3.2,2.5
2001,2001-12-19,KAI,MUN1,1.0,3.0,-1,0.0,3.0,1.6,3.4,5.1
2001,2001-12-19,WOB,LEVK,3.0,1.0,1,3.0,0.0,2.95,3.2,2.15
2001,2001-12-18,BAY,MGL,0.0,0.0,0,1.0,1.0,1.25,4.5,11.0
2001,2001-12-18,HAM,COT,5.0,2.0,1,3.0,0.0,1.55,3.5,5.45
2001,2001-12-18,HERT,STP,2.0,2.0,0,1.0,1.0,1.25,4.5,11.0
2001,2001-12-18,NUR,DOR,2.0,2.0,0,1.0,1.0,4.5,3.45,1.65
2001,2001-12-18,WERB,FRE,3.0,2.0,1,3.0,0.0,1.41,3.75,7.0
2001,2001-12-16,KAI,STU,2.0,2.0,0,1.0,1.0,1.52,3.5,5.8
2001,2001-12-16,WOB,SCH,3.0,1.0,1,3.0,0.0,2.42,3.05,2.65
2001,2001-12-15,KOL,COT,0.0,0.0,0,1.0,1.0,1.7,3.3,4.45
2001,2001-12-15,HAM,FRE,1.0,1.0,0,1.0,1.0,1.8,3.25,3.95
2001,2001-12-15,HANR,BAY,1.0,0.0,1,3.0,0.0,4.45,3.4,1.66
2001,2001-12-15,HERT,LEVK,2.0,1.0,1,3.0,0.0,2.6,3.1,2.45
2001,2001-12-15,MUN1,MGL,2.0,2.0,0,1.0,1.0,1.72,3.3,4.3
2001,2001-12-15,NUR,STP,0.0,0.0,0,1.0,1.0,1.75,3.3,4.15
2001,2001-12-15,WERB,DOR,1.0,1.0,0,1.0,1.0,2.3,3.15,2.75
2001,2001-12-09,FRE,KOL,0.0,0.0,0,1.0,1.0,1.75,3.25,4.2
2001,2001-12-09,SCH,HERT,0.0,0.0,0,1.0,1.0,2.0,3.1,3.4
2001,2001-12-08,BAY,WOB,3.0,3.0,0,1.0,1.0,1.26,4.75,8.7
2001,2001-12-08,COT,KAI,0.0,2.0,-1,0.0,3.0,3.25,3.25,2.0
2001,2001-12-08,DOR,HAM,1.0,0.0,1,3.0,0.0,1.37,4.1,7.0
2001,2001-12-08,LEVK,NUR,4.0,2.0,1,3.0,0.0,1.23,5.0,10.0
2001,2001-12-08,MGL,HANR,0.0,2.0,-1,0.0,3.0,1.8,3.25,4.0
2001,2001-12-08,STP,WERB,0.0,3.0,-1,0.0,3.0,3.75,3.25,1.82
2001,2001-12-08,STU,MUN1,0.0,1.0,-1,0.0,3.0,1.8,3.25,4.0
2001,2001-12-02,HAM,STP,4.0,3.0,1,3.0,0.0,1.55,3.6,5.2
2001,2001-12-02,HERT,BAY,2.0,1.0,1,3.0,0.0,2.8,3.05,2.33
2001,2001-12-01,KOL,DOR,0.0,2.0,-1,0.0,3.0,3.75,3.2,1.86
2001,2001-12-01,HANR,WOB,1.0,2.0,-1,0.0,3.0,2.2,3.05,3.0
2001,2001-12-01,KAI,FRE,3.0,0.0,1,3.0,0.0,1.47,3.65,6.1
2001,2001-12-01,MUN1,COT,1.0,0.0,1,3.0,0.0,1.6,3.45,5.0
2001,2001-12-01,NUR,SCH,0.0,3.0,-1,0.0,3.0,2.7,3.0,2.37
2001,2001-12-01,STU,MGL,1.0,1.0,0,1.0,1.0,1.62,3.4,4.9
2001,2001-12-01,WERB,LEVK,2.0,1.0,1,3.0,0.0,2.6,2.9,2.3
2001,2001-11-25,DOR,KAI,3.0,0.0,1,3.0,0.0,1.73,3.35,4.2
2001,2001-11-25,FRE,MUN1,1.0,3.0,-1,0.0,3.0,1.9,3.2,3.6
2001,2001-11-24,BAY,NUR,0.0,0.0,0,1.0,1.0,1.13,6.5,13.0
2001,2001-11-24,COT,STU,0.0,0.0,0,1.0,1.0,2.5,3.0,2.6
2001,2001-11-24,HANR,HERT,1.0,1.0,0,1.0,1.0,2.65,3.1,2.4
2001,2001-11-24,LEVK,HAM,4.0,1.0,1,3.0,0.0,1.4,3.9,6.8
2001,2001-11-24,SCH,WERB,1.0,4.0,-1,0.0,3.0,1.75,3.3,4.15
2001,2001-11-24,STP,KOL,1.0,2.0,-1,0.0,3.0,2.15,3.1,3.05
2001,2001-11-24,WOB,MGL,3.0,1.0,1,3.0,0.0,1.87,3.3,3.6
2001,2001-11-18,MGL,COT,0.0,0.0,0,1.0,1.0,1.6,3.4,5.1
2001,2001-11-18,NUR,HANR,2.0,0.0,1,3.0,0.0,2.25,3.1,2.87
2001,2001-11-17,KOL,LEVK,1.0,2.0,-1,0.0,3.0,3.9,3.3,1.8
2001,2001-11-17,HAM,SCH,0.0,0.0,0,1.0,1.0,2.35,3.1,2.75
2001,2001-11-17,HERT,WOB,2.0,0.0,1,3.0,0.0,1.6,3.4,5.1
2001,2001-11-17,KAI,STP,5.0,1.0,1,3.0,0.0,1.31,4.4,7.7
2001,2001-11-17,MUN1,DOR,1.0,3.0,-1,0.0,3.0,3.1,3.25,2.05
2001,2001-11-17,STU,FRE,3.0,0.0,1,3.0,0.0,1.82,3.25,3.9
2001,2001-11-17,WERB,BAY,1.0,0.0,1,3.0,0.0,3.45,3.2,1.95
2001,2001-11-04,FRE,COT,3.0,1.0,1,3.0,0.0,1.6,3.5,4.85
2001,2001-11-04,HERT,MGL,3.0,0.0,1,3.0,0.0,1.65,3.4,4.65
2001,2001-11-03,BAY,HAM,3.0,0.0,1,3.0,0.0,1.27,4.8,8.25
2001,2001-11-03,DOR,STU,1.0,0.0,1,3.0,0.0,1.52,3.6,5.6
2001,2001-11-03,HANR,WERB,0.0,1.0,-1,0.0,3.0,2.35,3.05,2.75
2001,2001-11-03,LEVK,KAI,2.0,1.0,1,3.0,0.0,1.65,3.3,4.7
2001,2001-11-03,SCH,KOL,3.0,1.0,1,3.0,0.0,1.45,3.75,6.25
2001,2001-11-03,STP,MUN1,0.0,3.0,-1,0.0,3.0,2.3,3.1,2.8
2001,2001-11-03,WOB,NUR,5.0,0.0,1,3.0,0.0,1.68,3.4,4.4
2001,2001-10-28,HAM,HANR,0.0,1.0,-1,0.0,3.0,1.57,3.5,5.0
2001,2001-10-28,NUR,HERT,1.0,3.0,-1,0.0,3.0,2.58,3.05,2.5
2001,2001-10-27,COT,DOR,0.0,2.0,-1,0.0,3.0,3.35,3.15,2.0
2001,2001-10-27,KOL,BAY,0.0,2.0,-1,0.0,3.0,4.05,3.3,1.76
2001,2001-10-27,KAI,SCH,0.0,0.0,0,1.0,1.0,1.83,3.25,3.8
2001,2001-10-27,MGL,FRE,2.0,2.0,0,1.0,1.0,1.98,3.15,3.4
2001,2001-10-27,MUN1,LEVK,1.0,4.0,-1,0.0,3.0,3.0,3.1,2.15
2001,2001-10-27,STU,STP,2.0,0.0,1,3.0,0.0,1.55,3.45,5.5
2001,2001-10-27,WERB,WOB,1.0,0.0,1,3.0,0.0,1.73,3.3,4.25
2001,2001-10-21,DOR,FRE,0.0,2.0,-1,0.0,3.0,1.4,4.0,6.7
2001,2001-10-21,WOB,HAM,0.0,1.0,-1,0.0,3.0,2.1,3.2,3.1
2001,2001-10-20,BAY,KAI,4.0,1.0,1,3.0,0.0,1.55,3.55,5.25
2001,2001-10-20,HANR,KOL,3.0,0.0,1,3.0,0.0,2.15,3.0,3.15
2001,2001-10-20,HERT,WERB,3.0,1.0,1,3.0,0.0,1.85,3.2,3.85
2001,2001-10-20,LEVK,STU,4.0,1.0,1,3.0,0.0,1.5,3.6,5.8
2001,2001-10-20,NUR,MGL,1.0,2.0,-1,0.0,3.0,2.15,3.0,3.15
2001,2001-10-20,SCH,MUN1,1.0,0.0,1,3.0,0.0,1.55,3.55,5.25
2001,2001-10-20,STP,COT,4.0,0.0,1,3.0,0.0,2.15,3.1,3.05
2001,2001-10-14,KOL,WOB,0.0,4.0,-1,0.0,3.0,,,
2001,2001-10-14,WERB,NUR,3.0,0.0,1,3.0,0.0,,,
2001,2001-10-13,COT,LEVK,2.0,3.0,-1,0.0,3.0,,,
2001,2001-10-13,FRE,STP,2.0,2.0,0,1.0,1.0,,,
2001,2001-10-13,HAM,HERT,4.0,0.0,1,3.0,0.0,,,
2001,2001-10-13,KAI,HANR,3.0,1.0,1,3.0,0.0,,,
2001,2001-10-13,MGL,DOR,1.0,2.0,-1,0.0,3.0,,,
2001,2001-10-13,MUN1,BAY,1.0,5.0,-1,0.0,3.0,,,
2001,2001-10-13,STU,SCH,3.0,0.0,1,3.0,0.0,,,
2001,2001-09-30,BAY,STU,4.0,0.0,1,3.0,0.0,,,
2001,2001-09-30,LEVK,FRE,4.0,1.0,1,3.0,0.0,,,
2001,2001-09-29,HANR,MUN1,2.0,2.0,0,1.0,1.0,,,
2001,2001-09-29,HERT,KOL,3.0,0.0,1,3.0,0.0,,,
2001,2001-09-29,NUR,HAM,0.0,0.0,0,1.0,1.0,,,
2001,2001-09-29,SCH,COT,2.0,0.0,1,3.0,0.0,,,
2001,2001-09-29,STP,DOR,1.0,2.0,-1,0.0,3.0,,,
2001,2001-09-29,WERB,MGL,1.0,0.0,1,3.0,0.0,,,
2001,2001-09-29,WOB,KAI,2.0,0.0,1,3.0,0.0,,,
2001,2001-09-23,MGL,STP,2.0,2.0,0,1.0,1.0,,,
2001,2001-09-23,MUN1,WOB,2.0,1.0,1,3.0,0.0,,,
2001,2001-09-22,COT,BAY,0.0,3.0,-1,0.0,3.0,,,
2001,2001-09-22,DOR,LEVK,1.0,1.0,0,1.0,1.0,,,
2001,2001-09-22,KOL,NUR,1.0,2.0,-1,0.0,3.0,,,
2001,2001-09-22,FRE,SCH,2.0,0.0,1,3.0,0.0,,,
2001,2001-09-22,HAM,WERB,0.0,4.0,-1,0.0,3.0,,,
2001,2001-09-22,KAI,HERT,4.0,1.0,1,3.0,0.0,,,
2001,2001-09-22,STU,HANR,2.0,1.0,1,3.0,0.0,,,
2001,2001-09-16,HANR,COT,0.0,0.0,0,1.0,1.0,,,
2001,2001-09-16,HERT,MUN1,2.0,1.0,1,3.0,0.0,,,
2001,2001-09-15,BAY,FRE,1.0,0.0,1,3.0,0.0,,,
2001,2001-09-15,HAM,MGL,3.0,3.0,0,1.0,1.0,,,
2001,2001-09-15,LEVK,STP,3.0,1.0,1,3.0,0.0,,,
2001,2001-09-15,NUR,KAI,0.0,2.0,-1,0.0,3.0,,,
2001,2001-09-15,SCH,DOR,1.0,0.0,1,3.0,0.0,,,
2001,2001-09-15,WERB,KOL,1.0,1.0,0,1.0,1.0,,,
2001,2001-09-15,WOB,STU,0.0,2.0,-1,0.0,3.0,,,
2001,2001-09-09,KOL,HAM,2.0,1.0,1,3.0,0.0,,,
2001,2001-09-09,KAI,WERB,2.0,1.0,1,3.0,0.0,,,
2001,2001-09-08,COT,WOB,3.0,3.0,0,1.0,1.0,,,
2001,2001-09-08,DOR,BAY,0.0,2.0,-1,0.0,3.0,,,
2001,2001-09-08,FRE,HANR,1.0,1.0,0,1.0,1.0,,,
2001,2001-09-08,MGL,LEVK,0.0,1.0,-1,0.0,3.0,,,
2001,2001-09-08,MUN1,NUR,1.0,0.0,1,3.0,0.0,,,
2001,2001-09-08,STP,SCH,0.0,2.0,-1,0.0,3.0,,,
2001,2001-09-08,STU,HERT,0.0,0.0,0,1.0,1.0,,,
2001,2001-08-21,SCH,HANR,3.0,1.0,1,3.0,0.0,,,
2001,2001-08-19,KOL,MGL,0.0,2.0,-1,0.0,3.0,,,
2001,2001-08-19,HERT,COT,2.0,3.0,-1,0.0,3.0,,,
2001,2001-08-18,BAY,STP,2.0,0.0,1,3.0,0.0,,,
2001,2001-08-18,HAM,KAI,2.0,3.0,-1,0.0,3.0,,,
2001,2001-08-18,HANR,DOR,0.0,2.0,-1,0.0,3.0,,,
2001,2001-08-18,NUR,STU,2.0,4.0,-1,0.0,3.0,,,
2001,2001-08-18,SCH,LEVK,3.0,3.0,0,1.0,1.0,,,
2001,2001-08-18,WERB,MUN1,1.0,3.0,-1,0.0,3.0,,,
2001,2001-08-18,WOB,FRE,1.0,1.0,0,1.0,1.0,,,
2001,2001-08-12,MGL,SCH,0.0,0.0,0,1.0,1.0,,,
2001,2001-08-12,STP,HANR,0.0,1.0,-1,0.0,3.0,,,
2001,2001-08-11,COT,NUR,1.0,0.0,1,3.0,0.0,,,
2001,2001-08-11,DOR,WOB,4.0,0.0,1,3.0,0.0,,,
2001,2001-08-11,FRE,HERT,1.0,3.0,-1,0.0,3.0,,,
2001,2001-08-11,KAI,KOL,2.0,1.0,1,3.0,0.0,,,
2001,2001-08-11,LEVK,BAY,1.0,1.0,0,1.0,1.0,,,
2001,2001-08-11,MUN1,HAM,1.0,1.0,0,1.0,1.0,,,
2001,2001-08-11,STU,WERB,0.0,0.0,0,1.0,1.0,,,
2001,2001-08-05,KAI,MGL,3.0,2.0,1,3.0,0.0,,,
2001,2001-08-05,NUR,FRE,2.0,0.0,1,3.0,0.0,,,
2001,2001-08-04,BAY,SCH,3.0,0.0,1,3.0,0.0,,,
2001,2001-08-04,KOL,MUN1,2.0,0.0,1,3.0,0.0,,,
2001,2001-08-04,HAM,STU,2.0,0.0,1,3.0,0.0,,,
2001,2001-08-04,HANR,LEVK,0.0,3.0,-1,0.0,3.0,,,
2001,2001-08-04,HERT,DOR,0.0,2.0,-1,0.0,3.0,,,
2001,2001-08-04,WERB,COT,3.0,2.0,1,3.0,0.0,,,
2001,2001-08-04,WOB,STP,1.0,1.0,0,1.0,1.0,,,
2000,2001-07-29,STP,HERT,0.0,0.0,0,1.0,1.0,3.7,3.2,1.85
2000,2001-07-28,COT,HAM,1.0,0.0,1,3.0,0.0,2.35,3.15,2.65
2000,2001-07-28,DOR,NUR,2.0,0.0,1,3.0,0.0,1.33,4.1,7.4
2000,2001-07-28,FRE,WERB,3.0,0.0,1,3.0,0.0,2.2,3.1,2.85
2000,2001-07-28,LEVK,WOB,2.0,1.0,1,3.0,0.0,1.47,3.8,5.8
2000,2001-07-28,MGL,BAY,1.0,0.0,1,3.0,0.0,3.55,3.3,1.9
2000,2001-07-28,MUN1,KAI,0.0,4.0,-1,0.0,3.0,2.2,3.2,2.85
2000,2001-07-28,STU,KOL,0.0,0.0,0,1.0,1.0,1.95,3.2,3.5
2000,2001-05-19,MUN1,COT,0.0,1.0,-1,0.0,3.0,1.96,3.3,3.25
2000,2001-05-19,DOR,KOL,3.0,3.0,0,1.0,1.0,1.35,4.25,6.9
2000,2001-05-19,EINF,STU,2.0,1.0,1,3.0,0.0,2.33,3.05,2.75
2000,2001-05-19,FRE,WOB,4.0,1.0,1,3.0,0.0,1.6,3.4,4.9
2000,2001-05-19,HAM,BAY,1.0,1.0,0,1.0,1.0,4.4,2.8,1.83
2000,2001-05-19,KAI,HERT,0.0,1.0,-1,0.0,3.0,2.2,3.15,2.85
2000,2001-05-19,LEVK,BOC,1.0,0.0,1,3.0,0.0,1.16,5.85,11.5
2000,2001-05-19,SCH,UNT,5.0,3.0,1,3.0,0.0,1.33,4.45,6.75
2000,2001-05-19,WERB,HANR,3.0,0.0,1,3.0,0.0,1.45,3.7,5.9
2000,2001-05-12,KOL,WERB,1.0,3.0,-1,0.0,3.0,2.1,3.1,3.1
2000,2001-05-12,BAY,KAI,2.0,1.0,1,3.0,0.0,1.3,4.2,7.5
2000,2001-05-12,BOC,FRE,1.0,3.0,-1,0.0,3.0,3.27,3.25,1.96
2000,2001-05-12,COT,HAM,4.0,2.0,1,3.0,0.0,1.8,3.3,3.7
2000,2001-05-12,HANR,MUN1,0.0,0.0,0,1.0,1.0,2.05,3.1,3.2
2000,2001-05-12,HERT,LEVK,1.0,1.0,0,1.0,1.0,2.3,3.1,2.8
2000,2001-05-12,STU,SCH,1.0,0.0,1,3.0,0.0,2.7,3.2,2.3
2000,2001-05-12,UNT,DOR,1.0,4.0,-1,0.0,3.0,2.7,3.1,2.25
2000,2001-05-12,WOB,EINF,3.0,0.0,1,3.0,0.0,1.87,3.35,3.4
2000,2001-05-06,FRE,HERT,1.0,0.0,1,3.0,0.0,2.25,3.15,2.85
2000,2001-05-06,WERB,UNT,0.0,0.0,0,1.0,1.0,1.51,3.55,5.8
2000,2001-05-05,MUN1,KOL,3.0,1.0,1,3.0,0.0,2.0,3.1,3.4
2000,2001-05-05,EINF,BOC,3.0,0.0,1,3.0,0.0,1.7,3.4,4.25
2000,2001-05-05,HAM,KAI,1.0,1.0,0,1.0,1.0,2.13,3.05,3.15
2000,2001-05-05,HANR,COT,1.0,0.0,1,3.0,0.0,1.77,3.25,4.1
2000,2001-05-05,LEVK,BAY,0.0,1.0,-1,0.0,3.0,2.5,2.9,2.55
2000,2001-05-05,SCH,WOB,2.0,1.0,1,3.0,0.0,1.4,3.6,6.5
2000,2001-05-04,DOR,STU,0.0,0.0,0,1.0,1.0,1.44,3.7,6.5
2000,2001-04-29,HAM,HANR,2.0,1.0,1,3.0,0.0,1.75,3.2,4.3
2000,2001-04-29,UNT,MUN1,3.0,2.0,1,3.0,0.0,2.22,3.1,2.9
2000,2001-04-28,KOL,COT,4.0,0.0,1,3.0,0.0,1.65,3.3,4.8
2000,2001-04-28,BAY,FRE,1.0,0.0,1,3.0,0.0,1.35,4.1,7.0
2000,2001-04-28,BOC,SCH,1.0,1.0,0,1.0,1.0,3.95,3.4,1.7
2000,2001-04-28,HERT,EINF,3.0,0.0,1,3.0,0.0,1.45,3.8,6.2
2000,2001-04-28,KAI,LEVK,0.0,1.0,-1,0.0,3.0,2.4,3.1,2.65
2000,2001-04-28,STU,WERB,2.0,1.0,1,3.0,0.0,2.25,3.0,2.95
2000,2001-04-27,WOB,DOR,1.0,1.0,0,1.0,1.0,2.65,3.1,2.4
2000,2001-04-22,MUN1,STU,2.0,1.0,1,3.0,0.0,1.9,3.15,3.7
2000,2001-04-22,FRE,KAI,5.0,2.0,1,3.0,0.0,2.25,3.05,2.9
2000,2001-04-21,COT,UNT,1.0,0.0,1,3.0,0.0,1.95,3.1,3.6
2000,2001-04-21,EINF,BAY,0.0,2.0,-1,0.0,3.0,3.8,3.25,1.8
2000,2001-04-21,HANR,KOL,2.0,1.0,1,3.0,0.0,2.2,3.05,3.0
2000,2001-04-21,LEVK,HAM,1.0,1.0,0,1.0,1.0,1.55,3.5,5.4
2000,2001-04-21,SCH,HERT,3.0,1.0,1,3.0,0.0,1.65,3.45,4.5
2000,2001-04-21,WERB,WOB,2.0,3.0,-1,0.0,3.0,1.65,3.4,4.55
2000,2001-04-20,DOR,BOC,5.0,0.0,1,3.0,0.0,1.32,4.4,7.65
2000,2001-04-15,HAM,KOL,1.0,1.0,0,1.0,1.0,1.82,3.2,3.95
2000,2001-04-15,UNT,HANR,1.0,1.0,0,1.0,1.0,2.05,3.05,3.35
2000,2001-04-14,BAY,SCH,1.0,3.0,-1,0.0,3.0,1.65,3.3,4.9
2000,2001-04-14,BOC,WERB,1.0,2.0,-1,0.0,3.0,2.6,3.0,2.52
2000,2001-04-14,HERT,DOR,1.0,0.0,1,3.0,0.0,2.43,3.05,2.65
2000,2001-04-14,KAI,EINF,4.0,2.0,1,3.0,0.0,1.5,3.6,5.8
2000,2001-04-14,LEVK,FRE,1.0,3.0,-1,0.0,3.0,1.45,3.65,6.55
2000,2001-04-14,WOB,MUN1,0.0,1.0,-1,0.0,3.0,1.77,3.25,4.1
2000,2001-04-12,STU,COT,1.0,0.0,1,3.0,0.0,1.65,3.45,4.55
2000,2001-04-08,HANR,STU,1.0,1.0,0,1.0,1.0,1.95,3.1,3.55
2000,2001-04-08,SCH,KAI,5.0,1.0,1,3.0,0.0,1.92,3.15,3.5
2000,2001-04-07,KOL,UNT,1.0,1.0,0,1.0,1.0,1.6,3.35,5.2
2000,2001-04-07,MUN1,BOC,2.0,4.0,-1,0.0,3.0,1.55,3.45,5.5
2000,2001-04-07,DOR,BAY,1.0,1.0,0,1.0,1.0,2.4,3.1,2.67
2000,2001-04-07,EINF,LEVK,1.0,3.0,-1,0.0,3.0,2.85,3.1,2.25
2000,2001-04-07,FRE,HAM,0.0,0.0,0,1.0,1.0,2.06,3.0,3.35
2000,2001-04-07,WERB,HERT,3.0,1.0,1,3.0,0.0,2.0,3.1,3.3
2000,2001-04-06,COT,WOB,0.0,0.0,0,1.0,1.0,2.25,3.0,2.95
2000,2001-04-01,BOC,COT,1.0,0.0,1,3.0,0.0,2.17,3.2,2.95
2000,2001-04-01,KAI,DOR,1.0,4.0,-1,0.0,3.0,2.28,3.05,2.85
2000,2001-03-31,BAY,WERB,2.0,3.0,-1,0.0,3.0,1.38,3.85,7.5
2000,2001-03-31,FRE,EINF,5.0,2.0,1,3.0,0.0,1.75,3.3,4.15
2000,2001-03-31,HAM,UNT,1.0,1.0,0,1.0,1.0,1.5,3.4,5.75
2000,2001-03-31,HERT,MUN1,3.0,0.0,1,3.0,0.0,1.72,3.35,4.2
2000,2001-03-31,LEVK,SCH,0.0,3.0,-1,0.0,3.0,1.73,3.3,4.2
2000,2001-03-31,STU,KOL,0.0,3.0,-1,0.0,3.0,1.95,3.1,3.55
2000,2001-03-30,WOB,HANR,2.0,1.0,1,3.0,0.0,1.78,3.2,4.1
2000,2001-03-18,UNT,STU,0.0,0.0,0,1.0,1.0,2.15,3.0,3.15
2000,2001-03-18,WERB,KAI,1.0,2.0,-1,0.0,3.0,2.0,3.1,3.4
2000,2001-03-17,MUN1,BAY,0.0,2.0,-1,0.0,3.0,3.85,3.15,1.85
2000,2001-03-17,COT,HERT,3.0,0.0,1,3.0,0.0,2.55,3.1,2.5
2000,2001-03-17,DOR,LEVK,1.0,3.0,-1,0.0,3.0,1.95,3.15,3.5
2000,2001-03-17,EINF,HAM,1.0,1.0,0,1.0,1.0,2.25,3.1,2.85
2000,2001-03-17,HANR,BOC,2.0,0.0,1,3.0,0.0,1.6,3.5,4.85
2000,2001-03-17,SCH,FRE,0.0,0.0,0,1.0,1.0,1.6,3.45,5.0
2000,2001-03-16,KOL,WOB,0.0,0.0,0,1.0,1.0,2.05,3.05,3.35
2000,2001-03-11,HAM,STU,2.0,2.0,0,1.0,1.0,1.67,3.35,4.5
2000,2001-03-11,KAI,MUN1,3.0,2.0,1,3.0,0.0,1.75,3.3,4.2
2000,2001-03-10,BAY,COT,2.0,0.0,1,3.0,0.0,1.22,5.1,10.0
2000,2001-03-10,BOC,KOL,2.0,3.0,-1,0.0,3.0,2.45,3.0,2.65
2000,2001-03-10,EINF,SCH,0.0,0.0,0,1.0,1.0,2.6,2.95,2.55
2000,2001-03-10,FRE,DOR,2.0,2.0,0,1.0,1.0,2.9,3.0,2.3
2000,2001-03-10,HERT,HANR,1.0,0.0,1,3.0,0.0,1.6,3.35,5.2
2000,2001-03-10,WOB,UNT,6.0,1.0,1,3.0,0.0,1.62,3.3,5.2
2000,2001-03-09,LEVK,WERB,3.0,0.0,1,3.0,0.0,1.6,3.3,5.3
2000,2001-03-07,HERT,UNT,2.0,1.0,1,3.0,0.0,1.45,3.7,6.4
2000,2001-03-04,MUN1,LEVK,1.0,0.0,1,3.0,0.0,2.65,2.9,2.5
2000,2001-03-04,SCH,HAM,0.0,1.0,-1,0.0,3.0,1.62,3.4,4.85
2000,2001-03-03,KOL,HERT,1.0,0.0,1,3.0,0.0,2.35,3.0,2.8
2000,2001-03-03,COT,KAI,0.0,2.0,-1,0.0,3.0,2.45,3.1,2.6
2000,2001-03-03,HANR,BAY,3.0,2.0,1,3.0,0.0,3.8,3.2,1.85
2000,2001-03-03,STU,WOB,2.0,1.0,1,3.0,0.0,2.25,3.0,2.95
2000,2001-03-03,UNT,BOC,2.0,1.0,1,3.0,0.0,1.8,3.25,3.95
2000,2001-03-03,WERB,FRE,3.0,1.0,1,3.0,0.0,1.8,3.2,4.0
2000,2001-03-02,DOR,EINF,6.0,1.0,1,3.0,0.0,1.42,3.8,6.7
2000,2001-02-25,BOC,STU,0.0,0.0,0,1.0,1.0,2.27,3.0,2.87
2000,2001-02-25,KAI,HANR,0.0,1.0,-1,0.0,3.0,1.5,3.4,6.2
2000,2001-02-24,BAY,KOL,1.0,1.0,0,1.0,1.0,1.27,4.5,9.0
2000,2001-02-24,EINF,WERB,1.0,2.0,-1,0.0,3.0,2.2,3.1,2.95
2000,2001-02-24,FRE,MUN1,0.0,3.0,-1,0.0,3.0,1.9,3.2,3.6
2000,2001-02-24,HAM,WOB,3.0,2.0,1,3.0,0.0,2.0,3.1,3.35
2000,2001-02-24,SCH,DOR,0.0,0.0,0,1.0,1.0,2.25,3.2,2.75
2000,2001-02-23,LEVK,COT,1.0,3.0,-1,0.0,3.0,1.25,4.2,8.7
2000,2001-02-18,KOL,KAI,0.0,1.0,-1,0.0,3.0,2.25,3.0,2.9
2000,2001-02-18,STU,HERT,0.0,1.0,-1,0.0,3.0,2.27,3.0,2.9
2000,2001-02-17,COT,FRE,0.0,2.0,-1,0.0,3.0,2.18,3.2,2.75
2000,2001-02-17,DOR,HAM,4.0,2.0,1,3.0,0.0,1.6,3.45,4.8
2000,2001-02-17,HANR,LEVK,2.0,1.0,1,3.0,0.0,3.3,3.15,2.0
2000,2001-02-17,UNT,BAY,1.0,0.0,1,3.0,0.0,5.1,3.35,1.6
2000,2001-02-17,WERB,SCH,2.0,1.0,1,3.0,0.0,2.33,3.1,2.7
2000,2001-02-17,WOB,BOC,0.0,0.0,0,1.0,1.0,1.48,3.55,6.1
2000,2001-02-16,MUN1,EINF,2.0,2.0,0,1.0,1.0,1.68,3.3,4.55
2000,2001-02-11,DOR,WERB,0.0,0.0,0,1.0,1.0,1.53,3.45,5.6
2000,2001-02-11,FRE,HANR,0.0,0.0,0,1.0,1.0,1.6,3.4,4.8
2000,2001-02-10,BAY,STU,1.0,0.0,1,3.0,0.0,1.28,4.4,8.6
2000,2001-02-10,HAM,BOC,3.0,0.0,1,3.0,0.0,1.5,3.6,5.6
2000,2001-02-10,HERT,WOB,1.0,3.0,-1,0.0,3.0,1.68,3.25,4.6
2000,2001-02-10,KAI,UNT,4.0,0.0,1,3.0,0.0,1.5,3.5,5.9
2000,2001-02-10,LEVK,KOL,4.0,1.0,1,3.0,0.0,1.45,3.65,6.4
2000,2001-02-10,SCH,MUN1,2.0,0.0,1,3.0,0.0,1.55,3.5,5.4
2000,2001-02-09,EINF,COT,1.0,0.0,1,3.0,0.0,1.8,3.2,4.0
2000,2001-02-04,HANR,EINF,0.0,2.0,-1,0.0,3.0,1.8,3.2,3.9
2000,2001-02-04,UNT,LEVK,1.0,2.0,-1,0.0,3.0,3.05,2.9,2.25
2000,2001-02-03,KOL,FRE,0.0,1.0,-1,0.0,3.0,1.75,3.2,4.0
2000,2001-02-03,BOC,HERT,1.0,3.0,-1,0.0,3.0,2.6,3.0,2.5
2000,2001-02-03,COT,SCH,4.0,1.0,1,3.0,0.0,2.95,3.0,2.25
2000,2001-02-03,STU,KAI,6.0,1.0,1,3.0,0.0,2.37,2.9,2.8
2000,2001-02-03,WERB,HAM,3.0,1.0,1,3.0,0.0,1.91,3.1,3.6
2000,2001-02-03,WOB,BAY,1.0,3.0,-1,0.0,3.0,3.25,2.95,2.1
2000,2001-02-02,MUN1,DOR,1.0,0.0,1,3.0,0.0,2.65,2.95,2.45
2000,2001-01-28,HAM,HERT,1.0,2.0,-1,0.0,3.0,2.05,3.1,3.2
2000,2001-01-28,LEVK,STU,4.0,0.0,1,3.0,0.0,1.43,3.6,6.8
2000,2001-01-27,BAY,BOC,3.0,2.0,1,3.0,0.0,1.21,5.2,10.5
2000,2001-01-27,DOR,COT,2.0,0.0,1,3.0,0.0,1.25,4.35,8.4
2000,2001-01-27,EINF,KOL,1.0,5.0,-1,0.0,3.0,2.0,3.1,3.35
2000,2001-01-27,FRE,UNT,2.0,0.0,1,3.0,0.0,1.75,3.2,4.2
2000,2001-01-27,KAI,WOB,0.0,0.0,0,1.0,1.0,1.77,3.2,4.05
2000,2001-01-27,WERB,MUN1,2.0,0.0,1,3.0,0.0,1.95,3.2,3.35
2000,2001-01-26,SCH,HANR,2.0,0.0,1,3.0,0.0,1.35,4.0,7.2
2000,2000-12-20,UNT,WERB,0.0,0.0,0,1.0,1.0,2.15,2.9,3.2
2000,2000-12-17,COT,WERB,3.0,1.0,1,3.0,0.0,2.25,3.2,2.8
2000,2000-12-17,HERT,BAY,1.0,3.0,-1,0.0,3.0,2.6,3.2,2.4
2000,2000-12-16,KOL,SCH,2.0,2.0,0,1.0,1.0,2.3,3.4,2.6
2000,2000-12-16,MUN1,HAM,2.0,1.0,1,3.0,0.0,2.2,3.4,2.7
2000,2000-12-16,BOC,KAI,0.0,1.0,-1,0.0,3.0,2.6,3.1,2.4
2000,2000-12-16,HANR,DOR,1.0,2.0,-1,0.0,3.0,2.7,3.0,2.4
2000,2000-12-16,STU,FRE,0.0,0.0,0,1.0,1.0,1.85,3.2,3.8
2000,2000-12-16,WOB,LEVK,2.0,0.0,1,3.0,0.0,2.6,3.2,2.4
2000,2000-12-15,UNT,EINF,2.0,0.0,1,3.0,0.0,2.1,3.2,3.0
2000,2000-12-13,KOL,DOR,0.0,0.0,0,1.0,1.0,2.35,3.2,2.65
2000,2000-12-13,BAY,HAM,2.0,1.0,1,3.0,0.0,1.4,3.9,6.6
2000,2000-12-13,BOC,LEVK,3.0,2.0,1,3.0,0.0,3.4,3.1,1.95
2000,2000-12-13,COT,MUN1,2.0,3.0,-1,0.0,3.0,2.15,3.15,3.0
2000,2000-12-13,HANR,WERB,5.0,2.0,1,3.0,0.0,2.2,3.1,2.9
2000,2000-12-13,HERT,KAI,2.0,4.0,-1,0.0,3.0,1.8,3.35,3.8
2000,2000-12-12,STU,EINF,4.0,1.0,1,3.0,0.0,1.85,3.2,3.7
2000,2000-12-12,UNT,SCH,0.0,2.0,-1,0.0,3.0,2.65,3.15,2.35
2000,2000-12-12,WOB,FRE,1.0,2.0,-1,0.0,3.0,1.7,3.25,4.45
2000,2000-12-10,HAM,COT,2.0,1.0,1,3.0,0.0,1.45,3.7,6.2
2000,2000-12-10,LEVK,HERT,4.0,0.0,1,3.0,0.0,1.8,3.3,3.85
2000,2000-12-10,WERB,KOL,2.0,1.0,1,3.0,0.0,1.9,3.2,3.6
2000,2000-12-09,MUN1,HANR,2.0,1.0,1,3.0,0.0,1.85,3.15,3.7
2000,2000-12-09,DOR,UNT,3.0,0.0,1,3.0,0.0,1.45,3.75,6.0
2000,2000-12-09,FRE,BOC,5.0,0.0,1,3.0,0.0,1.75,3.2,4.3
2000,2000-12-09,KAI,BAY,0.0,0.0,0,1.0,1.0,2.7,3.15,2.3
2000,2000-12-09,SCH,STU,2.0,1.0,1,3.0,0.0,1.55,3.5,5.5
2000,2000-12-08,EINF,WOB,1.0,2.0,-1,0.0,3.0,1.95,3.2,3.45
2000,2000-12-03,COT,HANR,1.0,0.0,1,3.0,0.0,2.1,3.0,3.25
2000,2000-12-03,KAI,HAM,2.0,1.0,1,3.0,0.0,1.9,3.0,3.6
2000,2000-12-02,KOL,MUN1,4.0,0.0,1,3.0,0.0,1.8,3.2,3.8
2000,2000-12-02,BAY,LEVK,2.0,0.0,1,3.0,0.0,1.75,3.25,4.1
2000,2000-12-02,BOC,EINF,2.0,1.0,1,3.0,0.0,2.35,3.1,2.7
2000,2000-12-02,HERT,FRE,2.0,2.0,0,1.0,1.0,1.45,3.6,6.3
2000,2000-12-02,STU,DOR,0.0,2.0,-1,0.0,3.0,2.4,3.0,2.7
2000,2000-12-02,WOB,SCH,2.0,0.0,1,3.0,0.0,2.4,3.1,2.65
2000,2000-11-26,MUN1,UNT,0.0,2.0,-1,0.0,3.0,1.65,3.3,4.8
2000,2000-11-26,LEVK,KAI,4.0,2.0,1,3.0,0.0,1.66,3.4,4.45
2000,2000-11-26,WERB,STU,1.0,0.0,1,3.0,0.0,1.85,3.2,3.7
2000,2000-11-25,COT,KOL,0.0,2.0,-1,0.0,3.0,2.1,3.2,3.0
2000,2000-11-25,DOR,WOB,2.0,1.0,1,3.0,0.0,1.7,3.3,4.5
2000,2000-11-25,EINF,HERT,0.0,4.0,-1,0.0,3.0,2.15,3.2,2.9
2000,2000-11-25,FRE,BAY,1.0,1.0,0,1.0,1.0,3.8,3.3,1.8
2000,2000-11-25,HANR,HAM,1.0,0.0,1,3.0,0.0,2.45,3.0,2.7
2000,2000-11-24,SCH,BOC,2.0,1.0,1,3.0,0.0,1.35,4.0,6.5
2000,2000-11-19,BOC,DOR,1.0,1.0,0,1.0,1.0,2.7,3.0,2.3
2000,2000-11-19,UNT,COT,2.0,1.0,1,3.0,0.0,1.9,2.9,3.8
2000,2000-11-18,KOL,HANR,5.0,2.0,1,3.0,0.0,1.9,3.1,3.7
2000,2000-11-18,BAY,EINF,1.0,2.0,-1,0.0,3.0,1.25,4.6,9.0
2000,2000-11-18,HAM,LEVK,1.0,3.0,-1,0.0,3.0,2.25,3.0,2.8
2000,2000-11-18,HERT,SCH,0.0,4.0,-1,0.0,3.0,1.85,3.2,3.6
2000,2000-11-18,KAI,FRE,0.0,2.0,-1,0.0,3.0,1.5,3.4,5.8
2000,2000-11-18,WOB,WERB,1.0,1.0,0,1.0,1.0,1.85,3.1,3.8
2000,2000-11-17,STU,MUN1,2.0,2.0,0,1.0,1.0,2.0,2.8,3.6
2000,2000-11-12,COT,STU,2.0,1.0,1,3.0,0.0,2.25,3.1,2.85
2000,2000-11-12,EINF,KAI,3.0,1.0,1,3.0,0.0,2.4,3.15,2.6
2000,2000-11-11,KOL,HAM,4.0,2.0,1,3.0,0.0,2.4,3.15,2.65
2000,2000-11-11,MUN1,WOB,2.0,2.0,0,1.0,1.0,2.05,3.05,3.3
2000,2000-11-11,FRE,LEVK,0.0,1.0,-1,0.0,3.0,2.85,3.15,2.25
2000,2000-11-11,HANR,UNT,2.0,2.0,0,1.0,1.0,1.8,3.2,4.1
2000,2000-11-11,SCH,BAY,3.0,2.0,1,3.0,0.0,2.8,3.25,2.2
2000,2000-11-11,WERB,BOC,2.0,0.0,1,3.0,0.0,1.7,3.25,4.4
2000,2000-11-10,DOR,HERT,2.0,0.0,1,3.0,0.0,2.1,3.2,3.0
2000,2000-11-05,UNT,KOL,0.0,0.0,0,1.0,1.0,2.0,3.15,3.35
2000,2000-11-05,WOB,COT,1.0,1.0,0,1.0,1.0,1.5,3.6,5.55
2000,2000-11-04,BAY,DOR,6.0,2.0,1,3.0,0.0,1.55,3.5,5.5
2000,2000-11-04,BOC,MUN1,1.0,1.0,0,1.0,1.0,2.35,2.95,2.8
2000,2000-11-04,HAM,FRE,5.0,0.0,1,3.0,0.0,1.6,3.45,4.8
2000,2000-11-04,HERT,WERB,4.0,1.0,1,3.0,0.0,1.6,3.4,5.1
2000,2000-11-04,KAI,SCH,3.0,2.0,1,3.0,0.0,2.05,3.1,3.25
2000,2000-11-04,STU,HANR,1.0,0.0,1,3.0,0.0,1.8,3.3,3.8
2000,2000-11-03,LEVK,EINF,1.0,0.0,1,3.0,0.0,1.5,3.4,6.2
2000,2000-10-29,KOL,STU,3.0,2.0,1,3.0,0.0,2.3,2.8,3.05
2000,2000-10-29,MUN1,HERT,0.0,1.0,-1,0.0,3.0,2.0,3.2,3.15
2000,2000-10-28,DOR,KAI,1.0,2.0,-1,0.0,3.0,1.8,3.15,3.85
2000,2000-10-28,EINF,FRE,3.0,0.0,1,3.0,0.0,1.9,3.1,3.75
2000,2000-10-28,HANR,WOB,1.0,1.0,0,1.0,1.0,2.2,3.2,2.85
2000,2000-10-28,SCH,LEVK,0.0,0.0,0,1.0,1.0,2.15,3.2,2.95
2000,2000-10-28,UNT,HAM,2.0,1.0,1,3.0,0.0,2.6,3.2,2.4
2000,2000-10-28,WERB,BAY,1.0,1.0,0,1.0,1.0,3.25,3.15,2.05
2000,2000-10-27,COT,BOC,2.0,0.0,1,3.0,0.0,2.15,3.1,3.0
2000,2000-10-22,BOC,HANR,1.0,2.0,-1,0.0,3.0,1.91,3.25,3.4
2000,2000-10-22,FRE,SCH,3.0,1.0,1,3.0,0.0,2.4,3.3,2.5
2000,2000-10-21,BAY,MUN1,3.0,1.0,1,3.0,0.0,1.55,3.2,5.5
2000,2000-10-21,HAM,EINF,2.0,0.0,1,3.0,0.0,1.55,3.4,5.0
2000,2000-10-21,HERT,COT,3.0,1.0,1,3.0,0.0,1.3,4.5,6.5
2000,2000-10-21,LEVK,DOR,2.0,0.0,1,3.0,0.0,1.95,3.3,3.25
2000,2000-10-21,STU,UNT,2.0,2.0,0,1.0,1.0,1.45,3.4,6.5
2000,2000-10-21,WOB,KOL,6.0,0.0,1,3.0,0.0,1.66,3.45,4.4
2000,2000-10-20,KAI,WERB,2.0,0.0,1,3.0,0.0,1.85,3.4,3.6
2000,2000-10-15,HANR,HERT,0.0,2.0,-1,0.0,3.0,2.2,3.0,2.9
2000,2000-10-15,UNT,WOB,0.0,3.0,-1,0.0,3.0,2.15,3.15,3.0
2000,2000-10-14,KOL,BOC,2.0,0.0,1,3.0,0.0,1.95,3.2,3.4
2000,2000-10-14,MUN1,KAI,0.0,4.0,-1,0.0,3.0,1.65,3.5,4.2
2000,2000-10-14,COT,BAY,1.0,0.0,1,3.0,0.0,6.2,3.5,1.45
2000,2000-10-14,SCH,EINF,4.0,0.0,1,3.0,0.0,1.57,3.45,4.9
2000,2000-10-14,STU,HAM,3.0,3.0,0,1.0,1.0,2.1,3.1,3.0
2000,2000-10-14,WERB,LEVK,3.0,3.0,0,1.0,1.0,2.45,3.05,2.6
2000,2000-10-13,DOR,FRE,1.0,0.0,1,3.0,0.0,1.43,3.75,6.5
2000,2000-10-01,FRE,WERB,0.0,1.0,-1,0.0,3.0,1.95,3.25,3.35
2000,2000-10-01,WOB,STU,2.0,2.0,0,1.0,1.0,2.0,3.15,3.3
2000,2000-09-30,BAY,HANR,0.0,1.0,-1,0.0,3.0,1.2,5.3,10.0
2000,2000-09-30,BOC,UNT,3.0,0.0,1,3.0,0.0,1.95,3.35,3.2
2000,2000-09-30,HAM,SCH,2.0,0.0,1,3.0,0.0,1.95,3.2,3.45
2000,2000-09-30,HERT,KOL,4.0,2.0,1,3.0,0.0,1.5,3.6,5.7
2000,2000-09-30,KAI,COT,1.0,1.0,0,1.0,1.0,1.35,3.8,7.2
2000,2000-09-30,LEVK,MUN1,0.0,0.0,0,1.0,1.0,1.66,3.5,4.3
2000,2000-09-29,EINF,DOR,1.0,1.0,0,1.0,1.0,2.2,3.2,2.75
2000,2000-09-24,HANR,KAI,1.0,0.0,1,3.0,0.0,2.4,3.2,2.55
2000,2000-09-24,UNT,HERT,5.0,2.0,1,3.0,0.0,2.45,3.25,2.5
2000,2000-09-23,KOL,BAY,1.0,2.0,-1,0.0,3.0,4.1,3.25,1.71
2000,2000-09-23,COT,LEVK,1.0,2.0,-1,0.0,3.0,3.65,3.35,1.85
2000,2000-09-23,DOR,SCH,0.0,4.0,-1,0.0,3.0,1.85,3.1,3.9
2000,2000-09-23,STU,BOC,1.0,1.0,0,1.0,1.0,1.4,3.8,6.9
2000,2000-09-23,WERB,EINF,1.0,1.0,0,1.0,1.0,1.7,3.4,4.2
2000,2000-09-23,WOB,HAM,4.0,4.0,0,1.0,1.0,2.15,3.25,2.9
2000,2000-09-22,MUN1,FRE,3.0,1.0,1,3.0,0.0,1.6,3.45,4.8
2000,2000-09-17,HERT,STU,2.0,0.0,1,3.0,0.0,1.85,3.2,3.8
2000,2000-09-17,SCH,WERB,1.0,1.0,0,1.0,1.0,1.75,3.15,3.9
2000,2000-09-16,BAY,UNT,3.0,1.0,1,3.0,0.0,1.25,5.2,8.0
2000,2000-09-16,BOC,WOB,2.0,1.0,1,3.0,0.0,2.2,3.2,2.85
2000,2000-09-16,EINF,MUN1,1.0,0.0,1,3.0,0.0,2.3,3.2,2.65
2000,2000-09-16,FRE,COT,4.0,1.0,1,3.0,0.0,1.51,3.45,6.1
2000,2000-09-16,HAM,DOR,2.0,3.0,-1,0.0,3.0,2.05,3.25,3.15
2000,2000-09-16,LEVK,HANR,1.0,2.0,-1,0.0,3.0,1.25,4.8,7.9
2000,2000-09-15,KAI,KOL,3.0,1.0,1,3.0,0.0,1.66,3.4,4.3
2000,2000-09-10,COT,EINF,2.0,0.0,1,3.0,0.0,2.25,3.2,2.8
2000,2000-09-10,HANR,FRE,0.0,0.0,0,1.0,1.0,2.2,3.15,2.9
2000,2000-09-09,KOL,LEVK,1.0,1.0,0,1.0,1.0,2.9,3.1,2.15
2000,2000-09-09,MUN1,SCH,1.0,1.0,0,1.0,1.0,1.95,3.15,3.3
2000,2000-09-09,BOC,HAM,0.0,4.0,-1,0.0,3.0,2.45,3.15,2.55
2000,2000-09-09,STU,BAY,2.0,1.0,1,3.0,0.0,3.3,3.1,2.0
2000,2000-09-09,WERB,DOR,1.0,2.0,-1,0.0,3.0,2.2,3.1,2.9
2000,2000-09-09,WOB,HERT,2.0,1.0,1,3.0,0.0,2.15,3.1,3.0
2000,2000-09-08,UNT,KAI,0.0,0.0,0,1.0,1.0,2.35,3.0,2.8
2000,2000-09-06,BAY,WOB,3.0,1.0,1,3.0,0.0,1.2,4.5,9.0
2000,2000-09-06,DOR,MUN1,2.0,3.0,-1,0.0,3.0,1.8,3.25,4.0
2000,2000-09-06,EINF,HANR,4.0,0.0,1,3.0,0.0,1.85,3.1,3.9
2000,2000-09-06,HAM,WERB,2.0,1.0,1,3.0,0.0,1.95,3.1,3.4
2000,2000-09-06,HERT,BOC,4.0,0.0,1,3.0,0.0,1.4,3.6,6.5
2000,2000-09-05,FRE,KOL,0.0,0.0,0,1.0,1.0,1.85,3.2,3.7
2000,2000-09-05,KAI,STU,1.0,0.0,1,3.0,0.0,2.05,3.15,3.2
2000,2000-09-05,LEVK,UNT,1.0,0.0,1,3.0,0.0,1.2,4.8,8.5
2000,2000-09-05,SCH,COT,3.0,0.0,1,3.0,0.0,1.25,4.4,8.0
2000,2000-08-20,KOL,EINF,4.0,1.0,1,3.0,0.0,2.1,3.0,2.9
2000,2000-08-20,HANR,SCH,0.0,4.0,-1,0.0,3.0,2.3,2.95,2.5
2000,2000-08-19,MUN1,WERB,2.0,1.0,1,3.0,0.0,1.9,2.9,3.7
2000,2000-08-19,BOC,BAY,0.0,3.0,-1,0.0,3.0,5.75,3.1,1.47
2000,2000-08-19,HERT,HAM,4.0,0.0,1,3.0,0.0,2.1,3.1,3.0
2000,2000-08-19,STU,LEVK,4.0,1.0,1,3.0,0.0,2.9,3.0,2.3
2000,2000-08-19,UNT,FRE,1.0,1.0,0,1.0,1.0,1.95,2.8,3.6
2000,2000-08-19,WOB,KAI,4.0,0.0,1,3.0,0.0,2.25,3.0,2.9
2000,2000-08-18,COT,DOR,1.0,4.0,-1,0.0,3.0,2.9,3.0,2.1
2000,2000-08-13,EINF,UNT,3.0,0.0,1,3.0,0.0,1.75,3.0,4.5
2000,2000-08-13,SCH,KOL,2.0,1.0,1,3.0,0.0,1.95,3.0,3.3
2000,2000-08-12,BAY,HERT,4.0,1.0,1,3.0,0.0,1.3,4.5,6.0
2000,2000-08-12,FRE,STU,4.0,0.0,1,3.0,0.0,2.4,3.1,2.5
2000,2000-08-12,HAM,MUN1,2.0,2.0,0,1.0,1.0,1.8,3.3,3.8
2000,2000-08-12,KAI,BOC,0.0,1.0,-1,0.0,3.0,1.5,3.4,4.6
2000,2000-08-12,LEVK,WOB,2.0,0.0,1,3.0,0.0,1.4,4.0,5.5
2000,2000-08-12,WERB,COT,3.0,1.0,1,3.0,0.0,1.5,3.6,6.0
2000,2000-08-11,DOR,HANR,1.0,0.0,1,3.0,0.0,1.5,3.4,5.0
