league,season,team_id,games_played,wins,losses,ties,win_pct,points_for,points_against,point_diff,rank
MLB,1980,TOR,162,97,65,0,0.599,97,65,32,1
MLB,1980,MIN,161,93,68,0,0.578,93,68,25,2
MLB,1980,OAK,162,90,72,0,0.556,90,72,18,3
MLB,1980,SLN,162,90,72,0,0.556,90,72,18,4
MLB,1980,HOU,163,87,76,0,0.534,87,76,11,5
MLB,1980,LAN,163,86,77,0,0.528,86,77,9,6
MLB,1980,CAL,160,84,76,0,0.525,84,76,8,7
MLB,1980,NYN,162,85,77,0,0.525,85,77,8,8
MLB,1980,CHN,162,84,78,0,0.519,84,78,6,9
MLB,1980,MON,162,84,78,0,0.519,84,78,6,10
MLB,1980,BAL,162,83,79,0,0.512,83,79,4,11
MLB,1980,CLE,160,81,79,0,0.506,81,79,2,12
MLB,1980,ATL,161,80,81,0,0.497,80,81,-1,13
MLB,1980,KCA,162,80,82,0,0.494,80,82,-2,14
MLB,1980,CIN,163,80,83,0,0.491,80,83,-3,15
MLB,1980,SFN,161,79,82,0,0.491,79,82,-3,16
MLB,1980,DET,163,79,84,0,0.485,79,84,-5,17
MLB,1980,TEX,163,77,86,0,0.472,77,86,-9,18
MLB,1980,CHA,162,75,87,0,0.463,75,87,-12,19
MLB,1980,NYA,162,75,87,0,0.463,75,87,-12,20
MLB,1980,PIT,162,75,87,0,0.463,75,87,-12,21
MLB,1980,MIL,162,74,88,0,0.457,74,88,-14,22
MLB,1980,SDN,163,74,89,0,0.454,74,89,-15,23
MLB,1980,BOS,160,72,88,0,0.45,72,88,-16,24
MLB,1980,SEA,163,72,91,0,0.442,72,91,-19,25
MLB,1980,PHI,162,69,93,0,0.426,69,93,-24,26
MLB,1981,PIT,103,64,39,0,0.621,64,39,25,1
MLB,1981,KCA,103,61,42,0,0.592,61,42,19,2
MLB,1981,TOR,106,61,45,0,0.575,61,45,16,3
MLB,1981,CIN,108,60,48,0,0.556,60,48,12,4
MLB,1981,SDN,110,61,49,0,0.555,61,49,12,5
MLB,1981,SFN,111,61,50,0,0.55,61,50,11,6
MLB,1981,CAL,110,59,51,0,0.536,59,51,8,7
MLB,1981,MIN,110,59,51,0,0.536,59,51,8,8
MLB,1981,SLN,103,55,48,0,0.534,55,48,7,9
MLB,1981,ATL,107,55,52,0,0.514,55,52,3,10
MLB,1981,DET,109,56,53,0,0.514,56,53,3,11
MLB,1981,CHA,106,54,52,0,0.509,54,52,2,12
MLB,1981,TEX,105,53,52,0,0.505,53,52,1,13
MLB,1981,BOS,108,53,55,0,0.491,53,55,-2,14
MLB,1981,SEA,110,54,56,0,0.491,54,56,-2,15
MLB,1981,NYA,107,52,55,0,0.486,52,55,-3,16
MLB,1981,LAN,110,53,57,0,0.482,53,57,-4,17
MLB,1981,MON,108,52,56,0,0.481,52,56,-4,18
MLB,1981,BAL,105,50,55,0,0.476,50,55,-5,19
MLB,1981,MIL,109,50,59,0,0.459,50,59,-9,20
MLB,1981,HOU,110,49,61,0,0.445,49,61,-12,21
MLB,1981,CHN,106,47,59,0,0.443,47,59,-12,22
MLB,1981,PHI,107,47,60,0,0.439,47,60,-13,23
MLB,1981,CLE,103,45,58,0,0.437,45,58,-13,24
MLB,1981,OAK,109,43,66,0,0.394,43,66,-23,25
MLB,1981,NYN,105,40,65,0,0.381,40,65,-25,26
MLB,1982,DET,162,96,66,0,0.593,96,66,30,1
MLB,1982,PIT,162,94,68,0,0.58,94,68,26,2
MLB,1982,TOR,162,93,69,0,0.574,93,69,24,3
MLB,1982,CHA,162,88,74,0,0.543,88,74,14,4
MLB,1982,SDN,162,88,74,0,0.543,88,74,14,5
MLB,1982,CAL,162,87,75,0,0.537,87,75,12,6
MLB,1982,CHN,162,87,75,0,0.537,87,75,12,7
MLB,1982,PHI,162,87,75,0,0.537,87,75,12,8
MLB,1982,TEX,162,83,79,0,0.512,83,79,4,9
MLB,1982,MIL,163,82,81,0,0.503,82,81,1,10
MLB,1982,CLE,162,81,81,0,0.5,81,81,0,11
MLB,1982,LAN,162,81,81,0,0.5,81,81,0,12
MLB,1982,HOU,162,80,82,0,0.494,80,82,-2,13
MLB,1982,KCA,162,80,82,0,0.494,80,82,-2,14
MLB,1982,MON,162,80,82,0,0.494,80,82,-2,15
MLB,1982,NYN,162,80,82,0,0.494,80,82,-2,16
MLB,1982,OAK,162,80,82,0,0.494,80,82,-2,17
MLB,1982,BOS,162,78,84,0,0.481,78,84,-6,18
MLB,1982,ATL,162,75,87,0,0.463,75,87,-12,19
MLB,1982,CIN,162,75,87,0,0.463,75,87,-12,20
MLB,1982,SFN,162,75,87,0,0.463,75,87,-12,21
MLB,1982,MIN,162,73,89,0,0.451,73,89,-16,22
MLB,1982,BAL,163,73,90,0,0.448,73,90,-17,23
MLB,1982,NYA,162,71,91,0,0.438,71,91,-20,24
MLB,1982,SEA,162,70,92,0,0.432,70,92,-22,25
MLB,1982,SLN,162,70,92,0,0.432,70,92,-22,26
MLB,1983,PIT,162,93,69,0,0.574,93,69,24,1
MLB,1983,PHI,163,90,73,0,0.552,90,73,17,2
MLB,1983,CLE,162,87,75,0,0.537,87,75,12,3
MLB,1983,SLN,162,87,75,0,0.537,87,75,12,4
MLB,1983,TOR,162,87,75,0,0.537,87,75,12,5
MLB,1983,TEX,163,87,76,0,0.534,87,76,11,6
MLB,1983,CAL,162,86,76,0,0.531,86,76,10,7
MLB,1983,SDN,163,86,77,0,0.528,86,77,9,8
MLB,1983,BAL,162,85,77,0,0.525,85,77,8,9
MLB,1983,NYA,162,85,77,0,0.525,85,77,8,10
MLB,1983,MON,163,84,79,0,0.515,84,79,5,11
MLB,1983,DET,162,83,79,0,0.512,83,79,4,12
MLB,1983,MIN,162,83,79,0,0.512,83,79,4,13
MLB,1983,CHA,162,82,80,0,0.506,82,80,2,14
MLB,1983,KCA,163,82,81,0,0.503,82,81,1,15
MLB,1983,SFN,162,81,81,0,0.5,81,81,0,16
MLB,1983,ATL,162,78,84,0,0.481,78,84,-6,17
MLB,1983,HOU,162,78,84,0,0.481,78,84,-6,18
MLB,1983,SEA,162,78,84,0,0.481,78,84,-6,19
MLB,1983,CHN,162,76,86,0,0.469,76,86,-10,20
MLB,1983,CIN,162,76,86,0,0.469,76,86,-10,21
MLB,1983,NYN,162,75,87,0,0.463,75,87,-12,22
MLB,1983,BOS,162,72,90,0,0.444,72,90,-18,23
MLB,1983,OAK,162,70,92,0,0.432,70,92,-22,24
MLB,1983,LAN,163,70,93,0,0.429,70,93,-23,25
MLB,1983,MIL,162,68,94,0,0.42,68,94,-26,26
MLB,1984,PIT,162,93,69,0,0.574,93,69,24,1
MLB,1984,NYN,162,89,73,0,0.549,89,73,16,2
MLB,1984,TEX,161,88,73,0,0.547,88,73,15,3
MLB,1984,OAK,162,87,75,0,0.537,87,75,12,4
MLB,1984,CLE,163,87,76,0,0.534,87,76,11,5
MLB,1984,CHN,161,84,77,0,0.522,84,77,7,6
MLB,1984,DET,162,84,78,0,0.519,84,78,6,7
MLB,1984,CAL,162,83,79,0,0.512,83,79,4,8
MLB,1984,MON,161,82,79,0,0.509,82,79,3,9
MLB,1984,TOR,163,83,80,0,0.509,83,80,3,10
MLB,1984,CHA,162,82,80,0,0.506,82,80,2,11
MLB,1984,ATL,162,81,81,0,0.5,81,81,0,12
MLB,1984,HOU,162,81,81,0,0.5,81,81,0,13
MLB,1984,LAN,162,81,81,0,0.5,81,81,0,14
MLB,1984,SDN,162,81,81,0,0.5,81,81,0,15
MLB,1984,SEA,162,81,81,0,0.5,81,81,0,16
MLB,1984,CIN,162,80,82,0,0.494,80,82,-2,17
MLB,1984,PHI,162,80,82,0,0.494,80,82,-2,18
MLB,1984,MIL,161,79,82,0,0.491,79,82,-3,19
MLB,1984,MIN,162,78,84,0,0.481,78,84,-6,20
MLB,1984,BAL,162,76,86,0,0.469,76,86,-10,21
MLB,1984,BOS,162,76,86,0,0.469,76,86,-10,22
MLB,1984,KCA,162,75,87,0,0.463,75,87,-12,23
MLB,1984,NYA,162,75,87,0,0.463,75,87,-12,24
MLB,1984,SLN,162,71,91,0,0.438,71,91,-20,25
MLB,1984,SFN,162,68,94,0,0.42,68,94,-26,26
MLB,1985,OAK,162,96,66,0,0.593,96,66,30,1
MLB,1985,MIN,162,91,71,0,0.562,91,71,20,2
MLB,1985,LAN,162,90,72,0,0.556,90,72,18,3
MLB,1985,MIL,161,88,73,0,0.547,88,73,15,4
MLB,1985,NYN,162,88,74,0,0.543,88,74,14,5
MLB,1985,SDN,162,88,74,0,0.543,88,74,14,6
MLB,1985,TEX,161,86,75,0,0.534,86,75,11,7
MLB,1985,CHN,162,86,76,0,0.531,86,76,10,8
MLB,1985,PIT,161,83,78,0,0.516,83,78,5,9
MLB,1985,TOR,161,82,79,0,0.509,82,79,3,10
MLB,1985,ATL,162,82,80,0,0.506,82,80,2,11
MLB,1985,CAL,162,82,80,0,0.506,82,80,2,12
MLB,1985,SEA,162,81,81,0,0.5,81,81,0,13
MLB,1985,DET,161,80,81,0,0.497,80,81,-1,14
MLB,1985,HOU,162,80,82,0,0.494,80,82,-2,15
MLB,1985,SFN,162,80,82,0,0.494,80,82,-2,16
MLB,1985,BOS,163,80,83,0,0.491,80,83,-3,17
MLB,1985,KCA,162,79,83,0,0.488,79,83,-4,18
MLB,1985,CLE,162,76,86,0,0.469,76,86,-10,19
MLB,1985,CHA,163,76,87,0,0.466,76,87,-11,20
MLB,1985,SLN,162,75,87,0,0.463,75,87,-12,21
MLB,1985,PHI,162,74,88,0,0.457,74,88,-14,22
MLB,1985,MON,161,73,88,0,0.453,73,88,-15,23
MLB,1985,CIN,162,72,90,0,0.444,72,90,-18,24
MLB,1985,NYA,161,70,91,0,0.435,70,91,-21,25
MLB,1985,BAL,161,65,96,0,0.404,65,96,-31,26
MLB,1986,CAL,162,92,70,0,0.568,92,70,22,1
MLB,1986,DET,162,91,71,0,0.562,91,71,20,2
MLB,1986,KCA,162,89,73,0,0.549,89,73,16,3
MLB,1986,MIN,162,89,73,0,0.549,89,73,16,4
MLB,1986,ATL,161,87,74,0,0.54,87,74,13,5
MLB,1986,CIN,162,87,75,0,0.537,87,75,12,6
MLB,1986,SEA,162,86,76,0,0.531,86,76,10,7
MLB,1986,NYN,162,85,77,0,0.525,85,77,8,8
MLB,1986,LAN,162,84,78,0,0.519,84,78,6,9
MLB,1986,MON,161,83,78,0,0.516,83,78,5,10
MLB,1986,SDN,162,83,79,0,0.512,83,79,4,11
MLB,1986,BOS,161,81,80,0,0.503,81,80,1,12
MLB,1986,CHN,160,80,80,0,0.5,80,80,0,13
MLB,1986,TOR,163,81,82,0,0.497,81,82,-1,14
MLB,1986,OAK,162,80,82,0,0.494,80,82,-2,15
MLB,1986,SFN,162,80,82,0,0.494,80,82,-2,16
MLB,1986,CHA,162,78,84,0,0.481,78,84,-6,17
MLB,1986,SLN,161,77,84,0,0.478,77,84,-7,18
MLB,1986,BAL,162,77,85,0,0.475,77,85,-8,19
MLB,1986,PIT,162,76,86,0,0.469,76,86,-10,20
MLB,1986,HOU,162,75,87,0,0.463,75,87,-12,21
MLB,1986,TEX,162,75,87,0,0.463,75,87,-12,22
MLB,1986,MIL,161,74,87,0,0.46,74,87,-13,23
MLB,1986,CLE,163,73,90,0,0.448,73,90,-17,24
MLB,1986,PHI,161,72,89,0,0.447,72,89,-17,25
MLB,1986,NYA,162,68,94,0,0.42,68,94,-26,26
MLB,1987,NYA,162,91,71,0,0.562,91,71,20,1
MLB,1987,SLN,162,90,72,0,0.556,90,72,18,2
MLB,1987,CLE,162,88,74,0,0.543,88,74,14,3
MLB,1987,PHI,162,88,74,0,0.543,88,74,14,4
MLB,1987,HOU,162,86,76,0,0.531,86,76,10,5
MLB,1987,LAN,162,86,76,0,0.531,86,76,10,6
MLB,1987,CAL,162,84,78,0,0.519,84,78,6,7
MLB,1987,TEX,162,84,78,0,0.519,84,78,6,8
MLB,1987,ATL,161,83,78,0,0.516,83,78,5,9
MLB,1987,MIL,162,83,79,0,0.512,83,79,4,10
MLB,1987,TOR,162,83,79,0,0.512,83,79,4,11
MLB,1987,MIN,162,81,81,0,0.5,81,81,0,12
MLB,1987,MON,162,81,81,0,0.5,81,81,0,13
MLB,1987,NYN,162,81,81,0,0.5,81,81,0,14
MLB,1987,SFN,162,81,81,0,0.5,81,81,0,15
MLB,1987,DET,162,79,83,0,0.488,79,83,-4,16
MLB,1987,OAK,162,79,83,0,0.488,79,83,-4,17
MLB,1987,BOS,162,78,84,0,0.481,78,84,-6,18
MLB,1987,SEA,162,78,84,0,0.481,78,84,-6,19
MLB,1987,PIT,162,77,85,0,0.475,77,85,-8,20
MLB,1987,CHN,161,76,85,0,0.472,76,85,-9,21
MLB,1987,BAL,162,76,86,0,0.469,76,86,-10,22
MLB,1987,CIN,162,76,86,0,0.469,76,86,-10,23
MLB,1987,CHA,162,75,87,0,0.463,75,87,-12,24
MLB,1987,KCA,162,75,87,0,0.463,75,87,-12,25
MLB,1987,SDN,162,66,96,0,0.407,66,96,-30,26
MLB,1988,BAL,161,95,66,0,0.59,95,66,29,1
MLB,1988,SLN,162,94,68,0,0.58,94,68,26,2
MLB,1988,CIN,161,91,70,0,0.565,91,70,21,3
MLB,1988,DET,162,91,71,0,0.562,91,71,20,4
MLB,1988,BOS,162,88,74,0,0.543,88,74,14,5
MLB,1988,CLE,162,86,76,0,0.531,86,76,10,6
MLB,1988,NYA,161,84,77,0,0.522,84,77,7,7
MLB,1988,CHN,163,85,78,0,0.521,85,78,7,8
MLB,1988,HOU,162,84,78,0,0.519,84,78,6,9
MLB,1988,CHA,161,83,78,0,0.516,83,78,5,10
MLB,1988,KCA,161,81,80,0,0.503,81,80,1,11
MLB,1988,MON,163,82,81,0,0.503,82,81,1,12
MLB,1988,SDN,161,80,81,0,0.497,80,81,-1,13
MLB,1988,MIN,162,80,82,0,0.494,80,82,-2,14
MLB,1988,TEX,161,78,83,0,0.484,78,83,-5,15
MLB,1988,ATL,160,77,83,0,0.481,77,83,-6,16
MLB,1988,LAN,162,78,84,0,0.481,78,84,-6,17
MLB,1988,OAK,162,77,85,0,0.475,77,85,-8,18
MLB,1988,SFN,162,77,85,0,0.475,77,85,-8,19
MLB,1988,TOR,162,77,85,0,0.475,77,85,-8,20
MLB,1988,NYN,160,75,85,0,0.469,75,85,-10,21
MLB,1988,PIT,160,73,87,0,0.456,73,87,-14,22
MLB,1988,CAL,162,73,89,0,0.451,73,89,-16,23
MLB,1988,PHI,162,73,89,0,0.451,73,89,-16,24
MLB,1988,MIL,162,72,90,0,0.444,72,90,-18,25
MLB,1988,SEA,161,66,95,0,0.41,66,95,-29,26
MLB,1989,PIT,164,98,66,0,0.598,98,66,32,1
MLB,1989,KCA,162,91,71,0,0.562,91,71,20,2
MLB,1989,BOS,162,89,73,0,0.549,89,73,16,3
MLB,1989,CHA,161,88,73,0,0.547,88,73,15,4
MLB,1989,OAK,162,86,76,0,0.531,86,76,10,5
MLB,1989,NYN,162,85,77,0,0.525,85,77,8,6
MLB,1989,SFN,162,85,77,0,0.525,85,77,8,7
MLB,1989,TEX,162,83,79,0,0.512,83,79,4,8
MLB,1989,CAL,162,82,80,0,0.506,82,80,2,9
MLB,1989,DET,162,82,80,0,0.506,82,80,2,10
MLB,1989,SLN,164,83,81,0,0.506,83,81,2,11
MLB,1989,CLE,162,81,81,0,0.5,81,81,0,12
MLB,1989,SEA,162,81,81,0,0.5,81,81,0,13
MLB,1989,PHI,163,81,82,0,0.497,81,82,-1,14
MLB,1989,SDN,162,80,82,0,0.494,80,82,-2,15
MLB,1989,CHN,162,79,83,0,0.488,79,83,-4,16
MLB,1989,LAN,160,78,82,0,0.488,78,82,-4,17
MLB,1989,BAL,162,78,84,0,0.481,78,84,-6,18
MLB,1989,HOU,162,77,85,0,0.475,77,85,-8,19
MLB,1989,TOR,162,77,85,0,0.475,77,85,-8,20
MLB,1989,ATL,161,76,85,0,0.472,76,85,-9,21
MLB,1989,CIN,162,76,86,0,0.469,76,86,-10,22
MLB,1989,MIL,162,75,87,0,0.463,75,87,-12,23
MLB,1989,MON,162,75,87,0,0.463,75,87,-12,24
MLB,1989,MIN,162,72,90,0,0.444,72,90,-18,25
MLB,1989,NYA,161,68,93,0,0.422,68,93,-25,26
MLB,1990,SEA,162,98,64,0,0.605,98,64,34,1
MLB,1990,CHN,162,94,68,0,0.58,94,68,26,2
MLB,1990,TEX,162,91,71,0,0.562,91,71,20,3
MLB,1990,SDN,162,90,72,0,0.556,90,72,18,4
MLB,1990,SLN,162,89,73,0,0.549,89,73,16,5
MLB,1990,HOU,162,86,76,0,0.531,86,76,10,6
MLB,1990,MIL,162,86,76,0,0.531,86,76,10,7
MLB,1990,BAL,161,85,76,0,0.528,85,76,9,8
MLB,1990,OAK,162,84,78,0,0.519,84,78,6,9
MLB,1990,ATL,162,82,80,0,0.506,82,80,2,10
MLB,1990,DET,162,82,80,0,0.506,82,80,2,11
MLB,1990,MON,162,82,80,0,0.506,82,80,2,12
MLB,1990,NYA,162,82,80,0,0.506,82,80,2,13
MLB,1990,KCA,161,81,80,0,0.503,81,80,1,14
MLB,1990,CIN,162,80,82,0,0.494,80,82,-2,15
MLB,1990,TOR,162,80,82,0,0.494,80,82,-2,16
MLB,1990,CAL,162,77,85,0,0.475,77,85,-8,17
MLB,1990,SFN,162,77,85,0,0.475,77,85,-8,18
MLB,1990,LAN,162,76,86,0,0.469,76,86,-10,19
MLB,1990,MIN,162,76,86,0,0.469,76,86,-10,20
MLB,1990,PIT,162,76,86,0,0.469,76,86,-10,21
MLB,1990,BOS,162,73,89,0,0.451,73,89,-16,22
MLB,1990,CLE,162,70,92,0,0.432,70,92,-22,23
MLB,1990,NYN,162,70,92,0,0.432,70,92,-22,24
MLB,1990,PHI,162,70,92,0,0.432,70,92,-22,25
MLB,1990,CHA,162,68,94,0,0.42,68,94,-26,26
MLB,1991,CLE,162,95,67,0,0.586,95,67,28,1
MLB,1991,CIN,162,89,73,0,0.549,89,73,16,2
MLB,1991,PIT,162,88,74,0,0.543,88,74,14,3
MLB,1991,PHI,162,87,75,0,0.537,87,75,12,4
MLB,1991,MON,161,85,76,0,0.528,85,76,9,5
MLB,1991,BOS,162,84,78,0,0.519,84,78,6,6
MLB,1991,CHA,162,84,78,0,0.519,84,78,6,7
MLB,1991,MIL,162,84,78,0,0.519,84,78,6,8
MLB,1991,OAK,162,84,78,0,0.519,84,78,6,9
MLB,1991,SEA,162,84,78,0,0.519,84,78,6,10
MLB,1991,CHN,160,81,79,0,0.506,81,79,2,11
MLB,1991,TOR,162,82,80,0,0.506,82,80,2,12
MLB,1991,DET,162,81,81,0,0.5,81,81,0,13
MLB,1991,SDN,162,81,81,0,0.5,81,81,0,14
MLB,1991,NYN,161,80,81,0,0.497,80,81,-1,15
MLB,1991,ATL,162,80,82,0,0.494,80,82,-2,16
MLB,1991,MIN,162,80,82,0,0.494,80,82,-2,17
MLB,1991,LAN,162,79,83,0,0.488,79,83,-4,18
MLB,1991,CAL,162,77,85,0,0.475,77,85,-8,19
MLB,1991,KCA,162,77,85,0,0.475,77,85,-8,20
MLB,1991,SLN,162,77,85,0,0.475,77,85,-8,21
MLB,1991,BAL,162,76,86,0,0.469,76,86,-10,22
MLB,1991,NYA,162,73,89,0,0.451,73,89,-16,23
MLB,1991,TEX,162,73,89,0,0.451,73,89,-16,24
MLB,1991,HOU,162,72,90,0,0.444,72,90,-18,25
MLB,1991,SFN,162,71,91,0,0.438,71,91,-20,26
MLB,1992,BOS,162,91,71,0,0.562,91,71,20,1
MLB,1992,LAN,162,91,71,0,0.562,91,71,20,2
MLB,1992,NYN,162,90,72,0,0.556,90,72,18,3
MLB,1992,CHA,162,89,73,0,0.549,89,73,16,4
MLB,1992,HOU,162,89,73,0,0.549,89,73,16,5
MLB,1992,PHI,162,88,74,0,0.543,88,74,14,6
MLB,1992,MIN,162,87,75,0,0.537,87,75,12,7
MLB,1992,BAL,162,86,76,0,0.531,86,76,10,8
MLB,1992,SDN,162,85,77,0,0.525,85,77,8,9
MLB,1992,TOR,162,85,77,0,0.525,85,77,8,10
MLB,1992,MON,162,84,78,0,0.519,84,78,6,11
MLB,1992,CAL,162,83,79,0,0.512,83,79,4,12
MLB,1992,NYA,162,82,80,0,0.506,82,80,2,13
MLB,1992,CHN,162,81,81,0,0.5,81,81,0,14
MLB,1992,OAK,162,81,81,0,0.5,81,81,0,15
MLB,1992,CLE,162,78,84,0,0.481,78,84,-6,16
MLB,1992,TEX,162,78,84,0,0.481,78,84,-6,17
MLB,1992,PIT,162,77,85,0,0.475,77,85,-8,18
MLB,1992,SEA,162,77,85,0,0.475,77,85,-8,19
MLB,1992,KCA,162,76,86,0,0.469,76,86,-10,20
MLB,1992,CIN,162,75,87,0,0.463,75,87,-12,21
MLB,1992,ATL,162,73,89,0,0.451,73,89,-16,22
MLB,1992,SLN,162,72,90,0,0.444,72,90,-18,23
MLB,1992,MIL,162,71,91,0,0.438,71,91,-20,24
MLB,1992,DET,162,70,92,0,0.432,70,92,-22,25
MLB,1992,SFN,162,67,95,0,0.414,67,95,-28,26
MLB,1993,CHA,162,94,68,0,0.58,94,68,26,1
MLB,1993,DET,162,93,69,0,0.574,93,69,24,2
MLB,1993,NYN,162,90,72,0,0.556,90,72,18,3
MLB,1993,FLO,162,87,75,0,0.537,87,75,12,4
MLB,1993,CLE,162,86,76,0,0.531,86,76,10,5
MLB,1993,HOU,162,86,76,0,0.531,86,76,10,6
MLB,1993,SFN,162,85,77,0,0.525,85,77,8,7
MLB,1993,OAK,162,84,78,0,0.519,84,78,6,8
MLB,1993,CIN,162,82,80,0,0.506,82,80,2,9
MLB,1993,TOR,162,82,80,0,0.506,82,80,2,10
MLB,1993,MON,163,82,81,0,0.503,82,81,1,11
MLB,1993,BAL,162,81,81,0,0.5,81,81,0,12
MLB,1993,COL,162,81,81,0,0.5,81,81,0,13
MLB,1993,SEA,162,81,81,0,0.5,81,81,0,14
MLB,1993,SLN,162,81,81,0,0.5,81,81,0,15
MLB,1993,ATL,162,80,82,0,0.494,80,82,-2,16
MLB,1993,MIN,162,80,82,0,0.494,80,82,-2,17
MLB,1993,PHI,162,80,82,0,0.494,80,82,-2,18
MLB,1993,NYA,162,79,83,0,0.488,79,83,-4,19
MLB,1993,PIT,162,79,83,0,0.488,79,83,-4,20
MLB,1993,TEX,162,79,83,0,0.488,79,83,-4,21
MLB,1993,KCA,162,78,84,0,0.481,78,84,-6,22
MLB,1993,SDN,162,76,86,0,0.469,76,86,-10,23
MLB,1993,CHN,163,76,87,0,0.466,76,87,-11,24
MLB,1993,BOS,162,75,87,0,0.463,75,87,-12,25
MLB,1993,CAL,162,71,91,0,0.438,71,91,-20,26
MLB,1993,MIL,162,71,91,0,0.438,71,91,-20,27
MLB,1993,LAN,162,70,92,0,0.432,70,92,-22,28
MLB,1994,KCA,115,68,47,0,0.591,68,47,21,1
MLB,1994,BOS,115,67,48,0,0.583,67,48,19,2
MLB,1994,DET,115,65,50,0,0.565,65,50,15,3
MLB,1994,CIN,115,64,51,0,0.557,64,51,13,4
MLB,1994,PHI,115,64,51,0,0.557,64,51,13,5
MLB,1994,CAL,115,62,53,0,0.539,62,53,9,6
MLB,1994,FLO,115,62,53,0,0.539,62,53,9,7
MLB,1994,CHN,113,60,53,0,0.531,60,53,7,8
MLB,1994,LAN,114,60,54,0,0.526,60,54,6,9
MLB,1994,MIN,113,59,54,0,0.522,59,54,5,10
MLB,1994,HOU,115,58,57,0,0.504,58,57,1,11
MLB,1994,NYA,113,57,56,0,0.504,57,56,1,12
MLB,1994,ATL,114,57,57,0,0.5,57,57,0,13
MLB,1994,PIT,114,57,57,0,0.5,57,57,0,14
MLB,1994,TEX,114,57,57,0,0.5,57,57,0,15
MLB,1994,SLN,115,57,58,0,0.496,57,58,-1,16
MLB,1994,SFN,115,56,59,0,0.487,56,59,-3,17
MLB,1994,BAL,112,54,58,0,0.482,54,58,-4,18
MLB,1994,OAK,114,55,59,0,0.482,55,59,-4,19
MLB,1994,CLE,113,54,59,0,0.478,54,59,-5,20
MLB,1994,SEA,112,53,59,0,0.473,53,59,-6,21
MLB,1994,MON,114,53,61,0,0.465,53,61,-8,22
MLB,1994,NYN,113,52,61,0,0.46,52,61,-9,23
MLB,1994,COL,117,53,64,0,0.453,53,64,-11,24
MLB,1994,TOR,115,52,63,0,0.452,52,63,-11,25
MLB,1994,SDN,117,50,67,0,0.427,50,67,-17,26
MLB,1994,CHA,113,47,66,0,0.416,47,66,-19,27
MLB,1994,MIL,115,47,68,0,0.409,47,68,-21,28
MLB,1995,SEA,145,86,59,0,0.593,86,59,27,1
MLB,1995,PHI,144,83,61,0,0.576,83,61,22,2
MLB,1995,BAL,144,78,66,0,0.542,78,66,12,3
MLB,1995,COL,144,78,66,0,0.542,78,66,12,4
MLB,1995,CLE,144,77,67,0,0.535,77,67,10,5
MLB,1995,ATL,144,76,68,0,0.528,76,68,8,6
MLB,1995,FLO,143,75,68,0,0.524,75,68,7,7
MLB,1995,CHN,144,74,70,0,0.514,74,70,4,8
MLB,1995,NYN,144,74,70,0,0.514,74,70,4,9
MLB,1995,TOR,144,74,70,0,0.514,74,70,4,10
MLB,1995,BOS,144,73,71,0,0.507,73,71,2,11
MLB,1995,DET,144,73,71,0,0.507,73,71,2,12
MLB,1995,LAN,144,73,71,0,0.507,73,71,2,13
MLB,1995,SDN,144,73,71,0,0.507,73,71,2,14
MLB,1995,MIL,144,72,72,0,0.5,72,72,0,15
MLB,1995,TEX,144,72,72,0,0.5,72,72,0,16
MLB,1995,MIN,144,71,73,0,0.493,71,73,-2,17
MLB,1995,SLN,143,70,73,0,0.49,70,73,-3,18
MLB,1995,MON,144,70,74,0,0.486,70,74,-4,19
MLB,1995,PIT,144,69,75,0,0.479,69,75,-6,20
MLB,1995,NYA,145,69,76,0,0.476,69,76,-7,21
MLB,1995,KCA,144,68,76,0,0.472,68,76,-8,22
MLB,1995,OAK,144,68,76,0,0.472,68,76,-8,23
MLB,1995,CIN,144,67,77,0,0.465,67,77,-10,24
MLB,1995,CAL,145,66,79,0,0.455,66,79,-13,25
MLB,1995,SFN,144,64,80,0,0.444,64,80,-16,26
MLB,1995,CHA,145,63,82,0,0.434,63,82,-19,27
MLB,1995,HOU,144,61,83,0,0.424,61,83,-22,28
MLB,1996,CHN,162,93,69,0,0.574,93,69,24,1
MLB,1996,KCA,161,90,71,0,0.559,90,71,19,2
MLB,1996,ATL,162,88,74,0,0.543,88,74,14,3
MLB,1996,BAL,163,88,75,0,0.54,88,75,13,4
MLB,1996,TEX,163,88,75,0,0.54,88,75,13,5
MLB,1996,TOR,162,87,75,0,0.537,87,75,12,6
MLB,1996,SDN,162,86,76,0,0.531,86,76,10,7
MLB,1996,BOS,162,83,79,0,0.512,83,79,4,8
MLB,1996,HOU,162,83,79,0,0.512,83,79,4,9
MLB,1996,LAN,162,83,79,0,0.512,83,79,4,10
MLB,1996,SLN,162,83,79,0,0.512,83,79,4,11
MLB,1996,SEA,161,82,79,0,0.509,82,79,3,12
MLB,1996,FLO,162,82,80,0,0.506,82,80,2,13
MLB,1996,COL,162,81,81,0,0.5,81,81,0,14
MLB,1996,NYA,162,81,81,0,0.5,81,81,0,15
MLB,1996,MIN,162,80,82,0,0.494,80,82,-2,16
MLB,1996,CLE,161,79,82,0,0.491,79,82,-3,17
MLB,1996,CIN,162,79,83,0,0.488,79,83,-4,18
MLB,1996,OAK,162,79,83,0,0.488,79,83,-4,19
MLB,1996,CHA,162,76,86,0,0.469,76,86,-10,20
MLB,1996,NYN,162,76,86,0,0.469,76,86,-10,21
MLB,1996,PIT,162,76,86,0,0.469,76,86,-10,22
MLB,1996,MON,162,75,87,0,0.463,75,87,-12,23
MLB,1996,SFN,162,75,87,0,0.463,75,87,-12,24
MLB,1996,CAL,161,74,87,0,0.46,74,87,-13,25
MLB,1996,MIL,162,74,88,0,0.457,74,88,-14,26
MLB,1996,PHI,162,74,88,0,0.457,74,88,-14,27
MLB,1996,DET,162,72,90,0,0.444,72,90,-18,28
MLB,1997,SDN,162,90,72,0,0.556,90,72,18,1
MLB,1997,NYA,162,89,73,0,0.549,89,73,16,2
MLB,1997,MIL,161,88,73,0,0.547,88,73,15,3
MLB,1997,BAL,162,88,74,0,0.543,88,74,14,4
MLB,1997,FLO,162,87,75,0,0.537,87,75,12,5
MLB,1997,PHI,162,87,75,0,0.537,87,75,12,6
MLB,1997,SFN,162,86,76,0,0.531,86,76,10,7
MLB,1997,CHN,162,85,77,0,0.525,85,77,8,8
MLB,1997,CLE,161,84,77,0,0.522,84,77,7,9
MLB,1997,ATL,162,84,78,0,0.519,84,78,6,10
MLB,1997,BOS,162,84,78,0,0.519,84,78,6,11
MLB,1997,PIT,162,84,78,0,0.519,84,78,6,12
MLB,1997,TEX,162,84,78,0,0.519,84,78,6,13
MLB,1997,DET,162,83,79,0,0.512,83,79,4,14
MLB,1997,HOU,162,82,80,0,0.506,82,80,2,15
MLB,1997,LAN,162,81,81,0,0.5,81,81,0,16
MLB,1997,CIN,162,80,82,0,0.494,80,82,-2,17
MLB,1997,OAK,162,80,82,0,0.494,80,82,-2,18
MLB,1997,CHA,161,79,82,0,0.491,79,82,-3,19
MLB,1997,ANA,162,79,83,0,0.488,79,83,-4,20
MLB,1997,NYN,162,79,83,0,0.488,79,83,-4,21
MLB,1997,MIN,162,78,84,0,0.481,78,84,-6,22
MLB,1997,COL,162,74,88,0,0.457,74,88,-14,23
MLB,1997,MON,162,74,88,0,0.457,74,88,-14,24
MLB,1997,TOR,162,72,90,0,0.444,72,90,-18,25
MLB,1997,SLN,162,71,91,0,0.438,71,91,-20,26
MLB,1997,SEA,162,68,94,0,0.42,68,94,-26,27
MLB,1997,KCA,161,66,95,0,0.41,66,95,-29,28
MLB,1998,TBA,162,92,70,0,0.568,92,70,22,1
MLB,1998,MON,162,90,72,0,0.556,90,72,18,2
MLB,1998,CHN,163,89,74,0,0.546,89,74,15,3
MLB,1998,PIT,163,89,74,0,0.546,89,74,15,4
MLB,1998,FLO,162,88,74,0,0.543,88,74,14,5
MLB,1998,OAK,162,87,75,0,0.537,87,75,12,6
MLB,1998,TOR,163,87,76,0,0.534,87,76,11,7
MLB,1998,ATL,162,86,76,0,0.531,86,76,10,8
MLB,1998,HOU,162,86,76,0,0.531,86,76,10,9
MLB,1998,MIL,162,86,76,0,0.531,86,76,10,10
MLB,1998,MIN,162,85,77,0,0.525,85,77,8,11
MLB,1998,SDN,162,85,77,0,0.525,85,77,8,12
MLB,1998,CIN,162,83,79,0,0.512,83,79,4,13
MLB,1998,ANA,162,82,80,0,0.506,82,80,2,14
MLB,1998,BAL,162,82,80,0,0.506,82,80,2,15
MLB,1998,BOS,162,82,80,0,0.506,82,80,2,16
MLB,1998,SLN,163,80,83,0,0.491,80,83,-3,17
MLB,1998,NYN,162,79,83,0,0.488,79,83,-4,18
MLB,1998,SFN,163,79,84,0,0.485,79,84,-5,19
MLB,1998,SEA,161,78,83,0,0.484,78,83,-5,20
MLB,1998,DET,162,78,84,0,0.481,78,84,-6,21
MLB,1998,PHI,162,78,84,0,0.481,78,84,-6,22
MLB,1998,CHA,163,77,86,0,0.472,77,86,-9,23
MLB,1998,LAN,162,75,87,0,0.463,75,87,-12,24
MLB,1998,NYA,162,75,87,0,0.463,75,87,-12,25
MLB,1998,KCA,161,74,87,0,0.46,74,87,-13,26
MLB,1998,TEX,162,74,88,0,0.457,74,88,-14,27
MLB,1998,CLE,162,73,89,0,0.451,73,89,-16,28
MLB,1998,COL,162,70,92,0,0.432,70,92,-22,29
MLB,1998,ARI,162,63,99,0,0.389,63,99,-36,30
MLB,1999,TBA,162,92,70,0,0.568,92,70,22,1
MLB,1999,OAK,162,90,72,0,0.556,90,72,18,2
MLB,1999,TEX,162,90,72,0,0.556,90,72,18,3
MLB,1999,CHN,162,89,73,0,0.549,89,73,16,4
MLB,1999,SDN,162,89,73,0,0.549,89,73,16,5
MLB,1999,CIN,163,89,74,0,0.546,89,74,15,6
MLB,1999,CLE,162,88,74,0,0.543,88,74,14,7
MLB,1999,KCA,161,87,74,0,0.54,87,74,13,8
MLB,1999,ANA,162,87,75,0,0.537,87,75,12,9
MLB,1999,PIT,161,86,75,0,0.534,86,75,11,10
MLB,1999,LAN,162,86,76,0,0.531,86,76,10,11
MLB,1999,CHA,162,85,77,0,0.525,85,77,8,12
MLB,1999,DET,161,82,79,0,0.509,82,79,3,13
MLB,1999,MIL,161,82,79,0,0.509,82,79,3,14
MLB,1999,SLN,161,81,80,0,0.503,81,80,1,15
MLB,1999,MIN,161,80,81,0,0.497,80,81,-1,16
MLB,1999,MON,162,79,83,0,0.488,79,83,-4,17
MLB,1999,COL,162,78,84,0,0.481,78,84,-6,18
MLB,1999,FLO,162,78,84,0,0.481,78,84,-6,19
MLB,1999,SFN,162,78,84,0,0.481,78,84,-6,20
MLB,1999,ARI,162,76,86,0,0.469,76,86,-10,21
MLB,1999,ATL,162,76,86,0,0.469,76,86,-10,22
MLB,1999,BOS,162,75,87,0,0.463,75,87,-12,23
MLB,1999,NYA,162,75,87,0,0.463,75,87,-12,24
MLB,1999,BAL,162,74,88,0,0.457,74,88,-14,25
MLB,1999,HOU,162,73,89,0,0.451,73,89,-16,26
MLB,1999,PHI,162,73,89,0,0.451,73,89,-16,27
MLB,1999,NYN,163,72,91,0,0.442,72,91,-19,28
MLB,1999,TOR,162,71,91,0,0.438,71,91,-20,29
MLB,1999,SEA,162,67,95,0,0.414,67,95,-28,30
MLB,2000,DET,162,90,72,0,0.556,90,72,18,1
MLB,2000,NYN,162,89,73,0,0.549,89,73,16,2
MLB,2000,NYA,161,88,73,0,0.547,88,73,15,3
MLB,2000,OAK,161,88,73,0,0.547,88,73,15,4
MLB,2000,MON,162,88,74,0,0.543,88,74,14,5
MLB,2000,TBA,161,86,75,0,0.534,86,75,11,6
MLB,2000,ATL,162,85,77,0,0.525,85,77,8,7
MLB,2000,CHA,162,85,77,0,0.525,85,77,8,8
MLB,2000,CHN,162,85,77,0,0.525,85,77,8,9
MLB,2000,TEX,162,85,77,0,0.525,85,77,8,10
MLB,2000,ARI,162,83,79,0,0.512,83,79,4,11
MLB,2000,KCA,162,83,79,0,0.512,83,79,4,12
MLB,2000,PIT,162,83,79,0,0.512,83,79,4,13
MLB,2000,FLO,161,81,80,0,0.503,81,80,1,14
MLB,2000,LAN,162,81,81,0,0.5,81,81,0,15
MLB,2000,HOU,162,80,82,0,0.494,80,82,-2,16
MLB,2000,SDN,162,80,82,0,0.494,80,82,-2,17
MLB,2000,SEA,162,80,82,0,0.494,80,82,-2,18
MLB,2000,PHI,162,79,83,0,0.488,79,83,-4,19
MLB,2000,TOR,162,79,83,0,0.488,79,83,-4,20
MLB,2000,MIL,163,79,84,0,0.485,79,84,-5,21
MLB,2000,ANA,162,78,84,0,0.481,78,84,-6,22
MLB,2000,BOS,162,78,84,0,0.481,78,84,-6,23
MLB,2000,MIN,162,76,86,0,0.469,76,86,-10,24
MLB,2000,CIN,163,75,88,0,0.46,75,88,-13,25
MLB,2000,CLE,162,74,88,0,0.457,74,88,-14,26
MLB,2000,SFN,162,74,88,0,0.457,74,88,-14,27
MLB,2000,COL,162,73,89,0,0.451,73,89,-16,28
MLB,2000,SLN,162,73,89,0,0.451,73,89,-16,29
MLB,2000,BAL,162,71,91,0,0.438,71,91,-20,30
MLB,2001,BOS,161,93,68,0,0.578,93,68,25,1
MLB,2001,PHI,162,90,72,0,0.556,90,72,18,2
MLB,2001,CHN,162,89,73,0,0.549,89,73,16,3
MLB,2001,KCA,162,89,73,0,0.549,89,73,16,4
MLB,2001,TBA,162,89,73,0,0.549,89,73,16,5
MLB,2001,MIL,162,88,74,0,0.543,88,74,14,6
MLB,2001,ATL,162,86,76,0,0.531,86,76,10,7
MLB,2001,FLO,162,86,76,0,0.531,86,76,10,8
MLB,2001,HOU,162,86,76,0,0.531,86,76,10,9
MLB,2001,SEA,162,86,76,0,0.531,86,76,10,10
MLB,2001,TOR,162,86,76,0,0.531,86,76,10,11
MLB,2001,CIN,162,85,77,0,0.525,85,77,8,12
MLB,2001,COL,162,85,77,0,0.525,85,77,8,13
MLB,2001,DET,162,84,78,0,0.519,84,78,6,14
MLB,2001,NYN,162,84,78,0,0.519,84,78,6,15
MLB,2001,LAN,162,82,80,0,0.506,82,80,2,16
MLB,2001,SDN,162,82,80,0,0.506,82,80,2,17
MLB,2001,NYA,161,78,83,0,0.484,78,83,-5,18
MLB,2001,MIN,162,78,84,0,0.481,78,84,-6,19
MLB,2001,ARI,162,77,85,0,0.475,77,85,-8,20
MLB,2001,SLN,162,77,85,0,0.475,77,85,-8,21
MLB,2001,TEX,162,76,86,0,0.469,76,86,-10,22
MLB,2001,CLE,162,75,87,0,0.463,75,87,-12,23
MLB,2001,MON,162,75,87,0,0.463,75,87,-12,24
MLB,2001,BAL,162,74,88,0,0.457,74,88,-14,25
MLB,2001,CHA,162,74,88,0,0.457,74,88,-14,26
MLB,2001,OAK,162,74,88,0,0.457,74,88,-14,27
MLB,2001,ANA,162,73,89,0,0.451,73,89,-16,28
MLB,2001,PIT,162,73,89,0,0.451,73,89,-16,29
MLB,2001,SFN,162,55,107,0,0.34,55,107,-52,30
MLB,2002,LAN,162,90,72,0,0.556,90,72,18,1
MLB,2002,NYN,161,88,73,0,0.547,88,73,15,2
MLB,2002,ANA,162,87,75,0,0.537,87,75,12,3
MLB,2002,KCA,162,87,75,0,0.537,87,75,12,4
MLB,2002,TEX,162,87,75,0,0.537,87,75,12,5
MLB,2002,NYA,161,86,75,0,0.534,86,75,11,6
MLB,2002,TOR,162,86,76,0,0.531,86,76,10,7
MLB,2002,CHN,162,85,77,0,0.525,85,77,8,8
MLB,2002,SDN,162,85,77,0,0.525,85,77,8,9
MLB,2002,DET,161,84,77,0,0.522,84,77,7,10
MLB,2002,MIN,161,84,77,0,0.522,84,77,7,11
MLB,2002,ARI,162,82,80,0,0.506,82,80,2,12
MLB,2002,CLE,162,82,80,0,0.506,82,80,2,13
MLB,2002,MON,162,82,80,0,0.506,82,80,2,14
MLB,2002,CIN,162,81,81,0,0.5,81,81,0,15
MLB,2002,COL,162,81,81,0,0.5,81,81,0,16
MLB,2002,OAK,162,80,82,0,0.494,80,82,-2,17
MLB,2002,BAL,162,79,83,0,0.488,79,83,-4,18
MLB,2002,FLO,162,79,83,0,0.488,79,83,-4,19
MLB,2002,SFN,162,79,83,0,0.488,79,83,-4,20
MLB,2002,ATL,161,76,85,0,0.472,76,85,-9,21
MLB,2002,TBA,161,76,85,0,0.472,76,85,-9,22
MLB,2002,BOS,162,76,86,0,0.469,76,86,-10,23
MLB,2002,CHA,162,76,86,0,0.469,76,86,-10,24
MLB,2002,SLN,162,76,86,0,0.469,76,86,-10,25
MLB,2002,PHI,161,75,86,0,0.466,75,86,-11,26
MLB,2002,PIT,161,75,86,0,0.466,75,86,-11,27
MLB,2002,HOU,162,75,87,0,0.463,75,87,-12,28
MLB,2002,MIL,162,74,88,0,0.457,74,88,-14,29
MLB,2002,SEA,162,73,89,0,0.451,73,89,-16,30
MLB,2003,TEX,162,91,71,0,0.562,91,71,20,1
MLB,2003,PIT,162,90,72,0,0.556,90,72,18,2
MLB,2003,CIN,162,87,75,0,0.537,87,75,12,3
MLB,2003,DET,162,87,75,0,0.537,87,75,12,4
MLB,2003,MIN,162,86,76,0,0.531,86,76,10,5
MLB,2003,BOS,162,85,77,0,0.525,85,77,8,6
MLB,2003,NYN,161,83,78,0,0.516,83,78,5,7
MLB,2003,NYA,163,84,79,0,0.515,84,79,5,8
MLB,2003,FLO,162,83,79,0,0.512,83,79,4,9
MLB,2003,KCA,162,83,79,0,0.512,83,79,4,10
MLB,2003,OAK,162,83,79,0,0.512,83,79,4,11
MLB,2003,SDN,162,83,79,0,0.512,83,79,4,12
MLB,2003,TOR,162,83,79,0,0.512,83,79,4,13
MLB,2003,CLE,162,82,80,0,0.506,82,80,2,14
MLB,2003,MIL,162,82,80,0,0.506,82,80,2,15
MLB,2003,SLN,162,82,80,0,0.506,82,80,2,16
MLB,2003,SFN,161,80,81,0,0.497,80,81,-1,17
MLB,2003,CHA,162,80,82,0,0.494,80,82,-2,18
MLB,2003,COL,162,80,82,0,0.494,80,82,-2,19
MLB,2003,PHI,162,80,82,0,0.494,80,82,-2,20
MLB,2003,ARI,162,79,83,0,0.488,79,83,-4,21
MLB,2003,HOU,162,79,83,0,0.488,79,83,-4,22
MLB,2003,MON,162,79,83,0,0.488,79,83,-4,23
MLB,2003,SEA,162,77,85,0,0.475,77,85,-8,24
MLB,2003,CHN,162,76,86,0,0.469,76,86,-10,25
MLB,2003,BAL,163,76,87,0,0.466,76,87,-11,26
MLB,2003,ANA,162,75,87,0,0.463,75,87,-12,27
MLB,2003,LAN,162,75,87,0,0.463,75,87,-12,28
MLB,2003,ATL,162,73,89,0,0.451,73,89,-16,29
MLB,2003,TBA,162,67,95,0,0.414,67,95,-28,30
MLB,2004,TEX,162,95,67,0,0.586,95,67,28,1
MLB,2004,ANA,162,93,69,0,0.574,93,69,24,2
MLB,2004,MIL,161,91,70,0,0.565,91,70,21,3
MLB,2004,OAK,162,90,72,0,0.556,90,72,18,4
MLB,2004,SDN,162,87,75,0,0.537,87,75,12,5
MLB,2004,PHI,162,86,76,0,0.531,86,76,10,6
MLB,2004,SLN,162,85,77,0,0.525,85,77,8,7
MLB,2004,TBA,161,84,77,0,0.522,84,77,7,8
MLB,2004,MON,162,84,78,0,0.519,84,78,6,9
MLB,2004,NYN,162,84,78,0,0.519,84,78,6,10
MLB,2004,BOS,162,83,79,0,0.512,83,79,4,11
MLB,2004,COL,162,81,81,0,0.5,81,81,0,12
MLB,2004,KCA,162,80,82,0,0.494,80,82,-2,13
MLB,2004,LAN,162,80,82,0,0.494,80,82,-2,14
MLB,2004,MIN,162,80,82,0,0.494,80,82,-2,15
MLB,2004,BAL,162,79,83,0,0.488,79,83,-4,16
MLB,2004,PIT,161,78,83,0,0.484,78,83,-5,17
MLB,2004,TOR,161,78,83,0,0.484,78,83,-5,18
MLB,2004,ATL,162,78,84,0,0.481,78,84,-6,19
MLB,2004,CIN,162,78,84,0,0.481,78,84,-6,20
MLB,2004,FLO,162,78,84,0,0.481,78,84,-6,21
MLB,2004,SEA,162,78,84,0,0.481,78,84,-6,22
MLB,2004,ARI,162,77,85,0,0.475,77,85,-8,23
MLB,2004,HOU,162,77,85,0,0.475,77,85,-8,24
MLB,2004,CHA,162,76,86,0,0.469,76,86,-10,25
MLB,2004,CHN,162,75,87,0,0.463,75,87,-12,26
MLB,2004,CLE,162,74,88,0,0.457,74,88,-14,27
MLB,2004,SFN,162,74,88,0,0.457,74,88,-14,28
MLB,2004,DET,162,73,89,0,0.451,73,89,-16,29
MLB,2004,NYA,162,72,90,0,0.444,72,90,-18,30
MLB,2005,CLE,162,92,70,0,0.568,92,70,22,1
MLB,2005,TOR,162,90,72,0,0.556,90,72,18,2
MLB,2005,CIN,163,89,74,0,0.546,89,74,15,3
MLB,2005,MIN,162,88,74,0,0.543,88,74,14,4
MLB,2005,NYA,162,87,75,0,0.537,87,75,12,5
MLB,2005,BAL,162,86,76,0,0.531,86,76,10,6
MLB,2005,FLO,162,86,76,0,0.531,86,76,10,7
MLB,2005,SFN,162,86,76,0,0.531,86,76,10,8
MLB,2005,SDN,162,85,77,0,0.525,85,77,8,9
MLB,2005,OAK,162,84,78,0,0.519,84,78,6,10
MLB,2005,ARI,162,83,79,0,0.512,83,79,4,11
MLB,2005,CHN,162,83,79,0,0.512,83,79,4,12
MLB,2005,NYN,162,83,79,0,0.512,83,79,4,13
MLB,2005,PHI,162,83,79,0,0.512,83,79,4,14
MLB,2005,TBA,162,83,79,0,0.512,83,79,4,15
MLB,2005,PIT,162,82,80,0,0.506,82,80,2,16
MLB,2005,ANA,162,80,82,0,0.494,80,82,-2,17
MLB,2005,KCA,162,79,83,0,0.488,79,83,-4,18
MLB,2005,LAN,162,78,84,0,0.481,78,84,-6,19
MLB,2005,CHA,162,77,85,0,0.475,77,85,-8,20
MLB,2005,COL,162,77,85,0,0.475,77,85,-8,21
MLB,2005,DET,162,77,85,0,0.475,77,85,-8,22
MLB,2005,MIL,162,77,85,0,0.475,77,85,-8,23
MLB,2005,WAS,162,76,86,0,0.469,76,86,-10,24
MLB,2005,ATL,162,75,87,0,0.463,75,87,-12,25
MLB,2005,BOS,162,75,87,0,0.463,75,87,-12,26
MLB,2005,SEA,162,73,89,0,0.451,73,89,-16,27
MLB,2005,SLN,162,73,89,0,0.451,73,89,-16,28
MLB,2005,TEX,162,73,89,0,0.451,73,89,-16,29
MLB,2005,HOU,163,71,92,0,0.436,71,92,-21,30
MLB,2006,NYN,162,95,67,0,0.586,95,67,28,1
MLB,2006,PIT,162,94,68,0,0.58,94,68,26,2
MLB,2006,ANA,162,90,72,0,0.556,90,72,18,3
MLB,2006,NYA,162,89,73,0,0.549,89,73,16,4
MLB,2006,TEX,162,87,75,0,0.537,87,75,12,5
MLB,2006,CLE,162,86,76,0,0.531,86,76,10,6
MLB,2006,DET,162,86,76,0,0.531,86,76,10,7
MLB,2006,KCA,162,86,76,0,0.531,86,76,10,8
MLB,2006,LAN,162,86,76,0,0.531,86,76,10,9
MLB,2006,CIN,162,84,78,0,0.519,84,78,6,10
MLB,2006,SDN,162,84,78,0,0.519,84,78,6,11
MLB,2006,WAS,162,84,78,0,0.519,84,78,6,12
MLB,2006,CHN,162,83,79,0,0.512,83,79,4,13
MLB,2006,TBA,162,82,80,0,0.506,82,80,2,14
MLB,2006,ATL,162,81,81,0,0.5,81,81,0,15
MLB,2006,BOS,162,81,81,0,0.5,81,81,0,16
MLB,2006,SEA,162,81,81,0,0.5,81,81,0,17
MLB,2006,TOR,162,81,81,0,0.5,81,81,0,18
MLB,2006,HOU,162,80,82,0,0.494,80,82,-2,19
MLB,2006,ARI,162,79,83,0,0.488,79,83,-4,20
MLB,2006,COL,162,79,83,0,0.488,79,83,-4,21
MLB,2006,BAL,162,77,85,0,0.475,77,85,-8,22
MLB,2006,CHA,162,76,86,0,0.469,76,86,-10,23
MLB,2006,MIL,162,76,86,0,0.469,76,86,-10,24
MLB,2006,PHI,162,76,86,0,0.469,76,86,-10,25
MLB,2006,MIN,162,74,88,0,0.457,74,88,-14,26
MLB,2006,SFN,161,73,88,0,0.453,73,88,-15,27
MLB,2006,SLN,161,71,90,0,0.441,71,90,-19,28
MLB,2006,OAK,162,66,96,0,0.407,66,96,-30,29
MLB,2006,FLO,162,62,100,0,0.383,62,100,-38,30
MLB,2007,HOU,162,95,67,0,0.586,95,67,28,1
MLB,2007,BAL,162,93,69,0,0.574,93,69,24,2
MLB,2007,LAN,162,93,69,0,0.574,93,69,24,3
MLB,2007,TBA,162,92,70,0,0.568,92,70,22,4
MLB,2007,WAS,162,90,72,0,0.556,90,72,18,5
MLB,2007,KCA,162,88,74,0,0.543,88,74,14,6
MLB,2007,ATL,162,85,77,0,0.525,85,77,8,7
MLB,2007,OAK,162,85,77,0,0.525,85,77,8,8
MLB,2007,TEX,162,85,77,0,0.525,85,77,8,9
MLB,2007,ANA,162,84,78,0,0.519,84,78,6,10
MLB,2007,COL,163,84,79,0,0.515,84,79,5,11
MLB,2007,ARI,162,83,79,0,0.512,83,79,4,12
MLB,2007,PHI,162,83,79,0,0.512,83,79,4,13
MLB,2007,CIN,162,82,80,0,0.506,82,80,2,14
MLB,2007,SLN,162,82,80,0,0.506,82,80,2,15
MLB,2007,TOR,162,81,81,0,0.5,81,81,0,16
MLB,2007,NYN,162,80,82,0,0.494,80,82,-2,17
MLB,2007,SEA,162,80,82,0,0.494,80,82,-2,18
MLB,2007,SDN,163,80,83,0,0.491,80,83,-3,19
MLB,2007,CHN,162,78,84,0,0.481,78,84,-6,20
MLB,2007,NYA,162,76,86,0,0.469,76,86,-10,21
MLB,2007,BOS,162,75,87,0,0.463,75,87,-12,22
MLB,2007,CHA,162,74,88,0,0.457,74,88,-14,23
MLB,2007,CLE,162,74,88,0,0.457,74,88,-14,24
MLB,2007,MIL,162,74,88,0,0.457,74,88,-14,25
MLB,2007,DET,162,73,89,0,0.451,73,89,-16,26
MLB,2007,PIT,162,73,89,0,0.451,73,89,-16,27
MLB,2007,MIN,162,72,90,0,0.444,72,90,-18,28
MLB,2007,SFN,162,69,93,0,0.426,69,93,-24,29
MLB,2007,FLO,162,68,94,0,0.42,68,94,-26,30
MLB,2008,PHI,162,96,66,0,0.593,96,66,30,1
MLB,2008,MIN,163,96,67,0,0.589,96,67,29,2
MLB,2008,SDN,162,92,70,0,0.568,92,70,22,3
MLB,2008,SEA,162,89,73,0,0.549,89,73,16,4
MLB,2008,CHA,163,86,77,0,0.528,86,77,9,5
MLB,2008,HOU,161,84,77,0,0.522,84,77,7,6
MLB,2008,ANA,162,84,78,0,0.519,84,78,6,7
MLB,2008,NYA,162,84,78,0,0.519,84,78,6,8
MLB,2008,OAK,161,83,78,0,0.516,83,78,5,9
MLB,2008,WAS,161,83,78,0,0.516,83,78,5,10
MLB,2008,BOS,162,83,79,0,0.512,83,79,4,11
MLB,2008,MIL,162,83,79,0,0.512,83,79,4,12
MLB,2008,FLO,161,82,79,0,0.509,82,79,3,13
MLB,2008,CIN,162,82,80,0,0.506,82,80,2,14
MLB,2008,LAN,162,81,81,0,0.5,81,81,0,15
MLB,2008,NYN,162,81,81,0,0.5,81,81,0,16
MLB,2008,PIT,162,81,81,0,0.5,81,81,0,17
MLB,2008,CHN,161,79,82,0,0.491,79,82,-3,18
MLB,2008,TEX,162,79,83,0,0.488,79,83,-4,19
MLB,2008,BAL,161,78,83,0,0.484,78,83,-5,20
MLB,2008,COL,162,78,84,0,0.481,78,84,-6,21
MLB,2008,DET,162,78,84,0,0.481,78,84,-6,22
MLB,2008,KCA,162,78,84,0,0.481,78,84,-6,23
MLB,2008,TOR,162,78,84,0,0.481,78,84,-6,24
MLB,2008,ATL,162,75,87,0,0.463,75,87,-12,25
MLB,2008,SFN,162,75,87,0,0.463,75,87,-12,26
MLB,2008,ARI,162,72,90,0,0.444,72,90,-18,27
MLB,2008,TBA,162,72,90,0,0.444,72,90,-18,28
MLB,2008,SLN,162,69,93,0,0.426,69,93,-24,29
MLB,2008,CLE,162,67,95,0,0.414,67,95,-28,30
MLB,2009,NYA,162,103,59,0,0.636,103,59,44,1
MLB,2009,KCA,162,101,61,0,0.623,101,61,40,2
MLB,2009,OAK,162,89,73,0,0.549,89,73,16,3
MLB,2009,CHN,161,88,73,0,0.547,88,73,15,4
MLB,2009,CIN,162,88,74,0,0.543,88,74,14,5
MLB,2009,MIL,162,88,74,0,0.543,88,74,14,6
MLB,2009,MIN,163,88,75,0,0.54,88,75,13,7
MLB,2009,COL,162,86,76,0,0.531,86,76,10,8
MLB,2009,FLO,162,86,76,0,0.531,86,76,10,9
MLB,2009,SEA,162,86,76,0,0.531,86,76,10,10
MLB,2009,PIT,161,84,77,0,0.522,84,77,7,11
MLB,2009,SLN,162,84,78,0,0.519,84,78,6,12
MLB,2009,PHI,162,83,79,0,0.512,83,79,4,13
MLB,2009,BAL,162,82,80,0,0.506,82,80,2,14
MLB,2009,CLE,162,81,81,0,0.5,81,81,0,15
MLB,2009,HOU,162,81,81,0,0.5,81,81,0,16
MLB,2009,ARI,162,78,84,0,0.481,78,84,-6,17
MLB,2009,NYN,162,78,84,0,0.481,78,84,-6,18
MLB,2009,TBA,162,78,84,0,0.481,78,84,-6,19
MLB,2009,ATL,162,77,85,0,0.475,77,85,-8,20
MLB,2009,SDN,162,75,87,0,0.463,75,87,-12,21
MLB,2009,LAN,162,74,88,0,0.457,74,88,-14,22
MLB,2009,ANA,162,73,89,0,0.451,73,89,-16,23
MLB,2009,WAS,162,73,89,0,0.451,73,89,-16,24
MLB,2009,DET,163,73,90,0,0.448,73,90,-17,25
MLB,2009,BOS,162,72,90,0,0.444,72,90,-18,26
MLB,2009,CHA,162,72,90,0,0.444,72,90,-18,27
MLB,2009,SFN,162,71,91,0,0.438,71,91,-20,28
MLB,2009,TEX,162,69,93,0,0.426,69,93,-24,29
MLB,2009,TOR,162,69,93,0,0.426,69,93,-24,30
MLB,2010,CIN,162,91,71,0,0.562,91,71,20,1
MLB,2010,KCA,162,91,71,0,0.562,91,71,20,2
MLB,2010,SEA,162,89,73,0,0.549,89,73,16,3
MLB,2010,CHN,162,88,74,0,0.543,88,74,14,4
MLB,2010,CLE,162,87,75,0,0.537,87,75,12,5
MLB,2010,SLN,162,87,75,0,0.537,87,75,12,6
MLB,2010,TOR,162,87,75,0,0.537,87,75,12,7
MLB,2010,ATL,162,86,76,0,0.531,86,76,10,8
MLB,2010,LAN,162,85,77,0,0.525,85,77,8,9
MLB,2010,OAK,162,85,77,0,0.525,85,77,8,10
MLB,2010,SFN,162,84,78,0,0.519,84,78,6,11
MLB,2010,CHA,162,83,79,0,0.512,83,79,4,12
MLB,2010,PHI,162,83,79,0,0.512,83,79,4,13
MLB,2010,HOU,162,82,80,0,0.506,82,80,2,14
MLB,2010,DET,162,81,81,0,0.5,81,81,0,15
MLB,2010,MIN,162,81,81,0,0.5,81,81,0,16
MLB,2010,SDN,162,80,82,0,0.494,80,82,-2,17
MLB,2010,TBA,162,79,83,0,0.488,79,83,-4,18
MLB,2010,TEX,162,79,83,0,0.488,79,83,-4,19
MLB,2010,WAS,162,79,83,0,0.488,79,83,-4,20
MLB,2010,BAL,162,78,84,0,0.481,78,84,-6,21
MLB,2010,PIT,162,78,84,0,0.481,78,84,-6,22
MLB,2010,NYN,162,77,85,0,0.475,77,85,-8,23
MLB,2010,ANA,162,76,86,0,0.469,76,86,-10,24
MLB,2010,ARI,162,76,86,0,0.469,76,86,-10,25
MLB,2010,BOS,162,76,86,0,0.469,76,86,-10,26
MLB,2010,FLO,162,75,87,0,0.463,75,87,-12,27
MLB,2010,NYA,162,72,90,0,0.444,72,90,-18,28
MLB,2010,MIL,162,70,92,0,0.432,70,92,-22,29
MLB,2010,COL,162,65,97,0,0.401,65,97,-32,30
MLB,2011,BAL,162,90,72,0,0.556,90,72,18,1
MLB,2011,BOS,162,90,72,0,0.556,90,72,18,2
MLB,2011,WAS,161,85,76,0,0.528,85,76,9,3
MLB,2011,ATL,162,85,77,0,0.525,85,77,8,4
MLB,2011,KCA,162,85,77,0,0.525,85,77,8,5
MLB,2011,TBA,162,85,77,0,0.525,85,77,8,6
MLB,2011,TEX,162,85,77,0,0.525,85,77,8,7
MLB,2011,HOU,162,84,78,0,0.519,84,78,6,8
MLB,2011,MIL,162,83,79,0,0.512,83,79,4,9
MLB,2011,SEA,162,83,79,0,0.512,83,79,4,10
MLB,2011,NYA,162,82,80,0,0.506,82,80,2,11
MLB,2011,NYN,162,82,80,0,0.506,82,80,2,12
MLB,2011,SDN,162,82,80,0,0.506,82,80,2,13
MLB,2011,ANA,162,81,81,0,0.5,81,81,0,14
MLB,2011,COL,162,81,81,0,0.5,81,81,0,15
MLB,2011,SLN,162,81,81,0,0.5,81,81,0,16
MLB,2011,CHA,162,80,82,0,0.494,80,82,-2,17
MLB,2011,CIN,162,80,82,0,0.494,80,82,-2,18
MLB,2011,OAK,162,80,82,0,0.494,80,82,-2,19
MLB,2011,CHN,162,79,83,0,0.488,79,83,-4,20
MLB,2011,MIN,162,79,83,0,0.488,79,83,-4,21
MLB,2011,LAN,161,78,83,0,0.484,78,83,-5,22
MLB,2011,PHI,162,78,84,0,0.481,78,84,-6,23
MLB,2011,ARI,162,77,85,0,0.475,77,85,-8,24
MLB,2011,CLE,162,77,85,0,0.475,77,85,-8,25
MLB,2011,TOR,162,77,85,0,0.475,77,85,-8,26
MLB,2011,FLO,162,76,86,0,0.469,76,86,-10,27
MLB,2011,PIT,162,76,86,0,0.469,76,86,-10,28
MLB,2011,SFN,162,76,86,0,0.469,76,86,-10,29
MLB,2011,DET,162,72,90,0,0.444,72,90,-18,30
MLB,2012,MIL,162,94,68,0,0.58,94,68,26,1
MLB,2012,NYA,162,94,68,0,0.58,94,68,26,2
MLB,2012,CHN,162,91,71,0,0.562,91,71,20,3
MLB,2012,WAS,162,91,71,0,0.562,91,71,20,4
MLB,2012,ATL,162,90,72,0,0.556,90,72,18,5
MLB,2012,BOS,162,89,73,0,0.549,89,73,16,6
MLB,2012,TEX,162,89,73,0,0.549,89,73,16,7
MLB,2012,KCA,162,88,74,0,0.543,88,74,14,8
MLB,2012,CIN,162,86,76,0,0.531,86,76,10,9
MLB,2012,MIN,162,85,77,0,0.525,85,77,8,10
MLB,2012,SEA,162,85,77,0,0.525,85,77,8,11
MLB,2012,TBA,162,84,78,0,0.519,84,78,6,12
MLB,2012,BAL,162,83,79,0,0.512,83,79,4,13
MLB,2012,MIA,162,83,79,0,0.512,83,79,4,14
MLB,2012,CLE,162,81,81,0,0.5,81,81,0,15
MLB,2012,COL,162,81,81,0,0.5,81,81,0,16
MLB,2012,NYN,162,80,82,0,0.494,80,82,-2,17
MLB,2012,PHI,162,80,82,0,0.494,80,82,-2,18
MLB,2012,SFN,162,80,82,0,0.494,80,82,-2,19
MLB,2012,LAN,162,79,83,0,0.488,79,83,-4,20
MLB,2012,SDN,162,77,85,0,0.475,77,85,-8,21
MLB,2012,CHA,162,75,87,0,0.463,75,87,-12,22
MLB,2012,PIT,162,75,87,0,0.463,75,87,-12,23
MLB,2012,TOR,162,74,88,0,0.457,74,88,-14,24
MLB,2012,ANA,162,73,89,0,0.451,73,89,-16,25
MLB,2012,OAK,162,71,91,0,0.438,71,91,-20,26
MLB,2012,ARI,162,70,92,0,0.432,70,92,-22,27
MLB,2012,HOU,162,70,92,0,0.432,70,92,-22,28
MLB,2012,SLN,162,70,92,0,0.432,70,92,-22,29
MLB,2012,DET,162,62,100,0,0.383,62,100,-38,30
MLB,2013,ANA,162,90,72,0,0.556,90,72,18,1
MLB,2013,CHN,162,90,72,0,0.556,90,72,18,2
MLB,2013,BOS,162,88,74,0,0.543,88,74,14,3
MLB,2013,CLE,162,88,74,0,0.543,88,74,14,4
MLB,2013,TEX,163,88,75,0,0.54,88,75,13,5
MLB,2013,MIL,162,86,76,0,0.531,86,76,10,6
MLB,2013,OAK,162,86,76,0,0.531,86,76,10,7
MLB,2013,ARI,162,84,78,0,0.519,84,78,6,8
MLB,2013,SDN,162,84,78,0,0.519,84,78,6,9
MLB,2013,COL,162,83,79,0,0.512,83,79,4,10
MLB,2013,DET,162,83,79,0,0.512,83,79,4,11
MLB,2013,HOU,162,83,79,0,0.512,83,79,4,12
MLB,2013,LAN,162,83,79,0,0.512,83,79,4,13
MLB,2013,SLN,162,83,79,0,0.512,83,79,4,14
MLB,2013,CHA,162,82,80,0,0.506,82,80,2,15
MLB,2013,ATL,162,80,82,0,0.494,80,82,-2,16
MLB,2013,CIN,162,80,82,0,0.494,80,82,-2,17
MLB,2013,WAS,162,80,82,0,0.494,80,82,-2,18
MLB,2013,NYA,162,79,83,0,0.488,79,83,-4,19
MLB,2013,PHI,162,79,83,0,0.488,79,83,-4,20
MLB,2013,SFN,162,79,83,0,0.488,79,83,-4,21
MLB,2013,PIT,162,78,84,0,0.481,78,84,-6,22
MLB,2013,BAL,162,77,85,0,0.475,77,85,-8,23
MLB,2013,TBA,163,77,86,0,0.472,77,86,-9,24
MLB,2013,NYN,162,76,86,0,0.469,76,86,-10,25
MLB,2013,SEA,162,76,86,0,0.469,76,86,-10,26
MLB,2013,TOR,162,76,86,0,0.469,76,86,-10,27
MLB,2013,MIA,162,75,87,0,0.463,75,87,-12,28
MLB,2013,MIN,162,74,88,0,0.457,74,88,-14,29
MLB,2013,KCA,162,64,98,0,0.395,64,98,-34,30
MLB,2014,ATL,162,94,68,0,0.58,94,68,26,1
MLB,2014,COL,162,89,73,0,0.549,89,73,16,2
MLB,2014,CHA,162,86,76,0,0.531,86,76,10,3
MLB,2014,CHN,162,86,76,0,0.531,86,76,10,4
MLB,2014,NYA,162,86,76,0,0.531,86,76,10,5
MLB,2014,NYN,162,86,76,0,0.531,86,76,10,6
MLB,2014,TBA,162,86,76,0,0.531,86,76,10,7
MLB,2014,CIN,162,85,77,0,0.525,85,77,8,8
MLB,2014,DET,162,85,77,0,0.525,85,77,8,9
MLB,2014,SDN,162,85,77,0,0.525,85,77,8,10
MLB,2014,SLN,162,85,77,0,0.525,85,77,8,11
MLB,2014,LAN,162,83,79,0,0.512,83,79,4,12
MLB,2014,SEA,162,83,79,0,0.512,83,79,4,13
MLB,2014,MIA,162,82,80,0,0.506,82,80,2,14
MLB,2014,PIT,162,82,80,0,0.506,82,80,2,15
MLB,2014,BOS,162,81,81,0,0.5,81,81,0,16
MLB,2014,MIN,162,81,81,0,0.5,81,81,0,17
MLB,2014,OAK,162,81,81,0,0.5,81,81,0,18
MLB,2014,MIL,162,80,82,0,0.494,80,82,-2,19
MLB,2014,TEX,162,79,83,0,0.488,79,83,-4,20
MLB,2014,TOR,162,79,83,0,0.488,79,83,-4,21
MLB,2014,HOU,162,78,84,0,0.481,78,84,-6,22
MLB,2014,KCA,162,76,86,0,0.469,76,86,-10,23
MLB,2014,SFN,162,76,86,0,0.469,76,86,-10,24
MLB,2014,WAS,162,76,86,0,0.469,76,86,-10,25
MLB,2014,CLE,162,75,87,0,0.463,75,87,-12,26
MLB,2014,BAL,162,74,88,0,0.457,74,88,-14,27
MLB,2014,ANA,162,73,89,0,0.451,73,89,-16,28
MLB,2014,ARI,162,69,93,0,0.426,69,93,-24,29
MLB,2014,PHI,162,69,93,0,0.426,69,93,-24,30
MLB,2015,PHI,162,98,64,0,0.605,98,64,34,1
MLB,2015,TEX,162,96,66,0,0.593,96,66,30,2
MLB,2015,OAK,162,90,72,0,0.556,90,72,18,3
MLB,2015,CHA,162,88,74,0,0.543,88,74,14,4
MLB,2015,BAL,162,86,76,0,0.531,86,76,10,5
MLB,2015,SDN,162,86,76,0,0.531,86,76,10,6
MLB,2015,LAN,162,84,78,0,0.519,84,78,6,7
MLB,2015,BOS,162,83,79,0,0.512,83,79,4,8
MLB,2015,MIL,162,83,79,0,0.512,83,79,4,9
MLB,2015,SEA,162,83,79,0,0.512,83,79,4,10
MLB,2015,ATL,162,82,80,0,0.506,82,80,2,11
MLB,2015,CHN,162,82,80,0,0.506,82,80,2,12
MLB,2015,KCA,162,82,80,0,0.506,82,80,2,13
MLB,2015,MIN,162,82,80,0,0.506,82,80,2,14
MLB,2015,CLE,161,81,80,0,0.503,81,80,1,15
MLB,2015,NYN,162,81,81,0,0.5,81,81,0,16
MLB,2015,MIA,162,80,82,0,0.494,80,82,-2,17
MLB,2015,COL,162,79,83,0,0.488,79,83,-4,18
MLB,2015,NYA,162,79,83,0,0.488,79,83,-4,19
MLB,2015,PIT,162,79,83,0,0.488,79,83,-4,20
MLB,2015,ARI,162,78,84,0,0.481,78,84,-6,21
MLB,2015,WAS,162,78,84,0,0.481,78,84,-6,22
MLB,2015,CIN,162,77,85,0,0.475,77,85,-8,23
MLB,2015,SFN,162,77,85,0,0.475,77,85,-8,24
MLB,2015,DET,161,75,86,0,0.466,75,86,-11,25
MLB,2015,ANA,162,75,87,0,0.463,75,87,-12,26
MLB,2015,TOR,162,75,87,0,0.463,75,87,-12,27
MLB,2015,SLN,162,74,88,0,0.457,74,88,-14,28
MLB,2015,TBA,162,71,91,0,0.438,71,91,-20,29
MLB,2015,HOU,162,65,97,0,0.401,65,97,-32,30
MLB,2016,PHI,162,99,63,0,0.611,99,63,36,1
MLB,2016,MIL,162,95,67,0,0.586,95,67,28,2
MLB,2016,MIN,162,94,68,0,0.58,94,68,26,3
MLB,2016,PIT,162,92,70,0,0.568,92,70,22,4
MLB,2016,ARI,162,90,72,0,0.556,90,72,18,5
MLB,2016,TBA,162,87,75,0,0.537,87,75,12,6
MLB,2016,BAL,162,86,76,0,0.531,86,76,10,7
MLB,2016,ANA,162,84,78,0,0.519,84,78,6,8
MLB,2016,CIN,162,84,78,0,0.519,84,78,6,9
MLB,2016,SDN,162,84,78,0,0.519,84,78,6,10
MLB,2016,SFN,162,84,78,0,0.519,84,78,6,11
MLB,2016,OAK,162,82,80,0,0.506,82,80,2,12
MLB,2016,TOR,162,82,80,0,0.506,82,80,2,13
MLB,2016,CHA,162,81,81,0,0.5,81,81,0,14
MLB,2016,SEA,162,81,81,0,0.5,81,81,0,15
MLB,2016,WAS,162,80,82,0,0.494,80,82,-2,16
MLB,2016,NYA,162,79,83,0,0.488,79,83,-4,17
MLB,2016,TEX,162,79,83,0,0.488,79,83,-4,18
MLB,2016,ATL,161,78,83,0,0.484,78,83,-5,19
MLB,2016,MIA,161,78,83,0,0.484,78,83,-5,20
MLB,2016,HOU,162,78,84,0,0.481,78,84,-6,21
MLB,2016,CLE,161,77,84,0,0.478,77,84,-7,22
MLB,2016,CHN,162,77,85,0,0.475,77,85,-8,23
MLB,2016,BOS,162,75,87,0,0.463,75,87,-12,24
MLB,2016,COL,162,75,87,0,0.463,75,87,-12,25
MLB,2016,DET,161,72,89,0,0.447,72,89,-17,26
MLB,2016,LAN,162,71,91,0,0.438,71,91,-20,27
MLB,2016,KCA,162,69,93,0,0.426,69,93,-24,28
MLB,2016,SLN,162,68,94,0,0.42,68,94,-26,29
MLB,2016,NYN,162,67,95,0,0.414,67,95,-28,30
MLB,2017,DET,162,88,74,0,0.543,88,74,14,1
MLB,2017,ATL,162,87,75,0,0.537,87,75,12,2
MLB,2017,OAK,162,87,75,0,0.537,87,75,12,3
MLB,2017,SFN,162,87,75,0,0.537,87,75,12,4
MLB,2017,TOR,162,87,75,0,0.537,87,75,12,5
MLB,2017,KCA,162,86,76,0,0.531,86,76,10,6
MLB,2017,ARI,162,85,77,0,0.525,85,77,8,7
MLB,2017,COL,162,85,77,0,0.525,85,77,8,8
MLB,2017,WAS,162,85,77,0,0.525,85,77,8,9
MLB,2017,MIA,162,84,78,0,0.519,84,78,6,10
MLB,2017,TEX,162,84,78,0,0.519,84,78,6,11
MLB,2017,HOU,162,83,79,0,0.512,83,79,4,12
MLB,2017,PHI,162,83,79,0,0.512,83,79,4,13
MLB,2017,PIT,162,83,79,0,0.512,83,79,4,14
MLB,2017,ANA,162,82,80,0,0.506,82,80,2,15
MLB,2017,MIN,162,80,82,0,0.494,80,82,-2,16
MLB,2017,TBA,162,80,82,0,0.494,80,82,-2,17
MLB,2017,BOS,162,79,83,0,0.488,79,83,-4,18
MLB,2017,CHA,162,79,83,0,0.488,79,83,-4,19
MLB,2017,LAN,162,79,83,0,0.488,79,83,-4,20
MLB,2017,NYA,162,79,83,0,0.488,79,83,-4,21
MLB,2017,SDN,162,78,84,0,0.481,78,84,-6,22
MLB,2017,CLE,162,77,85,0,0.475,77,85,-8,23
MLB,2017,BAL,162,76,86,0,0.469,76,86,-10,24
MLB,2017,CIN,162,76,86,0,0.469,76,86,-10,25
MLB,2017,MIL,162,76,86,0,0.469,76,86,-10,26
MLB,2017,CHN,162,75,87,0,0.463,75,87,-12,27
MLB,2017,SLN,162,75,87,0,0.463,75,87,-12,28
MLB,2017,NYN,162,74,88,0,0.457,74,88,-14,29
MLB,2017,SEA,162,71,91,0,0.438,71,91,-20,30
MLB,2018,TEX,162,99,63,0,0.611,99,63,36,1
MLB,2018,SEA,162,95,67,0,0.586,95,67,28,2
MLB,2018,ARI,162,94,68,0,0.58,94,68,26,3
MLB,2018,CHA,162,88,74,0,0.543,88,74,14,4
MLB,2018,KCA,162,87,75,0,0.537,87,75,12,5
MLB,2018,TBA,162,87,75,0,0.537,87,75,12,6
MLB,2018,TOR,162,87,75,0,0.537,87,75,12,7
MLB,2018,BAL,162,86,76,0,0.531,86,76,10,8
MLB,2018,WAS,162,86,76,0,0.531,86,76,10,9
MLB,2018,NYA,162,84,78,0,0.519,84,78,6,10
MLB,2018,SLN,162,84,78,0,0.519,84,78,6,11
MLB,2018,MIL,163,84,79,0,0.515,84,79,5,12
MLB,2018,NYN,162,83,79,0,0.512,83,79,4,13
MLB,2018,SDN,162,83,79,0,0.512,83,79,4,14
MLB,2018,PHI,162,80,82,0,0.494,80,82,-2,15
MLB,2018,LAN,163,80,83,0,0.491,80,83,-3,16
MLB,2018,PIT,161,79,82,0,0.491,79,82,-3,17
MLB,2018,CHN,163,79,84,0,0.485,79,84,-5,18
MLB,2018,ATL,162,78,84,0,0.481,78,84,-6,19
MLB,2018,MIA,161,77,84,0,0.478,77,84,-7,20
MLB,2018,CIN,162,77,85,0,0.475,77,85,-8,21
MLB,2018,ANA,162,76,86,0,0.469,76,86,-10,22
MLB,2018,BOS,162,76,86,0,0.469,76,86,-10,23
MLB,2018,SFN,162,76,86,0,0.469,76,86,-10,24
MLB,2018,MIN,162,74,88,0,0.457,74,88,-14,25
MLB,2018,DET,162,73,89,0,0.451,73,89,-16,26
MLB,2018,HOU,162,73,89,0,0.451,73,89,-16,27
MLB,2018,OAK,162,72,90,0,0.444,72,90,-18,28
MLB,2018,CLE,162,67,95,0,0.414,67,95,-28,29
MLB,2018,COL,163,67,96,0,0.411,67,96,-29,30
MLB,2019,DET,161,91,70,0,0.565,91,70,21,1
MLB,2019,BOS,162,88,74,0,0.543,88,74,14,2
MLB,2019,CLE,162,88,74,0,0.543,88,74,14,3
MLB,2019,SEA,162,88,74,0,0.543,88,74,14,4
MLB,2019,SLN,162,88,74,0,0.543,88,74,14,5
MLB,2019,WAS,162,87,75,0,0.537,87,75,12,6
MLB,2019,ARI,162,86,76,0,0.531,86,76,10,7
MLB,2019,COL,162,86,76,0,0.531,86,76,10,8
MLB,2019,PHI,162,86,76,0,0.531,86,76,10,9
MLB,2019,TOR,162,85,77,0,0.525,85,77,8,10
MLB,2019,ANA,162,84,78,0,0.519,84,78,6,11
MLB,2019,ATL,162,84,78,0,0.519,84,78,6,12
MLB,2019,HOU,162,84,78,0,0.519,84,78,6,13
MLB,2019,LAN,162,84,78,0,0.519,84,78,6,14
MLB,2019,SFN,162,82,80,0,0.506,82,80,2,15
MLB,2019,TBA,162,82,80,0,0.506,82,80,2,16
MLB,2019,MIL,162,80,82,0,0.494,80,82,-2,17
MLB,2019,BAL,162,79,83,0,0.488,79,83,-4,18
MLB,2019,CIN,162,79,83,0,0.488,79,83,-4,19
MLB,2019,NYA,162,79,83,0,0.488,79,83,-4,20
MLB,2019,SDN,162,79,83,0,0.488,79,83,-4,21
MLB,2019,TEX,162,78,84,0,0.481,78,84,-6,22
MLB,2019,CHN,162,76,86,0,0.469,76,86,-10,23
MLB,2019,CHA,161,75,86,0,0.466,75,86,-11,24
MLB,2019,NYN,162,75,87,0,0.463,75,87,-12,25
MLB,2019,MIN,162,73,89,0,0.451,73,89,-16,26
MLB,2019,OAK,162,73,89,0,0.451,73,89,-16,27
MLB,2019,PIT,162,72,90,0,0.444,72,90,-18,28
MLB,2019,KCA,162,71,91,0,0.438,71,91,-20,29
MLB,2019,MIA,162,67,95,0,0.414,67,95,-28,30
MLB,2020,OAK,60,37,23,0,0.617,37,23,14,1
MLB,2020,TBA,60,37,23,0,0.617,37,23,14,2
MLB,2020,MIA,60,35,25,0,0.583,35,25,10,3
MLB,2020,CHN,60,34,26,0,0.567,34,26,8,4
MLB,2020,MIL,60,34,26,0,0.567,34,26,8,5
MLB,2020,MIN,60,34,26,0,0.567,34,26,8,6
MLB,2020,BOS,60,33,27,0,0.55,33,27,6,7
MLB,2020,CLE,60,33,27,0,0.55,33,27,6,8
MLB,2020,COL,60,33,27,0,0.55,33,27,6,9
MLB,2020,HOU,60,33,27,0,0.55,33,27,6,10
MLB,2020,ARI,60,31,29,0,0.517,31,29,2,11
MLB,2020,CHA,60,31,29,0,0.517,31,29,2,12
MLB,2020,PHI,60,31,29,0,0.517,31,29,2,13
MLB,2020,PIT,60,31,29,0,0.517,31,29,2,14
MLB,2020,SEA,60,31,29,0,0.517,31,29,2,15
MLB,2020,LAN,60,30,30,0,0.5,30,30,0,16
MLB,2020,BAL,60,29,31,0,0.483,29,31,-2,17
MLB,2020,DET,58,28,30,0,0.483,28,30,-2,18
MLB,2020,NYA,60,29,31,0,0.483,29,31,-2,19
MLB,2020,NYN,60,29,31,0,0.483,29,31,-2,20
MLB,2020,SDN,60,29,31,0,0.483,29,31,-2,21
MLB,2020,ATL,60,28,32,0,0.467,28,32,-4,22
MLB,2020,KCA,60,28,32,0,0.467,28,32,-4,23
MLB,2020,SLN,58,27,31,0,0.466,27,31,-4,24
MLB,2020,ANA,60,27,33,0,0.45,27,33,-6,25
MLB,2020,SFN,60,27,33,0,0.45,27,33,-6,26
MLB,2020,WAS,60,26,34,0,0.433,26,34,-8,27
MLB,2020,TOR,60,23,37,0,0.383,23,37,-14,28
MLB,2020,TEX,60,22,38,0,0.367,22,38,-16,29
MLB,2020,CIN,60,18,42,0,0.3,18,42,-24,30
MLB,2021,NYA,162,92,70,0,0.568,92,70,22,1
MLB,2021,PHI,162,92,70,0,0.568,92,70,22,2
MLB,2021,SLN,162,91,71,0,0.562,91,71,20,3
MLB,2021,BOS,162,90,72,0,0.556,90,72,18,4
MLB,2021,ANA,162,88,74,0,0.543,88,74,14,5
MLB,2021,ARI,162,88,74,0,0.543,88,74,14,6
MLB,2021,SFN,162,87,75,0,0.537,87,75,12,7
MLB,2021,CLE,162,86,76,0,0.531,86,76,10,8
MLB,2021,PIT,162,86,76,0,0.531,86,76,10,9
MLB,2021,CHN,162,85,77,0,0.525,85,77,8,10
MLB,2021,COL,161,84,77,0,0.522,84,77,7,11
MLB,2021,SEA,162,84,78,0,0.519,84,78,6,12
MLB,2021,TEX,162,83,79,0,0.512,83,79,4,13
MLB,2021,DET,162,82,80,0,0.506,82,80,2,14
MLB,2021,BAL,162,81,81,0,0.5,81,81,0,15
MLB,2021,CIN,162,81,81,0,0.5,81,81,0,16
MLB,2021,MIA,162,81,81,0,0.5,81,81,0,17
MLB,2021,LAN,162,80,82,0,0.494,80,82,-2,18
MLB,2021,NYN,162,79,83,0,0.488,79,83,-4,19
MLB,2021,TOR,162,79,83,0,0.488,79,83,-4,20
MLB,2021,WAS,162,79,83,0,0.488,79,83,-4,21
MLB,2021,OAK,162,78,84,0,0.481,78,84,-6,22
MLB,2021,MIL,162,76,86,0,0.469,76,86,-10,23
MLB,2021,CHA,162,73,89,0,0.451,73,89,-16,24
MLB,2021,HOU,162,72,90,0,0.444,72,90,-18,25
MLB,2021,MIN,162,72,90,0,0.444,72,90,-18,26
MLB,2021,TBA,162,72,90,0,0.444,72,90,-18,27
MLB,2021,ATL,161,71,90,0,0.441,71,90,-19,28
MLB,2021,KCA,162,71,91,0,0.438,71,91,-20,29
MLB,2021,SDN,162,66,96,0,0.407,66,96,-30,30
MLB,2022,PIT,162,95,67,0,0.586,95,67,28,1
MLB,2022,TEX,162,90,72,0,0.556,90,72,18,2
MLB,2022,SLN,162,89,73,0,0.549,89,73,16,3
MLB,2022,MIA,162,88,74,0,0.543,88,74,14,4
MLB,2022,KCA,162,87,75,0,0.537,87,75,12,5
MLB,2022,TBA,162,87,75,0,0.537,87,75,12,6
MLB,2022,NYN,162,85,77,0,0.525,85,77,8,7
MLB,2022,OAK,162,85,77,0,0.525,85,77,8,8
MLB,2022,SEA,162,85,77,0,0.525,85,77,8,9
MLB,2022,BOS,162,83,79,0,0.512,83,79,4,10
MLB,2022,CHN,162,83,79,0,0.512,83,79,4,11
MLB,2022,COL,162,83,79,0,0.512,83,79,4,12
MLB,2022,CIN,162,82,80,0,0.506,82,80,2,13
MLB,2022,LAN,162,82,80,0,0.506,82,80,2,14
MLB,2022,DET,162,81,81,0,0.5,81,81,0,15
MLB,2022,NYA,162,81,81,0,0.5,81,81,0,16
MLB,2022,SDN,162,81,81,0,0.5,81,81,0,17
MLB,2022,WAS,162,81,81,0,0.5,81,81,0,18
MLB,2022,BAL,162,80,82,0,0.494,80,82,-2,19
MLB,2022,PHI,162,80,82,0,0.494,80,82,-2,20
MLB,2022,TOR,162,80,82,0,0.494,80,82,-2,21
MLB,2022,ATL,162,79,83,0,0.488,79,83,-4,22
MLB,2022,SFN,162,78,84,0,0.481,78,84,-6,23
MLB,2022,ANA,162,77,85,0,0.475,77,85,-8,24
MLB,2022,CHA,162,75,87,0,0.463,75,87,-12,25
MLB,2022,HOU,162,75,87,0,0.463,75,87,-12,26
MLB,2022,ARI,162,70,92,0,0.432,70,92,-22,27
MLB,2022,CLE,162,70,92,0,0.432,70,92,-22,28
MLB,2022,MIL,162,69,93,0,0.426,69,93,-24,29
MLB,2022,MIN,162,69,93,0,0.426,69,93,-24,30
MLB,2023,SDN,162,97,65,0,0.599,97,65,32,1
MLB,2023,MIN,162,94,68,0,0.58,94,68,26,2
MLB,2023,NYA,162,90,72,0,0.556,90,72,18,3
MLB,2023,CHN,162,89,73,0,0.549,89,73,16,4
MLB,2023,SFN,162,89,73,0,0.549,89,73,16,5
MLB,2023,CHA,162,88,74,0,0.543,88,74,14,6
MLB,2023,CIN,162,86,76,0,0.531,86,76,10,7
MLB,2023,OAK,162,86,76,0,0.531,86,76,10,8
MLB,2023,SLN,162,86,76,0,0.531,86,76,10,9
MLB,2023,TOR,162,85,77,0,0.525,85,77,8,10
MLB,2023,MIL,162,84,78,0,0.519,84,78,6,11
MLB,2023,PHI,162,83,79,0,0.512,83,79,4,12
MLB,2023,ANA,162,82,80,0,0.506,82,80,2,13
MLB,2023,ATL,162,82,80,0,0.506,82,80,2,14
MLB,2023,CLE,162,82,80,0,0.506,82,80,2,15
MLB,2023,MIA,162,81,81,0,0.5,81,81,0,16
MLB,2023,BOS,162,80,82,0,0.494,80,82,-2,17
MLB,2023,HOU,162,80,82,0,0.494,80,82,-2,18
MLB,2023,COL,162,79,83,0,0.488,79,83,-4,19
MLB,2023,KCA,162,79,83,0,0.488,79,83,-4,20
MLB,2023,TBA,162,77,85,0,0.475,77,85,-8,21
MLB,2023,DET,162,75,87,0,0.463,75,87,-12,22
MLB,2023,SEA,162,75,87,0,0.463,75,87,-12,23
MLB,2023,PIT,162,74,88,0,0.457,74,88,-14,24
MLB,2023,WAS,162,73,89,0,0.451,73,89,-16,25
MLB,2023,ARI,162,72,90,0,0.444,72,90,-18,26
MLB,2023,LAN,162,72,90,0,0.444,72,90,-18,27
MLB,2023,TEX,162,71,91,0,0.438,71,91,-20,28
MLB,2023,BAL,162,70,92,0,0.432,70,92,-22,29
MLB,2023,NYN,162,69,93,0,0.426,69,93,-24,30
MLB,2024,NYA,162,104,58,0,0.642,104,58,46,1
MLB,2024,MIL,162,93,69,0,0.574,93,69,24,2
MLB,2024,ANA,162,90,72,0,0.556,90,72,18,3
MLB,2024,CHA,162,87,75,0,0.537,87,75,12,4
MLB,2024,KCA,162,87,75,0,0.537,87,75,12,5
MLB,2024,PHI,162,86,76,0,0.531,86,76,10,6
MLB,2024,ATL,162,85,77,0,0.525,85,77,8,7
MLB,2024,COL,162,85,77,0,0.525,85,77,8,8
MLB,2024,PIT,162,85,77,0,0.525,85,77,8,9
MLB,2024,SEA,162,84,78,0,0.519,84,78,6,10
MLB,2024,CLE,161,82,79,0,0.509,82,79,3,11
MLB,2024,CHN,162,82,80,0,0.506,82,80,2,12
MLB,2024,LAN,162,82,80,0,0.506,82,80,2,13
MLB,2024,MIN,162,81,81,0,0.5,81,81,0,14
MLB,2024,BAL,162,80,82,0,0.494,80,82,-2,15
MLB,2024,BOS,162,80,82,0,0.494,80,82,-2,16
MLB,2024,SDN,162,80,82,0,0.494,80,82,-2,17
MLB,2024,TEX,162,80,82,0,0.494,80,82,-2,18
MLB,2024,DET,162,78,84,0,0.481,78,84,-6,19
MLB,2024,SFN,162,78,84,0,0.481,78,84,-6,20
MLB,2024,SLN,162,78,84,0,0.481,78,84,-6,21
MLB,2024,HOU,161,77,84,0,0.478,77,84,-7,22
MLB,2024,WAS,162,77,85,0,0.475,77,85,-8,23
MLB,2024,NYN,162,75,87,0,0.463,75,87,-12,24
MLB,2024,TBA,162,75,87,0,0.463,75,87,-12,25
MLB,2024,ARI,162,74,88,0,0.457,74,88,-14,26
MLB,2024,CIN,162,74,88,0,0.457,74,88,-14,27
MLB,2024,MIA,162,72,90,0,0.444,72,90,-18,28
MLB,2024,OAK,162,69,93,0,0.426,69,93,-24,29
MLB,2024,TOR,162,69,93,0,0.426,69,93,-24,30
NBA,1949,MNL,68,41,27,0,0.603,41,27,14,1
NBA,1949,RCH,68,39,29,0,0.574,39,29,10,2
NBA,1949,SLB,68,39,29,0,0.574,39,29,10,3
NBA,1949,SBS,62,35,27,0,0.565,35,27,8,4
NBA,1949,WSC,68,38,30,0,0.559,38,30,8,5
NBA,1949,WAT,62,34,28,0,0.548,34,28,6,6
NBA,1949,INO,64,35,29,0,0.547,35,29,6,7
NBA,1949,CHS,68,35,33,0,0.515,35,33,2,8
NBA,1949,FWP,68,35,33,0,0.515,35,33,2,9
NBA,1949,BAL,68,33,35,0,0.485,33,35,-2,10
NBA,1949,DEN,62,29,33,0,0.468,29,33,-4,11
NBA,1949,NYK,68,31,37,0,0.456,31,37,-6,12
NBA,1949,BOS,68,30,38,0,0.441,30,38,-8,13
NBA,1949,AND,64,28,36,0,0.438,28,36,-8,14
NBA,1949,SYN,64,27,37,0,0.422,27,37,-10,15
NBA,1949,TCB,64,27,37,0,0.422,27,37,-10,16
NBA,1949,PHA,68,25,43,0,0.368,25,43,-18,17
NBA,1950,MNL,68,38,30,0,0.559,38,30,8,1
NBA,1950,PHA,66,36,30,0,0.545,36,30,6,2
NBA,1950,RCH,68,37,31,0,0.544,37,31,6,3
NBA,1950,BAL,66,35,31,0,0.53,35,31,4,4
NBA,1950,BOS,69,36,33,0,0.522,36,33,3,5
NBA,1950,NYK,66,33,33,0,0.5,33,33,0,6
NBA,1950,FWP,68,33,35,0,0.485,33,35,-2,7
NBA,1950,WSC,35,16,19,0,0.457,16,19,-3,8
NBA,1950,TCB,68,31,37,0,0.456,31,37,-6,9
NBA,1950,INO,68,30,38,0,0.441,30,38,-8,10
NBA,1950,SYN,66,29,37,0,0.439,29,37,-8,11
NBA,1951,INO,66,39,27,0,0.591,39,27,12,1
NBA,1951,MNL,66,36,30,0,0.545,36,30,6,2
NBA,1951,BAL,66,35,31,0,0.53,35,31,4,3
NBA,1951,PHA,66,34,32,0,0.515,34,32,2,4
NBA,1951,NYK,66,33,33,0,0.5,33,33,0,5
NBA,1951,RCH,66,33,33,0,0.5,33,33,0,6
NBA,1951,FWP,66,32,34,0,0.485,32,34,-2,7
NBA,1951,BOS,66,31,35,0,0.47,31,35,-4,8
NBA,1951,SYN,66,29,37,0,0.439,29,37,-8,9
NBA,1951,MLH,66,28,38,0,0.424,28,38,-10,10
NBA,1952,MLH,71,42,29,0,0.592,42,29,13,1
NBA,1952,SYN,71,41,30,0,0.577,41,30,11,2
NBA,1952,FWP,69,38,31,0,0.551,38,31,7,3
NBA,1952,BOS,71,37,34,0,0.521,37,34,3,4
NBA,1952,RCH,70,35,35,0,0.5,35,35,0,5
NBA,1952,MNL,70,34,36,0,0.486,34,36,-2,6
NBA,1952,BAL,71,34,37,0,0.479,34,37,-3,7
NBA,1952,PHA,70,31,39,0,0.443,31,39,-8,8
NBA,1952,INO,70,30,40,0,0.429,30,40,-10,9
NBA,1952,NYK,71,30,41,0,0.423,30,41,-11,10
NBA,1953,PHA,72,41,31,0,0.569,41,31,10,1
NBA,1953,FWP,72,40,32,0,0.556,40,32,8,2
NBA,1953,MLH,72,38,34,0,0.528,38,34,4,3
NBA,1953,BAL,72,35,37,0,0.486,35,37,-2,4
NBA,1953,MNL,72,35,37,0,0.486,35,37,-2,5
NBA,1953,SYN,72,35,37,0,0.486,35,37,-2,6
NBA,1953,BOS,72,34,38,0,0.472,34,38,-4,7
NBA,1953,NYK,72,33,39,0,0.458,33,39,-6,8
NBA,1953,RCH,72,33,39,0,0.458,33,39,-6,9
NBA,1954,SYN,72,43,29,0,0.597,43,29,14,1
NBA,1954,MLH,72,42,30,0,0.583,42,30,12,2
NBA,1954,PHA,72,42,30,0,0.583,42,30,12,3
NBA,1954,RCH,72,38,34,0,0.528,38,34,4,4
NBA,1954,NYK,72,33,39,0,0.458,33,39,-6,5
NBA,1954,FWP,72,32,40,0,0.444,32,40,-8,6
NBA,1954,BOS,72,29,43,0,0.403,29,43,-14,7
NBA,1954,MNL,72,29,43,0,0.403,29,43,-14,8
NBA,1955,BOS,72,40,32,0,0.556,40,32,8,1
NBA,1955,PHA,72,40,32,0,0.556,40,32,8,2
NBA,1955,SYN,72,40,32,0,0.556,40,32,8,3
NBA,1955,SLH,72,39,33,0,0.542,39,33,6,4
NBA,1955,NYK,72,35,37,0,0.486,35,37,-2,5
NBA,1955,MNL,72,33,39,0,0.458,33,39,-6,6
NBA,1955,FWP,72,31,41,0,0.431,31,41,-10,7
NBA,1955,RCH,72,30,42,0,0.417,30,42,-12,8
NBA,1956,FWP,72,46,26,0,0.639,46,26,20,1
NBA,1956,SLH,72,40,32,0,0.556,40,32,8,2
NBA,1956,MNL,72,38,34,0,0.528,38,34,4,3
NBA,1956,PHA,72,38,34,0,0.528,38,34,4,4
NBA,1956,NYK,72,37,35,0,0.514,37,35,2,5
NBA,1956,RCH,72,30,42,0,0.417,30,42,-12,6
NBA,1956,SYN,72,30,42,0,0.417,30,42,-12,7
NBA,1956,BOS,72,29,43,0,0.403,29,43,-14,8
NBA,1957,BOS,72,44,28,0,0.611,44,28,16,1
NBA,1957,CIN,72,42,30,0,0.583,42,30,12,2
NBA,1957,SYN,72,41,31,0,0.569,41,31,10,3
NBA,1957,PHA,72,37,35,0,0.514,37,35,2,4
NBA,1957,SLH,72,33,39,0,0.458,33,39,-6,5
NBA,1957,NYK,72,32,40,0,0.444,32,40,-8,6
NBA,1957,DET,72,30,42,0,0.417,30,42,-12,7
NBA,1957,MNL,72,29,43,0,0.403,29,43,-14,8
NBA,1958,MNL,72,41,31,0,0.569,41,31,10,1
NBA,1958,SLH,72,41,31,0,0.569,41,31,10,2
NBA,1958,PHA,72,39,33,0,0.542,39,33,6,3
NBA,1958,CIN,72,38,34,0,0.528,38,34,4,4
NBA,1958,BOS,72,35,37,0,0.486,35,37,-2,5
NBA,1958,DET,72,32,40,0,0.444,32,40,-8,6
NBA,1958,SYN,72,32,40,0,0.444,32,40,-8,7
NBA,1958,NYK,72,30,42,0,0.417,30,42,-12,8
NBA,1959,NYK,75,42,33,0,0.56,42,33,9,1
NBA,1959,SLH,75,42,33,0,0.56,42,33,9,2
NBA,1959,BOS,75,41,34,0,0.547,41,34,7,3
NBA,1959,MNL,75,39,36,0,0.52,39,36,3,4
NBA,1959,SYN,75,38,37,0,0.507,38,37,1,5
NBA,1959,PHA,75,37,38,0,0.493,37,38,-1,6
NBA,1959,CIN,75,33,42,0,0.44,33,42,-9,7
NBA,1959,DET,75,28,47,0,0.373,28,47,-19,8
NBA,1960,SYN,79,45,34,0,0.57,45,34,11,1
NBA,1960,BOS,79,41,38,0,0.519,41,38,3,2
NBA,1960,LAL,79,40,39,0,0.506,40,39,1,3
NBA,1960,NYK,79,39,40,0,0.494,39,40,-1,4
NBA,1960,PHA,79,39,40,0,0.494,39,40,-1,5
NBA,1960,SLH,79,39,40,0,0.494,39,40,-1,6
NBA,1960,DET,79,38,41,0,0.481,38,41,-3,7
NBA,1960,CIN,79,35,44,0,0.443,35,44,-9,8
NBA,1961,CHP,80,52,28,0,0.65,52,28,24,1
NBA,1961,PHA,80,46,34,0,0.575,46,34,12,2
NBA,1961,LAL,80,43,37,0,0.538,43,37,6,3
NBA,1961,DET,80,42,38,0,0.525,42,38,4,4
NBA,1961,CIN,80,39,41,0,0.488,39,41,-2,5
NBA,1961,SLH,80,36,44,0,0.45,36,44,-8,6
NBA,1961,SYN,80,36,44,0,0.45,36,44,-8,7
NBA,1961,NYK,80,34,46,0,0.425,34,46,-12,8
NBA,1961,BOS,80,32,48,0,0.4,32,48,-16,9
NBA,1962,BOS,80,49,31,0,0.612,49,31,18,1
NBA,1962,NYK,80,46,34,0,0.575,46,34,12,2
NBA,1962,CHZ,80,43,37,0,0.538,43,37,6,3
NBA,1962,DET,80,40,40,0,0.5,40,40,0,4
NBA,1962,SFW,80,39,41,0,0.488,39,41,-2,5
NBA,1962,SYN,80,37,43,0,0.462,37,43,-6,6
NBA,1962,SLH,80,36,44,0,0.45,36,44,-8,7
NBA,1962,CIN,80,35,45,0,0.438,35,45,-10,8
NBA,1962,LAL,80,35,45,0,0.438,35,45,-10,9
NBA,1963,LAL,80,48,32,0,0.6,48,32,16,1
NBA,1963,BAL,80,44,36,0,0.55,44,36,8,2
NBA,1963,CIN,80,44,36,0,0.55,44,36,8,3
NBA,1963,PHI,80,42,38,0,0.525,42,38,4,4
NBA,1963,SLH,80,38,42,0,0.475,38,42,-4,5
NBA,1963,SFW,80,37,43,0,0.462,37,43,-6,6
NBA,1963,BOS,80,36,44,0,0.45,36,44,-8,7
NBA,1963,DET,80,36,44,0,0.45,36,44,-8,8
NBA,1963,NYK,80,35,45,0,0.438,35,45,-10,9
NBA,1964,PHI,80,45,35,0,0.562,45,35,10,1
NBA,1964,NYK,80,43,37,0,0.538,43,37,6,2
NBA,1964,BOS,80,41,39,0,0.512,41,39,2,3
NBA,1964,LAL,80,41,39,0,0.512,41,39,2,4
NBA,1964,DET,80,40,40,0,0.5,40,40,0,5
NBA,1964,CIN,80,39,41,0,0.488,39,41,-2,6
NBA,1964,SLH,80,39,41,0,0.488,39,41,-2,7
NBA,1964,BAL,80,38,42,0,0.475,38,42,-4,8
NBA,1964,SFW,80,34,46,0,0.425,34,46,-12,9
NBA,1965,CIN,80,45,35,0,0.562,45,35,10,1
NBA,1965,BAL,80,44,36,0,0.55,44,36,8,2
NBA,1965,SFW,80,42,38,0,0.525,42,38,4,3
NBA,1965,LAL,80,41,39,0,0.512,41,39,2,4
NBA,1965,SLH,80,41,39,0,0.512,41,39,2,5
NBA,1965,PHI,80,39,41,0,0.488,39,41,-2,6
NBA,1965,BOS,80,37,43,0,0.462,37,43,-6,7
NBA,1965,DET,80,36,44,0,0.45,36,44,-8,8
NBA,1965,NYK,80,35,45,0,0.438,35,45,-10,9
NBA,1966,CHI,81,46,35,0,0.568,46,35,11,1
NBA,1966,SFW,81,44,37,0,0.543,44,37,7,2
NBA,1966,DET,81,43,38,0,0.531,43,38,5,3
NBA,1966,BAL,81,42,39,0,0.519,42,39,3,4
NBA,1966,SLH,81,40,41,0,0.494,40,41,-1,5
NBA,1966,CIN,81,39,42,0,0.481,39,42,-3,6
NBA,1966,NYK,81,39,42,0,0.481,39,42,-3,7
NBA,1966,BOS,81,38,43,0,0.469,38,43,-5,8
NBA,1966,PHI,81,38,43,0,0.469,38,43,-5,9
NBA,1966,LAL,81,36,45,0,0.444,36,45,-9,10
NBA,1967,CHI,82,50,32,0,0.61,50,32,18,1
NBA,1967,LAL,82,49,33,0,0.598,49,33,16,2
NBA,1967,SDR,82,46,36,0,0.561,46,36,10,3
NBA,1967,NYK,82,43,39,0,0.524,43,39,4,4
NBA,1967,BAL,82,41,41,0,0.5,41,41,0,5
NBA,1967,PHI,82,40,42,0,0.488,40,42,-2,6
NBA,1967,BOS,82,39,43,0,0.476,39,43,-4,7
NBA,1967,CIN,82,39,43,0,0.476,39,43,-4,8
NBA,1967,DET,82,39,43,0,0.476,39,43,-4,9
NBA,1967,SFW,82,37,45,0,0.451,37,45,-8,10
NBA,1967,SEA,82,36,46,0,0.439,36,46,-10,11
NBA,1967,SLH,82,33,49,0,0.402,33,49,-16,12
NBA,1968,NYK,82,48,34,0,0.585,48,34,14,1
NBA,1968,ATL,82,46,36,0,0.561,46,36,10,2
NBA,1968,DET,82,46,36,0,0.561,46,36,10,3
NBA,1968,LAL,82,43,39,0,0.524,43,39,4,4
NBA,1968,SDR,82,42,40,0,0.512,42,40,2,5
NBA,1968,CIN,82,40,42,0,0.488,40,42,-2,6
NBA,1968,PHI,82,40,42,0,0.488,40,42,-2,7
NBA,1968,SEA,82,40,42,0,0.488,40,42,-2,8
NBA,1968,SFW,82,40,42,0,0.488,40,42,-2,9
NBA,1968,BOS,82,39,43,0,0.476,39,43,-4,10
NBA,1968,CHI,82,39,43,0,0.476,39,43,-4,11
NBA,1968,PHX,82,39,43,0,0.476,39,43,-4,12
NBA,1968,MIL,82,37,45,0,0.451,37,45,-8,13
NBA,1968,BAL,82,35,47,0,0.427,35,47,-12,14
NBA,1969,NYK,82,46,36,0,0.561,46,36,10,1
NBA,1969,ATL,82,45,37,0,0.549,45,37,8,2
NBA,1969,PHX,82,44,38,0,0.537,44,38,6,3
NBA,1969,DET,82,43,39,0,0.524,43,39,4,4
NBA,1969,LAL,82,43,39,0,0.524,43,39,4,5
NBA,1969,BAL,82,42,40,0,0.512,42,40,2,6
NBA,1969,BOS,82,42,40,0,0.512,42,40,2,7
NBA,1969,SEA,82,41,41,0,0.5,41,41,0,8
NBA,1969,SDR,82,40,42,0,0.488,40,42,-2,9
NBA,1969,CHI,82,39,43,0,0.476,39,43,-4,10
NBA,1969,PHI,82,39,43,0,0.476,39,43,-4,11
NBA,1969,MIL,82,37,45,0,0.451,37,45,-8,12
NBA,1969,SFW,82,37,45,0,0.451,37,45,-8,13
NBA,1969,CIN,82,36,46,0,0.439,36,46,-10,14
NBA,1970,NYK,82,53,29,0,0.646,53,29,24,1
NBA,1970,SFW,82,48,34,0,0.585,48,34,14,2
NBA,1970,ATL,82,46,36,0,0.561,46,36,10,3
NBA,1970,BUF,82,43,39,0,0.524,43,39,4,4
NBA,1970,SDR,82,43,39,0,0.524,43,39,4,5
NBA,1970,BAL,82,42,40,0,0.512,42,40,2,6
NBA,1970,LAL,82,42,40,0,0.512,42,40,2,7
NBA,1970,MIL,82,42,40,0,0.512,42,40,2,8
NBA,1970,PHI,82,42,40,0,0.512,42,40,2,9
NBA,1970,BOS,82,41,41,0,0.5,41,41,0,10
NBA,1970,CLE,82,41,41,0,0.5,41,41,0,11
NBA,1970,DET,82,40,42,0,0.488,40,42,-2,12
NBA,1970,CHI,82,39,43,0,0.476,39,43,-4,13
NBA,1970,PHX,82,37,45,0,0.451,37,45,-8,14
NBA,1970,CIN,82,33,49,0,0.402,33,49,-16,15
NBA,1970,SEA,82,33,49,0,0.402,33,49,-16,16
NBA,1970,POR,82,32,50,0,0.39,32,50,-18,17
NBA,1971,DET,82,47,35,0,0.573,47,35,12,1
NBA,1971,SEA,82,47,35,0,0.573,47,35,12,2
NBA,1971,ATL,82,46,36,0,0.561,46,36,10,3
NBA,1971,CIN,82,43,39,0,0.524,43,39,4,4
NBA,1971,GSW,82,43,39,0,0.524,43,39,4,5
NBA,1971,POR,82,43,39,0,0.524,43,39,4,6
NBA,1971,BUF,82,42,40,0,0.512,42,40,2,7
NBA,1971,NYK,82,41,41,0,0.5,41,41,0,8
NBA,1971,PHX,82,41,41,0,0.5,41,41,0,9
NBA,1971,BOS,82,40,42,0,0.488,40,42,-2,10
NBA,1971,MIL,82,40,42,0,0.488,40,42,-2,11
NBA,1971,HOU,82,39,43,0,0.476,39,43,-4,12
NBA,1971,PHI,82,39,43,0,0.476,39,43,-4,13
NBA,1971,BAL,82,37,45,0,0.451,37,45,-8,14
NBA,1971,LAL,82,37,45,0,0.451,37,45,-8,15
NBA,1971,CHI,82,36,46,0,0.439,36,46,-10,16
NBA,1971,CLE,82,36,46,0,0.439,36,46,-10,17
NBA,1972,LAL,82,50,32,0,0.61,50,32,18,1
NBA,1972,KCO,82,47,35,0,0.573,47,35,12,2
NBA,1972,CHI,82,46,36,0,0.561,46,36,10,3
NBA,1972,POR,82,45,37,0,0.549,45,37,8,4
NBA,1972,ATL,82,44,38,0,0.537,44,38,6,5
NBA,1972,CLE,82,44,38,0,0.537,44,38,6,6
NBA,1972,SEA,82,44,38,0,0.537,44,38,6,7
NBA,1972,PHX,82,43,39,0,0.524,43,39,4,8
NBA,1972,BUF,82,42,40,0,0.512,42,40,2,9
NBA,1972,DET,82,41,41,0,0.5,41,41,0,10
NBA,1972,HOU,82,39,43,0,0.476,39,43,-4,11
NBA,1972,PHI,82,39,43,0,0.476,39,43,-4,12
NBA,1972,BOS,82,37,45,0,0.451,37,45,-8,13
NBA,1972,MIL,82,37,45,0,0.451,37,45,-8,14
NBA,1972,NYK,82,36,46,0,0.439,36,46,-10,15
NBA,1972,GSW,82,32,50,0,0.39,32,50,-18,16
NBA,1972,BAL,82,31,51,0,0.378,31,51,-20,17
NBA,1973,ATL,82,50,32,0,0.61,50,32,18,1
NBA,1973,NYK,82,47,35,0,0.573,47,35,12,2
NBA,1973,CAP,82,45,37,0,0.549,45,37,8,3
NBA,1973,KCO,82,44,38,0,0.537,44,38,6,4
NBA,1973,DET,82,43,39,0,0.524,43,39,4,5
NBA,1973,CLE,82,42,40,0,0.512,42,40,2,6
NBA,1973,LAL,82,42,40,0,0.512,42,40,2,7
NBA,1973,PHI,82,42,40,0,0.512,42,40,2,8
NBA,1973,MIL,82,41,41,0,0.5,41,41,0,9
NBA,1973,POR,82,41,41,0,0.5,41,41,0,10
NBA,1973,BOS,82,40,42,0,0.488,40,42,-2,11
NBA,1973,CHI,82,40,42,0,0.488,40,42,-2,12
NBA,1973,PHX,82,40,42,0,0.488,40,42,-2,13
NBA,1973,HOU,82,38,44,0,0.463,38,44,-6,14
NBA,1973,GSW,82,36,46,0,0.439,36,46,-10,15
NBA,1973,SEA,82,36,46,0,0.439,36,46,-10,16
NBA,1973,BUF,82,30,52,0,0.366,30,52,-22,17
NBA,1974,LAL,82,49,33,0,0.598,49,33,16,1
NBA,1974,CHI,82,47,35,0,0.573,47,35,12,2
NBA,1974,NYK,82,46,36,0,0.561,46,36,10,3
NBA,1974,ATL,82,45,37,0,0.549,45,37,8,4
NBA,1974,GSW,82,44,38,0,0.537,44,38,6,5
NBA,1974,BUF,82,43,39,0,0.524,43,39,4,6
NBA,1974,KCO,82,43,39,0,0.524,43,39,4,7
NBA,1974,MIL,82,43,39,0,0.524,43,39,4,8
NBA,1974,BOS,82,41,41,0,0.5,41,41,0,9
NBA,1974,WAS,82,41,41,0,0.5,41,41,0,10
NBA,1974,SEA,82,40,42,0,0.488,40,42,-2,11
NBA,1974,HOU,82,39,43,0,0.476,39,43,-4,12
NBA,1974,NOJ,82,39,43,0,0.476,39,43,-4,13
NBA,1974,PHI,82,39,43,0,0.476,39,43,-4,14
NBA,1974,PHX,82,37,45,0,0.451,37,45,-8,15
NBA,1974,POR,82,37,45,0,0.451,37,45,-8,16
NBA,1974,DET,82,34,48,0,0.415,34,48,-14,17
NBA,1974,CLE,82,31,51,0,0.378,31,51,-20,18
NBA,1975,SEA,82,48,34,0,0.585,48,34,14,1
NBA,1975,HOU,82,47,35,0,0.573,47,35,12,2
NBA,1975,MIL,82,46,36,0,0.561,46,36,10,3
NBA,1975,NOJ,82,46,36,0,0.561,46,36,10,4
NBA,1975,GSW,82,45,37,0,0.549,45,37,8,5
NBA,1975,BOS,82,44,38,0,0.537,44,38,6,6
NBA,1975,CLE,82,43,39,0,0.524,43,39,4,7
NBA,1975,POR,82,43,39,0,0.524,43,39,4,8
NBA,1975,NYK,82,41,41,0,0.5,41,41,0,9
NBA,1975,KCK,82,40,42,0,0.488,40,42,-2,10
NBA,1975,PHI,82,40,42,0,0.488,40,42,-2,11
NBA,1975,PHX,82,39,43,0,0.476,39,43,-4,12
NBA,1975,BUF,82,38,44,0,0.463,38,44,-6,13
NBA,1975,DET,82,38,44,0,0.463,38,44,-6,14
NBA,1975,WAS,82,38,44,0,0.463,38,44,-6,15
NBA,1975,ATL,82,35,47,0,0.427,35,47,-12,16
NBA,1975,LAL,82,34,48,0,0.415,34,48,-14,17
NBA,1975,CHI,82,33,49,0,0.402,33,49,-16,18
NBA,1976,HOU,82,50,32,0,0.61,50,32,18,1
NBA,1976,PHI,82,48,34,0,0.585,48,34,14,2
NBA,1976,NYN,82,47,35,0,0.573,47,35,12,3
NBA,1976,IND,82,45,37,0,0.549,45,37,8,4
NBA,1976,MIL,82,45,37,0,0.549,45,37,8,5
NBA,1976,ATL,82,44,38,0,0.537,44,38,6,6
NBA,1976,CLE,82,43,39,0,0.524,43,39,4,7
NBA,1976,SAS,82,43,39,0,0.524,43,39,4,8
NBA,1976,WAS,82,43,39,0,0.524,43,39,4,9
NBA,1976,NOJ,82,42,40,0,0.512,42,40,2,10
NBA,1976,PHX,82,42,40,0,0.512,42,40,2,11
NBA,1976,BOS,82,41,41,0,0.5,41,41,0,12
NBA,1976,DET,82,40,42,0,0.488,40,42,-2,13
NBA,1976,POR,82,40,42,0,0.488,40,42,-2,14
NBA,1976,BUF,82,39,43,0,0.476,39,43,-4,15
NBA,1976,DEN,82,38,44,0,0.463,38,44,-6,16
NBA,1976,KCK,82,38,44,0,0.463,38,44,-6,17
NBA,1976,GSW,82,36,46,0,0.439,36,46,-10,18
NBA,1976,SEA,82,36,46,0,0.439,36,46,-10,19
NBA,1976,NYK,82,35,47,0,0.427,35,47,-12,20
NBA,1976,LAL,82,34,48,0,0.415,34,48,-14,21
NBA,1976,CHI,82,33,49,0,0.402,33,49,-16,22
NBA,1977,LAL,82,54,28,0,0.659,54,28,26,1
NBA,1977,BOS,82,53,29,0,0.646,53,29,24,2
NBA,1977,PHI,82,47,35,0,0.573,47,35,12,3
NBA,1977,SAS,82,46,36,0,0.561,46,36,10,4
NBA,1977,BUF,82,45,37,0,0.549,45,37,8,5
NBA,1977,NOJ,82,44,38,0,0.537,44,38,6,6
NBA,1977,ATL,82,43,39,0,0.524,43,39,4,7
NBA,1977,PHX,82,43,39,0,0.524,43,39,4,8
NBA,1977,GSW,82,42,40,0,0.512,42,40,2,9
NBA,1977,HOU,82,42,40,0,0.512,42,40,2,10
NBA,1977,POR,82,42,40,0,0.512,42,40,2,11
NBA,1977,WAS,82,42,40,0,0.512,42,40,2,12
NBA,1977,CHI,82,41,41,0,0.5,41,41,0,13
NBA,1977,CLE,82,41,41,0,0.5,41,41,0,14
NBA,1977,NYK,82,39,43,0,0.476,39,43,-4,15
NBA,1977,SEA,82,38,44,0,0.463,38,44,-6,16
NBA,1977,NJN,82,36,46,0,0.439,36,46,-10,17
NBA,1977,DEN,82,34,48,0,0.415,34,48,-14,18
NBA,1977,IND,82,34,48,0,0.415,34,48,-14,19
NBA,1977,MIL,82,34,48,0,0.415,34,48,-14,20
NBA,1977,DET,82,33,49,0,0.402,33,49,-16,21
NBA,1977,KCK,82,29,53,0,0.354,29,53,-24,22
NBA,1978,PHX,82,51,31,0,0.622,51,31,20,1
NBA,1978,SEA,82,51,31,0,0.622,51,31,20,2
NBA,1978,HOU,82,50,32,0,0.61,50,32,18,3
NBA,1978,IND,82,48,34,0,0.585,48,34,14,4
NBA,1978,DET,82,43,39,0,0.524,43,39,4,5
NBA,1978,KCK,82,43,39,0,0.524,43,39,4,6
NBA,1978,MIL,82,42,40,0,0.512,42,40,2,7
NBA,1978,CLE,82,41,41,0,0.5,41,41,0,8
NBA,1978,LAL,82,41,41,0,0.5,41,41,0,9
NBA,1978,PHI,82,41,41,0,0.5,41,41,0,10
NBA,1978,SAS,82,41,41,0,0.5,41,41,0,11
NBA,1978,ATL,82,40,42,0,0.488,40,42,-2,12
NBA,1978,BOS,82,40,42,0,0.488,40,42,-2,13
NBA,1978,NOJ,82,40,42,0,0.488,40,42,-2,14
NBA,1978,GSW,82,39,43,0,0.476,39,43,-4,15
NBA,1978,NYK,82,39,43,0,0.476,39,43,-4,16
NBA,1978,WAS,82,39,43,0,0.476,39,43,-4,17
NBA,1978,POR,82,38,44,0,0.463,38,44,-6,18
NBA,1978,SDC,82,38,44,0,0.463,38,44,-6,19
NBA,1978,NJN,82,35,47,0,0.427,35,47,-12,20
NBA,1978,DEN,82,34,48,0,0.415,34,48,-14,21
NBA,1978,CHI,82,28,54,0,0.341,28,54,-26,22
NBA,1979,NYK,82,50,32,0,0.61,50,32,18,1
NBA,1979,PHX,82,48,34,0,0.585,48,34,14,2
NBA,1979,WAS,82,48,34,0,0.585,48,34,14,3
NBA,1979,IND,82,47,35,0,0.573,47,35,12,4
NBA,1979,CHI,82,45,37,0,0.549,45,37,8,5
NBA,1979,DEN,82,45,37,0,0.549,45,37,8,6
NBA,1979,BOS,82,43,39,0,0.524,43,39,4,7
NBA,1979,CLE,82,43,39,0,0.524,43,39,4,8
NBA,1979,ATL,82,42,40,0,0.512,42,40,2,9
NBA,1979,SEA,82,42,40,0,0.512,42,40,2,10
NBA,1979,MIL,82,41,41,0,0.5,41,41,0,11
NBA,1979,SAS,82,41,41,0,0.5,41,41,0,12
NBA,1979,DET,82,39,43,0,0.476,39,43,-4,13
NBA,1979,KCK,82,39,43,0,0.476,39,43,-4,14
NBA,1979,SDC,82,39,43,0,0.476,39,43,-4,15
NBA,1979,GSW,82,38,44,0,0.463,38,44,-6,16
NBA,1979,POR,82,38,44,0,0.463,38,44,-6,17
NBA,1979,UTA,82,37,45,0,0.451,37,45,-8,18
NBA,1979,PHI,82,36,46,0,0.439,36,46,-10,19
NBA,1979,LAL,82,35,47,0,0.427,35,47,-12,20
NBA,1979,HOU,82,33,49,0,0.402,33,49,-16,21
NBA,1979,NJN,82,33,49,0,0.402,33,49,-16,22
NBA,1980,DAL,82,53,29,0,0.646,53,29,24,1
NBA,1980,DEN,82,48,34,0,0.585,48,34,14,2
NBA,1980,NJN,82,48,34,0,0.585,48,34,14,3
NBA,1980,WAS,82,48,34,0,0.585,48,34,14,4
NBA,1980,DET,82,45,37,0,0.549,45,37,8,5
NBA,1980,CHI,82,44,38,0,0.537,44,38,6,6
NBA,1980,CLE,82,44,38,0,0.537,44,38,6,7
NBA,1980,ATL,82,43,39,0,0.524,43,39,4,8
NBA,1980,KCK,82,43,39,0,0.524,43,39,4,9
NBA,1980,PHI,82,43,39,0,0.524,43,39,4,10
NBA,1980,PHX,82,43,39,0,0.524,43,39,4,11
NBA,1980,HOU,82,42,40,0,0.512,42,40,2,12
NBA,1980,BOS,82,39,43,0,0.476,39,43,-4,13
NBA,1980,GSW,82,39,43,0,0.476,39,43,-4,14
NBA,1980,MIL,82,39,43,0,0.476,39,43,-4,15
NBA,1980,POR,82,38,44,0,0.463,38,44,-6,16
NBA,1980,NYK,82,37,45,0,0.451,37,45,-8,17
NBA,1980,LAL,82,36,46,0,0.439,36,46,-10,18
NBA,1980,IND,82,35,47,0,0.427,35,47,-12,19
NBA,1980,SDC,82,35,47,0,0.427,35,47,-12,20
NBA,1980,SAS,82,34,48,0,0.415,34,48,-14,21
NBA,1980,SEA,82,34,48,0,0.415,34,48,-14,22
NBA,1980,UTA,82,33,49,0,0.402,33,49,-16,23
NBA,1981,BOS,82,46,36,0,0.561,46,36,10,1
NBA,1981,LAL,82,45,37,0,0.549,45,37,8,2
NBA,1981,PHI,82,45,37,0,0.549,45,37,8,3
NBA,1981,PHX,82,45,37,0,0.549,45,37,8,4
NBA,1981,POR,82,45,37,0,0.549,45,37,8,5
NBA,1981,CLE,82,44,38,0,0.537,44,38,6,6
NBA,1981,GSW,82,44,38,0,0.537,44,38,6,7
NBA,1981,HOU,82,43,39,0,0.524,43,39,4,8
NBA,1981,NYK,82,43,39,0,0.524,43,39,4,9
NBA,1981,SDC,82,43,39,0,0.524,43,39,4,10
NBA,1981,NJN,82,42,40,0,0.512,42,40,2,11
NBA,1981,CHI,82,41,41,0,0.5,41,41,0,12
NBA,1981,DEN,82,41,41,0,0.5,41,41,0,13
NBA,1981,DET,82,41,41,0,0.5,41,41,0,14
NBA,1981,SEA,82,40,42,0,0.488,40,42,-2,15
NBA,1981,KCK,82,38,44,0,0.463,38,44,-6,16
NBA,1981,MIL,82,38,44,0,0.463,38,44,-6,17
NBA,1981,SAS,82,38,44,0,0.463,38,44,-6,18
NBA,1981,ATL,82,37,45,0,0.451,37,45,-8,19
NBA,1981,DAL,82,37,45,0,0.451,37,45,-8,20
NBA,1981,UTA,82,37,45,0,0.451,37,45,-8,21
NBA,1981,IND,82,35,47,0,0.427,35,47,-12,22
NBA,1981,WAS,82,35,47,0,0.427,35,47,-12,23
NBA,1982,SEA,82,50,32,0,0.61,50,32,18,1
NBA,1982,PHX,82,48,34,0,0.585,48,34,14,2
NBA,1982,POR,82,47,35,0,0.573,47,35,12,3
NBA,1982,ATL,82,46,36,0,0.561,46,36,10,4
NBA,1982,DET,82,45,37,0,0.549,45,37,8,5
NBA,1982,PHI,82,45,37,0,0.549,45,37,8,6
NBA,1982,DAL,82,44,38,0,0.537,44,38,6,7
NBA,1982,GSW,82,44,38,0,0.537,44,38,6,8
NBA,1982,KCK,82,42,40,0,0.512,42,40,2,9
NBA,1982,CHI,82,41,41,0,0.5,41,41,0,10
NBA,1982,NJN,82,41,41,0,0.5,41,41,0,11
NBA,1982,MIL,82,40,42,0,0.488,40,42,-2,12
NBA,1982,NYK,82,40,42,0,0.488,40,42,-2,13
NBA,1982,WAS,82,40,42,0,0.488,40,42,-2,14
NBA,1982,BOS,82,39,43,0,0.476,39,43,-4,15
NBA,1982,HOU,82,39,43,0,0.476,39,43,-4,16
NBA,1982,CLE,82,37,45,0,0.451,37,45,-8,17
NBA,1982,DEN,82,37,45,0,0.451,37,45,-8,18
NBA,1982,IND,82,37,45,0,0.451,37,45,-8,19
NBA,1982,SDC,82,37,45,0,0.451,37,45,-8,20
NBA,1982,UTA,82,37,45,0,0.451,37,45,-8,21
NBA,1982,SAS,82,34,48,0,0.415,34,48,-14,22
NBA,1982,LAL,82,33,49,0,0.402,33,49,-16,23
NBA,1983,GSW,82,50,32,0,0.61,50,32,18,1
NBA,1983,LAL,82,48,34,0,0.585,48,34,14,2
NBA,1983,SDC,82,48,34,0,0.585,48,34,14,3
NBA,1983,CLE,82,46,36,0,0.561,46,36,10,4
NBA,1983,DEN,82,43,39,0,0.524,43,39,4,5
NBA,1983,HOU,82,43,39,0,0.524,43,39,4,6
NBA,1983,MIL,82,43,39,0,0.524,43,39,4,7
NBA,1983,DAL,82,42,40,0,0.512,42,40,2,8
NBA,1983,DET,82,42,40,0,0.512,42,40,2,9
NBA,1983,WAS,82,42,40,0,0.512,42,40,2,10
NBA,1983,CHI,82,41,41,0,0.5,41,41,0,11
NBA,1983,KCK,82,41,41,0,0.5,41,41,0,12
NBA,1983,SEA,82,41,41,0,0.5,41,41,0,13
NBA,1983,UTA,82,41,41,0,0.5,41,41,0,14
NBA,1983,POR,82,40,42,0,0.488,40,42,-2,15
NBA,1983,PHX,82,39,43,0,0.476,39,43,-4,16
NBA,1983,BOS,82,38,44,0,0.463,38,44,-6,17
NBA,1983,ATL,82,37,45,0,0.451,37,45,-8,18
NBA,1983,IND,82,36,46,0,0.439,36,46,-10,19
NBA,1983,NYK,82,36,46,0,0.439,36,46,-10,20
NBA,1983,PHI,82,36,46,0,0.439,36,46,-10,21
NBA,1983,NJN,82,35,47,0,0.427,35,47,-12,22
NBA,1983,SAS,82,35,47,0,0.427,35,47,-12,23
NBA,1984,CHI,82,53,29,0,0.646,53,29,24,1
NBA,1984,NYK,82,47,35,0,0.573,47,35,12,2
NBA,1984,BOS,82,46,36,0,0.561,46,36,10,3
NBA,1984,DEN,82,45,37,0,0.549,45,37,8,4
NBA,1984,POR,82,44,38,0,0.537,44,38,6,5
NBA,1984,LAC,82,43,39,0,0.524,43,39,4,6
NBA,1984,LAL,82,43,39,0,0.524,43,39,4,7
NBA,1984,DAL,82,42,40,0,0.512,42,40,2,8
NBA,1984,KCK,82,42,40,0,0.512,42,40,2,9
NBA,1984,SAS,82,42,40,0,0.512,42,40,2,10
NBA,1984,WAS,82,42,40,0,0.512,42,40,2,11
NBA,1984,DET,82,41,41,0,0.5,41,41,0,12
NBA,1984,HOU,82,41,41,0,0.5,41,41,0,13
NBA,1984,PHI,82,41,41,0,0.5,41,41,0,14
NBA,1984,CLE,82,39,43,0,0.476,39,43,-4,15
NBA,1984,PHX,82,39,43,0,0.476,39,43,-4,16
NBA,1984,ATL,82,38,44,0,0.463,38,44,-6,17
NBA,1984,NJN,82,38,44,0,0.463,38,44,-6,18
NBA,1984,IND,82,37,45,0,0.451,37,45,-8,19
NBA,1984,UTA,82,37,45,0,0.451,37,45,-8,20
NBA,1984,MIL,82,36,46,0,0.439,36,46,-10,21
NBA,1984,GSW,82,34,48,0,0.415,34,48,-14,22
NBA,1984,SEA,82,33,49,0,0.402,33,49,-16,23
NBA,1985,LAC,82,49,33,0,0.598,49,33,16,1
NBA,1985,MIL,82,47,35,0,0.573,47,35,12,2
NBA,1985,WAS,82,47,35,0,0.573,47,35,12,3
NBA,1985,NYK,82,45,37,0,0.549,45,37,8,4
NBA,1985,LAL,82,44,38,0,0.537,44,38,6,5
NBA,1985,HOU,82,43,39,0,0.524,43,39,4,6
NBA,1985,IND,82,43,39,0,0.524,43,39,4,7
NBA,1985,NJN,82,43,39,0,0.524,43,39,4,8
NBA,1985,SAS,82,43,39,0,0.524,43,39,4,9
NBA,1985,GSW,82,42,40,0,0.512,42,40,2,10
NBA,1985,BOS,82,41,41,0,0.5,41,41,0,11
NBA,1985,PHI,82,41,41,0,0.5,41,41,0,12
NBA,1985,DAL,82,40,42,0,0.488,40,42,-2,13
NBA,1985,DEN,82,40,42,0,0.488,40,42,-2,14
NBA,1985,DET,82,40,42,0,0.488,40,42,-2,15
NBA,1985,PHX,82,39,43,0,0.476,39,43,-4,16
NBA,1985,UTA,82,39,43,0,0.476,39,43,-4,17
NBA,1985,CLE,82,38,44,0,0.463,38,44,-6,18
NBA,1985,POR,82,38,44,0,0.463,38,44,-6,19
NBA,1985,SEA,82,38,44,0,0.463,38,44,-6,20
NBA,1985,SAC,82,36,46,0,0.439,36,46,-10,21
NBA,1985,ATL,82,35,47,0,0.427,35,47,-12,22
NBA,1985,CHI,82,32,50,0,0.39,32,50,-18,23
NBA,1986,SAC,82,49,33,0,0.598,49,33,16,1
NBA,1986,NYK,82,48,34,0,0.585,48,34,14,2
NBA,1986,HOU,82,47,35,0,0.573,47,35,12,3
NBA,1986,NJN,82,47,35,0,0.573,47,35,12,4
NBA,1986,SEA,82,47,35,0,0.573,47,35,12,5
NBA,1986,IND,82,46,36,0,0.561,46,36,10,6
NBA,1986,WAS,82,45,37,0,0.549,45,37,8,7
NBA,1986,BOS,82,44,38,0,0.537,44,38,6,8
NBA,1986,CHI,82,44,38,0,0.537,44,38,6,9
NBA,1986,LAL,82,43,39,0,0.524,43,39,4,10
NBA,1986,CLE,82,42,40,0,0.512,42,40,2,11
NBA,1986,PHX,82,42,40,0,0.512,42,40,2,12
NBA,1986,LAC,82,40,42,0,0.488,40,42,-2,13
NBA,1986,POR,82,40,42,0,0.488,40,42,-2,14
NBA,1986,UTA,82,39,43,0,0.476,39,43,-4,15
NBA,1986,ATL,82,38,44,0,0.463,38,44,-6,16
NBA,1986,PHI,82,38,44,0,0.463,38,44,-6,17
NBA,1986,DET,82,37,45,0,0.451,37,45,-8,18
NBA,1986,DAL,82,35,47,0,0.427,35,47,-12,19
NBA,1986,DEN,82,34,48,0,0.415,34,48,-14,20
NBA,1986,GSW,82,33,49,0,0.402,33,49,-16,21
NBA,1986,MIL,82,33,49,0,0.402,33,49,-16,22
NBA,1986,SAS,82,32,50,0,0.39,32,50,-18,23
NBA,1987,PHI,82,48,34,0,0.585,48,34,14,1
NBA,1987,HOU,82,46,36,0,0.561,46,36,10,2
NBA,1987,MIL,82,45,37,0,0.549,45,37,8,3
NBA,1987,SEA,82,45,37,0,0.549,45,37,8,4
NBA,1987,LAL,82,44,38,0,0.537,44,38,6,5
NBA,1987,BOS,82,43,39,0,0.524,43,39,4,6
NBA,1987,GSW,82,43,39,0,0.524,43,39,4,7
NBA,1987,NYK,82,43,39,0,0.524,43,39,4,8
NBA,1987,WAS,82,43,39,0,0.524,43,39,4,9
NBA,1987,CLE,82,42,40,0,0.512,42,40,2,10
NBA,1987,IND,82,42,40,0,0.512,42,40,2,11
NBA,1987,PHX,82,42,40,0,0.512,42,40,2,12
NBA,1987,SAS,82,42,40,0,0.512,42,40,2,13
NBA,1987,CHI,82,41,41,0,0.5,41,41,0,14
NBA,1987,DET,82,41,41,0,0.5,41,41,0,15
NBA,1987,LAC,82,40,42,0,0.488,40,42,-2,16
NBA,1987,ATL,82,38,44,0,0.463,38,44,-6,17
NBA,1987,DAL,82,38,44,0,0.463,38,44,-6,18
NBA,1987,POR,82,38,44,0,0.463,38,44,-6,19
NBA,1987,DEN,82,37,45,0,0.451,37,45,-8,20
NBA,1987,UTA,82,37,45,0,0.451,37,45,-8,21
NBA,1987,NJN,82,33,49,0,0.402,33,49,-16,22
NBA,1987,SAC,82,32,50,0,0.39,32,50,-18,23
NBA,1988,DET,82,50,32,0,0.61,50,32,18,1
NBA,1988,PHX,82,47,35,0,0.573,47,35,12,2
NBA,1988,SEA,82,47,35,0,0.573,47,35,12,3
NBA,1988,CHI,82,46,36,0,0.561,46,36,10,4
NBA,1988,CLE,82,46,36,0,0.561,46,36,10,5
NBA,1988,MIA,82,46,36,0,0.561,46,36,10,6
NBA,1988,WAS,82,46,36,0,0.561,46,36,10,7
NBA,1988,HOU,82,44,38,0,0.537,44,38,6,8
NBA,1988,GSW,82,42,40,0,0.512,42,40,2,9
NBA,1988,SAC,82,42,40,0,0.512,42,40,2,10
NBA,1988,ATL,82,41,41,0,0.5,41,41,0,11
NBA,1988,CHA,82,41,41,0,0.5,41,41,0,12
NBA,1988,BOS,82,40,42,0,0.488,40,42,-2,13
NBA,1988,DEN,82,40,42,0,0.488,40,42,-2,14
NBA,1988,SAS,82,39,43,0,0.476,39,43,-4,15
NBA,1988,IND,82,38,44,0,0.463,38,44,-6,16
NBA,1988,LAL,82,38,44,0,0.463,38,44,-6,17
NBA,1988,POR,82,38,44,0,0.463,38,44,-6,18
NBA,1988,DAL,82,37,45,0,0.451,37,45,-8,19
NBA,1988,LAC,82,37,45,0,0.451,37,45,-8,20
NBA,1988,NJN,82,37,45,0,0.451,37,45,-8,21
NBA,1988,PHI,82,37,45,0,0.451,37,45,-8,22
NBA,1988,MIL,82,36,46,0,0.439,36,46,-10,23
NBA,1988,UTA,82,36,46,0,0.439,36,46,-10,24
NBA,1988,NYK,82,34,48,0,0.415,34,48,-14,25
NBA,1989,MIA,82,51,31,0,0.622,51,31,20,1
NBA,1989,NJN,82,51,31,0,0.622,51,31,20,2
NBA,1989,MIL,82,46,36,0,0.561,46,36,10,3
NBA,1989,MIN,82,46,36,0,0.561,46,36,10,4
NBA,1989,POR,82,46,36,0,0.561,46,36,10,5
NBA,1989,SEA,82,46,36,0,0.561,46,36,10,6
NBA,1989,SAC,82,45,37,0,0.549,45,37,8,7
NBA,1989,CHA,82,44,38,0,0.537,44,38,6,8
NBA,1989,CLE,82,44,38,0,0.537,44,38,6,9
NBA,1989,IND,82,44,38,0,0.537,44,38,6,10
NBA,1989,NYK,82,42,40,0,0.512,42,40,2,11
NBA,1989,ATL,82,41,41,0,0.5,41,41,0,12
NBA,1989,CHI,82,41,41,0,0.5,41,41,0,13
NBA,1989,LAL,82,41,41,0,0.5,41,41,0,14
NBA,1989,WAS,82,41,41,0,0.5,41,41,0,15
NBA,1989,PHI,82,40,42,0,0.488,40,42,-2,16
NBA,1989,DAL,82,39,43,0,0.476,39,43,-4,17
NBA,1989,LAC,82,38,44,0,0.463,38,44,-6,18
NBA,1989,SAS,82,38,44,0,0.463,38,44,-6,19
NBA,1989,BOS,82,37,45,0,0.451,37,45,-8,20
NBA,1989,DEN,82,37,45,0,0.451,37,45,-8,21
NBA,1989,DET,82,37,45,0,0.451,37,45,-8,22
NBA,1989,PHX,82,37,45,0,0.451,37,45,-8,23
NBA,1989,ORL,82,35,47,0,0.427,35,47,-12,24
NBA,1989,HOU,82,34,48,0,0.415,34,48,-14,25
NBA,1989,GSW,82,33,49,0,0.402,33,49,-16,26
NBA,1989,UTA,82,33,49,0,0.402,33,49,-16,27
NBA,1990,CHA,82,51,31,0,0.622,51,31,20,1
NBA,1990,LAL,82,48,34,0,0.585,48,34,14,2
NBA,1990,MIL,82,45,37,0,0.549,45,37,8,3
NBA,1990,PHI,82,45,37,0,0.549,45,37,8,4
NBA,1990,GSW,82,44,38,0,0.537,44,38,6,5
NBA,1990,MIN,82,44,38,0,0.537,44,38,6,6
NBA,1990,NYK,82,44,38,0,0.537,44,38,6,7
NBA,1990,CHI,82,43,39,0,0.524,43,39,4,8
NBA,1990,SAC,82,43,39,0,0.524,43,39,4,9
NBA,1990,BOS,82,42,40,0,0.512,42,40,2,10
NBA,1990,SAS,82,42,40,0,0.512,42,40,2,11
NBA,1990,WAS,82,42,40,0,0.512,42,40,2,12
NBA,1990,UTA,82,41,41,0,0.5,41,41,0,13
NBA,1990,ATL,82,40,42,0,0.488,40,42,-2,14
NBA,1990,DAL,82,40,42,0,0.488,40,42,-2,15
NBA,1990,DEN,82,40,42,0,0.488,40,42,-2,16
NBA,1990,IND,82,40,42,0,0.488,40,42,-2,17
NBA,1990,LAC,82,40,42,0,0.488,40,42,-2,18
NBA,1990,NJN,82,40,42,0,0.488,40,42,-2,19
NBA,1990,POR,82,40,42,0,0.488,40,42,-2,20
NBA,1990,CLE,82,39,43,0,0.476,39,43,-4,21
NBA,1990,SEA,82,38,44,0,0.463,38,44,-6,22
NBA,1990,DET,82,37,45,0,0.451,37,45,-8,23
NBA,1990,MIA,82,37,45,0,0.451,37,45,-8,24
NBA,1990,HOU,82,36,46,0,0.439,36,46,-10,25
NBA,1990,PHX,82,35,47,0,0.427,35,47,-12,26
NBA,1990,ORL,82,31,51,0,0.378,31,51,-20,27
NBA,1991,ATL,82,47,35,0,0.573,47,35,12,1
NBA,1991,BOS,82,46,36,0,0.561,46,36,10,2
NBA,1991,DEN,82,46,36,0,0.561,46,36,10,3
NBA,1991,LAL,82,45,37,0,0.549,45,37,8,4
NBA,1991,MIN,82,45,37,0,0.549,45,37,8,5
NBA,1991,DAL,82,44,38,0,0.537,44,38,6,6
NBA,1991,SAC,82,43,39,0,0.524,43,39,4,7
NBA,1991,CHI,82,42,40,0,0.512,42,40,2,8
NBA,1991,DET,82,42,40,0,0.512,42,40,2,9
NBA,1991,IND,82,42,40,0,0.512,42,40,2,10
NBA,1991,MIA,82,42,40,0,0.512,42,40,2,11
NBA,1991,HOU,82,41,41,0,0.5,41,41,0,12
NBA,1991,NYK,82,41,41,0,0.5,41,41,0,13
NBA,1991,PHX,82,41,41,0,0.5,41,41,0,14
NBA,1991,LAC,82,40,42,0,0.488,40,42,-2,15
NBA,1991,MIL,82,40,42,0,0.488,40,42,-2,16
NBA,1991,PHI,82,40,42,0,0.488,40,42,-2,17
NBA,1991,SAS,82,40,42,0,0.488,40,42,-2,18
NBA,1991,GSW,82,39,43,0,0.476,39,43,-4,19
NBA,1991,ORL,82,39,43,0,0.476,39,43,-4,20
NBA,1991,POR,82,39,43,0,0.476,39,43,-4,21
NBA,1991,SEA,82,39,43,0,0.476,39,43,-4,22
NBA,1991,WAS,82,39,43,0,0.476,39,43,-4,23
NBA,1991,CLE,82,37,45,0,0.451,37,45,-8,24
NBA,1991,NJN,82,37,45,0,0.451,37,45,-8,25
NBA,1991,CHA,82,36,46,0,0.439,36,46,-10,26
NBA,1991,UTA,82,35,47,0,0.427,35,47,-12,27
NBA,1992,NJN,82,54,28,0,0.659,54,28,26,1
NBA,1992,MIA,82,49,33,0,0.598,49,33,16,2
NBA,1992,MIL,82,49,33,0,0.598,49,33,16,3
NBA,1992,CLE,82,47,35,0,0.573,47,35,12,4
NBA,1992,DET,82,47,35,0,0.573,47,35,12,5
NBA,1992,DEN,82,45,37,0,0.549,45,37,8,6
NBA,1992,HOU,82,44,38,0,0.537,44,38,6,7
NBA,1992,PHI,82,44,38,0,0.537,44,38,6,8
NBA,1992,POR,82,44,38,0,0.537,44,38,6,9
NBA,1992,SEA,82,43,39,0,0.524,43,39,4,10
NBA,1992,GSW,82,42,40,0,0.512,42,40,2,11
NBA,1992,PHX,82,42,40,0,0.512,42,40,2,12
NBA,1992,LAC,82,40,42,0,0.488,40,42,-2,13
NBA,1992,ORL,82,40,42,0,0.488,40,42,-2,14
NBA,1992,WAS,82,40,42,0,0.488,40,42,-2,15
NBA,1992,BOS,82,39,43,0,0.476,39,43,-4,16
NBA,1992,CHI,82,39,43,0,0.476,39,43,-4,17
NBA,1992,IND,82,39,43,0,0.476,39,43,-4,18
NBA,1992,NYK,82,39,43,0,0.476,39,43,-4,19
NBA,1992,SAS,82,39,43,0,0.476,39,43,-4,20
NBA,1992,UTA,82,39,43,0,0.476,39,43,-4,21
NBA,1992,DAL,82,38,44,0,0.463,38,44,-6,22
NBA,1992,LAL,82,38,44,0,0.463,38,44,-6,23
NBA,1992,MIN,82,37,45,0,0.451,37,45,-8,24
NBA,1992,CHA,82,35,47,0,0.427,35,47,-12,25
NBA,1992,ATL,82,31,51,0,0.378,31,51,-20,26
NBA,1992,SAC,82,24,58,0,0.293,24,58,-34,27
NBA,1993,PHI,82,50,32,0,0.61,50,32,18,1
NBA,1993,MIA,82,48,34,0,0.585,48,34,14,2
NBA,1993,LAC,82,47,35,0,0.573,47,35,12,3
NBA,1993,ATL,82,45,37,0,0.549,45,37,8,4
NBA,1993,CLE,82,44,38,0,0.537,44,38,6,5
NBA,1993,NYK,82,44,38,0,0.537,44,38,6,6
NBA,1993,SAC,82,44,38,0,0.537,44,38,6,7
NBA,1993,GSW,82,43,39,0,0.524,43,39,4,8
NBA,1993,HOU,82,43,39,0,0.524,43,39,4,9
NBA,1993,IND,82,43,39,0,0.524,43,39,4,10
NBA,1993,DAL,82,42,40,0,0.512,42,40,2,11
NBA,1993,DET,82,42,40,0,0.512,42,40,2,12
NBA,1993,SEA,82,42,40,0,0.512,42,40,2,13
NBA,1993,UTA,82,42,40,0,0.512,42,40,2,14
NBA,1993,WAS,82,41,41,0,0.5,41,41,0,15
NBA,1993,CHI,82,40,42,0,0.488,40,42,-2,16
NBA,1993,BOS,82,39,43,0,0.476,39,43,-4,17
NBA,1993,LAL,82,39,43,0,0.476,39,43,-4,18
NBA,1993,MIL,82,39,43,0,0.476,39,43,-4,19
NBA,1993,MIN,82,39,43,0,0.476,39,43,-4,20
NBA,1993,NJN,82,38,44,0,0.463,38,44,-6,21
NBA,1993,ORL,82,37,45,0,0.451,37,45,-8,22
NBA,1993,POR,82,37,45,0,0.451,37,45,-8,23
NBA,1993,SAS,82,37,45,0,0.451,37,45,-8,24
NBA,1993,PHX,82,36,46,0,0.439,36,46,-10,25
NBA,1993,CHA,82,34,48,0,0.415,34,48,-14,26
NBA,1993,DEN,82,32,50,0,0.39,32,50,-18,27
NBA,1994,GSW,82,49,33,0,0.598,49,33,16,1
NBA,1994,SAS,82,49,33,0,0.598,49,33,16,2
NBA,1994,MIA,82,47,35,0,0.573,47,35,12,3
NBA,1994,NJN,82,47,35,0,0.573,47,35,12,4
NBA,1994,CHI,82,45,37,0,0.549,45,37,8,5
NBA,1994,CLE,82,45,37,0,0.549,45,37,8,6
NBA,1994,SAC,82,45,37,0,0.549,45,37,8,7
NBA,1994,SEA,82,45,37,0,0.549,45,37,8,8
NBA,1994,ATL,82,44,38,0,0.537,44,38,6,9
NBA,1994,HOU,82,43,39,0,0.524,43,39,4,10
NBA,1994,BOS,82,42,40,0,0.512,42,40,2,11
NBA,1994,DET,82,42,40,0,0.512,42,40,2,12
NBA,1994,DAL,82,41,41,0,0.5,41,41,0,13
NBA,1994,IND,82,41,41,0,0.5,41,41,0,14
NBA,1994,POR,82,41,41,0,0.5,41,41,0,15
NBA,1994,NYK,82,40,42,0,0.488,40,42,-2,16
NBA,1994,ORL,82,39,43,0,0.476,39,43,-4,17
NBA,1994,UTA,82,39,43,0,0.476,39,43,-4,18
NBA,1994,WAS,82,39,43,0,0.476,39,43,-4,19
NBA,1994,LAL,82,38,44,0,0.463,38,44,-6,20
NBA,1994,PHX,82,38,44,0,0.463,38,44,-6,21
NBA,1994,CHA,82,37,45,0,0.451,37,45,-8,22
NBA,1994,LAC,82,36,46,0,0.439,36,46,-10,23
NBA,1994,PHI,82,36,46,0,0.439,36,46,-10,24
NBA,1994,DEN,82,34,48,0,0.415,34,48,-14,25
NBA,1994,MIL,82,34,48,0,0.415,34,48,-14,26
NBA,1994,MIN,82,31,51,0,0.378,31,51,-20,27
NBA,1995,BOS,82,47,35,0,0.573,47,35,12,1
NBA,1995,PHI,82,47,35,0,0.573,47,35,12,2
NBA,1995,UTA,82,45,37,0,0.549,45,37,8,3
NBA,1995,LAL,82,44,38,0,0.537,44,38,6,4
NBA,1995,MIA,82,44,38,0,0.537,44,38,6,5
NBA,1995,CHI,82,43,39,0,0.524,43,39,4,6
NBA,1995,DET,82,43,39,0,0.524,43,39,4,7
NBA,1995,ATL,82,42,40,0,0.512,42,40,2,8
NBA,1995,CLE,82,42,40,0,0.512,42,40,2,9
NBA,1995,HOU,82,42,40,0,0.512,42,40,2,10
NBA,1995,MIN,82,42,40,0,0.512,42,40,2,11
NBA,1995,NJN,82,42,40,0,0.512,42,40,2,12
NBA,1995,POR,82,42,40,0,0.512,42,40,2,13
NBA,1995,VAN,82,42,40,0,0.512,42,40,2,14
NBA,1995,WAS,82,42,40,0,0.512,42,40,2,15
NBA,1995,CHA,82,41,41,0,0.5,41,41,0,16
NBA,1995,DEN,82,41,41,0,0.5,41,41,0,17
NBA,1995,IND,82,41,41,0,0.5,41,41,0,18
NBA,1995,LAC,82,41,41,0,0.5,41,41,0,19
NBA,1995,SAS,82,41,41,0,0.5,41,41,0,20
NBA,1995,TOR,82,41,41,0,0.5,41,41,0,21
NBA,1995,DAL,82,40,42,0,0.488,40,42,-2,22
NBA,1995,NYK,82,39,43,0,0.476,39,43,-4,23
NBA,1995,SEA,82,38,44,0,0.463,38,44,-6,24
NBA,1995,ORL,82,37,45,0,0.451,37,45,-8,25
NBA,1995,PHX,82,37,45,0,0.451,37,45,-8,26
NBA,1995,MIL,82,36,46,0,0.439,36,46,-10,27
NBA,1995,SAC,82,35,47,0,0.427,35,47,-12,28
NBA,1995,GSW,82,32,50,0,0.39,32,50,-18,29
NBA,1996,NJN,82,49,33,0,0.598,49,33,16,1
NBA,1996,CHI,82,46,36,0,0.561,46,36,10,2
NBA,1996,ATL,82,45,37,0,0.549,45,37,8,3
NBA,1996,CHA,82,45,37,0,0.549,45,37,8,4
NBA,1996,IND,82,45,37,0,0.549,45,37,8,5
NBA,1996,GSW,82,44,38,0,0.537,44,38,6,6
NBA,1996,MIA,82,44,38,0,0.537,44,38,6,7
NBA,1996,VAN,82,44,38,0,0.537,44,38,6,8
NBA,1996,WAS,82,44,38,0,0.537,44,38,6,9
NBA,1996,MIN,82,43,39,0,0.524,43,39,4,10
NBA,1996,POR,82,43,39,0,0.524,43,39,4,11
NBA,1996,UTA,82,43,39,0,0.524,43,39,4,12
NBA,1996,DAL,82,42,40,0,0.512,42,40,2,13
NBA,1996,SAC,82,42,40,0,0.512,42,40,2,14
NBA,1996,MIL,82,41,41,0,0.5,41,41,0,15
NBA,1996,PHI,82,41,41,0,0.5,41,41,0,16
NBA,1996,SAS,82,41,41,0,0.5,41,41,0,17
NBA,1996,LAC,82,40,42,0,0.488,40,42,-2,18
NBA,1996,ORL,82,40,42,0,0.488,40,42,-2,19
NBA,1996,CLE,82,39,43,0,0.476,39,43,-4,20
NBA,1996,LAL,82,39,43,0,0.476,39,43,-4,21
NBA,1996,HOU,82,38,44,0,0.463,38,44,-6,22
NBA,1996,SEA,82,38,44,0,0.463,38,44,-6,23
NBA,1996,BOS,82,37,45,0,0.451,37,45,-8,24
NBA,1996,DET,82,36,46,0,0.439,36,46,-10,25
NBA,1996,PHX,82,36,46,0,0.439,36,46,-10,26
NBA,1996,NYK,82,35,47,0,0.427,35,47,-12,27
NBA,1996,TOR,82,35,47,0,0.427,35,47,-12,28
NBA,1996,DEN,82,34,48,0,0.415,34,48,-14,29
NBA,1997,CHI,82,49,33,0,0.598,49,33,16,1
NBA,1997,MIN,82,48,34,0,0.585,48,34,14,2
NBA,1997,BOS,82,46,36,0,0.561,46,36,10,3
NBA,1997,IND,82,46,36,0,0.561,46,36,10,4
NBA,1997,UTA,82,46,36,0,0.561,46,36,10,5
NBA,1997,VAN,82,46,36,0,0.561,46,36,10,6
NBA,1997,HOU,82,45,37,0,0.549,45,37,8,7
NBA,1997,CHA,82,44,38,0,0.537,44,38,6,8
NBA,1997,DEN,82,44,38,0,0.537,44,38,6,9
NBA,1997,MIA,82,44,38,0,0.537,44,38,6,10
NBA,1997,MIL,82,44,38,0,0.537,44,38,6,11
NBA,1997,DAL,82,43,39,0,0.524,43,39,4,12
NBA,1997,WAS,82,43,39,0,0.524,43,39,4,13
NBA,1997,PHI,82,42,40,0,0.512,42,40,2,14
NBA,1997,GSW,82,41,41,0,0.5,41,41,0,15
NBA,1997,NYK,82,41,41,0,0.5,41,41,0,16
NBA,1997,LAL,82,40,42,0,0.488,40,42,-2,17
NBA,1997,PHX,82,40,42,0,0.488,40,42,-2,18
NBA,1997,CLE,82,39,43,0,0.476,39,43,-4,19
NBA,1997,ORL,82,39,43,0,0.476,39,43,-4,20
NBA,1997,SAC,82,38,44,0,0.463,38,44,-6,21
NBA,1997,ATL,82,37,45,0,0.451,37,45,-8,22
NBA,1997,SAS,82,36,46,0,0.439,36,46,-10,23
NBA,1997,SEA,82,36,46,0,0.439,36,46,-10,24
NBA,1997,DET,82,35,47,0,0.427,35,47,-12,25
NBA,1997,NJN,82,35,47,0,0.427,35,47,-12,26
NBA,1997,LAC,82,34,48,0,0.415,34,48,-14,27
NBA,1997,POR,82,34,48,0,0.415,34,48,-14,28
NBA,1997,TOR,82,34,48,0,0.415,34,48,-14,29
NBA,1998,DEN,50,32,18,0,0.64,32,18,14,1
NBA,1998,UTA,50,31,19,0,0.62,31,19,12,2
NBA,1998,MIL,50,30,20,0,0.6,30,20,10,3
NBA,1998,SAS,50,30,20,0,0.6,30,20,10,4
NBA,1998,NJN,50,28,22,0,0.56,28,22,6,5
NBA,1998,DAL,50,27,23,0,0.54,27,23,4,6
NBA,1998,LAC,50,27,23,0,0.54,27,23,4,7
NBA,1998,CHA,50,26,24,0,0.52,26,24,2,8
NBA,1998,CLE,50,26,24,0,0.52,26,24,2,9
NBA,1998,MIA,50,26,24,0,0.52,26,24,2,10
NBA,1998,NYK,50,26,24,0,0.52,26,24,2,11
NBA,1998,POR,50,26,24,0,0.52,26,24,2,12
NBA,1998,SAC,50,26,24,0,0.52,26,24,2,13
NBA,1998,GSW,50,25,25,0,0.5,25,25,0,14
NBA,1998,PHI,50,25,25,0,0.5,25,25,0,15
NBA,1998,SEA,50,25,25,0,0.5,25,25,0,16
NBA,1998,ORL,50,24,26,0,0.48,24,26,-2,17
NBA,1998,PHX,50,24,26,0,0.48,24,26,-2,18
NBA,1998,ATL,50,23,27,0,0.46,23,27,-4,19
NBA,1998,BOS,50,23,27,0,0.46,23,27,-4,20
NBA,1998,CHI,50,23,27,0,0.46,23,27,-4,21
NBA,1998,IND,50,23,27,0,0.46,23,27,-4,22
NBA,1998,VAN,50,23,27,0,0.46,23,27,-4,23
NBA,1998,HOU,50,22,28,0,0.44,22,28,-6,24
NBA,1998,MIN,50,22,28,0,0.44,22,28,-6,25
NBA,1998,WAS,50,22,28,0,0.44,22,28,-6,26
NBA,1998,TOR,50,21,29,0,0.42,21,29,-8,27
NBA,1998,DET,50,20,30,0,0.4,20,30,-10,28
NBA,1998,LAL,50,19,31,0,0.38,19,31,-12,29
NBA,1999,BOS,82,49,33,0,0.598,49,33,16,1
NBA,1999,WAS,82,49,33,0,0.598,49,33,16,2
NBA,1999,DAL,82,48,34,0,0.585,48,34,14,3
NBA,1999,LAL,82,48,34,0,0.585,48,34,14,4
NBA,1999,CHA,82,47,35,0,0.573,47,35,12,5
NBA,1999,DET,82,45,37,0,0.549,45,37,8,6
NBA,1999,CLE,82,43,39,0,0.524,43,39,4,7
NBA,1999,HOU,82,43,39,0,0.524,43,39,4,8
NBA,1999,NYK,82,43,39,0,0.524,43,39,4,9
NBA,1999,PHX,82,43,39,0,0.524,43,39,4,10
NBA,1999,MIL,82,42,40,0,0.512,42,40,2,11
NBA,1999,MIN,82,42,40,0,0.512,42,40,2,12
NBA,1999,NJN,82,42,40,0,0.512,42,40,2,13
NBA,1999,ORL,82,41,41,0,0.5,41,41,0,14
NBA,1999,SAS,82,41,41,0,0.5,41,41,0,15
NBA,1999,SEA,82,41,41,0,0.5,41,41,0,16
NBA,1999,TOR,82,40,42,0,0.488,40,42,-2,17
NBA,1999,GSW,82,39,43,0,0.476,39,43,-4,18
NBA,1999,LAC,82,39,43,0,0.476,39,43,-4,19
NBA,1999,SAC,82,39,43,0,0.476,39,43,-4,20
NBA,1999,ATL,82,38,44,0,0.463,38,44,-6,21
NBA,1999,IND,82,38,44,0,0.463,38,44,-6,22
NBA,1999,MIA,82,38,44,0,0.463,38,44,-6,23
NBA,1999,VAN,82,38,44,0,0.463,38,44,-6,24
NBA,1999,PHI,82,37,45,0,0.451,37,45,-8,25
NBA,1999,UTA,82,37,45,0,0.451,37,45,-8,26
NBA,1999,CHI,82,36,46,0,0.439,36,46,-10,27
NBA,1999,POR,82,34,48,0,0.415,34,48,-14,28
NBA,1999,DEN,82,29,53,0,0.354,29,53,-24,29
NBA,2000,POR,82,49,33,0,0.598,49,33,16,1
NBA,2000,NJN,82,48,34,0,0.585,48,34,14,2
NBA,2000,CHI,82,46,36,0,0.561,46,36,10,3
NBA,2000,ATL,82,45,37,0,0.549,45,37,8,4
NBA,2000,DET,82,45,37,0,0.549,45,37,8,5
NBA,2000,DAL,82,44,38,0,0.537,44,38,6,6
NBA,2000,GSW,82,44,38,0,0.537,44,38,6,7
NBA,2000,NYK,82,44,38,0,0.537,44,38,6,8
NBA,2000,SAC,82,44,38,0,0.537,44,38,6,9
NBA,2000,SAS,82,44,38,0,0.537,44,38,6,10
NBA,2000,IND,82,43,39,0,0.524,43,39,4,11
NBA,2000,PHI,82,43,39,0,0.524,43,39,4,12
NBA,2000,BOS,82,42,40,0,0.512,42,40,2,13
NBA,2000,SEA,82,42,40,0,0.512,42,40,2,14
NBA,2000,LAL,82,41,41,0,0.5,41,41,0,15
NBA,2000,VAN,82,41,41,0,0.5,41,41,0,16
NBA,2000,WAS,82,41,41,0,0.5,41,41,0,17
NBA,2000,DEN,82,39,43,0,0.476,39,43,-4,18
NBA,2000,LAC,82,39,43,0,0.476,39,43,-4,19
NBA,2000,MIL,82,39,43,0,0.476,39,43,-4,20
NBA,2000,ORL,82,39,43,0,0.476,39,43,-4,21
NBA,2000,HOU,82,38,44,0,0.463,38,44,-6,22
NBA,2000,MIA,82,38,44,0,0.463,38,44,-6,23
NBA,2000,CHA,82,36,46,0,0.439,36,46,-10,24
NBA,2000,MIN,82,36,46,0,0.439,36,46,-10,25
NBA,2000,PHX,82,36,46,0,0.439,36,46,-10,26
NBA,2000,UTA,82,36,46,0,0.439,36,46,-10,27
NBA,2000,CLE,82,35,47,0,0.427,35,47,-12,28
NBA,2000,TOR,82,32,50,0,0.39,32,50,-18,29
NBA,2001,CHI,82,50,32,0,0.61,50,32,18,1
NBA,2001,TOR,82,49,33,0,0.598,49,33,16,2
NBA,2001,CLE,82,48,34,0,0.585,48,34,14,3
NBA,2001,MIL,82,46,36,0,0.561,46,36,10,4
NBA,2001,LAL,82,45,37,0,0.549,45,37,8,5
NBA,2001,MIN,82,45,37,0,0.549,45,37,8,6
NBA,2001,WAS,82,44,38,0,0.537,44,38,6,7
NBA,2001,BOS,82,43,39,0,0.524,43,39,4,8
NBA,2001,LAC,82,43,39,0,0.524,43,39,4,9
NBA,2001,MIA,82,43,39,0,0.524,43,39,4,10
NBA,2001,POR,82,43,39,0,0.524,43,39,4,11
NBA,2001,UTA,82,43,39,0,0.524,43,39,4,12
NBA,2001,DAL,82,42,40,0,0.512,42,40,2,13
NBA,2001,PHX,82,42,40,0,0.512,42,40,2,14
NBA,2001,SAC,82,42,40,0,0.512,42,40,2,15
NBA,2001,SAS,82,42,40,0,0.512,42,40,2,16
NBA,2001,SEA,82,41,41,0,0.5,41,41,0,17
NBA,2001,DEN,82,39,43,0,0.476,39,43,-4,18
NBA,2001,DET,82,39,43,0,0.476,39,43,-4,19
NBA,2001,IND,82,38,44,0,0.463,38,44,-6,20
NBA,2001,MEM,82,38,44,0,0.463,38,44,-6,21
NBA,2001,ORL,82,38,44,0,0.463,38,44,-6,22
NBA,2001,GSW,82,37,45,0,0.451,37,45,-8,23
NBA,2001,PHI,82,37,45,0,0.451,37,45,-8,24
NBA,2001,NYK,82,36,46,0,0.439,36,46,-10,25
NBA,2001,CHA,82,35,47,0,0.427,35,47,-12,26
NBA,2001,ATL,82,34,48,0,0.415,34,48,-14,27
NBA,2001,NJN,82,34,48,0,0.415,34,48,-14,28
NBA,2001,HOU,82,33,49,0,0.402,33,49,-16,29
NBA,2002,ATL,82,47,35,0,0.573,47,35,12,1
NBA,2002,DET,82,47,35,0,0.573,47,35,12,2
NBA,2002,MIN,82,47,35,0,0.573,47,35,12,3
NBA,2002,HOU,82,46,36,0,0.561,46,36,10,4
NBA,2002,LAC,82,46,36,0,0.561,46,36,10,5
NBA,2002,MIL,82,45,37,0,0.549,45,37,8,6
NBA,2002,DAL,82,44,38,0,0.537,44,38,6,7
NBA,2002,DEN,82,44,38,0,0.537,44,38,6,8
NBA,2002,WAS,82,44,38,0,0.537,44,38,6,9
NBA,2002,PHX,82,43,39,0,0.524,43,39,4,10
NBA,2002,SAS,82,43,39,0,0.524,43,39,4,11
NBA,2002,CHI,82,42,40,0,0.512,42,40,2,12
NBA,2002,LAL,82,42,40,0,0.512,42,40,2,13
NBA,2002,MEM,82,42,40,0,0.512,42,40,2,14
NBA,2002,CLE,82,41,41,0,0.5,41,41,0,15
NBA,2002,SAC,82,41,41,0,0.5,41,41,0,16
NBA,2002,MIA,82,40,42,0,0.488,40,42,-2,17
NBA,2002,TOR,82,40,42,0,0.488,40,42,-2,18
NBA,2002,UTA,82,40,42,0,0.488,40,42,-2,19
NBA,2002,NJN,82,39,43,0,0.476,39,43,-4,20
NBA,2002,NYK,82,39,43,0,0.476,39,43,-4,21
NBA,2002,SEA,82,39,43,0,0.476,39,43,-4,22
NBA,2002,IND,82,38,44,0,0.463,38,44,-6,23
NBA,2002,POR,82,38,44,0,0.463,38,44,-6,24
NBA,2002,BOS,82,36,46,0,0.439,36,46,-10,25
NBA,2002,GSW,82,36,46,0,0.439,36,46,-10,26
NBA,2002,NOH,82,34,48,0,0.415,34,48,-14,27
NBA,2002,ORL,82,33,49,0,0.402,33,49,-16,28
NBA,2002,PHI,82,33,49,0,0.402,33,49,-16,29
NBA,2003,DAL,82,49,33,0,0.598,49,33,16,1
NBA,2003,MIA,82,48,34,0,0.585,48,34,14,2
NBA,2003,UTA,82,48,34,0,0.585,48,34,14,3
NBA,2003,ATL,82,44,38,0,0.537,44,38,6,4
NBA,2003,MIL,82,44,38,0,0.537,44,38,6,5
NBA,2003,BOS,82,43,39,0,0.524,43,39,4,6
NBA,2003,NYK,82,43,39,0,0.524,43,39,4,7
NBA,2003,GSW,82,42,40,0,0.512,42,40,2,8
NBA,2003,NJN,82,42,40,0,0.512,42,40,2,9
NBA,2003,NOH,82,41,41,0,0.5,41,41,0,10
NBA,2003,ORL,82,41,41,0,0.5,41,41,0,11
NBA,2003,PHI,82,41,41,0,0.5,41,41,0,12
NBA,2003,PHX,82,41,41,0,0.5,41,41,0,13
NBA,2003,CHI,82,40,42,0,0.488,40,42,-2,14
NBA,2003,CLE,82,40,42,0,0.488,40,42,-2,15
NBA,2003,DET,82,40,42,0,0.488,40,42,-2,16
NBA,2003,HOU,82,40,42,0,0.488,40,42,-2,17
NBA,2003,IND,82,40,42,0,0.488,40,42,-2,18
NBA,2003,LAC,82,40,42,0,0.488,40,42,-2,19
NBA,2003,POR,82,40,42,0,0.488,40,42,-2,20
NBA,2003,SEA,82,40,42,0,0.488,40,42,-2,21
NBA,2003,TOR,82,40,42,0,0.488,40,42,-2,22
NBA,2003,LAL,82,39,43,0,0.476,39,43,-4,23
NBA,2003,SAS,82,39,43,0,0.476,39,43,-4,24
NBA,2003,DEN,82,37,45,0,0.451,37,45,-8,25
NBA,2003,MEM,82,37,45,0,0.451,37,45,-8,26
NBA,2003,MIN,82,37,45,0,0.451,37,45,-8,27
NBA,2003,SAC,82,37,45,0,0.451,37,45,-8,28
NBA,2003,WAS,82,36,46,0,0.439,36,46,-10,29
NBA,2004,MIN,82,48,34,0,0.585,48,34,14,1
NBA,2004,CHI,82,45,37,0,0.549,45,37,8,2
NBA,2004,DAL,82,45,37,0,0.549,45,37,8,3
NBA,2004,LAL,82,45,37,0,0.549,45,37,8,4
NBA,2004,PHX,82,45,37,0,0.549,45,37,8,5
NBA,2004,TOR,82,45,37,0,0.549,45,37,8,6
NBA,2004,BOS,82,44,38,0,0.537,44,38,6,7
NBA,2004,CLE,82,44,38,0,0.537,44,38,6,8
NBA,2004,IND,82,44,38,0,0.537,44,38,6,9
NBA,2004,NOH,82,44,38,0,0.537,44,38,6,10
NBA,2004,NJN,82,43,39,0,0.524,43,39,4,11
NBA,2004,SAC,82,43,39,0,0.524,43,39,4,12
NBA,2004,WAS,82,43,39,0,0.524,43,39,4,13
NBA,2004,NYK,82,42,40,0,0.512,42,40,2,14
NBA,2004,DEN,82,41,41,0,0.5,41,41,0,15
NBA,2004,LAC,82,41,41,0,0.5,41,41,0,16
NBA,2004,PHI,82,41,41,0,0.5,41,41,0,17
NBA,2004,UTA,82,41,41,0,0.5,41,41,0,18
NBA,2004,ATL,82,40,42,0,0.488,40,42,-2,19
NBA,2004,MIA,82,39,43,0,0.476,39,43,-4,20
NBA,2004,CHA,82,38,44,0,0.463,38,44,-6,21
NBA,2004,DET,82,38,44,0,0.463,38,44,-6,22
NBA,2004,GSW,82,38,44,0,0.463,38,44,-6,23
NBA,2004,SAS,82,38,44,0,0.463,38,44,-6,24
NBA,2004,SEA,82,38,44,0,0.463,38,44,-6,25
NBA,2004,MIL,82,36,46,0,0.439,36,46,-10,26
NBA,2004,ORL,82,36,46,0,0.439,36,46,-10,27
NBA,2004,HOU,82,35,47,0,0.427,35,47,-12,28
NBA,2004,MEM,82,35,47,0,0.427,35,47,-12,29
NBA,2004,POR,82,35,47,0,0.427,35,47,-12,30
NBA,2005,BOS,82,50,32,0,0.61,50,32,18,1
NBA,2005,LAL,82,49,33,0,0.598,49,33,16,2
NBA,2005,MIA,82,48,34,0,0.585,48,34,14,3
NBA,2005,NJN,82,48,34,0,0.585,48,34,14,4
NBA,2005,SEA,82,47,35,0,0.573,47,35,12,5
NBA,2005,UTA,82,46,36,0,0.561,46,36,10,6
NBA,2005,CLE,82,45,37,0,0.549,45,37,8,7
NBA,2005,NYK,82,45,37,0,0.549,45,37,8,8
NBA,2005,DEN,82,44,38,0,0.537,44,38,6,9
NBA,2005,SAC,82,44,38,0,0.537,44,38,6,10
NBA,2005,SAS,82,44,38,0,0.537,44,38,6,11
NBA,2005,CHI,82,43,39,0,0.524,43,39,4,12
NBA,2005,MIN,82,42,40,0,0.512,42,40,2,13
NBA,2005,PHX,82,42,40,0,0.512,42,40,2,14
NBA,2005,WAS,82,42,40,0,0.512,42,40,2,15
NBA,2005,IND,82,41,41,0,0.5,41,41,0,16
NBA,2005,MEM,82,41,41,0,0.5,41,41,0,17
NBA,2005,HOU,82,40,42,0,0.488,40,42,-2,18
NBA,2005,POR,82,40,42,0,0.488,40,42,-2,19
NBA,2005,DAL,82,38,44,0,0.463,38,44,-6,20
NBA,2005,ATL,82,37,45,0,0.451,37,45,-8,21
NBA,2005,NOK,82,37,45,0,0.451,37,45,-8,22
NBA,2005,GSW,82,36,46,0,0.439,36,46,-10,23
NBA,2005,PHI,82,36,46,0,0.439,36,46,-10,24
NBA,2005,TOR,82,36,46,0,0.439,36,46,-10,25
NBA,2005,LAC,82,35,47,0,0.427,35,47,-12,26
NBA,2005,MIL,82,35,47,0,0.427,35,47,-12,27
NBA,2005,DET,82,34,48,0,0.415,34,48,-14,28
NBA,2005,CHA,82,33,49,0,0.402,33,49,-16,29
NBA,2005,ORL,82,32,50,0,0.39,32,50,-18,30
NBA,2006,DEN,82,55,27,0,0.671,55,27,28,1
NBA,2006,PHX,82,52,30,0,0.634,52,30,22,2
NBA,2006,LAL,82,48,34,0,0.585,48,34,14,3
NBA,2006,SAS,82,48,34,0,0.585,48,34,14,4
NBA,2006,POR,82,47,35,0,0.573,47,35,12,5
NBA,2006,IND,82,45,37,0,0.549,45,37,8,6
NBA,2006,MEM,82,44,38,0,0.537,44,38,6,7
NBA,2006,NJN,82,44,38,0,0.537,44,38,6,8
NBA,2006,TOR,82,44,38,0,0.537,44,38,6,9
NBA,2006,NOK,82,43,39,0,0.524,43,39,4,10
NBA,2006,SAC,82,43,39,0,0.524,43,39,4,11
NBA,2006,BOS,82,42,40,0,0.512,42,40,2,12
NBA,2006,LAC,82,42,40,0,0.512,42,40,2,13
NBA,2006,MIL,82,42,40,0,0.512,42,40,2,14
NBA,2006,PHI,82,42,40,0,0.512,42,40,2,15
NBA,2006,WAS,82,42,40,0,0.512,42,40,2,16
NBA,2006,ATL,82,41,41,0,0.5,41,41,0,17
NBA,2006,ORL,82,41,41,0,0.5,41,41,0,18
NBA,2006,HOU,82,39,43,0,0.476,39,43,-4,19
NBA,2006,DAL,82,37,45,0,0.451,37,45,-8,20
NBA,2006,GSW,82,37,45,0,0.451,37,45,-8,21
NBA,2006,CHI,82,36,46,0,0.439,36,46,-10,22
NBA,2006,CLE,82,36,46,0,0.439,36,46,-10,23
NBA,2006,MIA,82,36,46,0,0.439,36,46,-10,24
NBA,2006,UTA,82,36,46,0,0.439,36,46,-10,25
NBA,2006,NYK,82,35,47,0,0.427,35,47,-12,26
NBA,2006,SEA,82,35,47,0,0.427,35,47,-12,27
NBA,2006,MIN,82,34,48,0,0.415,34,48,-14,28
NBA,2006,CHA,82,33,49,0,0.402,33,49,-16,29
NBA,2006,DET,82,31,51,0,0.378,31,51,-20,30
NBA,2007,CHA,82,53,29,0,0.646,53,29,24,1
NBA,2007,LAL,82,48,34,0,0.585,48,34,14,2
NBA,2007,DEN,82,47,35,0,0.573,47,35,12,3
NBA,2007,PHI,82,47,35,0,0.573,47,35,12,4
NBA,2007,PHX,82,47,35,0,0.573,47,35,12,5
NBA,2007,SEA,82,47,35,0,0.573,47,35,12,6
NBA,2007,SAC,82,46,36,0,0.561,46,36,10,7
NBA,2007,DAL,82,45,37,0,0.549,45,37,8,8
NBA,2007,CLE,82,43,39,0,0.524,43,39,4,9
NBA,2007,BOS,82,42,40,0,0.512,42,40,2,10
NBA,2007,CHI,82,42,40,0,0.512,42,40,2,11
NBA,2007,SAS,82,42,40,0,0.512,42,40,2,12
NBA,2007,WAS,82,42,40,0,0.512,42,40,2,13
NBA,2007,IND,82,41,41,0,0.5,41,41,0,14
NBA,2007,LAC,82,40,42,0,0.488,40,42,-2,15
NBA,2007,NOH,82,40,42,0,0.488,40,42,-2,16
NBA,2007,ORL,82,40,42,0,0.488,40,42,-2,17
NBA,2007,POR,82,40,42,0,0.488,40,42,-2,18
NBA,2007,HOU,82,39,43,0,0.476,39,43,-4,19
NBA,2007,ATL,82,38,44,0,0.463,38,44,-6,20
NBA,2007,MEM,82,38,44,0,0.463,38,44,-6,21
NBA,2007,NJN,82,38,44,0,0.463,38,44,-6,22
NBA,2007,MIA,82,37,45,0,0.451,37,45,-8,23
NBA,2007,MIL,82,37,45,0,0.451,37,45,-8,24
NBA,2007,MIN,82,37,45,0,0.451,37,45,-8,25
NBA,2007,NYK,82,37,45,0,0.451,37,45,-8,26
NBA,2007,TOR,82,37,45,0,0.451,37,45,-8,27
NBA,2007,UTA,82,35,47,0,0.427,35,47,-12,28
NBA,2007,DET,82,34,48,0,0.415,34,48,-14,29
NBA,2007,GSW,82,31,51,0,0.378,31,51,-20,30
NBA,2008,CLE,82,50,32,0,0.61,50,32,18,1
NBA,2008,MIL,82,46,36,0,0.561,46,36,10,2
NBA,2008,PHI,82,46,36,0,0.561,46,36,10,3
NBA,2008,LAL,82,45,37,0,0.549,45,37,8,4
NBA,2008,ORL,82,45,37,0,0.549,45,37,8,5
NBA,2008,TOR,82,45,37,0,0.549,45,37,8,6
NBA,2008,UTA,82,45,37,0,0.549,45,37,8,7
NBA,2008,DET,82,44,38,0,0.537,44,38,6,8
NBA,2008,LAC,82,44,38,0,0.537,44,38,6,9
NBA,2008,NYK,82,44,38,0,0.537,44,38,6,10
NBA,2008,SAS,82,44,38,0,0.537,44,38,6,11
NBA,2008,CHA,82,43,39,0,0.524,43,39,4,12
NBA,2008,IND,82,43,39,0,0.524,43,39,4,13
NBA,2008,NJN,82,43,39,0,0.524,43,39,4,14
NBA,2008,NOH,82,43,39,0,0.524,43,39,4,15
NBA,2008,PHX,82,43,39,0,0.524,43,39,4,16
NBA,2008,CHI,82,41,41,0,0.5,41,41,0,17
NBA,2008,HOU,82,41,41,0,0.5,41,41,0,18
NBA,2008,MEM,82,40,42,0,0.488,40,42,-2,19
NBA,2008,MIN,82,40,42,0,0.488,40,42,-2,20
NBA,2008,ATL,82,39,43,0,0.476,39,43,-4,21
NBA,2008,MIA,82,39,43,0,0.476,39,43,-4,22
NBA,2008,POR,82,37,45,0,0.451,37,45,-8,23
NBA,2008,WAS,82,37,45,0,0.451,37,45,-8,24
NBA,2008,DAL,82,36,46,0,0.439,36,46,-10,25
NBA,2008,GSW,82,36,46,0,0.439,36,46,-10,26
NBA,2008,DEN,82,34,48,0,0.415,34,48,-14,27
NBA,2008,SAC,82,34,48,0,0.415,34,48,-14,28
NBA,2008,OKC,82,32,50,0,0.39,32,50,-18,29
NBA,2008,BOS,82,31,51,0,0.378,31,51,-20,30
NBA,2009,DEN,82,50,32,0,0.61,50,32,18,1
NBA,2009,NJN,82,50,32,0,0.61,50,32,18,2
NBA,2009,IND,82,49,33,0,0.598,49,33,16,3
NBA,2009,NYK,82,48,34,0,0.585,48,34,14,4
NBA,2009,ORL,82,47,35,0,0.573,47,35,12,5
NBA,2009,SAC,82,47,35,0,0.573,47,35,12,6
NBA,2009,SAS,82,47,35,0,0.573,47,35,12,7
NBA,2009,DET,82,46,36,0,0.561,46,36,10,8
NBA,2009,UTA,82,45,37,0,0.549,45,37,8,9
NBA,2009,GSW,82,42,40,0,0.512,42,40,2,10
NBA,2009,LAL,82,42,40,0,0.512,42,40,2,11
NBA,2009,OKC,82,42,40,0,0.512,42,40,2,12
NBA,2009,ATL,82,41,41,0,0.5,41,41,0,13
NBA,2009,PHI,82,41,41,0,0.5,41,41,0,14
NBA,2009,BOS,82,40,42,0,0.488,40,42,-2,15
NBA,2009,HOU,82,40,42,0,0.488,40,42,-2,16
NBA,2009,PHX,82,40,42,0,0.488,40,42,-2,17
NBA,2009,DAL,82,39,43,0,0.476,39,43,-4,18
NBA,2009,NOH,82,39,43,0,0.476,39,43,-4,19
NBA,2009,POR,82,39,43,0,0.476,39,43,-4,20
NBA,2009,WAS,82,39,43,0,0.476,39,43,-4,21
NBA,2009,CLE,82,38,44,0,0.463,38,44,-6,22
NBA,2009,MEM,82,38,44,0,0.463,38,44,-6,23
NBA,2009,CHA,82,37,45,0,0.451,37,45,-8,24
NBA,2009,MIA,82,37,45,0,0.451,37,45,-8,25
NBA,2009,MIN,82,36,46,0,0.439,36,46,-10,26
NBA,2009,LAC,82,35,47,0,0.427,35,47,-12,27
NBA,2009,CHI,82,33,49,0,0.402,33,49,-16,28
NBA,2009,TOR,82,33,49,0,0.402,33,49,-16,29
NBA,2009,MIL,82,30,52,0,0.366,30,52,-22,30
NBA,2010,IND,82,56,26,0,0.683,56,26,30,1
NBA,2010,MIA,82,50,32,0,0.61,50,32,18,2
NBA,2010,WAS,82,48,34,0,0.585,48,34,14,3
NBA,2010,MEM,82,47,35,0,0.573,47,35,12,4
NBA,2010,ATL,82,46,36,0,0.561,46,36,10,5
NBA,2010,ORL,82,46,36,0,0.561,46,36,10,6
NBA,2010,GSW,82,44,38,0,0.537,44,38,6,7
NBA,2010,UTA,82,44,38,0,0.537,44,38,6,8
NBA,2010,LAC,82,43,39,0,0.524,43,39,4,9
NBA,2010,CHI,82,42,40,0,0.512,42,40,2,10
NBA,2010,DEN,82,42,40,0,0.512,42,40,2,11
NBA,2010,MIL,82,42,40,0,0.512,42,40,2,12
NBA,2010,NJN,82,42,40,0,0.512,42,40,2,13
NBA,2010,DET,82,41,41,0,0.5,41,41,0,14
NBA,2010,OKC,82,41,41,0,0.5,41,41,0,15
NBA,2010,SAC,82,41,41,0,0.5,41,41,0,16
NBA,2010,TOR,82,41,41,0,0.5,41,41,0,17
NBA,2010,CLE,82,40,42,0,0.488,40,42,-2,18
NBA,2010,HOU,82,40,42,0,0.488,40,42,-2,19
NBA,2010,LAL,82,40,42,0,0.488,40,42,-2,20
NBA,2010,MIN,82,40,42,0,0.488,40,42,-2,21
NBA,2010,DAL,82,38,44,0,0.463,38,44,-6,22
NBA,2010,PHI,82,38,44,0,0.463,38,44,-6,23
NBA,2010,POR,82,38,44,0,0.463,38,44,-6,24
NBA,2010,PHX,82,37,45,0,0.451,37,45,-8,25
NBA,2010,SAS,82,34,48,0,0.415,34,48,-14,26
NBA,2010,BOS,82,33,49,0,0.402,33,49,-16,27
NBA,2010,CHA,82,33,49,0,0.402,33,49,-16,28
NBA,2010,NYK,82,33,49,0,0.402,33,49,-16,29
NBA,2010,NOH,82,30,52,0,0.366,30,52,-22,30
NBA,2011,MIN,66,40,26,0,0.606,40,26,14,1
NBA,2011,MIL,66,39,27,0,0.591,39,27,12,2
NBA,2011,CHI,66,37,29,0,0.561,37,29,8,3
NBA,2011,NJN,66,37,29,0,0.561,37,29,8,4
NBA,2011,PHX,66,37,29,0,0.561,37,29,8,5
NBA,2011,SAS,66,37,29,0,0.561,37,29,8,6
NBA,2011,DET,66,36,30,0,0.545,36,30,6,7
NBA,2011,PHI,66,36,30,0,0.545,36,30,6,8
NBA,2011,HOU,66,35,31,0,0.53,35,31,4,9
NBA,2011,LAL,66,35,31,0,0.53,35,31,4,10
NBA,2011,SAC,66,35,31,0,0.53,35,31,4,11
NBA,2011,UTA,66,35,31,0,0.53,35,31,4,12
NBA,2011,LAC,66,34,32,0,0.515,34,32,2,13
NBA,2011,MIA,66,34,32,0,0.515,34,32,2,14
NBA,2011,NOH,66,34,32,0,0.515,34,32,2,15
NBA,2011,CLE,66,33,33,0,0.5,33,33,0,16
NBA,2011,TOR,66,33,33,0,0.5,33,33,0,17
NBA,2011,BOS,66,32,34,0,0.485,32,34,-2,18
NBA,2011,GSW,66,32,34,0,0.485,32,34,-2,19
NBA,2011,OKC,66,32,34,0,0.485,32,34,-2,20
NBA,2011,ATL,66,31,35,0,0.47,31,35,-4,21
NBA,2011,DEN,66,30,36,0,0.455,30,36,-6,22
NBA,2011,MEM,66,30,36,0,0.455,30,36,-6,23
NBA,2011,POR,66,30,36,0,0.455,30,36,-6,24
NBA,2011,WAS,66,30,36,0,0.455,30,36,-6,25
NBA,2011,DAL,66,29,37,0,0.439,29,37,-8,26
NBA,2011,ORL,66,29,37,0,0.439,29,37,-8,27
NBA,2011,IND,66,27,39,0,0.409,27,39,-12,28
NBA,2011,CHA,66,26,40,0,0.394,26,40,-14,29
NBA,2011,NYK,66,25,41,0,0.379,25,41,-16,30
NBA,2012,LAC,82,51,31,0,0.622,51,31,20,1
NBA,2012,NYK,82,50,32,0,0.61,50,32,18,2
NBA,2012,SAC,82,50,32,0,0.61,50,32,18,3
NBA,2012,NOH,82,48,34,0,0.585,48,34,14,4
NBA,2012,GSW,82,47,35,0,0.573,47,35,12,5
NBA,2012,HOU,82,46,36,0,0.561,46,36,10,6
NBA,2012,IND,81,45,36,0,0.556,45,36,9,7
NBA,2012,BOS,81,44,37,0,0.543,44,37,7,8
NBA,2012,DEN,82,44,38,0,0.537,44,38,6,9
NBA,2012,MEM,82,43,39,0,0.524,43,39,4,10
NBA,2012,MIL,82,43,39,0,0.524,43,39,4,11
NBA,2012,CHA,82,42,40,0,0.512,42,40,2,12
NBA,2012,MIA,82,42,40,0,0.512,42,40,2,13
NBA,2012,POR,82,42,40,0,0.512,42,40,2,14
NBA,2012,BKN,82,41,41,0,0.5,41,41,0,15
NBA,2012,UTA,82,40,42,0,0.488,40,42,-2,16
NBA,2012,PHX,82,39,43,0,0.476,39,43,-4,17
NBA,2012,MIN,82,38,44,0,0.463,38,44,-6,18
NBA,2012,SAS,82,38,44,0,0.463,38,44,-6,19
NBA,2012,WAS,82,38,44,0,0.463,38,44,-6,20
NBA,2012,CHI,82,37,45,0,0.451,37,45,-8,21
NBA,2012,DAL,82,37,45,0,0.451,37,45,-8,22
NBA,2012,OKC,82,37,45,0,0.451,37,45,-8,23
NBA,2012,PHI,82,37,45,0,0.451,37,45,-8,24
NBA,2012,TOR,82,37,45,0,0.451,37,45,-8,25
NBA,2012,ATL,82,36,46,0,0.439,36,46,-10,26
NBA,2012,CLE,82,36,46,0,0.439,36,46,-10,27
NBA,2012,DET,82,36,46,0,0.439,36,46,-10,28
NBA,2012,ORL,82,35,47,0,0.427,35,47,-12,29
NBA,2012,LAL,82,30,52,0,0.366,30,52,-22,30
NBA,2013,GSW,82,49,33,0,0.598,49,33,16,1
NBA,2013,CHI,82,48,34,0,0.585,48,34,14,2
NBA,2013,WAS,82,47,35,0,0.573,47,35,12,3
NBA,2013,PHX,82,46,36,0,0.561,46,36,10,4
NBA,2013,POR,82,46,36,0,0.561,46,36,10,5
NBA,2013,UTA,82,46,36,0,0.561,46,36,10,6
NBA,2013,SAS,82,45,37,0,0.549,45,37,8,7
NBA,2013,BKN,82,44,38,0,0.537,44,38,6,8
NBA,2013,DET,82,44,38,0,0.537,44,38,6,9
NBA,2013,PHI,82,43,39,0,0.524,43,39,4,10
NBA,2013,CLE,82,42,40,0,0.512,42,40,2,11
NBA,2013,DAL,82,42,40,0,0.512,42,40,2,12
NBA,2013,HOU,82,42,40,0,0.512,42,40,2,13
NBA,2013,MEM,82,42,40,0,0.512,42,40,2,14
NBA,2013,MIA,82,42,40,0,0.512,42,40,2,15
NBA,2013,LAC,82,41,41,0,0.5,41,41,0,16
NBA,2013,IND,82,40,42,0,0.488,40,42,-2,17
NBA,2013,NYK,82,40,42,0,0.488,40,42,-2,18
NBA,2013,TOR,82,40,42,0,0.488,40,42,-2,19
NBA,2013,DEN,82,39,43,0,0.476,39,43,-4,20
NBA,2013,LAL,82,39,43,0,0.476,39,43,-4,21
NBA,2013,NOP,82,39,43,0,0.476,39,43,-4,22
NBA,2013,OKC,82,39,43,0,0.476,39,43,-4,23
NBA,2013,SAC,82,39,43,0,0.476,39,43,-4,24
NBA,2013,CHA,82,38,44,0,0.463,38,44,-6,25
NBA,2013,BOS,82,36,46,0,0.439,36,46,-10,26
NBA,2013,MIL,82,36,46,0,0.439,36,46,-10,27
NBA,2013,MIN,82,34,48,0,0.415,34,48,-14,28
NBA,2013,ORL,82,33,49,0,0.402,33,49,-16,29
NBA,2013,ATL,82,29,53,0,0.354,29,53,-24,30
NBA,2014,MIA,82,48,34,0,0.585,48,34,14,1
NBA,2014,PHX,82,48,34,0,0.585,48,34,14,2
NBA,2014,POR,82,48,34,0,0.585,48,34,14,3
NBA,2014,LAL,82,47,35,0,0.573,47,35,12,4
NBA,2014,OKC,82,47,35,0,0.573,47,35,12,5
NBA,2014,BOS,82,46,36,0,0.561,46,36,10,6
NBA,2014,GSW,82,46,36,0,0.561,46,36,10,7
NBA,2014,ORL,82,46,36,0,0.561,46,36,10,8
NBA,2014,CHI,82,45,37,0,0.549,45,37,8,9
NBA,2014,CHA,82,44,38,0,0.537,44,38,6,10
NBA,2014,UTA,82,44,38,0,0.537,44,38,6,11
NBA,2014,LAC,82,43,39,0,0.524,43,39,4,12
NBA,2014,NOP,82,43,39,0,0.524,43,39,4,13
NBA,2014,DET,82,42,40,0,0.512,42,40,2,14
NBA,2014,IND,82,42,40,0,0.512,42,40,2,15
NBA,2014,NYK,82,41,41,0,0.5,41,41,0,16
NBA,2014,SAC,82,40,42,0,0.488,40,42,-2,17
NBA,2014,MIL,82,39,43,0,0.476,39,43,-4,18
NBA,2014,SAS,82,39,43,0,0.476,39,43,-4,19
NBA,2014,BKN,82,38,44,0,0.463,38,44,-6,20
NBA,2014,TOR,82,38,44,0,0.463,38,44,-6,21
NBA,2014,MEM,82,37,45,0,0.451,37,45,-8,22
NBA,2014,ATL,82,36,46,0,0.439,36,46,-10,23
NBA,2014,PHI,82,36,46,0,0.439,36,46,-10,24
NBA,2014,CLE,82,35,47,0,0.427,35,47,-12,25
NBA,2014,DAL,82,35,47,0,0.427,35,47,-12,26
NBA,2014,HOU,82,35,47,0,0.427,35,47,-12,27
NBA,2014,DEN,82,34,48,0,0.415,34,48,-14,28
NBA,2014,MIN,82,34,48,0,0.415,34,48,-14,29
NBA,2014,WAS,82,34,48,0,0.415,34,48,-14,30
NBA,2015,NOP,82,49,33,0,0.598,49,33,16,1
NBA,2015,CLE,82,46,36,0,0.561,46,36,10,2
NBA,2015,PHX,82,46,36,0,0.561,46,36,10,3
NBA,2015,SAC,82,46,36,0,0.561,46,36,10,4
NBA,2015,CHI,82,45,37,0,0.549,45,37,8,5
NBA,2015,DET,82,45,37,0,0.549,45,37,8,6
NBA,2015,HOU,82,45,37,0,0.549,45,37,8,7
NBA,2015,MIA,82,45,37,0,0.549,45,37,8,8
NBA,2015,MIN,82,45,37,0,0.549,45,37,8,9
NBA,2015,LAL,82,44,38,0,0.537,44,38,6,10
NBA,2015,MEM,82,44,38,0,0.537,44,38,6,11
NBA,2015,ATL,82,43,39,0,0.524,43,39,4,12
NBA,2015,GSW,82,43,39,0,0.524,43,39,4,13
NBA,2015,UTA,82,43,39,0,0.524,43,39,4,14
NBA,2015,CHA,82,42,40,0,0.512,42,40,2,15
NBA,2015,TOR,82,42,40,0,0.512,42,40,2,16
NBA,2015,LAC,82,41,41,0,0.5,41,41,0,17
NBA,2015,MIL,82,41,41,0,0.5,41,41,0,18
NBA,2015,WAS,82,41,41,0,0.5,41,41,0,19
NBA,2015,DEN,82,40,42,0,0.488,40,42,-2,20
NBA,2015,OKC,82,40,42,0,0.488,40,42,-2,21
NBA,2015,DAL,82,37,45,0,0.451,37,45,-8,22
NBA,2015,NYK,82,37,45,0,0.451,37,45,-8,23
NBA,2015,ORL,82,37,45,0,0.451,37,45,-8,24
NBA,2015,PHI,82,36,46,0,0.439,36,46,-10,25
NBA,2015,BOS,82,35,47,0,0.427,35,47,-12,26
NBA,2015,IND,82,34,48,0,0.415,34,48,-14,27
NBA,2015,SAS,82,34,48,0,0.415,34,48,-14,28
NBA,2015,BKN,82,33,49,0,0.402,33,49,-16,29
NBA,2015,POR,82,31,51,0,0.378,31,51,-20,30
NBA,2016,ATL,82,52,30,0,0.634,52,30,22,1
NBA,2016,LAC,82,46,36,0,0.561,46,36,10,2
NBA,2016,CHI,82,45,37,0,0.549,45,37,8,3
NBA,2016,NOP,82,45,37,0,0.549,45,37,8,4
NBA,2016,HOU,82,44,38,0,0.537,44,38,6,5
NBA,2016,BKN,82,43,39,0,0.524,43,39,4,6
NBA,2016,MEM,82,43,39,0,0.524,43,39,4,7
NBA,2016,MIL,82,43,39,0,0.524,43,39,4,8
NBA,2016,SAS,82,43,39,0,0.524,43,39,4,9
NBA,2016,TOR,82,43,39,0,0.524,43,39,4,10
NBA,2016,NYK,82,42,40,0,0.512,42,40,2,11
NBA,2016,POR,82,42,40,0,0.512,42,40,2,12
NBA,2016,BOS,82,41,41,0,0.5,41,41,0,13
NBA,2016,CLE,82,41,41,0,0.5,41,41,0,14
NBA,2016,DEN,82,41,41,0,0.5,41,41,0,15
NBA,2016,GSW,82,41,41,0,0.5,41,41,0,16
NBA,2016,IND,82,41,41,0,0.5,41,41,0,17
NBA,2016,LAL,82,40,42,0,0.488,40,42,-2,18
NBA,2016,OKC,82,40,42,0,0.488,40,42,-2,19
NBA,2016,PHI,82,40,42,0,0.488,40,42,-2,20
NBA,2016,UTA,82,40,42,0,0.488,40,42,-2,21
NBA,2016,DAL,82,39,43,0,0.476,39,43,-4,22
NBA,2016,PHX,82,39,43,0,0.476,39,43,-4,23
NBA,2016,DET,82,38,44,0,0.463,38,44,-6,24
NBA,2016,ORL,82,38,44,0,0.463,38,44,-6,25
NBA,2016,WAS,82,38,44,0,0.463,38,44,-6,26
NBA,2016,CHA,82,37,45,0,0.451,37,45,-8,27
NBA,2016,MIN,82,37,45,0,0.451,37,45,-8,28
NBA,2016,SAC,82,35,47,0,0.427,35,47,-12,29
NBA,2016,MIA,82,33,49,0,0.402,33,49,-16,30
NBA,2017,ATL,82,50,32,0,0.61,50,32,18,1
NBA,2017,GSW,82,49,33,0,0.598,49,33,16,2
NBA,2017,DEN,82,48,34,0,0.585,48,34,14,3
NBA,2017,WAS,82,48,34,0,0.585,48,34,14,4
NBA,2017,CHI,82,46,36,0,0.561,46,36,10,5
NBA,2017,NYK,82,45,37,0,0.549,45,37,8,6
NBA,2017,UTA,82,45,37,0,0.549,45,37,8,7
NBA,2017,HOU,82,44,38,0,0.537,44,38,6,8
NBA,2017,MIN,82,44,38,0,0.537,44,38,6,9
NBA,2017,BKN,82,43,39,0,0.524,43,39,4,10
NBA,2017,SAC,82,42,40,0,0.512,42,40,2,11
NBA,2017,SAS,82,42,40,0,0.512,42,40,2,12
NBA,2017,CHA,82,41,41,0,0.5,41,41,0,13
NBA,2017,IND,82,41,41,0,0.5,41,41,0,14
NBA,2017,LAL,82,41,41,0,0.5,41,41,0,15
NBA,2017,MIA,82,41,41,0,0.5,41,41,0,16
NBA,2017,POR,82,41,41,0,0.5,41,41,0,17
NBA,2017,BOS,82,40,42,0,0.488,40,42,-2,18
NBA,2017,CLE,82,40,42,0,0.488,40,42,-2,19
NBA,2017,PHI,82,40,42,0,0.488,40,42,-2,20
NBA,2017,TOR,82,40,42,0,0.488,40,42,-2,21
NBA,2017,ORL,82,38,44,0,0.463,38,44,-6,22
NBA,2017,DAL,82,37,45,0,0.451,37,45,-8,23
NBA,2017,LAC,82,37,45,0,0.451,37,45,-8,24
NBA,2017,MIL,82,37,45,0,0.451,37,45,-8,25
NBA,2017,PHX,82,37,45,0,0.451,37,45,-8,26
NBA,2017,OKC,82,36,46,0,0.439,36,46,-10,27
NBA,2017,NOP,82,35,47,0,0.427,35,47,-12,28
NBA,2017,DET,82,31,51,0,0.378,31,51,-20,29
NBA,2017,MEM,82,31,51,0,0.378,31,51,-20,30
NBA,2018,LAC,82,51,31,0,0.622,51,31,20,1
NBA,2018,POR,82,51,31,0,0.622,51,31,20,2
NBA,2018,NOP,82,50,32,0,0.61,50,32,18,3
NBA,2018,DET,82,49,33,0,0.598,49,33,16,4
NBA,2018,SAC,82,46,36,0,0.561,46,36,10,5
NBA,2018,PHI,81,45,36,0,0.556,45,36,9,6
NBA,2018,MIA,82,45,37,0,0.549,45,37,8,7
NBA,2018,ORL,82,45,37,0,0.549,45,37,8,8
NBA,2018,CLE,82,44,38,0,0.537,44,38,6,9
NBA,2018,ATL,82,43,39,0,0.524,43,39,4,10
NBA,2018,CHA,82,42,40,0,0.512,42,40,2,11
NBA,2018,DAL,82,42,40,0,0.512,42,40,2,12
NBA,2018,MEM,82,42,40,0,0.512,42,40,2,13
NBA,2018,WAS,82,42,40,0,0.512,42,40,2,14
NBA,2018,CHI,82,40,42,0,0.488,40,42,-2,15
NBA,2018,NYK,82,40,42,0,0.488,40,42,-2,16
NBA,2018,HOU,82,39,43,0,0.476,39,43,-4,17
NBA,2018,MIN,82,39,43,0,0.476,39,43,-4,18
NBA,2018,TOR,82,39,43,0,0.476,39,43,-4,19
NBA,2018,IND,82,38,44,0,0.463,38,44,-6,20
NBA,2018,MIL,82,38,44,0,0.463,38,44,-6,21
NBA,2018,PHX,82,38,44,0,0.463,38,44,-6,22
NBA,2018,SAS,82,37,45,0,0.451,37,45,-8,23
NBA,2018,UTA,82,37,45,0,0.451,37,45,-8,24
NBA,2018,GSW,81,36,45,0,0.444,36,45,-9,25
NBA,2018,BOS,81,35,46,0,0.432,35,46,-11,26
NBA,2018,BKN,82,35,47,0,0.427,35,47,-12,27
NBA,2018,DEN,82,35,47,0,0.427,35,47,-12,28
NBA,2018,OKC,81,33,48,0,0.407,33,48,-15,29
NBA,2018,LAL,82,32,50,0,0.39,32,50,-18,30
NBA,2019,IND,73,44,29,0,0.603,44,29,15,1
NBA,2019,BKN,72,42,30,0,0.583,42,30,12,2
NBA,2019,BOS,72,41,31,0,0.569,41,31,10,3
NBA,2019,CLE,65,37,28,0,0.569,37,28,9,4
NBA,2019,PHI,73,40,33,0,0.548,40,33,7,5
NBA,2019,NYK,66,36,30,0,0.545,36,30,6,6
NBA,2019,LAL,71,38,33,0,0.535,38,33,5,7
NBA,2019,MIL,73,39,34,0,0.534,39,34,5,8
NBA,2019,OKC,72,38,34,0,0.528,38,34,4,9
NBA,2019,GSW,65,34,31,0,0.523,34,31,3,10
NBA,2019,MEM,73,38,35,0,0.521,38,35,3,11
NBA,2019,DET,66,34,32,0,0.515,34,32,2,12
NBA,2019,HOU,72,37,35,0,0.514,37,35,2,13
NBA,2019,UTA,72,37,35,0,0.514,37,35,2,14
NBA,2019,WAS,72,37,35,0,0.514,37,35,2,15
NBA,2019,ORL,73,37,36,0,0.507,37,36,1,16
NBA,2019,SAS,71,36,35,0,0.507,36,35,1,17
NBA,2019,TOR,72,36,36,0,0.5,36,36,0,18
NBA,2019,NOP,72,35,37,0,0.486,35,37,-2,19
NBA,2019,MIA,73,35,38,0,0.479,35,38,-3,20
NBA,2019,CHA,65,31,34,0,0.477,31,34,-3,21
NBA,2019,CHI,65,31,34,0,0.477,31,34,-3,22
NBA,2019,DEN,73,34,39,0,0.466,34,39,-5,23
NBA,2019,LAC,72,33,39,0,0.458,33,39,-6,24
NBA,2019,ATL,67,30,37,0,0.448,30,37,-7,25
NBA,2019,POR,74,33,41,0,0.446,33,41,-8,26
NBA,2019,MIN,64,28,36,0,0.438,28,36,-8,27
NBA,2019,SAC,72,30,42,0,0.417,30,42,-12,28
NBA,2019,DAL,75,31,44,0,0.413,31,44,-13,29
NBA,2019,PHX,73,27,46,0,0.37,27,46,-19,30
NBA,2020,ATL,72,45,27,0,0.625,45,27,18,1
NBA,2020,CHI,72,42,30,0,0.583,42,30,12,2
NBA,2020,DEN,72,41,31,0,0.569,41,31,10,3
NBA,2020,PHX,72,41,31,0,0.569,41,31,10,4
NBA,2020,TOR,72,41,31,0,0.569,41,31,10,5
NBA,2020,MEM,72,40,32,0,0.556,40,32,8,6
NBA,2020,ORL,72,40,32,0,0.556,40,32,8,7
NBA,2020,LAL,72,39,33,0,0.542,39,33,6,8
NBA,2020,MIN,72,39,33,0,0.542,39,33,6,9
NBA,2020,SAS,72,38,34,0,0.528,38,34,4,10
NBA,2020,IND,72,37,35,0,0.514,37,35,2,11
NBA,2020,LAC,72,37,35,0,0.514,37,35,2,12
NBA,2020,NOP,72,37,35,0,0.514,37,35,2,13
NBA,2020,UTA,72,37,35,0,0.514,37,35,2,14
NBA,2020,BKN,72,36,36,0,0.5,36,36,0,15
NBA,2020,CHA,72,36,36,0,0.5,36,36,0,16
NBA,2020,POR,72,36,36,0,0.5,36,36,0,17
NBA,2020,SAC,72,36,36,0,0.5,36,36,0,18
NBA,2020,CLE,72,35,37,0,0.486,35,37,-2,19
NBA,2020,GSW,72,35,37,0,0.486,35,37,-2,20
NBA,2020,MIL,72,35,37,0,0.486,35,37,-2,21
NBA,2020,OKC,72,34,38,0,0.472,34,38,-4,22
NBA,2020,WAS,72,33,39,0,0.458,33,39,-6,23
NBA,2020,DAL,72,32,40,0,0.444,32,40,-8,24
NBA,2020,NYK,72,32,40,0,0.444,32,40,-8,25
NBA,2020,PHI,72,31,41,0,0.431,31,41,-10,26
NBA,2020,BOS,72,30,42,0,0.417,30,42,-12,27
NBA,2020,DET,72,29,43,0,0.403,29,43,-14,28
NBA,2020,HOU,72,28,44,0,0.389,28,44,-16,29
NBA,2020,MIA,72,28,44,0,0.389,28,44,-16,30
NBA,2021,ORL,82,54,28,0,0.659,54,28,26,1
NBA,2021,IND,82,49,33,0,0.598,49,33,16,2
NBA,2021,NOP,82,49,33,0,0.598,49,33,16,3
NBA,2021,POR,82,47,35,0,0.573,47,35,12,4
NBA,2021,PHI,82,46,36,0,0.561,46,36,10,5
NBA,2021,ATL,82,44,38,0,0.537,44,38,6,6
NBA,2021,CHA,82,44,38,0,0.537,44,38,6,7
NBA,2021,CHI,82,43,39,0,0.524,43,39,4,8
NBA,2021,GSW,82,43,39,0,0.524,43,39,4,9
NBA,2021,PHX,82,43,39,0,0.524,43,39,4,10
NBA,2021,LAL,82,42,40,0,0.512,42,40,2,11
NBA,2021,MEM,82,41,41,0,0.5,41,41,0,12
NBA,2021,DAL,82,40,42,0,0.488,40,42,-2,13
NBA,2021,HOU,82,40,42,0,0.488,40,42,-2,14
NBA,2021,NYK,82,40,42,0,0.488,40,42,-2,15
NBA,2021,UTA,82,40,42,0,0.488,40,42,-2,16
NBA,2021,WAS,82,40,42,0,0.488,40,42,-2,17
NBA,2021,BKN,82,39,43,0,0.476,39,43,-4,18
NBA,2021,BOS,82,39,43,0,0.476,39,43,-4,19
NBA,2021,DET,82,39,43,0,0.476,39,43,-4,20
NBA,2021,MIA,82,39,43,0,0.476,39,43,-4,21
NBA,2021,MIL,82,38,44,0,0.463,38,44,-6,22
NBA,2021,OKC,82,38,44,0,0.463,38,44,-6,23
NBA,2021,SAS,82,38,44,0,0.463,38,44,-6,24
NBA,2021,CLE,82,37,45,0,0.451,37,45,-8,25
NBA,2021,LAC,82,37,45,0,0.451,37,45,-8,26
NBA,2021,TOR,82,37,45,0,0.451,37,45,-8,27
NBA,2021,SAC,82,36,46,0,0.439,36,46,-10,28
NBA,2021,DEN,82,35,47,0,0.427,35,47,-12,29
NBA,2021,MIN,82,33,49,0,0.402,33,49,-16,30
NBA,2022,MIN,82,53,29,0,0.646,53,29,24,1
NBA,2022,SAC,82,50,32,0,0.61,50,32,18,2
NBA,2022,DET,82,49,33,0,0.598,49,33,16,3
NBA,2022,BKN,82,47,35,0,0.573,47,35,12,4
NBA,2022,SAS,82,45,37,0,0.549,45,37,8,5
NBA,2022,DAL,82,44,38,0,0.537,44,38,6,6
NBA,2022,ORL,82,44,38,0,0.537,44,38,6,7
NBA,2022,PHX,82,44,38,0,0.537,44,38,6,8
NBA,2022,DEN,82,43,39,0,0.524,43,39,4,9
NBA,2022,LAC,82,43,39,0,0.524,43,39,4,10
NBA,2022,ATL,82,42,40,0,0.512,42,40,2,11
NBA,2022,CHA,82,41,41,0,0.5,41,41,0,12
NBA,2022,HOU,82,41,41,0,0.5,41,41,0,13
NBA,2022,MEM,82,41,41,0,0.5,41,41,0,14
NBA,2022,NOP,82,41,41,0,0.5,41,41,0,15
NBA,2022,NYK,82,41,41,0,0.5,41,41,0,16
NBA,2022,CLE,82,40,42,0,0.488,40,42,-2,17
NBA,2022,PHI,82,40,42,0,0.488,40,42,-2,18
NBA,2022,LAL,82,39,43,0,0.476,39,43,-4,19
NBA,2022,OKC,82,39,43,0,0.476,39,43,-4,20
NBA,2022,BOS,82,38,44,0,0.463,38,44,-6,21
NBA,2022,GSW,82,38,44,0,0.463,38,44,-6,22
NBA,2022,MIA,82,38,44,0,0.463,38,44,-6,23
NBA,2022,MIL,82,38,44,0,0.463,38,44,-6,24
NBA,2022,CHI,82,37,45,0,0.451,37,45,-8,25
NBA,2022,TOR,82,37,45,0,0.451,37,45,-8,26
NBA,2022,WAS,82,36,46,0,0.439,36,46,-10,27
NBA,2022,IND,82,35,47,0,0.427,35,47,-12,28
NBA,2022,POR,82,33,49,0,0.402,33,49,-16,29
NBA,2022,UTA,82,33,49,0,0.402,33,49,-16,30
NBA,2023,MEM,82,49,33,0,0.598,49,33,16,1
NBA,2023,LAC,82,47,35,0,0.573,47,35,12,2
NBA,2023,MIA,82,46,36,0,0.561,46,36,10,3
NBA,2023,PHI,82,46,36,0,0.561,46,36,10,4
NBA,2023,TOR,82,45,37,0,0.549,45,37,8,5
NBA,2023,WAS,82,45,37,0,0.549,45,37,8,6
NBA,2023,HOU,82,44,38,0,0.537,44,38,6,7
NBA,2023,ORL,82,44,38,0,0.537,44,38,6,8
NBA,2023,PHX,82,44,38,0,0.537,44,38,6,9
NBA,2023,DEN,82,43,39,0,0.524,43,39,4,10
NBA,2023,UTA,82,43,39,0,0.524,43,39,4,11
NBA,2023,BKN,82,42,40,0,0.512,42,40,2,12
NBA,2023,BOS,82,42,40,0,0.512,42,40,2,13
NBA,2023,CHA,82,42,40,0,0.512,42,40,2,14
NBA,2023,CHI,82,42,40,0,0.512,42,40,2,15
NBA,2023,SAS,82,42,40,0,0.512,42,40,2,16
NBA,2023,MIL,82,40,42,0,0.488,40,42,-2,17
NBA,2023,CLE,82,39,43,0,0.476,39,43,-4,18
NBA,2023,DET,82,39,43,0,0.476,39,43,-4,19
NBA,2023,NOP,82,39,43,0,0.476,39,43,-4,20
NBA,2023,IND,83,39,44,0,0.47,39,44,-5,21
NBA,2023,ATL,82,38,44,0,0.463,38,44,-6,22
NBA,2023,POR,82,38,44,0,0.463,38,44,-6,23
NBA,2023,SAC,82,38,44,0,0.463,38,44,-6,24
NBA,2023,LAL,83,38,45,0,0.458,38,45,-7,25
NBA,2023,MIN,82,37,45,0,0.451,37,45,-8,26
NBA,2023,NYK,82,37,45,0,0.451,37,45,-8,27
NBA,2023,OKC,82,37,45,0,0.451,37,45,-8,28
NBA,2023,DAL,82,35,47,0,0.427,35,47,-12,29
NBA,2023,GSW,82,31,51,0,0.378,31,51,-20,30
NBA,2024,CHA,82,50,32,0,0.61,50,32,18,1
NBA,2024,OKC,83,49,34,0,0.59,49,34,15,2
NBA,2024,NYK,82,47,35,0,0.573,47,35,12,3
NBA,2024,GSW,82,46,36,0,0.561,46,36,10,4
NBA,2024,LAC,82,46,36,0,0.561,46,36,10,5
NBA,2024,MIA,82,46,36,0,0.561,46,36,10,6
NBA,2024,PHI,82,46,36,0,0.561,46,36,10,7
NBA,2024,POR,82,45,37,0,0.549,45,37,8,8
NBA,2024,DAL,82,44,38,0,0.537,44,38,6,9
NBA,2024,DET,82,44,38,0,0.537,44,38,6,10
NBA,2024,HOU,82,44,38,0,0.537,44,38,6,11
NBA,2024,MEM,82,44,38,0,0.537,44,38,6,12
NBA,2024,CLE,82,42,40,0,0.512,42,40,2,13
NBA,2024,ATL,82,41,41,0,0.5,41,41,0,14
NBA,2024,IND,82,41,41,0,0.5,41,41,0,15
NBA,2024,LAL,82,40,42,0,0.488,40,42,-2,16
NBA,2024,ORL,82,40,42,0,0.488,40,42,-2,17
NBA,2024,DEN,82,39,43,0,0.476,39,43,-4,18
NBA,2024,MIN,82,39,43,0,0.476,39,43,-4,19
NBA,2024,SAC,82,39,43,0,0.476,39,43,-4,20
NBA,2024,TOR,82,39,43,0,0.476,39,43,-4,21
NBA,2024,MIL,83,39,44,0,0.47,39,44,-5,22
NBA,2024,WAS,82,38,44,0,0.463,38,44,-6,23
NBA,2024,UTA,82,37,45,0,0.451,37,45,-8,24
NBA,2024,SAS,82,36,46,0,0.439,36,46,-10,25
NBA,2024,BKN,82,35,47,0,0.427,35,47,-12,26
NBA,2024,BOS,82,35,47,0,0.427,35,47,-12,27
NBA,2024,NOP,82,35,47,0,0.427,35,47,-12,28
NBA,2024,CHI,82,33,49,0,0.402,33,49,-16,29
NBA,2024,PHX,82,32,50,0,0.39,32,50,-18,30
NFL,1966,ARI,14,9,5,0,0.643,9,5,4,1
NFL,1966,BUF,14,9,5,0,0.643,9,5,4,2
NFL,1966,DEN,14,9,5,0,0.643,9,5,4,3
NFL,1966,GB,14,9,5,0,0.643,9,5,4,4
NFL,1966,IND,14,9,5,0,0.643,9,5,4,5
NFL,1966,KC,14,9,5,0,0.643,9,5,4,6
NFL,1966,PIT,14,9,5,0,0.643,9,5,4,7
NFL,1966,LAC,14,8,6,0,0.571,8,6,2,8
NFL,1966,LAR,14,8,6,0,0.571,8,6,2,9
NFL,1966,PHI,14,8,6,0,0.571,8,6,2,10
NFL,1966,ATL,14,7,7,0,0.5,7,7,0,11
NFL,1966,CLE,14,7,7,0,0.5,7,7,0,12
NFL,1966,DET,14,7,7,0,0.5,7,7,0,13
NFL,1966,LV,14,7,7,0,0.5,7,7,0,14
NFL,1966,MIN,14,7,7,0,0.5,7,7,0,15
NFL,1966,NE,14,7,7,0,0.5,7,7,0,16
NFL,1966,DAL,14,6,8,0,0.429,6,8,-2,17
NFL,1966,MIA,14,6,8,0,0.429,6,8,-2,18
NFL,1966,NYG,14,6,8,0,0.429,6,8,-2,19
NFL,1966,SF,14,6,8,0,0.429,6,8,-2,20
NFL,1966,CHI,14,5,9,0,0.357,5,9,-4,21
NFL,1966,TEN,14,5,9,0,0.357,5,9,-4,22
NFL,1966,NYJ,14,3,11,0,0.214,3,11,-8,23
NFL,1966,WAS,14,2,12,0,0.143,2,12,-10,24
NFL,1967,ATL,14,10,4,0,0.714,10,4,6,1
NFL,1967,LV,14,10,4,0,0.714,10,4,6,2
NFL,1967,NO,14,10,4,0,0.714,10,4,6,3
NFL,1967,CHI,14,9,5,0,0.643,9,5,4,4
NFL,1967,MIA,14,9,5,0,0.643,9,5,4,5
NFL,1967,GB,14,8,6,0,0.571,8,6,2,6
NFL,1967,KC,14,8,6,0,0.571,8,6,2,7
NFL,1967,NYG,14,8,6,0,0.571,8,6,2,8
NFL,1967,PHI,14,8,6,0,0.571,8,6,2,9
NFL,1967,BUF,14,7,7,0,0.5,7,7,0,10
NFL,1967,DAL,14,7,7,0,0.5,7,7,0,11
NFL,1967,DEN,14,7,7,0,0.5,7,7,0,12
NFL,1967,IND,14,7,7,0,0.5,7,7,0,13
NFL,1967,NE,14,7,7,0,0.5,7,7,0,14
NFL,1967,DET,14,6,8,0,0.429,6,8,-2,15
NFL,1967,LAR,14,6,8,0,0.429,6,8,-2,16
NFL,1967,MIN,14,6,8,0,0.429,6,8,-2,17
NFL,1967,SF,14,6,8,0,0.429,6,8,-2,18
NFL,1967,WAS,14,6,8,0,0.429,6,8,-2,19
NFL,1967,ARI,14,5,9,0,0.357,5,9,-4,20
NFL,1967,CLE,14,5,9,0,0.357,5,9,-4,21
NFL,1967,LAC,14,5,9,0,0.357,5,9,-4,22
NFL,1967,NYJ,14,5,9,0,0.357,5,9,-4,23
NFL,1967,PIT,14,5,9,0,0.357,5,9,-4,24
NFL,1967,TEN,14,5,9,0,0.357,5,9,-4,25
NFL,1968,ARI,14,9,5,0,0.643,9,5,4,1
NFL,1968,DET,14,9,5,0,0.643,9,5,4,2
NFL,1968,KC,14,9,5,0,0.643,9,5,4,3
NFL,1968,NO,14,9,5,0,0.643,9,5,4,4
NFL,1968,SF,14,9,5,0,0.643,9,5,4,5
NFL,1968,TEN,14,9,5,0,0.643,9,5,4,6
NFL,1968,ATL,14,8,6,0,0.571,8,6,2,7
NFL,1968,BUF,14,8,6,0,0.571,8,6,2,8
NFL,1968,CHI,14,8,6,0,0.571,8,6,2,9
NFL,1968,NYG,14,8,6,0,0.571,8,6,2,10
NFL,1968,CLE,14,7,7,0,0.5,7,7,0,11
NFL,1968,GB,14,7,7,0,0.5,7,7,0,12
NFL,1968,LAC,14,7,7,0,0.5,7,7,0,13
NFL,1968,LAR,14,7,7,0,0.5,7,7,0,14
NFL,1968,LV,14,7,7,0,0.5,7,7,0,15
NFL,1968,NE,14,7,7,0,0.5,7,7,0,16
NFL,1968,WAS,14,7,7,0,0.5,7,7,0,17
NFL,1968,CIN,14,6,8,0,0.429,6,8,-2,18
NFL,1968,MIA,14,6,8,0,0.429,6,8,-2,19
NFL,1968,MIN,14,6,8,0,0.429,6,8,-2,20
NFL,1968,NYJ,14,6,8,0,0.429,6,8,-2,21
NFL,1968,PHI,14,6,8,0,0.429,6,8,-2,22
NFL,1968,DAL,14,5,9,0,0.357,5,9,-4,23
NFL,1968,DEN,14,5,9,0,0.357,5,9,-4,24
NFL,1968,PIT,14,4,10,0,0.286,4,10,-6,25
NFL,1968,IND,14,3,11,0,0.214,3,11,-8,26
NFL,1969,NE,14,11,3,0,0.786,11,3,8,1
NFL,1969,CLE,14,10,4,0,0.714,10,4,6,2
NFL,1969,GB,14,10,4,0,0.714,10,4,6,3
NFL,1969,LAR,14,10,4,0,0.714,10,4,6,4
NFL,1969,NYG,14,9,5,0,0.643,9,5,4,5
NFL,1969,TEN,14,9,5,0,0.643,9,5,4,6
NFL,1969,DAL,14,8,6,0,0.571,8,6,2,7
NFL,1969,DEN,14,8,6,0,0.571,8,6,2,8
NFL,1969,DET,14,8,6,0,0.571,8,6,2,9
NFL,1969,IND,14,8,6,0,0.571,8,6,2,10
NFL,1969,KC,14,8,6,0,0.571,8,6,2,11
NFL,1969,CHI,14,7,7,0,0.5,7,7,0,12
NFL,1969,NYJ,14,7,7,0,0.5,7,7,0,13
NFL,1969,SF,14,7,7,0,0.5,7,7,0,14
NFL,1969,CIN,14,6,8,0,0.429,6,8,-2,15
NFL,1969,LAC,14,6,8,0,0.429,6,8,-2,16
NFL,1969,LV,14,6,8,0,0.429,6,8,-2,17
NFL,1969,MIN,14,6,8,0,0.429,6,8,-2,18
NFL,1969,ARI,14,5,9,0,0.357,5,9,-4,19
NFL,1969,ATL,14,5,9,0,0.357,5,9,-4,20
NFL,1969,MIA,14,5,9,0,0.357,5,9,-4,21
NFL,1969,NO,14,5,9,0,0.357,5,9,-4,22
NFL,1969,PIT,14,5,9,0,0.357,5,9,-4,23
NFL,1969,WAS,14,5,9,0,0.357,5,9,-4,24
NFL,1969,BUF,14,4,10,0,0.286,4,10,-6,25
NFL,1969,PHI,14,4,10,0,0.286,4,10,-6,26
NFL,1970,DAL,14,11,3,0,0.786,11,3,8,1
NFL,1970,CHI,14,10,4,0,0.714,10,4,6,2
NFL,1970,KC,14,10,4,0,0.714,10,4,6,3
NFL,1970,NYJ,14,10,4,0,0.714,10,4,6,4
NFL,1970,ATL,14,9,5,0,0.643,9,5,4,5
NFL,1970,NE,14,9,5,0,0.643,9,5,4,6
NFL,1970,PIT,14,9,5,0,0.643,9,5,4,7
NFL,1970,WAS,14,9,5,0,0.643,9,5,4,8
NFL,1970,NO,14,8,6,0,0.571,8,6,2,9
NFL,1970,CIN,14,7,7,0,0.5,7,7,0,10
NFL,1970,GB,14,7,7,0,0.5,7,7,0,11
NFL,1970,IND,14,7,7,0,0.5,7,7,0,12
NFL,1970,LV,14,7,7,0,0.5,7,7,0,13
NFL,1970,MIA,14,7,7,0,0.5,7,7,0,14
NFL,1970,SF,14,7,7,0,0.5,7,7,0,15
NFL,1970,ARI,14,6,8,0,0.429,6,8,-2,16
NFL,1970,CLE,14,6,8,0,0.429,6,8,-2,17
NFL,1970,DET,14,6,8,0,0.429,6,8,-2,18
NFL,1970,LAC,14,6,8,0,0.429,6,8,-2,19
NFL,1970,NYG,14,6,8,0,0.429,6,8,-2,20
NFL,1970,BUF,14,5,9,0,0.357,5,9,-4,21
NFL,1970,DEN,14,5,9,0,0.357,5,9,-4,22
NFL,1970,PHI,14,5,9,0,0.357,5,9,-4,23
NFL,1970,TEN,14,4,10,0,0.286,4,10,-6,24
NFL,1970,LAR,14,3,11,0,0.214,3,11,-8,25
NFL,1970,MIN,14,3,11,0,0.214,3,11,-8,26
NFL,1971,DEN,14,12,2,0,0.857,12,2,10,1
NFL,1971,BUF,14,11,3,0,0.786,11,3,8,2
NFL,1971,IND,14,10,4,0,0.714,10,4,6,3
NFL,1971,PHI,14,10,4,0,0.714,10,4,6,4
NFL,1971,NE,14,9,5,0,0.643,9,5,4,5
NFL,1971,WAS,14,9,5,0,0.643,9,5,4,6
NFL,1971,CHI,14,8,6,0,0.571,8,6,2,7
NFL,1971,NO,14,8,6,0,0.571,8,6,2,8
NFL,1971,NYG,14,8,6,0,0.571,8,6,2,9
NFL,1971,PIT,14,8,6,0,0.571,8,6,2,10
NFL,1971,ATL,14,7,7,0,0.5,7,7,0,11
NFL,1971,DAL,14,7,7,0,0.5,7,7,0,12
NFL,1971,DET,14,7,7,0,0.5,7,7,0,13
NFL,1971,KC,14,7,7,0,0.5,7,7,0,14
NFL,1971,LAC,14,7,7,0,0.5,7,7,0,15
NFL,1971,TEN,14,7,7,0,0.5,7,7,0,16
NFL,1971,GB,14,6,8,0,0.429,6,8,-2,17
NFL,1971,LAR,14,6,8,0,0.429,6,8,-2,18
NFL,1971,SF,14,6,8,0,0.429,6,8,-2,19
NFL,1971,CLE,14,5,9,0,0.357,5,9,-4,20
NFL,1971,MIA,14,5,9,0,0.357,5,9,-4,21
NFL,1971,MIN,14,5,9,0,0.357,5,9,-4,22
NFL,1971,ARI,14,4,10,0,0.286,4,10,-6,23
NFL,1971,CIN,14,4,10,0,0.286,4,10,-6,24
NFL,1971,LV,14,3,11,0,0.214,3,11,-8,25
NFL,1971,NYJ,14,3,11,0,0.214,3,11,-8,26
NFL,1972,ATL,14,10,4,0,0.714,10,4,6,1
NFL,1972,IND,14,10,4,0,0.714,10,4,6,2
NFL,1972,TEN,14,10,4,0,0.714,10,4,6,3
NFL,1972,LV,14,9,5,0,0.643,9,5,4,4
NFL,1972,WAS,14,9,5,0,0.643,9,5,4,5
NFL,1972,ARI,14,8,6,0,0.571,8,6,2,6
NFL,1972,DET,14,8,6,0,0.571,8,6,2,7
NFL,1972,LAC,14,8,6,0,0.571,8,6,2,8
NFL,1972,NO,14,8,6,0,0.571,8,6,2,9
NFL,1972,NYG,14,8,6,0,0.571,8,6,2,10
NFL,1972,NYJ,14,8,6,0,0.571,8,6,2,11
NFL,1972,BUF,14,7,7,0,0.5,7,7,0,12
NFL,1972,CIN,14,7,7,0,0.5,7,7,0,13
NFL,1972,DEN,14,7,7,0,0.5,7,7,0,14
NFL,1972,LAR,14,7,7,0,0.5,7,7,0,15
NFL,1972,MIN,14,7,7,0,0.5,7,7,0,16
NFL,1972,CHI,14,6,8,0,0.429,6,8,-2,17
NFL,1972,GB,14,6,8,0,0.429,6,8,-2,18
NFL,1972,MIA,14,6,8,0,0.429,6,8,-2,19
NFL,1972,NE,14,6,8,0,0.429,6,8,-2,20
NFL,1972,DAL,14,5,9,0,0.357,5,9,-4,21
NFL,1972,PIT,14,5,9,0,0.357,5,9,-4,22
NFL,1972,SF,14,5,9,0,0.357,5,9,-4,23
NFL,1972,CLE,14,4,10,0,0.286,4,10,-6,24
NFL,1972,KC,14,4,10,0,0.286,4,10,-6,25
NFL,1972,PHI,14,4,10,0,0.286,4,10,-6,26
NFL,1973,CLE,14,11,3,0,0.786,11,3,8,1
NFL,1973,NYG,14,11,3,0,0.786,11,3,8,2
NFL,1973,DET,14,9,5,0,0.643,9,5,4,3
NFL,1973,GB,14,8,6,0,0.571,8,6,2,4
NFL,1973,IND,14,8,6,0,0.571,8,6,2,5
NFL,1973,LAR,14,8,6,0,0.571,8,6,2,6
NFL,1973,MIA,14,8,6,0,0.571,8,6,2,7
NFL,1973,TEN,14,8,6,0,0.571,8,6,2,8
NFL,1973,ATL,14,7,7,0,0.5,7,7,0,9
NFL,1973,CIN,14,7,7,0,0.5,7,7,0,10
NFL,1973,KC,14,7,7,0,0.5,7,7,0,11
NFL,1973,LV,14,7,7,0,0.5,7,7,0,12
NFL,1973,NYJ,14,7,7,0,0.5,7,7,0,13
NFL,1973,PHI,14,7,7,0,0.5,7,7,0,14
NFL,1973,PIT,14,7,7,0,0.5,7,7,0,15
NFL,1973,SF,14,7,7,0,0.5,7,7,0,16
NFL,1973,WAS,14,7,7,0,0.5,7,7,0,17
NFL,1973,BUF,14,6,8,0,0.429,6,8,-2,18
NFL,1973,DAL,14,6,8,0,0.429,6,8,-2,19
NFL,1973,DEN,14,6,8,0,0.429,6,8,-2,20
NFL,1973,MIN,14,6,8,0,0.429,6,8,-2,21
NFL,1973,NO,14,6,8,0,0.429,6,8,-2,22
NFL,1973,CHI,14,5,9,0,0.357,5,9,-4,23
NFL,1973,NE,14,5,9,0,0.357,5,9,-4,24
NFL,1973,ARI,14,4,10,0,0.286,4,10,-6,25
NFL,1973,LAC,14,4,10,0,0.286,4,10,-6,26
NFL,1974,ATL,14,10,4,0,0.714,10,4,6,1
NFL,1974,LV,14,10,4,0,0.714,10,4,6,2
NFL,1974,GB,14,9,5,0,0.643,9,5,4,3
NFL,1974,LAC,14,9,5,0,0.643,9,5,4,4
NFL,1974,ARI,14,8,6,0,0.571,8,6,2,5
NFL,1974,IND,14,8,6,0,0.571,8,6,2,6
NFL,1974,KC,14,8,6,0,0.571,8,6,2,7
NFL,1974,LAR,14,8,6,0,0.571,8,6,2,8
NFL,1974,MIA,14,8,6,0,0.571,8,6,2,9
NFL,1974,NYG,14,8,6,0,0.571,8,6,2,10
NFL,1974,CHI,14,7,7,0,0.5,7,7,0,11
NFL,1974,DAL,14,7,7,0,0.5,7,7,0,12
NFL,1974,MIN,14,7,7,0,0.5,7,7,0,13
NFL,1974,NO,14,7,7,0,0.5,7,7,0,14
NFL,1974,NYJ,14,7,7,0,0.5,7,7,0,15
NFL,1974,SF,14,7,7,0,0.5,7,7,0,16
NFL,1974,TEN,14,7,7,0,0.5,7,7,0,17
NFL,1974,WAS,14,7,7,0,0.5,7,7,0,18
NFL,1974,BUF,14,6,8,0,0.429,6,8,-2,19
NFL,1974,CIN,14,6,8,0,0.429,6,8,-2,20
NFL,1974,DET,14,6,8,0,0.429,6,8,-2,21
NFL,1974,PHI,14,6,8,0,0.429,6,8,-2,22
NFL,1974,PIT,14,6,8,0,0.429,6,8,-2,23
NFL,1974,CLE,14,4,10,0,0.286,4,10,-6,24
NFL,1974,DEN,14,3,11,0,0.214,3,11,-8,25
NFL,1974,NE,14,3,11,0,0.214,3,11,-8,26
NFL,1975,BUF,14,11,3,0,0.786,11,3,8,1
NFL,1975,GB,14,10,4,0,0.714,10,4,6,2
NFL,1975,ARI,14,9,5,0,0.643,9,5,4,3
NFL,1975,SF,14,9,5,0,0.643,9,5,4,4
NFL,1975,ATL,14,8,6,0,0.571,8,6,2,5
NFL,1975,CIN,14,8,6,0,0.571,8,6,2,6
NFL,1975,CLE,14,8,6,0,0.571,8,6,2,7
NFL,1975,DEN,14,8,6,0,0.571,8,6,2,8
NFL,1975,PHI,14,8,6,0,0.571,8,6,2,9
NFL,1975,WAS,14,8,6,0,0.571,8,6,2,10
NFL,1975,KC,14,7,7,0,0.5,7,7,0,11
NFL,1975,LAC,14,7,7,0,0.5,7,7,0,12
NFL,1975,LV,14,7,7,0,0.5,7,7,0,13
NFL,1975,PIT,14,7,7,0,0.5,7,7,0,14
NFL,1975,CHI,14,6,8,0,0.429,6,8,-2,15
NFL,1975,DAL,14,6,8,0,0.429,6,8,-2,16
NFL,1975,DET,14,6,8,0,0.429,6,8,-2,17
NFL,1975,IND,14,6,8,0,0.429,6,8,-2,18
NFL,1975,MIA,14,6,8,0,0.429,6,8,-2,19
NFL,1975,MIN,14,6,8,0,0.429,6,8,-2,20
NFL,1975,NE,14,6,8,0,0.429,6,8,-2,21
NFL,1975,NO,14,6,8,0,0.429,6,8,-2,22
NFL,1975,NYJ,14,6,8,0,0.429,6,8,-2,23
NFL,1975,LAR,14,5,9,0,0.357,5,9,-4,24
NFL,1975,NYG,14,5,9,0,0.357,5,9,-4,25
NFL,1975,TEN,14,3,11,0,0.214,3,11,-8,26
NFL,1976,MIN,14,12,2,0,0.857,12,2,10,1
NFL,1976,BUF,14,11,3,0,0.786,11,3,8,2
NFL,1976,LAR,14,10,4,0,0.714,10,4,6,3
NFL,1976,PHI,14,10,4,0,0.714,10,4,6,4
NFL,1976,IND,14,9,5,0,0.643,9,5,4,5
NFL,1976,LAC,14,9,5,0,0.643,9,5,4,6
NFL,1976,NO,14,9,5,0,0.643,9,5,4,7
NFL,1976,CLE,14,8,6,0,0.571,8,6,2,8
NFL,1976,DET,14,8,6,0,0.571,8,6,2,9
NFL,1976,ARI,14,7,7,0,0.5,7,7,0,10
NFL,1976,ATL,14,7,7,0,0.5,7,7,0,11
NFL,1976,NYJ,14,7,7,0,0.5,7,7,0,12
NFL,1976,PIT,14,7,7,0,0.5,7,7,0,13
NFL,1976,SF,14,7,7,0,0.5,7,7,0,14
NFL,1976,CIN,14,6,8,0,0.429,6,8,-2,15
NFL,1976,KC,14,6,8,0,0.429,6,8,-2,16
NFL,1976,LV,14,6,8,0,0.429,6,8,-2,17
NFL,1976,MIA,14,6,8,0,0.429,6,8,-2,18
NFL,1976,TB,14,6,8,0,0.429,6,8,-2,19
NFL,1976,TEN,14,6,8,0,0.429,6,8,-2,20
NFL,1976,WAS,14,6,8,0,0.429,6,8,-2,21
NFL,1976,DAL,14,5,9,0,0.357,5,9,-4,22
NFL,1976,DEN,14,5,9,0,0.357,5,9,-4,23
NFL,1976,GB,14,5,9,0,0.357,5,9,-4,24
NFL,1976,NE,14,5,9,0,0.357,5,9,-4,25
NFL,1976,NYG,14,5,9,0,0.357,5,9,-4,26
NFL,1976,CHI,14,4,10,0,0.286,4,10,-6,27
NFL,1976,SEA,14,4,10,0,0.286,4,10,-6,28
NFL,1977,ARI,14,9,5,0,0.643,9,5,4,1
NFL,1977,KC,14,9,5,0,0.643,9,5,4,2
NFL,1977,NYG,14,9,5,0,0.643,9,5,4,3
NFL,1977,NYJ,14,9,5,0,0.643,9,5,4,4
NFL,1977,SF,14,9,5,0,0.643,9,5,4,5
NFL,1977,TEN,14,9,5,0,0.643,9,5,4,6
NFL,1977,DET,14,8,6,0,0.571,8,6,2,7
NFL,1977,PHI,14,8,6,0,0.571,8,6,2,8
NFL,1977,TB,14,8,6,0,0.571,8,6,2,9
NFL,1977,CHI,14,7,7,0,0.5,7,7,0,10
NFL,1977,GB,14,7,7,0,0.5,7,7,0,11
NFL,1977,IND,14,7,7,0,0.5,7,7,0,12
NFL,1977,LAC,14,7,7,0,0.5,7,7,0,13
NFL,1977,LAR,14,7,7,0,0.5,7,7,0,14
NFL,1977,MIA,14,7,7,0,0.5,7,7,0,15
NFL,1977,MIN,14,7,7,0,0.5,7,7,0,16
NFL,1977,NO,14,7,7,0,0.5,7,7,0,17
NFL,1977,SEA,14,7,7,0,0.5,7,7,0,18
NFL,1977,ATL,14,6,8,0,0.429,6,8,-2,19
NFL,1977,BUF,14,6,8,0,0.429,6,8,-2,20
NFL,1977,CIN,14,6,8,0,0.429,6,8,-2,21
NFL,1977,DAL,14,6,8,0,0.429,6,8,-2,22
NFL,1977,DEN,14,6,8,0,0.429,6,8,-2,23
NFL,1977,PIT,14,6,8,0,0.429,6,8,-2,24
NFL,1977,CLE,14,5,9,0,0.357,5,9,-4,25
NFL,1977,NE,14,5,9,0,0.357,5,9,-4,26
NFL,1977,WAS,14,5,9,0,0.357,5,9,-4,27
NFL,1977,LV,14,4,10,0,0.286,4,10,-6,28
NFL,1978,DET,16,12,4,0,0.75,12,4,8,1
NFL,1978,NYJ,16,11,5,0,0.688,11,5,6,2
NFL,1978,SEA,16,11,5,0,0.688,11,5,6,3
NFL,1978,DAL,16,10,6,0,0.625,10,6,4,4
NFL,1978,LV,16,10,6,0,0.625,10,6,4,5
NFL,1978,ATL,16,9,7,0,0.562,9,7,2,6
NFL,1978,CLE,16,9,7,0,0.562,9,7,2,7
NFL,1978,DEN,16,9,7,0,0.562,9,7,2,8
NFL,1978,LAR,16,9,7,0,0.562,9,7,2,9
NFL,1978,MIA,16,9,7,0,0.562,9,7,2,10
NFL,1978,PIT,16,9,7,0,0.562,9,7,2,11
NFL,1978,TB,16,9,7,0,0.562,9,7,2,12
NFL,1978,KC,16,8,8,0,0.5,8,8,0,13
NFL,1978,NE,16,8,8,0,0.5,8,8,0,14
NFL,1978,NO,16,8,8,0,0.5,8,8,0,15
NFL,1978,NYG,16,8,8,0,0.5,8,8,0,16
NFL,1978,ARI,16,7,9,0,0.438,7,9,-2,17
NFL,1978,BUF,16,7,9,0,0.438,7,9,-2,18
NFL,1978,CIN,16,7,9,0,0.438,7,9,-2,19
NFL,1978,LAC,16,7,9,0,0.438,7,9,-2,20
NFL,1978,SF,16,7,9,0,0.438,7,9,-2,21
NFL,1978,TEN,16,7,9,0,0.438,7,9,-2,22
NFL,1978,WAS,16,7,9,0,0.438,7,9,-2,23
NFL,1978,CHI,16,6,10,0,0.375,6,10,-4,24
NFL,1978,MIN,16,6,10,0,0.375,6,10,-4,25
NFL,1978,IND,16,5,11,0,0.312,5,11,-6,26
NFL,1978,PHI,16,5,11,0,0.312,5,11,-6,27
NFL,1978,GB,16,4,12,0,0.25,4,12,-8,28
NFL,1979,LAR,16,12,4,0,0.75,12,4,8,1
NFL,1979,MIA,16,11,5,0,0.688,11,5,6,2
NFL,1979,BUF,16,10,6,0,0.625,10,6,4,3
NFL,1979,CIN,16,10,6,0,0.625,10,6,4,4
NFL,1979,DEN,16,10,6,0,0.625,10,6,4,5
NFL,1979,NO,16,10,6,0,0.625,10,6,4,6
NFL,1979,TEN,16,10,6,0,0.625,10,6,4,7
NFL,1979,GB,16,9,7,0,0.562,9,7,2,8
NFL,1979,NYG,16,9,7,0,0.562,9,7,2,9
NFL,1979,PHI,16,9,7,0,0.562,9,7,2,10
NFL,1979,PIT,16,9,7,0,0.562,9,7,2,11
NFL,1979,TB,16,9,7,0,0.562,9,7,2,12
NFL,1979,ARI,16,8,8,0,0.5,8,8,0,13
NFL,1979,CLE,16,8,8,0,0.5,8,8,0,14
NFL,1979,DET,16,8,8,0,0.5,8,8,0,15
NFL,1979,NE,16,8,8,0,0.5,8,8,0,16
NFL,1979,SEA,16,8,8,0,0.5,8,8,0,17
NFL,1979,ATL,16,7,9,0,0.438,7,9,-2,18
NFL,1979,CHI,16,7,9,0,0.438,7,9,-2,19
NFL,1979,SF,16,7,9,0,0.438,7,9,-2,20
NFL,1979,WAS,16,7,9,0,0.438,7,9,-2,21
NFL,1979,LV,16,6,10,0,0.375,6,10,-4,22
NFL,1979,MIN,16,6,10,0,0.375,6,10,-4,23
NFL,1979,NYJ,16,6,10,0,0.375,6,10,-4,24
NFL,1979,DAL,16,5,11,0,0.312,5,11,-6,25
NFL,1979,IND,16,5,11,0,0.312,5,11,-6,26
NFL,1979,KC,16,5,11,0,0.312,5,11,-6,27
NFL,1979,LAC,16,5,11,0,0.312,5,11,-6,28
NFL,1980,DET,16,13,3,0,0.812,13,3,10,1
NFL,1980,DAL,16,12,4,0,0.75,12,4,8,2
NFL,1980,CLE,16,11,5,0,0.688,11,5,6,3
NFL,1980,IND,16,11,5,0,0.688,11,5,6,4
NFL,1980,CIN,16,10,6,0,0.625,10,6,4,5
NFL,1980,NYJ,16,10,6,0,0.625,10,6,4,6
NFL,1980,WAS,16,10,6,0,0.625,10,6,4,7
NFL,1980,ATL,16,9,7,0,0.562,9,7,2,8
NFL,1980,LAR,16,9,7,0,0.562,9,7,2,9
NFL,1980,PHI,16,9,7,0,0.562,9,7,2,10
NFL,1980,TB,16,9,7,0,0.562,9,7,2,11
NFL,1980,KC,16,8,8,0,0.5,8,8,0,12
NFL,1980,LAC,16,8,8,0,0.5,8,8,0,13
NFL,1980,NO,16,8,8,0,0.5,8,8,0,14
NFL,1980,NYG,16,8,8,0,0.5,8,8,0,15
NFL,1980,SF,16,8,8,0,0.5,8,8,0,16
NFL,1980,TEN,16,8,8,0,0.5,8,8,0,17
NFL,1980,DEN,16,7,9,0,0.438,7,9,-2,18
NFL,1980,MIA,16,7,9,0,0.438,7,9,-2,19
NFL,1980,SEA,16,7,9,0,0.438,7,9,-2,20
NFL,1980,CHI,16,6,10,0,0.375,6,10,-4,21
NFL,1980,GB,16,6,10,0,0.375,6,10,-4,22
NFL,1980,LV,16,6,10,0,0.375,6,10,-4,23
NFL,1980,MIN,16,6,10,0,0.375,6,10,-4,24
NFL,1980,PIT,16,6,10,0,0.375,6,10,-4,25
NFL,1980,NE,16,5,11,0,0.312,5,11,-6,26
NFL,1980,BUF,16,4,12,0,0.25,4,12,-8,27
NFL,1980,ARI,16,3,13,0,0.188,3,13,-10,28
NFL,1981,PIT,16,12,4,0,0.75,12,4,8,1
NFL,1981,GB,16,11,5,0,0.688,11,5,6,2
NFL,1981,LAC,16,11,5,0,0.688,11,5,6,3
NFL,1981,CIN,16,10,6,0,0.625,10,6,4,4
NFL,1981,NYJ,16,10,6,0,0.625,10,6,4,5
NFL,1981,SF,16,10,6,0,0.625,10,6,4,6
NFL,1981,DAL,16,9,7,0,0.562,9,7,2,7
NFL,1981,DEN,16,9,7,0,0.562,9,7,2,8
NFL,1981,KC,16,9,7,0,0.562,9,7,2,9
NFL,1981,TB,16,9,7,0,0.562,9,7,2,10
NFL,1981,ARI,16,8,8,0,0.5,8,8,0,11
NFL,1981,LAR,16,8,8,0,0.5,8,8,0,12
NFL,1981,MIA,16,8,8,0,0.5,8,8,0,13
NFL,1981,NO,16,8,8,0,0.5,8,8,0,14
NFL,1981,BUF,16,7,9,0,0.438,7,9,-2,15
NFL,1981,CHI,16,7,9,0,0.438,7,9,-2,16
NFL,1981,IND,16,7,9,0,0.438,7,9,-2,17
NFL,1981,LV,16,7,9,0,0.438,7,9,-2,18
NFL,1981,MIN,16,7,9,0,0.438,7,9,-2,19
NFL,1981,NE,16,7,9,0,0.438,7,9,-2,20
NFL,1981,TEN,16,7,9,0,0.438,7,9,-2,21
NFL,1981,WAS,16,7,9,0,0.438,7,9,-2,22
NFL,1981,ATL,16,6,10,0,0.375,6,10,-4,23
NFL,1981,CLE,16,6,10,0,0.375,6,10,-4,24
NFL,1981,DET,16,6,10,0,0.375,6,10,-4,25
NFL,1981,NYG,16,6,10,0,0.375,6,10,-4,26
NFL,1981,PHI,16,6,10,0,0.375,6,10,-4,27
NFL,1981,SEA,16,6,10,0,0.375,6,10,-4,28
NFL,1982,ARI,9,8,1,0,0.889,8,1,7,1
NFL,1982,LAR,9,7,2,0,0.778,7,2,5,2
NFL,1982,MIN,9,7,2,0,0.778,7,2,5,3
NFL,1982,NYG,9,7,2,0,0.778,7,2,5,4
NFL,1982,KC,9,6,3,0,0.667,6,3,3,5
NFL,1982,LV,9,6,3,0,0.667,6,3,3,6
NFL,1982,BUF,9,5,4,0,0.556,5,4,1,7
NFL,1982,DEN,9,5,4,0,0.556,5,4,1,8
NFL,1982,MIA,9,5,4,0,0.556,5,4,1,9
NFL,1982,NE,9,5,4,0,0.556,5,4,1,10
NFL,1982,PIT,9,5,4,0,0.556,5,4,1,11
NFL,1982,TB,9,5,4,0,0.556,5,4,1,12
NFL,1982,TEN,9,5,4,0,0.556,5,4,1,13
NFL,1982,ATL,9,4,5,0,0.444,4,5,-1,14
NFL,1982,CHI,9,4,5,0,0.444,4,5,-1,15
NFL,1982,CIN,9,4,5,0,0.444,4,5,-1,16
NFL,1982,CLE,9,4,5,0,0.444,4,5,-1,17
NFL,1982,DAL,9,4,5,0,0.444,4,5,-1,18
NFL,1982,IND,9,4,5,0,0.444,4,5,-1,19
NFL,1982,LAC,9,4,5,0,0.444,4,5,-1,20
NFL,1982,NO,9,4,5,0,0.444,4,5,-1,21
NFL,1982,NYJ,9,4,5,0,0.444,4,5,-1,22
NFL,1982,WAS,9,4,5,0,0.444,4,5,-1,23
NFL,1982,DET,9,3,6,0,0.333,3,6,-3,24
NFL,1982,SEA,9,3,6,0,0.333,3,6,-3,25
NFL,1982,PHI,9,2,7,0,0.222,2,7,-5,26
NFL,1982,GB,9,1,8,0,0.111,1,8,-7,27
NFL,1982,SF,9,1,8,0,0.111,1,8,-7,28
NFL,1983,ARI,16,13,3,0,0.812,13,3,10,1
NFL,1983,NYG,16,11,5,0,0.688,11,5,6,2
NFL,1983,NYJ,16,11,5,0,0.688,11,5,6,3
NFL,1983,DEN,16,10,6,0,0.625,10,6,4,4
NFL,1983,KC,16,10,6,0,0.625,10,6,4,5
NFL,1983,NE,16,10,6,0,0.625,10,6,4,6
NFL,1983,NO,16,10,6,0,0.625,10,6,4,7
NFL,1983,CIN,16,9,7,0,0.562,9,7,2,8
NFL,1983,DAL,16,9,7,0,0.562,9,7,2,9
NFL,1983,LAR,16,9,7,0,0.562,9,7,2,10
NFL,1983,SF,16,9,7,0,0.562,9,7,2,11
NFL,1983,TEN,16,9,7,0,0.562,9,7,2,12
NFL,1983,CHI,16,8,8,0,0.5,8,8,0,13
NFL,1983,CLE,16,8,8,0,0.5,8,8,0,14
NFL,1983,DET,16,8,8,0,0.5,8,8,0,15
NFL,1983,LV,16,8,8,0,0.5,8,8,0,16
NFL,1983,SEA,16,8,8,0,0.5,8,8,0,17
NFL,1983,ATL,16,7,9,0,0.438,7,9,-2,18
NFL,1983,IND,16,7,9,0,0.438,7,9,-2,19
NFL,1983,MIA,16,7,9,0,0.438,7,9,-2,20
NFL,1983,TB,16,7,9,0,0.438,7,9,-2,21
NFL,1983,GB,16,6,10,0,0.375,6,10,-4,22
NFL,1983,LAC,16,6,10,0,0.375,6,10,-4,23
NFL,1983,MIN,16,6,10,0,0.375,6,10,-4,24
NFL,1983,PIT,16,6,10,0,0.375,6,10,-4,25
NFL,1983,WAS,16,5,11,0,0.312,5,11,-6,26
NFL,1983,BUF,16,4,12,0,0.25,4,12,-8,27
NFL,1983,PHI,16,3,13,0,0.188,3,13,-10,28
NFL,1984,LAC,16,11,5,0,0.688,11,5,6,1
NFL,1984,LAR,16,11,5,0,0.688,11,5,6,2
NFL,1984,ATL,16,10,6,0,0.625,10,6,4,3
NFL,1984,LV,16,10,6,0,0.625,10,6,4,4
NFL,1984,NE,16,10,6,0,0.625,10,6,4,5
NFL,1984,SF,16,10,6,0,0.625,10,6,4,6
NFL,1984,CIN,16,9,7,0,0.562,9,7,2,7
NFL,1984,DAL,16,9,7,0,0.562,9,7,2,8
NFL,1984,NYG,16,9,7,0,0.562,9,7,2,9
NFL,1984,NYJ,16,9,7,0,0.562,9,7,2,10
NFL,1984,PIT,16,9,7,0,0.562,9,7,2,11
NFL,1984,BUF,16,8,8,0,0.5,8,8,0,12
NFL,1984,CHI,16,8,8,0,0.5,8,8,0,13
NFL,1984,DET,16,8,8,0,0.5,8,8,0,14
NFL,1984,MIN,16,8,8,0,0.5,8,8,0,15
NFL,1984,NO,16,8,8,0,0.5,8,8,0,16
NFL,1984,SEA,16,8,8,0,0.5,8,8,0,17
NFL,1984,DEN,16,7,9,0,0.438,7,9,-2,18
NFL,1984,IND,16,7,9,0,0.438,7,9,-2,19
NFL,1984,PHI,16,7,9,0,0.438,7,9,-2,20
NFL,1984,TEN,16,7,9,0,0.438,7,9,-2,21
NFL,1984,WAS,16,7,9,0,0.438,7,9,-2,22
NFL,1984,CLE,16,6,10,0,0.375,6,10,-4,23
NFL,1984,GB,16,6,10,0,0.375,6,10,-4,24
NFL,1984,KC,16,6,10,0,0.375,6,10,-4,25
NFL,1984,MIA,16,6,10,0,0.375,6,10,-4,26
NFL,1984,ARI,16,5,11,0,0.312,5,11,-6,27
NFL,1984,TB,16,5,11,0,0.312,5,11,-6,28
NFL,1985,LAC,16,11,5,0,0.688,11,5,6,1
NFL,1985,MIN,16,11,5,0,0.688,11,5,6,2
NFL,1985,NE,16,11,5,0,0.688,11,5,6,3
NFL,1985,CIN,16,10,6,0,0.625,10,6,4,4
NFL,1985,IND,16,10,6,0,0.625,10,6,4,5
NFL,1985,LV,16,10,6,0,0.625,10,6,4,6
NFL,1985,MIA,16,10,6,0,0.625,10,6,4,7
NFL,1985,NYG,16,10,6,0,0.625,10,6,4,8
NFL,1985,PIT,16,10,6,0,0.625,10,6,4,9
NFL,1985,CHI,16,9,7,0,0.562,9,7,2,10
NFL,1985,DET,16,9,7,0,0.562,9,7,2,11
NFL,1985,PHI,16,9,7,0,0.562,9,7,2,12
NFL,1985,SEA,16,9,7,0,0.562,9,7,2,13
NFL,1985,WAS,16,9,7,0,0.562,9,7,2,14
NFL,1985,KC,16,8,8,0,0.5,8,8,0,15
NFL,1985,TB,16,8,8,0,0.5,8,8,0,16
NFL,1985,ARI,16,7,9,0,0.438,7,9,-2,17
NFL,1985,BUF,16,7,9,0,0.438,7,9,-2,18
NFL,1985,CLE,16,7,9,0,0.438,7,9,-2,19
NFL,1985,NO,16,7,9,0,0.438,7,9,-2,20
NFL,1985,SF,16,7,9,0,0.438,7,9,-2,21
NFL,1985,ATL,16,6,10,0,0.375,6,10,-4,22
NFL,1985,LAR,16,6,10,0,0.375,6,10,-4,23
NFL,1985,DEN,16,5,11,0,0.312,5,11,-6,24
NFL,1985,GB,16,5,11,0,0.312,5,11,-6,25
NFL,1985,TEN,16,5,11,0,0.312,5,11,-6,26
NFL,1985,DAL,16,4,12,0,0.25,4,12,-8,27
NFL,1985,NYJ,16,4,12,0,0.25,4,12,-8,28
NFL,1986,NE,16,13,3,0,0.812,13,3,10,1
NFL,1986,CIN,16,11,5,0,0.688,11,5,6,2
NFL,1986,ATL,16,10,6,0,0.625,10,6,4,3
NFL,1986,DAL,16,10,6,0,0.625,10,6,4,4
NFL,1986,SF,16,10,6,0,0.625,10,6,4,5
NFL,1986,ARI,16,9,7,0,0.562,9,7,2,6
NFL,1986,BUF,16,9,7,0,0.562,9,7,2,7
NFL,1986,CHI,16,9,7,0,0.562,9,7,2,8
NFL,1986,DEN,16,9,7,0,0.562,9,7,2,9
NFL,1986,KC,16,9,7,0,0.562,9,7,2,10
NFL,1986,PHI,16,9,7,0,0.562,9,7,2,11
NFL,1986,WAS,16,9,7,0,0.562,9,7,2,12
NFL,1986,DET,16,8,8,0,0.5,8,8,0,13
NFL,1986,GB,16,8,8,0,0.5,8,8,0,14
NFL,1986,IND,16,8,8,0,0.5,8,8,0,15
NFL,1986,MIN,16,8,8,0,0.5,8,8,0,16
NFL,1986,SEA,16,8,8,0,0.5,8,8,0,17
NFL,1986,TEN,16,8,8,0,0.5,8,8,0,18
NFL,1986,CLE,16,7,9,0,0.438,7,9,-2,19
NFL,1986,LV,16,7,9,0,0.438,7,9,-2,20
NFL,1986,NYJ,16,7,9,0,0.438,7,9,-2,21
NFL,1986,PIT,16,7,9,0,0.438,7,9,-2,22
NFL,1986,LAR,16,6,10,0,0.375,6,10,-4,23
NFL,1986,NYG,16,6,10,0,0.375,6,10,-4,24
NFL,1986,LAC,16,5,11,0,0.312,5,11,-6,25
NFL,1986,NO,16,5,11,0,0.312,5,11,-6,26
NFL,1986,TB,16,5,11,0,0.312,5,11,-6,27
NFL,1986,MIA,16,4,12,0,0.25,4,12,-8,28
NFL,1987,TB,12,10,2,0,0.833,10,2,8,1
NFL,1987,BUF,12,8,4,0,0.667,8,4,4,2
NFL,1987,DEN,12,8,4,0,0.667,8,4,4,3
NFL,1987,ATL,12,7,5,0,0.583,7,5,2,4
NFL,1987,CIN,12,7,5,0,0.583,7,5,2,5
NFL,1987,CLE,12,7,5,0,0.583,7,5,2,6
NFL,1987,DAL,12,7,5,0,0.583,7,5,2,7
NFL,1987,GB,12,7,5,0,0.583,7,5,2,8
NFL,1987,MIA,12,7,5,0,0.583,7,5,2,9
NFL,1987,NE,12,7,5,0,0.583,7,5,2,10
NFL,1987,NYG,12,7,5,0,0.583,7,5,2,11
NFL,1987,NYJ,12,7,5,0,0.583,7,5,2,12
NFL,1987,DET,12,6,6,0,0.5,6,6,0,13
NFL,1987,KC,12,6,6,0,0.5,6,6,0,14
NFL,1987,LAC,12,6,6,0,0.5,6,6,0,15
NFL,1987,MIN,12,6,6,0,0.5,6,6,0,16
NFL,1987,PIT,12,6,6,0,0.5,6,6,0,17
NFL,1987,ARI,12,5,7,0,0.417,5,7,-2,18
NFL,1987,IND,12,5,7,0,0.417,5,7,-2,19
NFL,1987,LV,12,5,7,0,0.417,5,7,-2,20
NFL,1987,SEA,12,5,7,0,0.417,5,7,-2,21
NFL,1987,SF,12,5,7,0,0.417,5,7,-2,22
NFL,1987,TEN,12,5,7,0,0.417,5,7,-2,23
NFL,1987,CHI,12,4,8,0,0.333,4,8,-4,24
NFL,1987,LAR,12,4,8,0,0.333,4,8,-4,25
NFL,1987,NO,12,4,8,0,0.333,4,8,-4,26
NFL,1987,WAS,12,4,8,0,0.333,4,8,-4,27
NFL,1987,PHI,12,3,9,0,0.25,3,9,-6,28
NFL,1988,GB,16,12,4,0,0.75,12,4,8,1
NFL,1988,BUF,16,11,5,0,0.688,11,5,6,2
NFL,1988,PHI,16,11,5,0,0.688,11,5,6,3
NFL,1988,CLE,16,10,6,0,0.625,10,6,4,4
NFL,1988,DET,16,10,6,0,0.625,10,6,4,5
NFL,1988,MIA,16,10,6,0,0.625,10,6,4,6
NFL,1988,NE,16,10,6,0,0.625,10,6,4,7
NFL,1988,TB,16,10,6,0,0.625,10,6,4,8
NFL,1988,DEN,16,9,7,0,0.562,9,7,2,9
NFL,1988,LV,16,9,7,0,0.562,9,7,2,10
NFL,1988,NYG,16,9,7,0,0.562,9,7,2,11
NFL,1988,TEN,16,9,7,0,0.562,9,7,2,12
NFL,1988,WAS,16,9,7,0,0.562,9,7,2,13
NFL,1988,DAL,16,8,8,0,0.5,8,8,0,14
NFL,1988,LAR,16,8,8,0,0.5,8,8,0,15
NFL,1988,NO,16,8,8,0,0.5,8,8,0,16
NFL,1988,ARI,16,7,9,0,0.438,7,9,-2,17
NFL,1988,KC,16,7,9,0,0.438,7,9,-2,18
NFL,1988,MIN,16,7,9,0,0.438,7,9,-2,19
NFL,1988,PIT,16,7,9,0,0.438,7,9,-2,20
NFL,1988,CHI,16,6,10,0,0.375,6,10,-4,21
NFL,1988,CIN,16,6,10,0,0.375,6,10,-4,22
NFL,1988,LAC,16,6,10,0,0.375,6,10,-4,23
NFL,1988,SEA,16,6,10,0,0.375,6,10,-4,24
NFL,1988,IND,16,5,11,0,0.312,5,11,-6,25
NFL,1988,NYJ,16,5,11,0,0.312,5,11,-6,26
NFL,1988,SF,16,5,11,0,0.312,5,11,-6,27
NFL,1988,ATL,16,4,12,0,0.25,4,12,-8,28
NFL,1989,ATL,16,14,2,0,0.875,14,2,12,1
NFL,1989,MIA,16,12,4,0,0.75,12,4,8,2
NFL,1989,CHI,16,11,5,0,0.688,11,5,6,3
NFL,1989,DET,16,10,6,0,0.625,10,6,4,4
NFL,1989,NYG,16,10,6,0,0.625,10,6,4,5
NFL,1989,KC,16,9,7,0,0.562,9,7,2,6
NFL,1989,LAR,16,9,7,0,0.562,9,7,2,7
NFL,1989,MIN,16,9,7,0,0.562,9,7,2,8
NFL,1989,NO,16,9,7,0,0.562,9,7,2,9
NFL,1989,SEA,16,9,7,0,0.562,9,7,2,10
NFL,1989,ARI,16,8,8,0,0.5,8,8,0,11
NFL,1989,CLE,16,8,8,0,0.5,8,8,0,12
NFL,1989,DEN,16,8,8,0,0.5,8,8,0,13
NFL,1989,GB,16,8,8,0,0.5,8,8,0,14
NFL,1989,IND,16,8,8,0,0.5,8,8,0,15
NFL,1989,LV,16,8,8,0,0.5,8,8,0,16
NFL,1989,PIT,16,8,8,0,0.5,8,8,0,17
NFL,1989,WAS,16,8,8,0,0.5,8,8,0,18
NFL,1989,CIN,16,7,9,0,0.438,7,9,-2,19
NFL,1989,DAL,16,7,9,0,0.438,7,9,-2,20
NFL,1989,NYJ,16,7,9,0,0.438,7,9,-2,21
NFL,1989,TB,16,7,9,0,0.438,7,9,-2,22
NFL,1989,TEN,16,7,9,0,0.438,7,9,-2,23
NFL,1989,BUF,16,6,10,0,0.375,6,10,-4,24
NFL,1989,LAC,16,5,11,0,0.312,5,11,-6,25
NFL,1989,NE,16,5,11,0,0.312,5,11,-6,26
NFL,1989,SF,16,5,11,0,0.312,5,11,-6,27
NFL,1989,PHI,16,2,14,0,0.125,2,14,-12,28
NFL,1990,IND,16,12,4,0,0.75,12,4,8,1
NFL,1990,KC,16,12,4,0,0.75,12,4,8,2
NFL,1990,CIN,16,11,5,0,0.688,11,5,6,3
NFL,1990,CHI,16,10,6,0,0.625,10,6,4,4
NFL,1990,MIA,16,10,6,0,0.625,10,6,4,5
NFL,1990,SF,16,10,6,0,0.625,10,6,4,6
NFL,1990,ARI,16,9,7,0,0.562,9,7,2,7
NFL,1990,BUF,16,9,7,0,0.562,9,7,2,8
NFL,1990,LAR,16,9,7,0,0.562,9,7,2,9
NFL,1990,MIN,16,9,7,0,0.562,9,7,2,10
NFL,1990,NO,16,9,7,0,0.562,9,7,2,11
NFL,1990,PHI,16,9,7,0,0.562,9,7,2,12
NFL,1990,PIT,16,9,7,0,0.562,9,7,2,13
NFL,1990,ATL,16,8,8,0,0.5,8,8,0,14
NFL,1990,DEN,16,8,8,0,0.5,8,8,0,15
NFL,1990,DET,16,8,8,0,0.5,8,8,0,16
NFL,1990,LV,16,8,8,0,0.5,8,8,0,17
NFL,1990,NE,16,7,9,0,0.438,7,9,-2,18
NFL,1990,SEA,16,7,9,0,0.438,7,9,-2,19
NFL,1990,TEN,16,7,9,0,0.438,7,9,-2,20
NFL,1990,WAS,16,7,9,0,0.438,7,9,-2,21
NFL,1990,DAL,16,6,10,0,0.375,6,10,-4,22
NFL,1990,NYJ,16,6,10,0,0.375,6,10,-4,23
NFL,1990,TB,16,6,10,0,0.375,6,10,-4,24
NFL,1990,GB,16,5,11,0,0.312,5,11,-6,25
NFL,1990,NYG,16,5,11,0,0.312,5,11,-6,26
NFL,1990,CLE,16,4,12,0,0.25,4,12,-8,27
NFL,1990,LAC,16,4,12,0,0.25,4,12,-8,28
NFL,1991,LAR,16,12,4,0,0.75,12,4,8,1
NFL,1991,TEN,16,11,5,0,0.688,11,5,6,2
NFL,1991,BUF,16,10,6,0,0.625,10,6,4,3
NFL,1991,CHI,16,10,6,0,0.625,10,6,4,4
NFL,1991,DAL,16,10,6,0,0.625,10,6,4,5
NFL,1991,NE,16,10,6,0,0.625,10,6,4,6
NFL,1991,NYJ,16,10,6,0,0.625,10,6,4,7
NFL,1991,ARI,16,9,7,0,0.562,9,7,2,8
NFL,1991,CLE,16,9,7,0,0.562,9,7,2,9
NFL,1991,GB,16,9,7,0,0.562,9,7,2,10
NFL,1991,KC,16,9,7,0,0.562,9,7,2,11
NFL,1991,MIA,16,9,7,0,0.562,9,7,2,12
NFL,1991,MIN,16,9,7,0,0.562,9,7,2,13
NFL,1991,DEN,16,8,8,0,0.5,8,8,0,14
NFL,1991,NYG,16,8,8,0,0.5,8,8,0,15
NFL,1991,PIT,16,8,8,0,0.5,8,8,0,16
NFL,1991,WAS,16,8,8,0,0.5,8,8,0,17
NFL,1991,ATL,16,7,9,0,0.438,7,9,-2,18
NFL,1991,IND,16,7,9,0,0.438,7,9,-2,19
NFL,1991,PHI,16,7,9,0,0.438,7,9,-2,20
NFL,1991,SF,16,7,9,0,0.438,7,9,-2,21
NFL,1991,CIN,16,6,10,0,0.375,6,10,-4,22
NFL,1991,DET,16,6,10,0,0.375,6,10,-4,23
NFL,1991,TB,16,6,10,0,0.375,6,10,-4,24
NFL,1991,LAC,16,5,11,0,0.312,5,11,-6,25
NFL,1991,LV,16,5,11,0,0.312,5,11,-6,26
NFL,1991,SEA,16,5,11,0,0.312,5,11,-6,27
NFL,1991,NO,16,4,12,0,0.25,4,12,-8,28
NFL,1992,DEN,16,12,4,0,0.75,12,4,8,1
NFL,1992,NO,16,12,4,0,0.75,12,4,8,2
NFL,1992,SF,16,11,5,0,0.688,11,5,6,3
NFL,1992,ATL,16,10,6,0,0.625,10,6,4,4
NFL,1992,LAC,16,10,6,0,0.625,10,6,4,5
NFL,1992,MIN,16,10,6,0,0.625,10,6,4,6
NFL,1992,PHI,16,10,6,0,0.625,10,6,4,7
NFL,1992,DAL,16,9,7,0,0.562,9,7,2,8
NFL,1992,IND,16,9,7,0,0.562,9,7,2,9
NFL,1992,MIA,16,9,7,0,0.562,9,7,2,10
NFL,1992,TEN,16,9,7,0,0.562,9,7,2,11
NFL,1992,BUF,16,8,8,0,0.5,8,8,0,12
NFL,1992,CLE,16,8,8,0,0.5,8,8,0,13
NFL,1992,KC,16,8,8,0,0.5,8,8,0,14
NFL,1992,NYG,16,8,8,0,0.5,8,8,0,15
NFL,1992,TB,16,8,8,0,0.5,8,8,0,16
NFL,1992,WAS,16,8,8,0,0.5,8,8,0,17
NFL,1992,CHI,16,7,9,0,0.438,7,9,-2,18
NFL,1992,CIN,16,7,9,0,0.438,7,9,-2,19
NFL,1992,DET,16,7,9,0,0.438,7,9,-2,20
NFL,1992,GB,16,7,9,0,0.438,7,9,-2,21
NFL,1992,PIT,16,7,9,0,0.438,7,9,-2,22
NFL,1992,LAR,16,6,10,0,0.375,6,10,-4,23
NFL,1992,NE,16,6,10,0,0.375,6,10,-4,24
NFL,1992,NYJ,16,6,10,0,0.375,6,10,-4,25
NFL,1992,SEA,16,5,11,0,0.312,5,11,-6,26
NFL,1992,LV,16,4,12,0,0.25,4,12,-8,27
NFL,1992,ARI,16,3,13,0,0.188,3,13,-10,28
NFL,1993,CLE,16,11,5,0,0.688,11,5,6,1
NFL,1993,LV,16,11,5,0,0.688,11,5,6,2
NFL,1993,SF,16,11,5,0,0.688,11,5,6,3
NFL,1993,LAC,16,10,6,0,0.625,10,6,4,4
NFL,1993,TB,16,10,6,0,0.625,10,6,4,5
NFL,1993,ATL,16,9,7,0,0.562,9,7,2,6
NFL,1993,NYJ,16,9,7,0,0.562,9,7,2,7
NFL,1993,PHI,16,9,7,0,0.562,9,7,2,8
NFL,1993,TEN,16,9,7,0,0.562,9,7,2,9
NFL,1993,CHI,16,8,8,0,0.5,8,8,0,10
NFL,1993,DEN,16,8,8,0,0.5,8,8,0,11
NFL,1993,DET,16,8,8,0,0.5,8,8,0,12
NFL,1993,LAR,16,8,8,0,0.5,8,8,0,13
NFL,1993,MIA,16,8,8,0,0.5,8,8,0,14
NFL,1993,NE,16,8,8,0,0.5,8,8,0,15
NFL,1993,NO,16,8,8,0,0.5,8,8,0,16
NFL,1993,WAS,16,8,8,0,0.5,8,8,0,17
NFL,1993,ARI,16,7,9,0,0.438,7,9,-2,18
NFL,1993,DAL,16,7,9,0,0.438,7,9,-2,19
NFL,1993,GB,16,7,9,0,0.438,7,9,-2,20
NFL,1993,IND,16,7,9,0,0.438,7,9,-2,21
NFL,1993,NYG,16,7,9,0,0.438,7,9,-2,22
NFL,1993,SEA,16,7,9,0,0.438,7,9,-2,23
NFL,1993,CIN,16,6,10,0,0.375,6,10,-4,24
NFL,1993,KC,16,6,10,0,0.375,6,10,-4,25
NFL,1993,MIN,16,6,10,0,0.375,6,10,-4,26
NFL,1993,PIT,16,6,10,0,0.375,6,10,-4,27
NFL,1993,BUF,16,5,11,0,0.312,5,11,-6,28
NFL,1994,CHI,16,10,6,0,0.625,10,6,4,1
NFL,1994,LAC,16,10,6,0,0.625,10,6,4,2
NFL,1994,MIA,16,10,6,0,0.625,10,6,4,3
NFL,1994,NO,16,10,6,0,0.625,10,6,4,4
NFL,1994,NYJ,16,10,6,0,0.625,10,6,4,5
NFL,1994,PHI,16,10,6,0,0.625,10,6,4,6
NFL,1994,SF,16,10,6,0,0.625,10,6,4,7
NFL,1994,CIN,16,9,7,0,0.562,9,7,2,8
NFL,1994,CLE,16,9,7,0,0.562,9,7,2,9
NFL,1994,DEN,16,9,7,0,0.562,9,7,2,10
NFL,1994,KC,16,9,7,0,0.562,9,7,2,11
NFL,1994,LV,16,9,7,0,0.562,9,7,2,12
NFL,1994,SEA,16,9,7,0,0.562,9,7,2,13
NFL,1994,WAS,16,9,7,0,0.562,9,7,2,14
NFL,1994,BUF,16,8,8,0,0.5,8,8,0,15
NFL,1994,MIN,16,8,8,0,0.5,8,8,0,16
NFL,1994,NE,16,8,8,0,0.5,8,8,0,17
NFL,1994,PIT,16,8,8,0,0.5,8,8,0,18
NFL,1994,TEN,16,8,8,0,0.5,8,8,0,19
NFL,1994,ARI,16,7,9,0,0.438,7,9,-2,20
NFL,1994,DAL,16,7,9,0,0.438,7,9,-2,21
NFL,1994,TB,16,7,9,0,0.438,7,9,-2,22
NFL,1994,ATL,16,6,10,0,0.375,6,10,-4,23
NFL,1994,NYG,16,6,10,0,0.375,6,10,-4,24
NFL,1994,DET,16,5,11,0,0.312,5,11,-6,25
NFL,1994,GB,16,5,11,0,0.312,5,11,-6,26
NFL,1994,IND,16,4,12,0,0.25,4,12,-8,27
NFL,1994,LAR,16,4,12,0,0.25,4,12,-8,28
NFL,1995,TB,16,12,4,0,0.75,12,4,8,1
NFL,1995,CHI,16,11,5,0,0.688,11,5,6,2
NFL,1995,DEN,16,11,5,0,0.688,11,5,6,3
NFL,1995,NO,16,10,6,0,0.625,10,6,4,4
NFL,1995,ARI,16,9,7,0,0.562,9,7,2,5
NFL,1995,ATL,16,9,7,0,0.562,9,7,2,6
NFL,1995,CAR,16,9,7,0,0.562,9,7,2,7
NFL,1995,CLE,16,9,7,0,0.562,9,7,2,8
NFL,1995,DET,16,9,7,0,0.562,9,7,2,9
NFL,1995,KC,16,9,7,0,0.562,9,7,2,10
NFL,1995,LAC,16,9,7,0,0.562,9,7,2,11
NFL,1995,MIA,16,9,7,0,0.562,9,7,2,12
NFL,1995,NYG,16,9,7,0,0.562,9,7,2,13
NFL,1995,SEA,16,9,7,0,0.562,9,7,2,14
NFL,1995,TEN,16,9,7,0,0.562,9,7,2,15
NFL,1995,WAS,16,9,7,0,0.562,9,7,2,16
NFL,1995,GB,16,8,8,0,0.5,8,8,0,17
NFL,1995,IND,16,8,8,0,0.5,8,8,0,18
NFL,1995,SF,16,8,8,0,0.5,8,8,0,19
NFL,1995,BUF,16,7,9,0,0.438,7,9,-2,20
NFL,1995,JAX,16,7,9,0,0.438,7,9,-2,21
NFL,1995,NYJ,16,7,9,0,0.438,7,9,-2,22
NFL,1995,PHI,16,7,9,0,0.438,7,9,-2,23
NFL,1995,DAL,16,6,10,0,0.375,6,10,-4,24
NFL,1995,LAR,16,6,10,0,0.375,6,10,-4,25
NFL,1995,CIN,16,5,11,0,0.312,5,11,-6,26
NFL,1995,LV,16,5,11,0,0.312,5,11,-6,27
NFL,1995,MIN,16,5,11,0,0.312,5,11,-6,28
NFL,1995,PIT,16,5,11,0,0.312,5,11,-6,29
NFL,1995,NE,16,4,12,0,0.25,4,12,-8,30
NFL,1996,GB,16,12,4,0,0.75,12,4,8,1
NFL,1996,LAR,16,11,5,0,0.688,11,5,6,2
NFL,1996,NYG,16,11,5,0,0.688,11,5,6,3
NFL,1996,ARI,16,10,6,0,0.625,10,6,4,4
NFL,1996,ATL,16,10,6,0,0.625,10,6,4,5
NFL,1996,BAL,16,10,6,0,0.625,10,6,4,6
NFL,1996,DAL,16,10,6,0,0.625,10,6,4,7
NFL,1996,KC,16,10,6,0,0.625,10,6,4,8
NFL,1996,SEA,16,10,6,0,0.625,10,6,4,9
NFL,1996,TEN,16,9,7,0,0.562,9,7,2,10
NFL,1996,BUF,16,8,8,0,0.5,8,8,0,11
NFL,1996,CIN,16,8,8,0,0.5,8,8,0,12
NFL,1996,IND,16,8,8,0,0.5,8,8,0,13
NFL,1996,LAC,16,8,8,0,0.5,8,8,0,14
NFL,1996,MIN,16,8,8,0,0.5,8,8,0,15
NFL,1996,NYJ,16,8,8,0,0.5,8,8,0,16
NFL,1996,SF,16,8,8,0,0.5,8,8,0,17
NFL,1996,DET,16,7,9,0,0.438,7,9,-2,18
NFL,1996,JAX,16,7,9,0,0.438,7,9,-2,19
NFL,1996,MIA,16,7,9,0,0.438,7,9,-2,20
NFL,1996,NE,16,7,9,0,0.438,7,9,-2,21
NFL,1996,NO,16,7,9,0,0.438,7,9,-2,22
NFL,1996,PIT,16,7,9,0,0.438,7,9,-2,23
NFL,1996,TB,16,7,9,0,0.438,7,9,-2,24
NFL,1996,DEN,16,6,10,0,0.375,6,10,-4,25
NFL,1996,LV,16,6,10,0,0.375,6,10,-4,26
NFL,1996,PHI,16,6,10,0,0.375,6,10,-4,27
NFL,1996,CAR,16,5,11,0,0.312,5,11,-6,28
NFL,1996,CHI,16,5,11,0,0.312,5,11,-6,29
NFL,1996,WAS,16,4,12,0,0.25,4,12,-8,30
NFL,1997,NYJ,16,12,4,0,0.75,12,4,8,1
NFL,1997,PHI,16,12,4,0,0.75,12,4,8,2
NFL,1997,ARI,16,11,5,0,0.688,11,5,6,3
NFL,1997,CHI,16,11,5,0,0.688,11,5,6,4
NFL,1997,SF,16,11,5,0,0.688,11,5,6,5
NFL,1997,JAX,16,10,6,0,0.625,10,6,4,6
NFL,1997,TB,16,10,6,0,0.625,10,6,4,7
NFL,1997,GB,16,9,7,0,0.562,9,7,2,8
NFL,1997,LAC,16,9,7,0,0.562,9,7,2,9
NFL,1997,LV,16,9,7,0,0.562,9,7,2,10
NFL,1997,PIT,16,9,7,0,0.562,9,7,2,11
NFL,1997,CIN,16,8,8,0,0.5,8,8,0,12
NFL,1997,DEN,16,8,8,0,0.5,8,8,0,13
NFL,1997,DET,16,8,8,0,0.5,8,8,0,14
NFL,1997,IND,16,8,8,0,0.5,8,8,0,15
NFL,1997,MIN,16,8,8,0,0.5,8,8,0,16
NFL,1997,SEA,16,8,8,0,0.5,8,8,0,17
NFL,1997,TEN,16,8,8,0,0.5,8,8,0,18
NFL,1997,BUF,16,7,9,0,0.438,7,9,-2,19
NFL,1997,CAR,16,7,9,0,0.438,7,9,-2,20
NFL,1997,DAL,16,7,9,0,0.438,7,9,-2,21
NFL,1997,KC,16,7,9,0,0.438,7,9,-2,22
NFL,1997,BAL,16,6,10,0,0.375,6,10,-4,23
NFL,1997,NE,16,6,10,0,0.375,6,10,-4,24
NFL,1997,NO,16,6,10,0,0.375,6,10,-4,25
NFL,1997,NYG,16,6,10,0,0.375,6,10,-4,26
NFL,1997,WAS,16,6,10,0,0.375,6,10,-4,27
NFL,1997,MIA,16,5,11,0,0.312,5,11,-6,28
NFL,1997,ATL,16,4,12,0,0.25,4,12,-8,29
NFL,1997,LAR,16,4,12,0,0.25,4,12,-8,30
NFL,1998,LAC,16,12,4,0,0.75,12,4,8,1
NFL,1998,CIN,16,11,5,0,0.688,11,5,6,2
NFL,1998,LAR,16,11,5,0,0.688,11,5,6,3
NFL,1998,DAL,16,10,6,0,0.625,10,6,4,4
NFL,1998,IND,16,10,6,0,0.625,10,6,4,5
NFL,1998,PIT,16,10,6,0,0.625,10,6,4,6
NFL,1998,ATL,16,9,7,0,0.562,9,7,2,7
NFL,1998,BUF,16,9,7,0,0.562,9,7,2,8
NFL,1998,CHI,16,9,7,0,0.562,9,7,2,9
NFL,1998,DEN,16,9,7,0,0.562,9,7,2,10
NFL,1998,NYG,16,9,7,0,0.562,9,7,2,11
NFL,1998,PHI,16,9,7,0,0.562,9,7,2,12
NFL,1998,ARI,16,8,8,0,0.5,8,8,0,13
NFL,1998,GB,16,8,8,0,0.5,8,8,0,14
NFL,1998,JAX,16,8,8,0,0.5,8,8,0,15
NFL,1998,LV,16,8,8,0,0.5,8,8,0,16
NFL,1998,MIA,16,8,8,0,0.5,8,8,0,17
NFL,1998,NO,16,8,8,0,0.5,8,8,0,18
NFL,1998,SEA,16,8,8,0,0.5,8,8,0,19
NFL,1998,SF,16,8,8,0,0.5,8,8,0,20
NFL,1998,CAR,16,7,9,0,0.438,7,9,-2,21
NFL,1998,MIN,16,7,9,0,0.438,7,9,-2,22
NFL,1998,NYJ,16,7,9,0,0.438,7,9,-2,23
NFL,1998,TEN,16,7,9,0,0.438,7,9,-2,24
NFL,1998,WAS,16,7,9,0,0.438,7,9,-2,25
NFL,1998,DET,16,6,10,0,0.375,6,10,-4,26
NFL,1998,BAL,16,5,11,0,0.312,5,11,-6,27
NFL,1998,KC,16,5,11,0,0.312,5,11,-6,28
NFL,1998,NE,16,4,12,0,0.25,4,12,-8,29
NFL,1998,TB,16,3,13,0,0.188,3,13,-10,30
NFL,1999,LAC,16,12,4,0,0.75,12,4,8,1
NFL,1999,MIA,16,12,4,0,0.75,12,4,8,2
NFL,1999,ATL,16,11,5,0,0.688,11,5,6,3
NFL,1999,MIN,16,11,5,0,0.688,11,5,6,4
NFL,1999,NE,16,11,5,0,0.688,11,5,6,5
NFL,1999,JAX,16,10,6,0,0.625,10,6,4,6
NFL,1999,NYG,16,10,6,0,0.625,10,6,4,7
NFL,1999,DET,16,9,7,0,0.562,9,7,2,8
NFL,1999,LV,16,9,7,0,0.562,9,7,2,9
NFL,1999,NO,16,9,7,0,0.562,9,7,2,10
NFL,1999,NYJ,16,9,7,0,0.562,9,7,2,11
NFL,1999,PIT,16,9,7,0,0.562,9,7,2,12
NFL,1999,SEA,16,9,7,0,0.562,9,7,2,13
NFL,1999,BAL,16,8,8,0,0.5,8,8,0,14
NFL,1999,DAL,16,8,8,0,0.5,8,8,0,15
NFL,1999,LAR,16,8,8,0,0.5,8,8,0,16
NFL,1999,PHI,16,8,8,0,0.5,8,8,0,17
NFL,1999,TB,16,8,8,0,0.5,8,8,0,18
NFL,1999,ARI,16,7,9,0,0.438,7,9,-2,19
NFL,1999,CIN,16,7,9,0,0.438,7,9,-2,20
NFL,1999,CLE,16,7,9,0,0.438,7,9,-2,21
NFL,1999,GB,16,7,9,0,0.438,7,9,-2,22
NFL,1999,TEN,16,7,9,0,0.438,7,9,-2,23
NFL,1999,BUF,16,6,10,0,0.375,6,10,-4,24
NFL,1999,CHI,16,6,10,0,0.375,6,10,-4,25
NFL,1999,IND,16,6,10,0,0.375,6,10,-4,26
NFL,1999,KC,16,6,10,0,0.375,6,10,-4,27
NFL,1999,CAR,16,5,11,0,0.312,5,11,-6,28
NFL,1999,DEN,16,5,11,0,0.312,5,11,-6,29
NFL,1999,SF,16,5,11,0,0.312,5,11,-6,30
NFL,1999,WAS,16,3,13,0,0.188,3,13,-10,31
NFL,2000,DEN,16,13,3,0,0.812,13,3,10,1
NFL,2000,MIA,16,12,4,0,0.75,12,4,8,2
NFL,2000,BAL,16,11,5,0,0.688,11,5,6,3
NFL,2000,SEA,16,11,5,0,0.688,11,5,6,4
NFL,2000,GB,16,10,6,0,0.625,10,6,4,5
NFL,2000,NE,16,10,6,0,0.625,10,6,4,6
NFL,2000,BUF,16,9,7,0,0.562,9,7,2,7
NFL,2000,CAR,16,9,7,0,0.562,9,7,2,8
NFL,2000,CLE,16,9,7,0,0.562,9,7,2,9
NFL,2000,JAX,16,9,7,0,0.562,9,7,2,10
NFL,2000,ARI,16,8,8,0,0.5,8,8,0,11
NFL,2000,ATL,16,8,8,0,0.5,8,8,0,12
NFL,2000,DET,16,8,8,0,0.5,8,8,0,13
NFL,2000,IND,16,8,8,0,0.5,8,8,0,14
NFL,2000,LAC,16,8,8,0,0.5,8,8,0,15
NFL,2000,MIN,16,8,8,0,0.5,8,8,0,16
NFL,2000,NO,16,8,8,0,0.5,8,8,0,17
NFL,2000,PIT,16,8,8,0,0.5,8,8,0,18
NFL,2000,TB,16,8,8,0,0.5,8,8,0,19
NFL,2000,CIN,16,7,9,0,0.438,7,9,-2,20
NFL,2000,DAL,16,7,9,0,0.438,7,9,-2,21
NFL,2000,KC,16,7,9,0,0.438,7,9,-2,22
NFL,2000,LAR,16,7,9,0,0.438,7,9,-2,23
NFL,2000,NYG,16,7,9,0,0.438,7,9,-2,24
NFL,2000,PHI,16,7,9,0,0.438,7,9,-2,25
NFL,2000,CHI,16,6,10,0,0.375,6,10,-4,26
NFL,2000,SF,16,6,10,0,0.375,6,10,-4,27
NFL,2000,TEN,16,6,10,0,0.375,6,10,-4,28
NFL,2000,NYJ,16,5,11,0,0.312,5,11,-6,29
NFL,2000,LV,16,4,12,0,0.25,4,12,-8,30
NFL,2000,WAS,16,4,12,0,0.25,4,12,-8,31
NFL,2001,ARI,16,12,4,0,0.75,12,4,8,1
NFL,2001,LAC,16,12,4,0,0.75,12,4,8,2
NFL,2001,NE,16,11,5,0,0.688,11,5,6,3
NFL,2001,PIT,16,11,5,0,0.688,11,5,6,4
NFL,2001,ATL,16,10,6,0,0.625,10,6,4,5
NFL,2001,BUF,16,10,6,0,0.625,10,6,4,6
NFL,2001,NYG,16,10,6,0,0.625,10,6,4,7
NFL,2001,WAS,16,10,6,0,0.625,10,6,4,8
NFL,2001,DET,16,9,7,0,0.562,9,7,2,9
NFL,2001,JAX,16,9,7,0,0.562,9,7,2,10
NFL,2001,NO,16,9,7,0,0.562,9,7,2,11
NFL,2001,PHI,16,9,7,0,0.562,9,7,2,12
NFL,2001,TB,16,9,7,0,0.562,9,7,2,13
NFL,2001,TEN,16,9,7,0,0.562,9,7,2,14
NFL,2001,BAL,16,8,8,0,0.5,8,8,0,15
NFL,2001,CHI,16,8,8,0,0.5,8,8,0,16
NFL,2001,NYJ,16,8,8,0,0.5,8,8,0,17
NFL,2001,SEA,16,8,8,0,0.5,8,8,0,18
NFL,2001,SF,16,8,8,0,0.5,8,8,0,19
NFL,2001,CIN,16,7,9,0,0.438,7,9,-2,20
NFL,2001,DEN,16,7,9,0,0.438,7,9,-2,21
NFL,2001,KC,16,7,9,0,0.438,7,9,-2,22
NFL,2001,CAR,16,6,10,0,0.375,6,10,-4,23
NFL,2001,DAL,16,6,10,0,0.375,6,10,-4,24
NFL,2001,LV,16,6,10,0,0.375,6,10,-4,25
NFL,2001,MIA,16,6,10,0,0.375,6,10,-4,26
NFL,2001,MIN,16,6,10,0,0.375,6,10,-4,27
NFL,2001,GB,16,5,11,0,0.312,5,11,-6,28
NFL,2001,IND,16,5,11,0,0.312,5,11,-6,29
NFL,2001,LAR,16,4,12,0,0.25,4,12,-8,30
NFL,2001,CLE,16,3,13,0,0.188,3,13,-10,31
NFL,2002,DEN,16,12,4,0,0.75,12,4,8,1
NFL,2002,DAL,16,11,5,0,0.688,11,5,6,2
NFL,2002,DET,16,11,5,0,0.688,11,5,6,3
NFL,2002,GB,16,11,5,0,0.688,11,5,6,4
NFL,2002,IND,16,11,5,0,0.688,11,5,6,5
NFL,2002,LAR,16,10,6,0,0.625,10,6,4,6
NFL,2002,MIA,16,10,6,0,0.625,10,6,4,7
NFL,2002,HOU,16,9,7,0,0.562,9,7,2,8
NFL,2002,KC,16,9,7,0,0.562,9,7,2,9
NFL,2002,LAC,16,9,7,0,0.562,9,7,2,10
NFL,2002,MIN,16,9,7,0,0.562,9,7,2,11
NFL,2002,PHI,16,9,7,0,0.562,9,7,2,12
NFL,2002,SEA,16,9,7,0,0.562,9,7,2,13
NFL,2002,TEN,16,9,7,0,0.562,9,7,2,14
NFL,2002,ARI,16,8,8,0,0.5,8,8,0,15
NFL,2002,BAL,16,8,8,0,0.5,8,8,0,16
NFL,2002,BUF,16,8,8,0,0.5,8,8,0,17
NFL,2002,CIN,16,8,8,0,0.5,8,8,0,18
NFL,2002,JAX,16,8,8,0,0.5,8,8,0,19
NFL,2002,PIT,16,8,8,0,0.5,8,8,0,20
NFL,2002,SF,16,8,8,0,0.5,8,8,0,21
NFL,2002,CAR,16,7,9,0,0.438,7,9,-2,22
NFL,2002,CHI,16,7,9,0,0.438,7,9,-2,23
NFL,2002,NYG,16,7,9,0,0.438,7,9,-2,24
NFL,2002,NYJ,16,7,9,0,0.438,7,9,-2,25
NFL,2002,CLE,16,6,10,0,0.375,6,10,-4,26
NFL,2002,TB,16,6,10,0,0.375,6,10,-4,27
NFL,2002,ATL,16,5,11,0,0.312,5,11,-6,28
NFL,2002,NE,16,5,11,0,0.312,5,11,-6,29
NFL,2002,NO,16,5,11,0,0.312,5,11,-6,30
NFL,2002,LV,16,3,13,0,0.188,3,13,-10,31
NFL,2002,WAS,16,3,13,0,0.188,3,13,-10,32
NFL,2003,ATL,16,12,4,0,0.75,12,4,8,1
NFL,2003,CIN,16,12,4,0,0.75,12,4,8,2
NFL,2003,MIA,16,11,5,0,0.688,11,5,6,3
NFL,2003,TEN,16,11,5,0,0.688,11,5,6,4
NFL,2003,BAL,16,10,6,0,0.625,10,6,4,5
NFL,2003,LV,16,10,6,0,0.625,10,6,4,6
NFL,2003,MIN,16,10,6,0,0.625,10,6,4,7
NFL,2003,NYJ,16,10,6,0,0.625,10,6,4,8
NFL,2003,PIT,16,10,6,0,0.625,10,6,4,9
NFL,2003,DAL,16,9,7,0,0.562,9,7,2,10
NFL,2003,KC,16,9,7,0,0.562,9,7,2,11
NFL,2003,LAC,16,9,7,0,0.562,9,7,2,12
NFL,2003,NE,16,9,7,0,0.562,9,7,2,13
NFL,2003,BUF,16,8,8,0,0.5,8,8,0,14
NFL,2003,CAR,16,8,8,0,0.5,8,8,0,15
NFL,2003,PHI,16,8,8,0,0.5,8,8,0,16
NFL,2003,SEA,16,8,8,0,0.5,8,8,0,17
NFL,2003,CHI,16,7,9,0,0.438,7,9,-2,18
NFL,2003,CLE,16,7,9,0,0.438,7,9,-2,19
NFL,2003,DET,16,7,9,0,0.438,7,9,-2,20
NFL,2003,GB,16,7,9,0,0.438,7,9,-2,21
NFL,2003,HOU,16,7,9,0,0.438,7,9,-2,22
NFL,2003,IND,16,7,9,0,0.438,7,9,-2,23
NFL,2003,SF,16,7,9,0,0.438,7,9,-2,24
NFL,2003,WAS,16,7,9,0,0.438,7,9,-2,25
NFL,2003,ARI,16,6,10,0,0.375,6,10,-4,26
NFL,2003,JAX,16,6,10,0,0.375,6,10,-4,27
NFL,2003,DEN,16,5,11,0,0.312,5,11,-6,28
NFL,2003,LAR,16,5,11,0,0.312,5,11,-6,29
NFL,2003,NO,16,5,11,0,0.312,5,11,-6,30
NFL,2003,NYG,16,5,11,0,0.312,5,11,-6,31
NFL,2003,TB,16,4,12,0,0.25,4,12,-8,32
NFL,2004,KC,16,12,4,0,0.75,12,4,8,1
NFL,2004,ARI,16,11,5,0,0.688,11,5,6,2
NFL,2004,CLE,16,11,5,0,0.688,11,5,6,3
NFL,2004,MIA,16,11,5,0,0.688,11,5,6,4
NFL,2004,NO,16,11,5,0,0.688,11,5,6,5
NFL,2004,NYG,16,11,5,0,0.688,11,5,6,6
NFL,2004,GB,16,10,6,0,0.625,10,6,4,7
NFL,2004,HOU,16,10,6,0,0.625,10,6,4,8
NFL,2004,BUF,16,9,7,0,0.562,9,7,2,9
NFL,2004,IND,16,9,7,0,0.562,9,7,2,10
NFL,2004,LV,16,9,7,0,0.562,9,7,2,11
NFL,2004,SF,16,9,7,0,0.562,9,7,2,12
NFL,2004,BAL,16,8,8,0,0.5,8,8,0,13
NFL,2004,CAR,16,8,8,0,0.5,8,8,0,14
NFL,2004,DET,16,8,8,0,0.5,8,8,0,15
NFL,2004,JAX,16,8,8,0,0.5,8,8,0,16
NFL,2004,LAC,16,8,8,0,0.5,8,8,0,17
NFL,2004,MIN,16,8,8,0,0.5,8,8,0,18
NFL,2004,NYJ,16,8,8,0,0.5,8,8,0,19
NFL,2004,PHI,16,8,8,0,0.5,8,8,0,20
NFL,2004,TB,16,8,8,0,0.5,8,8,0,21
NFL,2004,CHI,16,7,9,0,0.438,7,9,-2,22
NFL,2004,CIN,16,7,9,0,0.438,7,9,-2,23
NFL,2004,SEA,16,7,9,0,0.438,7,9,-2,24
NFL,2004,TEN,16,7,9,0,0.438,7,9,-2,25
NFL,2004,DAL,16,6,10,0,0.375,6,10,-4,26
NFL,2004,LAR,16,6,10,0,0.375,6,10,-4,27
NFL,2004,PIT,16,6,10,0,0.375,6,10,-4,28
NFL,2004,WAS,16,6,10,0,0.375,6,10,-4,29
NFL,2004,ATL,16,4,12,0,0.25,4,12,-8,30
NFL,2004,NE,16,3,13,0,0.188,3,13,-10,31
NFL,2004,DEN,16,2,14,0,0.125,2,14,-12,32
NFL,2005,DEN,16,11,5,0,0.688,11,5,6,1
NFL,2005,GB,16,11,5,0,0.688,11,5,6,2
NFL,2005,LAR,16,11,5,0,0.688,11,5,6,3
NFL,2005,NYJ,16,11,5,0,0.688,11,5,6,4
NFL,2005,PHI,16,11,5,0,0.688,11,5,6,5
NFL,2005,LAC,16,10,6,0,0.625,10,6,4,6
NFL,2005,NE,16,10,6,0,0.625,10,6,4,7
NFL,2005,SF,16,10,6,0,0.625,10,6,4,8
NFL,2005,CLE,16,9,7,0,0.562,9,7,2,9
NFL,2005,JAX,16,9,7,0,0.562,9,7,2,10
NFL,2005,PIT,16,9,7,0,0.562,9,7,2,11
NFL,2005,TB,16,9,7,0,0.562,9,7,2,12
NFL,2005,ARI,16,8,8,0,0.5,8,8,0,13
NFL,2005,ATL,16,8,8,0,0.5,8,8,0,14
NFL,2005,BUF,16,8,8,0,0.5,8,8,0,15
NFL,2005,CIN,16,8,8,0,0.5,8,8,0,16
NFL,2005,DAL,16,8,8,0,0.5,8,8,0,17
NFL,2005,DET,16,8,8,0,0.5,8,8,0,18
NFL,2005,IND,16,8,8,0,0.5,8,8,0,19
NFL,2005,KC,16,8,8,0,0.5,8,8,0,20
NFL,2005,MIN,16,8,8,0,0.5,8,8,0,21
NFL,2005,SEA,16,8,8,0,0.5,8,8,0,22
NFL,2005,TEN,16,8,8,0,0.5,8,8,0,23
NFL,2005,CAR,16,7,9,0,0.438,7,9,-2,24
NFL,2005,LV,16,7,9,0,0.438,7,9,-2,25
NFL,2005,CHI,16,6,10,0,0.375,6,10,-4,26
NFL,2005,NO,16,6,10,0,0.375,6,10,-4,27
NFL,2005,MIA,16,5,11,0,0.312,5,11,-6,28
NFL,2005,NYG,16,5,11,0,0.312,5,11,-6,29
NFL,2005,BAL,16,4,12,0,0.25,4,12,-8,30
NFL,2005,HOU,16,4,12,0,0.25,4,12,-8,31
NFL,2005,WAS,16,3,13,0,0.188,3,13,-10,32
NFL,2006,TB,16,13,3,0,0.812,13,3,10,1
NFL,2006,BAL,16,11,5,0,0.688,11,5,6,2
NFL,2006,WAS,16,11,5,0,0.688,11,5,6,3
NFL,2006,MIN,16,10,6,0,0.625,10,6,4,4
NFL,2006,TEN,16,10,6,0,0.625,10,6,4,5
NFL,2006,ARI,16,9,7,0,0.562,9,7,2,6
NFL,2006,CAR,16,9,7,0,0.562,9,7,2,7
NFL,2006,DEN,16,9,7,0,0.562,9,7,2,8
NFL,2006,HOU,16,9,7,0,0.562,9,7,2,9
NFL,2006,LAC,16,9,7,0,0.562,9,7,2,10
NFL,2006,NO,16,9,7,0,0.562,9,7,2,11
NFL,2006,NYJ,16,9,7,0,0.562,9,7,2,12
NFL,2006,BUF,16,8,8,0,0.5,8,8,0,13
NFL,2006,CHI,16,8,8,0,0.5,8,8,0,14
NFL,2006,CIN,16,8,8,0,0.5,8,8,0,15
NFL,2006,DAL,16,8,8,0,0.5,8,8,0,16
NFL,2006,IND,16,8,8,0,0.5,8,8,0,17
NFL,2006,JAX,16,8,8,0,0.5,8,8,0,18
NFL,2006,KC,16,8,8,0,0.5,8,8,0,19
NFL,2006,LAR,16,8,8,0,0.5,8,8,0,20
NFL,2006,NE,16,8,8,0,0.5,8,8,0,21
NFL,2006,CLE,16,7,9,0,0.438,7,9,-2,22
NFL,2006,GB,16,7,9,0,0.438,7,9,-2,23
NFL,2006,MIA,16,7,9,0,0.438,7,9,-2,24
NFL,2006,NYG,16,7,9,0,0.438,7,9,-2,25
NFL,2006,SEA,16,7,9,0,0.438,7,9,-2,26
NFL,2006,DET,16,6,10,0,0.375,6,10,-4,27
NFL,2006,LV,16,6,10,0,0.375,6,10,-4,28
NFL,2006,ATL,16,5,11,0,0.312,5,11,-6,29
NFL,2006,PIT,16,5,11,0,0.312,5,11,-6,30
NFL,2006,SF,16,5,11,0,0.312,5,11,-6,31
NFL,2006,PHI,16,4,12,0,0.25,4,12,-8,32
NFL,2007,DAL,16,12,4,0,0.75,12,4,8,1
NFL,2007,JAX,16,12,4,0,0.75,12,4,8,2
NFL,2007,CIN,16,10,6,0,0.625,10,6,4,3
NFL,2007,LAR,16,10,6,0,0.625,10,6,4,4
NFL,2007,LV,16,10,6,0,0.625,10,6,4,5
NFL,2007,MIA,16,10,6,0,0.625,10,6,4,6
NFL,2007,NYJ,16,10,6,0,0.625,10,6,4,7
NFL,2007,ATL,16,9,7,0,0.562,9,7,2,8
NFL,2007,BAL,16,9,7,0,0.562,9,7,2,9
NFL,2007,BUF,16,9,7,0,0.562,9,7,2,10
NFL,2007,CHI,16,9,7,0,0.562,9,7,2,11
NFL,2007,DEN,16,9,7,0,0.562,9,7,2,12
NFL,2007,LAC,16,9,7,0,0.562,9,7,2,13
NFL,2007,NYG,16,9,7,0,0.562,9,7,2,14
NFL,2007,PIT,16,9,7,0,0.562,9,7,2,15
NFL,2007,SEA,16,9,7,0,0.562,9,7,2,16
NFL,2007,TB,16,9,7,0,0.562,9,7,2,17
NFL,2007,DET,16,8,8,0,0.5,8,8,0,18
NFL,2007,PHI,16,8,8,0,0.5,8,8,0,19
NFL,2007,TEN,16,8,8,0,0.5,8,8,0,20
NFL,2007,ARI,16,7,9,0,0.438,7,9,-2,21
NFL,2007,CLE,16,7,9,0,0.438,7,9,-2,22
NFL,2007,GB,16,7,9,0,0.438,7,9,-2,23
NFL,2007,NO,16,7,9,0,0.438,7,9,-2,24
NFL,2007,HOU,16,6,10,0,0.375,6,10,-4,25
NFL,2007,CAR,16,5,11,0,0.312,5,11,-6,26
NFL,2007,IND,16,5,11,0,0.312,5,11,-6,27
NFL,2007,KC,16,5,11,0,0.312,5,11,-6,28
NFL,2007,MIN,16,5,11,0,0.312,5,11,-6,29
NFL,2007,NE,16,5,11,0,0.312,5,11,-6,30
NFL,2007,SF,16,5,11,0,0.312,5,11,-6,31
NFL,2007,WAS,16,4,12,0,0.25,4,12,-8,32
NFL,2008,CAR,16,12,4,0,0.75,12,4,8,1
NFL,2008,CIN,16,11,5,0,0.688,11,5,6,2
NFL,2008,DEN,16,10,6,0,0.625,10,6,4,3
NFL,2008,DET,16,10,6,0,0.625,10,6,4,4
NFL,2008,GB,16,10,6,0,0.625,10,6,4,5
NFL,2008,MIN,16,10,6,0,0.625,10,6,4,6
NFL,2008,NYG,16,10,6,0,0.625,10,6,4,7
NFL,2008,SF,16,10,6,0,0.625,10,6,4,8
NFL,2008,ARI,16,9,7,0,0.562,9,7,2,9
NFL,2008,CLE,16,9,7,0,0.562,9,7,2,10
NFL,2008,DAL,16,9,7,0,0.562,9,7,2,11
NFL,2008,LV,16,9,7,0,0.562,9,7,2,12
NFL,2008,NYJ,16,9,7,0,0.562,9,7,2,13
NFL,2008,TEN,16,9,7,0,0.562,9,7,2,14
NFL,2008,IND,16,8,8,0,0.5,8,8,0,15
NFL,2008,MIA,16,8,8,0,0.5,8,8,0,16
NFL,2008,NO,16,8,8,0,0.5,8,8,0,17
NFL,2008,TB,16,8,8,0,0.5,8,8,0,18
NFL,2008,BAL,16,7,9,0,0.438,7,9,-2,19
NFL,2008,JAX,16,7,9,0,0.438,7,9,-2,20
NFL,2008,LAC,16,7,9,0,0.438,7,9,-2,21
NFL,2008,NE,16,7,9,0,0.438,7,9,-2,22
NFL,2008,PIT,16,7,9,0,0.438,7,9,-2,23
NFL,2008,ATL,16,6,10,0,0.375,6,10,-4,24
NFL,2008,BUF,16,6,10,0,0.375,6,10,-4,25
NFL,2008,CHI,16,6,10,0,0.375,6,10,-4,26
NFL,2008,HOU,16,6,10,0,0.375,6,10,-4,27
NFL,2008,LAR,16,6,10,0,0.375,6,10,-4,28
NFL,2008,PHI,16,6,10,0,0.375,6,10,-4,29
NFL,2008,WAS,16,6,10,0,0.375,6,10,-4,30
NFL,2008,KC,16,5,11,0,0.312,5,11,-6,31
NFL,2008,SEA,16,5,11,0,0.312,5,11,-6,32
NFL,2009,NE,16,14,2,0,0.875,14,2,12,1
NFL,2009,ATL,16,10,6,0,0.625,10,6,4,2
NFL,2009,BAL,16,10,6,0,0.625,10,6,4,3
NFL,2009,CAR,16,10,6,0,0.625,10,6,4,4
NFL,2009,CHI,16,10,6,0,0.625,10,6,4,5
NFL,2009,GB,16,10,6,0,0.625,10,6,4,6
NFL,2009,PIT,16,10,6,0,0.625,10,6,4,7
NFL,2009,IND,16,9,7,0,0.562,9,7,2,8
NFL,2009,SF,16,9,7,0,0.562,9,7,2,9
NFL,2009,BUF,16,8,8,0,0.5,8,8,0,10
NFL,2009,CLE,16,8,8,0,0.5,8,8,0,11
NFL,2009,DAL,16,8,8,0,0.5,8,8,0,12
NFL,2009,DEN,16,8,8,0,0.5,8,8,0,13
NFL,2009,HOU,16,8,8,0,0.5,8,8,0,14
NFL,2009,JAX,16,8,8,0,0.5,8,8,0,15
NFL,2009,KC,16,8,8,0,0.5,8,8,0,16
NFL,2009,LV,16,8,8,0,0.5,8,8,0,17
NFL,2009,NYG,16,8,8,0,0.5,8,8,0,18
NFL,2009,TB,16,8,8,0,0.5,8,8,0,19
NFL,2009,CIN,16,7,9,0,0.438,7,9,-2,20
NFL,2009,DET,16,7,9,0,0.438,7,9,-2,21
NFL,2009,LAC,16,7,9,0,0.438,7,9,-2,22
NFL,2009,LAR,16,7,9,0,0.438,7,9,-2,23
NFL,2009,MIA,16,7,9,0,0.438,7,9,-2,24
NFL,2009,MIN,16,7,9,0,0.438,7,9,-2,25
NFL,2009,NYJ,16,7,9,0,0.438,7,9,-2,26
NFL,2009,PHI,16,7,9,0,0.438,7,9,-2,27
NFL,2009,WAS,16,7,9,0,0.438,7,9,-2,28
NFL,2009,SEA,16,6,10,0,0.375,6,10,-4,29
NFL,2009,ARI,16,5,11,0,0.312,5,11,-6,30
NFL,2009,NO,16,5,11,0,0.312,5,11,-6,31
NFL,2009,TEN,16,5,11,0,0.312,5,11,-6,32
NFL,2010,KC,16,13,3,0,0.812,13,3,10,1
NFL,2010,GB,16,11,5,0,0.688,11,5,6,2
NFL,2010,MIA,16,11,5,0,0.688,11,5,6,3
NFL,2010,CAR,16,10,6,0,0.625,10,6,4,4
NFL,2010,CLE,16,10,6,0,0.625,10,6,4,5
NFL,2010,LAC,16,10,6,0,0.625,10,6,4,6
NFL,2010,BUF,16,9,7,0,0.562,9,7,2,7
NFL,2010,DAL,16,9,7,0,0.562,9,7,2,8
NFL,2010,HOU,16,9,7,0,0.562,9,7,2,9
NFL,2010,MIN,16,9,7,0,0.562,9,7,2,10
NFL,2010,NE,16,9,7,0,0.562,9,7,2,11
NFL,2010,PHI,16,9,7,0,0.562,9,7,2,12
NFL,2010,SF,16,9,7,0,0.562,9,7,2,13
NFL,2010,WAS,16,9,7,0,0.562,9,7,2,14
NFL,2010,JAX,16,8,8,0,0.5,8,8,0,15
NFL,2010,LAR,16,8,8,0,0.5,8,8,0,16
NFL,2010,NYJ,16,8,8,0,0.5,8,8,0,17
NFL,2010,SEA,16,8,8,0,0.5,8,8,0,18
NFL,2010,TB,16,8,8,0,0.5,8,8,0,19
NFL,2010,ATL,16,7,9,0,0.438,7,9,-2,20
NFL,2010,CHI,16,7,9,0,0.438,7,9,-2,21
NFL,2010,DEN,16,7,9,0,0.438,7,9,-2,22
NFL,2010,NYG,16,7,9,0,0.438,7,9,-2,23
NFL,2010,PIT,16,7,9,0,0.438,7,9,-2,24
NFL,2010,ARI,16,6,10,0,0.375,6,10,-4,25
NFL,2010,BAL,16,6,10,0,0.375,6,10,-4,26
NFL,2010,DET,16,6,10,0,0.375,6,10,-4,27
NFL,2010,LV,16,6,10,0,0.375,6,10,-4,28
NFL,2010,NO,16,6,10,0,0.375,6,10,-4,29
NFL,2010,CIN,16,5,11,0,0.312,5,11,-6,30
NFL,2010,TEN,16,5,11,0,0.312,5,11,-6,31
NFL,2010,IND,16,4,12,0,0.25,4,12,-8,32
NFL,2011,KC,16,13,3,0,0.812,13,3,10,1
NFL,2011,DET,16,11,5,0,0.688,11,5,6,2
NFL,2011,JAX,16,11,5,0,0.688,11,5,6,3
NFL,2011,DAL,16,10,6,0,0.625,10,6,4,4
NFL,2011,DEN,16,10,6,0,0.625,10,6,4,5
NFL,2011,LAR,16,10,6,0,0.625,10,6,4,6
NFL,2011,BUF,16,9,7,0,0.562,9,7,2,7
NFL,2011,CHI,16,9,7,0,0.562,9,7,2,8
NFL,2011,IND,16,9,7,0,0.562,9,7,2,9
NFL,2011,NE,16,9,7,0,0.562,9,7,2,10
NFL,2011,SF,16,9,7,0,0.562,9,7,2,11
NFL,2011,TEN,16,9,7,0,0.562,9,7,2,12
NFL,2011,BAL,16,8,8,0,0.5,8,8,0,13
NFL,2011,GB,16,8,8,0,0.5,8,8,0,14
NFL,2011,LV,16,8,8,0,0.5,8,8,0,15
NFL,2011,MIN,16,8,8,0,0.5,8,8,0,16
NFL,2011,SEA,16,8,8,0,0.5,8,8,0,17
NFL,2011,TB,16,8,8,0,0.5,8,8,0,18
NFL,2011,WAS,16,8,8,0,0.5,8,8,0,19
NFL,2011,CIN,16,7,9,0,0.438,7,9,-2,20
NFL,2011,NO,16,7,9,0,0.438,7,9,-2,21
NFL,2011,NYG,16,7,9,0,0.438,7,9,-2,22
NFL,2011,PHI,16,7,9,0,0.438,7,9,-2,23
NFL,2011,PIT,16,7,9,0,0.438,7,9,-2,24
NFL,2011,ATL,16,6,10,0,0.375,6,10,-4,25
NFL,2011,CAR,16,6,10,0,0.375,6,10,-4,26
NFL,2011,CLE,16,6,10,0,0.375,6,10,-4,27
NFL,2011,HOU,16,6,10,0,0.375,6,10,-4,28
NFL,2011,LAC,16,6,10,0,0.375,6,10,-4,29
NFL,2011,NYJ,16,6,10,0,0.375,6,10,-4,30
NFL,2011,ARI,16,5,11,0,0.312,5,11,-6,31
NFL,2011,MIA,16,5,11,0,0.312,5,11,-6,32
NFL,2012,KC,16,14,2,0,0.875,14,2,12,1
NFL,2012,LAR,16,12,4,0,0.75,12,4,8,2
NFL,2012,ATL,16,11,5,0,0.688,11,5,6,3
NFL,2012,BAL,16,10,6,0,0.625,10,6,4,4
NFL,2012,CLE,16,10,6,0,0.625,10,6,4,5
NFL,2012,HOU,16,10,6,0,0.625,10,6,4,6
NFL,2012,CHI,16,9,7,0,0.562,9,7,2,7
NFL,2012,DEN,16,9,7,0,0.562,9,7,2,8
NFL,2012,GB,16,9,7,0,0.562,9,7,2,9
NFL,2012,MIA,16,9,7,0,0.562,9,7,2,10
NFL,2012,NE,16,9,7,0,0.562,9,7,2,11
NFL,2012,ARI,16,8,8,0,0.5,8,8,0,12
NFL,2012,DAL,16,8,8,0,0.5,8,8,0,13
NFL,2012,JAX,16,8,8,0,0.5,8,8,0,14
NFL,2012,LV,16,8,8,0,0.5,8,8,0,15
NFL,2012,MIN,16,8,8,0,0.5,8,8,0,16
NFL,2012,NYJ,16,8,8,0,0.5,8,8,0,17
NFL,2012,PHI,16,8,8,0,0.5,8,8,0,18
NFL,2012,SEA,16,8,8,0,0.5,8,8,0,19
NFL,2012,TB,16,8,8,0,0.5,8,8,0,20
NFL,2012,BUF,16,7,9,0,0.438,7,9,-2,21
NFL,2012,CIN,16,7,9,0,0.438,7,9,-2,22
NFL,2012,DET,16,7,9,0,0.438,7,9,-2,23
NFL,2012,NO,16,7,9,0,0.438,7,9,-2,24
NFL,2012,WAS,16,7,9,0,0.438,7,9,-2,25
NFL,2012,LAC,16,6,10,0,0.375,6,10,-4,26
NFL,2012,NYG,16,6,10,0,0.375,6,10,-4,27
NFL,2012,SF,16,6,10,0,0.375,6,10,-4,28
NFL,2012,TEN,16,6,10,0,0.375,6,10,-4,29
NFL,2012,CAR,16,5,11,0,0.312,5,11,-6,30
NFL,2012,PIT,16,5,11,0,0.312,5,11,-6,31
NFL,2012,IND,16,3,13,0,0.188,3,13,-10,32
NFL,2013,BAL,16,11,5,0,0.688,11,5,6,1
NFL,2013,NO,16,11,5,0,0.688,11,5,6,2
NFL,2013,TEN,16,11,5,0,0.688,11,5,6,3
NFL,2013,CAR,16,10,6,0,0.625,10,6,4,4
NFL,2013,KC,16,10,6,0,0.625,10,6,4,5
NFL,2013,LV,16,10,6,0,0.625,10,6,4,6
NFL,2013,PHI,16,10,6,0,0.625,10,6,4,7
NFL,2013,ATL,16,9,7,0,0.562,9,7,2,8
NFL,2013,DEN,16,9,7,0,0.562,9,7,2,9
NFL,2013,HOU,16,9,7,0,0.562,9,7,2,10
NFL,2013,IND,16,9,7,0,0.562,9,7,2,11
NFL,2013,NYG,16,9,7,0,0.562,9,7,2,12
NFL,2013,NYJ,16,9,7,0,0.562,9,7,2,13
NFL,2013,PIT,16,9,7,0,0.562,9,7,2,14
NFL,2013,CLE,16,8,8,0,0.5,8,8,0,15
NFL,2013,GB,16,8,8,0,0.5,8,8,0,16
NFL,2013,MIN,16,8,8,0,0.5,8,8,0,17
NFL,2013,NE,16,8,8,0,0.5,8,8,0,18
NFL,2013,SEA,16,8,8,0,0.5,8,8,0,19
NFL,2013,TB,16,8,8,0,0.5,8,8,0,20
NFL,2013,ARI,16,7,9,0,0.438,7,9,-2,21
NFL,2013,DET,16,7,9,0,0.438,7,9,-2,22
NFL,2013,JAX,16,7,9,0,0.438,7,9,-2,23
NFL,2013,MIA,16,7,9,0,0.438,7,9,-2,24
NFL,2013,SF,16,7,9,0,0.438,7,9,-2,25
NFL,2013,WAS,16,7,9,0,0.438,7,9,-2,26
NFL,2013,BUF,16,6,10,0,0.375,6,10,-4,27
NFL,2013,CIN,16,6,10,0,0.375,6,10,-4,28
NFL,2013,LAC,16,6,10,0,0.375,6,10,-4,29
NFL,2013,CHI,16,4,12,0,0.25,4,12,-8,30
NFL,2013,DAL,16,4,12,0,0.25,4,12,-8,31
NFL,2013,LAR,16,4,12,0,0.25,4,12,-8,32
NFL,2014,CLE,16,15,1,0,0.938,15,1,14,1
NFL,2014,IND,16,11,5,0,0.688,11,5,6,2
NFL,2014,LAC,16,11,5,0,0.688,11,5,6,3
NFL,2014,CAR,16,10,6,0,0.625,10,6,4,4
NFL,2014,DAL,16,10,6,0,0.625,10,6,4,5
NFL,2014,GB,16,10,6,0,0.625,10,6,4,6
NFL,2014,ARI,16,9,7,0,0.562,9,7,2,7
NFL,2014,CHI,16,9,7,0,0.562,9,7,2,8
NFL,2014,DET,16,9,7,0,0.562,9,7,2,9
NFL,2014,JAX,16,9,7,0,0.562,9,7,2,10
NFL,2014,KC,16,9,7,0,0.562,9,7,2,11
NFL,2014,MIA,16,9,7,0,0.562,9,7,2,12
NFL,2014,MIN,16,9,7,0,0.562,9,7,2,13
NFL,2014,SEA,16,9,7,0,0.562,9,7,2,14
NFL,2014,DEN,16,8,8,0,0.5,8,8,0,15
NFL,2014,HOU,16,8,8,0,0.5,8,8,0,16
NFL,2014,LV,16,8,8,0,0.5,8,8,0,17
NFL,2014,NE,16,8,8,0,0.5,8,8,0,18
NFL,2014,NYG,16,8,8,0,0.5,8,8,0,19
NFL,2014,PIT,16,8,8,0,0.5,8,8,0,20
NFL,2014,TB,16,8,8,0,0.5,8,8,0,21
NFL,2014,NO,16,7,9,0,0.438,7,9,-2,22
NFL,2014,SF,16,7,9,0,0.438,7,9,-2,23
NFL,2014,WAS,16,7,9,0,0.438,7,9,-2,24
NFL,2014,ATL,16,6,10,0,0.375,6,10,-4,25
NFL,2014,BAL,16,6,10,0,0.375,6,10,-4,26
NFL,2014,BUF,16,6,10,0,0.375,6,10,-4,27
NFL,2014,NYJ,16,6,10,0,0.375,6,10,-4,28
NFL,2014,PHI,16,6,10,0,0.375,6,10,-4,29
NFL,2014,TEN,16,4,12,0,0.25,4,12,-8,30
NFL,2014,CIN,16,3,13,0,0.188,3,13,-10,31
NFL,2014,LAR,16,3,13,0,0.188,3,13,-10,32
NFL,2015,SF,16,12,4,0,0.75,12,4,8,1
NFL,2015,TB,16,12,4,0,0.75,12,4,8,2
NFL,2015,HOU,16,10,6,0,0.625,10,6,4,3
NFL,2015,PHI,16,10,6,0,0.625,10,6,4,4
NFL,2015,WAS,16,10,6,0,0.625,10,6,4,5
NFL,2015,ARI,16,9,7,0,0.562,9,7,2,6
NFL,2015,IND,16,9,7,0,0.562,9,7,2,7
NFL,2015,JAX,16,9,7,0,0.562,9,7,2,8
NFL,2015,KC,16,9,7,0,0.562,9,7,2,9
NFL,2015,LAR,16,9,7,0,0.562,9,7,2,10
NFL,2015,MIN,16,9,7,0,0.562,9,7,2,11
NFL,2015,NE,16,9,7,0,0.562,9,7,2,12
NFL,2015,PIT,16,9,7,0,0.562,9,7,2,13
NFL,2015,SEA,16,9,7,0,0.562,9,7,2,14
NFL,2015,BUF,16,8,8,0,0.5,8,8,0,15
NFL,2015,DEN,16,8,8,0,0.5,8,8,0,16
NFL,2015,DET,16,8,8,0,0.5,8,8,0,17
NFL,2015,LAC,16,8,8,0,0.5,8,8,0,18
NFL,2015,LV,16,8,8,0,0.5,8,8,0,19
NFL,2015,NO,16,8,8,0,0.5,8,8,0,20
NFL,2015,NYJ,16,8,8,0,0.5,8,8,0,21
NFL,2015,ATL,16,7,9,0,0.438,7,9,-2,22
NFL,2015,CAR,16,7,9,0,0.438,7,9,-2,23
NFL,2015,NYG,16,7,9,0,0.438,7,9,-2,24
NFL,2015,TEN,16,7,9,0,0.438,7,9,-2,25
NFL,2015,CHI,16,6,10,0,0.375,6,10,-4,26
NFL,2015,CLE,16,6,10,0,0.375,6,10,-4,27
NFL,2015,DAL,16,6,10,0,0.375,6,10,-4,28
NFL,2015,BAL,16,5,11,0,0.312,5,11,-6,29
NFL,2015,CIN,16,5,11,0,0.312,5,11,-6,30
NFL,2015,GB,16,5,11,0,0.312,5,11,-6,31
NFL,2015,MIA,16,4,12,0,0.25,4,12,-8,32
NFL,2016,TB,16,12,4,0,0.75,12,4,8,1
NFL,2016,NYG,16,11,5,0,0.688,11,5,6,2
NFL,2016,BAL,16,10,6,0,0.625,10,6,4,3
NFL,2016,BUF,16,10,6,0,0.625,10,6,4,4
NFL,2016,JAX,16,10,6,0,0.625,10,6,4,5
NFL,2016,MIA,16,10,6,0,0.625,10,6,4,6
NFL,2016,NE,16,10,6,0,0.625,10,6,4,7
NFL,2016,PIT,16,10,6,0,0.625,10,6,4,8
NFL,2016,DAL,16,9,7,0,0.562,9,7,2,9
NFL,2016,GB,16,9,7,0,0.562,9,7,2,10
NFL,2016,KC,16,9,7,0,0.562,9,7,2,11
NFL,2016,PHI,16,9,7,0,0.562,9,7,2,12
NFL,2016,TEN,16,9,7,0,0.562,9,7,2,13
NFL,2016,WAS,16,9,7,0,0.562,9,7,2,14
NFL,2016,DEN,16,8,8,0,0.5,8,8,0,15
NFL,2016,LAC,16,8,8,0,0.5,8,8,0,16
NFL,2016,MIN,16,8,8,0,0.5,8,8,0,17
NFL,2016,NO,16,8,8,0,0.5,8,8,0,18
NFL,2016,SEA,16,8,8,0,0.5,8,8,0,19
NFL,2016,ATL,16,7,9,0,0.438,7,9,-2,20
NFL,2016,CHI,16,7,9,0,0.438,7,9,-2,21
NFL,2016,DET,16,7,9,0,0.438,7,9,-2,22
NFL,2016,HOU,16,7,9,0,0.438,7,9,-2,23
NFL,2016,LV,16,7,9,0,0.438,7,9,-2,24
NFL,2016,NYJ,16,7,9,0,0.438,7,9,-2,25
NFL,2016,SF,16,7,9,0,0.438,7,9,-2,26
NFL,2016,ARI,16,6,10,0,0.375,6,10,-4,27
NFL,2016,CAR,16,6,10,0,0.375,6,10,-4,28
NFL,2016,CLE,16,6,10,0,0.375,6,10,-4,29
NFL,2016,IND,16,5,11,0,0.312,5,11,-6,30
NFL,2016,CIN,16,4,12,0,0.25,4,12,-8,31
NFL,2016,LAR,16,3,13,0,0.188,3,13,-10,32
NFL,2017,ARI,16,13,3,0,0.812,13,3,10,1
NFL,2017,CLE,16,11,5,0,0.688,11,5,6,2
NFL,2017,CAR,16,10,6,0,0.625,10,6,4,3
NFL,2017,TEN,16,10,6,0,0.625,10,6,4,4
NFL,2017,BUF,16,9,7,0,0.562,9,7,2,5
NFL,2017,CHI,16,9,7,0,0.562,9,7,2,6
NFL,2017,CIN,16,9,7,0,0.562,9,7,2,7
NFL,2017,GB,16,9,7,0,0.562,9,7,2,8
NFL,2017,IND,16,9,7,0,0.562,9,7,2,9
NFL,2017,JAX,16,9,7,0,0.562,9,7,2,10
NFL,2017,LAR,16,9,7,0,0.562,9,7,2,11
NFL,2017,LV,16,9,7,0,0.562,9,7,2,12
NFL,2017,NE,16,9,7,0,0.562,9,7,2,13
NFL,2017,NO,16,9,7,0,0.562,9,7,2,14
NFL,2017,PHI,16,9,7,0,0.562,9,7,2,15
NFL,2017,DAL,16,8,8,0,0.5,8,8,0,16
NFL,2017,DEN,16,8,8,0,0.5,8,8,0,17
NFL,2017,MIN,16,8,8,0,0.5,8,8,0,18
NFL,2017,NYG,16,8,8,0,0.5,8,8,0,19
NFL,2017,SF,16,8,8,0,0.5,8,8,0,20
NFL,2017,TB,16,8,8,0,0.5,8,8,0,21
NFL,2017,ATL,16,7,9,0,0.438,7,9,-2,22
NFL,2017,KC,16,7,9,0,0.438,7,9,-2,23
NFL,2017,MIA,16,7,9,0,0.438,7,9,-2,24
NFL,2017,DET,16,6,10,0,0.375,6,10,-4,25
NFL,2017,HOU,16,6,10,0,0.375,6,10,-4,26
NFL,2017,LAC,16,6,10,0,0.375,6,10,-4,27
NFL,2017,PIT,16,6,10,0,0.375,6,10,-4,28
NFL,2017,SEA,16,6,10,0,0.375,6,10,-4,29
NFL,2017,NYJ,16,5,11,0,0.312,5,11,-6,30
NFL,2017,WAS,16,5,11,0,0.312,5,11,-6,31
NFL,2017,BAL,16,4,12,0,0.25,4,12,-8,32
NFL,2018,HOU,16,14,2,0,0.875,14,2,12,1
NFL,2018,GB,16,12,4,0,0.75,12,4,8,2
NFL,2018,CLE,16,11,5,0,0.688,11,5,6,3
NFL,2018,BAL,16,10,6,0,0.625,10,6,4,4
NFL,2018,BUF,16,10,6,0,0.625,10,6,4,5
NFL,2018,MIA,16,10,6,0,0.625,10,6,4,6
NFL,2018,MIN,16,10,6,0,0.625,10,6,4,7
NFL,2018,NYG,16,10,6,0,0.625,10,6,4,8
NFL,2018,KC,16,9,7,0,0.562,9,7,2,9
NFL,2018,PIT,16,9,7,0,0.562,9,7,2,10
NFL,2018,SF,16,9,7,0,0.562,9,7,2,11
NFL,2018,CAR,16,8,8,0,0.5,8,8,0,12
NFL,2018,DEN,16,8,8,0,0.5,8,8,0,13
NFL,2018,JAX,16,8,8,0,0.5,8,8,0,14
NFL,2018,LAR,16,8,8,0,0.5,8,8,0,15
NFL,2018,NYJ,16,8,8,0,0.5,8,8,0,16
NFL,2018,PHI,16,8,8,0,0.5,8,8,0,17
NFL,2018,TB,16,8,8,0,0.5,8,8,0,18
NFL,2018,WAS,16,8,8,0,0.5,8,8,0,19
NFL,2018,DAL,16,7,9,0,0.438,7,9,-2,20
NFL,2018,DET,16,7,9,0,0.438,7,9,-2,21
NFL,2018,IND,16,7,9,0,0.438,7,9,-2,22
NFL,2018,LAC,16,7,9,0,0.438,7,9,-2,23
NFL,2018,LV,16,7,9,0,0.438,7,9,-2,24
NFL,2018,SEA,16,7,9,0,0.438,7,9,-2,25
NFL,2018,ATL,16,6,10,0,0.375,6,10,-4,26
NFL,2018,CHI,16,6,10,0,0.375,6,10,-4,27
NFL,2018,NE,16,6,10,0,0.375,6,10,-4,28
NFL,2018,NO,16,6,10,0,0.375,6,10,-4,29
NFL,2018,CIN,16,5,11,0,0.312,5,11,-6,30
NFL,2018,ARI,16,4,12,0,0.25,4,12,-8,31
NFL,2018,TEN,16,3,13,0,0.188,3,13,-10,32
NFL,2019,ATL,16,11,5,0,0.688,11,5,6,1
NFL,2019,CLE,16,11,5,0,0.688,11,5,6,2
NFL,2019,KC,16,11,5,0,0.688,11,5,6,3
NFL,2019,MIA,16,11,5,0,0.688,11,5,6,4
NFL,2019,NO,16,11,5,0,0.688,11,5,6,5
NFL,2019,SEA,16,10,6,0,0.625,10,6,4,6
NFL,2019,WAS,16,10,6,0,0.625,10,6,4,7
NFL,2019,BUF,16,9,7,0,0.562,9,7,2,8
NFL,2019,CHI,16,9,7,0,0.562,9,7,2,9
NFL,2019,CIN,16,9,7,0,0.562,9,7,2,10
NFL,2019,DEN,16,9,7,0,0.562,9,7,2,11
NFL,2019,DET,16,9,7,0,0.562,9,7,2,12
NFL,2019,NYG,16,9,7,0,0.562,9,7,2,13
NFL,2019,PHI,16,9,7,0,0.562,9,7,2,14
NFL,2019,PIT,16,9,7,0,0.562,9,7,2,15
NFL,2019,TEN,16,9,7,0,0.562,9,7,2,16
NFL,2019,HOU,16,8,8,0,0.5,8,8,0,17
NFL,2019,LV,16,8,8,0,0.5,8,8,0,18
NFL,2019,CAR,16,7,9,0,0.438,7,9,-2,19
NFL,2019,GB,16,7,9,0,0.438,7,9,-2,20
NFL,2019,LAC,16,7,9,0,0.438,7,9,-2,21
NFL,2019,MIN,16,7,9,0,0.438,7,9,-2,22
NFL,2019,NYJ,16,7,9,0,0.438,7,9,-2,23
NFL,2019,SF,16,7,9,0,0.438,7,9,-2,24
NFL,2019,TB,16,7,9,0,0.438,7,9,-2,25
NFL,2019,ARI,16,6,10,0,0.375,6,10,-4,26
NFL,2019,BAL,16,6,10,0,0.375,6,10,-4,27
NFL,2019,IND,16,5,11,0,0.312,5,11,-6,28
NFL,2019,JAX,16,5,11,0,0.312,5,11,-6,29
NFL,2019,NE,16,5,11,0,0.312,5,11,-6,30
NFL,2019,DAL,16,4,12,0,0.25,4,12,-8,31
NFL,2019,LAR,16,4,12,0,0.25,4,12,-8,32
NFL,2020,WAS,16,13,3,0,0.812,13,3,10,1
NFL,2020,DET,16,12,4,0,0.75,12,4,8,2
NFL,2020,ARI,16,11,5,0,0.688,11,5,6,3
NFL,2020,LAC,16,11,5,0,0.688,11,5,6,4
NFL,2020,TB,16,11,5,0,0.688,11,5,6,5
NFL,2020,ATL,16,10,6,0,0.625,10,6,4,6
NFL,2020,BUF,16,10,6,0,0.625,10,6,4,7
NFL,2020,CLE,16,10,6,0,0.625,10,6,4,8
NFL,2020,DAL,16,10,6,0,0.625,10,6,4,9
NFL,2020,DEN,16,9,7,0,0.562,9,7,2,10
NFL,2020,HOU,16,9,7,0,0.562,9,7,2,11
NFL,2020,JAX,16,9,7,0,0.562,9,7,2,12
NFL,2020,LAR,16,9,7,0,0.562,9,7,2,13
NFL,2020,MIA,16,9,7,0,0.562,9,7,2,14
NFL,2020,CAR,16,8,8,0,0.5,8,8,0,15
NFL,2020,CIN,16,8,8,0,0.5,8,8,0,16
NFL,2020,SEA,16,8,8,0,0.5,8,8,0,17
NFL,2020,KC,16,7,9,0,0.438,7,9,-2,18
NFL,2020,LV,16,7,9,0,0.438,7,9,-2,19
NFL,2020,NYJ,16,7,9,0,0.438,7,9,-2,20
NFL,2020,SF,16,7,9,0,0.438,7,9,-2,21
NFL,2020,TEN,16,7,9,0,0.438,7,9,-2,22
NFL,2020,GB,16,6,10,0,0.375,6,10,-4,23
NFL,2020,IND,16,6,10,0,0.375,6,10,-4,24
NFL,2020,MIN,16,6,10,0,0.375,6,10,-4,25
NFL,2020,PIT,16,6,10,0,0.375,6,10,-4,26
NFL,2020,BAL,16,5,11,0,0.312,5,11,-6,27
NFL,2020,CHI,16,5,11,0,0.312,5,11,-6,28
NFL,2020,NE,16,5,11,0,0.312,5,11,-6,29
NFL,2020,NO,16,5,11,0,0.312,5,11,-6,30
NFL,2020,NYG,16,5,11,0,0.312,5,11,-6,31
NFL,2020,PHI,16,5,11,0,0.312,5,11,-6,32
NFL,2021,DET,17,15,2,0,0.882,15,2,13,1
NFL,2021,IND,17,12,5,0,0.706,12,5,7,2
NFL,2021,HOU,17,11,6,0,0.647,11,6,5,3
NFL,2021,NO,17,11,6,0,0.647,11,6,5,4
NFL,2021,NYJ,17,11,6,0,0.647,11,6,5,5
NFL,2021,WAS,17,11,6,0,0.647,11,6,5,6
NFL,2021,BAL,17,10,7,0,0.588,10,7,3,7
NFL,2021,LAR,17,10,7,0,0.588,10,7,3,8
NFL,2021,MIN,17,10,7,0,0.588,10,7,3,9
NFL,2021,SEA,17,10,7,0,0.588,10,7,3,10
NFL,2021,CHI,17,9,8,0,0.529,9,8,1,11
NFL,2021,CLE,17,9,8,0,0.529,9,8,1,12
NFL,2021,DAL,17,9,8,0,0.529,9,8,1,13
NFL,2021,MIA,17,9,8,0,0.529,9,8,1,14
NFL,2021,NE,17,9,8,0,0.529,9,8,1,15
NFL,2021,NYG,17,9,8,0,0.529,9,8,1,16
NFL,2021,TEN,17,9,8,0,0.529,9,8,1,17
NFL,2021,ATL,17,8,9,0,0.471,8,9,-1,18
NFL,2021,PHI,17,8,9,0,0.471,8,9,-1,19
NFL,2021,SF,17,8,9,0,0.471,8,9,-1,20
NFL,2021,ARI,17,7,10,0,0.412,7,10,-3,21
NFL,2021,BUF,17,7,10,0,0.412,7,10,-3,22
NFL,2021,CAR,17,7,10,0,0.412,7,10,-3,23
NFL,2021,CIN,17,7,10,0,0.412,7,10,-3,24
NFL,2021,KC,17,7,10,0,0.412,7,10,-3,25
NFL,2021,PIT,17,7,10,0,0.412,7,10,-3,26
NFL,2021,DEN,17,6,11,0,0.353,6,11,-5,27
NFL,2021,GB,17,6,11,0,0.353,6,11,-5,28
NFL,2021,LV,17,6,11,0,0.353,6,11,-5,29
NFL,2021,JAX,17,5,12,0,0.294,5,12,-7,30
NFL,2021,TB,17,5,12,0,0.294,5,12,-7,31
NFL,2021,LAC,17,4,13,0,0.235,4,13,-9,32
NFL,2022,LAR,17,14,3,0,0.824,14,3,11,1
NFL,2022,NYJ,17,14,3,0,0.824,14,3,11,2
NFL,2022,IND,17,13,4,0,0.765,13,4,9,3
NFL,2022,PIT,17,11,6,0,0.647,11,6,5,4
NFL,2022,ARI,17,10,7,0,0.588,10,7,3,5
NFL,2022,CAR,17,10,7,0,0.588,10,7,3,6
NFL,2022,LV,17,10,7,0,0.588,10,7,3,7
NFL,2022,MIN,17,10,7,0,0.588,10,7,3,8
NFL,2022,NYG,17,10,7,0,0.588,10,7,3,9
NFL,2022,PHI,17,10,7,0,0.588,10,7,3,10
NFL,2022,CHI,17,9,8,0,0.529,9,8,1,11
NFL,2022,JAX,17,9,8,0,0.529,9,8,1,12
NFL,2022,LAC,17,9,8,0,0.529,9,8,1,13
NFL,2022,NO,17,9,8,0,0.529,9,8,1,14
NFL,2022,BAL,17,8,9,0,0.471,8,9,-1,15
NFL,2022,CLE,17,8,9,0,0.471,8,9,-1,16
NFL,2022,DAL,17,8,9,0,0.471,8,9,-1,17
NFL,2022,NE,17,8,9,0,0.471,8,9,-1,18
NFL,2022,TB,17,8,9,0,0.471,8,9,-1,19
NFL,2022,TEN,17,8,9,0,0.471,8,9,-1,20
NFL,2022,WAS,17,8,9,0,0.471,8,9,-1,21
NFL,2022,BUF,16,7,9,0,0.438,7,9,-2,22
NFL,2022,GB,17,7,10,0,0.412,7,10,-3,23
NFL,2022,KC,17,7,10,0,0.412,7,10,-3,24
NFL,2022,MIA,17,7,10,0,0.412,7,10,-3,25
NFL,2022,SF,17,7,10,0,0.412,7,10,-3,26
NFL,2022,HOU,17,6,11,0,0.353,6,11,-5,27
NFL,2022,SEA,17,6,11,0,0.353,6,11,-5,28
NFL,2022,CIN,16,5,11,0,0.312,5,11,-6,29
NFL,2022,ATL,17,5,12,0,0.294,5,12,-7,30
NFL,2022,DEN,17,5,12,0,0.294,5,12,-7,31
NFL,2022,DET,17,5,12,0,0.294,5,12,-7,32
NFL,2023,MIN,17,12,5,0,0.706,12,5,7,1
NFL,2023,CLE,17,11,6,0,0.647,11,6,5,2
NFL,2023,LAR,17,11,6,0,0.647,11,6,5,3
NFL,2023,NYJ,17,11,6,0,0.647,11,6,5,4
NFL,2023,DAL,17,10,7,0,0.588,10,7,3,5
NFL,2023,IND,17,10,7,0,0.588,10,7,3,6
NFL,2023,TB,17,10,7,0,0.588,10,7,3,7
NFL,2023,BAL,17,9,8,0,0.529,9,8,1,8
NFL,2023,CAR,17,9,8,0,0.529,9,8,1,9
NFL,2023,DEN,17,9,8,0,0.529,9,8,1,10
NFL,2023,HOU,17,9,8,0,0.529,9,8,1,11
NFL,2023,JAX,17,9,8,0,0.529,9,8,1,12
NFL,2023,LV,17,9,8,0,0.529,9,8,1,13
NFL,2023,MIA,17,9,8,0,0.529,9,8,1,14
NFL,2023,NE,17,9,8,0,0.529,9,8,1,15
NFL,2023,PHI,17,9,8,0,0.529,9,8,1,16
NFL,2023,SEA,17,9,8,0,0.529,9,8,1,17
NFL,2023,WAS,17,9,8,0,0.529,9,8,1,18
NFL,2023,ATL,17,8,9,0,0.471,8,9,-1,19
NFL,2023,BUF,17,8,9,0,0.471,8,9,-1,20
NFL,2023,CIN,17,8,9,0,0.471,8,9,-1,21
NFL,2023,DET,17,8,9,0,0.471,8,9,-1,22
NFL,2023,NYG,17,8,9,0,0.471,8,9,-1,23
NFL,2023,SF,17,8,9,0,0.471,8,9,-1,24
NFL,2023,TEN,17,8,9,0,0.471,8,9,-1,25
NFL,2023,ARI,17,7,10,0,0.412,7,10,-3,26
NFL,2023,CHI,17,7,10,0,0.412,7,10,-3,27
NFL,2023,GB,17,7,10,0,0.412,7,10,-3,28
NFL,2023,NO,17,7,10,0,0.412,7,10,-3,29
NFL,2023,LAC,17,5,12,0,0.294,5,12,-7,30
NFL,2023,PIT,17,5,12,0,0.294,5,12,-7,31
NFL,2023,KC,17,4,13,0,0.235,4,13,-9,32
NFL,2024,ATL,17,14,3,0,0.824,14,3,11,1
NFL,2024,BUF,17,13,4,0,0.765,13,4,9,2
NFL,2024,IND,17,12,5,0,0.706,12,5,7,3
NFL,2024,MIN,17,12,5,0,0.706,12,5,7,4
NFL,2024,BAL,17,11,6,0,0.647,11,6,5,5
NFL,2024,CLE,17,11,6,0,0.647,11,6,5,6
NFL,2024,LAR,17,11,6,0,0.647,11,6,5,7
NFL,2024,PHI,17,11,6,0,0.647,11,6,5,8
NFL,2024,WAS,17,11,6,0,0.647,11,6,5,9
NFL,2024,JAX,17,10,7,0,0.588,10,7,3,10
NFL,2024,NYJ,17,10,7,0,0.588,10,7,3,11
NFL,2024,ARI,17,9,8,0,0.529,9,8,1,12
NFL,2024,CAR,17,9,8,0,0.529,9,8,1,13
NFL,2024,CHI,17,9,8,0,0.529,9,8,1,14
NFL,2024,CIN,17,9,8,0,0.529,9,8,1,15
NFL,2024,SEA,17,9,8,0,0.529,9,8,1,16
NFL,2024,SF,17,9,8,0,0.529,9,8,1,17
NFL,2024,LAC,17,8,9,0,0.471,8,9,-1,18
NFL,2024,MIA,17,8,9,0,0.471,8,9,-1,19
NFL,2024,NYG,17,8,9,0,0.471,8,9,-1,20
NFL,2024,PIT,17,7,10,0,0.412,7,10,-3,21
NFL,2024,TB,17,7,10,0,0.412,7,10,-3,22
NFL,2024,TEN,17,7,10,0,0.412,7,10,-3,23
NFL,2024,DEN,17,6,11,0,0.353,6,11,-5,24
NFL,2024,GB,17,6,11,0,0.353,6,11,-5,25
NFL,2024,HOU,17,6,11,0,0.353,6,11,-5,26
NFL,2024,KC,17,6,11,0,0.353,6,11,-5,27
NFL,2024,DAL,17,5,12,0,0.294,5,12,-7,28
NFL,2024,NE,17,5,12,0,0.294,5,12,-7,29
NFL,2024,NO,17,5,12,0,0.294,5,12,-7,30
NFL,2024,DET,17,4,13,0,0.235,4,13,-9,31
NFL,2024,LV,17,4,13,0,0.235,4,13,-9,32
